rain[mm]	temperature[°C]	irradiance[μmol/s/m2]	day_length[h]	PET[mm]	co2[ppm]
0.9	10.1	87.0	10.2	2.7	403.8
0.1	13.0	171.5	10.2	3.7	403.8
0.1	14.6	192.7	10.2	4.4	403.8
3.5	14.6	96.8	10.3	4.1	403.8
0.2	6.3	266.9	10.3	3.4	403.8
0.0	1.7	105.8	10.3	2.2	403.8
0.0	2.9	287.2	10.3	2.9	403.8
0.0	6.3	290.0	10.3	3.4	403.8
11.3	12.0	246.0	10.3	4.3	403.8
9.6	6.9	32.9	10.3	4.0	403.8
0.0	5.0	297.9	10.3	2.9	403.8
0.0	4.7	295.6	10.4	3.1	403.8
0.3	4.9	197.7	10.4	2.9	403.8
0.0	1.0	257.6	10.4	2.2	403.8
0.0	4.7	301.0	10.4	3.4	403.8
0.0	2.8	239.6	10.4	3.0	403.8
15.0	7.5	280.3	10.4	4.0	403.8
8.3	4.2	14.7	10.5	2.4	403.8
8.4	0.8	38.1	10.5	1.6	403.8
12.6	-0.5	60.0	10.5	1.2	403.8
2.2	-1.0	124.9	10.5	1.2	403.8
3.7	1.8	54.9	10.5	2.1	403.8
5.2	8.0	215.0	10.6	3.0	403.8
25.8	9.0	38.2	10.6	3.5	403.8
2.1	1.2	63.7	10.6	2.2	403.8
0.2	-1.4	270.6	10.6	1.9	403.8
0.0	-0.4	331.3	10.6	2.5	403.8
0.0	-1.2	340.2	10.7	2.4	403.8
0.0	3.0	213.4	10.7	2.9	403.8
0.7	4.2	86.8	10.7	2.1	403.8
2.0	8.9	149.6	10.7	3.9	403.8
22.4	13.9	142.3	10.8	4.4	403.8
2.0	2.3	54.5	10.8	3.9	403.8
0.1	1.5	250.0	10.8	2.2	403.8
1.7	2.1	110.2	10.8	1.8	403.8
8.1	3.9	139.2	10.9	2.0	403.8
8.0	4.7	77.5	10.9	3.0	403.8
1.2	0.5	162.9	10.9	2.1	403.8
0.0	-0.7	215.3	10.9	2.7	403.8
0.1	2.2	340.6	11.0	3.3	403.8
0.1	3.0	132.0	11.0	2.4	403.8
0.5	2.4	288.2	11.0	2.7	403.8
10.5	3.1	52.7	11.0	1.8	403.8
28.0	4.2	96.9	11.1	2.9	403.8
8.6	-0.1	59.9	11.1	1.9	403.8
0.1	0.4	308.9	11.1	2.4	403.8
32.8	-0.3	30.0	11.2	1.1	403.8
11.2	0.0	46.1	11.2	0.6	403.8
15.4	0.1	36.1	11.2	0.5	403.8
4.2	0.2	52.2	11.2	0.8	403.8
21.3	2.1	149.2	11.3	2.3	403.8
14.5	1.4	29.4	11.3	2.0	403.8
2.9	1.7	110.7	11.3	2.2	403.8
9.2	2.6	34.7	11.4	1.9	403.8
0.2	2.8	110.0	11.4	2.4	403.8
1.4	2.0	178.7	11.4	2.3	403.8
17.0	0.9	82.6	11.4	2.0	403.8
4.6	3.0	163.5	11.5	3.0	403.8
3.8	0.4	70.6	11.5	2.5	404.4
0.2	0.5	317.7	11.5	3.8	404.4
0.0	4.3	374.2	11.6	4.7	404.4
6.7	8.9	47.3	11.6	4.4	404.4
6.1	11.1	53.4	11.6	4.6	404.4
0.6	5.6	76.5	11.7	3.5	404.4
0.0	3.7	432.9	11.7	3.7	404.4
0.1	6.1	300.7	11.7	4.3	404.4
0.8	8.9	107.8	11.7	4.1	404.4
3.9	13.3	272.0	11.8	8.0	404.4
2.5	6.9	187.3	11.8	3.8	404.4
6.0	7.1	44.9	11.8	3.1	404.4
0.5	6.2	251.4	11.9	4.6	404.4
0.0	3.4	118.4	11.9	3.1	404.4
0.0	2.4	308.9	11.9	4.5	404.4
0.0	1.9	471.9	12.0	4.2	404.4
0.0	4.4	473.3	12.0	5.3	404.4
0.0	7.0	359.6	12.0	6.5	404.4
0.1	13.7	436.8	12.1	7.6	404.4
0.0	18.9	215.2	12.1	7.8	404.4
0.0	22.2	439.1	12.1	8.8	404.4
14.9	23.6	418.8	12.1	12.4	404.4
0.4	8.5	261.7	12.2	4.9	404.4
0.2	6.7	78.6	12.2	2.6	404.4
0.0	8.4	425.5	12.2	5.5	404.4
0.0	7.2	304.5	12.3	3.5	404.4
26.7	7.2	78.3	12.3	2.8	404.4
4.3	11.0	130.8	12.3	5.1	404.4
0.4	9.5	217.2	12.4	5.7	404.4
11.9	11.2	62.6	12.4	5.7	404.4
59.9	18.0	77.2	12.4	6.5	404.4
17.1	8.3	48.9	12.5	8.1	404.8
0.4	6.7	188.2	12.5	4.7	404.8
0.0	2.1	492.8	12.5	3.9	404.8
0.0	6.2	526.4	12.5	6.1	404.8
12.1	11.7	423.1	12.6	7.8	404.8
16.2	13.8	42.7	12.6	4.8	404.8
0.1	19.2	258.9	12.6	8.0	404.8
12.3	20.8	284.4	12.7	7.8	404.8
31.3	14.5	69.0	12.7	8.9	404.8
10.2	7.9	76.4	12.7	3.6	404.8
0.5	7.6	196.2	12.8	5.3	404.8
0.0	9.1	304.6	12.8	5.5	404.8
29.4	9.5	59.1	12.8	3.6	404.8
21.0	9.0	38.0	12.8	4.6	404.8
0.2	7.2	304.6	12.9	5.2	404.8
4.7	9.7	218.5	12.9	5.2	404.8
3.2	11.0	48.1	12.9	3.9	404.8
0.2	16.9	141.5	13.0	7.6	404.8
3.4	18.4	95.9	13.0	6.6	404.8
2.2	20.1	253.7	13.0	7.9	404.8
4.4	20.5	194.1	13.0	7.4	404.8
32.1	21.0	97.7	13.1	6.3	404.8
9.6	17.7	179.4	13.1	10.1	404.8
1.0	11.8	186.2	13.1	5.0	404.8
0.0	14.8	514.4	13.1	8.2	404.8
0.1	17.1	547.8	13.2	8.1	404.8
0.1	18.6	538.4	13.2	9.2	404.8
0.2	18.7	373.8	13.2	8.9	404.8
0.6	19.2	334.3	13.3	9.5	404.8
0.4	16.0	133.3	13.3	6.7	404.8
0.1	18.7	388.0	13.3	9.0	405.3
9.4	17.8	121.5	13.3	9.3	405.3
0.0	13.0	175.2	13.4	7.2	405.3
0.0	13.8	585.4	13.4	8.4	405.3
2.6	16.3	349.4	13.4	7.7	405.3
41.0	17.6	63.1	13.4	7.1	405.3
8.9	21.6	174.7	13.5	7.1	405.3
17.0	25.1	514.7	13.5	10.1	405.3
0.4	15.8	215.0	13.5	9.6	405.3
0.2	17.5	542.4	13.5	7.9	405.3
21.1	18.5	95.5	13.6	5.9	405.3
0.3	18.8	294.7	13.6	7.5	405.3
19.4	18.6	146.3	13.6	7.2	405.3
0.8	19.5	222.9	13.6	7.7	405.3
16.5	21.7	271.6	13.6	7.7	405.3
4.3	22.7	48.4	13.7	4.5	405.3
3.3	23.2	240.9	13.7	7.9	405.3
13.9	21.7	159.0	13.7	8.2	405.3
17.9	17.0	78.1	13.7	5.6	405.3
8.1	15.6	22.7	13.7	3.6	405.3
2.0	15.7	108.7	13.8	4.8	405.3
1.4	16.0	257.9	13.8	6.9	405.3
38.1	13.7	51.2	13.8	3.5	405.3
0.5	13.8	172.1	13.8	6.8	405.3
0.0	15.8	537.0	13.8	7.8	405.3
12.8	16.1	220.1	13.9	6.1	405.3
1.4	17.8	34.1	13.9	6.7	405.3
7.8	22.9	291.4	13.9	9.6	405.3
31.3	21.8	52.7	13.9	5.3	405.3
1.7	22.1	105.9	13.9	6.0	405.3
0.2	24.4	565.2	13.9	10.5	405.3
0.0	23.6	544.5	13.9	9.7	404.4
1.8	21.2	98.6	14.0	7.4	404.4
1.1	18.6	117.6	14.0	6.2	404.4
0.0	20.1	345.5	14.0	8.5	404.4
4.8	20.6	462.1	14.0	9.9	404.4
0.0	23.0	588.6	14.0	10.5	404.4
0.0	24.3	577.6	14.0	10.7	404.4
0.2	23.6	266.2	14.0	8.6	404.4
0.0	24.2	581.6	14.0	11.5	404.4
0.0	23.8	585.7	14.0	11.5	404.4
0.0	24.2	523.8	14.0	10.3	404.4
0.0	24.1	280.3	14.1	8.1	404.4
0.5	23.3	181.0	14.1	6.0	404.4
2.4	23.0	65.9	14.1	4.7	404.4
0.9	23.8	99.3	14.1	7.1	404.4
18.0	24.4	251.1	14.1	7.3	404.4
19.0	25.1	464.5	14.1	9.3	404.4
14.9	25.4	277.5	14.1	8.3	404.4
18.3	26.0	329.1	14.1	8.9	404.4
24.2	23.7	384.7	14.1	11.5	404.4
0.1	18.8	178.7	14.1	5.8	404.4
0.1	20.6	502.7	14.1	8.6	404.4
0.0	19.8	290.7	14.1	7.5	404.4
2.3	22.9	505.3	14.1	9.6	404.4
7.1	23.5	262.9	14.1	8.1	404.4
10.7	22.9	77.9	14.1	4.6	404.4
0.3	23.7	94.8	14.1	6.0	404.4
14.9	25.3	476.0	14.1	10.0	404.4
15.8	25.6	457.7	14.1	9.6	404.4
17.0	25.7	316.7	14.1	8.9	404.4
8.4	24.3	157.1	14.1	6.9	401.7
12.4	24.6	256.6	14.1	8.0	401.7
6.6	25.5	293.7	14.0	9.2	401.7
9.9	26.3	418.0	14.0	9.6	401.7
9.4	26.1	429.9	14.0	10.7	401.7
4.1	26.6	595.5	14.0	11.1	401.7
0.0	26.6	610.2	14.0	10.6	401.7
0.6	26.9	572.8	14.0	10.0	401.7
0.3	27.2	572.3	14.0	10.2	401.7
0.0	27.5	604.8	14.0	10.3	401.7
0.2	27.8	526.8	14.0	9.2	401.7
1.5	27.1	480.4	14.0	9.6	401.7
0.5	27.0	492.7	13.9	9.8	401.7
1.3	28.0	508.1	13.9	9.7	401.7
20.3	25.4	230.6	13.9	8.2	401.7
11.6	25.4	463.9	13.9	10.9	401.7
0.1	26.1	573.5	13.9	10.5	401.7
0.1	27.1	537.2	13.9	10.6	401.7
12.0	25.7	286.9	13.9	8.0	401.7
19.6	25.4	238.5	13.8	7.9	401.7
7.1	24.6	89.7	13.8	6.3	401.7
9.5	25.5	441.8	13.8	8.6	401.7
11.8	25.0	500.8	13.8	9.5	401.7
3.6	24.6	337.7	13.8	7.6	401.7
1.2	24.5	193.7	13.7	7.0	401.7
0.4	24.7	373.3	13.7	9.0	401.7
0.1	24.7	492.9	13.7	9.9	401.7
0.0	25.3	591.1	13.7	10.5	401.7
0.0	25.8	513.4	13.7	10.7	401.7
0.0	26.4	601.3	13.6	11.3	401.7
0.0	27.2	574.7	13.6	12.1	401.7
0.0	27.5	602.5	13.6	13.3	399.3
0.0	27.6	597.2	13.6	12.6	399.3
0.3	28.5	563.4	13.6	11.6	399.3
13.1	26.9	419.0	13.5	10.5	399.3
8.5	25.7	323.6	13.5	8.8	399.3
2.5	26.2	535.9	13.5	10.6	399.3
2.9	26.0	544.7	13.5	10.5	399.3
1.6	26.4	554.3	13.4	10.1	399.3
7.0	26.0	539.9	13.4	10.6	399.3
14.0	25.6	384.1	13.4	8.1	399.3
5.7	24.6	172.3	13.4	7.7	399.3
5.3	24.7	259.5	13.3	7.5	399.3
6.7	25.2	347.5	13.3	8.7	399.3
6.3	25.7	329.6	13.3	8.4	399.3
10.9	25.4	320.2	13.3	9.1	399.3
3.0	25.0	123.7	13.2	7.0	399.3
7.4	25.0	176.7	13.2	7.2	399.3
15.2	24.6	188.7	13.2	7.1	399.3
0.3	23.4	98.0	13.2	5.6	399.3
13.9	25.1	354.8	13.1	8.3	399.3
2.5	25.7	486.0	13.1	9.4	399.3
0.7	26.0	442.0	13.1	8.1	399.3
0.4	26.1	433.6	13.1	8.3	399.3
0.9	25.3	348.5	13.0	7.5	399.3
0.1	25.1	476.7	13.0	8.5	399.3
0.0	24.0	529.9	13.0	9.5	399.3
0.0	23.9	540.2	12.9	10.1	399.3
0.5	24.9	456.2	12.9	8.2	399.3
1.4	23.2	91.9	12.9	7.9	399.3
0.1	26.0	484.8	12.9	9.7	399.3
11.0	25.6	432.6	12.8	9.4	399.3
18.0	24.7	427.2	12.8	8.8	398.5
9.2	24.4	478.2	12.8	8.8	398.5
10.6	23.5	441.0	12.7	7.9	398.5
0.4	24.1	410.7	12.7	8.5	398.5
0.0	24.7	373.6	12.7	8.7	398.5
0.0	25.5	454.6	12.7	8.4	398.5
0.0	25.4	275.4	12.6	8.1	398.5
1.8	25.3	189.1	12.6	7.5	398.5
2.8	22.9	61.6	12.6	6.1	398.5
0.0	20.3	488.6	12.5	8.1	398.5
0.0	21.3	503.0	12.5	7.3	398.5
0.0	22.1	481.7	12.5	8.0	398.5
0.0	21.2	84.9	12.4	4.9	398.5
0.1	22.5	336.8	12.4	7.9	398.5
0.1	24.5	408.6	12.4	8.7	398.5
0.1	24.4	397.9	12.4	8.6	398.5
0.4	21.9	313.3	12.3	7.0	398.5
0.0	21.1	443.3	12.3	8.0	398.5
0.0	21.7	468.8	12.3	8.5	398.5
0.0	22.4	453.0	12.2	9.4	398.5
0.0	15.9	448.2	12.2	6.5	398.5
0.0	16.4	480.4	12.2	7.0	398.5
0.0	17.8	448.3	12.1	8.1	398.5
0.0	19.7	348.7	12.1	7.8	398.5
0.0	19.8	465.5	12.1	9.5	398.5
0.0	19.7	452.8	12.1	9.1	398.5
0.0	20.2	446.8	12.0	8.4	398.5
0.2	21.3	177.7	12.0	6.9	398.5
0.0	20.8	442.4	12.0	9.3	398.5
0.0	20.1	457.1	11.9	9.6	398.5
0.0	20.0	453.6	11.9	9.4	398.9
0.0	21.1	440.4	11.9	9.0	398.9
0.0	21.5	429.7	11.8	8.4	398.9
0.0	19.8	379.4	11.8	8.1	398.9
0.0	17.6	439.2	11.8	7.9	398.9
0.0	17.3	436.1	11.8	7.8	398.9
0.0	19.3	431.4	11.7	7.6	398.9
0.0	16.5	415.3	11.7	6.6	398.9
0.0	14.7	205.2	11.7	6.0	398.9
0.0	16.6	313.9	11.6	7.1	398.9
0.0	18.0	395.8	11.6	8.0	398.9
0.0	18.7	373.3	11.6	7.5	398.9
0.0	21.1	364.1	11.5	7.9	398.9
0.0	22.3	370.0	11.5	7.7	398.9
0.0	23.1	384.9	11.5	7.5	398.9
0.1	22.8	342.6	11.5	7.7	398.9
0.0	21.8	382.3	11.4	7.6	398.9
0.0	22.2	373.2	11.4	7.5	398.9
0.0	21.4	369.1	11.4	7.1	398.9
0.0	19.3	338.8	11.3	6.7	398.9
0.0	18.1	379.2	11.3	6.8	398.9
0.0	16.4	382.7	11.3	6.9	398.9
0.0	16.5	384.9	11.3	6.5	398.9
0.0	17.5	374.8	11.2	6.3	398.9
0.0	16.4	369.3	11.2	6.2	398.9
0.0	15.4	358.7	11.2	5.6	398.9
0.0	15.6	302.6	11.1	6.0	398.9
0.0	15.4	366.5	11.1	5.9	398.9
0.0	15.6	365.7	11.1	6.1	398.9
0.0	15.1	359.5	11.1	6.2	398.9
0.0	15.4	358.0	11.0	6.1	398.9
0.0	13.6	353.5	11.0	5.8	401.2
0.0	9.9	365.4	11.0	5.2	401.2
0.0	11.7	353.6	10.9	5.6	401.2
0.0	14.2	303.2	10.9	5.8	401.2
0.0	16.2	212.5	10.9	5.6	401.2
0.0	16.6	310.8	10.9	5.7	401.2
0.0	17.7	307.9	10.8	5.7	401.2
1.6	17.4	88.3	10.8	4.5	401.2
0.0	14.0	137.3	10.8	4.3	401.2
0.0	14.0	295.7	10.8	4.6	401.2
0.0	15.8	310.0	10.7	5.2	401.2
1.1	16.2	156.4	10.7	4.2	401.2
2.0	11.3	57.2	10.7	3.6	401.2
0.0	11.9	293.9	10.7	4.8	401.2
0.0	12.1	323.3	10.7	5.1	401.2
0.0	7.7	327.0	10.6	4.1	401.2
0.0	9.1	315.4	10.6	4.6	401.2
0.0	11.0	132.4	10.6	4.2	401.2
0.0	11.2	276.9	10.6	5.1	401.2
0.0	11.5	307.6	10.5	5.1	401.2
0.0	11.5	309.2	10.5	5.1	401.2
0.0	11.9	303.8	10.5	5.1	401.2
0.1	10.1	111.4	10.5	4.1	401.2
0.0	12.8	300.5	10.5	5.0	401.2
0.7	17.8	278.5	10.4	5.0	401.2
3.6	16.6	17.9	10.4	4.6	401.2
0.2	8.6	54.0	10.4	3.1	401.2
0.1	9.1	214.9	10.4	3.6	401.2
0.1	1.9	219.3	10.4	2.9	401.2
0.0	-0.4	302.2	10.4	2.4	401.2
0.0	3.4	259.8	10.3	3.5	403.4
0.0	9.3	280.2	10.3	4.6	403.4
0.0	9.4	257.8	10.3	4.6	403.4
0.6	12.1	179.4	10.3	4.5	403.4
0.1	10.4	234.3	10.3	4.3	403.4
0.2	11.6	245.2	10.3	5.0	403.4
0.0	3.1	259.1	10.3	2.2	403.4
0.0	0.7	287.1	10.3	2.6	403.4
0.0	4.2	237.9	10.3	3.1	403.4
0.4	9.8	188.7	10.2	3.8	403.4
0.1	12.8	140.0	10.2	4.1	403.4
0.0	15.4	222.8	10.2	5.0	403.4
0.0	16.5	259.4	10.2	5.1	403.4
0.6	18.5	257.4	10.2	5.3	403.4
4.7	14.2	47.2	10.2	3.8	403.4
0.5	7.2	57.4	10.2	2.5	403.4
0.7	8.0	182.4	10.2	2.6	403.4
4.8	9.7	119.1	10.2	3.2	403.4
5.5	5.3	34.9	10.2	1.3	403.4
0.5	3.2	76.7	10.2	2.1	403.4
0.0	3.1	125.7	10.2	1.6	403.4
0.0	1.4	274.8	10.2	2.6	403.4
0.0	0.8	274.2	10.2	2.3	403.4
0.1	0.1	69.6	10.2	1.7	403.4
0.0	-2.4	226.6	10.2	2.0	403.4
0.0	-0.5	274.7	10.2	2.3	403.4
0.1	1.0	45.6	10.2	1.4	403.4
0.0	1.0	264.9	10.2	2.6	403.4
0.0	-0.9	282.3	10.2	2.4	403.4
0.0	-2.4	279.6	10.2	2.1	403.4
0.0	-1.1	267.5	10.2	2.2	403.4
0.0	4.4	216.1	10.2	3.1	405.5
1.2	11.3	232.9	10.2	4.7	405.5
32.8	12.7	34.1	10.2	2.8	405.5
1.9	6.2	100.5	10.2	2.8	405.5
9.7	0.7	21.5	10.3	2.2	405.5
0.3	-4.6	193.9	10.3	1.4	405.5
0.0	-4.9	290.1	10.3	1.5	405.5
0.0	-3.5	297.0	10.3	1.8	405.5
0.0	-3.5	300.9	10.3	1.7	405.5
0.0	-4.3	300.0	10.3	1.9	405.5
0.0	-4.1	298.5	10.3	2.1	405.5
0.0	-1.7	294.0	10.3	2.6	405.5
0.0	0.5	249.1	10.3	3.0	405.5
0.1	3.7	280.6	10.4	3.7	405.5
0.0	4.9	264.1	10.4	3.4	405.5
0.0	5.5	208.3	10.4	2.8	405.5
0.0	4.8	181.8	10.4	2.8	405.5
0.0	8.2	285.3	10.4	4.1	405.5
2.1	11.1	204.9	10.4	4.6	405.5
3.5	8.7	52.3	10.5	2.3	405.5
0.3	9.8	112.4	10.5	2.8	405.5
0.2	15.6	204.2	10.5	4.3	405.5
13.4	12.3	260.8	10.5	6.1	405.5
0.6	1.3	138.3	10.5	2.1	405.5
3.4	2.1	99.1	10.6	1.8	405.5
2.5	0.5	49.2	10.6	2.0	405.5
0.0	-3.1	287.4	10.6	1.8	405.5
0.0	-3.0	194.3	10.6	1.6	405.5
0.0	-1.8	334.9	10.7	2.6	405.5
0.5	2.0	181.3	10.7	2.8	405.5
0.2	-0.1	160.6	10.7	2.5	405.5
0.0	0.2	341.7	10.7	3.1	406.7
0.0	2.5	346.2	10.8	3.7	406.7
0.0	5.4	345.5	10.8	4.4	406.7
0.0	6.5	351.6	10.8	4.8	406.7
0.0	7.7	355.5	10.8	5.2	406.7
0.0	9.0	349.2	10.9	5.7	406.7
0.0	10.2	290.6	10.9	5.7	406.7
0.0	10.2	293.3	10.9	6.0	406.7
0.3	9.6	356.3	10.9	4.9	406.7
0.2	15.8	222.1	11.0	6.4	406.7
0.0	17.1	280.9	11.0	7.4	406.7
0.0	20.0	361.7	11.0	7.8	406.7
1.1	13.9	293.3	11.0	8.6	406.7
13.6	8.3	343.8	11.1	4.7	406.7
4.4	0.4	14.8	11.1	2.8	406.7
7.7	-2.6	14.6	11.1	0.7	406.7
5.5	-2.1	15.4	11.1	1.0	406.7
11.6	-2.8	19.8	11.2	0.6	406.7
25.5	-1.3	22.1	11.2	1.3	406.7
9.0	-0.8	42.8	11.2	1.3	406.7
0.0	-1.7	331.0	11.3	2.6	406.7
0.0	0.6	305.0	11.3	3.2	406.7
0.0	0.9	186.0	11.3	2.3	406.7
34.0	1.4	94.2	11.4	2.5	406.7
19.7	5.4	32.1	11.4	2.5	406.7
1.8	3.6	57.5	11.4	2.5	406.7
0.9	2.5	174.8	11.4	2.3	406.7
0.4	3.5	308.7	11.5	3.7	406.7
2.7	5.3	258.5	11.5	3.7	406.7
21.5	9.3	40.6	11.5	4.9	407.5
7.0	10.2	53.5	11.6	4.8	407.5
0.8	7.6	122.9	11.6	3.2	407.5
2.1	9.1	284.5	11.6	4.5	407.5
43.5	5.3	27.7	11.6	2.8	407.5
7.3	2.0	32.7	11.7	2.4	407.5
7.8	3.7	308.2	11.7	3.3	407.5
11.1	3.0	59.5	11.7	2.3	407.5
17.7	8.1	102.0	11.8	4.2	407.5
19.5	11.2	49.4	11.8	4.0	407.5
1.4	7.8	137.6	11.8	4.2	407.5
1.0	6.5	114.7	11.9	2.8	407.5
18.2	9.3	134.5	11.9	4.5	407.5
15.3	11.9	71.7	11.9	5.8	407.5
1.3	8.8	151.6	12.0	3.5	407.5
6.7	10.1	202.4	12.0	4.7	407.5
27.1	10.3	31.6	12.0	3.6	407.5
6.8	13.8	110.9	12.0	7.8	407.5
1.4	6.9	120.5	12.1	2.4	407.5
0.6	7.1	283.4	12.1	4.5	407.5
0.0	9.2	406.8	12.1	5.2	407.5
0.1	12.2	480.2	12.2	7.3	407.5
3.0	15.3	370.2	12.2	7.5	407.5
21.2	10.5	83.7	12.2	4.4	407.5
6.1	9.0	91.3	12.3	2.9	407.5
0.0	14.2	241.3	12.3	6.5	407.5
0.0	17.8	482.9	12.3	8.1	407.5
0.3	20.4	476.5	12.4	8.8	407.5
14.8	20.8	461.0	12.4	10.5	407.5
0.5	12.4	165.0	12.4	4.5	407.5
42.5	13.6	134.6	12.4	5.0	407.5
14.1	10.7	50.7	12.5	7.2	408.2
2.3	8.3	92.1	12.5	3.3	408.2
0.0	6.6	211.1	12.5	5.1	408.2
11.8	7.7	155.6	12.6	4.5	408.2
2.0	6.3	92.2	12.6	2.4	408.2
0.6	6.9	152.7	12.6	4.2	408.2
4.9	10.9	416.0	12.7	6.4	408.2
8.9	14.5	82.0	12.7	6.0	408.2
14.1	11.6	70.5	12.7	9.2	408.2
0.0	7.4	490.7	12.7	5.8	408.2
15.5	13.1	362.1	12.8	7.1	408.2
0.1	12.3	231.0	12.8	6.5	408.2
0.0	10.9	554.1	12.8	7.5	408.2
0.0	13.8	459.7	12.9	7.4	408.2
0.0	14.2	485.1	12.9	8.6	408.2
0.0	16.1	510.9	12.9	9.6	408.2
0.0	17.4	543.5	12.9	10.2	408.2
0.0	19.0	541.7	13.0	9.7	408.2
0.0	19.5	492.9	13.0	8.0	408.2
5.2	18.2	104.6	13.0	4.8	408.2
23.3	18.2	59.6	13.1	4.5	408.2
13.1	21.5	86.2	13.1	6.2	408.2
2.9	11.4	139.5	13.1	9.0	408.2
1.2	10.9	170.7	13.1	4.8	408.2
0.7	12.9	304.8	13.2	6.4	408.2
6.4	13.6	142.9	13.2	5.4	408.2
3.9	14.4	301.9	13.2	6.3	408.2
0.2	16.1	528.7	13.3	8.9	408.2
0.1	20.2	529.7	13.3	10.8	408.2
10.0	19.4	165.2	13.3	8.0	408.2
3.6	19.1	143.1	13.3	7.1	408.9
4.7	22.5	220.9	13.4	7.9	408.9
12.1	22.3	178.4	13.4	8.0	408.9
21.7	22.5	194.9	13.4	8.5	408.9
19.1	18.3	59.9	13.4	5.7	408.9
9.3	17.4	73.4	13.5	2.7	408.9
2.9	19.4	61.1	13.5	6.6	408.9
29.9	21.8	222.0	13.5	7.6	408.9
39.2	19.9	73.2	13.5	4.9	408.9
25.5	17.1	56.5	13.5	7.5	408.9
12.6	14.5	223.7	13.6	5.9	408.9
12.0	18.2	69.3	13.6	7.4	408.9
17.2	19.3	74.9	13.6	6.6	408.9
4.4	22.4	159.2	13.6	7.6	408.9
8.4	24.4	448.8	13.7	9.5	408.9
3.5	22.5	164.6	13.7	7.2	408.9
14.2	19.6	108.1	13.7	7.8	408.9
0.4	18.3	252.8	13.7	6.2	408.9
13.4	16.4	85.4	13.7	4.2	408.9
0.1	18.3	393.4	13.8	8.8	408.9
0.1	21.6	580.1	13.8	10.2	408.9
0.2	21.4	290.3	13.8	9.0	408.9
0.0	21.1	579.5	13.8	10.7	408.9
0.0	20.4	451.6	13.8	10.3	408.9
0.0	20.3	271.5	13.8	8.3	408.9
78.9	19.8	95.4	13.9	4.4	408.9
10.4	21.3	86.7	13.9	6.6	408.9
1.6	19.4	140.7	13.9	6.9	408.9
1.5	19.1	325.2	13.9	8.1	408.9
1.1	19.0	313.8	13.9	8.6	408.9
19.9	19.9	336.4	13.9	7.4	408.9
1.4	20.7	109.0	14.0	6.3	408.2
0.2	22.4	581.8	14.0	12.1	408.2
9.0	22.8	525.6	14.0	11.2	408.2
2.5	18.8	340.4	14.0	6.3	408.2
0.7	20.3	381.0	14.0	8.8	408.2
0.3	22.6	501.1	14.0	9.8	408.2
4.0	22.7	391.5	14.0	8.5	408.2
6.8	20.3	107.2	14.0	5.8	408.2
1.2	21.5	426.5	14.0	9.4	408.2
0.7	19.5	471.3	14.0	8.5	408.2
0.0	22.1	610.0	14.0	9.7	408.2
2.7	22.3	402.5	14.1	9.0	408.2
0.8	20.6	340.1	14.1	8.9	408.2
0.1	21.7	560.7	14.1	9.8	408.2
0.2	22.4	467.2	14.1	10.0	408.2
36.3	24.6	473.6	14.1	10.1	408.2
51.2	22.0	34.9	14.1	5.4	408.2
1.9	18.5	97.1	14.1	6.2	408.2
0.4	19.6	435.1	14.1	8.9	408.2
0.0	20.0	589.1	14.1	10.0	408.2
0.0	20.4	595.1	14.1	8.9	408.2
0.0	22.3	519.0	14.1	9.9	408.2
0.0	25.3	549.8	14.1	10.3	408.2
7.8	25.3	382.0	14.1	9.8	408.2
12.8	24.7	311.7	14.1	9.4	408.2
11.1	25.6	378.7	14.1	9.1	408.2
0.1	26.6	347.6	14.1	8.6	408.2
19.2	26.3	437.0	14.1	9.4	408.2
44.2	25.3	143.1	14.1	6.0	408.2
45.0	25.5	166.5	14.1	6.8	408.2
35.1	24.8	129.8	14.1	6.9	405.4
23.5	25.9	436.7	14.0	9.5	405.4
12.7	26.4	565.6	14.0	10.2	405.4
0.8	27.6	598.8	14.0	10.9	405.4
0.5	28.0	584.3	14.0	10.3	405.4
6.4	27.3	503.2	14.0	10.6	405.4
0.1	27.6	462.5	14.0	11.7	405.4
0.0	26.6	566.8	14.0	10.7	405.4
13.4	25.5	371.0	14.0	8.2	405.4
17.3	25.9	347.7	14.0	8.8	405.4
21.7	26.2	264.7	14.0	8.7	405.4
8.4	26.2	301.1	13.9	8.5	405.4
11.3	26.8	521.8	13.9	9.7	405.4
16.8	26.2	268.8	13.9	8.3	405.4
11.7	26.3	375.3	13.9	8.3	405.4
9.0	26.9	557.3	13.9	11.6	405.4
0.3	26.8	438.2	13.9	10.0	405.4
0.1	25.4	451.8	13.9	9.8	405.4
0.1	26.0	576.7	13.8	9.3	405.4
0.1	27.6	594.6	13.8	10.6	405.4
11.2	27.2	550.1	13.8	10.9	405.4
12.4	26.9	532.8	13.8	10.8	405.4
10.4	27.0	468.9	13.8	10.4	405.4
4.9	27.3	495.1	13.8	9.5	405.4
4.8	27.7	533.8	13.7	10.3	405.4
9.2	27.5	487.5	13.7	10.6	405.4
10.8	27.2	443.4	13.7	9.7	405.4
20.8	26.2	380.2	13.7	8.7	405.4
14.2	24.9	216.3	13.7	7.9	405.4
5.0	25.5	440.5	13.6	9.3	405.4
13.2	25.4	497.8	13.6	9.5	405.4
17.4	25.5	454.3	13.6	8.5	403.0
18.3	25.7	406.0	13.6	8.4	403.0
15.1	25.1	268.2	13.5	7.8	403.0
16.1	25.5	387.5	13.5	8.5	403.0
15.1	25.8	283.3	13.5	9.1	403.0
13.6	26.5	449.3	13.5	10.1	403.0
17.6	26.2	424.6	13.4	9.5	403.0
8.7	25.8	394.1	13.4	8.9	403.0
7.5	25.5	490.8	13.4	10.6	403.0
2.0	25.9	552.8	13.4	10.8	403.0
3.3	25.4	522.9	13.4	9.6	403.0
0.1	25.9	509.3	13.3	9.5	403.0
0.0	26.6	541.8	13.3	10.7	403.0
0.0	27.4	547.0	13.3	10.8	403.0
4.7	27.0	516.2	13.2	9.5	403.0
15.6	26.3	431.2	13.2	8.3	403.0
4.7	26.1	223.8	13.2	8.0	403.0
9.9	26.2	487.7	13.2	9.0	403.0
0.5	27.6	530.8	13.1	10.7	403.0
0.0	28.1	491.6	13.1	9.9	403.0
7.5	27.4	421.0	13.1	9.6	403.0
8.9	27.3	514.4	13.1	10.1	403.0
1.2	27.9	530.2	13.0	10.0	403.0
0.0	28.3	519.7	13.0	10.0	403.0
5.8	27.2	278.5	13.0	8.1	403.0
15.3	27.1	429.7	12.9	9.5	403.0
2.8	27.5	520.1	12.9	10.4	403.0
8.0	26.5	483.3	12.9	9.3	403.0
32.0	23.5	259.7	12.9	8.7	403.0
1.6	20.5	88.6	12.8	6.8	403.0
1.8	21.4	69.6	12.8	6.5	403.0
3.2	22.9	92.7	12.8	3.2	402.4
2.2	22.9	51.2	12.7	2.6	402.4
1.9	22.9	113.8	12.7	6.3	402.4
2.4	22.5	99.0	12.7	5.5	402.4
1.9	23.0	56.2	12.7	4.0	402.4
7.8	24.9	387.3	12.6	7.9	402.4
13.8	25.1	402.2	12.6	8.2	402.4
10.7	25.7	426.2	12.6	8.3	402.4
10.6	25.5	375.7	12.5	8.6	402.4
7.3	25.8	458.2	12.5	8.5	402.4
0.4	21.3	171.0	12.5	8.8	402.4
0.1	20.2	442.1	12.5	7.7	402.4
0.0	21.6	486.1	12.4	8.4	402.4
0.1	21.6	244.6	12.4	6.6	402.4
0.5	21.6	273.8	12.4	5.8	402.4
0.0	20.5	67.1	12.3	4.5	402.4
0.0	19.9	209.9	12.3	6.8	402.4
0.0	16.4	448.5	12.3	7.1	402.4
0.0	17.4	489.8	12.2	8.0	402.4
0.0	19.1	486.1	12.2	8.4	402.4
0.0	21.2	479.6	12.2	9.7	402.4
0.0	18.4	492.3	12.2	8.5	402.4
0.0	19.7	480.7	12.1	9.0	402.4
0.0	20.2	475.0	12.1	9.3	402.4
0.0	19.3	473.7	12.1	9.1	402.4
0.0	19.9	469.7	12.0	9.6	402.4
0.0	21.5	424.1	12.0	9.0	402.4
0.0	21.2	322.2	12.0	8.7	402.4
0.0	23.0	434.9	11.9	9.0	402.4
0.0	22.7	435.0	11.9	8.3	402.4
0.0	23.1	403.9	11.9	8.8	402.7
0.0	24.1	424.3	11.9	9.2	402.7
0.0	24.2	421.2	11.8	7.6	402.7
0.3	23.8	246.6	11.8	7.0	402.7
6.1	23.5	346.6	11.8	8.1	402.7
0.1	24.4	396.6	11.7	7.9	402.7
0.3	24.4	379.3	11.7	7.1	402.7
0.2	22.8	153.8	11.7	6.6	402.7
0.0	23.8	383.3	11.6	6.7	402.7
0.1	23.5	234.8	11.6	6.8	402.7
0.0	23.3	314.3	11.6	6.9	402.7
2.7	23.6	324.4	11.6	7.1	402.7
0.2	19.2	57.6	11.5	4.7	402.7
0.0	17.1	230.8	11.5	4.9	402.7
0.0	18.6	393.7	11.5	6.5	402.7
0.1	20.1	381.7	11.4	6.6	402.7
0.6	18.3	84.7	11.4	4.6	402.7
0.0	15.5	388.9	11.4	5.7	402.7
0.0	15.7	391.7	11.3	5.8	402.7
0.0	15.8	356.0	11.3	6.3	402.7
0.0	15.5	388.5	11.3	6.4	402.7
0.0	12.6	389.7	11.3	5.4	402.7
0.0	10.1	383.6	11.2	5.1	402.7
0.0	11.0	382.9	11.2	6.1	402.7
0.0	12.8	384.3	11.2	6.3	402.7
0.0	15.2	368.6	11.1	6.1	402.7
0.0	16.1	231.7	11.1	6.1	402.7
0.0	17.2	320.5	11.1	6.4	402.7
0.0	19.7	346.5	11.1	6.5	402.7
0.0	21.2	291.4	11.0	6.5	402.7
2.5	17.1	126.3	11.0	7.3	402.7
0.1	7.5	110.0	11.0	2.9	404.8
0.0	10.2	359.0	11.0	4.6	404.8
0.0	11.1	350.0	10.9	4.5	404.8
0.0	12.1	149.5	10.9	3.9	404.8
0.5	11.4	94.3	10.9	2.8	404.8
0.0	10.5	198.7	10.9	4.4	404.8
0.0	10.7	317.4	10.8	4.4	404.8
0.0	13.6	329.1	10.8	5.1	404.8
0.0	14.2	335.0	10.8	6.0	404.8
0.0	11.8	329.4	10.8	5.5	404.8
0.0	12.4	264.3	10.7	4.5	404.8
0.0	14.0	178.9	10.7	4.6	404.8
0.0	13.8	289.5	10.7	5.4	404.8
0.0	14.4	262.7	10.7	5.4	404.8
0.0	11.3	309.4	10.6	4.1	404.8
0.0	13.4	269.6	10.6	5.3	404.8
0.1	12.4	167.0	10.6	3.6	404.8
5.0	15.2	106.5	10.6	5.1	404.8
1.1	8.9	46.2	10.6	2.0	404.8
0.5	13.0	154.7	10.5	3.7	404.8
2.2	13.3	285.5	10.5	4.6	404.8
2.8	5.3	18.3	10.5	2.8	404.8
0.6	8.5	215.9	10.5	4.2	404.8
9.5	14.8	154.9	10.5	5.2	404.8
5.3	9.8	23.5	10.4	1.5	404.8
2.3	11.1	54.4	10.4	2.0	404.8
6.0	12.5	81.1	10.4	3.2	404.8
10.6	10.6	14.4	10.4	2.3	404.8
3.6	5.4	40.8	10.4	2.4	404.8
4.1	4.8	55.3	10.4	1.4	404.8
1.6	8.4	61.7	10.3	2.8	407.0
10.8	11.5	47.0	10.3	2.8	407.0
9.3	9.5	21.4	10.3	1.8	407.0
9.3	6.5	11.6	10.3	2.1	407.0
9.5	4.0	14.4	10.3	1.6	407.0
9.9	2.1	17.0	10.3	0.6	407.0
2.1	3.6	28.9	10.3	1.8	407.0
0.6	-2.7	119.9	10.3	2.0	407.0
0.0	-5.3	276.4	10.2	1.4	407.0
0.5	-3.1	275.7	10.2	1.7	407.0
3.0	-1.1	19.8	10.2	1.1	407.0
4.9	0.1	107.8	10.2	1.4	407.0
3.7	1.6	14.9	10.2	0.9	407.0
9.7	2.7	16.1	10.2	1.3	407.0
1.8	3.1	69.6	10.2	2.0	407.0
3.3	2.7	93.3	10.2	1.9	407.0
26.4	3.2	11.9	10.2	1.5	407.0
2.0	2.9	36.0	10.2	1.1	407.0
0.4	5.4	89.1	10.2	1.9	407.0
0.0	11.3	226.3	10.2	3.8	407.0
14.6	8.6	81.9	10.2	3.6	407.0
7.9	4.2	28.3	10.2	0.8	407.0
2.6	1.3	22.0	10.2	2.0	407.0
0.8	-2.4	145.7	10.2	1.6	407.0
0.0	-1.2	282.1	10.2	2.0	407.0
0.6	1.3	263.2	10.2	2.3	407.0
20.4	5.0	20.3	10.2	1.9	407.0
13.5	6.0	39.6	10.2	1.8	407.0
17.9	3.2	21.1	10.2	1.9	407.0
0.8	1.7	109.8	10.2	2.0	407.0
0.8	4.4	132.7	10.2	2.5	407.0
0.9	2.6	106.4	10.2	2.2	408.9
0.9	-0.4	105.9	10.2	1.9	408.9
0.9	-0.3	127.1	10.2	2.1	408.9
0.8	-0.5	103.5	10.2	1.5	408.9
0.2	-0.2	224.5	10.3	2.1	408.9
0.1	0.1	131.9	10.3	1.9	408.9
0.2	2.0	82.5	10.3	2.3	408.9
0.8	1.1	144.7	10.3	2.3	408.9
0.2	2.3	89.7	10.3	1.9	408.9
1.7	5.0	108.8	10.3	3.0	408.9
10.9	0.5	21.6	10.3	1.3	408.9
4.0	2.9	101.8	10.3	1.9	408.9
0.1	0.9	132.5	10.4	2.6	408.9
0.0	-4.3	305.8	10.4	1.7	408.9
1.3	0.5	285.8	10.4	2.5	408.9
0.2	3.0	163.6	10.4	2.5	408.9
0.3	-1.1	109.6	10.4	2.1	408.9
0.0	-0.4	312.4	10.4	2.4	408.9
0.0	3.4	304.5	10.5	3.4	408.9
8.8	4.6	66.7	10.5	2.5	408.9
1.2	4.8	101.7	10.5	2.2	408.9
4.5	6.2	109.9	10.5	2.4	408.9
7.8	6.1	26.2	10.5	1.6	408.9
1.2	5.6	111.2	10.6	2.3	408.9
0.9	5.5	249.3	10.6	2.8	408.9
1.1	2.5	84.7	10.6	2.1	408.9
0.2	2.2	268.4	10.6	3.2	408.9
0.1	6.6	283.3	10.7	4.4	408.9
2.3	10.6	262.7	10.7	5.3	408.9
20.3	3.5	32.6	10.7	1.5	408.9
7.5	6.5	55.5	10.7	2.2	408.9
10.8	8.6	75.7	10.7	2.6	409.9
6.8	12.3	86.0	10.8	3.5	409.9
2.4	16.2	127.1	10.8	4.7	409.9
6.3	10.4	136.9	10.8	5.8	409.9
0.7	1.8	98.9	10.8	1.3	409.9
0.0	1.7	356.3	10.9	2.7	409.9
0.0	2.0	147.8	10.9	2.2	409.9
0.0	3.1	188.2	10.9	2.5	409.9
0.0	0.7	340.4	10.9	2.9	409.9
0.0	0.4	321.7	11.0	2.5	409.9
0.7	2.8	325.3	11.0	3.1	409.9
23.6	4.2	47.0	11.0	2.0	409.9
8.9	4.4	24.8	11.1	2.3	409.9
1.9	2.1	81.5	11.1	1.8	409.9
1.0	2.2	184.5	11.1	2.7	409.9
6.5	3.8	126.1	11.1	2.8	409.9
1.8	4.9	82.7	11.2	2.1	409.9
0.6	3.9	229.2	11.2	3.2	409.9
0.2	2.3	157.1	11.2	2.4	409.9
0.0	1.6	123.4	11.3	2.6	409.9
0.0	-0.3	294.8	11.3	2.8	409.9
0.0	1.1	401.9	11.3	3.4	409.9
0.0	0.4	310.8	11.3	3.7	409.9
0.0	0.0	404.4	11.4	3.3	409.9
0.0	0.9	259.4	11.4	3.5	409.9
0.6	5.3	382.9	11.4	4.4	409.9
28.3	6.5	31.8	11.5	2.8	409.9
11.6	7.4	28.8	11.5	2.0	409.9
10.3	7.5	28.9	11.5	1.8	410.6
2.5	7.0	92.6	11.6	3.0	410.6
0.4	5.7	165.1	11.6	4.0	410.6
7.7	6.1	398.2	11.6	4.1	410.6
19.0	5.7	67.5	11.6	2.4	410.6
6.7	7.1	31.7	11.7	2.0	410.6
10.8	10.7	84.7	11.7	4.1	410.6
1.1	4.8	106.6	11.7	5.2	410.6
1.6	4.7	149.5	11.8	3.0	410.6
32.7	8.2	80.0	11.8	4.8	410.6
2.7	4.9	73.0	11.8	2.0	410.6
0.1	5.1	213.7	11.9	4.3	410.6
7.8	6.8	424.1	11.9	4.3	410.6
18.2	6.5	56.1	11.9	3.7	410.6
13.7	11.6	58.4	11.9	4.2	410.6
3.0	18.1	210.6	12.0	7.5	410.6
2.5	21.0	262.0	12.0	6.9	410.6
2.4	17.8	316.8	12.0	8.2	410.6
11.3	13.0	115.9	12.1	7.8	410.6
0.8	10.7	178.0	12.1	4.7	410.6
30.9	9.0	66.2	12.1	4.7	410.6
53.6	6.1	36.2	12.2	1.5	410.6
25.7	7.2	30.8	12.2	2.8	410.6
6.3	9.1	73.2	12.2	4.9	410.6
0.1	3.8	250.2	12.3	4.8	410.6
2.0	8.8	455.0	12.3	6.3	410.6
2.9	3.1	66.4	12.3	5.1	410.6
0.0	5.7	516.2	12.3	4.8	410.6
0.0	4.7	419.1	12.4	4.4	410.6
0.0	8.1	507.0	12.4	6.3	410.6
0.0	12.6	489.4	12.4	8.1	410.6
0.0	13.5	516.6	12.5	7.9	411.2
0.0	17.2	504.8	12.5	9.6	411.2
16.9	14.7	328.2	12.5	10.6	411.2
0.0	6.8	232.2	12.6	4.9	411.2
0.0	8.9	545.3	12.6	7.2	411.2
0.5	12.0	525.7	12.6	7.3	411.2
13.8	10.6	43.4	12.6	2.8	411.2
20.4	12.9	44.8	12.7	4.0	411.2
2.0	12.4	71.4	12.7	3.6	411.2
9.4	12.3	262.6	12.7	5.9	411.2
0.2	11.9	415.6	12.8	7.2	411.2
1.9	15.6	455.7	12.8	8.3	411.2
1.6	17.8	237.0	12.8	7.4	411.2
5.0	20.6	420.6	12.9	9.0	411.2
11.9	13.3	36.2	12.9	9.2	411.2
37.8	8.3	41.9	12.9	3.0	411.2
36.3	8.8	27.5	12.9	2.7	411.2
6.9	11.8	36.2	13.0	5.3	411.2
11.0	16.3	72.5	13.0	6.1	411.2
2.8	17.9	61.0	13.0	5.1	411.2
15.1	20.2	89.8	13.1	7.0	411.2
20.1	17.3	99.3	13.1	9.4	411.2
27.2	15.5	433.1	13.1	7.1	411.2
30.5	17.5	56.4	13.1	5.8	411.2
15.3	15.5	83.3	13.2	5.5	411.2
7.2	17.7	78.6	13.2	5.3	411.2
0.6	22.1	183.4	13.2	9.0	411.2
23.5	21.0	120.4	13.2	8.8	411.2
23.3	12.0	106.6	13.3	7.1	411.2
21.2	10.6	142.4	13.3	4.1	411.2
30.4	9.0	33.3	13.3	2.5	411.7
2.0	9.7	60.1	13.3	2.9	411.7
11.8	11.9	191.1	13.4	5.1	411.7
0.5	13.7	334.3	13.4	7.1	411.7
4.7	13.9	133.5	13.4	4.7	411.7
0.2	16.3	462.5	13.4	8.3	411.7
0.0	19.1	450.2	13.5	9.5	411.7
0.0	18.5	563.8	13.5	8.8	411.7
0.9	20.6	457.3	13.5	9.3	411.7
4.6	20.1	74.9	13.5	6.9	411.7
10.3	21.0	103.7	13.6	5.7	411.7
0.4	21.1	402.2	13.6	8.9	411.7
0.3	21.2	164.3	13.6	6.2	411.7
3.4	23.1	467.9	13.6	11.1	411.7
0.1	24.3	513.7	13.7	9.9	411.7
6.5	24.8	505.7	13.7	10.2	411.7
0.3	25.5	422.8	13.7	8.7	411.7
38.3	23.2	228.9	13.7	9.8	411.7
0.7	16.1	99.3	13.7	7.9	411.7
0.2	16.0	323.9	13.8	7.4	411.7
0.0	17.2	365.9	13.8	8.0	411.7
32.7	19.6	259.2	13.8	8.3	411.7
0.4	15.9	222.3	13.8	7.4	411.7
0.0	20.4	562.9	13.8	10.2	411.7
0.0	23.2	448.5	13.8	10.8	411.7
32.2	25.1	432.9	13.9	9.5	411.7
15.3	20.6	118.0	13.9	10.5	411.7
0.0	16.9	614.6	13.9	9.7	411.7
0.0	17.9	580.8	13.9	8.9	411.7
0.3	20.1	515.5	13.9	9.1	411.7
3.3	22.3	439.0	13.9	8.7	411.7
16.4	19.8	73.3	13.9	8.5	410.9
0.0	21.8	541.2	14.0	10.3	410.9
0.0	21.5	546.2	14.0	9.2	410.9
3.4	22.8	475.5	14.0	11.2	410.9
15.4	18.4	46.2	14.0	3.7	410.9
2.3	17.9	145.4	14.0	6.4	410.9
0.2	18.6	519.1	14.0	9.5	410.9
1.8	19.9	451.6	14.0	8.8	410.9
0.1	17.2	265.0	14.0	7.9	410.9
0.0	18.8	498.3	14.0	9.5	410.9
0.0	19.5	632.1	14.0	10.5	410.9
0.2	21.4	493.3	14.1	9.6	410.9
1.4	21.2	359.5	14.1	8.9	410.9
3.8	20.2	132.7	14.1	5.8	410.9
0.7	21.8	386.7	14.1	8.6	410.9
37.8	21.7	126.7	14.1	5.8	410.9
20.8	21.7	76.9	14.1	4.6	410.9
21.2	22.9	95.9	14.1	5.6	410.9
4.8	22.8	209.1	14.1	8.7	410.9
0.6	24.4	342.4	14.1	8.8	410.9
0.1	25.3	511.3	14.1	10.9	410.9
0.1	25.1	328.9	14.1	10.1	410.9
7.1	24.8	584.9	14.1	11.8	410.9
0.5	25.1	439.7	14.1	8.7	410.9
0.6	23.9	254.9	14.1	9.0	410.9
0.0	24.5	597.0	14.1	11.3	410.9
0.0	24.9	408.8	14.1	10.7	410.9
0.1	26.3	602.9	14.1	11.1	410.9
5.9	26.7	489.9	14.1	10.2	410.9
9.8	26.5	422.9	14.1	8.2	410.9
11.3	25.9	180.1	14.1	8.0	407.9
13.3	24.9	296.8	14.0	8.0	407.9
27.8	25.4	407.6	14.0	8.8	407.9
18.4	24.3	82.2	14.0	5.9	407.9
11.8	25.0	356.4	14.0	10.6	407.9
23.8	26.2	441.7	14.0	9.1	407.9
3.4	27.3	532.2	14.0	9.4	407.9
4.3	25.1	147.4	14.0	7.5	407.9
12.3	24.7	98.5	14.0	5.7	407.9
19.6	25.7	345.8	14.0	8.6	407.9
34.3	26.4	415.0	14.0	9.4	407.9
12.2	26.9	474.1	13.9	10.6	407.9
0.4	26.2	180.3	13.9	7.8	407.9
9.5	26.5	297.1	13.9	8.7	407.9
21.7	25.4	199.0	13.9	7.4	407.9
14.6	25.4	318.0	13.9	8.2	407.9
11.8	24.8	559.0	13.9	9.9	407.9
0.9	25.4	562.1	13.9	10.1	407.9
4.6	26.3	544.6	13.8	10.5	407.9
5.4	25.5	206.5	13.8	7.7	407.9
9.8	26.0	206.6	13.8	8.0	407.9
12.9	26.3	445.2	13.8	9.8	407.9
13.1	26.1	527.1	13.8	9.3	407.9
11.3	25.7	350.5	13.8	8.2	407.9
2.0	25.4	287.6	13.7	7.4	407.9
4.3	25.6	314.8	13.7	7.8	407.9
0.3	25.5	336.3	13.7	8.5	407.9
6.4	24.8	433.7	13.7	8.0	407.9
2.3	24.2	159.9	13.7	5.4	407.9
6.3	24.6	157.9	13.6	6.7	407.9
12.7	24.4	148.3	13.6	6.8	407.9
0.4	25.1	363.9	13.6	9.1	405.6
1.3	24.8	413.9	13.6	8.5	405.6
8.1	24.5	349.9	13.5	9.0	405.6
5.0	24.5	167.7	13.5	6.7	405.6
1.0	25.7	398.3	13.5	8.5	405.6
2.1	25.6	344.8	13.5	7.7	405.6
3.1	25.2	192.9	13.5	7.0	405.6
0.7	24.9	408.2	13.4	9.1	405.6
0.1	23.7	436.6	13.4	9.6	405.6
0.1	24.5	550.4	13.4	9.6	405.6
0.0	25.1	550.9	13.4	9.8	405.6
0.1	25.6	573.5	13.3	10.4	405.6
0.0	25.9	574.7	13.3	10.6	405.6
0.1	26.8	541.2	13.3	10.5	405.6
0.0	26.8	556.3	13.3	11.0	405.6
0.0	26.9	564.1	13.2	11.3	405.6
0.3	27.8	502.1	13.2	11.3	405.6
0.3	28.9	512.6	13.2	11.1	405.6
0.6	29.3	427.3	13.1	10.5	405.6
5.0	28.5	467.6	13.1	10.5	405.6
20.0	26.0	365.0	13.1	9.1	405.6
25.5	25.7	449.4	13.1	8.2	405.6
18.9	25.2	245.1	13.0	7.7	405.6
9.9	25.2	393.1	13.0	8.1	405.6
16.0	25.2	333.3	13.0	8.3	405.6
22.5	23.2	294.7	13.0	8.6	405.6
0.2	19.6	257.2	12.9	6.2	405.6
0.0	21.2	531.1	12.9	9.9	405.6
0.0	23.4	536.6	12.9	10.2	405.6
0.0	24.4	514.2	12.8	9.2	405.6
1.8	23.2	287.4	12.8	7.7	405.6
13.5	20.3	74.6	12.8	4.0	405.1
0.7	19.8	74.1	12.8	4.3	405.1
0.1	21.9	437.1	12.7	8.3	405.1
0.1	22.0	479.2	12.7	8.6	405.1
0.1	22.5	490.9	12.7	8.4	405.1
0.2	23.2	396.2	12.6	8.5	405.1
0.0	23.7	386.8	12.6	8.5	405.1
0.0	24.1	366.2	12.6	8.3	405.1
1.7	24.9	333.6	12.5	8.0	405.1
20.6	22.6	268.3	12.5	8.1	405.1
0.0	23.4	479.2	12.5	9.0	405.1
0.0	22.6	490.5	12.5	8.7	405.1
0.0	21.4	460.6	12.4	8.8	405.1
0.0	21.1	318.6	12.4	8.1	405.1
0.0	21.0	486.8	12.4	9.8	405.1
0.0	22.0	495.4	12.3	10.1	405.1
0.0	22.9	470.5	12.3	9.5	405.1
0.0	23.0	431.4	12.3	9.4	405.1
0.0	22.6	456.3	12.3	9.5	405.1
0.0	23.3	470.8	12.2	9.8	405.1
0.0	22.6	471.7	12.2	9.6	405.1
0.0	23.3	460.3	12.2	8.8	405.1
0.1	24.1	385.9	12.1	7.8	405.1
0.1	24.0	294.8	12.1	7.5	405.1
0.0	24.0	346.0	12.1	8.8	405.1
0.0	24.2	448.7	12.0	9.3	405.1
0.0	22.9	449.7	12.0	9.3	405.1
0.0	21.3	455.6	12.0	8.8	405.1
0.0	22.5	450.8	11.9	8.8	405.1
0.0	22.8	440.8	11.9	9.1	405.1
0.0	22.1	405.0	11.9	7.7	405.4
0.0	20.7	377.0	11.9	6.9	405.4
0.0	18.7	293.6	11.8	6.1	405.4
0.0	19.1	286.8	11.8	5.6	405.4
0.0	19.7	403.5	11.8	7.0	405.4
0.0	18.1	428.7	11.7	7.1	405.4
0.0	16.8	413.9	11.7	6.8	405.4
0.0	18.0	421.7	11.7	7.6	405.4
0.0	17.8	412.5	11.6	7.6	405.4
0.0	18.2	424.5	11.6	8.0	405.4
0.0	18.5	420.3	11.6	8.3	405.4
0.0	17.9	420.5	11.6	8.0	405.4
0.0	17.5	410.5	11.5	7.8	405.4
0.0	18.2	403.8	11.5	7.9	405.4
0.0	18.9	362.9	11.5	7.6	405.4
0.0	21.2	394.4	11.4	7.6	405.4
0.0	19.0	361.1	11.4	6.5	405.4
0.0	18.2	267.5	11.4	7.3	405.4
0.0	18.1	137.6	11.4	6.0	405.4
0.0	20.0	386.0	11.3	7.5	405.4
0.0	20.9	379.8	11.3	7.2	405.4
0.0	21.3	373.9	11.3	7.1	405.4
0.0	21.1	376.8	11.2	7.4	405.4
0.8	21.0	348.9	11.2	6.7	405.4
1.3	16.8	62.0	11.2	4.7	405.4
0.0	15.7	359.1	11.2	5.6	405.4
0.2	15.5	349.6	11.1	4.9	405.4
2.2	14.5	160.5	11.1	4.3	405.4
1.0	10.1	50.7	11.1	3.7	405.4
0.0	9.0	362.3	11.0	3.7	405.4
0.0	14.0	343.8	11.0	5.9	405.4
0.0	15.4	192.7	11.0	4.6	407.5
0.0	13.3	275.6	11.0	5.5	407.5
0.0	14.3	345.5	10.9	5.5	407.5
0.0	14.7	309.5	10.9	6.1	407.5
0.0	13.8	345.4	10.9	5.4	407.5
0.0	15.5	325.2	10.9	5.9	407.5
0.0	13.6	332.5	10.8	5.5	407.5
0.0	12.6	334.2	10.8	5.4	407.5
0.0	14.9	328.7	10.8	5.8	407.5
0.0	15.8	250.1	10.8	5.9	407.5
0.0	18.1	317.5	10.7	6.2	407.5
0.0	12.3	331.1	10.7	5.1	407.5
0.0	10.7	331.7	10.7	4.9	407.5
0.0	13.2	317.0	10.7	5.1	407.5
0.0	15.5	274.5	10.6	5.5	407.5
0.9	14.4	254.8	10.6	4.1	407.5
0.1	11.9	104.4	10.6	4.1	407.5
0.0	10.8	310.7	10.6	4.7	407.5
0.0	10.5	309.5	10.6	4.3	407.5
0.0	8.7	315.0	10.5	4.0	407.5
0.0	7.3	305.2	10.5	4.1	407.5
0.0	9.9	257.6	10.5	4.1	407.5
0.0	13.4	259.9	10.5	4.7	407.5
0.9	15.6	285.3	10.5	5.4	407.5
7.8	12.7	92.1	10.4	2.6	407.5
13.6	10.2	12.1	10.4	2.8	407.5
0.6	7.6	95.7	10.4	2.9	407.5
2.1	8.3	195.1	10.4	2.9	407.5
0.3	5.2	110.0	10.4	3.1	407.5
0.0	5.2	267.9	10.4	3.4	407.5
0.0	9.0	279.0	10.3	4.3	409.7
6.4	13.6	48.3	10.3	3.3	409.7
6.0	14.5	35.3	10.3	3.8	409.7
0.4	7.4	49.8	10.3	2.5	409.7
1.3	8.1	49.5	10.3	2.5	409.7
15.8	11.0	44.2	10.3	3.7	409.7
1.6	6.9	108.5	10.3	1.9	409.7
5.2	7.1	36.0	10.3	2.0	409.7
6.9	5.5	31.9	10.2	2.5	409.7
9.5	2.9	10.7	10.2	1.2	409.7
21.5	7.1	22.0	10.2	2.3	409.7
32.8	7.7	13.9	10.2	1.1	409.7
4.9	6.1	22.6	10.2	1.7	409.7
0.6	1.4	48.2	10.2	2.4	409.7
0.0	-2.2	276.6	10.2	1.6	409.7
0.0	-0.7	270.9	10.2	2.0	409.7
2.5	-4.3	29.2	10.2	0.9	409.7
0.0	-3.7	109.8	10.2	0.9	409.7
0.0	-2.2	271.4	10.2	1.5	409.7
0.0	-2.7	263.7	10.2	1.8	409.7
0.0	-4.3	284.7	10.2	1.5	409.7
0.0	-4.1	283.9	10.2	1.7	409.7
0.0	-3.5	285.5	10.2	1.7	409.7
0.0	0.1	174.6	10.2	2.1	409.7
0.0	-2.3	283.5	10.2	2.1	409.7
0.0	-3.0	290.1	10.2	2.1	409.7
0.0	-0.9	287.7	10.2	2.7	409.7
0.0	2.2	286.4	10.2	3.2	409.7
0.0	-2.1	287.2	10.2	2.3	409.7
0.0	0.5	269.2	10.2	3.0	409.7
0.0	1.9	283.2	10.2	3.5	409.7
0.1	3.0	260.5	10.2	3.3	411.7
0.3	3.8	187.0	10.2	2.6	411.7
0.2	2.0	127.4	10.2	1.9	411.7
0.1	2.5	128.2	10.2	1.9	411.7
0.2	1.7	161.3	10.3	2.4	411.7
0.2	3.4	242.2	10.3	3.2	411.7
0.6	5.8	271.8	10.3	3.7	411.7
0.2	3.8	124.2	10.3	2.5	411.7
0.0	6.0	271.2	10.3	3.7	411.7
0.1	9.6	273.2	10.3	4.5	411.7
5.3	7.1	69.7	10.3	3.3	411.7
2.2	2.4	28.9	10.3	1.1	411.7
11.5	3.7	82.9	10.4	1.6	411.7
23.4	2.2	10.0	10.4	1.5	411.7
11.6	1.3	21.3	10.4	1.0	411.7
0.4	-1.6	137.4	10.4	2.0	411.7
0.0	-2.4	201.7	10.4	1.5	411.7
3.4	-1.4	50.5	10.4	1.5	411.7
0.0	-1.1	316.4	10.5	2.0	411.7
0.0	1.4	308.8	10.5	2.6	411.7
0.0	0.5	316.9	10.5	3.0	411.7
0.8	1.3	151.8	10.5	2.2	411.7
1.0	1.9	79.2	10.5	2.5	411.7
0.2	3.1	273.1	10.6	3.4	411.7
7.6	-1.5	187.7	10.6	1.7	411.7
8.7	-2.9	61.4	10.6	1.0	411.7
0.0	-2.8	226.0	10.6	2.0	411.7
0.2	-2.2	339.6	10.6	2.8	411.7
0.0	0.1	220.3	10.7	3.0	411.7
0.0	2.1	337.7	10.7	3.4	411.7
0.0	-0.6	348.8	10.7	2.8	411.7
0.0	2.7	341.5	10.7	3.8	412.8
0.4	5.4	137.4	10.8	3.3	412.8
7.0	9.7	165.1	10.8	4.3	412.8
1.2	10.0	177.9	10.8	4.5	412.8
1.6	10.4	232.0	10.8	4.7	412.8
6.2	10.2	103.2	10.9	3.8	412.8
16.0	5.3	43.8	10.9	3.4	412.8
23.4	2.2	14.8	10.9	1.7	412.8
0.6	1.0	77.1	10.9	2.2	412.8
0.0	-2.2	341.5	11.0	2.3	412.8
0.0	-0.3	377.7	11.0	3.2	412.8
0.0	4.5	323.1	11.0	4.5	412.8
13.1	2.0	91.4	11.1	2.3	412.8
1.7	2.0	112.9	11.1	2.1	412.8
11.9	4.0	44.7	11.1	2.0	412.8
0.0	0.6	296.3	11.1	3.5	412.8
0.0	0.1	401.1	11.2	2.9	412.8
0.0	-2.8	393.7	11.2	2.4	412.8
0.0	1.9	400.9	11.2	4.2	412.8
0.0	6.1	272.2	11.2	4.8	412.8
0.0	5.0	367.7	11.3	4.2	412.8
0.0	7.5	395.7	11.3	5.2	412.8
0.2	10.3	287.0	11.3	5.2	412.8
0.3	8.4	165.7	11.4	5.4	412.8
0.0	7.7	421.5	11.4	5.8	412.8
0.0	6.3	423.6	11.4	4.6	412.8
3.9	9.5	285.5	11.5	5.7	412.8
0.3	6.1	176.3	11.5	4.0	412.8
0.0	2.8	439.8	11.5	3.7	413.5
0.0	9.7	424.2	11.5	6.4	413.5
0.6	3.2	135.9	11.6	3.0	413.5
1.9	0.7	123.8	11.6	2.4	413.5
0.0	5.3	440.8	11.6	5.2	413.5
8.7	9.8	168.8	11.7	4.9	413.5
33.2	13.1	48.7	11.7	4.0	413.5
0.4	8.6	124.0	11.7	5.3	413.5
0.0	9.7	341.2	11.8	5.3	413.5
0.1	17.3	389.0	11.8	7.6	413.5
3.5	10.7	100.9	11.8	8.5	413.5
0.0	8.3	329.2	11.8	4.6	413.5
0.5	11.3	256.3	11.9	5.2	413.5
15.9	18.5	330.3	11.9	7.8	413.5
13.4	6.0	37.4	11.9	7.4	413.5
0.2	5.8	425.2	12.0	4.5	413.5
0.1	8.6	468.0	12.0	5.6	413.5
0.0	11.6	429.2	12.0	6.9	413.5
0.0	15.6	460.9	12.1	8.1	413.5
0.1	17.2	409.5	12.1	8.3	413.5
0.2	12.9	247.6	12.1	6.1	413.5
7.1	13.2	88.2	12.2	7.2	413.5
5.6	4.6	40.9	12.2	3.8	413.5
0.8	6.6	97.2	12.2	4.3	413.5
4.5	11.5	205.0	12.2	7.2	413.5
0.0	7.0	319.0	12.3	5.2	413.5
0.0	10.1	502.6	12.3	6.5	413.5
0.0	12.2	500.8	12.3	7.8	413.5
0.0	14.5	486.3	12.4	8.3	413.5
2.9	15.1	101.3	12.4	5.3	413.5
0.8	15.7	152.1	12.4	7.1	413.5
0.0	14.0	526.4	12.5	7.9	414.1
0.0	17.2	511.8	12.5	9.2	414.1
6.5	22.8	462.8	12.5	10.4	414.1
34.7	10.0	42.1	12.6	8.7	414.1
0.2	13.6	460.0	12.6	7.0	414.1
0.3	21.4	325.6	12.6	9.3	414.1
67.8	15.3	37.3	12.6	7.9	414.1
32.1	9.6	46.1	12.7	3.6	414.1
2.5	8.2	116.3	12.7	3.5	414.1
0.1	9.2	503.1	12.7	7.0	414.1
2.1	11.5	485.5	12.8	6.5	414.1
16.5	12.4	43.8	12.8	3.8	414.1
9.0	13.3	172.2	12.8	5.9	414.1
4.0	12.0	226.6	12.8	5.5	414.1
3.9	11.4	111.8	12.9	5.0	414.1
8.6	7.4	94.8	12.9	5.3	414.1
0.0	9.0	582.7	12.9	5.9	414.1
0.0	14.2	579.6	13.0	8.5	414.1
0.0	17.2	574.3	13.0	9.4	414.1
1.3	20.6	548.7	13.0	9.9	414.1
0.0	17.7	568.4	13.0	8.8	414.1
0.0	20.8	521.7	13.1	9.7	414.1
4.9	22.4	313.0	13.1	9.0	414.1
9.7	21.6	100.0	13.1	6.4	414.1
27.7	17.0	34.9	13.2	8.9	414.1
14.7	12.2	42.3	13.2	5.3	414.1
1.0	10.2	72.7	13.2	3.9	414.1
0.0	14.5	455.2	13.2	8.4	414.1
0.1	17.2	458.9	13.3	9.0	414.1
0.1	17.0	558.8	13.3	9.2	414.1
0.0	15.3	572.1	13.3	9.3	414.7
0.0	17.5	600.0	13.3	10.6	414.7
16.2	17.5	159.6	13.4	5.8	414.7
13.5	18.0	131.5	13.4	9.6	414.7
1.1	13.2	71.3	13.4	4.6	414.7
0.1	20.5	382.9	13.4	9.8	414.7
0.0	23.3	312.4	13.5	8.7	414.7
23.8	19.5	430.1	13.5	13.2	414.7
0.0	13.7	572.1	13.5	8.4	414.7
0.0	15.4	558.4	13.5	7.7	414.7
0.1	14.5	105.6	13.6	4.3	414.7
4.3	18.3	243.4	13.6	7.6	414.7
7.9	22.2	419.3	13.6	10.6	414.7
9.5	24.5	511.1	13.6	9.4	414.7
15.1	24.7	509.1	13.6	10.0	414.7
5.5	14.8	58.2	13.7	10.4	414.7
2.7	15.6	275.0	13.7	7.8	414.7
12.1	15.7	101.6	13.7	5.0	414.7
17.0	18.8	76.1	13.7	8.0	414.7
27.9	22.8	170.5	13.7	7.3	414.7
6.1	18.3	70.7	13.8	7.7	414.7
0.3	18.3	526.3	13.8	9.7	414.7
0.1	19.4	577.6	13.8	11.7	414.7
0.8	20.6	580.2	13.8	11.9	414.7
0.2	20.8	525.8	13.8	11.5	414.7
0.2	21.7	603.4	13.9	11.4	414.7
0.7	21.8	585.9	13.9	11.4	414.7
3.2	20.7	199.0	13.9	7.0	414.7
7.0	20.9	303.6	13.9	7.9	414.7
0.2	23.1	457.4	13.9	9.8	414.7
12.9	23.5	312.8	13.9	10.0	414.7
4.0	24.6	468.0	13.9	10.9	413.8
39.6	20.6	149.0	14.0	9.0	413.8
59.1	16.9	72.9	14.0	5.3	413.8
0.3	18.4	583.0	14.0	10.4	413.8
0.0	19.9	423.4	14.0	10.0	413.8
0.7	22.4	311.1	14.0	8.3	413.8
0.1	23.8	295.4	14.0	8.0	413.8
0.1	22.8	281.6	14.0	9.3	413.8
1.9	24.1	554.3	14.0	11.2	413.8
3.4	25.0	561.4	14.0	11.1	413.8
14.4	22.6	151.3	14.0	7.5	413.8
1.4	20.0	60.9	14.1	6.2	413.8
0.0	20.9	355.1	14.1	7.6	413.8
0.1	21.0	422.4	14.1	9.7	413.8
0.1	23.1	622.7	14.1	10.5	413.8
0.1	24.8	581.3	14.1	9.8	413.8
13.3	24.0	304.5	14.1	8.5	413.8
12.7	22.7	26.7	14.1	4.6	413.8
45.5	24.3	73.1	14.1	6.5	413.8
13.2	24.6	80.2	14.1	6.9	413.8
6.1	24.3	61.6	14.1	5.8	413.8
16.8	25.2	80.8	14.1	5.5	413.8
0.0	25.9	124.9	14.1	6.5	413.8
1.7	26.6	160.2	14.1	7.2	413.8
10.1	27.3	479.4	14.1	10.4	413.8
8.3	27.5	508.1	14.1	10.0	413.8
10.6	27.1	471.5	14.1	10.6	413.8
25.6	25.6	384.6	14.1	8.8	413.8
39.0	24.4	78.7	14.1	4.8	413.8
33.5	24.3	172.4	14.1	7.2	413.8
37.2	23.3	63.4	14.1	5.5	410.9
1.5	22.4	46.2	14.0	4.1	410.9
6.6	21.8	30.8	14.0	2.7	410.9
0.3	22.8	76.9	14.0	4.9	410.9
0.5	24.9	302.3	14.0	9.0	410.9
17.5	25.4	463.4	14.0	9.5	410.9
17.8	26.3	423.9	14.0	9.1	410.9
27.6	25.7	278.7	14.0	8.6	410.9
16.8	24.8	107.7	14.0	6.0	410.9
10.7	26.6	483.3	14.0	10.9	410.9
13.7	26.2	378.7	14.0	8.7	410.9
13.4	26.1	341.9	14.0	8.6	410.9
7.1	25.2	258.5	13.9	8.8	410.9
8.7	25.8	557.5	13.9	10.8	410.9
0.3	26.6	489.5	13.9	10.5	410.9
8.7	25.1	157.2	13.9	7.2	410.9
18.1	25.0	195.5	13.9	8.0	410.9
8.8	25.0	115.5	13.9	7.2	410.9
9.1	25.6	147.1	13.8	7.7	410.9
23.2	24.9	279.4	13.8	9.4	410.9
7.3	25.4	507.4	13.8	9.3	410.9
8.8	25.6	384.1	13.8	7.7	410.9
1.9	25.4	223.4	13.8	6.5	410.9
3.5	24.9	62.8	13.8	4.7	410.9
3.7	24.7	92.3	13.7	5.6	410.9
4.3	24.6	112.8	13.7	5.3	410.9
7.1	24.9	159.4	13.7	6.2	410.9
8.7	24.5	47.2	13.7	4.4	410.9
1.9	24.5	50.6	13.7	4.8	410.9
0.7	24.9	376.1	13.6	10.0	410.9
0.0	26.2	569.9	13.6	10.0	410.9
0.1	26.6	485.6	13.6	9.7	408.6
4.7	26.2	328.2	13.6	8.9	408.6
14.9	27.0	469.8	13.6	9.8	408.6
13.7	26.8	460.1	13.5	9.4	408.6
9.7	26.3	340.7	13.5	8.8	408.6
13.8	26.2	330.6	13.5	9.1	408.6
14.7	26.0	361.2	13.5	8.9	408.6
11.4	26.5	503.3	13.4	9.6	408.6
15.1	26.4	348.9	13.4	8.7	408.6
13.8	26.4	469.2	13.4	9.1	408.6
15.7	26.0	449.3	13.4	9.3	408.6
11.6	25.7	402.2	13.3	9.5	408.6
17.9	24.5	349.8	13.3	7.0	408.6
0.6	24.5	425.6	13.3	8.6	408.6
2.9	24.3	418.9	13.3	9.0	408.6
3.5	24.2	463.5	13.2	9.8	408.6
0.2	25.1	493.5	13.2	9.8	408.6
0.1	26.6	526.7	13.2	10.5	408.6
10.2	25.7	466.5	13.2	10.0	408.6
0.0	25.6	516.0	13.1	10.2	408.6
0.0	26.8	553.3	13.1	10.6	408.6
5.4	26.3	488.3	13.1	10.8	408.6
0.3	26.4	494.7	13.0	9.1	408.6
0.0	25.3	471.1	13.0	9.4	408.6
0.0	24.9	493.0	13.0	8.7	408.6
0.0	25.0	529.5	13.0	8.8	408.6
0.0	25.5	510.6	12.9	10.3	408.6
0.0	24.7	518.1	12.9	10.8	408.6
0.0	25.3	341.6	12.9	8.6	408.6
0.1	25.7	345.8	12.8	8.6	408.6
0.7	23.6	87.3	12.8	5.4	408.6
0.4	25.5	461.9	12.8	8.7	408.1
7.7	26.0	481.9	12.8	9.9	408.1
1.4	26.0	350.8	12.7	9.1	408.1
12.7	26.3	475.4	12.7	10.1	408.1
11.6	26.4	451.7	12.7	8.8	408.1
17.2	25.9	336.3	12.6	8.7	408.1
15.1	25.2	341.9	12.6	7.4	408.1
6.7	25.3	396.6	12.6	8.1	408.1
4.6	25.9	431.1	12.6	8.8	408.1
6.2	26.1	464.1	12.5	8.8	408.1
3.4	22.5	108.3	12.5	7.1	408.1
0.1	19.2	451.6	12.5	7.7	408.1
0.0	19.1	510.3	12.4	8.0	408.1
0.0	18.9	508.6	12.4	8.1	408.1
0.0	19.4	506.7	12.4	8.2	408.1
0.0	20.0	498.5	12.3	8.5	408.1
0.0	20.6	496.9	12.3	7.4	408.1
0.0	20.1	485.4	12.3	8.2	408.1
0.0	20.0	483.8	12.3	7.8	408.1
0.0	20.3	486.2	12.2	9.2	408.1
0.0	21.2	482.6	12.2	9.3	408.1
0.0	22.0	471.2	12.2	9.6	408.1
0.0	22.1	334.1	12.1	9.1	408.1
0.0	22.6	423.0	12.1	9.3	408.1
0.0	22.9	460.5	12.1	9.3	408.1
0.0	23.6	452.5	12.0	8.9	408.1
0.4	23.7	202.1	12.0	7.0	408.1
0.2	24.5	186.6	12.0	7.0	408.1
0.1	25.0	228.3	12.0	8.4	408.1
0.0	24.6	431.1	11.9	8.9	408.1
0.0	23.1	432.8	11.9	7.9	408.5
0.0	20.2	347.2	11.9	7.7	408.5
0.0	17.7	395.6	11.8	4.9	408.5
0.0	19.2	426.7	11.8	7.4	408.5
0.0	18.9	429.1	11.8	7.1	408.5
0.0	18.8	422.6	11.7	7.2	408.5
0.0	17.3	426.4	11.7	7.2	408.5
0.0	18.3	420.6	11.7	7.1	408.5
0.0	18.1	329.2	11.7	7.2	408.5
0.1	20.2	369.3	11.6	7.3	408.5
1.1	20.8	150.3	11.6	4.9	408.5
3.5	20.1	14.8	11.6	4.0	408.5
13.7	21.5	11.4	11.5	1.1	408.5
7.7	21.8	54.4	11.5	3.8	408.5
9.2	21.5	183.4	11.5	6.0	408.5
7.8	21.1	311.6	11.4	6.7	408.5
0.2	17.1	164.8	11.4	4.7	408.5
0.1	15.8	393.6	11.4	5.8	408.5
0.1	16.2	366.4	11.4	5.7	408.5
0.0	14.3	379.3	11.3	5.8	408.5
0.0	13.0	388.0	11.3	6.0	408.5
0.0	14.6	392.7	11.3	6.3	408.5
0.0	15.7	384.9	11.2	6.2	408.5
0.0	16.7	374.1	11.2	6.5	408.5
0.2	15.2	151.8	11.2	5.6	408.5
0.0	13.8	372.7	11.2	5.2	408.5
0.0	16.7	363.1	11.1	6.4	408.5
0.0	18.9	359.5	11.1	6.8	408.5
0.0	13.7	328.8	11.1	5.6	408.5
0.0	11.3	362.4	11.0	4.5	408.5
0.0	13.1	354.6	11.0	5.0	408.5
0.0	16.3	346.9	11.0	6.1	410.6
0.1	18.5	259.7	11.0	6.1	410.6
0.6	18.2	124.8	10.9	4.1	410.6
0.1	16.9	67.4	10.9	3.7	410.6
0.2	15.4	107.7	10.9	3.9	410.6
0.0	15.6	328.0	10.9	4.5	410.6
0.0	14.3	347.3	10.8	5.1	410.6
0.0	10.7	339.6	10.8	4.8	410.6
0.0	11.5	339.6	10.8	4.9	410.6
0.0	12.5	329.5	10.8	5.7	410.6
0.0	12.1	336.5	10.7	5.3	410.6
0.0	14.5	325.1	10.7	6.2	410.6
0.0	14.3	202.9	10.7	4.3	410.6
0.0	12.6	230.7	10.7	4.2	410.6
0.0	14.8	290.1	10.6	5.1	410.6
0.0	14.7	145.3	10.6	5.2	410.6
0.0	15.3	308.2	10.6	5.6	410.6
0.0	8.2	239.8	10.6	3.1	410.6
0.1	9.1	280.0	10.6	3.2	410.6
6.1	10.0	86.1	10.5	3.3	410.6
7.2	4.4	28.8	10.5	2.2	410.6
0.0	2.7	311.2	10.5	2.5	410.6
0.0	1.9	313.1	10.5	2.8	410.6
0.0	6.2	268.9	10.5	3.4	410.6
0.0	8.0	143.7	10.4	3.6	410.6
0.0	4.1	310.3	10.4	3.0	410.6
0.0	5.6	305.2	10.4	3.7	410.6
0.0	7.0	302.8	10.4	4.4	410.6
0.0	8.7	300.9	10.4	4.8	410.6
0.0	11.8	238.3	10.4	4.9	410.6
0.0	14.5	176.6	10.3	4.7	412.8
0.0	13.3	121.6	10.3	3.2	412.8
2.3	13.0	84.9	10.3	2.6	412.8
0.3	13.7	147.0	10.3	4.1	412.8
1.8	14.3	174.9	10.3	3.4	412.8
0.5	15.2	111.3	10.3	3.2	412.8
0.4	15.5	171.3	10.3	4.2	412.8
4.6	8.0	56.6	10.3	4.1	412.8
4.8	-1.0	18.4	10.2	1.7	412.8
0.0	-2.9	268.7	10.2	1.4	412.8
0.0	-3.2	292.3	10.2	1.4	412.8
0.0	1.3	287.4	10.2	2.9	412.8
0.0	3.4	264.9	10.2	3.4	412.8
0.0	6.6	277.4	10.2	4.1	412.8
0.0	0.1	275.5	10.2	2.6	412.8
0.0	-3.6	194.4	10.2	1.7	412.8
0.0	-0.5	284.4	10.2	2.8	412.8
0.0	1.5	278.1	10.2	2.9	412.8
0.0	5.0	171.7	10.2	3.3	412.8
0.0	5.3	280.6	10.2	3.9	412.8
0.0	6.9	279.7	10.2	4.4	412.8
0.0	7.8	281.2	10.2	4.5	412.8
0.0	11.5	277.2	10.2	5.1	412.8
0.3	15.0	263.7	10.2	5.3	412.8
9.5	10.6	68.0	10.2	4.3	412.8
0.0	0.0	86.4	10.2	2.5	412.8
0.0	-0.6	243.6	10.2	2.0	412.8
0.0	3.5	285.7	10.2	3.5	412.8
0.0	3.1	193.4	10.2	3.1	412.8
0.0	-1.8	284.0	10.2	2.0	412.8
0.0	-0.5	291.3	10.2	2.2	412.8
0.0	3.4	284.7	10.2	3.3	414.8
0.0	5.8	287.4	10.2	4.0	414.8
0.0	10.0	290.4	10.2	4.7	414.8
0.0	7.6	287.8	10.2	3.8	414.8
0.0	8.9	272.9	10.3	4.0	414.8
2.7	9.2	95.0	10.3	2.8	414.8
0.6	8.4	64.2	10.3	2.7	414.8
0.3	11.4	209.5	10.3	4.2	414.8
0.5	12.5	201.1	10.3	4.3	414.8
0.7	12.5	78.3	10.3	3.3	414.8
2.0	15.0	249.1	10.3	4.8	414.8
9.7	13.2	34.2	10.3	2.6	414.8
5.4	10.5	31.4	10.4	1.9	414.8
34.8	3.4	15.1	10.4	3.3	414.8
11.0	-1.0	31.1	10.4	1.1	414.8
1.8	-0.4	159.8	10.4	1.2	414.8
25.8	0.1	25.7	10.4	0.5	414.8
17.2	3.7	40.4	10.4	2.1	414.8
4.4	4.6	26.4	10.5	2.0	414.8
3.1	2.8	71.8	10.5	2.6	414.8
1.2	-4.7	114.0	10.5	1.6	414.8
1.7	-3.5	233.7	10.5	1.7	414.8
6.3	-2.2	26.0	10.5	1.8	414.8
0.2	-4.5	303.0	10.6	1.8	414.8
0.0	-4.9	131.6	10.6	1.3	414.8
0.0	-0.5	189.7	10.6	2.2	414.8
0.2	3.0	310.3	10.6	3.4	414.8
18.6	5.8	174.7	10.6	4.0	414.8
24.9	3.0	25.1	10.7	1.9	414.8
1.8	4.3	45.1	10.7	2.1	414.8
0.4	5.5	161.5	10.7	2.7	414.8
1.3	7.8	142.8	10.7	3.3	415.9
5.2	11.8	63.9	10.8	3.4	415.9
20.8	0.5	26.9	10.8	4.8	415.9
0.1	-5.9	127.0	10.8	1.0	415.9
0.0	-3.8	318.6	10.8	2.3	415.9
0.1	-0.5	364.2	10.9	3.0	415.9
0.0	-6.0	368.2	10.9	1.7	415.9
0.0	-2.7	199.6	10.9	1.9	415.9
0.2	1.3	246.2	10.9	3.0	415.9
0.0	5.2	363.2	11.0	4.2	415.9
5.9	4.7	30.6	11.0	2.2	415.9
0.8	9.8	306.9	11.0	5.3	415.9
0.6	10.8	115.6	11.0	4.7	415.9
26.2	13.6	146.6	11.1	3.9	415.9
0.8	15.3	106.8	11.1	4.0	415.9
2.0	17.3	307.5	11.1	6.4	415.9
2.0	7.1	53.2	11.2	5.1	415.9
3.5	5.5	32.9	11.2	2.6	415.9
34.7	1.0	26.9	11.2	2.9	415.9
0.5	-3.5	201.5	11.2	2.0	415.9
0.1	-1.2	274.0	11.3	2.9	415.9
34.8	-0.2	92.2	11.3	1.7	415.9
19.8	0.1	24.2	11.3	0.6	415.9
8.4	2.9	38.3	11.4	2.7	415.9
5.8	-0.4	22.6	11.4	2.7	415.9
18.0	-3.3	39.6	11.4	1.8	415.9
0.5	-5.2	116.2	11.4	1.3	415.9
0.0	-3.2	399.3	11.5	2.1	415.9
0.0	-1.4	413.4	11.5	2.8	416.6
7.4	2.3	106.7	11.5	3.0	416.6
11.0	2.4	56.4	11.6	2.5	416.6
0.0	2.3	213.2	11.6	3.3	416.6
0.1	1.8	433.2	11.6	4.1	416.6
0.0	1.1	356.5	11.7	3.4	416.6
0.2	1.1	145.1	11.7	2.9	416.6
0.5	3.0	418.0	11.7	3.7	416.6
0.0	3.2	333.6	11.7	4.0	416.6
0.0	6.8	422.8	11.8	5.7	416.6
1.1	9.4	248.3	11.8	5.0	416.6
0.4	8.5	326.2	11.8	5.3	416.6
10.3	6.5	91.7	11.9	2.3	416.6
33.1	3.1	35.9	11.9	4.7	416.6
1.0	-4.9	153.7	11.9	2.1	416.6
0.1	-0.3	453.8	12.0	3.6	416.6
0.1	6.0	288.5	12.0	5.7	416.6
35.6	13.2	142.2	12.0	6.8	416.6
0.4	11.7	378.1	12.1	6.9	416.6
23.7	14.3	183.1	12.1	6.0	416.6
1.5	8.5	80.1	12.1	6.0	416.6
0.0	9.5	450.2	12.1	6.2	416.6
0.0	3.8	503.5	12.2	4.5	416.6
0.0	8.5	423.3	12.2	5.8	416.6
0.0	10.8	471.3	12.2	6.9	416.6
0.0	12.7	513.8	12.3	8.0	416.6
0.0	15.1	510.6	12.3	8.8	416.6
0.8	20.6	222.3	12.3	9.0	416.6
5.7	22.5	297.0	12.4	8.0	416.6
32.4	11.8	136.1	12.4	10.0	416.6
1.2	8.0	148.2	12.4	3.5	416.6
0.0	7.6	250.0	12.5	4.5	417.2
0.0	7.2	314.1	12.5	5.9	417.2
0.0	10.8	499.0	12.5	7.8	417.2
0.0	14.3	493.8	12.5	8.2	417.2
54.1	16.8	153.6	12.6	6.2	417.2
0.0	14.1	416.5	12.6	6.7	417.2
0.8	16.8	486.2	12.6	8.5	417.2
20.6	13.8	73.8	12.7	7.4	417.2
5.5	13.1	244.7	12.7	10.7	417.2
0.7	9.6	211.7	12.7	4.7	417.2
14.5	10.2	109.1	12.8	2.5	417.2
21.6	11.8	56.2	12.8	5.7	417.2
6.2	8.9	55.7	12.8	1.8	417.2
2.7	12.3	157.3	12.8	5.5	417.2
0.9	20.2	275.2	12.9	9.8	417.2
0.0	22.1	259.9	12.9	7.1	417.2
3.3	24.2	431.3	12.9	9.3	417.2
4.3	14.1	94.8	13.0	9.9	417.2
0.0	11.2	235.0	13.0	4.9	417.2
0.0	10.6	224.4	13.0	5.8	417.2
0.0	13.1	580.7	13.0	7.7	417.2
0.5	15.3	393.5	13.1	7.4	417.2
6.5	12.6	53.7	13.1	3.5	417.2
0.2	12.5	161.4	13.1	7.3	417.2
0.1	12.4	542.3	13.1	8.0	417.2
0.0	15.4	460.0	13.2	8.9	417.2
0.0	20.1	567.3	13.2	9.0	417.2
0.6	23.7	545.2	13.2	9.5	417.2
2.2	22.8	267.2	13.3	10.9	417.2
0.0	15.9	496.6	13.3	7.4	417.2
6.6	15.0	304.3	13.3	6.8	417.8
32.4	15.8	135.5	13.3	8.5	417.8
5.2	21.4	162.7	13.4	7.1	417.8
10.9	23.9	311.5	13.4	11.2	417.8
0.2	18.4	195.1	13.4	7.4	417.8
4.0	17.6	163.4	13.4	9.1	417.8
0.9	15.9	233.8	13.5	6.6	417.8
23.6	17.6	249.7	13.5	8.1	417.8
4.2	17.6	322.7	13.5	10.1	417.8
0.0	18.7	546.0	13.5	9.3	417.8
0.2	16.7	282.7	13.6	7.8	417.8
1.3	14.9	421.7	13.6	10.5	417.8
0.0	12.4	366.3	13.6	5.6	417.8
0.0	14.3	552.3	13.6	8.0	417.8
0.0	16.8	577.2	13.6	8.8	417.8
0.0	17.3	483.9	13.7	9.8	417.8
0.0	18.3	607.4	13.7	9.7	417.8
0.0	18.1	598.4	13.7	9.4	417.8
0.1	18.2	248.4	13.7	7.2	417.8
4.7	18.3	96.1	13.7	4.8	417.8
3.1	19.9	115.5	13.8	6.6	417.8
0.4	20.3	394.4	13.8	11.1	417.8
0.0	19.2	616.7	13.8	8.6	417.8
9.3	21.4	319.4	13.8	9.1	417.8
4.3	20.6	133.4	13.8	6.3	417.8
5.0	21.6	134.8	13.9	6.4	417.8
2.6	24.5	541.2	13.9	10.7	417.8
6.9	25.3	590.6	13.9	11.4	417.8
13.0	25.4	518.9	13.9	11.6	417.8
4.3	22.3	141.3	13.9	6.6	417.8
11.9	20.7	84.5	13.9	4.8	417.8
6.3	20.4	67.6	13.9	5.1	416.9
0.2	21.6	380.1	14.0	9.6	416.9
0.1	21.2	494.0	14.0	10.6	416.9
0.0	20.4	606.1	14.0	10.6	416.9
0.8	21.4	551.2	14.0	9.5	416.9
7.4	22.4	219.6	14.0	6.8	416.9
4.3	20.9	111.5	14.0	9.0	416.9
0.1	19.8	635.5	14.0	10.3	416.9
0.0	22.4	603.2	14.0	11.7	416.9
0.1	22.6	438.7	14.0	10.7	416.9
0.0	20.3	557.7	14.0	10.3	416.9
0.0	19.1	642.4	14.1	9.9	416.9
0.0	20.0	639.6	14.1	9.8	416.9
0.1	22.6	512.1	14.1	9.4	416.9
0.0	22.8	354.9	14.1	8.8	416.9
0.1	24.0	561.7	14.1	10.5	416.9
3.4	24.2	533.8	14.1	10.4	416.9
20.2	22.4	268.9	14.1	8.6	416.9
5.2	22.3	451.5	14.1	9.0	416.9
0.0	22.0	616.9	14.1	9.6	416.9
0.0	24.8	363.4	14.1	10.0	416.9
31.6	22.7	77.2	14.1	3.4	416.9
1.6	23.2	108.6	14.1	6.3	416.9
0.3	24.7	538.3	14.1	11.1	416.9
0.0	25.6	456.7	14.1	11.4	416.9
13.0	26.5	492.2	14.1	10.9	416.9
53.3	23.2	19.2	14.1	2.9	416.9
11.6	21.1	33.1	14.1	8.1	416.9
0.3	21.6	423.5	14.1	9.1	416.9
0.1	23.1	324.9	14.1	9.0	416.9
0.0	26.2	544.9	14.1	11.5	414.0
0.0	26.8	550.3	14.1	10.2	414.0
11.9	26.5	515.7	14.0	10.1	414.0
3.1	25.8	196.5	14.0	6.9	414.0
1.9	24.9	96.4	14.0	5.6	414.0
0.8	25.7	204.4	14.0	7.4	414.0
0.0	26.4	223.8	14.0	8.1	414.0
1.2	26.6	246.8	14.0	7.3	414.0
11.2	25.6	179.3	14.0	8.4	414.0
9.4	26.7	324.4	14.0	9.9	414.0
0.8	26.5	293.7	14.0	8.6	414.0
4.9	26.7	453.8	14.0	10.5	414.0
8.0	26.6	517.1	13.9	10.0	414.0
11.7	26.5	422.6	13.9	9.8	414.0
15.3	26.3	263.3	13.9	8.2	414.0
2.5	25.8	193.7	13.9	8.2	414.0
5.5	26.1	504.8	13.9	10.8	414.0
5.0	26.5	493.2	13.9	10.5	414.0
12.9	26.1	319.4	13.9	9.4	414.0
7.7	26.6	378.6	13.8	9.3	414.0
9.3	26.0	244.6	13.8	8.4	414.0
20.5	25.7	214.0	13.8	8.4	414.0
19.0	25.3	116.8	13.8	6.9	414.0
18.4	24.6	218.6	13.8	7.1	414.0
14.2	24.6	400.4	13.7	7.7	414.0
0.4	24.6	278.9	13.7	7.5	414.0
0.1	25.0	266.0	13.7	8.5	414.0
0.5	24.7	206.8	13.7	7.3	414.0
0.5	25.2	359.1	13.7	8.6	414.0
0.1	25.8	439.8	13.6	9.7	414.0
0.3	25.9	562.4	13.6	10.4	414.0
5.3	24.8	426.0	13.6	8.3	411.6
1.6	25.5	320.9	13.6	8.3	411.6
17.3	25.4	327.9	13.6	9.2	411.6
15.6	26.5	500.9	13.5	9.8	411.6
18.2	26.5	471.5	13.5	9.7	411.6
7.5	25.2	234.1	13.5	7.6	411.6
16.8	25.5	391.2	13.5	9.0	411.6
7.8	26.1	467.1	13.4	9.6	411.6
2.9	26.5	557.4	13.4	9.9	411.6
16.2	26.1	502.3	13.4	9.1	411.6
15.5	25.6	301.5	13.4	8.3	411.6
4.9	26.3	521.5	13.3	9.7	411.6
0.3	27.0	551.9	13.3	8.8	411.6
7.4	26.4	464.3	13.3	8.0	411.6
0.9	26.5	408.8	13.3	8.3	411.6
0.7	25.8	424.1	13.2	8.7	411.6
0.5	25.3	396.3	13.2	8.8	411.6
1.7	24.9	155.7	13.2	6.3	411.6
1.0	25.0	42.0	13.2	4.0	411.6
0.6	25.7	87.7	13.1	5.3	411.6
1.4	26.2	203.6	13.1	6.4	411.6
0.8	26.1	482.9	13.1	7.7	411.6
4.7	24.8	158.2	13.1	6.1	411.6
1.6	24.6	32.4	13.0	3.8	411.6
8.1	25.1	180.2	13.0	6.2	411.6
3.2	25.6	315.2	13.0	7.0	411.6
2.8	25.7	373.8	12.9	7.2	411.6
13.2	25.8	435.2	12.9	9.2	411.6
15.2	25.9	473.5	12.9	9.2	411.6
17.0	25.2	410.1	12.9	8.1	411.6
4.1	24.0	162.2	12.8	4.7	411.6
1.2	23.4	180.3	12.8	6.3	411.2
0.5	24.0	384.8	12.8	6.7	411.2
1.3	23.3	124.2	12.7	4.7	411.2
0.6	23.4	104.9	12.7	4.4	411.2
0.4	24.7	390.9	12.7	8.0	411.2
17.1	24.3	397.4	12.7	7.4	411.2
1.5	23.1	48.1	12.6	4.2	411.2
0.4	24.5	401.8	12.6	8.8	411.2
0.5	25.5	457.8	12.6	9.4	411.2
0.6	25.3	459.3	12.5	9.5	411.2
0.9	25.5	463.3	12.5	8.6	411.2
9.3	25.2	441.0	12.5	8.2	411.2
1.0	26.1	461.5	12.4	8.7	411.2
15.6	25.3	419.1	12.4	8.3	411.2
5.6	22.6	100.5	12.4	4.9	411.2
7.8	21.0	24.3	12.4	1.9	411.2
1.0	21.8	78.1	12.3	4.1	411.2
0.4	21.6	155.9	12.3	5.3	411.2
0.4	21.9	223.0	12.3	6.0	411.2
0.6	22.3	169.5	12.2	5.7	411.2
0.4	22.6	262.1	12.2	6.9	411.2
0.0	22.7	403.1	12.2	8.0	411.2
2.3	23.6	428.2	12.1	7.5	411.2
0.3	18.1	148.6	12.1	7.1	411.2
0.0	17.1	475.7	12.1	6.1	411.2
0.0	19.3	234.0	12.1	6.0	411.2
0.1	20.0	365.5	12.0	6.7	411.2
0.0	19.4	457.2	12.0	7.7	411.2
0.0	19.5	457.9	12.0	7.9	411.2
0.0	19.8	424.2	11.9	7.0	411.2
0.0	19.7	236.6	11.9	7.5	411.6
0.0	19.6	450.7	11.9	8.7	411.6
0.0	19.2	452.8	11.8	8.6	411.6
0.0	20.3	441.2	11.8	8.8	411.6
0.0	20.0	430.4	11.8	8.4	411.6
0.0	19.8	426.8	11.8	8.5	411.6
0.0	20.6	299.0	11.7	7.3	411.6
0.0	20.1	410.3	11.7	8.4	411.6
0.0	20.1	427.1	11.7	8.1	411.6
0.0	20.2	422.6	11.6	8.4	411.6
0.0	21.8	392.5	11.6	7.5	411.6
0.0	21.3	354.3	11.6	8.0	411.6
0.0	20.5	408.9	11.5	8.3	411.6
0.0	20.5	404.2	11.5	8.4	411.6
0.0	20.8	399.0	11.5	8.4	411.6
0.0	19.6	393.7	11.5	7.6	411.6
0.0	15.9	397.6	11.4	6.8	411.6
0.0	14.2	414.0	11.4	6.6	411.6
0.0	16.0	401.1	11.4	7.5	411.6
0.0	17.9	395.7	11.3	7.6	411.6
0.0	19.3	379.6	11.3	7.5	411.6
0.1	19.6	368.5	11.3	7.7	411.6
0.0	19.8	367.8	11.3	7.0	411.6
0.1	16.7	214.9	11.2	6.5	411.6
0.0	14.9	379.7	11.2	5.9	411.6
0.0	16.4	373.7	11.2	6.0	411.6
0.0	17.1	327.5	11.1	6.4	411.6
0.8	19.2	306.5	11.1	6.1	411.6
0.4	14.5	102.5	11.1	5.2	411.6
0.0	10.1	379.0	11.1	4.9	411.6
0.0	11.4	374.6	11.0	5.5	411.6
0.0	12.6	360.3	11.0	5.9	413.7
0.0	9.1	364.7	11.0	4.4	413.7
0.0	11.3	254.3	10.9	4.5	413.7
0.0	12.1	340.2	10.9	5.6	413.7
0.0	11.5	354.6	10.9	5.3	413.7
0.0	14.1	347.6	10.9	5.8	413.7
0.0	16.9	336.8	10.8	6.1	413.7
0.0	18.7	311.6	10.8	6.3	413.7
0.7	13.7	90.9	10.8	4.0	413.7
16.9	12.7	55.8	10.8	3.8	413.7
1.4	7.0	29.4	10.7	2.1	413.7
0.0	6.5	125.5	10.7	3.1	413.7
0.0	8.3	336.6	10.7	4.2	413.7
0.0	11.7	305.1	10.7	4.5	413.7
0.0	14.1	311.7	10.7	4.9	413.7
0.9	15.5	236.6	10.6	4.7	413.7
0.7	12.5	41.7	10.6	3.5	413.7
0.0	8.5	320.6	10.6	4.1	413.7
0.0	10.0	309.3	10.6	4.1	413.7
0.0	10.3	239.4	10.5	4.5	413.7
0.1	11.1	264.8	10.5	4.5	413.7
0.1	14.7	240.0	10.5	5.1	413.7
1.1	11.8	69.1	10.5	4.3	413.7
0.0	6.4	292.8	10.5	2.6	413.7
0.0	6.3	221.9	10.4	3.0	413.7
0.0	7.7	173.2	10.4	3.4	413.7
0.0	4.7	306.5	10.4	3.4	413.7
0.0	5.2	301.6	10.4	3.6	413.7
0.0	7.3	216.5	10.4	3.6	413.7
0.1	8.2	296.1	10.4	3.5	413.7
0.1	5.0	191.5	10.3	3.3	415.9
0.0	4.5	297.4	10.3	3.6	415.9
0.0	7.8	213.2	10.3	3.8	415.9
0.0	5.7	292.5	10.3	2.9	415.9
0.0	4.4	225.4	10.3	2.6	415.9
0.0	3.5	294.4	10.3	2.8	415.9
0.0	4.0	294.6	10.3	3.4	415.9
0.0	7.2	290.7	10.3	4.1	415.9
0.0	9.3	279.5	10.3	4.1	415.9
0.0	12.7	271.0	10.2	4.6	415.9
3.8	13.9	35.4	10.2	3.2	415.9
5.9	10.0	15.9	10.2	3.0	415.9
3.0	8.2	20.5	10.2	1.2	415.9
4.9	10.4	40.0	10.2	3.7	415.9
3.3	1.5	14.2	10.2	1.9	415.9
0.3	-0.9	78.4	10.2	1.6	415.9
0.0	-3.5	208.3	10.2	1.3	415.9
0.0	-4.5	98.5	10.2	1.5	415.9
0.0	-0.2	283.9	10.2	2.5	415.9
8.7	5.4	258.5	10.2	3.8	415.9
0.0	-2.0	190.2	10.2	2.0	415.9
0.0	-5.2	279.8	10.2	1.5	415.9
0.0	-0.8	283.4	10.2	2.2	415.9
0.0	3.4	274.1	10.2	2.9	415.9
3.1	-0.9	63.5	10.2	1.5	415.9
2.1	0.4	151.7	10.2	1.7	415.9
17.9	1.8	25.5	10.2	1.4	415.9
0.7	2.3	117.7	10.2	2.0	415.9
0.6	0.5	81.3	10.2	1.9	415.9
0.5	5.4	216.2	10.2	3.2	415.9
3.5	9.5	98.4	10.2	3.1	415.9
8.2	5.8	17.2	10.2	2.7	417.9
42.8	1.0	13.6	10.2	1.4	417.9
13.4	2.1	38.0	10.2	2.0	417.9
28.4	5.9	13.9	10.2	1.2	417.9
3.6	6.9	45.3	10.3	1.3	417.9
1.0	6.8	68.9	10.3	2.0	417.9
1.5	9.1	99.5	10.3	2.6	417.9
8.7	11.1	24.3	10.3	2.0	417.9
14.9	3.1	14.7	10.3	3.3	417.9
0.1	-0.9	207.9	10.3	2.0	417.9
0.0	2.8	286.3	10.3	3.1	417.9
0.3	6.4	252.2	10.3	3.7	417.9
1.3	11.5	163.5	10.3	4.0	417.9
10.5	9.6	45.1	10.4	3.8	417.9
15.1	1.5	9.7	10.4	2.1	417.9
0.4	-1.4	135.6	10.4	2.0	417.9
0.0	-2.7	310.5	10.4	1.8	417.9
0.0	2.3	246.4	10.4	2.9	417.9
0.2	-4.0	203.7	10.4	2.4	417.9
1.3	-4.1	176.9	10.5	1.7	417.9
23.0	-0.3	41.6	10.5	1.1	417.9
0.7	-0.5	81.9	10.5	1.7	417.9
4.7	3.1	51.2	10.5	2.5	417.9
1.0	1.3	112.0	10.5	1.8	417.9
9.7	2.6	69.5	10.6	2.3	417.9
0.0	1.2	299.6	10.6	2.4	417.9
0.0	4.4	333.4	10.6	3.5	417.9
0.0	7.1	327.1	10.6	4.4	417.9
0.1	7.4	279.6	10.7	4.7	417.9
0.0	9.7	305.8	10.7	4.9	417.9
11.3	12.9	300.9	10.7	5.2	417.9
1.1	11.0	124.6	10.7	3.5	419.1
1.7	10.9	178.0	10.8	3.8	419.1
3.2	13.2	157.8	10.8	5.0	419.1
2.2	0.2	38.8	10.8	3.3	419.1
0.0	0.4	368.1	10.8	3.1	419.1
0.1	4.9	351.0	10.9	4.7	419.1
0.2	3.0	189.1	10.9	2.9	419.1
1.2	0.9	106.4	10.9	2.1	419.1
12.2	-3.1	50.9	10.9	1.4	419.1
0.0	-5.4	328.8	11.0	2.1	419.1
0.0	-8.1	396.2	11.0	1.2	419.1
0.0	-5.2	388.5	11.0	1.9	419.1
0.0	-5.5	392.8	11.0	2.1	419.1
0.0	-3.5	395.8	11.1	2.5	419.1
0.0	5.6	362.4	11.1	4.8	419.1
2.3	9.4	85.8	11.1	3.3	419.1
0.3	12.2	326.5	11.1	5.4	419.1
0.4	8.6	81.5	11.2	3.1	419.1
17.4	11.6	142.1	11.2	5.5	419.1
1.0	1.9	81.7	11.2	2.1	419.1
2.6	3.2	255.1	11.3	3.1	419.1
2.7	10.0	194.2	11.3	4.5	419.1
8.7	4.9	20.6	11.3	4.6	419.1
0.5	4.5	301.7	11.4	4.0	419.1
0.3	6.5	269.1	11.4	4.8	419.1
0.2	7.3	403.4	11.4	5.2	419.1
2.7	11.5	322.9	11.4	5.8	419.1
14.4	15.4	174.3	11.5	5.5	419.1
6.8	9.1	141.2	11.5	6.0	419.1
0.0	8.7	424.7	11.5	5.3	419.7
1.6	15.1	394.4	11.6	7.3	419.7
0.6	13.9	51.2	11.6	2.6	419.7
8.4	17.1	391.9	11.6	8.7	419.7
10.3	5.2	26.0	11.7	4.2	419.7
0.9	0.7	102.3	11.7	1.4	419.7
0.0	3.2	321.3	11.7	3.5	419.7
0.0	5.2	279.3	11.7	4.3	419.7
0.0	6.6	428.6	11.8	5.5	419.7
0.1	10.2	424.1	11.8	7.0	419.7
0.0	13.3	407.4	11.8	7.5	419.7
36.6	12.5	50.2	11.9	6.1	419.7
0.8	3.0	92.3	11.9	3.9	419.7
0.0	4.2	458.9	11.9	4.3	419.7
0.0	8.0	480.4	12.0	5.6	419.7
0.3	13.2	465.3	12.0	7.2	419.7
0.1	12.3	237.2	12.0	8.0	419.7
0.0	8.7	497.4	12.0	5.8	419.7
0.3	8.3	132.9	12.1	5.2	419.7
0.8	14.3	465.8	12.1	8.8	419.7
7.3	16.5	224.4	12.1	10.1	419.7
0.6	7.0	141.1	12.2	2.8	419.7
0.0	8.7	389.4	12.2	5.9	419.7
0.0	6.3	398.0	12.2	5.0	419.7
0.0	3.6	280.4	12.3	4.4	419.7
7.4	9.6	492.3	12.3	6.6	419.7
33.4	8.4	65.5	12.3	3.1	419.7
0.5	7.5	100.5	12.4	4.3	419.7
8.8	11.0	325.4	12.4	6.1	419.7
25.9	10.3	45.1	12.4	1.8	419.7
20.6	7.5	68.4	12.4	5.8	419.7
0.0	3.9	435.0	12.5	4.4	420.3
0.0	6.8	454.6	12.5	5.7	420.3
0.0	7.2	553.5	12.5	6.3	420.3
0.0	10.9	414.2	12.6	6.5	420.3
0.0	11.9	430.1	12.6	7.9	420.3
0.0	9.6	421.5	12.6	6.3	420.3
0.0	14.7	375.4	12.7	8.5	420.3
0.0	13.9	278.7	12.7	8.8	420.3
0.0	14.0	558.1	12.7	8.2	420.3
0.3	16.7	336.0	12.7	8.2	420.3
0.7	20.1	205.1	12.8	9.2	420.3
0.2	23.2	375.1	12.8	9.7	420.3
21.4	19.5	418.5	12.8	12.8	420.3
0.5	13.6	73.5	12.9	4.2	420.3
0.3	17.6	341.9	12.9	7.4	420.3
12.4	18.0	110.1	12.9	5.9	420.3
16.8	14.4	72.7	12.9	5.5	420.3
0.2	13.0	225.3	13.0	6.0	420.3
2.4	16.8	242.2	13.0	7.3	420.3
5.5	20.3	359.4	13.0	10.0	420.3
0.4	12.0	162.5	13.1	5.5	420.3
0.1	16.3	571.9	13.1	8.3	420.3
0.0	15.6	588.4	13.1	8.2	420.3
39.0	16.2	296.8	13.1	6.5	420.3
5.9	14.1	61.0	13.2	5.7	420.3
0.4	12.6	562.1	13.2	7.9	420.3
0.0	12.9	592.8	13.2	8.0	420.3
0.0	14.0	317.0	13.3	7.7	420.3
6.0	16.7	332.6	13.3	7.9	420.3
10.2	16.7	94.1	13.3	4.9	420.3
0.0	19.7	551.2	13.3	9.9	420.9
0.0	17.3	381.5	13.4	9.1	420.9
0.0	19.2	567.3	13.4	9.6	420.9
6.5	16.0	74.2	13.4	2.9	420.9
0.5	17.7	162.2	13.4	6.2	420.9
0.0	22.0	566.9	13.5	9.8	420.9
2.4	22.5	246.1	13.5	7.0	420.9
6.3	17.8	210.8	13.5	10.2	420.9
0.0	20.3	618.3	13.5	9.8	420.9
0.1	21.5	588.6	13.5	10.6	420.9
8.0	23.6	416.0	13.6	10.1	420.9
0.0	16.2	544.4	13.6	8.2	420.9
0.0	16.5	616.1	13.6	9.0	420.9
1.5	22.2	511.3	13.6	9.9	420.9
12.7	20.8	68.2	13.7	7.0	420.9
0.5	18.3	141.0	13.7	5.4	420.9
0.2	20.2	532.1	13.7	10.4	420.9
5.7	23.8	543.5	13.7	10.6	420.9
3.6	18.9	169.1	13.7	9.8	420.9
0.1	20.3	312.5	13.8	7.5	420.9
0.0	24.2	404.7	13.8	10.5	420.9
7.7	25.7	523.7	13.8	10.2	420.9
0.0	26.1	568.7	13.8	10.8	420.9
21.4	22.3	455.4	13.8	11.3	420.9
0.0	21.2	594.8	13.8	10.7	420.9
7.7	23.7	554.1	13.9	10.6	420.9
2.3	24.1	272.6	13.9	8.0	420.9
23.8	24.9	390.1	13.9	8.9	420.9
11.2	25.7	530.2	13.9	10.2	420.9
1.9	26.1	389.5	13.9	8.9	420.9
24.1	24.5	147.3	13.9	8.1	420.9
1.5	23.9	178.0	14.0	6.6	420.0
9.0	24.6	355.1	14.0	9.4	420.0
0.2	23.7	600.2	14.0	10.6	420.0
0.0	23.4	626.7	14.0	11.8	420.0
0.8	23.9	625.7	14.0	12.0	420.0
0.2	23.9	622.2	14.0	12.5	420.0
0.2	24.1	349.2	14.0	10.0	420.0
8.4	24.1	540.2	14.0	10.3	420.0
1.0	24.6	552.5	14.0	10.7	420.0
22.6	25.6	559.5	14.0	10.1	420.0
17.1	23.1	149.9	14.0	6.3	420.0
0.3	24.8	533.0	14.1	9.7	420.0
0.4	25.1	396.6	14.1	11.7	420.0
0.3	25.1	603.7	14.1	10.9	420.0
1.2	26.3	602.9	14.1	11.6	420.0
0.2	27.3	503.7	14.1	10.4	420.0
20.9	22.4	100.8	14.1	9.7	420.0
0.6	23.2	522.9	14.1	10.4	420.0
9.5	24.6	484.4	14.1	11.1	420.0
26.2	23.3	86.7	14.1	5.2	420.0
0.9	24.1	264.7	14.1	8.6	420.0
0.2	26.2	547.5	14.1	10.8	420.0
38.7	23.9	82.7	14.1	5.7	420.0
5.6	25.3	104.9	14.1	7.2	420.0
11.6	25.1	146.5	14.1	8.6	420.0
0.4	23.6	294.2	14.1	7.5	420.0
0.3	26.3	506.6	14.1	10.4	420.0
0.0	27.5	610.2	14.1	11.5	420.0
2.5	27.6	413.4	14.1	9.7	420.0
10.8	26.5	200.5	14.1	8.4	420.0
17.6	25.0	92.5	14.1	5.5	417.1
9.9	25.3	183.3	14.0	8.3	417.1
6.5	27.1	525.8	14.0	10.4	417.1
6.2	27.7	595.5	14.0	11.1	417.1
15.6	27.2	520.6	14.0	9.5	417.1
7.4	27.7	546.2	14.0	10.7	417.1
10.2	27.4	523.8	14.0	10.2	417.1
33.3	26.7	441.0	14.0	9.8	417.1
8.6	27.2	541.9	14.0	9.6	417.1
15.4	26.2	221.4	14.0	8.5	417.1
9.3	26.8	507.3	14.0	11.1	417.1
2.3	27.3	613.2	13.9	11.0	417.1
3.6	27.6	610.4	13.9	11.0	417.1
4.1	27.7	592.4	13.9	11.4	417.1
9.4	27.2	552.4	13.9	10.2	417.1
10.3	26.9	512.5	13.9	9.8	417.1
16.4	26.3	359.9	13.9	9.2	417.1
14.0	25.6	417.1	13.9	10.0	417.1
8.7	26.0	490.6	13.8	10.8	417.1
5.4	26.7	492.3	13.8	10.4	417.1
5.1	27.1	480.2	13.8	9.9	417.1
7.5	27.5	509.5	13.8	10.3	417.1
0.8	27.0	251.1	13.8	9.1	417.1
2.6	26.0	337.7	13.8	9.3	417.1
4.5	25.8	357.5	13.7	8.7	417.1
7.8	25.5	423.0	13.7	9.2	417.1
5.0	25.1	427.2	13.7	8.7	417.1
0.5	25.8	492.8	13.7	9.3	417.1
0.3	25.8	472.1	13.7	8.9	417.1
0.2	24.8	415.2	13.6	7.6	417.1
0.4	24.3	302.1	13.6	6.8	417.1
0.8	24.5	250.7	13.6	7.9	414.8
1.1	25.8	318.1	13.6	8.0	414.8
2.8	24.7	107.1	13.5	5.0	414.8
1.4	25.4	191.4	13.5	6.4	414.8
2.0	25.7	295.3	13.5	8.4	414.8
1.1	25.0	186.6	13.5	7.3	414.8
1.8	24.4	63.0	13.4	4.8	414.8
2.0	26.3	277.9	13.4	8.2	414.8
15.5	26.8	495.6	13.4	9.0	414.8
35.7	26.1	436.8	13.4	8.4	414.8
3.7	26.8	456.0	13.3	9.0	414.8
0.1	27.1	480.8	13.3	10.0	414.8
0.0	26.1	477.2	13.3	9.6	414.8
0.1	26.7	543.8	13.3	9.4	414.8
0.4	27.0	477.5	13.2	9.3	414.8
0.3	27.2	501.0	13.2	9.8	414.8
0.5	27.8	521.4	13.2	9.2	414.8
0.2	28.3	522.1	13.2	10.4	414.8
0.3	28.5	501.6	13.1	10.1	414.8
0.5	28.9	519.7	13.1	10.1	414.8
27.3	26.4	353.7	13.1	10.0	414.8
6.7	22.8	182.2	13.1	7.4	414.8
0.0	21.6	517.0	13.0	8.8	414.8
0.0	23.2	465.4	13.0	8.2	414.8
0.0	23.2	500.9	13.0	8.9	414.8
0.0	22.6	182.7	12.9	6.7	414.8
0.1	24.6	373.0	12.9	8.1	414.8
2.6	23.3	106.2	12.9	6.2	414.8
0.1	22.9	244.7	12.9	7.9	414.8
2.7	24.4	244.9	12.8	7.0	414.8
2.6	22.5	37.0	12.8	2.9	414.8
0.9	23.7	173.8	12.8	5.2	414.4
14.4	24.0	348.9	12.7	7.8	414.4
7.7	24.7	257.8	12.7	8.0	414.4
0.4	24.1	270.6	12.7	7.3	414.4
0.2	24.6	438.6	12.7	9.0	414.4
7.8	24.6	435.7	12.6	7.9	414.4
10.6	24.4	210.7	12.6	7.6	414.4
11.1	26.0	467.1	12.6	9.4	414.4
0.6	26.0	454.7	12.5	8.7	414.4
3.8	25.3	398.5	12.5	8.3	414.4
0.7	21.5	76.8	12.5	5.6	414.4
0.6	20.6	223.1	12.5	7.7	414.4
0.0	20.7	478.7	12.4	8.5	414.4
0.2	21.1	482.8	12.4	7.4	414.4
0.4	23.1	58.4	12.4	6.0	414.4
6.2	24.6	260.3	12.3	8.0	414.4
12.1	24.6	361.9	12.3	7.3	414.4
0.3	20.9	76.9	12.3	6.5	414.4
0.0	20.4	331.6	12.2	6.5	414.4
0.0	20.8	331.6	12.2	7.5	414.4
0.2	23.1	369.9	12.2	7.9	414.4
0.9	24.0	407.9	12.2	7.1	414.4
1.2	23.9	109.0	12.1	5.1	414.4
2.7	24.4	180.1	12.1	5.7	414.4
6.9	23.2	52.6	12.1	3.1	414.4
1.9	22.8	26.4	12.0	3.1	414.4
0.0	15.4	442.0	12.0	8.3	414.4
0.0	13.3	487.7	12.0	6.9	414.4
0.0	15.0	426.7	11.9	7.4	414.4
0.0	17.5	463.5	11.9	8.2	414.4
0.0	18.2	458.5	11.9	8.2	414.8
0.0	17.3	462.0	11.8	8.3	414.8
0.0	18.4	456.1	11.8	8.4	414.8
0.0	20.2	437.5	11.8	7.9	414.8
0.0	18.1	264.8	11.8	6.8	414.8
0.0	19.3	429.5	11.7	8.0	414.8
0.1	22.0	231.2	11.7	7.5	414.8
0.2	23.8	365.0	11.7	7.3	414.8
0.2	23.6	324.2	11.6	7.8	414.8
0.3	24.1	350.8	11.6	7.5	414.8
0.7	21.5	39.2	11.6	5.2	414.8
0.0	21.5	188.8	11.6	5.5	414.8
0.0	21.5	237.2	11.5	7.0	414.8
0.0	21.1	395.3	11.5	7.2	414.8
0.2	21.0	386.8	11.5	6.6	414.8
0.0	14.2	382.5	11.4	5.8	414.8
0.0	15.3	379.8	11.4	5.6	414.8
0.0	16.1	387.1	11.4	5.8	414.8
0.0	16.3	382.9	11.3	6.1	414.8
0.0	16.5	381.1	11.3	6.1	414.8
0.0	16.3	341.5	11.3	6.7	414.8
0.0	17.4	366.0	11.3	6.7	414.8
0.0	14.7	283.5	11.2	5.4	414.8
0.0	14.7	347.8	11.2	6.5	414.8
0.0	16.5	368.1	11.2	6.1	414.8
0.0	17.2	369.9	11.1	6.5	414.8
0.0	16.8	367.2	11.1	6.9	414.8
0.0	16.7	366.3	11.1	6.5	414.8
0.0	16.8	363.8	11.1	6.2	414.8
0.0	18.1	359.1	11.0	6.1	414.8
0.0	20.0	347.7	11.0	6.6	414.8
0.2	18.9	157.0	11.0	6.0	416.9
0.0	19.8	342.8	11.0	6.2	416.9
10.3	20.0	271.4	10.9	5.4	416.9
12.3	18.0	24.2	10.9	2.3	416.9
2.0	16.7	70.8	10.9	3.0	416.9
0.1	14.4	240.1	10.9	4.5	416.9
0.2	14.5	256.4	10.8	5.0	416.9
0.1	15.4	291.5	10.8	5.1	416.9
0.0	16.6	269.6	10.8	5.2	416.9
0.2	17.3	193.6	10.8	5.3	416.9
2.6	16.9	240.5	10.7	4.7	416.9
1.8	14.7	43.8	10.7	2.0	416.9
0.5	9.0	90.6	10.7	4.0	416.9
0.2	10.9	279.2	10.7	4.1	416.9
9.7	10.5	39.7	10.6	2.6	416.9
0.0	7.6	307.0	10.6	3.0	416.9
4.9	8.2	81.7	10.6	2.2	416.9
12.3	8.4	20.1	10.6	1.4	416.9
0.6	9.8	109.1	10.5	2.7	416.9
0.7	10.1	84.5	10.5	3.5	416.9
0.5	10.9	216.6	10.5	4.2	416.9
5.0	14.9	196.5	10.5	4.5	416.9
5.4	17.8	47.4	10.5	2.8	416.9
1.9	18.6	43.8	10.5	2.7	416.9
5.0	20.4	83.6	10.4	3.0	416.9
5.9	19.8	82.4	10.4	4.3	416.9
4.4	11.9	30.1	10.4	3.9	416.9
5.3	8.5	32.8	10.4	1.8	416.9
11.8	3.6	19.6	10.4	2.6	416.9
1.0	1.3	83.7	10.4	1.8	416.9
14.7	3.1	39.9	10.3	2.0	419.1
6.9	3.8	19.3	10.3	1.2	419.1
3.6	4.6	42.4	10.3	1.4	419.1
3.7	4.2	18.9	10.3	2.1	419.1
0.7	2.8	150.4	10.3	2.9	419.1
0.1	5.0	245.9	10.3	3.5	419.1
0.0	-0.4	92.2	10.3	0.9	419.1
0.0	-0.0	141.8	10.3	2.0	419.1
0.2	1.9	256.7	10.2	2.9	419.1
0.2	3.5	241.9	10.2	3.4	419.1
0.3	4.8	238.1	10.2	3.6	419.1
0.9	8.0	237.9	10.2	3.9	419.1
1.9	2.9	52.2	10.2	2.9	419.1
0.0	-1.0	279.5	10.2	2.0	419.1
0.0	1.5	252.8	10.2	2.6	419.1
0.1	4.5	282.4	10.2	3.4	419.1
0.0	4.4	274.8	10.2	3.4	419.1
0.0	-0.8	284.0	10.2	2.1	419.1
0.0	-2.4	284.1	10.2	2.1	419.1
0.0	0.4	88.8	10.2	1.9	419.1
0.0	0.7	121.8	10.2	2.3	419.1
0.0	-0.9	289.3	10.2	2.2	419.1
0.0	2.2	288.8	10.2	3.1	419.1
0.0	0.1	287.7	10.2	2.7	419.1
0.0	-1.8	220.4	10.2	2.0	419.1
0.0	-3.3	292.1	10.2	1.9	419.1
0.0	1.7	285.1	10.2	3.4	419.1
0.0	4.1	288.9	10.2	3.8	419.1
0.0	6.0	287.9	10.2	4.4	419.1
0.0	7.2	279.6	10.2	4.0	419.1
0.0	10.7	226.3	10.2	4.8	419.1
0.6	12.0	101.6	10.2	3.4	421.2
0.7	14.6	192.5	10.2	4.7	421.2
1.1	5.5	33.9	10.2	4.1	421.2
0.0	-2.5	297.1	10.2	1.9	421.2
0.0	-3.1	299.1	10.3	1.9	421.2
0.0	-2.6	295.7	10.3	1.9	421.2
0.0	0.9	300.0	10.3	2.8	421.2
0.0	-1.2	273.7	10.3	2.4	421.2
0.0	-1.6	307.8	10.3	2.5	421.2
0.0	2.2	311.9	10.3	3.4	421.2
0.0	3.7	310.5	10.3	4.1	421.2
0.0	4.0	310.2	10.3	4.1	421.2
0.0	2.0	313.6	10.4	3.1	421.2
0.0	5.3	272.3	10.4	3.5	421.2
0.0	7.1	296.6	10.4	4.2	421.2
0.0	8.2	251.1	10.4	4.4	421.2
0.5	5.7	128.6	10.4	3.3	421.2
0.2	6.7	299.1	10.4	3.7	421.2
0.0	5.6	285.9	10.5	4.2	421.2
0.0	6.1	293.9	10.5	4.2	421.2
0.0	7.0	323.2	10.5	4.8	421.2
0.0	6.1	334.0	10.5	4.3	421.2
0.0	10.3	321.3	10.5	5.4	421.2
4.1	6.6	171.0	10.6	3.3	421.2
3.9	3.4	47.2	10.6	1.0	421.2
0.1	4.0	175.3	10.6	3.4	421.2
1.7	6.2	328.6	10.6	4.2	421.2
9.1	5.1	40.8	10.7	2.1	421.2
0.2	0.8	102.0	10.7	2.6	421.2
0.0	1.4	236.4	10.7	2.3	421.2
0.9	2.8	116.9	10.7	2.0	421.2
0.0	-0.3	293.4	10.7	2.4	422.3
0.0	-0.2	290.6	10.8	2.3	422.3
0.0	0.5	359.2	10.8	3.2	422.3
0.1	4.5	259.6	10.8	3.7	422.3
0.0	4.1	343.4	10.8	3.6	422.3
0.0	3.1	371.5	10.9	4.0	422.3
0.0	5.0	372.2	10.9	4.6	422.3
0.0	7.8	368.2	10.9	5.6	422.3
1.4	9.3	168.0	10.9	5.0	422.3
0.1	5.0	286.7	11.0	3.9	422.3
0.0	6.3	384.3	11.0	4.9	422.3
0.0	8.6	386.3	11.0	5.7	422.3
2.0	11.8	349.0	11.1	7.2	422.3
0.0	0.2	353.7	11.1	3.2	422.3
0.0	-0.1	403.2	11.1	3.5	422.3
0.0	4.8	381.8	11.1	4.6	422.3
0.0	8.2	403.4	11.2	5.8	422.3
0.0	12.2	394.1	11.2	7.1	422.3
2.2	9.8	180.4	11.2	4.7	422.3
0.1	4.4	178.1	11.3	4.0	422.3
0.0	9.0	412.1	11.3	6.2	422.3
5.2	11.0	240.1	11.3	4.9	422.3
18.9	9.0	24.5	11.3	4.4	422.3
11.6	8.9	153.8	11.4	3.6	422.3
7.0	8.6	17.1	11.4	4.2	422.3
5.7	4.2	16.7	11.4	0.9	422.3
6.5	2.3	28.7	11.5	3.5	422.3
15.7	0.5	286.1	11.5	2.7	422.3
8.9	2.5	34.7	11.5	3.9	423.0
2.2	16.6	184.5	11.6	6.8	423.0
5.3	5.3	22.8	11.6	6.3	423.0
1.3	1.6	80.5	11.6	1.8	423.0
3.0	1.0	72.0	11.6	2.1	423.0
0.1	2.4	237.9	11.7	3.3	423.0
14.4	3.6	166.2	11.7	3.2	423.0
9.2	7.6	86.1	11.7	3.1	423.0
18.0	7.6	42.0	11.8	3.6	423.0
27.3	4.6	29.4	11.8	1.7	423.0
14.1	7.8	19.6	11.8	4.2	423.0
1.8	12.1	58.4	11.9	4.3	423.0
8.8	17.0	350.8	11.9	7.5	423.0
6.5	8.7	51.6	11.9	6.1	423.0
0.0	5.9	336.1	11.9	3.8	423.0
5.1	11.5	60.3	12.0	7.1	423.0
1.7	20.7	435.0	12.0	7.8	423.0
4.6	5.8	48.5	12.0	7.0	423.0
0.1	5.6	283.0	12.1	3.5	423.0
8.9	10.0	350.6	12.1	5.3	423.0
11.8	10.9	43.1	12.1	4.3	423.0
3.6	8.7	61.2	12.2	2.3	423.0
1.9	9.1	137.5	12.2	4.4	423.0
18.1	10.0	149.8	12.2	4.4	423.0
23.0	11.5	49.0	12.3	3.7	423.0
29.1	12.6	153.1	12.3	5.1	423.0
1.2	14.2	117.0	12.3	5.3	423.0
0.2	12.3	270.7	12.3	7.0	423.0
0.0	8.3	519.6	12.4	5.2	423.0
0.4	17.0	475.2	12.4	8.7	423.0
1.0	21.7	354.3	12.4	8.2	423.0
8.9	21.1	391.5	12.5	9.4	423.6
0.0	24.4	500.4	12.5	9.8	423.6
0.4	23.8	501.4	12.5	10.3	423.6
0.1	23.3	477.5	12.6	10.6	423.6
0.1	22.4	506.3	12.6	10.5	423.6
1.2	20.5	487.4	12.6	13.9	423.6
0.0	13.0	545.1	12.6	6.9	423.6
8.5	16.7	367.2	12.7	9.2	423.6
0.2	19.3	407.4	12.7	8.4	423.6
3.3	22.3	415.4	12.7	10.1	423.6
4.5	13.6	94.8	12.8	5.2	423.6
0.0	14.0	490.0	12.8	7.4	423.6
0.0	17.0	557.6	12.8	8.9	423.6
0.0	18.7	330.0	12.9	8.2	423.6
0.0	21.6	547.4	12.9	10.1	423.6
2.9	24.3	527.5	12.9	10.4	423.6
20.8	14.7	111.4	12.9	9.9	423.6
0.0	15.1	558.1	13.0	7.4	423.6
1.2	22.0	478.7	13.0	10.1	423.6
1.5	24.2	243.1	13.0	8.0	423.6
5.9	16.4	50.9	13.1	10.8	423.6
29.9	12.7	43.5	13.1	3.5	423.6
53.8	12.6	48.8	13.1	3.4	423.6
2.6	14.7	58.6	13.1	5.3	423.6
0.6	19.1	469.3	13.2	8.0	423.6
30.7	21.2	386.6	13.2	12.7	423.6
1.2	9.3	108.3	13.2	4.0	423.6
13.0	13.0	435.1	13.2	6.3	423.6
0.3	11.4	370.5	13.3	7.1	423.6
0.0	10.3	330.0	13.3	5.8	423.6
0.0	10.8	318.0	13.3	5.6	424.2
0.0	13.0	599.9	13.3	8.2	424.2
0.0	15.6	588.6	13.4	8.3	424.2
0.1	16.5	245.3	13.4	7.5	424.2
14.4	16.7	303.0	13.4	7.1	424.2
1.8	17.0	180.3	13.4	7.5	424.2
35.4	22.1	539.0	13.5	10.9	424.2
19.9	17.6	107.7	13.5	10.6	424.2
0.1	15.7	498.3	13.5	8.3	424.2
57.7	16.4	60.8	13.5	7.2	424.2
1.1	14.6	116.3	13.6	6.1	424.2
0.0	16.1	622.9	13.6	9.1	424.2
0.0	17.1	477.5	13.6	8.3	424.2
0.1	16.9	291.7	13.6	8.5	424.2
0.2	19.6	481.0	13.7	9.3	424.2
0.5	21.6	513.7	13.7	9.6	424.2
4.1	22.0	502.4	13.7	10.8	424.2
3.4	22.6	503.4	13.7	10.1	424.2
0.1	24.3	496.6	13.7	10.4	424.2
26.2	21.9	218.6	13.8	9.6	424.2
0.0	18.5	635.1	13.8	10.5	424.2
0.0	21.8	610.1	13.8	10.3	424.2
0.3	21.7	170.2	13.8	7.4	424.2
12.7	23.4	411.2	13.8	9.6	424.2
15.3	23.6	375.8	13.8	8.5	424.2
0.0	18.8	441.9	13.9	9.8	424.2
0.0	17.5	486.5	13.9	9.3	424.2
0.1	19.2	620.6	13.9	11.1	424.2
0.1	20.1	620.0	13.9	12.1	424.2
0.0	21.9	612.2	13.9	11.7	424.2
4.7	20.9	286.5	13.9	8.3	424.2
37.7	19.0	66.6	13.9	5.0	423.3
2.8	18.2	120.8	14.0	7.7	423.3
0.3	17.8	376.9	14.0	7.9	423.3
0.1	20.2	565.1	14.0	10.5	423.3
8.8	21.9	481.4	14.0	9.5	423.3
21.3	19.4	62.6	14.0	2.7	423.3
1.6	21.2	66.2	14.0	6.0	423.3
0.4	22.4	137.3	14.0	7.3	423.3
0.2	23.8	584.1	14.0	10.3	423.3
0.0	25.4	613.7	14.0	10.2	423.3
6.5	26.2	532.3	14.0	10.7	423.3
8.5	26.6	539.6	14.1	10.5	423.3
16.9	27.0	516.7	14.1	10.2	423.3
2.2	20.1	133.0	14.1	10.4	423.3
0.0	20.8	590.1	14.1	9.1	423.3
0.7	23.8	490.6	14.1	10.3	423.3
9.4	24.5	378.8	14.1	9.8	423.3
53.5	23.5	269.0	14.1	8.4	423.3
19.0	19.6	58.8	14.1	6.0	423.3
4.3	18.7	35.4	14.1	2.5	423.3
0.7	21.2	264.5	14.1	7.6	423.3
8.7	23.4	201.0	14.1	7.5	423.3
13.3	23.0	46.6	14.1	5.2	423.3
2.8	24.2	116.2	14.1	6.8	423.3
12.3	24.9	256.7	14.1	7.9	423.3
19.1	25.1	432.9	14.1	8.6	423.3
3.1	24.9	187.2	14.1	7.5	423.3
5.0	25.6	329.9	14.1	9.2	423.3
6.7	26.7	560.8	14.1	10.1	423.3
3.9	26.9	544.6	14.1	9.9	423.3
9.7	26.9	438.0	14.1	8.9	420.3
34.7	26.9	402.1	14.0	9.7	420.3
5.2	25.4	111.9	14.0	6.7	420.3
15.7	26.5	522.4	14.0	10.0	420.3
22.8	26.4	507.2	14.0	10.1	420.3
16.8	26.4	396.0	14.0	10.1	420.3
12.9	26.2	249.1	14.0	8.3	420.3
13.4	25.5	130.0	14.0	7.3	420.3
23.2	26.3	369.6	14.0	9.0	420.3
10.0	27.0	388.6	14.0	9.2	420.3
0.7	28.1	580.6	14.0	11.3	420.3
0.0	28.3	619.3	13.9	12.3	420.3
0.0	27.8	621.4	13.9	10.6	420.3
0.1	27.8	621.6	13.9	11.8	420.3
0.0	27.8	624.9	13.9	11.4	420.3
0.9	28.1	480.2	13.9	9.9	420.3
0.6	27.5	313.1	13.9	9.2	420.3
1.4	28.7	480.6	13.9	9.2	420.3
0.2	28.6	595.5	13.8	11.1	420.3
0.2	28.6	581.3	13.8	10.7	420.3
0.8	28.6	462.8	13.8	9.8	420.3
5.1	28.0	507.1	13.8	9.8	420.3
7.9	26.4	326.6	13.8	9.7	420.3
13.4	26.1	438.1	13.8	8.7	420.3
15.5	25.9	480.3	13.7	8.7	420.3
0.1	27.3	559.0	13.7	10.4	420.3
3.2	27.7	594.9	13.7	11.5	420.3
7.2	27.7	482.5	13.7	9.8	420.3
13.0	27.0	378.8	13.7	9.5	420.3
10.5	26.4	319.7	13.6	8.6	420.3
10.1	26.5	538.1	13.6	9.8	420.3
4.1	25.5	553.6	13.6	9.7	418.0
4.7	26.4	583.4	13.6	10.0	418.0
9.9	26.3	556.8	13.5	10.2	418.0
0.1	27.4	569.2	13.5	10.4	418.0
0.0	28.0	584.9	13.5	10.5	418.0
0.1	28.6	574.5	13.5	11.1	418.0
1.5	28.7	560.8	13.5	11.8	418.0
0.0	28.4	591.5	13.4	12.1	418.0
0.2	28.6	582.9	13.4	10.6	418.0
9.3	27.7	561.2	13.4	11.5	418.0
5.1	26.9	514.4	13.4	10.6	418.0
0.4	27.3	471.6	13.3	9.6	418.0
1.7	26.6	297.5	13.3	8.4	418.0
1.2	27.4	423.3	13.3	8.5	418.0
11.9	27.0	514.6	13.3	11.0	418.0
5.8	27.4	542.0	13.2	10.5	418.0
1.5	27.7	557.4	13.2	10.3	418.0
1.7	27.1	554.5	13.2	10.2	418.0
3.1	27.2	517.0	13.1	10.6	418.0
0.9	28.1	478.0	13.1	10.8	418.0
2.5	28.6	473.0	13.1	10.6	418.0
13.7	26.9	519.2	13.1	10.1	418.0
2.7	27.0	474.2	13.0	9.9	418.0
0.1	28.1	532.7	13.0	9.7	418.0
7.1	27.0	449.6	13.0	8.9	418.0
17.1	25.7	395.2	13.0	8.3	418.0
13.9	24.8	440.6	12.9	8.3	418.0
1.0	24.2	249.7	12.9	7.4	418.0
21.5	24.6	419.6	12.9	8.4	418.0
1.1	22.7	133.6	12.8	5.0	418.0
0.6	23.0	185.7	12.8	5.7	418.0
0.7	23.3	110.5	12.8	5.8	417.7
4.4	24.5	441.8	12.8	7.6	417.7
10.0	24.7	474.9	12.7	8.3	417.7
13.1	25.0	428.0	12.7	8.5	417.7
1.0	25.8	461.3	12.7	9.2	417.7
0.5	26.0	464.2	12.6	9.3	417.7
0.4	25.8	486.0	12.6	9.4	417.7
0.1	25.6	495.8	12.6	8.4	417.7
1.1	26.6	438.4	12.5	7.7	417.7
1.3	25.0	139.3	12.5	6.6	417.7
4.0	24.4	140.6	12.5	6.4	417.7
0.4	22.8	133.6	12.5	8.1	417.7
0.0	22.4	468.3	12.4	9.0	417.7
0.0	22.8	497.7	12.4	9.6	417.7
0.0	23.8	462.1	12.4	9.7	417.7
0.0	24.7	490.5	12.3	9.8	417.7
0.0	22.9	496.1	12.3	8.6	417.7
0.1	23.8	468.3	12.3	8.1	417.7
3.0	21.3	242.2	12.2	6.1	417.7
0.8	19.1	256.4	12.2	5.9	417.7
0.0	19.7	449.1	12.2	6.4	417.7
0.0	20.3	415.9	12.2	7.5	417.7
0.0	22.1	291.4	12.1	7.8	417.7
0.0	23.0	274.4	12.1	7.2	417.7
0.1	20.8	161.0	12.1	6.8	417.7
0.0	22.5	463.9	12.0	9.5	417.7
0.0	24.3	457.3	12.0	9.2	417.7
0.0	25.4	423.4	12.0	9.4	417.7
0.2	26.0	437.1	11.9	9.6	417.7
0.0	25.5	447.4	11.9	9.6	417.7
0.0	25.3	443.3	11.9	8.9	418.1
0.2	24.4	424.7	11.9	7.7	418.1
0.0	24.1	431.1	11.8	8.3	418.1
0.0	23.7	402.2	11.8	8.5	418.1
0.0	22.2	413.5	11.8	8.2	418.1
0.0	20.0	390.4	11.7	6.8	418.1
0.0	19.3	408.3	11.7	6.8	418.1
0.0	19.4	416.9	11.7	6.6	418.1
0.0	20.0	318.8	11.6	6.8	418.1
0.0	20.1	266.8	11.6	7.4	418.1
0.0	18.9	424.6	11.6	7.2	418.1
0.0	18.9	413.8	11.6	7.2	418.1
0.0	19.3	403.7	11.5	7.3	418.1
0.0	19.1	402.4	11.5	6.3	418.1
0.2	19.4	311.5	11.5	6.1	418.1
0.0	18.6	361.9	11.4	6.7	418.1
0.0	19.3	390.9	11.4	7.0	418.1
0.0	20.5	311.4	11.4	6.9	418.1
0.0	13.9	247.7	11.4	5.8	418.1
0.0	13.9	405.1	11.3	5.9	418.1
0.2	18.2	379.9	11.3	7.2	418.1
0.1	17.8	211.5	11.3	6.7	418.1
0.0	18.9	381.0	11.2	7.1	418.1
0.2	20.0	366.6	11.2	6.5	418.1
0.0	17.0	106.6	11.2	6.2	418.1
0.0	16.7	378.0	11.2	6.9	418.1
0.0	16.8	375.4	11.1	6.8	418.1
0.0	17.4	367.9	11.1	6.8	418.1
0.0	17.3	363.0	11.1	6.7	418.1
0.0	17.6	357.4	11.0	6.1	418.1
0.0	16.6	254.3	11.0	5.7	418.1
0.0	14.8	364.1	11.0	6.0	420.2
0.0	15.8	342.4	11.0	5.7	420.2
0.0	12.2	128.4	10.9	4.1	420.2
0.0	14.1	344.9	10.9	5.3	420.2
0.5	14.0	104.3	10.9	3.2	420.2
7.2	13.6	42.7	10.9	3.9	420.2
1.9	2.7	23.0	10.8	3.9	420.2
0.0	3.1	359.8	10.8	2.9	420.2
0.0	5.9	350.7	10.8	4.0	420.2
0.0	8.4	341.6	10.8	4.7	420.2
0.0	10.4	314.8	10.7	5.1	420.2
0.0	12.5	181.5	10.7	4.4	420.2
0.0	14.8	265.2	10.7	5.3	420.2
0.0	16.0	313.2	10.7	5.4	420.2
0.0	15.3	220.3	10.6	5.2	420.2
0.1	17.1	289.0	10.6	5.4	420.2
0.0	17.8	267.7	10.6	5.5	420.2
8.6	11.4	39.8	10.6	4.4	420.2
0.0	7.8	240.1	10.6	3.1	420.2
0.1	9.2	237.9	10.5	3.5	420.2
10.8	10.9	27.3	10.5	2.3	420.2
1.8	9.7	35.9	10.5	2.8	420.2
0.4	7.5	221.8	10.5	3.3	420.2
0.1	7.9	269.4	10.5	3.9	420.2
0.3	10.0	257.1	10.4	4.3	420.2
0.0	10.5	37.6	10.4	3.4	420.2
1.3	9.0	292.3	10.4	2.8	420.2
7.3	7.8	25.3	10.4	0.9	420.2
0.3	9.8	122.2	10.4	2.4	420.2
0.9	10.4	121.1	10.4	2.6	420.2
5.2	10.5	43.7	10.3	2.2	422.4
3.0	10.3	89.0	10.3	2.7	422.4
0.4	5.3	57.7	10.3	2.8	422.4
0.0	-0.4	300.8	10.3	2.0	422.4
0.0	1.3	278.1	10.3	2.8	422.4
0.0	4.1	264.6	10.3	3.7	422.4
0.0	8.4	281.3	10.3	4.6	422.4
0.1	11.6	155.5	10.3	3.8	422.4
20.8	8.8	73.8	10.2	4.4	422.4
12.9	-4.8	32.0	10.2	1.7	422.4
0.0	-4.8	300.6	10.2	1.5	422.4
0.2	-0.7	279.5	10.2	2.3	422.4
0.0	-2.4	160.2	10.2	1.8	422.4
0.1	4.2	229.2	10.2	3.2	422.4
0.3	4.6	215.5	10.2	2.8	422.4
0.6	2.0	124.0	10.2	2.6	422.4
0.2	4.4	250.0	10.2	3.5	422.4
1.4	4.5	60.4	10.2	2.5	422.4
0.1	4.9	138.0	10.2	2.4	422.4
0.1	6.0	253.4	10.2	3.4	422.4
0.0	7.1	210.4	10.2	3.5	422.4
0.0	6.8	270.2	10.2	3.6	422.4
0.0	6.7	248.6	10.2	3.7	422.4
7.8	11.8	236.2	10.2	4.0	422.4
1.0	7.9	89.8	10.2	3.1	422.4
0.0	7.2	279.4	10.2	3.1	422.4
0.1	7.3	256.1	10.2	3.8	422.4
0.7	8.1	191.4	10.2	3.6	422.4
0.3	7.4	201.6	10.2	3.0	422.4
7.0	2.6	16.7	10.2	2.8	422.4
0.5	-4.0	69.8	10.2	1.1	422.4
0.0	-5.6	123.9	10.2	1.3	424.5
0.0	-4.6	221.4	10.2	1.2	424.5
1.7	-5.3	68.6	10.2	1.0	424.5
0.0	-4.9	293.8	10.2	1.7	424.5
0.0	-5.2	295.9	10.3	1.6	424.5
0.0	-2.2	217.6	10.3	1.8	424.5
0.0	-1.7	299.0	10.3	2.3	424.5
2.4	1.8	96.0	10.3	2.4	424.5
6.9	2.3	125.4	10.3	2.8	424.5
0.0	-2.2	296.1	10.3	1.8	424.5
0.0	-2.4	306.8	10.3	2.4	424.5
0.0	-0.7	307.2	10.3	2.8	424.5
0.0	3.2	302.9	10.4	3.6	424.5
0.0	2.3	283.6	10.4	3.0	424.5
0.0	0.6	314.8	10.4	2.9	424.5
0.0	3.5	315.0	10.4	3.9	424.5
0.0	5.0	300.6	10.4	4.4	424.5
0.0	7.7	235.6	10.4	4.6	424.5
4.8	2.5	310.7	10.5	2.9	424.5
24.4	-1.7	43.2	10.5	1.4	424.5
1.5	-0.7	187.5	10.5	1.4	424.5
7.5	1.2	30.4	10.5	2.1	424.5
3.6	5.6	27.7	10.5	2.7	424.5
1.6	0.1	67.0	10.6	2.1	424.5
0.0	-1.4	330.5	10.6	2.5	424.5
0.0	-2.2	330.6	10.6	2.2	424.5
0.0	-3.3	63.1	10.6	1.7	424.5
0.0	-1.9	343.7	10.6	2.5	424.5
0.1	1.5	335.6	10.7	3.7	424.5
0.3	5.9	307.0	10.7	4.1	424.5
0.4	4.3	63.6	10.7	3.3	424.5
0.9	2.2	64.1	10.7	2.6	425.7
0.0	3.0	334.7	10.8	3.6	425.7
0.0	3.3	282.6	10.8	3.1	425.7
0.2	3.9	208.2	10.8	3.3	425.7
0.0	7.3	350.2	10.8	4.9	425.7
0.0	9.8	321.0	10.9	5.8	425.7
0.0	12.3	336.5	10.9	5.6	425.7
3.3	14.0	303.4	10.9	6.7	425.7
28.4	5.1	23.1	10.9	2.3	425.7
1.5	3.5	112.6	11.0	2.0	425.7
23.5	1.1	39.4	11.0	2.3	425.7
3.6	-5.8	122.4	11.0	2.0	425.7
0.0	-5.9	396.2	11.1	1.8	425.7
0.0	-2.3	394.1	11.1	2.7	425.7
0.0	1.0	393.5	11.1	3.7	425.7
0.0	5.4	317.3	11.1	4.6	425.7
0.7	8.4	138.8	11.2	4.3	425.7
2.9	6.9	28.3	11.2	3.6	425.7
1.6	4.9	361.4	11.2	3.0	425.7
0.5	6.2	96.0	11.2	3.1	425.7
1.9	14.0	127.9	11.3	5.6	425.7
10.7	7.3	42.2	11.3	6.4	425.7
0.0	-0.5	426.5	11.3	3.0	425.7
0.0	4.0	418.6	11.4	4.2	425.7
5.3	7.3	190.0	11.4	4.2	425.7
19.7	9.5	105.1	11.4	3.9	425.7
32.5	8.0	25.8	11.5	3.7	425.7
6.1	4.3	22.8	11.5	1.8	425.7
53.1	5.4	48.8	11.5	3.2	426.3
19.0	7.3	33.1	11.5	3.3	426.3
19.9	6.0	20.2	11.6	1.9	426.3
5.7	5.8	31.8	11.6	2.9	426.3
36.8	1.2	39.1	11.6	2.4	426.3
6.9	0.6	82.6	11.7	1.5	426.3
0.7	4.7	224.7	11.7	3.5	426.3
6.1	10.4	315.4	11.7	5.7	426.3
2.0	10.0	77.8	11.8	2.4	426.3
14.8	9.7	31.7	11.8	4.6	426.3
18.2	4.1	120.9	11.8	3.1	426.3
1.1	4.1	116.0	11.8	3.0	426.3
31.8	10.7	66.3	11.9	4.6	426.3
27.4	13.4	36.9	11.9	3.8	426.3
9.1	15.7	117.0	11.9	4.6	426.3
5.7	8.3	125.9	12.0	5.7	426.3
38.7	5.2	30.3	12.0	3.6	426.3
5.6	0.9	29.2	12.0	2.3	426.3
0.0	0.5	292.9	12.1	4.0	426.3
0.0	3.2	495.9	12.1	5.0	426.3
16.5	5.9	368.1	12.1	5.0	426.3
6.2	1.9	72.3	12.2	2.5	426.3
0.2	5.0	183.5	12.2	3.5	426.3
0.1	7.9	223.1	12.2	4.7	426.3
0.5	11.3	394.8	12.2	7.1	426.3
0.1	3.8	247.6	12.3	3.7	426.3
0.1	9.2	494.0	12.3	7.0	426.3
9.2	13.7	213.9	12.3	7.3	426.3
5.8	15.3	56.2	12.4	4.8	426.3
30.6	9.9	40.4	12.4	6.2	426.3
7.5	7.4	29.3	12.4	2.3	426.3
6.6	8.2	167.3	12.5	4.6	426.9
36.9	8.5	53.8	12.5	4.2	426.9
8.0	14.8	113.4	12.5	6.6	426.9
24.4	15.7	84.5	12.6	6.2	426.9
24.8	11.0	43.9	12.6	3.5	426.9
4.1	13.4	33.4	12.6	5.5	426.9
7.6	20.3	383.2	12.6	8.8	426.9
4.5	18.9	338.2	12.7	7.8	426.9
5.1	21.3	242.5	12.7	7.7	426.9
1.9	22.9	477.1	12.7	9.2	426.9
5.6	19.1	226.8	12.8	9.7	426.9
0.0	13.9	510.2	12.8	7.6	426.9
0.0	7.8	432.7	12.8	6.6	426.9
0.0	10.1	565.5	12.8	6.9	426.9
2.2	13.3	289.0	12.9	6.7	426.9
6.6	13.8	46.5	12.9	4.3	426.9
6.5	12.3	203.0	12.9	5.9	426.9
0.0	11.2	479.4	13.0	7.1	426.9
0.0	12.3	581.8	13.0	7.3	426.9
0.0	13.4	425.6	13.0	8.2	426.9
0.0	13.9	174.4	13.0	7.4	426.9
1.2	14.6	71.5	13.1	8.9	426.9
12.4	21.6	321.4	13.1	7.7	426.9
48.8	19.9	298.7	13.1	6.6	426.9
35.8	18.0	49.3	13.2	8.4	426.9
7.5	15.2	36.7	13.2	4.8	426.9
37.9	18.6	55.9	13.2	6.7	426.9
1.2	12.8	66.4	13.2	6.2	426.9
1.0	14.6	242.1	13.3	7.2	426.9
2.7	23.1	480.4	13.3	11.4	426.9
11.5	22.7	451.0	13.3	12.2	427.5
28.7	14.8	41.4	13.3	4.9	427.5
1.9	16.5	354.3	13.4	7.4	427.5
1.4	20.5	120.8	13.4	8.1	427.5
0.0	22.8	276.7	13.4	8.1	427.5
0.0	24.3	402.2	13.4	8.6	427.5
0.0	25.4	429.4	13.5	9.6	427.5
9.4	24.4	552.0	13.5	9.3	427.5
29.0	23.5	340.5	13.5	8.5	427.5
11.5	21.5	110.8	13.5	7.0	427.5
0.2	20.0	529.7	13.6	8.3	427.5
0.4	20.7	386.7	13.6	7.5	427.5
21.0	21.8	144.6	13.6	6.6	427.5
3.1	21.8	71.3	13.6	5.8	427.5
12.1	21.3	136.1	13.6	8.6	427.5
1.2	16.1	194.6	13.7	6.3	427.5
0.1	17.5	556.9	13.7	8.7	427.5
0.0	18.9	608.6	13.7	11.2	427.5
0.0	14.2	633.6	13.7	8.2	427.5
0.0	16.3	646.5	13.8	9.8	427.5
0.0	18.8	647.1	13.8	10.2	427.5
0.0	21.0	631.1	13.8	10.8	427.5
0.0	22.5	613.4	13.8	10.5	427.5
7.4	21.2	328.2	13.8	9.8	427.5
0.0	17.5	516.7	13.8	8.5	427.5
0.7	17.8	487.7	13.9	8.8	427.5
0.1	21.3	617.1	13.9	9.9	427.5
0.1	24.0	524.7	13.9	10.4	427.5
2.2	24.3	590.9	13.9	11.8	427.5
3.0	24.4	579.6	13.9	12.1	427.5
0.0	24.5	536.3	13.9	11.5	427.5
2.0	23.9	147.2	13.9	7.3	426.6
12.1	23.1	76.9	14.0	5.0	426.6
11.4	23.2	70.4	14.0	4.7	426.6
9.2	24.2	175.9	14.0	7.2	426.6
37.0	23.6	164.3	14.0	9.1	426.6
8.6	17.4	79.0	14.0	7.5	426.6
0.2	15.8	121.2	14.0	6.4	426.6
0.0	19.1	580.2	14.0	10.3	426.6
1.9	21.3	473.4	14.0	9.1	426.6
13.0	19.8	57.9	14.0	5.2	426.6
0.1	22.9	560.6	14.0	9.7	426.6
29.4	23.0	182.6	14.1	8.9	426.6
26.8	20.3	39.5	14.1	6.7	426.6
2.4	21.2	141.7	14.1	7.7	426.6
0.1	23.6	570.6	14.1	10.0	426.6
0.0	26.9	601.7	14.1	11.2	426.6
14.3	27.1	454.0	14.1	9.3	426.6
15.3	22.6	236.5	14.1	10.2	426.6
0.0	21.6	470.7	14.1	9.3	426.6
0.2	23.3	522.2	14.1	10.0	426.6
0.7	24.4	191.7	14.1	9.2	426.6
0.6	25.3	353.2	14.1	9.9	426.6
0.2	26.5	559.2	14.1	10.3	426.6
0.1	25.0	387.5	14.1	9.9	426.6
37.4	20.9	90.5	14.1	6.6	426.6
8.4	21.0	51.2	14.1	4.7	426.6
0.8	20.5	59.6	14.1	4.2	426.6
0.0	22.7	544.4	14.1	9.6	426.6
0.0	25.4	584.3	14.1	10.8	426.6
0.0	26.3	540.5	14.1	11.1	426.6
0.2	27.0	499.3	14.1	10.3	423.6
14.1	26.7	371.0	14.0	10.2	423.6
19.6	26.6	528.9	14.0	10.1	423.6
24.9	26.0	445.9	14.0	8.7	423.6
20.1	26.6	443.1	14.0	9.3	423.6
9.8	26.4	391.5	14.0	9.4	423.6
19.6	26.3	460.9	14.0	9.1	423.6
15.5	25.3	211.5	14.0	7.2	423.6
19.4	25.6	293.9	14.0	8.2	423.6
23.7	25.8	468.9	14.0	9.2	423.6
3.1	26.4	537.1	14.0	9.6	423.6
0.2	27.5	604.4	14.0	10.4	423.6
0.1	28.4	598.8	13.9	11.1	423.6
0.0	28.9	610.2	13.9	12.0	423.6
0.0	28.6	624.5	13.9	11.2	423.6
0.0	28.8	623.3	13.9	12.4	423.6
0.1	28.9	616.1	13.9	11.2	423.6
11.2	26.9	505.1	13.9	11.6	423.6
18.3	26.2	441.1	13.8	9.6	423.6
21.4	25.7	186.0	13.8	7.8	423.6
18.1	26.2	429.4	13.8	9.6	423.6
1.9	27.1	533.4	13.8	10.4	423.6
0.1	27.5	512.1	13.8	10.1	423.6
3.6	26.9	354.1	13.8	9.5	423.6
8.5	26.7	392.8	13.7	9.6	423.6
11.6	26.5	343.1	13.7	10.0	423.6
10.1	26.2	319.4	13.7	9.1	423.6
10.9	26.3	354.7	13.7	8.8	423.6
10.1	26.0	351.4	13.7	9.2	423.6
13.0	26.1	443.2	13.6	9.5	423.6
12.2	25.8	296.3	13.6	8.6	423.6
13.8	25.9	442.7	13.6	9.8	421.3
5.3	26.2	520.6	13.6	10.6	421.3
7.2	27.0	540.8	13.6	9.8	421.3
9.3	26.6	359.8	13.5	9.6	421.3
6.8	26.4	352.0	13.5	9.4	421.3
0.1	26.7	489.8	13.5	10.0	421.3
8.9	26.1	428.4	13.5	8.1	421.3
1.3	26.5	438.9	13.4	8.3	421.3
1.3	26.4	460.7	13.4	8.5	421.3
0.3	26.6	558.4	13.4	9.9	421.3
0.0	27.3	578.1	13.4	10.2	421.3
0.0	27.7	565.8	13.3	10.9	421.3
0.0	27.7	556.4	13.3	11.0	421.3
0.0	27.8	516.3	13.3	10.3	421.3
0.0	28.0	421.2	13.3	10.0	421.3
0.0	28.2	435.4	13.2	9.4	421.3
0.1	27.2	224.7	13.2	7.9	421.3
0.0	25.8	380.4	13.2	8.6	421.3
0.0	25.8	426.0	13.2	8.4	421.3
0.0	25.5	468.3	13.1	9.9	421.3
0.2	25.8	414.2	13.1	7.9	421.3
0.0	26.1	207.9	13.1	6.9	421.3
17.7	26.8	427.8	13.0	11.0	421.3
28.7	25.3	329.2	13.0	8.8	421.3
5.3	25.5	375.1	13.0	7.6	421.3
4.1	24.7	377.4	13.0	8.3	421.3
10.9	24.7	429.9	12.9	8.9	421.3
11.6	25.3	482.5	12.9	9.0	421.3
12.8	25.6	444.3	12.9	8.7	421.3
5.5	25.9	477.3	12.8	9.1	421.3
11.0	25.5	410.5	12.8	9.1	421.3
0.2	25.6	429.0	12.8	9.1	421.1
0.1	24.8	465.9	12.8	9.4	421.1
0.1	24.0	470.8	12.7	9.3	421.1
0.0	22.9	338.0	12.7	8.2	421.1
0.0	22.0	294.3	12.7	8.8	421.1
0.0	22.4	252.2	12.6	6.6	421.1
0.1	23.1	343.8	12.6	8.3	421.1
0.0	22.7	432.5	12.6	9.2	421.1
0.0	23.1	519.0	12.6	9.1	421.1
0.0	23.0	508.9	12.5	9.8	421.1
0.0	23.0	513.9	12.5	10.2	421.1
0.0	24.7	500.6	12.5	10.0	421.1
0.0	24.6	478.0	12.4	9.8	421.1
0.0	23.9	499.1	12.4	10.1	421.1
0.0	24.0	502.7	12.4	9.5	421.1
0.0	22.5	503.1	12.3	9.2	421.1
0.0	21.7	505.1	12.3	9.6	421.1
0.0	22.3	498.8	12.3	10.1	421.1
0.0	22.0	471.1	12.3	10.0	421.1
0.0	21.5	500.8	12.2	9.6	421.1
0.0	22.3	489.0	12.2	9.1	421.1
0.0	22.8	479.6	12.2	9.0	421.1
0.0	24.0	472.5	12.1	9.3	421.1
0.0	24.8	423.2	12.1	9.2	421.1
0.2	24.4	333.6	12.1	8.3	421.1
0.0	22.8	300.5	12.0	7.5	421.1
0.0	20.2	300.8	12.0	8.1	421.1
0.0	20.6	456.7	12.0	8.5	421.1
0.0	20.5	439.0	12.0	8.0	421.1
0.0	20.5	453.7	11.9	8.0	421.1
0.0	20.9	443.3	11.9	8.2	421.5
0.0	20.2	450.5	11.9	8.2	421.5
0.0	20.3	449.3	11.8	8.5	421.5
0.0	20.4	448.3	11.8	8.5	421.5
0.0	20.1	444.8	11.8	8.6	421.5
0.0	20.2	443.5	11.7	8.1	421.5
0.1	21.1	416.7	11.7	7.5	421.5
0.0	21.3	358.0	11.7	7.5	421.5
0.4	21.5	130.3	11.7	5.6	421.5
0.0	21.3	409.7	11.6	8.0	421.5
0.0	20.4	406.3	11.6	7.5	421.5
0.0	18.4	416.3	11.6	7.4	421.5
0.0	19.7	404.3	11.5	7.2	421.5
0.0	21.2	366.3	11.5	7.9	421.5
0.0	17.3	426.2	11.5	7.1	421.5
0.0	20.7	409.3	11.4	8.0	421.5
0.0	22.8	391.8	11.4	7.9	421.5
0.0	22.9	388.5	11.4	7.8	421.5
2.4	16.9	135.6	11.4	6.2	421.5
1.1	11.8	64.0	11.3	3.2	421.5
0.6	11.5	121.1	11.3	3.1	421.5
0.0	14.2	168.5	11.3	4.8	421.5
0.0	16.5	359.0	11.2	7.5	421.5
0.0	10.2	397.4	11.2	4.9	421.5
0.0	12.4	369.7	11.2	5.2	421.5
0.0	12.8	384.3	11.2	6.0	421.5
0.0	14.1	379.7	11.1	6.0	421.5
0.0	15.6	367.9	11.1	6.3	421.5
0.0	16.0	355.8	11.1	6.0	421.5
0.0	13.6	278.9	11.0	6.2	421.5
0.0	11.1	377.1	11.0	5.4	421.5
0.0	13.8	334.2	11.0	5.4	423.6
0.0	14.0	299.8	11.0	6.2	423.6
0.0	15.0	356.2	10.9	5.9	423.6
0.0	17.0	240.7	10.9	5.3	423.6
0.0	19.0	332.9	10.9	6.1	423.6
2.2	17.4	192.6	10.9	5.0	423.6
3.1	13.0	37.5	10.8	2.6	423.6
0.0	14.9	208.0	10.8	4.9	423.6
1.6	17.4	232.8	10.8	5.5	423.6
1.3	15.0	39.6	10.8	2.6	423.6
0.1	15.0	260.7	10.7	4.5	423.6
0.0	13.8	327.5	10.7	5.2	423.6
0.4	14.9	317.7	10.7	5.1	423.6
0.6	15.6	119.5	10.7	4.0	423.6
4.2	16.7	223.4	10.6	5.9	423.6
0.0	11.7	328.4	10.6	4.1	423.6
0.0	12.4	326.5	10.6	5.2	423.6
0.1	13.4	321.5	10.6	5.8	423.6
0.0	14.8	306.0	10.6	5.8	423.6
0.0	15.7	312.4	10.5	5.0	423.6
0.4	18.1	205.7	10.5	4.9	423.6
2.1	19.6	65.2	10.5	3.8	423.6
2.3	8.5	32.9	10.5	5.3	423.6
0.0	2.1	310.5	10.5	2.9	423.6
0.0	-1.3	314.8	10.4	2.0	423.6
0.3	1.5	268.4	10.4	2.6	423.6
0.9	7.5	167.7	10.4	3.6	423.6
30.1	8.5	34.7	10.4	1.8	423.6
2.0	6.9	18.7	10.4	2.3	423.6
0.0	2.0	112.2	10.4	2.1	423.6
0.1	2.9	262.7	10.3	2.8	425.8
0.1	7.0	227.9	10.3	3.7	425.8
0.2	9.2	235.1	10.3	3.7	425.8
0.0	7.4	256.0	10.3	3.3	425.8
0.0	9.2	249.7	10.3	3.6	425.8
0.0	9.9	147.6	10.3	3.7	425.8
0.2	9.9	260.9	10.3	3.5	425.8
0.4	6.9	57.2	10.3	2.7	425.8
0.0	6.5	287.2	10.2	3.4	425.8
0.0	7.8	286.9	10.2	4.3	425.8
0.1	7.8	282.3	10.2	4.2	425.8
0.0	9.1	243.4	10.2	3.5	425.8
0.0	10.1	245.1	10.2	4.3	425.8
0.0	9.1	277.2	10.2	4.2	425.8
0.0	8.8	208.2	10.2	3.9	425.8
0.0	9.9	245.5	10.2	3.8	425.8
0.0	9.9	175.4	10.2	4.0	425.8
0.0	6.2	285.9	10.2	3.0	425.8
0.0	6.1	143.2	10.2	3.6	425.8
0.0	7.6	280.2	10.2	4.2	425.8
1.7	10.8	278.6	10.2	4.3	425.8
0.5	14.3	197.2	10.2	4.3	425.8
0.1	15.5	241.1	10.2	4.4	425.8
1.2	11.7	87.5	10.2	5.3	425.8
1.3	2.0	236.8	10.2	2.1	425.8
0.3	-2.2	181.8	10.2	1.8	425.8
0.0	-2.1	290.8	10.2	2.0	425.8
0.0	1.3	179.3	10.2	2.5	425.8
0.0	0.9	292.2	10.2	2.6	425.8
0.0	3.3	292.6	10.2	3.5	425.8
0.0	4.4	290.5	10.2	4.0	425.8
0.0	6.2	292.0	10.2	4.2	428.0
0.2	6.7	216.9	10.2	3.9	428.0
0.0	2.4	285.7	10.2	3.0	428.0
0.0	4.7	295.5	10.2	3.8	428.0
0.0	5.7	294.6	10.3	3.6	428.0
0.0	8.3	297.6	10.3	4.3	428.0
0.0	2.0	304.0	10.3	2.5	428.0
0.0	4.3	297.4	10.3	3.8	428.0
0.0	7.0	298.4	10.3	4.3	428.0
0.0	7.0	303.3	10.3	4.4	428.0
0.0	9.4	301.1	10.3	5.3	428.0
0.0	10.3	300.4	10.3	4.8	428.0
0.0	7.6	310.4	10.4	3.8	428.0
0.0	10.5	299.8	10.4	5.1	428.0
0.0	3.3	294.5	10.4	3.2	428.0
0.0	2.8	269.6	10.4	3.5	428.0
0.0	0.9	154.6	10.4	2.9	428.0
0.0	0.6	320.3	10.4	3.2	428.0
0.0	3.4	308.8	10.5	3.2	428.0
0.0	4.2	99.7	10.5	2.3	428.0
0.2	6.6	309.9	10.5	3.4	428.0
0.0	4.7	323.1	10.5	3.7	428.0
0.0	1.6	335.7	10.5	3.3	428.0
0.0	2.0	333.9	10.6	3.5	428.0
0.0	6.1	329.9	10.6	4.9	428.0
5.1	8.2	89.8	10.6	3.2	428.0
8.5	7.3	32.5	10.6	2.8	428.0
0.1	6.6	152.2	10.6	2.4	428.0
0.0	3.9	109.4	10.7	3.2	428.0
0.0	-2.5	353.7	10.7	2.3	428.0
0.0	1.3	347.9	10.7	3.1	428.0
0.0	2.8	181.6	10.7	3.5	429.2
0.0	6.0	338.5	10.8	4.5	429.2
0.0	4.0	361.0	10.8	3.1	429.2
3.5	7.4	258.1	10.8	4.2	429.2
0.2	7.6	101.5	10.8	3.2	429.2
0.0	2.5	159.2	10.9	2.8	429.2
1.5	6.5	357.5	10.9	4.1	429.2
13.8	5.6	12.3	10.9	3.0	429.2
17.2	0.5	17.5	10.9	1.4	429.2
8.5	4.4	11.4	11.0	2.5	429.2
29.6	4.5	14.3	11.0	2.3	429.2
18.7	1.6	30.5	11.0	2.3	429.2
1.3	1.9	82.1	11.0	2.2	429.2
10.5	5.3	75.5	11.1	3.1	429.2
6.3	-2.0	36.3	11.1	2.4	429.2
0.0	-3.3	361.5	11.1	1.9	429.2
0.0	-3.7	255.6	11.2	2.3	429.2
0.4	-4.2	172.6	11.2	1.8	429.2
0.0	-1.2	155.6	11.2	1.8	429.2
3.8	1.8	351.3	11.2	3.0	429.2
0.8	3.0	116.6	11.3	2.7	429.2
0.1	0.2	202.4	11.3	2.4	429.2
0.0	-1.1	415.6	11.3	3.0	429.2
12.2	1.4	202.2	11.4	3.2	429.2
3.6	3.1	109.6	11.4	2.9	429.2
8.7	1.6	244.0	11.4	2.8	429.2
18.8	0.9	53.8	11.4	2.0	429.2
0.6	3.0	143.6	11.5	3.1	429.2
0.0	1.8	363.1	11.5	2.7	429.8
0.0	1.3	262.9	11.5	2.5	429.8
46.8	2.8	58.9	11.6	3.4	429.8
28.1	6.8	33.6	11.6	3.3	429.8
10.1	4.2	68.9	11.6	2.6	429.8
0.6	3.5	167.8	11.7	3.1	429.8
0.2	6.5	420.5	11.7	5.4	429.8
0.2	8.3	413.9	11.7	6.6	429.8
1.2	11.4	396.7	11.7	7.5	429.8
1.7	13.2	134.6	11.8	5.4	429.8
17.4	12.3	47.3	11.8	5.5	429.8
23.7	6.0	57.4	11.8	3.6	429.8
0.1	6.6	181.5	11.9	3.8	429.8
15.6	7.9	357.4	11.9	4.4	429.8
26.0	8.8	37.3	11.9	4.7	429.8
13.6	4.6	44.0	12.0	2.1	429.8
7.6	4.9	91.0	12.0	2.7	429.8
7.6	7.6	378.3	12.0	4.4	429.8
45.5	7.6	48.6	12.1	2.7	429.8
7.5	8.4	46.9	12.1	2.6	429.8
0.2	9.7	372.3	12.1	5.9	429.8
0.3	12.1	335.7	12.1	7.0	429.8
1.3	15.2	274.2	12.2	6.8	429.8
6.0	14.8	93.1	12.2	4.9	429.8
0.5	14.8	133.6	12.2	5.1	429.8
4.5	15.9	416.2	12.3	10.1	429.8
0.4	7.7	243.6	12.3	4.8	429.8
0.0	10.8	506.2	12.3	6.1	429.8
0.1	13.7	354.6	12.4	7.4	429.8
0.0	14.8	519.9	12.4	8.3	429.8
0.3	19.3	471.0	12.4	9.7	429.8
8.6	17.7	108.2	12.5	6.3	430.3
0.3	14.5	456.5	12.5	7.8	430.3
0.0	14.2	390.8	12.5	7.5	430.3
21.5	17.2	412.5	12.5	9.4	430.3
0.6	10.2	69.3	12.6	5.1	430.3
7.1	12.1	508.6	12.6	6.7	430.3
19.9	12.2	77.4	12.6	5.3	430.3
14.9	14.9	110.6	12.7	7.5	430.3
17.4	12.8	472.1	12.7	6.5	430.3
3.4	11.1	40.8	12.7	4.0	430.3
8.9	15.5	256.1	12.8	7.5	430.3
55.1	17.2	83.7	12.8	8.7	430.3
0.1	7.7	181.0	12.8	4.7	430.3
6.4	12.1	406.8	12.8	7.1	430.3
31.6	12.6	32.9	12.9	5.5	430.3
15.1	9.4	47.5	12.9	6.7	430.3
0.0	8.4	409.6	12.9	6.1	430.3
0.2	12.3	485.7	13.0	8.0	430.3
11.1	15.9	425.8	13.0	9.0	430.3
3.7	17.0	104.4	13.0	5.8	430.3
2.0	21.1	221.4	13.0	7.9	430.3
21.0	17.9	384.9	13.1	11.0	430.3
0.0	11.9	594.6	13.1	7.1	430.3
0.1	16.3	586.9	13.1	9.6	430.3
0.0	18.2	370.2	13.2	8.7	430.3
0.4	20.6	555.3	13.2	9.4	430.3
9.8	18.1	115.3	13.2	5.9	430.3
0.0	19.9	513.6	13.2	7.7	430.3
8.5	20.5	333.4	13.3	8.5	430.3
0.0	16.4	596.8	13.3	9.7	430.3
0.0	18.6	597.5	13.3	8.2	431.0
5.6	21.6	479.9	13.3	8.9	431.0
3.0	13.7	56.3	13.4	8.3	431.0
0.1	12.9	605.6	13.4	7.7	431.0
0.0	14.4	579.7	13.4	7.0	431.0
0.0	15.0	307.3	13.4	7.7	431.0
0.0	17.3	605.3	13.5	10.4	431.0
0.0	18.9	528.9	13.5	10.3	431.0
0.0	20.4	622.5	13.5	10.7	431.0
0.0	21.4	618.2	13.5	11.2	431.0
0.0	23.3	612.8	13.6	11.6	431.0
0.3	25.1	525.5	13.6	10.3	431.0
0.5	25.1	548.1	13.6	9.2	431.0
0.0	27.1	597.1	13.6	10.2	431.0
0.1	27.4	566.4	13.6	11.1	431.0
36.3	22.8	206.4	13.7	10.7	431.0
0.2	18.2	353.3	13.7	8.6	431.0
23.5	19.6	424.7	13.7	8.5	431.0
1.7	16.0	171.1	13.7	6.1	431.0
0.0	15.6	92.7	13.7	5.4	431.0
0.9	15.3	133.7	13.8	6.0	431.0
13.2	14.4	56.8	13.8	3.7	431.0
0.8	14.7	245.4	13.8	6.9	431.0
0.7	18.1	386.7	13.8	8.2	431.0
7.3	21.9	180.4	13.8	8.5	431.0
10.6	23.1	190.3	13.9	6.3	431.0
5.8	21.6	261.2	13.9	7.9	431.0
0.0	22.9	582.1	13.9	10.5	431.0
37.1	24.0	474.3	13.9	9.1	431.0
27.6	23.0	90.5	13.9	4.7	431.0
33.9	24.8	436.4	13.9	9.8	431.0
7.0	23.6	125.5	13.9	5.9	430.1
0.3	23.9	510.4	14.0	11.2	430.1
0.0	23.5	573.7	14.0	11.8	430.1
0.0	22.2	347.4	14.0	11.2	430.1
0.0	22.6	370.9	14.0	10.2	430.1
0.0	22.4	398.9	14.0	10.4	430.1
0.1	24.0	582.6	14.0	9.2	430.1
30.4	22.6	69.7	14.0	3.8	430.1
0.0	25.3	548.1	14.0	10.4	430.1
11.7	25.7	262.5	14.0	10.6	430.1
61.0	24.0	37.2	14.0	6.6	430.1
19.7	24.5	192.3	14.1	8.1	430.1
0.4	24.6	385.5	14.1	8.9	430.1
15.8	26.3	293.7	14.1	9.0	430.1
37.5	25.2	140.4	14.1	7.1	430.1
0.0	26.0	593.6	14.1	10.9	430.1
0.0	25.6	580.2	14.1	11.2	430.1
0.0	23.6	168.1	14.1	9.1	430.1
0.0	21.3	158.0	14.1	7.3	430.1
0.1	23.1	472.0	14.1	9.6	430.1
0.1	23.7	380.3	14.1	9.4	430.1
0.2	24.5	317.6	14.1	8.4	430.1
0.5	25.8	491.5	14.1	8.9	430.1
26.6	25.5	416.8	14.1	9.4	430.1
7.3	24.3	68.9	14.1	7.9	430.1
0.4	22.3	314.6	14.1	8.5	430.1
0.1	24.1	613.5	14.1	11.3	430.1
0.0	24.6	611.0	14.1	11.4	430.1
0.0	23.7	473.7	14.1	9.2	430.1
0.0	24.5	516.1	14.1	9.5	430.1
8.9	26.4	451.2	14.1	10.4	427.0
22.5	23.7	124.6	14.1	6.0	427.0
7.2	24.5	328.5	14.0	8.7	427.0
10.9	24.8	427.3	14.0	9.7	427.0
14.8	24.8	303.8	14.0	8.4	427.0
9.6	25.1	260.2	14.0	7.4	427.0
12.2	25.3	238.2	14.0	8.4	427.0
14.6	24.8	210.0	14.0	7.1	427.0
18.1	25.6	417.4	14.0	9.6	427.0
0.1	27.0	547.4	14.0	10.4	427.0
0.0	27.5	573.9	14.0	11.6	427.0
0.0	27.7	626.2	14.0	12.0	427.0
0.0	27.3	629.6	13.9	11.9	427.0
0.0	28.3	621.8	13.9	11.7	427.0
6.7	27.9	571.6	13.9	12.8	427.0
9.1	27.0	613.5	13.9	11.3	427.0
0.1	26.7	615.1	13.9	11.2	427.0
0.8	26.9	568.3	13.9	9.6	427.0
4.5	27.3	485.7	13.9	10.3	427.0
12.3	26.9	498.7	13.8	10.2	427.0
5.2	27.1	584.4	13.8	10.8	427.0
2.5	27.5	530.2	13.8	10.4	427.0
9.5	27.0	467.9	13.8	10.5	427.0
13.9	27.1	510.6	13.8	9.6	427.0
5.5	27.7	567.0	13.7	11.4	427.0
12.8	27.0	535.3	13.7	10.8	427.0
14.2	25.7	263.2	13.7	7.9	427.0
16.8	24.4	111.7	13.7	6.3	427.0
18.0	25.2	300.1	13.7	8.5	427.0
12.4	26.3	537.4	13.6	9.4	427.0
15.0	26.1	480.7	13.6	9.0	427.0
16.4	25.7	505.7	13.6	9.3	424.7
17.1	25.7	468.8	13.6	8.8	424.7
12.2	25.6	471.3	13.6	8.6	424.7
4.9	25.7	431.0	13.5	7.8	424.7
19.0	25.3	353.9	13.5	6.9	424.7
1.0	25.3	292.6	13.5	7.8	424.7
0.1	25.0	413.3	13.5	9.7	424.7
0.0	25.6	591.9	13.4	10.5	424.7
0.0	26.6	590.4	13.4	10.4	424.7
0.0	27.7	585.9	13.4	10.7	424.7
0.8	28.1	577.7	13.4	10.8	424.7
14.1	26.6	452.8	13.3	8.6	424.7
18.4	26.3	335.3	13.3	8.0	424.7
20.4	26.4	419.9	13.3	9.0	424.7
5.7	27.0	550.9	13.3	10.9	424.7
5.1	26.9	555.9	13.2	10.5	424.7
0.0	27.1	566.1	13.2	10.1	424.7
1.3	27.2	548.8	13.2	10.2	424.7
0.0	27.1	497.5	13.2	9.3	424.7
0.5	27.1	532.1	13.1	10.1	424.7
0.4	27.2	397.8	13.1	9.5	424.7
1.6	27.5	438.7	13.1	9.8	424.7
11.4	26.6	464.5	13.1	9.7	424.7
0.2	26.6	393.9	13.0	8.5	424.7
0.3	27.4	524.4	13.0	9.4	424.7
0.3	27.4	467.5	13.0	9.5	424.7
17.3	26.6	464.3	12.9	9.9	424.7
26.4	24.8	186.7	12.9	5.8	424.7
20.2	24.1	41.8	12.9	2.5	424.7
13.9	24.0	49.2	12.9	4.7	424.7
5.8	24.3	213.3	12.8	7.8	424.7
12.2	25.4	368.4	12.8	8.3	424.6
17.9	25.8	408.5	12.8	8.2	424.6
0.9	24.9	219.0	12.7	7.5	424.6
0.1	25.9	360.9	12.7	9.4	424.6
1.1	26.0	467.3	12.7	12.3	424.6
0.0	17.9	321.8	12.7	7.6	424.6
0.0	18.6	551.4	12.6	9.4	424.6
0.0	19.3	543.2	12.6	9.2	424.6
0.0	21.0	461.9	12.6	8.1	424.6
0.0	23.3	499.1	12.5	8.6	424.6
0.5	25.1	311.6	12.5	8.2	424.6
0.9	25.9	391.1	12.5	7.0	424.6
1.6	25.5	223.2	12.4	6.2	424.6
0.5	26.0	386.6	12.4	7.0	424.6
0.1	26.0	367.3	12.4	8.2	424.6
24.9	24.5	361.5	12.4	8.5	424.6
2.1	22.5	246.7	12.3	7.3	424.6
0.0	20.8	478.2	12.3	7.9	424.6
0.0	20.2	482.2	12.3	7.8	424.6
0.1	23.1	470.3	12.2	8.6	424.6
0.0	22.6	470.3	12.2	8.5	424.6
0.0	23.2	454.8	12.2	8.2	424.6
0.0	24.8	454.9	12.1	9.0	424.6
0.1	25.1	454.2	12.1	8.1	424.6
0.5	24.6	308.2	12.1	7.7	424.6
0.0	25.6	425.6	12.1	8.3	424.6
0.0	20.3	444.9	12.0	8.0	424.6
0.0	19.7	479.1	12.0	7.6	424.6
0.0	23.5	386.0	12.0	9.2	424.6
2.7	25.6	317.7	11.9	9.1	424.6
0.7	19.6	49.7	11.9	4.2	425.1
0.1	18.6	29.2	11.9	2.4	425.1
0.1	19.7	67.9	11.8	3.8	425.1
0.0	20.5	364.2	11.8	7.7	425.1
0.0	19.7	443.6	11.8	7.8	425.1
0.0	20.8	438.5	11.8	7.3	425.1
0.0	20.6	430.8	11.7	8.5	425.1
0.0	20.1	431.3	11.7	8.5	425.1
0.0	20.8	368.4	11.7	7.9	425.1
0.1	21.0	424.2	11.6	8.3	425.1
0.0	18.3	424.3	11.6	7.4	425.1
0.0	17.5	427.1	11.6	7.1	425.1
0.0	16.6	274.5	11.5	5.9	425.1
0.0	18.2	413.0	11.5	6.8	425.1
0.0	19.0	396.9	11.5	7.1	425.1
0.0	17.7	410.6	11.5	6.4	425.1
0.0	18.1	404.1	11.4	6.1	425.1
0.0	19.3	381.8	11.4	6.0	425.1
0.0	13.1	394.2	11.4	5.2	425.1
0.0	14.1	411.2	11.3	6.2	425.1
0.0	15.2	400.2	11.3	6.7	425.1
0.0	14.0	397.1	11.3	6.2	425.1
0.0	14.7	390.6	11.3	6.2	425.1
0.0	16.3	384.1	11.2	6.2	425.1
0.0	15.5	369.1	11.2	7.5	425.1
0.0	9.2	389.0	11.2	4.6	425.1
0.0	9.5	382.1	11.1	5.3	425.1
0.0	10.5	388.7	11.1	6.2	425.1
0.0	12.8	388.0	11.1	6.4	425.1
0.0	12.8	380.2	11.1	5.7	425.1
0.0	12.3	372.8	11.0	5.3	425.1
0.0	10.2	375.2	11.0	4.8	427.1
0.0	9.1	373.7	11.0	4.9	427.1
0.0	10.8	372.9	10.9	5.4	427.1
0.0	10.9	366.6	10.9	5.7	427.1
0.0	12.5	357.3	10.9	5.8	427.1
0.0	15.7	341.2	10.9	5.9	427.1
0.0	14.8	213.1	10.8	5.3	427.1
0.0	9.9	337.5	10.8	4.6	427.1
0.0	8.8	349.5	10.8	4.5	427.1
0.0	10.6	344.4	10.8	4.8	427.1
0.0	9.7	334.4	10.7	4.9	427.1
0.0	8.8	348.7	10.7	4.5	427.1
0.0	6.6	341.2	10.7	4.2	427.1
0.0	5.6	343.1	10.7	3.8	427.1
0.0	7.4	329.2	10.7	4.5	427.1
0.0	9.8	329.9	10.6	5.3	427.1
0.0	11.1	324.2	10.6	5.4	427.1
0.0	11.6	324.4	10.6	5.7	427.1
0.0	12.7	323.0	10.6	5.6	427.1
0.0	12.1	205.8	10.5	4.3	427.1
0.0	10.0	302.7	10.5	4.6	427.1
0.0	10.6	320.4	10.5	4.7	427.1
0.0	13.2	288.3	10.5	4.7	427.1
0.0	13.0	291.6	10.5	5.2	427.1
0.0	13.9	301.0	10.4	5.3	427.1
0.0	14.6	284.5	10.4	5.3	427.1
0.0	14.5	258.2	10.4	5.0	427.1
0.1	14.1	134.5	10.4	4.4	427.1
0.1	15.5	274.4	10.4	5.4	427.1
3.3	13.2	112.5	10.4	4.7	427.1
1.2	8.2	70.5	10.3	1.4	429.3
1.8	11.9	228.5	10.3	3.5	429.3
4.6	6.7	26.9	10.3	3.7	429.3
0.0	4.0	283.7	10.3	2.7	429.3
0.2	7.6	295.1	10.3	4.1	429.3
1.4	5.4	75.2	10.3	1.3	429.3
0.3	7.1	105.4	10.3	2.4	429.3
0.8	7.8	112.9	10.3	2.9	429.3
0.3	4.2	150.6	10.2	2.4	429.3
0.2	6.6	274.2	10.2	3.3	429.3
0.4	8.9	80.5	10.2	2.8	429.3
0.2	12.3	271.5	10.2	4.1	429.3
0.0	12.5	155.3	10.2	3.7	429.3
0.4	11.9	229.8	10.2	3.9	429.3
0.0	5.7	289.6	10.2	2.6	429.3
0.0	4.3	283.7	10.2	2.9	429.3
0.0	6.0	287.1	10.2	3.9	429.3
0.0	9.5	186.2	10.2	4.3	429.3
0.1	8.0	267.1	10.2	3.1	429.3
0.1	6.2	116.9	10.2	2.0	429.3
0.2	7.2	193.0	10.2	2.8	429.3
2.0	8.9	83.9	10.2	3.0	429.3
0.1	4.8	167.7	10.2	3.1	429.3
0.6	4.9	231.4	10.2	2.6	429.3
12.2	4.8	39.6	10.2	2.1	429.3
0.0	-1.0	122.6	10.2	2.2	429.3
0.0	-1.6	290.9	10.2	2.2	429.3
0.0	1.8	288.6	10.2	2.9	429.3
0.0	-0.3	290.4	10.2	1.9	429.3
0.0	2.9	288.8	10.2	2.7	429.3
0.0	4.9	287.4	10.2	3.7	429.3
1.1	6.9	285.7	10.2	4.4	431.5
0.8	-1.4	83.3	10.2	2.0	431.5
0.0	-3.0	302.8	10.2	1.6	431.5
0.0	-2.7	305.0	10.2	2.0	431.5
0.0	1.4	300.0	10.3	3.3	431.5
0.0	0.9	304.4	10.3	3.2	431.5
0.0	3.1	306.8	10.3	3.6	431.5
0.0	7.0	295.8	10.3	4.5	431.5
0.0	8.1	236.0	10.3	4.5	431.5
0.0	6.4	279.7	10.3	4.2	431.5
0.0	6.4	297.6	10.3	4.2	431.5
2.0	8.9	291.7	10.3	4.3	431.5
7.3	7.2	21.0	10.3	2.2	431.5
0.3	4.7	108.5	10.4	2.9	431.5
0.2	6.5	288.8	10.4	3.5	431.5
0.4	5.3	233.1	10.4	3.0	431.5
1.0	0.2	41.4	10.4	2.8	431.5
0.0	-2.4	324.5	10.4	1.7	431.5
0.0	1.7	322.9	10.4	2.4	431.5
0.0	-1.2	324.7	10.5	2.4	431.5
0.0	3.3	325.3	10.5	3.9	431.5
0.0	7.8	318.1	10.5	5.2	431.5
0.0	12.6	223.7	10.5	5.5	431.5
2.2	12.5	154.1	10.5	5.1	431.5
0.4	7.9	64.7	10.6	2.5	431.5
0.1	8.8	250.5	10.6	4.2	431.5
0.1	11.7	301.6	10.6	5.6	431.5
2.7	14.9	227.4	10.6	5.4	431.5
1.9	16.3	252.1	10.7	5.7	431.5
7.2	6.9	306.4	10.7	3.4	431.5
9.8	1.0	31.5	10.7	1.9	431.5
0.0	0.5	329.5	10.7	3.0	432.8
0.0	3.9	332.5	10.8	3.1	432.8
4.6	4.3	63.2	10.8	2.1	432.8
0.0	3.0	300.2	10.8	3.4	432.8
0.3	3.8	159.7	10.8	3.0	432.8
0.0	3.2	343.3	10.9	3.7	432.8
0.0	2.9	372.7	10.9	3.3	432.8
0.0	8.5	348.5	10.9	4.8	432.8
0.0	8.6	350.5	10.9	5.2	432.8
0.0	4.3	304.2	11.0	3.1	432.8
0.0	6.0	385.1	11.0	4.6	432.8
0.0	6.9	382.9	11.0	4.6	432.8
0.1	10.5	300.1	11.0	6.2	432.8
0.0	2.3	204.1	11.1	3.5	432.8
0.0	4.5	403.4	11.1	4.8	432.8
0.0	8.5	355.2	11.1	6.0	432.8
0.0	12.5	341.0	11.2	7.2	432.8
0.0	17.5	358.4	11.2	7.3	432.8
5.9	17.3	274.1	11.2	6.2	432.8
12.9	15.5	51.2	11.2	3.7	432.8
12.9	7.0	27.1	11.3	5.1	432.8
4.2	2.6	20.1	11.3	1.8	432.8
31.4	1.9	24.4	11.3	1.7	432.8
1.3	2.3	114.2	11.4	2.0	432.8
7.3	5.4	43.5	11.4	2.7	432.8
7.2	6.0	23.2	11.4	2.2	432.8
3.3	8.6	59.6	11.4	3.5	432.8
9.3	7.2	139.3	11.5	3.7	432.8
11.5	-2.2	19.4	11.5	3.2	432.8
23.0	-2.0	52.7	11.5	1.5	433.4
30.2	-0.8	44.8	11.6	1.2	433.4
13.7	-0.4	77.5	11.6	0.9	433.4
19.8	0.0	52.7	11.6	0.7	433.4
5.9	0.2	65.7	11.7	0.9	433.4
5.4	6.3	281.8	11.7	4.4	433.4
10.0	11.3	33.6	11.7	4.2	433.4
2.0	12.4	41.8	11.7	4.8	433.4
6.9	8.9	30.3	11.8	3.3	433.4
1.3	8.8	60.6	11.8	3.6	433.4
0.3	15.6	188.6	11.8	6.7	433.4
4.8	18.2	413.7	11.9	8.1	433.4
1.9	6.9	64.7	11.9	5.4	433.4
12.4	8.4	110.9	11.9	5.2	433.4
11.1	17.8	417.6	12.0	8.1	433.4
14.3	8.3	41.6	12.0	5.4	433.4
28.6	6.5	29.3	12.0	3.8	433.4
19.8	6.5	63.2	12.0	2.8	433.4
16.7	8.1	31.0	12.1	2.3	433.4
8.1	8.7	79.0	12.1	2.6	433.4
1.0	8.0	80.8	12.1	3.1	433.4
0.0	6.1	497.6	12.2	4.7	433.4
0.0	8.5	505.9	12.2	6.5	433.4
0.3	11.5	503.4	12.2	6.9	433.4
0.0	14.3	504.1	12.3	8.2	433.4
0.0	15.6	391.6	12.3	8.5	433.4
0.0	17.7	493.2	12.3	9.2	433.4
0.0	20.0	524.5	12.4	9.9	433.4
0.0	22.2	525.8	12.4	10.8	433.4
0.2	23.4	406.3	12.4	9.8	433.4
4.2	19.3	109.4	12.4	5.6	433.4
20.9	11.8	80.3	12.5	8.4	433.9
22.2	6.3	23.3	12.5	2.0	433.9
28.1	6.8	35.6	12.5	2.0	433.9
7.5	7.6	59.3	12.6	2.3	433.9
0.0	10.9	495.5	12.6	5.8	433.9
0.5	13.5	533.6	12.6	8.1	433.9
0.0	12.4	334.4	12.7	6.8	433.9
0.0	13.1	498.7	12.7	8.3	433.9
0.0	14.9	548.9	12.7	7.7	433.9
20.6	13.0	91.0	12.7	7.7	433.9
0.3	9.0	348.6	12.8	5.4	433.9
12.9	9.9	71.5	12.8	4.0	433.9
20.4	15.7	273.5	12.8	7.4	433.9
20.3	17.5	136.4	12.9	8.5	433.9
1.7	17.9	530.0	12.9	7.7	433.9
0.1	23.1	450.9	12.9	10.6	433.9
15.0	17.2	327.2	12.9	12.4	433.9
0.7	6.7	126.8	13.0	4.5	433.9
0.0	12.5	558.0	13.0	7.1	433.9
0.0	16.9	462.9	13.0	8.8	433.9
0.0	21.7	419.8	13.1	10.2	433.9
6.8	21.9	127.6	13.1	8.6	433.9
5.2	19.6	66.6	13.1	6.1	433.9
28.4	18.1	54.7	13.1	5.7	433.9
2.2	13.5	62.4	13.2	6.5	433.9
19.4	13.1	92.5	13.2	5.4	433.9
17.8	17.0	73.8	13.2	5.9	433.9
0.9	16.3	313.1	13.3	7.5	433.9
2.5	18.1	116.0	13.3	7.0	433.9
7.6	16.3	84.0	13.3	9.2	433.9
0.0	13.4	567.4	13.3	8.4	434.5
0.0	14.0	628.9	13.4	8.8	434.5
0.6	18.1	585.6	13.4	9.3	434.5
61.8	19.0	66.0	13.4	5.5	434.5
63.2	19.0	101.0	13.4	8.6	434.5
5.5	13.8	230.9	13.5	6.9	434.5
0.3	18.2	235.9	13.5	7.8	434.5
0.1	24.6	539.7	13.5	11.3	434.5
4.7	20.1	77.4	13.5	8.9	434.5
6.4	22.7	329.8	13.5	9.9	434.5
0.1	16.3	409.7	13.6	7.6	434.5
5.7	20.9	505.8	13.6	10.5	434.5
55.9	19.8	69.0	13.6	9.6	434.5
0.4	15.4	563.2	13.6	8.0	434.5
26.5	13.7	99.9	13.7	4.3	434.5
1.3	17.0	237.9	13.7	7.6	434.5
7.5	21.1	479.6	13.7	10.3	434.5
4.7	16.7	78.8	13.7	6.8	434.5
18.5	13.1	88.3	13.7	4.3	434.5
0.2	16.1	478.4	13.8	8.3	434.5
0.1	16.8	296.6	13.8	6.2	434.5
0.0	18.6	577.4	13.8	8.7	434.5
0.0	18.7	635.6	13.8	10.7	434.5
0.0	20.0	620.6	13.8	10.1	434.5
0.3	19.0	262.3	13.8	9.8	434.5
17.0	17.5	156.7	13.9	7.0	434.5
0.5	17.5	77.2	13.9	5.4	434.5
0.1	21.8	315.3	13.9	9.3	434.5
22.1	20.9	53.6	13.9	3.8	434.5
0.8	22.2	164.8	13.9	8.0	434.5
22.7	25.0	342.4	13.9	9.0	434.5
67.2	23.6	49.8	14.0	8.0	433.6
1.2	19.3	68.8	14.0	4.6	433.6
0.8	21.1	427.3	14.0	8.7	433.6
4.6	19.6	115.1	14.0	6.6	433.6
0.3	16.8	237.3	14.0	8.6	433.6
0.0	19.2	624.4	14.0	10.0	433.6
0.0	20.5	576.9	14.0	10.7	433.6
0.0	22.6	635.2	14.0	10.9	433.6
3.0	24.3	468.0	14.0	9.9	433.6
4.2	23.8	574.7	14.0	11.9	433.6
0.1	24.3	408.3	14.1	10.2	433.6
9.9	25.3	474.2	14.1	9.8	433.6
59.0	22.5	46.6	14.1	6.0	433.6
1.7	21.4	120.8	14.1	7.3	433.6
0.4	20.1	285.3	14.1	7.3	433.6
0.6	20.1	213.9	14.1	6.6	433.6
0.1	22.4	436.3	14.1	9.6	433.6
0.6	21.9	212.2	14.1	6.6	433.6
0.2	24.0	416.9	14.1	10.1	433.6
1.9	26.5	512.1	14.1	10.5	433.6
8.5	25.1	171.6	14.1	6.4	433.6
2.5	26.0	252.2	14.1	7.4	433.6
6.9	26.1	208.7	14.1	7.2	433.6
24.9	25.7	472.0	14.1	10.2	433.6
0.1	26.7	550.0	14.1	11.8	433.6
0.1	27.4	573.4	14.1	11.0	433.6
0.1	25.4	383.7	14.1	11.5	433.6
0.1	25.6	582.3	14.1	10.7	433.6
0.0	26.1	472.0	14.1	9.4	433.6
36.3	22.6	60.1	14.1	7.4	433.6
6.1	23.4	69.0	14.1	6.3	430.6
0.5	21.5	148.6	14.0	6.5	430.6
0.1	22.6	513.2	14.0	9.7	430.6
0.0	25.7	474.2	14.0	9.5	430.6
15.4	24.5	182.3	14.0	8.1	430.6
2.5	22.0	72.4	14.0	6.0	430.6
2.0	23.8	238.0	14.0	6.9	430.6
5.8	24.3	187.4	14.0	7.8	430.6
23.4	24.2	170.3	14.0	6.6	430.6
1.0	25.0	135.7	14.0	7.0	430.6
0.2	26.3	459.2	14.0	8.5	430.6
3.0	26.8	445.5	13.9	9.7	430.6
0.0	27.6	619.8	13.9	10.4	430.6
0.0	28.3	614.9	13.9	10.7	430.6
7.3	27.1	462.9	13.9	9.9	430.6
15.3	26.8	484.1	13.9	9.1	430.6
6.2	27.6	582.9	13.9	10.8	430.6
5.5	27.6	608.4	13.9	11.4	430.6
2.5	27.9	616.0	13.8	11.5	430.6
0.0	28.1	620.2	13.8	11.8	430.6
0.0	27.8	614.0	13.8	10.8	430.6
0.0	28.0	575.9	13.8	9.9	430.6
0.0	27.7	455.3	13.8	10.7	430.6
0.0	27.7	559.2	13.8	10.4	430.6
0.8	27.5	383.5	13.7	10.2	430.6
0.9	25.9	61.2	13.7	6.1	430.6
3.5	26.7	338.3	13.7	8.7	430.6
1.0	27.2	268.4	13.7	8.4	430.6
4.7	27.2	495.8	13.7	9.4	430.6
0.3	26.6	417.5	13.6	9.9	430.6
0.8	26.0	357.9	13.6	9.1	430.6
0.7	26.5	366.5	13.6	8.7	428.3
1.3	26.9	479.1	13.6	9.6	428.3
0.9	27.6	463.3	13.5	10.5	428.3
0.9	28.2	490.1	13.5	10.5	428.3
8.5	27.5	548.9	13.5	10.7	428.3
23.3	26.8	416.8	13.5	8.7	428.3
12.4	26.8	454.1	13.4	9.6	428.3
11.7	26.6	462.2	13.4	10.4	428.3
0.1	27.6	546.7	13.4	9.8	428.3
0.1	28.4	521.6	13.4	10.1	428.3
12.1	27.8	521.3	13.3	10.1	428.3
6.2	27.6	509.4	13.3	10.5	428.3
7.2	27.2	541.0	13.3	9.0	428.3
0.1	27.9	509.0	13.3	9.7	428.3
0.0	28.2	566.1	13.2	10.0	428.3
0.0	28.8	565.7	13.2	9.9	428.3
0.1	29.4	556.2	13.2	10.4	428.3
0.2	29.6	538.7	13.2	10.6	428.3
9.6	28.0	522.5	13.1	9.3	428.3
20.8	27.1	363.0	13.1	8.2	428.3
1.0	26.1	218.5	13.1	8.8	428.3
0.4	27.1	476.9	13.1	9.1	428.3
9.2	27.0	392.7	13.0	8.7	428.3
9.4	26.9	416.4	13.0	9.2	428.3
22.8	25.6	349.6	13.0	7.9	428.3
23.2	24.8	297.5	12.9	6.7	428.3
11.0	25.8	428.0	12.9	9.3	428.3
16.3	25.5	390.1	12.9	8.7	428.3
9.9	24.8	369.8	12.9	8.2	428.3
0.9	25.2	340.7	12.8	7.1	428.3
0.8	24.6	105.0	12.8	5.2	428.3
2.0	24.4	84.6	12.8	4.9	428.3
2.9	23.8	107.1	12.7	5.0	428.3
0.9	23.3	210.8	12.7	6.0	428.3
1.1	24.5	326.7	12.7	7.1	428.3
1.3	25.2	359.4	12.7	7.6	428.3
0.0	23.2	320.1	12.6	8.3	428.3
0.0	22.5	426.2	12.6	7.7	428.3
0.8	23.9	249.9	12.6	6.9	428.3
1.9	23.8	196.6	12.5	6.2	428.3
0.5	23.4	111.5	12.5	5.3	428.3
0.1	23.3	73.4	12.5	4.3	428.3
0.3	23.6	148.0	12.5	6.1	428.3
0.6	24.9	249.0	12.4	6.7	428.3
1.3	25.8	346.2	12.4	6.7	428.3
2.3	25.5	375.0	12.4	6.8	428.3
13.1	23.8	274.6	12.3	6.7	428.3
0.2	22.0	322.8	12.3	8.0	428.3
0.0	20.9	492.5	12.3	8.3	428.3
0.0	19.8	498.0	12.2	8.6	428.3
0.0	21.8	330.6	12.2	7.3	428.3
0.0	22.6	359.7	12.2	8.2	428.3
0.0	22.0	318.0	12.2	7.8	428.3
0.0	22.2	446.0	12.1	8.9	428.3
0.0	22.9	474.5	12.1	8.5	428.3
0.0	22.3	474.1	12.1	8.5	428.3
0.0	20.7	481.1	12.0	8.5	428.3
0.0	20.4	480.9	12.0	8.5	428.3
0.0	20.9	475.9	12.0	8.4	428.3
0.0	21.4	462.5	11.9	8.9	428.3
0.0	18.2	474.4	11.9	7.2	428.3
0.0	19.6	458.0	11.9	8.1	428.7
0.0	21.3	452.9	11.8	8.3	428.7
0.0	21.2	413.7	11.8	8.0	428.7
0.0	20.9	396.2	11.8	7.8	428.7
0.0	19.5	447.9	11.8	7.9	428.7
0.0	18.9	445.2	11.7	8.2	428.7
0.0	18.8	434.2	11.7	7.9	428.7
0.0	19.2	416.1	11.7	7.3	428.7
0.0	20.9	267.6	11.6	6.9	428.7
0.5	21.7	220.6	11.6	7.5	428.7
0.0	21.0	412.4	11.6	8.0	428.7
0.0	18.8	285.7	11.5	5.9	428.7
0.0	18.9	317.4	11.5	6.7	428.7
0.0	19.7	400.8	11.5	7.3	428.7
0.0	19.4	406.1	11.5	7.6	428.7
0.0	19.4	406.2	11.4	7.8	428.7
0.0	18.9	410.4	11.4	7.9	428.7
0.0	18.9	405.7	11.4	7.5	428.7
0.0	19.6	337.2	11.3	6.5	428.7
0.0	16.9	385.3	11.3	6.3	428.7
0.0	16.7	392.6	11.3	6.0	428.7
0.0	17.7	344.9	11.3	6.9	428.7
0.0	18.8	382.2	11.2	7.2	428.7
0.0	18.4	385.0	11.2	6.9	428.7
0.0	18.9	379.1	11.2	7.1	428.7
0.0	19.2	369.3	11.1	6.5	428.7
0.0	19.1	325.8	11.1	5.8	428.7
0.4	16.3	240.8	11.1	5.7	428.7
0.0	13.7	372.1	11.1	5.9	428.7
0.0	15.5	354.3	11.0	6.5	428.7
0.0	17.0	350.6	11.0	6.8	428.7
0.0	17.1	288.0	11.0	6.8	430.7
0.0	9.9	375.0	11.0	4.8	430.7
0.0	12.2	368.3	10.9	5.1	430.7
0.0	14.3	255.7	10.9	5.6	430.7
0.0	14.6	355.7	10.9	6.1	430.7
0.0	8.4	360.8	10.9	4.3	430.7
0.0	10.9	294.6	10.8	4.9	430.7
0.0	13.9	288.8	10.8	4.9	430.7
0.0	9.7	348.0	10.8	4.8	430.7
0.0	9.5	350.9	10.8	5.0	430.7
0.0	13.3	326.5	10.7	5.4	430.7
0.0	15.9	317.3	10.7	6.1	430.7
0.5	18.1	232.9	10.7	5.4	430.7
10.0	12.2	18.6	10.7	3.7	430.7
14.3	10.1	13.4	10.6	1.1	430.7
8.0	10.3	16.9	10.6	1.2	430.7
25.8	10.9	16.6	10.6	1.7	430.7
4.2	11.1	84.1	10.6	2.0	430.7
3.8	10.5	82.0	10.5	2.2	430.7
8.5	10.6	172.9	10.5	2.3	430.7
22.1	8.3	17.2	10.5	3.2	430.7
0.0	-0.1	218.9	10.5	2.2	430.7
0.0	0.8	317.4	10.5	2.2	430.7
0.0	2.9	187.6	10.5	3.0	430.7
2.0	7.8	293.0	10.4	3.9	430.7
0.0	3.2	196.3	10.4	2.7	430.7
0.0	1.0	313.6	10.4	2.6	430.7
0.0	2.9	305.8	10.4	2.9	430.7
0.0	8.6	274.5	10.4	4.2	430.7
0.5	4.5	58.3	10.4	2.4	430.7
0.0	3.4	256.5	10.3	2.8	433.0
0.0	2.0	304.4	10.3	3.0	433.0
0.0	3.0	300.3	10.3	3.2	433.0
0.0	5.4	259.9	10.3	3.8	433.0
0.0	6.0	263.8	10.3	4.6	433.0
0.0	-0.0	296.2	10.3	2.2	433.0
0.0	0.9	304.4	10.3	2.9	433.0
0.0	4.0	296.8	10.3	3.9	433.0
0.0	6.9	296.1	10.2	4.6	433.0
0.0	5.1	289.4	10.2	3.7	433.0
0.0	3.8	293.9	10.2	3.3	433.0
0.0	5.8	288.0	10.2	4.2	433.0
0.0	6.9	285.8	10.2	4.2	433.0
0.0	7.9	282.6	10.2	4.4	433.0
0.0	8.5	282.6	10.2	4.6	433.0
0.0	10.0	281.3	10.2	4.8	433.0
0.0	8.7	274.4	10.2	4.4	433.0
0.0	7.1	284.5	10.2	3.4	433.0
0.0	10.5	290.2	10.2	4.1	433.0
0.0	5.2	292.2	10.2	3.4	433.0
0.0	5.9	288.0	10.2	3.6	433.0
0.0	8.7	285.1	10.2	4.8	433.0
0.2	11.7	276.0	10.2	5.3	433.0
1.5	10.6	49.4	10.2	2.8	433.0
0.5	11.0	47.4	10.2	3.0	433.0
6.8	9.8	149.4	10.2	3.2	433.0
5.5	6.6	11.3	10.2	1.1	433.0
1.4	6.7	62.8	10.2	1.8	433.0
0.9	6.3	65.2	10.2	1.6	433.0
8.2	8.9	108.3	10.2	2.9	433.0
0.0	10.7	142.3	10.2	3.4	433.0
2.1	11.9	132.1	10.2	3.7	435.2
0.1	5.5	83.9	10.2	2.5	435.2
0.0	2.7	287.1	10.2	2.7	435.2
0.0	1.2	291.3	10.2	2.6	435.2
0.0	1.8	297.0	10.3	3.0	435.2
0.0	1.0	295.1	10.3	2.6	435.2
0.0	-1.5	302.9	10.3	2.3	435.2
0.0	-0.9	308.4	10.3	2.3	435.2
0.0	2.2	202.2	10.3	2.8	435.2
0.0	7.2	293.8	10.3	3.8	435.2
2.6	8.3	72.2	10.3	3.7	435.2
0.0	-2.6	268.5	10.3	2.2	435.2
0.0	-1.5	321.0	10.4	2.5	435.2
0.0	2.2	305.6	10.4	3.1	435.2
0.0	-1.0	250.3	10.4	2.3	435.2
0.0	-1.7	320.1	10.4	2.6	435.2
0.0	0.0	322.3	10.4	3.1	435.2
0.0	4.7	317.0	10.4	3.9	435.2
0.0	4.8	294.1	10.5	4.0	435.2
0.0	3.8	332.6	10.5	4.0	435.2
0.0	4.3	330.8	10.5	4.0	435.2
0.0	3.2	329.8	10.5	3.4	435.2
0.0	7.0	320.9	10.5	4.1	435.2
0.0	10.5	187.4	10.6	4.4	435.2
12.5	7.2	264.2	10.6	5.4	435.2
0.4	2.0	114.5	10.6	2.3	435.2
0.0	2.0	319.2	10.6	3.2	435.2
0.0	-2.5	349.0	10.7	2.2	435.2
0.0	0.2	343.1	10.7	2.6	435.2
0.0	2.8	313.1	10.7	3.5	435.2
0.0	5.1	357.7	10.7	4.2	435.2
0.0	8.0	350.8	10.7	4.7	436.4
0.0	5.9	247.0	10.8	3.2	436.4
0.1	7.9	331.7	10.8	4.5	436.4
5.6	3.8	65.7	10.8	3.4	436.4
0.0	2.0	373.2	10.8	2.7	436.4
0.0	6.2	367.7	10.9	4.4	436.4
0.0	9.4	212.1	10.9	4.3	436.4
0.0	10.8	367.6	10.9	5.8	436.4
0.1	15.0	294.7	11.0	6.8	436.4
5.7	16.9	299.6	11.0	6.3	436.4
3.9	13.2	51.2	11.0	2.9	436.4
0.1	17.1	262.6	11.0	6.2	436.4
0.2	17.7	327.8	11.1	7.4	436.4
3.8	8.6	182.9	11.1	4.3	436.4
3.0	7.0	63.1	11.1	2.0	436.4
5.6	12.4	246.1	11.1	5.1	436.4
3.4	16.1	136.0	11.2	4.7	436.4
3.3	18.0	127.0	11.2	5.9	436.4
3.0	7.0	30.3	11.2	4.6	436.4
1.9	7.3	214.5	11.3	3.7	436.4
2.2	13.2	157.6	11.3	5.0	436.4
27.1	9.3	46.9	11.3	5.0	436.4
0.9	6.9	163.3	11.3	3.0	436.4
0.4	6.2	259.2	11.4	4.4	436.4
0.0	3.1	417.3	11.4	3.8	436.4
0.3	8.1	208.7	11.4	4.2	436.4
24.6	11.9	56.2	11.5	3.7	436.4
5.2	5.5	262.3	11.5	6.0	436.4
0.5	-2.5	348.4	11.5	1.7	437.1
0.0	4.5	456.3	11.6	4.3	437.1
0.0	9.1	450.0	11.6	4.9	437.1
0.0	7.8	458.5	11.6	5.1	437.1
0.0	9.4	455.4	11.6	6.4	437.1
0.0	9.6	451.9	11.7	6.7	437.1
0.0	11.1	456.0	11.7	6.5	437.1
0.0	11.5	248.3	11.7	6.6	437.1
0.0	9.4	473.1	11.8	5.6	437.1
0.0	7.6	322.5	11.8	5.6	437.1
0.0	10.0	483.2	11.8	7.0	437.1
0.0	15.0	478.4	11.9	8.5	437.1
0.0	16.1	456.2	11.9	8.7	437.1
0.0	17.5	407.2	11.9	8.6	437.1
0.0	18.7	483.6	11.9	9.6	437.1
0.0	19.6	491.1	12.0	10.0	437.1
0.0	13.4	450.6	12.0	7.2	437.1
0.0	13.2	315.0	12.0	6.6	437.1
3.3	10.6	224.7	12.1	7.3	437.1
0.0	5.7	268.2	12.1	5.1	437.1
0.0	7.5	529.4	12.1	5.7	437.1
0.0	11.8	519.5	12.2	7.5	437.1
0.0	12.0	522.5	12.2	7.7	437.1
0.0	15.5	516.0	12.2	9.4	437.1
0.0	17.3	201.6	12.3	7.3	437.1
13.1	17.9	188.9	12.3	7.3	437.1
8.5	10.6	112.4	12.3	8.5	437.1
0.2	5.6	139.9	12.3	3.7	437.1
0.0	11.7	531.8	12.4	6.9	437.1
0.1	12.8	530.9	12.4	7.3	437.1
0.0	15.9	509.8	12.4	9.1	437.1
0.0	17.0	518.4	12.5	9.1	437.6
0.0	17.2	535.4	12.5	9.6	437.6
0.0	18.7	518.1	12.5	9.4	437.6
10.3	18.1	262.8	12.6	7.7	437.6
12.5	16.4	67.9	12.6	6.1	437.6
0.0	16.7	459.6	12.6	7.4	437.6
0.0	20.4	538.2	12.6	9.1	437.6
26.5	18.3	149.5	12.7	6.2	437.6
2.7	11.2	177.5	12.7	8.5	437.6
0.1	13.3	549.2	12.7	7.8	437.6
0.1	15.4	540.1	12.8	9.1	437.6
0.3	19.0	526.4	12.8	9.6	437.6
24.6	19.2	75.6	12.8	4.3	437.6
11.9	18.3	133.3	12.9	6.8	437.6
0.4	16.6	369.0	12.9	8.4	437.6
4.5	12.5	37.2	12.9	3.5	437.6
0.1	13.9	233.9	12.9	7.1	437.6
0.0	13.6	592.6	13.0	7.9	437.6
0.0	17.2	590.4	13.0	9.0	437.6
0.0	17.1	577.2	13.0	10.2	437.6
0.0	18.8	587.9	13.1	8.8	437.6
3.7	22.8	443.0	13.1	9.1	437.6
12.5	11.1	72.6	13.1	10.6	437.6
0.0	9.1	532.0	13.1	6.1	437.6
0.0	12.2	578.9	13.2	7.7	437.6
0.0	15.1	588.7	13.2	8.9	437.6
0.1	16.0	599.9	13.2	9.6	437.6
0.2	17.8	586.4	13.2	10.7	437.6
0.0	19.9	580.4	13.3	10.7	437.6
0.0	19.3	266.7	13.3	7.4	437.6
15.4	18.8	65.3	13.3	4.8	438.2
21.8	19.6	73.4	13.3	4.7	438.2
28.8	20.5	93.1	13.4	5.8	438.2
5.9	20.1	102.6	13.4	4.7	438.2
7.2	21.7	100.5	13.4	5.4	438.2
0.0	22.3	531.7	13.4	9.6	438.2
0.0	22.5	471.0	13.5	8.9	438.2
0.1	23.2	480.2	13.5	11.0	438.2
0.4	24.0	564.6	13.5	9.8	438.2
0.0	24.9	441.6	13.5	9.4	438.2
32.7	24.6	383.0	13.6	11.7	438.2
18.9	18.6	98.2	13.6	4.8	438.2
7.6	14.0	75.6	13.6	6.6	438.2
0.6	16.5	463.7	13.6	8.9	438.2
0.0	20.1	560.4	13.7	10.0	438.2
0.5	22.8	527.7	13.7	9.5	438.2
6.9	23.7	381.6	13.7	9.7	438.2
4.9	22.9	361.9	13.7	11.2	438.2
11.8	21.1	391.0	13.7	9.9	438.2
51.9	18.4	131.9	13.8	4.6	438.2
9.4	14.4	68.5	13.8	7.6	438.2
0.1	16.7	357.7	13.8	7.4	438.2
0.0	16.7	529.1	13.8	8.8	438.2
0.7	18.6	438.0	13.8	8.2	438.2
0.9	22.3	510.3	13.8	9.8	438.2
28.8	20.7	57.3	13.9	6.5	438.2
0.5	19.2	271.5	13.9	7.9	438.2
0.0	18.8	407.8	13.9	8.7	438.2
9.3	21.4	317.2	13.9	8.7	438.2
37.4	20.6	60.9	13.9	4.7	438.2
48.1	21.5	44.2	13.9	4.9	438.2
0.2	21.3	452.2	13.9	9.5	437.3
0.2	21.7	543.7	14.0	9.4	437.3
1.9	21.5	184.2	14.0	6.3	437.3
24.1	23.2	185.7	14.0	7.5	437.3
26.5	22.2	118.9	14.0	7.6	437.3
0.8	19.6	178.7	14.0	6.8	437.3
0.0	21.7	591.1	14.0	10.3	437.3
0.2	22.8	596.0	14.0	10.9	437.3
0.0	22.3	641.5	14.0	10.7	437.3
0.0	23.7	644.2	14.0	10.9	437.3
0.1	26.5	600.2	14.0	10.6	437.3
16.2	24.2	66.7	14.1	6.9	437.3
0.3	21.5	189.1	14.1	8.5	437.3
1.3	18.6	83.7	14.1	6.6	437.3
0.3	21.5	240.6	14.1	8.9	437.3
20.6	25.0	476.4	14.1	10.4	437.3
18.4	25.0	254.1	14.1	8.4	437.3
21.7	25.3	298.7	14.1	8.1	437.3
3.6	25.1	266.2	14.1	9.3	437.3
0.1	26.6	555.6	14.1	11.4	437.3
2.0	27.0	567.6	14.1	12.1	437.3
17.2	26.3	467.0	14.1	10.1	437.3
13.7	23.9	184.9	14.1	7.3	437.3
0.2	25.2	571.9	14.1	10.6	437.3
0.1	26.3	449.4	14.1	10.4	437.3
22.7	23.4	108.7	14.1	9.0	437.3
3.0	22.9	107.8	14.1	6.5	437.3
0.4	24.5	275.5	14.1	7.9	437.3
0.1	25.3	375.4	14.1	9.1	437.3
37.1	24.7	221.0	14.1	7.8	437.3
25.2	24.1	63.4	14.1	6.1	434.2
6.1	24.4	99.5	14.0	6.2	434.2
7.2	25.7	388.9	14.0	8.9	434.2
7.3	25.5	190.2	14.0	8.1	434.2
23.2	26.4	344.4	14.0	9.5	434.2
8.2	27.2	489.2	14.0	10.3	434.2
6.8	27.6	557.9	14.0	10.4	434.2
5.7	27.4	602.7	14.0	11.2	434.2
9.0	27.7	554.7	14.0	10.1	434.2
14.6	27.1	387.3	14.0	9.5	434.2
4.3	26.8	428.9	14.0	10.4	434.2
3.1	26.8	424.7	13.9	10.3	434.2
9.4	26.3	429.6	13.9	10.7	434.2
11.3	26.6	538.2	13.9	10.1	434.2
12.4	26.6	510.4	13.9	9.9	434.2
13.1	26.7	531.7	13.9	9.7	434.2
15.7	26.2	319.8	13.9	9.5	434.2
2.0	26.5	444.4	13.9	10.7	434.2
7.8	26.1	490.5	13.8	10.2	434.2
3.6	26.4	459.3	13.8	9.5	434.2
14.2	24.1	85.8	13.8	4.3	434.2
1.1	24.8	168.4	13.8	6.5	434.2
2.2	24.8	200.8	13.8	7.5	434.2
1.2	24.3	167.7	13.8	6.2	434.2
19.3	25.2	213.0	13.7	7.1	434.2
7.3	25.4	105.2	13.7	6.2	434.2
17.6	26.5	307.6	13.7	9.7	434.2
25.3	26.5	275.5	13.7	8.3	434.2
17.8	26.2	354.9	13.7	9.5	434.2
8.3	27.0	516.6	13.6	9.5	434.2
16.3	27.0	477.0	13.6	9.1	434.2
13.9	26.1	374.0	13.6	10.0	431.9
0.3	26.2	524.8	13.6	9.2	431.9
4.1	25.5	333.0	13.5	8.2	431.9
2.8	25.3	145.2	13.5	6.6	431.9
1.8	25.6	97.8	13.5	6.1	431.9
1.2	26.4	252.4	13.5	7.5	431.9
8.5	26.4	413.5	13.5	9.0	431.9
1.2	26.1	448.9	13.4	8.8	431.9
0.8	25.3	353.8	13.4	8.1	431.9
1.3	25.2	188.4	13.4	7.1	431.9
9.1	25.9	263.3	13.4	8.6	431.9
0.3	26.7	493.4	13.3	9.6	431.9
1.6	26.1	344.5	13.3	7.6	431.9
0.8	25.6	80.4	13.3	4.7	431.9
9.2	25.9	326.4	13.3	7.6	431.9
7.8	25.7	349.2	13.2	7.2	431.9
1.9	25.7	328.6	13.2	8.0	431.9
0.6	25.9	516.8	13.2	7.7	431.9
0.8	26.3	453.1	13.1	8.4	431.9
0.1	25.3	399.0	13.1	9.3	431.9
0.0	25.9	564.8	13.1	9.3	431.9
0.0	26.1	563.7	13.1	10.0	431.9
0.0	27.6	536.3	13.0	9.2	431.9
0.1	27.4	462.7	13.0	10.6	431.9
0.1	27.3	401.8	13.0	9.5	431.9
11.2	26.7	376.7	13.0	10.2	431.9
22.3	26.3	409.9	12.9	8.7	431.9
17.3	26.3	393.9	12.9	8.9	431.9
4.6	26.7	504.8	12.9	10.1	431.9
0.1	27.2	528.1	12.8	9.5	431.9
0.0	27.7	528.9	12.8	9.9	431.9
2.0	27.7	522.2	12.8	10.7	432.0
11.5	26.9	486.9	12.8	9.4	432.0
7.8	26.4	460.4	12.7	9.2	432.0
0.3	26.7	496.8	12.7	8.8	432.0
1.4	25.1	229.5	12.7	6.7	432.0
0.4	25.9	343.2	12.6	7.7	432.0
0.4	26.0	201.0	12.6	6.9	432.0
5.6	25.9	251.8	12.6	7.2	432.0
16.8	25.1	286.1	12.5	7.1	432.0
2.2	24.5	142.0	12.5	5.2	432.0
0.1	22.5	412.0	12.5	8.7	432.0
0.0	21.1	437.4	12.5	8.0	432.0
0.0	18.9	289.9	12.4	7.5	432.0
0.0	20.8	490.3	12.4	7.8	432.0
3.3	20.2	233.3	12.4	7.8	432.0
0.4	19.4	327.6	12.3	7.1	432.0
21.4	20.2	204.0	12.3	6.2	432.0
21.5	18.1	33.0	12.3	4.5	432.0
0.0	20.1	416.6	12.2	6.6	432.0
0.2	19.2	251.5	12.2	7.8	432.0
0.0	19.2	399.8	12.2	8.9	432.0
0.0	19.1	361.8	12.2	7.8	432.0
0.1	20.2	427.4	12.1	8.2	432.0
0.1	20.9	450.3	12.1	8.6	432.0
0.0	21.4	469.1	12.1	7.6	432.0
0.3	22.3	427.0	12.0	8.8	432.0
0.0	22.2	463.8	12.0	9.0	432.0
0.0	21.9	465.8	12.0	9.1	432.0
0.0	22.9	340.5	11.9	8.4	432.0
0.0	21.3	419.9	11.9	9.0	432.0
0.0	21.5	385.7	11.9	9.5	432.5
0.0	22.7	458.3	11.9	9.6	432.5
0.0	23.6	441.1	11.8	8.6	432.5
0.0	25.0	287.4	11.8	8.2	432.5
7.6	23.6	256.5	11.8	8.8	432.5
11.1	23.3	322.4	11.7	6.7	432.5
1.0	17.3	44.3	11.7	6.1	432.5
0.0	13.6	444.6	11.7	5.6	432.5
0.0	14.8	397.0	11.6	6.1	432.5
0.0	14.5	408.2	11.6	5.1	432.5
0.0	14.4	309.0	11.6	6.2	432.5
0.0	14.9	429.7	11.6	7.1	432.5
0.0	16.2	427.2	11.5	6.7	432.5
0.0	18.1	393.3	11.5	7.0	432.5
0.0	18.9	360.8	11.5	7.2	432.5
0.0	18.5	405.9	11.4	7.4	432.5
0.0	18.6	402.7	11.4	7.3	432.5
0.0	18.8	348.9	11.4	6.9	432.5
0.0	18.9	381.7	11.4	7.0	432.5
0.0	21.1	379.0	11.3	7.3	432.5
0.3	22.6	177.9	11.3	6.1	432.5
0.5	22.4	94.0	11.3	5.0	432.5
0.1	21.2	160.2	11.2	6.3	432.5
0.2	22.8	297.6	11.2	7.1	432.5
17.7	14.7	69.0	11.2	7.2	432.5
0.0	7.1	385.4	11.2	3.9	432.5
0.0	11.2	347.4	11.1	4.7	432.5
0.7	11.7	39.9	11.1	3.8	432.5
0.0	8.1	372.2	11.1	4.1	432.5
0.0	7.6	302.7	11.0	3.8	432.5
0.0	8.0	371.5	11.0	4.7	432.5
0.0	9.0	374.0	11.0	4.8	434.5
0.0	12.0	291.1	11.0	5.4	434.5
0.1	13.6	222.9	10.9	6.0	434.5
0.1	15.5	341.6	10.9	6.2	434.5
0.0	15.0	304.4	10.9	5.6	434.5
0.0	12.9	349.4	10.9	5.1	434.5
0.0	14.3	347.2	10.8	5.6	434.5
0.0	15.0	340.4	10.8	5.7	434.5
0.0	15.5	158.5	10.8	4.6	434.5
0.0	10.0	275.3	10.8	4.3	434.5
0.0	6.8	351.9	10.7	4.2	434.5
0.0	8.7	348.0	10.7	4.6	434.5
0.0	11.5	340.5	10.7	4.8	434.5
0.0	14.0	332.1	10.7	5.8	434.5
0.0	13.1	334.5	10.6	5.6	434.5
0.0	13.8	327.5	10.6	5.4	434.5
0.1	14.2	126.8	10.6	4.5	434.5
0.0	14.0	230.2	10.6	5.5	434.5
0.0	14.6	302.3	10.6	5.7	434.5
0.0	15.3	266.2	10.5	5.6	434.5
0.0	15.3	305.5	10.5	5.3	434.5
0.1	16.2	298.6	10.5	5.0	434.5
1.2	16.6	295.0	10.5	5.3	434.5
0.0	10.3	221.3	10.5	3.9	434.5
0.0	5.4	314.3	10.4	3.4	434.5
0.0	4.5	278.3	10.4	3.0	434.5
0.0	7.3	312.6	10.4	4.2	434.5
0.0	8.8	197.0	10.4	4.0	434.5
0.0	6.9	307.6	10.4	3.9	434.5
0.0	7.3	310.5	10.4	4.3	434.5
0.0	9.4	303.9	10.3	5.1	436.7
0.0	11.3	300.9	10.3	5.4	436.7
0.0	8.0	286.8	10.3	4.0	436.7
0.0	6.2	290.8	10.3	3.1	436.7
0.1	11.5	273.9	10.3	4.8	436.7
4.0	9.5	33.3	10.3	2.2	436.7
0.6	8.6	98.2	10.3	2.5	436.7
0.0	9.6	168.7	10.3	3.5	436.7
3.8	13.0	132.6	10.2	4.0	436.7
26.1	9.8	20.0	10.2	1.8	436.7
11.5	9.8	8.7	10.2	2.9	436.7
1.7	5.1	87.7	10.2	2.0	436.7
1.2	2.9	107.7	10.2	1.7	436.7
2.8	3.9	81.8	10.2	1.9	436.7
0.1	-0.5	168.1	10.2	1.9	436.7
0.0	0.2	173.1	10.2	2.3	436.7
0.0	3.4	278.0	10.2	3.0	436.7
8.6	4.1	236.0	10.2	2.4	436.7
31.5	1.9	17.0	10.2	1.5	436.7
24.4	-1.5	28.0	10.2	1.5	436.7
0.0	-4.1	245.3	10.2	1.5	436.7
0.0	-1.4	232.8	10.2	1.6	436.7
0.0	-1.8	288.9	10.2	2.2	436.7
0.6	-0.5	174.8	10.2	2.2	436.7
0.3	0.9	116.4	10.2	2.4	436.7
0.0	6.2	218.8	10.2	3.5	436.7
2.6	9.3	157.1	10.2	3.8	436.7
0.7	2.9	53.9	10.2	1.9	436.7
0.0	1.8	290.9	10.2	2.3	436.7
0.2	2.7	286.8	10.2	3.1	436.7
0.1	3.5	229.6	10.2	3.4	436.7
0.1	6.2	267.7	10.2	4.1	438.9
11.3	9.1	147.5	10.2	4.0	438.9
1.9	1.5	38.1	10.2	2.6	438.9
0.0	-1.4	300.2	10.2	2.0	438.9
0.0	1.7	301.8	10.3	2.6	438.9
0.0	1.7	298.6	10.3	3.0	438.9
0.0	2.9	302.9	10.3	2.8	438.9
0.0	5.6	295.6	10.3	3.8	438.9
0.1	7.3	202.6	10.3	3.6	438.9
0.1	10.6	159.2	10.3	3.9	438.9
24.0	12.7	208.1	10.3	4.6	438.9
3.3	1.6	39.4	10.3	3.0	438.9
0.0	-2.2	312.6	10.4	2.2	438.9
0.4	2.9	246.9	10.4	2.9	438.9
0.1	2.3	183.4	10.4	2.9	438.9
0.0	0.4	319.6	10.4	2.4	438.9
0.0	4.6	289.7	10.4	3.6	438.9
3.6	4.1	163.7	10.4	1.8	438.9
0.8	6.1	127.5	10.5	2.5	438.9
0.7	9.8	108.3	10.5	3.2	438.9
19.6	9.4	62.2	10.5	4.6	438.9
1.5	1.9	79.4	10.5	1.9	438.9
4.4	1.5	128.0	10.5	1.7	438.9
11.4	2.0	35.0	10.6	1.7	438.9
0.8	1.5	100.9	10.6	1.5	438.9
0.6	0.9	152.1	10.6	2.4	438.9
0.2	3.4	203.3	10.6	3.0	438.9
0.5	4.7	195.2	10.6	3.0	438.9
0.4	2.2	148.6	10.7	1.6	438.9
7.0	2.9	113.2	10.7	1.9	438.9
0.4	2.8	116.8	10.7	2.4	438.9
0.0	3.5	343.3	10.7	3.1	440.2
0.1	6.0	347.4	10.8	4.3	440.2
0.0	7.3	317.5	10.8	4.4	440.2
0.1	7.0	344.2	10.8	4.6	440.2
0.0	7.9	343.9	10.8	4.9	440.2
18.3	10.3	131.6	10.9	4.2	440.2
1.1	9.9	124.8	10.9	3.5	440.2
6.2	6.9	37.7	10.9	1.7	440.2
14.1	7.4	32.7	10.9	4.2	440.2
7.6	2.2	63.7	11.0	1.7	440.2
2.6	2.0	35.2	11.0	1.8	440.2
0.3	3.2	137.5	11.0	2.4	440.2
0.2	5.4	143.4	11.1	3.0	440.2
1.1	3.3	72.4	11.1	2.9	440.2
0.0	0.5	170.6	11.1	2.0	440.2
0.0	2.0	382.1	11.1	2.9	440.2
0.0	3.4	382.4	11.2	3.5	440.2
0.2	5.4	230.1	11.2	4.1	440.2
19.4	7.2	106.7	11.2	3.5	440.2
3.4	5.7	36.6	11.3	1.9	440.2
9.8	6.8	117.2	11.3	2.5	440.2
2.7	6.2	93.1	11.3	2.8	440.2
0.0	4.8	348.2	11.3	4.2	440.2
1.1	6.5	228.5	11.4	3.9	440.2
2.2	5.1	75.4	11.4	2.5	440.2
1.0	10.5	204.2	11.4	4.7	440.2
13.5	13.3	95.6	11.5	6.1	440.2
4.5	4.6	131.5	11.5	3.2	440.2
0.1	2.6	321.6	11.5	3.1	440.9
0.0	4.2	441.9	11.5	4.3	440.9
0.0	8.5	403.5	11.6	5.3	440.9
1.2	9.2	148.2	11.6	4.9	440.9
20.3	14.8	351.5	11.6	7.0	440.9
4.6	11.4	41.1	11.7	4.6	440.9
3.7	13.8	246.7	11.7	5.9	440.9
0.7	11.3	84.4	11.7	3.1	440.9
5.0	11.4	31.8	11.8	2.3	440.9
0.4	16.4	276.6	11.8	6.2	440.9
7.8	10.9	18.0	11.8	6.2	440.9
3.1	6.1	33.6	11.9	2.7	440.9
23.3	7.1	30.3	11.9	2.3	440.9
2.5	5.0	61.8	11.9	4.1	440.9
0.0	1.3	170.1	11.9	2.2	440.9
0.0	4.9	402.8	12.0	4.0	440.9
0.0	5.7	176.4	12.0	3.6	440.9
0.0	8.7	458.5	12.0	5.2	440.9
5.0	10.5	111.5	12.1	3.9	440.9
15.0	13.2	59.6	12.1	5.6	440.9
0.0	9.3	420.5	12.1	4.9	440.9
1.2	9.6	359.7	12.2	4.7	440.9
9.6	8.4	43.0	12.2	2.8	440.9
0.0	11.9	463.3	12.2	6.5	440.9
0.0	15.3	514.4	12.2	8.2	440.9
0.0	16.7	503.8	12.3	9.2	440.9
0.0	14.3	396.2	12.3	8.2	440.9
0.0	9.8	321.2	12.3	6.6	440.9
0.0	11.3	509.5	12.4	6.0	440.9
1.0	10.5	240.0	12.4	5.9	440.9
3.0	7.2	106.8	12.4	3.7	440.9
0.0	8.3	543.8	12.5	6.3	441.4
0.0	11.2	549.2	12.5	6.9	441.4
0.0	11.2	555.4	12.5	8.1	441.4
0.0	13.7	554.2	12.6	8.8	441.4
0.0	18.8	517.4	12.6	10.8	441.4
23.1	15.7	90.3	12.6	5.1	441.4
0.0	16.4	528.6	12.6	9.1	441.4
0.0	14.3	538.7	12.7	6.7	441.4
5.8	12.7	276.5	12.7	5.7	441.4
3.3	12.3	21.7	12.7	3.5	441.4
39.9	17.6	98.6	12.8	7.6	441.4
4.3	22.6	284.5	12.8	7.6	441.4
0.3	18.7	339.3	12.8	7.0	441.4
0.0	15.9	460.6	12.8	9.0	441.4
0.0	12.8	281.3	12.9	6.9	441.4
0.0	13.3	552.2	12.9	7.6	441.4
30.2	10.7	86.9	12.9	4.2	441.4
10.7	11.2	40.5	13.0	4.6	441.4
14.1	14.8	47.8	13.0	4.5	441.4
0.0	17.2	414.7	13.0	8.3	441.4
0.6	20.0	300.2	13.0	8.2	441.4
0.2	23.4	398.4	13.1	9.8	441.4
10.2	22.3	246.8	13.1	7.7	441.4
61.8	19.6	38.6	13.1	8.1	441.4
18.0	13.8	45.6	13.2	5.4	441.4
0.0	15.0	378.1	13.2	7.6	441.4
0.0	15.8	590.7	13.2	9.0	441.4
0.0	17.8	459.7	13.2	9.2	441.4
0.0	18.2	363.3	13.3	8.6	441.4
0.3	21.9	563.7	13.3	10.0	441.4
6.7	21.9	263.5	13.3	8.6	442.0
10.6	20.3	95.3	13.3	5.6	442.0
0.0	18.1	179.5	13.4	8.5	442.0
0.0	16.5	288.8	13.4	6.6	442.0
0.0	16.4	621.1	13.4	9.8	442.0
0.1	15.4	625.7	13.4	9.0	442.0
0.0	16.1	499.8	13.5	9.5	442.0
0.0	18.5	621.4	13.5	9.6	442.0
0.0	21.6	593.9	13.5	10.5	442.0
1.0	21.3	234.6	13.5	7.2	442.0
0.2	24.2	498.7	13.6	10.3	442.0
17.5	22.8	436.2	13.6	11.2	442.0
4.0	13.6	55.5	13.6	5.9	442.0
0.1	20.0	266.9	13.6	9.7	442.0
6.8	22.7	280.0	13.6	8.4	442.0
0.9	21.9	86.5	13.7	5.9	442.0
9.3	22.8	240.9	13.7	9.9	442.0
0.1	17.6	384.7	13.7	7.7	442.0
0.1	19.4	569.4	13.7	8.4	442.0
10.6	16.1	171.3	13.8	5.8	442.0
3.2	15.1	68.6	13.8	3.6	442.0
0.2	20.0	492.1	13.8	10.2	442.0
0.3	20.2	221.0	13.8	6.7	442.0
0.0	22.0	570.1	13.8	9.7	442.0
0.2	22.1	386.5	13.8	8.5	442.0
0.6	23.3	332.8	13.9	9.3	442.0
1.6	24.2	541.1	13.9	10.9	442.0
0.2	21.2	518.5	13.9	9.9	442.0
0.0	22.3	490.2	13.9	10.6	442.0
0.1	24.8	561.9	13.9	11.0	442.0
10.0	23.0	67.4	13.9	6.7	442.0
1.0	21.0	184.4	13.9	5.2	441.1
0.0	20.5	282.4	14.0	7.6	441.1
0.0	22.8	535.3	14.0	10.3	441.1
38.1	23.6	329.6	14.0	7.9	441.1
3.1	20.1	59.6	14.0	9.3	441.1
0.3	17.9	262.1	14.0	6.7	441.1
0.9	21.0	598.2	14.0	8.8	441.1
0.0	21.5	609.4	14.0	9.7	441.1
0.8	18.9	204.3	14.0	7.9	441.1
0.6	20.8	533.5	14.0	9.3	441.1
13.8	21.3	202.1	14.0	6.8	441.1
1.8	22.7	101.2	14.1	7.8	441.1
0.5	23.8	323.1	14.1	10.0	441.1
0.1	24.2	595.8	14.1	10.7	441.1
0.0	24.4	559.0	14.1	10.4	441.1
1.4	26.0	500.6	14.1	10.8	441.1
9.8	23.1	56.0	14.1	5.5	441.1
0.9	25.2	419.3	14.1	8.7	441.1
0.1	26.4	605.4	14.1	11.5	441.1
2.6	26.9	611.4	14.1	11.2	441.1
0.0	26.4	604.2	14.1	11.7	441.1
0.5	26.9	562.9	14.1	10.4	441.1
0.0	24.2	213.4	14.1	9.3	441.1
0.0	25.9	529.6	14.1	10.3	441.1
4.1	24.6	277.5	14.1	10.0	441.1
44.4	19.4	63.2	14.1	6.7	441.1
2.2	19.0	31.1	14.1	3.6	441.1
0.9	21.4	204.5	14.1	7.7	441.1
5.8	23.0	293.0	14.1	8.3	441.1
85.8	22.8	33.1	14.1	6.9	441.1
2.8	22.2	95.8	14.1	8.2	438.0
0.4	22.5	449.1	14.0	9.2	438.0
0.0	26.0	604.9	14.0	10.6	438.0
0.3	26.4	226.0	14.0	8.9	438.0
16.2	25.3	203.6	14.0	8.0	438.0
17.2	26.4	565.8	14.0	10.3	438.0
2.8	27.1	577.5	14.0	10.7	438.0
0.0	28.3	602.0	14.0	11.3	438.0
0.7	28.8	617.8	14.0	11.2	438.0
4.3	28.8	603.5	14.0	11.2	438.0
1.0	29.2	562.4	14.0	10.5	438.0
3.7	29.0	549.7	14.0	11.3	438.0
0.9	28.3	295.4	13.9	9.9	438.0
3.8	27.6	352.0	13.9	9.8	438.0
13.9	27.7	521.2	13.9	10.5	438.0
1.7	27.8	443.4	13.9	10.5	438.0
4.2	27.9	582.7	13.9	10.4	438.0
14.7	27.1	498.1	13.9	8.9	438.0
14.2	27.1	537.0	13.8	9.6	438.0
16.1	27.1	526.3	13.8	9.5	438.0
16.2	26.9	446.5	13.8	9.6	438.0
12.4	26.5	377.5	13.8	9.0	438.0
1.4	25.8	434.0	13.8	9.5	438.0
2.3	24.4	230.1	13.8	7.6	438.0
1.9	24.2	87.5	13.7	5.6	438.0
5.0	24.5	38.9	13.7	4.6	438.0
14.2	26.8	324.1	13.7	8.7	438.0
11.2	27.8	481.3	13.7	10.4	438.0
18.7	27.3	446.0	13.7	9.8	438.0
14.2	27.2	517.6	13.6	10.1	438.0
15.0	27.2	401.3	13.6	9.3	438.0
14.5	26.8	300.5	13.6	9.0	435.7
11.2	26.8	300.5	13.6	8.6	435.7
5.2	26.7	283.7	13.6	8.3	435.7
13.5	26.5	367.2	13.5	9.1	435.7
15.2	26.0	399.1	13.5	9.6	435.7
7.8	25.5	472.1	13.5	9.0	435.7
1.4	24.9	340.7	13.5	7.3	435.7
5.8	25.3	321.5	13.4	8.0	435.7
2.9	25.6	369.3	13.4	8.1	435.7
14.2	25.1	355.2	13.4	7.0	435.7
2.3	24.9	239.0	13.4	6.4	435.7
0.8	26.0	461.0	13.3	8.1	435.7
5.5	25.5	284.7	13.3	8.1	435.7
11.8	26.0	450.3	13.3	9.4	435.7
12.9	26.1	371.6	13.3	8.8	435.7
17.3	25.7	396.9	13.2	8.8	435.7
27.1	24.6	268.0	13.2	7.0	435.7
2.3	24.2	124.9	13.2	6.4	435.7
1.2	23.8	185.9	13.2	6.3	435.7
0.3	24.3	343.6	13.1	8.1	435.7
0.0	25.2	355.4	13.1	8.8	435.7
0.0	26.8	512.0	13.1	10.6	435.7
6.2	26.9	535.8	13.0	10.5	435.7
9.4	26.6	485.5	13.0	9.6	435.7
19.6	25.8	412.2	13.0	8.6	435.7
13.8	25.2	405.0	13.0	7.7	435.7
11.2	25.1	230.2	12.9	7.8	435.7
17.2	25.6	331.2	12.9	8.7	435.7
2.6	25.8	455.6	12.9	8.2	435.7
11.3	25.0	197.1	12.8	6.5	435.7
0.6	25.5	371.2	12.8	7.7	435.7
0.7	25.7	408.9	12.8	8.9	435.8
3.9	26.0	479.5	12.8	9.0	435.8
0.6	26.6	471.4	12.7	8.7	435.8
23.4	24.0	264.9	12.7	8.1	435.8
3.6	21.9	284.2	12.7	7.8	435.8
0.0	19.9	542.1	12.6	8.2	435.8
0.0	20.9	533.9	12.6	8.3	435.8
0.0	21.1	529.8	12.6	8.6	435.8
0.3	22.5	469.8	12.6	8.6	435.8
0.5	24.6	484.5	12.5	8.9	435.8
0.1	24.0	337.7	12.5	9.5	435.8
0.0	21.6	476.5	12.5	8.1	435.8
0.3	24.4	374.4	12.4	8.2	435.8
12.4	23.8	319.0	12.4	8.6	435.8
0.2	25.2	449.6	12.4	9.0	435.8
0.2	22.8	301.5	12.3	7.1	435.8
0.0	20.2	480.9	12.3	8.5	435.8
0.0	20.0	497.5	12.3	8.8	435.8
0.0	19.9	463.6	12.3	7.9	435.8
0.0	18.6	260.9	12.2	8.1	435.8
0.0	20.7	494.6	12.2	9.5	435.8
0.0	21.3	495.9	12.2	9.0	435.8
0.0	23.5	436.8	12.1	9.0	435.8
0.0	24.1	269.2	12.1	8.1	435.8
0.0	23.0	396.3	12.1	9.1	435.8
0.1	21.5	403.7	12.0	9.4	435.8
0.0	21.4	471.4	12.0	8.8	435.8
0.0	20.9	468.1	12.0	8.8	435.8
0.0	21.9	413.6	12.0	9.2	435.8
0.0	22.3	449.7	11.9	9.1	435.8
0.0	20.8	439.1	11.9	8.0	436.4
0.0	19.6	390.3	11.9	7.1	436.4
0.0	18.6	332.3	11.8	7.8	436.4
0.0	20.2	449.0	11.8	8.2	436.4
0.0	20.0	367.3	11.8	7.6	436.4
0.1	21.7	387.0	11.7	8.1	436.4
0.0	21.6	335.9	11.7	7.5	436.4
0.4	22.1	191.6	11.7	6.0	436.4
0.4	23.0	285.3	11.7	6.5	436.4
0.1	22.1	176.1	11.6	6.6	436.4
0.0	23.9	404.2	11.6	7.7	436.4
0.8	24.5	390.9	11.6	8.4	436.4
5.5	24.3	391.2	11.5	7.4	436.4
0.1	23.5	216.9	11.5	7.2	436.4
0.1	23.9	331.2	11.5	7.2	436.4
4.3	23.2	357.4	11.4	6.5	436.4
1.9	22.2	278.7	11.4	6.9	436.4
1.5	18.0	106.2	11.4	2.9	436.4
0.5	18.2	146.9	11.4	4.4	436.4
0.0	19.9	371.9	11.3	5.9	436.4
0.3	20.0	308.6	11.3	6.8	436.4
0.0	18.5	340.3	11.3	4.9	436.4
0.0	21.3	247.3	11.2	6.2	436.4
0.8	23.0	316.8	11.2	6.3	436.4
1.6	21.0	134.5	11.2	5.5	436.4
0.0	15.5	160.2	11.2	5.0	436.4
0.0	13.2	330.7	11.1	4.9	436.4
0.0	14.0	367.8	11.1	5.4	436.4
0.0	15.7	346.0	11.1	5.9	436.4
0.0	16.2	343.8	11.0	6.7	436.4
0.0	17.6	364.0	11.0	6.7	436.4
0.0	18.2	163.0	11.0	5.5	438.3
2.7	21.5	306.0	11.0	7.0	438.3
0.8	16.2	73.6	10.9	4.0	438.3
0.1	15.0	343.1	10.9	4.4	438.3
1.1	14.9	98.5	10.9	4.0	438.3
4.7	16.4	213.8	10.9	4.3	438.3
54.2	15.1	25.9	10.8	2.6	438.3
3.8	12.6	64.9	10.8	4.4	438.3
0.1	7.9	243.5	10.8	3.4	438.3
0.1	10.8	210.7	10.8	4.0	438.3
0.2	11.9	210.3	10.7	3.9	438.3
0.2	11.7	207.3	10.7	3.8	438.3
2.0	11.4	94.9	10.7	2.2	438.3
1.2	10.2	69.8	10.7	3.2	438.3
0.3	10.3	206.3	10.6	4.4	438.3
0.3	13.5	284.5	10.6	5.1	438.3
1.2	13.6	170.0	10.6	5.2	438.3
0.1	6.5	113.6	10.6	2.8	438.3
0.1	7.2	288.9	10.6	3.8	438.3
0.5	9.8	123.6	10.5	3.5	438.3
9.6	11.1	16.2	10.5	1.7	438.3
0.3	9.6	190.1	10.5	3.7	438.3
0.4	11.3	260.0	10.5	4.3	438.3
0.8	12.5	140.5	10.5	3.5	438.3
1.4	8.7	53.7	10.4	3.2	438.3
0.5	7.8	215.3	10.4	2.4	438.3
0.5	8.5	113.7	10.4	2.7	438.3
0.3	8.9	203.3	10.4	3.1	438.3
0.7	9.7	64.8	10.4	2.2	438.3
0.8	11.1	113.5	10.4	3.3	438.3
0.7	12.0	165.6	10.3	4.0	440.6
0.2	13.7	277.4	10.3	4.5	440.6
0.1	13.5	245.5	10.3	4.7	440.6
0.1	13.1	239.2	10.3	3.9	440.6
1.9	13.5	168.8	10.3	4.2	440.6
3.8	11.2	83.4	10.3	1.9	440.6
1.2	11.4	148.0	10.3	3.3	440.6
2.7	12.7	147.7	10.3	3.3	440.6
1.7	11.4	60.4	10.2	2.0	440.6
0.2	9.5	121.7	10.2	2.6	440.6
1.4	8.3	146.8	10.2	4.0	440.6
0.0	1.3	295.5	10.2	2.3	440.6
0.0	1.3	289.8	10.2	2.5	440.6
0.0	-2.6	295.5	10.2	1.5	440.6
0.0	-1.9	295.2	10.2	2.0	440.6
0.0	-0.5	291.1	10.2	2.1	440.6
0.0	1.2	252.0	10.2	2.7	440.6
0.0	4.7	281.4	10.2	3.7	440.6
0.0	7.7	268.0	10.2	4.3	440.6
0.0	10.2	232.2	10.2	4.4	440.6
0.0	7.8	88.5	10.2	3.9	440.6
0.0	6.1	288.3	10.2	3.7	440.6
0.0	9.1	268.7	10.2	4.8	440.6
3.8	13.6	211.5	10.2	4.7	440.6
7.9	11.8	21.9	10.2	2.2	440.6
0.9	10.1	38.9	10.2	1.9	440.6
0.1	12.4	201.3	10.2	3.4	440.6
3.5	12.1	40.0	10.2	1.7	440.6
1.5	11.5	48.4	10.2	2.2	440.6
4.2	9.8	45.0	10.2	3.4	440.6
2.1	1.0	50.4	10.2	1.9	440.6
0.3	-0.5	211.9	10.2	1.5	442.8
0.1	-0.1	37.6	10.2	1.1	442.8
14.0	2.5	139.8	10.2	1.7	442.8
5.5	1.8	19.4	10.2	1.4	442.8
0.4	-0.2	155.4	10.3	1.9	442.8
0.0	0.8	166.7	10.3	2.3	442.8
0.1	2.7	187.6	10.3	2.9	442.8
0.2	2.3	149.5	10.3	2.6	442.8
0.3	4.1	249.6	10.3	3.8	442.8
0.0	7.9	263.6	10.3	3.9	442.8
1.5	11.7	259.2	10.3	4.6	442.8
4.3	9.8	28.5	10.3	1.8	442.8
0.1	12.6	54.8	10.4	3.0	442.8
0.3	13.7	239.5	10.4	4.6	442.8
1.0	13.1	189.6	10.4	4.3	442.8
2.6	9.7	92.4	10.4	2.1	442.8
26.2	7.7	50.1	10.4	2.6	442.8
21.8	3.2	26.9	10.4	2.0	442.8
5.0	-0.5	41.1	10.5	1.9	442.8
0.6	-2.8	123.8	10.5	1.5	442.8
0.1	-0.4	331.5	10.5	2.6	442.8
0.0	-1.3	177.1	10.5	2.4	442.8
0.0	-2.4	333.4	10.5	2.1	442.8
0.0	-3.5	331.9	10.6	2.1	442.8
0.0	0.2	273.8	10.6	2.8	442.8
0.1	1.5	78.9	10.6	2.4	442.8
0.7	0.7	119.8	10.6	2.1	442.8
0.1	-0.1	144.4	10.6	2.1	442.8
0.0	1.1	293.0	10.7	3.2	442.8
0.2	4.2	193.7	10.7	3.7	442.8
0.0	3.2	320.8	10.7	3.0	442.8
0.0	3.7	352.5	10.7	3.6	444.1
0.5	-2.9	179.2	10.8	2.1	444.1
0.0	-3.8	373.3	10.8	2.3	444.1
0.0	3.2	176.3	10.8	3.7	444.1
0.0	14.9	179.9	10.8	5.0	444.1
11.5	16.9	199.6	10.9	6.7	444.1
0.2	5.6	148.0	10.9	3.7	444.1
0.0	1.5	255.0	10.9	2.8	444.1
0.0	2.8	299.1	10.9	2.8	444.1
0.0	4.4	316.6	11.0	3.3	444.1
0.6	4.3	103.7	11.0	2.8	444.1
0.0	3.3	390.5	11.0	3.2	444.1
0.0	0.1	398.7	11.0	2.6	444.1
0.0	2.2	404.3	11.1	3.9	444.1
0.0	7.4	399.5	11.1	5.8	444.1
0.0	12.1	369.6	11.1	6.5	444.1
0.0	13.9	301.0	11.2	5.9	444.1
0.0	16.5	331.0	11.2	6.9	444.1
0.0	14.9	204.7	11.2	7.0	444.1
0.0	14.6	401.6	11.2	6.8	444.1
0.0	15.6	266.8	11.3	7.5	444.1
0.0	11.0	408.0	11.3	5.7	444.1
0.0	11.9	225.2	11.3	5.2	444.1
0.6	16.4	302.6	11.4	7.5	444.1
0.0	13.0	265.7	11.4	6.0	444.1
0.0	14.2	410.9	11.4	5.9	444.1
0.1	14.6	156.1	11.4	4.8	444.1
10.1	11.1	132.7	11.5	7.7	444.1
12.9	0.0	22.2	11.5	2.5	444.8
0.1	0.1	401.9	11.5	2.8	444.8
0.0	4.5	394.6	11.6	4.1	444.8
0.0	5.9	238.1	11.6	4.4	444.8
0.0	8.3	452.2	11.6	5.1	444.8
1.0	12.9	364.5	11.7	6.2	444.8
0.5	15.5	46.8	11.7	6.2	444.8
4.8	19.8	319.7	11.7	8.0	444.8
9.3	8.8	28.9	11.8	5.7	444.8
2.4	2.2	55.1	11.8	2.6	444.8
10.6	1.3	89.1	11.8	2.1	444.8
21.6	4.9	45.0	11.8	2.7	444.8
3.1	9.6	283.6	11.9	5.4	444.8
11.9	12.4	108.4	11.9	7.4	444.8
10.8	8.7	101.1	11.9	3.0	444.8
12.0	10.5	55.0	12.0	3.6	444.8
6.2	11.3	211.0	12.0	4.5	444.8
26.2	17.1	112.9	12.0	6.9	444.8
1.4	17.3	201.4	12.1	5.9	444.8
9.9	18.6	225.2	12.1	7.3	444.8
22.2	17.6	263.2	12.1	5.8	444.8
6.5	16.7	58.9	12.1	7.9	444.8
11.9	12.1	156.3	12.2	4.3	444.8
1.3	10.3	36.4	12.2	2.8	444.8
1.4	10.5	68.6	12.2	2.9	444.8
7.3	9.2	95.8	12.3	3.4	444.8
22.3	8.5	34.0	12.3	1.7	444.8
2.2	10.1	86.0	12.3	3.3	444.8
2.7	11.1	68.8	12.4	3.8	444.8
2.2	10.0	74.4	12.4	3.6	444.8
1.2	10.0	84.9	12.4	3.3	444.8
6.8	8.5	78.0	12.5	3.0	445.3
0.1	8.9	246.6	12.5	4.9	445.3
2.1	9.8	379.1	12.5	5.0	445.3
1.6	9.4	183.0	12.5	6.3	445.3
2.2	5.6	237.2	12.6	3.0	445.3
0.0	9.3	564.3	12.6	5.1	445.3
0.0	14.0	567.4	12.6	7.8	445.3
0.0	16.6	533.8	12.7	8.8	445.3
0.0	10.4	491.9	12.7	6.4	445.3
0.0	12.3	576.5	12.7	8.4	445.3
4.3	17.2	554.3	12.8	10.1	445.3
4.7	18.3	144.0	12.8	7.0	445.3
8.7	22.5	420.5	12.8	8.2	445.3
14.2	19.0	383.8	12.8	10.0	445.3
1.1	11.0	115.6	12.9	5.2	445.3
30.1	14.1	344.2	12.9	6.3	445.3
0.0	10.2	444.3	12.9	7.2	445.3
2.1	15.3	529.3	13.0	8.1	445.3
38.1	16.6	44.3	13.0	5.7	445.3
18.3	19.4	68.8	13.0	5.8	445.3
17.1	16.7	52.6	13.0	7.3	445.3
0.6	11.4	102.4	13.1	4.3	445.3
0.0	14.9	579.8	13.1	8.4	445.3
14.0	16.2	474.8	13.1	9.2	445.3
27.0	11.4	35.3	13.2	3.7	445.3
3.1	14.0	97.1	13.2	6.1	445.3
12.7	17.7	119.8	13.2	5.3	445.3
49.1	17.8	56.5	13.2	7.3	445.3
13.9	10.6	47.8	13.3	6.0	445.3
3.9	7.8	98.7	13.3	4.5	445.3
0.0	12.9	514.3	13.3	8.2	445.9
0.0	14.0	450.3	13.3	8.4	445.9
0.5	13.8	404.0	13.4	7.9	445.9
3.5	14.5	230.9	13.4	6.6	445.9
0.5	16.7	511.9	13.4	8.6	445.9
0.0	19.5	324.4	13.4	8.1	445.9
0.0	23.9	422.8	13.5	10.7	445.9
0.0	25.9	553.4	13.5	9.3	445.9
17.5	24.5	438.3	13.5	10.7	445.9
14.2	22.5	135.7	13.5	6.5	445.9
45.6	21.2	250.5	13.6	11.0	445.9
15.7	16.0	173.5	13.6	5.6	445.9
12.3	15.8	112.5	13.6	4.5	445.9
0.7	16.9	234.1	13.6	7.1	445.9
0.6	19.7	485.4	13.6	8.3	445.9
0.6	20.8	611.7	13.7	10.9	445.9
0.0	21.9	593.1	13.7	10.2	445.9
0.0	21.1	468.8	13.7	10.7	445.9
0.0	21.2	611.8	13.7	9.4	445.9
0.0	20.9	293.3	13.7	8.2	445.9
43.3	19.3	89.2	13.8	3.6	445.9
8.9	20.4	64.2	13.8	4.9	445.9
5.0	20.9	364.2	13.8	8.7	445.9
1.5	18.3	53.5	13.8	5.5	445.9
0.0	19.3	556.1	13.8	9.4	445.9
0.0	20.8	550.1	13.9	10.5	445.9
7.5	21.7	466.9	13.9	9.9	445.9
0.4	24.1	517.0	13.9	10.3	445.9
10.6	24.5	400.2	13.9	8.5	445.9
1.3	21.8	205.4	13.9	10.2	445.9
0.0	19.0	665.2	13.9	9.5	445.9
0.1	21.8	642.7	13.9	11.1	445.0
0.2	24.0	622.4	14.0	12.1	445.0
0.7	25.8	601.1	14.0	12.0	445.0
26.3	25.6	463.3	14.0	9.9	445.0
9.5	25.1	269.0	14.0	8.2	445.0
45.7	24.6	313.3	14.0	8.1	445.0
2.4	22.9	53.9	14.0	5.3	445.0
7.3	23.2	207.0	14.0	7.3	445.0
1.0	24.2	323.1	14.0	8.5	445.0
8.5	23.9	311.7	14.0	8.5	445.0
2.9	22.5	129.6	14.0	6.3	445.0
3.1	20.5	63.9	14.1	9.3	445.0
1.5	18.8	401.5	14.1	8.9	445.0
0.0	22.7	441.8	14.1	10.0	445.0
43.9	21.4	56.0	14.1	4.5	445.0
0.6	20.0	77.0	14.1	6.7	445.0
1.0	23.3	404.8	14.1	9.3	445.0
13.8	24.8	125.5	14.1	6.5	445.0
63.9	24.0	47.9	14.1	5.6	445.0
108.8	24.5	75.0	14.1	5.3	445.0
23.7	22.8	75.8	14.1	7.4	445.0
0.2	22.7	509.9	14.1	9.3	445.0
1.6	24.8	504.2	14.1	11.1	445.0
3.0	25.5	353.0	14.1	9.9	445.0
7.2	25.9	394.8	14.1	9.7	445.0
2.6	27.1	522.6	14.1	10.0	445.0
3.1	24.8	103.8	14.1	7.0	445.0
0.0	26.4	631.3	14.1	11.2	445.0
33.1	24.9	244.8	14.1	7.7	445.0
30.5	24.4	313.7	14.1	6.7	445.0
1.7	24.6	125.4	14.1	5.4	441.8
1.0	25.0	90.5	14.1	5.1	441.8
10.6	25.5	159.2	14.0	7.8	441.8
25.3	25.4	242.2	14.0	7.6	441.8
24.6	25.3	161.7	14.0	6.9	441.8
25.7	25.8	377.5	14.0	8.4	441.8
11.3	26.6	539.5	14.0	8.4	441.8
1.5	27.4	532.8	14.0	7.9	441.8
5.9	27.3	474.7	14.0	9.9	441.8
23.9	27.4	396.1	14.0	9.6	441.8
1.1	27.7	423.4	14.0	8.9	441.8
32.6	26.3	406.1	14.0	8.6	441.8
19.4	26.5	286.7	13.9	8.6	441.8
11.1	26.7	372.6	13.9	10.3	441.8
19.6	27.2	480.8	13.9	9.2	441.8
19.6	26.9	450.1	13.9	9.6	441.8
13.5	27.0	604.4	13.9	11.0	441.8
11.4	26.6	506.0	13.9	9.7	441.8
0.0	26.1	536.9	13.9	10.8	441.8
0.9	25.7	418.8	13.8	8.3	441.8
3.0	26.2	399.6	13.8	9.2	441.8
12.2	26.3	438.9	13.8	8.9	441.8
19.9	26.1	308.9	13.8	8.3	441.8
19.4	25.8	237.7	13.8	8.4	441.8
22.4	26.0	342.0	13.7	8.9	441.8
21.2	25.6	302.1	13.7	9.0	441.8
20.6	26.1	515.6	13.7	9.3	441.8
8.5	26.8	501.4	13.7	10.6	441.8
17.0	26.9	432.1	13.7	9.3	441.8
13.3	26.1	431.6	13.6	9.8	441.8
10.2	26.5	530.6	13.6	9.6	441.8
7.6	25.9	504.9	13.6	9.4	439.6
4.7	25.3	473.8	13.6	9.0	439.6
6.2	25.3	478.9	13.6	9.3	439.6
14.1	24.7	385.6	13.5	9.3	439.6
9.7	25.0	424.3	13.5	9.2	439.6
4.3	25.2	493.2	13.5	9.5	439.6
0.3	26.0	476.6	13.5	9.7	439.6
0.0	27.1	578.4	13.4	10.7	439.6
0.0	27.7	590.6	13.4	10.8	439.6
0.0	28.3	578.8	13.4	10.3	439.6
0.2	29.0	488.5	13.4	10.8	439.6
2.7	29.0	491.9	13.3	11.7	439.6
0.2	29.8	566.1	13.3	11.4	439.6
0.0	29.5	573.6	13.3	11.2	439.6
0.0	29.3	559.9	13.3	10.9	439.6
0.0	29.0	510.8	13.2	10.9	439.6
0.0	29.4	571.8	13.2	11.1	439.6
0.1	29.6	549.0	13.2	11.2	439.6
0.4	29.1	459.4	13.2	10.4	439.6
0.2	29.5	474.4	13.1	10.6	439.6
3.1	29.0	548.4	13.1	11.0	439.6
5.3	27.9	549.9	13.1	10.8	439.6
10.6	27.1	540.4	13.1	9.9	439.6
0.2	28.2	509.4	13.0	9.4	439.6
0.3	28.7	496.2	13.0	10.5	439.6
0.0	28.7	535.5	13.0	9.6	439.6
0.8	28.7	415.5	12.9	9.8	439.6
0.2	28.8	443.0	12.9	9.6	439.6
4.5	26.4	258.4	12.9	9.7	439.6
0.0	22.3	343.8	12.9	9.4	439.6
0.0	22.8	558.5	12.8	9.5	439.6
0.0	24.2	519.8	12.8	10.0	439.7
0.0	25.7	525.4	12.8	9.5	439.7
0.4	26.7	177.0	12.7	6.9	439.7
5.6	27.3	397.4	12.7	10.5	439.7
29.3	25.8	429.9	12.7	8.3	439.7
34.4	23.3	30.9	12.7	3.5	439.7
17.8	23.0	20.1	12.6	2.3	439.7
5.3	23.9	52.8	12.6	5.3	439.7
15.1	25.0	283.2	12.6	7.1	439.7
7.4	24.7	396.2	12.5	7.6	439.7
0.5	21.5	221.5	12.5	7.7	439.7
0.2	21.0	467.9	12.5	9.6	439.7
0.0	21.8	505.4	12.4	9.0	439.7
0.0	22.0	241.7	12.4	6.8	439.7
0.0	21.7	120.9	12.4	6.2	439.7
0.0	21.4	241.5	12.4	7.2	439.7
0.8	23.4	322.3	12.3	7.1	439.7
0.8	24.0	287.9	12.3	7.4	439.7
0.5	24.6	428.3	12.3	7.8	439.7
1.4	24.3	359.8	12.2	7.8	439.7
0.3	22.9	262.9	12.2	6.5	439.7
0.3	23.0	331.5	12.2	7.2	439.7
1.5	24.7	321.1	12.1	6.8	439.7
0.7	24.6	85.9	12.1	4.9	439.7
0.8	24.7	226.3	12.1	6.7	439.7
0.2	22.1	177.2	12.1	5.8	439.7
0.0	22.6	460.9	12.0	7.9	439.7
0.0	22.0	461.0	12.0	8.0	439.7
0.0	22.7	455.8	12.0	7.8	439.7
0.0	23.2	456.9	11.9	7.5	439.7
0.0	22.6	452.3	11.9	8.6	440.3
0.0	21.9	457.2	11.9	8.3	440.3
0.0	22.1	450.0	11.8	8.6	440.3
0.0	21.3	421.5	11.8	8.6	440.3
0.0	19.9	447.6	11.8	7.8	440.3
0.0	19.2	444.2	11.7	7.7	440.3
0.0	20.8	431.2	11.7	8.1	440.3
0.0	21.3	419.6	11.7	8.4	440.3
0.0	20.3	385.8	11.7	7.8	440.3
0.0	20.3	427.7	11.6	7.3	440.3
0.0	19.7	418.6	11.6	8.1	440.3
0.0	18.9	436.0	11.6	7.6	440.3
0.0	20.6	420.4	11.5	7.3	440.3
0.0	20.8	132.7	11.5	5.2	440.3
0.5	21.5	128.5	11.5	5.9	440.3
0.3	18.6	84.5	11.5	5.7	440.3
0.0	15.1	427.5	11.4	6.3	440.3
0.0	16.6	420.3	11.4	7.2	440.3
0.0	18.2	408.4	11.4	7.5	440.3
0.0	18.8	400.5	11.3	7.9	440.3
0.0	18.3	406.1	11.3	8.1	440.3
0.0	18.4	404.7	11.3	7.8	440.3
0.0	19.1	400.8	11.2	7.6	440.3
0.0	16.5	396.0	11.2	6.8	440.3
0.0	16.0	396.6	11.2	7.0	440.3
0.0	17.9	393.0	11.2	7.6	440.3
0.0	18.9	384.1	11.1	7.8	440.3
0.0	18.5	380.9	11.1	7.8	440.3
0.0	18.3	380.2	11.1	7.0	440.3
0.0	17.4	374.9	11.1	6.1	440.3
0.0	14.4	371.7	11.0	6.4	440.3
0.0	8.7	381.7	11.0	4.2	442.3
0.0	9.5	372.7	11.0	5.0	442.3
0.0	10.0	375.3	10.9	5.2	442.3
0.0	13.9	357.0	10.9	6.1	442.3
0.0	15.7	349.8	10.9	6.1	442.3
0.0	16.2	335.1	10.9	6.2	442.3
0.0	15.9	344.0	10.8	6.2	442.3
0.0	14.5	358.5	10.8	6.1	442.3
0.0	15.5	349.8	10.8	6.1	442.3
0.0	17.4	340.7	10.8	6.3	442.3
0.1	17.1	163.8	10.7	5.4	442.3
0.0	19.1	320.7	10.7	6.0	442.3
1.1	19.5	152.0	10.7	4.9	442.3
1.3	15.0	61.1	10.7	5.0	442.3
0.6	11.4	233.4	10.7	3.0	442.3
0.0	12.7	152.1	10.6	4.0	442.3
1.5	17.8	306.9	10.6	6.0	442.3
0.0	8.8	116.6	10.6	3.1	442.3
0.0	11.0	139.6	10.6	3.2	442.3
0.7	10.6	94.7	10.5	3.4	442.3
1.0	11.2	215.7	10.5	3.7	442.3
6.9	10.7	62.7	10.5	2.3	442.3
15.7	11.6	20.1	10.5	1.6	442.3
6.3	7.0	21.2	10.5	3.1	442.3
0.0	4.6	316.7	10.4	3.2	442.3
0.1	4.7	281.8	10.4	3.5	442.3
0.1	6.9	272.4	10.4	3.8	442.3
20.0	12.2	27.6	10.4	3.7	442.3
0.2	8.5	151.7	10.4	3.5	442.3
0.0	7.7	272.4	10.4	3.6	442.3
2.5	8.7	308.0	10.3	3.7	444.6
20.1	10.6	17.5	10.3	2.3	444.6
9.5	14.6	27.1	10.3	3.5	444.6
0.3	7.5	31.9	10.3	4.0	444.6
0.0	7.3	153.1	10.3	2.5	444.6
17.5	11.3	114.8	10.3	3.0	444.6
26.6	8.7	22.9	10.3	2.4	444.6
1.1	6.6	16.1	10.3	0.9	444.6
0.2	6.0	194.4	10.2	3.0	444.6
0.4	8.5	183.8	10.2	3.8	444.6
0.3	11.2	198.5	10.2	3.5	444.6
8.5	9.7	128.2	10.2	4.2	444.6
0.0	3.5	243.8	10.2	2.7	444.6
0.4	3.2	214.8	10.2	3.1	444.6
0.1	5.6	216.3	10.2	3.6	444.6
0.2	8.9	281.7	10.2	4.1	444.6
0.6	12.6	246.8	10.2	4.5	444.6
0.0	6.4	254.5	10.2	3.2	444.6
0.0	5.3	289.1	10.2	3.4	444.6
0.0	6.6	278.4	10.2	3.8	444.6
0.1	6.9	265.6	10.2	3.8	444.6
0.1	9.2	273.7	10.2	4.6	444.6
0.0	9.6	268.8	10.2	3.9	444.6
0.2	9.9	262.8	10.2	4.6	444.6
0.0	4.1	289.9	10.2	2.9	444.6
0.0	-0.2	285.7	10.2	2.1	444.6
0.0	-2.2	294.2	10.2	2.0	444.6
0.0	-0.4	202.5	10.2	2.0	444.6
0.0	-0.6	259.1	10.2	2.1	444.6
0.0	-1.1	291.0	10.2	2.2	444.6
3.2	3.5	164.3	10.2	2.7	444.6
0.4	4.6	95.5	10.2	2.2	446.8
0.1	8.4	246.4	10.2	3.6	446.8
2.6	11.4	100.3	10.2	3.4	446.8
2.1	0.7	41.1	10.2	2.9	446.8
0.0	-4.1	304.5	10.3	1.6	446.8
0.0	-2.9	311.9	10.3	1.6	446.8
0.0	-4.2	310.4	10.3	1.7	446.8
0.0	1.7	310.7	10.3	3.1	446.8
0.0	-1.7	314.6	10.3	2.2	446.8
0.0	1.1	187.5	10.3	2.5	446.8
0.0	2.2	260.8	10.3	3.1	446.8
0.0	1.6	188.0	10.3	2.9	446.8
0.0	4.6	261.1	10.4	3.2	446.8
9.7	5.3	63.9	10.4	1.6	446.8
13.7	5.6	36.2	10.4	1.7	446.8
1.2	5.2	101.8	10.4	2.1	446.8
7.5	5.8	14.4	10.4	1.5	446.8
43.9	6.8	13.4	10.4	1.0	446.8
5.5	3.3	15.4	10.5	2.6	446.8
0.0	1.0	240.4	10.5	2.4	446.8
0.0	-3.0	322.9	10.5	2.1	446.8
0.0	-2.5	335.5	10.5	2.4	446.8
0.0	1.9	322.4	10.5	2.9	446.8
0.1	3.1	130.2	10.5	3.0	446.8
0.0	6.7	145.3	10.6	3.4	446.8
1.5	11.9	313.5	10.6	5.2	446.8
2.2	6.0	67.9	10.6	2.1	446.8
2.0	6.1	263.4	10.6	2.8	446.8
21.9	6.5	28.0	10.7	1.7	446.8
2.1	7.9	84.2	10.7	2.1	446.8
13.0	8.6	23.1	10.7	1.6	446.8
12.7	6.1	30.4	10.7	3.0	448.1
0.2	2.1	111.6	10.8	2.4	448.1
0.1	1.9	339.3	10.8	3.3	448.1
0.0	3.1	81.4	10.8	2.8	448.1
0.6	2.9	360.8	10.8	3.3	448.1
0.0	2.5	369.6	10.9	2.6	448.1
0.0	2.7	373.6	10.9	3.4	448.1
0.0	3.2	381.2	10.9	3.5	448.1
0.0	6.7	382.7	10.9	5.0	448.1
0.0	9.3	386.7	11.0	6.1	448.1
0.0	12.2	388.9	11.0	6.7	448.1
0.1	13.7	385.6	11.0	7.0	448.1
0.0	10.5	372.3	11.0	5.3	448.1
0.0	10.2	319.5	11.1	6.0	448.1
0.0	5.4	397.7	11.1	4.3	448.1
0.0	8.0	409.6	11.1	5.5	448.1
0.0	9.7	409.5	11.2	6.5	448.1
1.0	7.4	282.0	11.2	4.7	448.1
0.4	4.6	131.0	11.2	2.6	448.1
32.9	6.2	83.9	11.2	3.2	448.1
6.3	4.6	46.9	11.3	3.5	448.1
0.0	4.1	409.5	11.3	4.0	448.1
0.0	6.4	421.5	11.3	4.8	448.1
17.6	10.6	391.5	11.4	6.3	448.1
9.2	2.3	75.9	11.4	2.5	448.1
11.1	2.2	135.3	11.4	2.4	448.1
17.6	3.7	18.7	11.4	2.0	448.1
1.0	2.9	136.4	11.5	2.5	448.1
0.3	6.2	304.5	11.5	4.3	448.1
0.1	9.9	436.1	11.5	6.3	448.8
10.4	13.7	324.6	11.6	6.7	448.8
1.3	13.9	91.4	11.6	4.0	448.8
17.7	15.4	67.6	11.6	3.8	448.8
24.8	11.7	170.5	11.7	8.1	448.8
0.0	5.0	329.1	11.7	3.5	448.8
0.0	7.9	252.8	11.7	3.5	448.8
2.2	11.2	225.6	11.7	4.8	448.8
18.7	14.0	61.4	11.8	4.2	448.8
13.0	9.3	82.7	11.8	5.6	448.8
3.3	4.3	33.3	11.8	1.4	448.8
29.3	6.6	29.5	11.9	2.9	448.8
2.5	6.2	93.6	11.9	2.8	448.8
0.8	6.4	208.7	11.9	4.4	448.8
2.2	9.5	409.4	12.0	5.8	448.8
34.5	10.9	57.5	12.0	4.0	448.8
1.7	17.3	214.7	12.0	7.3	448.8
4.3	13.2	66.6	12.0	8.8	448.8
2.7	9.2	446.7	12.1	5.0	448.8
21.6	8.4	29.8	12.1	3.4	448.8
8.2	10.7	49.1	12.1	4.6	448.8
4.2	7.6	106.0	12.2	2.9	448.8
25.5	12.5	124.7	12.2	5.4	448.8
22.9	13.3	99.3	12.2	3.1	448.8
14.2	8.5	26.6	12.3	6.2	448.8
17.2	7.5	55.9	12.3	3.0	448.8
25.4	9.0	59.1	12.3	2.5	448.8
35.9	5.4	78.1	12.4	5.1	448.8
17.6	4.0	175.3	12.4	3.2	448.8
10.2	5.1	53.4	12.4	2.3	448.8
1.1	7.0	118.9	12.4	4.1	448.8
0.0	5.4	325.1	12.5	5.4	449.3
0.0	8.0	557.0	12.5	5.7	449.3
0.0	10.9	553.3	12.5	6.8	449.3
0.0	20.3	521.5	12.6	9.8	449.3
0.0	23.8	227.2	12.6	6.9	449.3
0.0	24.9	346.6	12.6	8.7	449.3
10.2	23.3	471.7	12.7	13.4	449.3
8.8	8.6	38.8	12.7	5.6	449.3
22.2	7.1	24.0	12.7	2.1	449.3
24.3	6.4	43.0	12.7	1.7	449.3
19.7	9.3	59.8	12.8	4.1	449.3
34.5	12.2	108.4	12.8	5.0	449.3
20.5	10.1	42.8	12.8	2.0	449.3
14.3	10.4	61.2	12.9	3.3	449.3
0.2	10.9	164.5	12.9	5.0	449.3
0.1	8.3	155.2	12.9	5.4	449.3
0.0	11.8	300.6	12.9	7.0	449.3
22.5	13.4	254.7	13.0	5.3	449.3
20.3	16.1	49.6	13.0	4.8	449.3
20.6	18.7	69.7	13.0	7.2	449.3
0.1	17.1	557.7	13.1	8.8	449.3
0.2	18.9	582.8	13.1	10.6	449.3
0.2	20.6	467.4	13.1	11.6	449.3
3.5	9.6	69.4	13.1	6.5	449.3
0.0	10.8	500.1	13.2	7.1	449.3
0.1	15.9	572.2	13.2	8.7	449.3
16.0	19.4	166.8	13.2	8.7	449.3
10.9	17.0	50.7	13.3	5.4	449.3
1.4	18.2	140.5	13.3	5.5	449.3
0.3	24.1	421.2	13.3	10.7	449.3
0.0	26.2	569.3	13.3	9.7	449.9
1.4	25.3	307.4	13.4	8.2	449.9
5.7	25.3	506.6	13.4	11.6	449.9
39.4	24.1	273.2	13.4	9.3	449.9
1.2	18.4	119.6	13.4	7.1	449.9
0.2	18.4	490.9	13.5	9.2	449.9
0.0	19.0	273.0	13.5	7.3	449.9
6.2	19.0	153.1	13.5	5.2	449.9
7.2	20.9	77.3	13.5	8.7	449.9
0.0	18.0	499.4	13.6	9.3	449.9
0.1	21.8	607.4	13.6	10.6	449.9
12.7	23.9	457.7	13.6	10.8	449.9
2.2	22.4	160.7	13.6	5.8	449.9
4.1	22.2	197.0	13.6	9.2	449.9
2.0	18.3	181.5	13.7	7.3	449.9
1.5	16.7	103.2	13.7	5.3	449.9
3.4	17.8	76.3	13.7	6.9	449.9
1.5	16.4	119.1	13.7	4.5	449.9
1.6	17.0	84.5	13.7	4.3	449.9
0.4	17.5	176.0	13.8	6.0	449.9
0.0	18.1	640.2	13.8	9.9	449.9
0.0	20.6	563.6	13.8	9.5	449.9
48.6	18.9	66.8	13.8	6.4	449.9
6.8	18.6	68.7	13.8	4.4	449.9
0.8	20.1	344.1	13.8	8.2	449.9
1.4	20.0	455.2	13.9	8.1	449.9
0.1	20.6	422.4	13.9	8.6	449.9
5.4	18.5	65.9	13.9	3.5	449.9
5.7	17.7	33.2	13.9	3.2	449.9
0.2	18.9	464.7	13.9	10.5	449.9
0.0	17.5	450.7	13.9	7.4	449.9
0.0	17.5	273.8	14.0	8.6	449.0
0.0	19.5	631.2	14.0	10.5	449.0
0.1	22.0	617.0	14.0	11.6	449.0
0.0	23.8	589.1	14.0	11.5	449.0
0.0	22.4	300.3	14.0	8.1	449.0
7.9	23.9	332.6	14.0	8.8	449.0
21.2	23.2	96.0	14.0	5.6	449.0
15.0	23.6	65.9	14.0	5.4	449.0
0.4	25.6	499.1	14.0	11.1	449.0
0.9	26.9	612.6	14.0	12.0	449.0
9.7	26.8	628.5	14.1	10.5	449.0
0.8	27.4	620.5	14.1	11.8	449.0
7.3	26.7	597.8	14.1	11.8	449.0
6.4	26.8	496.8	14.1	11.0	449.0
23.0	26.3	435.6	14.1	9.9	449.0
21.7	24.6	188.9	14.1	8.5	449.0
1.9	21.6	72.8	14.1	5.1	449.0
0.4	22.2	466.1	14.1	9.4	449.0
0.1	22.8	463.1	14.1	9.7	449.0
0.1	24.1	512.9	14.1	10.5	449.0
0.0	24.4	303.8	14.1	8.7	449.0
17.3	24.4	102.8	14.1	5.5	449.0
28.3	25.1	83.3	14.1	5.0	449.0
29.7	24.0	59.8	14.1	9.0	449.0
0.6	22.0	252.8	14.1	7.6	449.0
0.0	23.2	295.1	14.1	8.2	449.0
21.1	23.0	63.5	14.1	5.0	449.0
14.5	23.4	75.0	14.1	6.0	449.0
9.1	25.7	413.4	14.1	9.5	449.0
5.6	26.9	473.9	14.1	10.3	449.0
14.4	27.0	535.8	14.1	10.0	445.8
44.7	26.2	356.9	14.0	7.6	445.8
25.2	25.6	259.7	14.0	6.5	445.8
0.8	26.7	594.9	14.0	11.5	445.8
10.7	26.9	503.8	14.0	10.9	445.8
16.4	26.1	332.3	14.0	9.7	445.8
7.6	26.8	472.8	14.0	9.9	445.8
11.9	27.2	441.2	14.0	9.6	445.8
10.2	26.9	412.1	14.0	9.5	445.8
4.6	27.3	565.3	14.0	12.1	445.8
9.3	26.4	418.9	14.0	10.4	445.8
1.8	26.1	555.7	13.9	9.5	445.8
1.2	25.3	283.2	13.9	8.1	445.8
3.7	26.5	405.3	13.9	9.5	445.8
12.4	27.1	452.4	13.9	9.5	445.8
17.7	27.2	377.8	13.9	9.4	445.8
13.0	26.6	282.1	13.9	9.4	445.8
10.2	26.5	402.5	13.9	9.5	445.8
11.4	25.7	395.8	13.8	8.8	445.8
6.5	25.3	296.9	13.8	8.5	445.8
10.9	25.6	403.8	13.8	9.8	445.8
19.1	26.3	348.5	13.8	9.1	445.8
15.2	26.3	402.5	13.8	8.8	445.8
29.2	25.5	316.5	13.8	8.1	445.8
13.5	25.9	407.2	13.7	8.5	445.8
13.7	26.3	384.9	13.7	9.4	445.8
18.0	26.0	326.6	13.7	9.6	445.8
12.3	26.5	326.1	13.7	9.4	445.8
13.3	26.0	320.6	13.7	8.9	445.8
21.4	26.1	420.7	13.6	8.2	445.8
17.5	26.2	279.3	13.6	9.1	445.8
12.2	26.3	491.0	13.6	9.2	443.6
17.6	26.3	487.6	13.6	8.8	443.6
22.1	25.8	369.3	13.5	8.4	443.6
0.1	25.2	123.0	13.5	6.9	443.6
20.6	25.1	372.1	13.5	9.0	443.6
0.2	25.5	359.1	13.5	8.8	443.6
0.7	25.8	338.9	13.4	8.0	443.6
2.0	25.8	264.1	13.4	7.6	443.6
3.8	25.7	308.9	13.4	7.9	443.6
1.7	25.3	254.2	13.4	7.8	443.6
1.7	24.9	273.5	13.3	7.6	443.6
1.0	26.3	422.8	13.3	8.5	443.6
14.2	26.7	455.3	13.3	9.2	443.6
12.9	27.2	410.8	13.3	9.8	443.6
9.0	26.9	449.9	13.2	8.7	443.6
12.9	26.7	467.2	13.2	9.5	443.6
23.5	26.3	462.1	13.2	9.1	443.6
16.0	25.5	371.1	13.2	8.2	443.6
0.7	25.4	345.7	13.1	8.4	443.6
0.9	25.3	454.9	13.1	9.2	443.6
1.6	24.2	267.1	13.1	7.2	443.6
14.0	24.7	257.0	13.1	5.9	443.6
4.0	21.8	36.6	13.0	5.6	443.6
0.5	22.0	48.7	13.0	4.5	443.6
0.1	23.1	500.0	13.0	9.2	443.6
0.0	23.9	531.5	12.9	9.9	443.6
0.1	25.3	539.7	12.9	10.0	443.6
0.0	26.6	542.8	12.9	10.3	443.6
0.0	26.0	540.2	12.9	10.4	443.6
0.1	26.7	540.7	12.8	10.0	443.6
0.3	28.3	473.8	12.8	9.8	443.6
2.9	28.1	481.3	12.8	9.9	443.8
15.0	27.2	492.0	12.7	10.3	443.8
19.7	25.9	406.2	12.7	8.4	443.8
0.0	25.4	503.5	12.7	10.0	443.8
0.0	23.9	540.5	12.7	9.3	443.8
0.0	23.9	532.3	12.6	9.6	443.8
0.0	24.2	520.9	12.6	8.8	443.8
0.3	24.8	291.5	12.6	9.3	443.8
0.1	23.9	324.0	12.5	9.4	443.8
0.4	24.7	287.7	12.5	8.2	443.8
0.1	24.6	423.9	12.5	9.0	443.8
0.0	24.1	245.7	12.5	8.7	443.8
0.0	24.2	510.8	12.4	9.6	443.8
0.2	24.9	377.3	12.4	8.8	443.8
0.0	25.3	499.4	12.4	9.5	443.8
0.0	25.9	491.2	12.3	9.3	443.8
0.2	26.0	481.8	12.3	9.1	443.8
0.0	26.2	483.6	12.3	9.6	443.8
0.0	25.7	486.1	12.2	9.1	443.8
0.0	25.1	468.0	12.2	9.2	443.8
0.0	24.8	481.2	12.2	9.7	443.8
0.0	24.6	479.2	12.1	9.6	443.8
0.0	24.9	473.6	12.1	9.1	443.8
0.0	25.1	467.2	12.1	8.7	443.8
0.2	26.3	440.7	12.1	8.3	443.8
2.2	25.4	268.0	12.0	7.2	443.8
0.1	23.3	229.5	12.0	7.6	443.8
0.0	21.6	470.6	12.0	6.6	443.8
0.0	20.9	471.7	11.9	7.3	443.8
0.0	22.3	467.9	11.9	8.8	443.8
0.0	21.8	471.8	11.9	9.4	444.4
0.0	19.7	468.9	11.8	8.7	444.4
0.0	20.9	462.0	11.8	9.0	444.4
0.0	20.8	451.0	11.8	8.6	444.4
0.0	20.8	453.1	11.8	9.0	444.4
0.0	21.0	449.7	11.7	8.0	444.4
0.0	23.1	431.9	11.7	8.2	444.4
0.0	24.0	425.5	11.7	8.7	444.4
0.5	25.5	387.6	11.6	7.9	444.4
0.0	18.7	260.1	11.6	7.9	444.4
0.0	16.1	360.9	11.6	4.8	444.4
0.0	16.2	384.6	11.5	5.7	444.4
0.0	17.2	303.8	11.5	5.6	444.4
0.0	17.2	415.4	11.5	7.2	444.4
0.0	18.3	417.8	11.5	7.4	444.4
0.0	18.9	408.8	11.4	7.8	444.4
0.0	18.6	416.8	11.4	7.9	444.4
0.0	18.4	416.6	11.4	7.8	444.4
0.0	18.1	415.0	11.3	7.6	444.4
0.0	18.9	396.8	11.3	6.6	444.4
0.0	18.8	342.7	11.3	5.9	444.4
0.0	16.1	218.1	11.3	5.3	444.4
0.0	13.5	396.8	11.2	6.4	444.4
0.0	8.2	404.2	11.2	4.6	444.4
0.0	9.9	403.2	11.2	5.1	444.4
0.0	14.0	363.1	11.1	6.0	444.4
0.0	16.0	369.2	11.1	6.4	444.4
1.3	19.3	302.5	11.1	6.4	444.4
3.5	18.4	25.6	11.1	2.6	444.4
8.4	20.8	131.4	11.0	5.1	444.4
42.6	20.5	45.0	11.0	3.4	444.4
22.1	16.0	40.3	11.0	5.4	446.3
0.3	11.6	218.7	11.0	4.2	446.3
0.1	11.3	292.1	10.9	4.7	446.3
0.0	8.1	360.6	10.9	3.6	446.3
0.0	8.2	369.9	10.9	4.0	446.3
0.1	10.0	352.1	10.8	4.8	446.3
0.1	10.1	149.7	10.8	4.0	446.3
0.1	10.1	278.2	10.8	4.4	446.3
0.0	10.4	333.5	10.8	4.8	446.3
0.0	10.8	337.1	10.8	5.0	446.3
0.0	11.1	312.1	10.7	5.0	446.3
0.0	11.3	335.3	10.7	5.0	446.3
0.0	11.0	311.9	10.7	5.1	446.3
0.0	11.7	336.7	10.7	4.8	446.3
0.0	12.6	333.4	10.6	4.9	446.3
0.0	14.0	327.2	10.6	4.9	446.3
0.0	14.8	122.5	10.6	4.1	446.3
0.0	14.7	313.5	10.6	5.5	446.3
0.0	13.7	305.5	10.5	5.4	446.3
0.0	14.4	316.4	10.5	5.2	446.3
0.0	9.4	149.7	10.5	5.2	446.3
0.0	5.2	324.2	10.5	3.5	446.3
0.0	9.6	278.1	10.5	4.6	446.3
0.0	9.5	138.0	10.5	4.1	446.3
0.0	11.6	314.6	10.4	5.1	446.3
0.0	12.4	306.3	10.4	5.1	446.3
0.0	14.1	301.3	10.4	4.9	446.3
0.0	15.8	291.3	10.4	4.8	446.3
0.2	16.2	231.9	10.4	4.7	446.3
0.2	15.7	267.1	10.4	5.1	446.3
0.0	10.5	295.6	10.3	3.6	448.6
0.0	9.6	173.5	10.3	3.0	448.6
0.0	9.1	279.8	10.3	3.6	448.6
0.0	10.4	212.9	10.3	3.7	448.6
0.0	9.6	296.3	10.3	4.7	448.6
0.0	8.2	295.9	10.3	4.0	448.6
0.0	8.7	288.3	10.3	4.0	448.6
0.0	6.0	201.7	10.3	3.0	448.6
0.0	5.3	251.1	10.2	3.3	448.6
0.0	4.5	283.1	10.2	3.3	448.6
0.0	5.4	164.2	10.2	3.0	448.6
0.0	8.8	289.7	10.2	3.9	448.6
4.5	12.8	91.1	10.2	3.2	448.6
3.9	15.0	35.9	10.2	2.7	448.6
10.7	14.1	31.6	10.2	2.1	448.6
0.3	15.0	56.7	10.2	2.3	448.6
3.8	13.2	232.7	10.2	5.4	448.6
14.3	2.4	72.8	10.2	2.0	448.6
11.3	-0.2	37.0	10.2	0.7	448.6
0.4	2.5	160.4	10.2	2.1	448.6
7.8	7.1	80.3	10.2	2.5	448.6
4.5	6.6	39.4	10.2	1.6	448.6
5.9	6.0	87.3	10.2	1.9	448.6
0.5	4.4	64.4	10.2	2.3	448.6
7.1	6.2	147.6	10.2	2.8	448.6
7.7	7.9	34.9	10.2	1.7	448.6
6.0	10.4	83.6	10.2	2.9	448.6
1.2	7.6	89.0	10.2	1.8	448.6
0.1	3.4	111.9	10.2	2.7	448.6
0.0	1.9	294.9	10.2	2.7	448.6
0.3	1.6	161.2	10.2	2.6	448.6
6.9	7.7	282.2	10.2	3.6	450.9
2.8	4.7	38.8	10.2	2.6	450.9
4.2	0.4	62.4	10.2	1.9	450.9
0.0	-4.2	147.3	10.2	1.4	450.9
0.0	-5.0	304.2	10.3	1.6	450.9
0.0	-4.2	304.4	10.3	1.8	450.9
0.0	-1.1	307.6	10.3	2.2	450.9
0.0	1.3	305.8	10.3	2.5	450.9
0.0	-0.3	311.5	10.3	2.3	450.9
0.0	0.3	312.1	10.3	2.7	450.9
0.0	2.3	309.3	10.3	3.4	450.9
0.0	5.6	294.4	10.3	3.8	450.9
0.0	4.7	279.0	10.4	3.4	450.9
0.0	-0.0	321.9	10.4	2.5	450.9
0.8	6.4	297.8	10.4	3.9	450.9
2.5	8.1	43.3	10.4	3.0	450.9
15.1	4.2	17.1	10.4	1.5	450.9
0.9	1.3	60.3	10.4	2.2	450.9
0.0	-0.3	327.6	10.5	2.3	450.9
0.0	-1.0	311.6	10.5	2.5	450.9
0.0	0.0	305.4	10.5	3.0	450.9
0.0	2.9	310.7	10.5	3.5	450.9
0.0	3.3	307.1	10.5	2.8	450.9
0.0	1.6	266.7	10.6	3.2	450.9
0.0	3.4	336.3	10.6	3.6	450.9
0.0	3.3	342.4	10.6	3.7	450.9
0.0	6.4	335.3	10.6	4.2	450.9
0.1	6.7	126.5	10.7	3.4	450.9
1.4	7.5	103.7	10.7	3.0	450.9
11.8	7.5	50.2	10.7	2.2	450.9
1.5	5.3	108.9	10.7	2.7	450.9
0.9	5.6	200.0	10.7	3.7	452.3
0.1	-2.1	307.9	10.8	2.5	452.3
0.0	0.3	305.3	10.8	2.5	452.3
0.0	3.7	298.0	10.8	3.8	452.3
0.0	7.4	362.7	10.8	4.5	452.3
0.0	9.2	367.6	10.9	5.4	452.3
0.0	12.9	361.4	10.9	6.1	452.3
0.0	14.9	289.1	10.9	6.8	452.3
0.4	13.6	184.7	11.0	5.2	452.3
1.2	9.0	88.5	11.0	3.0	452.3
0.1	8.2	231.9	11.0	4.8	452.3
0.0	9.4	394.3	11.0	5.5	452.3
0.0	10.1	402.1	11.1	6.1	452.3
0.0	11.3	396.7	11.1	6.3	452.3
4.8	13.0	369.1	11.1	6.6	452.3
0.1	7.1	247.3	11.1	4.5	452.3
0.0	8.4	406.3	11.2	5.7	452.3
0.0	11.4	409.9	11.2	6.5	452.3
17.6	13.4	260.4	11.2	7.0	452.3
2.4	-1.2	59.7	11.3	3.5	452.3
0.0	-0.8	409.5	11.3	2.8	452.3
0.0	3.1	427.3	11.3	4.0	452.3
0.0	6.8	426.8	11.3	5.1	452.3
0.0	9.2	426.4	11.4	5.6	452.3
0.0	12.1	432.0	11.4	7.1	452.3
0.3	17.0	424.0	11.4	8.2	452.3
12.6	6.5	37.8	11.5	6.0	452.3
0.0	6.4	410.9	11.5	4.5	452.3
0.0	6.5	393.7	11.5	4.8	452.9
0.0	7.1	435.1	11.6	4.9	452.9
0.0	8.6	133.0	11.6	4.0	452.9
14.6	9.8	139.3	11.6	3.8	452.9
1.2	10.3	119.2	11.6	2.8	452.9
13.8	7.3	51.1	11.7	5.4	452.9
0.2	5.2	469.8	11.7	3.6	452.9
0.0	7.5	466.3	11.7	5.0	452.9
0.0	11.0	427.3	11.8	6.2	452.9
0.0	13.1	447.3	11.8	6.9	452.9
0.0	13.5	455.4	11.8	6.8	452.9
0.0	15.4	471.7	11.9	7.4	452.9
0.0	19.8	355.3	11.9	8.6	452.9
0.8	17.9	131.5	11.9	7.9	452.9
22.7	8.5	39.9	12.0	4.1	452.9
19.0	8.6	28.3	12.0	2.0	452.9
19.8	9.2	40.1	12.0	4.1	452.9
0.5	7.9	302.3	12.0	4.1	452.9
0.0	11.2	501.8	12.1	6.3	452.9
0.0	12.1	503.8	12.1	7.0	452.9
0.0	13.0	389.6	12.1	6.4	452.9
1.4	10.6	79.8	12.2	3.4	452.9
19.7	10.9	44.4	12.2	4.3	452.9
6.3	14.9	124.7	12.2	5.0	452.9
1.2	15.1	172.9	12.3	6.1	452.9
0.1	15.9	436.2	12.3	8.0	452.9
0.1	15.9	366.6	12.3	7.6	452.9
1.5	14.4	184.9	12.3	5.4	452.9
0.1	20.6	427.3	12.4	8.3	452.9
0.5	24.0	472.6	12.4	7.7	452.9
6.9	15.4	53.7	12.4	8.2	452.9
0.0	14.1	277.8	12.5	8.4	453.4
0.0	13.1	550.9	12.5	6.8	453.4
25.6	18.3	315.6	12.5	7.0	453.4
0.2	17.1	409.8	12.6	5.3	453.4
60.0	20.3	271.2	12.6	7.3	453.4
0.9	20.9	208.8	12.6	6.4	453.4
0.0	22.7	365.4	12.7	8.1	453.4
3.4	21.6	334.1	12.7	6.2	453.4
0.1	23.9	429.3	12.7	8.2	453.4
16.1	18.8	467.1	12.7	12.8	453.4
23.5	11.1	321.7	12.8	5.8	453.4
0.6	10.5	98.8	12.8	4.6	453.4
13.0	12.3	79.7	12.8	4.3	453.4
0.3	12.2	305.3	12.9	6.8	453.4
48.7	15.9	366.6	12.9	8.7	453.4
0.4	11.6	124.3	12.9	5.3	453.4
1.6	13.5	476.4	12.9	6.1	453.4
0.2	14.4	358.1	13.0	8.3	453.4
0.0	13.5	440.8	13.0	7.2	453.4
0.0	15.1	570.2	13.0	9.3	453.4
0.0	16.4	597.6	13.1	9.9	453.4
0.0	17.2	603.5	13.1	10.2	453.4
0.0	18.6	516.2	13.1	8.7	453.4
10.8	17.1	126.8	13.1	6.0	453.4
11.1	16.6	66.8	13.2	4.1	453.4
5.8	18.4	95.1	13.2	5.0	453.4
2.4	22.0	488.6	13.2	9.7	453.4
2.0	24.4	558.0	13.2	10.0	453.4
2.0	25.1	517.0	13.3	7.9	453.4
8.2	22.9	533.5	13.3	10.3	453.4
2.3	22.9	467.4	13.3	8.7	454.0
18.2	21.3	181.0	13.4	6.7	454.0
0.6	22.4	338.3	13.4	9.1	454.0
1.2	22.5	348.5	13.4	8.7	454.0
30.8	21.3	320.3	13.4	5.9	454.0
3.9	20.7	168.7	13.5	7.6	454.0
0.0	19.1	508.0	13.5	9.6	454.0
0.0	19.2	347.5	13.5	7.6	454.0
0.0	20.6	601.2	13.5	10.6	454.0
0.0	20.8	498.0	13.5	9.2	454.0
4.7	19.3	366.4	13.6	10.8	454.0
0.0	16.5	184.9	13.6	5.9	454.0
0.1	17.5	501.4	13.6	9.1	454.0
0.1	19.9	629.3	13.6	10.9	454.0
0.0	21.7	610.2	13.7	11.2	454.0
0.1	22.6	560.5	13.7	11.2	454.0
0.0	23.3	455.9	13.7	9.5	454.0
21.2	20.2	521.0	13.7	13.0	454.0
0.0	15.5	612.4	13.7	8.9	454.0
0.0	19.1	633.4	13.8	9.5	454.0
0.0	19.4	459.4	13.8	9.5	454.0
0.0	22.8	591.1	13.8	10.5	454.0
11.8	23.1	168.2	13.8	7.2	454.0
4.0	23.1	191.5	13.8	8.0	454.0
0.1	23.6	467.3	13.8	10.9	454.0
2.1	23.0	498.7	13.9	9.2	454.0
31.6	21.6	34.8	13.9	4.5	454.0
13.2	22.1	58.1	13.9	5.9	454.0
0.0	21.9	383.8	13.9	9.6	454.0
0.1	17.3	159.6	13.9	6.8	454.0
0.0	20.6	621.5	13.9	9.4	454.0
0.8	23.9	500.3	13.9	9.7	453.1
0.0	19.4	673.7	14.0	9.4	453.1
0.0	22.3	627.4	14.0	11.4	453.1
0.0	22.9	274.7	14.0	11.1	453.1
22.7	19.3	149.2	14.0	10.8	453.1
20.4	15.9	99.7	14.0	4.4	453.1
1.4	16.6	48.1	14.0	3.3	453.1
0.0	18.3	265.1	14.0	9.1	453.1
0.1	20.0	638.5	14.0	11.4	453.1
0.0	21.9	575.1	14.0	10.9	453.1
0.0	20.7	627.4	14.0	11.1	453.1
0.8	19.6	605.3	14.1	7.9	453.1
0.6	21.3	595.6	14.1	9.3	453.1
0.2	22.2	506.7	14.1	9.1	453.1
0.1	22.4	435.6	14.1	10.3	453.1
12.1	24.2	458.2	14.1	9.9	453.1
9.6	21.2	80.8	14.1	5.7	453.1
0.8	23.8	423.6	14.1	9.1	453.1
14.3	25.9	470.1	14.1	11.2	453.1
18.7	24.3	83.7	14.1	5.1	453.1
16.3	25.3	353.6	14.1	8.1	453.1
26.1	24.8	237.8	14.1	8.3	453.1
10.2	23.6	219.4	14.1	7.0	453.1
4.5	24.3	291.8	14.1	8.0	453.1
6.4	24.8	239.7	14.1	8.7	453.1
5.9	26.4	590.1	14.1	10.6	453.1
3.4	27.0	601.5	14.1	10.6	453.1
2.5	27.1	584.2	14.1	10.8	453.1
5.6	27.2	605.5	14.1	10.9	453.1
2.0	27.4	614.8	14.1	11.3	453.1
17.3	26.6	531.0	14.1	11.0	449.9
5.1	24.1	183.4	14.0	6.4	449.9
13.2	24.6	297.2	14.0	8.3	449.9
5.9	25.7	481.1	14.0	9.2	449.9
13.3	26.0	476.3	14.0	10.0	449.9
0.1	27.4	608.1	14.0	11.0	449.9
1.5	27.7	593.4	14.0	11.3	449.9
20.2	26.2	498.7	14.0	9.6	449.9
11.9	26.2	493.5	14.0	10.0	449.9
9.5	26.5	543.0	14.0	10.8	449.9
2.2	26.7	613.8	14.0	10.6	449.9
0.5	27.4	625.7	13.9	10.6	449.9
0.0	28.1	623.6	13.9	10.8	449.9
0.1	28.2	621.4	13.9	11.4	449.9
0.0	28.1	631.5	13.9	11.2	449.9
0.0	28.8	570.2	13.9	11.1	449.9
0.1	29.1	565.9	13.9	11.0	449.9
0.0	28.4	454.9	13.9	10.1	449.9
0.0	28.4	538.7	13.8	11.3	449.9
0.0	28.2	473.5	13.8	10.2	449.9
0.9	25.9	148.0	13.8	7.5	449.9
0.1	26.2	215.4	13.8	8.2	449.9
41.2	25.2	274.8	13.8	9.2	449.9
11.5	23.2	52.3	13.8	4.1	449.9
1.5	23.6	146.7	13.7	6.0	449.9
0.9	25.0	363.3	13.7	9.2	449.9
9.7	24.4	177.3	13.7	6.8	449.9
4.4	23.8	46.3	13.7	3.0	449.9
16.7	24.8	227.3	13.7	8.1	449.9
12.7	25.3	217.5	13.6	8.2	449.9
6.2	26.0	451.8	13.6	9.4	449.9
14.2	26.1	484.7	13.6	8.9	447.7
13.9	25.2	211.6	13.6	7.5	447.7
0.1	26.0	519.8	13.5	9.2	447.7
3.7	25.7	592.7	13.5	11.5	447.7
2.0	24.8	594.4	13.5	11.5	447.7
0.0	26.1	595.3	13.5	10.9	447.7
10.5	26.3	368.5	13.5	9.5	447.7
12.4	26.5	526.0	13.4	9.6	447.7
7.7	27.1	493.4	13.4	9.6	447.7
6.7	27.1	526.2	13.4	9.6	447.7
12.2	27.2	542.7	13.4	10.2	447.7
2.3	27.3	561.0	13.3	10.7	447.7
7.1	27.5	505.9	13.3	10.3	447.7
22.6	24.8	497.9	13.3	8.9	447.7
0.0	22.2	594.3	13.3	10.3	447.7
0.0	22.8	608.5	13.2	10.5	447.7
0.0	23.7	599.6	13.2	10.7	447.7
0.1	26.3	556.0	13.2	11.0	447.7
0.2	28.2	531.6	13.1	11.0	447.7
10.6	26.8	541.8	13.1	9.9	447.7
22.9	25.4	493.2	13.1	8.8	447.7
9.0	24.5	340.8	13.1	7.1	447.7
3.4	24.1	310.2	13.0	7.2	447.7
14.2	24.7	393.3	13.0	7.8	447.7
21.0	24.6	309.8	13.0	8.0	447.7
23.2	24.8	281.5	13.0	7.4	447.7
13.4	25.5	470.1	12.9	8.5	447.7
0.3	26.3	503.1	12.9	9.2	447.7
0.6	25.6	211.9	12.9	6.8	447.7
6.6	25.5	292.5	12.8	6.7	447.7
0.4	25.6	274.3	12.8	7.1	447.7
0.3	25.7	305.0	12.8	7.8	448.0
0.8	24.5	212.9	12.8	6.3	448.0
1.7	23.5	142.7	12.7	5.7	448.0
1.1	21.9	42.1	12.7	3.6	448.0
1.3	24.0	153.4	12.7	7.6	448.0
0.1	24.3	209.5	12.6	7.8	448.0
0.0	24.5	521.2	12.6	9.4	448.0
0.0	24.6	513.3	12.6	9.6	448.0
0.2	24.9	437.9	12.5	8.1	448.0
0.1	24.2	179.9	12.5	8.0	448.0
0.0	24.9	505.5	12.5	9.2	448.0
0.0	24.2	485.8	12.5	8.8	448.0
0.0	22.1	516.7	12.4	8.5	448.0
0.0	22.2	475.8	12.4	7.5	448.0
0.0	20.9	372.0	12.4	8.7	448.0
0.0	20.6	514.4	12.3	8.3	448.0
0.0	21.8	508.7	12.3	9.5	448.0
0.0	21.9	512.3	12.3	9.4	448.0
0.0	22.5	506.1	12.2	9.9	448.0
0.0	23.2	497.4	12.2	9.6	448.0
0.0	24.4	489.4	12.2	10.2	448.0
0.0	23.7	489.9	12.2	10.2	448.0
0.0	22.1	498.1	12.1	10.2	448.0
0.0	21.3	489.2	12.1	8.8	448.0
0.0	21.2	429.5	12.1	8.9	448.0
0.0	22.2	471.6	12.0	9.4	448.0
0.0	22.1	450.8	12.0	9.3	448.0
0.0	22.7	471.9	12.0	9.1	448.0
0.0	23.1	467.5	11.9	9.0	448.0
0.0	23.8	462.7	11.9	8.9	448.0
0.0	23.7	457.2	11.9	9.0	448.6
0.0	23.2	454.4	11.9	8.6	448.6
0.0	22.3	449.8	11.8	8.3	448.6
0.0	18.9	452.5	11.8	7.5	448.6
0.0	19.3	453.9	11.8	6.7	448.6
0.0	19.7	443.0	11.7	8.0	448.6
0.0	19.4	446.5	11.7	8.5	448.6
0.0	20.0	452.0	11.7	8.5	448.6
0.0	17.4	445.4	11.6	7.7	448.6
0.0	18.0	439.2	11.6	8.0	448.6
0.0	19.2	431.2	11.6	8.6	448.6
0.0	19.4	436.2	11.6	8.8	448.6
0.0	19.6	432.3	11.5	8.7	448.6
0.0	19.9	426.7	11.5	8.4	448.6
0.0	16.1	430.0	11.5	7.2	448.6
0.0	18.9	426.3	11.4	7.5	448.6
0.0	13.2	430.1	11.4	6.1	448.6
0.0	14.1	424.0	11.4	6.7	448.6
0.0	17.1	414.7	11.4	7.5	448.6
0.0	18.6	401.6	11.3	7.1	448.6
0.0	17.1	409.4	11.3	7.5	448.6
0.0	13.6	412.7	11.3	6.0	448.6
0.0	15.0	390.8	11.2	6.7	448.6
0.0	17.2	390.6	11.2	7.4	448.6
0.0	19.0	355.3	11.2	6.7	448.6
0.0	19.8	242.3	11.2	6.3	448.6
0.0	20.1	268.3	11.1	6.9	448.6
0.0	19.9	363.7	11.1	7.2	448.6
0.0	19.6	373.1	11.1	6.7	448.6
0.0	19.8	361.5	11.0	6.1	448.6
2.1	22.5	324.8	11.0	6.5	448.6
18.8	15.6	101.6	11.0	6.7	450.5
0.0	10.2	370.5	11.0	4.3	450.5
0.0	14.1	358.9	10.9	6.3	450.5
0.0	17.0	325.4	10.9	6.6	450.5
0.7	20.2	326.0	10.9	6.5	450.5
25.3	15.8	42.8	10.9	4.4	450.5
0.4	10.4	73.9	10.8	3.4	450.5
0.1	11.2	351.1	10.8	4.6	450.5
0.1	12.8	307.0	10.8	5.1	450.5
0.0	11.9	246.7	10.8	5.1	450.5
0.0	10.7	351.3	10.7	4.0	450.5
0.0	7.0	349.2	10.7	3.6	450.5
0.0	11.7	342.5	10.7	5.6	450.5
0.0	10.0	307.4	10.7	4.8	450.5
0.0	10.6	342.6	10.6	5.0	450.5
0.0	12.2	149.0	10.6	5.1	450.5
0.0	6.9	337.3	10.6	3.8	450.5
0.0	8.6	118.1	10.6	3.3	450.5
0.0	10.4	235.3	10.6	4.6	450.5
0.0	10.6	322.7	10.5	5.0	450.5
0.0	12.6	313.7	10.5	5.3	450.5
0.0	10.1	132.7	10.5	3.8	450.5
0.0	7.6	322.0	10.5	4.1	450.5
0.0	9.2	236.6	10.5	4.0	450.5
0.0	14.4	302.7	10.4	5.3	450.5
0.0	11.0	179.5	10.4	5.3	450.5
0.0	5.4	313.5	10.4	2.8	450.5
0.0	7.1	249.8	10.4	3.6	450.5
0.0	9.2	285.2	10.4	4.3	450.5
0.0	11.6	296.5	10.4	4.7	450.5
0.0	11.8	238.6	10.3	4.7	452.8
0.0	14.2	242.0	10.3	5.1	452.8
7.0	8.4	41.7	10.3	3.5	452.8
0.0	7.0	305.6	10.3	3.8	452.8
2.3	11.0	190.8	10.3	4.0	452.8
2.0	9.4	26.4	10.3	3.3	452.8
0.0	7.0	299.9	10.3	2.9	452.8
0.0	6.8	124.0	10.3	3.2	452.8
0.0	1.9	303.5	10.2	2.4	452.8
0.0	3.1	299.1	10.2	3.2	452.8
0.0	6.1	300.0	10.2	4.1	452.8
0.0	9.7	212.5	10.2	4.3	452.8
0.0	8.6	292.5	10.2	4.4	452.8
0.0	6.4	301.1	10.2	3.6	452.8
0.0	11.1	285.1	10.2	5.0	452.8
0.0	6.7	280.9	10.2	3.5	452.8
0.0	5.9	248.8	10.2	3.4	452.8
0.9	8.5	189.4	10.2	3.4	452.8
5.7	6.1	40.2	10.2	2.1	452.8
0.0	6.2	288.3	10.2	3.7	452.8
0.6	8.4	284.4	10.2	3.9	452.8
3.6	8.0	36.8	10.2	1.6	452.8
6.0	10.7	61.6	10.2	2.5	452.8
10.8	10.4	32.5	10.2	3.2	452.8
5.3	11.4	115.6	10.2	3.6	452.8
6.6	8.4	35.5	10.2	4.5	452.8
0.8	2.2	82.0	10.2	1.7	452.8
0.1	2.4	292.3	10.2	2.9	452.8
0.1	4.2	251.4	10.2	3.3	452.8
0.0	1.5	294.5	10.2	2.3	452.8
0.0	-1.2	297.0	10.2	2.0	452.8
0.0	-0.9	293.4	10.2	2.6	455.2
0.0	-1.0	300.4	10.2	2.5	455.2
0.0	4.2	258.1	10.2	3.6	455.2
0.0	7.0	241.6	10.2	4.1	455.2
0.0	8.1	67.2	10.3	2.7	455.2
15.6	11.2	126.8	10.3	3.5	455.2
5.5	9.7	28.2	10.3	2.7	455.2
2.0	4.2	30.5	10.3	2.3	455.2
0.9	-0.2	53.3	10.3	1.7	455.2
8.3	-2.3	135.1	10.3	1.0	455.2
10.4	-2.5	40.9	10.3	0.8	455.2
35.5	-1.1	63.7	10.3	1.4	455.2
2.3	-0.1	97.1	10.4	0.6	455.2
0.9	1.0	203.8	10.4	1.6	455.2
16.3	3.5	93.4	10.4	2.0	455.2
31.3	2.7	17.2	10.4	2.1	455.2
3.6	-1.2	62.7	10.4	1.8	455.2
0.2	-1.9	197.3	10.4	2.1	455.2
0.2	1.5	325.0	10.5	3.3	455.2
0.1	2.4	219.5	10.5	3.5	455.2
0.3	2.4	123.4	10.5	1.9	455.2
1.8	4.4	175.1	10.5	2.5	455.2
0.6	2.3	126.7	10.5	2.3	455.2
0.0	4.9	331.9	10.6	3.9	455.2
0.0	6.7	339.1	10.6	4.7	455.2
0.0	9.1	309.5	10.6	5.3	455.2
0.0	10.4	278.0	10.6	4.5	455.2
0.0	11.4	175.2	10.6	4.2	455.2
5.2	12.6	296.7	10.7	5.5	455.2
20.7	3.4	41.3	10.7	2.6	455.2
29.0	2.3	25.6	10.7	1.3	455.2
10.3	2.7	30.6	10.7	1.7	456.5
0.2	1.8	175.8	10.8	2.4	456.5
0.0	1.3	365.9	10.8	2.9	456.5
0.0	6.1	356.9	10.8	4.4	456.5
4.1	6.4	44.8	10.8	2.9	456.5
0.0	1.1	375.7	10.9	2.5	456.5
0.1	1.7	374.6	10.9	3.6	456.5
0.0	3.3	384.6	10.9	3.4	456.5
0.0	6.8	369.2	10.9	4.6	456.5
2.5	10.9	358.1	11.0	5.6	456.5
0.8	8.9	122.5	11.0	4.1	456.5
0.1	8.9	232.5	11.0	4.4	456.5
0.0	13.5	374.3	11.1	6.4	456.5
15.9	15.2	311.5	11.1	7.2	456.5
2.6	4.5	48.3	11.1	2.4	456.5
0.1	3.6	406.0	11.1	3.6	456.5
0.0	1.2	411.9	11.2	3.4	456.5
0.0	1.6	421.1	11.2	3.7	456.5
0.0	6.8	420.6	11.2	5.5	456.5
2.7	10.6	283.4	11.3	5.5	456.5
15.7	11.6	25.8	11.3	3.1	456.5
11.7	9.0	25.5	11.3	4.2	456.5
20.2	10.3	42.6	11.3	4.4	456.5
15.2	5.3	73.1	11.4	2.9	456.5
4.6	2.4	88.6	11.4	2.9	456.5
0.0	5.5	195.0	11.4	3.4	456.5
26.1	6.6	280.8	11.5	3.1	456.5
27.9	9.7	30.5	11.5	6.3	456.5
0.1	4.9	334.5	11.5	4.0	457.2
8.6	8.0	183.7	11.5	4.2	457.2
22.8	5.5	43.2	11.6	1.6	457.2
10.2	4.9	43.5	11.6	1.8	457.2
0.6	5.9	111.3	11.6	3.3	457.2
0.3	7.8	327.6	11.7	5.2	457.2
0.6	9.9	352.9	11.7	6.1	457.2
7.2	7.3	367.6	11.7	4.1	457.2
3.7	8.7	36.8	11.8	4.4	457.2
2.2	9.1	115.3	11.8	4.2	457.2
4.2	10.0	109.1	11.8	4.2	457.2
0.1	12.6	384.1	11.9	6.2	457.2
26.3	13.5	209.2	11.9	7.1	457.2
3.7	5.8	21.7	11.9	2.4	457.2
0.3	6.4	288.3	11.9	4.9	457.2
0.5	8.1	476.6	12.0	5.5	457.2
0.1	0.9	393.9	12.0	2.7	457.2
0.0	2.6	512.9	12.0	4.5	457.2
0.0	7.5	519.6	12.1	6.5	457.2
0.0	12.0	511.2	12.1	7.9	457.2
0.0	16.9	509.0	12.1	9.4	457.2
0.0	17.4	510.4	12.2	9.4	457.2
27.6	18.8	190.8	12.2	6.8	457.2
7.0	7.6	36.6	12.2	6.3	457.2
6.2	7.2	46.0	12.2	4.3	457.2
0.1	4.7	261.6	12.3	4.4	457.2
14.3	8.2	293.6	12.3	4.9	457.2
39.8	9.4	44.3	12.3	4.6	457.2
8.2	9.4	42.0	12.4	3.7	457.2
1.7	8.6	98.5	12.4	2.7	457.2
7.4	12.8	177.0	12.4	5.8	457.2
15.4	9.6	51.3	12.5	8.1	457.6
3.0	6.6	148.5	12.5	3.0	457.6
0.0	6.9	269.2	12.5	4.8	457.6
7.2	10.0	281.8	12.6	5.2	457.6
32.6	13.2	56.9	12.6	4.8	457.6
39.4	11.4	78.6	12.6	4.6	457.6
2.3	7.6	53.2	12.6	4.2	457.6
0.0	10.9	548.3	12.7	6.9	457.6
0.4	11.9	226.8	12.7	6.3	457.6
0.0	15.3	521.2	12.7	8.1	457.6
29.2	12.6	325.3	12.8	8.4	457.6
25.1	7.8	73.6	12.8	3.8	457.6
0.1	10.5	470.1	12.8	6.6	457.6
0.1	13.4	421.9	12.8	7.8	457.6
0.0	13.4	514.7	12.9	7.3	457.6
0.0	16.1	562.3	12.9	9.1	457.6
36.3	14.6	317.6	12.9	10.0	457.6
28.4	7.7	45.2	13.0	3.6	457.6
10.3	8.4	105.0	13.0	3.5	457.6
13.9	7.3	78.0	13.0	4.3	457.6
0.1	10.6	502.8	13.0	6.8	457.6
0.0	9.6	542.9	13.1	7.0	457.6
0.0	11.6	604.9	13.1	8.0	457.6
0.3	14.6	485.2	13.1	8.3	457.6
9.8	12.4	32.0	13.2	2.3	457.6
19.0	13.5	51.1	13.2	4.4	457.6
8.1	17.7	120.6	13.2	6.4	457.6
3.8	22.6	423.9	13.2	10.5	457.6
19.5	23.7	491.4	13.3	9.5	457.6
18.7	24.6	426.1	13.3	8.7	457.6
20.9	15.3	62.5	13.3	10.1	458.3
0.9	14.3	92.4	13.3	5.3	458.3
0.7	20.7	185.7	13.4	9.1	458.3
6.7	19.7	258.7	13.4	11.3	458.3
24.1	13.2	66.2	13.4	3.1	458.3
5.7	13.5	74.3	13.4	4.9	458.3
19.2	20.0	271.8	13.5	8.9	458.3
0.4	14.8	386.2	13.5	7.1	458.3
0.1	14.4	284.7	13.5	7.3	458.3
0.0	15.8	468.8	13.5	8.3	458.3
3.7	16.4	481.2	13.6	7.7	458.3
25.3	15.0	62.7	13.6	3.6	458.3
0.6	13.8	138.9	13.6	5.6	458.3
0.1	16.1	533.6	13.6	8.4	458.3
86.7	13.7	86.8	13.7	3.8	458.3
27.1	16.1	50.1	13.7	5.2	458.3
1.8	14.9	196.7	13.7	6.3	458.3
0.4	14.7	263.0	13.7	6.9	458.3
5.8	19.0	454.5	13.7	9.0	458.3
31.1	19.8	55.6	13.8	5.0	458.3
1.1	20.6	189.3	13.8	8.1	458.3
0.1	22.1	500.0	13.8	8.5	458.3
33.0	22.7	82.0	13.8	5.8	458.3
20.3	22.6	259.7	13.8	9.3	458.3
14.2	23.2	137.7	13.8	7.3	458.3
12.4	25.1	321.1	13.9	9.2	458.3
14.4	26.3	490.5	13.9	9.9	458.3
4.1	21.2	193.8	13.9	11.3	458.3
0.9	17.4	346.1	13.9	7.6	458.3
0.1	19.9	633.2	13.9	10.4	458.3
14.1	23.1	515.6	13.9	11.2	458.3
0.6	19.8	150.0	13.9	7.8	457.3
0.0	22.1	543.6	14.0	9.6	457.3
36.7	20.9	81.4	14.0	4.3	457.3
1.5	21.3	130.3	14.0	5.6	457.3
0.0	22.8	600.0	14.0	8.9	457.3
1.9	23.5	318.9	14.0	10.6	457.3
0.1	26.5	595.0	14.0	12.1	457.3
20.6	26.3	323.3	14.0	8.4	457.3
0.4	25.0	400.9	14.0	10.9	457.3
1.4	25.4	469.0	14.0	9.9	457.3
1.1	21.1	127.2	14.0	8.0	457.3
0.3	19.8	596.0	14.1	9.6	457.3
0.0	21.1	390.4	14.1	9.9	457.3
1.4	22.3	283.4	14.1	8.6	457.3
7.7	19.7	32.6	14.1	2.5	457.3
1.7	21.3	296.8	14.1	7.9	457.3
0.5	19.4	176.7	14.1	7.8	457.3
0.0	20.1	625.7	14.1	9.7	457.3
0.0	21.9	603.9	14.1	10.1	457.3
0.1	22.3	144.5	14.1	6.3	457.3
0.7	24.3	264.4	14.1	8.3	457.3
8.9	25.6	459.4	14.1	10.3	457.3
3.5	25.2	319.8	14.1	10.0	457.3
3.6	25.3	608.2	14.1	11.8	457.3
0.0	26.8	597.3	14.1	11.0	457.3
0.0	28.5	455.4	14.1	10.7	457.3
1.6	28.0	323.0	14.1	9.0	457.3
9.1	27.2	433.4	14.1	9.2	457.3
26.0	26.7	368.4	14.1	9.1	457.3
0.1	26.9	422.8	14.1	10.0	457.3
0.1	27.7	510.8	14.1	11.5	454.1
1.4	26.5	620.1	14.0	13.0	454.1
0.7	27.1	633.0	14.0	12.8	454.1
1.7	27.3	458.8	14.0	11.2	454.1
2.8	26.3	497.4	14.0	12.0	454.1
3.2	26.2	454.1	14.0	10.5	454.1
0.1	26.8	587.6	14.0	10.0	454.1
12.2	24.8	93.1	14.0	6.6	454.1
31.2	23.8	43.4	14.0	4.2	454.1
19.3	24.7	112.7	14.0	6.0	454.1
31.7	25.1	337.9	14.0	9.1	454.1
12.7	26.1	458.4	14.0	9.8	454.1
8.7	25.5	345.3	13.9	8.0	454.1
13.7	25.5	282.6	13.9	7.1	454.1
8.2	26.1	454.3	13.9	10.4	454.1
9.2	26.1	563.4	13.9	10.5	454.1
22.8	25.4	347.3	13.9	8.3	454.1
37.4	25.1	208.1	13.9	6.4	454.1
18.8	24.9	268.9	13.8	8.6	454.1
0.5	26.8	601.6	13.8	10.7	454.1
6.7	27.1	609.7	13.8	11.2	454.1
7.9	26.8	538.9	13.8	9.7	454.1
19.1	26.8	407.3	13.8	8.9	454.1
17.0	26.5	315.2	13.8	8.4	454.1
6.1	26.5	248.0	13.7	8.7	454.1
6.6	26.5	301.9	13.7	10.4	454.1
0.0	27.3	610.2	13.7	10.7	454.1
0.1	27.8	597.9	13.7	10.6	454.1
0.1	28.3	608.7	13.7	10.7	454.1
3.3	28.0	590.1	13.6	11.6	454.1
10.0	26.6	471.6	13.6	9.5	454.1
0.8	25.4	75.2	13.6	4.7	451.9
0.8	26.4	395.7	13.6	8.9	451.9
0.2	26.6	479.4	13.6	9.8	451.9
0.0	26.5	565.2	13.5	10.7	451.9
0.0	26.9	600.6	13.5	11.2	451.9
0.1	28.2	583.4	13.5	11.5	451.9
0.1	29.0	554.6	13.5	11.3	451.9
0.0	29.2	569.8	13.4	11.8	451.9
0.0	29.0	583.4	13.4	11.8	451.9
0.0	29.7	583.4	13.4	11.1	451.9
0.1	30.3	581.6	13.4	11.5	451.9
0.0	30.6	529.6	13.3	11.4	451.9
0.1	29.5	528.1	13.3	11.6	451.9
0.0	24.7	271.3	13.3	8.7	451.9
0.0	27.4	582.1	13.3	10.4	451.9
0.2	29.0	524.5	13.2	10.8	451.9
0.2	29.7	525.9	13.2	10.5	451.9
3.3	29.0	523.5	13.2	11.4	451.9
13.3	28.4	512.1	13.2	10.4	451.9
44.0	25.9	303.8	13.1	8.1	451.9
0.1	22.8	74.8	13.1	5.3	451.9
1.1	21.4	68.8	13.1	4.8	451.9
1.0	19.8	29.6	13.0	3.9	451.9
0.4	22.7	115.8	13.0	6.6	451.9
0.6	24.5	263.8	13.0	7.8	451.9
0.6	25.6	480.5	13.0	9.0	451.9
12.9	25.0	419.9	12.9	8.9	451.9
0.4	25.1	448.7	12.9	9.2	451.9
0.0	25.6	453.9	12.9	9.4	451.9
0.8	26.1	435.9	12.8	9.8	451.9
11.3	24.9	414.8	12.8	8.6	451.9
0.1	25.0	496.8	12.8	9.2	452.2
0.3	25.4	527.3	12.8	10.3	452.2
0.0	25.8	520.1	12.7	10.9	452.2
0.0	24.1	454.8	12.7	10.3	452.2
0.0	22.7	454.5	12.7	9.3	452.2
0.0	24.2	492.6	12.6	9.0	452.2
0.0	23.9	275.4	12.6	9.8	452.2
0.0	25.8	511.6	12.6	10.5	452.2
0.0	25.7	489.1	12.6	11.1	452.2
0.0	25.6	469.7	12.5	10.0	452.2
0.0	25.1	425.8	12.5	9.0	452.2
0.3	25.9	362.4	12.5	8.4	452.2
1.1	24.8	136.6	12.4	7.0	452.2
3.7	23.8	123.2	12.4	5.6	452.2
0.2	22.5	380.0	12.4	7.8	452.2
0.0	20.6	430.9	12.3	7.5	452.2
0.0	21.5	436.0	12.3	8.1	452.2
0.0	22.4	367.5	12.3	7.7	452.2
0.0	21.8	413.2	12.3	9.6	452.2
0.0	22.6	460.9	12.2	8.9	452.2
0.0	22.5	463.0	12.2	9.3	452.2
0.0	22.2	492.9	12.2	9.1	452.2
0.0	22.5	405.2	12.1	8.1	452.2
0.0	23.7	464.7	12.1	7.9	452.2
0.0	23.4	252.9	12.1	7.3	452.2
0.4	23.4	185.9	12.0	6.1	452.2
1.6	19.8	39.6	12.0	4.3	452.2
0.0	19.8	259.3	12.0	8.1	452.2
0.0	18.7	459.8	12.0	7.3	452.2
1.5	18.9	298.3	11.9	6.4	452.2
0.2	15.6	107.8	11.9	5.6	452.9
0.2	17.0	419.8	11.9	6.8	452.9
0.0	17.6	466.4	11.8	7.9	452.9
0.0	19.1	368.2	11.8	7.8	452.9
0.0	19.5	458.9	11.8	8.4	452.9
0.0	20.6	438.9	11.7	8.5	452.9
0.0	23.2	432.6	11.7	8.5	452.9
1.6	23.1	166.6	11.7	6.1	452.9
2.3	23.1	183.6	11.7	6.0	452.9
12.6	23.6	342.6	11.6	6.7	452.9
2.6	18.3	28.7	11.6	5.6	452.9
0.0	17.9	103.5	11.6	3.5	452.9
0.4	18.8	148.2	11.5	6.2	452.9
0.0	11.1	290.8	11.5	5.4	452.9
0.0	11.2	289.2	11.5	4.4	452.9
0.0	15.3	412.0	11.4	6.6	452.9
0.0	18.2	393.6	11.4	6.9	452.9
0.0	15.6	316.8	11.4	6.9	452.9
0.0	12.2	414.6	11.4	5.6	452.9
0.0	13.4	404.9	11.3	6.2	452.9
0.0	16.6	403.6	11.3	7.4	452.9
0.0	11.2	407.1	11.3	4.9	452.9
0.0	13.2	318.4	11.2	5.4	452.9
0.0	15.2	205.1	11.2	5.4	452.9
0.0	18.3	377.5	11.2	7.1	452.9
3.3	20.4	345.0	11.2	7.6	452.9
0.1	14.6	132.0	11.1	4.8	452.9
0.3	16.4	173.2	11.1	4.8	452.9
0.1	13.8	281.4	11.1	6.2	452.9
0.0	13.0	382.0	11.0	5.3	452.9
0.0	16.4	364.2	11.0	6.4	452.9
0.0	18.8	261.6	11.0	5.7	454.8
0.5	22.1	104.6	11.0	5.3	454.8
0.1	22.7	136.3	10.9	4.9	454.8
7.5	16.8	55.6	10.9	6.5	454.8
2.6	9.0	23.8	10.9	3.1	454.8
0.1	9.7	349.3	10.9	3.6	454.8
0.0	8.5	351.1	10.8	4.1	454.8
0.0	9.1	353.8	10.8	4.1	454.8
0.0	10.5	308.7	10.8	4.5	454.8
0.0	10.6	345.0	10.8	4.7	454.8
0.0	10.9	328.5	10.7	4.9	454.8
0.0	11.1	341.2	10.7	4.9	454.8
0.0	13.0	334.9	10.7	5.3	454.8
0.0	16.7	321.9	10.7	5.9	454.8
0.1	15.9	142.2	10.6	5.1	454.8
1.1	17.8	301.7	10.6	5.4	454.8
3.3	15.9	73.0	10.6	3.2	454.8
2.8	13.0	50.7	10.6	3.3	454.8
1.7	10.6	55.1	10.6	1.6	454.8
0.2	8.7	73.2	10.5	3.0	454.8
0.0	7.7	305.3	10.5	3.9	454.8
0.0	9.3	323.5	10.5	4.1	454.8
0.0	13.2	308.0	10.5	4.9	454.8
0.0	15.0	298.5	10.5	5.2	454.8
0.0	17.6	259.2	10.4	5.2	454.8
4.9	18.1	206.4	10.4	4.6	454.8
7.0	14.7	35.0	10.4	2.7	454.8
14.6	14.1	35.7	10.4	2.5	454.8
4.0	14.9	32.9	10.4	3.2	454.8
1.7	14.2	107.1	10.4	2.5	454.8
7.3	12.1	42.7	10.3	4.3	457.1
3.8	11.2	61.8	10.3	2.8	457.1
3.5	10.9	27.6	10.3	2.2	457.1
1.4	10.2	36.9	10.3	1.3	457.1
3.2	13.6	73.2	10.3	2.9	457.1
8.9	10.9	45.7	10.3	4.1	457.1
0.1	6.3	295.6	10.3	3.2	457.1
0.0	8.2	231.8	10.3	3.2	457.1
0.0	12.9	122.6	10.2	3.4	457.1
0.0	16.5	190.2	10.2	4.0	457.1
3.2	15.4	220.6	10.2	4.8	457.1
0.1	9.6	221.1	10.2	3.1	457.1
0.3	8.2	201.4	10.2	3.4	457.1
0.1	8.4	214.0	10.2	3.3	457.1
0.0	8.4	196.5	10.2	3.7	457.1
0.0	1.3	294.0	10.2	2.3	457.1
0.0	3.6	295.3	10.2	2.9	457.1
0.0	9.6	288.5	10.2	4.4	457.1
0.2	13.4	236.3	10.2	4.9	457.1
0.6	14.1	138.4	10.2	3.6	457.1
7.8	13.1	93.4	10.2	4.3	457.1
7.2	4.8	21.8	10.2	2.3	457.1
0.0	1.9	206.5	10.2	2.2	457.1
0.0	3.2	285.5	10.2	2.5	457.1
14.9	7.7	55.0	10.2	2.7	457.1
1.0	10.8	40.6	10.2	2.2	457.1
13.7	13.1	89.2	10.2	2.7	457.1
5.8	7.3	39.5	10.2	3.5	457.1
0.1	4.5	291.5	10.2	2.9	457.1
0.4	6.0	233.0	10.2	3.6	457.1
0.2	5.9	139.4	10.2	2.7	457.1
0.4	9.2	197.2	10.2	3.5	459.5
0.9	5.8	80.4	10.2	2.1	459.5
3.1	7.2	67.3	10.2	2.3	459.5
4.7	8.3	43.4	10.2	2.4	459.5
2.7	7.8	20.6	10.3	1.4	459.5
0.9	6.3	46.3	10.3	2.2	459.5
29.7	7.8	63.4	10.3	2.4	459.5
13.1	2.0	26.5	10.3	3.5	459.5
0.5	-1.0	130.2	10.3	1.4	459.5
3.2	-1.4	74.2	10.3	1.4	459.5
0.4	-3.5	140.9	10.3	1.5	459.5
0.2	-1.4	169.4	10.3	1.7	459.5
6.2	1.8	91.7	10.4	1.8	459.5
11.5	-2.1	37.8	10.4	1.4	459.5
0.0	-3.0	264.9	10.4	1.7	459.5
0.0	-4.1	330.3	10.4	2.0	459.5
0.0	-0.6	316.8	10.4	2.6	459.5
0.2	-3.3	182.6	10.4	1.9	459.5
0.0	-3.5	188.4	10.5	1.9	459.5
0.1	-0.5	283.8	10.5	2.7	459.5
0.0	-4.5	237.1	10.5	1.7	459.5
0.0	-6.5	82.6	10.5	1.2	459.5
0.4	-6.9	283.4	10.5	1.4	459.5
0.0	-7.2	346.9	10.6	1.6	459.5
0.0	-3.4	342.9	10.6	2.5	459.5
0.3	-1.1	248.6	10.6	2.4	459.5
0.0	-0.5	280.4	10.6	2.6	459.5
0.0	5.6	332.3	10.6	3.9	459.5
1.4	9.5	226.3	10.7	4.5	459.5
5.2	0.5	25.6	10.7	3.6	459.5
0.6	-1.7	357.4	10.7	2.0	459.5
1.0	0.1	124.7	10.7	2.1	460.8
0.1	-0.2	118.9	10.8	2.3	460.8
0.1	4.7	234.9	10.8	3.6	460.8
0.0	0.9	372.1	10.8	3.1	460.8
0.0	3.3	369.6	10.8	4.0	460.8
0.0	7.4	250.7	10.9	4.3	460.8
0.0	5.5	372.1	10.9	3.8	460.8
0.0	6.8	369.2	10.9	5.2	460.8
0.0	-0.3	395.3	10.9	3.0	460.8
0.0	-0.8	400.2	11.0	3.2	460.8
0.0	6.8	309.2	11.0	4.8	460.8
0.8	6.8	43.9	11.0	2.7	460.8
0.0	11.9	385.4	11.0	6.7	460.8
0.0	17.2	376.1	11.1	8.1	460.8
12.6	13.8	135.8	11.1	7.5	460.8
0.2	7.4	187.0	11.1	2.8	460.8
0.3	7.4	64.7	11.2	2.8	460.8
0.0	6.9	395.6	11.2	5.2	460.8
0.0	7.0	416.1	11.2	4.9	460.8
0.1	9.5	241.2	11.2	5.7	460.8
6.8	13.7	343.1	11.3	6.9	460.8
1.4	11.3	190.8	11.3	5.2	460.8
0.1	12.3	363.0	11.3	5.9	460.8
8.4	14.1	184.6	11.4	4.6	460.8
0.7	17.9	343.3	11.4	5.9	460.8
8.7	17.5	67.7	11.4	3.2	460.8
0.7	17.3	302.0	11.5	6.1	460.8
23.9	19.2	348.3	11.5	7.0	460.8
0.5	9.7	137.9	11.5	6.8	461.5
0.9	8.6	291.1	11.5	3.6	461.5
47.7	8.5	36.4	11.6	3.2	461.5
0.9	9.8	162.2	11.6	5.0	461.5
20.2	12.6	318.0	11.6	5.1	461.5
14.2	13.3	26.4	11.7	6.6	461.5
5.5	1.1	39.7	11.7	2.9	461.5
0.1	1.4	90.9	11.7	2.1	461.5
0.1	6.3	266.7	11.8	4.6	461.5
0.1	9.4	462.5	11.8	5.9	461.5
0.0	12.3	464.7	11.8	6.9	461.5
0.3	17.3	341.8	11.8	8.1	461.5
0.4	21.0	426.8	11.9	7.7	461.5
0.2	21.4	367.6	11.9	8.0	461.5
5.3	21.1	334.8	11.9	10.0	461.5
31.6	5.8	34.1	12.0	5.5	461.5
27.4	3.4	30.8	12.0	3.3	461.5
9.0	9.8	22.4	12.0	4.4	461.5
4.3	8.6	61.2	12.1	2.4	461.5
10.0	8.1	42.7	12.1	2.8	461.5
0.2	9.1	416.2	12.1	6.0	461.5
1.3	13.1	475.7	12.2	6.7	461.5
3.5	12.3	75.5	12.2	3.3	461.5
0.0	10.7	399.3	12.2	6.2	461.5
0.0	10.5	528.5	12.2	6.1	461.5
0.0	15.6	519.4	12.3	7.9	461.5
0.0	21.0	345.7	12.3	7.6	461.5
4.0	23.0	462.9	12.3	7.5	461.5
10.0	20.1	314.1	12.4	10.5	461.5
15.5	9.5	24.6	12.4	4.7	461.5
2.7	8.4	99.3	12.4	3.6	461.5
0.1	12.0	519.8	12.5	6.9	462.0
0.0	14.0	527.2	12.5	9.0	462.0
0.0	8.4	541.4	12.5	4.9	462.0
7.5	8.6	87.5	12.5	3.9	462.0
0.1	10.9	522.1	12.6	7.6	462.0
0.0	13.7	559.2	12.6	8.1	462.0
0.0	13.4	562.9	12.6	8.3	462.0
0.0	17.2	521.7	12.7	8.8	462.0
0.0	19.6	369.7	12.7	8.0	462.0
9.2	20.9	503.2	12.7	9.4	462.0
0.1	19.3	514.4	12.8	9.0	462.0
0.0	21.1	542.3	12.8	9.0	462.0
7.2	22.8	413.5	12.8	9.6	462.0
1.6	25.0	481.4	12.8	10.3	462.0
56.2	15.2	71.7	12.9	11.4	462.0
0.0	11.8	588.6	12.9	7.4	462.0
6.5	16.0	544.2	12.9	8.1	462.0
1.1	11.5	113.4	13.0	7.3	462.0
9.6	14.5	391.0	13.0	7.0	462.0
51.7	11.0	28.8	13.0	5.6	462.0
8.5	8.9	136.1	13.0	5.9	462.0
0.0	13.5	547.8	13.1	7.7	462.0
0.6	16.5	114.9	13.1	6.4	462.0
0.0	19.5	582.9	13.1	10.2	462.0
19.9	22.6	514.6	13.2	11.3	462.0
17.9	21.2	120.0	13.2	10.9	462.0
9.1	12.8	181.2	13.2	5.1	462.0
30.4	12.0	41.6	13.2	2.5	462.0
0.5	13.6	204.6	13.3	5.8	462.0
0.0	14.4	246.9	13.3	6.1	462.0
32.0	15.0	110.5	13.3	4.9	462.6
19.7	17.1	51.2	13.3	3.7	462.6
3.9	18.1	84.6	13.4	4.6	462.6
1.2	20.3	60.7	13.4	6.4	462.6
15.6	25.1	383.5	13.4	10.5	462.6
25.4	24.1	442.7	13.4	11.1	462.6
45.3	22.6	299.0	13.5	10.9	462.6
18.6	14.1	54.2	13.5	7.0	462.6
0.1	17.0	516.9	13.5	8.4	462.6
0.2	15.8	133.5	13.5	5.1	462.6
3.8	18.0	329.7	13.6	8.2	462.6
40.5	18.7	47.9	13.6	7.5	462.6
7.6	21.6	145.9	13.6	8.1	462.6
0.4	18.7	263.2	13.6	7.0	462.6
15.0	21.1	343.6	13.6	8.0	462.6
33.2	20.9	69.7	13.7	4.6	462.6
34.4	21.6	253.9	13.7	10.6	462.6
0.5	18.4	440.3	13.7	8.2	462.6
0.1	22.4	599.6	13.7	9.7	462.6
1.0	26.9	419.2	13.7	8.9	462.6
6.4	23.2	110.0	13.8	8.3	462.6
0.3	22.6	581.0	13.8	10.4	462.6
24.3	22.6	472.5	13.8	11.1	462.6
1.8	18.6	378.8	13.8	8.3	462.6
0.2	15.8	268.2	13.8	6.9	462.6
0.2	20.5	415.7	13.9	9.9	462.6
1.9	24.1	330.9	13.9	10.0	462.6
20.8	24.3	118.6	13.9	6.9	462.6
48.7	23.6	372.8	13.9	8.9	462.6
0.5	18.1	218.7	13.9	6.9	462.6
2.7	21.2	583.1	13.9	9.5	462.6
24.4	22.8	123.4	13.9	8.4	461.7
19.4	24.0	80.4	14.0	6.6	461.7
8.0	22.0	84.1	14.0	9.0	461.7
0.8	20.2	228.2	14.0	6.3	461.7
0.1	20.9	304.7	14.0	7.6	461.7
0.0	22.1	182.9	14.0	7.8	461.7
0.0	22.7	482.1	14.0	10.7	461.7
0.0	23.6	651.8	14.0	11.9	461.7
0.1	24.6	600.5	14.0	10.7	461.7
0.0	24.9	575.9	14.0	11.7	461.7
0.0	24.9	499.8	14.0	10.4	461.7
14.0	23.4	545.9	14.1	10.8	461.7
0.5	19.9	380.5	14.1	8.1	461.7
0.0	19.7	668.1	14.1	9.1	461.7
0.0	21.5	665.7	14.1	10.7	461.7
0.0	24.5	639.4	14.1	11.5	461.7
0.0	27.2	611.2	14.1	12.3	461.7
2.0	24.5	142.0	14.1	8.7	461.7
0.7	22.6	114.5	14.1	7.8	461.7
0.0	23.6	266.6	14.1	8.5	461.7
19.6	22.7	64.2	14.1	4.8	461.7
1.6	23.0	134.2	14.1	6.0	461.7
0.3	24.5	142.4	14.1	6.6	461.7
20.3	24.5	169.6	14.1	6.9	461.7
10.4	26.5	543.9	14.1	10.1	461.7
6.1	27.7	570.8	14.1	10.2	461.7
17.0	25.8	263.5	14.1	8.5	461.7
34.9	22.9	33.6	14.1	5.0	461.7
5.1	23.1	102.9	14.1	5.4	461.7
10.0	24.0	171.6	14.1	6.0	461.7
1.3	24.2	182.5	14.1	7.7	458.4
8.5	25.6	417.8	14.1	8.9	458.4
14.7	25.2	270.6	14.0	8.3	458.4
6.2	24.9	177.0	14.0	7.8	458.4
3.8	25.4	320.6	14.0	9.1	458.4
16.2	26.4	369.7	14.0	8.7	458.4
30.0	25.8	263.7	14.0	8.0	458.4
1.5	27.0	386.6	14.0	9.5	458.4
5.0	27.0	581.6	14.0	11.9	458.4
0.7	27.7	608.8	14.0	12.0	458.4
2.7	27.7	597.2	14.0	10.9	458.4
1.2	26.0	266.0	14.0	8.6	458.4
6.6	25.9	536.5	13.9	10.8	458.4
0.0	27.0	462.4	13.9	9.8	458.4
7.7	27.7	588.3	13.9	11.2	458.4
8.2	27.6	514.0	13.9	9.6	458.4
5.1	27.9	607.8	13.9	11.2	458.4
3.5	28.0	594.3	13.9	10.4	458.4
18.8	27.1	459.7	13.9	10.4	458.4
21.0	27.1	441.0	13.8	9.4	458.4
17.0	27.1	425.9	13.8	8.7	458.4
24.3	27.0	398.6	13.8	9.0	458.4
29.0	26.1	161.9	13.8	8.5	458.4
3.9	22.4	78.8	13.8	7.2	458.4
2.9	22.8	255.1	13.7	8.1	458.4
0.6	23.0	74.9	13.7	4.9	458.4
6.1	25.4	189.1	13.7	8.4	458.4
12.6	26.7	364.4	13.7	9.1	458.4
0.0	28.0	473.7	13.7	10.0	458.4
0.0	28.4	582.3	13.6	10.6	458.4
0.1	28.9	443.2	13.6	9.7	458.4
0.0	29.4	582.9	13.6	10.7	456.2
3.0	29.2	556.2	13.6	11.3	456.2
0.0	28.7	462.0	13.6	10.8	456.2
0.4	28.9	576.8	13.5	10.7	456.2
0.5	29.6	536.6	13.5	9.7	456.2
8.1	28.8	467.7	13.5	11.1	456.2
16.8	27.8	444.1	13.5	9.6	456.2
15.8	27.4	513.7	13.4	9.7	456.2
20.5	27.1	512.2	13.4	8.9	456.2
10.3	27.3	555.4	13.4	10.0	456.2
6.6	27.3	565.9	13.4	10.4	456.2
9.9	26.7	547.2	13.3	10.2	456.2
23.8	26.3	426.8	13.3	8.2	456.2
1.7	26.2	226.7	13.3	7.6	456.2
28.4	27.1	458.3	13.3	8.9	456.2
19.1	26.5	382.2	13.2	8.9	456.2
8.3	25.5	261.3	13.2	7.4	456.2
0.1	24.5	477.4	13.2	8.5	456.2
0.9	25.7	347.9	13.2	8.3	456.2
12.3	25.7	361.4	13.1	8.0	456.2
13.5	25.1	380.0	13.1	8.7	456.2
1.7	24.8	215.7	13.1	7.5	456.2
13.0	25.9	427.5	13.0	9.2	456.2
9.8	26.5	442.8	13.0	9.1	456.2
9.4	26.1	481.5	13.0	9.2	456.2
0.2	26.7	506.2	13.0	9.5	456.2
0.0	26.4	503.7	12.9	9.9	456.2
3.6	26.2	529.7	12.9	9.5	456.2
17.3	25.7	490.9	12.9	8.8	456.2
17.5	25.6	372.3	12.9	8.7	456.2
16.8	25.5	329.6	12.8	8.6	456.2
14.0	24.7	268.0	12.8	7.2	456.6
2.9	23.7	134.4	12.8	5.0	456.6
21.2	23.7	301.8	12.7	6.4	456.6
0.9	24.9	292.3	12.7	7.1	456.6
0.4	24.8	147.7	12.7	5.0	456.6
3.3	25.5	263.1	12.6	6.5	456.6
0.6	25.2	139.6	12.6	5.8	456.6
0.5	25.7	183.1	12.6	7.1	456.6
13.7	25.9	244.5	12.6	7.5	456.6
4.1	26.0	248.9	12.5	6.3	456.6
0.6	26.5	305.6	12.5	7.9	456.6
0.2	27.2	457.5	12.5	8.6	456.6
0.2	27.5	435.3	12.4	8.1	456.6
5.6	27.1	468.4	12.4	8.4	456.6
12.8	25.0	344.6	12.4	6.2	456.6
7.0	20.2	46.1	12.4	7.9	456.6
4.4	17.3	21.3	12.3	3.9	456.6
0.1	19.7	118.6	12.3	4.8	456.6
0.0	20.3	172.0	12.3	6.0	456.6
0.1	19.7	186.7	12.2	6.5	456.6
0.9	19.2	160.3	12.2	5.1	456.6
1.4	19.2	103.0	12.2	4.1	456.6
9.4	20.4	83.9	12.1	4.8	456.6
2.6	21.1	31.6	12.1	4.0	456.6
5.2	24.6	416.1	12.1	8.5	456.6
10.6	23.1	347.7	12.1	9.2	456.6
0.6	14.7	53.1	12.0	4.4	456.6
0.0	13.0	159.4	12.0	4.0	456.6
0.0	15.8	308.2	12.0	5.5	456.6
0.0	15.1	205.4	11.9	5.9	456.6
0.9	17.6	272.0	11.9	5.9	457.3
0.0	17.4	306.8	11.9	6.2	457.3
0.0	17.5	461.4	11.8	7.0	457.3
0.0	17.3	456.4	11.8	7.2	457.3
0.0	18.6	141.0	11.8	5.3	457.3
0.9	20.1	107.0	11.7	4.1	457.3
0.0	18.9	145.4	11.7	6.7	457.3
0.0	17.0	448.1	11.7	7.2	457.3
0.0	17.8	446.0	11.7	7.6	457.3
0.0	18.9	441.6	11.6	7.5	457.3
0.0	14.8	443.7	11.6	6.0	457.3
0.0	14.6	440.8	11.6	6.1	457.3
0.0	15.1	437.0	11.5	6.8	457.3
0.0	15.2	439.5	11.5	7.1	457.3
0.0	16.1	437.5	11.5	7.6	457.3
0.0	17.3	429.7	11.5	7.8	457.3
0.0	19.0	414.1	11.4	8.0	457.3
0.0	17.9	417.1	11.4	7.5	457.3
0.0	18.7	413.6	11.4	7.4	457.3
0.0	19.8	402.1	11.3	7.1	457.3
0.5	22.2	368.2	11.3	7.3	457.3
0.2	21.8	233.7	11.3	6.3	457.3
1.1	20.7	197.6	11.2	6.0	457.3
0.0	21.6	356.3	11.2	6.8	457.3
0.2	19.8	281.2	11.2	6.0	457.3
0.8	17.1	80.4	11.2	3.1	457.3
2.4	16.8	65.3	11.1	2.8	457.3
1.7	17.1	121.3	11.1	4.3	457.3
0.0	18.9	245.0	11.1	5.2	457.3
0.1	18.2	154.0	11.1	4.2	457.3
0.1	17.4	272.2	11.0	4.5	457.3
0.0	15.6	362.8	11.0	5.0	459.2
0.1	15.0	341.5	11.0	5.2	459.2
0.0	14.9	348.7	10.9	5.8	459.2
0.0	15.9	364.2	10.9	6.0	459.2
0.0	14.8	348.5	10.9	5.3	459.2
0.0	13.0	342.6	10.9	5.2	459.2
0.0	12.9	355.8	10.8	5.4	459.2
0.0	14.5	341.3	10.8	5.2	459.2
0.3	13.7	188.2	10.8	4.0	459.2
0.0	10.9	232.4	10.8	4.5	459.2
0.0	9.8	330.0	10.7	4.8	459.2
0.0	11.2	348.0	10.7	5.0	459.2
0.0	13.0	321.6	10.7	5.3	459.2
0.0	14.7	331.5	10.7	5.8	459.2
0.0	14.9	231.9	10.7	4.8	459.2
0.0	15.3	312.2	10.6	5.1	459.2
0.0	16.5	294.9	10.6	5.6	459.2
2.2	18.1	163.9	10.6	5.1	459.2
2.8	9.2	48.3	10.6	5.5	459.2
0.0	5.3	326.2	10.5	2.9	459.2
0.4	6.9	118.8	10.5	3.2	459.2
0.0	8.9	315.0	10.5	4.3	459.2
0.0	7.0	327.1	10.5	3.8	459.2
0.0	8.5	324.1	10.5	4.4	459.2
0.1	11.8	306.9	10.4	5.0	459.2
0.0	12.2	83.4	10.4	3.3	459.2
0.0	14.5	266.8	10.4	4.7	459.2
0.1	17.1	276.5	10.4	5.4	459.2
1.6	15.9	146.4	10.4	5.4	459.2
0.0	10.2	292.0	10.4	4.1	459.2
0.0	10.4	279.8	10.3	3.8	461.6
0.0	12.1	240.6	10.3	4.3	461.6
0.0	15.0	285.7	10.3	5.5	461.6
0.0	17.8	266.6	10.3	5.5	461.6
0.0	18.8	265.8	10.3	5.7	461.6
3.4	14.7	273.0	10.3	6.7	461.6
0.0	0.3	204.0	10.3	2.1	461.6
0.0	-0.3	294.1	10.3	2.1	461.6
0.0	2.0	291.4	10.2	2.7	461.6
0.1	2.5	295.2	10.2	2.6	461.6
0.0	0.7	291.1	10.2	2.5	461.6
0.0	4.4	298.8	10.2	3.4	461.6
0.2	9.1	189.3	10.2	4.0	461.6
0.0	6.9	251.0	10.2	3.7	461.6
0.0	7.6	286.0	10.2	3.6	461.6
18.6	10.7	69.2	10.2	2.9	461.6
1.1	8.6	97.8	10.2	3.5	461.6
0.0	3.9	146.3	10.2	2.4	461.6
0.0	5.3	165.2	10.2	2.6	461.6
5.9	4.7	57.1	10.2	1.3	461.6
1.1	4.3	24.0	10.2	1.2	461.6
0.5	3.5	142.9	10.2	2.5	461.6
0.6	2.7	136.3	10.2	2.3	461.6
0.4	3.0	97.4	10.2	1.4	461.6
0.0	3.3	272.5	10.2	2.7	461.6
0.0	6.1	256.8	10.2	3.1	461.6
5.8	11.6	213.4	10.2	4.1	461.6
8.8	12.4	30.4	10.2	2.2	461.6
4.6	12.6	34.8	10.2	2.5	461.6
5.4	11.9	72.0	10.2	3.0	461.6
2.2	8.8	43.5	10.2	1.8	461.6
1.2	6.2	83.4	10.2	2.3	464.0
0.6	4.4	67.6	10.2	1.5	464.0
3.5	3.9	53.4	10.2	1.3	464.0
4.2	4.5	32.8	10.2	1.4	464.0
14.7	5.7	31.9	10.3	1.5	464.0
0.7	6.0	75.4	10.3	1.9	464.0
23.1	8.4	46.9	10.3	2.8	464.0
27.4	6.5	28.3	10.3	1.4	464.0
10.5	6.2	12.2	10.3	1.4	464.0
10.3	4.7	43.9	10.3	1.5	464.0
5.7	2.8	17.5	10.3	1.6	464.0
0.3	1.6	67.3	10.3	1.4	464.0
0.0	1.7	97.2	10.4	1.4	464.0
0.0	1.8	205.9	10.4	2.2	464.0
9.9	3.3	267.8	10.4	2.4	464.0
1.0	3.3	99.6	10.4	2.2	464.0
6.7	5.8	75.0	10.4	2.2	464.0
7.6	6.0	23.2	10.4	1.8	464.0
1.6	4.2	72.6	10.5	1.6	464.0
3.0	5.1	52.2	10.5	1.8	464.0
0.6	6.8	86.2	10.5	2.1	464.0
25.6	8.1	44.2	10.5	2.0	464.0
12.4	9.6	21.2	10.5	2.0	464.0
3.3	5.9	13.1	10.5	3.1	464.0
0.8	3.3	113.2	10.6	1.7	464.0
0.7	3.8	163.4	10.6	2.8	464.0
16.6	4.4	54.8	10.6	2.5	464.0
9.1	3.1	31.9	10.6	2.9	464.0
0.0	0.2	350.2	10.7	2.8	464.0
0.0	2.0	355.0	10.7	3.3	464.0
0.0	5.8	349.6	10.7	4.0	464.0
1.7	6.9	80.8	10.7	2.8	465.3
9.9	6.9	47.5	10.8	2.6	465.3
0.2	4.7	230.6	10.8	2.7	465.3
0.8	3.0	99.6	10.8	2.2	465.3
7.5	6.4	166.5	10.8	3.5	465.3
0.5	4.3	124.0	10.9	3.1	465.3
0.0	-2.2	285.7	10.9	2.9	465.3
0.0	-3.1	392.1	10.9	2.4	465.3
0.0	3.9	378.1	10.9	4.0	465.3
4.9	6.7	227.2	11.0	3.9	465.3
0.4	5.6	148.7	11.0	3.7	465.3
0.0	2.0	323.8	11.0	3.3	465.3
0.0	-1.8	287.7	11.0	1.8	465.3
0.0	-2.0	321.8	11.1	2.5	465.3
0.0	0.0	412.0	11.1	2.8	465.3
0.0	3.1	404.8	11.1	3.8	465.3
0.0	5.7	260.2	11.2	4.8	465.3
0.0	8.0	406.4	11.2	5.4	465.3
0.0	7.3	412.4	11.2	5.7	465.3
0.0	5.6	398.0	11.2	4.1	465.3
0.0	9.5	276.6	11.3	6.2	465.3
0.1	13.6	246.2	11.3	6.8	465.3
0.0	13.0	397.8	11.3	6.6	465.3
4.0	13.5	304.2	11.4	6.0	465.3
5.4	12.8	126.0	11.4	6.8	465.3
0.0	8.4	242.0	11.4	4.1	465.3
0.0	11.7	421.9	11.4	6.1	465.3
0.0	4.1	292.7	11.5	4.1	465.3
0.0	2.5	370.3	11.5	2.7	465.3
0.0	2.6	416.2	11.5	4.1	466.0
0.0	4.9	467.8	11.6	5.1	466.0
0.2	11.0	431.6	11.6	6.9	466.0
5.9	9.2	32.6	11.6	2.6	466.0
3.5	14.8	204.4	11.7	6.2	466.0
16.5	15.2	219.2	11.7	8.0	466.0
0.0	15.3	458.4	11.7	7.2	466.0
0.0	17.3	459.4	11.7	7.2	466.0
2.3	21.0	442.8	11.8	8.1	466.0
21.4	8.1	39.2	11.8	8.0	466.0
24.0	0.7	77.6	11.8	2.2	466.0
0.0	3.3	437.5	11.9	4.1	466.0
0.2	7.9	475.2	11.9	5.9	466.0
2.4	6.8	91.8	11.9	3.8	466.0
25.9	10.7	297.6	12.0	6.5	466.0
7.8	6.5	97.5	12.0	3.4	466.0
0.9	6.0	157.9	12.0	2.7	466.0
0.1	7.0	382.2	12.1	5.5	466.0
0.1	8.3	294.9	12.1	5.2	466.0
0.0	6.9	511.2	12.1	4.7	466.0
0.0	7.5	227.8	12.1	3.9	466.0
0.0	9.4	501.9	12.2	6.5	466.0
0.2	13.2	379.4	12.2	7.8	466.0
1.3	13.6	109.8	12.2	4.9	466.0
0.1	18.0	487.5	12.3	8.5	466.0
60.8	17.5	52.0	12.3	4.7	466.0
40.6	16.6	54.0	12.3	5.0	466.0
0.2	16.5	283.8	12.4	6.3	466.0
45.5	8.9	72.8	12.4	8.6	466.0
0.0	6.4	539.6	12.4	4.9	466.0
0.0	11.7	518.8	12.4	6.9	466.0
0.0	13.8	505.9	12.5	6.9	466.5
0.0	13.4	252.3	12.5	6.7	466.5
0.0	14.7	530.3	12.5	8.5	466.5
0.0	17.8	526.6	12.6	9.7	466.5
0.0	19.4	246.8	12.6	8.8	466.5
0.3	18.5	87.8	12.6	5.9	466.5
0.1	21.0	268.8	12.7	8.4	466.5
0.0	21.1	304.9	12.7	8.0	466.5
0.0	23.1	548.5	12.7	10.4	466.5
0.4	22.7	530.9	12.7	12.7	466.5
26.2	18.4	193.4	12.8	8.6	466.5
22.6	10.4	59.4	12.8	5.5	466.5
1.4	8.2	78.4	12.8	3.2	466.5
0.0	10.9	374.2	12.9	5.8	466.5
0.0	12.4	469.9	12.9	7.3	466.5
0.0	13.2	583.9	12.9	7.6	466.5
9.1	14.6	482.4	13.0	6.9	466.5
8.9	15.1	66.6	13.0	4.5	466.5
2.5	18.3	65.3	13.0	6.0	466.5
6.5	22.7	501.2	13.0	9.7	466.5
1.4	24.1	438.5	13.1	8.1	466.5
24.9	17.7	65.4	13.1	10.0	466.5
26.5	9.7	57.6	13.1	4.3	466.5
53.5	10.5	59.5	13.1	4.5	466.5
15.6	13.0	92.3	13.2	5.5	466.5
22.3	11.2	71.4	13.2	2.9	466.5
25.9	12.2	59.6	13.2	3.2	466.5
35.1	14.2	58.1	13.3	4.6	466.5
7.1	15.6	165.0	13.3	5.1	466.5
14.5	18.0	76.9	13.3	7.3	466.5
0.7	16.5	386.5	13.3	8.0	467.1
26.6	19.0	75.7	13.4	7.0	467.1
8.5	21.4	406.0	13.4	13.1	467.1
0.0	19.3	599.9	13.4	9.4	467.1
0.2	18.9	255.9	13.4	9.6	467.1
25.4	15.6	76.2	13.5	4.9	467.1
13.7	19.9	150.2	13.5	8.0	467.1
0.2	21.0	600.0	13.5	9.6	467.1
0.2	22.5	583.2	13.5	11.5	467.1
0.3	22.7	576.9	13.6	11.7	467.1
1.0	23.0	580.7	13.6	10.6	467.1
10.1	23.5	330.7	13.6	8.6	467.1
0.0	23.1	120.7	13.6	5.6	467.1
13.6	24.4	449.2	13.6	9.8	467.1
10.7	24.4	536.6	13.7	9.9	467.1
14.4	24.9	507.8	13.7	9.9	467.1
15.7	24.6	462.9	13.7	9.2	467.1
27.2	24.1	387.3	13.7	8.9	467.1
10.0	19.4	20.8	13.7	6.7	467.1
5.9	17.5	34.3	13.8	5.1	467.1
4.6	15.5	40.2	13.8	4.5	467.1
2.0	15.8	328.4	13.8	7.5	467.1
0.1	18.6	533.8	13.8	9.6	467.1
0.1	20.7	601.7	13.8	10.6	467.1
0.1	23.6	601.4	13.8	11.8	467.1
15.6	21.7	132.0	13.9	9.2	467.1
2.8	21.6	84.0	13.9	6.0	467.1
0.1	23.5	599.2	13.9	10.3	467.1
0.1	24.2	546.0	13.9	10.1	467.1
0.0	21.5	415.4	13.9	10.4	467.1
0.0	23.4	489.6	13.9	10.3	467.1
0.0	23.0	374.9	14.0	9.8	466.1
0.0	22.7	417.6	14.0	10.3	466.1
0.0	23.7	638.2	14.0	10.8	466.1
0.9	25.0	563.7	14.0	9.5	466.1
1.3	24.1	112.9	14.0	7.6	466.1
6.8	24.9	338.3	14.0	10.7	466.1
0.2	22.3	268.5	14.0	7.0	466.1
0.0	21.5	269.7	14.0	7.8	466.1
6.3	19.5	125.4	14.0	8.5	466.1
8.4	16.4	31.7	14.0	3.9	466.1
0.6	18.8	382.0	14.1	8.2	466.1
0.0	21.3	445.1	14.1	9.0	466.1
7.0	22.7	228.4	14.1	9.9	466.1
3.3	18.3	218.3	14.1	6.2	466.1
0.1	22.3	631.9	14.1	9.5	466.1
0.1	24.2	642.9	14.1	10.2	466.1
9.3	24.5	568.6	14.1	10.4	466.1
0.0	25.7	556.5	14.1	11.0	466.1
0.0	26.1	510.0	14.1	11.8	466.1
0.0	26.0	589.7	14.1	12.1	466.1
0.3	26.8	474.5	14.1	11.5	466.1
13.4	26.3	285.2	14.1	10.0	466.1
23.8	25.5	275.7	14.1	7.7	466.1
0.1	26.5	618.7	14.1	10.7	466.1
1.6	26.5	623.5	14.1	12.4	466.1
1.0	26.2	596.0	14.1	10.8	466.1
0.1	26.5	564.3	14.1	10.4	466.1
29.0	23.8	71.7	14.1	5.9	466.1
2.9	22.9	77.0	14.1	4.8	466.1
1.0	23.4	176.7	14.1	6.3	466.1
2.9	24.6	305.0	14.1	8.7	462.9
10.5	24.0	98.6	14.0	4.2	462.9
33.4	24.6	125.1	14.0	6.9	462.9
23.9	25.0	114.0	14.0	5.6	462.9
5.4	25.9	147.6	14.0	6.9	462.9
10.2	26.3	226.4	14.0	8.2	462.9
15.6	27.1	559.5	14.0	10.0	462.9
6.7	26.6	283.1	14.0	6.5	462.9
11.2	25.7	164.5	14.0	6.1	462.9
24.1	26.1	414.5	14.0	8.5	462.9
16.7	27.1	375.1	14.0	9.2	462.9
1.7	27.5	342.2	13.9	9.6	462.9
0.0	27.8	499.3	13.9	9.3	462.9
11.1	27.5	539.1	13.9	10.4	462.9
11.5	27.4	420.2	13.9	11.6	462.9
8.0	27.6	593.0	13.9	10.3	462.9
9.5	27.0	568.7	13.9	10.4	462.9
11.3	27.2	540.3	13.9	9.1	462.9
23.1	26.3	384.1	13.8	8.5	462.9
15.5	26.7	477.8	13.8	10.1	462.9
11.4	26.8	417.8	13.8	9.0	462.9
17.4	26.9	435.0	13.8	9.4	462.9
0.0	27.6	588.6	13.8	11.0	462.9
0.6	27.6	600.2	13.7	10.5	462.9
0.4	28.2	590.6	13.7	10.4	462.9
0.2	28.6	564.2	13.7	10.2	462.9
2.3	28.6	554.8	13.7	11.2	462.9
4.8	28.6	528.2	13.7	10.7	462.9
3.9	27.9	338.6	13.6	9.0	462.9
21.2	26.7	331.7	13.6	9.0	462.9
14.0	27.0	449.6	13.6	9.2	462.9
23.3	26.4	352.2	13.6	8.9	460.6
22.8	26.6	443.5	13.6	9.5	460.6
18.1	27.3	392.7	13.5	9.2	460.6
21.7	26.8	414.7	13.5	9.2	460.6
11.8	25.8	302.8	13.5	8.5	460.6
20.0	25.9	474.5	13.5	8.8	460.6
4.6	26.2	398.1	13.4	8.6	460.6
0.8	26.3	344.9	13.4	8.1	460.6
1.7	25.9	290.7	13.4	7.7	460.6
1.7	25.6	260.1	13.4	8.0	460.6
19.4	26.0	316.6	13.3	8.3	460.6
15.6	26.1	367.3	13.3	9.6	460.6
10.6	26.5	498.1	13.3	10.1	460.6
9.2	26.8	532.3	13.3	10.3	460.6
5.9	27.4	546.7	13.2	10.4	460.6
0.1	27.7	533.0	13.2	9.7	460.6
0.1	27.7	543.9	13.2	9.5	460.6
9.7	26.9	508.9	13.2	10.0	460.6
2.3	27.4	542.0	13.1	9.8	460.6
4.7	28.0	548.2	13.1	10.6	460.6
1.2	28.8	562.1	13.1	10.8	460.6
6.1	28.7	549.8	13.1	11.1	460.6
11.6	28.4	534.4	13.0	10.5	460.6
16.3	26.4	437.8	13.0	7.8	460.6
1.3	25.4	310.5	13.0	9.0	460.6
0.0	23.5	455.3	12.9	9.1	460.6
0.0	23.8	545.9	12.9	9.6	460.6
0.2	26.0	448.0	12.9	9.7	460.6
0.2	26.3	400.7	12.9	9.0	460.6
0.0	25.6	457.6	12.8	9.7	460.6
0.0	24.5	554.4	12.8	9.9	460.6
0.6	25.3	520.3	12.8	9.2	461.1
2.3	23.9	34.0	12.7	5.3	461.1
2.6	24.2	44.4	12.7	5.2	461.1
0.4	25.8	168.2	12.7	6.4	461.1
0.0	23.6	521.0	12.7	10.4	461.1
0.6	25.5	516.1	12.6	9.1	461.1
3.3	23.6	33.0	12.6	3.0	461.1
0.9	24.1	38.7	12.6	3.6	461.1
2.1	24.1	37.5	12.5	4.4	461.1
2.7	22.8	26.2	12.5	3.2	461.1
0.7	22.5	42.3	12.5	4.0	461.1
0.9	24.9	300.7	12.4	6.8	461.1
8.1	25.5	447.6	12.4	9.2	461.1
4.7	25.0	396.4	12.4	8.5	461.1
0.0	23.8	484.2	12.4	8.3	461.1
0.0	22.5	491.3	12.3	9.0	461.1
0.0	22.1	509.3	12.3	9.0	461.1
0.0	22.0	506.4	12.3	9.1	461.1
0.0	22.4	475.8	12.2	9.3	461.1
0.0	23.3	465.6	12.2	9.3	461.1
0.0	24.4	476.5	12.2	9.1	461.1
0.0	25.7	454.2	12.1	9.3	461.1
0.0	25.8	464.8	12.1	9.6	461.1
0.0	23.5	456.5	12.1	8.2	461.1
0.2	22.3	285.4	12.1	6.8	461.1
0.0	20.8	413.6	12.0	8.5	461.1
0.0	21.1	409.3	12.0	8.7	461.1
0.0	20.3	476.1	12.0	8.7	461.1
0.0	21.7	389.8	11.9	8.0	461.1
0.0	21.6	464.2	11.9	8.8	461.1
0.0	21.1	465.9	11.9	9.5	461.9
0.0	21.3	427.5	11.8	9.0	461.9
0.0	20.9	444.3	11.8	7.9	461.9
0.0	17.7	457.5	11.8	7.4	461.9
0.0	18.3	459.8	11.8	7.4	461.9
0.0	20.4	439.6	11.7	7.1	461.9
0.0	21.4	392.3	11.7	7.2	461.9
0.0	21.6	417.2	11.7	7.8	461.9
0.0	21.5	420.2	11.6	8.0	461.9
0.0	22.4	381.2	11.6	7.7	461.9
0.0	20.0	422.0	11.6	8.3	461.9
0.0	19.8	359.7	11.5	7.6	461.9
0.6	21.1	263.8	11.5	6.6	461.9
1.3	15.6	53.8	11.5	4.8	461.9
0.1	16.0	322.8	11.5	6.5	461.9
0.0	16.8	416.5	11.4	7.1	461.9
0.0	18.8	408.1	11.4	7.9	461.9
0.0	19.7	330.8	11.4	7.3	461.9
0.0	20.9	390.6	11.3	7.6	461.9
0.0	19.9	381.8	11.3	8.0	461.9
0.0	18.9	401.9	11.3	7.8	461.9
0.0	18.7	400.7	11.3	7.6	461.9
0.0	17.7	404.1	11.2	6.9	461.9
0.0	18.2	394.5	11.2	6.8	461.9
0.0	20.3	382.9	11.2	6.9	461.9
0.0	20.9	374.9	11.1	7.2	461.9
0.1	20.3	247.3	11.1	6.5	461.9
0.0	16.6	377.2	11.1	5.6	461.9
0.0	17.5	343.3	11.1	5.7	461.9
0.0	19.4	315.0	11.0	6.1	461.9
0.0	20.2	115.5	11.0	4.6	461.9
0.0	20.2	113.9	11.0	4.7	463.8
0.0	21.2	251.3	11.0	5.6	463.8
7.4	18.6	136.3	10.9	5.6	463.8
0.1	16.3	203.3	10.9	5.1	463.8
0.0	17.1	350.3	10.9	5.1	463.8
0.9	20.6	324.0	10.8	6.2	463.8
1.2	13.3	80.2	10.8	5.4	463.8
0.0	8.8	355.7	10.8	4.1	463.8
0.0	7.8	358.5	10.8	4.4	463.8
0.0	9.8	354.6	10.8	5.0	463.8
0.0	13.6	341.4	10.7	5.5	463.8
0.0	12.3	343.9	10.7	4.9	463.8
0.0	10.3	344.8	10.7	5.0	463.8
0.0	11.5	344.8	10.7	5.1	463.8
0.0	13.9	209.3	10.6	5.2	463.8
0.0	15.5	328.4	10.6	5.9	463.8
0.0	13.1	324.8	10.6	4.9	463.8
0.1	16.5	315.9	10.6	5.9	463.8
0.0	10.5	228.2	10.5	4.6	463.8
0.0	7.8	329.0	10.5	3.7	463.8
0.0	9.2	280.1	10.5	4.0	463.8
0.0	7.9	330.3	10.5	3.9	463.8
0.0	10.5	310.6	10.5	4.3	463.8
0.0	11.4	251.5	10.5	4.5	463.8
0.0	10.4	221.0	10.4	3.4	463.8
0.1	11.2	128.8	10.4	3.1	463.8
0.1	11.1	284.9	10.4	4.1	463.8
0.1	10.3	202.8	10.4	4.3	463.8
0.0	9.2	274.0	10.4	4.5	463.8
0.0	10.4	306.8	10.4	4.7	463.8
0.0	15.5	290.0	10.3	5.4	466.1
1.1	20.2	117.7	10.3	4.2	466.1
2.9	18.1	152.4	10.3	5.7	466.1
0.0	7.7	301.6	10.3	3.5	466.1
0.0	6.3	297.8	10.3	3.1	466.1
0.0	7.8	297.3	10.3	3.5	466.1
4.2	7.4	57.0	10.3	3.0	466.1
0.0	0.6	290.9	10.3	2.3	466.1
0.0	0.7	260.5	10.2	2.0	466.1
0.0	-0.2	250.1	10.2	2.4	466.1
0.0	0.7	299.1	10.2	2.4	466.1
0.1	4.4	107.4	10.2	2.5	466.1
6.1	11.1	116.5	10.2	4.3	466.1
2.6	10.2	39.3	10.2	4.2	466.1
1.7	6.5	116.9	10.2	2.0	466.1
0.6	8.6	113.4	10.2	2.7	466.1
5.8	7.8	46.4	10.2	2.7	466.1
1.0	3.4	29.8	10.2	1.9	466.1
0.0	4.5	150.5	10.2	2.5	466.1
0.0	3.5	290.4	10.2	3.0	466.1
0.0	4.5	288.9	10.2	3.4	466.1
0.0	4.8	276.2	10.2	3.0	466.1
0.0	0.9	288.8	10.2	2.6	466.1
0.0	3.4	285.9	10.2	3.1	466.1
13.7	4.2	63.4	10.2	2.1	466.1
0.4	3.3	121.3	10.2	2.4	466.1
0.0	3.7	69.2	10.2	1.8	466.1
3.6	4.7	63.4	10.2	1.6	466.1
7.5	7.4	30.2	10.2	2.1	466.1
18.3	11.3	69.2	10.2	3.8	466.1
13.0	5.0	33.5	10.2	2.3	466.1
0.1	2.6	157.5	10.2	2.0	468.6
0.1	3.6	280.5	10.2	2.5	468.6
0.1	2.1	135.5	10.2	2.4	468.6
0.0	0.8	291.8	10.2	2.4	468.6
0.0	-1.1	296.2	10.3	2.0	468.6
0.0	-0.8	303.1	10.3	2.6	468.6
0.0	1.8	311.8	10.3	3.2	468.6
0.0	4.9	304.1	10.3	3.9	468.6
4.9	7.5	174.2	10.3	3.6	468.6
6.4	0.5	17.3	10.3	2.2	468.6
0.2	0.4	177.7	10.3	2.2	468.6
10.5	0.2	54.3	10.3	1.3	468.6
0.3	0.5	222.9	10.4	1.9	468.6
0.0	-4.1	284.4	10.4	1.8	468.6
0.0	-6.1	327.7	10.4	1.6	468.6
0.0	-3.4	324.1	10.4	2.2	468.6
0.0	0.9	329.0	10.4	3.4	468.6
0.0	6.4	296.1	10.4	4.5	468.6
4.3	7.9	76.2	10.5	3.1	468.6
9.3	6.8	33.7	10.5	1.8	468.6
9.6	9.6	114.7	10.5	3.1	468.6
2.4	-0.3	24.6	10.5	3.3	468.6
0.0	-4.1	341.6	10.5	1.4	468.6
0.0	-2.4	346.1	10.6	2.3	468.6
0.0	1.7	345.3	10.6	3.4	468.6
8.0	6.1	194.2	10.6	3.9	468.6
0.0	-2.4	57.7	10.6	2.2	468.6
0.0	-3.1	350.3	10.7	2.3	468.6
0.0	-4.7	358.8	10.7	2.0	468.6
0.0	-4.0	356.9	10.7	2.2	468.6
0.0	0.7	302.8	10.7	2.9	468.6
0.0	4.5	183.6	10.7	3.0	469.9
0.0	8.5	250.7	10.8	4.3	469.9
0.2	10.0	138.3	10.8	3.2	469.9
1.1	9.1	119.5	10.8	4.5	469.9
0.1	4.5	257.2	10.8	3.6	469.9
0.0	3.5	347.1	10.9	3.4	469.9
2.3	8.8	212.4	10.9	4.1	469.9
24.3	10.4	68.1	10.9	3.7	469.9
1.1	6.1	84.0	11.0	2.3	469.9
0.2	5.0	93.8	11.0	2.7	469.9
11.3	7.0	208.7	11.0	3.4	469.9
5.5	6.6	22.6	11.0	1.8	469.9
2.1	4.0	37.7	11.1	2.7	469.9
39.4	4.0	42.1	11.1	2.3	469.9
4.3	3.0	24.4	11.1	2.2	469.9
0.8	3.9	114.4	11.1	2.2	469.9
6.2	5.0	17.9	11.2	1.7	469.9
1.1	3.4	95.9	11.2	2.8	469.9
0.0	4.0	251.9	11.2	3.2	469.9
0.8	5.2	346.8	11.3	3.7	469.9
30.7	4.1	49.8	11.3	1.6	469.9
2.9	5.1	50.2	11.3	1.8	469.9
5.9	6.5	82.0	11.3	2.6	469.9
29.6	7.6	29.1	11.4	1.9	469.9
1.6	8.3	83.4	11.4	3.4	469.9
1.6	9.9	124.2	11.4	3.6	469.9
11.8	8.6	79.2	11.5	3.5	469.9
2.8	4.1	61.6	11.5	2.4	469.9
14.0	5.0	94.0	11.5	2.5	470.6
0.6	5.6	201.6	11.6	3.7	470.6
2.7	6.0	116.4	11.6	2.6	470.6
16.9	8.0	77.6	11.6	3.0	470.6
3.1	15.8	57.1	11.6	6.6	470.6
9.1	8.8	25.0	11.7	7.1	470.6
2.1	4.0	97.3	11.7	2.3	470.6
26.4	3.2	33.8	11.7	1.5	470.6
11.4	3.9	58.6	11.8	2.0	470.6
8.4	4.5	86.3	11.8	2.3	470.6
11.8	7.0	157.5	11.8	3.1	470.6
0.5	7.8	125.1	11.9	5.0	470.6
2.9	14.0	329.8	11.9	7.8	470.6
8.6	16.4	122.8	11.9	6.2	470.6
19.5	16.9	57.2	12.0	5.1	470.6
28.0	19.3	311.5	12.0	7.2	470.6
5.8	7.9	69.2	12.0	7.0	470.6
0.8	4.7	170.6	12.0	3.3	470.6
0.0	6.0	505.1	12.1	5.3	470.6
0.0	9.3	501.7	12.1	6.9	470.6
16.7	13.1	368.2	12.1	7.0	470.6
15.0	11.1	14.8	12.2	2.7	470.6
8.0	9.3	23.0	12.2	3.3	470.6
13.1	8.2	116.4	12.2	3.1	470.6
12.0	9.7	80.5	12.3	4.8	470.6
0.1	8.1	300.2	12.3	6.2	470.6
0.8	4.7	103.5	12.3	2.2	470.6
22.7	7.0	41.0	12.3	3.2	470.6
1.6	7.2	166.0	12.4	4.5	470.6
0.0	7.7	520.1	12.4	5.5	470.6
0.6	6.4	180.3	12.4	4.1	470.6
0.4	9.6	243.9	12.5	5.5	471.2
41.9	14.3	250.0	12.5	7.0	471.2
22.7	9.2	40.7	12.5	4.3	471.2
28.5	7.7	42.0	12.6	1.6	471.2
9.3	7.8	105.8	12.6	3.7	471.2
0.1	11.2	549.4	12.6	7.6	471.2
4.6	14.0	473.9	12.7	8.4	471.2
23.0	16.3	76.9	12.7	6.3	471.2
0.4	18.9	432.8	12.7	9.3	471.2
1.4	14.6	177.7	12.7	7.1	471.2
0.9	17.5	261.6	12.8	8.3	471.2
22.4	22.0	366.2	12.8	8.3	471.2
9.5	12.6	90.8	12.8	8.5	471.2
6.8	12.3	328.1	12.9	6.2	471.2
5.6	9.2	67.5	12.9	3.4	471.2
18.6	7.7	46.1	12.9	2.3	471.2
0.0	10.2	410.7	12.9	5.9	471.2
0.0	12.4	554.9	13.0	8.1	471.2
0.0	12.8	558.3	13.0	8.5	471.2
0.2	15.2	526.8	13.0	8.9	471.2
0.8	15.1	216.5	13.1	7.3	471.2
18.9	19.3	532.9	13.1	9.3	471.2
10.7	18.7	124.1	13.1	6.0	471.2
0.0	16.2	605.9	13.1	8.5	471.2
0.0	16.2	555.0	13.2	8.0	471.2
21.2	13.1	115.6	13.2	6.0	471.2
0.9	13.7	120.3	13.2	4.8	471.2
0.1	17.8	596.8	13.2	9.1	471.2
1.1	20.4	440.0	13.3	10.2	471.2
8.3	14.2	71.1	13.3	7.6	471.2
0.0	11.6	626.6	13.3	7.6	471.8
0.1	13.6	373.6	13.4	8.0	471.8
0.5	19.0	586.8	13.4	10.7	471.8
47.9	17.0	83.3	13.4	7.8	471.8
0.0	14.6	634.0	13.4	7.7	471.8
0.0	18.6	609.7	13.5	9.7	471.8
2.0	18.6	205.9	13.5	7.1	471.8
0.1	22.0	508.5	13.5	8.9	471.8
35.1	20.8	78.1	13.5	5.7	471.8
0.2	16.1	389.8	13.5	9.4	471.8
0.0	17.1	640.5	13.6	8.9	471.8
0.0	18.3	448.5	13.6	9.4	471.8
0.0	14.1	364.2	13.6	7.4	471.8
0.0	16.2	616.7	13.6	9.0	471.8
0.0	16.1	513.9	13.7	8.9	471.8
0.3	17.7	458.1	13.7	8.7	471.8
0.1	18.7	590.5	13.7	9.7	471.8
0.1	19.0	573.3	13.7	9.8	471.8
2.4	21.9	344.2	13.7	9.3	471.8
1.0	20.0	66.3	13.8	6.0	471.8
0.0	21.2	452.9	13.8	10.9	471.8
0.0	21.7	644.3	13.8	11.3	471.8
0.0	23.4	620.8	13.8	12.0	471.8
2.9	20.6	184.4	13.8	9.7	471.8
0.2	18.2	364.2	13.8	9.2	471.8
0.2	19.7	529.6	13.9	10.5	471.8
0.0	22.6	609.6	13.9	10.3	471.8
13.0	19.6	160.9	13.9	7.9	471.8
0.4	19.4	244.8	13.9	8.1	471.8
0.1	23.4	630.2	13.9	10.8	471.8
0.0	22.2	645.4	13.9	10.3	471.8
9.8	22.0	539.4	13.9	10.0	470.7
21.9	22.4	190.5	14.0	9.9	470.7
8.3	22.7	38.4	14.0	6.6	470.7
37.7	21.6	247.9	14.0	9.3	470.7
10.1	17.3	87.3	14.0	4.6	470.7
0.3	18.1	404.9	14.0	8.2	470.7
7.3	17.8	161.5	14.0	5.0	470.7
0.5	17.8	143.7	14.0	6.7	470.7
0.0	20.0	622.1	14.0	9.4	470.7
0.4	19.5	472.6	14.0	9.7	470.7
0.0	22.0	498.8	14.0	9.7	470.7
0.1	22.8	504.6	14.1	10.5	470.7
2.1	24.2	607.4	14.1	11.1	470.7
0.6	25.0	426.0	14.1	10.8	470.7
15.7	23.6	129.8	14.1	6.0	470.7
13.9	24.1	108.8	14.1	6.1	470.7
26.3	25.0	206.4	14.1	7.6	470.7
8.2	24.6	141.9	14.1	6.2	470.7
1.3	25.5	385.7	14.1	9.3	470.7
20.7	26.0	448.1	14.1	9.2	470.7
23.4	24.7	241.1	14.1	8.2	470.7
0.4	26.2	563.6	14.1	10.7	470.7
0.2	25.5	380.9	14.1	10.2	470.7
4.2	26.0	538.6	14.1	10.3	470.7
19.2	24.0	129.2	14.1	5.5	470.7
5.4	24.4	222.3	14.1	7.9	470.7
29.9	25.1	213.6	14.1	8.3	470.7
22.6	24.2	162.5	14.1	7.7	470.7
16.6	24.9	334.9	14.1	8.9	470.7
15.2	23.5	143.1	14.1	7.5	470.7
26.4	23.8	244.7	14.1	6.8	467.4
1.6	24.0	122.4	14.0	6.5	467.4
9.8	25.1	352.0	14.0	8.5	467.4
3.6	25.7	488.3	14.0	10.2	467.4
4.8	25.7	375.4	14.0	9.7	467.4
0.0	25.5	282.3	14.0	8.9	467.4
4.0	26.3	541.9	14.0	9.7	467.4
9.4	25.6	350.3	14.0	9.5	467.4
9.8	26.2	584.4	14.0	10.9	467.4
0.4	26.5	512.4	14.0	9.8	467.4
0.7	25.7	429.2	14.0	9.8	467.4
0.1	24.8	480.3	13.9	9.4	467.4
0.4	24.7	499.5	13.9	9.1	467.4
0.3	24.2	490.8	13.9	10.2	467.4
0.0	24.9	589.8	13.9	10.8	467.4
0.0	26.4	608.3	13.9	11.5	467.4
1.9	28.0	564.0	13.9	11.7	467.4
27.9	24.1	123.3	13.9	6.0	467.4
17.5	22.8	54.7	13.8	4.6	467.4
2.6	22.3	41.4	13.8	4.1	467.4
0.5	23.4	153.7	13.8	6.7	467.4
0.2	25.3	398.1	13.8	9.3	467.4
13.6	25.0	204.1	13.8	6.5	467.4
12.3	24.4	109.2	13.8	5.4	467.4
7.6	24.8	201.1	13.7	7.4	467.4
2.0	25.6	367.0	13.7	8.4	467.4
1.0	25.5	321.6	13.7	8.7	467.4
2.1	24.8	197.8	13.7	7.1	467.4
1.3	25.2	335.1	13.7	8.8	467.4
6.2	25.6	393.4	13.6	9.1	467.4
12.0	25.3	342.4	13.6	9.4	467.4
13.4	25.5	372.9	13.6	8.3	465.2
13.0	25.2	348.9	13.6	7.9	465.2
7.5	24.7	348.1	13.5	7.0	465.2
1.5	24.5	320.2	13.5	8.0	465.2
0.4	24.7	468.2	13.5	8.9	465.2
0.0	25.2	431.5	13.5	8.8	465.2
0.0	25.6	373.3	13.5	9.4	465.2
0.0	27.8	586.2	13.4	10.3	465.2
4.5	27.8	457.0	13.4	10.4	465.2
18.7	27.4	416.8	13.4	9.0	465.2
28.6	26.3	286.4	13.4	8.5	465.2
1.4	25.1	134.0	13.3	5.5	465.2
0.0	24.8	403.1	13.3	8.4	465.2
0.1	23.2	149.5	13.3	8.2	465.2
11.1	22.6	209.8	13.3	10.3	465.2
11.0	18.2	50.3	13.2	3.8	465.2
0.5	21.6	163.8	13.2	6.8	465.2
0.2	23.8	365.5	13.2	7.9	465.2
20.3	24.8	436.3	13.1	9.0	465.2
4.7	25.2	498.9	13.1	9.6	465.2
7.3	24.2	400.9	13.1	9.4	465.2
7.7	23.8	439.1	13.1	8.6	465.2
4.6	24.0	431.5	13.0	9.3	465.2
5.4	25.7	552.0	13.0	9.1	465.2
10.9	26.3	524.4	13.0	10.4	465.2
11.1	26.5	511.4	13.0	10.0	465.2
8.2	26.1	456.0	12.9	9.7	465.2
5.6	26.1	499.1	12.9	9.1	465.2
3.7	26.8	474.2	12.9	10.7	465.2
17.3	25.2	471.6	12.8	8.4	465.2
0.4	22.9	253.8	12.8	7.3	465.2
0.4	24.5	439.8	12.8	7.8	465.8
0.8	24.0	324.5	12.8	8.8	465.8
1.7	24.5	406.9	12.7	8.1	465.8
0.6	22.8	109.9	12.7	6.0	465.8
0.0	22.3	170.0	12.7	6.7	465.8
0.0	21.4	96.7	12.6	4.8	465.8
0.0	20.8	42.0	12.6	4.0	465.8
0.0	21.8	322.0	12.6	8.5	465.8
0.7	22.7	380.7	12.5	8.2	465.8
0.4	23.6	421.7	12.5	8.4	465.8
0.2	22.7	273.5	12.5	8.7	465.8
0.0	22.8	446.6	12.5	8.7	465.8
0.0	23.0	489.2	12.4	9.7	465.8
0.0	23.2	516.7	12.4	10.1	465.8
0.0	24.1	509.8	12.4	10.0	465.8
0.0	25.1	488.7	12.3	9.5	465.8
0.0	25.4	486.6	12.3	9.6	465.8
0.0	25.5	455.0	12.3	9.8	465.8
0.0	25.7	483.5	12.2	9.9	465.8
0.0	25.5	469.9	12.2	9.4	465.8
0.0	24.1	427.8	12.2	9.5	465.8
0.0	22.5	494.3	12.2	9.8	465.8
0.0	22.2	492.7	12.1	9.2	465.8
0.0	24.4	464.3	12.1	9.2	465.8
0.0	23.5	256.5	12.1	8.1	465.8
0.0	23.7	464.5	12.0	9.0	465.8
0.0	20.2	446.0	12.0	8.2	465.8
0.0	20.9	482.3	12.0	8.7	465.8
0.0	22.3	468.8	11.9	8.2	465.8
0.0	21.4	253.0	11.9	6.3	465.8
0.0	19.8	79.7	11.9	5.2	466.6
0.0	22.0	429.9	11.9	8.4	466.6
0.0	22.4	449.7	11.8	9.2	466.6
0.0	22.5	454.4	11.8	9.1	466.6
0.0	21.5	450.2	11.8	9.2	466.6
0.0	21.0	354.6	11.7	7.6	466.6
0.0	19.8	266.4	11.7	7.0	466.6
0.0	20.4	305.6	11.7	8.0	466.6
0.0	21.2	438.9	11.6	8.9	466.6
0.0	21.3	433.5	11.6	8.1	466.6
0.0	20.8	321.2	11.6	8.3	466.6
0.0	20.4	427.8	11.6	8.5	466.6
0.0	20.3	426.7	11.5	8.1	466.6
0.0	19.7	428.1	11.5	8.0	466.6
0.0	20.7	418.3	11.5	7.9	466.6
0.0	21.6	380.9	11.4	7.6	466.6
0.0	21.5	411.4	11.4	7.8	466.6
0.0	18.5	412.8	11.4	7.5	466.6
0.0	16.3	413.3	11.3	6.6	466.6
0.0	17.3	400.6	11.3	6.8	466.6
0.0	19.1	391.1	11.3	6.9	466.6
0.0	20.8	382.1	11.3	7.0	466.6
0.0	21.1	382.7	11.2	7.4	466.6
0.0	22.0	376.4	11.2	7.2	466.6
0.0	22.5	366.4	11.2	6.7	466.6
8.9	17.9	158.2	11.2	7.3	466.6
0.0	12.8	375.0	11.1	5.3	466.6
0.0	12.3	389.2	11.1	5.3	466.6
0.0	14.8	366.1	11.1	6.2	466.6
0.0	16.8	374.6	11.0	6.4	466.6
0.1	19.0	356.4	11.0	6.7	466.6
0.0	19.7	353.3	11.0	6.9	468.5
0.0	19.5	357.8	11.0	6.8	468.5
0.0	18.7	355.1	10.9	6.5	468.5
0.0	18.2	359.4	10.9	6.4	468.5
0.0	19.1	352.4	10.9	6.6	468.5
1.8	19.7	242.7	10.9	5.9	468.5
0.9	8.7	46.1	10.8	4.9	468.5
0.0	5.7	352.4	10.8	3.3	468.5
0.0	6.6	351.2	10.8	4.0	468.5
0.0	8.7	345.4	10.8	4.6	468.5
0.0	9.8	339.6	10.7	4.8	468.5
0.0	12.1	316.8	10.7	5.2	468.5
0.0	15.5	288.4	10.7	5.4	468.5
0.0	16.4	122.9	10.7	4.4	468.5
0.1	16.3	107.1	10.6	4.0	468.5
0.0	16.7	285.8	10.6	6.0	468.5
0.0	17.1	321.1	10.6	5.9	468.5
0.0	16.1	320.0	10.6	5.5	468.5
0.0	13.8	279.3	10.6	5.1	468.5
0.0	13.5	320.9	10.5	4.7	468.5
0.0	15.2	311.0	10.5	5.3	468.5
0.0	11.3	330.9	10.5	4.3	468.5
0.0	8.5	334.2	10.5	4.0	468.5
0.0	9.4	316.1	10.5	4.8	468.5
0.0	11.1	316.0	10.4	5.1	468.5
0.0	13.6	245.4	10.4	5.2	468.5
0.0	13.9	143.2	10.4	3.8	468.5
0.0	11.0	318.3	10.4	4.3	468.5
0.0	11.1	311.8	10.4	4.8	468.5
0.0	10.1	304.9	10.4	4.0	468.5
0.0	11.7	245.3	10.3	4.2	470.8
1.4	14.1	278.3	10.3	4.8	470.8
11.3	6.2	12.4	10.3	2.7	470.8
0.4	6.3	74.7	10.3	1.6	470.8
4.0	11.0	163.4	10.3	3.3	470.8
24.8	8.6	15.2	10.3	2.7	470.8
0.4	5.1	154.5	10.3	2.9	470.8
0.1	8.1	221.1	10.3	3.4	470.8
0.2	11.6	171.4	10.2	3.8	470.8
4.8	12.1	108.4	10.2	4.4	470.8
8.1	3.9	18.6	10.2	1.7	470.8
1.6	5.0	138.1	10.2	1.9	470.8
10.9	4.0	18.3	10.2	1.1	470.8
13.6	2.4	19.9	10.2	1.1	470.8
5.9	2.9	31.2	10.2	0.9	470.8
2.7	2.5	32.6	10.2	1.0	470.8
0.2	3.6	95.7	10.2	2.3	470.8
0.3	0.9	293.5	10.2	2.2	470.8
0.1	0.8	272.8	10.2	1.9	470.8
0.6	5.5	209.1	10.2	2.9	470.8
0.0	4.0	290.4	10.2	2.9	470.8
0.0	0.4	292.7	10.2	2.4	470.8
0.0	1.1	281.7	10.2	2.6	470.8
0.2	4.2	199.0	10.2	2.8	470.8
0.0	1.9	265.9	10.2	2.6	470.8
0.0	2.3	297.8	10.2	3.2	470.8
0.0	4.5	300.4	10.2	4.0	470.8
0.1	4.1	294.3	10.2	3.5	470.8
0.0	-1.1	304.4	10.2	2.2	470.8
0.0	1.0	304.7	10.2	3.1	470.8
0.0	3.6	215.6	10.2	3.3	470.8
0.0	2.5	289.0	10.2	3.3	473.3
0.0	4.2	294.6	10.2	3.4	473.3
0.1	10.7	215.1	10.2	4.6	473.3
1.7	13.6	56.3	10.2	3.1	473.3
0.4	16.6	198.1	10.3	4.9	473.3
8.7	8.2	17.2	10.3	4.1	473.3
4.3	-1.7	24.0	10.3	2.0	473.3
0.0	0.4	307.4	10.3	2.4	473.3
0.0	2.3	305.7	10.3	2.8	473.3
0.0	-1.1	314.6	10.3	2.3	473.3
0.0	-0.6	304.0	10.3	2.3	473.3
0.8	3.4	251.6	10.3	2.8	473.3
5.6	4.7	34.0	10.4	1.7	473.3
4.0	0.0	31.6	10.4	2.2	473.3
0.0	3.5	320.7	10.4	3.0	473.3
0.0	7.2	320.9	10.4	4.2	473.3
0.0	8.1	125.7	10.4	3.6	473.3
0.0	5.4	291.9	10.4	3.9	473.3
0.0	4.9	328.8	10.5	3.4	473.3
1.1	10.2	300.6	10.5	4.7	473.3
8.3	6.0	37.7	10.5	2.6	473.3
0.0	3.7	204.8	10.5	2.6	473.3
12.6	6.2	144.2	10.5	2.9	473.3
21.0	2.1	35.4	10.6	1.3	473.3
0.9	3.8	63.4	10.6	1.7	473.3
0.2	4.8	139.3	10.6	2.3	473.3
9.6	9.0	184.1	10.6	4.0	473.3
18.1	6.3	20.3	10.6	4.6	473.3
0.6	-0.5	116.2	10.7	2.2	473.3
0.2	-4.2	330.5	10.7	1.7	473.3
0.0	-4.9	366.4	10.7	1.4	473.3
0.0	-3.4	370.4	10.7	2.0	474.7
0.0	1.4	284.9	10.8	3.2	474.7
0.0	0.3	370.7	10.8	3.1	474.7
0.0	2.5	362.8	10.8	3.4	474.7
5.0	5.0	43.1	10.8	2.4	474.7
7.7	1.7	28.9	10.9	3.0	474.7
0.0	2.2	384.2	10.9	3.3	474.7
0.0	5.7	381.3	10.9	4.4	474.7
0.0	8.0	377.1	10.9	5.3	474.7
0.4	10.4	365.0	11.0	5.6	474.7
0.1	6.4	117.7	11.0	4.3	474.7
0.0	4.9	391.4	11.0	4.2	474.7
0.0	9.3	394.9	11.1	5.9	474.7
4.5	12.7	247.1	11.1	5.5	474.7
0.4	7.9	132.7	11.1	2.6	474.7
0.0	4.6	337.8	11.1	3.8	474.7
0.0	9.5	396.6	11.2	5.7	474.7
0.0	3.7	354.5	11.2	4.0	474.7
0.0	4.7	423.5	11.2	4.4	474.7
1.6	11.0	408.4	11.3	6.4	474.7
0.2	5.6	114.6	11.3	4.1	474.7
0.0	4.3	245.8	11.3	3.0	474.7
0.0	4.9	313.8	11.3	4.0	474.7
0.0	6.8	419.8	11.4	4.4	474.7
0.0	7.2	427.2	11.4	5.1	474.7
1.2	8.7	161.4	11.4	4.8	474.7
0.0	10.4	435.9	11.5	6.4	474.7
0.0	7.9	440.1	11.5	5.6	474.7
0.0	11.6	446.2	11.5	7.1	475.4
0.3	14.9	338.4	11.5	7.6	475.4
10.6	15.0	81.3	11.6	4.9	475.4
14.9	12.3	33.7	11.6	4.8	475.4
0.0	9.5	381.8	11.6	5.3	475.4
0.3	12.5	401.0	11.7	6.7	475.4
0.7	3.8	77.5	11.7	4.8	475.4
0.0	2.4	484.1	11.7	4.2	475.4
0.0	7.6	479.7	11.8	6.2	475.4
0.0	12.9	449.7	11.8	7.5	475.4
0.2	15.2	178.5	11.8	6.2	475.4
4.5	13.5	246.0	11.9	9.9	475.4
0.0	5.6	456.2	11.9	4.6	475.4
0.0	5.1	500.2	11.9	4.0	475.4
0.0	4.1	506.3	11.9	4.3	475.4
0.0	10.4	504.8	12.0	7.1	475.4
0.0	13.7	503.7	12.0	8.4	475.4
0.0	16.3	504.8	12.0	9.0	475.4
0.0	18.9	504.4	12.1	10.5	475.4
0.0	21.9	485.8	12.1	10.3	475.4
0.0	20.7	467.4	12.1	11.8	475.4
0.8	14.1	419.2	12.2	6.4	475.4
25.0	6.0	46.0	12.2	5.7	475.4
0.3	3.2	403.5	12.2	3.3	475.4
2.3	5.6	320.3	12.3	5.1	475.4
0.0	5.1	443.0	12.3	4.9	475.4
0.0	13.1	508.1	12.3	7.7	475.4
5.2	13.1	221.5	12.3	8.4	475.4
0.4	9.8	278.3	12.4	4.5	475.4
0.5	10.6	211.4	12.4	6.2	475.4
0.0	12.1	353.5	12.4	7.2	475.4
0.0	14.7	540.4	12.5	8.9	476.0
0.0	20.2	548.9	12.5	10.8	476.0
0.0	24.2	522.6	12.5	10.3	476.0
0.0	26.8	513.7	12.6	10.0	476.0
1.7	23.6	449.1	12.6	12.0	476.0
7.0	14.5	217.3	12.6	10.0	476.0
2.2	14.6	400.1	12.6	7.0	476.0
10.0	14.8	90.2	12.7	5.3	476.0
9.6	13.5	38.1	12.7	3.8	476.0
0.6	17.2	331.5	12.7	7.4	476.0
0.4	21.6	255.0	12.8	8.2	476.0
0.5	21.9	437.4	12.8	8.3	476.0
12.5	22.1	219.3	12.8	8.1	476.0
0.0	22.3	263.6	12.9	8.8	476.0
0.0	24.6	549.8	12.9	10.4	476.0
10.2	20.2	436.7	12.9	12.7	476.0
0.6	12.1	132.6	12.9	5.7	476.0
0.1	16.8	554.1	13.0	7.9	476.0
1.3	18.8	345.2	13.0	8.3	476.0
21.9	15.0	63.9	13.0	5.2	476.0
8.1	14.0	168.2	13.0	4.9	476.0
25.4	15.0	29.5	13.1	5.9	476.0
15.8	18.0	139.8	13.1	9.3	476.0
0.0	15.0	465.3	13.1	7.0	476.0
0.0	15.5	591.2	13.2	8.4	476.0
0.1	17.5	465.1	13.2	9.0	476.0
26.2	18.8	189.8	13.2	8.4	476.0
0.3	14.7	582.7	13.2	8.4	476.0
0.0	15.2	612.6	13.3	8.4	476.0
0.0	18.8	606.0	13.3	9.8	476.0
0.9	22.5	476.7	13.3	11.8	476.5
0.1	24.7	539.6	13.3	10.7	476.5
3.3	24.2	571.5	13.4	10.6	476.5
41.3	20.4	249.2	13.4	13.1	476.5
5.3	9.9	31.1	13.4	3.7	476.5
0.2	10.2	107.3	13.4	4.8	476.5
7.9	17.7	374.9	13.5	9.1	476.5
16.0	20.2	114.0	13.5	7.1	476.5
16.5	20.3	80.0	13.5	5.1	476.5
1.7	20.5	198.3	13.5	7.1	476.5
5.4	22.4	324.8	13.6	8.1	476.5
35.9	25.1	501.6	13.6	9.7	476.5
12.1	19.0	43.6	13.6	9.9	476.5
17.9	10.2	61.6	13.6	5.8	476.5
2.1	11.5	125.7	13.7	4.4	476.5
0.1	14.7	606.3	13.7	9.1	476.5
0.0	17.7	611.3	13.7	10.9	476.5
0.0	20.1	600.7	13.7	10.6	476.5
3.4	22.5	323.3	13.7	9.9	476.5
9.0	23.9	507.7	13.8	9.9	476.5
20.7	23.7	303.0	13.8	8.6	476.5
0.3	23.3	513.2	13.8	9.7	476.5
0.0	25.1	524.8	13.8	11.0	476.5
0.0	24.1	434.1	13.8	10.9	476.5
0.0	24.1	409.9	13.8	9.2	476.5
2.3	23.0	195.7	13.9	8.0	476.5
8.7	24.2	404.8	13.9	9.5	476.5
3.8	23.2	435.3	13.9	10.0	476.5
6.8	19.9	75.7	13.9	5.0	476.5
8.0	19.3	54.1	13.9	3.8	476.5
20.3	21.1	35.5	13.9	5.5	476.5
3.8	18.8	46.2	13.9	6.8	475.5
0.2	20.8	583.5	14.0	9.6	475.5
15.7	23.7	380.8	14.0	8.9	475.5
1.8	18.2	113.1	14.0	8.3	475.5
0.0	18.6	583.7	14.0	9.5	475.5
0.0	20.8	616.6	14.0	10.1	475.5
0.0	23.4	623.2	14.0	11.2	475.5
5.0	25.1	617.4	14.0	10.6	475.5
34.7	24.3	335.2	14.0	9.4	475.5
0.9	18.5	215.6	14.0	8.8	475.5
0.0	20.3	666.2	14.0	11.0	475.5
0.0	22.4	649.3	14.1	10.4	475.5
42.7	25.2	515.1	14.1	11.2	475.5
22.4	24.6	84.4	14.1	6.9	475.5
1.2	24.3	100.9	14.1	6.0	475.5
0.7	24.7	224.2	14.1	8.1	475.5
1.7	25.4	344.7	14.1	8.1	475.5
11.2	25.2	232.0	14.1	8.4	475.5
16.3	25.5	418.9	14.1	9.8	475.5
4.1	20.6	60.1	14.1	6.5	475.5
1.9	19.1	57.1	14.1	4.5	475.5
0.9	19.3	337.8	14.1	9.2	475.5
0.0	22.0	601.6	14.1	9.6	475.5
1.9	20.5	209.9	14.1	6.6	475.5
0.3	20.3	290.4	14.1	6.4	475.5
2.8	22.1	380.1	14.1	8.5	475.5
16.3	23.1	556.3	14.1	10.3	475.5
0.5	25.4	539.2	14.1	11.1	475.5
3.8	24.7	389.9	14.1	9.8	475.5
0.1	27.0	592.3	14.1	10.6	475.5
0.3	27.9	570.1	14.1	10.9	472.2
0.1	28.9	580.2	14.0	9.5	472.2
21.4	26.8	421.6	14.0	9.1	472.2
22.7	26.3	484.4	14.0	12.2	472.2
4.4	26.1	322.6	14.0	9.6	472.2
4.5	24.2	121.8	14.0	5.0	472.2
12.7	25.7	321.7	14.0	7.5	472.2
0.1	26.0	187.9	14.0	7.4	472.2
0.3	26.8	307.3	14.0	8.5	472.2
12.6	26.2	127.5	14.0	8.3	472.2
2.3	24.8	43.5	14.0	4.7	472.2
1.2	25.2	93.1	14.0	7.2	472.2
0.5	25.7	443.7	13.9	10.5	472.2
1.6	25.7	448.8	13.9	8.2	472.2
0.6	26.3	392.3	13.9	9.4	472.2
13.5	26.0	449.8	13.9	8.3	472.2
0.2	26.2	463.0	13.9	9.3	472.2
0.1	26.4	478.9	13.9	9.7	472.2
0.3	26.7	518.5	13.8	9.5	472.2
2.2	26.4	282.4	13.8	8.6	472.2
1.9	25.4	63.2	13.8	4.9	472.2
3.2	25.2	53.5	13.8	3.8	472.2
2.8	25.8	107.5	13.8	6.1	472.2
2.2	26.5	355.7	13.8	8.1	472.2
0.8	26.5	424.6	13.7	9.9	472.2
0.1	27.1	566.0	13.7	10.4	472.2
1.3	26.6	241.2	13.7	7.8	472.2
4.7	26.5	356.0	13.7	9.0	472.2
15.0	27.0	497.1	13.7	9.9	472.2
7.9	27.4	514.7	13.6	11.0	472.2
2.5	27.4	546.3	13.6	10.4	472.2
4.8	27.1	441.9	13.6	9.8	470.0
0.0	27.5	394.7	13.6	9.7	470.0
9.3	27.8	544.4	13.6	11.2	470.0
11.3	28.2	571.9	13.5	12.0	470.0
38.6	26.7	482.7	13.5	9.5	470.0
17.3	24.5	47.6	13.5	4.1	470.0
5.7	26.3	414.2	13.5	8.6	470.0
11.4	26.1	449.3	13.4	7.9	470.0
0.7	26.1	494.3	13.4	9.4	470.0
1.5	25.7	323.1	13.4	9.3	470.0
1.4	26.5	464.5	13.4	8.7	470.0
12.3	27.0	436.1	13.3	8.8	470.0
11.5	27.1	458.3	13.3	8.7	470.0
17.9	26.2	359.5	13.3	8.8	470.0
10.8	26.6	483.8	13.3	9.8	470.0
7.1	26.4	445.0	13.2	9.2	470.0
11.7	26.4	335.4	13.2	8.2	470.0
13.3	26.6	460.1	13.2	9.0	470.0
6.8	27.0	455.0	13.2	9.4	470.0
7.1	27.5	512.8	13.1	9.6	470.0
11.3	26.9	481.0	13.1	9.5	470.0
8.5	27.0	494.2	13.1	9.1	470.0
13.6	26.4	489.3	13.0	9.8	470.0
11.6	22.2	82.9	13.0	4.7	470.0
0.0	22.5	328.6	13.0	7.7	470.0
0.0	21.0	170.0	13.0	6.3	470.0
0.1	23.6	397.1	12.9	8.2	470.0
0.0	24.0	232.7	12.9	7.5	470.0
16.3	24.5	309.3	12.9	7.5	470.0
0.3	24.4	296.9	12.8	8.9	470.0
0.3	24.8	444.7	12.8	8.3	470.0
0.0	24.1	337.9	12.8	8.5	470.6
0.6	25.3	444.8	12.8	8.7	470.6
8.0	25.5	438.9	12.7	9.1	470.6
13.1	24.8	426.0	12.7	8.6	470.6
24.1	24.1	359.0	12.7	7.9	470.6
18.8	22.9	324.5	12.6	7.1	470.6
0.5	22.5	321.2	12.6	7.0	470.6
0.5	22.8	345.3	12.6	7.5	470.6
0.1	22.6	520.4	12.6	9.5	470.6
0.1	22.9	513.0	12.5	8.8	470.6
0.3	24.6	468.0	12.5	8.6	470.6
8.1	25.7	448.1	12.5	8.7	470.6
6.3	25.6	462.8	12.4	9.1	470.6
0.0	25.8	478.8	12.4	8.1	470.6
3.4	24.7	306.5	12.4	6.6	470.6
1.5	23.6	211.4	12.3	6.8	470.6
0.0	23.8	496.6	12.3	8.6	470.6
0.0	24.6	497.9	12.3	8.7	470.6
0.0	26.3	476.2	12.3	9.3	470.6
0.4	23.9	159.1	12.2	9.1	470.6
0.0	21.3	490.4	12.2	8.0	470.6
0.0	21.4	489.8	12.2	7.8	470.6
0.0	22.1	487.9	12.1	8.5	470.6
0.0	21.7	496.6	12.1	9.2	470.6
0.0	22.1	489.4	12.1	8.8	470.6
0.0	23.5	467.2	12.0	9.4	470.6
0.0	22.8	474.8	12.0	9.2	470.6
0.0	22.5	475.2	12.0	9.2	470.6
0.0	21.4	477.6	12.0	8.9	470.6
0.0	20.9	473.9	11.9	9.3	470.6
0.0	21.8	470.0	11.9	9.3	471.4
0.0	23.0	454.4	11.9	9.8	471.4
0.0	22.0	465.4	11.8	9.2	471.4
0.0	21.3	463.1	11.8	9.0	471.4
0.0	21.2	448.9	11.8	8.5	471.4
0.0	24.0	427.7	11.7	8.4	471.4
0.0	19.1	427.6	11.7	7.8	471.4
0.0	17.1	457.1	11.7	7.8	471.4
0.0	18.4	447.3	11.7	8.2	471.4
0.0	19.4	437.3	11.6	8.4	471.4
0.0	19.9	438.2	11.6	8.6	471.4
0.0	19.1	437.6	11.6	8.1	471.4
0.0	20.5	429.2	11.5	8.5	471.4
0.0	21.2	417.6	11.5	8.4	471.4
0.0	20.4	422.0	11.5	7.9	471.4
0.0	20.8	371.1	11.4	7.9	471.4
0.0	21.7	360.1	11.4	7.1	471.4
0.0	21.1	349.5	11.4	6.9	471.4
0.0	18.9	207.0	11.4	6.0	471.4
0.0	17.8	403.7	11.3	6.7	471.4
0.0	17.6	403.9	11.3	6.7	471.4
0.0	17.5	400.4	11.3	6.7	471.4
0.0	17.4	399.2	11.2	7.0	471.4
0.0	18.1	388.5	11.2	6.7	471.4
0.0	18.6	308.9	11.2	6.6	471.4
0.0	19.3	350.0	11.2	6.7	471.4
0.0	21.4	369.1	11.1	7.3	471.4
0.0	22.0	370.1	11.1	6.7	471.4
0.0	22.7	358.8	11.1	6.8	471.4
0.0	22.0	339.1	11.0	6.6	471.4
0.0	21.9	352.7	11.0	6.3	471.4
0.2	14.8	150.0	11.0	6.8	473.3
0.0	9.5	377.6	11.0	4.5	473.3
0.0	12.4	305.5	10.9	4.9	473.3
0.0	15.3	235.7	10.9	5.2	473.3
0.0	18.9	346.6	10.9	6.5	473.3
0.0	20.1	345.3	10.9	6.5	473.3
0.0	22.4	340.4	10.8	6.7	473.3
0.0	22.3	332.0	10.8	6.8	473.3
0.7	21.7	287.0	10.8	5.7	473.3
0.3	21.7	111.2	10.8	4.7	473.3
0.1	21.4	127.5	10.7	4.8	473.3
0.1	20.6	277.8	10.7	5.8	473.3
0.7	20.7	166.1	10.7	5.0	473.3
1.0	20.3	219.2	10.7	4.4	473.3
26.9	18.7	64.6	10.6	3.3	473.3
14.5	12.2	15.2	10.6	4.8	473.3
0.1	6.7	113.0	10.6	2.5	473.3
0.1	9.4	325.3	10.6	3.9	473.3
0.3	13.8	287.3	10.6	4.5	473.3
0.1	16.6	246.0	10.5	4.2	473.3
2.8	14.3	91.3	10.5	4.4	473.3
2.4	11.5	140.5	10.5	2.0	473.3
3.1	17.0	140.1	10.5	4.3	473.3
0.7	18.4	81.2	10.5	3.2	473.3
3.5	19.6	185.3	10.4	5.8	473.3
3.4	5.5	18.6	10.4	4.1	473.3
0.1	0.5	279.4	10.4	2.6	473.3
0.1	0.5	282.1	10.4	2.2	473.3
0.0	2.3	136.7	10.4	2.0	473.3
0.0	-0.6	225.0	10.4	2.0	473.3
0.0	0.9	305.6	10.3	2.6	475.7
0.0	3.3	301.2	10.3	3.1	475.7
0.0	6.7	263.5	10.3	3.3	475.7
0.1	7.0	84.7	10.3	2.3	475.7
0.1	6.9	258.3	10.3	3.2	475.7
4.3	7.6	97.6	10.3	2.2	475.7
0.1	6.4	183.5	10.3	2.4	475.7
0.4	6.3	152.7	10.3	2.7	475.7
0.2	4.9	176.6	10.2	2.6	475.7
2.5	6.7	52.1	10.2	2.2	475.7
0.4	9.1	90.1	10.2	2.5	475.7
0.7	10.3	114.1	10.2	3.7	475.7
0.2	5.2	200.2	10.2	2.4	475.7
0.1	2.4	209.4	10.2	2.6	475.7
0.0	5.2	284.5	10.2	3.6	475.7
0.0	6.6	288.0	10.2	3.7	475.7
0.0	9.7	267.9	10.2	4.4	475.7
0.0	8.7	285.4	10.2	3.6	475.7
0.0	11.5	288.6	10.2	4.8	475.7
0.0	4.9	292.5	10.2	3.1	475.7
0.0	7.6	288.4	10.2	4.0	475.7
0.0	8.5	279.1	10.2	4.0	475.7
0.0	12.3	278.4	10.2	4.9	475.7
0.0	14.3	166.8	10.2	4.5	475.7
0.0	12.4	286.7	10.2	4.7	475.7
0.0	15.9	283.1	10.2	5.9	475.7
3.7	16.4	118.9	10.2	3.9	475.7
5.0	14.8	50.5	10.2	3.8	475.7
3.8	7.4	46.1	10.2	2.3	475.7
1.3	8.4	65.6	10.2	1.8	475.7
0.7	6.9	77.8	10.2	3.8	475.7
0.0	-2.6	287.8	10.2	1.5	478.2
0.0	1.1	304.2	10.2	3.0	478.2
0.0	5.4	301.7	10.2	4.1	478.2
0.0	9.2	307.1	10.2	5.0	478.2
0.2	10.9	286.8	10.3	4.7	478.2
0.6	8.5	72.3	10.3	2.6	478.2
0.0	0.0	241.2	10.3	2.9	478.2
0.0	-1.9	312.4	10.3	2.1	478.2
0.0	-1.2	169.5	10.3	1.9	478.2
0.1	4.8	290.1	10.3	3.3	478.2
0.0	7.5	82.3	10.3	3.2	478.2
0.4	11.4	170.3	10.3	4.2	478.2
0.2	12.1	108.9	10.4	3.6	478.2
19.0	14.1	92.3	10.4	4.6	478.2
11.7	6.7	120.9	10.4	2.0	478.2
3.3	5.0	38.8	10.4	1.7	478.2
3.1	5.0	108.2	10.4	1.8	478.2
0.5	4.3	87.5	10.4	2.6	478.2
0.7	-4.3	106.5	10.5	2.4	478.2
0.0	-5.8	331.5	10.5	1.6	478.2
0.0	-1.9	318.3	10.5	2.4	478.2
5.0	0.1	109.3	10.5	1.6	478.2
20.6	1.5	54.1	10.5	1.5	478.2
3.2	1.1	29.9	10.6	1.6	478.2
0.5	1.5	93.9	10.6	1.4	478.2
0.1	1.4	211.2	10.6	2.8	478.2
0.0	-2.2	330.5	10.6	2.1	478.2
10.2	-3.2	93.6	10.6	1.1	478.2
7.5	-1.4	63.3	10.7	1.1	478.2
0.7	-0.2	185.0	10.7	1.5	478.2
0.2	3.1	156.2	10.7	2.8	478.2
0.6	8.1	224.9	10.7	4.5	479.6
3.9	9.3	144.8	10.8	4.4	479.6
0.6	4.3	143.1	10.8	2.8	479.6
8.4	4.7	121.9	10.8	2.8	479.6
1.2	4.8	157.5	10.8	3.1	479.6
0.0	2.1	279.1	10.9	2.9	479.6
0.1	7.0	358.9	10.9	3.8	479.6
0.7	13.2	153.2	10.9	4.7	479.6
6.6	10.7	208.4	10.9	6.2	479.6
0.3	3.7	160.2	11.0	3.3	479.6
0.0	4.4	393.8	11.0	3.6	479.6
0.0	7.0	351.6	11.0	3.9	479.6
9.6	10.4	313.7	11.0	4.5	479.6
8.3	9.2	99.2	11.1	2.9	479.6
19.3	6.9	26.3	11.1	2.6	479.6
31.9	5.7	18.0	11.1	2.1	479.6
8.6	1.4	46.2	11.2	2.6	479.6
0.0	1.3	414.7	11.2	3.3	479.6
0.1	2.8	320.0	11.2	4.0	479.6
0.1	3.3	412.7	11.2	3.6	479.6
0.0	0.1	409.9	11.3	2.5	479.6
3.9	4.1	158.4	11.3	3.3	479.6
0.2	6.0	316.6	11.3	4.6	479.6
0.2	7.8	369.6	11.4	5.5	479.6
0.0	9.6	379.6	11.4	5.6	479.6
40.8	11.0	218.5	11.4	4.8	479.6
6.9	10.3	30.3	11.5	2.7	479.6
31.9	9.6	22.5	11.5	2.1	479.6
3.3	6.4	42.0	11.5	3.4	480.3
0.0	5.0	452.7	11.5	4.8	480.3
0.0	7.7	455.7	11.6	5.4	480.3
0.1	10.4	268.6	11.6	5.3	480.3
0.6	14.1	371.0	11.6	6.3	480.3
5.6	14.4	150.4	11.7	5.8	480.3
1.4	12.1	124.5	11.7	3.4	480.3
13.7	12.4	56.4	11.7	6.4	480.3
7.3	8.2	61.4	11.8	2.3	480.3
0.7	8.3	49.3	11.8	1.7	480.3
15.0	8.0	43.0	11.8	3.3	480.3
2.9	6.0	54.5	11.8	1.8	480.3
0.3	8.8	190.8	11.9	4.7	480.3
2.2	8.1	143.5	11.9	2.7	480.3
7.1	9.3	47.5	11.9	2.5	480.3
34.7	8.3	34.1	12.0	4.2	480.3
3.9	3.5	37.0	12.0	2.8	480.3
15.8	6.5	136.1	12.0	3.9	480.3
23.6	8.7	37.9	12.1	3.0	480.3
11.1	4.7	20.9	12.1	3.8	480.3
0.6	4.5	170.8	12.1	3.4	480.3
3.2	8.1	247.1	12.2	4.6	480.3
4.2	11.8	59.9	12.2	4.9	480.3
7.8	19.2	129.4	12.2	6.9	480.3
8.2	12.7	76.0	12.2	8.4	480.3
0.0	9.6	291.0	12.3	5.7	480.3
0.1	13.5	331.3	12.3	6.9	480.3
11.8	19.0	364.3	12.3	8.6	480.3
63.8	11.5	39.1	12.4	6.3	480.3
56.5	9.0	61.0	12.4	4.5	480.3
0.1	10.4	447.1	12.4	5.9	480.3
0.9	13.0	434.9	12.5	6.4	480.8
1.6	6.1	204.8	12.5	7.1	480.8
0.0	8.4	539.3	12.5	5.8	480.8
0.1	11.9	551.6	12.5	8.1	480.8
0.0	13.9	544.8	12.6	9.1	480.8
11.1	17.5	528.1	12.6	9.3	480.8
35.5	16.1	58.0	12.6	4.1	480.8
14.3	6.7	32.9	12.7	7.5	480.8
0.0	4.3	287.5	12.7	4.3	480.8
12.1	7.9	389.4	12.7	5.0	480.8
1.4	6.8	94.9	12.8	3.4	480.8
0.0	7.6	547.9	12.8	6.2	480.8
0.0	10.8	572.1	12.8	7.5	480.8
0.0	14.0	583.5	12.8	8.4	480.8
29.0	18.6	373.8	12.9	10.4	480.8
0.4	9.7	80.0	12.9	4.7	480.8
21.2	7.3	63.9	12.9	3.5	480.8
38.0	11.2	50.1	13.0	4.6	480.8
41.4	13.2	26.5	13.0	3.6	480.8
9.6	12.1	30.6	13.0	4.7	480.8
36.4	15.8	227.7	13.0	7.0	480.8
27.5	16.9	58.5	13.1	7.4	480.8
11.5	12.1	63.8	13.1	3.7	480.8
7.6	11.3	131.3	13.1	4.6	480.8
0.9	8.8	71.2	13.2	3.6	480.8
4.3	11.4	228.9	13.2	5.3	480.8
10.3	14.2	180.3	13.2	6.1	480.8
32.6	16.1	65.8	13.2	5.0	480.8
30.8	16.1	59.7	13.3	6.3	480.8
0.7	12.1	140.7	13.3	5.2	480.8
0.1	16.4	577.0	13.3	8.7	481.4
1.9	17.7	431.0	13.3	10.2	481.4
0.0	19.7	572.9	13.4	10.5	481.4
5.2	22.1	546.1	13.4	10.6	481.4
11.1	17.0	37.6	13.4	7.8	481.4
16.1	14.4	144.1	13.4	3.6	481.4
2.2	16.5	359.4	13.5	7.6	481.4
6.8	19.5	88.7	13.5	7.4	481.4
15.9	22.8	404.4	13.5	10.0	481.4
15.1	24.4	529.0	13.5	10.2	481.4
1.2	27.4	569.8	13.6	8.7	481.4
12.2	24.8	429.4	13.6	10.5	481.4
1.5	16.3	169.2	13.6	8.3	481.4
1.8	17.7	240.0	13.6	5.8	481.4
0.2	24.7	488.4	13.6	11.5	481.4
0.2	26.0	471.1	13.7	9.8	481.4
5.2	25.1	398.3	13.7	13.4	481.4
0.0	19.2	601.0	13.7	8.1	481.4
1.7	23.3	486.4	13.7	9.7	481.4
3.0	22.6	89.9	13.7	5.9	481.4
13.6	23.5	242.7	13.8	8.4	481.4
17.3	24.7	362.5	13.8	9.9	481.4
0.5	26.5	375.2	13.8	9.2	481.4
21.0	25.2	485.9	13.8	9.7	481.4
59.2	25.5	390.0	13.8	9.8	481.4
29.4	23.7	206.4	13.9	8.7	481.4
0.6	21.7	250.7	13.9	7.8	481.4
0.0	23.9	589.5	13.9	9.9	481.4
1.7	16.8	78.3	13.9	7.8	481.4
0.5	18.0	262.6	13.9	7.2	481.4
0.2	22.2	553.7	13.9	10.9	481.4
0.1	23.7	517.9	13.9	9.9	480.4
9.7	23.9	225.7	14.0	8.1	480.4
65.3	22.2	62.3	14.0	6.2	480.4
1.5	21.4	137.3	14.0	6.3	480.4
0.8	19.9	277.3	14.0	8.6	480.4
0.1	18.7	447.3	14.0	9.0	480.4
0.1	20.7	608.2	14.0	9.6	480.4
0.1	22.9	610.7	14.0	10.5	480.4
0.0	25.2	603.0	14.0	10.4	480.4
4.1	26.5	370.1	14.0	10.8	480.4
5.0	24.4	71.4	14.0	6.0	480.4
0.9	24.2	146.9	14.1	6.8	480.4
0.2	23.1	266.9	14.1	8.7	480.4
0.0	23.3	559.1	14.1	10.7	480.4
0.0	23.7	613.9	14.1	12.2	480.4
0.1	25.6	603.4	14.1	12.2	480.4
0.2	24.2	210.9	14.1	9.8	480.4
1.1	24.2	491.3	14.1	9.7	480.4
37.1	24.4	373.8	14.1	7.6	480.4
15.8	24.5	164.2	14.1	6.6	480.4
57.4	24.2	86.5	14.1	5.8	480.4
24.5	24.6	215.0	14.1	6.4	480.4
19.9	24.1	156.7	14.1	7.5	480.4
0.8	26.5	582.1	14.1	10.2	480.4
2.0	27.4	547.0	14.1	11.0	480.4
19.5	26.4	358.1	14.1	10.6	480.4
12.9	25.1	82.0	14.1	5.2	480.4
4.2	26.2	505.1	14.1	9.8	480.4
7.6	27.4	574.1	14.1	11.1	480.4
15.5	26.2	250.3	14.1	8.1	480.4
0.5	27.5	449.9	14.1	9.6	477.0
24.9	25.5	80.3	14.1	6.1	477.0
38.5	25.1	92.2	14.0	7.1	477.0
1.7	24.9	234.3	14.0	8.4	477.0
0.4	25.6	386.6	14.0	8.7	477.0
9.7	27.6	597.7	14.0	10.5	477.0
0.0	29.0	594.4	14.0	10.4	477.0
0.0	28.8	562.7	14.0	9.6	477.0
0.0	29.2	507.4	14.0	10.5	477.0
3.5	28.7	418.8	14.0	10.2	477.0
22.0	25.9	392.8	14.0	9.2	477.0
0.8	25.5	268.2	14.0	8.8	477.0
0.5	25.4	422.9	13.9	9.3	477.0
1.2	25.3	276.2	13.9	8.2	477.0
3.2	24.9	106.6	13.9	5.1	477.0
15.5	26.4	516.0	13.9	9.4	477.0
6.7	27.1	522.8	13.9	11.0	477.0
0.8	28.4	533.5	13.9	11.6	477.0
4.3	28.0	484.3	13.9	10.6	477.0
5.2	28.3	525.7	13.8	11.2	477.0
0.0	28.7	590.9	13.8	11.0	477.0
9.8	28.0	554.5	13.8	10.8	477.0
17.9	27.9	460.5	13.8	9.7	477.0
25.1	27.2	341.3	13.8	8.8	477.0
9.1	28.0	553.2	13.7	10.6	477.0
6.0	27.7	592.3	13.7	10.7	477.0
0.8	28.3	527.3	13.7	10.6	477.0
10.0	28.3	562.3	13.7	10.6	477.0
5.3	28.7	580.9	13.7	10.8	477.0
5.2	28.5	573.8	13.6	10.9	477.0
8.7	27.7	465.7	13.6	10.0	477.0
18.2	26.9	319.6	13.6	8.5	474.9
16.8	26.3	325.5	13.6	9.3	474.9
15.7	25.6	303.3	13.6	9.0	474.9
9.4	25.3	492.6	13.5	9.6	474.9
0.6	25.5	480.0	13.5	9.6	474.9
0.4	25.9	549.3	13.5	9.9	474.9
0.0	26.2	591.3	13.5	10.1	474.9
0.4	26.9	551.3	13.4	8.8	474.9
1.4	25.5	83.7	13.4	5.7	474.9
2.0	25.0	174.1	13.4	6.5	474.9
4.9	23.8	48.3	13.4	5.1	474.9
2.9	23.1	35.1	13.3	4.2	474.9
3.0	23.2	71.1	13.3	3.7	474.9
1.3	23.4	62.0	13.3	3.7	474.9
0.3	25.1	313.2	13.3	8.9	474.9
0.0	26.7	583.6	13.2	11.0	474.9
0.0	27.2	562.8	13.2	10.6	474.9
0.0	28.3	489.3	13.2	12.3	474.9
1.6	28.1	563.3	13.2	12.2	474.9
0.9	27.8	279.9	13.1	9.9	474.9
0.4	25.6	87.5	13.1	5.8	474.9
0.2	26.7	210.6	13.1	7.6	474.9
14.6	26.1	386.3	13.0	9.4	474.9
19.2	25.5	386.5	13.0	7.8	474.9
20.8	24.7	391.7	13.0	8.5	474.9
10.8	25.0	479.7	13.0	8.4	474.9
11.6	25.2	533.2	12.9	9.3	474.9
0.0	25.8	531.5	12.9	9.7	474.9
0.1	25.8	543.4	12.9	9.1	474.9
0.0	27.2	542.5	12.9	10.4	474.9
0.0	27.7	539.8	12.8	10.4	474.9
0.0	27.1	538.3	12.8	10.3	475.5
0.3	28.3	523.5	12.8	10.1	475.5
0.3	29.0	465.3	12.7	9.9	475.5
27.0	25.1	322.4	12.7	8.4	475.5
1.6	24.7	367.8	12.7	7.7	475.5
0.0	21.9	497.4	12.6	9.5	475.5
0.0	22.0	534.0	12.6	9.5	475.5
0.0	23.8	437.6	12.6	9.0	475.5
0.0	25.2	482.9	12.6	9.4	475.5
0.0	24.3	191.3	12.5	7.0	475.5
0.0	24.3	324.9	12.5	8.4	475.5
0.0	24.9	493.6	12.5	10.3	475.5
0.0	24.7	510.8	12.4	10.2	475.5
0.0	25.1	455.0	12.4	10.1	475.5
0.0	26.5	500.2	12.4	10.1	475.5
0.0	25.8	506.9	12.4	10.3	475.5
0.0	24.8	518.1	12.3	10.4	475.5
0.0	24.7	507.1	12.3	10.3	475.5
0.8	24.8	490.5	12.3	9.1	475.5
1.1	24.7	71.2	12.2	5.3	475.5
0.3	24.6	110.1	12.2	6.0	475.5
0.0	22.0	196.6	12.2	6.5	475.5
0.0	21.9	377.4	12.1	6.8	475.5
1.1	23.7	178.7	12.1	6.6	475.5
14.3	24.9	126.8	12.1	6.7	475.5
24.5	25.0	350.1	12.0	7.1	475.5
16.6	23.1	319.0	12.0	6.5	475.5
0.4	21.9	227.4	12.0	6.9	475.5
0.0	23.9	443.4	12.0	7.3	475.5
14.1	25.1	372.4	11.9	7.5	475.5
0.0	25.6	389.4	11.9	7.5	476.4
2.8	25.4	343.8	11.9	7.5	476.4
21.5	16.8	143.6	11.8	9.3	476.4
0.0	9.3	383.4	11.8	4.7	476.4
0.0	12.7	465.7	11.8	5.4	476.4
0.0	14.2	438.3	11.7	6.7	476.4
0.0	14.3	442.0	11.7	5.5	476.4
0.0	15.2	347.3	11.7	6.6	476.4
0.0	16.0	450.9	11.7	7.2	476.4
0.0	16.6	449.1	11.6	7.2	476.4
0.0	19.0	413.5	11.6	7.1	476.4
0.2	21.8	364.1	11.6	7.1	476.4
0.0	22.3	237.6	11.5	6.9	476.4
0.4	22.3	213.5	11.5	5.9	476.4
0.6	22.3	217.6	11.5	5.3	476.4
0.2	22.6	124.6	11.5	5.9	476.4
0.2	23.4	388.2	11.4	7.1	476.4
3.6	19.1	130.2	11.4	5.4	476.4
7.5	12.7	17.0	11.4	3.6	476.4
0.3	13.5	144.3	11.3	4.0	476.4
0.2	15.0	385.8	11.3	6.2	476.4
0.0	14.2	355.3	11.3	6.1	476.4
0.0	15.1	398.0	11.2	6.4	476.4
0.0	16.2	397.4	11.2	6.1	476.4
0.0	14.9	386.8	11.2	5.7	476.4
0.0	15.7	376.8	11.2	5.6	476.4
0.0	14.0	387.7	11.1	5.8	476.4
0.0	13.3	390.2	11.1	5.8	476.4
0.0	16.1	376.1	11.1	6.5	476.4
0.0	15.3	373.0	11.1	6.5	476.4
0.0	11.9	386.6	11.0	4.0	476.4
0.0	10.0	371.6	11.0	5.0	478.2
0.0	8.8	384.6	11.0	4.9	478.2
0.0	12.5	372.2	10.9	5.6	478.2
2.8	15.1	161.5	10.9	4.7	478.2
2.8	12.6	37.5	10.9	2.0	478.2
0.8	12.7	64.4	10.9	3.8	478.2
0.0	16.1	324.4	10.8	5.5	478.2
0.1	17.7	335.7	10.8	5.7	478.2
2.7	17.2	169.9	10.8	5.3	478.2
3.8	9.7	29.3	10.8	3.8	478.2
0.0	7.8	344.1	10.7	3.9	478.2
0.0	8.5	348.9	10.7	4.3	478.2
0.0	11.7	322.0	10.7	5.0	478.2
0.0	13.5	144.3	10.7	3.8	478.2
6.3	13.7	54.4	10.7	2.2	478.2
26.1	16.1	143.5	10.6	3.6	478.2
10.5	15.4	9.3	10.6	1.5	478.2
8.7	10.5	9.4	10.6	4.2	478.2
0.0	3.6	36.0	10.6	2.2	478.2
8.1	1.7	81.7	10.5	1.8	478.2
20.6	1.5	45.3	10.5	1.5	478.2
0.2	3.5	231.7	10.5	3.0	478.2
0.1	5.1	298.3	10.5	3.5	478.2
0.0	3.5	310.5	10.5	3.1	478.2
0.0	2.1	317.8	10.4	2.8	478.2
0.0	3.6	279.9	10.4	2.9	478.2
0.0	6.7	302.5	10.4	3.5	478.2
0.2	8.8	261.5	10.4	4.3	478.2
0.1	11.4	279.8	10.4	5.0	478.2
0.3	11.9	275.5	10.4	4.9	478.2
0.0	7.0	304.2	10.3	3.5	480.6
0.1	7.3	269.9	10.3	4.0	480.6
0.1	10.7	283.3	10.3	4.6	480.6
0.1	14.6	236.3	10.3	4.9	480.6
4.1	16.5	110.7	10.3	3.9	480.6
33.7	11.7	13.9	10.3	3.7	480.6
40.2	6.6	22.4	10.3	2.7	480.6
2.7	-0.0	57.1	10.3	1.6	480.6
0.0	-0.8	195.3	10.2	2.1	480.6
0.1	1.9	295.0	10.2	2.9	480.6
0.1	3.7	249.7	10.2	3.5	480.6
0.1	6.6	257.3	10.2	3.8	480.6
0.6	8.7	166.5	10.2	3.4	480.6
0.7	10.9	147.1	10.2	3.7	480.6
0.4	10.1	118.2	10.2	3.6	480.6
0.1	9.3	203.3	10.2	2.9	480.6
0.2	12.4	239.1	10.2	3.4	480.6
41.9	17.0	35.9	10.2	3.0	480.6
0.5	10.8	56.3	10.2	4.2	480.6
0.3	8.5	156.8	10.2	2.6	480.6
1.1	4.9	41.3	10.2	1.9	480.6
0.5	2.8	84.7	10.2	1.3	480.6
0.1	1.6	227.5	10.2	2.4	480.6
0.4	2.2	156.8	10.2	2.6	480.6
2.1	6.2	141.9	10.2	2.8	480.6
0.7	4.6	72.9	10.2	2.4	480.6
0.4	2.4	98.8	10.2	1.7	480.6
0.5	4.8	178.9	10.2	3.2	480.6
0.5	6.6	120.5	10.2	3.0	480.6
0.7	6.2	108.8	10.2	2.4	480.6
2.7	3.8	41.6	10.2	1.7	480.6
0.6	-0.5	37.9	10.2	1.8	483.2
0.0	-0.7	302.9	10.2	1.9	483.2
0.0	-2.5	296.6	10.2	2.1	483.2
0.0	-0.7	295.9	10.2	2.7	483.2
0.1	1.9	288.3	10.3	3.5	483.2
0.3	3.3	259.1	10.3	3.1	483.2
0.2	5.5	181.8	10.3	2.7	483.2
1.3	7.6	63.5	10.3	2.4	483.2
0.7	6.9	102.9	10.3	2.4	483.2
0.4	9.7	140.8	10.3	3.1	483.2
4.0	11.6	208.2	10.3	5.0	483.2
0.0	0.3	291.8	10.3	2.8	483.2
0.0	-3.1	260.5	10.4	1.7	483.2
1.5	1.1	158.1	10.4	2.5	483.2
0.0	1.8	319.2	10.4	2.8	483.2
0.8	1.8	314.5	10.4	2.5	483.2
0.1	0.8	251.8	10.4	2.1	483.2
0.0	1.6	323.7	10.4	2.9	483.2
0.0	2.6	324.9	10.5	3.3	483.2
0.0	4.7	324.5	10.5	3.8	483.2
5.7	5.1	40.6	10.5	2.3	483.2
16.8	7.3	12.2	10.5	3.0	483.2
11.0	9.2	12.6	10.5	2.8	483.2
4.3	7.1	43.9	10.5	1.5	483.2
2.3	8.8	19.1	10.6	1.7	483.2
3.0	14.2	115.8	10.6	4.6	483.2
4.9	2.9	19.8	10.6	4.3	483.2
0.3	-0.7	167.7	10.6	2.1	483.2
0.2	0.9	339.8	10.7	3.1	483.2
0.0	3.2	299.0	10.7	3.7	483.2
0.0	4.1	348.7	10.7	3.2	483.2
0.1	3.6	122.8	10.7	2.3	484.6
0.1	7.6	265.7	10.8	4.1	484.6
5.6	13.1	97.6	10.8	4.5	484.6
1.1	1.1	92.0	10.8	3.7	484.6
0.0	-2.8	63.2	10.8	1.4	484.6
0.0	-1.7	375.6	10.9	2.7	484.6
1.4	2.8	256.0	10.9	3.2	484.6
5.5	3.9	91.7	10.9	2.2	484.6
0.8	6.6	195.4	10.9	4.2	484.6
5.1	13.5	244.9	11.0	5.7	484.6
7.7	8.1	28.6	11.0	5.1	484.6
11.3	4.1	42.2	11.0	1.7	484.6
8.5	3.9	99.6	11.0	2.0	484.6
0.7	3.5	98.5	11.1	2.2	484.6
0.2	5.2	306.3	11.1	3.6	484.6
0.1	6.7	397.7	11.1	4.7	484.6
0.0	8.9	374.5	11.2	5.5	484.6
10.1	10.7	366.4	11.2	4.9	484.6
5.2	8.5	34.5	11.2	2.5	484.6
1.7	5.6	59.9	11.2	2.8	484.6
1.5	7.1	114.5	11.3	3.1	484.6
8.3	8.0	83.4	11.3	2.9	484.6
0.1	9.6	232.5	11.3	4.4	484.6
6.3	12.1	134.0	11.4	4.2	484.6
0.6	13.3	105.1	11.4	4.0	484.6
0.7	12.9	124.3	11.4	3.7	484.6
4.0	6.9	51.7	11.4	5.3	484.6
63.2	0.3	36.9	11.5	1.5	484.6
17.7	-1.1	40.3	11.5	1.7	484.6
0.1	-4.5	371.7	11.5	2.4	485.3
0.0	-1.4	452.4	11.6	3.4	485.3
2.7	3.5	225.9	11.6	3.6	485.3
4.9	9.1	55.2	11.6	4.7	485.3
10.5	16.0	296.9	11.7	6.2	485.3
4.0	6.8	45.1	11.7	5.8	485.3
0.0	7.5	338.1	11.7	4.1	485.3
0.0	4.2	459.4	11.7	4.2	485.3
0.0	6.3	487.7	11.8	4.7	485.3
0.0	12.8	478.3	11.8	6.6	485.3
0.0	14.7	472.3	11.8	8.0	485.3
0.0	18.3	330.6	11.9	8.9	485.3
0.0	16.7	185.1	11.9	7.9	485.3
0.0	11.3	483.6	11.9	9.1	485.3
0.0	6.9	507.5	12.0	4.9	485.3
0.0	9.9	507.5	12.0	7.1	485.3
0.0	17.2	501.7	12.0	9.8	485.3
0.0	10.5	452.5	12.1	6.1	485.3
9.7	14.9	349.0	12.1	7.9	485.3
3.0	13.3	52.9	12.1	5.7	485.3
11.1	18.2	182.2	12.1	8.4	485.3
28.2	7.1	35.5	12.2	6.3	485.3
3.9	5.3	196.6	12.2	3.7	485.3
58.2	7.8	42.4	12.2	4.8	485.3
5.1	7.1	59.0	12.3	3.0	485.3
1.8	5.9	189.0	12.3	4.4	485.3
5.2	2.9	118.5	12.3	2.3	485.3
0.8	5.3	107.1	12.4	2.7	485.3
0.2	6.4	123.6	12.4	3.6	485.3
0.1	10.5	531.9	12.4	7.0	485.3
0.2	14.0	321.3	12.4	7.8	485.3
13.5	15.1	207.4	12.5	6.4	485.9
24.6	10.0	38.5	12.5	5.4	485.9
0.0	8.3	150.9	12.5	4.4	485.9
7.3	6.0	69.1	12.6	1.5	485.9
40.2	8.3	39.4	12.6	4.3	485.9
34.2	12.8	329.8	12.6	6.4	485.9
15.0	13.4	57.0	12.7	6.6	485.9
1.7	22.4	337.1	12.7	9.2	485.9
25.8	13.4	66.0	12.7	8.6	485.9
17.5	10.8	187.6	12.7	5.5	485.9
5.2	15.5	84.8	12.8	7.4	485.9
40.3	13.9	161.4	12.8	5.2	485.9
43.6	10.9	45.6	12.8	3.8	485.9
45.7	12.0	56.4	12.9	4.3	485.9
1.0	10.9	43.2	12.9	4.5	485.9
0.9	10.6	249.7	12.9	6.4	485.9
0.0	14.1	445.9	13.0	7.8	485.9
0.0	10.3	91.2	13.0	5.6	485.9
0.0	14.5	524.5	13.0	8.0	485.9
0.4	13.7	467.9	13.0	9.6	485.9
0.0	9.9	428.2	13.1	5.4	485.9
11.2	11.0	175.3	13.1	4.7	485.9
9.1	13.5	87.6	13.1	6.3	485.9
3.5	18.3	139.4	13.1	7.1	485.9
0.1	22.7	372.0	13.2	9.6	485.9
3.6	23.8	426.6	13.2	7.2	485.9
22.9	24.1	485.1	13.2	7.8	485.9
5.5	24.1	344.1	13.3	10.8	485.9
2.7	11.6	131.2	13.3	8.0	485.9
0.0	11.6	380.5	13.3	6.9	485.9
0.2	15.8	550.0	13.3	8.4	486.4
23.2	14.9	75.5	13.4	4.4	486.4
6.4	13.2	48.6	13.4	3.6	486.4
19.0	14.8	108.7	13.4	5.0	486.4
0.2	17.1	501.0	13.4	8.8	486.4
0.5	21.1	432.1	13.5	10.3	486.4
5.1	20.5	353.8	13.5	7.7	486.4
15.6	20.5	133.1	13.5	6.0	486.4
18.3	22.0	381.4	13.5	7.8	486.4
11.0	21.6	124.5	13.6	6.5	486.4
1.4	23.8	518.9	13.6	9.6	486.4
0.5	23.7	481.9	13.6	11.5	486.4
0.0	19.5	506.8	13.6	8.7	486.4
0.2	22.6	464.1	13.6	9.6	486.4
27.2	25.0	495.6	13.7	9.2	486.4
34.1	26.0	449.9	13.7	9.4	486.4
13.5	13.6	37.9	13.7	11.7	486.4
0.1	11.5	151.2	13.7	5.4	486.4
0.0	15.0	579.7	13.7	8.2	486.4
0.1	16.0	249.6	13.8	7.5	486.4
0.6	21.6	473.2	13.8	11.2	486.4
0.1	24.4	608.9	13.8	10.4	486.4
0.9	24.6	587.0	13.8	11.1	486.4
16.7	20.6	247.9	13.8	10.5	486.4
0.4	20.4	493.5	13.9	9.5	486.4
0.0	22.1	443.8	13.9	9.8	486.4
0.5	23.7	365.1	13.9	9.1	486.4
11.7	24.6	440.2	13.9	9.8	486.4
6.4	25.8	546.6	13.9	10.8	486.4
23.6	24.4	410.2	13.9	12.4	486.4
1.0	19.8	160.0	13.9	6.0	486.4
2.4	17.5	64.4	14.0	5.1	485.4
0.8	18.9	149.7	14.0	6.6	485.4
1.0	21.5	109.4	14.0	7.0	485.4
0.1	25.2	588.7	14.0	10.9	485.4
0.1	26.5	614.7	14.0	10.9	485.4
0.0	25.5	516.8	14.0	10.9	485.4
1.1	26.4	572.5	14.0	10.5	485.4
2.6	25.3	160.6	14.0	7.2	485.4
7.3	25.4	232.4	14.0	10.5	485.4
1.8	18.9	120.7	14.0	6.5	485.4
0.0	21.0	622.4	14.1	10.2	485.4
0.0	23.6	441.8	14.1	9.2	485.4
0.0	23.2	371.5	14.1	8.5	485.4
3.2	24.2	569.9	14.1	11.0	485.4
0.0	25.9	607.6	14.1	10.7	485.4
2.3	26.6	515.1	14.1	10.6	485.4
38.9	24.3	107.7	14.1	6.9	485.4
16.3	24.8	104.4	14.1	5.2	485.4
22.7	26.1	323.6	14.1	9.9	485.4
1.0	22.3	137.6	14.1	6.7	485.4
9.1	21.9	106.9	14.1	4.9	485.4
5.7	21.3	74.8	14.1	4.2	485.4
0.4	22.4	165.6	14.1	7.6	485.4
0.1	22.2	289.8	14.1	8.4	485.4
0.4	23.7	586.2	14.1	11.2	485.4
0.1	23.5	452.3	14.1	10.7	485.4
2.0	22.3	292.4	14.1	7.9	485.4
0.3	24.7	285.9	14.1	9.2	485.4
9.7	25.5	302.5	14.1	8.3	485.4
0.1	26.6	356.1	14.1	9.9	485.4
0.1	26.8	397.8	14.1	12.1	482.0
3.9	26.2	377.8	14.0	9.6	482.0
11.9	26.3	441.3	14.0	9.9	482.0
25.8	26.5	335.6	14.0	9.0	482.0
10.3	25.8	240.3	14.0	7.9	482.0
5.5	27.4	558.8	14.0	11.2	482.0
9.9	26.5	319.9	14.0	9.6	482.0
17.6	25.0	291.4	14.0	7.1	482.0
1.1	25.2	197.1	14.0	7.7	482.0
15.6	26.1	541.7	14.0	9.8	482.0
6.9	26.8	551.6	14.0	11.8	482.0
1.2	25.9	312.2	13.9	9.1	482.0
11.7	25.8	344.9	13.9	8.5	482.0
19.4	25.0	119.7	13.9	6.5	482.0
18.0	25.2	181.6	13.9	7.5	482.0
23.2	25.7	302.2	13.9	8.2	482.0
13.9	26.9	415.4	13.9	9.7	482.0
20.1	27.1	490.9	13.9	9.6	482.0
31.7	25.4	160.1	13.8	7.9	482.0
1.9	22.7	119.7	13.8	6.7	482.0
0.5	24.8	339.1	13.8	8.0	482.0
26.0	25.6	374.3	13.8	8.9	482.0
19.8	26.2	428.6	13.8	9.5	482.0
16.1	26.7	471.6	13.7	10.0	482.0
4.0	26.8	381.1	13.7	10.0	482.0
10.8	26.8	537.2	13.7	10.3	482.0
13.7	26.8	502.3	13.7	9.3	482.0
22.1	26.4	443.5	13.7	8.9	482.0
2.9	26.9	555.3	13.6	9.6	482.0
0.7	26.9	526.9	13.6	9.4	482.0
1.8	26.5	416.3	13.6	9.1	482.0
0.6	25.8	477.9	13.6	10.2	479.9
0.2	27.3	602.9	13.6	10.3	479.9
0.1	28.8	588.5	13.5	11.4	479.9
7.1	28.1	557.7	13.5	10.0	479.9
12.7	27.4	463.9	13.5	9.7	479.9
9.4	27.5	574.5	13.5	11.5	479.9
0.1	28.3	592.5	13.4	11.1	479.9
0.0	28.7	593.1	13.4	11.1	479.9
0.0	29.9	577.5	13.4	10.5	479.9
7.5	29.2	543.1	13.4	11.3	479.9
0.2	29.7	570.4	13.3	11.2	479.9
0.0	29.7	590.0	13.3	10.8	479.9
4.6	28.9	575.1	13.3	11.8	479.9
5.4	28.6	578.5	13.3	11.5	479.9
0.3	29.4	570.9	13.2	10.8	479.9
0.0	29.3	572.4	13.2	11.1	479.9
0.0	29.3	574.9	13.2	10.9	479.9
0.1	29.6	560.3	13.2	11.5	479.9
0.0	28.2	574.1	13.1	11.8	479.9
0.8	27.8	487.2	13.1	9.4	479.9
9.8	26.9	352.8	13.1	10.1	479.9
10.9	26.9	494.6	13.1	9.2	479.9
5.3	27.5	547.0	13.0	10.3	479.9
6.5	27.7	530.7	13.0	10.2	479.9
2.3	28.5	545.3	13.0	10.2	479.9
0.1	29.4	532.7	12.9	9.7	479.9
6.8	28.2	518.0	12.9	10.6	479.9
12.0	27.5	528.4	12.9	9.8	479.9
12.8	27.7	498.1	12.9	9.7	479.9
10.3	27.8	467.7	12.8	9.7	479.9
23.9	26.5	343.3	12.8	7.6	479.9
9.5	26.6	499.8	12.8	8.8	480.6
0.1	27.3	511.1	12.7	9.6	480.6
0.2	27.9	522.2	12.7	9.9	480.6
24.9	25.6	466.7	12.7	10.1	480.6
5.9	17.9	28.7	12.7	5.6	480.6
0.5	18.0	57.0	12.6	4.0	480.6
0.0	20.0	479.6	12.6	8.5	480.6
0.0	20.4	537.1	12.6	9.0	480.6
0.0	20.7	535.4	12.5	9.0	480.6
0.0	21.4	471.5	12.5	8.8	480.6
0.1	22.9	485.2	12.5	9.3	480.6
0.0	23.6	504.6	12.4	8.6	480.6
0.0	23.0	388.0	12.4	8.8	480.6
0.5	23.2	408.0	12.4	9.1	480.6
0.0	23.0	508.6	12.4	9.3	480.6
0.0	21.9	513.0	12.3	9.4	480.6
0.0	20.7	519.5	12.3	9.2	480.6
0.0	21.7	507.1	12.3	9.7	480.6
0.0	21.5	509.2	12.2	9.5	480.6
0.0	21.1	509.6	12.2	9.5	480.6
0.0	21.6	502.3	12.2	10.0	480.6
0.0	21.6	501.2	12.1	9.6	480.6
0.0	22.0	495.2	12.1	9.9	480.6
0.0	22.5	495.9	12.1	9.5	480.6
0.0	23.3	471.5	12.1	9.0	480.6
0.6	24.2	371.8	12.0	9.1	480.6
4.0	22.9	46.9	12.0	4.9	480.6
21.2	23.6	62.7	12.0	3.3	480.6
27.1	21.2	26.2	11.9	7.7	480.6
1.3	14.4	91.9	11.9	4.7	480.6
0.3	14.9	446.2	11.9	6.0	481.5
0.0	15.9	461.5	11.8	6.3	481.5
0.0	17.3	456.8	11.8	6.9	481.5
0.0	18.2	449.6	11.8	6.6	481.5
0.0	18.8	434.1	11.8	7.1	481.5
0.0	18.4	436.6	11.7	6.7	481.5
0.0	18.1	424.4	11.7	7.0	481.5
0.0	17.8	441.3	11.7	7.7	481.5
0.0	19.9	435.6	11.6	7.2	481.5
0.0	20.4	348.3	11.6	6.9	481.5
0.0	18.0	383.6	11.6	6.6	481.5
1.6	17.4	55.4	11.5	3.8	481.5
5.2	16.6	19.1	11.5	3.9	481.5
0.0	12.1	110.4	11.5	5.3	481.5
0.0	11.8	319.3	11.5	4.8	481.5
0.0	13.1	420.6	11.4	6.3	481.5
0.0	14.7	411.0	11.4	6.9	481.5
0.0	15.8	396.3	11.4	7.0	481.5
0.0	15.9	413.9	11.3	7.4	481.5
0.0	15.9	419.7	11.3	7.5	481.5
0.0	17.0	414.8	11.3	7.4	481.5
0.0	18.6	397.7	11.3	7.4	481.5
0.0	19.7	380.1	11.2	7.5	481.5
0.0	19.0	382.0	11.2	7.6	481.5
0.0	17.9	392.9	11.2	7.0	481.5
0.0	18.0	385.0	11.1	7.0	481.5
0.0	12.8	386.1	11.1	5.6	481.5
0.0	9.3	399.3	11.1	4.8	481.5
0.0	9.8	393.4	11.1	5.5	481.5
0.0	12.2	384.9	11.0	6.1	481.5
0.0	13.8	374.8	11.0	6.8	481.5
0.0	14.4	383.1	11.0	7.0	483.3
0.0	14.4	384.3	11.0	7.0	483.3
0.0	14.9	378.5	10.9	6.7	483.3
0.0	11.1	375.1	10.9	5.1	483.3
0.0	8.0	365.9	10.9	4.0	483.3
0.0	10.3	362.5	10.8	4.6	483.3
0.0	9.0	367.4	10.8	4.5	483.3
0.0	6.6	368.2	10.8	4.3	483.3
0.0	8.2	365.3	10.8	4.8	483.3
0.0	11.0	348.4	10.7	5.1	483.3
0.0	13.0	342.4	10.7	5.3	483.3
0.0	16.1	328.5	10.7	5.9	483.3
0.2	16.9	124.8	10.7	4.8	483.3
0.0	18.4	283.6	10.7	5.6	483.3
0.1	18.5	166.1	10.6	5.4	483.3
0.1	17.1	209.4	10.6	3.6	483.3
0.3	19.2	225.3	10.6	5.2	483.3
1.0	17.8	66.2	10.6	4.5	483.3
0.0	15.6	276.6	10.5	5.0	483.3
0.0	14.7	199.8	10.5	3.9	483.3
0.0	16.4	120.3	10.5	3.9	483.3
0.4	20.4	290.4	10.5	5.8	483.3
0.7	19.6	105.1	10.5	4.4	483.3
15.3	10.2	30.8	10.5	5.4	483.3
0.4	0.9	88.9	10.4	1.9	483.3
0.0	2.8	325.1	10.4	3.0	483.3
0.0	6.8	318.4	10.4	4.5	483.3
0.1	8.7	306.8	10.4	4.1	483.3
0.1	8.9	293.0	10.4	3.9	483.3
0.1	10.6	262.1	10.4	4.0	483.3
1.2	7.8	58.6	10.3	3.3	485.7
0.0	0.5	242.7	10.3	2.3	485.7
0.0	-1.3	311.9	10.3	1.9	485.7
0.0	-0.7	308.1	10.3	2.3	485.7
0.0	0.5	310.3	10.3	2.8	485.7
0.0	3.0	308.9	10.3	3.5	485.7
0.0	5.9	307.3	10.3	4.1	485.7
0.0	5.5	300.1	10.3	3.5	485.7
0.0	5.8	295.8	10.2	3.9	485.7
0.0	3.4	297.9	10.2	3.3	485.7
0.0	2.2	294.5	10.2	2.9	485.7
0.0	5.4	295.8	10.2	4.0	485.7
0.0	1.3	292.5	10.2	3.1	485.7
0.0	1.4	307.4	10.2	3.2	485.7
0.0	5.1	284.8	10.2	4.1	485.7
0.0	7.2	130.8	10.2	3.8	485.7
0.0	9.4	286.6	10.2	4.9	485.7
0.0	12.0	273.3	10.2	5.2	485.7
1.6	15.0	210.1	10.2	4.9	485.7
3.1	1.5	51.8	10.2	3.6	485.7
0.0	0.8	294.6	10.2	2.2	485.7
0.0	4.1	286.4	10.2	3.5	485.7
0.0	5.8	256.0	10.2	3.3	485.7
0.0	7.3	263.7	10.2	4.2	485.7
11.3	5.4	234.8	10.2	2.9	485.7
2.8	2.1	52.7	10.2	1.7	485.7
0.0	-2.1	288.0	10.2	2.0	485.7
0.0	-4.1	169.6	10.2	1.4	485.7
0.0	-0.4	143.1	10.2	1.9	485.7
19.8	-0.3	72.7	10.2	1.8	485.7
0.2	-2.7	174.3	10.2	1.6	485.7
0.1	-0.5	294.1	10.2	2.7	488.3
0.1	1.9	254.4	10.2	3.0	488.3
0.1	4.7	274.3	10.2	3.5	488.3
0.1	3.4	258.1	10.2	3.3	488.3
0.0	3.6	305.6	10.3	3.4	488.3
0.0	7.9	284.3	10.3	4.5	488.3
1.0	11.2	135.2	10.3	3.8	488.3
0.5	6.6	85.5	10.3	3.6	488.3
0.0	2.0	130.4	10.3	2.6	488.3
0.0	0.9	315.6	10.3	2.4	488.3
0.0	4.8	308.7	10.3	3.3	488.3
0.0	6.3	228.9	10.3	2.9	488.3
0.0	7.2	317.3	10.4	3.3	488.3
0.0	10.5	314.8	10.4	5.0	488.3
0.0	6.8	318.6	10.4	4.2	488.3
0.0	6.8	325.2	10.4	4.2	488.3
0.0	4.9	250.6	10.4	5.3	488.3
0.0	-2.7	339.6	10.4	2.1	488.3
0.0	2.0	335.5	10.5	3.7	488.3
0.0	6.0	328.2	10.5	4.6	488.3
0.0	2.8	210.4	10.5	3.0	488.3
0.0	1.6	337.2	10.5	3.0	488.3
0.0	3.3	339.5	10.5	3.8	488.3
0.0	6.3	337.8	10.6	4.6	488.3
0.0	8.5	268.0	10.6	4.4	488.3
0.0	7.7	331.4	10.6	4.4	488.3
0.4	7.5	248.2	10.6	3.6	488.3
7.8	6.1	30.7	10.7	2.8	488.3
1.5	3.0	64.0	10.7	1.5	488.3
2.0	1.5	68.9	10.7	2.5	488.3
0.1	-3.8	316.1	10.7	1.9	488.3
0.0	-2.6	370.8	10.7	2.4	489.7
0.0	0.5	372.5	10.8	3.3	489.7
0.0	6.4	362.3	10.8	5.0	489.7
0.0	6.7	363.7	10.8	5.0	489.7
0.0	4.4	384.4	10.8	3.9	489.7
0.0	11.7	371.7	10.9	6.6	489.7
2.6	15.0	356.8	10.9	7.1	489.7
4.8	3.1	17.8	10.9	3.2	489.7
4.9	6.6	69.9	11.0	3.3	489.7
3.2	0.6	16.3	11.0	2.7	489.7
0.0	-1.4	106.9	11.0	1.8	489.7
4.4	2.9	285.2	11.0	3.0	489.7
0.4	2.3	63.8	11.1	1.9	489.7
0.0	2.9	155.9	11.1	2.5	489.7
17.9	5.8	268.3	11.1	3.5	489.7
50.9	7.1	17.8	11.1	2.3	489.7
11.8	7.3	19.9	11.2	2.2	489.7
1.7	6.4	86.9	11.2	3.0	489.7
0.4	7.0	204.1	11.2	3.5	489.7
0.1	6.5	281.9	11.3	4.7	489.7
2.8	3.5	130.6	11.3	2.4	489.7
0.5	5.2	249.2	11.3	4.0	489.7
0.1	9.3	277.2	11.3	5.1	489.7
7.4	10.0	62.9	11.4	3.4	489.7
6.6	11.1	32.5	11.4	3.7	489.7
2.3	14.3	166.8	11.4	5.5	489.7
23.9	11.9	26.3	11.5	5.2	489.7
10.3	6.6	28.6	11.5	2.4	489.7
9.4	7.1	73.1	11.5	2.5	490.4
25.5	6.1	32.7	11.6	3.7	490.4
0.5	3.2	123.5	11.6	3.1	490.4
0.0	4.3	459.5	11.6	3.6	490.4
0.2	7.2	386.8	11.6	5.2	490.4
4.1	12.5	359.2	11.7	6.6	490.4
2.9	8.4	24.4	11.7	3.8	490.4
2.8	9.2	185.1	11.7	4.7	490.4
7.6	7.9	75.4	11.8	4.0	490.4
0.2	8.6	399.5	11.8	5.7	490.4
0.1	12.7	410.2	11.8	7.5	490.4
0.0	16.6	447.2	11.9	8.2	490.4
0.0	18.6	413.5	11.9	8.4	490.4
7.0	21.1	441.6	11.9	8.8	490.4
3.3	7.9	79.0	12.0	7.8	490.4
2.3	5.1	334.9	12.0	3.8	490.4
2.9	3.8	69.5	12.0	2.2	490.4
0.1	2.8	250.6	12.0	3.6	490.4
0.0	7.3	435.6	12.1	6.0	490.4
0.0	10.8	484.2	12.1	7.5	490.4
29.6	5.7	54.4	12.1	4.0	490.4
8.8	3.5	80.2	12.2	2.3	490.4
0.1	5.1	497.1	12.2	4.9	490.4
0.0	8.1	481.5	12.2	5.7	490.4
0.0	12.8	511.1	12.3	7.7	490.4
20.2	14.9	180.8	12.3	5.9	490.4
37.9	15.6	74.6	12.3	8.6	490.4
29.5	1.8	23.9	12.4	2.7	490.4
5.9	1.6	85.7	12.4	2.3	490.4
0.1	6.7	431.9	12.4	5.3	490.4
0.0	9.0	551.2	12.4	6.6	490.4
0.0	12.1	536.6	12.5	8.0	491.0
0.0	14.6	530.5	12.5	9.0	491.0
0.0	16.9	532.3	12.5	9.5	491.0
1.0	20.5	523.8	12.6	10.2	491.0
0.1	17.9	515.2	12.6	10.9	491.0
0.0	17.0	573.0	12.6	9.3	491.0
0.0	21.7	524.0	12.7	11.3	491.0
0.0	23.4	373.1	12.7	10.9	491.0
0.0	24.9	325.5	12.7	9.8	491.0
0.0	24.6	309.1	12.7	10.4	491.0
0.0	25.3	530.5	12.8	10.7	491.0
0.0	27.0	469.6	12.8	10.7	491.0
23.3	21.0	191.5	12.8	11.9	491.0
27.3	12.1	63.5	12.9	3.0	491.0
27.0	10.2	42.7	12.9	3.8	491.0
35.5	12.4	267.1	12.9	6.1	491.0
18.9	14.6	85.0	12.9	5.3	491.0
14.6	13.4	48.9	13.0	6.1	491.0
1.1	11.8	130.8	13.0	3.4	491.0
0.3	12.4	568.8	13.0	7.8	491.0
0.0	15.2	536.5	13.1	8.4	491.0
0.3	17.5	564.8	13.1	8.8	491.0
21.3	19.8	434.8	13.1	9.3	491.0
10.0	20.7	111.8	13.1	6.3	491.0
25.9	20.6	254.8	13.2	7.6	491.0
6.5	20.5	123.3	13.2	5.8	491.0
15.6	21.0	235.2	13.2	7.6	491.0
50.9	20.0	100.6	13.2	10.3	491.0
7.1	12.3	66.8	13.3	3.3	491.0
13.3	12.9	32.6	13.3	3.8	491.0
2.3	13.0	106.1	13.3	4.7	491.6
0.1	14.6	465.4	13.4	7.6	491.6
0.1	20.1	563.1	13.4	9.8	491.6
0.0	24.3	450.2	13.4	11.0	491.6
6.4	25.6	513.2	13.4	9.9	491.6
10.8	25.3	487.6	13.5	11.0	491.6
9.1	26.2	556.5	13.5	10.7	491.6
2.6	26.5	426.1	13.5	8.8	491.6
34.4	21.4	167.2	13.5	9.9	491.6
7.4	16.3	275.8	13.5	7.6	491.6
6.2	16.8	95.5	13.6	6.5	491.6
1.2	15.1	134.0	13.6	6.3	491.6
0.0	18.3	632.2	13.6	9.1	491.6
0.0	19.5	452.2	13.6	9.7	491.6
0.0	20.6	380.8	13.7	8.6	491.6
6.5	21.8	219.3	13.7	8.1	491.6
2.1	22.9	613.5	13.7	11.0	491.6
0.0	18.0	654.1	13.7	10.1	491.6
0.0	18.6	649.7	13.7	10.6	491.6
0.0	20.1	393.7	13.8	9.1	491.6
0.1	22.3	635.3	13.8	11.5	491.6
0.2	22.7	598.2	13.8	11.5	491.6
0.0	21.7	421.1	13.8	10.5	491.6
0.0	23.5	539.4	13.8	10.8	491.6
0.6	24.4	525.9	13.8	10.4	491.6
0.3	26.2	577.1	13.9	11.1	491.6
17.1	23.8	392.8	13.9	8.3	491.6
6.9	23.4	309.3	13.9	8.0	491.6
12.1	23.9	324.9	13.9	8.5	491.6
14.1	24.8	560.2	13.9	10.3	491.6
13.9	25.4	462.4	13.9	9.8	491.6
32.3	25.5	465.6	13.9	9.7	490.5
15.6	24.4	236.4	14.0	7.4	490.5
0.1	24.6	396.2	14.0	9.7	490.5
0.1	25.3	607.6	14.0	11.4	490.5
0.0	26.0	554.7	14.0	10.7	490.5
0.0	26.3	574.2	14.0	11.4	490.5
0.0	25.3	373.1	14.0	10.5	490.5
13.4	24.9	190.5	14.0	8.2	490.5
2.6	21.3	155.8	14.0	7.4	490.5
0.0	23.9	600.4	14.0	10.0	490.5
2.8	22.8	484.6	14.0	11.5	490.5
0.0	18.1	560.9	14.1	9.2	490.5
0.0	18.3	644.0	14.1	8.6	490.5
0.0	19.5	321.3	14.1	7.1	490.5
0.1	23.0	656.6	14.1	11.4	490.5
8.8	25.8	594.1	14.1	11.2	490.5
33.0	22.1	66.2	14.1	4.1	490.5
21.4	22.5	44.2	14.1	4.1	490.5
23.4	24.5	289.9	14.1	8.0	490.5
24.0	24.1	176.7	14.1	7.0	490.5
5.4	24.8	335.5	14.1	9.2	490.5
0.2	24.5	322.7	14.1	9.1	490.5
16.6	23.9	140.9	14.1	6.1	490.5
21.5	23.4	73.7	14.1	3.3	490.5
8.0	23.7	61.4	14.1	4.6	490.5
1.0	22.9	181.7	14.1	7.6	490.5
0.5	25.2	536.1	14.1	10.1	490.5
0.1	26.3	455.6	14.1	10.9	490.5
0.1	27.5	608.7	14.1	10.6	490.5
7.7	28.0	579.7	14.1	9.6	490.5
19.0	27.5	542.7	14.1	9.1	487.1
27.2	27.4	493.7	14.0	8.3	487.1
37.0	26.5	276.5	14.0	7.7	487.1
30.5	25.6	228.3	14.0	8.1	487.1
0.0	28.0	598.9	14.0	11.3	487.1
0.0	28.3	522.6	14.0	10.7	487.1
0.0	25.4	277.1	14.0	7.5	487.1
10.7	26.5	478.4	14.0	10.4	487.1
0.0	27.5	476.4	14.0	10.8	487.1
4.6	28.1	582.9	14.0	12.2	487.1
0.0	28.8	629.5	14.0	11.3	487.1
0.0	29.2	631.5	13.9	11.5	487.1
1.8	29.0	627.6	13.9	12.1	487.1
0.1	30.0	618.5	13.9	11.9	487.1
0.0	30.6	614.0	13.9	11.4	487.1
0.0	30.4	525.9	13.9	10.9	487.1
0.0	30.3	454.0	13.9	10.1	487.1
0.0	30.3	409.7	13.9	8.8	487.1
0.0	30.0	336.5	13.8	8.1	487.1
0.2	29.9	523.7	13.8	11.5	487.1
3.6	29.8	614.4	13.8	12.8	487.1
2.3	30.1	598.0	13.8	13.3	487.1
8.4	29.6	571.3	13.8	12.4	487.1
9.7	29.1	575.4	13.8	12.0	487.1
9.6	28.1	429.5	13.7	9.7	487.1
13.7	27.3	519.3	13.7	9.7	487.1
13.3	27.2	451.2	13.7	9.6	487.1
15.2	27.0	376.3	13.7	9.1	487.1
9.3	27.4	493.8	13.7	10.3	487.1
1.1	27.8	555.4	13.6	10.0	487.1
8.6	27.5	530.3	13.6	10.3	487.1
4.2	27.4	432.3	13.6	9.7	485.1
8.7	27.6	473.3	13.6	10.4	485.1
18.0	26.5	319.7	13.5	8.7	485.1
17.0	24.5	104.2	13.5	6.0	485.1
0.5	23.7	113.3	13.5	5.3	485.1
0.6	24.6	366.2	13.5	8.2	485.1
2.4	25.1	265.1	13.5	7.1	485.1
0.8	25.3	116.2	13.4	5.4	485.1
1.2	26.9	440.0	13.4	8.8	485.1
15.7	26.8	530.8	13.4	9.6	485.1
5.8	27.2	529.2	13.4	9.6	485.1
0.2	27.8	534.1	13.3	10.0	485.1
0.2	28.3	517.7	13.3	10.0	485.1
4.1	28.1	554.0	13.3	10.4	485.1
0.3	29.0	512.3	13.2	9.8	485.1
6.7	28.5	516.9	13.2	10.7	485.1
12.0	27.3	512.3	13.2	10.0	485.1
7.9	27.3	436.7	13.2	9.1	485.1
14.8	27.1	375.2	13.1	8.3	485.1
16.3	26.9	359.6	13.1	9.1	485.1
7.4	27.3	530.1	13.1	10.7	485.1
0.1	27.7	501.6	13.1	10.2	485.1
8.3	26.8	529.5	13.0	10.0	485.1
0.9	26.3	458.3	13.0	7.9	485.1
0.4	26.4	530.9	13.0	9.6	485.1
0.6	25.5	534.5	13.0	7.3	485.1
2.7	25.6	88.0	12.9	6.1	485.1
1.1	27.8	396.9	12.9	9.0	485.1
0.5	28.4	398.0	12.9	8.3	485.1
11.6	26.8	408.7	12.8	10.7	485.1
9.0	25.7	527.7	12.8	9.4	485.1
6.2	25.7	531.4	12.8	9.1	485.8
9.0	25.8	496.0	12.8	8.6	485.8
13.1	25.2	455.7	12.7	8.8	485.8
3.1	25.5	449.2	12.7	8.7	485.8
0.4	26.1	493.5	12.7	8.4	485.8
9.3	25.9	418.1	12.6	8.8	485.8
4.7	25.8	440.4	12.6	9.1	485.8
0.3	26.2	478.5	12.6	9.0	485.8
5.0	26.3	463.9	12.5	9.6	485.8
5.8	26.0	472.5	12.5	8.6	485.8
10.4	25.6	417.6	12.5	9.0	485.8
2.2	22.5	32.9	12.5	3.8	485.8
2.5	21.8	94.0	12.4	6.3	485.8
0.0	20.3	446.1	12.4	7.7	485.8
0.0	20.2	465.5	12.4	7.0	485.8
0.0	21.2	514.6	12.3	8.0	485.8
0.0	22.1	505.4	12.3	9.1	485.8
0.0	23.3	441.1	12.3	8.9	485.8
0.0	22.5	289.9	12.2	7.4	485.8
0.0	23.2	489.3	12.2	8.0	485.8
0.0	21.0	508.5	12.2	7.9	485.8
0.0	20.9	509.0	12.2	9.4	485.8
0.0	21.2	499.7	12.1	9.8	485.8
0.0	23.2	475.4	12.1	10.0	485.8
0.0	23.3	384.1	12.1	10.2	485.8
0.0	23.4	481.1	12.0	9.5	485.8
0.0	23.3	477.6	12.0	9.4	485.8
0.0	22.6	482.3	12.0	10.0	485.8
0.0	21.8	482.0	11.9	9.7	485.8
0.0	22.3	475.6	11.9	9.3	485.8
0.0	24.3	455.8	11.9	9.3	486.7
3.8	23.6	151.7	11.9	7.1	486.7
12.1	24.3	391.3	11.8	8.0	486.7
8.4	23.8	353.1	11.8	7.6	486.7
0.0	25.4	429.1	11.8	8.1	486.7
0.1	26.3	424.6	11.7	8.4	486.7
0.0	26.8	419.3	11.7	8.4	486.7
0.2	26.4	347.7	11.7	7.3	486.7
3.1	23.1	250.7	11.6	8.2	486.7
7.4	14.4	28.8	11.6	5.3	486.7
0.0	12.6	293.4	11.6	4.6	486.7
0.0	14.3	402.7	11.6	5.4	486.7
0.0	14.1	178.5	11.5	5.4	486.7
0.0	16.0	428.2	11.5	7.0	486.7
0.0	17.8	418.8	11.5	6.7	486.7
0.0	19.5	349.0	11.4	7.0	486.7
0.0	20.9	401.2	11.4	7.3	486.7
0.0	22.0	394.7	11.4	7.6	486.7
0.1	23.0	370.0	11.3	7.1	486.7
0.1	20.7	127.5	11.3	5.1	486.7
0.2	21.2	317.8	11.3	6.6	486.7
0.2	17.3	243.8	11.3	5.8	486.7
0.0	15.0	253.5	11.2	5.6	486.7
0.0	16.0	384.9	11.2	6.2	486.7
1.9	16.4	88.0	11.2	4.2	486.7
1.5	10.1	72.5	11.1	4.6	486.7
0.0	7.7	397.1	11.1	4.0	486.7
0.0	7.2	398.4	11.1	4.4	486.7
0.0	9.2	390.3	11.1	5.2	486.7
0.0	9.9	226.1	11.0	5.3	486.7
0.0	11.0	286.3	11.0	5.5	486.7
0.0	12.6	332.8	11.0	5.6	488.5
0.0	12.2	371.6	11.0	5.3	488.5
0.0	12.0	279.5	10.9	5.5	488.5
0.0	14.2	368.3	10.9	6.0	488.5
0.0	12.8	361.2	10.9	5.4	488.5
0.0	12.7	365.6	10.9	5.7	488.5
0.0	14.7	332.7	10.8	6.0	488.5
0.0	16.5	250.9	10.8	5.3	488.5
0.0	16.2	137.6	10.8	3.9	488.5
0.0	16.6	285.6	10.8	5.8	488.5
1.0	17.3	326.3	10.7	5.4	488.5
2.6	12.1	59.3	10.7	4.3	488.5
0.0	5.1	351.7	10.7	3.2	488.5
0.0	5.8	347.6	10.7	3.7	488.5
0.0	10.9	295.6	10.6	4.8	488.5
0.2	11.8	80.1	10.6	4.0	488.5
0.0	14.1	312.4	10.6	5.4	488.5
0.0	16.4	269.8	10.6	5.6	488.5
0.0	14.0	118.7	10.6	3.3	488.5
0.1	15.1	109.6	10.5	3.6	488.5
0.1	16.1	232.6	10.5	5.0	488.5
0.9	6.9	62.3	10.5	4.6	488.5
0.0	6.6	317.5	10.5	3.3	488.5
0.0	9.7	246.4	10.5	3.5	488.5
0.0	9.8	60.1	10.4	2.1	488.5
7.0	12.5	283.1	10.4	4.0	488.5
19.1	9.0	17.9	10.4	1.8	488.5
1.2	9.8	120.5	10.4	2.5	488.5
10.9	10.9	38.6	10.4	2.0	488.5
3.8	9.8	75.0	10.4	2.0	488.5
5.8	11.0	121.8	10.3	2.3	491.0
0.7	4.8	65.1	10.3	3.3	491.0
0.0	1.3	269.2	10.3	2.1	491.0
0.0	1.7	165.2	10.3	2.1	491.0
0.0	5.9	281.8	10.3	3.4	491.0
0.1	6.0	100.5	10.3	2.8	491.0
0.1	7.6	237.4	10.3	3.7	491.0
0.4	10.1	126.5	10.3	3.1	491.0
1.9	12.4	78.7	10.2	2.9	491.0
24.3	12.9	26.0	10.2	3.2	491.0
0.2	4.9	91.0	10.2	2.9	491.0
0.0	0.6	297.3	10.2	2.4	491.0
0.0	2.0	289.1	10.2	2.4	491.0
0.0	5.0	195.8	10.2	2.8	491.0
0.2	7.2	249.3	10.2	4.0	491.0
0.4	9.7	202.1	10.2	4.3	491.0
2.8	11.0	52.3	10.2	2.6	491.0
0.9	6.5	25.8	10.2	2.8	491.0
0.1	5.5	288.1	10.2	3.3	491.0
0.1	7.2	224.9	10.2	3.7	491.0
1.1	11.9	77.1	10.2	3.4	491.0
13.5	11.3	126.2	10.2	5.0	491.0
0.6	3.3	141.2	10.2	2.1	491.0
0.5	-0.8	132.8	10.2	1.7	491.0
0.0	-0.3	273.2	10.2	2.1	491.0
0.2	4.7	279.1	10.2	3.2	491.0
0.0	1.8	293.8	10.2	2.4	491.0
0.0	2.3	138.8	10.2	2.4	491.0
11.9	8.9	280.7	10.2	4.2	491.0
2.8	6.9	45.2	10.2	2.4	491.0
0.7	5.0	102.7	10.2	1.8	491.0
17.8	5.2	21.6	10.2	2.0	493.6
1.4	1.1	61.4	10.2	1.1	493.6
3.3	0.8	32.4	10.2	1.5	493.6
0.2	-0.1	176.2	10.2	2.2	493.6
0.1	1.7	160.8	10.3	2.2	493.6
7.8	8.2	71.8	10.3	3.0	493.6
24.4	8.3	22.1	10.3	3.3	493.6
0.0	3.4	163.1	10.3	2.6	493.6
0.3	1.5	227.3	10.3	2.9	493.6
0.1	1.2	65.3	10.3	1.9	493.6
0.0	1.5	298.1	10.3	2.7	493.6
0.1	2.8	282.6	10.3	3.5	493.6
0.1	6.0	281.1	10.4	3.9	493.6
12.6	8.6	156.3	10.4	3.9	493.6
0.2	2.1	183.0	10.4	2.8	493.6
0.2	2.6	274.7	10.4	3.4	493.6
0.1	4.1	281.2	10.4	3.5	493.6
0.0	0.0	331.7	10.4	2.1	493.6
0.0	3.5	320.3	10.5	3.5	493.6
0.1	6.8	311.8	10.5	4.5	493.6
0.0	2.3	143.2	10.5	2.7	493.6
0.0	3.7	239.0	10.5	3.3	493.6
0.0	8.8	237.1	10.5	4.2	493.6
0.0	4.2	335.9	10.6	3.5	493.6
0.0	1.4	349.3	10.6	3.2	493.6
0.0	4.2	349.5	10.6	4.2	493.6
0.0	7.5	343.0	10.6	5.0	493.6
0.0	8.6	346.4	10.6	4.9	493.6
4.3	13.8	308.1	10.7	5.9	493.6
0.2	4.8	188.5	10.7	3.8	493.6
4.4	5.0	216.0	10.7	2.9	493.6
3.1	3.2	72.1	10.7	2.4	495.0
0.6	3.6	202.9	10.8	3.6	495.0
0.0	6.3	323.9	10.8	4.4	495.0
22.0	6.6	57.9	10.8	2.3	495.0
0.6	3.3	115.1	10.8	2.7	495.0
0.0	4.4	373.8	10.9	3.3	495.0
0.0	5.7	369.8	10.9	4.4	495.0
0.0	8.8	261.6	10.9	4.8	495.0
0.2	10.6	312.1	10.9	4.9	495.0
0.6	8.8	123.1	11.0	3.2	495.0
0.0	10.0	361.5	11.0	5.3	495.0
18.7	6.9	366.1	11.0	5.8	495.0
1.0	-0.6	165.4	11.1	2.6	495.0
0.4	1.1	398.5	11.1	3.1	495.0
5.4	1.3	48.9	11.1	2.5	495.0
0.0	-2.7	291.0	11.1	2.0	495.0
0.0	0.5	420.3	11.2	3.4	495.0
0.0	3.0	425.4	11.2	4.4	495.0
0.0	7.5	421.6	11.2	5.9	495.0
0.0	14.3	398.7	11.3	7.4	495.0
0.2	16.1	208.4	11.3	6.3	495.0
0.1	18.1	263.0	11.3	6.9	495.0
7.4	16.4	276.6	11.3	8.4	495.0
6.5	9.8	405.0	11.4	4.6	495.0
24.2	7.8	37.0	11.4	1.9	495.0
0.5	8.5	150.4	11.4	4.0	495.0
28.5	7.9	149.8	11.5	3.8	495.0
55.4	8.2	26.4	11.5	3.9	495.0
19.4	14.2	80.7	11.5	6.4	495.7
13.7	10.4	241.4	11.5	4.1	495.7
23.5	13.6	46.3	11.6	5.4	495.7
0.4	9.9	290.3	11.6	5.2	495.7
0.0	16.5	402.5	11.6	7.9	495.7
0.0	21.0	389.4	11.7	6.7	495.7
9.2	14.2	164.4	11.7	8.9	495.7
28.8	6.2	37.1	11.7	2.2	495.7
5.1	7.5	36.1	11.8	2.8	495.7
8.3	8.4	36.0	11.8	3.6	495.7
0.1	7.7	204.5	11.8	3.5	495.7
0.0	4.4	334.3	11.9	4.3	495.7
0.0	7.6	438.2	11.9	5.2	495.7
5.8	8.9	120.6	11.9	4.0	495.7
9.9	13.3	157.1	11.9	5.1	495.7
19.4	14.0	55.6	12.0	5.7	495.7
5.7	11.9	130.3	12.0	5.4	495.7
0.0	10.4	393.8	12.0	4.7	495.7
18.9	13.0	315.1	12.1	5.4	495.7
0.5	11.5	217.3	12.1	6.8	495.7
0.0	6.2	515.5	12.1	5.5	495.7
0.0	8.0	516.1	12.2	5.5	495.7
0.0	11.5	485.0	12.2	6.8	495.7
0.0	16.1	392.8	12.2	7.4	495.7
0.0	23.1	498.9	12.3	8.8	495.7
0.0	26.3	498.3	12.3	9.1	495.7
3.3	17.4	311.9	12.3	13.1	495.7
0.0	17.0	538.0	12.3	8.2	495.7
1.0	25.4	494.4	12.4	11.6	495.7
12.4	10.9	74.3	12.4	10.3	495.7
0.0	3.9	297.6	12.4	3.7	495.7
0.0	4.7	407.6	12.5	4.7	496.3
5.3	10.3	506.3	12.5	5.9	496.3
37.0	12.8	31.2	12.5	4.3	496.3
8.6	9.2	62.0	12.6	5.5	496.3
7.3	6.9	46.0	12.6	2.7	496.3
0.9	9.8	211.8	12.6	5.2	496.3
2.4	13.7	458.5	12.6	6.9	496.3
13.1	14.6	133.8	12.7	8.5	496.3
0.1	11.9	303.4	12.7	6.7	496.3
0.0	15.1	473.6	12.7	7.7	496.3
4.9	14.0	101.9	12.8	5.1	496.3
0.0	13.9	568.9	12.8	8.0	496.3
5.0	14.5	169.1	12.8	6.9	496.3
0.6	15.9	390.4	12.9	7.8	496.3
17.3	18.1	69.8	12.9	6.9	496.3
7.3	22.3	249.0	12.9	7.4	496.3
39.7	22.6	422.7	12.9	12.3	496.3
5.9	8.1	74.1	13.0	4.8	496.3
47.9	9.3	45.6	13.0	4.5	496.3
30.6	10.8	54.8	13.0	3.0	496.3
40.3	13.1	51.9	13.1	5.3	496.3
0.6	12.6	275.8	13.1	6.8	496.3
5.0	13.3	182.5	13.1	6.8	496.3
1.7	11.4	34.7	13.1	2.6	496.3
8.2	14.0	145.4	13.2	4.5	496.3
22.0	18.0	88.1	13.2	6.4	496.3
29.3	20.4	115.7	13.2	6.6	496.3
2.2	17.6	61.8	13.2	3.8	496.3
15.2	19.1	117.8	13.3	8.7	496.3
1.4	15.0	243.0	13.3	5.8	496.3
24.2	18.4	269.2	13.3	7.8	496.8
7.1	18.1	99.5	13.3	6.5	496.8
11.7	19.7	333.2	13.4	8.3	496.8
5.3	15.9	115.1	13.4	6.2	496.8
20.7	17.3	321.2	13.4	8.5	496.8
42.8	20.0	89.3	13.4	9.3	496.8
21.8	12.6	61.7	13.5	5.2	496.8
16.9	11.4	44.2	13.5	3.4	496.8
21.5	10.9	42.2	13.5	3.9	496.8
0.8	8.6	98.7	13.5	4.7	496.8
0.0	13.5	624.8	13.6	9.1	496.8
11.7	17.4	516.9	13.6	9.6	496.8
1.4	15.1	110.4	13.6	6.0	496.8
0.1	19.3	505.7	13.6	9.6	496.8
2.0	22.3	465.5	13.7	10.1	496.8
29.0	22.8	392.5	13.7	7.9	496.8
13.8	21.9	63.8	13.7	6.0	496.8
15.7	22.9	198.8	13.7	7.5	496.8
10.8	24.1	118.8	13.7	5.7	496.8
24.0	23.0	151.8	13.8	5.9	496.8
0.2	23.4	484.6	13.8	10.4	496.8
0.2	20.2	408.6	13.8	10.2	496.8
0.0	21.1	616.1	13.8	9.6	496.8
0.0	23.9	515.9	13.8	10.2	496.8
10.4	24.6	219.5	13.8	9.0	496.8
2.0	21.7	125.6	13.9	8.7	496.8
0.5	19.9	459.1	13.9	9.5	496.8
0.1	19.3	592.0	13.9	9.0	496.8
19.4	16.9	63.6	13.9	2.9	496.8
0.4	17.9	67.8	13.9	4.9	496.8
1.3	18.9	271.2	13.9	6.9	496.8
0.9	22.6	533.4	13.9	10.1	495.8
0.5	24.9	541.7	14.0	10.4	495.8
11.3	24.8	504.4	14.0	9.7	495.8
12.5	24.3	452.4	14.0	9.5	495.8
0.5	24.4	497.3	14.0	10.6	495.8
0.1	25.3	617.5	14.0	11.5	495.8
0.0	22.5	291.9	14.0	9.8	495.8
0.0	22.7	483.6	14.0	9.5	495.8
0.0	20.7	68.9	14.0	4.6	495.8
36.6	21.3	81.1	14.0	4.2	495.8
27.6	19.7	28.3	14.0	4.5	495.8
18.4	20.8	40.2	14.1	4.1	495.8
14.1	20.4	79.6	14.1	5.9	495.8
1.7	18.5	56.4	14.1	4.0	495.8
0.9	20.8	368.0	14.1	9.1	495.8
0.1	21.3	209.4	14.1	7.3	495.8
0.0	22.0	626.2	14.1	10.8	495.8
0.0	22.0	556.3	14.1	9.5	495.8
0.0	22.2	413.5	14.1	10.1	495.8
0.0	20.6	397.5	14.1	10.5	495.8
0.0	22.8	664.3	14.1	11.7	495.8
0.0	24.1	636.1	14.1	11.5	495.8
0.9	23.9	590.6	14.1	11.2	495.8
0.0	24.7	631.2	14.1	10.4	495.8
0.0	25.3	438.9	14.1	9.3	495.8
3.8	24.7	509.2	14.1	11.4	495.8
0.0	25.6	590.1	14.1	11.5	495.8
1.9	25.6	501.6	14.1	10.8	495.8
67.4	21.4	34.0	14.1	4.5	495.8
10.0	24.1	77.4	14.1	6.9	495.8
1.9	23.6	84.4	14.1	4.2	492.4
0.0	25.9	184.9	14.0	9.4	492.4
17.2	26.8	367.5	14.0	9.9	492.4
11.0	27.0	400.8	14.0	9.3	492.4
2.9	28.1	577.1	14.0	10.5	492.4
0.2	28.6	582.2	14.0	10.0	492.4
2.6	28.7	437.3	14.0	10.3	492.4
14.1	28.4	425.6	14.0	8.9	492.4
28.5	27.2	310.2	14.0	8.5	492.4
19.5	27.3	427.0	14.0	9.5	492.4
0.0	27.9	533.6	14.0	10.5	492.4
1.8	27.9	565.9	13.9	12.7	492.4
0.0	25.3	268.9	13.9	8.6	492.4
0.7	27.3	605.3	13.9	11.5	492.4
10.5	26.9	478.4	13.9	9.5	492.4
0.0	28.2	572.6	13.9	10.3	492.4
0.5	29.1	544.8	13.9	9.7	492.4
5.6	29.0	611.0	13.9	11.7	492.4
3.1	29.2	605.6	13.8	11.6	492.4
4.7	29.7	602.7	13.8	12.4	492.4
6.1	29.6	555.6	13.8	11.1	492.4
4.1	29.4	496.4	13.8	10.1	492.4
0.7	29.0	349.6	13.8	9.4	492.4
6.7	28.3	335.4	13.8	9.8	492.4
8.1	27.9	399.7	13.7	9.5	492.4
12.8	27.8	406.3	13.7	9.7	492.4
0.9	27.8	456.6	13.7	10.7	492.4
0.1	28.4	453.5	13.7	10.2	492.4
0.7	27.6	366.5	13.7	10.0	492.4
0.9	26.2	299.5	13.6	8.5	492.4
0.5	24.7	97.4	13.6	5.4	492.4
0.0	24.9	285.8	13.6	8.8	490.4
12.0	26.2	346.9	13.6	9.1	490.4
13.1	25.8	426.1	13.5	8.9	490.4
22.0	25.7	427.7	13.5	8.1	490.4
6.5	26.0	469.9	13.5	9.3	490.4
0.2	26.8	576.8	13.5	10.0	490.4
0.1	27.0	590.4	13.5	10.4	490.4
1.4	26.9	591.2	13.4	10.2	490.4
0.3	27.9	561.8	13.4	9.9	490.4
12.6	24.9	145.9	13.4	7.2	490.4
6.2	24.7	79.7	13.4	5.2	490.4
13.7	25.4	194.2	13.3	7.7	490.4
19.2	25.8	249.9	13.3	8.0	490.4
11.9	25.8	190.8	13.3	7.1	490.4
14.2	25.8	251.8	13.3	7.7	490.4
12.9	26.0	330.4	13.2	7.9	490.4
18.5	26.2	336.1	13.2	8.3	490.4
16.1	26.5	357.8	13.2	8.7	490.4
15.4	26.4	318.3	13.1	9.1	490.4
15.2	26.8	398.5	13.1	8.7	490.4
10.8	26.4	235.0	13.1	7.9	490.4
17.6	25.6	262.4	13.1	7.0	490.4
5.8	26.4	445.7	13.0	9.0	490.4
2.1	27.5	480.3	13.0	9.5	490.4
5.7	27.1	429.8	13.0	9.8	490.4
8.1	27.0	490.9	13.0	9.6	490.4
17.2	26.6	440.9	12.9	8.2	490.4
0.2	26.1	317.2	12.9	8.7	490.4
9.3	24.7	90.8	12.9	7.6	490.4
5.8	22.9	55.1	12.8	5.3	490.4
2.2	23.2	255.2	12.8	6.1	490.4
0.8	24.4	187.0	12.8	6.9	491.2
3.8	25.5	286.7	12.8	7.9	491.2
0.8	26.4	467.0	12.7	8.8	491.2
4.6	25.7	435.7	12.7	8.8	491.2
0.9	25.7	410.7	12.7	8.3	491.2
0.3	26.6	489.8	12.6	8.6	491.2
3.9	26.8	484.5	12.6	8.3	491.2
7.0	26.2	419.8	12.6	7.9	491.2
0.4	27.6	473.4	12.6	8.7	491.2
9.7	27.3	454.1	12.5	9.2	491.2
10.9	27.4	453.6	12.5	9.4	491.2
7.2	26.1	396.5	12.5	8.8	491.2
0.1	22.8	418.7	12.4	8.2	491.2
0.0	23.2	516.7	12.4	8.4	491.2
0.1	25.9	478.3	12.4	9.3	491.2
0.1	26.2	298.7	12.3	9.1	491.2
0.0	25.7	451.9	12.3	8.2	491.2
0.0	25.6	392.4	12.3	8.3	491.2
0.0	23.8	419.2	12.3	9.4	491.2
0.0	23.0	509.6	12.2	9.7	491.2
0.0	23.9	499.8	12.2	9.6	491.2
0.0	26.0	488.6	12.2	9.6	491.2
0.0	27.4	472.8	12.1	9.5	491.2
0.0	26.9	465.5	12.1	8.9	491.2
0.3	23.9	221.9	12.1	8.5	491.2
0.0	20.1	460.0	12.0	8.2	491.2
0.0	19.6	495.8	12.0	8.6	491.2
0.0	21.5	490.7	12.0	9.4	491.2
0.0	24.4	472.7	12.0	9.5	491.2
0.2	26.6	434.7	11.9	8.7	491.2
4.6	24.2	260.0	11.9	8.9	492.0
0.0	18.6	340.0	11.9	7.5	492.0
0.0	17.0	469.6	11.8	5.8	492.0
0.0	19.2	413.5	11.8	6.5	492.0
0.0	18.5	322.1	11.8	7.0	492.0
0.0	19.8	452.6	11.7	7.7	492.0
0.0	20.0	446.9	11.7	7.6	492.0
0.0	19.3	435.4	11.7	7.6	492.0
0.0	19.2	441.8	11.7	7.5	492.0
0.0	19.6	428.8	11.6	7.5	492.0
0.0	19.2	427.9	11.6	7.3	492.0
0.0	19.3	424.2	11.6	7.4	492.0
0.0	19.1	417.8	11.5	7.1	492.0
0.0	19.0	352.3	11.5	6.7	492.0
0.0	17.1	429.3	11.5	7.2	492.0
0.0	17.4	432.2	11.4	6.8	492.0
0.0	14.9	425.7	11.4	6.9	492.0
0.0	15.7	419.9	11.4	6.9	492.0
0.0	17.6	409.5	11.4	7.0	492.0
0.0	19.1	400.8	11.3	7.3	492.0
0.0	20.8	377.7	11.3	7.1	492.0
0.0	19.3	394.0	11.3	7.1	492.0
0.0	18.2	397.6	11.2	6.4	492.0
0.0	20.0	239.5	11.2	5.9	492.0
0.0	18.0	80.5	11.2	5.5	492.0
0.0	17.9	381.7	11.2	6.5	492.0
0.0	17.0	374.4	11.1	6.3	492.0
0.0	17.0	289.5	11.1	5.4	492.0
0.0	19.6	241.1	11.1	6.4	492.0
0.0	16.9	207.5	11.0	5.4	492.0
0.0	17.2	360.8	11.0	5.4	492.0
0.0	19.1	159.1	11.0	4.9	493.9
0.1	19.8	111.4	11.0	4.0	493.9
0.1	22.0	152.9	10.9	5.4	493.9
0.7	22.9	236.0	10.9	5.6	493.9
0.3	22.9	180.1	10.9	5.5	493.9
0.0	23.4	334.8	10.9	6.8	493.9
0.0	22.9	328.3	10.8	6.4	493.9
1.0	22.9	292.0	10.8	6.4	493.9
15.9	22.4	292.2	10.8	6.7	493.9
1.1	12.7	44.6	10.8	4.3	493.9
0.0	11.1	178.7	10.7	3.3	493.9
0.0	15.5	330.9	10.7	4.5	493.9
0.0	19.2	320.4	10.7	5.5	493.9
0.0	21.0	319.9	10.7	5.8	493.9
0.2	19.8	296.0	10.6	6.1	493.9
1.3	16.7	220.2	10.6	4.2	493.9
0.2	13.4	98.9	10.6	2.9	493.9
0.1	13.2	171.7	10.6	3.8	493.9
0.0	14.1	294.4	10.6	4.3	493.9
0.0	16.9	312.2	10.5	5.2	493.9
0.6	19.7	298.8	10.5	5.4	493.9
1.3	16.7	91.8	10.5	5.0	493.9
0.7	10.3	80.6	10.5	3.7	493.9
0.0	4.0	271.1	10.5	2.7	493.9
0.0	5.1	318.1	10.4	3.5	493.9
0.0	9.5	313.0	10.4	4.4	493.9
0.1	11.5	172.2	10.4	3.7	493.9
0.0	15.5	252.4	10.4	5.1	493.9
0.3	13.0	271.8	10.4	6.4	493.9
0.0	3.0	317.6	10.4	2.7	493.9
0.0	4.6	313.1	10.3	3.5	496.3
0.0	8.2	305.2	10.3	4.7	496.3
0.0	11.2	303.5	10.3	5.1	496.3
0.1	13.3	170.1	10.3	4.6	496.3
0.1	16.1	163.8	10.3	4.9	496.3
0.0	11.8	269.8	10.3	4.4	496.3
0.0	10.8	289.4	10.3	4.6	496.3
0.0	12.0	293.4	10.3	4.5	496.3
0.0	6.9	301.0	10.2	3.6	496.3
0.0	9.3	210.4	10.2	3.6	496.3
0.0	6.4	299.7	10.2	2.9	496.3
0.0	7.4	128.8	10.2	3.5	496.3
0.0	10.5	292.8	10.2	4.9	496.3
4.3	15.3	273.6	10.2	5.5	496.3
1.0	12.4	55.7	10.2	3.1	496.3
4.7	14.7	181.4	10.2	3.9	496.3
7.7	9.8	29.0	10.2	2.5	496.3
2.1	10.3	42.1	10.2	2.5	496.3
0.2	14.7	130.9	10.2	3.6	496.3
16.5	9.0	36.5	10.2	3.6	496.3
12.2	4.6	10.7	10.2	2.3	496.3
1.3	-0.9	148.5	10.2	1.6	496.3
3.1	0.5	122.0	10.2	1.7	496.3
9.2	1.3	13.7	10.2	2.0	496.3
0.8	-5.7	86.4	10.2	1.1	496.3
4.5	-2.5	129.2	10.2	1.5	496.3
0.6	-0.4	56.8	10.2	1.2	496.3
12.7	1.5	84.9	10.2	1.5	496.3
0.3	-1.5	86.1	10.2	1.7	496.3
0.0	-4.2	294.2	10.2	1.3	496.3
0.1	-2.9	158.0	10.2	1.3	496.3
0.0	-2.2	159.0	10.2	1.7	499.0
0.2	3.2	291.0	10.2	3.1	499.0
8.5	7.5	76.2	10.2	2.9	499.0
33.3	6.6	25.2	10.2	1.5	499.0
22.6	6.5	41.2	10.3	1.0	499.0
5.6	6.5	23.4	10.3	1.7	499.0
2.1	3.8	36.3	10.3	2.1	499.0
0.6	3.0	69.3	10.3	1.8	499.0
4.1	9.5	161.5	10.3	3.4	499.0
8.2	0.9	9.8	10.3	3.4	499.0
0.7	-7.2	61.3	10.3	1.0	499.0
10.4	-7.9	222.2	10.3	1.0	499.0
2.6	-6.8	125.2	10.4	0.9	499.0
0.4	-2.7	213.3	10.4	1.8	499.0
12.2	0.3	178.4	10.4	1.9	499.0
10.5	1.1	32.4	10.4	1.6	499.0
0.7	0.7	136.7	10.4	2.3	499.0
0.9	-0.2	130.4	10.4	2.2	499.0
0.2	1.0	141.4	10.5	2.2	499.0
0.1	8.8	178.7	10.5	3.9	499.0
2.6	10.0	124.2	10.5	4.8	499.0
6.7	-0.8	27.2	10.5	2.0	499.0
0.4	-2.6	178.5	10.5	1.8	499.0
0.0	-1.4	337.1	10.6	2.4	499.0
0.0	0.3	185.7	10.6	2.6	499.0
0.0	1.5	343.9	10.6	3.3	499.0
0.6	0.9	276.1	10.6	3.7	499.0
0.0	-7.3	284.9	10.6	1.4	499.0
0.0	-3.4	354.0	10.7	1.9	499.0
0.0	0.5	317.7	10.7	3.1	499.0
0.0	-3.0	208.8	10.7	2.1	499.0
0.0	-3.3	372.5	10.7	2.3	500.4
0.0	2.6	348.8	10.8	3.9	500.4
0.0	4.1	268.3	10.8	3.1	500.4
0.0	6.8	285.4	10.8	4.5	500.4
0.0	7.3	167.0	10.8	4.4	500.4
10.0	7.5	221.1	10.9	3.6	500.4
0.1	6.2	201.0	10.9	3.1	500.4
0.0	4.6	359.3	10.9	4.0	500.4
1.2	4.8	378.6	10.9	3.4	500.4
9.4	5.9	234.3	11.0	3.4	500.4
4.3	6.9	27.6	11.0	2.6	500.4
1.2	10.8	246.2	11.0	4.5	500.4
5.7	12.9	323.2	11.0	6.8	500.4
0.0	6.2	353.2	11.1	3.8	500.4
2.6	11.6	283.8	11.1	5.3	500.4
28.8	10.3	79.7	11.1	5.4	500.4
0.0	4.3	342.4	11.2	3.1	500.4
0.0	11.7	398.6	11.2	5.9	500.4
10.9	10.4	323.9	11.2	7.7	500.4
0.4	2.9	162.8	11.2	2.4	500.4
0.1	6.2	356.2	11.3	4.6	500.4
14.9	3.6	156.4	11.3	4.9	500.4
15.5	1.0	264.7	11.3	2.4	500.4
30.5	1.0	35.3	11.4	1.5	500.4
6.0	3.7	95.2	11.4	2.3	500.4
5.2	4.9	73.7	11.4	2.2	500.4
0.6	6.1	142.4	11.5	3.0	500.4
0.5	8.4	205.1	11.5	5.0	500.4
24.1	5.9	71.1	11.5	2.6	501.1
7.4	5.0	59.7	11.5	2.1	501.1
0.4	8.1	217.8	11.6	4.1	501.1
8.4	11.4	216.5	11.6	5.5	501.1
16.7	11.0	39.9	11.6	2.6	501.1
2.2	17.3	137.9	11.7	6.1	501.1
6.0	11.8	38.2	11.7	5.6	501.1
5.2	13.3	113.3	11.7	4.5	501.1
7.8	10.6	72.9	11.8	3.3	501.1
4.6	16.0	163.1	11.8	6.1	501.1
3.5	17.3	95.9	11.8	4.6	501.1
2.2	19.9	234.6	11.8	7.3	501.1
19.7	11.4	156.8	11.9	9.9	501.1
3.5	1.6	77.8	11.9	2.8	501.1
0.0	4.1	495.9	11.9	4.6	501.1
0.0	7.8	486.7	12.0	5.5	501.1
1.3	13.1	464.0	12.0	6.9	501.1
4.1	14.6	106.0	12.0	4.8	501.1
0.2	17.3	426.5	12.1	7.5	501.1
2.7	19.9	466.9	12.1	7.9	501.1
0.0	16.6	496.8	12.1	5.0	501.1
8.5	22.7	459.4	12.2	8.6	501.1
11.8	16.0	78.2	12.2	7.0	501.1
0.7	17.5	177.3	12.2	6.7	501.1
12.1	21.3	393.5	12.2	7.6	501.1
42.6	11.2	57.5	12.3	9.0	501.1
26.9	3.5	28.7	12.3	2.0	501.1
5.6	6.8	30.9	12.3	4.7	501.1
3.3	18.1	321.6	12.4	9.2	501.1
9.5	19.8	123.3	12.4	5.5	501.1
13.4	21.0	245.5	12.4	6.5	501.1
17.8	16.2	199.9	12.5	10.2	501.7
16.2	9.3	58.9	12.5	3.2	501.7
2.9	5.8	138.7	12.5	3.7	501.7
0.0	7.0	369.8	12.5	5.7	501.7
0.0	10.8	468.2	12.6	7.3	501.7
2.5	13.1	295.4	12.6	6.7	501.7
6.6	14.1	117.6	12.6	4.4	501.7
0.3	17.8	193.1	12.7	7.2	501.7
10.8	20.4	240.1	12.7	8.2	501.7
20.1	11.9	45.7	12.7	7.0	501.7
4.5	11.4	90.2	12.8	4.5	501.7
10.1	14.1	68.1	12.8	4.6	501.7
2.7	13.3	274.4	12.8	7.0	501.7
0.5	16.0	433.7	12.8	8.9	501.7
6.8	19.7	221.4	12.9	8.5	501.7
15.9	16.9	128.2	12.9	8.8	501.7
0.0	15.1	593.4	12.9	7.6	501.7
30.3	19.8	561.4	13.0	9.6	501.7
24.7	15.5	72.6	13.0	10.1	501.7
2.5	8.2	96.6	13.0	3.7	501.7
0.0	7.9	221.0	13.0	5.3	501.7
0.0	11.8	414.6	13.1	6.9	501.7
11.8	11.6	448.6	13.1	6.2	501.7
2.7	11.2	47.5	13.1	3.6	501.7
0.4	13.7	100.8	13.2	4.9	501.7
0.0	16.4	527.0	13.2	7.6	501.7
13.4	18.4	558.4	13.2	8.0	501.7
0.1	16.4	477.0	13.2	9.8	501.7
0.0	17.7	598.8	13.3	9.5	501.7
10.4	17.4	130.3	13.3	6.5	501.7
77.3	21.3	71.5	13.3	5.9	502.3
30.9	22.1	94.7	13.3	5.9	502.3
0.6	24.8	185.3	13.4	6.3	502.3
5.3	23.0	142.3	13.4	8.7	502.3
25.9	18.8	85.4	13.4	6.7	502.3
40.4	16.3	65.4	13.4	10.1	502.3
28.2	14.9	37.5	13.5	5.9	502.3
6.6	24.2	320.4	13.5	12.1	502.3
6.3	21.8	65.8	13.5	8.4	502.3
10.9	17.4	57.4	13.5	5.5	502.3
4.2	17.2	175.2	13.6	6.3	502.3
0.3	18.0	521.9	13.6	7.5	502.3
34.9	16.3	65.4	13.6	4.6	502.3
0.8	14.4	110.4	13.6	5.2	502.3
2.8	16.7	224.1	13.6	7.7	502.3
0.0	19.9	600.9	13.7	9.7	502.3
0.0	21.4	596.8	13.7	10.5	502.3
0.4	21.3	491.5	13.7	10.5	502.3
10.5	18.5	130.5	13.7	5.5	502.3
0.5	22.0	379.7	13.7	9.3	502.3
0.1	24.3	532.7	13.8	10.5	502.3
22.1	22.5	403.4	13.8	12.7	502.3
0.4	16.9	473.6	13.8	8.4	502.3
0.0	19.0	602.7	13.8	9.9	502.3
0.0	19.7	331.0	13.8	7.7	502.3
0.7	22.4	280.8	13.9	8.9	502.3
17.5	23.5	392.0	13.9	9.1	502.3
12.1	24.0	271.7	13.9	8.7	502.3
19.6	20.7	48.4	13.9	9.3	502.3
0.3	18.3	226.2	13.9	6.9	502.3
0.0	19.1	222.4	13.9	7.8	502.3
0.1	21.0	542.6	13.9	9.4	501.2
60.8	21.3	230.3	14.0	7.9	501.2
6.6	18.5	53.5	14.0	4.4	501.2
0.2	19.6	617.3	14.0	9.8	501.2
0.0	20.5	620.4	14.0	11.2	501.2
0.0	22.3	655.2	14.0	11.0	501.2
0.0	24.9	581.5	14.0	10.9	501.2
4.1	22.0	139.8	14.0	8.7	501.2
1.5	24.3	375.2	14.0	9.1	501.2
18.6	25.0	442.8	14.0	9.7	501.2
0.3	26.9	519.8	14.0	10.5	501.2
0.6	26.9	523.9	14.1	9.9	501.2
15.4	26.4	437.8	14.1	9.3	501.2
15.1	26.7	398.1	14.1	9.5	501.2
24.0	25.3	242.3	14.1	9.3	501.2
3.4	20.2	46.4	14.1	7.9	501.2
0.9	21.0	345.4	14.1	9.4	501.2
0.0	22.3	619.9	14.1	10.8	501.2
41.6	21.4	359.6	14.1	8.3	501.2
3.6	20.0	37.4	14.1	3.1	501.2
0.8	22.8	294.1	14.1	8.7	501.2
4.8	23.8	422.8	14.1	9.7	501.2
3.1	25.3	516.8	14.1	10.4	501.2
7.7	22.7	112.8	14.1	5.8	501.2
0.1	21.7	179.9	14.1	7.0	501.2
7.7	20.9	220.3	14.1	6.9	501.2
8.3	21.6	72.3	14.1	6.9	501.2
40.2	23.8	162.3	14.1	6.9	501.2
5.3	24.1	133.3	14.1	6.6	501.2
31.2	25.1	351.3	14.1	8.2	501.2
2.6	27.2	541.9	14.1	10.3	497.8
6.5	27.2	589.4	14.1	10.3	497.8
18.8	25.4	276.7	14.0	8.8	497.8
8.0	25.0	156.3	14.0	6.9	497.8
14.4	25.7	259.1	14.0	8.6	497.8
12.7	26.8	564.0	14.0	10.1	497.8
8.9	27.3	479.8	14.0	9.9	497.8
0.0	28.5	591.7	14.0	10.2	497.8
6.6	27.7	490.8	14.0	8.4	497.8
11.3	27.7	547.1	14.0	11.3	497.8
8.8	28.0	542.7	14.0	10.2	497.8
3.6	28.0	620.0	14.0	11.3	497.8
4.3	27.7	609.5	13.9	11.1	497.8
0.3	28.3	594.6	13.9	10.7	497.8
4.4	28.3	582.4	13.9	11.4	497.8
4.4	28.3	554.4	13.9	10.9	497.8
3.9	28.7	573.9	13.9	10.5	497.8
11.5	27.8	539.5	13.9	10.9	497.8
18.1	27.0	487.3	13.9	10.0	497.8
17.9	26.3	331.6	13.8	8.3	497.8
0.4	25.1	111.2	13.8	6.1	497.8
1.1	26.6	593.1	13.8	11.4	497.8
0.0	28.0	623.1	13.8	11.8	497.8
0.1	29.2	617.6	13.8	12.0	497.8
0.0	29.9	617.4	13.7	12.1	497.8
0.0	30.4	614.6	13.7	12.6	497.8
0.0	30.4	600.6	13.7	11.6	497.8
7.3	29.7	589.1	13.7	12.5	497.8
1.4	30.0	554.2	13.7	11.1	497.8
5.4	29.3	585.2	13.6	12.4	497.8
5.1	28.5	480.9	13.6	9.7	497.8
0.0	29.6	600.7	13.6	11.9	495.8
0.0	29.6	609.2	13.6	11.5	495.8
0.0	30.4	610.0	13.6	12.4	495.8
0.0	31.2	606.3	13.5	13.3	495.8
0.1	31.8	582.8	13.5	11.8	495.8
1.0	30.9	459.3	13.5	11.3	495.8
0.0	29.3	376.6	13.5	10.8	495.8
8.1	28.0	540.2	13.4	11.9	495.8
17.7	26.7	528.6	13.4	9.7	495.8
15.3	26.2	390.5	13.4	8.6	495.8
14.2	25.8	309.8	13.4	8.4	495.8
13.8	26.2	461.7	13.3	9.7	495.8
9.7	26.7	490.1	13.3	9.2	495.8
10.0	26.4	440.1	13.3	8.2	495.8
9.0	26.5	495.3	13.3	9.9	495.8
0.0	26.4	575.5	13.2	10.3	495.8
0.0	26.3	584.6	13.2	10.7	495.8
0.0	27.1	570.4	13.2	10.5	495.8
0.0	28.0	526.4	13.2	10.6	495.8
0.5	29.3	507.2	13.1	10.8	495.8
21.6	27.6	430.4	13.1	9.7	495.8
0.0	27.4	444.1	13.1	10.0	495.8
0.2	27.6	550.1	13.0	10.4	495.8
0.4	27.6	493.5	13.0	9.6	495.8
1.4	27.5	475.6	13.0	9.5	495.8
0.3	27.9	451.3	13.0	9.3	495.8
1.1	27.9	338.5	12.9	8.3	495.8
8.6	26.2	314.6	12.9	9.0	495.8
7.7	24.9	241.3	12.9	8.9	495.8
0.1	25.4	527.8	12.9	10.3	495.8
0.1	25.3	490.8	12.8	10.4	495.8
0.0	25.6	457.5	12.8	9.0	496.6
0.1	26.1	111.4	12.8	7.1	496.6
1.2	27.3	311.1	12.7	7.7	496.6
1.3	27.7	359.7	12.7	9.1	496.6
0.5	28.0	455.6	12.7	9.2	496.6
0.1	28.6	510.6	12.6	9.7	496.6
0.2	26.8	159.7	12.6	6.6	496.6
0.3	25.0	68.6	12.6	3.8	496.6
0.4	26.5	98.2	12.6	6.9	496.6
7.9	26.5	322.2	12.5	8.2	496.6
22.6	25.4	290.0	12.5	6.4	496.6
0.3	24.7	349.5	12.5	7.1	496.6
0.2	24.0	300.1	12.4	7.7	496.6
0.0	25.2	423.0	12.4	8.4	496.6
0.0	25.0	381.6	12.4	8.6	496.6
0.0	25.3	451.4	12.4	7.6	496.6
0.4	26.0	357.1	12.3	8.6	496.6
0.0	25.5	485.8	12.3	8.5	496.6
0.0	26.3	398.0	12.3	7.4	496.6
0.2	26.9	380.9	12.2	8.3	496.6
0.3	27.4	442.5	12.2	8.4	496.6
0.6	27.4	330.9	12.2	8.5	496.6
0.1	27.8	457.9	12.1	8.6	496.6
0.0	27.2	394.6	12.1	8.9	496.6
0.0	27.1	471.2	12.1	9.0	496.6
0.0	27.1	461.5	12.0	8.8	496.6
2.4	25.3	406.6	12.0	10.9	496.6
0.1	20.2	160.0	12.0	6.1	496.6
0.0	18.7	182.8	12.0	3.9	496.6
0.0	20.6	422.1	11.9	7.0	496.6
0.0	21.8	433.8	11.9	7.8	497.5
0.0	23.3	429.2	11.9	8.4	497.5
1.3	23.7	284.0	11.8	7.0	497.5
1.5	24.2	222.5	11.8	6.6	497.5
4.4	23.5	152.5	11.8	6.7	497.5
2.3	18.6	54.1	11.7	4.1	497.5
0.1	18.0	201.4	11.7	4.9	497.5
0.0	16.6	236.9	11.7	6.0	497.5
0.0	18.0	449.3	11.7	7.3	497.5
0.0	19.2	421.6	11.6	7.4	497.5
0.0	19.7	439.4	11.6	7.9	497.5
0.0	19.2	438.0	11.6	7.7	497.5
0.0	20.9	422.2	11.5	7.3	497.5
0.0	18.0	409.4	11.5	6.8	497.5
0.0	17.4	428.9	11.5	6.6	497.5
0.0	18.1	415.9	11.5	6.9	497.5
1.0	21.6	356.7	11.4	7.4	497.5
0.1	20.0	122.3	11.4	5.7	497.5
0.0	20.8	364.6	11.4	7.3	497.5
0.0	20.1	399.6	11.3	7.2	497.5
0.0	18.9	398.5	11.3	6.7	497.5
0.0	19.7	389.2	11.3	6.5	497.5
0.0	20.1	370.2	11.2	6.3	497.5
0.0	18.7	386.0	11.2	6.3	497.5
0.0	19.0	357.5	11.2	6.1	497.5
0.3	19.6	304.2	11.2	5.7	497.5
0.0	18.2	257.3	11.1	6.7	497.5
0.0	12.1	401.3	11.1	4.8	497.5
0.0	11.6	398.8	11.1	5.2	497.5
0.0	14.4	385.9	11.1	6.3	497.5
0.0	12.3	386.0	11.0	5.3	497.5
0.0	12.5	377.2	11.0	5.3	499.4
0.0	14.1	368.8	11.0	5.7	499.4
0.0	16.9	355.7	10.9	6.3	499.4
0.0	15.5	299.0	10.9	6.9	499.4
0.0	6.9	381.2	10.9	4.0	499.4
0.0	8.2	378.4	10.9	4.8	499.4
0.0	11.1	366.9	10.8	5.9	499.4
0.0	13.5	359.6	10.8	6.5	499.4
0.0	15.5	359.0	10.8	6.5	499.4
0.0	13.5	350.0	10.8	5.6	499.4
0.0	12.1	346.9	10.7	5.4	499.4
0.0	13.6	344.7	10.7	5.8	499.4
0.0	15.5	340.5	10.7	6.1	499.4
0.0	11.5	349.6	10.7	5.0	499.4
0.0	11.3	339.8	10.6	5.1	499.4
0.0	12.9	328.4	10.6	5.4	499.4
0.0	14.6	322.6	10.6	5.5	499.4
0.0	12.0	245.9	10.6	4.4	499.4
0.0	10.9	318.1	10.6	4.8	499.4
0.0	10.1	320.7	10.5	4.5	499.4
0.0	10.9	298.9	10.5	5.1	499.4
0.0	11.3	329.4	10.5	5.3	499.4
0.0	12.4	323.0	10.5	5.7	499.4
0.0	14.2	316.9	10.5	5.7	499.4
0.0	13.8	315.4	10.4	5.7	499.4
0.0	13.9	304.9	10.4	4.8	499.4
0.0	15.1	299.8	10.4	5.0	499.4
2.0	16.0	262.3	10.4	5.3	499.4
0.0	12.1	261.8	10.4	4.3	499.4
0.2	10.3	87.0	10.4	2.6	499.4
0.3	11.7	105.3	10.3	3.2	501.8
16.8	13.3	157.5	10.3	4.4	501.8
23.5	7.6	12.2	10.3	1.0	501.8
6.6	9.2	25.0	10.3	1.7	501.8
1.5	10.9	115.7	10.3	2.4	501.8
1.5	9.1	58.1	10.3	1.4	501.8
0.6	10.3	82.6	10.3	2.3	501.8
0.3	13.9	181.6	10.3	4.0	501.8
1.3	15.6	104.9	10.2	3.4	501.8
15.5	17.0	56.9	10.2	3.3	501.8
8.2	16.4	23.0	10.2	2.3	501.8
6.7	11.7	14.5	10.2	3.9	501.8
11.5	6.5	17.5	10.2	3.3	501.8
0.2	-1.2	190.2	10.2	1.7	501.8
0.0	1.6	293.3	10.2	2.5	501.8
1.9	5.6	129.4	10.2	2.8	501.8
7.2	4.6	14.5	10.2	1.0	501.8
0.3	-0.3	30.1	10.2	2.4	501.8
0.0	-4.2	286.4	10.2	1.3	501.8
0.0	3.5	213.4	10.2	2.9	501.8
17.8	1.5	31.6	10.2	2.3	501.8
22.4	1.1	18.2	10.2	1.3	501.8
1.3	2.8	42.8	10.2	1.4	501.8
0.5	5.5	210.7	10.2	2.5	501.8
3.4	8.0	44.6	10.2	2.7	501.8
0.8	4.7	89.7	10.2	2.3	501.8
0.0	0.8	283.0	10.2	2.5	501.8
0.0	1.3	292.7	10.2	2.4	501.8
0.8	0.4	46.4	10.2	2.6	501.8
0.0	-8.0	297.6	10.2	0.9	501.8
0.0	-8.4	293.8	10.2	1.3	501.8
0.0	-8.5	307.0	10.2	1.1	504.5
0.0	-5.0	301.6	10.2	1.8	504.5
0.0	-3.0	160.6	10.2	2.2	504.5
0.0	0.5	307.4	10.2	3.1	504.5
0.0	3.4	189.2	10.3	3.0	504.5
2.5	8.4	261.3	10.3	4.1	504.5
2.4	5.4	38.7	10.3	1.8	504.5
5.2	6.8	63.5	10.3	1.9	504.5
13.9	5.7	22.9	10.3	2.1	504.5
3.7	1.3	40.3	10.3	2.1	504.5
0.2	-3.4	54.9	10.3	1.2	504.5
0.0	-4.5	58.3	10.3	1.0	504.5
0.0	-3.3	312.9	10.4	1.7	504.5
0.0	-1.7	256.5	10.4	2.5	504.5
0.0	0.6	314.8	10.4	3.0	504.5
0.1	3.0	244.9	10.4	3.1	504.5
0.0	1.4	210.4	10.4	2.2	504.5
0.0	2.2	286.5	10.4	3.1	504.5
4.9	3.3	88.0	10.5	2.5	504.5
0.3	2.0	315.5	10.5	3.1	504.5
0.0	2.0	328.8	10.5	3.0	504.5
0.8	4.9	222.1	10.5	3.4	504.5
1.2	3.6	64.4	10.5	2.2	504.5
0.0	1.8	281.6	10.6	2.9	504.5
0.0	3.3	265.7	10.6	2.8	504.5
0.2	3.7	212.8	10.6	3.0	504.5
0.2	6.1	246.7	10.6	3.6	504.5
0.8	6.1	122.3	10.6	3.3	504.5
0.2	7.3	325.9	10.7	4.1	504.5
0.0	6.3	346.3	10.7	4.3	504.5
0.0	1.3	359.5	10.7	3.1	504.5
0.0	3.4	372.5	10.7	3.9	505.9
0.0	9.2	359.8	10.8	5.5	505.9
0.0	11.8	346.9	10.8	6.2	505.9
0.0	13.2	338.4	10.8	5.8	505.9
0.6	7.9	105.0	10.8	3.7	505.9
0.3	7.7	104.6	10.9	2.6	505.9
0.2	9.4	217.6	10.9	4.3	505.9
0.0	13.4	256.9	10.9	6.0	505.9
0.0	15.1	203.3	10.9	6.2	505.9
0.0	16.7	329.3	11.0	6.6	505.9
3.8	18.3	351.3	11.0	6.7	505.9
5.2	11.4	47.1	11.0	5.6	505.9
3.7	7.6	230.5	11.0	3.3	505.9
0.1	8.5	318.6	11.1	4.6	505.9
10.8	3.5	128.9	11.1	3.2	505.9
21.7	1.0	28.0	11.1	1.4	505.9
15.6	1.6	22.2	11.2	1.6	505.9
0.8	1.1	197.2	11.2	2.6	505.9
4.7	1.5	92.0	11.2	2.1	505.9
2.7	1.6	42.8	11.2	1.6	505.9
6.0	4.1	143.0	11.3	2.9	505.9
6.8	5.7	69.9	11.3	2.2	505.9
18.3	6.8	48.9	11.3	1.8	505.9
2.6	8.2	50.1	11.4	2.4	505.9
0.6	7.2	340.8	11.4	4.5	505.9
9.9	13.2	203.4	11.4	6.0	505.9
7.0	11.3	36.6	11.4	5.3	505.9
4.2	10.7	53.9	11.5	4.2	505.9
13.1	15.8	98.3	11.5	5.1	505.9
22.2	10.9	31.7	11.5	5.5	506.6
15.5	5.2	45.6	11.6	2.0	506.6
8.0	5.8	35.1	11.6	2.8	506.6
0.7	3.8	89.6	11.6	2.0	506.6
29.0	4.8	32.2	11.7	1.9	506.6
12.9	4.4	22.9	11.7	1.6	506.6
42.6	1.3	37.3	11.7	2.8	506.6
1.6	2.4	96.4	11.7	2.6	506.6
2.6	4.3	139.3	11.8	2.6	506.6
6.2	7.3	41.2	11.8	2.7	506.6
7.6	10.1	62.7	11.8	3.4	506.6
4.4	11.8	65.2	11.9	5.4	506.6
13.4	15.9	311.5	11.9	7.9	506.6
1.0	9.8	168.1	11.9	4.2	506.6
5.1	10.2	103.2	12.0	3.7	506.6
1.3	19.7	389.8	12.0	8.7	506.6
5.3	8.8	100.2	12.0	9.2	506.6
0.0	2.3	396.3	12.1	4.2	506.6
0.0	7.9	502.6	12.1	5.6	506.6
18.6	12.2	111.0	12.1	5.9	506.6
3.2	6.4	81.9	12.1	4.4	506.6
0.0	8.3	524.5	12.2	5.7	506.6
0.1	11.6	508.1	12.2	7.2	506.6
0.0	14.4	467.9	12.2	8.1	506.6
0.1	17.0	383.6	12.3	8.4	506.6
0.3	14.9	146.2	12.3	4.8	506.6
13.2	14.5	209.4	12.3	9.1	506.6
0.1	6.1	343.8	12.4	5.0	506.6
0.0	7.9	540.7	12.4	5.4	506.6
12.8	9.8	235.7	12.4	4.4	506.6
32.2	14.5	56.6	12.4	5.6	506.6
0.8	8.8	97.0	12.5	6.3	507.2
9.7	7.6	237.2	12.5	4.2	507.2
19.9	9.4	48.1	12.5	3.4	507.2
2.0	10.3	168.1	12.6	5.6	507.2
0.0	10.3	541.1	12.6	6.9	507.2
0.4	8.9	383.0	12.6	6.8	507.2
0.0	6.0	585.0	12.7	5.4	507.2
0.0	8.4	587.0	12.7	7.2	507.2
0.0	11.8	576.7	12.7	7.6	507.2
0.4	14.9	557.1	12.7	9.2	507.2
0.0	18.1	565.2	12.8	9.8	507.2
0.0	19.1	508.9	12.8	10.0	507.2
0.0	20.5	556.0	12.8	10.7	507.2
0.2	20.9	379.8	12.9	9.6	507.2
1.7	23.2	560.2	12.9	10.1	507.2
38.0	22.8	506.2	12.9	13.6	507.2
4.0	8.8	96.2	13.0	4.0	507.2
0.1	12.3	519.1	13.0	7.4	507.2
4.2	17.1	166.2	13.0	9.0	507.2
8.9	22.0	122.9	13.0	5.4	507.2
10.9	13.2	82.9	13.1	11.6	507.2
0.0	10.6	612.9	13.1	7.1	507.2
0.6	13.4	536.4	13.1	6.7	507.2
5.3	17.0	65.9	13.1	8.3	507.2
1.5	17.4	153.6	13.2	8.2	507.2
41.9	18.5	216.2	13.2	7.7	507.2
0.6	15.3	155.5	13.2	5.7	507.2
0.0	16.1	500.1	13.3	7.8	507.2
4.9	12.7	73.3	13.3	3.1	507.2
1.2	13.9	107.5	13.3	4.8	507.2
6.6	17.5	408.3	13.3	8.0	507.8
25.4	14.4	52.5	13.4	4.5	507.8
7.5	14.7	51.3	13.4	4.5	507.8
0.4	15.2	356.2	13.4	7.9	507.8
0.0	16.6	425.0	13.4	8.7	507.8
0.0	17.8	517.6	13.5	8.0	507.8
24.5	16.8	124.5	13.5	5.1	507.8
0.1	16.7	619.8	13.5	9.6	507.8
0.0	19.6	586.1	13.5	10.7	507.8
12.6	18.0	145.3	13.6	8.5	507.8
0.0	15.2	569.4	13.6	8.5	507.8
0.0	18.0	625.5	13.6	9.0	507.8
12.2	18.9	285.5	13.6	9.1	507.8
0.3	18.8	223.3	13.6	7.2	507.8
1.2	19.8	498.3	13.7	9.4	507.8
0.3	20.4	581.9	13.7	10.5	507.8
0.0	20.8	436.3	13.7	10.7	507.8
0.0	22.0	503.2	13.7	9.8	507.8
0.2	22.1	628.5	13.7	11.0	507.8
0.5	22.9	632.7	13.8	11.6	507.8
0.2	25.0	542.4	13.8	10.6	507.8
2.9	23.2	89.9	13.8	8.1	507.8
16.1	20.2	38.5	13.8	4.7	507.8
12.7	21.9	340.6	13.8	9.2	507.8
1.5	21.6	463.6	13.9	8.2	507.8
0.0	21.7	414.3	13.9	10.5	507.8
0.0	22.9	636.1	13.9	11.7	507.8
0.9	22.6	598.3	13.9	12.7	507.8
0.5	23.5	630.4	13.9	11.2	507.8
3.1	22.9	555.5	13.9	10.9	507.8
7.7	22.5	623.8	13.9	10.8	507.8
0.5	22.1	460.1	14.0	9.4	506.7
0.0	22.9	596.4	14.0	10.3	506.7
0.0	23.9	540.8	14.0	11.2	506.7
3.5	22.0	62.3	14.0	5.5	506.7
0.0	23.8	512.3	14.0	11.1	506.7
20.5	24.7	383.2	14.0	10.5	506.7
6.5	22.8	28.8	14.0	5.2	506.7
0.7	22.5	101.0	14.0	4.9	506.7
8.0	23.4	147.9	14.0	6.0	506.7
0.1	24.5	512.4	14.0	10.8	506.7
0.0	25.0	273.4	14.1	8.7	506.7
0.1	25.7	357.0	14.1	9.8	506.7
0.1	25.1	418.8	14.1	11.9	506.7
0.5	25.1	424.4	14.1	11.0	506.7
0.4	25.8	618.0	14.1	11.2	506.7
2.7	25.6	453.7	14.1	9.7	506.7
28.6	23.7	95.1	14.1	4.5	506.7
19.0	23.9	141.7	14.1	6.2	506.7
3.7	25.4	486.5	14.1	10.6	506.7
0.4	27.2	610.0	14.1	11.4	506.7
7.7	27.0	500.6	14.1	10.6	506.7
19.6	25.5	360.6	14.1	8.5	506.7
17.2	24.2	131.4	14.1	6.3	506.7
31.9	23.5	23.5	14.1	3.1	506.7
5.1	22.9	71.4	14.1	6.0	506.7
0.9	22.1	61.1	14.1	5.3	506.7
7.6	24.3	128.4	14.1	5.3	506.7
14.0	24.5	51.2	14.1	5.0	506.7
15.3	24.9	117.9	14.1	6.3	506.7
19.3	25.4	292.1	14.1	8.4	506.7
13.1	26.1	403.4	14.1	8.6	503.3
20.1	26.5	460.4	14.0	9.8	503.3
22.1	26.0	343.5	14.0	8.2	503.3
6.4	25.4	164.3	14.0	6.9	503.3
5.8	25.7	227.1	14.0	8.8	503.3
10.3	26.4	364.6	14.0	9.5	503.3
10.7	27.4	563.0	14.0	9.3	503.3
7.9	27.7	477.5	14.0	9.5	503.3
9.8	27.4	540.2	14.0	10.0	503.3
6.5	27.2	381.2	14.0	9.8	503.3
4.4	27.6	561.6	14.0	11.1	503.3
1.9	27.8	456.9	13.9	10.8	503.3
4.6	27.9	567.1	13.9	11.6	503.3
5.1	27.5	508.1	13.9	11.2	503.3
6.2	27.7	586.8	13.9	10.7	503.3
11.8	27.2	455.9	13.9	9.9	503.3
8.4	26.7	346.5	13.9	9.3	503.3
12.8	26.6	357.2	13.9	9.6	503.3
14.0	26.6	392.3	13.8	10.0	503.3
7.1	27.1	456.0	13.8	10.1	503.3
0.1	27.7	550.1	13.8	10.5	503.3
0.0	28.5	611.8	13.8	10.1	503.3
0.3	28.9	584.6	13.8	10.5	503.3
0.1	29.5	599.2	13.7	11.4	503.3
0.0	30.4	603.0	13.7	11.5	503.3
5.4	29.0	576.2	13.7	11.0	503.3
3.9	28.7	599.5	13.7	11.9	503.3
0.0	29.4	586.1	13.7	11.8	503.3
4.8	29.0	550.0	13.6	12.8	503.3
22.9	28.2	449.8	13.6	11.3	503.3
0.1	25.7	264.0	13.6	9.3	503.3
0.0	25.0	514.2	13.6	11.0	501.4
0.0	26.5	614.1	13.6	11.1	501.4
0.0	27.7	604.4	13.5	11.5	501.4
0.1	28.7	589.8	13.5	11.5	501.4
0.0	29.2	392.1	13.5	10.4	501.4
1.5	28.8	520.4	13.5	11.0	501.4
1.1	28.9	589.7	13.4	11.1	501.4
7.1	27.9	571.6	13.4	11.1	501.4
0.4	28.9	549.2	13.4	9.8	501.4
0.4	29.8	473.4	13.4	10.1	501.4
13.1	28.4	488.7	13.3	10.5	501.4
15.9	27.5	412.0	13.3	8.5	501.4
9.3	27.6	449.9	13.3	9.9	501.4
8.2	27.2	536.1	13.3	10.9	501.4
0.2	27.8	558.1	13.2	9.6	501.4
0.0	28.1	567.9	13.2	9.7	501.4
0.1	29.1	569.9	13.2	9.8	501.4
0.0	29.6	561.8	13.2	10.3	501.4
6.8	27.8	456.6	13.1	10.8	501.4
7.4	26.8	464.7	13.1	10.4	501.4
11.1	26.5	433.4	13.1	9.7	501.4
0.1	27.8	531.4	13.1	9.3	501.4
0.1	27.7	426.1	13.0	10.2	501.4
0.0	27.7	562.8	13.0	10.7	501.4
0.0	28.8	552.4	13.0	11.4	501.4
0.1	29.5	440.5	12.9	11.0	501.4
0.2	30.0	403.0	12.9	10.3	501.4
3.9	30.0	484.5	12.9	11.7	501.4
13.9	27.6	466.0	12.9	9.4	501.4
3.8	25.0	132.9	12.8	7.1	501.4
0.3	21.8	122.9	12.8	5.5	501.4
1.4	22.2	113.2	12.8	5.2	502.3
2.9	21.6	38.7	12.7	3.4	502.3
0.1	22.6	157.3	12.7	5.9	502.3
0.3	23.5	449.5	12.7	8.9	502.3
0.6	23.3	334.2	12.7	9.0	502.3
0.0	23.5	529.9	12.6	9.1	502.3
0.1	24.8	497.2	12.6	9.5	502.3
0.0	25.2	516.1	12.6	9.8	502.3
0.1	25.4	499.9	12.5	9.6	502.3
0.0	24.9	479.5	12.5	9.9	502.3
0.0	25.5	516.0	12.5	10.5	502.3
0.0	26.2	515.8	12.4	10.7	502.3
0.0	26.1	514.8	12.4	10.9	502.3
0.0	26.5	500.0	12.4	9.6	502.3
0.1	27.6	389.1	12.4	8.9	502.3
0.0	25.5	240.8	12.3	9.0	502.3
0.0	25.4	498.2	12.3	9.9	502.3
0.0	25.7	458.2	12.3	9.6	502.3
0.0	26.8	468.1	12.2	9.1	502.3
0.2	27.6	326.0	12.2	7.8	502.3
0.1	26.1	159.4	12.2	7.4	502.3
0.9	26.1	304.1	12.1	8.8	502.3
0.6	20.6	60.6	12.1	6.3	502.3
0.0	17.6	146.2	12.1	7.2	502.3
0.0	20.7	486.8	12.1	8.4	502.3
0.0	22.3	440.2	12.0	8.4	502.3
0.0	22.0	374.4	12.0	7.6	502.3
0.0	20.6	70.0	12.0	4.5	502.3
0.0	21.4	108.3	11.9	5.4	502.3
0.0	20.7	37.3	11.9	3.9	502.3
0.0	18.7	132.0	11.9	6.4	503.2
0.0	23.1	434.2	11.8	8.4	503.2
0.0	22.3	78.2	11.8	4.5	503.2
0.2	21.7	278.2	11.8	7.4	503.2
0.1	21.6	304.2	11.8	6.0	503.2
0.0	20.0	403.4	11.7	7.3	503.2
0.0	20.5	367.4	11.7	6.3	503.2
0.0	20.8	247.6	11.7	6.5	503.2
0.0	21.6	431.5	11.6	7.5	503.2
0.0	20.8	436.0	11.6	7.5	503.2
0.0	20.5	435.2	11.6	7.9	503.2
0.0	20.0	431.8	11.5	8.1	503.2
0.0	19.6	436.9	11.5	7.6	503.2
0.0	20.7	428.2	11.5	7.8	503.2
0.0	18.9	426.5	11.5	7.7	503.2
0.0	18.1	427.6	11.4	7.6	503.2
0.0	17.9	426.3	11.4	7.7	503.2
0.0	18.3	416.5	11.4	8.0	503.2
0.0	18.9	412.0	11.3	8.2	503.2
0.0	19.9	406.0	11.3	8.0	503.2
0.0	18.8	401.0	11.3	7.7	503.2
0.0	17.9	405.4	11.3	7.9	503.2
0.0	17.9	406.3	11.2	7.6	503.2
0.0	18.8	399.2	11.2	8.0	503.2
0.0	18.5	397.8	11.2	7.6	503.2
0.0	15.6	390.4	11.1	7.5	503.2
0.0	10.4	406.2	11.1	4.8	503.2
0.0	11.4	386.4	11.1	5.1	503.2
0.0	13.9	249.0	11.1	5.7	503.2
0.0	17.1	328.0	11.0	6.6	503.2
0.0	15.1	371.9	11.0	6.3	503.2
0.0	13.5	375.1	11.0	5.7	505.0
0.0	15.5	365.4	11.0	5.9	505.0
0.0	13.8	309.1	10.9	6.5	505.0
0.0	6.1	302.5	10.9	3.8	505.0
0.0	8.4	381.4	10.9	5.0	505.0
0.0	11.0	376.8	10.8	6.1	505.0
0.0	12.6	368.7	10.8	6.2	505.0
0.0	12.8	361.1	10.8	6.2	505.0
0.0	14.8	349.0	10.8	6.2	505.0
0.0	15.7	343.3	10.7	5.9	505.0
0.0	16.5	334.5	10.7	6.1	505.0
0.0	15.9	339.1	10.7	5.8	505.0
0.0	14.9	305.9	10.7	5.4	505.0
0.0	15.8	321.0	10.7	5.1	505.0
0.0	16.4	267.7	10.6	5.7	505.0
0.0	17.3	324.2	10.6	6.0	505.0
0.0	18.2	320.2	10.6	5.8	505.0
0.0	19.2	315.5	10.6	5.5	505.0
0.2	20.5	306.2	10.5	5.7	505.0
0.0	21.5	167.4	10.5	5.4	505.0
1.1	22.1	225.6	10.5	5.4	505.0
7.9	11.8	52.5	10.5	5.2	505.0
1.3	9.2	271.6	10.5	2.9	505.0
5.2	7.8	19.4	10.4	1.0	505.0
4.3	7.9	14.0	10.4	1.1	505.0
6.3	7.9	16.2	10.4	2.1	505.0
0.2	4.5	80.2	10.4	1.9	505.0
0.0	5.3	235.5	10.4	3.2	505.0
0.0	5.8	282.7	10.4	3.0	505.0
0.1	7.3	262.3	10.4	3.2	505.0
0.0	7.0	300.4	10.3	3.6	507.5
0.0	8.7	285.5	10.3	3.8	507.5
0.0	9.2	261.4	10.3	3.5	507.5
0.1	10.4	125.3	10.3	3.2	507.5
0.2	13.5	135.9	10.3	4.0	507.5
2.5	11.8	68.6	10.3	3.8	507.5
3.6	4.6	28.5	10.3	2.3	507.5
0.0	2.8	142.6	10.3	2.3	507.5
0.0	3.3	295.3	10.2	3.0	507.5
0.0	4.9	264.6	10.2	3.7	507.5
0.0	6.9	295.1	10.2	4.2	507.5
0.0	8.0	290.5	10.2	4.0	507.5
0.0	6.6	284.5	10.2	3.3	507.5
0.0	8.0	183.5	10.2	3.7	507.5
0.0	6.9	293.7	10.2	4.1	507.5
0.0	0.8	294.4	10.2	2.5	507.5
0.0	-0.6	302.1	10.2	1.9	507.5
0.0	4.9	297.5	10.2	3.3	507.5
0.0	3.5	297.2	10.2	2.7	507.5
0.0	2.9	299.2	10.2	2.8	507.5
0.0	4.0	297.5	10.2	3.1	507.5
0.0	6.1	276.4	10.2	3.8	507.5
0.0	3.2	98.1	10.2	1.8	507.5
0.0	2.0	273.7	10.2	2.7	507.5
0.0	-0.1	298.3	10.2	2.3	507.5
0.0	1.8	302.9	10.2	3.0	507.5
0.0	6.6	301.3	10.2	4.2	507.5
0.0	6.9	294.2	10.2	3.7	507.5
0.0	6.7	121.2	10.2	3.4	507.5
0.0	8.8	293.0	10.2	4.4	507.5
0.0	4.4	284.5	10.2	3.8	507.5
0.0	0.9	309.6	10.2	2.8	510.2
0.0	5.5	301.3	10.2	4.2	510.2
0.0	1.8	303.7	10.2	3.0	510.2
0.0	3.8	297.9	10.2	3.6	510.2
0.0	4.4	303.6	10.3	3.6	510.2
0.0	6.6	299.3	10.3	4.3	510.2
0.0	7.4	292.1	10.3	3.9	510.2
0.0	5.0	289.2	10.3	3.5	510.2
0.0	5.5	304.3	10.3	3.8	510.2
0.0	6.7	304.2	10.3	4.3	510.2
0.0	8.7	296.8	10.3	4.6	510.2
0.0	8.1	279.9	10.3	3.7	510.2
0.1	7.9	239.7	10.4	3.9	510.2
0.1	3.9	119.5	10.4	2.2	510.2
0.1	4.0	200.6	10.4	2.6	510.2
0.5	8.0	244.8	10.4	3.8	510.2
0.0	2.9	76.8	10.4	2.7	510.2
0.0	4.2	313.8	10.4	3.8	510.2
0.2	4.4	316.5	10.5	3.2	510.2
4.1	5.5	53.1	10.5	2.2	510.2
1.5	3.5	21.1	10.5	1.3	510.2
16.7	2.6	46.5	10.5	1.8	510.2
7.2	3.7	67.5	10.5	1.8	510.2
21.3	4.7	26.3	10.6	1.3	510.2
2.4	5.4	82.5	10.6	1.7	510.2
37.7	6.7	48.0	10.6	2.2	510.2
2.4	0.8	24.7	10.6	2.7	510.2
0.0	0.0	322.6	10.7	2.1	510.2
0.0	0.5	353.5	10.7	2.9	510.2
0.0	0.2	362.7	10.7	2.7	510.2
0.0	4.1	358.1	10.7	3.5	510.2
0.0	4.8	362.3	10.7	3.9	511.6
0.0	5.8	359.4	10.8	4.2	511.6
2.9	8.1	164.5	10.8	3.8	511.6
0.9	7.0	94.8	10.8	2.7	511.6
0.5	7.6	165.6	10.8	3.1	511.6
4.4	9.5	116.8	10.9	3.1	511.6
0.8	8.2	107.3	10.9	2.5	511.6
9.2	7.9	142.4	10.9	2.4	511.6
11.1	7.7	33.9	11.0	1.7	511.6
6.9	8.3	129.0	11.0	2.6	511.6
1.8	4.7	58.5	11.0	3.0	511.6
17.5	4.6	26.0	11.0	2.7	511.6
4.9	-1.9	38.9	11.1	2.5	511.6
0.0	-5.4	412.5	11.1	1.6	511.6
0.0	1.6	404.0	11.1	3.5	511.6
0.0	4.1	363.5	11.1	4.3	511.6
0.0	6.6	391.2	11.2	5.2	511.6
3.3	7.9	289.8	11.2	4.8	511.6
0.0	2.7	367.1	11.2	3.7	511.6
0.0	4.4	427.0	11.3	4.4	511.6
6.5	9.3	393.8	11.3	5.3	511.6
10.8	7.4	20.7	11.3	3.4	511.6
0.3	3.9	181.2	11.3	3.0	511.6
0.4	6.0	292.9	11.4	4.2	511.6
6.4	7.7	59.0	11.4	3.6	511.6
0.8	3.9	134.2	11.4	2.4	511.6
0.2	5.1	414.9	11.5	3.7	511.6
0.0	6.2	394.3	11.5	4.1	511.6
0.0	5.0	298.0	11.5	3.0	512.3
8.8	6.8	144.6	11.6	3.4	512.3
6.9	10.2	136.4	11.6	3.7	512.3
10.3	12.2	71.0	11.6	6.2	512.3
0.2	6.3	350.3	11.6	4.9	512.3
0.1	10.6	412.9	11.7	6.6	512.3
6.2	17.9	345.2	11.7	7.2	512.3
22.1	16.3	135.0	11.7	7.0	512.3
2.0	6.5	78.8	11.8	4.6	512.3
3.8	2.3	169.0	11.8	2.3	512.3
17.3	8.6	190.0	11.8	4.9	512.3
10.0	10.3	151.6	11.9	3.9	512.3
0.9	9.6	343.1	11.9	6.1	512.3
0.9	5.9	97.0	11.9	2.2	512.3
16.8	4.4	37.5	12.0	2.4	512.3
7.4	4.2	76.9	12.0	3.2	512.3
0.3	6.8	397.0	12.0	5.4	512.3
0.1	9.0	216.1	12.0	5.8	512.3
0.6	12.6	465.5	12.1	7.4	512.3
1.3	13.6	101.7	12.1	4.8	512.3
0.0	20.9	334.9	12.1	8.0	512.3
0.1	14.2	252.9	12.2	6.9	512.3
1.0	12.8	169.5	12.2	5.1	512.3
0.1	16.3	235.2	12.2	6.6	512.3
6.3	16.3	364.5	12.3	11.2	512.3
7.6	8.6	65.2	12.3	3.1	512.3
0.9	8.1	135.7	12.3	4.7	512.3
2.9	12.1	266.2	12.4	6.6	512.3
2.0	9.9	66.4	12.4	2.5	512.3
3.0	10.6	127.3	12.4	3.6	512.3
0.0	13.0	530.7	12.4	7.5	512.3
0.0	13.6	370.8	12.5	7.5	512.9
19.5	17.8	363.5	12.5	9.4	512.9
0.0	17.7	424.9	12.5	8.6	512.9
0.0	18.9	537.1	12.6	8.3	512.9
4.9	20.4	107.9	12.6	7.4	512.9
5.7	22.2	507.4	12.6	11.3	512.9
2.7	14.3	163.4	12.7	4.7	512.9
4.8	20.8	319.7	12.7	12.1	512.9
7.4	10.4	42.8	12.7	4.9	512.9
4.0	7.0	29.7	12.7	2.7	512.9
2.2	8.7	94.3	12.8	5.4	512.9
3.1	18.3	383.3	12.8	10.4	512.9
7.8	11.8	37.2	12.8	6.6	512.9
14.8	12.9	436.1	12.9	7.2	512.9
19.1	15.0	57.0	12.9	7.4	512.9
5.7	16.6	69.6	12.9	7.6	512.9
8.2	21.0	418.9	12.9	11.0	512.9
25.7	13.4	54.9	13.0	5.8	512.9
0.8	12.5	224.6	13.0	5.0	512.9
12.6	14.2	151.1	13.0	5.4	512.9
0.0	14.4	460.2	13.1	7.8	512.9
39.7	14.3	140.4	13.1	5.6	512.9
3.2	16.8	63.4	13.1	4.4	512.9
18.6	16.5	133.4	13.1	5.8	512.9
1.5	15.2	179.0	13.2	6.0	512.9
0.1	18.6	513.5	13.2	9.0	512.9
0.0	19.2	421.0	13.2	9.0	512.9
1.1	13.6	77.5	13.2	4.8	512.9
0.0	17.1	588.9	13.3	9.8	512.9
0.8	19.3	583.7	13.3	10.9	512.9
0.1	20.8	583.1	13.3	11.5	513.6
0.1	21.2	581.5	13.4	12.1	513.6
7.6	22.4	544.8	13.4	10.7	513.6
18.4	20.3	187.6	13.4	7.3	513.6
4.4	21.4	426.0	13.4	9.0	513.6
0.5	21.6	421.4	13.5	8.8	513.6
1.2	22.2	492.9	13.5	10.3	513.6
0.1	19.4	110.0	13.5	4.6	513.6
0.0	24.9	575.9	13.5	11.3	513.6
0.0	26.7	600.0	13.5	11.6	513.6
2.0	26.7	588.8	13.6	11.0	513.6
54.3	23.0	370.9	13.6	9.8	513.6
2.5	18.3	82.9	13.6	7.0	513.6
16.2	22.1	412.8	13.6	10.3	513.6
29.3	19.2	77.6	13.7	8.7	513.6
0.0	17.4	582.8	13.7	7.4	513.6
0.6	17.7	585.6	13.7	8.0	513.6
13.1	15.5	155.7	13.7	4.7	513.6
30.3	17.1	59.0	13.7	5.5	513.6
6.2	16.7	111.2	13.8	4.8	513.6
0.0	19.4	573.8	13.8	9.0	513.6
0.1	18.6	272.9	13.8	8.0	513.6
0.0	18.4	638.5	13.8	10.1	513.6
0.0	20.5	638.4	13.8	10.0	513.6
0.0	21.8	643.2	13.8	10.7	513.6
0.0	23.6	634.7	13.9	11.3	513.6
5.5	25.3	573.4	13.9	11.7	513.6
12.0	24.2	451.8	13.9	9.3	513.6
7.9	23.8	285.6	13.9	8.8	513.6
2.8	22.4	270.1	13.9	9.0	513.6
5.2	20.1	131.3	13.9	8.5	513.6
10.4	15.0	95.8	14.0	3.9	512.4
0.3	17.7	244.8	14.0	6.9	512.4
0.1	18.7	266.9	14.0	8.1	512.4
0.0	19.6	522.5	14.0	10.2	512.4
0.0	21.1	635.4	14.0	10.2	512.4
0.0	19.9	426.7	14.0	8.9	512.4
0.0	20.9	396.6	14.0	8.6	512.4
0.1	23.0	397.8	14.0	9.0	512.4
3.8	24.2	322.1	14.0	9.5	512.4
17.9	23.5	269.1	14.0	9.7	512.4
0.6	24.0	344.1	14.0	10.3	512.4
0.4	24.8	591.7	14.1	10.7	512.4
0.0	24.4	600.5	14.1	10.7	512.4
0.0	24.9	601.7	14.1	10.8	512.4
2.1	27.9	579.4	14.1	11.2	512.4
17.4	25.1	176.6	14.1	7.4	512.4
0.3	24.8	412.3	14.1	11.1	512.4
0.0	26.4	550.1	14.1	11.9	512.4
25.5	25.1	110.1	14.1	7.4	512.4
46.4	24.1	42.2	14.1	4.1	512.4
2.1	23.9	134.4	14.1	7.7	512.4
0.6	24.1	261.2	14.1	7.8	512.4
36.8	24.2	88.3	14.1	5.8	512.4
2.3	23.1	81.0	14.1	6.9	512.4
4.4	19.6	37.2	14.1	6.2	512.4
0.3	19.9	267.4	14.1	7.1	512.4
0.3	23.2	590.3	14.1	10.0	512.4
0.0	24.4	373.4	14.1	9.6	512.4
3.0	24.1	291.1	14.1	8.6	512.4
2.0	24.2	216.0	14.1	7.3	512.4
15.8	25.7	428.2	14.1	10.3	508.9
25.9	25.0	180.0	14.0	6.8	508.9
7.3	25.9	288.3	14.0	8.6	508.9
11.0	27.4	601.7	14.0	10.9	508.9
0.0	28.5	632.5	14.0	11.7	508.9
0.8	28.6	627.7	14.0	11.4	508.9
2.1	28.7	628.2	14.0	11.1	508.9
8.1	27.9	586.7	14.0	10.8	508.9
9.4	27.9	515.0	14.0	10.9	508.9
20.4	27.1	413.1	14.0	10.5	508.9
18.6	26.1	332.7	14.0	10.0	508.9
3.9	27.6	557.3	13.9	11.6	508.9
7.6	26.8	377.2	13.9	9.4	508.9
6.8	26.6	407.9	13.9	10.2	508.9
1.9	27.4	492.4	13.9	10.8	508.9
3.9	26.0	341.5	13.9	8.9	508.9
0.8	25.5	212.4	13.9	7.2	508.9
1.8	26.4	446.5	13.9	9.6	508.9
0.5	24.7	171.5	13.8	7.9	508.9
9.9	23.4	108.5	13.8	5.3	508.9
5.7	22.8	30.9	13.8	3.1	508.9
0.9	23.3	121.6	13.8	5.0	508.9
0.1	26.2	525.6	13.8	9.6	508.9
4.9	27.1	365.0	13.8	9.5	508.9
17.5	27.0	417.0	13.7	9.3	508.9
15.5	27.2	496.3	13.7	9.4	508.9
1.3	28.2	538.6	13.7	10.9	508.9
16.4	27.7	444.0	13.7	9.6	508.9
23.4	27.0	353.0	13.7	9.0	508.9
5.8	27.6	479.7	13.6	9.7	508.9
19.7	27.0	453.1	13.6	9.6	508.9
6.2	26.6	533.9	13.6	10.2	507.1
11.3	26.7	469.4	13.6	8.2	507.1
0.2	26.2	523.6	13.5	10.5	507.1
0.0	25.8	586.9	13.5	9.8	507.1
0.3	26.4	552.1	13.5	10.0	507.1
0.5	26.9	518.2	13.5	9.6	507.1
0.8	27.8	548.6	13.4	10.1	507.1
0.8	27.5	344.3	13.4	9.0	507.1
7.5	27.0	416.0	13.4	9.7	507.1
3.6	27.8	524.9	13.4	9.6	507.1
3.5	27.8	514.8	13.4	10.1	507.1
5.4	27.7	430.1	13.3	9.8	507.1
20.7	27.3	352.7	13.3	9.4	507.1
19.2	25.8	201.6	13.3	7.9	507.1
3.0	24.9	404.3	13.2	8.0	507.1
0.6	24.8	370.8	13.2	8.9	507.1
0.4	26.8	466.8	13.2	9.1	507.1
16.5	25.0	247.5	13.2	7.1	507.1
0.3	25.0	444.3	13.1	8.9	507.1
0.2	25.9	521.5	13.1	9.5	507.1
0.3	26.7	546.3	13.1	9.4	507.1
0.5	27.0	429.9	13.1	8.6	507.1
23.0	26.0	444.5	13.0	8.0	507.1
17.4	26.2	411.5	13.0	9.1	507.1
15.2	26.4	336.9	13.0	8.7	507.1
16.2	26.2	425.2	12.9	9.3	507.1
27.4	24.8	412.2	12.9	7.8	507.1
0.8	22.7	61.0	12.9	3.8	507.1
0.6	23.7	458.6	12.9	8.5	507.1
0.1	23.6	507.5	12.8	8.3	507.1
0.2	24.0	484.0	12.8	9.3	507.1
7.3	25.6	480.1	12.8	8.8	508.0
15.1	22.6	28.4	12.7	4.4	508.0
1.0	22.1	293.6	12.7	8.8	508.0
0.0	22.6	545.6	12.7	9.8	508.0
0.0	23.7	517.3	12.7	9.2	508.0
0.0	22.2	320.4	12.6	8.6	508.0
0.0	24.3	515.7	12.6	8.7	508.0
0.1	24.6	257.0	12.6	6.6	508.0
6.2	25.1	234.1	12.5	7.6	508.0
2.6	25.7	293.7	12.5	7.8	508.0
4.5	24.6	135.7	12.5	5.4	508.0
14.2	25.3	368.1	12.5	7.4	508.0
4.4	20.1	62.3	12.4	8.0	508.0
0.1	19.0	517.0	12.4	6.4	508.0
0.0	18.8	518.4	12.4	7.8	508.0
0.0	18.9	520.3	12.3	8.3	508.0
0.0	19.3	500.1	12.3	8.6	508.0
0.0	21.2	493.8	12.3	9.2	508.0
0.0	22.9	440.7	12.2	9.1	508.0
0.0	22.3	249.4	12.2	8.7	508.0
0.0	22.6	496.1	12.2	9.5	508.0
0.1	23.0	480.6	12.2	8.8	508.0
0.3	24.7	306.4	12.1	8.3	508.0
1.0	24.4	62.6	12.1	5.3	508.0
3.8	24.7	132.0	12.1	6.3	508.0
0.1	24.4	229.1	12.0	8.2	508.0
0.0	24.1	467.6	12.0	9.4	508.0
0.0	22.4	480.2	12.0	8.3	508.0
0.0	23.7	467.8	11.9	9.0	508.0
0.0	24.1	452.2	11.9	8.9	508.0
0.0	21.6	463.7	11.9	8.2	508.9
0.0	21.5	454.1	11.9	8.4	508.9
0.0	22.3	452.8	11.8	8.6	508.9
0.0	22.1	433.9	11.8	9.0	508.9
0.0	19.5	461.8	11.8	8.7	508.9
0.0	19.9	459.6	11.7	8.5	508.9
0.0	20.3	428.3	11.7	8.0	508.9
0.0	19.2	390.9	11.7	8.0	508.9
0.0	16.4	456.6	11.6	7.7	508.9
0.0	17.8	441.3	11.6	8.0	508.9
0.0	19.9	349.9	11.6	7.4	508.9
0.0	20.5	362.9	11.6	7.8	508.9
0.0	21.5	410.6	11.5	8.0	508.9
0.3	23.6	371.3	11.5	7.9	508.9
0.1	24.7	384.9	11.5	7.7	508.9
2.4	24.4	213.1	11.4	7.1	508.9
0.1	20.0	271.0	11.4	6.7	508.9
0.0	19.0	395.0	11.4	7.0	508.9
0.0	18.6	269.1	11.3	7.1	508.9
0.0	19.1	409.9	11.3	7.8	508.9
0.0	19.1	412.8	11.3	7.7	508.9
0.0	21.8	391.0	11.3	7.9	508.9
0.1	23.5	266.1	11.2	7.4	508.9
0.0	24.4	335.1	11.2	7.5	508.9
0.0	23.0	349.8	11.2	6.5	508.9
0.1	24.9	348.3	11.1	7.4	508.9
0.1	26.0	350.7	11.1	6.7	508.9
0.0	22.8	312.6	11.1	7.0	508.9
0.0	22.3	374.2	11.1	6.9	508.9
0.0	23.2	368.5	11.0	6.7	508.9
12.7	22.4	246.3	11.0	7.9	508.9
8.4	12.6	18.7	11.0	3.3	510.8
1.6	11.6	20.1	11.0	1.9	510.8
2.8	9.1	36.2	10.9	2.6	510.8
0.3	8.7	258.9	10.9	4.2	510.8
0.1	10.1	350.6	10.9	4.9	510.8
0.0	11.5	334.5	10.9	4.8	510.8
0.0	14.5	306.6	10.8	4.9	510.8
0.0	17.1	301.0	10.8	5.4	510.8
0.0	18.2	326.6	10.8	5.8	510.8
0.6	18.2	274.4	10.8	4.9	510.8
0.2	17.6	289.9	10.7	4.9	510.8
1.1	19.3	308.2	10.7	5.8	510.8
0.6	10.0	148.7	10.7	4.4	510.8
0.0	7.6	343.0	10.7	3.8	510.8
0.0	9.6	332.0	10.6	4.5	510.8
0.0	11.7	332.3	10.6	5.1	510.8
0.0	13.6	329.6	10.6	5.5	510.8
0.0	15.1	240.0	10.6	4.5	510.8
0.4	17.2	273.8	10.6	5.1	510.8
0.6	11.7	108.3	10.5	4.0	510.8
0.0	10.0	325.0	10.5	4.2	510.8
0.0	4.9	334.2	10.5	2.8	510.8
0.0	8.9	321.8	10.5	4.5	510.8
0.0	10.8	310.0	10.5	5.0	510.8
0.0	10.1	290.7	10.4	4.1	510.8
0.0	11.1	71.1	10.4	2.9	510.8
0.0	12.3	71.8	10.4	3.0	510.8
1.0	13.7	209.8	10.4	3.9	510.8
0.6	14.3	110.4	10.4	3.1	510.8
0.1	15.6	136.6	10.4	4.3	510.8
1.4	15.8	161.3	10.3	4.0	513.2
0.1	8.9	220.9	10.3	4.0	513.2
0.0	6.7	312.4	10.3	3.0	513.2
0.0	7.5	289.9	10.3	4.0	513.2
0.0	7.8	304.5	10.3	4.1	513.2
0.0	10.1	299.5	10.3	4.7	513.2
0.0	11.3	283.2	10.3	4.7	513.2
0.0	12.2	281.5	10.3	4.8	513.2
0.0	13.0	227.3	10.2	4.2	513.2
0.9	13.6	118.0	10.2	3.3	513.2
0.0	16.3	256.3	10.2	4.6	513.2
0.0	19.9	259.5	10.2	5.0	513.2
6.6	19.2	93.3	10.2	3.7	513.2
0.6	15.0	58.6	10.2	3.9	513.2
0.4	13.7	118.8	10.2	2.6	513.2
7.5	13.4	62.8	10.2	3.7	513.2
2.5	8.8	43.4	10.2	2.3	513.2
3.1	7.4	99.5	10.2	1.6	513.2
17.6	6.7	18.6	10.2	1.7	513.2
0.6	3.5	105.7	10.2	1.9	513.2
0.3	2.4	205.3	10.2	2.3	513.2
0.1	2.8	210.6	10.2	2.6	513.2
0.2	3.1	150.1	10.2	2.5	513.2
0.2	6.5	253.4	10.2	3.8	513.2
0.2	9.7	239.8	10.2	4.5	513.2
5.0	9.1	76.4	10.2	3.7	513.2
1.9	0.4	22.9	10.2	2.3	513.2
0.0	-5.3	69.3	10.2	0.9	513.2
0.0	-5.6	253.5	10.2	1.4	513.2
0.0	-4.1	184.0	10.2	1.6	513.2
13.7	-2.0	92.5	10.2	1.2	513.2
0.9	-0.8	55.1	10.2	0.9	516.0
1.9	0.1	29.8	10.2	0.6	516.0
0.0	0.4	240.0	10.2	2.2	516.0
0.0	0.6	305.1	10.2	2.5	516.0
0.1	3.4	263.1	10.3	3.0	516.0
0.1	3.5	99.4	10.3	2.4	516.0
0.6	4.4	73.4	10.3	2.2	516.0
18.6	3.9	49.2	10.3	1.5	516.0
13.0	2.1	31.7	10.3	1.7	516.0
0.6	2.0	130.1	10.3	1.8	516.0
3.3	7.1	237.1	10.3	3.0	516.0
6.5	7.9	19.3	10.3	1.8	516.0
6.5	5.3	18.4	10.4	1.9	516.0
11.4	4.1	19.9	10.4	1.1	516.0
21.8	3.3	11.9	10.4	2.3	516.0
1.2	-1.1	118.9	10.4	1.5	516.0
4.5	-0.9	76.6	10.4	1.2	516.0
2.0	-2.3	215.8	10.4	2.0	516.0
0.5	-6.1	259.5	10.5	1.5	516.0
0.5	-5.3	206.8	10.5	1.6	516.0
0.3	-3.4	138.7	10.5	1.4	516.0
2.4	-2.4	64.2	10.5	1.1	516.0
2.2	0.0	41.3	10.5	1.5	516.0
1.7	4.7	102.0	10.6	2.6	516.0
4.2	0.9	26.6	10.6	2.5	516.0
0.4	-3.3	92.0	10.6	1.8	516.0
0.0	-4.6	247.3	10.6	1.9	516.0
0.0	-1.9	315.0	10.6	2.3	516.0
0.0	-4.2	361.9	10.7	1.7	516.0
0.0	-2.0	352.6	10.7	2.4	516.0
0.0	-0.8	362.8	10.7	2.9	516.0
0.0	1.8	363.0	10.7	3.1	517.5
0.0	3.4	365.3	10.8	3.1	517.5
0.0	0.0	354.6	10.8	3.1	517.5
0.0	-1.3	384.3	10.8	2.8	517.5
0.0	-0.2	385.5	10.8	3.4	517.5
0.0	4.0	381.5	10.9	4.8	517.5
0.0	6.8	372.5	10.9	5.4	517.5
0.0	8.5	376.4	10.9	5.7	517.5
0.0	10.0	368.3	10.9	6.0	517.5
0.0	11.6	341.1	11.0	6.4	517.5
0.0	14.4	366.8	11.0	6.7	517.5
11.0	12.5	149.2	11.0	4.2	517.5
0.5	14.0	83.2	11.1	3.9	517.5
7.6	17.0	300.7	11.1	5.3	517.5
2.1	18.4	266.5	11.1	4.7	517.5
17.7	14.7	167.1	11.1	6.1	517.5
8.2	5.2	26.5	11.2	3.0	517.5
5.4	3.6	29.0	11.2	1.3	517.5
11.3	3.5	30.9	11.2	1.2	517.5
8.5	2.3	46.5	11.3	2.0	517.5
0.1	3.2	215.0	11.3	3.1	517.5
0.3	4.7	169.5	11.3	3.7	517.5
17.3	7.6	209.1	11.3	5.5	517.5
0.6	2.3	147.4	11.4	2.2	517.5
0.2	4.2	427.5	11.4	3.5	517.5
0.0	4.3	382.2	11.4	3.2	517.5
0.9	9.1	367.2	11.5	4.9	517.5
1.8	10.6	211.3	11.5	4.9	517.5
0.5	9.0	187.8	11.5	4.2	518.2
9.4	9.0	178.0	11.5	3.5	518.2
0.1	6.1	273.9	11.6	4.4	518.2
15.7	6.3	159.2	11.6	3.1	518.2
18.9	7.0	42.7	11.6	3.8	518.2
0.0	4.4	291.2	11.7	4.2	518.2
0.0	3.8	329.9	11.7	4.2	518.2
0.0	4.7	473.0	11.7	4.7	518.2
2.7	6.4	300.9	11.8	4.1	518.2
23.9	7.2	47.3	11.8	2.7	518.2
1.1	8.8	109.5	11.8	3.0	518.2
24.0	10.1	87.4	11.9	3.0	518.2
7.7	11.3	73.3	11.9	3.5	518.2
3.7	11.6	92.3	11.9	4.3	518.2
0.0	7.8	279.8	11.9	4.6	518.2
0.0	6.7	404.2	12.0	5.2	518.2
17.1	10.1	276.8	12.0	5.2	518.2
19.5	14.5	28.2	12.0	6.2	518.2
1.1	10.0	128.4	12.1	7.4	518.2
0.0	9.4	327.2	12.1	4.4	518.2
0.0	13.8	424.4	12.1	7.4	518.2
7.0	17.6	330.1	12.2	7.4	518.2
16.2	17.5	343.8	12.2	8.7	518.2
1.1	10.3	163.1	12.2	4.2	518.2
1.8	11.8	302.5	12.3	5.4	518.2
0.0	11.1	499.5	12.3	6.2	518.2
13.0	15.8	490.0	12.3	7.7	518.2
6.8	16.4	60.4	12.3	6.9	518.2
6.7	12.1	164.2	12.4	4.2	518.2
0.4	13.1	406.5	12.4	5.7	518.2
17.4	12.2	75.9	12.4	4.4	518.2
0.2	11.7	116.4	12.5	3.9	518.8
0.0	13.0	225.7	12.5	5.5	518.8
0.0	11.4	417.5	12.5	5.8	518.8
0.0	9.1	269.0	12.6	5.8	518.8
0.0	11.0	561.9	12.6	7.6	518.8
0.0	13.8	547.5	12.6	7.5	518.8
20.9	14.4	82.9	12.6	4.8	518.8
5.5	16.7	106.1	12.7	5.0	518.8
3.1	18.9	137.6	12.7	5.7	518.8
26.6	18.4	98.2	12.7	6.8	518.8
0.0	10.5	500.8	12.8	6.6	518.8
1.9	8.7	318.2	12.8	4.3	518.8
3.9	7.4	59.8	12.8	3.6	518.8
15.4	11.5	87.8	12.9	4.3	518.8
13.0	12.1	41.8	12.9	2.8	518.8
4.2	8.7	123.7	12.9	5.8	518.8
0.0	11.0	611.6	12.9	7.4	518.8
0.0	14.1	595.6	13.0	8.7	518.8
0.4	15.9	291.5	13.0	7.0	518.8
0.2	17.2	466.0	13.0	9.6	518.8
0.0	18.9	454.6	13.1	9.3	518.8
2.1	20.4	266.3	13.1	7.5	518.8
7.8	16.1	110.4	13.1	9.6	518.8
0.0	12.3	614.0	13.1	7.6	518.8
1.7	17.5	552.7	13.2	9.6	518.8
52.4	16.3	64.2	13.2	4.7	518.8
10.2	19.5	84.2	13.2	6.1	518.8
26.0	16.3	88.3	13.2	10.5	518.8
0.0	10.2	273.2	13.3	5.7	518.8
0.0	10.6	299.7	13.3	6.1	518.8
5.2	12.5	261.2	13.3	5.9	519.4
0.0	14.3	498.1	13.3	8.4	519.4
0.1	18.2	609.9	13.4	10.3	519.4
54.0	21.0	558.9	13.4	10.9	519.4
23.1	18.4	56.0	13.4	6.4	519.4
11.3	16.1	65.3	13.4	4.1	519.4
1.3	17.2	165.6	13.5	6.7	519.4
11.4	19.1	224.9	13.5	7.3	519.4
0.9	18.7	268.7	13.5	6.4	519.4
0.0	21.5	561.3	13.5	9.1	519.4
16.2	23.0	172.9	13.6	8.1	519.4
24.7	23.7	203.2	13.6	9.5	519.4
10.5	14.6	69.6	13.6	7.8	519.4
0.0	18.0	611.3	13.6	8.8	519.4
44.2	18.7	191.4	13.7	7.7	519.4
0.8	13.6	170.4	13.7	6.0	519.4
27.5	18.8	577.3	13.7	9.4	519.4
5.2	16.0	104.3	13.7	5.3	519.4
0.0	18.8	401.9	13.7	8.8	519.4
39.1	17.9	107.6	13.8	4.3	519.4
13.7	19.6	113.0	13.8	6.1	519.4
5.2	23.9	169.2	13.8	8.2	519.4
0.3	23.9	256.3	13.8	9.1	519.4
2.5	24.1	556.4	13.8	10.2	519.4
7.2	23.3	407.0	13.8	9.0	519.4
7.6	23.5	301.2	13.9	12.0	519.4
1.2	16.4	199.2	13.9	5.7	519.4
0.0	19.0	631.8	13.9	10.1	519.4
0.0	20.9	622.9	13.9	11.1	519.4
7.4	20.0	238.4	13.9	9.0	519.4
4.2	17.5	112.2	13.9	5.2	519.4
0.3	21.8	560.1	13.9	10.1	518.2
0.1	19.4	457.2	14.0	9.9	518.2
0.0	20.9	587.5	14.0	9.9	518.2
14.9	22.4	257.4	14.0	7.1	518.2
2.6	22.7	206.5	14.0	7.9	518.2
0.2	25.2	621.0	14.0	11.9	518.2
1.7	25.4	619.9	14.0	12.2	518.2
0.0	26.5	645.4	14.0	12.1	518.2
2.0	27.0	628.0	14.0	11.1	518.2
32.8	25.8	517.5	14.0	8.6	518.2
0.0	23.1	626.3	14.0	12.8	518.2
0.0	22.6	637.9	14.1	10.5	518.2
1.3	26.2	516.4	14.1	11.5	518.2
12.3	25.0	71.1	14.1	5.5	518.2
0.5	23.0	331.1	14.1	10.5	518.2
0.1	22.2	591.6	14.1	11.4	518.2
0.0	23.2	662.6	14.1	11.4	518.2
0.0	23.0	617.8	14.1	10.3	518.2
0.2	20.9	86.8	14.1	4.8	518.2
0.5	21.8	139.5	14.1	6.9	518.2
0.1	21.8	295.1	14.1	7.4	518.2
14.5	21.0	94.6	14.1	5.5	518.2
28.5	22.2	49.1	14.1	4.7	518.2
41.6	23.0	44.1	14.1	4.6	518.2
35.1	23.3	55.4	14.1	4.6	518.2
3.3	23.8	107.5	14.1	6.7	518.2
0.2	24.6	116.3	14.1	6.5	518.2
4.1	25.8	219.8	14.1	8.6	518.2
13.4	25.3	262.4	14.1	9.1	518.2
22.7	24.6	210.9	14.1	7.6	518.2
16.1	25.6	218.9	14.1	8.4	514.8
0.1	26.1	424.2	14.0	9.8	514.8
15.3	26.5	485.6	14.0	8.7	514.8
29.0	26.6	503.4	14.0	8.3	514.8
19.3	27.0	539.7	14.0	9.9	514.8
22.8	27.0	439.3	14.0	9.1	514.8
13.3	27.0	452.4	14.0	9.8	514.8
12.1	27.0	456.4	14.0	10.3	514.8
0.0	26.9	308.2	14.0	7.8	514.8
9.9	27.7	562.9	14.0	10.1	514.8
5.0	28.1	558.5	14.0	10.2	514.8
2.0	28.0	561.5	13.9	10.8	514.8
1.2	28.4	576.7	13.9	10.4	514.8
3.3	28.8	561.0	13.9	11.3	514.8
5.3	28.7	520.5	13.9	10.2	514.8
16.6	27.9	450.1	13.9	9.1	514.8
50.4	26.1	274.4	13.9	8.1	514.8
15.5	26.0	265.7	13.9	7.7	514.8
12.2	26.0	479.7	13.8	9.1	514.8
10.1	26.2	369.9	13.8	8.7	514.8
7.4	26.7	493.4	13.8	9.0	514.8
11.0	27.0	564.3	13.8	9.4	514.8
10.4	27.0	561.0	13.8	10.3	514.8
0.3	27.7	601.0	13.8	10.9	514.8
0.0	27.6	601.6	13.7	10.9	514.8
0.0	28.0	400.9	13.7	10.0	514.8
0.4	28.6	457.2	13.7	10.6	514.8
0.3	29.2	578.1	13.7	11.0	514.8
0.1	29.8	600.1	13.7	11.2	514.8
3.4	29.5	512.3	13.6	10.1	514.8
6.8	27.4	462.6	13.6	10.8	514.8
17.5	25.8	342.4	13.6	7.5	513.0
35.8	25.2	290.0	13.6	5.6	513.0
2.0	25.4	170.5	13.5	6.7	513.0
0.5	26.2	429.1	13.5	9.2	513.0
1.0	25.4	341.7	13.5	8.9	513.0
0.8	26.3	435.5	13.5	9.8	513.0
2.1	27.2	569.5	13.5	10.1	513.0
11.6	26.9	480.6	13.4	9.4	513.0
20.3	26.4	460.8	13.4	9.4	513.0
16.3	25.8	351.6	13.4	8.6	513.0
17.7	25.2	282.2	13.4	7.8	513.0
12.1	25.2	209.3	13.3	7.6	513.0
23.6	25.5	303.7	13.3	7.1	513.0
23.1	26.0	295.5	13.3	8.3	513.0
27.2	25.8	388.9	13.3	7.7	513.0
7.6	25.7	179.8	13.2	7.5	513.0
14.3	26.0	430.9	13.2	9.3	513.0
2.8	26.2	549.4	13.2	9.6	513.0
3.4	25.9	464.3	13.1	9.3	513.0
2.2	26.5	454.8	13.1	9.4	513.0
0.2	26.9	372.0	13.1	9.2	513.0
14.5	26.5	390.8	13.1	9.2	513.0
16.2	25.3	152.8	13.0	6.8	513.0
0.5	24.8	88.0	13.0	5.8	513.0
7.0	24.6	85.4	13.0	5.2	513.0
4.2	24.2	73.1	13.0	4.7	513.0
1.9	24.5	89.3	12.9	4.9	513.0
21.7	24.9	263.5	12.9	7.9	513.0
18.5	25.2	376.4	12.9	8.3	513.0
12.1	26.0	444.9	12.8	8.7	513.0
10.1	26.3	466.6	12.8	8.9	513.0
17.7	25.7	392.1	12.8	8.3	513.9
0.1	25.9	457.1	12.8	8.6	513.9
12.8	25.9	475.0	12.7	9.4	513.9
12.8	26.1	432.7	12.7	8.8	513.9
11.1	25.4	460.4	12.7	8.3	513.9
0.0	22.2	361.8	12.6	7.7	513.9
0.0	20.0	136.9	12.6	5.7	513.9
0.0	21.4	259.9	12.6	6.4	513.9
0.0	21.7	157.8	12.6	6.2	513.9
0.0	24.3	439.4	12.5	8.6	513.9
1.1	24.3	310.3	12.5	7.3	513.9
1.2	22.3	72.3	12.5	5.2	513.9
0.4	23.1	242.9	12.4	6.9	513.9
0.2	24.5	471.6	12.4	8.7	513.9
0.0	25.4	488.0	12.4	7.7	513.9
0.0	24.8	296.5	12.3	7.1	513.9
0.0	23.7	95.0	12.3	4.7	513.9
0.0	22.9	91.4	12.3	4.9	513.9
0.0	25.5	354.8	12.3	7.6	513.9
0.0	26.2	422.4	12.2	8.7	513.9
0.0	26.3	406.7	12.2	8.4	513.9
1.5	24.4	279.8	12.2	7.2	513.9
0.5	23.7	336.3	12.1	6.6	513.9
1.1	18.4	139.1	12.1	8.3	513.9
0.0	15.7	484.0	12.1	7.1	513.9
0.0	16.5	501.8	12.0	7.8	513.9
0.0	19.0	492.4	12.0	8.4	513.9
0.0	20.2	475.7	12.0	7.5	513.9
0.0	17.7	482.6	11.9	6.9	513.9
0.0	17.7	483.4	11.9	7.4	513.9
0.0	19.2	474.2	11.9	8.5	514.9
0.0	20.6	439.7	11.9	9.0	514.9
0.0	21.1	461.6	11.8	8.8	514.9
0.0	19.8	458.8	11.8	8.2	514.9
0.0	20.6	403.6	11.8	7.5	514.9
0.0	20.8	322.0	11.7	7.3	514.9
0.0	22.5	406.6	11.7	7.7	514.9
0.1	22.6	405.9	11.7	8.3	514.9
0.0	22.7	404.8	11.6	8.5	514.9
0.0	22.5	432.8	11.6	8.5	514.9
0.0	19.7	437.8	11.6	7.7	514.9
0.0	18.4	316.7	11.6	7.0	514.9
0.0	20.5	429.9	11.5	7.7	514.9
0.0	21.7	419.6	11.5	7.8	514.9
0.0	22.8	411.3	11.5	7.8	514.9
0.0	23.0	402.4	11.4	7.8	514.9
4.9	21.1	375.1	11.4	7.6	514.9
0.6	17.2	94.7	11.4	5.8	514.9
0.0	15.3	411.0	11.4	6.2	514.9
0.0	15.4	409.2	11.3	6.6	514.9
0.0	17.6	402.6	11.3	6.8	514.9
0.0	20.1	367.1	11.3	7.2	514.9
0.0	19.9	358.5	11.2	7.4	514.9
0.0	21.7	387.0	11.2	7.3	514.9
0.2	23.3	362.0	11.2	7.4	514.9
0.1	23.4	104.5	11.2	5.8	514.9
0.2	24.2	278.3	11.1	7.0	514.9
17.1	21.5	290.4	11.1	5.5	514.9
0.6	17.9	44.4	11.1	3.9	514.9
0.0	17.1	86.9	11.0	3.3	514.9
1.4	19.1	154.2	11.0	4.7	514.9
0.1	15.2	206.4	11.0	3.4	516.7
7.1	14.4	73.6	11.0	2.6	516.7
0.2	15.7	124.6	10.9	3.5	516.7
1.7	19.1	295.4	10.9	5.6	516.7
0.2	15.5	47.4	10.9	3.0	516.7
1.0	19.5	266.8	10.9	5.7	516.7
0.1	21.2	289.0	10.8	5.9	516.7
1.9	19.5	184.2	10.8	6.2	516.7
0.6	14.4	145.6	10.8	3.4	516.7
0.0	15.3	332.3	10.8	4.3	516.7
0.0	17.5	307.6	10.7	5.5	516.7
0.0	19.8	324.9	10.7	6.3	516.7
3.4	20.7	320.7	10.7	6.0	516.7
2.2	11.4	76.4	10.7	4.5	516.7
0.1	10.6	235.0	10.6	3.7	516.7
0.1	13.7	297.8	10.6	4.5	516.7
0.0	15.2	226.5	10.6	3.8	516.7
0.0	17.7	218.8	10.6	4.8	516.7
0.0	19.8	221.1	10.6	5.1	516.7
0.7	21.1	152.3	10.5	4.6	516.7
2.6	15.6	33.9	10.5	5.1	516.7
0.1	14.5	98.3	10.5	2.6	516.7
1.8	18.2	144.0	10.5	5.2	516.7
4.4	6.8	38.1	10.5	3.6	516.7
0.1	3.6	175.5	10.4	2.5	516.7
0.9	5.6	190.0	10.4	2.6	516.7
26.9	9.5	17.0	10.4	2.3	516.7
14.3	7.8	10.3	10.4	3.4	516.7
2.0	1.2	40.0	10.4	1.7	516.7
0.1	0.7	223.6	10.4	2.2	516.7
3.2	5.4	132.6	10.3	2.8	519.2
7.5	6.3	123.8	10.3	2.1	519.2
1.0	8.1	93.4	10.3	2.7	519.2
2.9	11.9	65.8	10.3	3.9	519.2
1.5	8.0	40.1	10.3	1.1	519.2
1.8	9.3	60.5	10.3	2.0	519.2
3.9	12.2	45.9	10.3	2.1	519.2
6.0	11.6	38.4	10.3	4.0	519.2
0.6	4.7	77.5	10.2	1.9	519.2
0.5	3.4	118.0	10.2	1.5	519.2
0.5	4.0	138.5	10.2	2.7	519.2
0.2	7.6	210.0	10.2	3.5	519.2
0.3	8.2	46.5	10.2	2.2	519.2
0.3	10.3	129.7	10.2	3.2	519.2
16.6	12.5	28.7	10.2	2.4	519.2
0.7	7.6	26.6	10.2	3.7	519.2
1.2	-0.4	168.2	10.2	1.8	519.2
0.0	-0.8	297.3	10.2	2.2	519.2
0.5	3.1	168.7	10.2	2.7	519.2
0.5	3.2	95.4	10.2	1.5	519.2
0.2	4.7	199.8	10.2	3.0	519.2
0.5	4.6	154.6	10.2	3.0	519.2
0.5	5.6	167.3	10.2	2.5	519.2
4.1	5.6	48.3	10.2	1.6	519.2
0.2	6.3	212.4	10.2	2.6	519.2
0.5	7.7	189.7	10.2	3.5	519.2
0.1	8.0	229.5	10.2	3.8	519.2
0.0	10.3	226.6	10.2	3.9	519.2
0.0	13.1	242.4	10.2	4.1	519.2
3.7	9.7	84.0	10.2	4.5	519.2
1.2	-0.3	125.4	10.2	1.9	519.2
0.0	-2.4	248.4	10.2	2.0	522.0
0.1	0.2	279.3	10.2	2.9	522.0
0.2	2.8	172.5	10.2	2.7	522.0
0.1	1.4	190.5	10.2	2.4	522.0
0.8	7.3	276.1	10.3	3.7	522.0
4.5	5.3	33.4	10.3	3.1	522.0
0.4	-0.6	201.8	10.3	1.8	522.0
0.0	-0.3	296.2	10.3	2.3	522.0
0.9	3.2	169.6	10.3	2.7	522.0
0.0	0.3	299.7	10.3	2.2	522.0
0.0	0.7	280.7	10.3	2.3	522.0
0.0	3.6	314.3	10.3	3.3	522.0
0.1	5.6	314.9	10.4	3.8	522.0
0.2	4.0	306.6	10.4	2.6	522.0
0.1	0.9	192.1	10.4	2.5	522.0
0.0	-2.3	200.6	10.4	1.8	522.0
0.0	-1.4	307.6	10.4	2.4	522.0
0.0	-1.0	333.1	10.4	2.7	522.0
0.0	2.5	330.8	10.5	3.2	522.0
3.8	5.4	99.2	10.5	2.7	522.0
18.2	2.9	23.3	10.5	1.4	522.0
18.4	4.4	51.0	10.5	1.7	522.0
3.6	3.9	47.1	10.5	1.6	522.0
0.2	4.1	268.4	10.6	3.0	522.0
17.5	10.5	120.9	10.6	4.6	522.0
5.7	7.1	18.3	10.6	4.7	522.0
8.5	0.1	64.8	10.6	1.9	522.0
0.0	1.1	310.8	10.6	2.2	522.0
6.1	1.7	58.4	10.7	1.3	522.0
4.7	7.6	143.5	10.7	3.7	522.0
15.6	9.2	53.4	10.7	4.0	522.0
12.5	3.9	20.8	10.7	2.6	523.4
1.5	2.5	104.9	10.8	1.4	523.4
0.7	5.6	188.7	10.8	3.2	523.4
37.7	1.9	37.9	10.8	3.1	523.4
0.8	-4.5	249.0	10.8	1.5	523.4
0.1	-5.8	181.9	10.9	1.7	523.4
0.0	-4.8	393.4	10.9	2.2	523.4
0.0	-1.0	378.7	10.9	3.0	523.4
1.0	3.0	226.2	10.9	3.1	523.4
11.4	3.0	29.0	11.0	1.3	523.4
51.9	5.4	61.2	11.0	2.0	523.4
22.3	-0.2	31.5	11.0	2.7	523.4
0.3	-3.5	315.1	11.0	2.2	523.4
0.0	0.5	399.4	11.1	3.2	523.4
0.4	4.6	193.2	11.1	3.5	523.4
24.3	7.7	158.3	11.1	3.7	523.4
12.4	6.6	90.0	11.2	1.8	523.4
21.6	6.8	48.9	11.2	1.7	523.4
1.5	5.9	60.3	11.2	2.6	523.4
48.1	5.4	81.6	11.2	2.0	523.4
4.0	2.2	24.6	11.3	3.0	523.4
5.3	2.2	251.5	11.3	2.5	523.4
15.6	4.1	63.7	11.3	2.1	523.4
13.6	5.5	114.9	11.4	2.5	523.4
5.1	7.4	104.5	11.4	3.0	523.4
20.0	5.5	20.1	11.4	2.0	523.4
30.9	1.4	14.7	11.5	2.8	523.4
3.6	-0.1	93.8	11.5	1.1	523.4
15.2	1.8	136.9	11.5	2.4	524.2
9.3	2.5	52.3	11.5	1.9	524.2
0.2	5.0	193.9	11.6	3.2	524.2
0.0	5.2	420.7	11.6	4.6	524.2
16.0	6.8	393.4	11.6	4.2	524.2
9.1	7.1	37.3	11.7	2.5	524.2
9.0	6.4	39.6	11.7	2.6	524.2
8.2	5.7	42.2	11.7	1.6	524.2
13.5	6.5	45.0	11.8	2.0	524.2
11.8	7.8	42.2	11.8	2.6	524.2
26.0	9.7	102.5	11.8	3.1	524.2
13.8	14.4	45.3	11.8	6.3	524.2
2.7	6.1	116.1	11.9	3.8	524.2
0.6	6.3	360.2	11.9	3.9	524.2
0.0	5.7	240.3	11.9	4.2	524.2
14.0	7.1	444.8	12.0	4.4	524.2
19.8	8.1	58.1	12.0	3.8	524.2
1.6	5.4	80.2	12.0	2.4	524.2
0.0	7.3	435.5	12.1	4.8	524.2
12.9	6.4	111.2	12.1	3.9	524.2
10.6	5.9	55.0	12.1	2.9	524.2
3.4	3.7	47.3	12.2	1.8	524.2
0.1	4.5	334.8	12.2	4.2	524.2
35.4	3.1	82.2	12.2	2.2	524.2
4.4	4.7	92.1	12.2	4.2	524.2
0.5	8.8	334.5	12.3	5.7	524.2
39.1	10.3	312.4	12.3	4.9	524.2
34.7	17.1	60.9	12.3	7.6	524.2
11.7	10.8	40.4	12.4	8.2	524.2
1.1	9.7	285.4	12.4	5.7	524.2
7.3	9.8	84.7	12.4	3.3	524.2
0.4	10.7	109.6	12.5	5.0	524.8
13.0	15.7	227.8	12.5	7.3	524.8
62.2	10.0	54.3	12.5	7.7	524.8
52.3	7.2	44.0	12.5	5.2	524.8
39.0	11.4	61.1	12.6	6.8	524.8
0.3	9.1	276.3	12.6	5.2	524.8
0.0	8.4	517.0	12.6	7.2	524.8
4.4	11.6	491.6	12.7	6.2	524.8
1.0	11.4	156.2	12.7	5.5	524.8
11.3	15.7	377.7	12.7	8.2	524.8
35.7	15.5	60.0	12.8	4.2	524.8
7.7	15.4	43.0	12.8	4.2	524.8
26.1	17.3	109.1	12.8	5.3	524.8
1.9	18.0	55.7	12.8	5.4	524.8
4.7	23.5	391.3	12.9	10.6	524.8
0.0	25.0	531.8	12.9	9.8	524.8
8.4	24.3	472.3	12.9	10.1	524.8
5.0	25.6	487.4	13.0	10.7	524.8
11.9	23.9	528.1	13.0	11.9	524.8
0.3	16.5	467.9	13.0	6.9	524.8
1.7	13.6	135.1	13.0	5.5	524.8
0.0	13.5	542.6	13.1	6.5	524.8
3.6	13.7	239.3	13.1	5.8	524.8
1.8	13.7	138.5	13.1	5.3	524.8
0.0	17.0	576.2	13.2	8.9	524.8
0.3	19.2	500.5	13.2	9.7	524.8
0.3	17.3	517.5	13.2	9.4	524.8
0.0	19.6	594.4	13.2	9.9	524.8
40.4	22.2	524.1	13.3	10.4	524.8
2.1	20.0	65.4	13.3	7.7	524.8
0.4	15.3	287.5	13.3	5.9	525.4
17.5	16.0	360.0	13.3	6.8	525.4
6.1	14.7	69.3	13.4	3.7	525.4
4.3	18.4	162.3	13.4	6.7	525.4
9.6	22.4	158.3	13.4	7.9	525.4
52.1	22.6	84.4	13.4	6.5	525.4
27.1	22.1	81.8	13.5	7.0	525.4
0.1	22.3	510.2	13.5	9.6	525.4
0.7	23.3	371.0	13.5	8.9	525.4
13.4	22.2	276.3	13.5	7.9	525.4
79.3	24.8	542.8	13.6	10.7	525.4
9.2	16.8	79.5	13.6	10.9	525.4
0.0	17.0	614.4	13.6	10.1	525.4
0.0	17.5	496.5	13.6	7.8	525.4
0.2	19.4	205.4	13.6	7.4	525.4
0.2	22.8	582.0	13.7	10.4	525.4
0.2	24.7	585.0	13.7	10.8	525.4
32.5	22.7	178.6	13.7	6.6	525.4
7.5	18.0	54.4	13.7	8.1	525.4
0.8	18.8	204.5	13.7	7.5	525.4
10.7	20.3	410.2	13.8	8.7	525.4
53.1	17.1	41.9	13.8	3.7	525.4
9.6	16.7	55.1	13.8	2.9	525.4
2.0	16.4	129.8	13.8	4.6	525.4
7.5	16.8	193.1	13.8	6.2	525.4
0.9	16.8	329.8	13.9	7.5	525.4
0.2	20.0	644.2	13.9	10.2	525.4
0.3	22.4	593.9	13.9	10.7	525.4
0.3	24.3	634.5	13.9	11.3	525.4
0.1	25.5	479.6	13.9	10.6	525.4
1.4	24.2	195.5	13.9	8.5	525.4
21.1	23.3	76.1	13.9	5.5	524.2
0.7	26.2	507.7	14.0	10.2	524.2
17.7	24.7	341.9	14.0	12.7	524.2
10.5	17.2	135.1	14.0	7.3	524.2
0.0	20.6	575.6	14.0	11.3	524.2
0.4	22.2	583.2	14.0	8.7	524.2
0.8	24.4	276.5	14.0	9.1	524.2
29.9	26.6	494.9	14.0	9.6	524.2
41.8	26.7	452.5	14.0	9.4	524.2
28.4	26.2	305.7	14.0	10.3	524.2
0.9	21.4	277.6	14.0	7.8	524.2
0.0	20.8	668.8	14.1	11.3	524.2
0.0	23.3	621.8	14.1	11.1	524.2
0.4	21.8	81.6	14.1	6.3	524.2
0.6	21.8	222.9	14.1	6.5	524.2
0.5	24.0	552.5	14.1	10.4	524.2
0.0	26.0	622.4	14.1	11.0	524.2
0.0	26.8	493.4	14.1	10.4	524.2
12.2	26.1	407.3	14.1	10.6	524.2
29.3	24.1	65.6	14.1	5.2	524.2
8.4	25.6	417.1	14.1	9.2	524.2
6.6	26.3	625.4	14.1	9.5	524.2
0.0	26.3	542.1	14.1	9.5	524.2
20.9	24.0	125.2	14.1	7.2	524.2
3.4	22.1	31.5	14.1	7.2	524.2
0.5	22.2	274.2	14.1	8.0	524.2
0.2	24.9	476.4	14.1	10.1	524.2
0.3	25.7	435.3	14.1	9.9	524.2
8.0	24.9	302.1	14.1	8.6	524.2
0.2	25.0	610.4	14.1	10.6	524.2
0.0	24.5	478.6	14.1	9.5	520.7
0.2	26.0	613.1	14.1	10.3	520.7
8.1	26.8	544.3	14.0	10.3	520.7
13.0	27.1	450.8	14.0	10.3	520.7
17.1	26.6	303.5	14.0	8.6	520.7
0.7	27.7	487.1	14.0	10.4	520.7
21.7	27.7	394.1	14.0	9.7	520.7
7.9	28.6	539.8	14.0	11.3	520.7
10.6	28.4	572.2	14.0	9.7	520.7
7.6	28.6	459.4	14.0	9.8	520.7
1.2	28.3	382.1	14.0	10.9	520.7
11.6	28.5	564.1	14.0	10.3	520.7
6.8	28.1	488.7	13.9	10.3	520.7
0.2	29.0	455.8	13.9	10.9	520.7
1.5	28.9	507.2	13.9	11.3	520.7
0.0	28.0	372.9	13.9	9.5	520.7
0.2	28.1	534.0	13.9	10.7	520.7
0.7	27.5	541.6	13.9	10.2	520.7
2.0	25.7	111.7	13.9	5.9	520.7
1.0	26.0	125.0	13.8	5.3	520.7
12.0	27.2	394.7	13.8	8.9	520.7
18.4	27.8	530.3	13.8	9.9	520.7
20.6	27.3	453.6	13.8	9.8	520.7
4.3	26.6	256.0	13.8	8.1	520.7
22.9	26.8	389.7	13.7	9.6	520.7
14.1	27.0	326.9	13.7	8.9	520.7
13.7	27.8	426.6	13.7	9.5	520.7
6.3	26.7	249.4	13.7	9.4	520.7
4.7	27.3	521.0	13.7	11.3	520.7
7.9	27.4	565.1	13.6	9.9	520.7
10.0	27.3	462.9	13.6	9.1	520.7
17.0	26.9	400.9	13.6	8.7	519.0
11.8	27.0	312.4	13.6	9.4	519.0
14.2	27.1	502.3	13.6	10.3	519.0
14.6	26.8	491.2	13.5	10.3	519.0
0.6	27.6	585.9	13.5	10.4	519.0
5.3	27.5	524.4	13.5	10.5	519.0
10.7	27.2	587.8	13.5	10.2	519.0
10.5	27.2	568.0	13.4	9.7	519.0
11.5	27.0	434.4	13.4	9.0	519.0
12.6	27.0	466.4	13.4	9.6	519.0
14.4	26.6	471.6	13.4	9.0	519.0
23.7	26.2	356.5	13.3	8.2	519.0
11.0	26.0	340.9	13.3	8.3	519.0
3.6	26.8	442.5	13.3	9.6	519.0
7.2	27.0	481.9	13.3	9.6	519.0
13.6	26.9	523.1	13.2	9.4	519.0
14.1	26.8	532.3	13.2	9.0	519.0
8.6	26.9	524.6	13.2	8.8	519.0
0.6	27.1	512.1	13.2	9.8	519.0
0.4	26.8	475.3	13.1	8.5	519.0
3.3	27.3	396.6	13.1	8.8	519.0
7.2	27.7	514.9	13.1	9.8	519.0
5.6	27.2	413.5	13.0	9.1	519.0
0.4	28.0	489.8	13.0	8.3	519.0
0.4	27.7	195.3	13.0	6.5	519.0
2.6	27.3	215.7	13.0	7.1	519.0
0.9	26.5	65.4	12.9	4.5	519.0
0.9	26.6	101.3	12.9	4.4	519.0
0.1	26.0	188.2	12.9	6.3	519.0
1.6	26.8	406.4	12.8	8.1	519.0
0.9	26.8	373.2	12.8	8.9	519.0
0.8	27.4	429.9	12.8	8.4	520.0
1.7	27.0	161.9	12.8	6.1	520.0
0.5	26.5	166.4	12.7	5.6	520.0
3.1	26.6	187.9	12.7	8.0	520.0
14.4	26.9	466.3	12.7	9.2	520.0
8.8	26.8	431.3	12.6	8.2	520.0
6.0	26.6	461.1	12.6	9.3	520.0
0.2	27.1	505.5	12.6	9.0	520.0
9.1	26.7	491.0	12.6	8.7	520.0
20.5	25.6	412.2	12.5	6.9	520.0
0.2	23.3	208.5	12.5	8.0	520.0
0.0	21.5	488.1	12.5	8.1	520.0
0.0	21.5	477.4	12.4	8.1	520.0
0.0	22.6	486.4	12.4	8.8	520.0
0.0	22.2	244.4	12.4	7.0	520.0
0.2	22.3	395.8	12.3	7.4	520.0
0.0	21.1	516.5	12.3	8.1	520.0
0.0	22.0	510.6	12.3	9.4	520.0
0.0	22.3	504.7	12.3	9.7	520.0
0.0	23.1	506.3	12.2	9.7	520.0
0.0	22.3	316.8	12.2	8.3	520.0
0.1	24.5	304.4	12.2	8.8	520.0
0.0	26.6	270.4	12.1	8.6	520.0
0.0	27.4	383.4	12.1	9.1	520.0
0.0	27.7	465.3	12.1	10.2	520.0
0.7	25.8	283.1	12.0	9.3	520.0
0.2	18.9	95.0	12.0	5.8	520.0
0.0	19.2	483.6	12.0	8.4	520.0
0.0	20.2	482.1	12.0	9.2	520.0
0.0	23.0	419.0	11.9	8.2	520.0
0.0	19.4	462.7	11.9	7.6	521.0
0.0	18.1	461.9	11.9	7.7	521.0
0.0	18.4	468.1	11.8	7.8	521.0
0.0	20.3	455.2	11.8	8.3	521.0
0.0	18.5	463.7	11.8	7.5	521.0
0.0	17.7	459.7	11.7	7.7	521.0
0.0	17.6	373.8	11.7	8.1	521.0
0.0	18.7	461.4	11.7	8.6	521.0
0.0	19.7	453.4	11.7	8.9	521.0
0.0	21.1	444.8	11.6	9.1	521.0
0.0	22.0	437.9	11.6	8.7	521.0
0.0	21.3	427.2	11.6	8.1	521.0
0.0	20.7	426.1	11.5	8.2	521.0
0.0	20.8	421.3	11.5	8.2	521.0
0.0	17.0	442.8	11.5	7.1	521.0
0.0	18.8	430.1	11.4	7.9	521.0
0.0	20.1	415.5	11.4	8.5	521.0
0.0	19.3	417.2	11.4	8.1	521.0
0.0	16.6	418.3	11.4	6.5	521.0
0.0	17.5	415.1	11.3	6.9	521.0
0.0	18.3	407.6	11.3	7.0	521.0
0.0	18.7	399.5	11.3	7.4	521.0
0.0	18.9	401.5	11.2	7.5	521.0
0.0	20.0	394.9	11.2	7.7	521.0
0.0	20.1	382.3	11.2	7.6	521.0
0.0	21.6	368.0	11.2	7.3	521.0
0.1	17.1	121.7	11.1	5.5	521.0
0.0	14.1	380.9	11.1	5.4	521.0
0.0	12.4	245.4	11.1	4.7	521.0
0.0	13.2	368.0	11.1	5.3	521.0
0.0	14.2	354.2	11.0	5.8	521.0
0.0	16.0	363.7	11.0	6.1	522.8
0.0	18.9	354.1	11.0	6.7	522.8
0.1	20.6	347.7	10.9	6.3	522.8
0.0	21.9	341.0	10.9	6.7	522.8
0.0	22.4	284.8	10.9	6.6	522.8
0.0	20.2	157.7	10.9	6.2	522.8
0.0	18.9	317.5	10.8	5.4	522.8
0.0	20.3	336.0	10.8	6.4	522.8
0.0	21.5	334.6	10.8	6.7	522.8
0.0	21.7	329.2	10.8	7.1	522.8
0.0	21.0	297.9	10.7	6.3	522.8
0.0	22.6	258.2	10.7	5.4	522.8
0.0	22.9	183.2	10.7	5.1	522.8
0.1	22.7	244.0	10.7	6.2	522.8
4.6	17.2	90.2	10.6	3.8	522.8
3.0	15.2	24.3	10.6	2.2	522.8
1.4	13.1	86.7	10.6	3.3	522.8
2.6	8.2	76.9	10.6	2.8	522.8
5.8	8.2	137.6	10.6	2.1	522.8
3.3	10.3	20.8	10.5	2.3	522.8
3.5	10.8	21.4	10.5	1.5	522.8
0.7	12.6	149.3	10.5	2.9	522.8
0.3	9.0	200.1	10.5	3.6	522.8
0.2	8.8	264.1	10.5	3.7	522.8
0.2	10.2	224.5	10.4	3.9	522.8
0.0	7.1	155.7	10.4	3.5	522.8
0.0	7.1	318.7	10.4	3.8	522.8
0.0	9.3	292.8	10.4	4.6	522.8
3.6	14.8	298.1	10.4	5.1	522.8
0.5	4.8	75.5	10.4	4.0	522.8
0.0	1.7	312.9	10.3	2.6	525.3
0.0	2.2	310.5	10.3	2.7	525.3
0.0	4.3	86.6	10.3	2.4	525.3
0.0	6.2	308.0	10.3	3.4	525.3
0.0	3.1	307.9	10.3	3.0	525.3
0.0	6.6	297.7	10.3	3.9	525.3
0.0	11.8	139.3	10.3	4.5	525.3
0.0	10.3	295.5	10.3	4.4	525.3
0.0	7.6	297.5	10.2	3.9	525.3
0.0	11.7	294.4	10.2	4.3	525.3
25.4	16.5	82.9	10.2	3.8	525.3
1.8	14.0	44.7	10.2	4.2	525.3
0.8	8.3	56.2	10.2	2.0	525.3
0.5	7.7	170.3	10.2	2.5	525.3
0.3	8.0	101.0	10.2	2.5	525.3
1.1	11.4	184.8	10.2	3.9	525.3
4.8	9.1	22.4	10.2	1.9	525.3
3.1	10.2	64.3	10.2	2.0	525.3
1.2	10.9	89.2	10.2	2.2	525.3
23.7	10.4	22.2	10.2	1.7	525.3
10.3	12.0	94.0	10.2	3.1	525.3
10.2	9.6	21.2	10.2	4.1	525.3
0.1	4.1	236.3	10.2	2.3	525.3
0.0	2.3	55.0	10.2	1.2	525.3
6.1	4.4	93.4	10.2	1.8	525.3
15.8	4.4	19.9	10.2	1.8	525.3
0.7	1.7	62.4	10.2	1.7	525.3
0.4	0.6	89.0	10.2	1.4	525.3
0.2	4.2	174.9	10.2	2.7	525.3
0.0	2.0	198.8	10.2	2.7	525.3
0.0	0.7	303.5	10.2	2.8	525.3
0.0	2.6	280.3	10.2	3.1	528.1
0.0	6.8	200.2	10.2	3.7	528.1
0.3	7.7	76.4	10.2	3.1	528.1
0.3	10.4	163.3	10.2	3.8	528.1
0.5	11.1	194.3	10.3	4.0	528.1
0.4	10.5	59.7	10.3	2.2	528.1
5.0	6.5	47.8	10.3	3.7	528.1
0.7	1.0	116.2	10.3	1.8	528.1
0.5	1.4	155.1	10.3	2.5	528.1
0.2	4.6	239.5	10.3	3.5	528.1
0.1	8.3	235.6	10.3	4.6	528.1
2.9	11.7	260.8	10.3	4.9	528.1
9.0	-0.5	22.4	10.4	3.4	528.1
0.3	-4.2	190.4	10.4	1.5	528.1
0.1	-0.8	285.8	10.4	2.5	528.1
1.3	6.3	257.1	10.4	3.7	528.1
2.1	6.1	31.7	10.4	2.6	528.1
8.7	3.2	117.2	10.4	2.5	528.1
17.0	0.7	39.4	10.5	1.5	528.1
0.1	-1.7	206.9	10.5	2.4	528.1
0.1	1.4	290.1	10.5	3.2	528.1
0.0	5.8	213.5	10.5	3.5	528.1
4.9	2.8	58.4	10.5	2.6	528.1
0.5	-1.7	185.6	10.6	1.9	528.1
0.0	-4.4	277.1	10.6	1.6	528.1
0.0	-2.1	353.8	10.6	2.4	528.1
1.2	4.1	328.6	10.6	3.6	528.1
0.0	2.1	246.8	10.6	2.8	528.1
0.0	1.0	237.1	10.7	2.7	528.1
0.0	4.4	344.5	10.7	3.5	528.1
0.7	3.8	135.1	10.7	3.0	528.1
0.0	5.4	358.8	10.7	3.8	529.6
0.0	5.8	358.2	10.8	4.4	529.6
0.0	6.9	367.4	10.8	4.7	529.6
0.0	11.6	360.3	10.8	5.2	529.6
0.1	17.1	186.7	10.8	5.2	529.6
0.1	17.0	234.4	10.9	6.2	529.6
0.0	19.5	352.5	10.9	7.0	529.6
8.9	7.7	24.8	10.9	6.1	529.6
40.4	3.8	23.7	10.9	1.6	529.6
36.4	3.3	22.8	11.0	2.6	529.6
0.8	1.0	218.9	11.0	2.2	529.6
2.3	1.7	122.6	11.0	2.0	529.6
2.2	2.6	82.4	11.0	1.9	529.6
42.8	5.9	42.5	11.1	2.7	529.6
2.3	4.3	51.8	11.1	2.6	529.6
16.8	5.0	97.4	11.1	2.2	529.6
22.5	6.1	20.2	11.2	1.7	529.6
11.4	3.5	34.1	11.2	2.4	529.6
12.2	2.0	70.7	11.2	2.1	529.6
1.5	2.1	81.1	11.2	2.2	529.6
0.0	3.3	284.6	11.3	3.0	529.6
0.0	4.1	427.0	11.3	4.5	529.6
0.0	3.9	427.5	11.3	4.5	529.6
0.0	5.2	243.2	11.4	3.8	529.6
0.8	6.8	258.5	11.4	3.6	529.6
16.1	6.8	44.9	11.4	2.3	529.6
23.8	7.4	34.3	11.4	2.7	529.6
22.3	7.2	26.4	11.5	2.2	529.6
5.8	8.6	65.4	11.5	2.5	529.6
5.4	7.1	63.6	11.5	3.3	530.3
0.3	3.4	289.3	11.6	3.2	530.3
4.9	5.2	442.7	11.6	3.8	530.3
9.8	6.3	31.6	11.6	2.1	530.3
3.0	5.9	62.4	11.7	2.4	530.3
5.2	4.1	91.6	11.7	4.1	530.3
0.1	6.1	408.5	11.7	4.7	530.3
6.7	5.1	140.6	11.7	3.7	530.3
0.0	4.5	405.8	11.8	3.3	530.3
0.0	4.6	372.4	11.8	4.3	530.3
0.0	0.2	492.4	11.8	3.3	530.3
0.0	4.3	290.3	11.9	4.1	530.3
0.0	4.9	276.8	11.9	4.8	530.3
0.9	10.1	464.7	11.9	6.4	530.3
12.8	10.0	69.9	12.0	3.3	530.3
0.2	12.6	485.7	12.0	7.4	530.3
17.4	15.8	424.9	12.0	8.4	530.3
1.9	13.8	95.6	12.1	6.3	530.3
0.1	15.7	392.9	12.1	8.0	530.3
0.8	21.1	464.7	12.1	8.9	530.3
36.1	13.5	311.5	12.1	9.9	530.3
8.6	5.6	41.0	12.2	2.3	530.3
24.0	6.5	54.6	12.2	2.9	530.3
1.0	8.4	313.3	12.2	4.8	530.3
0.8	8.7	195.8	12.3	5.1	530.3
0.9	13.8	432.5	12.3	7.7	530.3
0.3	19.8	308.0	12.3	8.3	530.3
0.1	23.6	498.9	12.4	8.5	530.3
4.6	14.0	89.6	12.4	10.2	530.3
0.0	7.8	284.9	12.4	4.4	530.3
0.5	8.7	390.0	12.5	5.4	530.3
14.5	8.6	67.8	12.5	3.7	530.9
16.4	13.3	59.9	12.5	4.5	530.9
9.4	13.2	37.4	12.5	5.0	530.9
17.2	10.4	50.7	12.6	2.6	530.9
2.0	10.5	51.8	12.6	4.7	530.9
0.1	9.6	191.4	12.6	4.7	530.9
0.1	11.9	498.8	12.7	7.5	530.9
0.0	14.2	536.3	12.7	8.0	530.9
0.2	16.3	379.8	12.7	8.3	530.9
7.9	19.9	533.9	12.8	9.2	530.9
0.5	20.3	239.6	12.8	7.1	530.9
31.3	13.2	302.0	12.8	12.1	530.9
17.1	4.2	52.6	12.8	2.6	530.9
0.1	7.6	492.3	12.9	6.5	530.9
0.1	12.3	486.0	12.9	8.4	530.9
37.9	12.3	69.5	12.9	3.5	530.9
1.9	13.4	335.5	13.0	6.3	530.9
0.9	10.5	111.7	13.0	5.9	530.9
26.2	14.1	538.9	13.0	8.1	530.9
15.7	19.6	79.0	13.0	8.4	530.9
2.9	13.0	142.6	13.1	7.6	530.9
0.6	12.1	244.0	13.1	6.0	530.9
0.0	13.1	605.8	13.1	8.2	530.9
0.9	14.7	445.0	13.1	7.2	530.9
11.9	15.8	49.2	13.2	5.7	530.9
16.1	21.1	287.7	13.2	9.3	530.9
0.0	16.6	520.7	13.2	7.3	530.9
11.0	13.4	90.9	13.3	4.2	530.9
0.2	13.0	227.1	13.3	7.0	530.9
0.1	14.6	344.7	13.3	7.1	530.9
0.5	15.5	608.9	13.3	9.3	531.6
0.0	17.6	617.8	13.4	9.7	531.6
0.7	18.7	565.0	13.4	10.2	531.6
0.0	21.2	613.8	13.4	10.5	531.6
0.0	24.6	613.2	13.4	10.8	531.6
0.0	25.6	593.6	13.5	11.2	531.6
0.1	25.2	477.7	13.5	11.7	531.6
0.0	25.0	598.8	13.5	10.7	531.6
9.1	24.8	474.9	13.5	11.5	531.6
6.7	22.5	189.9	13.6	9.0	531.6
0.3	21.6	193.7	13.6	7.6	531.6
11.3	24.6	271.2	13.6	8.8	531.6
30.6	16.8	71.3	13.6	9.6	531.6
0.0	17.0	274.3	13.6	6.7	531.6
1.5	21.7	289.9	13.7	8.5	531.6
33.0	24.3	326.4	13.7	10.5	531.6
0.8	18.1	144.2	13.7	7.1	531.6
0.0	19.3	454.8	13.7	9.2	531.6
2.3	20.5	594.6	13.7	9.3	531.6
16.1	16.8	199.6	13.8	6.4	531.6
10.2	18.2	93.9	13.8	6.5	531.6
0.3	20.1	479.4	13.8	9.5	531.6
0.5	21.3	462.8	13.8	10.5	531.6
0.0	21.2	619.8	13.8	10.3	531.6
20.4	20.9	402.7	13.9	11.5	531.6
11.7	17.8	37.0	13.9	6.5	531.6
1.9	18.2	127.4	13.9	7.1	531.6
0.2	16.4	282.8	13.9	8.7	531.6
0.2	17.5	580.5	13.9	10.3	531.6
0.3	19.7	516.8	13.9	10.8	531.6
0.0	21.8	594.3	13.9	11.6	531.6
0.0	21.8	204.5	14.0	8.9	530.3
0.8	20.3	154.7	14.0	6.1	530.3
0.5	22.7	550.8	14.0	10.9	530.3
0.7	23.2	381.3	14.0	10.3	530.3
0.7	23.9	366.4	14.0	9.1	530.3
0.1	23.0	565.8	14.0	10.8	530.3
0.3	23.6	651.4	14.0	12.5	530.3
0.1	24.8	651.3	14.0	12.2	530.3
0.5	25.0	510.5	14.0	11.5	530.3
0.0	23.7	331.7	14.0	11.1	530.3
0.1	23.6	615.6	14.1	10.7	530.3
0.0	24.1	506.4	14.1	11.1	530.3
0.0	25.9	452.1	14.1	10.0	530.3
1.6	25.5	177.2	14.1	8.0	530.3
1.8	23.6	127.9	14.1	8.4	530.3
0.0	23.1	479.6	14.1	10.0	530.3
0.0	23.0	289.3	14.1	10.1	530.3
1.6	23.7	642.2	14.1	12.7	530.3
0.1	24.7	664.0	14.1	12.9	530.3
0.0	25.9	580.6	14.1	12.0	530.3
0.7	25.4	347.5	14.1	10.2	530.3
1.4	22.3	208.1	14.1	7.9	530.3
4.8	20.7	38.5	14.1	3.8	530.3
1.2	22.5	202.1	14.1	8.1	530.3
0.6	23.5	271.5	14.1	8.0	530.3
1.4	24.8	431.1	14.1	9.8	530.3
0.8	24.8	474.4	14.1	10.4	530.3
0.1	25.0	393.9	14.1	10.2	530.3
0.0	26.0	320.3	14.1	9.2	530.3
0.1	25.8	494.6	14.1	10.3	530.3
19.3	24.8	182.5	14.1	7.9	526.8
15.3	23.8	70.0	14.0	3.9	526.8
44.8	24.1	54.9	14.0	4.5	526.8
25.2	24.1	185.5	14.0	8.9	526.8
0.4	26.3	560.7	14.0	10.3	526.8
0.3	27.1	544.4	14.0	10.6	526.8
0.3	28.6	611.4	14.0	11.4	526.8
3.3	28.9	626.3	14.0	12.2	526.8
7.6	28.5	610.3	14.0	11.2	526.8
8.0	28.3	508.6	14.0	10.4	526.8
9.4	28.1	533.5	14.0	10.2	526.8
19.1	27.5	443.6	13.9	10.3	526.8
4.8	27.4	384.2	13.9	9.9	526.8
4.3	25.3	214.8	13.9	6.6	526.8
0.3	25.8	515.0	13.9	9.5	526.8
0.4	27.1	546.9	13.9	9.5	526.8
30.0	27.1	420.5	13.9	9.7	526.8
5.9	27.5	566.7	13.9	11.1	526.8
0.0	28.8	617.6	13.8	10.6	526.8
12.6	27.7	537.2	13.8	10.5	526.8
6.2	28.4	586.5	13.8	10.4	526.8
2.7	28.7	597.6	13.8	11.0	526.8
3.7	27.8	596.6	13.8	10.8	526.8
19.9	26.9	499.2	13.7	9.9	526.8
15.3	26.9	531.7	13.7	10.0	526.8
3.2	27.1	571.2	13.7	10.5	526.8
0.3	27.9	567.7	13.7	9.9	526.8
0.2	28.6	559.2	13.7	10.2	526.8
4.8	28.5	537.2	13.6	11.0	526.8
12.6	27.8	452.7	13.6	9.2	526.8
17.6	26.7	295.7	13.6	8.3	526.8
0.0	26.6	502.3	13.6	10.3	525.2
0.7	26.5	407.6	13.6	7.6	525.2
1.1	26.8	401.1	13.5	7.9	525.2
13.1	26.2	321.3	13.5	7.9	525.2
1.3	25.8	189.7	13.5	6.6	525.2
1.2	26.3	281.0	13.5	7.4	525.2
1.6	26.9	338.5	13.4	8.2	525.2
15.9	27.0	458.8	13.4	9.8	525.2
11.9	26.9	455.4	13.4	8.1	525.2
18.2	26.5	421.7	13.4	8.0	525.2
5.2	26.5	452.8	13.3	9.1	525.2
3.8	25.8	298.6	13.3	7.2	525.2
2.6	25.6	182.0	13.3	7.6	525.2
11.2	26.1	386.7	13.3	8.5	525.2
11.7	25.8	211.8	13.2	6.5	525.2
7.3	26.2	246.8	13.2	8.2	525.2
0.2	27.6	556.9	13.2	9.1	525.2
0.8	28.2	511.0	13.2	8.5	525.2
5.9	26.4	364.3	13.1	7.8	525.2
11.5	26.9	505.8	13.1	10.2	525.2
0.3	27.5	517.2	13.1	9.7	525.2
0.1	27.7	538.0	13.1	9.4	525.2
0.2	28.5	543.1	13.0	10.1	525.2
2.8	27.7	420.5	13.0	10.8	525.2
6.1	27.6	502.9	13.0	9.0	525.2
11.8	26.2	409.1	12.9	8.6	525.2
15.2	26.3	505.3	12.9	9.5	525.2
22.0	25.1	400.8	12.9	8.4	525.2
7.0	21.2	47.3	12.9	4.9	525.2
1.7	21.5	76.3	12.8	4.5	525.2
0.9	22.1	302.8	12.8	7.4	525.2
0.7	23.6	449.3	12.8	7.3	526.2
3.1	24.0	367.8	12.7	7.8	526.2
0.1	25.2	396.8	12.7	8.4	526.2
0.1	26.0	345.4	12.7	8.0	526.2
1.7	25.3	127.2	12.7	6.5	526.2
1.4	24.4	98.5	12.6	6.2	526.2
16.3	25.7	449.8	12.6	8.4	526.2
13.9	25.9	429.2	12.6	8.5	526.2
18.1	25.5	372.6	12.5	8.6	526.2
8.7	24.8	343.4	12.5	8.2	526.2
8.0	25.0	434.9	12.5	8.3	526.2
10.8	24.8	458.5	12.4	8.1	526.2
0.3	25.0	440.3	12.4	8.4	526.2
0.3	24.5	384.3	12.4	7.7	526.2
0.6	24.0	334.9	12.4	6.9	526.2
0.3	24.2	329.1	12.3	7.7	526.2
0.1	24.7	418.3	12.3	7.7	526.2
0.1	24.9	409.4	12.3	7.9	526.2
10.8	24.7	366.6	12.2	8.1	526.2
9.6	20.1	37.0	12.2	3.2	526.2
1.4	21.5	241.5	12.2	5.5	526.2
1.0	21.4	426.0	12.1	7.1	526.2
0.0	20.3	455.9	12.1	7.4	526.2
0.0	20.7	451.8	12.1	8.6	526.2
0.0	21.5	489.5	12.1	8.5	526.2
0.2	23.0	480.8	12.0	8.4	526.2
0.0	23.9	464.6	12.0	8.9	526.2
0.0	24.2	469.5	12.0	8.9	526.2
0.0	23.9	468.3	11.9	8.3	526.2
0.0	24.3	454.4	11.9	7.8	526.2
0.1	23.8	390.4	11.9	7.9	527.2
0.0	22.5	264.1	11.8	5.7	527.2
0.0	21.8	408.3	11.8	7.5	527.2
0.0	21.3	450.5	11.8	7.4	527.2
0.0	21.7	376.4	11.8	6.6	527.2
0.0	20.6	92.7	11.7	5.5	527.2
0.0	21.5	437.9	11.7	8.5	527.2
0.0	21.4	426.3	11.7	8.6	527.2
0.0	20.9	384.5	11.6	8.3	527.2
0.0	21.3	439.0	11.6	8.0	527.2
0.0	21.3	432.6	11.6	8.2	527.2
0.0	20.3	436.7	11.5	8.1	527.2
0.0	21.0	402.2	11.5	7.0	527.2
0.0	19.9	403.8	11.5	7.4	527.2
0.0	20.0	420.4	11.5	7.1	527.2
0.0	20.5	404.3	11.4	7.4	527.2
0.0	18.1	372.1	11.4	7.7	527.2
0.0	13.8	428.7	11.4	6.1	527.2
0.0	14.6	423.5	11.3	6.9	527.2
0.0	16.4	414.0	11.3	7.5	527.2
0.0	17.8	410.1	11.3	7.6	527.2
0.0	18.1	398.0	11.3	7.4	527.2
0.0	18.9	391.0	11.2	7.4	527.2
0.0	18.8	397.6	11.2	7.6	527.2
0.0	19.9	388.9	11.2	7.4	527.2
0.0	17.3	386.2	11.1	6.2	527.2
0.0	12.6	396.5	11.1	5.6	527.2
0.0	10.5	395.0	11.1	4.9	527.2
0.0	12.1	384.9	11.1	5.4	527.2
0.0	14.6	336.1	11.0	5.8	527.2
0.0	16.8	370.4	11.0	6.5	527.2
0.0	19.0	368.9	11.0	6.7	529.0
0.0	21.0	361.0	11.0	6.9	529.0
0.0	21.7	355.6	10.9	6.9	529.0
0.1	24.0	313.4	10.9	6.4	529.0
1.8	19.7	188.3	10.9	7.1	529.0
0.0	14.7	212.1	10.8	5.1	529.0
0.0	17.1	348.0	10.8	5.5	529.0
0.0	20.0	333.5	10.8	6.0	529.0
0.0	21.8	329.1	10.8	6.7	529.0
0.0	21.7	320.3	10.7	6.5	529.0
2.4	19.6	124.2	10.7	5.1	529.0
2.4	14.3	93.1	10.7	2.6	529.0
1.2	17.8	94.3	10.7	4.2	529.0
2.4	16.2	23.8	10.7	2.4	529.0
0.1	19.6	122.9	10.6	4.8	529.0
5.5	14.9	216.0	10.6	6.9	529.0
9.3	3.3	19.1	10.6	2.2	529.0
0.0	2.7	313.3	10.6	2.7	529.0
0.0	-0.6	146.8	10.5	1.8	529.0
0.0	5.3	266.5	10.5	3.0	529.0
22.4	10.4	68.5	10.5	3.0	529.0
1.9	9.2	77.0	10.5	2.7	529.0
9.3	9.6	72.9	10.5	2.2	529.0
0.9	7.8	71.0	10.4	2.9	529.0
0.6	7.8	180.5	10.4	4.0	529.0
0.0	6.8	238.2	10.4	3.2	529.0
0.1	9.6	307.3	10.4	3.9	529.0
0.2	11.1	155.7	10.4	4.0	529.0
0.8	12.0	257.6	10.4	4.3	529.0
0.8	10.9	78.1	10.3	1.9	529.0
4.7	14.9	161.7	10.3	3.7	531.5
4.2	10.8	14.7	10.3	3.6	531.5
19.7	7.9	104.5	10.3	1.8	531.5
1.6	7.0	41.1	10.3	2.0	531.5
0.8	7.3	153.9	10.3	2.6	531.5
0.1	7.5	265.8	10.3	3.7	531.5
0.1	7.9	200.5	10.3	3.6	531.5
0.0	10.5	289.6	10.3	3.8	531.5
0.1	8.0	296.8	10.2	3.8	531.5
0.0	9.2	272.3	10.2	3.5	531.5
0.1	12.1	280.8	10.2	3.9	531.5
0.6	7.6	114.9	10.2	2.9	531.5
0.0	4.9	296.3	10.2	3.1	531.5
0.0	3.1	277.7	10.2	2.6	531.5
0.0	4.5	293.5	10.2	3.3	531.5
0.0	5.8	283.2	10.2	3.6	531.5
0.0	6.8	84.8	10.2	2.4	531.5
0.0	10.9	282.4	10.2	4.2	531.5
0.0	13.9	280.3	10.2	4.4	531.5
0.0	14.2	231.4	10.2	4.6	531.5
3.5	9.0	171.0	10.2	4.6	531.5
0.0	4.8	275.8	10.2	2.9	531.5
3.5	6.1	256.7	10.2	3.2	531.5
16.4	6.5	16.5	10.2	1.3	531.5
0.6	4.2	65.5	10.2	2.2	531.5
0.0	3.5	292.8	10.2	3.0	531.5
0.0	-0.4	294.6	10.2	2.2	531.5
0.0	-2.7	298.1	10.2	1.9	531.5
0.0	-1.7	263.8	10.2	2.0	531.5
0.0	-1.5	293.3	10.2	2.4	531.5
0.0	0.9	275.1	10.2	2.8	531.5
0.1	2.2	297.4	10.2	3.1	534.3
0.0	2.9	287.6	10.2	3.2	534.3
0.0	4.8	250.6	10.2	3.3	534.3
0.0	4.8	302.4	10.2	3.1	534.3
0.0	1.8	307.7	10.3	2.9	534.3
0.0	4.6	302.5	10.3	3.7	534.3
0.0	9.0	262.3	10.3	4.5	534.3
0.4	6.7	91.0	10.3	2.9	534.3
0.0	4.9	235.5	10.3	2.4	534.3
0.0	3.3	265.0	10.3	2.9	534.3
0.0	-2.0	318.8	10.3	2.0	534.3
0.0	-2.1	326.5	10.3	2.3	534.3
0.0	0.8	326.9	10.4	3.2	534.3
0.0	4.6	316.5	10.4	3.9	534.3
0.0	-1.9	326.6	10.4	2.1	534.3
0.0	2.9	188.9	10.4	2.8	534.3
7.3	9.6	123.5	10.4	4.0	534.3
1.2	12.4	77.6	10.4	3.6	534.3
1.2	14.4	110.9	10.5	3.5	534.3
5.6	11.6	86.5	10.5	5.4	534.3
1.1	2.2	56.6	10.5	2.1	534.3
0.0	-3.1	340.1	10.5	1.8	534.3
0.0	-1.5	345.4	10.5	2.4	534.3
0.0	-1.7	348.4	10.6	2.7	534.3
0.0	-0.8	353.7	10.6	3.0	534.3
0.0	1.4	352.9	10.6	3.5	534.3
0.0	4.7	354.3	10.6	4.0	534.3
0.0	8.0	346.0	10.7	5.2	534.3
0.0	7.6	342.9	10.7	4.8	534.3
2.0	9.7	314.4	10.7	4.6	534.3
1.6	4.4	48.0	10.7	2.5	534.3
0.0	6.9	362.6	10.7	4.7	535.8
0.0	9.5	365.8	10.8	5.6	535.8
0.0	15.4	360.2	10.8	6.5	535.8
0.0	16.9	276.6	10.8	5.8	535.8
0.8	18.6	305.0	10.8	7.5	535.8
0.3	10.3	310.1	10.9	4.9	535.8
0.0	13.4	379.9	10.9	6.4	535.8
17.1	11.4	286.9	10.9	6.6	535.8
22.1	4.0	19.4	11.0	1.7	535.8
0.9	3.9	116.8	11.0	2.6	535.8
0.0	0.0	162.7	11.0	2.4	535.8
7.6	-1.0	289.2	11.0	2.3	535.8
25.0	1.8	276.1	11.1	2.5	535.8
9.3	3.2	36.3	11.1	2.3	535.8
0.3	4.2	201.9	11.1	3.0	535.8
0.0	11.4	360.8	11.1	6.1	535.8
0.0	7.8	407.5	11.2	4.2	535.8
2.1	12.3	387.7	11.2	5.6	535.8
0.0	8.5	87.2	11.2	4.4	535.8
1.9	6.2	58.3	11.3	2.7	535.8
14.4	7.0	27.7	11.3	2.5	535.8
31.1	6.1	36.3	11.3	2.9	535.8
1.0	6.4	118.0	11.3	3.3	535.8
0.8	8.1	152.7	11.4	4.1	535.8
2.4	5.4	275.4	11.4	3.1	535.8
44.9	7.3	24.3	11.4	4.0	535.8
18.1	9.7	19.2	11.5	3.5	535.8
32.9	2.9	21.2	11.5	3.7	535.8
1.1	1.1	196.9	11.5	2.5	536.6
2.9	2.7	267.0	11.6	3.6	536.6
0.1	0.4	261.0	11.6	3.2	536.6
1.7	4.9	456.5	11.6	4.1	536.6
13.1	7.8	44.3	11.6	3.2	536.6
34.6	8.4	27.9	11.7	4.4	536.6
0.7	3.1	52.5	11.7	2.1	536.6
0.0	4.5	447.9	11.7	4.1	536.6
0.0	5.5	483.0	11.8	5.4	536.6
0.0	7.4	465.1	11.8	5.8	536.6
0.0	10.0	485.8	11.8	6.6	536.6
13.0	14.1	293.6	11.9	6.4	536.6
18.7	12.9	45.5	11.9	5.9	536.6
0.6	5.9	105.0	11.9	4.5	536.6
0.0	0.4	464.5	12.0	3.2	536.6
0.0	6.0	450.3	12.0	4.9	536.6
5.6	11.4	413.1	12.0	6.4	536.6
0.0	6.1	371.2	12.0	4.9	536.6
18.8	9.4	244.8	12.1	5.1	536.6
45.0	10.8	39.3	12.1	3.7	536.6
9.5	8.6	39.2	12.1	2.2	536.6
42.4	8.1	38.9	12.2	1.2	536.6
2.4	9.7	124.8	12.2	3.9	536.6
9.1	10.3	31.8	12.2	2.8	536.6
23.4	8.8	43.2	12.3	3.1	536.6
0.4	10.0	174.2	12.3	4.5	536.6
0.0	11.2	481.8	12.3	6.6	536.6
0.0	14.4	341.7	12.4	7.1	536.6
0.0	15.7	478.1	12.4	7.9	536.6
0.2	16.4	381.1	12.4	7.0	536.6
1.4	16.9	499.0	12.4	7.9	536.6
4.0	11.1	59.0	12.5	5.3	537.2
0.0	15.0	503.0	12.5	7.7	537.2
0.0	11.6	565.3	12.5	6.2	537.2
0.0	13.8	560.7	12.6	9.4	537.2
0.0	14.8	576.3	12.6	8.6	537.2
0.0	22.6	514.4	12.6	12.4	537.2
41.3	22.8	358.9	12.7	10.1	537.2
8.6	14.1	136.6	12.7	9.3	537.2
0.0	12.0	408.5	12.7	6.6	537.2
0.0	14.9	524.3	12.7	7.9	537.2
0.0	14.7	562.3	12.8	7.5	537.2
29.7	16.5	373.3	12.8	6.8	537.2
31.2	19.0	79.6	12.8	6.2	537.2
0.3	17.1	431.9	12.9	8.9	537.2
0.0	9.1	352.4	12.9	6.1	537.2
0.0	9.8	604.7	12.9	6.5	537.2
0.0	14.2	592.7	12.9	8.3	537.2
23.7	16.8	272.8	13.0	8.0	537.2
0.0	12.3	602.3	13.0	8.7	537.2
0.0	13.4	601.6	13.0	8.0	537.2
7.2	18.4	460.5	13.1	9.9	537.2
45.9	17.8	60.2	13.1	6.9	537.2
13.2	19.0	58.5	13.1	8.6	537.2
1.6	12.8	96.0	13.1	4.3	537.2
0.0	16.7	592.8	13.2	9.2	537.2
0.0	18.7	551.6	13.2	10.0	537.2
27.7	18.3	263.7	13.2	8.1	537.2
10.1	17.4	71.1	13.2	4.6	537.2
4.6	19.1	77.2	13.3	5.5	537.2
17.1	21.6	100.2	13.3	5.4	537.2
11.2	18.9	183.7	13.3	11.2	537.9
4.7	13.6	146.4	13.4	5.9	537.9
1.6	10.8	118.5	13.4	5.7	537.9
0.5	12.4	592.2	13.4	8.0	537.9
0.0	15.4	633.8	13.4	8.6	537.9
0.0	18.1	540.5	13.5	8.8	537.9
27.5	19.7	223.5	13.5	7.0	537.9
4.5	22.2	230.2	13.5	8.4	537.9
3.5	24.4	500.9	13.5	8.5	537.9
3.0	22.6	232.1	13.5	9.0	537.9
5.7	23.0	208.2	13.6	7.8	537.9
0.2	23.9	601.5	13.6	10.9	537.9
0.3	25.4	564.7	13.6	11.4	537.9
7.1	26.2	391.7	13.6	9.6	537.9
4.5	24.2	380.5	13.7	11.4	537.9
0.2	17.0	445.3	13.7	9.5	537.9
0.0	17.1	577.2	13.7	9.1	537.9
0.1	17.7	648.9	13.7	10.5	537.9
0.0	19.8	656.9	13.7	11.0	537.9
0.0	22.8	595.0	13.8	9.8	537.9
16.7	21.0	151.6	13.8	8.1	537.9
38.4	19.6	39.7	13.8	3.6	537.9
23.3	19.8	40.2	13.8	4.0	537.9
3.7	18.3	52.8	13.8	5.2	537.9
1.0	17.7	103.0	13.8	4.5	537.9
2.0	19.1	322.5	13.9	7.6	537.9
0.4	20.3	500.5	13.9	9.0	537.9
0.0	20.8	326.6	13.9	8.5	537.9
0.0	20.7	611.9	13.9	10.6	537.9
0.0	21.8	662.1	13.9	11.9	537.9
1.6	23.4	523.8	13.9	11.4	537.9
0.3	24.9	496.2	14.0	11.2	536.6
1.8	22.0	167.1	14.0	9.3	536.6
0.3	22.8	428.7	14.0	8.7	536.6
0.0	21.6	380.5	14.0	8.8	536.6
0.0	24.0	573.4	14.0	9.5	536.6
52.6	23.1	305.0	14.0	8.9	536.6
13.8	19.3	54.1	14.0	5.9	536.6
0.0	21.5	571.9	14.0	8.9	536.6
0.1	22.1	470.6	14.0	10.3	536.6
1.1	24.3	631.4	14.0	12.1	536.6
0.0	25.6	630.1	14.0	11.7	536.6
0.1	26.0	643.1	14.1	11.8	536.6
0.0	25.9	620.0	14.1	10.7	536.6
0.0	25.4	607.6	14.1	10.8	536.6
0.0	26.3	645.0	14.1	10.6	536.6
0.0	28.0	621.9	14.1	10.4	536.6
14.5	27.6	512.5	14.1	11.6	536.6
0.3	26.4	298.0	14.1	10.7	536.6
0.3	27.2	624.1	14.1	12.2	536.6
2.7	27.2	588.7	14.1	11.0	536.6
16.0	25.2	365.5	14.1	9.3	536.6
4.2	25.8	526.7	14.1	10.9	536.6
2.1	26.3	595.1	14.1	10.1	536.6
0.3	26.3	433.9	14.1	9.7	536.6
0.9	26.1	371.0	14.1	9.4	536.6
16.5	26.1	386.5	14.1	8.7	536.6
15.6	26.5	390.8	14.1	9.4	536.6
0.1	28.1	584.9	14.1	10.0	536.6
5.4	27.8	551.3	14.1	9.9	536.6
16.4	27.3	393.4	14.1	9.4	536.6
17.8	26.2	422.3	14.1	8.6	533.1
0.3	26.1	341.2	14.0	8.8	533.1
2.0	25.7	392.9	14.0	9.1	533.1
2.9	25.5	169.9	14.0	7.0	533.1
18.7	26.8	425.6	14.0	10.1	533.1
9.2	27.6	582.3	14.0	11.1	533.1
0.0	27.7	643.8	14.0	10.1	533.1
12.7	27.6	578.3	14.0	9.7	533.1
4.9	27.6	474.9	14.0	9.6	533.1
0.1	28.2	535.6	14.0	10.1	533.1
7.9	27.6	556.7	14.0	10.9	533.1
2.4	28.1	606.7	13.9	10.8	533.1
3.3	28.2	577.1	13.9	10.4	533.1
12.0	26.9	500.3	13.9	10.3	533.1
28.8	26.1	492.9	13.9	8.5	533.1
9.9	26.5	435.7	13.9	9.4	533.1
21.7	26.2	294.4	13.9	8.4	533.1
11.5	27.1	492.2	13.9	10.9	533.1
3.2	26.8	339.8	13.8	9.8	533.1
22.7	26.8	459.7	13.8	8.8	533.1
16.0	26.7	310.5	13.8	8.4	533.1
20.0	25.8	314.4	13.8	8.1	533.1
30.1	25.4	221.2	13.8	7.5	533.1
17.9	25.0	158.4	13.8	6.5	533.1
15.7	25.9	321.2	13.7	9.6	533.1
10.9	27.0	558.8	13.7	10.0	533.1
10.0	27.2	556.8	13.7	10.1	533.1
8.2	27.9	582.1	13.7	10.7	533.1
0.0	27.9	621.0	13.7	11.3	533.1
0.0	28.3	611.2	13.6	10.6	533.1
0.0	29.2	611.7	13.6	11.1	533.1
0.0	30.1	609.6	13.6	11.7	531.5
1.1	30.6	608.3	13.6	12.4	531.5
0.1	31.2	598.9	13.5	12.7	531.5
0.0	31.0	577.4	13.5	12.8	531.5
0.0	30.6	482.9	13.5	11.7	531.5
8.4	28.9	571.1	13.5	12.3	531.5
10.5	28.0	547.5	13.4	12.1	531.5
12.9	27.8	541.3	13.4	11.7	531.5
19.0	27.2	465.6	13.4	10.2	531.5
11.1	26.9	336.5	13.4	9.3	531.5
21.9	26.4	398.0	13.4	9.2	531.5
0.7	27.4	471.2	13.3	9.8	531.5
2.5	28.5	483.2	13.3	10.8	531.5
11.5	27.3	419.2	13.3	9.2	531.5
4.6	27.5	437.3	13.2	9.5	531.5
16.2	26.5	286.8	13.2	7.4	531.5
23.3	25.9	379.3	13.2	7.0	531.5
9.5	25.8	378.5	13.2	8.5	531.5
8.7	25.9	474.0	13.1	9.5	531.5
7.8	27.1	539.4	13.1	10.0	531.5
3.5	27.3	520.6	13.1	10.2	531.5
15.8	26.7	401.1	13.1	9.6	531.5
19.6	24.8	362.0	13.0	8.1	531.5
1.9	24.5	391.4	13.0	7.4	531.5
1.2	23.3	198.2	13.0	5.9	531.5
0.5	24.1	369.2	12.9	8.6	531.5
7.0	25.7	332.8	12.9	7.4	531.5
8.4	26.5	494.3	12.9	9.0	531.5
1.6	26.8	498.3	12.9	9.2	531.5
1.3	26.8	467.3	12.8	8.8	531.5
0.4	26.8	469.9	12.8	9.5	531.5
0.2	27.2	479.3	12.8	7.4	532.6
1.1	26.9	299.9	12.7	7.5	532.6
0.2	26.1	279.2	12.7	6.7	532.6
0.0	25.4	389.0	12.7	9.1	532.6
0.0	23.8	506.7	12.7	9.9	532.6
0.0	24.8	548.6	12.6	10.9	532.6
0.3	25.9	521.2	12.6	11.5	532.6
0.5	25.1	241.4	12.6	9.7	532.6
0.0	24.9	526.7	12.5	11.2	532.6
0.0	24.9	536.4	12.5	10.9	532.6
0.0	25.2	528.8	12.5	11.0	532.6
0.0	26.0	505.2	12.5	10.7	532.6
0.0	26.4	456.4	12.4	10.1	532.6
0.0	26.0	511.8	12.4	10.6	532.6
0.0	26.1	508.8	12.4	10.3	532.6
0.0	26.7	500.0	12.3	10.3	532.6
0.0	25.0	477.2	12.3	10.6	532.6
0.0	19.9	303.8	12.3	8.9	532.6
0.0	22.0	457.6	12.2	9.0	532.6
0.0	23.4	489.4	12.2	8.9	532.6
0.1	25.8	408.6	12.2	9.1	532.6
0.0	26.0	212.1	12.2	7.8	532.6
0.0	25.5	481.8	12.1	10.6	532.6
0.0	23.9	498.9	12.1	10.0	532.6
0.0	23.1	490.7	12.1	9.6	532.6
0.0	23.3	484.3	12.0	9.3	532.6
0.0	24.2	474.0	12.0	9.1	532.6
0.0	23.5	473.3	12.0	9.3	532.6
0.0	23.0	471.5	11.9	9.0	532.6
0.0	22.4	467.3	11.9	8.5	532.6
0.0	22.9	466.0	11.9	8.5	533.6
0.0	20.3	447.9	11.9	8.9	533.6
0.0	17.8	470.0	11.8	6.6	533.6
0.0	20.6	451.4	11.8	7.1	533.6
0.0	21.4	445.9	11.8	8.0	533.6
0.0	19.7	409.0	11.7	7.8	533.6
0.0	20.7	462.5	11.7	9.1	533.6
0.0	20.6	461.8	11.7	9.1	533.6
0.0	21.0	455.1	11.6	8.7	533.6
0.4	23.7	327.3	11.6	7.9	533.6
1.0	22.4	28.8	11.6	4.9	533.6
0.0	21.2	83.4	11.6	4.9	533.6
0.0	20.4	424.1	11.5	7.7	533.6
0.0	19.4	416.3	11.5	6.2	533.6
0.0	18.8	107.6	11.5	4.7	533.6
0.0	22.8	402.1	11.4	7.8	533.6
0.1	24.9	380.5	11.4	7.6	533.6
2.5	24.3	247.8	11.4	7.5	533.6
0.2	20.0	91.5	11.3	4.3	533.6
0.1	19.4	171.9	11.3	4.4	533.6
3.9	17.2	212.0	11.3	8.0	533.6
0.0	11.3	266.9	11.3	4.5	533.6
0.0	9.5	203.9	11.2	4.1	533.6
0.0	13.2	383.5	11.2	5.5	533.6
0.0	17.3	320.0	11.2	6.0	533.6
0.1	17.7	77.2	11.1	3.9	533.6
6.0	17.3	115.9	11.1	5.0	533.6
0.6	12.1	79.4	11.1	4.1	533.6
0.0	9.8	261.7	11.1	4.1	533.6
0.0	12.0	381.0	11.0	5.4	533.6
0.1	13.5	343.7	11.0	5.5	533.6
0.0	15.9	371.0	11.0	6.2	535.4
0.0	18.2	360.1	11.0	6.5	535.4
0.0	17.1	346.4	10.9	6.0	535.4
0.0	16.7	280.3	10.9	5.8	535.4
0.0	15.4	368.4	10.9	5.9	535.4
0.0	15.8	363.0	10.9	6.0	535.4
0.0	17.5	350.7	10.8	6.6	535.4
0.0	15.0	357.2	10.8	5.9	535.4
0.0	15.0	358.0	10.8	5.4	535.4
0.0	14.3	339.8	10.8	5.0	535.4
0.0	15.9	341.4	10.7	5.4	535.4
0.0	17.2	128.9	10.7	4.7	535.4
0.0	19.2	325.6	10.7	6.1	535.4
0.3	20.4	273.2	10.7	5.9	535.4
0.0	16.1	308.4	10.6	5.4	535.4
0.0	13.9	338.7	10.6	5.2	535.4
0.0	14.3	332.8	10.6	5.4	535.4
3.0	13.7	237.1	10.6	4.4	535.4
0.3	9.5	94.3	10.6	3.3	535.4
3.6	11.9	316.0	10.5	4.1	535.4
2.5	10.4	30.0	10.5	1.9	535.4
0.0	9.7	322.4	10.5	4.0	535.4
0.0	5.2	326.0	10.5	3.3	535.4
0.0	3.8	329.9	10.5	3.4	535.4
0.0	5.7	329.3	10.4	4.1	535.4
0.0	8.2	317.5	10.4	4.4	535.4
0.0	7.8	317.0	10.4	4.4	535.4
0.0	6.7	319.2	10.4	4.1	535.4
0.0	10.2	310.4	10.4	4.8	535.4
0.0	12.4	160.7	10.4	4.2	535.4
0.0	13.0	101.4	10.3	3.8	537.9
0.0	13.9	292.8	10.3	5.3	537.9
0.0	14.5	291.4	10.3	5.3	537.9
0.0	15.1	289.3	10.3	5.1	537.9
0.6	16.9	283.6	10.3	5.4	537.9
0.1	6.6	47.8	10.3	3.1	537.9
0.0	6.7	299.1	10.3	3.4	537.9
0.0	8.5	291.5	10.3	4.2	537.9
0.0	10.2	290.9	10.2	4.5	537.9
0.0	12.3	283.3	10.2	4.7	537.9
1.9	14.7	241.3	10.2	4.3	537.9
2.8	9.4	19.2	10.2	2.9	537.9
0.0	6.9	164.6	10.2	3.0	537.9
1.7	8.7	285.3	10.2	3.3	537.9
5.7	6.6	14.1	10.2	1.6	537.9
0.5	4.5	62.1	10.2	2.1	537.9
0.0	1.8	202.6	10.2	2.5	537.9
0.0	3.7	271.9	10.2	2.8	537.9
0.0	5.5	290.3	10.2	3.4	537.9
0.0	7.8	289.7	10.2	4.1	537.9
0.0	10.9	288.4	10.2	4.3	537.9
2.1	15.5	232.9	10.2	4.7	537.9
0.1	7.9	239.4	10.2	3.4	537.9
0.1	6.0	238.1	10.2	2.8	537.9
0.0	7.1	239.1	10.2	3.0	537.9
0.0	11.9	262.8	10.2	4.5	537.9
0.0	7.5	243.3	10.2	3.7	537.9
0.0	1.5	281.5	10.2	2.2	537.9
0.0	3.2	297.1	10.2	3.1	537.9
0.0	6.5	295.2	10.2	4.1	537.9
0.0	7.4	284.3	10.2	4.0	537.9
0.0	3.9	187.5	10.2	3.3	540.8
0.0	5.6	302.1	10.2	3.8	540.8
0.0	9.1	299.7	10.2	4.6	540.8
0.0	11.2	267.1	10.2	4.9	540.8
0.0	13.2	134.9	10.3	4.8	540.8
0.0	15.8	281.8	10.3	5.9	540.8
0.3	16.8	212.8	10.3	5.3	540.8
0.4	15.7	83.7	10.3	4.4	540.8
1.4	17.3	270.2	10.3	5.1	540.8
1.3	14.7	91.2	10.3	4.2	540.8
0.0	15.0	299.4	10.3	5.4	540.8
0.1	15.5	245.8	10.3	5.2	540.8
0.0	13.4	259.8	10.4	4.9	540.8
1.0	17.0	300.0	10.4	6.2	540.8
5.4	5.5	21.3	10.4	3.7	540.8
6.2	1.7	29.7	10.4	1.4	540.8
0.2	1.7	176.4	10.4	2.6	540.8
0.0	3.6	316.8	10.4	3.5	540.8
0.0	8.6	327.0	10.5	4.7	540.8
8.8	14.6	311.1	10.5	5.6	540.8
5.7	10.1	135.9	10.5	3.5	540.8
28.3	7.4	23.7	10.5	2.2	540.8
11.3	4.6	87.9	10.5	2.3	540.8
1.1	3.3	87.4	10.6	1.8	540.8
1.0	6.9	143.7	10.6	3.2	540.8
10.8	6.9	99.2	10.6	3.3	540.8
17.7	3.0	41.4	10.6	1.0	540.8
6.7	5.5	17.1	10.6	2.8	540.8
6.4	11.7	59.1	10.7	3.3	540.8
3.9	3.1	28.9	10.7	3.4	540.8
0.0	1.5	355.3	10.7	3.0	540.8
0.0	5.1	294.1	10.7	3.4	542.3
0.1	1.3	253.8	10.8	2.1	542.3
1.3	3.3	276.3	10.8	2.6	542.3
24.0	5.3	55.3	10.8	2.7	542.3
61.3	10.8	22.2	10.8	2.8	542.3
18.7	11.1	12.2	10.9	1.4	542.3
6.2	11.4	27.1	10.9	2.0	542.3
7.6	11.2	36.2	10.9	1.7	542.3
2.6	11.0	28.0	10.9	1.5	542.3
8.0	11.8	80.1	11.0	2.3	542.3
0.8	7.7	76.9	11.0	4.0	542.3
0.7	5.8	61.3	11.0	1.9	542.3
0.1	6.7	162.7	11.1	3.0	542.3
0.0	7.6	319.3	11.1	4.7	542.3
8.5	9.5	350.9	11.1	4.7	542.3
22.4	2.0	38.9	11.1	2.8	542.3
0.0	-0.1	347.9	11.2	2.9	542.3
0.0	1.7	406.6	11.2	3.2	542.3
3.4	4.6	265.0	11.2	3.4	542.3
0.8	4.1	73.5	11.3	2.5	542.3
14.0	6.2	111.4	11.3	2.7	542.3
1.6	5.9	65.0	11.3	2.6	542.3
0.0	6.4	334.0	11.3	4.3	542.3
0.0	4.1	436.1	11.4	4.8	542.3
0.0	0.6	430.7	11.4	2.7	542.3
0.0	1.1	232.6	11.4	3.5	542.3
0.0	-1.2	440.9	11.5	2.6	542.3
0.0	1.2	439.6	11.5	3.7	542.3
0.5	3.5	59.8	11.5	2.9	543.0
5.3	8.5	72.7	11.6	4.9	543.0
3.3	15.7	175.1	11.6	6.1	543.0
2.2	12.4	49.1	11.6	2.6	543.0
9.3	8.8	89.4	11.6	6.4	543.0
0.0	3.8	417.7	11.7	3.1	543.0
2.7	3.4	65.1	11.7	2.3	543.0
3.5	11.5	59.8	11.7	5.6	543.0
27.5	9.1	26.8	11.8	5.1	543.0
3.2	6.9	59.4	11.8	2.1	543.0
3.2	9.2	52.3	11.8	4.2	543.0
0.9	17.3	233.4	11.9	7.3	543.0
0.6	18.3	245.2	11.9	7.0	543.0
20.5	21.0	434.9	11.9	7.8	543.0
23.1	8.2	57.9	11.9	6.8	543.0
2.5	6.4	88.2	12.0	2.4	543.0
16.0	5.0	44.1	12.0	1.8	543.0
19.0	7.1	82.9	12.0	3.3	543.0
17.2	8.8	38.4	12.1	3.6	543.0
7.2	8.2	184.0	12.1	3.5	543.0
12.6	8.7	75.0	12.1	3.6	543.0
5.9	17.4	242.5	12.2	7.9	543.0
21.8	12.6	62.5	12.2	7.6	543.0
0.0	9.1	256.7	12.2	5.5	543.0
0.4	11.8	421.9	12.3	6.2	543.0
5.0	14.5	188.8	12.3	7.0	543.0
2.2	21.8	252.6	12.3	7.3	543.0
3.5	15.7	199.5	12.3	8.0	543.0
21.9	8.6	159.5	12.4	4.3	543.0
26.7	8.0	57.6	12.4	2.4	543.0
22.5	11.2	57.1	12.4	4.0	543.0
23.1	13.4	55.6	12.5	3.7	543.6
6.0	14.7	45.4	12.5	4.0	543.6
0.5	15.3	138.3	12.5	4.4	543.6
8.6	21.3	267.4	12.6	8.5	543.6
40.2	19.3	194.8	12.6	7.6	543.6
7.1	15.9	180.8	12.6	6.6	543.6
21.3	18.6	376.3	12.6	9.8	543.6
0.2	15.8	534.1	12.7	8.3	543.6
6.5	17.0	485.0	12.7	8.3	543.6
6.2	13.7	52.8	12.7	2.9	543.6
4.5	16.9	132.0	12.8	7.9	543.6
0.5	23.2	321.2	12.8	7.6	543.6
35.1	21.1	107.1	12.8	6.7	543.6
0.8	17.4	334.1	12.9	7.4	543.6
9.4	14.7	345.7	12.9	9.0	543.6
4.9	12.1	41.9	12.9	5.3	543.6
0.4	17.9	448.1	12.9	8.2	543.6
14.1	20.0	159.0	13.0	6.9	543.6
47.8	14.9	63.1	13.0	9.7	543.6
0.0	12.7	286.8	13.0	5.3	543.6
25.4	18.1	497.0	13.1	8.4	543.6
15.5	17.2	84.7	13.1	6.0	543.6
0.0	14.5	515.1	13.1	9.1	543.6
0.0	13.9	618.1	13.1	8.4	543.6
0.0	15.4	327.5	13.2	8.3	543.6
0.0	14.5	459.8	13.2	9.1	543.6
0.0	16.2	625.9	13.2	8.8	543.6
0.0	20.1	612.6	13.2	10.5	543.6
0.0	22.5	618.0	13.3	12.7	543.6
1.9	22.8	579.6	13.3	12.8	543.6
5.5	12.7	68.0	13.3	6.3	544.4
31.8	14.9	244.8	13.3	5.9	544.4
5.0	13.7	42.6	13.4	4.6	544.4
1.0	12.7	113.9	13.4	5.1	544.4
2.1	17.5	540.5	13.4	9.4	544.4
21.1	16.7	53.4	13.4	4.0	544.4
0.4	18.9	348.8	13.5	8.0	544.4
0.2	18.6	321.3	13.5	8.2	544.4
30.9	16.6	126.7	13.5	4.1	544.4
25.0	21.5	192.9	13.5	9.8	544.4
35.9	19.0	72.0	13.6	4.7	544.4
10.2	23.6	141.0	13.6	8.9	544.4
26.4	21.2	52.7	13.6	6.1	544.4
13.8	16.8	74.1	13.6	6.8	544.4
19.3	16.1	77.6	13.7	5.6	544.4
10.6	15.9	81.9	13.7	4.9	544.4
0.2	18.5	440.0	13.7	9.1	544.4
0.0	21.0	267.6	13.7	9.2	544.4
0.3	24.7	339.5	13.7	10.1	544.4
0.0	27.3	606.3	13.8	9.8	544.4
0.3	27.3	582.8	13.8	10.0	544.4
20.2	26.4	553.1	13.8	10.5	544.4
0.0	27.9	620.3	13.8	10.1	544.4
11.1	26.0	539.9	13.8	11.3	544.4
4.0	21.1	59.6	13.8	5.8	544.4
0.3	22.2	528.3	13.9	9.5	544.4
0.5	24.8	531.7	13.9	8.9	544.4
10.2	24.2	298.7	13.9	8.3	544.4
28.9	23.6	231.2	13.9	7.2	544.4
18.4	23.4	166.4	13.9	6.7	544.4
5.1	22.4	123.4	13.9	8.4	544.4
0.1	19.6	242.2	13.9	7.8	543.1
0.0	19.6	274.2	14.0	6.6	543.1
0.2	23.5	338.0	14.0	9.6	543.1
8.4	23.4	267.7	14.0	12.1	543.1
0.0	22.5	642.1	14.0	10.0	543.1
0.1	24.1	650.8	14.0	11.2	543.1
0.2	25.4	553.2	14.0	12.1	543.1
0.1	24.0	220.8	14.0	7.7	543.1
0.0	25.5	571.3	14.0	11.2	543.1
0.0	24.4	461.8	14.0	11.3	543.1
0.0	20.8	298.4	14.0	6.3	543.1
0.2	21.3	616.8	14.1	10.1	543.1
0.4	21.6	614.9	14.1	10.3	543.1
0.0	21.1	668.7	14.1	10.5	543.1
0.0	22.1	520.2	14.1	9.9	543.1
0.0	22.7	177.9	14.1	7.7	543.1
12.4	24.3	207.3	14.1	8.5	543.1
1.1	23.8	96.1	14.1	5.9	543.1
0.1	25.4	314.8	14.1	8.1	543.1
10.6	26.0	504.4	14.1	10.7	543.1
5.5	26.9	583.1	14.1	11.2	543.1
10.6	26.6	374.9	14.1	10.5	543.1
0.0	26.7	612.8	14.1	11.4	543.1
0.0	25.7	471.1	14.1	10.7	543.1
0.0	24.9	158.1	14.1	9.8	543.1
0.0	25.2	486.5	14.1	9.7	543.1
1.0	26.0	542.2	14.1	9.2	543.1
11.2	25.9	364.0	14.1	10.1	543.1
7.6	27.0	400.2	14.1	9.7	543.1
10.3	25.2	218.6	14.1	8.0	543.1
14.8	25.9	348.2	14.1	8.9	539.5
23.4	25.8	271.4	14.0	7.9	539.5
11.4	26.2	350.7	14.0	8.8	539.5
0.2	28.0	596.2	14.0	11.1	539.5
0.3	28.8	622.8	14.0	11.7	539.5
14.7	27.4	568.3	14.0	10.6	539.5
0.2	28.7	549.7	14.0	11.5	539.5
2.8	29.4	587.7	14.0	11.3	539.5
11.7	28.6	428.1	14.0	9.8	539.5
19.9	28.3	457.7	14.0	10.4	539.5
2.9	27.4	433.6	14.0	9.5	539.5
1.4	26.0	219.6	13.9	7.0	539.5
9.1	27.1	418.9	13.9	7.8	539.5
21.3	27.3	379.0	13.9	8.7	539.5
14.8	27.8	426.6	13.9	9.2	539.5
11.5	27.8	436.9	13.9	10.4	539.5
6.0	28.2	590.3	13.9	11.3	539.5
7.7	28.2	600.5	13.9	11.4	539.5
1.9	29.0	613.4	13.8	11.3	539.5
7.3	28.5	579.2	13.8	10.1	539.5
4.1	28.6	543.0	13.8	11.6	539.5
5.9	27.8	619.9	13.8	10.9	539.5
0.5	28.8	579.7	13.8	10.4	539.5
0.3	29.7	544.8	13.8	10.6	539.5
0.1	30.5	607.8	13.7	11.3	539.5
0.1	30.6	609.5	13.7	11.6	539.5
0.7	30.4	593.3	13.7	11.7	539.5
11.9	28.2	582.8	13.7	11.8	539.5
6.5	27.9	569.0	13.7	10.9	539.5
14.5	27.9	586.2	13.6	11.2	539.5
6.9	28.4	587.9	13.6	11.3	539.5
8.3	28.3	563.4	13.6	10.9	538.0
6.9	28.4	489.6	13.6	10.1	538.0
9.3	28.3	505.8	13.5	10.6	538.0
14.7	28.4	478.7	13.5	10.0	538.0
8.3	28.4	422.6	13.5	9.8	538.0
5.6	28.7	547.2	13.5	9.9	538.0
0.0	29.1	595.5	13.5	10.2	538.0
0.1	29.9	593.3	13.4	10.8	538.0
0.0	30.8	543.1	13.4	11.5	538.0
0.0	31.4	577.5	13.4	11.9	538.0
0.0	31.3	558.4	13.4	11.5	538.0
0.1	31.1	522.7	13.3	10.9	538.0
0.0	31.0	581.9	13.3	11.7	538.0
11.9	30.3	462.9	13.3	11.8	538.0
30.5	25.7	308.8	13.3	7.8	538.0
4.3	24.4	76.3	13.2	3.9	538.0
2.3	24.4	103.8	13.2	4.9	538.0
19.0	25.7	355.2	13.2	8.3	538.0
28.2	25.9	459.4	13.1	9.2	538.0
7.6	26.3	483.5	13.1	9.1	538.0
1.5	26.5	418.9	13.1	8.8	538.0
4.3	26.5	443.3	13.1	8.5	538.0
6.7	26.1	273.5	13.0	7.7	538.0
8.2	26.4	311.7	13.0	8.8	538.0
10.1	26.7	436.8	13.0	9.5	538.0
11.5	26.6	483.1	13.0	9.7	538.0
16.1	27.1	453.2	12.9	9.0	538.0
12.6	27.0	283.6	12.9	7.6	538.0
19.5	27.4	363.7	12.9	8.3	538.0
10.2	27.4	391.3	12.8	8.6	538.0
13.1	27.2	422.5	12.8	9.2	538.0
3.2	27.2	449.2	12.8	9.7	539.1
3.4	27.5	507.4	12.8	9.7	539.1
7.2	27.4	497.2	12.7	9.0	539.1
2.4	27.8	492.3	12.7	10.0	539.1
5.0	27.8	488.9	12.7	9.8	539.1
13.4	26.2	457.0	12.6	7.2	539.1
9.0	26.3	452.2	12.6	8.7	539.1
0.7	22.8	269.4	12.6	9.0	539.1
0.0	19.4	544.6	12.5	8.8	539.1
0.0	20.8	490.6	12.5	7.8	539.1
3.5	19.6	58.6	12.5	3.4	539.1
3.2	20.1	22.2	12.5	3.4	539.1
0.5	20.5	60.1	12.4	3.3	539.1
0.2	22.0	365.2	12.4	7.4	539.1
0.0	21.6	364.9	12.4	8.1	539.1
0.0	21.5	459.7	12.3	9.6	539.1
0.0	22.7	507.8	12.3	9.0	539.1
0.0	22.9	470.2	12.3	10.1	539.1
0.0	24.6	512.9	12.3	10.6	539.1
0.0	26.1	492.4	12.2	9.8	539.1
0.3	27.5	430.3	12.2	9.3	539.1
0.3	27.7	367.0	12.2	8.8	539.1
0.0	28.2	474.5	12.1	9.3	539.1
0.0	28.4	472.3	12.1	9.5	539.1
0.0	28.6	469.0	12.1	9.2	539.1
8.8	27.1	444.4	12.0	10.0	539.1
8.3	26.4	433.1	12.0	8.8	539.1
10.6	25.8	329.3	12.0	7.2	539.1
9.8	26.1	404.8	11.9	7.5	539.1
15.2	25.0	373.1	11.9	8.5	539.1
1.4	17.6	39.3	11.9	5.4	540.1
0.0	19.3	391.5	11.9	5.8	540.1
0.1	19.9	340.8	11.8	6.3	540.1
0.6	18.4	301.7	11.8	5.0	540.1
0.3	18.0	143.9	11.8	5.1	540.1
0.0	18.3	345.2	11.7	6.5	540.1
0.0	18.4	456.7	11.7	7.0	540.1
0.0	20.8	444.6	11.7	7.8	540.1
0.0	21.8	436.2	11.6	7.5	540.1
0.0	21.2	430.8	11.6	7.7	540.1
0.0	21.2	417.4	11.6	6.7	540.1
0.0	23.2	390.8	11.6	7.1	540.1
0.0	22.0	212.2	11.5	5.8	540.1
0.1	21.7	264.0	11.5	6.2	540.1
0.0	21.8	401.5	11.5	6.6	540.1
0.1	21.2	200.5	11.4	6.6	540.1
0.0	20.5	407.1	11.4	7.5	540.1
0.0	21.0	407.8	11.4	7.4	540.1
0.0	20.3	403.0	11.4	7.3	540.1
0.0	17.5	387.7	11.3	6.9	540.1
0.0	17.2	414.1	11.3	7.1	540.1
0.0	18.4	404.8	11.3	7.6	540.1
0.0	18.9	375.9	11.2	7.8	540.1
0.0	19.3	401.9	11.2	7.8	540.1
0.0	19.9	391.9	11.2	7.8	540.1
0.0	19.7	387.6	11.2	7.0	540.1
0.0	21.0	379.5	11.1	7.0	540.1
0.0	22.7	343.1	11.1	7.0	540.1
0.1	23.0	283.2	11.1	6.5	540.1
0.0	23.0	302.9	11.0	6.5	540.1
0.0	23.6	351.3	11.0	6.5	540.1
0.0	24.5	353.9	11.0	7.1	541.9
0.6	24.9	338.1	11.0	7.9	541.9
8.2	15.3	26.1	10.9	3.9	541.9
0.9	15.5	41.5	10.9	2.6	541.9
1.6	16.1	48.8	10.9	2.4	541.9
0.3	19.0	150.3	10.9	4.9	541.9
3.5	16.6	35.0	10.8	4.5	541.9
1.6	13.7	45.4	10.8	2.7	541.9
1.8	13.3	93.2	10.8	2.7	541.9
7.4	12.7	70.4	10.8	1.9	541.9
11.1	12.7	13.9	10.7	1.6	541.9
3.3	13.1	40.0	10.7	1.6	541.9
6.3	15.0	49.4	10.7	2.8	541.9
1.4	9.5	25.4	10.7	3.9	541.9
0.0	6.3	333.9	10.6	3.4	541.9
0.0	9.4	335.0	10.6	4.3	541.9
0.0	10.2	284.7	10.6	5.0	541.9
0.0	8.5	337.9	10.6	4.0	541.9
0.0	10.5	333.5	10.6	4.9	541.9
0.0	8.7	325.9	10.5	4.1	541.9
0.0	8.6	297.5	10.5	3.9	541.9
0.0	11.2	312.6	10.5	4.4	541.9
0.0	8.0	328.4	10.5	4.3	541.9
0.0	10.7	326.3	10.5	4.3	541.9
0.0	14.6	229.1	10.4	5.1	541.9
0.0	15.9	302.3	10.4	5.7	541.9
0.0	17.0	282.3	10.4	5.3	541.9
0.0	9.6	317.6	10.4	3.9	541.9
0.0	12.3	318.6	10.4	5.4	541.9
0.0	13.2	306.7	10.4	5.7	541.9
0.0	15.2	309.0	10.3	6.1	544.4
0.0	17.9	294.2	10.3	6.1	544.4
32.1	18.9	109.8	10.3	4.2	544.4
11.7	18.9	29.1	10.3	1.9	544.4
4.0	17.5	25.8	10.3	2.9	544.4
4.2	16.3	73.8	10.3	2.2	544.4
1.1	14.9	65.1	10.3	2.8	544.4
0.1	14.4	195.2	10.3	3.2	544.4
0.5	14.7	216.9	10.2	3.3	544.4
1.4	8.8	47.5	10.2	4.2	544.4
0.0	1.5	134.9	10.2	1.9	544.4
0.0	3.6	283.5	10.2	2.4	544.4
0.0	5.4	290.9	10.2	3.1	544.4
0.9	8.6	195.1	10.2	3.4	544.4
0.2	5.4	109.8	10.2	2.2	544.4
0.0	4.9	285.6	10.2	3.2	544.4
0.0	7.9	272.0	10.2	3.9	544.4
0.5	13.6	189.9	10.2	4.4	544.4
0.9	14.0	132.4	10.2	4.1	544.4
0.4	17.3	228.1	10.2	5.2	544.4
4.1	18.0	200.3	10.2	4.8	544.4
4.8	12.5	23.5	10.2	2.3	544.4
1.8	6.2	50.8	10.2	3.0	544.4
5.8	9.2	87.7	10.2	3.1	544.4
1.3	5.8	111.2	10.2	2.7	544.4
1.5	9.6	77.8	10.2	3.9	544.4
3.9	12.5	93.2	10.2	5.2	544.4
8.2	5.6	79.6	10.2	1.2	544.4
7.8	6.1	28.3	10.2	1.3	544.4
8.8	5.3	19.7	10.2	1.5	544.4
2.5	6.2	64.6	10.2	2.0	544.4
3.9	5.4	48.8	10.2	3.5	547.4
0.0	-0.7	156.0	10.2	1.2	547.4
1.8	2.1	85.7	10.2	1.9	547.4
16.5	6.0	81.2	10.2	2.0	547.4
5.6	7.8	14.1	10.3	1.5	547.4
4.9	7.4	23.0	10.3	2.4	547.4
0.8	2.8	85.0	10.3	2.2	547.4
0.0	2.6	307.2	10.3	2.6	547.4
0.0	4.1	301.5	10.3	3.2	547.4
0.0	4.8	280.2	10.3	2.9	547.4
2.9	7.2	149.4	10.3	3.1	547.4
2.8	0.7	30.8	10.3	2.6	547.4
0.0	-4.7	282.1	10.4	1.5	547.4
0.3	0.1	234.0	10.4	2.2	547.4
21.2	3.4	56.9	10.4	1.8	547.4
0.3	0.8	111.9	10.4	2.2	547.4
0.0	-1.8	329.2	10.4	2.3	547.4
0.0	0.2	323.9	10.4	2.8	547.4
0.5	1.4	282.4	10.5	2.5	547.4
0.4	-1.0	166.2	10.5	2.1	547.4
5.2	1.0	245.8	10.5	2.4	547.4
4.4	0.4	34.2	10.5	0.8	547.4
1.6	1.7	131.5	10.5	1.8	547.4
8.9	0.4	76.2	10.6	1.7	547.4
0.3	-2.5	250.0	10.6	2.0	547.4
0.0	-2.6	349.6	10.6	2.3	547.4
0.1	2.6	344.3	10.6	3.8	547.4
0.1	5.5	275.6	10.6	3.9	547.4
12.6	11.2	122.5	10.7	4.3	547.4
0.1	6.6	212.7	10.7	3.7	547.4
0.1	9.3	232.7	10.7	4.5	547.4
12.2	13.9	179.2	10.7	5.1	548.9
13.8	2.4	22.5	10.8	3.5	548.9
0.2	-4.8	200.3	10.8	1.5	548.9
8.6	-7.2	144.1	10.8	1.4	548.9
0.0	-6.3	362.7	10.8	1.6	548.9
0.2	-5.4	216.5	10.9	1.4	548.9
20.1	-4.3	63.0	10.9	0.9	548.9
11.5	-1.7	62.2	10.9	1.6	548.9
1.8	0.2	193.4	10.9	1.1	548.9
1.7	0.0	40.0	11.0	0.5	548.9
24.6	3.8	74.9	11.0	2.5	548.9
4.7	3.1	43.9	11.0	2.4	548.9
0.7	-2.0	262.1	11.1	2.3	548.9
0.2	-1.8	401.6	11.1	2.4	548.9
0.8	-4.4	162.6	11.1	1.8	548.9
5.8	-0.6	185.0	11.1	2.3	548.9
10.7	1.0	32.1	11.2	1.9	548.9
25.6	1.6	25.0	11.2	2.4	548.9
6.9	-1.6	115.0	11.2	1.9	548.9
0.6	-2.3	326.5	11.2	2.2	548.9
0.6	1.0	246.3	11.3	3.5	548.9
2.0	6.1	343.5	11.3	4.2	548.9
20.9	8.7	94.2	11.3	3.4	548.9
1.1	2.7	156.5	11.4	4.2	548.9
0.3	-2.7	360.4	11.4	2.6	548.9
0.0	0.6	300.0	11.4	2.9	548.9
9.0	4.1	234.6	11.5	3.4	548.9
7.0	3.8	29.7	11.5	1.0	548.9
7.8	6.4	80.5	11.5	3.1	549.6
35.6	10.3	54.5	11.5	4.8	549.6
0.8	5.1	85.4	11.6	2.2	549.6
0.9	9.1	243.8	11.6	4.8	549.6
2.7	14.0	115.5	11.6	6.4	549.6
0.1	6.8	289.5	11.7	4.4	549.6
7.3	12.2	391.5	11.7	6.5	549.6
26.5	7.9	33.4	11.7	3.3	549.6
1.8	5.2	148.9	11.8	4.5	549.6
0.1	2.2	450.4	11.8	3.8	549.6
0.1	7.3	424.1	11.8	5.4	549.6
0.3	7.6	183.0	11.8	4.2	549.6
0.5	7.5	479.2	11.9	4.7	549.6
0.3	6.6	277.0	11.9	5.2	549.6
0.0	5.3	501.4	11.9	5.5	549.6
0.0	8.2	507.8	12.0	6.3	549.6
0.0	12.4	508.1	12.0	8.3	549.6
0.0	15.3	514.0	12.0	8.9	549.6
0.0	18.4	504.3	12.1	9.7	549.6
0.7	18.2	476.4	12.1	10.1	549.6
10.8	4.0	31.6	12.1	5.5	549.6
0.0	2.3	405.1	12.2	3.8	549.6
0.0	5.5	423.4	12.2	4.4	549.6
0.0	5.3	505.1	12.2	4.8	549.6
0.0	7.2	538.5	12.2	5.7	549.6
0.0	11.4	535.2	12.3	7.2	549.6
0.0	13.8	403.7	12.3	8.5	549.6
0.1	10.1	307.2	12.3	8.3	549.6
0.0	13.4	557.7	12.4	7.8	549.6
0.0	17.4	423.9	12.4	9.2	549.6
0.0	14.8	558.8	12.4	8.8	549.6
0.5	21.0	442.3	12.5	11.4	550.2
0.9	19.7	216.3	12.5	7.6	550.2
2.8	23.9	427.0	12.5	10.6	550.2
43.0	10.8	35.3	12.5	9.4	550.2
1.7	5.3	123.7	12.6	3.6	550.2
7.3	4.2	84.6	12.6	2.6	550.2
2.7	3.4	107.3	12.6	2.8	550.2
0.0	8.8	575.7	12.7	6.2	550.2
0.0	13.6	564.4	12.7	8.7	550.2
0.0	16.5	547.0	12.7	9.0	550.2
0.0	16.2	269.0	12.8	6.9	550.2
0.1	16.4	212.4	12.8	6.2	550.2
0.6	17.7	544.1	12.8	9.7	550.2
0.1	20.4	538.3	12.8	9.5	550.2
0.1	18.1	139.5	12.9	7.1	550.2
0.4	20.5	474.4	12.9	8.8	550.2
12.9	19.1	125.7	12.9	5.4	550.2
9.6	20.7	89.8	13.0	5.9	550.2
37.8	21.6	333.3	13.0	7.7	550.2
51.0	10.2	40.2	13.0	9.4	550.2
9.8	6.8	54.7	13.0	2.3	550.2
0.4	9.7	248.0	13.1	5.1	550.2
0.4	13.8	478.8	13.1	7.5	550.2
0.1	16.8	575.4	13.1	9.5	550.2
0.1	20.3	529.3	13.2	10.7	550.2
11.2	21.3	246.4	13.2	6.4	550.2
7.3	23.1	400.4	13.2	9.2	550.2
22.9	21.2	78.3	13.2	6.6	550.2
44.4	14.2	62.1	13.3	8.7	550.2
2.4	9.7	50.1	13.3	2.7	550.2
2.9	14.4	357.4	13.3	7.8	551.0
15.1	14.9	117.3	13.3	4.8	551.0
1.4	15.7	189.3	13.4	6.1	551.0
7.9	15.5	131.8	13.4	5.9	551.0
0.7	13.7	78.6	13.4	5.8	551.0
0.1	18.2	565.6	13.4	9.3	551.0
20.3	21.4	407.2	13.5	10.4	551.0
2.8	21.5	321.4	13.5	9.7	551.0
0.1	20.2	451.0	13.5	9.7	551.0
0.0	23.1	563.9	13.5	9.7	551.0
9.4	24.1	471.0	13.6	11.3	551.0
61.5	14.2	88.5	13.6	7.5	551.0
11.1	12.6	35.0	13.6	4.6	551.0
12.4	12.2	81.4	13.6	3.7	551.0
14.0	14.7	39.6	13.6	5.2	551.0
5.5	15.3	82.8	13.7	5.2	551.0
0.2	17.3	585.5	13.7	9.2	551.0
0.0	20.6	579.3	13.7	10.5	551.0
0.0	21.2	635.9	13.7	10.7	551.0
0.0	22.6	611.8	13.7	10.9	551.0
13.3	20.9	103.7	13.8	6.7	551.0
19.5	21.2	63.0	13.8	4.5	551.0
0.2	21.9	535.8	13.8	9.5	551.0
0.0	22.4	351.5	13.8	9.3	551.0
0.0	24.1	566.7	13.8	11.2	551.0
0.4	25.2	511.8	13.9	10.0	551.0
61.1	24.6	312.4	13.9	8.9	551.0
27.3	19.6	49.2	13.9	8.0	551.0
61.5	17.3	23.2	13.9	2.7	551.0
19.0	17.8	37.2	13.9	3.9	551.0
0.6	19.7	162.9	13.9	5.7	551.0
0.1	21.8	511.9	13.9	9.3	549.7
0.0	22.0	624.7	14.0	10.3	549.7
0.0	24.1	445.0	14.0	9.5	549.7
0.1	25.0	643.8	14.0	12.6	549.7
0.2	24.8	614.0	14.0	10.7	549.7
9.0	22.9	104.5	14.0	5.0	549.7
1.7	24.3	349.9	14.0	9.9	549.7
0.6	24.7	464.0	14.0	8.6	549.7
0.9	25.2	284.3	14.0	8.5	549.7
8.1	24.0	83.4	14.0	5.2	549.7
3.8	22.6	119.3	14.0	8.5	549.7
0.1	25.0	560.0	14.1	10.5	549.7
0.2	25.1	383.8	14.1	10.0	549.7
0.2	23.5	568.6	14.1	10.2	549.7
23.2	20.5	56.6	14.1	5.3	549.7
26.7	21.0	24.3	14.1	5.4	549.7
1.9	20.7	87.0	14.1	6.3	549.7
0.5	19.9	102.2	14.1	4.7	549.7
0.2	23.2	527.9	14.1	10.2	549.7
0.1	24.7	408.4	14.1	10.2	549.7
0.2	24.7	248.4	14.1	7.6	549.7
0.0	26.6	496.1	14.1	10.5	549.7
9.2	27.1	526.1	14.1	9.6	549.7
9.8	27.3	428.4	14.1	8.7	549.7
25.2	26.3	243.2	14.1	7.8	549.7
16.6	26.5	374.7	14.1	9.6	549.7
10.1	26.9	359.8	14.1	10.4	549.7
18.6	27.2	507.4	14.1	10.4	549.7
17.6	27.1	503.3	14.1	9.8	549.7
16.5	27.1	538.1	14.1	9.5	549.7
16.8	27.1	584.5	14.1	11.2	546.1
16.9	26.2	559.9	14.0	9.8	546.1
17.6	25.6	395.2	14.0	9.0	546.1
1.1	25.5	470.6	14.0	9.4	546.1
1.0	26.4	536.9	14.0	9.6	546.1
2.5	27.0	558.9	14.0	10.0	546.1
11.1	26.8	518.4	14.0	10.1	546.1
13.1	26.6	528.3	14.0	9.8	546.1
16.7	25.9	276.7	14.0	9.7	546.1
13.0	27.0	496.8	14.0	9.7	546.1
22.8	26.6	275.9	14.0	8.3	546.1
14.9	26.9	376.9	14.0	9.6	546.1
5.3	26.5	212.1	13.9	7.9	546.1
13.3	26.7	354.4	13.9	8.4	546.1
8.0	27.4	373.0	13.9	10.1	546.1
0.0	28.1	482.8	13.9	9.8	546.1
5.0	28.5	596.1	13.9	11.1	546.1
3.6	28.4	604.6	13.9	11.5	546.1
1.6	28.1	495.9	13.8	10.9	546.1
18.7	26.8	471.2	13.8	9.7	546.1
22.3	25.9	445.2	13.8	7.5	546.1
14.6	26.4	435.0	13.8	9.0	546.1
18.3	26.7	368.9	13.8	9.0	546.1
18.0	27.2	416.5	13.8	9.3	546.1
21.8	27.6	410.7	13.7	8.9	546.1
10.3	27.2	305.8	13.7	8.9	546.1
10.3	27.1	257.7	13.7	8.8	546.1
10.4	26.7	258.9	13.7	9.2	546.1
12.9	26.7	413.4	13.7	9.6	546.1
8.8	27.2	561.7	13.6	9.8	546.1
10.4	27.1	587.6	13.6	10.1	546.1
5.3	27.4	601.4	13.6	10.8	544.6
9.3	27.2	596.9	13.6	10.3	544.6
8.2	27.3	557.1	13.6	9.4	544.6
0.0	27.7	587.3	13.5	10.7	544.6
0.0	27.4	573.9	13.5	10.8	544.6
0.0	27.4	580.7	13.5	10.3	544.6
0.8	28.1	461.4	13.5	9.4	544.6
12.0	26.4	321.7	13.4	7.9	544.6
12.3	25.6	295.8	13.4	7.1	544.6
1.3	25.5	235.8	13.4	7.0	544.6
1.2	26.3	501.3	13.4	9.3	544.6
0.1	26.5	578.8	13.3	10.4	544.6
0.0	26.6	601.0	13.3	11.3	544.6
0.4	27.1	567.0	13.3	9.1	544.6
1.0	26.6	113.1	13.3	6.9	544.6
4.5	26.2	193.7	13.2	7.6	544.6
0.2	26.0	384.6	13.2	8.8	544.6
0.2	25.1	421.3	13.2	7.8	544.6
0.3	24.7	518.7	13.2	9.9	544.6
0.1	26.3	587.3	13.1	10.7	544.6
0.0	27.6	577.9	13.1	10.5	544.6
0.0	27.4	576.3	13.1	11.4	544.6
0.0	27.6	577.7	13.0	10.9	544.6
0.1	28.9	537.0	13.0	10.3	544.6
0.2	27.9	256.2	13.0	8.6	544.6
0.1	28.1	367.3	13.0	9.1	544.6
4.1	26.9	322.9	12.9	9.8	544.6
4.2	28.1	439.0	12.9	9.5	544.6
11.1	27.0	278.0	12.9	9.3	544.6
0.2	23.2	230.7	12.8	9.5	544.6
0.0	21.7	231.9	12.8	6.5	544.6
3.2	22.6	262.2	12.8	7.3	545.8
2.9	20.5	93.6	12.8	4.2	545.8
0.7	23.1	101.0	12.7	6.2	545.8
0.4	24.1	113.2	12.7	5.7	545.8
16.0	25.1	450.1	12.7	8.7	545.8
20.3	25.2	440.8	12.6	8.3	545.8
2.3	25.0	418.8	12.6	8.7	545.8
0.6	25.6	476.4	12.6	7.7	545.8
5.7	26.1	358.0	12.6	8.5	545.8
12.1	26.3	457.8	12.5	8.8	545.8
1.1	26.0	422.0	12.5	7.9	545.8
0.1	25.3	251.1	12.5	8.2	545.8
0.3	26.4	326.3	12.4	7.9	545.8
0.2	25.4	115.3	12.4	6.1	545.8
3.3	24.6	66.5	12.4	5.8	545.8
6.1	21.8	21.6	12.3	4.4	545.8
10.1	19.8	16.8	12.3	3.9	545.8
2.3	16.5	39.4	12.3	5.9	545.8
0.0	16.6	510.0	12.3	6.6	545.8
0.0	19.6	509.8	12.2	8.6	545.8
0.0	18.4	504.2	12.2	7.9	545.8
0.0	20.1	507.2	12.2	9.0	545.8
0.0	21.1	498.3	12.1	8.9	545.8
0.0	22.4	487.2	12.1	8.9	545.8
0.0	22.7	486.7	12.1	9.1	545.8
0.0	21.5	387.5	12.0	8.9	545.8
0.0	20.1	488.0	12.0	8.3	545.8
0.0	19.9	471.1	12.0	8.6	545.8
0.0	21.0	479.7	12.0	8.4	545.8
0.0	21.4	471.3	11.9	8.8	545.8
0.0	21.5	473.4	11.9	8.7	546.8
0.0	21.3	472.5	11.9	9.4	546.8
0.0	18.6	487.4	11.8	8.9	546.8
0.0	19.9	485.1	11.8	9.4	546.8
0.0	22.0	463.2	11.8	9.9	546.8
0.0	22.7	457.8	11.7	9.8	546.8
0.0	22.6	444.5	11.7	9.2	546.8
0.0	22.2	451.7	11.7	9.2	546.8
0.0	22.0	443.5	11.7	8.3	546.8
0.0	20.2	435.8	11.6	7.6	546.8
0.0	19.3	427.9	11.6	6.9	546.8
0.0	18.4	392.3	11.6	6.7	546.8
0.0	17.9	397.8	11.5	7.3	546.8
0.0	17.9	431.0	11.5	6.7	546.8
0.0	17.8	430.6	11.5	7.5	546.8
0.0	19.4	319.5	11.4	6.9	546.8
0.0	19.4	419.5	11.4	8.0	546.8
0.0	15.9	429.4	11.4	7.3	546.8
0.0	16.7	432.7	11.4	7.6	546.8
0.0	18.3	424.1	11.3	7.9	546.8
0.0	19.4	413.8	11.3	8.2	546.8
0.0	20.3	407.9	11.3	8.5	546.8
0.0	19.9	407.4	11.2	8.1	546.8
0.0	20.3	397.2	11.2	7.8	546.8
0.0	18.4	236.9	11.2	5.9	546.8
0.0	16.3	298.4	11.2	5.4	546.8
0.0	19.5	266.3	11.1	5.9	546.8
0.2	20.2	81.0	11.1	4.8	546.8
0.1	22.4	342.5	11.1	6.2	546.8
18.7	18.5	189.7	11.1	6.9	546.8
1.2	10.3	42.3	11.0	3.6	546.8
0.0	9.3	377.6	11.0	4.0	548.6
0.0	9.4	382.4	11.0	4.8	548.6
0.0	12.1	376.8	10.9	5.2	548.6
0.1	16.9	198.0	10.9	5.5	548.6
0.0	17.5	84.6	10.9	3.7	548.6
0.0	19.5	317.1	10.9	6.1	548.6
0.0	13.9	267.5	10.8	5.0	548.6
0.0	12.2	303.7	10.8	4.2	548.6
0.0	13.2	224.1	10.8	4.7	548.6
0.0	11.5	358.8	10.8	4.9	548.6
0.0	12.0	360.4	10.7	5.4	548.6
0.0	12.4	347.5	10.7	5.1	548.6
0.0	15.7	334.0	10.7	5.4	548.6
0.0	18.2	226.0	10.7	5.1	548.6
0.9	18.4	127.9	10.6	4.3	548.6
1.2	16.5	50.8	10.6	3.0	548.6
0.0	20.1	269.9	10.6	5.5	548.6
0.0	19.6	103.9	10.6	5.1	548.6
34.3	14.3	127.2	10.6	3.7	548.6
23.4	9.1	22.5	10.5	2.8	548.6
0.1	7.4	312.7	10.5	3.0	548.6
0.3	7.5	238.9	10.5	3.4	548.6
0.8	9.6	234.8	10.5	3.4	548.6
3.3	12.1	116.0	10.5	3.3	548.6
0.7	5.0	93.5	10.4	3.0	548.6
0.0	5.0	328.3	10.4	3.3	548.6
0.0	7.6	317.5	10.4	4.0	548.6
0.0	6.8	271.7	10.4	3.6	548.6
0.0	8.0	284.6	10.4	3.6	548.6
0.0	10.5	302.6	10.4	4.2	548.6
0.2	12.7	289.4	10.3	4.6	551.1
0.0	8.3	288.9	10.3	3.7	551.1
0.0	8.3	309.9	10.3	3.9	551.1
0.0	8.2	300.0	10.3	3.6	551.1
0.0	5.3	150.7	10.3	1.9	551.1
5.3	7.4	103.9	10.3	2.4	551.1
7.3	8.7	28.1	10.3	2.2	551.1
0.3	6.7	185.6	10.3	3.2	551.1
0.2	9.8	192.1	10.2	3.3	551.1
15.3	12.0	63.0	10.2	2.5	551.1
2.2	6.9	25.8	10.2	2.9	551.1
0.0	2.6	230.0	10.2	2.5	551.1
0.0	0.8	292.4	10.2	2.2	551.1
0.0	3.1	211.9	10.2	2.5	551.1
0.1	5.0	186.0	10.2	2.6	551.1
0.9	6.5	173.2	10.2	3.0	551.1
0.3	8.2	101.8	10.2	2.9	551.1
0.1	4.8	278.2	10.2	2.7	551.1
0.0	6.6	283.8	10.2	3.2	551.1
0.3	9.0	282.2	10.2	3.7	551.1
0.8	8.3	132.9	10.2	2.4	551.1
0.6	7.8	98.7	10.2	2.5	551.1
0.0	4.7	287.9	10.2	2.8	551.1
0.0	5.8	287.7	10.2	2.9	551.1
10.0	8.4	64.5	10.2	2.1	551.1
1.2	8.6	73.5	10.2	2.3	551.1
7.8	9.5	83.7	10.2	2.1	551.1
10.3	11.6	48.0	10.2	2.3	551.1
10.6	10.4	43.0	10.2	3.1	551.1
1.2	4.7	27.4	10.2	1.8	551.1
0.6	4.1	66.8	10.2	2.2	551.1
0.0	2.4	300.9	10.2	3.1	554.1
0.1	4.1	277.3	10.2	3.4	554.1
0.2	5.6	256.0	10.2	3.6	554.1
0.1	2.1	220.1	10.2	2.8	554.1
0.0	4.9	300.6	10.3	3.9	554.1
0.1	6.1	287.1	10.3	4.1	554.1
0.3	9.7	266.5	10.3	3.9	554.1
0.1	10.6	276.2	10.3	4.4	554.1
0.0	12.4	261.2	10.3	4.5	554.1
0.4	15.1	216.5	10.3	4.0	554.1
0.2	17.3	225.8	10.3	4.3	554.1
5.0	17.1	135.1	10.3	5.4	554.1
11.1	5.3	65.4	10.4	3.2	554.1
0.0	2.5	206.4	10.4	2.5	554.1
0.0	2.0	320.0	10.4	3.2	554.1
0.0	0.6	242.4	10.4	2.2	554.1
5.4	5.0	116.2	10.4	2.9	554.1
1.3	1.4	35.1	10.4	1.7	554.1
9.4	-2.1	45.5	10.5	1.6	554.1
0.0	-1.7	331.2	10.5	2.0	554.1
0.0	1.4	338.7	10.5	2.9	554.1
0.0	0.9	344.1	10.5	2.3	554.1
0.0	0.2	333.6	10.5	2.9	554.1
0.0	1.8	346.7	10.6	2.9	554.1
0.0	5.2	336.2	10.6	3.9	554.1
0.7	9.9	319.3	10.6	5.3	554.1
5.9	6.4	27.7	10.6	2.8	554.1
10.8	1.7	25.2	10.6	2.1	554.1
1.1	2.7	216.3	10.7	2.3	554.1
4.8	6.7	79.9	10.7	3.1	554.1
0.6	3.0	121.9	10.7	1.6	554.1
4.6	3.5	49.0	10.7	1.6	555.7
11.4	6.2	40.7	10.8	2.1	555.7
9.9	9.1	57.2	10.8	2.8	555.7
0.4	11.8	141.1	10.8	4.3	555.7
4.2	16.2	332.1	10.8	7.2	555.7
0.4	0.9	33.9	10.9	2.3	555.7
12.3	-0.0	134.9	10.9	1.7	555.7
0.5	0.5	205.0	10.9	2.1	555.7
3.2	4.1	154.7	10.9	2.9	555.7
9.7	8.5	48.2	11.0	2.9	555.7
25.6	13.6	58.4	11.0	4.5	555.7
0.6	8.6	143.9	11.0	4.7	555.7
0.2	11.5	181.0	11.0	4.6	555.7
1.0	19.0	365.1	11.1	6.1	555.7
22.9	16.7	234.4	11.1	7.3	555.7
6.3	5.5	37.6	11.1	2.5	555.7
1.6	2.6	292.4	11.2	3.4	555.7
0.1	0.4	380.6	11.2	3.0	555.7
2.2	4.0	289.3	11.2	3.4	555.7
1.2	2.9	135.1	11.2	2.4	555.7
7.5	0.6	63.2	11.3	1.7	555.7
0.2	-0.4	70.3	11.3	2.3	555.7
0.0	-2.6	392.0	11.3	2.2	555.7
11.5	-1.2	61.3	11.4	2.0	555.7
1.0	-0.7	198.9	11.4	2.1	555.7
0.1	1.1	364.6	11.4	3.4	555.7
0.0	3.0	417.2	11.4	4.0	555.7
0.8	7.9	275.5	11.5	5.1	555.7
4.0	8.5	237.1	11.5	4.6	555.7
28.7	8.1	33.6	11.5	2.8	556.4
19.3	3.9	28.9	11.6	3.3	556.4
7.9	2.2	47.5	11.6	2.2	556.4
29.0	6.4	115.8	11.6	3.4	556.4
3.0	2.7	35.9	11.7	3.1	556.4
52.2	-0.4	53.7	11.7	1.8	556.4
15.7	0.1	41.0	11.7	1.0	556.4
6.5	2.1	38.0	11.7	2.9	556.4
11.2	7.3	51.9	11.8	3.5	556.4
2.8	15.1	206.7	11.8	7.7	556.4
18.7	8.4	48.8	11.8	5.1	556.4
11.7	3.5	54.5	11.9	2.2	556.4
0.3	5.2	141.9	11.9	3.4	556.4
30.9	11.8	84.0	11.9	6.7	556.4
32.7	13.6	96.9	12.0	7.6	556.4
5.2	6.1	73.2	12.0	3.1	556.4
4.4	3.4	59.9	12.0	2.6	556.4
8.5	2.7	53.7	12.1	1.6	556.4
0.0	4.6	409.0	12.1	5.1	556.4
0.7	4.7	146.1	12.1	3.8	556.4
0.0	6.6	474.9	12.1	5.4	556.4
0.0	9.5	505.5	12.2	6.7	556.4
12.1	12.9	482.4	12.2	7.7	556.4
16.5	11.9	121.9	12.2	4.9	556.4
1.4	9.0	129.9	12.3	4.1	556.4
0.8	12.5	512.3	12.3	6.2	556.4
1.0	6.1	182.1	12.3	5.6	556.4
0.0	9.9	545.4	12.4	6.2	556.4
0.0	15.6	528.6	12.4	8.8	556.4
11.4	13.1	308.0	12.4	8.0	556.4
1.0	9.0	143.3	12.5	3.3	556.4
0.4	9.9	155.7	12.5	4.5	557.0
0.0	9.4	198.5	12.5	5.1	557.0
0.0	9.8	324.8	12.5	6.7	557.0
0.0	10.9	372.4	12.6	7.3	557.0
0.0	13.0	541.2	12.6	7.7	557.0
19.4	11.5	58.4	12.6	3.6	557.0
19.6	15.1	114.6	12.7	5.6	557.0
46.6	14.5	72.4	12.7	4.1	557.0
37.4	12.4	66.4	12.7	6.3	557.0
0.0	11.9	573.0	12.8	8.3	557.0
0.0	16.8	547.2	12.8	8.7	557.0
0.2	13.9	81.0	12.8	4.5	557.0
0.0	16.4	565.6	12.8	8.5	557.0
0.1	16.6	588.4	12.9	9.7	557.0
14.0	22.1	545.9	12.9	11.8	557.0
4.2	16.1	219.1	12.9	9.0	557.0
0.0	13.7	607.5	13.0	7.0	557.0
0.4	20.8	564.0	13.0	9.9	557.0
22.1	20.4	142.1	13.0	8.1	557.0
38.3	16.6	107.1	13.0	4.0	557.0
3.1	12.3	59.0	13.1	5.9	557.0
0.7	12.2	244.6	13.1	7.2	557.0
0.1	15.0	588.0	13.1	9.0	557.0
14.7	17.4	467.6	13.1	8.3	557.0
15.8	19.8	90.7	13.2	6.5	557.0
20.5	22.7	146.5	13.2	8.1	557.0
20.3	19.3	74.7	13.2	8.2	557.0
1.2	19.9	162.5	13.3	8.3	557.0
19.2	19.8	201.7	13.3	11.0	557.0
0.4	16.7	458.5	13.3	7.5	557.0
1.1	21.8	575.3	13.3	10.0	557.8
33.1	12.8	64.4	13.4	9.5	557.8
0.0	11.6	380.0	13.4	7.7	557.8
0.0	12.6	642.7	13.4	8.1	557.8
0.0	15.2	639.0	13.4	9.3	557.8
0.0	18.2	582.9	13.5	9.6	557.8
0.0	19.9	622.2	13.5	10.7	557.8
0.0	21.0	628.0	13.5	11.2	557.8
0.2	23.9	574.3	13.5	10.9	557.8
2.7	23.5	302.0	13.6	9.1	557.8
14.6	23.8	405.4	13.6	10.0	557.8
12.7	23.4	266.8	13.6	7.2	557.8
29.9	22.6	268.5	13.6	7.7	557.8
2.5	18.1	139.4	13.6	7.8	557.8
0.0	15.3	561.1	13.7	8.2	557.8
0.1	15.5	226.6	13.7	6.7	557.8
0.1	18.7	616.5	13.7	10.6	557.8
0.0	22.3	612.7	13.7	10.5	557.8
53.4	23.0	381.1	13.7	9.1	557.8
13.3	21.3	38.6	13.8	9.1	557.8
0.0	17.6	406.4	13.8	8.5	557.8
0.0	17.9	594.4	13.8	8.8	557.8
0.0	17.7	409.5	13.8	7.8	557.8
0.0	16.7	288.7	13.8	7.7	557.8
0.9	17.8	405.5	13.9	7.1	557.8
1.4	20.4	458.4	13.9	8.9	557.8
0.1	22.5	539.4	13.9	11.0	557.8
0.2	25.1	405.4	13.9	10.7	557.8
0.1	27.5	527.1	13.9	9.8	557.8
18.4	27.3	407.5	13.9	9.5	557.8
19.4	24.2	140.1	13.9	8.7	557.8
16.1	19.1	61.6	14.0	7.6	556.4
4.8	17.0	32.7	14.0	3.1	556.4
4.8	18.1	91.6	14.0	4.4	556.4
0.1	19.7	312.5	14.0	8.2	556.4
19.7	16.2	75.4	14.0	6.2	556.4
22.5	15.9	89.8	14.0	5.2	556.4
1.9	16.9	76.3	14.0	4.2	556.4
17.3	19.1	123.7	14.0	5.2	556.4
11.1	21.0	73.8	14.0	7.1	556.4
0.3	25.7	572.9	14.0	11.5	556.4
0.3	27.0	625.3	14.1	12.8	556.4
3.3	27.3	606.3	14.1	12.0	556.4
20.7	25.1	511.8	14.1	11.2	556.4
29.9	20.0	61.6	14.1	6.7	556.4
9.1	16.2	69.2	14.1	5.2	556.4
0.2	20.1	557.7	14.1	10.1	556.4
0.1	21.8	546.4	14.1	10.4	556.4
0.0	22.2	405.4	14.1	9.9	556.4
0.0	22.5	314.7	14.1	8.2	556.4
0.0	25.0	636.7	14.1	11.0	556.4
23.2	25.2	435.6	14.1	9.8	556.4
5.6	23.4	97.9	14.1	5.9	556.4
1.1	21.8	81.5	14.1	6.0	556.4
15.2	21.7	80.8	14.1	6.6	556.4
72.4	20.4	37.5	14.1	1.9	556.4
9.0	20.3	18.7	14.1	3.7	556.4
1.1	21.1	250.2	14.1	8.0	556.4
0.0	23.8	437.4	14.1	10.0	556.4
24.5	26.6	537.4	14.1	10.3	556.4
18.4	25.8	120.3	14.1	8.1	556.4
12.3	25.4	92.5	14.1	6.0	552.9
47.3	24.9	61.8	14.0	5.3	552.9
7.7	25.5	326.6	14.0	8.5	552.9
0.4	26.5	425.9	14.0	9.1	552.9
6.3	25.5	407.4	14.0	9.7	552.9
9.0	26.0	301.6	14.0	8.5	552.9
13.6	26.6	408.4	14.0	10.0	552.9
16.1	27.4	535.3	14.0	10.1	552.9
0.1	27.9	503.6	14.0	10.7	552.9
15.1	27.1	526.8	14.0	9.2	552.9
19.8	27.2	499.0	14.0	9.5	552.9
4.7	27.8	580.8	13.9	11.0	552.9
3.0	28.6	623.3	13.9	10.6	552.9
4.0	28.6	616.8	13.9	11.5	552.9
0.1	29.5	599.7	13.9	10.4	552.9
8.4	28.8	513.0	13.9	10.6	552.9
13.3	27.8	454.4	13.9	9.1	552.9
10.5	27.7	423.2	13.9	9.4	552.9
5.0	28.1	576.1	13.8	11.1	552.9
3.9	28.8	589.1	13.8	10.9	552.9
0.0	29.1	528.0	13.8	10.2	552.9
5.1	28.9	581.5	13.8	11.0	552.9
1.0	29.9	590.0	13.8	10.4	552.9
10.3	28.0	507.5	13.7	9.9	552.9
16.7	27.4	383.6	13.7	9.1	552.9
13.7	27.2	519.3	13.7	10.1	552.9
2.5	27.2	539.8	13.7	10.0	552.9
0.5	27.6	476.8	13.7	8.6	552.9
2.1	27.1	341.4	13.6	8.4	552.9
3.8	26.3	203.1	13.6	7.1	552.9
2.2	26.3	217.1	13.6	7.2	552.9
1.6	27.8	468.1	13.6	9.8	551.4
0.1	29.0	603.6	13.6	11.0	551.4
0.0	30.2	609.5	13.5	11.6	551.4
0.0	30.5	598.9	13.5	11.7	551.4
0.0	30.2	600.1	13.5	11.9	551.4
0.0	29.2	611.1	13.5	11.5	551.4
0.0	29.6	599.9	13.4	11.3	551.4
7.6	28.4	586.2	13.4	11.5	551.4
4.3	28.1	506.0	13.4	10.0	551.4
11.8	27.7	514.6	13.4	10.9	551.4
11.0	27.8	520.1	13.3	10.4	551.4
9.4	27.5	554.6	13.3	9.7	551.4
8.6	28.0	570.7	13.3	10.5	551.4
0.1	29.2	568.7	13.3	10.2	551.4
7.0	28.5	570.1	13.2	11.4	551.4
11.2	28.0	549.2	13.2	10.3	551.4
4.5	27.5	435.0	13.2	10.3	551.4
0.0	27.3	572.1	13.2	9.8	551.4
0.7	26.8	358.4	13.1	8.2	551.4
7.9	26.1	278.7	13.1	6.5	551.4
14.0	25.9	290.4	13.1	8.3	551.4
1.2	27.2	409.4	13.1	8.5	551.4
0.5	28.0	446.5	13.0	9.4	551.4
2.4	28.2	506.4	13.0	9.8	551.4
0.0	28.7	516.9	13.0	9.3	551.4
0.4	28.4	360.7	12.9	9.0	551.4
13.3	26.2	288.8	12.9	8.9	551.4
17.2	26.0	351.1	12.9	7.9	551.4
9.7	26.7	377.4	12.9	8.8	551.4
17.9	26.8	469.1	12.8	8.7	551.4
20.3	26.4	339.7	12.8	8.7	551.4
0.5	26.9	481.8	12.8	8.7	552.6
1.5	27.2	484.9	12.7	8.7	552.6
0.5	23.0	262.5	12.7	9.1	552.6
0.0	22.8	536.6	12.7	8.3	552.6
0.0	24.2	180.2	12.7	7.9	552.6
0.0	25.4	482.6	12.6	8.9	552.6
0.1	26.3	328.8	12.6	8.8	552.6
0.0	25.7	444.2	12.6	8.9	552.6
0.0	26.1	396.5	12.5	8.3	552.6
0.2	27.7	348.3	12.5	8.6	552.6
0.1	28.0	277.0	12.5	8.6	552.6
0.8	25.9	173.8	12.4	6.6	552.6
0.2	23.3	59.3	12.4	6.0	552.6
0.0	21.4	224.9	12.4	6.7	552.6
0.0	21.1	421.9	12.4	8.7	552.6
0.0	22.0	464.3	12.3	8.2	552.6
0.0	23.2	396.6	12.3	8.6	552.6
0.0	21.4	356.0	12.3	8.4	552.6
0.0	21.9	509.5	12.2	9.1	552.6
0.0	21.9	507.5	12.2	9.2	552.6
0.0	22.7	502.5	12.2	9.6	552.6
0.0	23.0	500.8	12.1	9.6	552.6
0.0	23.2	495.8	12.1	9.2	552.6
0.0	23.0	495.0	12.1	9.3	552.6
0.0	22.6	498.2	12.1	9.5	552.6
0.0	23.0	493.4	12.0	9.9	552.6
0.0	22.3	486.2	12.0	9.9	552.6
0.0	22.0	496.7	12.0	9.5	552.6
0.0	23.8	469.8	11.9	9.4	552.6
0.0	25.3	444.1	11.9	8.5	552.6
0.4	26.6	336.9	11.9	7.6	553.6
2.0	21.9	52.8	11.8	6.3	553.6
0.0	19.8	460.4	11.8	8.4	553.6
0.0	19.0	477.8	11.8	8.3	553.6
0.0	20.9	465.0	11.8	8.2	553.6
0.3	24.2	374.8	11.7	8.2	553.6
0.0	24.9	308.5	11.7	9.3	553.6
0.0	15.6	463.0	11.7	7.2	553.6
0.0	14.6	472.6	11.6	7.0	553.6
0.0	18.0	451.6	11.6	8.1	553.6
0.0	20.6	390.6	11.6	8.3	553.6
0.0	22.2	421.7	11.5	8.2	553.6
0.0	22.6	420.5	11.5	8.3	553.6
0.4	23.0	401.2	11.5	8.3	553.6
0.0	18.0	314.3	11.5	7.0	553.6
0.0	18.1	432.3	11.4	7.5	553.6
0.0	20.2	397.1	11.4	7.1	553.6
0.0	22.3	286.7	11.4	6.6	553.6
0.5	25.3	376.1	11.3	7.8	553.6
0.0	25.9	355.4	11.3	7.6	553.6
0.0	26.0	382.5	11.3	7.7	553.6
0.0	25.8	380.9	11.3	7.8	553.6
0.0	25.5	379.8	11.2	8.2	553.6
0.1	25.6	370.4	11.2	7.5	553.6
0.4	20.6	52.6	11.2	4.5	553.6
0.1	22.7	353.0	11.1	6.4	553.6
0.1	23.1	140.7	11.1	5.3	553.6
0.8	24.6	353.4	11.1	7.0	553.6
3.7	16.7	81.5	11.1	4.7	553.6
3.6	15.4	23.3	11.0	2.0	553.6
0.2	16.4	185.5	11.0	4.5	553.6
0.2	17.5	277.9	11.0	4.6	555.4
46.0	14.9	32.3	10.9	2.5	555.4
5.7	13.5	20.4	10.9	2.9	555.4
0.4	11.2	233.5	10.9	3.0	555.4
1.1	12.2	156.5	10.9	3.1	555.4
0.2	13.4	317.7	10.8	4.3	555.4
0.0	7.3	236.7	10.8	3.9	555.4
0.0	8.6	364.9	10.8	3.8	555.4
0.0	12.0	347.7	10.8	5.0	555.4
0.0	13.5	137.0	10.7	4.4	555.4
0.0	16.5	321.2	10.7	5.0	555.4
10.3	16.7	277.7	10.7	6.4	555.4
0.0	8.9	265.1	10.7	3.3	555.4
0.0	7.0	257.1	10.7	3.3	555.4
0.0	8.7	233.5	10.6	3.8	555.4
15.8	11.2	52.9	10.6	3.1	555.4
5.9	12.0	18.6	10.6	2.1	555.4
0.1	9.9	330.5	10.6	4.1	555.4
0.1	10.3	267.7	10.5	4.3	555.4
0.3	12.5	115.5	10.5	3.3	555.4
0.3	15.9	183.3	10.5	4.6	555.4
15.6	17.9	50.7	10.5	3.2	555.4
13.0	17.8	30.7	10.5	1.6	555.4
6.1	10.4	18.1	10.4	4.5	555.4
12.6	7.8	28.3	10.4	2.8	555.4
4.8	2.5	18.8	10.4	1.5	555.4
0.2	2.5	141.4	10.4	2.0	555.4
0.3	5.7	180.8	10.4	2.8	555.4
0.1	11.3	282.8	10.4	4.3	555.4
4.1	12.4	135.5	10.3	3.3	555.4
15.5	9.7	30.0	10.3	1.4	558.0
2.3	10.1	73.3	10.3	2.0	558.0
4.0	13.4	105.9	10.3	3.0	558.0
8.2	12.2	16.7	10.3	2.1	558.0
0.7	11.0	107.4	10.3	2.4	558.0
0.2	12.8	256.1	10.3	3.7	558.0
4.2	14.2	218.2	10.3	4.5	558.0
6.5	8.6	16.5	10.3	1.6	558.0
0.6	11.7	52.4	10.2	2.2	558.0
2.0	16.5	114.5	10.2	3.7	558.0
3.3	18.8	123.2	10.2	4.1	558.0
9.2	8.9	26.5	10.2	4.1	558.0
6.3	2.1	14.9	10.2	1.7	558.0
13.6	1.0	15.9	10.2	0.5	558.0
0.1	1.9	238.2	10.2	2.3	558.0
0.0	-2.5	301.9	10.2	1.9	558.0
0.1	-1.5	277.6	10.2	2.2	558.0
0.2	2.8	262.0	10.2	3.0	558.0
0.3	5.4	158.0	10.2	2.8	558.0
0.6	3.9	152.9	10.2	2.4	558.0
0.2	4.8	255.5	10.2	3.4	558.0
0.1	4.7	244.9	10.2	3.2	558.0
0.0	-0.1	296.3	10.2	2.1	558.0
0.0	2.1	296.7	10.2	3.0	558.0
0.1	5.2	293.3	10.2	3.9	558.0
0.3	2.9	102.0	10.2	2.3	558.0
0.0	3.4	245.4	10.2	3.1	558.0
0.1	5.8	271.2	10.2	3.7	558.0
0.1	7.8	277.5	10.2	3.8	558.0
0.2	7.7	193.7	10.2	2.5	558.0
0.0	7.5	220.4	10.2	3.2	558.0
23.6	10.2	137.0	10.2	3.4	561.0
6.4	9.7	30.7	10.2	1.6	561.0
1.8	5.2	51.3	10.2	2.9	561.0
0.0	0.2	257.4	10.3	2.3	561.0
0.2	1.3	181.4	10.3	2.7	561.0
0.2	5.2	188.5	10.3	3.0	561.0
0.1	4.2	292.1	10.3	2.9	561.0
0.0	0.9	314.5	10.3	2.6	561.0
0.0	4.0	317.9	10.3	3.3	561.0
0.0	9.0	295.2	10.3	4.3	561.0
0.0	6.4	313.3	10.3	3.8	561.0
0.0	7.6	318.7	10.3	3.9	561.0
30.3	13.9	279.4	10.4	5.2	561.0
4.6	10.8	28.7	10.4	3.1	561.0
3.7	10.7	28.8	10.4	3.2	561.0
8.5	14.6	71.3	10.4	4.1	561.0
1.3	6.7	93.5	10.4	3.0	561.0
3.3	7.1	127.8	10.4	2.5	561.0
2.3	8.6	180.3	10.5	3.4	561.0
3.5	5.3	42.8	10.5	1.9	561.0
0.0	6.0	136.5	10.5	2.4	561.0
0.0	4.4	287.4	10.5	3.2	561.0
0.2	6.9	266.3	10.5	3.9	561.0
0.1	6.6	214.9	10.6	3.5	561.0
0.5	3.3	131.2	10.6	2.9	561.0
0.0	1.5	348.6	10.6	3.2	561.0
0.0	-2.4	352.5	10.6	1.8	561.0
0.0	0.2	362.0	10.7	2.7	561.0
0.0	3.7	336.6	10.7	3.5	561.0
0.0	5.9	362.2	10.7	4.6	561.0
0.0	6.6	362.1	10.7	4.8	561.0
0.0	2.3	372.5	10.8	3.4	562.6
0.0	1.8	374.1	10.8	3.0	562.6
0.0	5.7	376.2	10.8	4.7	562.6
0.0	7.5	376.8	10.8	5.3	562.6
0.0	2.1	392.3	10.9	3.3	562.6
0.0	9.0	364.5	10.9	5.4	562.6
0.0	11.9	370.3	10.9	5.9	562.6
0.0	6.7	210.1	10.9	4.3	562.6
0.0	1.7	311.8	11.0	3.1	562.6
0.4	-3.0	148.1	11.0	1.7	562.6
7.2	-3.2	134.3	11.0	1.3	562.6
0.1	2.4	220.9	11.0	2.9	562.6
2.6	0.9	93.4	11.1	3.6	562.6
0.0	-5.0	412.2	11.1	2.0	562.6
0.0	0.8	389.9	11.1	3.1	562.6
0.1	4.3	394.0	11.1	3.9	562.6
11.8	1.4	53.3	11.2	2.3	562.6
0.1	2.2	313.3	11.2	3.8	562.6
0.0	2.0	399.7	11.2	3.2	562.6
0.0	2.8	349.5	11.3	3.8	562.6
0.0	3.4	428.9	11.3	4.4	562.6
0.0	5.2	433.8	11.3	4.8	562.6
0.0	3.9	400.7	11.4	4.1	562.6
0.0	2.5	446.5	11.4	3.7	562.6
0.0	4.5	456.6	11.4	4.7	562.6
0.0	8.0	426.0	11.4	5.6	562.6
0.0	9.0	436.7	11.5	6.6	562.6
0.0	6.4	451.5	11.5	4.4	562.6
20.8	1.6	48.4	11.5	2.6	563.3
0.2	2.4	332.4	11.6	4.2	563.3
0.0	4.0	462.6	11.6	4.2	563.3
0.0	6.6	265.9	11.6	5.0	563.3
4.4	10.1	391.1	11.6	6.1	563.3
37.5	8.9	21.6	11.7	2.6	563.3
2.0	7.6	70.3	11.7	3.3	563.3
17.5	6.9	51.7	11.7	1.8	563.3
0.7	7.4	133.7	11.8	3.9	563.3
5.8	8.0	266.9	11.8	4.5	563.3
28.7	5.3	42.4	11.8	2.7	563.3
2.2	3.8	49.4	11.9	1.6	563.3
0.2	4.8	360.9	11.9	5.0	563.3
0.1	6.5	453.6	11.9	5.3	563.3
0.0	9.6	475.2	12.0	5.6	563.3
0.1	12.1	470.6	12.0	6.3	563.3
1.9	12.6	362.1	12.0	5.9	563.3
0.0	10.5	508.3	12.0	6.4	563.3
0.0	14.5	524.3	12.1	7.7	563.3
0.0	16.0	510.1	12.1	8.5	563.3
0.0	19.5	480.4	12.1	9.9	563.3
11.4	12.2	102.3	12.2	7.5	563.3
0.0	9.8	535.5	12.2	6.5	563.3
2.7	14.5	416.7	12.2	7.4	563.3
4.0	12.5	46.7	12.3	3.3	563.3
0.0	13.4	445.8	12.3	7.8	563.3
0.0	12.0	523.7	12.3	7.4	563.3
3.6	13.6	392.3	12.4	6.6	563.3
0.7	9.9	51.1	12.4	3.7	563.3
13.7	11.3	142.4	12.4	4.6	563.3
6.8	10.3	22.5	12.4	2.5	563.3
3.6	11.6	23.7	12.5	2.3	563.9
22.3	13.6	114.8	12.5	4.7	563.9
1.9	12.0	61.7	12.5	4.6	563.9
0.1	12.1	445.7	12.6	7.9	563.9
5.2	14.7	532.2	12.6	8.5	563.9
6.2	10.3	37.2	12.6	3.5	563.9
0.2	10.7	382.5	12.7	7.1	563.9
0.0	14.1	462.0	12.7	7.3	563.9
0.0	15.9	554.7	12.7	8.2	563.9
0.8	16.6	385.5	12.7	7.8	563.9
0.5	16.8	328.5	12.8	7.8	563.9
14.9	20.0	327.3	12.8	8.7	563.9
23.2	20.5	96.4	12.8	6.9	563.9
6.4	14.2	57.9	12.9	8.0	563.9
16.7	12.3	49.1	12.9	6.0	563.9
6.8	19.8	173.3	12.9	8.6	563.9
36.2	21.2	196.2	12.9	6.2	563.9
19.9	18.6	145.4	13.0	7.6	563.9
16.6	21.5	109.3	13.0	7.6	563.9
26.0	15.3	121.7	13.0	10.4	563.9
0.2	11.9	533.9	13.1	6.9	563.9
0.0	12.4	617.3	13.1	7.8	563.9
0.0	16.1	602.9	13.1	8.7	563.9
10.6	17.5	182.1	13.1	7.1	563.9
0.4	18.0	429.7	13.2	7.8	563.9
0.2	15.2	394.1	13.2	8.2	563.9
0.1	18.9	580.1	13.2	10.4	563.9
0.0	21.0	584.3	13.3	10.1	563.9
7.2	23.1	487.0	13.3	9.9	563.9
13.7	25.0	440.4	13.3	9.5	563.9
12.3	24.3	340.4	13.3	9.0	564.7
25.4	21.6	205.3	13.4	7.4	564.7
2.5	21.4	159.1	13.4	6.3	564.7
0.0	22.9	477.9	13.4	9.5	564.7
12.1	24.5	419.0	13.4	8.4	564.7
21.7	25.0	450.1	13.5	8.8	564.7
4.3	23.7	214.0	13.5	5.2	564.7
75.4	22.4	300.2	13.5	11.2	564.7
22.5	15.3	35.3	13.5	5.2	564.7
50.4	17.7	264.8	13.5	7.9	564.7
8.2	14.6	95.0	13.6	5.7	564.7
2.8	14.1	203.3	13.6	6.0	564.7
1.0	13.7	59.7	13.6	3.7	564.7
1.3	15.1	67.9	13.6	4.2	564.7
1.7	15.8	130.9	13.7	5.3	564.7
0.0	17.4	559.2	13.7	9.0	564.7
0.1	20.1	611.2	13.7	10.5	564.7
0.0	22.0	615.7	13.7	11.1	564.7
6.4	23.2	545.3	13.7	10.2	564.7
8.2	20.9	91.7	13.8	5.3	564.7
5.1	22.2	429.3	13.8	8.9	564.7
27.9	20.8	47.3	13.8	4.5	564.7
0.1	21.6	541.7	13.8	10.4	564.7
0.3	24.3	584.9	13.8	11.7	564.7
0.9	25.7	599.3	13.8	12.3	564.7
22.5	23.3	267.1	13.9	11.1	564.7
0.0	20.7	660.8	13.9	10.4	564.7
0.0	23.4	636.7	13.9	10.5	564.7
0.5	23.0	404.9	13.9	10.7	564.7
3.1	21.4	449.6	13.9	10.4	564.7
0.1	20.5	598.8	13.9	10.7	564.7
0.0	23.0	404.7	14.0	9.7	563.4
1.6	24.3	557.6	14.0	12.0	563.4
0.0	25.6	627.1	14.0	12.0	563.4
1.1	25.5	593.5	14.0	12.0	563.4
0.1	26.3	499.5	14.0	10.3	563.4
1.2	25.3	276.9	14.0	9.1	563.4
17.8	25.1	291.6	14.0	8.3	563.4
46.7	24.5	119.6	14.0	6.7	563.4
4.8	25.6	331.3	14.0	8.1	563.4
0.2	25.1	359.9	14.0	9.0	563.4
0.1	24.8	642.4	14.0	11.3	563.4
2.5	24.6	649.8	14.1	11.4	563.4
10.9	25.4	587.4	14.1	9.5	563.4
22.5	24.3	158.0	14.1	7.5	563.4
9.7	21.6	42.3	14.1	6.1	563.4
19.9	20.8	38.6	14.1	3.6	563.4
37.6	21.5	31.6	14.1	5.0	563.4
1.8	22.5	85.3	14.1	4.5	563.4
0.5	22.7	185.2	14.1	8.9	563.4
0.1	25.1	589.3	14.1	11.4	563.4
0.0	25.8	480.1	14.1	10.5	563.4
0.0	24.2	287.8	14.1	9.5	563.4
0.0	23.9	475.0	14.1	10.5	563.4
0.0	24.4	592.7	14.1	9.5	563.4
4.9	24.2	219.2	14.1	8.6	563.4
19.4	21.9	34.4	14.1	5.5	563.4
15.2	19.6	45.6	14.1	4.5	563.4
0.7	21.4	462.1	14.1	9.7	563.4
0.0	23.6	512.3	14.1	10.2	563.4
0.0	24.7	564.8	14.1	9.9	563.4
0.0	24.7	288.8	14.1	8.3	559.8
0.3	26.0	573.5	14.0	10.0	559.8
0.0	25.3	399.9	14.0	9.7	559.8
0.3	25.9	237.7	14.0	8.2	559.8
2.6	25.6	159.4	14.0	7.3	559.8
0.5	27.1	378.0	14.0	10.2	559.8
0.0	27.2	355.6	14.0	10.1	559.8
0.3	28.7	567.5	14.0	11.1	559.8
5.7	26.1	112.2	14.0	7.0	559.8
29.0	25.5	140.6	14.0	6.7	559.8
1.7	25.3	131.0	14.0	7.0	559.8
0.4	25.8	410.1	13.9	9.7	559.8
0.0	24.7	378.1	13.9	9.5	559.8
0.0	24.2	412.1	13.9	9.6	559.8
16.3	23.8	478.0	13.9	9.5	559.8
4.9	22.4	108.4	13.9	5.8	559.8
6.1	26.0	359.6	13.9	9.8	559.8
23.2	26.4	280.3	13.9	8.3	559.8
23.6	26.3	305.7	13.8	8.8	559.8
25.3	26.3	279.3	13.8	8.6	559.8
13.4	27.3	557.3	13.8	9.7	559.8
14.8	27.6	466.3	13.8	9.8	559.8
13.1	27.6	501.4	13.8	10.5	559.8
7.7	27.4	563.6	13.8	10.0	559.8
0.1	27.9	487.1	13.7	10.8	559.8
0.0	27.8	556.1	13.7	10.5	559.8
0.1	27.9	549.7	13.7	10.0	559.8
1.3	27.0	329.8	13.7	8.7	559.8
2.3	26.1	202.6	13.7	7.2	559.8
1.5	25.5	96.8	13.6	5.3	559.8
0.5	27.0	360.6	13.6	8.6	559.8
1.4	28.6	572.3	13.6	11.2	558.3
5.7	27.8	497.6	13.6	10.7	558.3
1.9	28.4	572.6	13.5	11.0	558.3
6.7	27.9	342.0	13.5	9.4	558.3
19.1	27.0	439.2	13.5	8.4	558.3
29.4	26.7	362.7	13.5	9.3	558.3
14.4	26.7	566.3	13.4	9.3	558.3
1.1	27.0	521.2	13.4	9.9	558.3
0.3	27.6	553.5	13.4	10.4	558.3
8.6	27.2	558.2	13.4	10.3	558.3
2.1	27.8	527.0	13.3	10.3	558.3
8.0	27.6	554.5	13.3	9.1	558.3
18.1	27.3	414.0	13.3	9.5	558.3
21.6	26.9	382.5	13.3	9.1	558.3
20.6	26.7	402.5	13.2	7.8	558.3
4.5	26.4	286.5	13.2	7.3	558.3
11.0	26.4	458.8	13.2	7.7	558.3
2.7	26.2	315.7	13.2	6.9	558.3
2.1	26.7	279.9	13.1	7.9	558.3
5.8	27.7	431.0	13.1	8.7	558.3
0.2	26.3	512.7	13.1	9.6	558.3
0.1	25.6	548.4	13.1	8.2	558.3
0.0	25.6	504.2	13.0	9.6	558.3
0.0	26.2	553.8	13.0	9.8	558.3
0.0	26.3	334.9	13.0	9.2	558.3
0.4	27.2	358.0	12.9	9.0	558.3
10.2	26.3	470.5	12.9	10.6	558.3
0.8	26.5	425.0	12.9	9.1	558.3
10.1	25.9	520.0	12.9	9.0	558.3
0.2	26.3	421.7	12.8	8.9	558.3
0.6	27.2	479.9	12.8	8.9	558.3
0.0	26.0	520.4	12.8	8.0	559.6
0.0	26.0	541.0	12.7	9.3	559.6
0.0	24.3	512.5	12.7	8.9	559.6
0.0	26.3	490.4	12.7	9.1	559.6
0.2	27.1	355.0	12.7	8.3	559.6
0.7	26.7	356.2	12.6	8.9	559.6
0.1	27.2	497.6	12.6	10.1	559.6
0.0	27.9	508.2	12.6	10.1	559.6
0.0	28.0	431.8	12.5	10.4	559.6
0.0	28.6	501.5	12.5	10.6	559.6
0.0	27.8	518.0	12.5	11.1	559.6
0.0	27.3	524.3	12.5	11.4	559.6
0.0	28.0	522.5	12.4	11.7	559.6
0.0	25.9	528.5	12.4	9.9	559.6
0.0	25.8	516.4	12.4	9.7	559.6
0.0	26.6	470.5	12.3	9.1	559.6
1.0	25.4	66.1	12.3	4.6	559.6
1.0	26.4	122.1	12.3	5.9	559.6
3.3	24.2	31.7	12.2	4.3	559.6
0.1	23.3	166.0	12.2	7.4	559.6
0.0	24.5	443.5	12.2	7.9	559.6
0.0	25.9	392.9	12.2	8.4	559.6
0.3	27.6	446.1	12.1	8.7	559.6
0.0	25.6	369.7	12.1	8.7	559.6
0.0	25.6	465.6	12.1	8.5	559.6
0.0	27.5	433.2	12.0	8.9	559.6
32.3	21.6	202.0	12.0	10.1	559.6
0.0	17.1	459.8	12.0	7.2	559.6
0.0	17.0	491.5	11.9	7.6	559.6
0.0	18.4	486.2	11.9	8.5	559.6
0.0	20.2	479.2	11.9	9.0	560.7
0.1	21.4	458.7	11.9	8.7	560.7
5.8	21.2	17.5	11.8	5.2	560.7
8.5	22.2	24.2	11.8	2.9	560.7
1.1	22.2	32.8	11.8	2.7	560.7
7.5	23.6	162.2	11.7	5.7	560.7
20.9	23.3	289.6	11.7	5.5	560.7
0.8	23.1	131.6	11.7	4.3	560.7
2.8	22.7	77.9	11.6	3.5	560.7
5.5	20.3	298.7	11.6	7.2	560.7
0.2	20.3	426.8	11.6	7.1	560.7
0.0	14.1	428.6	11.6	7.1	560.7
0.0	13.8	440.7	11.5	5.6	560.7
0.0	15.8	425.8	11.5	6.6	560.7
0.0	17.3	391.0	11.5	7.1	560.7
0.0	15.0	423.3	11.4	6.9	560.7
0.0	13.9	428.1	11.4	6.3	560.7
0.0	16.2	419.6	11.4	6.8	560.7
0.0	17.8	414.0	11.3	7.0	560.7
0.0	20.6	402.1	11.3	7.7	560.7
0.0	22.6	392.6	11.3	7.6	560.7
0.1	24.0	367.8	11.3	7.5	560.7
1.7	23.9	169.5	11.2	6.5	560.7
2.0	20.6	45.9	11.2	4.7	560.7
0.1	19.9	139.3	11.2	4.1	560.7
1.1	21.4	178.2	11.1	5.3	560.7
0.1	18.1	197.8	11.1	6.1	560.7
0.0	18.2	371.6	11.1	5.5	560.7
0.0	20.0	206.8	11.1	5.4	560.7
0.0	21.3	366.3	11.0	6.3	560.7
0.7	23.0	317.5	11.0	6.2	560.7
0.2	21.9	235.6	11.0	5.5	562.4
0.0	19.7	356.1	11.0	6.3	562.4
0.6	21.3	317.0	10.9	6.5	562.4
16.5	15.8	31.2	10.9	4.1	562.4
2.7	16.6	144.5	10.9	3.3	562.4
0.4	18.3	111.5	10.9	4.6	562.4
5.6	15.3	82.8	10.8	3.8	562.4
18.3	17.4	59.8	10.8	3.1	562.4
8.5	16.5	32.4	10.8	4.6	562.4
16.3	13.5	37.9	10.8	1.5	562.4
1.5	9.8	50.1	10.7	3.6	562.4
0.2	9.2	189.5	10.7	3.0	562.4
0.6	14.0	249.0	10.7	4.8	562.4
10.2	13.0	27.3	10.7	1.8	562.4
28.1	12.8	19.6	10.6	1.8	562.4
4.5	11.4	23.4	10.6	2.6	562.4
0.4	5.5	103.6	10.6	3.0	562.4
0.0	4.6	331.5	10.6	2.4	562.4
0.1	6.2	332.6	10.6	3.8	562.4
0.0	1.8	327.9	10.5	2.5	562.4
0.0	3.7	318.4	10.5	3.2	562.4
0.1	4.7	309.9	10.5	3.4	562.4
0.1	6.7	281.9	10.5	4.1	562.4
0.1	9.2	297.3	10.5	4.2	562.4
0.2	10.8	260.5	10.4	4.4	562.4
5.6	14.5	290.9	10.4	5.3	562.4
3.2	14.1	41.5	10.4	2.0	562.4
1.4	16.5	136.9	10.4	3.8	562.4
3.2	13.3	49.6	10.4	5.2	562.4
0.3	3.8	122.5	10.4	2.4	562.4
0.0	2.1	306.3	10.3	2.4	565.0
5.7	-0.5	115.8	10.3	1.5	565.0
0.7	-0.8	57.3	10.3	1.2	565.0
1.0	1.8	199.0	10.3	2.3	565.0
13.4	6.0	20.5	10.3	2.1	565.0
5.0	6.1	53.1	10.3	1.3	565.0
0.8	10.9	130.2	10.3	3.6	565.0
10.2	16.1	158.4	10.3	5.3	565.0
2.0	8.1	71.5	10.2	2.4	565.0
3.5	6.8	73.1	10.2	1.5	565.0
1.4	6.9	69.7	10.2	2.1	565.0
14.5	6.3	51.1	10.2	1.5	565.0
5.4	8.1	12.4	10.2	1.6	565.0
18.1	9.4	23.4	10.2	1.6	565.0
1.6	6.6	38.0	10.2	2.3	565.0
0.4	3.8	117.1	10.2	2.2	565.0
1.1	4.3	151.6	10.2	2.5	565.0
0.7	5.5	91.6	10.2	2.1	565.0
0.5	4.3	96.9	10.2	2.0	565.0
0.1	6.0	286.7	10.2	3.4	565.0
0.1	5.3	147.2	10.2	2.2	565.0
1.1	11.7	271.5	10.2	4.2	565.0
0.1	14.7	192.2	10.2	4.1	565.0
9.5	14.7	51.1	10.2	2.7	565.0
5.7	8.5	24.2	10.2	4.3	565.0
0.9	0.4	93.3	10.2	1.4	565.0
7.0	1.5	63.6	10.2	1.4	565.0
0.4	0.5	69.3	10.2	1.0	565.0
0.5	0.3	135.2	10.2	1.4	565.0
6.3	2.9	51.1	10.2	1.9	565.0
0.8	5.6	61.0	10.2	1.6	565.0
3.3	6.9	66.5	10.2	2.6	568.1
0.0	2.5	135.3	10.2	2.5	568.1
0.0	-0.9	303.0	10.2	2.1	568.1
0.0	1.3	102.5	10.2	1.7	568.1
0.0	3.4	168.4	10.3	2.7	568.1
6.1	2.7	37.0	10.3	1.2	568.1
27.6	5.9	34.3	10.3	2.1	568.1
4.0	10.0	14.2	10.3	2.7	568.1
1.0	6.7	94.0	10.3	3.0	568.1
0.2	4.3	164.0	10.3	2.3	568.1
1.5	6.8	147.5	10.3	2.7	568.1
3.6	7.7	28.8	10.3	1.3	568.1
2.8	6.8	27.6	10.4	1.3	568.1
6.6	7.7	76.9	10.4	1.7	568.1
3.2	7.0	67.2	10.4	2.6	568.1
1.7	6.5	100.2	10.4	2.0	568.1
2.9	7.4	51.2	10.4	1.7	568.1
7.4	7.1	40.0	10.4	3.4	568.1
0.2	3.1	140.2	10.5	1.4	568.1
15.9	5.4	38.8	10.5	1.9	568.1
0.9	4.1	134.5	10.5	2.2	568.1
4.6	5.3	114.7	10.5	2.3	568.1
1.1	7.1	74.4	10.5	2.7	568.1
4.0	5.8	109.5	10.6	2.6	568.1
4.8	1.7	21.9	10.6	1.3	568.1
0.5	1.4	86.8	10.6	1.8	568.1
0.5	4.5	138.2	10.6	2.9	568.1
1.2	3.8	132.3	10.7	2.4	568.1
0.1	4.5	157.7	10.7	2.5	568.1
8.5	12.1	108.6	10.7	4.4	568.1
2.6	3.0	36.5	10.7	3.6	568.1
0.0	-0.7	365.1	10.7	2.4	569.7
0.0	1.1	370.5	10.8	2.9	569.7
0.1	5.2	341.5	10.8	3.8	569.7
0.5	4.0	125.7	10.8	2.9	569.7
0.7	7.4	279.9	10.8	4.6	569.7
36.4	7.6	24.4	10.9	1.7	569.7
32.6	6.7	37.6	10.9	2.8	569.7
0.7	2.8	136.8	10.9	2.3	569.7
0.0	1.9	191.9	10.9	2.6	569.7
0.6	4.8	216.2	11.0	3.6	569.7
0.1	2.0	255.7	11.0	3.4	569.7
0.0	4.4	349.3	11.0	3.8	569.7
6.8	5.4	54.1	11.1	2.1	569.7
15.5	6.6	68.8	11.1	1.8	569.7
16.1	5.4	48.3	11.1	1.7	569.7
15.9	6.0	27.3	11.1	1.9	569.7
3.6	3.1	88.0	11.2	3.2	569.7
0.0	1.5	425.2	11.2	3.3	569.7
0.0	5.1	422.6	11.2	4.2	569.7
0.0	4.6	424.3	11.3	4.5	569.7
0.0	6.5	270.5	11.3	4.0	569.7
0.0	7.5	430.2	11.3	5.2	569.7
0.0	8.9	424.6	11.3	4.9	569.7
0.9	10.9	380.0	11.4	5.0	569.7
0.6	10.6	211.0	11.4	4.4	569.7
0.0	10.0	424.9	11.4	6.3	569.7
0.0	6.9	462.2	11.5	4.9	569.7
0.0	10.1	462.2	11.5	6.6	569.7
3.4	14.7	436.3	11.5	8.1	570.4
0.4	5.9	104.9	11.6	4.1	570.4
0.0	9.1	467.2	11.6	5.6	570.4
0.0	11.4	459.9	11.6	7.6	570.4
0.0	7.6	453.3	11.6	5.5	570.4
0.0	7.7	469.8	11.7	5.7	570.4
0.0	10.0	477.2	11.7	6.5	570.4
0.0	12.1	236.3	11.7	6.2	570.4
0.0	17.3	425.3	11.8	9.0	570.4
3.5	20.8	394.1	11.8	9.6	570.4
3.8	19.1	129.5	11.8	6.0	570.4
0.1	22.5	255.7	11.9	7.0	570.4
7.9	20.8	179.4	11.9	7.8	570.4
52.5	17.5	57.6	11.9	7.8	570.4
0.2	12.1	243.3	11.9	5.6	570.4
1.7	11.6	316.5	12.0	5.1	570.4
0.0	10.1	164.1	12.0	3.8	570.4
0.9	10.8	389.4	12.0	6.0	570.4
0.0	5.9	500.7	12.1	5.0	570.4
0.0	9.9	520.6	12.1	6.4	570.4
0.1	12.2	259.8	12.1	5.9	570.4
28.0	16.1	196.7	12.2	6.7	570.4
33.8	16.6	89.9	12.2	6.9	570.4
0.7	13.2	219.4	12.2	4.7	570.4
9.6	9.6	72.2	12.3	4.2	570.4
2.8	12.1	256.0	12.3	5.7	570.4
14.3	12.9	98.4	12.3	4.0	570.4
0.6	17.6	488.5	12.3	7.6	570.4
18.9	18.5	73.9	12.4	5.5	570.4
3.4	19.8	98.6	12.4	5.1	570.4
3.6	21.3	240.1	12.4	10.0	570.4
0.7	13.0	143.8	12.5	5.2	571.0
0.0	15.2	549.2	12.5	8.1	571.0
0.0	16.5	548.1	12.5	8.6	571.0
0.0	18.5	544.5	12.6	9.2	571.0
0.0	17.8	333.3	12.6	8.0	571.0
0.6	18.4	288.3	12.6	7.2	571.0
1.4	18.2	261.1	12.6	7.1	571.0
0.1	21.2	490.5	12.7	9.1	571.0
7.0	21.9	439.2	12.7	8.5	571.0
29.4	18.4	181.6	12.7	9.3	571.0
0.0	16.2	580.1	12.8	9.1	571.0
0.0	17.6	467.8	12.8	8.7	571.0
0.0	18.3	580.5	12.8	9.5	571.0
0.0	20.2	445.3	12.9	9.3	571.0
0.0	15.1	595.5	12.9	8.5	571.0
0.0	17.3	595.8	12.9	8.9	571.0
0.0	22.7	579.1	12.9	11.2	571.0
36.2	23.6	415.1	13.0	10.3	571.0
12.5	17.9	82.8	13.0	9.0	571.0
2.3	13.4	283.9	13.0	6.9	571.0
16.0	18.2	306.3	13.1	9.2	571.0
16.8	15.7	66.9	13.1	5.8	571.0
4.6	14.8	124.6	13.1	4.7	571.0
0.3	16.8	430.9	13.1	8.5	571.0
1.9	17.9	221.4	13.2	6.8	571.0
26.8	16.3	36.2	13.2	6.3	571.0
1.0	14.3	188.3	13.2	5.2	571.0
1.0	15.7	204.1	13.2	5.4	571.0
0.0	16.5	602.2	13.3	8.8	571.0
23.9	17.8	367.8	13.3	10.9	571.0
0.0	15.2	572.4	13.3	8.4	571.8
0.1	15.4	621.8	13.3	8.9	571.8
0.0	14.9	617.8	13.4	8.8	571.8
2.8	17.5	424.6	13.4	7.7	571.8
17.6	16.2	95.8	13.4	5.6	571.8
0.2	16.7	511.2	13.4	9.3	571.8
0.3	17.5	418.2	13.5	9.6	571.8
0.0	19.7	486.9	13.5	10.3	571.8
0.2	20.1	474.8	13.5	8.9	571.8
1.8	18.3	96.2	13.5	5.9	571.8
7.3	18.0	152.1	13.6	4.9	571.8
8.0	19.1	380.3	13.6	7.5	571.8
0.1	21.5	519.2	13.6	9.3	571.8
16.2	24.2	323.7	13.6	8.8	571.8
5.9	18.2	79.6	13.7	9.8	571.8
1.4	16.0	560.3	13.7	6.7	571.8
13.2	17.8	89.0	13.7	7.5	571.8
20.1	21.6	105.7	13.7	7.1	571.8
0.3	21.4	365.1	13.7	9.4	571.8
0.0	21.4	391.1	13.8	10.3	571.8
0.0	22.0	546.2	13.8	9.9	571.8
22.1	21.1	178.7	13.8	9.8	571.8
0.4	17.5	212.7	13.8	6.1	571.8
0.1	22.5	223.8	13.8	9.2	571.8
12.2	24.1	284.1	13.8	8.3	571.8
13.5	24.8	406.3	13.9	7.5	571.8
7.6	21.5	94.0	13.9	10.3	571.8
2.4	17.6	48.0	13.9	3.5	571.8
1.1	20.7	394.9	13.9	8.6	571.8
0.3	22.3	249.8	13.9	7.3	571.8
11.2	22.2	158.3	13.9	6.0	571.8
30.8	23.3	162.2	13.9	6.2	570.4
19.3	24.4	342.5	14.0	7.9	570.4
0.9	24.4	367.3	14.0	8.7	570.4
7.0	24.5	403.4	14.0	9.6	570.4
0.1	25.3	612.1	14.0	10.6	570.4
4.5	24.8	467.1	14.0	9.5	570.4
0.1	23.6	433.6	14.0	9.0	570.4
0.7	25.2	595.6	14.0	9.8	570.4
13.4	23.7	70.2	14.0	5.2	570.4
0.7	25.6	218.4	14.0	8.9	570.4
1.1	23.5	247.5	14.0	9.5	570.4
0.3	22.4	521.0	14.1	8.7	570.4
0.2	23.3	607.0	14.1	10.0	570.4
0.1	25.3	626.7	14.1	10.2	570.4
0.3	26.6	614.6	14.1	11.0	570.4
0.0	26.1	596.8	14.1	11.4	570.4
0.4	26.6	563.3	14.1	10.6	570.4
14.0	27.5	533.1	14.1	11.4	570.4
22.9	24.7	327.6	14.1	10.3	570.4
3.5	20.6	80.0	14.1	5.2	570.4
0.1	20.0	216.7	14.1	7.9	570.4
0.6	20.9	481.2	14.1	9.4	570.4
0.0	21.8	552.4	14.1	9.2	570.4
0.7	23.8	616.4	14.1	9.6	570.4
1.3	23.5	144.5	14.1	6.0	570.4
21.4	23.7	121.2	14.1	5.7	570.4
14.7	24.2	36.5	14.1	4.8	570.4
15.4	25.4	111.2	14.1	6.2	570.4
39.3	25.4	138.7	14.1	6.5	570.4
1.0	25.1	250.9	14.1	8.5	570.4
9.6	26.3	419.2	14.1	9.4	566.8
30.1	25.4	383.6	14.0	9.4	566.8
14.4	24.8	259.5	14.0	8.7	566.8
0.5	27.3	536.0	14.0	10.7	566.8
13.3	26.7	274.4	14.0	8.8	566.8
6.7	26.6	336.4	14.0	8.8	566.8
0.8	26.2	172.3	14.0	7.4	566.8
4.8	27.0	469.7	14.0	10.4	566.8
11.6	27.2	489.3	14.0	10.0	566.8
46.2	25.2	262.2	14.0	6.4	566.8
6.9	24.5	132.2	14.0	6.0	566.8
9.8	26.0	290.5	13.9	9.7	566.8
6.8	27.6	599.5	13.9	11.6	566.8
5.6	28.0	600.2	13.9	10.7	566.8
3.9	28.0	459.5	13.9	9.7	566.8
12.5	27.5	472.5	13.9	9.0	566.8
15.3	27.5	516.6	13.9	10.1	566.8
1.4	28.4	611.2	13.9	10.6	566.8
6.0	27.9	550.5	13.8	9.9	566.8
8.1	27.6	562.9	13.8	11.1	566.8
9.4	27.4	584.4	13.8	10.3	566.8
1.1	27.4	472.9	13.8	8.7	566.8
0.4	27.9	541.9	13.8	9.9	566.8
4.0	27.7	583.3	13.8	10.8	566.8
5.8	27.3	592.8	13.7	10.9	566.8
2.3	27.3	493.7	13.7	9.6	566.8
0.1	28.4	618.6	13.7	10.2	566.8
0.0	28.5	618.8	13.7	10.3	566.8
0.4	28.5	601.0	13.7	9.8	566.8
14.4	26.7	512.6	13.6	10.1	566.8
7.2	25.8	196.8	13.6	6.9	566.8
17.5	26.3	343.7	13.6	8.0	565.4
11.0	27.2	418.1	13.6	9.1	565.4
6.1	27.7	412.2	13.5	9.5	565.4
20.6	27.4	412.8	13.5	8.8	565.4
13.5	26.4	235.0	13.5	8.4	565.4
3.9	26.4	355.9	13.5	9.1	565.4
14.7	26.2	421.2	13.5	8.1	565.4
20.9	26.0	192.5	13.4	7.6	565.4
16.3	25.9	319.9	13.4	6.8	565.4
12.8	26.2	485.7	13.4	8.5	565.4
14.9	26.4	391.7	13.4	7.7	565.4
0.6	27.0	364.8	13.3	8.1	565.4
0.5	27.1	521.4	13.3	9.5	565.4
0.9	27.1	494.4	13.3	9.4	565.4
0.3	27.9	520.5	13.3	9.5	565.4
8.2	27.8	520.1	13.2	9.8	565.4
15.3	27.5	401.8	13.2	8.5	565.4
24.2	25.4	210.8	13.2	8.5	565.4
0.1	22.4	378.6	13.1	8.4	565.4
0.2	21.8	577.9	13.1	9.1	565.4
0.1	24.5	594.0	13.1	10.3	565.4
0.2	25.3	488.8	13.1	9.2	565.4
2.7	25.0	326.5	13.0	8.1	565.4
5.8	24.8	310.3	13.0	7.8	565.4
8.0	25.7	407.1	13.0	8.7	565.4
1.9	26.0	487.9	13.0	9.2	565.4
0.0	25.1	451.8	12.9	9.1	565.4
0.0	24.3	499.8	12.9	8.8	565.4
0.7	25.8	346.4	12.9	7.8	565.4
2.7	26.1	66.6	12.8	5.0	565.4
16.7	25.5	54.9	12.8	4.7	565.4
15.6	26.6	248.1	12.8	6.9	566.8
9.2	26.7	376.3	12.8	8.2	566.8
17.2	26.4	444.4	12.7	8.5	566.8
25.8	25.8	372.7	12.7	7.8	566.8
1.5	26.1	385.0	12.7	6.7	566.8
0.9	25.9	284.7	12.6	7.0	566.8
0.3	26.7	472.2	12.6	8.3	566.8
0.4	27.2	448.7	12.6	9.0	566.8
2.1	26.8	464.5	12.5	8.5	566.8
20.9	24.4	392.1	12.5	9.8	566.8
0.6	17.1	120.7	12.5	5.2	566.8
0.0	17.9	492.4	12.5	6.9	566.8
0.1	19.0	454.5	12.4	8.2	566.8
0.2	20.6	509.7	12.4	9.4	566.8
0.1	21.3	499.6	12.4	9.5	566.8
0.0	22.6	511.6	12.3	8.8	566.8
0.0	23.3	474.2	12.3	8.6	566.8
0.0	22.8	284.0	12.3	7.7	566.8
0.0	22.7	229.6	12.2	7.2	566.8
0.0	23.6	448.1	12.2	8.9	566.8
0.0	23.4	381.4	12.2	7.7	566.8
0.0	23.3	215.5	12.2	7.8	566.8
0.2	23.4	118.1	12.1	5.8	566.8
6.6	20.9	39.8	12.1	4.1	566.8
0.1	21.8	139.0	12.1	5.1	566.8
0.4	24.1	391.7	12.0	8.1	566.8
0.0	24.6	444.5	12.0	8.7	566.8
0.0	24.9	466.7	12.0	8.9	566.8
0.0	25.6	457.3	11.9	8.6	566.8
0.0	25.7	451.6	11.9	8.9	566.8
0.0	25.1	370.7	11.9	7.6	567.8
0.0	23.7	413.2	11.9	8.5	567.8
0.0	22.0	292.9	11.8	7.1	567.8
0.0	19.7	315.0	11.8	7.4	567.8
0.0	20.0	459.6	11.8	7.9	567.8
0.0	19.4	458.9	11.7	7.9	567.8
0.0	20.1	456.2	11.7	7.9	567.8
0.0	20.2	453.0	11.7	8.3	567.8
0.0	20.2	447.0	11.6	8.4	567.8
0.0	17.0	457.0	11.6	7.6	567.8
0.0	19.7	451.9	11.6	7.6	567.8
0.4	23.4	327.9	11.6	7.7	567.8
2.8	25.9	343.6	11.5	7.8	567.8
7.6	22.2	127.6	11.5	6.6	567.8
0.0	17.5	271.3	11.5	5.8	567.8
0.0	14.9	430.6	11.4	6.4	567.8
0.0	15.3	438.2	11.4	6.9	567.8
0.0	17.0	430.8	11.4	7.2	567.8
0.0	18.7	415.7	11.4	7.4	567.8
0.0	19.3	409.1	11.3	7.4	567.8
0.0	19.1	411.1	11.3	7.2	567.8
0.0	18.7	401.4	11.3	8.1	567.8
0.0	12.1	409.5	11.2	4.8	567.8
0.0	14.7	398.0	11.2	6.2	567.8
0.0	17.7	390.8	11.2	6.6	567.8
0.0	20.2	324.3	11.2	6.7	567.8
0.0	22.3	368.1	11.1	7.2	567.8
0.2	22.6	359.0	11.1	7.2	567.8
0.2	16.5	173.9	11.1	5.7	567.8
0.0	12.9	396.6	11.0	5.9	567.8
0.0	13.6	397.2	11.0	6.3	567.8
0.0	14.2	391.4	11.0	6.3	569.6
0.0	15.5	374.0	11.0	6.6	569.6
0.0	17.2	372.5	10.9	6.6	569.6
0.0	17.4	358.9	10.9	6.5	569.6
0.0	18.8	324.9	10.9	6.5	569.6
0.0	19.2	236.8	10.9	5.9	569.6
0.0	19.0	344.9	10.8	6.4	569.6
0.0	19.8	342.7	10.8	5.9	569.6
0.4	21.6	324.9	10.8	6.2	569.6
3.1	21.3	105.8	10.8	4.9	569.6
19.8	17.4	90.4	10.7	6.1	569.6
0.2	8.1	125.3	10.7	3.4	569.6
0.0	7.3	352.7	10.7	3.5	569.6
0.2	12.3	327.5	10.7	4.8	569.6
2.7	8.4	45.2	10.6	4.3	569.6
0.0	2.7	352.1	10.6	3.0	569.6
0.0	4.9	351.0	10.6	3.8	569.6
0.0	6.9	340.5	10.6	3.8	569.6
0.0	9.8	328.8	10.6	4.5	569.6
0.0	12.2	323.3	10.5	5.1	569.6
0.0	14.7	316.1	10.5	5.3	569.6
0.2	16.1	217.8	10.5	5.2	569.6
0.1	13.6	194.6	10.5	4.8	569.6
0.1	14.0	202.1	10.5	4.3	569.6
0.0	11.9	327.2	10.4	3.8	569.6
0.0	12.8	316.5	10.4	5.2	569.6
0.0	13.9	270.3	10.4	5.2	569.6
0.0	13.7	312.9	10.4	5.2	569.6
0.0	14.4	313.7	10.4	5.6	569.6
0.0	14.5	305.5	10.4	5.2	569.6
2.8	12.6	106.4	10.3	3.4	572.2
0.1	11.4	220.8	10.3	4.1	572.2
0.0	5.3	314.9	10.3	3.2	572.2
0.0	4.3	320.8	10.3	3.2	572.2
0.0	7.5	309.4	10.3	4.5	572.2
0.0	9.6	305.1	10.3	5.2	572.2
0.0	11.6	300.6	10.3	5.1	572.2
0.0	13.3	300.6	10.3	5.2	572.2
0.0	14.7	288.0	10.2	5.2	572.2
0.0	16.0	257.8	10.2	5.4	572.2
0.0	7.0	303.1	10.2	3.0	572.2
0.0	7.6	306.3	10.2	3.6	572.2
0.0	9.5	298.2	10.2	4.6	572.2
0.0	3.2	284.2	10.2	2.9	572.2
0.0	4.4	289.1	10.2	3.5	572.2
0.0	8.4	297.1	10.2	4.7	572.2
0.0	10.3	293.0	10.2	5.1	572.2
0.0	13.0	287.5	10.2	4.7	572.2
0.1	14.9	237.0	10.2	4.8	572.2
0.0	17.1	259.2	10.2	5.1	572.2
1.6	17.4	196.2	10.2	4.2	572.2
0.7	18.0	56.8	10.2	2.9	572.2
0.7	14.3	101.0	10.2	5.8	572.2
0.0	5.3	110.2	10.2	2.0	572.2
0.0	5.6	214.3	10.2	3.0	572.2
0.0	8.6	285.0	10.2	3.6	572.2
0.4	13.3	167.6	10.2	4.1	572.2
3.5	12.7	115.8	10.2	3.9	572.2
0.8	5.8	67.4	10.2	2.4	572.2
6.0	5.5	208.4	10.2	2.8	572.2
0.1	-0.2	159.2	10.2	1.9	572.2
0.0	-0.6	302.7	10.2	2.1	575.3
0.0	0.6	306.1	10.2	2.4	575.3
0.0	3.7	304.3	10.2	3.0	575.3
0.0	6.9	293.2	10.2	3.6	575.3
0.0	7.5	297.9	10.3	4.3	575.3
0.0	12.9	294.9	10.3	4.8	575.3
0.8	16.3	111.4	10.3	3.8	575.3
0.0	12.4	204.4	10.3	5.7	575.3
2.2	7.9	111.0	10.3	2.4	575.3
21.5	5.1	20.1	10.3	3.1	575.3
5.3	-7.9	32.7	10.3	1.8	575.3
0.0	-9.1	323.3	10.3	1.0	575.3
0.0	-5.7	231.9	10.4	1.3	575.3
0.9	0.1	115.3	10.4	1.9	575.3
0.6	6.3	192.1	10.4	3.4	575.3
5.3	4.8	59.0	10.4	2.0	575.3
7.1	4.4	19.7	10.4	1.6	575.3
4.1	5.6	22.1	10.4	1.3	575.3
24.3	7.5	16.8	10.5	1.9	575.3
21.3	3.3	23.3	10.5	2.5	575.3
12.4	-0.2	25.3	10.5	1.0	575.3
12.6	-2.7	25.3	10.5	1.7	575.3
3.1	-8.2	47.6	10.5	1.0	575.3
0.0	-5.9	344.5	10.6	1.7	575.3
0.0	-5.5	345.8	10.6	1.8	575.3
3.8	-1.4	117.0	10.6	2.0	575.3
1.1	-3.2	117.6	10.6	1.9	575.3
0.0	-2.5	346.9	10.6	2.3	575.3
6.2	3.2	323.6	10.7	3.5	575.3
1.4	2.0	77.8	10.7	1.6	575.3
16.7	0.5	29.4	10.7	1.8	575.3
0.0	-1.9	172.7	10.7	2.1	576.9
0.0	-3.2	282.3	10.8	1.8	576.9
0.0	-5.1	375.8	10.8	2.0	576.9
0.0	-5.4	376.2	10.8	1.7	576.9
0.0	-6.0	110.5	10.8	1.1	576.9
0.0	-1.2	333.3	10.9	2.7	576.9
0.0	-1.3	381.6	10.9	2.7	576.9
0.0	3.4	383.0	10.9	3.9	576.9
0.1	4.2	377.5	10.9	4.8	576.9
0.0	-3.6	169.0	11.0	1.8	576.9
0.0	0.5	385.1	11.0	3.4	576.9
16.7	-0.1	79.8	11.0	1.2	576.9
13.9	1.0	32.5	11.1	1.7	576.9
53.9	2.3	48.5	11.1	2.4	576.9
4.4	3.3	43.9	11.1	2.8	576.9
9.6	2.1	107.0	11.1	2.2	576.9
2.3	0.6	40.7	11.2	1.7	576.9
0.2	3.1	357.1	11.2	3.5	576.9
1.0	1.1	112.1	11.2	1.9	576.9
12.4	1.6	88.4	11.2	1.7	576.9
16.3	3.2	59.4	11.3	2.0	576.9
0.3	2.7	197.5	11.3	2.9	576.9
0.2	5.6	230.1	11.3	4.1	576.9
8.0	6.5	59.6	11.4	3.4	576.9
0.1	2.4	216.0	11.4	3.8	576.9
0.0	3.3	438.7	11.4	3.8	576.9
1.8	8.3	291.7	11.5	4.7	576.9
10.2	8.0	44.5	11.5	2.2	576.9
7.2	10.7	91.7	11.5	3.7	577.7
13.7	13.7	51.5	11.5	3.3	577.7
12.7	16.2	145.9	11.6	6.0	577.7
9.3	5.7	32.9	11.6	6.3	577.7
0.0	4.7	461.8	11.6	3.8	577.7
11.4	5.3	229.7	11.7	3.2	577.7
1.1	4.5	103.3	11.7	2.1	577.7
2.6	6.6	280.1	11.7	5.1	577.7
0.0	1.7	419.4	11.8	2.8	577.7
0.0	6.6	484.8	11.8	5.2	577.7
0.0	6.2	479.9	11.8	5.2	577.7
13.9	9.2	107.5	11.8	4.4	577.7
0.0	4.6	137.3	11.9	5.2	577.7
0.0	8.3	487.3	11.9	6.0	577.7
0.0	14.5	429.1	11.9	7.7	577.7
0.1	20.5	209.8	12.0	7.2	577.7
6.1	21.7	315.5	12.0	8.3	577.7
0.1	22.9	372.9	12.0	8.5	577.7
0.5	18.0	478.7	12.1	12.3	577.7
0.2	7.0	297.4	12.1	3.4	577.7
0.0	7.0	322.3	12.1	4.9	577.7
7.9	7.2	188.2	12.2	4.1	577.7
43.1	6.0	30.6	12.2	1.8	577.7
24.0	8.6	57.1	12.2	3.4	577.7
5.7	9.9	118.2	12.2	4.4	577.7
0.5	8.9	235.2	12.3	5.8	577.7
16.4	11.0	250.6	12.3	6.5	577.7
42.7	5.0	36.6	12.3	2.2	577.7
12.5	4.7	24.5	12.4	1.8	577.7
6.8	7.8	43.5	12.4	3.4	577.7
5.9	9.2	52.4	12.4	3.6	577.7
3.7	10.8	125.2	12.5	7.3	578.2
9.1	8.8	54.3	12.5	3.3	578.2
3.1	15.6	183.3	12.5	7.0	578.2
7.2	10.6	47.2	12.6	5.7	578.2
4.1	15.0	269.4	12.6	6.8	578.2
5.0	16.3	100.7	12.6	3.9	578.2
5.1	18.6	131.5	12.6	6.8	578.2
17.6	7.3	37.8	12.7	8.3	578.2
29.6	3.0	75.2	12.7	2.2	578.2
7.2	6.8	57.2	12.7	7.0	578.2
2.2	18.7	309.3	12.8	10.0	578.2
7.3	11.6	50.5	12.8	8.0	578.2
0.0	8.3	261.3	12.8	4.6	578.2
16.0	8.4	81.4	12.8	3.0	578.2
23.3	11.9	83.9	12.9	4.5	578.2
0.4	13.7	296.4	12.9	6.1	578.2
0.1	18.3	519.2	12.9	9.0	578.2
0.1	23.6	447.9	13.0	9.4	578.2
2.5	22.3	93.8	13.0	6.8	578.2
15.9	17.1	34.9	13.0	6.6	578.2
0.2	23.2	279.1	13.0	10.0	578.2
7.0	13.2	35.4	13.1	10.7	578.2
9.4	8.4	54.5	13.1	2.8	578.2
0.0	11.6	503.6	13.1	6.5	578.2
0.1	14.1	509.4	13.2	8.6	578.2
0.0	17.1	603.7	13.2	9.7	578.2
0.0	20.9	556.3	13.2	10.6	578.2
4.3	21.9	346.0	13.2	8.9	578.2
5.6	22.9	388.4	13.3	9.5	578.2
12.5	18.6	309.5	13.3	12.0	578.2
0.6	14.4	370.6	13.3	7.9	579.0
0.0	17.8	387.9	13.3	7.8	579.0
18.4	17.0	304.7	13.4	8.2	579.0
1.6	16.6	86.6	13.4	4.5	579.0
0.1	18.9	488.5	13.4	10.2	579.0
0.6	20.5	587.7	13.4	11.0	579.0
0.0	22.1	622.6	13.5	10.6	579.0
0.0	25.7	612.4	13.5	11.0	579.0
29.0	24.9	295.3	13.5	8.9	579.0
1.4	19.6	103.8	13.5	7.9	579.0
0.0	16.0	591.3	13.6	10.1	579.0
0.0	17.8	615.5	13.6	8.0	579.0
22.8	18.8	129.7	13.6	6.0	579.0
0.9	14.4	152.6	13.6	6.2	579.0
0.0	16.9	535.3	13.6	7.9	579.0
0.0	18.1	276.7	13.7	7.9	579.0
0.0	18.3	650.3	13.7	9.8	579.0
0.0	17.4	628.1	13.7	9.7	579.0
8.2	19.5	611.3	13.7	9.7	579.0
1.2	19.1	425.2	13.7	8.7	579.0
0.0	22.4	600.2	13.8	9.5	579.0
1.0	22.9	457.2	13.8	10.1	579.0
0.0	23.7	630.4	13.8	11.5	579.0
0.0	24.8	553.3	13.8	9.9	579.0
33.3	24.6	307.1	13.8	9.1	579.0
1.9	23.9	251.3	13.9	7.4	579.0
0.1	22.2	195.6	13.9	6.7	579.0
0.1	23.9	402.6	13.9	8.7	579.0
2.8	25.3	257.3	13.9	8.4	579.0
5.2	20.8	47.6	13.9	9.1	579.0
1.1	19.8	246.1	13.9	8.4	579.0
0.0	21.5	598.1	13.9	10.2	577.7
0.8	23.7	568.3	14.0	10.1	577.7
16.3	16.1	110.3	14.0	8.5	577.7
0.8	20.4	204.8	14.0	8.9	577.7
0.4	23.5	488.7	14.0	10.1	577.7
0.6	23.9	396.7	14.0	8.2	577.7
9.4	25.9	535.4	14.0	9.9	577.7
17.4	26.6	460.2	14.0	9.8	577.7
21.1	26.1	344.8	14.0	9.0	577.7
0.6	22.4	114.5	14.0	8.1	577.7
1.8	23.2	341.0	14.0	8.5	577.7
6.7	25.9	346.9	14.1	9.3	577.7
32.1	24.0	233.6	14.1	10.2	577.7
1.0	21.5	165.0	14.1	6.3	577.7
2.0	23.3	94.1	14.1	6.5	577.7
0.3	24.8	162.0	14.1	7.0	577.7
11.0	26.9	336.7	14.1	9.0	577.7
3.7	26.1	147.0	14.1	6.4	577.7
3.1	26.6	172.3	14.1	7.0	577.7
6.0	25.8	269.6	14.1	9.6	577.7
0.2	25.4	622.2	14.1	12.2	577.7
0.0	26.6	636.9	14.1	11.6	577.7
12.9	26.9	549.1	14.1	10.6	577.7
8.1	27.0	522.2	14.1	14.0	577.7
18.8	21.0	47.0	14.1	5.9	577.7
0.9	24.4	411.9	14.1	9.4	577.7
0.2	25.5	494.8	14.1	10.4	577.7
0.2	25.3	392.7	14.1	8.8	577.7
2.4	23.9	72.3	14.1	4.9	577.7
2.1	25.4	368.6	14.1	9.0	577.7
8.6	26.5	576.9	14.1	10.5	574.1
4.5	27.3	548.1	14.0	11.3	574.1
12.2	27.2	523.1	14.0	10.6	574.1
21.9	26.4	377.5	14.0	8.9	574.1
5.1	25.2	86.6	14.0	5.2	574.1
6.8	25.3	102.5	14.0	5.8	574.1
20.2	26.1	409.0	14.0	9.3	574.1
6.4	25.3	104.3	14.0	5.8	574.1
23.4	26.5	420.5	14.0	9.1	574.1
31.2	26.2	431.2	14.0	8.3	574.1
9.6	27.1	590.6	14.0	10.6	574.1
3.7	27.6	581.9	14.0	11.1	574.1
0.0	28.3	609.2	13.9	11.0	574.1
0.1	29.4	628.9	13.9	10.9	574.1
0.2	29.8	595.2	13.9	10.8	574.1
10.2	28.0	553.8	13.9	12.0	574.1
15.0	27.4	552.3	13.9	10.4	574.1
12.9	27.3	551.9	13.9	9.7	574.1
17.1	27.1	404.9	13.8	8.5	574.1
20.3	27.1	360.0	13.8	9.0	574.1
9.9	26.0	158.4	13.8	7.9	574.1
6.5	24.5	57.7	13.8	4.9	574.1
6.0	24.8	267.0	13.8	7.4	574.1
5.2	26.5	594.9	13.8	11.0	574.1
17.7	26.6	549.9	13.7	10.0	574.1
15.8	26.5	387.5	13.7	8.8	574.1
18.0	26.5	376.5	13.7	9.0	574.1
15.8	27.1	423.4	13.7	9.4	574.1
0.0	27.3	520.3	13.7	10.3	574.1
3.2	28.0	593.2	13.6	11.1	574.1
10.3	27.7	516.7	13.6	10.0	574.1
12.8	27.3	378.1	13.6	9.7	572.7
9.9	27.3	466.6	13.6	9.4	572.7
10.6	27.3	323.6	13.6	9.3	572.7
7.5	26.3	219.8	13.5	7.8	572.7
21.6	26.8	438.7	13.5	9.0	572.7
21.9	25.8	201.0	13.5	7.6	572.7
15.3	25.5	227.8	13.5	8.4	572.7
12.0	26.9	496.4	13.4	8.9	572.7
4.6	27.8	541.3	13.4	9.9	572.7
8.4	27.6	545.0	13.4	9.9	572.7
14.0	27.7	561.1	13.4	9.8	572.7
1.9	27.9	576.6	13.3	10.4	572.7
7.3	27.3	470.4	13.3	10.3	572.7
7.9	27.2	560.7	13.3	10.2	572.7
6.3	27.2	555.3	13.3	9.9	572.7
8.6	27.7	559.0	13.2	9.8	572.7
5.9	27.8	482.0	13.2	9.8	572.7
6.4	27.8	509.6	13.2	10.0	572.7
14.8	27.2	493.5	13.2	10.5	572.7
17.5	26.5	422.1	13.1	8.9	572.7
17.0	26.5	482.9	13.1	8.6	572.7
7.6	27.1	561.7	13.1	10.0	572.7
13.7	26.9	535.3	13.0	9.3	572.7
6.3	27.2	536.6	13.0	9.6	572.7
8.6	27.2	515.5	13.0	9.0	572.7
10.7	27.1	495.3	13.0	9.3	572.7
13.8	26.9	514.3	12.9	9.8	572.7
16.9	26.7	497.0	12.9	9.3	572.7
12.5	26.8	503.0	12.9	9.2	572.7
20.8	25.3	301.3	12.8	8.1	572.7
0.5	24.1	183.0	12.8	6.6	572.7
0.1	24.2	213.4	12.8	7.2	574.1
3.0	25.6	357.6	12.8	7.2	574.1
18.1	24.6	260.3	12.7	7.0	574.1
9.2	24.6	307.1	12.7	7.5	574.1
6.1	25.2	430.9	12.7	8.2	574.1
9.5	25.5	410.3	12.6	8.5	574.1
1.2	25.4	379.6	12.6	7.4	574.1
1.3	24.4	186.9	12.6	5.7	574.1
1.0	25.5	252.0	12.6	6.6	574.1
5.5	26.4	365.2	12.5	8.2	574.1
6.5	26.6	368.5	12.5	8.7	574.1
7.2	26.7	430.8	12.5	8.3	574.1
10.6	26.1	449.2	12.4	9.1	574.1
14.3	24.9	305.9	12.4	6.7	574.1
6.4	24.3	265.8	12.4	6.2	574.1
2.1	24.8	351.0	12.3	7.1	574.1
1.3	25.2	182.7	12.3	6.3	574.1
2.7	24.7	119.1	12.3	5.4	574.1
2.2	24.6	262.7	12.3	5.5	574.1
0.8	24.7	211.7	12.2	5.8	574.1
0.8	25.5	426.8	12.2	8.0	574.1
0.9	26.3	424.5	12.2	8.1	574.1
1.9	26.0	390.4	12.1	7.8	574.1
2.9	23.2	271.1	12.1	7.4	574.1
0.1	19.2	112.3	12.1	5.2	574.1
0.2	21.5	314.0	12.0	6.6	574.1
1.0	21.1	145.5	12.0	5.1	574.1
0.2	20.3	52.4	12.0	4.6	574.1
0.1	19.8	422.8	12.0	6.4	574.1
0.0	20.2	472.9	11.9	7.3	574.1
0.0	21.1	476.6	11.9	7.3	575.2
0.0	19.1	481.2	11.9	7.3	575.2
0.0	20.9	470.3	11.8	8.4	575.2
0.0	20.7	467.7	11.8	8.3	575.2
0.0	20.7	465.6	11.8	7.8	575.2
0.0	22.1	442.2	11.7	8.8	575.2
0.0	20.2	452.3	11.7	7.8	575.2
0.0	20.9	444.4	11.7	8.2	575.2
0.0	21.0	445.6	11.7	8.4	575.2
0.0	21.8	444.7	11.6	8.5	575.2
0.0	23.0	435.1	11.6	8.5	575.2
0.0	23.5	418.6	11.6	8.1	575.2
0.0	20.2	349.2	11.5	6.6	575.2
0.0	17.6	437.0	11.5	7.0	575.2
0.0	17.0	437.9	11.5	7.1	575.2
0.0	17.4	434.9	11.4	7.7	575.2
0.0	18.4	431.1	11.4	8.2	575.2
0.0	18.9	426.3	11.4	7.9	575.2
0.0	17.3	430.4	11.4	7.8	575.2
0.0	19.1	414.0	11.3	7.5	575.2
0.0	20.8	335.2	11.3	6.8	575.2
0.0	22.9	353.0	11.3	6.9	575.2
0.0	23.2	309.7	11.2	7.3	575.2
0.0	24.1	333.9	11.2	7.0	575.2
0.0	22.0	162.9	11.2	6.2	575.2
0.0	23.2	374.7	11.2	6.8	575.2
0.1	24.7	369.7	11.1	6.9	575.2
0.1	24.9	298.0	11.1	7.0	575.2
2.8	22.7	345.1	11.1	8.4	575.2
0.0	15.0	282.7	11.0	5.7	575.2
0.0	14.0	368.7	11.0	4.6	575.2
6.6	14.7	103.6	11.0	3.9	577.0
0.3	14.3	121.2	11.0	4.1	577.0
0.1	17.8	277.5	10.9	5.5	577.0
0.0	17.8	121.0	10.9	4.7	577.0
0.0	19.3	324.8	10.9	5.0	577.0
7.3	21.8	185.3	10.9	5.2	577.0
1.6	17.7	74.4	10.8	3.2	577.0
2.0	16.2	48.0	10.8	3.8	577.0
0.3	6.9	99.7	10.8	4.4	577.0
0.0	4.1	362.5	10.8	3.1	577.0
0.0	6.5	364.3	10.7	3.7	577.0
0.7	11.8	231.1	10.7	4.4	577.0
0.8	13.9	81.1	10.7	3.3	577.0
0.1	16.3	91.9	10.7	4.2	577.0
0.0	12.9	112.1	10.6	4.9	577.0
0.0	11.0	277.7	10.6	3.4	577.0
0.1	10.2	53.9	10.6	1.7	577.0
1.1	12.6	36.3	10.6	2.3	577.0
0.5	13.5	76.7	10.6	3.2	577.0
0.1	14.2	159.7	10.5	4.3	577.0
0.1	12.8	283.1	10.5	4.0	577.0
0.0	10.6	329.7	10.5	4.3	577.0
0.0	10.8	117.3	10.5	4.0	577.0
0.0	7.6	322.3	10.5	4.0	577.0
0.0	9.5	316.9	10.4	4.3	577.0
0.2	11.0	34.7	10.4	2.9	577.0
1.5	13.5	94.9	10.4	4.3	577.0
0.1	8.0	38.3	10.4	2.0	577.0
23.2	7.5	38.6	10.4	1.6	577.0
1.2	4.1	91.0	10.4	2.4	577.0
1.0	4.8	105.3	10.3	1.9	579.6
0.5	5.3	174.5	10.3	2.6	579.6
0.2	5.5	234.6	10.3	3.4	579.6
0.1	8.7	265.0	10.3	3.6	579.6
0.4	12.7	223.0	10.3	3.8	579.6
1.5	12.8	86.3	10.3	2.6	579.6
6.8	10.9	72.8	10.3	3.1	579.6
7.6	4.7	34.2	10.3	2.5	579.6
0.0	-0.7	299.6	10.2	1.6	579.6
0.0	4.9	304.6	10.2	3.2	579.6
0.0	0.5	301.6	10.2	1.8	579.6
0.0	3.6	298.2	10.2	3.0	579.6
0.0	6.4	292.7	10.2	4.0	579.6
0.0	8.1	285.6	10.2	4.4	579.6
0.0	9.4	293.5	10.2	4.4	579.6
0.0	11.3	292.4	10.2	4.6	579.6
1.3	12.6	283.4	10.2	4.6	579.6
0.4	5.4	71.1	10.2	2.4	579.6
0.9	8.8	284.2	10.2	3.0	579.6
7.7	14.0	61.7	10.2	3.3	579.6
11.5	11.2	35.5	10.2	3.3	579.6
0.4	5.1	48.3	10.2	2.7	579.6
1.9	5.9	219.1	10.2	3.2	579.6
6.0	9.7	73.3	10.2	2.6	579.6
0.1	6.6	215.6	10.2	3.7	579.6
0.0	0.7	295.1	10.2	2.0	579.6
0.0	2.1	198.5	10.2	2.1	579.6
0.1	1.0	270.1	10.2	2.3	579.6
4.1	0.5	103.0	10.2	1.6	579.6
0.3	1.1	160.0	10.2	2.2	579.6
0.2	3.5	247.1	10.2	3.1	579.6
0.1	2.8	249.9	10.2	2.8	582.7
5.5	5.5	274.8	10.2	2.8	582.7
6.9	5.8	25.4	10.2	2.0	582.7
0.3	3.0	97.4	10.2	2.3	582.7
0.0	-1.7	312.8	10.3	1.7	582.7
0.0	0.7	314.3	10.3	2.8	582.7
0.0	0.4	289.2	10.3	2.5	582.7
0.0	2.6	300.7	10.3	3.3	582.7
0.0	4.4	313.6	10.3	4.0	582.7
0.0	7.2	309.0	10.3	4.5	582.7
0.0	10.0	304.5	10.3	4.9	582.7
0.0	12.3	272.3	10.3	5.3	582.7
0.0	5.9	319.5	10.4	3.6	582.7
0.0	7.0	327.0	10.4	4.3	582.7
0.0	4.2	315.7	10.4	3.4	582.7
0.0	5.3	329.1	10.4	4.2	582.7
0.0	3.4	321.5	10.4	3.6	582.7
0.0	5.6	326.5	10.4	4.1	582.7
0.1	8.0	171.8	10.5	4.3	582.7
0.0	3.2	294.4	10.5	3.2	582.7
0.0	8.9	335.3	10.5	5.1	582.7
0.0	6.4	333.4	10.5	4.2	582.7
0.0	6.2	336.2	10.5	4.2	582.7
0.0	8.9	346.1	10.6	4.9	582.7
0.0	11.0	238.5	10.6	5.8	582.7
0.0	7.3	342.0	10.6	4.7	582.7
0.0	8.4	271.6	10.6	4.4	582.7
0.1	8.6	119.1	10.6	4.1	582.7
0.0	5.2	347.4	10.7	3.3	582.7
0.0	5.2	294.6	10.7	3.0	582.7
0.0	7.4	257.0	10.7	3.5	582.7
0.0	5.2	364.9	10.7	4.2	584.4
0.0	10.3	366.7	10.8	5.6	584.4
0.0	9.0	365.7	10.8	5.5	584.4
0.0	7.2	365.7	10.8	4.1	584.4
6.1	7.2	104.5	10.8	2.9	584.4
0.0	7.3	377.9	10.9	4.6	584.4
0.0	8.1	259.7	10.9	4.3	584.4
0.0	3.3	392.8	10.9	3.8	584.4
0.0	7.2	380.8	10.9	4.5	584.4
0.0	9.6	352.0	11.0	5.6	584.4
0.0	9.6	398.8	11.0	5.1	584.4
0.0	10.3	399.0	11.0	5.9	584.4
0.0	7.1	402.1	11.0	4.4	584.4
0.0	7.5	169.8	11.1	3.6	584.4
0.0	10.5	267.7	11.1	5.7	584.4
0.0	11.8	393.8	11.1	6.4	584.4
0.0	12.7	410.1	11.2	6.5	584.4
0.0	14.4	341.6	11.2	6.7	584.4
0.0	16.1	224.4	11.2	6.8	584.4
14.1	18.3	229.7	11.2	7.5	584.4
0.6	6.9	129.9	11.3	4.3	584.4
0.0	5.4	432.6	11.3	3.7	584.4
0.0	9.8	435.1	11.3	5.3	584.4
0.0	10.9	426.0	11.4	5.4	584.4
0.0	6.6	325.8	11.4	4.7	584.4
0.0	8.4	436.0	11.4	5.2	584.4
1.2	9.1	120.0	11.4	4.1	584.4
11.9	11.6	38.5	11.5	5.2	584.4
11.8	13.3	32.0	11.5	5.1	584.4
8.6	10.5	101.4	11.5	2.8	585.1
0.7	9.0	214.9	11.6	4.5	585.1
0.1	8.0	340.7	11.6	5.6	585.1
0.1	9.7	456.5	11.6	6.4	585.1
19.4	10.8	419.4	11.7	7.7	585.1
0.9	4.2	55.1	11.7	2.1	585.1
4.2	12.5	261.6	11.7	5.9	585.1
15.5	15.2	43.6	11.7	4.8	585.1
8.9	6.9	26.6	11.8	4.9	585.1
10.0	4.2	37.2	11.8	1.9	585.1
8.5	4.0	20.5	11.8	2.1	585.1
3.9	2.8	41.5	11.9	1.4	585.1
1.2	5.9	272.6	11.9	4.1	585.1
9.8	10.5	113.5	11.9	4.6	585.1
20.3	6.8	132.2	12.0	3.4	585.1
32.5	5.7	50.5	12.0	2.7	585.1
34.3	10.7	55.3	12.0	5.4	585.1
6.9	5.1	80.8	12.1	2.6	585.1
0.2	5.9	154.4	12.1	3.1	585.1
17.2	8.2	207.5	12.1	4.1	585.1
12.9	5.5	67.8	12.1	3.3	585.1
0.3	8.1	391.4	12.2	5.8	585.1
12.1	7.6	63.1	12.2	2.5	585.1
0.4	8.6	376.8	12.2	5.7	585.1
0.1	12.4	524.7	12.3	8.1	585.1
0.0	14.4	505.0	12.3	7.8	585.1
1.5	15.4	380.0	12.3	8.0	585.1
0.9	9.2	238.9	12.4	3.7	585.1
0.0	11.9	489.4	12.4	7.0	585.1
7.6	14.4	225.6	12.4	6.8	585.1
0.2	11.3	276.9	12.5	5.1	585.1
9.7	16.8	181.9	12.5	8.1	585.7
1.8	8.4	77.0	12.5	3.3	585.7
5.8	11.7	472.0	12.5	5.7	585.7
1.1	14.7	95.8	12.6	5.7	585.7
3.9	20.0	448.9	12.6	10.0	585.7
0.0	16.2	507.5	12.6	8.0	585.7
0.0	18.9	567.8	12.7	8.5	585.7
0.0	21.9	407.8	12.7	9.4	585.7
4.1	19.6	83.8	12.7	7.6	585.7
10.4	14.1	116.3	12.8	5.9	585.7
26.5	9.7	47.8	12.8	5.7	585.7
0.4	8.9	378.3	12.8	4.9	585.7
0.0	8.9	595.5	12.8	6.6	585.7
0.0	10.0	598.6	12.9	7.0	585.7
0.0	12.2	303.4	12.9	6.1	585.7
0.0	16.4	595.6	12.9	9.0	585.7
0.0	20.8	586.3	13.0	10.2	585.7
0.0	23.6	444.6	13.0	9.6	585.7
10.9	23.9	334.8	13.0	9.2	585.7
0.9	13.9	111.0	13.0	10.0	585.7
0.0	10.0	397.8	13.1	7.0	585.7
0.0	13.2	541.6	13.1	7.0	585.7
0.0	14.7	587.9	13.1	8.6	585.7
0.0	17.1	606.4	13.2	10.0	585.7
0.0	20.1	611.4	13.2	11.1	585.7
0.1	21.1	594.4	13.2	11.2	585.7
16.7	17.5	164.0	13.2	8.0	585.7
0.0	16.0	586.4	13.3	8.7	585.7
0.0	17.5	633.7	13.3	8.3	585.7
0.0	19.5	626.0	13.3	10.5	585.7
0.0	15.7	631.8	13.3	9.3	586.5
0.0	23.1	586.9	13.4	11.7	586.5
0.0	23.2	521.7	13.4	10.1	586.5
21.9	23.2	318.2	13.4	10.5	586.5
12.6	21.1	142.4	13.4	6.4	586.5
75.0	17.2	52.1	13.5	10.4	586.5
0.1	16.1	484.5	13.5	9.6	586.5
4.8	18.5	352.8	13.5	8.0	586.5
8.1	18.1	110.4	13.5	5.5	586.5
2.9	19.7	67.1	13.6	5.2	586.5
3.8	22.8	245.7	13.6	9.3	586.5
0.0	26.7	556.9	13.6	11.0	586.5
0.0	27.4	621.5	13.6	10.2	586.5
14.8	26.2	501.9	13.6	11.5	586.5
3.1	21.6	68.4	13.7	5.6	586.5
2.1	18.2	117.9	13.7	7.9	586.5
0.0	22.6	493.1	13.7	10.9	586.5
0.1	25.3	537.8	13.7	11.0	586.5
4.9	25.2	520.4	13.7	9.8	586.5
0.1	25.2	439.9	13.8	9.2	586.5
5.5	26.3	522.1	13.8	12.8	586.5
0.2	18.5	332.0	13.8	8.0	586.5
0.0	18.3	466.9	13.8	8.2	586.5
3.5	15.4	40.6	13.8	2.8	586.5
13.8	17.6	68.6	13.9	5.2	586.5
3.3	17.5	220.4	13.9	7.1	586.5
0.0	19.7	598.8	13.9	8.7	586.5
7.9	17.4	122.3	13.9	6.7	586.5
0.6	19.2	439.2	13.9	9.2	586.5
21.7	24.3	571.6	13.9	11.6	586.5
47.3	23.5	133.1	13.9	8.1	586.5
0.1	23.5	498.8	14.0	9.9	585.2
0.0	26.0	588.9	14.0	11.2	585.2
4.0	26.3	587.1	14.0	10.6	585.2
10.1	26.9	432.0	14.0	9.7	585.2
24.0	26.8	407.0	14.0	9.0	585.2
33.5	25.6	157.3	14.0	8.6	585.2
16.3	25.8	221.7	14.0	7.9	585.2
28.3	26.5	356.5	14.0	9.3	585.2
3.9	25.5	151.0	14.0	7.3	585.2
0.0	23.5	526.7	14.0	10.8	585.2
0.0	23.9	585.2	14.1	10.9	585.2
0.0	22.6	280.5	14.1	9.0	585.2
0.2	20.1	546.2	14.1	9.2	585.2
0.0	21.9	520.5	14.1	9.1	585.2
0.0	23.3	481.8	14.1	9.2	585.2
2.9	24.0	556.2	14.1	10.1	585.2
0.0	24.4	662.9	14.1	10.9	585.2
0.0	25.2	654.1	14.1	9.9	585.2
0.1	26.7	548.9	14.1	10.3	585.2
6.2	25.5	104.2	14.1	7.2	585.2
6.3	24.9	166.2	14.1	7.3	585.2
0.1	24.8	227.9	14.1	10.2	585.2
0.0	26.1	603.6	14.1	11.6	585.2
0.0	26.7	504.6	14.1	10.4	585.2
0.0	26.5	496.7	14.1	10.6	585.2
0.0	25.8	371.6	14.1	9.9	585.2
0.0	25.6	374.3	14.1	10.6	585.2
0.0	25.2	488.6	14.1	10.8	585.2
1.4	25.6	291.0	14.1	8.4	585.2
26.9	23.9	71.4	14.1	5.1	585.2
1.5	23.9	119.0	14.1	5.6	581.5
19.1	25.6	398.9	14.0	8.5	581.5
19.7	26.9	441.2	14.0	9.6	581.5
13.7	27.6	530.1	14.0	10.7	581.5
0.0	27.8	438.0	14.0	9.5	581.5
0.1	28.8	617.4	14.0	9.5	581.5
0.0	29.2	434.7	14.0	9.3	581.5
1.9	29.6	547.7	14.0	11.1	581.5
0.0	29.8	458.7	14.0	9.8	581.5
15.2	28.0	541.4	14.0	11.1	581.5
21.2	27.7	478.1	14.0	9.2	581.5
14.4	27.1	434.7	13.9	9.2	581.5
13.5	27.0	483.7	13.9	10.7	581.5
8.3	27.2	581.9	13.9	11.1	581.5
16.0	27.1	528.5	13.9	9.9	581.5
19.7	26.4	400.5	13.9	8.9	581.5
16.0	26.9	500.9	13.9	9.9	581.5
0.1	28.5	624.8	13.9	11.3	581.5
0.0	29.1	627.1	13.8	10.9	581.5
0.0	29.9	623.0	13.8	11.3	581.5
3.6	29.4	622.5	13.8	12.4	581.5
3.2	28.9	616.1	13.8	11.9	581.5
4.3	28.6	620.4	13.8	12.1	581.5
3.2	28.4	595.9	13.7	12.0	581.5
2.2	28.0	356.8	13.7	9.6	581.5
3.5	28.9	565.8	13.7	11.6	581.5
5.1	29.0	577.3	13.7	10.5	581.5
0.0	30.8	613.2	13.7	11.8	581.5
2.3	30.8	604.8	13.6	13.0	581.5
0.0	30.8	600.1	13.6	12.2	581.5
0.0	30.7	613.4	13.6	12.6	581.5
0.9	30.3	611.0	13.6	12.4	580.2
9.9	28.2	591.2	13.6	11.3	580.2
13.6	27.5	566.2	13.5	10.3	580.2
17.5	27.2	531.7	13.5	9.1	580.2
16.2	26.8	547.4	13.5	8.9	580.2
4.4	27.2	561.2	13.5	10.3	580.2
3.0	26.9	408.7	13.4	10.4	580.2
13.5	26.5	535.3	13.4	9.7	580.2
13.6	26.5	493.8	13.4	8.8	580.2
23.2	26.3	443.7	13.4	9.2	580.2
19.3	26.8	498.2	13.3	9.2	580.2
3.1	27.3	536.4	13.3	10.4	580.2
6.6	26.9	582.4	13.3	9.8	580.2
3.1	27.4	582.4	13.3	10.0	580.2
0.8	28.1	563.9	13.2	10.0	580.2
9.7	27.2	517.9	13.2	9.9	580.2
13.7	26.8	516.3	13.2	8.8	580.2
8.5	27.0	529.0	13.2	9.4	580.2
10.6	27.1	467.8	13.1	8.6	580.2
14.1	27.5	494.7	13.1	8.8	580.2
12.6	27.3	482.4	13.1	9.4	580.2
11.4	26.6	451.0	13.1	9.1	580.2
15.7	26.4	485.6	13.0	9.4	580.2
12.4	26.4	487.2	13.0	9.1	580.2
21.4	25.7	405.5	13.0	8.7	580.2
19.4	25.7	402.5	12.9	8.8	580.2
16.2	25.9	414.2	12.9	8.6	580.2
13.7	25.6	465.3	12.9	9.2	580.2
0.4	26.5	479.9	12.9	9.1	580.2
15.2	25.4	423.6	12.8	8.0	580.2
0.7	25.2	390.0	12.8	8.2	580.2
1.4	25.9	490.9	12.8	8.6	581.7
0.0	24.7	194.6	12.7	7.0	581.7
0.8	25.3	420.6	12.7	8.3	581.7
0.1	25.7	449.1	12.7	9.0	581.7
1.5	25.7	360.5	12.7	8.5	581.7
4.7	21.8	79.2	12.6	5.0	581.7
0.0	22.2	175.7	12.6	5.7	581.7
5.7	21.6	126.7	12.6	6.1	581.7
8.3	20.0	15.0	12.5	1.9	581.7
9.8	20.5	29.2	12.5	1.9	581.7
25.5	19.8	25.3	12.5	4.6	581.7
0.5	20.6	343.9	12.4	7.3	581.7
0.4	21.5	358.4	12.4	5.6	581.7
0.5	21.9	296.9	12.4	6.5	581.7
0.0	22.2	522.1	12.4	8.5	581.7
0.0	22.2	515.3	12.3	8.7	581.7
0.0	22.7	503.8	12.3	9.1	581.7
0.0	23.5	505.3	12.3	9.1	581.7
0.0	24.3	499.5	12.2	9.3	581.7
0.0	24.3	495.2	12.2	9.6	581.7
0.0	24.0	495.9	12.2	9.3	581.7
0.1	26.6	441.5	12.1	9.4	581.7
1.5	25.9	138.7	12.1	6.8	581.7
1.6	25.0	66.0	12.1	5.3	581.7
0.9	24.2	71.2	12.1	5.2	581.7
0.0	23.3	456.1	12.0	8.0	581.7
0.0	23.7	245.2	12.0	7.4	581.7
0.2	24.0	317.2	12.0	7.3	581.7
0.0	24.6	444.0	11.9	8.6	581.7
0.0	22.0	455.6	11.9	8.4	581.7
0.0	21.5	474.8	11.9	8.8	582.7
0.0	22.5	469.2	11.8	9.1	582.7
0.0	22.5	457.2	11.8	8.4	582.7
0.0	24.0	454.0	11.8	8.2	582.7
0.0	25.1	435.6	11.8	8.5	582.7
0.9	26.3	422.6	11.7	8.2	582.7
0.5	23.3	186.9	11.7	7.2	582.7
0.5	24.2	420.2	11.7	7.4	582.7
1.2	21.5	50.9	11.6	4.7	582.7
0.0	23.5	426.0	11.6	7.9	582.7
0.0	22.5	432.1	11.6	8.6	582.7
0.0	22.2	440.0	11.5	8.2	582.7
0.0	21.9	422.6	11.5	8.5	582.7
0.0	20.7	435.7	11.5	7.7	582.7
0.0	22.0	390.2	11.5	7.4	582.7
0.0	21.1	421.9	11.4	7.4	582.7
0.3	23.1	393.1	11.4	7.5	582.7
0.1	23.3	322.0	11.4	7.3	582.7
0.0	23.6	399.1	11.3	7.8	582.7
0.0	22.6	318.8	11.3	6.8	582.7
0.0	20.4	405.6	11.3	7.2	582.7
0.0	18.7	407.0	11.3	6.7	582.7
0.0	18.7	402.1	11.2	6.9	582.7
0.0	18.8	398.1	11.2	6.8	582.7
0.0	19.3	394.5	11.2	7.5	582.7
0.0	19.0	395.1	11.1	7.6	582.7
0.0	19.2	397.1	11.1	7.6	582.7
0.0	20.4	388.3	11.1	7.3	582.7
0.0	21.0	381.8	11.1	7.4	582.7
0.0	21.2	374.8	11.0	7.0	582.7
0.0	18.3	375.2	11.0	6.8	582.7
0.0	19.6	377.9	11.0	6.6	584.5
0.0	20.5	367.3	10.9	6.6	584.5
0.1	22.7	320.3	10.9	6.5	584.5
0.4	20.1	94.5	10.9	4.4	584.5
0.0	19.8	190.2	10.9	5.4	584.5
0.0	21.8	343.3	10.8	6.2	584.5
2.2	19.6	77.4	10.8	4.7	584.5
0.1	14.7	88.9	10.8	5.0	584.5
0.0	13.6	349.3	10.8	4.5	584.5
0.0	15.9	317.8	10.7	5.6	584.5
0.0	17.3	330.7	10.7	5.5	584.5
0.0	18.9	302.0	10.7	5.6	584.5
2.1	18.9	115.0	10.7	4.6	584.5
5.2	17.2	75.5	10.7	3.3	584.5
6.4	14.9	38.4	10.6	1.8	584.5
0.3	16.5	65.5	10.6	2.8	584.5
0.3	19.3	260.0	10.6	5.0	584.5
1.7	19.8	248.0	10.6	4.6	584.5
3.1	19.3	271.2	10.5	5.2	584.5
5.3	15.4	60.0	10.5	3.7	584.5
0.5	8.9	57.3	10.5	2.9	584.5
0.1	9.6	250.9	10.5	3.5	584.5
0.1	12.9	302.1	10.5	4.9	584.5
0.6	15.5	279.7	10.4	4.5	584.5
2.8	12.5	97.7	10.4	3.3	584.5
2.9	11.1	30.6	10.4	2.0	584.5
1.3	12.9	239.5	10.4	3.1	584.5
0.2	10.3	187.3	10.4	3.7	584.5
0.0	10.6	274.9	10.4	4.0	584.5
0.0	8.5	316.6	10.3	3.8	584.5
0.0	11.7	314.2	10.3	4.1	587.2
1.0	13.8	111.7	10.3	3.9	587.2
0.3	9.0	66.9	10.3	2.5	587.2
8.7	8.6	263.1	10.3	3.4	587.2
0.1	4.7	213.7	10.3	2.6	587.2
0.0	5.8	301.0	10.3	2.9	587.2
0.0	7.2	240.1	10.3	3.5	587.2
0.0	6.8	304.0	10.3	3.5	587.2
0.0	10.1	261.0	10.2	3.8	587.2
5.2	11.5	56.2	10.2	2.0	587.2
4.2	11.2	86.1	10.2	3.7	587.2
0.0	6.2	181.0	10.2	2.4	587.2
0.0	6.4	157.6	10.2	2.3	587.2
0.8	8.5	122.5	10.2	2.7	587.2
2.7	8.5	49.0	10.2	1.8	587.2
5.0	10.2	14.7	10.2	1.9	587.2
1.1	6.3	57.1	10.2	2.3	587.2
3.9	5.9	104.6	10.2	1.9	587.2
42.3	6.7	31.6	10.2	2.0	587.2
4.4	6.3	42.4	10.2	2.8	587.2
0.0	3.2	203.4	10.2	2.2	587.2
0.0	7.4	135.4	10.2	2.7	587.2
0.0	12.4	218.9	10.2	3.8	587.2
3.1	11.9	75.1	10.2	4.0	587.2
2.4	5.6	34.9	10.2	1.1	587.2
0.3	3.8	54.8	10.2	1.7	587.2
0.3	3.0	184.5	10.2	2.9	587.2
0.0	5.7	228.3	10.2	3.3	587.2
0.0	-1.0	302.1	10.2	2.2	587.2
0.0	-1.3	302.8	10.2	2.2	587.2
0.0	3.7	301.6	10.2	3.2	587.2
0.0	1.1	303.8	10.2	2.4	590.4
0.0	3.3	269.1	10.2	2.6	590.4
0.0	3.2	299.5	10.2	3.0	590.4
0.0	3.8	307.3	10.3	3.4	590.4
0.0	6.6	302.7	10.3	3.5	590.4
0.0	11.1	136.2	10.3	3.9	590.4
0.6	14.3	275.8	10.3	5.1	590.4
0.5	7.6	71.6	10.3	4.3	590.4
0.0	7.2	312.8	10.3	3.7	590.4
0.0	4.6	314.3	10.3	3.5	590.4
0.0	6.5	313.0	10.3	3.7	590.4
0.0	4.4	327.0	10.3	2.9	590.4
0.0	1.7	322.9	10.4	2.7	590.4
0.0	0.5	262.3	10.4	2.2	590.4
0.0	2.0	125.2	10.4	2.4	590.4
0.0	6.9	310.7	10.4	4.0	590.4
0.6	12.9	285.3	10.4	5.0	590.4
20.3	11.5	28.0	10.4	2.7	590.4
5.8	4.7	30.8	10.5	3.1	590.4
0.1	1.8	185.4	10.5	2.3	590.4
0.2	2.5	266.4	10.5	2.9	590.4
0.0	6.6	253.2	10.5	3.5	590.4
1.7	6.2	163.3	10.5	2.0	590.4
13.2	5.8	18.3	10.6	2.4	590.4
0.0	4.0	232.1	10.6	2.4	590.4
0.1	1.9	202.3	10.6	2.6	590.4
0.0	2.5	355.8	10.6	3.3	590.4
0.0	5.4	289.8	10.7	3.5	590.4
21.7	8.2	27.8	10.7	3.1	590.4
1.8	7.8	45.9	10.7	2.8	590.4
0.2	4.4	108.7	10.7	2.7	590.4
0.0	3.0	370.0	10.8	3.3	592.0
0.8	8.5	296.8	10.8	3.9	592.0
0.4	8.9	105.6	10.8	3.7	592.0
14.4	10.9	127.8	10.8	3.8	592.0
13.2	6.9	14.2	10.9	3.6	592.0
6.7	6.0	36.3	10.9	2.0	592.0
5.2	4.6	48.3	10.9	3.3	592.0
5.5	1.8	31.4	10.9	1.1	592.0
17.7	2.0	15.2	11.0	1.0	592.0
9.0	1.7	13.5	11.0	1.0	592.0
6.3	2.4	22.7	11.0	1.9	592.0
1.1	-1.3	170.1	11.0	2.6	592.0
0.0	-1.9	407.7	11.1	2.4	592.0
0.0	0.5	408.0	11.1	3.1	592.0
0.0	4.3	415.5	11.1	3.8	592.0
0.0	6.1	411.3	11.1	4.5	592.0
0.0	9.3	410.0	11.2	5.3	592.0
0.0	9.3	413.1	11.2	5.4	592.0
0.0	10.7	421.2	11.2	5.9	592.0
0.5	8.0	289.3	11.3	5.0	592.0
0.0	5.1	254.6	11.3	4.2	592.0
0.0	5.2	197.4	11.3	3.9	592.0
0.0	7.6	427.0	11.4	5.3	592.0
8.8	7.8	41.7	11.4	3.0	592.0
12.7	4.4	25.3	11.4	3.3	592.0
0.0	0.8	341.7	11.4	3.0	592.0
0.0	3.1	458.6	11.5	4.5	592.0
0.0	3.2	438.5	11.5	3.9	592.0
6.4	3.3	293.9	11.5	3.2	592.7
22.1	4.8	59.7	11.6	2.5	592.7
1.4	3.1	80.4	11.6	2.5	592.7
0.1	4.0	243.1	11.6	4.0	592.7
15.7	10.6	292.2	11.7	6.1	592.7
12.3	10.6	26.7	11.7	2.9	592.7
9.0	5.4	77.7	11.7	3.8	592.7
6.6	5.5	71.5	11.7	2.4	592.7
19.9	4.7	34.6	11.8	2.3	592.7
0.0	3.3	256.5	11.8	4.1	592.7
1.7	8.0	412.0	11.8	5.1	592.7
26.0	7.4	45.0	11.9	2.6	592.7
11.0	6.1	83.8	11.9	3.6	592.7
20.0	3.7	46.1	11.9	1.7	592.7
6.8	4.5	78.6	12.0	2.0	592.7
0.0	5.5	411.1	12.0	5.2	592.7
1.7	6.6	174.7	12.0	4.3	592.7
0.7	6.7	178.2	12.0	5.2	592.7
0.2	10.2	436.4	12.1	6.9	592.7
1.5	12.4	199.9	12.1	6.6	592.7
29.1	9.9	48.6	12.1	4.3	592.7
3.5	7.1	58.5	12.2	3.7	592.7
0.6	9.7	457.8	12.2	6.1	592.7
0.0	9.5	527.4	12.2	6.0	592.7
37.1	11.8	205.1	12.3	5.5	592.7
26.0	12.9	63.4	12.3	4.9	592.7
1.3	9.6	480.8	12.3	6.3	592.7
0.0	12.7	499.1	12.4	7.4	592.7
0.0	11.1	496.2	12.4	7.0	592.7
0.0	10.5	555.6	12.4	7.8	592.7
0.0	9.5	565.0	12.4	6.7	592.7
0.0	11.0	575.1	12.5	8.0	593.3
0.0	16.1	553.4	12.5	10.4	593.3
0.0	20.7	414.9	12.5	10.8	593.3
19.1	16.9	225.3	12.6	10.4	593.3
0.0	11.9	516.1	12.6	6.3	593.3
0.1	19.1	526.7	12.6	10.5	593.3
51.4	17.7	76.7	12.7	8.4	593.3
0.0	10.6	540.0	12.7	6.8	593.3
0.0	13.1	559.0	12.7	6.7	593.3
8.0	16.6	313.2	12.7	7.7	593.3
14.2	15.9	58.5	12.8	3.0	593.3
24.4	15.2	108.3	12.8	8.4	593.3
0.0	10.3	598.3	12.8	6.5	593.3
0.1	13.9	594.3	12.9	8.8	593.3
0.0	16.9	563.4	12.9	9.3	593.3
8.7	14.3	98.8	12.9	4.1	593.3
0.2	17.7	555.1	12.9	9.3	593.3
0.4	19.9	563.7	13.0	10.9	593.3
14.4	21.1	471.4	13.0	9.2	593.3
14.9	18.2	44.5	13.0	6.9	593.3
0.5	16.6	399.2	13.1	8.5	593.3
0.0	20.1	562.7	13.1	8.8	593.3
33.5	16.1	109.1	13.1	5.1	593.3
2.1	17.8	95.9	13.1	6.8	593.3
0.1	17.2	522.3	13.2	8.0	593.3
0.0	21.6	607.0	13.2	11.1	593.3
0.0	16.6	586.2	13.2	9.2	593.3
0.0	14.2	590.8	13.3	8.5	593.3
0.0	18.0	613.0	13.3	10.2	593.3
0.0	21.0	619.4	13.3	11.9	593.3
0.2	24.4	584.4	13.3	11.9	594.2
0.0	22.7	208.5	13.4	9.3	594.2
1.3	25.2	398.2	13.4	11.0	594.2
35.1	22.1	97.8	13.4	3.9	594.2
4.1	23.1	85.8	13.4	5.5	594.2
27.9	22.8	213.2	13.5	9.0	594.2
1.0	21.1	200.2	13.5	7.2	594.2
0.0	19.1	603.4	13.5	10.0	594.2
0.0	20.4	585.0	13.5	10.1	594.2
6.9	19.6	467.3	13.5	9.5	594.2
13.2	17.1	78.0	13.6	5.7	594.2
0.1	19.3	538.2	13.6	10.2	594.2
0.9	21.8	566.6	13.6	10.9	594.2
16.1	19.3	80.6	13.6	8.5	594.2
6.1	23.1	151.1	13.7	9.6	594.2
0.7	18.3	106.8	13.7	5.4	594.2
0.1	18.9	488.5	13.7	8.6	594.2
0.0	18.9	583.2	13.7	10.2	594.2
5.0	18.0	263.5	13.7	8.0	594.2
0.5	19.2	415.7	13.8	9.5	594.2
0.1	22.9	612.0	13.8	11.3	594.2
0.0	22.8	483.6	13.8	11.9	594.2
0.3	21.6	639.1	13.8	11.5	594.2
0.0	19.6	662.5	13.8	10.0	594.2
0.0	22.1	631.1	13.8	10.9	594.2
0.0	19.9	332.7	13.9	8.7	594.2
0.0	22.6	639.2	13.9	11.0	594.2
0.0	24.9	453.5	13.9	10.5	594.2
39.0	18.8	98.3	13.9	8.6	594.2
4.2	18.0	87.2	13.9	4.6	594.2
0.9	19.0	255.8	13.9	8.3	594.2
0.0	22.6	616.7	14.0	11.0	592.8
0.1	25.1	537.6	14.0	10.5	592.8
0.0	24.6	357.3	14.0	10.8	592.8
0.0	24.3	474.3	14.0	10.9	592.8
0.0	25.9	650.5	14.0	12.1	592.8
0.0	26.5	638.0	14.0	11.7	592.8
0.0	26.8	619.0	14.0	10.7	592.8
12.2	26.6	483.8	14.0	10.5	592.8
32.9	26.5	450.8	14.0	8.9	592.8
1.2	23.2	96.6	14.0	7.2	592.8
0.8	24.1	477.8	14.0	9.0	592.8
0.0	25.4	546.0	14.1	11.1	592.8
0.2	26.6	567.0	14.1	10.7	592.8
0.1	27.4	654.3	14.1	11.7	592.8
0.1	28.1	600.1	14.1	11.8	592.8
5.9	27.4	643.9	14.1	12.2	592.8
15.6	26.7	545.7	14.1	10.7	592.8
1.7	27.0	395.1	14.1	10.0	592.8
1.8	26.3	494.9	14.1	12.1	592.8
2.9	26.2	630.8	14.1	12.2	592.8
0.9	27.2	602.7	14.1	13.7	592.8
1.0	27.0	482.3	14.1	10.9	592.8
22.9	25.5	128.1	14.1	6.9	592.8
18.2	24.0	72.4	14.1	5.8	592.8
0.6	23.2	205.3	14.1	8.3	592.8
0.0	26.4	500.8	14.1	11.6	592.8
13.9	26.1	243.8	14.1	10.0	592.8
2.4	26.7	410.3	14.1	10.0	592.8
24.5	27.2	486.9	14.1	10.6	592.8
20.9	24.7	154.9	14.1	5.7	592.8
9.1	26.6	540.3	14.1	10.2	589.1
7.0	25.7	356.7	14.0	10.5	589.1
2.0	25.1	209.1	14.0	7.0	589.1
0.4	26.1	265.2	14.0	8.5	589.1
30.1	26.6	480.7	14.0	10.0	589.1
6.5	27.7	538.2	14.0	10.9	589.1
15.2	27.7	588.8	14.0	10.7	589.1
10.9	27.7	579.2	14.0	10.7	589.1
16.4	27.6	534.7	14.0	10.3	589.1
16.2	27.4	542.0	14.0	9.9	589.1
5.7	27.8	623.7	14.0	11.2	589.1
0.1	27.7	616.5	13.9	10.8	589.1
0.1	27.5	544.8	13.9	9.9	589.1
0.1	26.6	575.4	13.9	11.3	589.1
0.0	26.5	637.0	13.9	10.6	589.1
0.0	29.0	625.4	13.9	11.4	589.1
0.0	30.8	624.5	13.9	12.3	589.1
10.0	29.9	594.2	13.9	13.3	589.1
12.2	28.2	579.6	13.8	11.1	589.1
16.1	27.8	556.5	13.8	9.6	589.1
18.6	27.6	418.9	13.8	8.2	589.1
15.3	27.6	418.7	13.8	8.3	589.1
19.6	27.8	451.4	13.8	9.9	589.1
9.1	28.2	517.7	13.8	10.3	589.1
9.7	27.9	550.2	13.7	10.4	589.1
11.4	27.6	549.2	13.7	9.9	589.1
13.3	27.4	510.4	13.7	9.5	589.1
21.4	27.3	530.3	13.7	9.5	589.1
17.6	27.5	563.0	13.7	9.8	589.1
18.9	26.8	437.5	13.6	9.0	589.1
9.9	27.1	571.1	13.6	10.4	589.1
0.0	28.4	609.0	13.6	11.0	587.9
0.0	28.6	590.1	13.6	11.9	587.9
0.0	28.8	607.9	13.5	11.1	587.9
0.0	28.9	577.1	13.5	11.0	587.9
7.4	28.1	536.4	13.5	10.9	587.9
14.0	27.4	541.7	13.5	11.2	587.9
10.6	26.7	507.9	13.4	9.8	587.9
2.5	27.4	545.8	13.4	10.0	587.9
0.7	28.6	507.6	13.4	9.6	587.9
15.1	27.8	550.7	13.4	10.7	587.9
14.0	27.8	492.5	13.3	10.4	587.9
9.9	28.1	496.9	13.3	10.1	587.9
42.1	26.8	472.1	13.3	8.4	587.9
22.4	25.2	170.6	13.3	6.0	587.9
26.7	24.6	110.5	13.2	5.0	587.9
8.9	25.9	462.2	13.2	8.7	587.9
22.9	26.4	467.3	13.2	7.9	587.9
0.0	26.4	454.7	13.2	9.3	587.9
5.5	26.7	518.5	13.1	8.6	587.9
1.9	25.9	238.1	13.1	7.4	587.9
0.0	26.0	321.8	13.1	8.5	587.9
0.0	26.7	471.7	13.1	8.4	587.9
0.0	26.9	435.6	13.0	9.2	587.9
0.0	27.8	523.8	13.0	9.5	587.9
3.7	28.0	486.7	13.0	9.9	587.9
22.4	26.9	466.7	12.9	8.9	587.9
17.1	26.8	514.8	12.9	8.7	587.9
15.6	26.9	434.8	12.9	8.6	587.9
13.6	26.9	451.4	12.9	8.4	587.9
8.8	27.2	491.3	12.8	9.0	587.9
5.1	27.1	504.7	12.8	9.3	587.9
7.3	26.9	507.5	12.8	8.8	589.5
11.7	26.5	398.7	12.7	8.4	589.5
10.8	26.5	336.7	12.7	7.9	589.5
19.0	26.0	408.3	12.7	8.5	589.5
8.9	25.8	421.1	12.7	8.5	589.5
15.1	26.0	500.8	12.6	8.5	589.5
13.2	26.0	485.1	12.6	8.5	589.5
13.5	25.9	368.6	12.6	8.1	589.5
23.2	25.3	271.6	12.5	7.7	589.5
17.4	24.8	223.8	12.5	7.2	589.5
12.9	23.5	104.4	12.5	4.7	589.5
1.2	24.6	327.8	12.5	7.3	589.5
0.0	24.5	459.9	12.4	9.1	589.5
0.0	25.3	475.4	12.4	8.6	589.5
0.0	23.7	296.4	12.4	8.3	589.5
0.2	23.9	475.9	12.3	8.4	589.5
1.1	24.0	457.5	12.3	8.4	589.5
0.2	24.0	481.6	12.3	8.5	589.5
0.0	23.5	501.7	12.2	8.2	589.5
0.1	25.0	482.5	12.2	9.2	589.5
0.0	25.6	483.0	12.2	8.4	589.5
0.2	24.1	446.5	12.2	6.5	589.5
0.2	24.6	259.8	12.1	7.5	589.5
0.0	24.3	378.1	12.1	8.2	589.5
0.0	22.9	489.1	12.1	7.8	589.5
0.0	23.4	488.7	12.0	8.3	589.5
0.0	23.5	475.9	12.0	8.7	589.5
0.0	21.9	465.0	12.0	8.8	589.5
0.0	21.8	485.3	11.9	9.3	589.5
0.0	19.7	490.7	11.9	8.4	589.5
0.0	19.1	491.1	11.9	8.0	590.5
0.0	20.5	474.9	11.8	8.0	590.5
0.0	21.5	467.9	11.8	7.9	590.5
0.0	22.2	460.3	11.8	8.0	590.5
0.0	21.8	457.4	11.8	8.4	590.5
0.0	21.5	450.7	11.7	8.0	590.5
4.1	22.2	189.4	11.7	6.3	590.5
5.9	20.2	30.7	11.7	2.7	590.5
6.5	19.3	39.4	11.6	3.6	590.5
0.0	19.8	412.3	11.6	7.2	590.5
0.0	20.0	435.5	11.6	7.1	590.5
0.3	20.4	406.3	11.6	6.7	590.5
1.0	20.1	29.3	11.5	4.2	590.5
0.0	20.0	158.3	11.5	5.6	590.5
0.0	18.0	414.7	11.5	6.9	590.5
0.0	16.4	429.3	11.4	6.5	590.5
0.0	17.4	421.9	11.4	6.9	590.5
0.0	17.6	419.7	11.4	7.2	590.5
0.0	19.6	413.2	11.3	7.1	590.5
0.0	19.9	402.4	11.3	6.8	590.5
0.0	19.8	372.9	11.3	6.4	590.5
0.1	19.9	106.6	11.3	4.5	590.5
0.0	21.0	180.0	11.2	5.8	590.5
0.0	20.1	294.1	11.2	6.2	590.5
0.1	18.3	359.3	11.2	6.3	590.5
0.0	16.9	391.5	11.1	6.1	590.5
0.2	20.3	375.3	11.1	6.9	590.5
0.5	23.5	230.2	11.1	6.4	590.5
0.0	24.2	62.2	11.1	5.0	590.5
3.5	24.3	98.5	11.0	4.6	590.5
5.9	17.1	22.0	11.0	6.8	590.5
0.0	7.9	147.2	11.0	3.5	592.3
0.0	8.0	369.8	11.0	3.4	592.3
0.0	8.8	119.1	10.9	2.5	592.3
0.0	10.6	241.1	10.9	3.1	592.3
0.4	10.4	111.0	10.9	4.0	592.3
0.0	6.6	379.1	10.9	4.1	592.3
0.0	8.3	375.6	10.8	4.8	592.3
0.0	11.6	367.6	10.8	5.8	592.3
0.0	12.7	355.0	10.8	5.4	592.3
0.0	11.0	352.2	10.8	5.0	592.3
0.0	11.6	349.6	10.7	5.2	592.3
0.0	12.9	351.8	10.7	5.1	592.3
0.0	16.3	283.7	10.7	5.6	592.3
0.0	17.4	296.1	10.7	5.6	592.3
0.0	17.4	175.1	10.6	4.6	592.3
0.0	15.2	322.1	10.6	6.2	592.3
0.0	8.6	345.0	10.6	3.6	592.3
0.0	12.2	325.5	10.6	4.9	592.3
0.0	13.7	278.7	10.6	5.3	592.3
0.0	14.9	318.0	10.5	5.4	592.3
0.2	16.6	217.3	10.5	5.0	592.3
0.0	16.2	280.1	10.5	5.5	592.3
0.0	16.8	317.9	10.5	5.6	592.3
0.0	16.8	314.9	10.5	5.8	592.3
0.0	13.3	318.7	10.4	4.9	592.3
0.0	13.1	316.1	10.4	4.3	592.3
1.2	15.6	169.3	10.4	4.0	592.3
6.4	11.7	16.1	10.4	4.1	592.3
0.0	8.7	314.2	10.4	3.2	592.3
0.0	10.2	314.4	10.4	3.9	592.3
0.0	7.4	313.2	10.3	3.6	595.0
0.0	8.3	316.5	10.3	4.1	595.0
0.0	10.7	277.5	10.3	4.4	595.0
0.0	9.6	285.5	10.3	4.3	595.0
0.0	10.9	307.7	10.3	5.0	595.0
0.0	12.5	303.3	10.3	5.3	595.0
0.0	14.4	282.4	10.3	5.7	595.0
0.3	13.5	173.1	10.3	4.4	595.0
0.0	12.4	293.2	10.2	4.0	595.0
4.0	12.7	97.3	10.2	3.1	595.0
0.0	12.3	275.2	10.2	4.1	595.0
0.0	11.1	290.6	10.2	3.8	595.0
0.0	13.8	227.7	10.2	4.4	595.0
38.0	13.1	83.7	10.2	3.2	595.0
23.8	9.6	15.9	10.2	1.7	595.0
16.4	9.9	35.6	10.2	1.4	595.0
37.9	14.0	20.6	10.2	3.9	595.0
26.1	15.1	22.6	10.2	3.8	595.0
2.0	9.7	80.8	10.2	2.4	595.0
0.0	6.1	224.3	10.2	2.9	595.0
0.0	4.6	296.0	10.2	2.8	595.0
0.0	6.0	287.1	10.2	3.4	595.0
0.1	6.2	242.5	10.2	3.4	595.0
0.0	3.8	214.8	10.2	2.9	595.0
0.0	3.9	286.5	10.2	2.9	595.0
0.0	7.2	282.7	10.2	4.1	595.0
0.1	10.1	258.7	10.2	4.1	595.0
0.8	12.2	184.3	10.2	3.8	595.0
3.2	10.4	45.6	10.2	1.7	595.0
1.6	9.3	24.9	10.2	1.3	595.0
0.0	12.5	130.4	10.2	3.0	595.0
5.9	17.0	81.5	10.2	3.2	598.2
6.2	18.3	205.0	10.2	3.9	598.2
26.4	11.1	161.3	10.2	5.6	598.2
0.2	2.6	142.2	10.2	1.3	598.2
6.9	4.0	99.8	10.3	2.0	598.2
42.2	1.5	16.6	10.3	1.1	598.2
0.7	1.8	49.8	10.3	1.2	598.2
0.1	3.7	183.3	10.3	2.0	598.2
10.3	4.2	18.5	10.3	1.4	598.2
1.5	1.9	105.0	10.3	1.7	598.2
0.5	-1.4	85.2	10.3	1.6	598.2
0.0	-0.2	318.6	10.3	2.5	598.2
0.0	2.2	317.7	10.4	2.7	598.2
0.0	2.6	272.9	10.4	2.9	598.2
0.0	4.0	282.1	10.4	3.3	598.2
0.0	2.6	296.3	10.4	3.2	598.2
0.0	4.0	331.8	10.4	3.8	598.2
0.1	5.6	278.3	10.4	4.2	598.2
0.0	10.0	284.7	10.5	5.0	598.2
0.0	4.7	95.8	10.5	2.8	598.2
0.0	0.7	228.3	10.5	2.9	598.2
0.0	2.9	332.6	10.5	3.3	598.2
0.1	7.5	331.1	10.5	4.6	598.2
8.6	10.0	130.1	10.6	4.0	598.2
0.0	3.9	81.3	10.6	2.9	598.2
0.0	1.1	154.7	10.6	2.0	598.2
0.0	-2.0	357.9	10.6	2.3	598.2
0.0	-0.7	359.8	10.7	2.8	598.2
0.0	3.6	352.0	10.7	3.8	598.2
0.0	4.5	149.2	10.7	3.7	598.2
0.0	7.7	365.0	10.7	4.8	598.2
4.9	12.3	323.1	10.7	5.8	599.8
1.1	9.9	161.9	10.8	3.8	599.8
0.1	7.6	317.0	10.8	4.6	599.8
0.0	5.0	358.6	10.8	3.1	599.8
0.0	3.6	375.0	10.8	2.5	599.8
0.0	5.3	344.2	10.9	3.1	599.8
0.4	4.7	112.4	10.9	2.6	599.8
0.0	8.7	379.7	10.9	4.6	599.8
0.0	7.4	392.5	10.9	4.7	599.8
0.0	12.7	384.4	11.0	6.6	599.8
0.0	12.8	386.5	11.0	6.8	599.8
0.0	13.8	396.7	11.0	6.6	599.8
0.0	18.2	381.8	11.1	8.3	599.8
0.5	19.9	378.7	11.1	8.2	599.8
1.2	8.8	62.8	11.1	5.9	599.8
0.0	8.5	420.2	11.1	4.9	599.8
0.0	12.5	415.9	11.2	7.0	599.8
0.0	13.4	413.0	11.2	6.7	599.8
0.0	16.3	409.4	11.2	7.7	599.8
0.0	18.2	222.5	11.3	6.6	599.8
0.0	20.7	372.7	11.3	8.1	599.8
8.1	21.0	384.5	11.3	8.0	599.8
2.3	16.0	91.1	11.3	4.8	599.8
0.4	18.8	254.8	11.4	6.5	599.8
6.3	12.8	46.1	11.4	6.5	599.8
20.3	7.9	27.0	11.4	3.0	599.8
0.5	5.2	106.7	11.5	2.8	599.8
0.0	8.2	452.2	11.5	5.0	599.8
0.0	10.1	450.7	11.5	5.7	600.6
0.0	13.5	339.5	11.6	6.1	600.6
0.0	13.8	442.8	11.6	6.6	600.6
0.0	16.6	454.0	11.6	7.3	600.6
9.9	20.9	337.3	11.6	8.6	600.6
1.7	6.4	69.8	11.7	6.2	600.6
0.0	6.1	474.4	11.7	4.7	600.6
13.9	12.3	459.8	11.7	6.2	600.6
6.6	12.8	50.3	11.8	3.5	600.6
32.5	16.6	171.0	11.8	7.3	600.6
13.5	7.4	23.5	11.8	3.2	600.6
40.4	8.6	54.8	11.9	3.4	600.6
21.5	10.5	41.7	11.9	4.4	600.6
0.2	10.5	232.5	11.9	4.9	600.6
10.3	13.2	101.7	11.9	4.4	600.6
8.8	14.0	79.5	12.0	3.8	600.6
0.4	17.5	367.3	12.0	7.5	600.6
2.0	21.1	357.6	12.0	7.9	600.6
1.3	23.2	401.8	12.1	7.0	600.6
11.5	19.6	82.0	12.1	8.1	600.6
11.8	11.7	22.0	12.1	4.8	600.6
0.4	10.4	80.4	12.2	3.5	600.6
0.0	13.0	384.9	12.2	6.2	600.6
26.3	16.1	233.7	12.2	6.3	600.6
2.2	16.6	172.3	12.3	5.7	600.6
3.4	19.5	100.8	12.3	6.0	600.6
5.0	20.2	225.0	12.3	7.2	600.6
82.2	18.1	356.0	12.3	9.2	600.6
35.0	12.9	53.3	12.4	3.6	600.6
14.3	11.3	55.2	12.4	3.8	600.6
1.9	10.0	152.2	12.4	4.3	600.6
0.0	13.0	548.1	12.5	6.3	601.2
0.0	10.8	318.4	12.5	5.7	601.2
0.1	10.5	380.0	12.5	4.8	601.2
9.6	11.0	46.6	12.6	3.4	601.2
1.8	12.1	91.3	12.6	4.3	601.2
1.3	14.0	298.4	12.6	6.7	601.2
0.7	18.0	488.0	12.6	8.4	601.2
0.7	19.8	406.6	12.7	7.7	601.2
0.4	22.4	384.4	12.7	7.0	601.2
0.4	18.2	315.5	12.7	8.6	601.2
9.7	18.6	394.7	12.8	7.4	601.2
5.6	19.8	153.3	12.8	7.7	601.2
0.2	24.2	431.2	12.8	8.2	601.2
17.8	23.5	511.0	12.9	9.3	601.2
1.1	17.3	128.6	12.9	6.5	601.2
5.8	18.0	441.1	12.9	6.6	601.2
25.1	14.6	61.4	12.9	6.1	601.2
3.0	14.0	131.1	13.0	4.9	601.2
7.7	16.2	148.4	13.0	5.6	601.2
1.5	19.1	236.2	13.0	7.0	601.2
0.1	22.6	466.2	13.1	9.6	601.2
0.5	23.6	470.5	13.1	9.6	601.2
5.6	24.5	532.3	13.1	8.8	601.2
0.0	26.2	568.2	13.1	9.0	601.2
32.4	22.4	490.0	13.2	12.3	601.2
10.2	11.9	34.9	13.2	7.0	601.2
31.9	9.7	40.4	13.2	3.5	601.2
10.2	9.2	81.2	13.2	3.8	601.2
0.0	12.8	344.7	13.3	6.2	601.2
16.7	14.2	286.1	13.3	5.8	601.2
0.0	16.1	435.4	13.3	7.3	602.0
0.2	17.9	467.8	13.3	9.6	602.0
0.2	19.9	607.4	13.4	11.4	602.0
0.1	21.8	539.5	13.4	11.6	602.0
0.1	22.7	426.5	13.4	10.0	602.0
0.0	24.2	367.0	13.4	8.8	602.0
5.0	25.1	544.6	13.5	11.2	602.0
16.0	25.5	427.8	13.5	9.0	602.0
35.7	21.8	162.5	13.5	10.9	602.0
1.1	17.4	137.7	13.5	7.1	602.0
0.0	21.3	519.2	13.6	9.9	602.0
0.2	22.0	400.7	13.6	9.3	602.0
17.0	24.6	540.0	13.6	10.2	602.0
29.2	24.3	86.2	13.6	6.3	602.0
23.4	24.7	305.9	13.7	11.6	602.0
1.9	19.1	127.2	13.7	5.7	602.0
7.6	22.1	233.5	13.7	12.0	602.0
1.9	20.7	527.0	13.7	9.4	602.0
25.2	23.3	89.3	13.7	7.4	602.0
55.9	24.8	220.9	13.8	7.7	602.0
5.1	25.4	104.1	13.8	6.8	602.0
4.3	21.6	129.5	13.8	11.1	602.0
1.6	18.3	74.9	13.8	3.9	602.0
0.0	19.1	551.3	13.8	9.2	602.0
0.0	19.0	600.0	13.8	8.7	602.0
0.0	20.1	460.8	13.9	9.9	602.0
12.5	23.3	534.8	13.9	10.0	602.0
5.1	22.6	82.4	13.9	7.0	602.0
0.1	24.4	603.3	13.9	10.3	602.0
0.0	23.9	442.8	13.9	9.1	602.0
27.3	25.2	487.4	13.9	9.8	602.0
0.8	26.7	650.1	13.9	11.6	600.7
6.3	27.0	512.7	14.0	11.2	600.7
15.3	27.1	422.7	14.0	9.6	600.7
12.5	26.4	356.8	14.0	11.7	600.7
0.8	19.7	181.7	14.0	7.0	600.7
2.8	21.7	541.1	14.0	8.9	600.7
1.7	22.3	359.2	14.0	9.3	600.7
13.1	23.7	460.6	14.0	9.8	600.7
0.1	25.2	551.6	14.0	10.6	600.7
0.0	22.3	651.6	14.0	10.3	600.7
0.0	22.5	554.7	14.0	10.3	600.7
0.0	25.3	640.0	14.1	11.6	600.7
0.5	25.8	375.0	14.1	9.3	600.7
1.7	26.8	508.2	14.1	10.8	600.7
0.3	26.8	588.7	14.1	10.0	600.7
0.3	22.9	403.8	14.1	9.6	600.7
0.0	22.7	604.3	14.1	9.8	600.7
0.0	22.1	208.7	14.1	6.5	600.7
37.1	21.9	53.7	14.1	4.8	600.7
15.2	21.4	51.7	14.1	8.9	600.7
0.5	18.8	208.4	14.1	7.0	600.7
0.2	20.8	638.0	14.1	10.1	600.7
0.1	23.9	553.4	14.1	9.4	600.7
5.9	24.5	606.8	14.1	10.6	600.7
0.0	26.1	559.8	14.1	12.4	600.7
1.2	26.8	421.3	14.1	10.5	600.7
0.0	26.5	96.0	14.1	6.9	600.7
14.9	27.2	295.4	14.1	10.3	600.7
33.8	26.7	306.1	14.1	8.8	600.7
13.8	26.2	191.2	14.1	7.7	600.7
1.0	25.3	277.7	14.1	9.0	597.0
0.2	28.1	606.3	14.0	10.3	597.0
10.9	27.5	263.6	14.0	8.7	597.0
6.4	27.0	232.1	14.0	7.4	597.0
0.2	27.2	281.9	14.0	8.5	597.0
1.1	27.8	368.8	14.0	9.8	597.0
16.3	27.2	348.4	14.0	10.4	597.0
8.1	28.2	578.1	14.0	10.8	597.0
37.8	27.5	487.9	14.0	9.4	597.0
0.9	27.3	321.6	14.0	8.1	597.0
11.9	27.7	492.9	14.0	10.1	597.0
8.4	27.7	519.9	13.9	10.0	597.0
3.5	28.3	521.4	13.9	10.9	597.0
5.0	28.4	616.0	13.9	11.7	597.0
23.0	27.9	496.2	13.9	9.8	597.0
28.4	27.7	412.3	13.9	9.5	597.0
23.6	27.3	437.0	13.9	8.6	597.0
8.1	27.5	521.0	13.9	9.8	597.0
11.9	27.0	420.6	13.8	9.0	597.0
12.0	26.0	227.6	13.8	8.0	597.0
17.4	27.4	466.6	13.8	9.3	597.0
26.2	27.4	398.4	13.8	9.4	597.0
16.5	27.7	405.9	13.8	9.1	597.0
17.6	28.2	408.5	13.8	9.4	597.0
7.7	27.5	247.5	13.7	8.4	597.0
14.4	27.5	432.0	13.7	9.2	597.0
27.9	27.9	391.5	13.7	9.0	597.0
7.3	27.9	331.8	13.7	9.9	597.0
6.1	28.7	471.5	13.7	10.3	597.0
18.4	28.5	377.3	13.6	9.2	597.0
12.1	28.8	460.8	13.6	9.8	597.0
4.3	28.6	325.0	13.6	9.3	595.8
0.7	28.3	321.6	13.6	9.5	595.8
7.5	27.5	411.3	13.5	9.7	595.8
25.3	27.0	397.5	13.5	8.2	595.8
21.9	26.9	348.3	13.5	9.0	595.8
1.3	26.7	243.0	13.5	8.1	595.8
4.2	26.9	376.7	13.5	9.4	595.8
0.2	27.8	565.5	13.4	10.1	595.8
0.2	27.9	540.5	13.4	9.9	595.8
0.3	27.8	498.7	13.4	9.3	595.8
0.2	27.5	525.0	13.4	9.6	595.8
0.5	27.6	503.5	13.3	8.8	595.8
1.8	27.4	375.9	13.3	7.9	595.8
1.4	26.9	183.7	13.3	7.2	595.8
2.6	27.3	306.9	13.3	8.5	595.8
10.1	26.3	315.7	13.2	9.0	595.8
2.6	26.6	436.7	13.2	9.1	595.8
0.5	26.9	431.2	13.2	8.7	595.8
0.0	25.9	319.0	13.1	8.1	595.8
0.4	25.9	313.6	13.1	7.1	595.8
0.8	25.0	250.6	13.1	7.5	595.8
2.0	25.4	69.1	13.1	5.7	595.8
2.0	26.6	311.7	13.0	7.3	595.8
11.8	25.9	294.1	13.0	6.9	595.8
1.6	25.4	203.4	13.0	7.8	595.8
0.2	25.0	374.4	13.0	8.2	595.8
1.4	25.7	409.5	12.9	7.1	595.8
1.2	25.1	141.2	12.9	7.0	595.8
0.0	25.5	563.5	12.9	9.2	595.8
0.0	27.0	561.9	12.8	11.0	595.8
0.0	28.0	561.2	12.8	11.4	595.8
0.0	28.7	552.4	12.8	11.7	597.4
12.3	28.1	454.5	12.8	11.6	597.4
43.4	21.6	44.4	12.7	5.3	597.4
16.7	20.4	50.3	12.7	2.7	597.4
12.4	21.5	42.8	12.7	4.9	597.4
7.5	24.8	310.5	12.6	8.0	597.4
14.9	25.9	425.7	12.6	8.3	597.4
6.2	25.3	380.9	12.6	9.0	597.4
4.4	21.7	53.2	12.5	5.2	597.4
1.8	18.4	41.9	12.5	5.1	597.4
0.0	19.6	471.9	12.5	8.5	597.4
0.0	21.4	534.2	12.5	8.5	597.4
0.3	23.2	476.3	12.4	7.9	597.4
0.3	23.5	302.6	12.4	7.2	597.4
0.8	23.0	351.4	12.4	7.5	597.4
0.0	23.2	508.9	12.3	9.5	597.4
0.0	22.9	515.3	12.3	9.5	597.4
0.0	23.4	506.1	12.3	9.4	597.4
0.0	23.4	506.6	12.2	9.4	597.4
0.0	23.9	502.2	12.2	9.6	597.4
0.0	24.1	499.9	12.2	9.8	597.4
0.0	24.3	490.9	12.2	9.6	597.4
0.0	24.0	462.8	12.1	9.6	597.4
0.0	23.6	499.1	12.1	9.7	597.4
0.0	25.0	488.2	12.1	9.2	597.4
0.0	25.3	477.9	12.0	9.6	597.4
0.0	25.8	478.2	12.0	10.2	597.4
0.0	26.8	467.3	12.0	9.8	597.4
0.8	27.1	339.7	11.9	9.4	597.4
3.9	21.9	41.9	11.9	3.6	597.4
0.6	21.4	71.7	11.9	6.7	598.4
0.9	16.9	69.1	11.9	3.0	598.4
0.0	19.6	458.9	11.8	8.0	598.4
0.0	21.9	461.4	11.8	8.3	598.4
0.0	23.1	389.4	11.8	7.6	598.4
0.0	23.4	204.6	11.7	7.2	598.4
0.0	22.7	258.1	11.7	8.0	598.4
0.0	22.4	390.6	11.7	7.9	598.4
0.0	21.4	355.8	11.6	8.9	598.4
0.0	21.8	445.4	11.6	8.6	598.4
0.0	20.4	305.7	11.6	8.4	598.4
0.0	22.7	434.4	11.6	8.2	598.4
0.0	23.3	251.2	11.5	6.8	598.4
0.0	22.6	283.2	11.5	7.9	598.4
0.0	22.2	312.8	11.5	8.5	598.4
0.0	20.5	428.9	11.4	8.3	598.4
0.0	20.8	417.2	11.4	7.9	598.4
0.0	23.3	367.1	11.4	8.1	598.4
0.0	24.8	312.9	11.4	7.7	598.4
0.4	26.0	330.9	11.3	7.7	598.4
0.0	22.0	376.6	11.3	7.7	598.4
0.0	20.6	412.1	11.3	7.8	598.4
0.0	19.7	409.7	11.2	7.0	598.4
0.0	13.9	410.2	11.2	5.8	598.4
0.0	11.6	381.8	11.2	5.5	598.4
0.0	13.8	408.3	11.2	6.5	598.4
0.0	12.4	349.8	11.1	5.0	598.4
0.0	14.8	365.0	11.1	5.9	598.4
0.0	16.6	386.7	11.1	6.8	598.4
0.0	15.3	387.9	11.0	6.1	598.4
0.0	16.7	382.8	11.0	6.2	598.4
0.0	13.7	400.6	11.0	6.0	600.2
0.0	15.6	381.5	11.0	6.0	600.2
0.0	18.3	367.1	10.9	6.8	600.2
0.0	20.7	315.8	10.9	6.6	600.2
0.0	18.6	351.0	10.9	6.1	600.2
0.0	17.8	338.8	10.9	6.0	600.2
0.0	20.1	344.0	10.8	6.2	600.2
0.3	22.7	187.5	10.8	5.8	600.2
1.8	22.9	262.6	10.8	6.2	600.2
0.0	11.9	253.7	10.8	5.6	600.2
0.0	10.1	325.2	10.7	3.8	600.2
0.0	11.7	360.9	10.7	5.5	600.2
0.0	14.0	315.0	10.7	5.3	600.2
0.0	13.0	192.7	10.7	5.0	600.2
0.0	11.4	342.2	10.6	4.8	600.2
0.0	10.0	341.3	10.6	4.9	600.2
0.0	11.5	339.9	10.6	5.1	600.2
0.0	10.9	120.1	10.6	4.6	600.2
0.0	8.0	350.0	10.6	4.0	600.2
0.0	11.2	327.7	10.5	4.9	600.2
0.0	12.8	267.6	10.5	4.9	600.2
0.0	15.9	311.7	10.5	6.0	600.2
0.6	20.2	302.1	10.5	6.3	600.2
0.1	20.8	163.0	10.5	5.0	600.2
4.3	20.0	108.5	10.4	4.9	600.2
3.2	12.3	36.2	10.4	3.5	600.2
6.5	8.3	137.5	10.4	3.4	600.2
2.8	3.0	20.9	10.4	1.9	600.2
0.0	3.0	314.3	10.4	2.7	600.2
0.0	6.3	312.4	10.4	3.8	600.2
0.1	8.6	121.3	10.3	3.0	602.9
4.4	9.6	30.1	10.3	1.8	602.9
0.8	10.0	29.4	10.3	2.3	602.9
0.1	12.9	283.4	10.3	4.6	602.9
0.2	14.6	262.8	10.3	4.4	602.9
0.6	14.2	83.1	10.3	3.4	602.9
1.6	11.1	46.8	10.3	3.6	602.9
0.0	8.1	299.2	10.3	3.1	602.9
0.0	12.4	279.2	10.2	4.2	602.9
10.3	13.8	30.9	10.2	2.7	602.9
2.6	14.1	81.7	10.2	3.4	602.9
2.4	8.5	31.0	10.2	2.3	602.9
0.9	7.1	79.9	10.2	2.1	602.9
0.2	8.6	180.7	10.2	2.6	602.9
2.9	12.9	122.8	10.2	3.2	602.9
3.4	15.9	157.8	10.2	3.2	602.9
4.3	10.5	25.1	10.2	3.5	602.9
0.1	6.7	111.3	10.2	2.6	602.9
0.1	7.2	229.8	10.2	3.3	602.9
0.0	9.2	290.2	10.2	3.8	602.9
0.3	10.6	279.0	10.2	3.9	602.9
0.4	8.9	132.3	10.2	2.0	602.9
8.4	11.1	47.9	10.2	2.5	602.9
1.0	11.4	99.9	10.2	2.5	602.9
0.8	12.6	94.1	10.2	2.5	602.9
4.1	9.2	60.3	10.2	3.6	602.9
0.2	4.0	149.3	10.2	2.3	602.9
0.0	3.9	183.5	10.2	2.5	602.9
0.0	3.4	275.0	10.2	2.7	602.9
0.1	4.2	290.3	10.2	3.2	602.9
0.0	1.9	305.1	10.2	2.6	602.9
0.0	6.5	300.1	10.2	3.5	606.2
0.0	9.8	256.8	10.2	4.3	606.2
0.0	12.1	265.2	10.2	4.6	606.2
0.0	7.4	229.5	10.2	2.8	606.2
0.0	8.2	308.2	10.3	3.1	606.2
0.0	11.6	288.7	10.3	4.7	606.2
0.5	8.7	281.8	10.3	5.6	606.2
0.0	-1.4	312.3	10.3	1.6	606.2
0.0	2.2	318.1	10.3	2.8	606.2
0.0	2.8	321.8	10.3	3.5	606.2
0.0	4.1	322.4	10.3	3.7	606.2
0.0	6.2	241.6	10.3	4.3	606.2
0.0	8.5	322.1	10.4	4.8	606.2
0.0	10.6	206.3	10.4	4.6	606.2
0.0	6.9	248.8	10.4	4.1	606.2
0.0	5.4	335.1	10.4	3.7	606.2
0.0	8.5	328.7	10.4	4.6	606.2
0.0	6.6	291.9	10.4	4.1	606.2
0.0	9.5	337.0	10.5	5.0	606.2
6.3	7.4	291.7	10.5	5.5	606.2
5.0	5.0	319.9	10.5	2.9	606.2
19.4	1.3	26.1	10.5	2.0	606.2
0.0	-0.0	348.2	10.5	2.2	606.2
0.0	-0.5	340.8	10.6	2.4	606.2
0.0	2.4	352.1	10.6	3.2	606.2
0.0	5.3	346.1	10.6	4.1	606.2
0.0	5.4	352.7	10.6	3.8	606.2
0.0	8.0	353.6	10.6	4.8	606.2
0.0	10.4	354.1	10.7	5.6	606.2
0.0	12.6	334.8	10.7	6.0	606.2
0.6	12.1	316.1	10.7	4.8	606.2
10.4	14.3	118.2	10.7	5.2	607.9
16.2	9.3	14.5	10.8	2.9	607.9
14.2	5.7	15.7	10.8	2.5	607.9
8.1	4.2	25.6	10.8	1.9	607.9
5.5	1.7	46.2	10.8	1.8	607.9
0.0	3.4	371.5	10.9	3.3	607.9
0.0	3.9	91.3	10.9	2.3	607.9
0.0	4.0	335.7	10.9	3.7	607.9
0.0	6.1	367.7	10.9	3.8	607.9
4.2	13.2	281.4	11.0	5.1	607.9
0.5	4.9	187.6	11.0	3.8	607.9
1.6	3.1	317.4	11.0	2.9	607.9
0.2	3.1	165.3	11.1	2.2	607.9
0.1	5.2	288.3	11.1	2.8	607.9
16.5	5.6	187.7	11.1	3.1	607.9
2.4	4.0	57.6	11.1	1.8	607.9
1.3	5.1	100.5	11.2	2.3	607.9
0.5	4.7	252.9	11.2	3.4	607.9
0.0	6.3	414.7	11.2	3.9	607.9
9.4	9.1	290.1	11.2	4.1	607.9
2.5	9.6	45.3	11.3	3.2	607.9
0.0	9.0	429.7	11.3	4.9	607.9
0.0	7.7	418.0	11.3	4.1	607.9
0.0	7.8	377.3	11.4	3.7	607.9
0.3	8.2	234.7	11.4	4.7	607.9
0.0	9.8	435.6	11.4	5.9	607.9
0.0	8.5	210.2	11.5	4.3	607.9
0.0	7.6	414.2	11.5	4.6	607.9
0.0	7.1	442.6	11.5	4.6	608.6
0.0	6.1	453.2	11.5	4.1	608.6
0.0	7.7	320.9	11.6	4.2	608.6
0.0	8.4	256.4	11.6	5.0	608.6
0.0	9.7	466.8	11.6	6.2	608.6
3.2	11.3	267.7	11.7	5.8	608.6
3.2	8.5	38.4	11.7	2.6	608.6
0.1	8.8	116.7	11.7	3.1	608.6
7.7	8.6	111.5	11.8	3.7	608.6
0.7	8.3	222.6	11.8	4.6	608.6
0.0	11.7	404.4	11.8	6.6	608.6
0.1	15.8	464.9	11.8	7.9	608.6
11.3	17.3	278.7	11.9	7.7	608.6
0.0	14.1	403.7	11.9	8.1	608.6
0.6	9.4	159.7	11.9	3.7	608.6
0.0	14.1	493.6	12.0	7.4	608.6
0.0	14.6	495.2	12.0	9.3	608.6
0.0	12.7	508.5	12.0	6.8	608.6
25.9	17.3	345.0	12.1	8.6	608.6
4.1	12.0	144.1	12.1	8.7	608.6
0.0	11.0	524.5	12.1	6.1	608.6
2.0	17.8	260.9	12.2	8.4	608.6
2.1	18.4	137.8	12.2	7.1	608.6
0.0	15.2	519.9	12.2	7.6	608.6
0.0	17.1	374.2	12.2	6.4	608.6
24.0	21.6	206.4	12.3	7.8	608.6
22.2	15.3	48.9	12.3	6.8	608.6
3.7	13.1	156.5	12.3	4.6	608.6
8.4	16.3	122.2	12.4	8.7	608.6
8.2	7.2	69.8	12.4	4.9	608.6
0.0	4.7	303.4	12.4	3.9	608.6
0.0	5.7	326.5	12.5	4.5	609.2
0.0	9.7	551.9	12.5	6.5	609.2
0.0	12.4	554.1	12.5	7.6	609.2
0.2	13.0	407.7	12.6	7.5	609.2
0.0	10.8	569.9	12.6	7.2	609.2
0.0	17.7	559.6	12.6	9.7	609.2
0.0	22.5	570.2	12.6	9.4	609.2
2.6	24.2	554.2	12.7	8.6	609.2
0.0	19.8	376.0	12.7	10.9	609.2
0.0	19.8	569.1	12.7	9.2	609.2
10.6	20.6	301.8	12.8	8.6	609.2
6.8	20.4	116.8	12.8	4.0	609.2
41.8	21.0	172.4	12.8	8.0	609.2
60.8	16.7	78.7	12.8	8.3	609.2
0.6	10.8	86.9	12.9	4.1	609.2
55.9	12.5	85.0	12.9	4.2	609.2
12.0	10.4	64.0	12.9	4.2	609.2
0.1	12.0	404.1	13.0	5.4	609.2
0.0	14.4	554.8	13.0	6.7	609.2
0.6	12.1	182.0	13.0	5.9	609.2
0.0	14.0	527.8	13.0	7.4	609.2
0.0	17.0	581.2	13.1	9.0	609.2
0.0	18.7	503.5	13.1	8.4	609.2
0.0	19.3	602.5	13.1	10.0	609.2
0.0	21.4	600.4	13.2	10.9	609.2
0.0	21.8	595.2	13.2	11.4	609.2
1.0	23.6	397.0	13.2	9.8	609.2
24.0	21.7	150.8	13.2	6.8	609.2
0.4	22.3	197.7	13.3	8.4	609.2
0.1	22.2	586.0	13.3	11.2	609.2
0.8	23.7	585.7	13.3	9.9	610.1
18.2	22.3	135.3	13.3	6.2	610.1
4.2	24.4	238.5	13.4	8.2	610.1
2.6	21.1	254.1	13.4	13.2	610.1
0.1	12.7	280.2	13.4	5.3	610.1
0.0	16.2	637.8	13.4	8.1	610.1
0.1	23.1	585.9	13.5	11.6	610.1
12.6	20.7	131.4	13.5	9.9	610.1
0.0	18.8	623.9	13.5	10.4	610.1
0.0	20.8	603.9	13.5	9.1	610.1
80.7	22.7	130.1	13.6	7.3	610.1
2.5	21.2	89.7	13.6	10.2	610.1
0.0	14.8	522.1	13.6	7.4	610.1
0.0	19.0	631.1	13.6	9.6	610.1
0.0	21.8	539.6	13.6	10.4	610.1
0.8	22.0	329.7	13.7	8.7	610.1
2.4	20.3	108.9	13.7	6.0	610.1
0.2	23.4	616.5	13.7	11.1	610.1
0.9	24.9	540.3	13.7	11.4	610.1
0.0	23.2	212.3	13.8	9.4	610.1
0.1	22.0	632.5	13.8	11.6	610.1
0.0	20.4	660.2	13.8	11.1	610.1
0.0	23.8	523.7	13.8	11.8	610.1
39.5	24.7	317.1	13.8	11.5	610.1
30.7	22.2	62.1	13.8	6.1	610.1
0.8	20.9	305.6	13.9	7.1	610.1
0.0	22.2	576.7	13.9	11.2	610.1
0.0	22.3	601.8	13.9	10.4	610.1
6.6	21.9	178.0	13.9	8.7	610.1
0.2	20.9	540.0	13.9	9.7	610.1
0.0	24.8	468.1	13.9	11.3	610.1
32.1	23.5	189.5	13.9	9.4	608.7
0.9	20.3	103.1	14.0	7.0	608.7
0.0	22.4	534.6	14.0	9.2	608.7
0.0	23.3	530.5	14.0	10.4	608.7
22.1	21.6	116.2	14.0	5.7	608.7
45.2	18.9	32.8	14.0	6.7	608.7
0.3	19.0	190.7	14.0	6.5	608.7
0.1	19.9	390.8	14.0	10.6	608.7
0.2	22.0	555.9	14.0	11.6	608.7
0.1	23.6	614.8	14.0	12.3	608.7
0.0	23.0	386.1	14.0	11.1	608.7
0.0	24.8	638.5	14.1	11.3	608.7
0.0	25.3	552.2	14.1	9.9	608.7
0.0	25.0	588.8	14.1	11.8	608.7
0.1	24.9	591.1	14.1	12.3	608.7
0.0	26.3	658.7	14.1	12.7	608.7
0.0	28.3	613.7	14.1	12.0	608.7
5.1	27.7	342.7	14.1	10.4	608.7
18.7	24.7	38.4	14.1	4.3	608.7
1.6	25.0	71.6	14.1	6.1	608.7
18.8	27.1	444.5	14.1	10.8	608.7
8.7	26.2	141.1	14.1	7.8	608.7
31.1	25.7	82.0	14.1	4.9	608.7
2.3	26.2	167.9	14.1	8.5	608.7
5.9	26.5	340.2	14.1	10.0	608.7
6.0	26.3	362.6	14.1	8.8	608.7
19.4	26.4	359.9	14.1	8.8	608.7
16.9	26.0	191.2	14.1	7.4	608.7
24.5	26.8	208.7	14.1	8.8	608.7
0.0	28.6	615.1	14.1	10.8	608.7
1.3	29.1	642.6	14.1	11.3	605.0
0.0	29.0	650.7	14.0	12.5	605.0
0.0	29.4	657.2	14.0	11.1	605.0
0.1	30.7	636.2	14.0	11.4	605.0
0.0	31.1	635.4	14.0	11.5	605.0
3.2	30.5	630.8	14.0	12.8	605.0
0.0	30.7	635.9	14.0	11.3	605.0
0.0	31.4	632.2	14.0	12.2	605.0
0.0	31.5	641.3	14.0	12.7	605.0
0.0	31.5	641.5	14.0	13.1	605.0
0.0	31.0	639.0	14.0	13.0	605.0
0.0	30.8	635.4	14.0	13.0	605.0
0.0	31.6	605.9	13.9	12.2	605.0
0.0	32.0	631.5	13.9	12.4	605.0
0.1	32.0	591.6	13.9	12.2	605.0
0.6	31.0	423.4	13.9	11.6	605.0
8.8	30.0	455.4	13.9	10.8	605.0
18.9	29.1	496.9	13.9	9.4	605.0
16.3	27.4	257.0	13.8	9.0	605.0
8.3	26.7	507.6	13.8	9.9	605.0
7.8	25.9	540.6	13.8	9.2	605.0
21.5	25.0	187.7	13.8	6.2	605.0
15.6	26.2	412.9	13.8	9.0	605.0
9.4	27.4	551.9	13.8	10.3	605.0
2.5	28.4	538.0	13.7	10.4	605.0
2.3	28.8	485.7	13.7	10.7	605.0
8.5	28.3	572.2	13.7	11.3	605.0
4.2	28.9	589.7	13.7	11.7	605.0
2.4	29.4	555.5	13.7	11.2	605.0
1.5	29.8	599.6	13.6	11.4	605.0
7.1	29.1	599.2	13.6	11.7	605.0
8.5	28.4	571.5	13.6	10.7	603.8
0.1	28.2	584.9	13.6	11.0	603.8
1.0	27.4	472.9	13.6	9.0	603.8
2.3	27.2	425.4	13.5	9.6	603.8
2.3	25.9	75.5	13.5	5.8	603.8
10.7	26.5	304.0	13.5	7.3	603.8
1.8	26.1	232.0	13.5	7.7	603.8
0.1	25.2	330.1	13.4	8.8	603.8
0.2	25.5	530.3	13.4	10.6	603.8
0.0	25.3	579.7	13.4	9.8	603.8
0.0	26.6	593.5	13.4	10.5	603.8
0.4	27.5	555.6	13.3	10.3	603.8
9.2	24.6	105.3	13.3	7.3	603.8
8.2	23.1	40.3	13.3	2.9	603.8
0.9	24.1	132.8	13.3	6.2	603.8
0.1	27.0	491.7	13.2	9.6	603.8
1.1	27.8	551.5	13.2	9.4	603.8
0.2	28.4	573.7	13.2	9.9	603.8
0.3	28.9	584.2	13.2	10.9	603.8
0.1	29.6	580.2	13.1	11.4	603.8
0.0	31.1	564.9	13.1	11.6	603.8
1.0	31.4	557.7	13.1	12.2	603.8
10.7	28.5	495.1	13.0	11.8	603.8
0.0	25.3	559.7	13.0	9.9	603.8
0.0	24.5	525.3	13.0	10.1	603.8
0.1	25.0	555.2	13.0	10.2	603.8
0.5	25.4	280.6	12.9	8.4	603.8
0.0	26.1	521.6	12.9	10.4	603.8
0.0	25.3	513.5	12.9	9.6	603.8
0.0	24.4	493.2	12.8	10.5	603.8
0.0	25.0	564.8	12.8	11.3	603.8
0.0	24.9	567.4	12.8	11.5	605.6
0.0	24.7	570.6	12.8	11.6	605.6
0.0	25.5	561.2	12.7	11.4	605.6
0.0	26.8	535.4	12.7	11.3	605.6
0.0	26.5	464.8	12.7	11.6	605.6
0.0	26.7	523.3	12.6	10.8	605.6
0.0	26.7	537.6	12.6	10.4	605.6
0.4	27.1	523.3	12.6	9.6	605.6
7.1	26.3	440.3	12.6	9.7	605.6
0.4	25.7	211.5	12.5	8.5	605.6
0.4	27.3	501.3	12.5	9.5	605.6
0.5	27.9	445.1	12.5	9.2	605.6
0.2	25.7	472.7	12.4	9.3	605.6
0.0	25.0	492.3	12.4	9.7	605.6
0.0	25.7	513.1	12.4	10.0	605.6
0.0	26.9	459.9	12.3	10.3	605.6
0.0	27.6	369.5	12.3	10.1	605.6
0.0	26.7	507.5	12.3	10.9	605.6
0.0	27.1	509.4	12.3	10.4	605.6
0.0	28.4	489.8	12.2	10.2	605.6
2.3	29.5	375.5	12.2	9.7	605.6
0.0	25.6	296.5	12.2	9.0	605.6
0.0	25.0	412.7	12.1	9.4	605.6
0.0	24.2	497.3	12.1	9.4	605.6
0.0	22.9	499.6	12.1	9.5	605.6
0.0	23.4	494.5	12.0	10.1	605.6
0.0	24.6	485.1	12.0	9.4	605.6
0.0	24.2	465.5	12.0	9.0	605.6
0.0	22.6	477.9	12.0	8.7	605.6
0.0	20.8	474.4	11.9	8.5	605.6
0.0	21.2	485.0	11.9	8.9	606.6
0.0	21.8	475.7	11.9	8.2	606.6
0.0	21.8	464.8	11.8	8.3	606.6
0.0	21.7	458.9	11.8	8.3	606.6
0.0	20.7	398.8	11.8	8.4	606.6
0.0	22.2	460.2	11.7	9.1	606.6
0.0	22.6	456.2	11.7	9.5	606.6
0.0	23.2	422.3	11.7	8.6	606.6
0.0	24.0	440.0	11.7	8.3	606.6
0.0	18.7	454.3	11.6	8.1	606.6
0.0	17.1	460.1	11.6	7.5	606.6
0.0	18.4	456.3	11.6	8.6	606.6
0.0	19.6	452.0	11.5	8.5	606.6
0.0	20.7	439.9	11.5	8.5	606.6
0.0	21.4	434.3	11.5	8.4	606.6
0.0	22.4	423.6	11.4	8.4	606.6
0.0	23.0	414.6	11.4	8.3	606.6
0.0	22.7	405.1	11.4	7.6	606.6
0.0	23.8	391.5	11.4	7.9	606.6
0.0	23.7	398.7	11.3	8.1	606.6
0.0	24.1	397.1	11.3	8.9	606.6
0.0	17.8	400.1	11.3	6.9	606.6
0.0	19.3	333.3	11.2	7.0	606.6
0.0	20.8	324.1	11.2	7.3	606.6
0.0	19.8	418.6	11.2	8.1	606.6
0.0	18.8	410.1	11.2	7.8	606.6
0.0	19.5	403.8	11.1	8.0	606.6
0.0	19.9	392.6	11.1	7.5	606.6
0.0	17.9	384.7	11.1	5.9	606.6
0.0	17.3	339.6	11.0	6.2	606.6
0.0	18.2	382.6	11.0	6.6	606.6
0.0	19.1	363.3	11.0	6.8	608.4
0.0	19.2	383.8	11.0	7.4	608.4
0.0	19.7	380.6	10.9	7.9	608.4
0.0	19.6	376.6	10.9	7.8	608.4
0.0	20.0	372.3	10.9	7.4	608.4
0.0	20.8	340.9	10.9	7.0	608.4
0.0	21.1	353.5	10.8	6.9	608.4
0.0	20.4	354.8	10.8	7.0	608.4
0.0	19.2	358.7	10.8	6.8	608.4
0.0	19.9	349.2	10.8	6.4	608.4
1.1	15.1	77.9	10.7	4.5	608.4
0.0	11.2	317.2	10.7	4.5	608.4
0.0	10.5	357.0	10.7	4.5	608.4
0.0	13.8	305.0	10.7	5.4	608.4
0.0	18.2	331.7	10.6	6.4	608.4
0.5	21.0	223.9	10.6	5.7	608.4
2.0	20.7	282.4	10.6	6.3	608.4
3.4	10.8	33.7	10.6	3.5	608.4
0.7	10.3	142.6	10.6	2.7	608.4
0.0	14.4	264.6	10.5	4.3	608.4
0.0	15.3	318.3	10.5	5.2	608.4
0.0	17.0	280.3	10.5	5.4	608.4
0.0	16.8	172.2	10.5	4.9	608.4
0.0	17.6	308.9	10.5	5.6	608.4
0.0	16.6	308.0	10.4	6.2	608.4
0.0	6.5	332.1	10.4	3.5	608.4
0.0	7.4	333.5	10.4	4.1	608.4
0.0	10.8	320.8	10.4	5.1	608.4
0.0	12.7	149.3	10.4	4.2	608.4
0.0	15.1	302.4	10.4	4.7	608.4
0.0	16.9	297.6	10.3	5.0	611.1
0.0	19.0	287.5	10.3	5.5	611.1
0.0	20.1	271.8	10.3	5.0	611.1
5.7	21.0	115.9	10.3	4.0	611.1
11.8	20.7	52.1	10.3	2.8	611.1
7.4	19.6	23.4	10.3	2.5	611.1
1.6	16.2	58.6	10.3	3.2	611.1
18.5	13.8	29.2	10.3	1.5	611.1
20.5	15.2	23.1	10.2	3.2	611.1
13.9	12.2	70.2	10.2	1.7	611.1
21.0	12.2	26.1	10.2	1.7	611.1
1.1	9.8	68.7	10.2	2.4	611.1
3.5	10.7	132.7	10.2	2.8	611.1
2.7	8.3	19.2	10.2	2.7	611.1
0.0	4.0	120.1	10.2	2.4	611.1
0.0	2.4	267.4	10.2	2.4	611.1
0.0	1.8	293.6	10.2	2.4	611.1
0.3	4.6	239.6	10.2	2.9	611.1
10.1	5.1	22.5	10.2	1.7	611.1
1.8	3.6	39.7	10.2	1.9	611.1
0.0	2.5	290.5	10.2	2.5	611.1
0.0	2.9	298.9	10.2	2.6	611.1
0.0	5.8	296.8	10.2	3.2	611.1
0.0	4.1	295.1	10.2	2.9	611.1
0.0	5.6	294.9	10.2	3.6	611.1
0.1	8.5	258.5	10.2	4.4	611.1
0.0	10.7	249.4	10.2	4.6	611.1
0.3	1.7	65.9	10.2	2.2	611.1
0.0	1.0	230.4	10.2	2.0	611.1
0.0	2.3	133.6	10.2	2.5	611.1
1.6	-0.5	63.5	10.2	1.2	611.1
4.4	0.6	67.5	10.2	1.3	614.4
10.4	1.5	19.6	10.2	0.9	614.4
0.0	1.7	306.8	10.2	2.5	614.4
0.0	2.5	306.6	10.2	3.0	614.4
0.0	4.7	302.9	10.3	3.7	614.4
0.0	4.5	271.6	10.3	3.7	614.4
0.0	4.9	279.1	10.3	3.5	614.4
0.0	6.6	308.9	10.3	4.2	614.4
0.0	8.9	298.8	10.3	4.7	614.4
0.0	9.4	303.1	10.3	4.6	614.4
0.0	13.5	208.1	10.3	4.7	614.4
0.0	14.8	297.8	10.3	5.6	614.4
0.0	9.7	313.2	10.4	3.9	614.4
0.0	9.3	317.1	10.4	4.4	614.4
0.0	13.8	305.2	10.4	5.4	614.4
0.0	8.8	127.7	10.4	3.9	614.4
3.3	4.8	143.9	10.4	2.1	614.4
0.2	7.0	233.1	10.4	3.5	614.4
0.5	9.1	118.9	10.5	3.2	614.4
5.3	12.0	150.7	10.5	3.6	614.4
29.8	11.1	24.6	10.5	3.3	614.4
12.7	4.0	49.3	10.5	2.9	614.4
0.7	1.1	130.5	10.5	2.9	614.4
0.0	-3.2	349.6	10.6	1.6	614.4
0.0	-1.9	350.8	10.6	2.2	614.4
0.0	0.3	350.8	10.6	2.9	614.4
0.2	4.8	217.4	10.6	3.3	614.4
7.1	4.7	46.8	10.6	2.4	614.4
0.6	5.1	215.4	10.7	3.9	614.4
0.2	6.6	260.2	10.7	4.7	614.4
0.1	10.3	313.0	10.7	5.3	614.4
0.0	10.0	361.0	10.7	3.6	616.1
0.0	14.3	358.0	10.8	5.2	616.1
0.0	14.6	362.9	10.8	7.0	616.1
0.0	5.1	369.1	10.8	3.9	616.1
0.0	8.0	371.7	10.8	4.6	616.1
0.1	13.7	166.3	10.9	6.2	616.1
22.1	8.4	29.1	10.9	3.9	616.1
47.7	4.4	29.4	10.9	1.9	616.1
15.7	1.7	28.7	10.9	1.4	616.1
0.3	3.6	150.4	11.0	2.4	616.1
0.2	5.3	221.2	11.0	3.3	616.1
10.8	5.0	32.4	11.0	1.1	616.1
14.8	6.1	14.5	11.0	2.1	616.1
1.9	4.9	41.6	11.1	2.0	616.1
8.8	5.3	162.4	11.1	2.5	616.1
19.5	4.1	36.0	11.1	1.3	616.1
6.0	6.0	50.3	11.2	1.9	616.1
10.0	6.0	42.7	11.2	2.6	616.1
0.3	3.9	180.0	11.2	3.7	616.1
0.1	6.8	308.9	11.2	4.7	616.1
0.0	2.7	350.8	11.3	3.8	616.1
0.0	5.1	378.0	11.3	4.5	616.1
11.3	9.4	150.0	11.3	4.1	616.1
3.9	4.2	37.5	11.4	3.7	616.1
17.7	2.2	64.5	11.4	1.6	616.1
0.3	5.8	77.9	11.4	2.8	616.1
7.4	12.5	206.7	11.4	4.9	616.1
23.1	8.7	35.7	11.5	5.1	616.1
0.2	5.0	229.5	11.5	4.0	616.1
0.4	9.2	325.5	11.5	5.2	616.9
4.1	7.5	46.8	11.6	3.7	616.9
0.8	9.5	365.7	11.6	5.2	616.9
0.1	10.3	211.1	11.6	4.8	616.9
0.2	11.4	405.6	11.7	6.3	616.9
0.0	13.5	452.7	11.7	6.8	616.9
0.0	15.7	468.0	11.7	7.6	616.9
0.1	17.8	469.7	11.7	8.5	616.9
0.4	22.1	272.7	11.8	9.5	616.9
9.1	11.1	137.7	11.8	10.0	616.9
0.1	8.9	423.6	11.8	5.3	616.9
0.0	12.8	482.6	11.9	7.2	616.9
23.8	16.9	465.6	11.9	7.5	616.9
51.4	16.4	54.2	11.9	3.9	616.9
1.3	19.4	115.2	12.0	5.7	616.9
1.6	21.7	452.6	12.0	7.5	616.9
8.7	20.0	125.8	12.0	7.0	616.9
37.9	15.7	111.4	12.1	3.4	616.9
27.7	12.0	32.7	12.1	5.5	616.9
13.7	11.7	36.1	12.1	4.0	616.9
5.2	8.6	76.6	12.1	4.0	616.9
0.9	8.8	244.0	12.2	4.4	616.9
0.0	10.9	521.3	12.2	7.1	616.9
0.0	4.7	398.4	12.2	4.2	616.9
0.0	2.7	270.9	12.3	2.9	616.9
2.7	4.5	343.7	12.3	4.1	616.9
0.3	6.5	316.1	12.3	5.3	616.9
0.0	9.7	313.2	12.4	5.7	616.9
0.0	12.0	240.0	12.4	6.3	616.9
0.0	11.3	331.0	12.4	6.1	616.9
0.1	10.0	198.2	12.5	3.7	616.9
0.1	12.8	378.2	12.5	7.9	617.5
0.0	9.3	562.1	12.5	5.9	617.5
0.0	13.1	576.6	12.5	7.9	617.5
0.0	16.0	567.7	12.6	8.8	617.5
0.0	17.2	507.6	12.6	9.8	617.5
0.0	15.6	350.8	12.6	7.3	617.5
0.0	14.6	317.0	12.7	7.4	617.5
0.0	14.0	259.9	12.7	7.2	617.5
0.0	13.3	575.6	12.7	8.6	617.5
0.0	17.3	578.4	12.8	10.4	617.5
0.0	15.8	573.3	12.8	8.6	617.5
0.0	18.7	552.9	12.8	10.1	617.5
18.5	17.8	373.6	12.8	9.2	617.5
0.1	13.9	337.0	12.9	8.7	617.5
9.8	10.7	247.3	12.9	5.0	617.5
1.0	10.8	47.4	12.9	3.5	617.5
0.5	13.2	289.8	13.0	6.9	617.5
0.0	17.6	583.9	13.0	9.6	617.5
0.0	19.1	523.2	13.0	9.5	617.5
0.0	21.1	580.3	13.0	8.8	617.5
7.1	19.3	173.2	13.1	6.3	617.5
0.5	21.9	457.3	13.1	9.3	617.5
3.7	20.2	174.1	13.1	6.8	617.5
15.6	23.0	373.7	13.2	9.3	617.5
1.2	19.1	60.8	13.2	6.5	617.5
0.0	24.2	429.8	13.2	10.7	617.5
2.5	23.6	282.5	13.2	11.2	617.5
10.8	15.2	60.6	13.3	7.2	617.5
1.4	14.6	121.4	13.3	4.5	617.5
16.7	15.1	74.5	13.3	4.0	617.5
0.3	15.3	146.7	13.3	5.2	618.3
1.2	19.1	311.9	13.4	8.1	618.3
0.6	23.2	449.1	13.4	10.2	618.3
19.9	24.6	467.6	13.4	9.7	618.3
1.0	25.6	435.8	13.4	9.9	618.3
0.0	26.9	585.4	13.5	7.8	618.3
2.0	27.9	580.8	13.5	10.7	618.3
26.7	26.0	436.8	13.5	10.0	618.3
15.5	25.7	389.2	13.5	9.2	618.3
5.9	26.1	516.6	13.6	10.1	618.3
0.0	27.1	521.6	13.6	11.5	618.3
6.7	27.1	586.0	13.6	11.1	618.3
17.4	25.2	324.2	13.6	10.2	618.3
5.9	20.8	126.1	13.6	7.0	618.3
0.8	21.6	150.8	13.7	7.7	618.3
3.8	26.4	447.0	13.7	10.4	618.3
6.7	25.3	342.0	13.7	11.2	618.3
16.9	19.7	82.2	13.7	6.6	618.3
28.7	19.8	64.2	13.7	4.7	618.3
8.3	21.1	89.4	13.8	5.0	618.3
1.6	21.0	81.8	13.8	5.0	618.3
0.8	23.4	261.6	13.8	8.7	618.3
0.2	25.3	484.7	13.8	10.6	618.3
0.1	26.2	552.0	13.8	10.6	618.3
8.7	25.8	562.9	13.9	10.6	618.3
7.9	25.5	562.4	13.9	8.8	618.3
12.3	27.1	424.7	13.9	9.0	618.3
17.9	26.2	122.2	13.9	7.1	618.3
43.5	25.5	70.3	13.9	4.9	618.3
10.8	20.2	64.0	13.9	10.0	618.3
0.0	19.5	423.1	13.9	9.3	618.3
0.1	23.0	633.9	14.0	10.6	616.9
0.0	24.4	631.4	14.0	12.4	616.9
13.1	24.1	471.7	14.0	11.3	616.9
48.2	22.1	52.5	14.0	7.3	616.9
0.4	22.5	508.8	14.0	9.7	616.9
0.3	24.1	573.2	14.0	11.5	616.9
0.2	24.3	402.7	14.0	10.5	616.9
0.2	25.6	499.9	14.0	12.0	616.9
0.6	26.7	590.5	14.0	11.4	616.9
7.5	26.2	529.0	14.0	9.7	616.9
31.1	24.6	68.3	14.1	5.2	616.9
4.0	24.8	145.8	14.1	5.7	616.9
13.8	24.7	333.6	14.1	10.7	616.9
27.5	19.9	37.2	14.1	5.0	616.9
0.9	21.3	310.8	14.1	9.1	616.9
2.1	24.2	622.2	14.1	11.4	616.9
0.0	26.5	627.2	14.1	11.7	616.9
2.1	27.5	611.3	14.1	12.2	616.9
7.8	27.6	570.8	14.1	10.5	616.9
4.7	27.1	361.4	14.1	11.4	616.9
5.5	26.2	512.6	14.1	9.9	616.9
0.5	27.1	557.3	14.1	10.5	616.9
0.2	28.2	503.2	14.1	10.5	616.9
19.3	26.3	227.6	14.1	9.1	616.9
6.2	25.3	155.5	14.1	7.0	616.9
13.6	26.6	341.4	14.1	7.6	616.9
0.2	28.7	548.2	14.1	10.2	616.9
0.3	29.3	449.0	14.1	11.1	616.9
1.3	29.9	628.7	14.1	11.7	616.9
6.5	29.2	537.6	14.1	10.7	616.9
10.4	28.7	458.5	14.1	10.1	613.2
0.1	28.6	247.7	14.0	10.4	613.2
0.4	29.4	559.1	14.0	10.8	613.2
13.9	28.6	470.0	14.0	12.0	613.2
15.0	28.4	428.6	14.0	10.5	613.2
16.2	27.8	420.0	14.0	8.7	613.2
21.8	27.5	365.3	14.0	9.0	613.2
21.4	27.4	506.6	14.0	9.3	613.2
4.2	27.8	566.8	14.0	10.3	613.2
0.0	28.7	632.9	14.0	10.7	613.2
0.0	29.1	639.6	14.0	11.1	613.2
0.1	29.5	602.6	13.9	11.3	613.2
0.2	29.8	611.8	13.9	11.1	613.2
1.4	29.1	559.3	13.9	11.0	613.2
12.0	27.4	465.6	13.9	9.8	613.2
10.9	27.9	505.6	13.9	9.8	613.2
15.9	27.9	414.0	13.9	8.8	613.2
18.0	27.5	296.8	13.9	8.7	613.2
19.2	26.9	344.0	13.8	9.3	613.2
20.0	26.9	273.8	13.8	8.6	613.2
13.5	27.4	343.9	13.8	8.9	613.2
14.7	28.2	382.1	13.8	9.2	613.2
6.8	29.2	569.2	13.8	11.0	613.2
6.4	29.7	581.0	13.7	11.3	613.2
7.9	29.6	568.9	13.7	10.5	613.2
6.8	29.3	489.2	13.7	10.0	613.2
3.5	29.8	548.9	13.7	10.6	613.2
8.2	29.2	447.8	13.7	9.4	613.2
12.4	28.7	351.1	13.6	9.3	613.2
10.6	28.5	358.6	13.6	9.6	613.2
5.3	28.6	520.0	13.6	9.8	613.2
8.4	28.7	541.1	13.6	10.6	612.1
7.1	28.6	599.3	13.6	10.6	612.1
10.4	28.0	560.5	13.5	10.6	612.1
7.6	27.8	559.8	13.5	10.1	612.1
2.6	27.7	512.1	13.5	10.3	612.1
0.2	27.7	593.2	13.5	10.4	612.1
0.4	27.6	556.3	13.4	9.6	612.1
2.3	27.9	551.0	13.4	10.1	612.1
0.9	28.3	513.8	13.4	9.5	612.1
0.7	29.5	528.5	13.4	9.8	612.1
0.2	30.2	561.7	13.3	10.4	612.1
0.0	29.8	586.4	13.3	10.5	612.1
0.0	29.8	584.9	13.3	10.4	612.1
0.0	30.4	553.8	13.3	10.4	612.1
0.0	30.7	488.9	13.2	10.1	612.1
9.2	28.1	403.4	13.2	12.0	612.1
0.0	25.2	478.7	13.2	8.2	612.1
0.8	26.1	213.3	13.2	7.2	612.1
0.0	25.7	265.2	13.1	7.5	612.1
0.2	26.9	309.5	13.1	7.9	612.1
19.6	26.7	479.5	13.1	9.0	612.1
25.2	26.6	451.1	13.1	8.1	612.1
17.0	26.4	380.6	13.0	8.1	612.1
11.4	26.9	472.5	13.0	8.1	612.1
1.3	26.6	237.7	13.0	6.6	612.1
1.8	26.4	233.0	12.9	6.7	612.1
1.4	26.2	281.8	12.9	7.3	612.1
15.9	26.3	464.7	12.9	8.8	612.1
5.2	25.3	343.1	12.9	7.6	612.1
0.0	24.2	346.6	12.8	7.2	612.1
0.0	23.3	414.2	12.8	9.0	612.1
0.1	25.1	543.3	12.8	9.2	613.9
0.2	26.5	453.4	12.7	8.8	613.9
0.0	26.2	414.1	12.7	10.6	613.9
0.0	26.2	554.5	12.7	10.5	613.9
0.2	27.3	507.8	12.7	10.0	613.9
0.1	28.0	513.9	12.6	9.6	613.9
0.0	28.2	503.9	12.6	9.9	613.9
0.0	28.0	531.6	12.6	10.3	613.9
0.0	26.4	529.9	12.5	10.5	613.9
0.0	26.7	515.1	12.5	9.4	613.9
0.1	27.0	294.3	12.5	8.0	613.9
0.2	27.9	444.9	12.4	8.8	613.9
14.6	26.3	164.3	12.4	7.2	613.9
36.7	24.1	48.1	12.4	4.5	613.9
8.7	23.7	55.9	12.4	3.3	613.9
2.4	24.0	124.2	12.3	5.5	613.9
0.7	24.6	282.7	12.3	6.4	613.9
0.4	25.3	374.2	12.3	7.4	613.9
0.1	26.4	444.4	12.2	7.9	613.9
16.8	25.8	336.4	12.2	7.3	613.9
21.8	26.1	321.9	12.2	7.2	613.9
2.7	24.7	140.3	12.1	8.2	613.9
0.0	21.9	406.7	12.1	6.8	613.9
0.0	21.2	288.4	12.1	7.3	613.9
0.0	21.2	492.5	12.1	8.7	613.9
0.0	21.2	496.9	12.0	8.0	613.9
0.1	22.6	467.8	12.0	8.9	613.9
0.0	22.2	464.8	12.0	8.2	613.9
0.0	22.3	424.7	11.9	8.4	613.9
0.0	23.2	466.5	11.9	8.5	613.9
0.0	23.4	462.7	11.9	9.0	615.0
0.0	22.5	472.2	11.8	9.3	615.0
0.0	22.4	474.3	11.8	9.2	615.0
0.0	24.3	456.5	11.8	9.4	615.0
0.0	22.0	458.9	11.8	8.4	615.0
0.0	22.1	452.5	11.7	8.0	615.0
0.0	23.2	331.8	11.7	8.1	615.0
0.3	23.8	430.8	11.7	7.6	615.0
0.1	24.1	339.6	11.6	8.4	615.0
0.0	22.8	346.0	11.6	8.1	615.0
0.0	23.5	436.9	11.6	8.3	615.0
0.0	22.3	421.9	11.5	8.0	615.0
0.0	20.6	428.9	11.5	7.3	615.0
0.0	20.2	422.0	11.5	7.1	615.0
0.0	19.6	302.8	11.5	6.8	615.0
0.0	15.1	429.3	11.4	5.4	615.0
0.0	15.8	421.6	11.4	6.3	615.0
0.0	17.3	413.3	11.4	7.1	615.0
0.0	18.4	411.2	11.3	7.6	615.0
0.0	18.9	408.5	11.3	7.3	615.0
0.0	18.2	421.2	11.3	7.4	615.0
0.0	18.5	412.3	11.3	7.5	615.0
0.0	20.1	404.1	11.2	7.4	615.0
0.0	21.4	385.8	11.2	7.2	615.0
0.4	22.5	290.9	11.2	6.7	615.0
0.1	19.2	139.1	11.1	6.3	615.0
0.0	17.5	363.0	11.1	5.1	615.0
0.0	19.8	377.9	11.1	6.7	615.0
0.1	22.3	360.8	11.1	7.4	615.0
0.2	16.7	97.3	11.0	3.8	615.0
0.0	15.4	285.4	11.0	4.8	615.0
0.0	15.6	107.1	11.0	3.8	616.7
0.0	14.4	161.1	10.9	4.9	616.7
0.0	13.9	380.0	10.9	5.8	616.7
0.0	13.6	376.0	10.9	5.8	616.7
0.0	15.1	365.5	10.9	5.9	616.7
0.0	14.8	362.4	10.8	5.8	616.7
0.0	15.1	355.9	10.8	5.9	616.7
0.0	15.7	353.1	10.8	6.2	616.7
0.0	16.6	347.6	10.8	6.2	616.7
0.0	17.7	345.7	10.7	6.0	616.7
0.0	12.9	353.2	10.7	4.9	616.7
0.0	12.0	349.7	10.7	4.9	616.7
0.0	12.5	324.0	10.7	4.8	616.7
0.0	13.2	340.0	10.7	5.1	616.7
0.0	14.2	334.4	10.6	5.4	616.7
0.0	14.7	330.2	10.6	5.2	616.7
0.0	14.6	301.8	10.6	5.1	616.7
0.0	15.4	196.7	10.6	4.6	616.7
0.1	16.9	122.5	10.5	3.9	616.7
0.0	19.3	265.6	10.5	5.2	616.7
4.8	14.5	124.3	10.5	5.9	616.7
0.0	9.2	334.3	10.5	3.6	616.7
0.0	4.9	336.3	10.5	3.1	616.7
0.0	6.8	328.5	10.4	3.9	616.7
0.0	11.3	316.7	10.4	5.1	616.7
0.0	13.4	287.5	10.4	5.5	616.7
0.0	14.3	307.6	10.4	5.4	616.7
0.0	15.8	304.3	10.4	5.0	616.7
0.0	17.8	265.1	10.4	4.2	616.7
0.0	18.7	260.8	10.3	5.0	616.7
0.8	19.9	253.0	10.3	5.3	619.5
0.7	18.4	152.9	10.3	4.2	619.5
2.7	18.5	144.7	10.3	3.8	619.5
61.6	18.0	32.6	10.3	2.1	619.5
0.8	17.2	211.5	10.3	4.0	619.5
2.8	14.7	165.0	10.3	4.2	619.5
0.0	11.9	263.8	10.3	3.5	619.5
3.5	15.0	130.0	10.3	4.1	619.5
0.8	5.0	36.5	10.2	3.6	619.5
0.0	2.0	306.0	10.2	2.0	619.5
0.0	3.4	302.0	10.2	2.7	619.5
0.0	5.4	180.3	10.2	2.8	619.5
0.0	6.4	141.7	10.2	3.2	619.5
0.1	6.2	292.7	10.2	3.2	619.5
0.0	5.2	285.6	10.2	3.1	619.5
0.0	2.4	292.3	10.2	2.9	619.5
0.0	0.3	300.4	10.2	2.2	619.5
0.0	-0.2	288.3	10.2	2.2	619.5
0.0	1.7	102.2	10.2	2.3	619.5
0.0	4.2	301.0	10.2	3.6	619.5
0.0	4.2	287.9	10.2	3.4	619.5
0.0	4.3	271.6	10.2	3.1	619.5
0.0	3.5	296.7	10.2	3.1	619.5
0.0	2.7	294.6	10.2	2.6	619.5
0.0	5.8	207.0	10.2	3.2	619.5
0.0	7.5	129.4	10.2	3.7	619.5
5.8	11.9	239.7	10.2	4.7	619.5
33.9	8.8	15.9	10.2	1.4	619.5
21.0	4.3	18.2	10.2	2.6	619.5
0.8	1.0	100.7	10.2	1.7	619.5
0.0	-1.0	65.1	10.2	1.2	619.5
0.0	-1.6	301.1	10.2	2.1	622.8
0.0	-1.8	309.8	10.2	2.3	622.8
0.0	-1.2	283.1	10.2	2.6	622.8
0.0	0.7	302.7	10.3	2.9	622.8
0.1	2.7	266.3	10.3	3.4	622.8
0.0	5.7	280.8	10.3	4.0	622.8
0.2	8.1	287.3	10.3	4.0	622.8
0.4	5.9	56.7	10.3	1.4	622.8
0.2	7.0	123.7	10.3	2.5	622.8
0.0	5.5	251.1	10.3	2.7	622.8
25.6	8.3	33.6	10.3	3.4	622.8
51.8	14.1	33.9	10.3	2.7	622.8
2.9	7.1	30.9	10.4	3.4	622.8
0.5	4.3	120.2	10.4	2.0	622.8
0.0	5.1	317.9	10.4	2.7	622.8
0.6	4.4	117.0	10.4	2.9	622.8
0.0	0.2	329.0	10.4	2.7	622.8
0.0	-0.0	261.9	10.4	2.3	622.8
0.0	3.6	335.2	10.5	3.6	622.8
0.0	7.0	283.9	10.5	3.7	622.8
1.1	6.2	240.4	10.5	2.7	622.8
5.4	6.6	64.8	10.5	2.0	622.8
8.6	7.0	22.5	10.5	1.6	622.8
13.5	12.2	77.9	10.6	3.5	622.8
0.9	6.8	104.0	10.6	3.7	622.8
0.2	4.9	234.5	10.6	3.2	622.8
0.0	4.5	153.4	10.6	2.9	622.8
0.4	4.3	108.2	10.7	2.3	622.8
1.1	4.4	173.5	10.7	2.8	622.8
9.9	3.5	64.9	10.7	1.8	622.8
23.4	0.7	24.7	10.7	1.4	622.8
0.3	1.7	263.7	10.8	2.8	624.5
0.1	2.8	303.6	10.8	3.7	624.5
0.2	4.5	251.8	10.8	4.0	624.5
0.4	8.2	290.2	10.8	4.4	624.5
26.4	12.7	274.2	10.9	5.0	624.5
0.4	9.2	97.3	10.9	3.7	624.5
0.0	5.3	388.2	10.9	3.7	624.5
0.0	7.5	379.6	10.9	4.8	624.5
0.0	9.3	349.9	11.0	5.1	624.5
0.0	12.0	306.9	11.0	5.8	624.5
0.0	14.1	291.7	11.0	5.9	624.5
1.1	17.2	357.2	11.0	5.6	624.5
0.1	11.1	224.3	11.1	4.1	624.5
0.0	9.1	201.9	11.1	3.8	624.5
0.0	6.9	366.6	11.1	4.0	624.5
5.8	4.8	159.2	11.2	2.9	624.5
0.1	6.3	262.4	11.2	3.6	624.5
2.9	7.3	227.5	11.2	3.2	624.5
14.4	5.7	107.9	11.2	2.1	624.5
3.6	5.9	58.0	11.3	1.7	624.5
1.2	7.2	164.6	11.3	3.3	624.5
1.0	9.1	150.3	11.3	3.6	624.5
29.2	7.1	32.5	11.4	6.0	624.5
0.0	-1.0	124.9	11.4	2.0	624.5
0.0	2.0	441.4	11.4	3.6	624.5
0.0	5.4	351.5	11.4	4.3	624.5
5.6	8.0	118.1	11.5	3.7	624.5
22.4	9.0	49.2	11.5	2.5	624.5
1.4	10.5	119.5	11.5	3.0	625.3
1.2	13.5	176.3	11.6	5.1	625.3
0.4	16.5	229.3	11.6	5.8	625.3
12.8	10.4	189.9	11.6	8.2	625.3
17.0	1.6	32.5	11.7	1.8	625.3
7.9	2.6	57.4	11.7	2.0	625.3
28.1	1.6	40.3	11.7	2.1	625.3
14.5	0.5	67.4	11.7	1.7	625.3
0.7	2.9	296.9	11.8	3.5	625.3
0.3	4.5	171.6	11.8	3.5	625.3
12.9	6.8	47.2	11.8	3.0	625.3
5.5	8.4	202.8	11.9	4.3	625.3
15.3	7.9	95.7	11.9	2.8	625.3
1.4	11.8	185.9	11.9	4.7	625.3
6.1	14.1	122.0	12.0	4.6	625.3
0.5	17.6	120.9	12.0	5.6	625.3
4.6	19.7	390.5	12.0	7.3	625.3
27.9	19.1	174.5	12.0	6.4	625.3
5.6	11.8	73.2	12.1	6.7	625.3
0.2	9.9	483.8	12.1	5.8	625.3
0.1	8.6	111.6	12.1	3.4	625.3
10.5	14.0	417.7	12.2	6.3	625.3
31.5	13.6	27.4	12.2	1.7	625.3
10.9	13.7	33.0	12.2	5.4	625.3
41.0	11.8	51.4	12.3	2.8	625.3
8.8	8.0	47.2	12.3	4.8	625.3
3.5	4.0	61.4	12.3	2.8	625.3
0.0	4.3	436.0	12.4	4.7	625.3
0.0	7.1	475.9	12.4	5.3	625.3
1.0	14.0	473.8	12.4	7.4	625.3
10.4	15.5	46.0	12.4	4.2	625.3
25.7	13.4	26.2	12.5	4.0	625.9
1.4	11.5	149.8	12.5	4.2	625.9
0.1	16.2	401.0	12.5	8.1	625.9
14.2	21.0	482.4	12.6	11.5	625.9
31.0	8.9	49.2	12.6	5.3	625.9
26.5	7.1	39.5	12.6	2.3	625.9
0.6	7.7	69.4	12.7	2.9	625.9
0.2	8.7	116.9	12.7	4.5	625.9
0.3	11.1	251.4	12.7	5.9	625.9
0.3	12.7	387.3	12.7	7.4	625.9
2.2	14.5	526.2	12.8	7.5	625.9
0.0	12.1	177.1	12.8	5.7	625.9
0.3	14.1	360.9	12.8	7.0	625.9
0.4	16.2	350.7	12.9	7.1	625.9
0.4	18.5	342.4	12.9	8.3	625.9
0.6	19.5	463.8	12.9	9.4	625.9
0.0	17.4	522.5	12.9	8.1	625.9
0.0	19.4	475.4	13.0	9.9	625.9
0.0	21.6	581.4	13.0	11.0	625.9
0.1	25.5	558.3	13.0	11.2	625.9
17.1	24.5	274.5	13.1	10.1	625.9
1.9	23.3	173.1	13.1	7.0	625.9
9.0	25.7	403.2	13.1	9.3	625.9
18.2	14.7	66.3	13.1	10.1	625.9
0.0	13.4	484.0	13.2	7.1	625.9
14.7	13.4	100.1	13.2	3.9	625.9
33.9	13.9	70.4	13.2	4.4	625.9
0.2	15.7	455.9	13.3	7.8	625.9
0.1	18.1	520.3	13.3	8.6	625.9
0.5	20.3	456.5	13.3	8.0	625.9
0.7	21.9	154.9	13.3	7.0	626.8
5.9	24.7	245.5	13.4	8.6	626.8
7.1	22.5	52.4	13.4	6.1	626.8
11.8	22.3	325.8	13.4	13.2	626.8
0.7	14.4	403.8	13.4	7.1	626.8
0.1	16.4	637.7	13.5	9.1	626.8
0.0	19.9	607.2	13.5	10.4	626.8
10.2	18.3	296.9	13.5	6.5	626.8
16.9	17.8	55.5	13.5	4.5	626.8
17.3	20.3	104.7	13.5	6.3	626.8
7.2	22.1	147.4	13.6	8.0	626.8
28.6	20.2	69.3	13.6	7.7	626.8
5.7	16.8	87.7	13.6	3.2	626.8
10.9	16.6	45.0	13.6	3.6	626.8
0.1	17.2	153.3	13.7	5.3	626.8
0.1	18.5	552.8	13.7	10.0	626.8
0.0	20.0	631.5	13.7	10.0	626.8
0.2	21.8	643.0	13.7	11.4	626.8
0.0	22.3	638.6	13.7	12.2	626.8
0.0	23.5	631.1	13.8	12.5	626.8
0.0	23.3	365.7	13.8	10.4	626.8
0.0	23.5	538.3	13.8	12.1	626.8
0.0	24.2	650.5	13.8	12.6	626.8
1.0	24.6	647.3	13.8	12.0	626.8
6.0	24.4	629.4	13.8	11.4	626.8
0.0	26.4	618.8	13.9	11.6	626.8
3.0	26.5	405.8	13.9	11.0	626.8
18.2	24.0	167.3	13.9	7.5	626.8
5.9	24.8	458.3	13.9	9.2	626.8
0.0	21.9	588.9	13.9	11.5	626.8
0.0	21.6	678.2	13.9	11.6	626.8
0.0	24.2	648.4	14.0	11.6	625.4
0.1	25.9	443.9	14.0	11.5	625.4
0.1	24.6	337.5	14.0	9.5	625.4
19.1	22.1	138.4	14.0	8.7	625.4
10.4	19.7	82.5	14.0	4.7	625.4
0.7	22.9	426.5	14.0	9.9	625.4
0.0	25.3	632.2	14.0	12.3	625.4
0.0	26.4	620.6	14.0	11.2	625.4
0.0	25.4	573.7	14.0	10.5	625.4
0.1	25.0	528.1	14.0	10.8	625.4
0.0	24.3	588.5	14.0	10.3	625.4
0.0	24.1	264.4	14.1	7.3	625.4
0.0	24.4	171.8	14.1	6.6	625.4
17.5	22.8	49.5	14.1	4.4	625.4
25.3	23.4	31.7	14.1	4.2	625.4
37.2	22.3	26.1	14.1	3.6	625.4
7.6	23.2	90.5	14.1	6.0	625.4
0.2	24.3	249.9	14.1	8.6	625.4
0.2	25.7	571.6	14.1	11.9	625.4
0.1	25.7	324.5	14.1	9.2	625.4
0.7	25.1	407.5	14.1	9.3	625.4
54.9	24.2	83.4	14.1	3.2	625.4
18.2	24.4	73.2	14.1	5.1	625.4
11.2	26.6	401.2	14.1	8.8	625.4
11.3	27.4	449.0	14.1	10.0	625.4
43.1	26.6	435.3	14.1	8.5	625.4
21.9	25.5	277.9	14.1	7.4	625.4
6.0	24.5	74.2	14.1	5.0	625.4
0.1	26.3	185.0	14.1	9.0	625.4
0.0	28.2	318.5	14.1	9.5	625.4
0.1	28.4	473.7	14.1	9.5	621.6
2.6	29.5	560.9	14.0	10.7	621.6
0.1	29.5	413.5	14.0	10.1	621.6
2.4	29.7	444.9	14.0	10.3	621.6
16.9	28.3	412.1	14.0	9.8	621.6
0.0	28.7	318.5	14.0	10.5	621.6
8.0	27.2	89.9	14.0	8.3	621.6
4.9	26.0	102.8	14.0	6.0	621.6
19.3	26.6	178.2	14.0	8.0	621.6
5.2	27.4	419.8	14.0	10.5	621.6
2.7	26.8	151.6	14.0	8.0	621.6
9.1	26.4	288.4	13.9	8.1	621.6
26.1	26.2	221.7	13.9	8.2	621.6
35.9	24.4	54.0	13.9	3.7	621.6
17.1	24.8	99.5	13.9	5.7	621.6
13.8	26.3	437.9	13.9	9.1	621.6
11.1	27.3	485.1	13.9	9.7	621.6
14.9	27.8	469.5	13.9	9.8	621.6
15.0	27.9	470.2	13.8	9.8	621.6
11.9	28.1	393.9	13.8	9.4	621.6
7.9	28.0	344.9	13.8	9.2	621.6
9.0	27.7	298.4	13.8	9.3	621.6
16.9	27.8	422.5	13.8	10.0	621.6
15.8	27.7	525.7	13.8	10.1	621.6
1.9	26.1	115.1	13.7	6.1	621.6
2.7	25.6	75.0	13.7	5.1	621.6
2.3	25.2	48.1	13.7	4.4	621.6
3.4	25.2	44.4	13.7	3.4	621.6
6.2	25.7	134.5	13.7	7.2	621.6
1.4	25.6	118.3	13.6	5.4	621.6
2.2	25.6	102.8	13.6	5.6	621.6
9.1	25.9	207.6	13.6	6.5	620.6
1.1	25.9	144.1	13.6	6.7	620.6
1.1	26.4	377.5	13.5	8.6	620.6
0.0	25.7	164.1	13.5	6.6	620.6
12.6	26.0	372.8	13.5	7.7	620.6
1.5	26.9	396.2	13.5	9.2	620.6
0.0	27.6	564.6	13.4	10.2	620.6
0.0	26.4	404.3	13.4	9.2	620.6
0.0	27.6	560.9	13.4	10.1	620.6
0.1	29.0	584.1	13.4	10.4	620.6
7.8	28.9	390.7	13.3	9.4	620.6
17.9	27.1	310.2	13.3	7.9	620.6
8.3	27.0	240.8	13.3	8.8	620.6
8.2	26.5	394.6	13.3	8.3	620.6
1.0	27.2	569.1	13.2	10.6	620.6
0.0	28.4	584.0	13.2	10.5	620.6
2.8	28.4	573.8	13.2	10.0	620.6
13.8	27.7	546.7	13.2	9.2	620.6
18.2	27.2	502.4	13.1	8.9	620.6
12.4	27.4	369.9	13.1	8.9	620.6
8.6	27.2	496.4	13.1	9.4	620.6
0.1	28.2	547.1	13.1	10.2	620.6
3.2	28.1	545.3	13.0	10.5	620.6
19.0	27.4	446.4	13.0	9.1	620.6
10.2	27.6	437.8	13.0	8.8	620.6
7.7	28.1	485.2	12.9	9.1	620.6
5.2	28.2	512.5	12.9	9.8	620.6
0.1	28.1	541.3	12.9	10.2	620.6
0.1	28.2	549.6	12.9	10.1	620.6
0.9	26.4	349.5	12.8	10.6	620.6
0.0	24.4	535.6	12.8	8.7	620.6
0.0	25.2	527.9	12.8	10.1	622.5
0.2	26.0	502.4	12.7	9.6	622.5
1.3	25.8	55.3	12.7	6.1	622.5
1.4	26.9	155.3	12.7	7.3	622.5
2.6	25.7	178.4	12.7	6.6	622.5
0.0	25.1	271.7	12.6	6.9	622.5
0.0	25.4	531.8	12.6	10.4	622.5
0.0	25.2	539.1	12.6	10.1	622.5
0.0	26.1	445.5	12.5	9.1	622.5
0.0	26.7	507.4	12.5	9.2	622.5
0.0	25.8	221.8	12.5	7.7	622.5
0.0	25.1	196.9	12.5	8.8	622.5
0.0	25.5	528.5	12.4	10.9	622.5
0.0	26.0	527.6	12.4	10.5	622.5
0.0	26.9	504.7	12.4	10.5	622.5
0.0	25.7	418.8	12.3	10.0	622.5
0.0	26.0	500.1	12.3	9.9	622.5
0.0	26.4	449.5	12.3	9.9	622.5
0.0	26.2	439.5	12.2	9.2	622.5
0.0	26.4	398.2	12.2	8.7	622.5
0.0	24.5	411.3	12.2	9.1	622.5
0.0	24.0	503.8	12.2	9.8	622.5
0.0	23.4	501.0	12.1	9.8	622.5
0.0	23.7	489.4	12.1	9.9	622.5
0.0	24.5	403.9	12.1	9.9	622.5
0.0	23.2	496.2	12.0	10.0	622.5
0.0	20.9	482.5	12.0	8.3	622.5
0.0	20.3	167.1	12.0	6.6	622.5
0.0	20.8	473.9	11.9	8.8	622.5
0.0	20.2	460.2	11.9	8.5	622.5
0.0	22.3	453.2	11.9	9.0	623.5
0.0	23.3	428.7	11.8	9.5	623.5
0.0	23.2	467.4	11.8	9.2	623.5
0.0	22.5	307.7	11.8	7.2	623.5
0.0	22.5	193.0	11.8	6.1	623.5
0.0	23.5	227.7	11.7	6.9	623.5
0.0	24.8	264.7	11.7	7.1	623.5
0.0	24.8	137.7	11.7	5.4	623.5
0.0	26.1	320.6	11.6	8.4	623.5
0.0	26.8	429.5	11.6	8.7	623.5
0.0	26.7	425.2	11.6	8.5	623.5
0.7	27.0	392.6	11.5	9.5	623.5
1.7	18.8	33.7	11.5	4.7	623.5
0.0	18.2	417.4	11.5	6.6	623.5
0.0	16.7	304.5	11.5	5.9	623.5
0.0	16.0	435.0	11.4	6.7	623.5
0.0	18.3	423.5	11.4	7.5	623.5
0.0	19.4	302.3	11.4	7.6	623.5
0.0	20.6	375.0	11.3	7.0	623.5
0.0	20.3	209.3	11.3	6.4	623.5
0.0	20.1	385.6	11.3	7.0	623.5
0.0	18.1	402.8	11.3	6.8	623.5
0.0	18.8	398.7	11.2	6.5	623.5
0.0	19.8	378.9	11.2	6.8	623.5
0.0	20.9	365.8	11.2	7.0	623.5
0.0	18.8	388.9	11.1	7.1	623.5
0.0	17.0	398.9	11.1	6.8	623.5
0.0	18.1	390.4	11.1	7.3	623.5
0.0	18.2	393.7	11.1	7.2	623.5
0.0	19.6	380.3	11.0	7.3	623.5
1.5	21.6	316.0	11.0	6.7	623.5
0.3	20.3	95.7	11.0	4.4	625.3
1.7	21.6	152.3	11.0	5.3	625.3
0.3	19.6	36.7	10.9	3.5	625.3
2.0	21.8	277.5	10.9	5.8	625.3
0.1	18.2	111.2	10.9	4.8	625.3
0.1	18.8	238.4	10.9	4.9	625.3
0.0	17.6	147.5	10.8	3.3	625.3
0.6	18.0	198.6	10.8	4.4	625.3
0.1	17.1	212.1	10.8	4.7	625.3
0.0	17.5	312.4	10.8	4.8	625.3
0.0	14.8	237.9	10.7	4.3	625.3
0.1	14.6	80.7	10.7	3.2	625.3
17.5	14.0	75.8	10.7	3.5	625.3
0.2	12.2	299.1	10.7	4.4	625.3
0.1	12.9	295.8	10.6	5.1	625.3
2.5	14.1	253.3	10.6	4.0	625.3
21.3	11.9	37.7	10.6	3.7	625.3
0.5	5.3	74.4	10.6	2.4	625.3
0.0	6.3	337.6	10.5	3.1	625.3
0.1	7.0	329.0	10.5	3.7	625.3
0.0	7.5	308.9	10.5	3.7	625.3
0.1	10.6	283.8	10.5	4.3	625.3
0.0	12.2	248.8	10.5	4.4	625.3
0.2	14.1	288.7	10.5	5.0	625.3
0.1	17.0	264.7	10.4	5.8	625.3
0.1	19.1	256.0	10.4	5.2	625.3
0.4	19.4	158.2	10.4	4.5	625.3
0.2	21.3	181.2	10.4	4.8	625.3
7.6	20.6	156.3	10.4	3.6	625.3
8.6	20.2	102.8	10.4	4.0	625.3
7.2	13.7	14.9	10.3	4.1	628.0
6.2	13.3	18.9	10.3	2.6	628.0
1.1	7.0	41.7	10.3	2.9	628.0
3.8	7.1	58.3	10.3	2.1	628.0
10.3	10.1	23.1	10.3	2.1	628.0
20.2	8.2	18.6	10.3	2.2	628.0
1.9	10.8	80.8	10.3	2.5	628.0
4.4	12.8	55.6	10.3	2.9	628.0
3.2	9.9	33.3	10.2	1.5	628.0
2.7	5.0	26.6	10.2	2.8	628.0
0.8	3.2	109.0	10.2	1.5	628.0
0.2	3.3	149.9	10.2	1.9	628.0
0.0	1.8	297.6	10.2	2.0	628.0
0.0	1.7	300.9	10.2	2.6	628.0
0.0	5.2	222.0	10.2	3.1	628.0
0.1	5.3	150.5	10.2	3.4	628.0
0.3	6.2	242.2	10.2	3.5	628.0
0.1	3.6	168.5	10.2	2.5	628.0
0.0	4.1	288.8	10.2	2.9	628.0
0.0	5.5	256.1	10.2	3.4	628.0
0.1	9.2	177.0	10.2	3.4	628.0
1.3	10.8	88.0	10.2	3.3	628.0
0.2	12.0	235.5	10.2	4.0	628.0
0.2	13.8	60.8	10.2	3.1	628.0
1.2	16.0	268.6	10.2	4.7	628.0
2.1	9.1	40.4	10.2	3.7	628.0
0.0	6.0	217.1	10.2	1.9	628.0
1.2	8.2	195.2	10.2	2.7	628.0
1.3	7.8	42.4	10.2	1.8	628.0
0.9	8.9	136.4	10.2	2.5	628.0
0.7	3.9	41.7	10.2	2.6	628.0
0.0	2.1	289.7	10.2	2.2	631.4
0.0	4.5	306.0	10.2	3.0	631.4
0.0	5.8	306.6	10.2	3.2	631.4
0.0	7.0	303.2	10.2	3.8	631.4
0.0	10.7	300.0	10.3	4.7	631.4
0.0	13.9	267.4	10.3	4.9	631.4
0.1	18.0	276.2	10.3	6.1	631.4
7.5	10.1	27.3	10.3	4.9	631.4
5.6	-0.8	13.3	10.3	2.0	631.4
0.4	-3.8	40.7	10.3	1.1	631.4
0.0	-2.4	317.4	10.3	2.1	631.4
0.0	1.4	284.9	10.3	2.4	631.4
0.9	5.9	211.2	10.4	2.7	631.4
0.1	9.0	187.7	10.4	3.5	631.4
3.2	9.7	181.7	10.4	4.5	631.4
0.5	0.5	28.6	10.4	2.3	631.4
0.0	-0.6	306.4	10.4	2.4	631.4
0.0	2.4	330.6	10.4	3.3	631.4
0.0	4.8	329.5	10.5	3.8	631.4
7.1	9.2	204.5	10.5	4.3	631.4
4.4	8.6	21.5	10.5	1.3	631.4
27.8	7.4	22.6	10.5	3.2	631.4
0.0	1.2	92.4	10.5	2.7	631.4
0.0	-1.7	353.8	10.6	2.4	631.4
0.0	0.3	349.4	10.6	2.9	631.4
0.0	1.7	343.4	10.6	3.1	631.4
0.0	2.4	342.9	10.6	3.6	631.4
0.0	4.3	359.0	10.7	4.0	631.4
0.1	5.3	349.4	10.7	4.4	631.4
0.1	6.6	310.2	10.7	4.6	631.4
0.0	7.0	357.7	10.7	4.5	631.4
0.0	11.5	344.2	10.7	5.4	633.2
0.0	14.6	330.8	10.8	6.0	633.2
4.3	16.6	240.4	10.8	6.6	633.2
5.3	12.1	207.4	10.8	3.0	633.2
6.4	8.9	42.8	10.8	3.6	633.2
7.6	9.5	178.8	10.9	3.5	633.2
0.7	7.7	109.1	10.9	3.2	633.2
0.2	8.4	304.0	10.9	4.7	633.2
0.0	11.8	347.7	11.0	5.6	633.2
10.2	14.5	58.9	11.0	3.5	633.2
3.6	15.4	55.0	11.0	4.6	633.2
13.5	8.4	37.4	11.0	6.4	633.2
0.0	0.1	391.9	11.1	2.3	633.2
0.0	4.5	412.6	11.1	4.1	633.2
0.0	5.8	360.6	11.1	4.4	633.2
0.0	6.4	402.3	11.1	4.1	633.2
3.1	6.8	136.2	11.2	3.6	633.2
0.1	7.0	329.4	11.2	4.6	633.2
0.0	8.6	298.3	11.2	4.4	633.2
0.0	7.9	399.9	11.3	5.0	633.2
0.0	11.1	435.0	11.3	6.0	633.2
0.0	15.3	423.0	11.3	7.2	633.2
0.0	18.6	360.5	11.3	7.6	633.2
0.0	21.5	413.9	11.4	8.7	633.2
0.0	23.5	422.0	11.4	8.8	633.2
2.7	17.2	229.1	11.4	10.0	633.2
8.7	7.8	31.6	11.5	2.4	633.2
2.4	8.9	55.6	11.5	3.4	633.2
6.6	10.1	48.5	11.5	3.0	633.9
10.9	10.5	69.0	11.6	2.9	633.9
1.5	8.8	106.1	11.6	3.2	633.9
0.2	4.0	227.6	11.6	3.6	633.9
1.3	4.8	80.7	11.6	3.2	633.9
8.7	9.3	78.1	11.7	3.7	633.9
0.5	12.1	334.9	11.7	5.2	633.9
19.6	13.5	106.2	11.7	5.1	633.9
4.2	6.5	33.3	11.8	4.5	633.9
0.1	5.4	245.5	11.8	4.2	633.9
0.1	8.8	464.0	11.8	6.3	633.9
0.1	12.1	378.2	11.9	7.0	633.9
0.0	14.4	325.3	11.9	7.2	633.9
0.5	17.6	242.6	11.9	7.5	633.9
5.1	17.7	143.9	11.9	5.8	633.9
0.1	20.2	260.2	12.0	7.6	633.9
0.0	23.9	467.8	12.0	8.8	633.9
14.3	16.8	126.6	12.0	8.9	633.9
0.1	12.1	482.3	12.1	6.7	633.9
7.2	9.0	269.7	12.1	4.1	633.9
0.7	12.5	343.7	12.1	6.2	633.9
9.5	11.9	89.1	12.2	6.2	633.9
6.7	5.8	91.3	12.2	3.2	633.9
15.9	6.6	91.7	12.2	3.2	633.9
20.9	6.2	38.4	12.3	3.1	633.9
0.0	5.5	303.4	12.3	4.2	633.9
0.0	5.6	512.6	12.3	5.4	633.9
0.0	6.3	544.2	12.3	5.2	633.9
0.0	10.4	536.9	12.4	6.5	633.9
0.0	7.9	351.1	12.4	6.0	633.9
4.9	11.4	361.8	12.4	6.7	633.9
0.1	12.3	419.9	12.5	7.2	634.5
4.4	13.5	533.2	12.5	6.7	634.5
0.7	11.9	118.8	12.5	4.4	634.5
0.0	16.6	521.5	12.6	7.9	634.5
28.0	15.1	234.3	12.6	6.6	634.5
35.6	15.8	81.3	12.6	6.2	634.5
3.4	14.8	197.9	12.6	9.7	634.5
0.0	11.2	432.6	12.7	6.4	634.5
0.4	19.5	403.5	12.7	9.7	634.5
20.0	23.5	284.4	12.7	7.8	634.5
15.5	18.7	39.6	12.8	8.0	634.5
2.4	19.4	145.3	12.8	7.0	634.5
4.3	15.5	83.7	12.8	7.0	634.5
5.0	14.5	307.9	12.9	5.6	634.5
13.2	13.2	67.9	12.9	4.5	634.5
0.2	15.4	440.3	12.9	8.1	634.5
3.3	21.8	470.9	12.9	11.1	634.5
3.2	21.5	107.2	13.0	5.0	634.5
9.5	23.6	414.5	13.0	9.4	634.5
0.0	19.0	433.6	13.0	9.9	634.5
43.5	17.8	464.5	13.1	8.3	634.5
18.0	13.9	75.7	13.1	4.5	634.5
0.3	13.3	315.8	13.1	5.9	634.5
0.0	12.3	243.1	13.1	5.7	634.5
0.0	13.9	388.7	13.2	7.5	634.5
0.0	13.1	528.0	13.2	6.8	634.5
0.0	14.0	518.3	13.2	7.2	634.5
0.0	15.6	601.5	13.2	8.6	634.5
5.8	18.4	427.2	13.3	8.8	634.5
4.3	16.8	71.9	13.3	4.4	634.5
5.5	20.3	319.6	13.3	8.3	635.4
17.1	20.6	155.8	13.3	7.1	635.4
25.3	20.2	81.4	13.4	5.8	635.4
0.3	18.1	367.4	13.4	8.8	635.4
0.0	16.4	603.7	13.4	8.3	635.4
0.0	17.8	645.3	13.4	9.9	635.4
19.7	18.6	428.2	13.5	8.6	635.4
0.4	18.2	265.9	13.5	7.9	635.4
0.0	21.3	623.7	13.5	9.9	635.4
0.0	16.9	642.1	13.5	9.6	635.4
0.0	19.2	633.3	13.6	9.6	635.4
0.0	20.7	614.9	13.6	10.5	635.4
40.9	18.2	131.7	13.6	4.5	635.4
0.7	20.2	324.8	13.6	8.9	635.4
0.1	21.6	506.2	13.7	9.7	635.4
0.2	21.6	227.2	13.7	9.7	635.4
0.5	22.6	454.4	13.7	9.8	635.4
9.2	21.3	603.6	13.7	9.8	635.4
0.1	23.1	562.4	13.7	10.1	635.4
54.7	21.8	154.3	13.8	7.0	635.4
5.3	23.7	177.2	13.8	6.7	635.4
0.0	21.7	644.7	13.8	9.9	635.4
0.0	22.9	619.4	13.8	10.9	635.4
4.7	25.1	597.1	13.8	11.1	635.4
11.9	23.9	83.2	13.8	6.6	635.4
12.1	25.2	228.9	13.9	8.7	635.4
33.8	26.6	487.4	13.9	8.5	635.4
4.1	21.7	168.9	13.9	10.4	635.4
0.1	21.3	497.6	13.9	8.6	635.4
0.0	21.3	662.1	13.9	11.7	635.4
0.1	19.5	659.2	13.9	9.7	635.4
0.0	21.1	662.1	13.9	10.3	634.0
0.0	22.0	664.7	14.0	10.7	634.0
0.0	23.8	591.4	14.0	10.3	634.0
56.1	23.8	432.8	14.0	11.4	634.0
46.0	21.4	63.8	14.0	6.4	634.0
0.2	21.9	542.6	14.0	9.1	634.0
0.3	22.7	315.5	14.0	9.9	634.0
0.1	25.5	593.8	14.0	11.8	634.0
78.9	24.4	176.2	14.0	6.7	634.0
33.8	19.3	41.2	14.0	8.7	634.0
0.1	20.2	520.5	14.0	10.1	634.0
0.0	21.4	565.9	14.1	9.2	634.0
1.4	23.2	360.7	14.1	9.2	634.0
3.4	23.7	174.8	14.1	6.8	634.0
0.1	22.2	91.0	14.1	6.9	634.0
0.0	20.1	162.9	14.1	6.9	634.0
0.0	21.2	620.9	14.1	10.6	634.0
0.0	22.8	547.0	14.1	9.8	634.0
1.7	23.3	436.1	14.1	9.8	634.0
14.0	16.7	94.8	14.1	7.7	634.0
2.7	17.4	101.8	14.1	4.5	634.0
1.4	18.4	65.4	14.1	3.8	634.0
0.9	19.6	81.2	14.1	5.2	634.0
0.6	23.0	311.2	14.1	8.9	634.0
8.7	24.8	403.7	14.1	10.0	634.0
3.5	22.6	136.9	14.1	5.4	634.0
12.8	23.3	118.7	14.1	4.8	634.0
28.1	24.3	123.1	14.1	6.5	634.0
12.1	24.4	113.9	14.1	5.8	634.0
6.5	26.4	397.0	14.1	10.1	634.0
18.1	27.3	499.6	14.1	9.7	630.3
4.7	28.1	549.9	14.0	10.8	630.3
8.5	27.6	378.8	14.0	10.5	630.3
10.4	25.4	136.3	14.0	7.7	630.3
2.9	27.1	529.2	14.0	11.6	630.3
19.4	26.8	472.4	14.0	10.0	630.3
30.8	25.3	238.9	14.0	8.1	630.3
2.3	24.9	115.2	14.0	6.1	630.3
2.0	26.3	487.0	14.0	10.2	630.3
0.0	27.3	604.0	14.0	10.3	630.3
14.9	26.9	565.5	14.0	9.3	630.3
25.4	26.8	437.3	13.9	9.0	630.3
27.9	26.4	304.2	13.9	9.1	630.3
20.5	26.0	333.3	13.9	8.4	630.3
17.0	25.9	220.0	13.9	7.4	630.3
22.1	25.6	266.9	13.9	7.3	630.3
27.1	25.8	320.8	13.9	8.5	630.3
17.9	26.5	329.3	13.9	9.1	630.3
14.1	26.8	414.6	13.8	9.9	630.3
17.5	26.7	428.7	13.8	9.9	630.3
6.8	26.2	280.6	13.8	8.2	630.3
14.0	25.9	332.3	13.8	8.2	630.3
0.0	27.5	538.2	13.8	9.8	630.3
8.7	26.8	544.8	13.8	11.3	630.3
11.6	26.7	524.2	13.7	9.6	630.3
17.9	27.1	395.9	13.7	9.5	630.3
29.2	26.7	334.5	13.7	8.7	630.3
11.6	26.4	245.1	13.7	8.0	630.3
19.1	26.7	376.4	13.7	9.3	630.3
7.7	27.5	419.1	13.6	9.5	630.3
10.3	27.2	446.6	13.6	9.5	630.3
14.6	27.2	510.7	13.6	9.8	629.2
8.9	27.4	522.9	13.6	9.9	629.2
12.4	27.6	517.1	13.5	10.9	629.2
6.6	28.2	546.6	13.5	10.3	629.2
8.6	28.3	513.1	13.5	10.2	629.2
0.0	28.5	504.1	13.5	11.1	629.2
0.0	28.7	607.3	13.5	10.8	629.2
2.3	28.3	587.4	13.4	11.0	629.2
11.7	26.7	483.2	13.4	9.2	629.2
8.3	26.9	467.4	13.4	9.8	629.2
6.7	27.4	528.8	13.4	9.9	629.2
15.1	27.7	459.0	13.3	9.4	629.2
12.0	27.8	468.2	13.3	9.1	629.2
12.7	27.6	463.7	13.3	9.7	629.2
0.1	27.5	496.1	13.3	9.7	629.2
0.5	27.5	297.2	13.2	9.2	629.2
0.1	28.7	536.0	13.2	9.2	629.2
0.9	27.3	99.5	13.2	6.6	629.2
22.5	27.5	360.6	13.1	9.1	629.2
23.4	27.9	344.6	13.1	8.3	629.2
17.8	28.0	494.2	13.1	9.8	629.2
20.0	27.4	419.7	13.1	8.9	629.2
28.7	27.0	427.8	13.0	9.0	629.2
19.5	26.4	383.7	13.0	8.5	629.2
7.6	25.9	286.4	13.0	7.4	629.2
12.6	26.1	313.5	13.0	8.2	629.2
13.4	26.6	321.9	12.9	7.9	629.2
23.5	26.7	343.4	12.9	8.0	629.2
18.0	26.5	288.7	12.9	7.7	629.2
9.2	27.5	463.0	12.8	9.2	629.2
6.1	27.7	520.8	12.8	9.8	629.2
9.1	26.1	490.0	12.8	8.9	631.2
1.3	24.2	117.5	12.8	4.0	631.2
1.1	24.9	262.6	12.7	6.7	631.2
1.2	25.3	370.6	12.7	8.0	631.2
11.4	24.7	220.4	12.7	6.4	631.2
2.3	22.5	18.8	12.6	4.4	631.2
1.3	21.9	125.9	12.6	5.0	631.2
0.5	22.7	450.2	12.6	7.7	631.2
0.4	22.9	484.3	12.5	8.6	631.2
0.1	24.5	471.7	12.5	8.0	631.2
0.5	25.2	366.2	12.5	7.6	631.2
5.0	24.5	150.9	12.5	6.1	631.2
28.2	23.4	200.9	12.4	5.1	631.2
5.3	22.3	24.8	12.4	2.7	631.2
0.1	23.4	126.2	12.4	4.8	631.2
0.8	24.3	256.3	12.3	7.1	631.2
1.3	24.8	339.2	12.3	7.5	631.2
0.3	25.6	433.8	12.3	8.9	631.2
2.4	25.4	465.6	12.2	7.1	631.2
1.8	23.9	386.8	12.2	6.9	631.2
0.4	22.6	448.6	12.2	7.9	631.2
0.0	22.5	488.9	12.2	8.7	631.2
0.0	22.7	491.3	12.1	8.8	631.2
0.2	24.3	462.5	12.1	8.0	631.2
0.0	22.6	397.8	12.1	8.5	631.2
0.0	23.3	493.6	12.0	9.4	631.2
0.0	23.2	478.3	12.0	9.4	631.2
0.0	23.0	479.6	12.0	9.1	631.2
0.0	23.8	460.6	11.9	9.2	631.2
0.0	23.6	448.4	11.9	9.0	631.2
0.0	23.7	351.2	11.9	7.8	632.3
0.0	22.8	277.0	11.9	8.9	632.3
0.0	22.2	472.3	11.8	9.7	632.3
0.0	22.7	472.2	11.8	9.3	632.3
0.0	24.0	457.2	11.8	8.8	632.3
2.2	23.9	89.1	11.7	5.2	632.3
3.7	24.0	36.7	11.7	4.4	632.3
9.7	21.8	31.4	11.7	4.6	632.3
8.6	20.7	14.6	11.6	3.1	632.3
0.0	20.5	82.5	11.6	4.0	632.3
0.2	22.4	188.2	11.6	5.0	632.3
1.5	23.2	129.9	11.6	5.0	632.3
2.0	18.0	55.8	11.5	7.7	632.3
0.0	14.5	438.4	11.5	5.6	632.3
0.0	14.0	200.4	11.5	5.4	632.3
0.0	17.6	423.5	11.4	6.8	632.3
0.0	19.2	420.1	11.4	6.5	632.3
0.0	19.2	413.3	11.4	6.9	632.3
0.0	19.5	413.2	11.4	7.5	632.3
0.0	20.4	407.3	11.3	7.4	632.3
0.0	15.8	392.7	11.3	7.6	632.3
0.0	11.4	420.9	11.3	5.4	632.3
0.0	14.2	415.6	11.2	6.5	632.3
0.0	16.3	406.4	11.2	7.1	632.3
0.0	18.0	407.9	11.2	7.5	632.3
0.0	16.0	403.7	11.2	6.7	632.3
0.0	17.1	399.3	11.1	7.2	632.3
0.0	18.4	390.7	11.1	7.3	632.3
0.0	20.2	380.0	11.1	7.3	632.3
0.0	16.3	379.0	11.0	6.1	632.3
0.0	15.7	380.9	11.0	6.3	632.3
0.0	16.3	382.1	11.0	5.9	634.0
0.0	15.5	375.3	11.0	6.0	634.0
0.0	16.0	368.6	10.9	5.8	634.0
0.0	17.8	360.3	10.9	6.2	634.0
0.0	20.1	263.1	10.9	6.0	634.0
0.0	21.4	189.9	10.9	5.3	634.0
0.0	21.6	206.9	10.8	5.6	634.0
3.4	14.3	67.6	10.8	5.5	634.0
0.0	12.1	341.8	10.8	4.7	634.0
0.0	13.0	356.5	10.8	5.0	634.0
0.0	16.0	282.5	10.7	5.6	634.0
0.1	17.2	233.8	10.7	5.1	634.0
0.1	17.1	187.4	10.7	4.2	634.0
0.0	16.8	324.4	10.7	5.7	634.0
0.0	17.6	256.3	10.6	5.0	634.0
0.2	14.0	85.1	10.6	3.3	634.0
0.1	14.2	125.8	10.6	3.3	634.0
0.0	14.6	262.1	10.6	4.9	634.0
0.0	16.1	327.1	10.6	5.2	634.0
1.0	18.0	213.8	10.5	5.4	634.0
0.0	13.5	133.0	10.5	4.2	634.0
0.0	8.5	338.6	10.5	4.1	634.0
0.0	10.0	322.8	10.5	4.3	634.0
0.0	13.0	313.7	10.5	5.1	634.0
0.0	10.9	331.9	10.4	4.3	634.0
0.0	11.9	322.5	10.4	5.1	634.0
0.0	13.9	318.8	10.4	5.9	634.0
0.0	15.2	292.4	10.4	5.5	634.0
0.0	17.1	253.1	10.4	5.3	634.0
2.2	12.6	57.4	10.4	2.9	634.0
1.1	12.7	167.7	10.3	3.3	636.8
10.6	8.8	14.0	10.3	3.0	636.8
0.3	2.0	80.9	10.3	2.3	636.8
0.0	3.7	274.5	10.3	2.6	636.8
0.0	5.8	236.7	10.3	3.1	636.8
0.0	9.3	263.1	10.3	4.2	636.8
0.3	14.7	263.8	10.3	4.6	636.8
0.0	16.0	265.5	10.3	5.1	636.8
1.0	15.9	185.0	10.2	4.4	636.8
0.6	12.7	121.2	10.2	2.5	636.8
14.0	14.3	145.7	10.2	4.0	636.8
23.0	6.6	15.1	10.2	3.1	636.8
0.7	2.7	107.0	10.2	1.9	636.8
0.6	2.6	163.6	10.2	2.7	636.8
0.2	3.9	252.3	10.2	3.3	636.8
0.0	8.9	233.8	10.2	3.7	636.8
0.6	15.1	277.2	10.2	4.8	636.8
3.4	14.9	112.7	10.2	3.6	636.8
5.1	11.1	69.1	10.2	2.0	636.8
1.2	9.3	27.4	10.2	1.9	636.8
1.7	13.3	116.6	10.2	3.6	636.8
0.0	6.7	230.2	10.2	4.2	636.8
0.0	1.5	299.7	10.2	2.3	636.8
0.0	3.6	296.8	10.2	2.9	636.8
0.0	7.5	273.1	10.2	3.7	636.8
0.2	10.1	181.6	10.2	4.0	636.8
0.0	6.0	293.8	10.2	3.2	636.8
0.0	4.5	299.5	10.2	3.2	636.8
0.0	5.0	299.6	10.2	3.3	636.8
0.0	6.7	303.7	10.2	4.1	636.8
0.0	7.6	298.5	10.2	4.1	636.8
0.0	3.4	307.0	10.2	3.2	640.2
0.0	4.7	305.9	10.2	3.5	640.2
0.0	7.2	308.7	10.2	4.6	640.2
0.0	8.3	302.1	10.2	4.4	640.2
0.0	10.6	293.9	10.3	4.8	640.2
0.0	10.5	305.4	10.3	4.8	640.2
0.0	5.7	304.0	10.3	3.4	640.2
1.0	3.9	143.9	10.3	2.1	640.2
0.0	4.6	271.0	10.3	3.1	640.2
6.0	10.4	269.2	10.3	4.7	640.2
0.0	5.3	205.7	10.3	3.3	640.2
0.0	1.1	318.0	10.3	2.0	640.2
1.7	3.1	90.8	10.4	2.0	640.2
6.0	4.5	22.7	10.4	1.9	640.2
1.0	2.3	73.6	10.4	1.5	640.2
0.0	2.2	204.0	10.4	2.4	640.2
0.0	2.0	72.4	10.4	2.5	640.2
0.4	7.6	276.8	10.4	4.0	640.2
0.0	7.4	214.0	10.5	3.7	640.2
0.0	7.9	190.6	10.5	3.8	640.2
0.0	7.0	330.3	10.5	4.2	640.2
0.0	-0.5	120.0	10.5	2.1	640.2
0.0	-3.6	352.0	10.5	2.5	640.2
0.0	-5.2	355.1	10.6	1.9	640.2
0.0	3.4	341.1	10.6	4.3	640.2
0.0	6.4	349.9	10.6	4.4	640.2
1.3	9.2	188.4	10.6	4.0	640.2
0.0	10.7	342.7	10.6	4.9	640.2
0.0	8.3	358.0	10.7	4.5	640.2
0.0	12.2	355.0	10.7	6.3	640.2
0.0	12.5	352.3	10.7	5.6	640.2
0.0	15.2	340.8	10.7	5.7	642.0
7.3	17.3	185.2	10.8	5.6	642.0
9.0	10.6	53.1	10.8	4.8	642.0
0.0	4.5	368.1	10.8	3.0	642.0
7.8	6.4	345.2	10.8	3.5	642.0
0.1	6.1	268.1	10.9	4.0	642.0
0.1	5.3	383.3	10.9	3.9	642.0
11.4	8.9	299.5	10.9	5.0	642.0
0.6	3.8	93.6	10.9	3.0	642.0
0.0	6.9	346.6	11.0	4.2	642.0
8.7	9.8	202.0	11.0	4.0	642.0
1.1	8.7	119.3	11.0	3.6	642.0
0.2	8.7	339.8	11.1	4.7	642.0
0.1	10.5	307.1	11.1	5.1	642.0
24.7	15.1	172.9	11.1	5.1	642.0
0.8	9.9	71.5	11.1	4.6	642.0
0.0	7.5	170.1	11.2	3.2	642.0
0.0	6.5	418.0	11.2	4.3	642.0
0.0	9.7	411.2	11.2	5.5	642.0
0.0	12.4	363.9	11.3	6.0	642.0
0.0	10.7	417.3	11.3	6.0	642.0
0.0	14.4	416.2	11.3	6.7	642.0
11.8	14.0	135.3	11.3	6.0	642.0
10.0	14.2	48.1	11.4	4.7	642.0
2.1	8.0	53.3	11.4	4.0	642.0
0.1	4.9	313.3	11.4	3.8	642.0
0.0	6.2	404.1	11.5	4.3	642.0
1.0	10.4	429.5	11.5	5.5	642.0
0.6	5.8	410.0	11.5	5.1	642.8
0.1	1.9	336.9	11.5	3.3	642.8
0.0	6.4	471.7	11.6	5.6	642.8
0.0	11.6	392.7	11.6	6.4	642.8
0.0	11.6	457.0	11.6	6.7	642.8
0.2	13.0	261.2	11.7	6.2	642.8
0.0	9.4	478.4	11.7	6.3	642.8
0.0	6.7	492.5	11.7	5.2	642.8
0.0	9.1	482.0	11.8	6.1	642.8
0.2	11.7	468.3	11.8	6.9	642.8
0.8	8.8	72.2	11.8	4.0	642.8
0.8	15.2	447.6	11.8	7.9	642.8
3.1	12.6	62.7	11.9	3.2	642.8
0.1	14.8	200.2	11.9	6.7	642.8
0.0	16.1	313.4	11.9	6.7	642.8
0.0	17.6	487.6	12.0	8.9	642.8
24.3	20.3	485.3	12.0	9.4	642.8
12.2	14.6	48.8	12.0	7.0	642.8
0.0	10.0	524.3	12.1	5.5	642.8
15.1	13.8	305.1	12.1	6.3	642.8
2.1	18.6	107.1	12.1	7.1	642.8
5.4	22.1	285.9	12.2	6.6	642.8
9.9	10.1	60.6	12.2	8.7	642.8
0.0	7.6	227.3	12.2	4.0	642.8
51.0	14.9	209.0	12.2	7.6	642.8
32.3	3.4	35.8	12.3	5.1	642.8
0.1	2.1	255.1	12.3	4.1	642.8
0.0	8.4	532.5	12.3	6.7	642.8
0.0	8.8	351.4	12.4	5.1	642.8
0.2	10.4	360.7	12.4	5.1	642.8
27.5	15.6	104.7	12.4	5.4	642.8
9.2	17.2	73.7	12.5	4.8	643.4
1.9	20.4	264.1	12.5	8.0	643.4
12.1	22.5	478.3	12.5	9.8	643.4
18.6	8.6	48.5	12.6	6.7	643.4
2.7	9.3	191.6	12.6	4.8	643.4
48.6	6.0	41.4	12.6	3.0	643.4
22.5	5.8	52.0	12.6	1.9	643.4
9.3	7.4	64.5	12.7	2.6	643.4
8.5	10.7	216.1	12.7	5.5	643.4
1.8	11.5	144.4	12.7	4.5	643.4
1.2	16.8	351.6	12.8	8.6	643.4
4.2	18.9	176.2	12.8	6.8	643.4
6.0	22.1	307.8	12.8	8.9	643.4
0.6	14.9	154.6	12.8	9.5	643.4
9.5	17.3	255.1	12.9	8.3	643.4
19.2	14.0	63.3	12.9	6.1	643.4
30.6	13.6	50.5	12.9	7.2	643.4
6.7	19.3	442.4	13.0	12.1	643.4
1.2	10.4	187.9	13.0	5.2	643.4
2.9	12.1	179.9	13.0	5.4	643.4
0.3	19.7	268.0	13.0	9.3	643.4
1.0	22.9	356.9	13.1	10.8	643.4
0.0	15.9	410.3	13.1	8.9	643.4
0.0	17.0	591.9	13.1	7.5	643.4
0.0	19.3	546.5	13.2	9.5	643.4
3.1	20.1	566.2	13.2	10.3	643.4
63.4	14.7	61.0	13.2	3.8	643.4
1.8	14.8	148.1	13.2	4.3	643.4
0.4	16.1	413.8	13.3	8.0	643.4
0.8	17.4	212.3	13.3	7.1	643.4
1.5	18.1	103.7	13.3	5.7	644.3
0.7	21.7	339.6	13.3	8.8	644.3
8.3	23.0	185.9	13.4	7.2	644.3
1.0	23.4	266.4	13.4	8.0	644.3
0.5	24.5	494.1	13.4	8.8	644.3
0.0	27.5	546.9	13.4	10.5	644.3
0.4	28.5	557.7	13.5	9.1	644.3
13.1	24.5	305.7	13.5	8.5	644.3
8.8	25.4	494.3	13.5	9.9	644.3
36.0	25.2	481.5	13.5	8.9	644.3
11.2	20.6	82.6	13.6	10.5	644.3
0.8	16.2	342.7	13.6	8.3	644.3
0.0	18.9	604.9	13.6	8.7	644.3
5.9	16.5	117.3	13.6	5.1	644.3
0.1	20.7	481.3	13.6	9.5	644.3
0.1	22.7	386.9	13.7	9.9	644.3
6.8	24.2	340.2	13.7	9.4	644.3
6.8	25.4	229.6	13.7	8.5	644.3
24.2	25.8	336.3	13.7	8.6	644.3
19.2	26.0	232.5	13.8	10.1	644.3
12.9	26.0	299.8	13.8	9.4	644.3
0.9	23.4	151.2	13.8	6.2	644.3
16.5	26.2	350.9	13.8	8.9	644.3
1.0	25.1	248.1	13.8	8.2	644.3
0.2	22.9	471.0	13.8	10.3	644.3
23.6	20.0	68.5	13.9	4.9	644.3
23.3	24.0	104.4	13.9	8.3	644.3
3.8	18.4	129.4	13.9	9.2	644.3
0.1	19.4	651.3	13.9	9.8	644.3
0.0	21.9	656.0	13.9	11.4	644.3
0.0	22.4	580.4	13.9	11.6	644.3
25.4	22.0	234.1	13.9	8.9	642.9
24.2	21.5	20.9	14.0	4.6	642.9
11.6	23.5	93.0	14.0	6.1	642.9
1.7	23.3	165.9	14.0	6.2	642.9
22.1	23.8	80.5	14.0	5.7	642.9
1.6	21.9	89.0	14.0	7.7	642.9
1.2	21.5	351.8	14.0	7.2	642.9
0.7	21.4	476.9	14.0	9.8	642.9
0.9	21.0	353.2	14.0	8.1	642.9
0.9	21.8	412.4	14.0	8.8	642.9
0.5	23.3	457.7	14.0	10.1	642.9
0.5	24.4	537.7	14.1	10.2	642.9
3.1	24.5	411.9	14.1	9.2	642.9
0.5	25.4	511.2	14.1	10.7	642.9
1.4	26.1	568.5	14.1	10.3	642.9
15.9	25.2	417.7	14.1	9.3	642.9
4.5	23.7	145.1	14.1	8.5	642.9
4.0	22.7	187.0	14.1	7.7	642.9
11.7	22.2	29.1	14.1	4.9	642.9
11.6	22.0	57.8	14.1	3.3	642.9
14.1	20.9	23.2	14.1	5.4	642.9
0.9	20.5	190.1	14.1	8.6	642.9
0.0	22.5	400.8	14.1	9.0	642.9
0.0	21.4	356.2	14.1	8.5	642.9
20.3	24.0	551.5	14.1	9.4	642.9
47.7	22.0	51.1	14.1	2.9	642.9
6.8	21.8	45.2	14.1	3.5	642.9
0.1	24.1	525.9	14.1	9.2	642.9
4.4	25.7	482.1	14.1	8.7	642.9
6.4	25.9	236.7	14.1	9.3	642.9
1.6	27.8	637.9	14.1	11.1	639.1
1.3	28.3	638.1	14.0	11.0	639.1
11.7	27.8	618.1	14.0	11.4	639.1
15.7	27.8	589.4	14.0	10.1	639.1
15.8	27.4	468.6	14.0	10.4	639.1
6.8	27.7	542.2	14.0	10.7	639.1
13.6	27.5	449.3	14.0	10.6	639.1
14.6	27.7	564.3	14.0	11.4	639.1
7.7	28.2	605.4	14.0	11.8	639.1
4.8	28.1	600.2	14.0	11.5	639.1
8.2	27.4	399.3	14.0	9.2	639.1
12.1	27.3	367.2	14.0	9.2	639.1
11.6	27.6	438.6	13.9	10.5	639.1
13.1	27.8	545.6	13.9	10.4	639.1
7.6	28.0	599.6	13.9	11.2	639.1
6.6	28.4	594.5	13.9	11.3	639.1
6.1	28.4	550.8	13.9	10.9	639.1
1.7	29.1	614.0	13.9	11.3	639.1
3.0	29.2	616.1	13.8	10.9	639.1
0.1	30.1	602.3	13.8	11.1	639.1
0.8	30.4	593.8	13.8	11.5	639.1
11.1	29.0	518.5	13.8	12.8	639.1
2.8	28.8	622.3	13.8	11.8	639.1
10.1	28.0	538.5	13.8	11.0	639.1
17.6	27.6	530.1	13.7	9.7	639.1
1.9	28.3	507.5	13.7	10.4	639.1
0.0	28.9	610.2	13.7	10.8	639.1
0.0	29.6	611.1	13.7	11.3	639.1
0.0	30.6	602.8	13.7	11.8	639.1
0.0	31.5	598.4	13.6	11.6	639.1
9.5	30.1	519.6	13.6	12.6	639.1
11.9	28.6	384.5	13.6	9.5	638.1
21.9	27.3	243.8	13.6	8.5	638.1
26.5	27.4	409.3	13.6	8.8	638.1
7.7	28.1	494.1	13.5	10.5	638.1
12.3	28.0	466.8	13.5	9.0	638.1
11.7	28.1	550.1	13.5	10.7	638.1
0.0	28.5	533.5	13.5	9.6	638.1
0.6	29.2	560.2	13.4	8.8	638.1
0.7	29.5	490.5	13.4	9.3	638.1
0.5	30.1	538.7	13.4	10.5	638.1
0.3	30.2	594.6	13.4	11.0	638.1
3.3	29.4	575.2	13.3	12.1	638.1
14.2	28.6	574.6	13.3	10.2	638.1
17.8	26.5	416.6	13.3	8.1	638.1
15.2	26.9	492.9	13.3	7.3	638.1
11.5	27.0	437.0	13.2	8.1	638.1
18.2	26.7	535.1	13.2	8.9	638.1
15.7	26.8	483.8	13.2	8.6	638.1
18.5	26.5	347.3	13.2	8.2	638.1
10.6	25.9	102.7	13.1	6.4	638.1
23.6	26.4	238.8	13.1	8.1	638.1
16.3	25.9	171.5	13.1	7.7	638.1
17.6	26.2	391.3	13.0	8.4	638.1
19.4	26.8	444.5	13.0	8.8	638.1
1.6	27.4	550.1	13.0	9.7	638.1
15.4	27.1	461.8	13.0	9.4	638.1
19.8	26.7	384.0	12.9	8.7	638.1
12.1	26.8	267.6	12.9	8.5	638.1
23.2	26.6	437.7	12.9	9.0	638.1
11.4	26.5	445.6	12.8	8.1	638.1
3.7	25.3	261.8	12.8	7.2	638.1
1.1	23.3	69.7	12.8	4.6	640.1
0.3	24.4	449.7	12.8	7.3	640.1
0.6	25.7	223.3	12.7	7.2	640.1
5.1	25.3	180.1	12.7	6.5	640.1
1.8	25.4	213.0	12.7	6.0	640.1
0.8	26.0	434.8	12.6	7.7	640.1
0.0	24.8	532.0	12.6	9.0	640.1
0.0	25.7	533.8	12.6	9.7	640.1
0.1	26.7	519.7	12.6	9.5	640.1
0.3	27.4	487.8	12.5	9.2	640.1
0.2	27.6	479.7	12.5	9.3	640.1
0.2	28.5	439.0	12.5	9.1	640.1
0.6	28.9	420.6	12.4	8.5	640.1
0.3	29.0	376.5	12.4	9.0	640.1
0.3	29.2	494.8	12.4	9.3	640.1
8.7	27.1	455.1	12.3	9.6	640.1
1.6	23.7	289.1	12.3	8.7	640.1
0.1	23.4	450.3	12.3	7.9	640.1
0.0	23.3	512.6	12.3	8.5	640.1
0.0	23.7	500.1	12.2	8.7	640.1
0.0	24.0	478.3	12.2	8.6	640.1
0.0	22.6	396.5	12.2	8.6	640.1
0.0	22.2	505.3	12.1	9.0	640.1
0.0	22.2	511.6	12.1	9.3	640.1
0.0	23.2	505.7	12.1	10.1	640.1
0.0	23.3	502.4	12.0	10.1	640.1
0.0	24.3	489.2	12.0	10.1	640.1
0.0	24.2	479.2	12.0	9.6	640.1
0.0	23.3	479.2	12.0	9.1	640.1
0.0	24.0	458.4	11.9	9.0	640.1
2.4	23.3	366.3	11.9	8.6	641.2
0.6	17.9	97.9	11.9	5.7	641.2
0.4	22.7	417.4	11.8	7.9	641.2
4.8	20.8	57.0	11.8	3.9	641.2
9.5	21.1	26.9	11.8	4.2	641.2
2.5	21.6	94.4	11.7	5.7	641.2
1.1	18.9	127.6	11.7	5.5	641.2
0.1	19.2	354.5	11.7	6.9	641.2
0.0	20.1	423.7	11.7	6.8	641.2
3.1	20.7	301.5	11.6	5.5	641.2
4.2	19.1	22.9	11.6	2.9	641.2
6.6	20.6	116.1	11.6	4.7	641.2
0.4	21.2	388.6	11.5	6.9	641.2
0.0	20.9	408.4	11.5	7.2	641.2
0.0	20.8	416.1	11.5	7.1	641.2
0.0	21.4	416.3	11.4	7.3	641.2
0.0	21.0	417.8	11.4	7.6	641.2
0.0	22.5	409.8	11.4	7.9	641.2
0.0	17.5	389.2	11.4	6.5	641.2
0.0	17.4	418.6	11.3	6.3	641.2
0.0	19.4	412.3	11.3	6.6	641.2
0.0	20.2	406.4	11.3	6.3	641.2
0.0	16.7	399.2	11.2	5.4	641.2
0.0	17.1	396.2	11.2	5.9	641.2
0.0	18.5	348.9	11.2	6.4	641.2
0.0	18.2	389.2	11.2	6.5	641.2
0.0	17.6	390.5	11.1	6.3	641.2
0.0	18.1	390.4	11.1	6.2	641.2
0.0	16.0	378.8	11.1	5.6	641.2
0.0	16.0	321.1	11.0	5.4	641.2
0.0	15.9	386.0	11.0	6.2	641.2
0.0	14.8	386.4	11.0	6.2	643.0
0.0	16.3	380.7	11.0	6.2	643.0
0.0	17.8	372.3	10.9	6.8	643.0
0.0	15.9	370.0	10.9	5.7	643.0
0.0	15.6	175.4	10.9	4.3	643.0
0.0	16.6	360.3	10.9	5.9	643.0
0.1	19.5	226.9	10.8	6.1	643.0
5.3	20.9	155.0	10.8	6.3	643.0
1.9	15.4	259.6	10.8	5.7	643.0
0.1	7.2	107.2	10.8	2.2	643.0
0.0	8.6	361.3	10.7	4.2	643.0
0.0	9.0	359.8	10.7	4.4	643.0
0.0	10.9	108.7	10.7	3.6	643.0
0.0	12.7	348.0	10.7	5.2	643.0
0.0	13.3	350.7	10.6	5.6	643.0
0.0	14.9	280.5	10.6	5.8	643.0
0.1	18.1	322.6	10.6	6.7	643.0
0.4	15.6	223.9	10.6	4.8	643.0
0.0	17.3	318.4	10.6	5.0	643.0
3.3	19.7	169.5	10.5	4.8	643.0
0.1	21.1	279.3	10.5	5.9	643.0
3.3	20.3	179.9	10.5	5.5	643.0
2.2	21.8	274.8	10.5	5.8	643.0
7.9	15.8	24.0	10.5	4.8	643.0
6.3	10.9	22.0	10.4	1.6	643.0
0.3	15.8	95.1	10.4	3.5	643.0
10.0	20.8	125.5	10.4	4.3	643.0
5.9	13.8	30.8	10.4	4.7	643.0
12.3	12.1	31.7	10.4	1.9	643.0
8.8	13.6	58.1	10.4	2.4	643.0
21.1	4.7	13.4	10.3	3.7	645.8
4.9	3.1	43.3	10.3	1.4	645.8
0.2	3.5	107.5	10.3	2.1	645.8
0.1	0.4	220.2	10.3	2.0	645.8
0.0	1.6	280.6	10.3	2.5	645.8
0.1	4.2	298.5	10.3	3.2	645.8
0.2	4.6	258.0	10.3	3.4	645.8
0.0	6.0	228.4	10.3	3.7	645.8
0.1	4.7	302.2	10.2	3.2	645.8
0.0	6.0	263.7	10.2	3.8	645.8
0.1	8.8	305.2	10.2	4.3	645.8
0.2	11.8	287.1	10.2	4.7	645.8
0.1	7.9	142.5	10.2	3.0	645.8
0.3	3.0	59.2	10.2	2.0	645.8
0.0	3.4	300.2	10.2	2.8	645.8
0.0	5.7	298.9	10.2	3.7	645.8
0.0	8.6	286.2	10.2	4.1	645.8
0.0	3.0	270.6	10.2	2.5	645.8
0.0	1.1	301.8	10.2	2.5	645.8
0.0	0.1	301.0	10.2	2.2	645.8
0.0	0.1	305.2	10.2	2.4	645.8
0.0	0.1	305.7	10.2	2.6	645.8
0.0	0.6	292.7	10.2	2.6	645.8
0.0	0.7	181.8	10.2	2.7	645.8
0.0	1.9	300.5	10.2	3.2	645.8
0.0	3.0	302.2	10.2	3.2	645.8
0.0	3.0	171.0	10.2	3.0	645.8
0.0	5.6	291.0	10.2	3.7	645.8
2.4	6.9	124.3	10.2	3.4	645.8
0.0	5.6	298.0	10.2	3.4	645.8
0.0	5.1	291.2	10.2	3.0	645.8
0.3	7.5	165.2	10.2	3.3	649.3
0.0	5.8	303.4	10.2	3.7	649.3
0.0	5.6	304.8	10.2	3.8	649.3
4.2	7.3	304.7	10.2	3.7	649.3
3.9	5.4	52.2	10.3	1.7	649.3
6.8	6.6	51.5	10.3	2.0	649.3
14.4	5.7	11.7	10.3	1.8	649.3
8.0	2.4	16.4	10.3	1.5	649.3
0.8	2.6	136.7	10.3	2.3	649.3
0.5	2.0	182.9	10.3	2.5	649.3
0.0	-1.9	184.1	10.3	1.9	649.3
0.0	-0.9	316.1	10.3	2.2	649.3
7.8	5.4	184.0	10.4	3.3	649.3
1.6	1.5	78.2	10.4	1.9	649.3
0.4	1.2	214.2	10.4	1.9	649.3
8.8	4.5	79.0	10.4	2.4	649.3
1.0	1.4	105.3	10.4	1.9	649.3
0.9	1.6	159.8	10.4	2.5	649.3
0.0	-1.1	333.6	10.5	2.4	649.3
0.0	2.7	311.1	10.5	3.1	649.3
0.1	6.1	331.0	10.5	3.7	649.3
0.0	3.2	157.9	10.5	3.1	649.3
0.0	6.9	333.4	10.5	4.3	649.3
1.1	8.0	149.2	10.6	3.3	649.3
0.2	7.8	338.4	10.6	4.5	649.3
0.4	8.2	298.8	10.6	4.3	649.3
0.2	2.4	73.7	10.6	3.4	649.3
0.2	-1.6	356.8	10.6	1.6	649.3
9.1	-2.7	68.2	10.7	1.1	649.3
0.0	-1.2	327.7	10.7	2.4	649.3
0.1	-1.7	369.3	10.7	2.5	649.3
0.0	-0.7	371.0	10.7	2.7	651.0
0.0	3.4	363.8	10.8	3.8	651.0
0.1	10.1	360.2	10.8	5.2	651.0
8.2	11.9	82.2	10.8	3.4	651.0
24.5	6.7	14.9	10.8	3.1	651.0
26.1	4.4	31.7	10.9	1.8	651.0
1.0	5.6	107.9	10.9	2.1	651.0
2.5	11.2	206.2	10.9	4.8	651.0
17.9	10.8	43.3	10.9	2.7	651.0
16.4	9.5	61.3	11.0	3.9	651.0
0.4	5.0	112.8	11.0	3.2	651.0
14.6	4.2	64.9	11.0	1.9	651.0
5.0	5.7	71.7	11.0	1.9	651.0
6.6	6.0	97.3	11.1	1.9	651.0
12.3	7.7	44.7	11.1	2.9	651.0
0.0	3.6	158.9	11.1	3.9	651.0
0.0	0.6	427.0	11.2	2.6	651.0
0.0	4.4	417.1	11.2	4.2	651.0
0.0	9.7	412.4	11.2	6.4	651.0
0.0	13.8	412.4	11.2	7.2	651.0
3.4	13.9	390.4	11.3	7.0	651.0
0.0	9.5	398.8	11.3	4.9	651.0
0.0	7.6	411.2	11.3	6.2	651.0
0.0	2.5	444.2	11.4	3.3	651.0
0.0	6.9	315.4	11.4	4.5	651.0
0.1	9.7	333.8	11.4	5.2	651.0
0.0	12.4	418.3	11.4	6.0	651.0
10.3	8.8	78.5	11.5	3.6	651.0
19.8	7.6	44.3	11.5	2.6	651.0
13.3	9.5	57.8	11.5	4.4	651.8
4.2	5.6	99.2	11.6	2.6	651.8
0.0	4.8	444.0	11.6	4.6	651.8
0.0	7.2	346.2	11.6	4.8	651.8
0.0	11.7	472.2	11.7	6.5	651.8
0.0	13.9	470.1	11.7	7.3	651.8
6.4	17.2	442.8	11.7	8.2	651.8
2.3	14.8	70.4	11.8	4.4	651.8
1.0	12.8	247.9	11.8	5.0	651.8
0.0	13.4	421.6	11.8	7.1	651.8
0.2	9.5	131.6	11.8	7.2	651.8
0.0	5.6	499.8	11.9	4.5	651.8
0.0	6.3	516.0	11.9	5.3	651.8
0.1	12.5	419.6	11.9	6.7	651.8
15.0	14.4	154.1	12.0	5.9	651.8
3.9	15.6	99.1	12.0	5.1	651.8
7.2	19.3	212.1	12.0	7.5	651.8
22.8	9.4	56.2	12.1	6.8	651.8
24.2	7.1	33.9	12.1	2.9	651.8
4.0	7.4	60.4	12.1	3.4	651.8
4.1	11.0	444.2	12.1	5.9	651.8
2.9	10.9	87.0	12.2	4.5	651.8
0.6	12.3	286.2	12.2	6.0	651.8
0.3	14.3	302.3	12.2	6.8	651.8
0.0	15.8	513.9	12.3	8.3	651.8
4.9	18.8	504.2	12.3	9.0	651.8
3.4	14.8	50.5	12.3	5.0	651.8
0.0	13.6	421.9	12.4	6.0	651.8
4.0	17.3	217.0	12.4	7.3	651.8
13.3	19.0	93.4	12.4	5.1	651.8
4.4	19.7	95.3	12.5	5.0	651.8
5.0	20.9	377.5	12.5	8.8	652.4
3.4	22.2	341.2	12.5	9.5	652.4
11.8	9.9	40.6	12.5	9.8	652.4
2.3	4.5	75.5	12.6	2.3	652.4
2.7	6.5	128.0	12.6	2.6	652.4
8.4	6.4	88.2	12.6	2.3	652.4
15.0	7.8	54.9	12.7	2.6	652.4
0.5	8.3	138.0	12.7	4.2	652.4
0.1	10.9	371.1	12.7	7.1	652.4
0.2	13.9	555.2	12.8	8.8	652.4
0.0	16.4	572.6	12.8	9.3	652.4
0.0	17.3	493.5	12.8	9.3	652.4
0.0	18.7	561.4	12.8	9.9	652.4
0.0	21.0	571.8	12.9	9.8	652.4
5.6	22.6	329.1	12.9	9.0	652.4
6.6	12.7	92.7	12.9	9.9	652.4
0.0	10.0	603.5	13.0	7.0	652.4
0.0	14.7	567.7	13.0	8.7	652.4
0.0	20.8	531.9	13.0	10.7	652.4
7.6	22.6	509.1	13.0	10.3	652.4
52.2	15.4	59.6	13.1	7.7	652.4
48.7	13.0	49.5	13.1	6.0	652.4
0.2	10.0	275.3	13.1	6.4	652.4
0.0	12.5	449.2	13.2	6.4	652.4
0.0	12.2	508.3	13.2	7.6	652.4
0.0	15.0	605.6	13.2	8.1	652.4
2.5	18.4	174.2	13.2	8.7	652.4
2.4	16.4	138.1	13.3	9.3	652.4
0.0	12.9	389.1	13.3	7.5	652.4
0.0	15.0	620.0	13.3	8.9	652.4
2.3	18.0	435.7	13.3	8.9	653.3
34.0	19.3	85.7	13.4	6.7	653.3
36.2	21.3	105.3	13.4	9.2	653.3
0.0	14.6	626.8	13.4	6.9	653.3
0.0	17.0	273.9	13.4	6.6	653.3
4.0	20.8	548.3	13.5	9.1	653.3
16.1	20.2	122.7	13.5	7.5	653.3
0.0	15.7	654.2	13.5	8.4	653.3
0.0	17.5	644.8	13.5	9.7	653.3
2.9	23.0	538.7	13.6	10.7	653.3
3.2	19.6	121.5	13.6	8.7	653.3
0.1	19.7	488.7	13.6	9.9	653.3
0.1	22.3	631.8	13.6	10.2	653.3
42.6	22.9	375.5	13.6	7.6	653.3
5.8	21.1	43.9	13.7	7.5	653.3
0.3	19.4	252.1	13.7	7.5	653.3
0.0	20.4	616.2	13.7	9.8	653.3
0.2	22.2	617.0	13.7	10.7	653.3
0.8	23.2	609.0	13.7	10.9	653.3
0.0	19.4	452.1	13.8	10.5	653.3
0.0	20.7	504.0	13.8	9.9	653.3
0.0	23.7	653.8	13.8	11.7	653.3
0.0	25.2	637.6	13.8	12.2	653.3
0.5	26.5	601.0	13.8	10.8	653.3
6.0	24.4	139.0	13.9	6.9	653.3
4.6	26.2	352.6	13.9	9.2	653.3
33.1	24.2	201.2	13.9	10.8	653.3
1.1	19.6	202.8	13.9	5.4	653.3
0.7	21.1	496.3	13.9	8.8	653.3
0.1	22.5	607.2	13.9	11.0	653.3
0.1	24.1	635.7	13.9	12.0	653.3
0.2	24.7	649.2	14.0	11.0	651.9
1.4	26.0	606.4	14.0	10.4	651.9
1.5	21.2	152.6	14.0	9.2	651.9
0.2	18.8	351.9	14.0	8.6	651.9
0.0	20.4	625.4	14.0	9.4	651.9
0.0	20.7	355.0	14.0	7.8	651.9
0.9	18.3	117.2	14.0	6.2	651.9
0.0	20.1	585.0	14.0	10.7	651.9
0.0	22.3	671.5	14.0	11.1	651.9
0.0	24.7	627.5	14.0	12.4	651.9
0.0	25.2	423.7	14.1	11.1	651.9
0.2	26.3	383.9	14.1	10.5	651.9
15.4	25.4	502.1	14.1	10.8	651.9
11.0	24.6	431.1	14.1	11.8	651.9
2.8	25.6	613.5	14.1	11.4	651.9
0.0	27.4	602.5	14.1	11.2	651.9
3.4	27.3	336.1	14.1	10.2	651.9
9.0	24.6	31.6	14.1	3.1	651.9
17.4	26.0	339.8	14.1	9.0	651.9
7.0	22.5	66.6	14.1	7.2	651.9
0.2	22.5	428.1	14.1	9.6	651.9
0.1	22.7	626.1	14.1	10.8	651.9
0.0	23.3	626.6	14.1	10.0	651.9
0.0	24.4	521.0	14.1	10.4	651.9
0.0	25.2	585.2	14.1	10.3	651.9
0.7	26.8	404.4	14.1	10.1	651.9
28.8	25.8	412.4	14.1	8.5	651.9
17.9	26.0	295.4	14.1	7.1	651.9
18.7	27.0	411.6	14.1	9.2	651.9
29.9	27.7	394.5	14.1	9.2	651.9
27.5	27.5	396.8	14.1	8.3	648.1
37.7	26.1	208.5	14.0	7.5	648.1
12.8	27.3	536.5	14.0	11.0	648.1
7.2	26.8	309.4	14.0	9.5	648.1
8.9	24.2	36.1	14.0	4.8	648.1
0.2	26.0	235.7	14.0	8.3	648.1
6.1	26.5	270.5	14.0	8.5	648.1
21.0	27.0	454.1	14.0	10.4	648.1
0.6	27.9	630.5	14.0	11.1	648.1
21.8	27.3	499.3	14.0	8.9	648.1
20.0	27.1	338.9	14.0	8.9	648.1
22.4	25.5	135.3	13.9	6.7	648.1
28.8	25.5	118.3	13.9	5.9	648.1
12.4	25.7	89.5	13.9	6.3	648.1
20.7	26.2	222.3	13.9	8.3	648.1
38.4	25.9	371.0	13.9	8.5	648.1
0.7	27.8	588.3	13.9	10.4	648.1
13.8	26.2	158.0	13.9	7.3	648.1
5.2	26.5	148.0	13.8	8.6	648.1
19.1	27.7	378.2	13.8	9.8	648.1
15.9	28.1	386.4	13.8	10.1	648.1
12.4	28.7	527.7	13.8	10.1	648.1
4.6	29.2	601.0	13.8	10.1	648.1
8.7	29.0	585.0	13.7	10.6	648.1
5.4	29.3	553.7	13.7	11.3	648.1
14.9	28.7	551.6	13.7	11.4	648.1
12.1	28.2	490.6	13.7	10.2	648.1
9.7	28.3	573.9	13.7	10.7	648.1
6.7	28.1	566.2	13.6	10.8	648.1
4.8	28.5	581.7	13.6	11.4	648.1
7.4	28.4	549.1	13.6	10.5	648.1
10.8	28.2	380.0	13.6	9.1	647.1
11.5	28.1	320.2	13.6	8.9	647.1
12.0	27.9	344.5	13.5	9.4	647.1
13.5	27.9	435.4	13.5	9.5	647.1
17.3	27.8	478.5	13.5	9.1	647.1
7.1	28.1	517.1	13.5	9.9	647.1
8.6	28.2	469.5	13.4	9.8	647.1
10.4	28.5	410.5	13.4	9.7	647.1
9.2	28.1	325.6	13.4	9.0	647.1
4.9	28.1	411.1	13.4	9.9	647.1
8.7	27.0	224.1	13.3	8.1	647.1
3.9	27.2	437.3	13.3	9.5	647.1
2.1	28.0	466.3	13.3	10.1	647.1
6.1	27.8	502.8	13.3	10.0	647.1
10.8	26.2	264.1	13.2	8.4	647.1
2.7	25.6	403.8	13.2	8.9	647.1
0.0	24.9	536.1	13.2	9.3	647.1
0.0	25.1	597.4	13.2	10.2	647.1
0.0	26.0	596.2	13.1	11.0	647.1
0.0	27.2	585.8	13.1	11.5	647.1
0.0	28.5	421.4	13.1	8.7	647.1
11.1	28.0	350.0	13.0	11.3	647.1
8.0	27.5	444.5	13.0	9.1	647.1
24.3	27.2	374.2	13.0	7.6	647.1
26.5	27.3	381.1	13.0	8.2	647.1
22.1	27.2	415.0	12.9	8.6	647.1
18.2	27.1	395.6	12.9	8.8	647.1
0.3	26.8	470.4	12.9	9.0	647.1
1.0	27.0	489.5	12.9	8.5	647.1
0.0	25.8	437.7	12.8	8.4	647.1
0.6	25.3	304.4	12.8	7.5	647.1
0.5	25.9	92.4	12.8	6.0	649.2
1.0	26.6	228.1	12.7	6.6	649.2
1.3	26.3	261.3	12.7	6.6	649.2
0.7	26.0	283.0	12.7	6.7	649.2
0.6	26.4	420.0	12.6	8.0	649.2
0.9	25.9	396.1	12.6	7.7	649.2
0.5	26.0	339.0	12.6	7.5	649.2
0.4	26.6	378.4	12.6	8.4	649.2
2.4	26.5	199.3	12.5	7.0	649.2
1.0	25.0	208.0	12.5	8.0	649.2
0.1	25.3	293.5	12.5	8.2	649.2
0.1	27.3	494.6	12.4	8.6	649.2
0.4	28.7	436.3	12.4	9.1	649.2
1.1	27.0	282.0	12.4	8.1	649.2
0.2	26.2	236.9	12.4	7.2	649.2
0.0	24.0	520.6	12.3	9.5	649.2
0.0	24.4	515.2	12.3	9.5	649.2
0.0	24.7	363.7	12.3	8.6	649.2
0.0	25.0	500.0	12.2	10.4	649.2
0.0	24.4	512.7	12.2	10.0	649.2
0.0	24.3	501.2	12.2	9.9	649.2
0.0	24.8	496.0	12.1	9.8	649.2
0.0	24.7	379.6	12.1	9.1	649.2
0.0	25.4	410.8	12.1	9.2	649.2
3.6	24.0	290.3	12.1	8.5	649.2
0.0	20.4	324.6	12.0	8.1	649.2
0.0	18.8	369.5	12.0	8.1	649.2
0.0	19.7	495.4	12.0	8.0	649.2
0.0	20.9	489.4	11.9	9.9	649.2
0.0	21.4	481.2	11.9	9.5	649.2
0.0	21.0	485.9	11.9	9.2	650.4
0.0	21.5	474.9	11.8	8.7	650.4
0.0	21.8	466.2	11.8	8.8	650.4
0.0	22.2	453.2	11.8	7.8	650.4
0.0	21.6	378.0	11.7	9.3	650.4
0.0	22.1	461.0	11.7	9.2	650.4
0.0	23.6	365.6	11.7	8.5	650.4
0.0	23.8	444.8	11.7	8.9	650.4
0.0	23.4	438.7	11.6	8.6	650.4
0.0	23.4	432.8	11.6	8.2	650.4
0.0	22.6	378.6	11.6	8.1	650.4
0.0	22.3	434.9	11.5	8.2	650.4
0.0	22.1	436.8	11.5	8.0	650.4
0.0	23.0	415.2	11.5	8.5	650.4
0.0	23.3	418.9	11.5	8.4	650.4
0.0	24.0	421.9	11.4	8.7	650.4
0.0	23.7	417.8	11.4	8.4	650.4
0.0	23.9	410.5	11.4	8.2	650.4
0.0	24.3	398.9	11.3	7.9	650.4
4.1	24.3	367.0	11.3	7.5	650.4
0.1	18.9	195.5	11.3	6.8	650.4
0.0	15.9	378.6	11.3	5.6	650.4
0.0	16.9	404.9	11.2	6.3	650.4
0.0	18.6	397.9	11.2	6.9	650.4
0.0	19.6	401.3	11.2	7.3	650.4
0.0	20.8	367.8	11.1	6.7	650.4
0.0	20.8	323.8	11.1	6.9	650.4
0.0	17.0	389.5	11.1	6.4	650.4
0.0	17.1	359.5	11.1	6.0	650.4
0.0	19.8	377.7	11.0	6.9	650.4
2.7	21.2	219.6	11.0	6.0	650.4
32.4	16.9	14.6	11.0	3.4	652.1
29.2	15.6	19.0	10.9	1.6	652.1
0.4	14.9	71.7	10.9	2.9	652.1
0.3	15.7	169.8	10.9	3.4	652.1
0.3	14.6	302.4	10.9	4.9	652.1
0.1	14.7	335.9	10.8	5.2	652.1
0.0	15.9	166.2	10.8	3.7	652.1
0.0	17.9	133.4	10.8	4.0	652.1
0.8	19.6	262.9	10.8	5.4	652.1
14.0	18.3	229.6	10.7	4.8	652.1
1.6	14.9	88.4	10.7	4.1	652.1
0.1	9.3	174.4	10.7	3.0	652.1
0.7	11.9	229.8	10.7	3.6	652.1
15.8	13.1	20.4	10.7	2.4	652.1
19.5	12.0	18.3	10.6	2.2	652.1
10.3	13.4	17.5	10.6	1.6	652.1
0.7	12.2	97.2	10.6	3.2	652.1
3.1	14.9	204.2	10.6	3.9	652.1
2.8	15.3	42.8	10.5	2.4	652.1
9.3	15.5	83.7	10.5	4.1	652.1
2.7	14.2	22.1	10.5	1.4	652.1
3.2	15.5	77.1	10.5	2.5	652.1
1.4	9.9	82.5	10.5	4.7	652.1
0.0	5.8	210.0	10.4	2.4	652.1
1.0	6.2	76.6	10.4	3.0	652.1
0.0	3.5	316.1	10.4	2.7	652.1
0.0	3.5	300.4	10.4	2.6	652.1
7.2	5.4	184.3	10.4	2.5	652.1
26.3	9.3	24.9	10.4	2.2	652.1
0.4	5.8	69.0	10.3	2.8	652.1
0.1	6.1	313.8	10.3	3.2	655.0
0.6	7.7	150.3	10.3	2.7	655.0
1.1	5.8	66.9	10.3	2.7	655.0
1.4	5.2	107.3	10.3	2.2	655.0
2.9	6.5	69.2	10.3	2.1	655.0
0.2	5.5	241.8	10.3	2.7	655.0
1.6	7.6	129.6	10.3	3.0	655.0
0.2	6.1	271.9	10.3	3.3	655.0
0.1	7.6	239.0	10.2	3.9	655.0
0.7	12.3	142.6	10.2	4.3	655.0
5.9	12.8	75.9	10.2	2.5	655.0
0.1	15.0	231.3	10.2	4.4	655.0
12.4	16.8	190.7	10.2	4.2	655.0
7.6	4.7	36.5	10.2	4.9	655.0
0.4	-0.4	235.7	10.2	1.7	655.0
0.1	-0.1	218.9	10.2	1.7	655.0
0.9	3.0	149.2	10.2	2.2	655.0
0.0	3.3	295.9	10.2	2.8	655.0
0.2	3.3	194.4	10.2	3.1	655.0
0.1	5.7	271.3	10.2	3.8	655.0
0.1	7.6	229.3	10.2	4.0	655.0
0.0	5.2	270.1	10.2	3.1	655.0
0.0	8.5	290.3	10.2	3.8	655.0
0.2	12.6	288.6	10.2	4.5	655.0
0.1	15.4	121.5	10.2	4.0	655.0
9.9	14.5	122.5	10.2	5.6	655.0
10.1	3.3	22.1	10.2	1.8	655.0
0.8	4.1	125.6	10.2	1.9	655.0
0.4	4.3	112.1	10.2	1.9	655.0
44.2	1.8	62.1	10.2	1.6	655.0
5.0	-2.0	61.7	10.2	1.8	655.0
0.2	-2.0	273.6	10.2	1.7	658.5
0.0	-2.4	128.6	10.2	1.1	658.5
0.1	0.3	303.0	10.2	2.5	658.5
0.0	0.9	295.6	10.3	2.9	658.5
0.0	-2.6	310.2	10.3	1.9	658.5
0.0	-3.1	301.3	10.3	1.5	658.5
0.0	-2.8	232.0	10.3	1.7	658.5
0.0	-2.0	321.3	10.3	2.3	658.5
0.3	2.7	308.9	10.3	3.3	658.5
0.5	5.7	122.7	10.3	3.1	658.5
0.9	5.4	90.6	10.3	2.2	658.5
3.0	6.8	82.5	10.4	2.6	658.5
12.7	3.4	14.7	10.4	1.8	658.5
0.3	-0.9	111.0	10.4	2.0	658.5
0.0	0.8	309.4	10.4	2.8	658.5
2.6	4.8	176.8	10.4	3.3	658.5
6.1	3.0	45.1	10.4	2.3	658.5
0.1	4.1	246.7	10.5	3.3	658.5
0.0	2.9	340.0	10.5	3.0	658.5
0.0	6.0	336.6	10.5	3.9	658.5
0.2	8.8	208.1	10.5	4.0	658.5
0.0	9.2	329.7	10.5	4.2	658.5
0.0	4.9	344.9	10.5	3.5	658.5
0.0	7.7	198.0	10.6	3.7	658.5
0.3	8.5	36.7	10.6	2.3	658.5
0.8	13.0	129.5	10.6	3.6	658.5
0.2	14.5	99.6	10.6	3.2	658.5
2.4	15.7	250.6	10.7	4.9	658.5
18.1	3.9	110.5	10.7	5.5	658.5
0.0	1.0	357.9	10.7	2.5	658.5
0.1	5.5	360.5	10.7	4.2	658.5
0.1	7.0	316.9	10.8	4.7	660.3
1.5	10.6	325.1	10.8	4.1	660.3
31.2	9.5	30.9	10.8	4.7	660.3
1.7	-3.0	154.7	10.8	2.4	660.3
0.0	-0.6	192.3	10.9	2.1	660.3
0.1	2.5	330.6	10.9	3.2	660.3
0.1	4.5	380.3	10.9	4.2	660.3
0.2	4.5	359.6	10.9	4.3	660.3
0.1	5.6	347.4	11.0	4.6	660.3
0.1	7.6	381.7	11.0	4.9	660.3
0.0	9.9	359.2	11.0	5.1	660.3
0.1	10.0	93.4	11.0	4.1	660.3
0.0	12.0	341.1	11.1	5.2	660.3
0.0	17.3	297.2	11.1	6.9	660.3
5.6	15.9	259.7	11.1	8.1	660.3
6.7	4.1	30.4	11.2	2.4	660.3
0.7	3.4	95.4	11.2	1.8	660.3
2.7	5.8	169.3	11.2	3.1	660.3
1.4	9.9	63.6	11.2	4.7	660.3
10.9	10.5	88.2	11.3	6.1	660.3
1.4	11.2	427.8	11.3	5.1	660.3
0.6	5.8	305.1	11.3	4.2	660.3
0.0	7.8	303.0	11.4	4.0	660.3
4.0	13.2	56.0	11.4	5.2	660.3
5.3	10.5	35.7	11.4	5.3	660.3
0.0	11.8	414.5	11.4	5.8	660.3
0.0	10.6	440.5	11.5	4.8	660.3
2.8	10.7	161.8	11.5	4.0	660.3
8.7	16.2	267.4	11.5	7.0	661.0
0.3	16.2	124.8	11.6	4.7	661.0
7.2	16.7	121.7	11.6	8.0	661.0
0.0	10.4	312.9	11.6	5.3	661.0
0.0	11.9	469.7	11.7	6.9	661.0
0.7	15.2	350.4	11.7	6.4	661.0
10.2	12.0	67.5	11.7	3.8	661.0
0.0	14.6	430.2	11.7	6.2	661.0
12.6	15.6	108.9	11.8	5.2	661.0
8.5	15.7	76.0	11.8	5.6	661.0
4.0	13.4	112.9	11.8	3.9	661.0
9.5	17.2	72.7	11.9	4.2	661.0
0.6	19.4	272.9	11.9	7.5	661.0
2.4	18.1	142.4	11.9	5.7	661.0
4.0	12.5	77.1	12.0	7.9	661.0
26.9	8.2	35.3	12.0	1.5	661.0
7.1	9.4	28.8	12.0	3.5	661.0
28.7	10.1	40.9	12.0	5.8	661.0
0.6	5.0	92.9	12.1	2.6	661.0
0.0	5.8	295.4	12.1	4.1	661.0
0.0	10.6	423.3	12.1	6.4	661.0
0.1	13.8	516.3	12.2	7.6	661.0
0.0	17.1	498.3	12.2	8.6	661.0
4.9	18.1	128.2	12.2	5.3	661.0
0.7	16.8	373.7	12.3	8.7	661.0
1.3	11.8	470.5	12.3	5.6	661.0
1.0	10.1	124.9	12.3	3.6	661.0
0.0	13.5	557.9	12.4	5.8	661.0
0.0	18.1	549.7	12.4	9.4	661.0
0.0	20.9	478.8	12.4	10.2	661.0
0.0	23.2	486.7	12.4	10.4	661.0
13.0	22.5	309.4	12.5	8.6	661.7
55.1	21.6	348.1	12.5	7.1	661.7
23.6	16.7	153.4	12.5	7.7	661.7
7.8	13.4	150.1	12.6	5.2	661.7
18.8	12.1	44.0	12.6	3.3	661.7
0.0	12.5	274.8	12.6	7.3	661.7
0.0	13.5	372.1	12.7	6.5	661.7
11.1	13.6	226.3	12.7	4.7	661.7
14.0	15.8	86.3	12.7	4.7	661.7
1.2	15.4	121.9	12.7	4.5	661.7
0.9	15.9	292.1	12.8	6.3	661.7
1.9	16.3	90.9	12.8	5.1	661.7
0.7	16.8	204.3	12.8	5.8	661.7
6.0	20.2	156.6	12.9	6.6	661.7
15.0	22.9	311.5	12.9	8.9	661.7
28.2	21.5	122.9	12.9	5.8	661.7
13.3	22.0	183.3	12.9	7.0	661.7
10.1	23.2	365.0	13.0	6.9	661.7
12.8	20.8	65.1	13.0	6.5	661.7
15.5	17.8	33.9	13.0	6.4	661.7
46.0	11.6	62.9	13.1	7.3	661.7
3.2	12.7	335.7	13.1	5.8	661.7
4.0	13.1	91.2	13.1	3.5	661.7
1.7	15.1	207.6	13.1	5.0	661.7
6.5	14.6	96.1	13.2	4.7	661.7
12.1	14.6	57.0	13.2	4.1	661.7
0.6	12.6	165.8	13.2	6.0	661.7
0.2	17.4	569.4	13.3	10.3	661.7
0.6	20.0	498.3	13.3	10.3	661.7
4.6	22.6	368.5	13.3	8.2	661.7
4.1	22.8	518.9	13.3	10.7	662.6
4.8	17.7	123.7	13.4	6.1	662.6
0.2	19.5	561.7	13.4	9.9	662.6
0.3	21.2	282.0	13.4	8.4	662.6
1.1	21.5	161.8	13.4	6.9	662.6
0.9	23.0	426.8	13.5	9.5	662.6
0.0	25.2	593.3	13.5	11.3	662.6
7.9	25.5	511.9	13.5	10.0	662.6
30.8	24.7	222.3	13.5	9.2	662.6
2.5	20.6	241.3	13.6	6.7	662.6
0.3	21.1	107.7	13.6	6.1	662.6
68.0	24.9	371.8	13.6	9.9	662.6
12.1	20.6	113.9	13.6	8.1	662.6
52.0	21.7	165.5	13.6	9.7	662.6
13.5	15.0	39.7	13.7	6.8	662.6
1.9	14.6	104.6	13.7	4.4	662.6
1.1	16.1	287.5	13.7	6.3	662.6
0.4	15.5	286.8	13.7	7.9	662.6
0.0	18.4	509.2	13.7	9.5	662.6
0.0	18.2	204.1	13.8	8.3	662.6
0.0	18.2	627.3	13.8	10.3	662.6
0.0	20.2	637.6	13.8	9.7	662.6
0.5	22.2	479.5	13.8	9.9	662.6
7.8	21.5	102.6	13.8	6.4	662.6
0.7	25.3	448.5	13.8	10.2	662.6
11.8	25.5	524.6	13.9	10.7	662.6
11.1	24.3	272.1	13.9	9.3	662.6
15.3	21.1	69.8	13.9	5.7	662.6
9.7	26.1	334.1	13.9	11.0	662.6
0.2	26.9	511.3	13.9	10.0	662.6
0.5	26.1	398.0	13.9	10.4	662.6
0.0	26.1	594.9	14.0	11.5	661.2
0.0	26.6	588.9	14.0	11.2	661.2
20.7	24.4	116.4	14.0	7.5	661.2
0.4	22.9	189.9	14.0	9.6	661.2
0.0	24.8	505.8	14.0	10.0	661.2
0.4	26.2	612.9	14.0	11.7	661.2
0.2	27.9	542.0	14.0	10.3	661.2
5.9	28.0	494.6	14.0	11.3	661.2
0.0	27.1	631.4	14.0	11.0	661.2
0.5	26.6	236.7	14.0	9.9	661.2
2.5	22.9	113.8	14.1	6.5	661.2
0.0	26.4	621.8	14.1	10.2	661.2
0.0	24.9	165.6	14.1	9.2	661.2
0.0	22.1	170.5	14.1	9.3	661.2
43.4	22.1	180.1	14.1	10.3	661.2
12.1	20.0	91.4	14.1	5.9	661.2
0.1	21.1	308.3	14.1	8.7	661.2
0.0	26.1	633.8	14.1	11.3	661.2
0.8	26.7	618.7	14.1	11.8	661.2
7.3	26.8	381.5	14.1	9.3	661.2
51.3	24.9	122.3	14.1	5.6	661.2
14.3	25.3	147.5	14.1	7.0	661.2
7.3	25.5	210.3	14.1	8.1	661.2
0.3	27.0	342.3	14.1	10.4	661.2
4.1	27.7	401.8	14.1	9.9	661.2
9.1	28.9	514.1	14.1	11.0	661.2
27.0	28.3	295.1	14.1	9.3	661.2
25.6	27.6	275.3	14.1	9.4	661.2
0.5	27.9	551.8	14.1	12.1	661.2
0.1	23.5	466.6	14.1	8.4	661.2
0.2	23.5	457.2	14.1	9.2	657.3
0.1	24.4	613.7	14.0	10.4	657.3
2.3	26.1	562.7	14.0	10.4	657.3
2.8	23.7	56.5	14.0	4.6	657.3
2.7	25.2	130.7	14.0	6.9	657.3
7.1	25.7	248.9	14.0	8.8	657.3
4.9	24.3	87.0	14.0	5.2	657.3
0.3	25.0	121.0	14.0	6.7	657.3
0.4	26.7	371.2	14.0	8.6	657.3
5.9	27.1	402.2	14.0	8.8	657.3
14.6	26.8	237.8	14.0	8.8	657.3
20.1	27.3	299.4	13.9	9.1	657.3
11.1	27.8	304.7	13.9	9.0	657.3
13.1	28.5	511.9	13.9	10.0	657.3
7.4	28.8	510.3	13.9	9.6	657.3
9.4	28.5	563.5	13.9	10.5	657.3
24.0	27.9	401.9	13.9	9.5	657.3
9.1	27.6	337.1	13.9	9.0	657.3
7.1	27.7	580.2	13.8	12.3	657.3
4.6	27.7	546.2	13.8	11.3	657.3
2.0	27.8	557.5	13.8	10.5	657.3
6.7	27.3	501.9	13.8	9.4	657.3
8.7	28.2	567.5	13.8	9.5	657.3
2.0	28.5	412.2	13.8	9.5	657.3
2.5	27.6	348.2	13.7	9.0	657.3
2.8	26.1	148.7	13.7	6.3	657.3
2.3	26.3	57.7	13.7	4.4	657.3
16.9	26.3	66.2	13.7	5.0	657.3
38.8	26.7	255.7	13.6	7.2	657.3
6.0	28.1	433.2	13.6	8.8	657.3
14.0	28.0	508.0	13.6	8.7	657.3
24.6	27.7	437.8	13.6	9.2	656.4
14.6	27.7	490.1	13.6	9.5	656.4
16.6	27.4	305.6	13.5	8.9	656.4
22.0	27.7	439.1	13.5	9.1	656.4
26.9	27.9	376.8	13.5	9.3	656.4
18.2	27.5	323.6	13.5	8.6	656.4
10.6	28.1	371.7	13.4	9.3	656.4
13.1	28.0	391.4	13.4	8.9	656.4
21.2	28.0	340.0	13.4	8.3	656.4
16.3	27.6	259.3	13.4	8.8	656.4
13.3	28.2	391.4	13.3	9.2	656.4
9.9	28.6	540.9	13.3	10.3	656.4
7.5	28.4	575.1	13.3	10.5	656.4
8.4	28.0	506.5	13.3	10.1	656.4
4.5	28.3	562.4	13.2	10.7	656.4
8.4	28.2	566.9	13.2	9.8	656.4
3.8	28.4	549.6	13.2	10.3	656.4
11.4	27.9	477.1	13.2	9.7	656.4
8.4	27.3	397.5	13.1	8.7	656.4
16.4	27.0	364.6	13.1	8.2	656.4
19.7	27.3	372.1	13.1	8.7	656.4
13.9	27.8	475.6	13.1	9.7	656.4
0.1	27.9	559.8	13.0	9.7	656.4
0.4	27.5	520.9	13.0	9.5	656.4
0.1	27.1	551.9	13.0	9.5	656.4
2.0	28.1	480.9	12.9	9.6	656.4
1.2	28.2	431.7	12.9	8.5	656.4
0.1	25.6	209.2	12.9	7.9	656.4
0.9	25.6	429.7	12.9	8.4	656.4
0.1	27.1	544.8	12.8	9.4	656.4
0.6	28.4	424.4	12.8	8.6	656.4
16.7	26.9	306.0	12.8	8.9	658.6
0.0	27.1	515.8	12.7	9.8	658.6
0.0	24.5	370.1	12.7	9.3	658.6
0.0	24.0	383.4	12.7	9.2	658.6
0.0	25.0	517.9	12.7	9.8	658.6
0.1	26.9	536.7	12.6	9.9	658.6
0.8	27.6	306.1	12.6	8.8	658.6
0.6	27.6	214.7	12.6	8.6	658.6
7.5	27.7	452.5	12.5	10.2	658.6
0.1	28.5	494.4	12.5	9.8	658.6
0.7	28.6	390.7	12.5	8.0	658.6
1.5	28.0	309.2	12.4	7.5	658.6
1.1	27.7	367.3	12.4	8.2	658.6
0.1	27.9	449.5	12.4	8.4	658.6
0.1	28.0	340.7	12.4	8.6	658.6
1.0	28.2	388.7	12.3	8.1	658.6
0.7	24.7	122.1	12.3	7.9	658.6
0.0	22.7	206.0	12.3	6.1	658.6
0.0	22.6	231.5	12.2	7.9	658.6
0.0	22.9	259.5	12.2	7.4	658.6
5.0	22.2	112.6	12.2	6.9	658.6
29.4	19.0	35.2	12.1	2.6	658.6
34.7	19.9	18.3	12.1	3.6	658.6
1.1	20.3	30.3	12.1	3.3	658.6
0.0	21.1	247.7	12.1	6.0	658.6
0.1	20.9	459.2	12.0	7.5	658.6
0.0	22.3	463.9	12.0	8.4	658.6
0.0	24.3	445.8	12.0	8.9	658.6
0.0	23.7	343.4	11.9	8.1	658.6
0.0	19.5	474.0	11.9	7.4	658.6
0.0	19.7	469.0	11.9	8.6	659.7
0.0	20.0	475.0	11.8	8.7	659.7
0.0	20.5	411.3	11.8	8.4	659.7
0.0	23.1	449.2	11.8	9.3	659.7
0.0	22.7	463.0	11.8	8.5	659.7
0.1	24.1	358.8	11.7	7.5	659.7
8.7	22.0	48.6	11.7	5.9	659.7
0.0	17.2	233.2	11.7	7.2	659.7
0.0	17.4	459.2	11.6	7.3	659.7
0.0	18.4	453.1	11.6	7.0	659.7
0.0	20.5	446.0	11.6	7.8	659.7
0.0	20.8	440.4	11.5	7.9	659.7
0.0	20.9	432.7	11.5	8.1	659.7
0.0	20.8	430.0	11.5	7.7	659.7
0.0	22.1	424.0	11.5	7.6	659.7
0.0	17.8	437.6	11.4	6.6	659.7
0.0	17.3	438.1	11.4	7.3	659.7
0.0	18.5	422.2	11.4	7.9	659.7
0.0	18.7	423.8	11.3	7.8	659.7
0.0	19.7	410.4	11.3	7.8	659.7
0.0	19.5	408.1	11.3	7.6	659.7
0.0	20.9	402.4	11.3	7.6	659.7
0.0	22.7	394.2	11.2	7.7	659.7
0.0	23.8	388.0	11.2	7.9	659.7
0.0	24.5	382.8	11.2	7.8	659.7
0.0	25.7	356.3	11.1	7.4	659.7
1.1	23.5	228.1	11.1	8.3	659.7
1.1	16.5	57.5	11.1	3.5	659.7
0.1	16.1	101.7	11.1	4.2	659.7
5.3	20.7	320.5	11.0	8.1	659.7
1.3	9.6	76.4	11.0	4.0	659.7
0.0	10.3	393.9	11.0	4.8	661.5
0.0	13.0	379.9	11.0	5.7	661.5
0.0	14.8	220.0	10.9	5.5	661.5
0.0	15.8	374.1	10.9	6.4	661.5
0.0	18.1	363.2	10.9	6.8	661.5
0.0	17.8	173.1	10.9	5.3	661.5
0.0	15.0	160.6	10.8	4.5	661.5
0.0	13.9	309.3	10.8	5.9	661.5
0.0	15.0	364.7	10.8	6.1	661.5
0.0	16.7	341.1	10.8	6.3	661.5
0.0	16.6	233.0	10.7	5.7	661.5
0.0	17.8	327.3	10.7	5.3	661.5
0.0	18.2	294.2	10.7	5.5	661.5
0.0	18.9	302.1	10.7	5.6	661.5
0.0	19.4	311.8	10.6	5.5	661.5
0.1	19.8	175.3	10.6	4.8	661.5
0.1	17.8	101.7	10.6	4.8	661.5
0.0	17.2	327.3	10.6	5.7	661.5
0.0	17.3	284.2	10.5	5.7	661.5
0.0	17.6	323.3	10.5	5.8	661.5
0.7	19.1	292.7	10.5	5.7	661.5
1.7	12.6	26.5	10.5	4.0	661.5
0.0	9.6	205.0	10.5	3.7	661.5
0.0	6.5	330.6	10.5	3.3	661.5
0.0	7.8	301.3	10.4	3.9	661.5
0.0	10.8	321.5	10.4	4.9	661.5
0.0	12.7	220.8	10.4	4.1	661.5
26.7	12.8	118.1	10.4	3.6	661.5
0.0	7.2	254.5	10.4	3.6	661.5
0.0	6.8	316.2	10.4	3.4	661.5
0.1	10.5	310.5	10.3	4.2	664.3
0.0	9.7	293.9	10.3	4.2	664.3
3.1	9.0	288.5	10.3	3.1	664.3
0.0	6.2	291.4	10.3	3.3	664.3
0.0	5.1	308.2	10.3	3.4	664.3
0.0	2.7	316.8	10.3	2.7	664.3
0.0	7.5	304.5	10.3	4.1	664.3
0.1	12.5	268.6	10.3	4.6	664.3
0.3	10.8	157.7	10.2	4.5	664.3
0.0	6.4	307.8	10.2	3.6	664.3
0.0	7.9	305.7	10.2	3.7	664.3
0.0	12.9	289.4	10.2	4.8	664.3
0.6	9.2	143.2	10.2	4.0	664.3
0.0	3.9	300.5	10.2	2.9	664.3
0.0	3.8	304.0	10.2	3.3	664.3
0.0	-2.1	314.2	10.2	1.9	664.3
0.0	-1.1	311.3	10.2	2.5	664.3
0.0	3.8	303.5	10.2	3.5	664.3
0.0	3.0	299.3	10.2	2.9	664.3
0.0	3.7	307.3	10.2	3.5	664.3
0.0	8.7	287.0	10.2	4.4	664.3
0.3	11.2	156.2	10.2	3.9	664.3
0.3	12.8	160.2	10.2	4.4	664.3
0.0	12.5	180.6	10.2	3.8	664.3
0.0	13.0	264.0	10.2	4.7	664.3
0.0	14.9	279.7	10.2	5.5	664.3
8.0	15.0	80.0	10.2	4.1	664.3
8.1	9.4	25.4	10.2	2.8	664.3
17.2	7.3	12.2	10.2	1.3	664.3
16.4	4.7	10.8	10.2	2.3	664.3
1.6	0.8	62.9	10.2	1.8	664.3
11.6	2.0	113.1	10.2	1.9	667.9
5.2	0.4	31.6	10.2	1.5	667.9
0.0	-1.1	213.4	10.2	2.0	667.9
0.0	-1.9	294.5	10.2	1.9	667.9
0.0	2.7	302.0	10.3	2.9	667.9
4.4	4.7	116.7	10.3	1.9	667.9
22.2	2.3	31.3	10.3	1.5	667.9
1.1	2.8	66.7	10.3	1.9	667.9
1.1	5.0	154.5	10.3	2.9	667.9
0.3	6.4	92.1	10.3	2.3	667.9
0.1	5.0	175.6	10.3	2.6	667.9
1.3	5.4	108.9	10.3	2.5	667.9
0.3	6.2	148.0	10.4	2.7	667.9
4.1	10.7	128.2	10.4	3.6	667.9
16.8	6.6	20.3	10.4	3.2	667.9
1.4	4.1	74.6	10.4	1.4	667.9
0.6	3.6	72.1	10.4	2.1	667.9
0.0	6.1	301.9	10.4	3.0	667.9
10.1	7.5	32.9	10.5	2.8	667.9
0.4	16.0	206.5	10.5	5.0	667.9
2.4	13.5	153.1	10.5	5.0	667.9
3.9	13.7	220.6	10.5	4.7	667.9
1.0	13.0	102.2	10.5	3.1	667.9
13.7	11.2	63.3	10.6	4.0	667.9
3.2	8.6	109.2	10.6	2.1	667.9
3.8	11.4	41.3	10.6	2.9	667.9
6.8	8.4	23.6	10.6	2.9	667.9
6.8	3.3	13.6	10.7	2.0	667.9
10.0	1.1	22.3	10.7	1.1	667.9
9.2	0.3	45.2	10.7	1.0	667.9
27.4	-0.4	52.7	10.7	0.7	667.9
12.5	0.1	74.3	10.7	0.7	669.7
20.8	1.8	38.0	10.8	1.7	669.7
2.1	2.3	37.5	10.8	1.3	669.7
0.8	2.8	132.8	10.8	1.8	669.7
10.9	7.3	148.0	10.8	2.9	669.7
0.6	6.3	151.1	10.9	3.5	669.7
24.6	4.0	61.8	10.9	3.4	669.7
0.3	-4.1	191.4	10.9	1.8	669.7
0.0	-2.9	399.7	11.0	2.1	669.7
0.0	-2.5	407.2	11.0	2.6	669.7
0.1	0.8	406.7	11.0	3.4	669.7
0.8	3.9	268.7	11.0	3.7	669.7
0.0	6.1	375.2	11.1	4.9	669.7
0.0	9.9	405.4	11.1	5.7	669.7
1.8	9.2	146.8	11.1	4.8	669.7
0.0	4.0	334.8	11.1	3.6	669.7
0.9	5.7	300.0	11.2	3.5	669.7
2.6	6.4	40.4	11.2	2.5	669.7
0.4	10.3	282.6	11.2	5.1	669.7
7.8	13.2	122.6	11.3	4.4	669.7
7.2	10.4	19.4	11.3	2.2	669.7
5.0	13.7	47.5	11.3	3.8	669.7
2.4	11.9	28.9	11.3	3.9	669.7
31.8	14.7	51.9	11.4	4.8	669.7
2.7	9.2	39.3	11.4	3.4	669.7
0.6	9.5	285.4	11.4	4.8	669.7
0.1	13.6	410.3	11.5	6.1	669.7
7.8	17.8	386.6	11.5	6.9	669.7
25.1	14.7	45.6	11.5	6.4	670.5
5.9	9.7	30.6	11.6	2.3	670.5
0.1	12.6	343.6	11.6	5.7	670.5
2.0	13.9	215.4	11.6	7.0	670.5
5.4	9.6	82.4	11.6	3.9	670.5
9.9	6.9	39.0	11.7	3.6	670.5
0.1	6.0	215.3	11.7	3.0	670.5
0.0	4.2	195.2	11.7	3.5	670.5
0.0	4.8	342.9	11.8	4.2	670.5
10.6	9.7	476.4	11.8	5.3	670.5
13.0	9.9	41.3	11.8	3.4	670.5
0.3	7.9	172.2	11.9	4.9	670.5
0.0	9.4	488.2	11.9	5.5	670.5
0.0	12.0	457.8	11.9	6.8	670.5
0.9	16.1	423.8	12.0	8.0	670.5
28.2	17.6	81.9	12.0	4.2	670.5
15.4	6.7	51.0	12.0	8.1	670.5
0.1	5.9	404.2	12.0	4.0	670.5
4.3	8.7	90.9	12.1	3.6	670.5
1.2	11.4	172.4	12.1	4.1	670.5
18.9	18.7	240.2	12.1	7.5	670.5
6.8	9.5	170.6	12.2	7.7	670.5
0.1	5.5	298.5	12.2	4.3	670.5
8.1	7.6	177.9	12.2	3.6	670.5
3.4	12.6	169.6	12.3	5.5	670.5
55.6	15.6	58.3	12.3	5.2	670.5
3.6	10.2	106.6	12.3	5.2	670.5
0.3	10.9	325.3	12.3	6.5	670.5
0.0	8.1	383.5	12.4	6.0	670.5
0.0	11.7	448.1	12.4	6.6	670.5
0.1	12.7	544.9	12.4	7.3	670.5
0.2	13.8	469.3	12.5	8.0	671.1
0.0	16.7	513.5	12.5	7.7	671.1
10.8	14.4	125.0	12.5	5.8	671.1
20.5	11.9	44.5	12.6	2.3	671.1
4.4	12.5	55.8	12.6	3.0	671.1
1.3	13.6	157.7	12.6	5.1	671.1
0.0	13.5	571.1	12.7	8.2	671.1
0.0	14.9	414.7	12.7	7.7	671.1
0.0	13.0	239.2	12.7	6.1	671.1
0.4	13.5	405.9	12.7	5.7	671.1
11.0	14.4	68.5	12.8	5.7	671.1
25.4	19.3	136.6	12.8	6.1	671.1
6.3	20.4	234.9	12.8	6.9	671.1
4.5	21.2	95.7	12.9	6.2	671.1
35.3	19.7	324.9	12.9	11.7	671.1
44.1	11.7	60.6	12.9	4.1	671.1
2.5	8.8	61.4	12.9	4.4	671.1
0.0	11.8	589.1	13.0	7.6	671.1
0.1	12.7	295.6	13.0	6.3	671.1
27.1	14.0	102.0	13.0	4.8	671.1
0.1	15.6	511.9	13.1	7.7	671.1
46.7	15.9	82.8	13.1	6.6	671.1
0.0	10.7	260.6	13.1	5.7	671.1
0.0	11.9	275.7	13.1	5.5	671.1
0.0	14.6	600.4	13.2	8.6	671.1
0.1	18.4	581.8	13.2	9.3	671.1
8.7	23.1	462.9	13.2	11.1	671.1
0.5	17.4	173.7	13.2	7.9	671.1
0.0	18.3	564.2	13.3	9.6	671.1
0.1	21.8	608.1	13.3	10.1	671.1
42.7	18.1	102.6	13.3	10.6	672.0
47.3	15.1	278.2	13.4	7.3	672.0
27.8	16.4	60.4	13.4	7.3	672.0
0.1	14.2	515.7	13.4	8.8	672.0
6.3	17.6	434.9	13.4	8.1	672.0
0.1	16.2	373.8	13.5	8.3	672.0
0.0	16.7	605.8	13.5	8.7	672.0
0.0	17.0	622.0	13.5	10.1	672.0
0.0	18.7	647.6	13.5	9.8	672.0
1.6	21.1	576.1	13.5	9.8	672.0
11.5	19.6	110.8	13.6	6.6	672.0
5.2	24.2	319.3	13.6	7.7	672.0
23.1	24.1	84.5	13.6	7.2	672.0
34.7	24.2	305.3	13.6	9.8	672.0
0.5	22.6	259.9	13.7	8.4	672.0
1.8	23.4	549.1	13.7	11.6	672.0
0.1	18.1	483.1	13.7	9.2	672.0
0.6	19.2	621.2	13.7	9.0	672.0
1.9	17.9	187.7	13.7	6.4	672.0
0.1	23.2	604.4	13.8	11.5	672.0
1.5	25.3	526.5	13.8	11.3	672.0
6.9	25.0	299.3	13.8	8.4	672.0
29.1	25.9	538.0	13.8	8.9	672.0
9.0	26.3	483.9	13.8	9.6	672.0
35.4	24.8	208.7	13.8	7.9	672.0
0.1	25.0	466.0	13.9	10.6	672.0
0.6	25.3	622.2	13.9	11.9	672.0
3.0	26.6	406.8	13.9	10.2	672.0
9.1	24.5	247.1	13.9	9.6	672.0
10.8	26.1	620.1	13.9	11.1	672.0
6.1	26.9	605.5	13.9	11.2	672.0
6.7	27.7	515.1	13.9	11.3	670.6
10.6	26.8	441.1	14.0	10.0	670.6
5.9	26.8	448.7	14.0	10.2	670.6
33.2	27.9	583.0	14.0	10.2	670.6
25.4	25.6	128.6	14.0	6.7	670.6
3.3	23.1	70.0	14.0	8.1	670.6
0.0	20.3	116.5	14.0	7.4	670.6
1.9	18.5	190.4	14.0	6.0	670.6
0.5	19.3	153.8	14.0	6.3	670.6
0.0	20.7	212.8	14.0	7.2	670.6
2.0	21.3	561.1	14.0	11.3	670.6
0.0	22.5	611.8	14.1	11.2	670.6
0.0	24.0	664.7	14.1	11.4	670.6
0.4	25.6	637.5	14.1	10.9	670.6
2.8	25.5	232.1	14.1	6.8	670.6
7.4	27.1	548.2	14.1	11.7	670.6
0.0	27.2	573.0	14.1	11.6	670.6
0.0	27.5	552.1	14.1	10.8	670.6
0.0	25.5	267.9	14.1	11.3	670.6
0.1	26.8	659.6	14.1	12.5	670.6
1.9	27.2	627.3	14.1	10.6	670.6
9.4	26.4	501.1	14.1	10.7	670.6
0.1	27.1	620.7	14.1	11.1	670.6
0.0	27.8	614.3	14.1	11.2	670.6
11.1	26.9	524.8	14.1	10.9	670.6
11.9	25.9	378.5	14.1	7.8	670.6
1.2	27.5	520.2	14.1	10.5	670.6
17.8	27.8	544.8	14.1	9.4	670.6
5.3	28.8	512.3	14.1	10.4	670.6
7.9	28.2	417.7	14.1	10.1	670.6
24.6	27.6	372.7	14.1	9.3	666.8
17.7	27.8	338.6	14.0	9.3	666.8
5.7	28.6	415.0	14.0	10.9	666.8
10.7	28.8	564.4	14.0	11.4	666.8
8.7	25.9	139.7	14.0	6.8	666.8
12.4	26.5	126.8	14.0	6.7	666.8
7.1	25.8	60.6	14.0	4.3	666.8
1.3	27.0	196.3	14.0	8.7	666.8
16.6	28.3	530.1	14.0	9.9	666.8
10.3	28.5	445.8	14.0	10.2	666.8
11.1	28.6	454.0	14.0	10.1	666.8
20.6	28.1	476.6	13.9	10.2	666.8
12.5	28.2	462.6	13.9	10.2	666.8
11.8	27.0	201.2	13.9	7.8	666.8
23.2	26.7	312.9	13.9	8.0	666.8
1.5	27.4	188.2	13.9	7.9	666.8
28.8	27.5	429.3	13.9	8.9	666.8
21.9	27.7	472.6	13.9	8.8	666.8
18.2	27.6	250.9	13.8	9.1	666.8
20.2	28.0	396.4	13.8	9.6	666.8
1.2	27.6	182.6	13.8	7.8	666.8
4.6	27.7	506.1	13.8	10.4	666.8
13.4	28.0	548.1	13.8	9.9	666.8
24.1	27.6	548.9	13.8	10.0	666.8
2.7	28.0	584.3	13.7	10.5	666.8
13.3	27.7	575.3	13.7	9.8	666.8
11.4	28.0	565.3	13.7	10.5	666.8
13.0	28.0	519.7	13.7	9.4	666.8
10.1	28.1	472.6	13.7	9.9	666.8
9.6	28.3	413.6	13.6	9.5	666.8
4.6	28.6	384.9	13.6	10.0	666.8
4.8	28.5	441.1	13.6	10.6	665.9
7.3	28.5	563.4	13.6	11.9	665.9
0.9	28.9	611.0	13.5	11.6	665.9
0.0	29.4	611.6	13.5	10.8	665.9
0.1	30.3	603.9	13.5	11.2	665.9
0.1	31.2	583.4	13.5	11.6	665.9
0.0	32.1	581.8	13.5	12.1	665.9
1.1	32.9	533.6	13.4	11.5	665.9
20.7	29.2	382.6	13.4	10.6	665.9
9.2	28.9	457.7	13.4	9.1	665.9
15.5	27.8	291.8	13.4	9.0	665.9
7.5	27.9	555.9	13.3	10.7	665.9
4.0	27.7	562.5	13.3	10.2	665.9
1.3	28.1	561.8	13.3	10.3	665.9
2.8	28.6	564.8	13.3	10.4	665.9
11.2	28.0	513.9	13.2	9.1	665.9
14.3	27.7	478.1	13.2	10.6	665.9
13.8	27.9	511.6	13.2	10.0	665.9
11.1	28.0	456.6	13.1	9.4	665.9
9.3	27.8	366.0	13.1	8.9	665.9
8.4	27.9	500.0	13.1	9.3	665.9
13.7	27.9	411.5	13.1	8.6	665.9
20.4	26.3	184.8	13.0	6.2	665.9
19.5	25.9	126.3	13.0	5.6	665.9
19.7	26.1	282.0	13.0	7.8	665.9
19.8	27.1	447.1	13.0	8.5	665.9
7.0	27.6	474.9	12.9	9.3	665.9
12.0	27.6	478.7	12.9	9.2	665.9
7.9	27.3	516.8	12.9	9.4	665.9
13.5	26.4	422.4	12.8	8.0	665.9
0.4	26.0	412.8	12.8	7.8	665.9
1.0	25.4	300.3	12.8	7.1	668.1
0.2	25.7	123.8	12.8	6.2	668.1
14.3	27.1	395.8	12.7	8.4	668.1
12.7	27.4	506.0	12.7	9.3	668.1
4.6	27.7	484.0	12.7	9.1	668.1
4.9	28.4	472.6	12.6	9.4	668.1
17.0	25.6	394.9	12.6	11.1	668.1
0.4	19.9	90.3	12.6	4.5	668.1
0.5	21.0	380.8	12.5	7.6	668.1
0.0	22.2	528.2	12.5	8.1	668.1
0.8	23.9	448.6	12.5	7.5	668.1
1.0	23.8	290.7	12.5	6.7	668.1
0.0	22.9	438.8	12.4	8.5	668.1
0.0	22.7	525.5	12.4	8.2	668.1
0.2	24.1	499.0	12.4	8.0	668.1
0.0	24.9	491.5	12.3	8.2	668.1
1.0	24.7	86.5	12.3	5.3	668.1
4.7	24.2	37.0	12.3	3.4	668.1
1.3	25.7	73.2	12.2	4.7	668.1
0.2	26.3	163.8	12.2	7.6	668.1
0.2	27.9	458.1	12.2	8.7	668.1
0.1	28.5	462.9	12.2	9.0	668.1
0.0	29.2	476.8	12.1	9.0	668.1
0.0	29.0	477.5	12.1	9.2	668.1
0.0	28.7	477.9	12.1	9.1	668.1
0.3	28.7	466.3	12.0	9.0	668.1
0.5	28.8	396.1	12.0	8.3	668.1
2.2	27.3	177.4	12.0	8.8	668.1
0.2	21.4	225.4	11.9	7.7	668.1
0.0	20.5	476.2	11.9	7.8	668.1
0.0	21.7	480.5	11.9	9.3	669.3
0.0	18.9	460.0	11.9	7.3	669.3
0.0	19.4	478.2	11.8	8.0	669.3
0.0	19.9	479.8	11.8	8.7	669.3
0.0	20.8	472.2	11.8	9.1	669.3
0.0	21.9	466.1	11.7	9.1	669.3
0.0	23.0	453.6	11.7	9.3	669.3
0.0	23.4	346.3	11.7	8.1	669.3
0.0	22.9	298.1	11.6	9.0	669.3
0.0	22.8	446.4	11.6	9.3	669.3
0.0	24.1	420.4	11.6	8.9	669.3
0.0	21.4	438.9	11.6	7.4	669.3
0.0	22.0	406.3	11.5	8.0	669.3
0.0	21.6	403.1	11.5	7.7	669.3
0.0	21.2	427.2	11.5	7.8	669.3
0.0	21.1	428.8	11.4	8.3	669.3
0.0	21.1	432.3	11.4	8.3	669.3
0.0	21.6	420.4	11.4	7.7	669.3
0.0	21.5	326.6	11.4	6.5	669.3
0.0	20.3	248.7	11.3	6.7	669.3
0.0	20.1	400.7	11.3	6.8	669.3
0.0	19.9	398.0	11.3	7.5	669.3
0.0	18.7	401.2	11.2	6.5	669.3
0.0	21.0	358.0	11.2	7.4	669.3
0.0	24.3	375.4	11.2	7.8	669.3
0.2	25.9	318.2	11.2	7.0	669.3
0.6	24.9	253.8	11.1	5.8	669.3
0.0	24.9	317.6	11.1	6.9	669.3
0.0	24.6	368.0	11.1	7.7	669.3
1.0	22.1	148.8	11.0	4.9	669.3
1.2	18.7	48.9	11.0	1.9	669.3
0.0	22.3	307.6	11.0	6.2	671.0
5.5	21.3	313.9	11.0	9.0	671.0
0.0	8.7	293.3	10.9	4.4	671.0
0.0	8.0	386.7	10.9	4.0	671.0
0.0	14.7	327.3	10.9	5.9	671.0
0.6	15.4	127.9	10.9	4.2	671.0
0.2	16.7	295.0	10.8	4.9	671.0
0.3	17.9	259.0	10.8	5.1	671.0
0.0	15.8	299.9	10.8	5.9	671.0
0.0	15.6	357.8	10.8	6.1	671.0
0.0	17.3	353.5	10.7	6.2	671.0
0.0	18.6	347.7	10.7	6.2	671.0
7.2	17.5	300.1	10.7	7.1	671.0
0.4	7.8	119.2	10.7	2.6	671.0
0.0	8.4	350.5	10.6	3.8	671.0
0.0	13.5	324.8	10.6	4.8	671.0
4.5	14.8	155.7	10.6	3.6	671.0
27.4	12.0	30.6	10.6	3.1	671.0
0.1	8.3	183.8	10.6	3.5	671.0
18.6	10.4	125.2	10.5	3.5	671.0
19.1	10.6	29.2	10.5	2.8	671.0
1.6	9.4	161.6	10.5	2.0	671.0
0.8	8.4	55.4	10.5	2.2	671.0
1.4	10.0	125.1	10.5	2.9	671.0
16.8	13.9	42.8	10.4	3.1	671.0
0.9	16.0	36.7	10.4	1.9	671.0
0.3	17.4	176.1	10.4	3.7	671.0
1.3	16.1	187.1	10.4	4.6	671.0
0.9	11.2	70.4	10.4	2.1	671.0
1.2	10.9	108.2	10.4	1.8	671.0
2.9	12.1	46.4	10.3	2.3	673.9
3.2	8.8	29.3	10.3	2.9	673.9
0.0	7.6	267.7	10.3	3.3	673.9
0.0	4.6	314.7	10.3	2.7	673.9
0.0	7.4	312.3	10.3	3.8	673.9
0.0	10.6	203.7	10.3	3.9	673.9
0.0	11.7	298.7	10.3	4.1	673.9
0.4	16.4	244.5	10.3	5.1	673.9
2.5	15.3	99.3	10.2	4.2	673.9
0.7	11.3	63.3	10.2	2.2	673.9
0.1	15.5	287.3	10.2	4.4	673.9
3.0	18.1	101.8	10.2	3.9	673.9
2.8	13.5	124.2	10.2	2.5	673.9
1.0	17.4	105.3	10.2	3.9	673.9
11.0	13.6	33.8	10.2	4.4	673.9
1.3	7.0	76.5	10.2	2.6	673.9
1.2	6.7	145.3	10.2	2.3	673.9
1.7	3.7	32.4	10.2	3.0	673.9
0.0	0.7	238.9	10.2	1.6	673.9
10.4	1.9	22.9	10.2	0.9	673.9
0.4	4.7	106.8	10.2	2.3	673.9
0.2	5.8	231.3	10.2	3.0	673.9
0.2	4.5	199.9	10.2	3.1	673.9
0.1	6.6	236.0	10.2	3.2	673.9
0.0	11.7	212.0	10.2	3.8	673.9
1.0	15.5	275.2	10.2	4.6	673.9
0.7	5.3	57.1	10.2	3.3	673.9
0.1	5.8	243.5	10.2	2.7	673.9
0.1	6.8	143.2	10.2	3.4	673.9
0.0	3.2	298.7	10.2	2.6	673.9
0.0	6.0	293.0	10.2	3.7	673.9
0.0	3.0	303.7	10.2	2.8	677.5
0.0	4.9	303.5	10.2	3.4	677.5
0.0	7.9	282.9	10.2	4.0	677.5
0.0	11.2	272.1	10.2	4.7	677.5
0.0	11.9	136.4	10.3	4.5	677.5
0.0	4.3	314.7	10.3	3.0	677.5
0.0	6.6	268.4	10.3	3.8	677.5
0.1	-1.4	72.5	10.3	2.2	677.5
0.0	-2.2	325.1	10.3	2.0	677.5
0.0	3.7	320.4	10.3	3.8	677.5
0.0	7.8	315.5	10.3	4.8	677.5
0.0	11.0	311.1	10.3	5.0	677.5
0.0	8.0	269.3	10.4	3.6	677.5
0.0	9.0	210.7	10.4	3.5	677.5
0.0	7.5	194.8	10.4	3.1	677.5
1.2	10.3	279.5	10.4	4.0	677.5
25.6	9.9	58.8	10.4	2.1	677.5
50.5	10.9	19.9	10.4	2.9	677.5
2.0	3.2	17.8	10.5	2.7	677.5
1.2	1.7	79.5	10.5	1.4	677.5
0.1	0.7	179.6	10.5	2.4	677.5
0.2	3.3	123.7	10.5	2.6	677.5
0.0	1.2	348.7	10.5	2.7	677.5
0.0	4.1	277.9	10.6	3.2	677.5
0.0	-0.8	355.3	10.6	2.5	677.5
0.0	2.1	357.4	10.6	3.4	677.5
0.0	7.3	355.9	10.6	4.8	677.5
0.0	10.6	358.4	10.6	5.8	677.5
0.0	13.1	337.7	10.7	6.0	677.5
0.0	15.8	349.2	10.7	6.8	677.5
0.1	17.3	344.3	10.7	6.8	677.5
0.9	11.3	124.7	10.7	4.9	679.3
10.8	7.1	51.3	10.8	1.7	679.3
11.2	2.9	32.8	10.8	2.8	679.3
1.0	2.8	97.8	10.8	2.0	679.3
1.2	4.9	104.1	10.8	2.4	679.3
0.7	4.9	108.2	10.9	1.9	679.3
18.9	5.4	54.4	10.9	3.1	679.3
0.2	1.2	223.2	10.9	2.7	679.3
0.1	5.7	358.8	10.9	4.3	679.3
0.0	7.6	151.9	11.0	3.3	679.3
0.2	7.1	138.7	11.0	2.7	679.3
0.5	9.2	233.4	11.0	4.4	679.3
0.6	7.0	175.0	11.1	4.3	679.3
0.0	0.6	159.6	11.1	2.6	679.3
0.0	-0.0	363.3	11.1	2.9	679.3
0.0	3.6	416.0	11.1	4.1	679.3
0.0	9.6	405.9	11.2	5.8	679.3
14.8	8.7	225.3	11.2	6.8	679.3
0.0	1.9	360.0	11.2	2.7	679.3
0.0	2.0	416.6	11.3	3.5	679.3
0.0	5.7	435.4	11.3	4.6	679.3
0.0	8.3	429.4	11.3	5.7	679.3
1.6	11.9	340.4	11.3	6.2	679.3
5.8	9.8	35.5	11.4	3.6	679.3
6.1	8.6	93.5	11.4	2.4	679.3
1.1	9.1	182.0	11.4	5.5	679.3
0.0	3.4	452.8	11.5	3.4	679.3
4.9	3.2	121.8	11.5	2.5	679.3
26.4	1.9	46.4	11.5	2.0	680.1
0.0	5.5	368.0	11.5	3.6	680.1
0.4	5.9	157.2	11.6	2.8	680.1
0.3	7.1	275.4	11.6	4.9	680.1
0.0	3.3	484.7	11.6	3.9	680.1
0.0	3.5	478.1	11.7	4.6	680.1
0.0	6.7	241.6	11.7	4.3	680.1
0.0	9.2	178.3	11.7	5.1	680.1
4.3	12.8	430.0	11.8	7.3	680.1
31.3	6.7	47.1	11.8	2.3	680.1
0.8	7.3	109.1	11.8	3.3	680.1
0.2	11.0	367.7	11.9	6.0	680.1
25.7	13.4	115.7	11.9	4.9	680.1
0.1	9.9	326.3	11.9	6.6	680.1
12.1	7.2	472.4	11.9	4.3	680.1
17.0	10.8	69.1	12.0	4.9	680.1
7.9	13.0	45.1	12.0	4.1	680.1
14.4	14.8	109.3	12.0	8.3	680.1
6.0	9.1	53.7	12.1	2.5	680.1
3.5	7.7	41.2	12.1	5.4	680.1
27.7	4.6	51.6	12.1	1.5	680.1
8.4	6.0	66.4	12.2	3.1	680.1
30.8	12.6	221.0	12.2	6.5	680.1
4.1	16.3	150.5	12.2	7.8	680.1
2.1	22.3	451.5	12.2	7.7	680.1
24.4	11.7	125.6	12.3	10.4	680.1
5.0	1.6	42.9	12.3	2.4	680.1
10.4	1.2	52.7	12.3	1.5	680.1
2.9	4.9	153.7	12.4	3.7	680.1
2.3	7.0	39.1	12.4	2.8	680.1
37.9	9.1	84.2	12.4	3.5	680.1
17.6	12.3	56.6	12.5	5.1	680.7
0.1	19.7	271.5	12.5	8.8	680.7
0.0	22.2	381.5	12.5	8.6	680.7
0.0	23.1	468.4	12.6	8.8	680.7
9.2	20.3	128.3	12.6	7.5	680.7
45.4	16.0	33.7	12.6	5.3	680.7
22.5	12.6	56.2	12.6	3.7	680.7
19.9	12.0	53.4	12.7	3.3	680.7
23.8	9.2	64.7	12.7	3.9	680.7
0.5	8.9	75.9	12.7	2.8	680.7
28.0	12.6	229.8	12.8	5.8	680.7
24.5	13.5	56.6	12.8	3.8	680.7
1.0	12.2	131.5	12.8	5.1	680.7
0.3	16.4	517.2	12.8	9.3	680.7
0.1	19.6	509.3	12.9	10.7	680.7
0.1	22.1	417.2	12.9	10.1	680.7
31.8	21.4	256.3	12.9	8.3	680.7
25.2	14.2	39.7	13.0	9.2	680.7
23.8	10.8	42.1	13.0	3.7	680.7
22.7	9.6	35.8	13.0	2.2	680.7
13.5	10.5	38.5	13.0	2.6	680.7
1.3	11.6	263.0	13.1	5.7	680.7
2.8	14.9	361.0	13.1	6.8	680.7
3.0	13.8	98.8	13.1	5.0	680.7
0.1	18.0	577.1	13.2	8.6	680.7
17.3	15.4	83.6	13.2	5.6	680.7
17.4	19.5	247.8	13.2	8.4	680.7
8.0	22.1	168.2	13.2	8.9	680.7
60.2	19.2	43.9	13.3	4.7	680.7
27.3	16.7	83.0	13.3	5.9	680.7
0.2	18.7	558.3	13.3	9.6	681.7
0.0	19.7	491.8	13.3	9.7	681.7
0.0	20.5	595.9	13.4	9.8	681.7
0.9	20.8	258.0	13.4	8.1	681.7
19.0	19.5	60.0	13.4	4.4	681.7
0.8	20.7	387.4	13.4	9.2	681.7
0.0	18.8	612.1	13.5	10.4	681.7
0.4	16.6	175.1	13.5	5.8	681.7
32.2	18.3	87.0	13.5	4.8	681.7
7.6	19.9	84.0	13.5	5.5	681.7
34.5	22.9	79.9	13.6	6.3	681.7
3.0	19.2	80.7	13.6	8.1	681.7
0.1	19.2	530.8	13.6	9.5	681.7
0.0	22.2	574.7	13.6	11.0	681.7
0.2	24.4	493.7	13.7	10.3	681.7
76.6	23.1	98.5	13.7	6.3	681.7
4.5	18.8	117.5	13.7	7.3	681.7
6.6	15.9	95.1	13.7	6.3	681.7
0.0	19.3	477.5	13.7	9.7	681.7
6.1	20.2	245.4	13.8	6.7	681.7
0.2	21.3	343.3	13.8	9.1	681.7
0.0	21.9	611.3	13.8	12.1	681.7
0.1	23.3	615.5	13.8	11.4	681.7
31.5	22.8	89.0	13.8	6.5	681.7
9.5	25.2	135.6	13.8	6.4	681.7
9.3	23.8	83.2	13.9	7.7	681.7
1.0	19.7	126.3	13.9	7.2	681.7
0.3	20.7	609.0	13.9	9.6	681.7
0.6	21.8	600.9	13.9	9.7	681.7
43.6	21.3	161.7	13.9	7.6	681.7
0.9	18.4	110.4	13.9	6.9	681.7
0.0	21.7	632.0	13.9	10.0	680.2
0.1	23.1	387.5	14.0	9.5	680.2
0.1	23.1	463.4	14.0	9.8	680.2
1.1	22.4	516.0	14.0	9.3	680.2
0.7	20.7	153.1	14.0	6.0	680.2
0.3	21.7	346.1	14.0	8.4	680.2
0.0	22.6	285.6	14.0	7.4	680.2
0.0	25.1	453.0	14.0	10.1	680.2
0.0	26.5	432.7	14.0	10.5	680.2
0.1	24.7	290.7	14.0	10.7	680.2
0.9	27.3	577.2	14.0	10.9	680.2
42.3	25.1	112.7	14.1	7.0	680.2
0.6	26.2	263.4	14.1	8.7	680.2
19.2	24.3	102.7	14.1	7.0	680.2
4.6	25.3	176.3	14.1	6.7	680.2
0.1	26.4	456.7	14.1	10.9	680.2
0.4	27.2	584.5	14.1	12.4	680.2
0.1	27.8	632.0	14.1	12.0	680.2
0.0	26.7	551.8	14.1	12.4	680.2
0.0	26.7	663.9	14.1	13.1	680.2
0.1	28.1	584.0	14.1	12.8	680.2
1.5	29.1	581.1	14.1	12.1	680.2
5.7	28.9	563.0	14.1	11.7	680.2
37.1	27.4	255.9	14.1	9.7	680.2
1.1	28.1	460.0	14.1	11.4	680.2
4.6	27.1	621.9	14.1	10.8	680.2
0.7	25.8	486.4	14.1	10.8	680.2
5.2	26.5	634.4	14.1	11.1	680.2
0.2	27.9	476.8	14.1	10.5	680.2
31.3	26.6	290.4	14.1	8.5	680.2
0.6	26.2	124.4	14.1	6.6	676.4
0.1	26.8	168.5	14.0	7.2	676.4
7.0	27.4	322.7	14.0	9.1	676.4
0.4	27.3	184.9	14.0	8.0	676.4
8.6	26.4	181.5	14.0	7.0	676.4
12.3	27.5	357.8	14.0	10.9	676.4
11.0	27.7	484.2	14.0	11.3	676.4
7.6	28.0	459.9	14.0	10.6	676.4
4.8	28.4	561.9	14.0	11.5	676.4
0.1	29.3	635.8	14.0	11.3	676.4
0.1	30.2	632.4	14.0	11.4	676.4
0.2	30.7	566.2	14.0	11.4	676.4
0.1	31.9	607.9	13.9	12.0	676.4
2.2	31.6	566.8	13.9	12.3	676.4
7.9	29.9	617.0	13.9	12.7	676.4
7.2	29.5	553.7	13.9	11.5	676.4
0.1	30.3	577.3	13.9	10.7	676.4
0.1	31.4	613.1	13.9	11.8	676.4
6.9	30.3	597.3	13.8	12.6	676.4
10.5	28.9	477.1	13.8	9.9	676.4
18.0	27.7	495.4	13.8	10.1	676.4
9.5	27.5	610.4	13.8	10.5	676.4
11.3	27.6	581.3	13.8	9.8	676.4
8.4	27.9	604.7	13.8	10.1	676.4
7.5	28.6	616.7	13.7	11.5	676.4
8.3	28.2	605.0	13.7	10.1	676.4
11.6	28.0	502.3	13.7	9.8	676.4
16.1	27.7	413.2	13.7	9.2	676.4
14.0	27.6	447.6	13.7	8.3	676.4
17.6	26.9	359.1	13.6	8.8	676.4
19.4	26.9	249.1	13.6	8.3	676.4
28.5	25.9	186.0	13.6	6.3	675.5
14.2	26.9	360.9	13.6	8.0	675.5
16.8	27.1	395.0	13.6	9.1	675.5
19.6	27.7	552.2	13.5	9.7	675.5
15.1	27.3	539.4	13.5	10.3	675.5
9.2	27.1	538.0	13.5	10.1	675.5
5.5	27.8	540.1	13.5	9.3	675.5
13.5	27.7	517.4	13.4	9.9	675.5
13.1	28.1	527.0	13.4	9.8	675.5
10.3	28.2	571.3	13.4	10.6	675.5
8.2	28.1	556.6	13.4	10.5	675.5
7.2	27.9	393.0	13.3	8.8	675.5
19.2	27.7	480.0	13.3	9.2	675.5
3.0	28.0	501.7	13.3	9.8	675.5
0.7	28.4	552.1	13.3	9.7	675.5
9.2	28.1	561.0	13.2	9.3	675.5
13.7	27.9	559.1	13.2	9.3	675.5
1.4	28.3	572.5	13.2	10.2	675.5
0.0	28.1	577.9	13.2	10.3	675.5
0.2	28.5	562.2	13.1	10.0	675.5
0.3	28.5	567.6	13.1	10.5	675.5
0.0	29.0	574.6	13.1	10.2	675.5
0.0	29.9	553.8	13.0	10.4	675.5
0.0	30.9	484.8	13.0	10.4	675.5
0.1	31.1	465.1	13.0	10.7	675.5
0.2	31.2	345.5	13.0	9.5	675.5
19.9	28.9	449.8	12.9	9.1	675.5
13.7	28.2	374.0	12.9	8.0	675.5
5.8	27.3	273.0	12.9	7.7	675.5
3.3	27.8	415.8	12.8	9.3	675.5
11.4	27.4	514.0	12.8	9.3	675.5
4.7	27.9	521.4	12.8	10.0	677.8
9.6	27.8	523.0	12.8	9.4	677.8
12.8	27.4	498.4	12.7	9.0	677.8
11.1	27.2	421.8	12.7	7.7	677.8
7.3	28.3	506.1	12.7	9.4	677.8
7.6	27.6	498.7	12.6	9.0	677.8
0.1	26.9	447.6	12.6	8.6	677.8
0.4	26.5	462.5	12.6	8.8	677.8
18.6	25.7	423.3	12.6	7.9	677.8
1.1	22.8	88.0	12.5	5.3	677.8
0.6	22.7	35.8	12.5	3.6	677.8
1.1	24.4	117.7	12.5	6.0	677.8
1.5	25.5	295.2	12.4	6.6	677.8
2.6	25.8	270.9	12.4	7.1	677.8
7.6	25.4	214.1	12.4	7.0	677.8
3.9	25.2	115.6	12.3	4.7	677.8
7.4	25.0	69.8	12.3	5.1	677.8
2.3	25.8	109.7	12.3	6.1	677.8
4.8	26.8	313.1	12.3	8.0	677.8
3.9	27.5	463.3	12.2	9.0	677.8
0.6	28.2	437.9	12.2	9.5	677.8
0.0	28.3	449.6	12.2	8.6	677.8
8.4	25.5	221.4	12.1	9.2	677.8
1.2	21.8	88.5	12.1	3.3	677.8
0.2	21.9	377.7	12.1	6.1	677.8
0.4	21.3	291.7	12.0	6.6	677.8
0.1	19.1	321.2	12.0	5.8	677.8
0.0	19.3	123.0	12.0	4.5	677.8
0.3	21.6	394.4	12.0	7.5	677.8
0.0	22.9	452.5	11.9	7.2	677.8
0.0	23.2	434.8	11.9	8.4	679.0
0.0	24.4	466.2	11.9	8.8	679.0
0.0	25.4	463.4	11.8	9.3	679.0
0.0	24.6	451.5	11.8	10.7	679.0
0.0	17.9	384.1	11.8	5.8	679.0
0.0	19.4	381.4	11.7	7.2	679.0
0.0	14.7	481.4	11.7	6.1	679.0
0.0	16.4	471.2	11.7	7.3	679.0
0.0	17.5	461.6	11.7	8.0	679.0
0.0	19.5	455.9	11.6	7.9	679.0
0.0	18.2	456.6	11.6	7.5	679.0
0.0	16.1	469.4	11.6	7.5	679.0
0.0	18.0	460.4	11.5	8.2	679.0
0.0	21.2	436.7	11.5	8.6	679.0
0.0	22.6	417.2	11.5	7.9	679.0
0.0	22.1	327.3	11.4	8.2	679.0
0.0	17.8	420.1	11.4	6.7	679.0
0.0	16.5	387.9	11.4	6.1	679.0
0.0	17.5	423.3	11.4	7.2	679.0
0.0	17.2	421.5	11.3	7.5	679.0
0.0	20.3	424.1	11.3	7.8	679.0
0.0	19.1	418.9	11.3	7.6	679.0
0.0	18.6	413.8	11.2	7.4	679.0
0.0	18.5	405.5	11.2	7.3	679.0
0.0	19.6	396.6	11.2	7.5	679.0
0.0	19.7	394.8	11.2	7.2	679.0
0.0	15.7	416.0	11.1	6.5	679.0
0.0	16.5	406.2	11.1	6.5	679.0
0.0	15.0	405.5	11.1	6.2	679.0
0.0	11.5	402.4	11.0	4.9	679.0
0.0	11.3	398.9	11.0	4.9	679.0
0.0	13.5	384.3	11.0	5.6	680.8
0.0	15.2	335.6	11.0	5.8	680.8
0.1	17.2	237.4	10.9	5.6	680.8
0.0	19.1	321.2	10.9	6.5	680.8
0.0	17.6	365.1	10.9	6.5	680.8
0.0	15.0	368.2	10.9	5.7	680.8
0.0	16.7	361.0	10.8	6.1	680.8
0.0	18.1	357.9	10.8	6.1	680.8
0.0	19.2	351.8	10.8	6.1	680.8
0.6	20.5	294.5	10.8	5.9	680.8
1.4	19.4	135.9	10.7	5.1	680.8
2.9	10.0	32.4	10.7	4.1	680.8
0.4	7.0	108.8	10.7	2.7	680.8
0.0	9.6	344.7	10.7	4.3	680.8
0.1	14.9	331.7	10.6	5.6	680.8
0.1	13.5	133.9	10.6	4.0	680.8
2.8	12.6	155.8	10.6	3.9	680.8
0.0	9.9	187.0	10.6	3.8	680.8
0.0	8.8	326.8	10.6	3.2	680.8
0.0	8.5	302.7	10.5	3.9	680.8
0.0	9.4	336.1	10.5	4.1	680.8
0.0	11.7	337.6	10.5	4.9	680.8
0.0	13.2	327.2	10.5	4.9	680.8
0.0	12.9	267.2	10.5	4.4	680.8
0.0	14.6	216.6	10.4	4.7	680.8
0.0	11.5	308.5	10.4	4.6	680.8
0.0	8.3	322.9	10.4	4.0	680.8
0.0	10.5	312.4	10.4	4.7	680.8
0.0	13.8	307.5	10.4	5.4	680.8
0.0	10.1	296.8	10.4	4.2	680.8
0.0	10.0	311.3	10.3	4.4	683.7
0.0	10.3	306.5	10.3	4.7	683.7
0.0	9.6	308.7	10.3	4.4	683.7
0.0	8.2	306.5	10.3	3.7	683.7
0.0	10.8	283.3	10.3	4.6	683.7
0.0	11.9	298.2	10.3	4.5	683.7
0.0	11.3	302.3	10.3	4.6	683.7
0.0	14.9	267.8	10.3	5.4	683.7
0.0	18.0	207.1	10.2	5.1	683.7
0.2	20.5	268.7	10.2	5.6	683.7
27.9	16.1	156.9	10.2	5.7	683.7
27.3	10.9	32.8	10.2	1.4	683.7
1.5	11.5	72.1	10.2	1.8	683.7
1.9	12.9	97.0	10.2	2.4	683.7
9.9	11.8	39.7	10.2	3.6	683.7
5.4	8.8	15.2	10.2	1.2	683.7
39.9	7.5	14.6	10.2	1.9	683.7
2.9	6.0	39.9	10.2	1.7	683.7
10.0	3.8	58.4	10.2	2.0	683.7
2.0	-0.4	76.2	10.2	1.7	683.7
0.0	-2.3	216.7	10.2	1.7	683.7
0.0	-0.7	270.5	10.2	1.8	683.7
0.1	-0.5	125.6	10.2	1.6	683.7
0.0	-0.6	299.2	10.2	2.1	683.7
0.0	0.5	306.1	10.2	2.6	683.7
0.0	2.2	289.6	10.2	2.9	683.7
0.0	-0.0	307.3	10.2	2.0	683.7
0.0	2.0	298.1	10.2	2.6	683.7
0.0	-1.6	306.0	10.2	2.2	683.7
0.0	0.7	307.5	10.2	2.8	683.7
0.0	4.6	301.7	10.2	3.4	683.7
0.0	6.5	300.1	10.2	3.8	687.3
0.0	3.2	290.8	10.2	2.8	687.3
0.7	7.8	281.4	10.2	3.5	687.3
9.1	8.5	25.1	10.2	3.2	687.3
0.1	2.0	130.0	10.3	1.8	687.3
0.0	1.7	278.8	10.3	2.4	687.3
0.0	3.8	254.7	10.3	2.9	687.3
0.4	6.7	252.4	10.3	3.6	687.3
0.0	3.5	313.1	10.3	2.5	687.3
42.2	4.2	40.1	10.3	2.1	687.3
19.5	4.9	24.1	10.3	2.1	687.3
1.2	2.9	73.3	10.3	1.4	687.3
10.2	4.2	84.3	10.4	1.9	687.3
37.1	8.0	24.8	10.4	2.3	687.3
16.0	4.7	30.6	10.4	3.2	687.3
2.4	-1.7	80.5	10.4	1.5	687.3
0.0	-4.2	310.2	10.4	1.7	687.3
0.0	-4.4	236.1	10.4	1.3	687.3
2.8	-2.7	301.9	10.5	1.6	687.3
13.6	-2.9	50.6	10.5	1.0	687.3
15.4	-1.1	45.4	10.5	1.2	687.3
1.1	-3.0	147.2	10.5	1.9	687.3
0.0	0.9	325.3	10.5	2.7	687.3
0.0	3.9	299.2	10.6	2.8	687.3
6.2	2.8	213.2	10.6	2.1	687.3
15.1	2.1	42.5	10.6	1.2	687.3
3.4	1.6	63.0	10.6	1.6	687.3
1.1	-1.4	200.5	10.6	1.8	687.3
0.0	-3.1	220.0	10.7	1.7	687.3
0.0	-1.8	364.9	10.7	2.2	687.3
0.0	1.5	353.7	10.7	2.8	687.3
0.0	0.8	224.4	10.7	2.6	689.1
0.0	0.6	376.8	10.8	2.5	689.1
0.0	-3.2	386.1	10.8	2.1	689.1
0.0	0.9	383.1	10.8	3.6	689.1
0.0	4.4	245.3	10.8	3.7	689.1
0.0	3.9	387.8	10.9	3.2	689.1
0.0	7.8	384.6	10.9	5.0	689.1
0.0	10.0	388.8	10.9	5.7	689.1
0.0	10.8	395.3	10.9	6.2	689.1
0.0	14.2	395.8	11.0	6.9	689.1
0.0	15.8	390.3	11.0	6.9	689.1
0.0	16.0	339.9	11.0	7.5	689.1
3.8	15.1	275.3	11.0	7.1	689.1
1.0	2.9	115.2	11.1	2.8	689.1
0.0	2.1	416.9	11.1	3.6	689.1
0.0	-0.2	392.8	11.1	3.3	689.1
0.0	0.2	415.5	11.2	3.3	689.1
0.8	5.3	221.3	11.2	4.7	689.1
0.0	7.8	368.8	11.2	4.6	689.1
0.0	7.6	427.2	11.2	4.6	689.1
0.0	9.3	419.0	11.3	4.9	689.1
0.0	11.6	420.9	11.3	6.2	689.1
0.0	9.4	449.5	11.3	6.0	689.1
0.0	11.3	447.6	11.4	6.7	689.1
0.0	13.8	457.1	11.4	7.8	689.1
1.0	15.5	427.7	11.4	8.5	689.1
0.0	10.8	439.3	11.5	6.7	689.1
0.0	14.1	469.5	11.5	8.2	689.1
0.0	16.5	459.4	11.5	8.7	689.1
0.0	16.8	461.5	11.5	8.8	689.9
0.0	18.2	454.5	11.6	8.9	689.9
6.7	13.9	76.6	11.6	5.0	689.9
2.0	12.2	40.0	11.6	3.7	689.9
10.8	18.2	212.0	11.7	7.8	689.9
3.5	5.4	46.9	11.7	5.4	689.9
0.2	3.8	179.0	11.7	2.4	689.9
0.0	6.9	481.8	11.8	5.1	689.9
0.0	8.9	479.0	11.8	5.8	689.9
0.0	11.0	470.4	11.8	6.7	689.9
0.1	12.2	333.8	11.8	7.1	689.9
0.0	14.2	502.4	11.9	8.1	689.9
0.0	17.3	502.9	11.9	9.4	689.9
0.0	19.5	495.3	11.9	9.7	689.9
0.0	21.9	486.3	12.0	10.4	689.9
0.0	22.8	484.5	12.0	10.6	689.9
4.8	15.6	315.4	12.0	10.9	689.9
0.3	7.2	132.2	12.1	3.4	689.9
0.0	10.6	515.7	12.1	6.1	689.9
0.3	16.1	453.0	12.1	8.1	689.9
12.5	14.1	64.2	12.2	4.5	689.9
1.0	13.7	81.0	12.2	4.6	689.9
0.1	18.8	483.2	12.2	8.6	689.9
5.8	20.9	323.1	12.2	7.9	689.9
17.7	20.8	437.3	12.3	7.8	689.9
3.4	20.3	489.2	12.3	10.4	689.9
0.1	11.6	295.2	12.3	4.7	689.9
4.7	10.9	108.2	12.4	4.2	689.9
0.0	10.4	559.7	12.4	6.6	689.9
0.0	13.3	329.4	12.4	7.0	689.9
0.0	17.3	545.0	12.5	8.4	689.9
0.0	19.0	531.8	12.5	9.4	690.6
0.0	20.7	535.2	12.5	9.8	690.6
0.0	23.1	416.7	12.5	9.7	690.6
4.2	22.0	219.5	12.6	8.2	690.6
15.2	19.0	52.7	12.6	2.9	690.6
15.7	16.9	26.6	12.6	6.6	690.6
39.4	9.1	30.8	12.7	6.3	690.6
2.5	7.8	120.4	12.7	3.8	690.6
0.9	7.9	99.1	12.7	3.3	690.6
7.0	12.9	360.8	12.8	6.0	690.6
0.1	14.2	435.4	12.8	8.4	690.6
0.0	16.7	583.3	12.8	7.9	690.6
0.0	19.7	569.2	12.8	9.1	690.6
6.6	21.9	427.8	12.9	8.2	690.6
20.4	22.9	484.4	12.9	11.4	690.6
0.0	12.8	304.5	12.9	6.3	690.6
0.0	15.9	605.5	13.0	8.4	690.6
0.0	18.4	387.0	13.0	7.9	690.6
9.6	17.7	68.2	13.0	6.3	690.6
1.1	23.2	247.3	13.0	7.9	690.6
2.7	23.2	375.2	13.1	7.0	690.6
41.1	24.0	309.1	13.1	7.9	690.6
2.7	20.6	139.6	13.1	8.9	690.6
0.4	22.8	357.0	13.2	9.4	690.6
32.2	23.1	449.8	13.2	11.7	690.6
1.2	12.8	81.7	13.2	6.5	690.6
0.0	13.8	602.9	13.2	8.2	690.6
0.0	18.3	607.8	13.3	9.1	690.6
0.0	18.6	343.8	13.3	9.3	690.6
7.0	20.1	539.2	13.3	10.0	690.6
19.3	17.4	67.7	13.3	5.9	691.5
0.6	21.8	513.1	13.4	9.0	691.5
3.8	21.0	386.8	13.4	9.7	691.5
0.1	20.2	536.2	13.4	9.1	691.5
0.0	23.9	606.1	13.4	11.3	691.5
0.0	25.4	617.0	13.5	11.5	691.5
11.0	25.2	572.7	13.5	10.4	691.5
10.9	25.3	573.2	13.5	10.3	691.5
12.9	24.7	432.5	13.5	10.8	691.5
28.8	23.8	335.6	13.6	11.3	691.5
5.1	16.4	103.5	13.6	5.9	691.5
0.7	16.1	292.0	13.6	6.8	691.5
0.0	18.6	616.6	13.6	8.7	691.5
20.7	21.5	256.7	13.6	8.7	691.5
45.5	21.6	73.8	13.7	5.4	691.5
17.4	22.4	116.9	13.7	5.6	691.5
26.8	24.1	326.2	13.7	9.3	691.5
27.7	24.2	127.4	13.7	5.8	691.5
10.7	23.5	48.2	13.7	7.5	691.5
1.3	20.9	83.9	13.8	4.6	691.5
0.2	21.6	123.8	13.8	4.8	691.5
9.6	25.0	443.7	13.8	9.8	691.5
0.1	24.8	531.7	13.8	10.4	691.5
1.9	23.4	406.0	13.8	8.4	691.5
2.3	22.2	71.0	13.9	4.7	691.5
11.1	23.6	357.2	13.9	8.6	691.5
1.4	22.5	159.4	13.9	6.8	691.5
0.3	23.7	417.0	13.9	9.6	691.5
5.4	24.9	485.0	13.9	9.0	691.5
0.5	25.4	333.0	13.9	8.6	691.5
69.9	23.7	258.2	13.9	11.0	691.5
21.4	18.8	76.1	14.0	4.7	690.1
1.6	21.7	142.9	14.0	5.6	690.1
6.7	23.7	140.9	14.0	7.0	690.1
1.1	22.7	127.7	14.0	6.8	690.1
22.3	25.1	330.5	14.0	9.7	690.1
44.3	20.0	55.3	14.0	7.6	690.1
6.3	19.1	72.3	14.0	3.8	690.1
1.7	19.1	56.7	14.0	3.0	690.1
1.1	19.8	90.3	14.0	4.7	690.1
0.5	20.8	254.1	14.0	8.2	690.1
0.2	23.3	587.3	14.1	10.2	690.1
0.1	25.2	609.2	14.1	11.9	690.1
0.0	24.3	493.5	14.1	9.1	690.1
0.0	24.9	400.7	14.1	10.5	690.1
0.0	22.6	289.1	14.1	8.9	690.1
0.1	24.7	581.4	14.1	10.5	690.1
0.2	26.4	580.9	14.1	11.2	690.1
4.4	25.1	278.9	14.1	10.0	690.1
1.8	26.0	637.7	14.1	13.0	690.1
1.7	26.2	635.6	14.1	12.4	690.1
1.9	27.2	621.5	14.1	11.7	690.1
16.0	28.1	551.2	14.1	12.1	690.1
26.7	24.6	59.4	14.1	3.8	690.1
0.6	25.6	322.6	14.1	8.3	690.1
4.3	26.9	529.6	14.1	9.2	690.1
0.9	26.8	344.4	14.1	8.7	690.1
20.9	27.2	430.6	14.1	9.4	690.1
25.6	27.4	395.7	14.1	9.8	690.1
20.4	28.1	559.8	14.1	9.8	690.1
49.1	26.7	458.7	14.1	8.7	690.1
2.6	25.0	157.6	14.1	7.4	686.2
0.1	25.1	620.5	14.0	10.8	686.2
0.0	24.9	491.8	14.0	10.2	686.2
1.4	24.7	287.3	14.0	8.3	686.2
30.1	22.7	52.9	14.0	4.2	686.2
1.8	24.9	170.0	14.0	7.8	686.2
1.7	25.4	87.5	14.0	5.1	686.2
24.5	26.8	273.5	14.0	8.8	686.2
18.6	26.9	317.1	14.0	9.4	686.2
13.6	26.9	210.6	14.0	7.8	686.2
12.6	27.4	247.2	14.0	9.2	686.2
16.1	27.6	477.2	13.9	9.6	686.2
16.2	27.6	440.5	13.9	9.9	686.2
8.8	27.4	293.6	13.9	9.4	686.2
12.7	26.8	236.7	13.9	8.7	686.2
8.1	27.2	341.8	13.9	9.5	686.2
21.5	27.5	412.1	13.9	10.1	686.2
0.2	28.0	579.0	13.9	10.7	686.2
0.8	28.0	555.6	13.8	9.6	686.2
2.1	27.4	327.6	13.8	8.7	686.2
13.8	27.8	443.3	13.8	9.8	686.2
17.3	27.4	473.5	13.8	10.3	686.2
12.6	27.1	445.0	13.8	9.1	686.2
5.1	27.2	319.4	13.7	8.8	686.2
6.2	27.5	467.3	13.7	10.2	686.2
1.9	28.2	606.5	13.7	10.8	686.2
4.4	28.1	485.8	13.7	10.1	686.2
2.6	28.1	535.1	13.7	10.5	686.2
0.4	27.9	585.4	13.6	9.9	686.2
13.5	25.8	201.3	13.6	6.5	686.2
0.8	26.1	106.7	13.6	6.2	686.2
21.5	27.3	446.9	13.6	9.7	685.4
16.1	28.0	532.8	13.6	9.4	685.4
16.0	28.1	505.3	13.5	9.9	685.4
14.7	28.2	485.8	13.5	9.6	685.4
12.7	27.5	369.7	13.5	8.7	685.4
0.1	27.1	280.2	13.5	8.3	685.4
0.3	28.1	557.6	13.4	9.8	685.4
13.7	27.5	531.6	13.4	10.2	685.4
10.8	26.8	377.7	13.4	8.6	685.4
13.7	27.2	476.2	13.4	9.2	685.4
27.9	26.8	439.8	13.3	8.9	685.4
16.4	26.5	482.9	13.3	9.5	685.4
0.2	28.3	589.7	13.3	10.3	685.4
5.6	28.9	562.8	13.3	10.7	685.4
3.7	29.3	564.8	13.2	10.6	685.4
0.0	29.0	516.3	13.2	10.3	685.4
0.2	29.3	560.6	13.2	10.4	685.4
0.1	29.0	555.0	13.2	10.1	685.4
0.7	29.1	547.7	13.1	10.0	685.4
0.0	29.1	585.2	13.1	10.4	685.4
0.0	28.7	578.8	13.1	10.4	685.4
0.2	29.2	499.7	13.0	10.2	685.4
0.1	29.5	549.8	13.0	10.7	685.4
0.0	29.5	565.7	13.0	10.7	685.4
0.1	29.7	544.5	13.0	10.5	685.4
0.2	28.9	444.1	12.9	10.6	685.4
0.0	28.7	572.9	12.9	10.8	685.4
0.1	28.8	531.7	12.9	10.6	685.4
0.0	27.6	393.7	12.9	8.9	685.4
0.0	25.1	342.4	12.8	9.6	685.4
0.1	28.4	517.3	12.8	10.9	685.4
0.0	29.9	532.4	12.8	10.5	687.7
0.3	30.5	524.8	12.7	10.1	687.7
0.2	30.8	404.4	12.7	9.6	687.7
0.0	30.7	526.1	12.7	10.7	687.7
0.0	30.9	462.6	12.6	10.1	687.7
1.2	30.8	524.4	12.6	10.8	687.7
0.2	30.8	512.8	12.6	10.3	687.7
0.0	30.7	513.0	12.6	9.9	687.7
0.1	31.1	505.1	12.5	10.0	687.7
0.0	28.5	351.8	12.5	9.2	687.7
0.0	25.8	309.1	12.5	8.5	687.7
0.0	25.3	497.8	12.4	9.9	687.7
0.0	26.7	516.9	12.4	9.5	687.7
0.1	27.8	447.6	12.4	10.0	687.7
0.0	27.7	492.1	12.4	8.7	687.7
0.1	27.6	343.2	12.3	9.1	687.7
0.0	28.2	480.2	12.3	9.7	687.7
0.0	27.0	505.8	12.3	9.9	687.7
0.0	27.6	487.9	12.2	10.1	687.7
0.0	26.8	372.3	12.2	8.5	687.7
0.3	27.7	393.8	12.2	9.5	687.7
0.0	27.0	487.0	12.1	10.2	687.7
0.0	25.6	452.6	12.1	9.8	687.7
0.0	26.0	496.5	12.1	10.2	687.7
0.0	27.1	487.2	12.1	10.0	687.7
0.0	27.4	477.6	12.0	10.0	687.7
0.0	25.5	475.2	12.0	10.2	687.7
0.0	27.1	476.0	12.0	9.4	687.7
0.0	28.3	416.9	11.9	9.0	687.7
0.7	29.0	445.0	11.9	9.5	687.7
0.0	28.9	437.5	11.9	9.1	689.0
0.0	28.6	448.5	11.8	8.9	689.0
0.1	28.4	414.2	11.8	8.9	689.0
0.4	26.1	321.6	11.8	7.4	689.0
0.0	24.8	383.6	11.7	7.8	689.0
0.0	23.2	448.6	11.7	9.5	689.0
0.0	17.4	459.4	11.7	6.4	689.0
0.0	16.5	439.2	11.7	6.6	689.0
0.0	17.8	433.3	11.6	7.7	689.0
0.0	19.8	462.3	11.6	8.9	689.0
0.0	20.7	459.3	11.6	9.4	689.0
0.0	22.7	445.2	11.5	9.4	689.0
0.0	22.4	440.4	11.5	9.1	689.0
0.0	22.3	438.7	11.5	9.0	689.0
0.0	22.7	432.3	11.5	8.9	689.0
0.0	24.0	427.6	11.4	9.5	689.0
0.0	16.5	446.7	11.4	6.8	689.0
0.0	18.3	433.7	11.4	7.2	689.0
0.0	19.8	421.6	11.3	7.9	689.0
0.0	21.6	409.6	11.3	7.3	689.0
0.0	21.7	368.6	11.3	6.0	689.0
1.0	23.2	366.2	11.2	6.7	689.0
21.8	20.6	50.5	11.2	3.5	689.0
17.1	16.2	29.5	11.2	4.6	689.0
0.3	15.3	378.5	11.2	4.7	689.0
0.0	17.5	321.4	11.1	5.5	689.0
0.5	18.9	300.4	11.1	5.2	689.0
0.8	15.6	72.8	11.1	4.0	689.0
0.0	15.3	369.7	11.1	4.8	689.0
0.0	16.7	350.8	11.0	5.2	689.0
0.0	17.0	277.5	11.0	5.3	689.0
0.0	18.4	322.8	11.0	5.4	690.7
0.0	19.8	235.8	10.9	5.3	690.7
3.9	21.5	249.5	10.9	6.1	690.7
2.2	14.6	16.4	10.9	4.1	690.7
0.4	12.6	190.1	10.9	4.3	690.7
0.0	12.6	227.7	10.8	3.5	690.7
0.8	12.8	61.8	10.8	2.8	690.7
4.1	12.4	39.7	10.8	3.1	690.7
1.7	14.0	214.5	10.8	4.3	690.7
0.3	11.5	176.9	10.7	5.1	690.7
0.0	6.1	368.3	10.7	3.6	690.7
0.0	10.1	355.2	10.7	4.5	690.7
0.0	12.4	149.2	10.7	4.0	690.7
0.0	13.6	299.5	10.7	4.7	690.7
0.0	12.7	321.3	10.6	4.5	690.7
0.0	13.9	336.0	10.6	5.0	690.7
0.0	14.2	327.6	10.6	4.4	690.7
0.0	10.1	276.1	10.6	4.2	690.7
0.0	7.6	339.5	10.5	4.0	690.7
0.0	6.3	348.3	10.5	4.1	690.7
0.0	7.2	348.8	10.5	4.4	690.7
0.0	10.8	340.5	10.5	4.9	690.7
0.0	13.0	327.5	10.5	5.3	690.7
0.2	16.3	227.6	10.4	5.6	690.7
1.3	17.4	101.0	10.4	4.9	690.7
0.6	16.4	164.5	10.4	4.0	690.7
1.0	17.4	176.1	10.4	4.0	690.7
0.3	19.0	113.8	10.4	5.0	690.7
2.3	20.0	290.6	10.4	6.2	690.7
28.0	11.2	78.0	10.3	3.6	690.7
3.6	5.5	15.9	10.3	1.5	693.6
0.7	3.6	98.1	10.3	2.7	693.6
0.0	-1.0	270.7	10.3	1.6	693.6
0.0	-0.2	307.4	10.3	2.0	693.6
0.3	1.0	192.3	10.3	1.8	693.6
0.1	2.1	102.3	10.3	1.7	693.6
1.2	4.5	189.9	10.3	2.5	693.6
0.0	4.4	280.8	10.2	2.8	693.6
0.0	4.4	292.6	10.2	2.7	693.6
0.0	3.7	305.7	10.2	3.0	693.6
0.0	7.3	190.4	10.2	3.3	693.6
1.6	11.9	210.5	10.2	4.3	693.6
0.8	7.6	59.6	10.2	2.5	693.6
7.5	7.0	88.9	10.2	1.7	693.6
11.0	8.0	18.7	10.2	1.6	693.6
4.8	8.5	70.7	10.2	2.1	693.6
5.5	6.6	41.1	10.2	2.0	693.6
0.6	5.7	171.9	10.2	3.1	693.6
0.1	7.2	219.0	10.2	3.4	693.6
0.0	3.5	295.9	10.2	3.0	693.6
0.0	-1.3	299.1	10.2	2.1	693.6
0.0	-1.2	302.1	10.2	2.2	693.6
0.0	2.8	261.2	10.2	3.1	693.6
0.0	7.3	285.1	10.2	4.1	693.6
1.1	8.5	137.2	10.2	4.1	693.6
0.0	3.6	280.0	10.2	2.3	693.6
2.3	10.0	168.1	10.2	3.7	693.6
14.6	8.9	13.4	10.2	2.5	693.6
13.9	1.3	9.0	10.2	2.5	693.6
2.5	-3.0	35.3	10.2	1.0	693.6
0.0	-0.3	304.9	10.2	2.1	693.6
0.0	1.1	300.1	10.2	3.0	697.3
0.0	-2.2	303.6	10.2	1.9	697.3
0.0	0.7	289.6	10.2	2.8	697.3
0.0	2.4	296.2	10.3	2.9	697.3
0.5	4.3	236.8	10.3	2.7	697.3
6.1	6.5	50.2	10.3	2.4	697.3
2.4	5.3	55.8	10.3	2.1	697.3
0.0	3.7	314.4	10.3	3.1	697.3
11.5	7.1	283.7	10.3	3.3	697.3
2.6	4.2	56.6	10.3	2.3	697.3
0.3	2.4	175.7	10.3	2.6	697.3
0.1	3.9	89.4	10.4	2.6	697.3
0.0	0.7	306.6	10.4	2.9	697.3
0.0	-0.8	178.4	10.4	1.6	697.3
0.0	1.3	323.7	10.4	2.4	697.3
0.0	-0.2	255.2	10.4	2.1	697.3
0.0	1.3	334.2	10.4	3.0	697.3
0.0	3.0	257.2	10.5	3.7	697.3
1.1	8.3	326.7	10.5	4.1	697.3
2.4	8.8	22.3	10.5	2.4	697.3
13.3	9.8	37.2	10.5	3.2	697.3
25.9	2.3	18.6	10.5	2.6	697.3
0.0	0.2	216.6	10.5	2.3	697.3
0.0	1.5	351.4	10.6	3.1	697.3
0.0	3.6	328.3	10.6	3.7	697.3
0.0	5.0	126.7	10.6	3.5	697.3
0.1	5.7	205.2	10.6	3.4	697.3
0.0	6.9	247.4	10.7	3.6	697.3
0.0	9.0	349.6	10.7	4.7	697.3
0.0	8.9	209.9	10.7	3.8	697.3
0.0	9.4	260.5	10.7	4.8	697.3
0.0	11.3	352.2	10.8	5.3	699.2
0.0	12.2	194.3	10.8	5.0	699.2
0.0	14.1	359.4	10.8	5.6	699.2
0.0	16.7	355.7	10.8	6.0	699.2
0.3	15.3	197.7	10.9	5.3	699.2
0.0	14.0	367.1	10.9	5.5	699.2
0.0	8.1	263.8	10.9	5.2	699.2
0.0	4.1	396.9	10.9	3.4	699.2
8.8	10.5	297.3	11.0	5.7	699.2
16.6	7.8	34.1	11.0	3.0	699.2
0.4	8.0	152.5	11.0	2.8	699.2
1.4	4.3	98.4	11.0	3.8	699.2
17.3	-0.4	56.5	11.1	0.8	699.2
0.5	3.5	338.9	11.1	3.1	699.2
19.0	5.5	17.5	11.1	2.8	699.2
49.2	9.5	15.0	11.2	2.6	699.2
16.2	10.2	33.1	11.2	4.0	699.2
1.0	5.1	117.2	11.2	2.4	699.2
0.5	7.2	142.0	11.2	2.9	699.2
3.0	12.3	243.9	11.3	5.0	699.2
2.7	7.3	109.5	11.3	3.1	699.2
0.8	8.6	344.3	11.3	4.1	699.2
29.5	10.1	44.6	11.4	4.0	699.2
12.1	7.7	40.6	11.4	2.8	699.2
28.1	11.6	35.3	11.4	5.3	699.2
1.1	5.7	58.3	11.4	2.1	699.2
0.0	5.7	297.8	11.5	4.1	699.2
0.0	8.3	395.7	11.5	4.5	699.2
0.1	6.4	116.9	11.5	3.8	700.0
0.0	4.8	423.4	11.6	4.7	700.0
0.0	6.0	455.8	11.6	4.5	700.0
3.0	10.3	455.5	11.6	6.1	700.0
15.1	9.0	37.2	11.7	3.5	700.0
0.7	2.9	85.9	11.7	3.8	700.0
0.0	0.8	494.4	11.7	3.4	700.0
0.0	5.6	419.9	11.7	4.7	700.0
0.0	10.4	477.2	11.8	6.3	700.0
0.0	11.1	353.9	11.8	5.2	700.0
0.0	15.4	439.6	11.8	7.6	700.0
29.6	12.2	122.3	11.9	7.2	700.0
8.7	4.7	64.7	11.9	2.7	700.0
8.3	7.4	445.9	11.9	4.6	700.0
0.2	8.9	144.2	12.0	4.5	700.0
0.1	10.6	484.1	12.0	5.7	700.0
0.1	17.6	435.3	12.0	8.5	700.0
0.3	19.9	221.3	12.1	6.7	700.0
2.7	21.7	493.0	12.1	8.3	700.0
14.1	22.5	458.5	12.1	7.8	700.0
2.9	23.2	466.4	12.1	8.0	700.0
36.1	17.2	172.9	12.2	10.5	700.0
1.9	5.1	38.6	12.2	3.2	700.0
0.1	4.3	252.6	12.2	3.9	700.0
2.1	6.5	391.6	12.3	3.9	700.0
10.1	7.8	269.7	12.3	3.8	700.0
4.1	8.8	133.2	12.3	3.4	700.0
0.2	12.3	410.2	12.4	6.1	700.0
0.6	12.8	474.0	12.4	8.0	700.0
0.8	13.4	386.4	12.4	7.2	700.0
30.7	12.3	69.4	12.4	7.3	700.0
0.0	8.5	569.8	12.5	6.1	700.6
0.1	12.2	443.7	12.5	6.5	700.6
25.0	16.1	123.2	12.5	6.8	700.6
0.3	18.9	348.1	12.6	8.7	700.6
16.3	22.0	263.2	12.6	8.0	700.6
10.7	20.1	128.5	12.6	8.3	700.6
0.3	16.5	146.5	12.7	6.9	700.6
0.3	15.4	408.1	12.7	8.8	700.6
42.5	10.5	89.2	12.7	4.4	700.6
17.9	10.0	39.7	12.7	4.0	700.6
0.7	13.1	125.3	12.8	4.9	700.6
0.6	19.3	189.7	12.8	9.3	700.6
0.0	25.6	510.4	12.8	9.7	700.6
9.9	24.8	491.4	12.9	9.7	700.6
11.8	21.9	245.8	12.9	7.6	700.6
18.9	21.3	143.8	12.9	7.6	700.6
22.2	14.3	63.9	13.0	8.0	700.6
0.8	13.1	183.5	13.0	5.7	700.6
5.2	19.6	165.9	13.0	9.6	700.6
7.7	19.5	106.8	13.0	10.6	700.6
21.6	12.2	114.7	13.1	5.0	700.6
6.1	10.5	48.2	13.1	2.6	700.6
14.8	14.9	57.0	13.1	8.1	700.6
16.4	22.6	159.0	13.1	7.5	700.6
55.8	17.0	57.6	13.2	9.8	700.6
4.7	9.8	33.6	13.2	5.4	700.6
36.1	8.8	73.8	13.2	2.8	700.6
4.6	7.8	83.5	13.3	3.8	700.6
0.0	10.2	606.5	13.3	7.6	700.6
0.2	13.9	592.9	13.3	7.6	700.6
12.8	15.1	91.1	13.3	6.2	701.6
1.5	19.7	148.8	13.4	7.6	701.6
0.0	25.2	578.6	13.4	10.4	701.6
7.7	23.8	371.6	13.4	8.4	701.6
4.5	24.7	272.7	13.4	8.9	701.6
3.4	26.3	578.8	13.5	10.3	701.6
8.5	15.0	110.0	13.5	11.0	701.6
0.0	15.5	638.4	13.5	9.0	701.6
0.0	15.9	266.4	13.5	7.6	701.6
0.0	19.5	631.3	13.6	9.5	701.6
12.5	19.0	314.7	13.6	8.5	701.6
1.7	19.2	63.9	13.6	7.9	701.6
24.2	22.6	284.4	13.6	10.1	701.6
10.7	22.0	345.9	13.6	8.3	701.6
29.7	23.3	93.4	13.7	6.9	701.6
10.8	26.2	305.7	13.7	8.4	701.6
15.1	26.3	345.2	13.7	8.5	701.6
25.0	26.3	313.4	13.7	9.2	701.6
27.8	26.5	358.3	13.7	9.3	701.6
29.6	26.0	221.6	13.8	8.0	701.6
9.0	22.0	208.0	13.8	12.7	701.6
0.1	16.7	289.7	13.8	7.5	701.6
3.8	18.4	422.8	13.8	7.7	701.6
1.5	17.2	268.9	13.8	6.8	701.6
0.2	20.8	585.5	13.9	9.6	701.6
0.3	20.4	266.4	13.9	7.3	701.6
0.1	20.6	516.6	13.9	8.8	701.6
3.4	21.7	273.5	13.9	7.8	701.6
4.3	21.0	81.7	13.9	6.4	701.6
0.7	22.1	271.6	13.9	7.6	701.6
11.0	23.6	213.2	13.9	8.8	701.6
18.0	24.7	160.6	14.0	8.0	700.1
15.5	25.8	219.0	14.0	8.3	700.1
0.0	27.7	606.3	14.0	11.8	700.1
36.2	27.4	402.5	14.0	9.6	700.1
12.2	27.8	187.5	14.0	7.8	700.1
51.4	27.3	298.5	14.0	9.7	700.1
1.6	22.9	314.3	14.0	10.4	700.1
0.1	24.3	662.8	14.0	10.3	700.1
0.5	27.9	566.4	14.0	10.6	700.1
29.7	28.0	502.4	14.0	10.2	700.1
3.3	26.0	264.8	14.1	11.0	700.1
1.0	22.9	121.7	14.1	4.3	700.1
1.4	23.8	172.6	14.1	7.4	700.1
1.8	23.1	149.2	14.1	6.4	700.1
0.2	22.2	542.7	14.1	10.0	700.1
0.0	23.9	479.9	14.1	8.8	700.1
0.1	22.2	402.5	14.1	10.9	700.1
0.0	22.9	678.4	14.1	10.1	700.1
0.0	26.2	671.3	14.1	11.9	700.1
0.0	27.9	610.5	14.1	11.4	700.1
0.7	28.9	625.4	14.1	11.6	700.1
0.1	28.9	410.1	14.1	11.0	700.1
22.5	27.0	409.8	14.1	9.6	700.1
9.6	25.8	186.2	14.1	7.4	700.1
25.3	23.8	35.4	14.1	5.6	700.1
8.1	23.3	52.5	14.1	6.4	700.1
8.7	26.3	169.8	14.1	8.3	700.1
4.1	23.8	121.0	14.1	5.8	700.1
32.1	23.1	51.0	14.1	4.9	700.1
0.8	23.5	227.3	14.1	8.3	700.1
0.1	24.8	523.9	14.1	9.7	696.3
12.7	24.4	179.4	14.0	5.6	696.3
6.9	24.4	62.5	14.0	6.1	696.3
1.2	26.5	314.6	14.0	9.2	696.3
5.2	26.9	350.1	14.0	9.7	696.3
6.5	25.8	203.7	14.0	8.2	696.3
2.9	25.9	265.6	14.0	8.8	696.3
9.6	25.7	359.7	14.0	9.6	696.3
2.2	26.7	384.8	14.0	9.3	696.3
17.8	26.1	271.5	14.0	7.8	696.3
10.2	26.1	168.6	14.0	8.0	696.3
15.1	26.3	206.8	13.9	8.0	696.3
19.6	26.9	373.8	13.9	8.3	696.3
25.8	26.1	288.6	13.9	6.5	696.3
10.8	27.0	248.3	13.9	8.1	696.3
17.5	27.8	474.3	13.9	9.8	696.3
11.2	28.6	529.0	13.9	10.1	696.3
16.3	28.5	471.0	13.9	10.2	696.3
28.2	27.3	324.1	13.8	8.9	696.3
0.5	26.0	86.7	13.8	5.8	696.3
0.7	25.1	196.8	13.8	7.5	696.3
0.1	25.0	587.7	13.8	10.5	696.3
0.0	25.6	639.9	13.8	11.7	696.3
0.0	27.1	633.9	13.7	11.4	696.3
0.1	28.3	603.3	13.7	11.3	696.3
0.2	29.4	539.1	13.7	11.0	696.3
9.3	28.7	439.7	13.7	11.4	696.3
39.6	27.4	390.8	13.7	8.9	696.3
8.9	26.4	217.6	13.6	8.8	696.3
4.0	27.0	514.9	13.6	10.4	696.3
0.5	28.1	567.8	13.6	10.3	696.3
0.0	29.6	598.7	13.6	11.0	695.5
11.1	28.4	524.8	13.6	10.9	695.5
0.2	28.8	438.8	13.5	10.1	695.5
0.1	27.2	219.1	13.5	10.2	695.5
1.0	27.9	613.0	13.5	12.0	695.5
0.0	29.3	611.6	13.5	11.8	695.5
0.0	29.7	614.2	13.4	11.8	695.5
0.0	30.0	558.4	13.4	10.7	695.5
0.0	28.1	159.7	13.4	8.1	695.5
6.8	27.2	213.2	13.4	8.9	695.5
12.4	28.0	516.3	13.3	9.3	695.5
12.8	27.8	484.7	13.3	9.2	695.5
4.6	28.4	561.2	13.3	9.8	695.5
8.3	28.2	473.2	13.3	9.4	695.5
14.5	28.5	487.4	13.2	9.9	695.5
14.0	28.6	523.9	13.2	9.4	695.5
10.1	28.0	533.3	13.2	9.4	695.5
8.9	27.1	518.3	13.2	9.2	695.5
0.8	26.4	401.2	13.1	8.7	695.5
1.3	26.1	397.1	13.1	8.7	695.5
0.3	27.1	540.1	13.1	9.5	695.5
0.6	28.1	533.9	13.1	9.4	695.5
0.7	28.7	449.2	13.0	9.6	695.5
0.6	28.5	476.3	13.0	10.4	695.5
0.0	28.0	567.5	13.0	11.0	695.5
0.0	27.9	578.4	12.9	11.8	695.5
0.0	28.9	560.5	12.9	11.4	695.5
0.0	29.4	378.2	12.9	10.0	695.5
0.0	29.1	534.0	12.9	11.0	695.5
0.0	27.1	530.2	12.8	10.0	695.5
0.0	26.4	427.6	12.8	9.4	695.5
0.0	25.8	494.5	12.8	10.8	697.9
0.0	26.8	563.7	12.7	10.8	697.9
0.3	27.3	483.9	12.7	9.6	697.9
1.7	26.1	70.1	12.7	5.6	697.9
1.7	25.7	38.3	12.7	4.0	697.9
11.7	26.2	363.1	12.6	8.6	697.9
13.7	25.9	458.2	12.6	8.0	697.9
15.1	25.0	351.8	12.6	6.4	697.9
9.4	25.5	356.6	12.5	7.5	697.9
11.6	26.3	413.5	12.5	7.9	697.9
6.9	26.6	448.4	12.5	8.7	697.9
2.9	27.1	447.7	12.4	9.0	697.9
9.3	26.8	458.3	12.4	8.5	697.9
0.0	27.1	473.7	12.4	8.4	697.9
0.1	26.0	401.6	12.4	9.1	697.9
0.0	24.2	504.2	12.3	10.0	697.9
0.0	24.0	500.2	12.3	8.8	697.9
0.0	25.3	498.9	12.3	9.0	697.9
0.0	25.7	423.8	12.2	8.7	697.9
0.0	25.7	196.8	12.2	7.5	697.9
10.3	23.9	132.6	12.2	7.2	697.9
5.6	21.3	22.1	12.1	3.9	697.9
0.1	21.3	248.8	12.1	6.7	697.9
0.0	22.0	480.2	12.1	6.4	697.9
0.0	21.3	82.8	12.1	3.8	697.9
1.1	21.6	77.6	12.0	5.4	697.9
0.0	21.9	412.9	12.0	7.7	697.9
0.0	21.5	388.1	12.0	8.9	697.9
0.0	22.7	423.7	11.9	8.1	697.9
0.0	22.5	385.1	11.9	7.1	697.9
3.0	23.7	186.5	11.9	6.7	699.1
0.8	20.7	42.8	11.8	4.9	699.1
0.0	20.7	428.0	11.8	7.6	699.1
3.1	21.0	195.9	11.8	7.1	699.1
0.0	19.0	330.4	11.8	7.0	699.1
0.0	20.4	454.5	11.7	7.4	699.1
0.0	20.8	388.5	11.7	8.4	699.1
0.0	22.7	403.8	11.7	7.9	699.1
0.7	22.9	214.4	11.6	7.5	699.1
0.0	17.9	376.1	11.6	7.6	699.1
0.0	16.3	463.3	11.6	7.1	699.1
0.0	19.2	446.5	11.5	8.4	699.1
0.0	19.2	444.9	11.5	8.4	699.1
0.0	19.3	441.7	11.5	8.4	699.1
0.0	21.1	429.0	11.5	8.7	699.1
0.0	21.4	421.4	11.4	8.5	699.1
0.0	18.4	426.7	11.4	7.3	699.1
0.0	18.0	424.6	11.4	7.1	699.1
0.0	20.2	417.3	11.3	8.8	699.1
0.0	14.7	429.1	11.3	6.2	699.1
0.0	18.3	418.8	11.3	7.8	699.1
0.0	20.6	375.4	11.3	8.2	699.1
0.0	22.7	313.3	11.2	7.6	699.1
0.0	22.9	267.3	11.2	7.1	699.1
0.0	23.3	371.0	11.2	7.3	699.1
0.0	22.4	215.7	11.1	6.9	699.1
0.1	24.4	375.6	11.1	7.5	699.1
0.5	20.3	125.5	11.1	5.0	699.1
0.0	21.7	366.0	11.1	6.8	699.1
0.0	21.4	264.2	11.0	6.2	699.1
0.0	18.1	381.1	11.0	6.9	699.1
0.0	18.2	382.1	11.0	6.3	700.9
0.0	21.0	317.4	11.0	6.6	700.9
0.0	22.6	240.6	10.9	6.4	700.9
0.0	24.2	343.8	10.9	6.9	700.9
0.0	21.6	176.1	10.9	6.4	700.9
0.0	18.6	350.4	10.8	5.7	700.9
0.0	20.0	340.3	10.8	6.0	700.9
0.0	21.5	200.3	10.8	5.6	700.9
0.0	22.2	298.1	10.8	6.0	700.9
0.0	23.8	336.5	10.8	6.5	700.9
0.0	25.6	318.6	10.7	6.7	700.9
3.4	26.0	286.0	10.7	6.5	700.9
5.0	13.9	21.9	10.7	6.1	700.9
0.0	11.9	231.3	10.7	3.1	700.9
0.0	15.0	327.4	10.6	4.6	700.9
1.7	12.6	89.8	10.6	3.8	700.9
0.0	8.8	206.6	10.6	4.0	700.9
0.0	8.5	345.9	10.6	4.1	700.9
0.0	11.4	302.8	10.5	4.5	700.9
2.4	14.7	203.8	10.5	4.7	700.9
3.6	14.1	103.7	10.5	2.8	700.9
11.3	14.4	53.0	10.5	2.2	700.9
7.3	13.0	13.6	10.5	3.7	700.9
1.7	10.4	84.5	10.5	1.9	700.9
2.6	12.5	63.9	10.4	2.5	700.9
0.7	10.4	74.6	10.4	2.7	700.9
0.7	11.5	162.3	10.4	3.3	700.9
3.0	15.7	166.2	10.4	4.0	700.9
21.4	10.6	25.1	10.4	4.8	700.9
0.2	7.1	185.7	10.4	2.7	700.9
2.2	7.9	144.9	10.3	2.9	703.8
0.0	4.4	201.2	10.3	2.9	703.8
0.0	6.0	299.3	10.3	2.9	703.8
3.4	7.9	33.5	10.3	2.1	703.8
10.5	6.7	15.7	10.3	2.2	703.8
0.0	6.1	304.1	10.3	2.9	703.8
0.1	7.0	299.7	10.3	3.6	703.8
0.1	9.8	271.3	10.3	4.4	703.8
0.1	8.9	30.6	10.2	2.6	703.8
0.1	11.6	265.8	10.2	4.3	703.8
1.5	15.0	217.7	10.2	4.6	703.8
5.1	10.6	14.0	10.2	2.7	703.8
6.6	14.9	81.4	10.2	4.8	703.8
1.4	4.1	46.3	10.2	1.8	703.8
0.3	5.3	173.1	10.2	2.3	703.8
1.2	12.4	170.7	10.2	3.7	703.8
8.5	11.9	25.5	10.2	3.9	703.8
2.1	5.3	24.3	10.2	1.9	703.8
8.7	6.0	50.4	10.2	1.6	703.8
8.9	8.1	11.4	10.2	2.3	703.8
12.6	7.6	19.4	10.2	2.1	703.8
1.8	1.6	30.7	10.2	2.4	703.8
0.0	-1.1	296.3	10.2	1.9	703.8
0.0	1.3	299.9	10.2	2.6	703.8
0.0	4.3	286.8	10.2	3.1	703.8
4.7	7.6	111.9	10.2	3.0	703.8
1.6	7.3	35.8	10.2	2.5	703.8
4.5	5.9	79.2	10.2	1.2	703.8
3.5	7.3	29.2	10.2	1.6	703.8
0.1	4.6	181.1	10.2	2.8	703.8
0.1	1.6	292.0	10.2	2.6	703.8
0.1	2.8	228.7	10.2	2.5	707.5
0.0	7.6	167.7	10.2	2.7	707.5
0.7	14.9	255.3	10.2	4.7	707.5
4.6	15.5	55.2	10.2	3.0	707.5
1.4	13.6	34.4	10.3	2.4	707.5
6.7	13.9	66.8	10.3	4.7	707.5
2.2	4.9	31.9	10.3	2.4	707.5
17.7	3.2	43.6	10.3	1.0	707.5
2.5	5.4	32.9	10.3	1.6	707.5
1.0	8.2	60.5	10.3	2.1	707.5
1.6	11.2	75.5	10.3	2.6	707.5
1.9	13.5	19.9	10.3	3.0	707.5
3.3	16.8	176.4	10.4	4.3	707.5
17.2	7.9	16.7	10.4	3.9	707.5
16.9	5.6	33.3	10.4	1.2	707.5
1.0	5.7	165.8	10.4	3.2	707.5
0.1	8.9	211.2	10.4	3.8	707.5
5.0	13.4	96.6	10.4	5.1	707.5
1.0	2.7	103.8	10.5	2.5	707.5
0.0	0.8	289.9	10.5	2.6	707.5
0.1	4.0	305.5	10.5	3.5	707.5
0.4	10.6	215.9	10.5	4.2	707.5
4.3	15.4	120.1	10.5	3.7	707.5
4.6	17.3	187.8	10.6	4.2	707.5
9.4	15.1	267.5	10.6	6.4	707.5
1.4	0.4	80.4	10.6	2.7	707.5
0.0	-2.0	361.6	10.6	1.8	707.5
0.0	1.3	338.9	10.7	2.7	707.5
0.0	3.2	356.3	10.7	3.4	707.5
0.0	5.0	362.1	10.7	3.7	707.5
0.0	7.4	237.1	10.7	3.8	707.5
0.3	8.0	318.9	10.7	4.0	709.4
0.0	6.6	359.8	10.8	3.2	709.4
0.4	5.8	151.3	10.8	2.7	709.4
19.7	4.7	87.0	10.8	2.8	709.4
1.7	3.2	76.3	10.8	2.0	709.4
0.2	2.5	176.3	10.9	2.8	709.4
3.8	7.3	198.1	10.9	3.8	709.4
13.5	9.3	26.6	10.9	3.5	709.4
2.1	2.2	93.3	11.0	3.0	709.4
0.2	-0.6	363.6	11.0	2.6	709.4
0.0	2.1	393.6	11.0	3.9	709.4
0.0	1.5	409.8	11.0	3.4	709.4
0.1	4.6	186.2	11.1	3.7	709.4
0.1	7.4	104.0	11.1	3.7	709.4
16.9	11.4	76.6	11.1	4.8	709.4
10.3	12.6	50.1	11.1	5.2	709.4
0.2	8.9	209.2	11.2	3.8	709.4
0.0	7.6	291.1	11.2	4.5	709.4
0.0	8.9	397.6	11.2	4.8	709.4
0.0	10.0	179.9	11.3	4.5	709.4
0.0	11.4	425.9	11.3	5.1	709.4
0.0	12.5	405.0	11.3	5.4	709.4
0.0	12.4	295.8	11.3	6.4	709.4
0.0	14.2	439.2	11.4	6.7	709.4
2.9	19.8	402.2	11.4	7.9	709.4
0.7	10.3	300.3	11.4	7.4	709.4
0.0	0.7	465.0	11.5	3.0	709.4
0.0	5.1	359.2	11.5	4.2	709.4
0.0	9.1	384.7	11.5	6.2	710.2
10.3	8.6	231.6	11.6	5.1	710.2
25.5	6.4	33.3	11.6	2.4	710.2
3.0	9.8	126.5	11.6	3.3	710.2
6.2	12.3	60.2	11.6	3.4	710.2
0.5	17.0	96.1	11.7	6.3	710.2
0.6	19.7	238.8	11.7	6.6	710.2
0.7	8.1	126.2	11.7	7.7	710.2
0.0	8.1	464.8	11.8	4.8	710.2
6.7	10.9	199.6	11.8	5.1	710.2
0.2	8.4	168.3	11.8	4.4	710.2
0.0	6.8	501.1	11.9	4.8	710.2
8.1	7.0	425.4	11.9	6.3	710.2
0.1	2.8	474.3	11.9	4.0	710.2
0.0	8.5	509.1	12.0	6.4	710.2
0.0	14.0	341.8	12.0	7.0	710.2
0.9	17.7	151.7	12.0	6.8	710.2
4.8	19.3	335.0	12.0	8.1	710.2
11.3	19.4	119.6	12.1	5.6	710.2
10.3	21.2	418.6	12.1	6.1	710.2
49.7	18.7	198.8	12.1	9.4	710.2
0.0	11.6	475.0	12.2	6.5	710.2
20.1	16.7	250.8	12.2	8.2	710.2
64.6	19.0	94.2	12.2	5.7	710.2
9.2	15.7	25.7	12.3	6.1	710.2
8.2	15.9	71.4	12.3	7.3	710.2
10.1	4.7	55.3	12.3	4.9	710.2
0.0	6.4	283.3	12.3	4.6	710.2
8.1	11.5	312.9	12.4	5.8	710.2
15.6	10.0	30.8	12.4	3.4	710.2
12.4	10.5	32.2	12.4	3.6	710.2
6.4	12.1	26.8	12.5	3.9	710.9
0.9	14.4	162.1	12.5	6.3	710.9
1.2	20.5	454.2	12.5	11.1	710.9
0.0	14.6	480.7	12.6	7.0	710.9
5.9	15.6	254.8	12.6	8.3	710.9
5.8	8.8	87.0	12.6	2.5	710.9
0.5	10.7	261.6	12.7	5.3	710.9
0.1	15.4	570.4	12.7	8.2	710.9
16.8	15.5	229.2	12.7	8.2	710.9
25.6	11.4	65.8	12.7	3.6	710.9
0.9	15.2	278.5	12.8	6.7	710.9
0.9	16.4	266.2	12.8	7.1	710.9
0.5	15.7	520.0	12.8	8.5	710.9
2.0	13.1	250.0	12.9	7.7	710.9
0.0	11.0	614.6	12.9	7.1	710.9
0.0	13.3	614.6	12.9	8.2	710.9
0.0	17.2	438.7	12.9	8.9	710.9
0.1	17.5	312.2	13.0	8.6	710.9
0.8	21.8	510.4	13.0	10.3	710.9
1.6	21.3	176.9	13.0	7.6	710.9
0.0	20.6	597.6	13.1	9.0	710.9
4.8	24.4	501.8	13.1	10.0	710.9
0.8	17.9	189.5	13.1	8.7	710.9
0.0	17.5	616.7	13.1	7.8	710.9
0.0	16.1	613.4	13.2	9.7	710.9
0.0	14.1	638.2	13.2	8.6	710.9
0.0	19.5	629.6	13.2	10.9	710.9
0.0	23.1	612.8	13.2	11.5	710.9
0.0	25.8	390.5	13.3	10.2	710.9
82.1	21.3	372.6	13.3	13.8	710.9
6.5	10.8	57.5	13.3	3.8	711.8
0.0	13.7	488.9	13.4	7.6	711.8
0.1	17.7	637.2	13.4	9.8	711.8
0.1	19.6	623.6	13.4	10.4	711.8
0.0	21.8	586.0	13.4	10.5	711.8
0.1	22.9	176.9	13.5	8.0	711.8
4.8	24.4	329.4	13.5	8.7	711.8
1.6	25.8	401.2	13.5	9.7	711.8
3.7	26.5	422.8	13.5	9.4	711.8
0.2	22.5	446.3	13.5	10.8	711.8
0.7	24.2	515.5	13.6	10.8	711.8
1.4	24.1	522.8	13.6	10.7	711.8
43.0	16.4	56.4	13.6	7.4	711.8
0.3	19.9	557.4	13.6	10.0	711.8
0.4	23.3	596.1	13.7	11.2	711.8
0.7	24.7	362.8	13.7	8.8	711.8
34.3	25.8	350.0	13.7	8.4	711.8
23.7	23.7	137.3	13.7	8.9	711.8
9.0	19.8	354.9	13.7	10.0	711.8
2.3	16.9	163.4	13.8	4.9	711.8
33.6	14.5	61.1	13.8	5.1	711.8
3.6	13.7	81.3	13.8	4.9	711.8
0.0	18.0	379.8	13.8	8.7	711.8
0.1	19.2	488.0	13.8	10.1	711.8
0.0	21.3	628.6	13.8	10.6	711.8
0.1	21.6	520.0	13.9	10.3	711.8
0.3	23.2	589.3	13.9	11.2	711.8
0.0	24.5	573.5	13.9	10.4	711.8
4.7	20.8	120.7	13.9	7.8	711.8
0.2	22.1	608.9	13.9	10.4	711.8
0.0	24.5	636.4	13.9	11.6	711.8
0.4	24.2	401.4	13.9	11.1	710.4
0.0	22.4	568.0	14.0	10.5	710.4
0.0	24.0	441.8	14.0	8.5	710.4
0.0	26.0	550.2	14.0	11.6	710.4
9.4	24.2	198.1	14.0	10.0	710.4
2.0	20.8	68.9	14.0	6.0	710.4
1.8	20.5	112.0	14.0	5.5	710.4
0.7	22.7	439.5	14.0	9.3	710.4
0.4	24.1	598.3	14.0	10.4	710.4
0.1	26.0	611.6	14.0	10.2	710.4
13.1	24.2	139.9	14.0	6.3	710.4
16.5	25.3	89.4	14.1	6.1	710.4
0.5	25.4	141.6	14.1	8.4	710.4
3.8	27.8	531.7	14.1	10.0	710.4
25.0	26.0	78.7	14.1	5.4	710.4
27.4	26.3	293.6	14.1	7.3	710.4
0.2	26.0	488.1	14.1	10.6	710.4
0.1	26.4	413.8	14.1	10.2	710.4
1.5	25.6	348.2	14.1	10.9	710.4
0.0	26.0	405.3	14.1	11.0	710.4
3.0	27.7	574.8	14.1	11.0	710.4
29.5	24.4	61.6	14.1	5.1	710.4
2.5	25.1	274.4	14.1	8.9	710.4
1.0	23.9	226.1	14.1	7.5	710.4
0.2	25.4	496.0	14.1	10.0	710.4
2.3	26.5	402.0	14.1	9.2	710.4
0.3	27.1	245.9	14.1	8.7	710.4
4.3	28.7	541.8	14.1	11.2	710.4
1.0	28.0	249.7	14.1	7.9	710.4
21.3	27.9	289.4	14.1	9.3	710.4
20.3	26.9	258.1	14.1	8.9	706.5
18.7	27.4	464.6	14.0	9.3	706.5
20.4	27.0	322.2	14.0	9.4	706.5
14.3	27.3	347.7	14.0	9.5	706.5
14.7	28.1	502.2	14.0	10.7	706.5
17.4	27.9	428.5	14.0	9.4	706.5
19.7	27.9	509.8	14.0	9.0	706.5
24.4	27.9	449.7	14.0	9.5	706.5
12.3	28.3	530.7	14.0	10.3	706.5
3.8	28.9	627.8	14.0	12.1	706.5
2.0	29.2	601.6	14.0	11.3	706.5
0.0	30.5	628.4	13.9	11.0	706.5
0.0	31.4	607.9	13.9	11.1	706.5
0.3	30.3	345.4	13.9	10.1	706.5
1.3	30.8	583.5	13.9	11.8	706.5
6.3	30.0	621.4	13.9	10.5	706.5
0.0	30.8	633.9	13.9	11.3	706.5
0.1	31.1	620.3	13.9	11.8	706.5
0.0	30.8	622.0	13.8	12.6	706.5
0.7	30.6	543.6	13.8	10.7	706.5
0.0	31.3	566.1	13.8	11.7	706.5
0.0	31.3	615.6	13.8	12.1	706.5
0.1	31.4	614.7	13.8	12.2	706.5
0.1	31.4	609.4	13.8	12.0	706.5
0.1	31.6	613.8	13.7	12.0	706.5
0.1	31.7	591.8	13.7	11.8	706.5
0.1	32.1	586.7	13.7	12.0	706.5
13.9	29.8	449.9	13.7	10.5	706.5
11.2	28.1	461.0	13.7	9.3	706.5
11.6	28.0	376.4	13.6	8.7	706.5
7.4	27.8	238.7	13.6	8.5	706.5
17.0	27.2	331.3	13.6	8.9	705.8
10.8	28.4	566.7	13.6	10.1	705.8
7.1	28.5	549.2	13.5	11.1	705.8
3.7	29.3	577.3	13.5	10.3	705.8
10.4	28.5	423.4	13.5	9.8	705.8
14.3	28.2	383.3	13.5	8.7	705.8
23.7	26.9	283.2	13.5	7.9	705.8
7.3	25.9	83.0	13.4	5.2	705.8
1.7	26.0	123.7	13.4	6.3	705.8
0.1	24.9	302.0	13.4	9.4	705.8
0.1	25.7	606.1	13.4	10.0	705.8
0.2	26.5	560.5	13.3	10.3	705.8
0.0	28.3	600.5	13.3	10.8	705.8
5.2	28.6	492.3	13.3	11.3	705.8
10.5	27.7	402.2	13.2	9.4	705.8
1.0	27.6	261.9	13.2	7.5	705.8
0.2	28.0	509.8	13.2	9.4	705.8
0.3	26.3	176.7	13.2	5.2	705.8
0.8	26.4	343.5	13.1	8.4	705.8
0.7	27.7	436.7	13.1	8.5	705.8
11.3	28.2	462.1	13.1	10.5	705.8
7.3	28.3	518.4	13.1	10.0	705.8
0.1	26.6	515.7	13.0	10.8	705.8
0.2	27.8	576.0	13.0	9.9	705.8
0.0	29.1	554.5	13.0	10.3	705.8
0.3	29.7	485.9	13.0	10.2	705.8
0.9	30.5	425.9	12.9	9.6	705.8
0.2	30.3	364.8	12.9	9.5	705.8
0.1	30.5	515.2	12.9	9.7	705.8
0.9	30.2	339.0	12.8	8.2	705.8
0.6	30.9	374.9	12.8	8.5	705.8
22.0	28.0	335.5	12.8	8.5	708.2
25.2	27.6	375.5	12.8	8.1	708.2
20.5	26.7	451.9	12.7	9.0	708.2
18.0	25.6	379.5	12.7	7.2	708.2
0.1	24.3	162.3	12.7	5.9	708.2
0.1	25.2	461.4	12.6	8.2	708.2
0.0	25.9	521.9	12.6	8.1	708.2
0.1	25.6	483.8	12.6	8.4	708.2
0.0	26.9	525.8	12.5	8.5	708.2
0.0	27.0	374.1	12.5	9.7	708.2
0.0	27.8	530.1	12.5	10.9	708.2
0.4	28.1	528.1	12.5	11.7	708.2
0.0	28.9	527.9	12.4	11.8	708.2
0.0	29.2	525.6	12.4	12.2	708.2
0.0	27.8	528.0	12.4	11.2	708.2
0.3	28.4	270.3	12.3	8.7	708.2
0.4	28.9	388.7	12.3	10.0	708.2
0.0	28.8	465.0	12.3	10.4	708.2
0.0	28.6	503.5	12.2	10.7	708.2
0.0	27.4	508.8	12.2	10.3	708.2
0.0	28.1	497.8	12.2	9.6	708.2
0.0	29.6	492.3	12.2	10.4	708.2
0.0	28.7	494.2	12.1	10.3	708.2
0.0	27.9	484.9	12.1	8.9	708.2
0.1	26.9	382.9	12.1	9.0	708.2
0.0	26.0	468.8	12.0	7.8	708.2
0.0	25.6	413.8	12.0	9.7	708.2
0.0	26.0	339.9	12.0	8.2	708.2
0.0	26.8	467.2	11.9	9.0	708.2
0.0	26.1	463.5	11.9	8.3	708.2
0.0	24.7	378.0	11.9	7.6	709.5
0.1	24.5	382.0	11.9	8.1	709.5
0.0	23.8	468.8	11.8	8.6	709.5
0.0	23.7	467.1	11.8	8.9	709.5
0.0	23.8	438.8	11.8	8.6	709.5
0.0	19.5	453.8	11.7	7.4	709.5
0.0	20.2	456.0	11.7	8.1	709.5
0.0	21.5	457.4	11.7	8.7	709.5
0.0	22.3	406.3	11.6	8.7	709.5
0.0	22.7	453.0	11.6	9.3	709.5
0.0	22.0	447.8	11.6	8.7	709.5
0.0	22.5	358.6	11.6	8.9	709.5
0.0	18.0	424.6	11.5	5.6	709.5
0.0	19.4	281.2	11.5	5.7	709.5
0.1	20.5	197.9	11.5	6.0	709.5
0.1	22.0	130.3	11.4	5.9	709.5
0.0	23.2	171.5	11.4	6.4	709.5
0.0	25.6	395.5	11.4	7.7	709.5
3.7	20.9	68.4	11.3	6.1	709.5
0.0	20.6	136.6	11.3	4.8	709.5
0.0	19.0	100.5	11.3	5.0	709.5
0.0	18.9	385.9	11.3	5.6	709.5
0.1	22.8	342.7	11.2	7.3	709.5
0.2	19.6	104.7	11.2	5.1	709.5
0.0	21.6	312.2	11.2	6.5	709.5
2.4	19.8	302.1	11.1	9.4	709.5
0.0	12.8	340.2	11.1	4.9	709.5
0.0	18.1	381.1	11.1	6.5	709.5
7.2	24.5	294.6	11.1	7.7	709.5
1.7	14.9	70.7	11.0	6.3	709.5
0.0	11.5	366.4	11.0	4.6	709.5
0.0	13.6	379.2	11.0	5.5	711.3
0.0	15.5	368.6	11.0	6.0	711.3
0.0	17.7	346.5	10.9	6.4	711.3
0.0	18.4	360.2	10.9	7.0	711.3
0.0	19.4	361.6	10.9	6.8	711.3
0.0	17.8	113.2	10.9	5.0	711.3
0.0	17.7	256.9	10.8	5.9	711.3
0.0	18.1	355.4	10.8	6.4	711.3
0.0	18.4	349.3	10.8	6.5	711.3
0.0	19.5	301.5	10.8	6.0	711.3
0.2	19.7	233.9	10.7	5.2	711.3
0.2	18.7	100.6	10.7	4.1	711.3
3.2	16.5	38.6	10.7	2.8	711.3
23.0	17.2	153.9	10.7	4.3	711.3
6.9	15.4	20.1	10.6	2.3	711.3
1.8	14.4	67.8	10.6	2.8	711.3
4.9	13.3	107.6	10.6	2.5	711.3
34.6	12.5	22.2	10.6	1.6	711.3
0.4	7.5	39.0	10.6	3.6	711.3
0.0	6.7	340.7	10.5	2.7	711.3
0.0	8.8	329.5	10.5	3.6	711.3
0.0	6.3	240.4	10.5	2.4	711.3
0.0	5.5	306.4	10.5	3.3	711.3
0.1	7.0	329.9	10.5	3.9	711.3
0.1	5.4	118.9	10.4	3.4	711.3
0.0	3.9	331.0	10.4	3.0	711.3
0.0	3.9	325.5	10.4	3.4	711.3
0.0	5.9	325.6	10.4	3.8	711.3
0.0	12.6	307.5	10.4	5.1	711.3
0.1	13.8	164.3	10.4	4.9	711.3
0.0	15.7	290.2	10.3	5.8	714.2
0.0	11.4	260.9	10.3	4.3	714.2
5.4	9.0	256.3	10.3	3.5	714.2
0.1	4.9	116.4	10.3	2.0	714.2
0.0	7.8	202.5	10.3	3.1	714.2
5.0	11.6	155.0	10.3	3.8	714.2
5.6	10.0	16.6	10.3	1.6	714.2
0.0	9.8	290.7	10.3	3.1	714.2
0.0	16.5	288.7	10.2	4.8	714.2
6.5	21.3	269.6	10.2	5.6	714.2
0.4	10.2	31.6	10.2	4.2	714.2
0.0	6.7	276.8	10.2	2.5	714.2
0.0	8.8	152.7	10.2	2.5	714.2
0.1	14.3	102.5	10.2	3.7	714.2
0.6	14.5	158.1	10.2	3.9	714.2
1.0	11.2	43.5	10.2	1.8	714.2
0.5	9.9	131.0	10.2	2.8	714.2
0.1	9.9	283.1	10.2	2.9	714.2
1.9	10.2	100.0	10.2	2.1	714.2
4.5	9.9	49.6	10.2	1.7	714.2
8.1	9.2	21.3	10.2	0.8	714.2
2.8	11.0	35.3	10.2	2.0	714.2
1.0	14.0	101.9	10.2	2.7	714.2
0.2	18.0	115.6	10.2	3.8	714.2
7.2	15.3	130.7	10.2	5.5	714.2
0.4	6.6	112.5	10.2	2.1	714.2
0.2	7.5	221.1	10.2	3.3	714.2
0.3	9.1	152.4	10.2	3.2	714.2
3.0	8.8	67.5	10.2	3.2	714.2
0.0	4.4	254.9	10.2	2.9	714.2
0.0	1.6	300.4	10.2	2.1	714.2
0.0	4.0	252.1	10.2	2.5	718.0
6.7	7.2	125.1	10.2	2.5	718.0
3.7	6.8	30.3	10.2	2.4	718.0
0.3	2.6	288.8	10.2	2.4	718.0
0.0	1.8	308.3	10.3	2.3	718.0
0.0	3.8	278.4	10.3	3.3	718.0
0.0	7.7	304.5	10.3	4.2	718.0
0.0	5.3	314.8	10.3	3.1	718.0
0.0	5.3	320.9	10.3	3.5	718.0
0.0	9.8	315.1	10.3	5.0	718.0
0.0	11.5	324.5	10.3	5.1	718.0
4.8	14.5	308.5	10.3	5.8	718.0
1.4	2.7	69.0	10.4	3.9	718.0
0.0	1.9	318.4	10.4	2.4	718.0
0.1	2.2	140.0	10.4	2.5	718.0
0.0	0.1	328.2	10.4	2.4	718.0
0.0	0.1	327.4	10.4	2.3	718.0
0.0	4.7	298.0	10.4	3.6	718.0
0.0	11.7	238.2	10.5	4.8	718.0
0.0	11.7	287.1	10.5	5.6	718.0
0.0	10.6	331.5	10.5	4.9	718.0
0.0	12.1	344.0	10.5	5.4	718.0
0.0	15.6	328.5	10.5	6.2	718.0
0.0	20.1	275.1	10.6	6.5	718.0
0.0	19.6	222.9	10.6	5.9	718.0
0.0	21.1	271.5	10.6	6.7	718.0
15.8	18.2	141.9	10.6	6.7	718.0
1.1	8.1	67.1	10.6	2.8	718.0
0.1	10.6	165.1	10.7	3.7	718.0
16.2	16.1	216.8	10.7	5.3	718.0
8.6	16.0	49.9	10.7	3.2	718.0
4.4	6.6	30.6	10.7	5.5	719.9
17.9	2.4	30.2	10.8	1.4	719.9
11.4	2.6	57.8	10.8	1.6	719.9
19.2	1.0	23.7	10.8	1.2	719.9
0.5	1.6	138.6	10.8	2.0	719.9
0.2	-0.0	135.1	10.9	1.8	719.9
0.0	0.3	307.9	10.9	2.2	719.9
0.0	0.5	394.3	10.9	2.8	719.9
0.0	4.3	360.3	10.9	4.0	719.9
0.0	8.1	392.3	11.0	4.9	719.9
0.0	7.3	389.7	11.0	4.7	719.9
0.0	9.0	351.6	11.0	4.9	719.9
2.3	13.7	156.1	11.1	4.9	719.9
1.1	14.8	96.8	11.1	4.6	719.9
0.5	18.1	167.6	11.1	5.5	719.9
9.2	11.5	51.0	11.1	6.9	719.9
19.8	6.3	36.1	11.2	1.8	719.9
27.7	6.3	20.4	11.2	1.4	719.9
4.1	5.1	28.0	11.2	1.1	719.9
12.9	5.7	58.0	11.3	2.1	719.9
54.9	5.6	30.8	11.3	2.5	719.9
28.5	6.9	27.0	11.3	1.2	719.9
37.4	6.3	29.5	11.3	2.7	719.9
20.6	4.0	35.0	11.4	1.7	719.9
1.6	4.2	76.8	11.4	1.9	719.9
0.3	4.1	131.6	11.4	3.1	719.9
0.0	6.4	356.2	11.5	4.4	719.9
3.3	5.2	311.0	11.5	3.2	719.9
0.8	3.4	105.9	11.5	2.0	720.7
0.0	1.7	373.4	11.5	3.7	720.7
0.0	4.8	437.4	11.6	4.1	720.7
0.0	6.9	461.6	11.6	5.1	720.7
3.1	10.7	283.6	11.6	6.2	720.7
0.0	7.6	387.9	11.7	3.7	720.7
0.0	10.7	358.6	11.7	5.4	720.7
0.0	7.1	491.9	11.7	5.1	720.7
0.0	9.9	481.0	11.8	5.8	720.7
19.0	10.4	176.2	11.8	4.8	720.7
0.1	8.4	273.0	11.8	4.8	720.7
0.0	6.9	469.8	11.9	4.9	720.7
0.3	8.8	486.4	11.9	5.1	720.7
7.1	6.9	76.6	11.9	2.3	720.7
36.5	13.3	242.0	11.9	6.1	720.7
0.9	9.5	68.2	12.0	5.8	720.7
0.0	4.5	123.6	12.0	3.5	720.7
0.6	7.5	246.0	12.0	4.9	720.7
0.2	10.3	427.5	12.1	6.9	720.7
11.2	15.0	466.3	12.1	8.0	720.7
17.4	15.4	63.3	12.1	4.0	720.7
0.1	15.5	335.1	12.2	9.4	720.7
7.5	7.8	369.7	12.2	4.5	720.7
0.3	6.8	202.3	12.2	4.5	720.7
0.8	11.2	317.0	12.3	5.9	720.7
0.3	12.5	490.2	12.3	6.2	720.7
2.0	15.1	410.8	12.3	7.4	720.7
11.4	12.8	176.0	12.3	5.6	720.7
8.3	10.6	75.1	12.4	7.0	720.7
0.0	11.6	485.1	12.4	5.3	720.7
21.6	11.9	116.0	12.4	4.3	720.7
2.8	11.0	84.9	12.5	1.7	721.3
28.9	10.3	73.1	12.5	4.9	721.3
23.2	8.1	49.7	12.5	2.3	721.3
30.0	10.9	47.7	12.6	4.3	721.3
31.9	14.5	41.4	12.6	4.3	721.3
11.8	13.8	65.7	12.6	4.3	721.3
26.4	13.8	72.5	12.6	3.9	721.3
1.0	14.1	151.5	12.7	4.7	721.3
11.6	15.3	62.5	12.7	4.6	721.3
13.8	16.3	56.3	12.7	5.5	721.3
0.1	18.2	446.1	12.8	7.8	721.3
4.1	23.4	306.6	12.8	8.2	721.3
9.4	17.6	53.1	12.8	9.2	721.3
11.2	12.0	126.5	12.9	4.6	721.3
2.4	10.5	102.3	12.9	2.9	721.3
30.5	11.1	100.2	12.9	3.1	721.3
0.3	15.8	354.3	12.9	7.5	721.3
65.0	19.3	140.1	13.0	7.3	721.3
48.4	16.3	52.7	13.0	7.1	721.3
38.0	16.5	124.4	13.0	8.1	721.3
31.2	18.5	195.3	13.1	7.2	721.3
4.9	15.1	134.9	13.1	5.4	721.3
0.1	18.0	305.4	13.1	7.7	721.3
0.0	24.2	581.4	13.1	10.2	721.3
17.9	21.5	461.4	13.2	11.6	721.3
26.3	16.3	41.3	13.2	6.0	721.3
0.9	15.2	281.0	13.2	6.5	721.3
44.8	14.4	109.8	13.2	5.4	721.3
0.0	14.0	326.6	13.3	6.9	721.3
0.0	14.3	377.8	13.3	7.4	721.3
28.7	16.6	295.7	13.3	7.4	722.3
11.2	17.9	93.2	13.3	5.8	722.3
0.8	19.2	417.9	13.4	8.5	722.3
10.9	20.4	110.4	13.4	6.5	722.3
1.3	25.1	468.6	13.4	10.7	722.3
20.4	19.1	103.0	13.4	10.8	722.3
0.0	15.0	354.7	13.5	6.7	722.3
0.0	17.0	440.0	13.5	8.1	722.3
0.0	18.4	581.1	13.5	9.5	722.3
0.0	20.2	604.7	13.5	9.5	722.3
0.0	21.4	611.1	13.6	10.0	722.3
0.2	22.4	505.3	13.6	9.1	722.3
0.5	21.0	347.6	13.6	9.7	722.3
0.1	24.0	635.3	13.6	12.2	722.3
51.8	24.1	289.6	13.7	10.2	722.3
0.8	22.7	427.8	13.7	10.1	722.3
0.3	24.1	592.3	13.7	11.9	722.3
0.0	24.4	573.4	13.7	12.7	722.3
2.9	25.4	450.5	13.7	10.4	722.3
0.6	24.6	525.7	13.8	11.4	722.3
0.0	22.5	588.1	13.8	8.6	722.3
0.0	22.7	431.5	13.8	10.8	722.3
0.0	24.0	642.5	13.8	11.1	722.3
0.1	25.9	522.8	13.8	10.8	722.3
0.0	24.9	305.7	13.8	10.7	722.3
45.5	24.3	180.2	13.9	8.0	722.3
2.3	22.7	190.2	13.9	8.8	722.3
0.0	22.4	540.4	13.9	9.8	722.3
0.1	19.6	289.9	13.9	6.9	722.3
19.6	17.7	81.4	13.9	5.2	722.3
32.7	18.5	33.0	13.9	5.5	722.3
10.6	20.4	34.9	13.9	5.1	720.9
44.5	21.4	47.2	14.0	4.9	720.9
0.1	21.2	387.7	14.0	8.4	720.9
0.2	23.0	646.4	14.0	10.7	720.9
0.0	24.9	619.6	14.0	11.8	720.9
0.0	26.7	480.4	14.0	10.9	720.9
4.4	25.1	152.9	14.0	6.1	720.9
0.1	25.1	462.7	14.0	10.4	720.9
0.1	25.4	632.4	14.0	11.4	720.9
1.5	25.3	628.7	14.0	11.6	720.9
0.0	26.0	573.1	14.0	11.0	720.9
0.0	28.8	629.1	14.1	12.2	720.9
7.2	28.1	611.5	14.1	12.5	720.9
9.8	26.5	564.1	14.1	8.9	720.9
20.0	25.6	387.2	14.1	8.9	720.9
1.3	24.6	315.5	14.1	8.4	720.9
0.0	25.3	510.2	14.1	10.2	720.9
2.4	23.6	249.4	14.1	9.2	720.9
12.4	18.2	105.9	14.1	6.1	720.9
17.4	19.3	102.1	14.1	5.0	720.9
30.3	21.2	54.0	14.1	5.0	720.9
12.4	23.3	58.4	14.1	5.7	720.9
17.4	24.3	89.9	14.1	5.5	720.9
0.8	25.0	113.9	14.1	6.1	720.9
11.1	26.7	371.6	14.1	9.9	720.9
21.4	27.3	518.3	14.1	10.3	720.9
18.9	27.2	515.6	14.1	9.6	720.9
24.2	26.7	279.3	14.1	8.2	720.9
3.4	26.4	252.0	14.1	8.9	720.9
23.2	26.9	443.2	14.1	9.3	720.9
14.8	26.5	273.5	14.1	9.1	717.0
12.8	26.8	374.5	14.0	9.8	717.0
14.6	27.7	500.8	14.0	10.2	717.0
9.9	28.0	454.5	14.0	9.3	717.0
12.0	28.2	517.4	14.0	9.9	717.0
21.9	27.8	543.2	14.0	9.7	717.0
10.8	27.7	459.8	14.0	10.0	717.0
0.5	27.9	513.0	14.0	10.9	717.0
0.1	29.1	617.2	14.0	11.0	717.0
0.1	30.3	632.8	14.0	11.1	717.0
19.6	28.4	565.3	14.0	9.9	717.0
19.6	28.0	452.2	13.9	9.3	717.0
19.0	27.2	277.8	13.9	9.3	717.0
23.8	26.1	203.6	13.9	8.1	717.0
16.4	25.5	105.7	13.9	5.9	717.0
15.9	26.0	240.4	13.9	7.9	717.0
15.2	26.8	255.0	13.9	8.8	717.0
19.4	26.7	196.3	13.9	8.5	717.0
3.9	27.0	282.6	13.8	9.3	717.0
4.7	28.3	577.0	13.8	11.5	717.0
5.4	28.5	614.5	13.8	11.2	717.0
7.5	28.9	558.5	13.8	10.3	717.0
4.5	29.5	614.4	13.8	10.9	717.0
4.1	29.7	618.6	13.8	11.8	717.0
6.7	29.3	586.2	13.7	11.2	717.0
0.1	28.6	462.4	13.7	9.1	717.0
20.6	27.9	423.6	13.7	9.0	717.0
16.7	28.2	517.2	13.7	10.4	717.0
10.4	28.2	494.4	13.7	10.4	717.0
13.8	28.2	500.0	13.6	10.2	717.0
9.2	28.4	506.1	13.6	10.4	717.0
9.8	28.3	486.3	13.6	10.0	716.3
6.1	28.4	517.1	13.6	10.3	716.3
8.7	27.4	456.6	13.5	10.0	716.3
10.3	27.5	299.1	13.5	8.1	716.3
14.0	27.7	368.2	13.5	9.0	716.3
5.5	27.2	253.9	13.5	8.6	716.3
4.9	27.4	319.7	13.5	9.4	716.3
3.3	27.8	434.8	13.4	9.7	716.3
5.4	28.1	524.4	13.4	10.7	716.3
2.0	28.6	589.6	13.4	11.0	716.3
0.1	29.0	595.3	13.4	10.4	716.3
12.7	27.8	584.7	13.3	10.4	716.3
7.6	27.3	563.4	13.3	10.1	716.3
1.2	27.4	505.7	13.3	9.8	716.3
3.2	28.0	573.0	13.3	10.0	716.3
3.7	28.5	505.9	13.2	10.8	716.3
5.5	29.1	545.7	13.2	11.6	716.3
0.6	28.9	447.8	13.2	8.6	716.3
9.6	28.4	443.9	13.1	10.4	716.3
12.7	28.2	531.4	13.1	9.7	716.3
13.2	27.9	525.6	13.1	9.6	716.3
24.1	27.2	396.8	13.1	8.6	716.3
25.0	27.0	440.3	13.0	8.8	716.3
14.6	26.6	317.8	13.0	7.9	716.3
7.1	26.5	348.0	13.0	8.0	716.3
19.0	27.0	472.5	13.0	8.2	716.3
13.7	26.7	328.7	12.9	7.4	716.3
13.6	27.1	425.9	12.9	8.7	716.3
21.0	27.1	475.3	12.9	8.1	716.3
14.1	27.7	391.1	12.8	8.0	716.3
15.2	27.6	445.0	12.8	8.0	716.3
4.0	27.9	447.3	12.8	7.9	718.8
1.1	28.2	364.5	12.8	7.8	718.8
7.4	27.1	517.1	12.7	9.3	718.8
0.0	25.8	458.7	12.7	7.9	718.8
1.2	25.7	360.9	12.7	6.7	718.8
0.4	25.5	169.5	12.6	5.6	718.8
5.7	25.8	283.3	12.6	7.2	718.8
8.1	26.4	357.5	12.6	8.4	718.8
13.3	26.5	395.3	12.6	7.8	718.8
11.9	26.4	356.0	12.5	7.1	718.8
21.7	26.5	342.5	12.5	8.2	718.8
30.8	26.0	349.3	12.5	7.3	718.8
15.3	25.3	281.1	12.4	6.6	718.8
1.9	25.0	156.6	12.4	5.5	718.8
0.3	23.8	231.0	12.4	7.6	718.8
0.0	23.0	497.0	12.3	8.1	718.8
0.2	24.4	219.7	12.3	7.3	718.8
1.0	25.3	169.8	12.3	5.8	718.8
0.4	25.1	167.8	12.3	5.8	718.8
0.2	25.0	476.1	12.2	8.3	718.8
0.0	26.3	490.2	12.2	9.6	718.8
2.9	25.1	433.0	12.2	9.5	718.8
0.0	24.6	494.6	12.1	9.3	718.8
0.0	25.0	492.2	12.1	9.5	718.8
0.0	25.5	265.6	12.1	7.8	718.8
0.0	24.7	326.7	12.0	8.1	718.8
2.8	27.0	432.3	12.0	9.3	718.8
4.0	22.4	26.5	12.0	2.5	718.8
0.4	24.0	104.2	12.0	5.4	718.8
0.0	21.7	416.0	11.9	8.2	718.8
0.0	20.1	425.9	11.9	7.1	720.1
0.0	21.3	257.7	11.9	5.7	720.1
0.0	21.4	442.4	11.8	8.0	720.1
0.0	20.9	474.0	11.8	8.7	720.1
0.0	21.6	467.7	11.8	9.0	720.1
0.0	22.5	460.6	11.7	9.3	720.1
0.0	22.3	358.7	11.7	8.4	720.1
0.0	23.5	387.3	11.7	8.9	720.1
0.0	23.7	317.0	11.7	8.9	720.1
0.0	23.5	438.0	11.6	8.5	720.1
0.0	23.2	274.8	11.6	6.7	720.1
0.1	21.0	122.9	11.6	5.3	720.1
0.0	22.8	259.0	11.5	6.7	720.1
0.2	25.7	401.7	11.5	8.0	720.1
0.0	25.4	281.7	11.5	7.0	720.1
0.5	24.3	82.9	11.4	5.4	720.1
3.2	23.1	108.1	11.4	4.6	720.1
8.6	20.6	30.2	11.4	2.8	720.1
0.5	20.1	54.7	11.4	4.1	720.1
0.0	19.8	209.6	11.3	4.7	720.1
0.0	20.0	268.9	11.3	5.6	720.1
0.1	22.4	349.0	11.3	6.4	720.1
0.0	22.6	387.8	11.2	7.0	720.1
0.3	24.4	353.2	11.2	6.7	720.1
0.4	21.3	143.5	11.2	7.2	720.1
0.0	16.2	408.0	11.2	5.9	720.1
0.0	17.0	399.6	11.1	6.3	720.1
0.0	17.6	398.9	11.1	6.8	720.1
0.0	19.3	397.7	11.1	7.2	720.1
0.0	17.8	383.7	11.0	6.5	720.1
0.0	18.9	387.2	11.0	7.0	720.1
0.0	19.1	312.9	11.0	6.9	721.8
0.0	18.3	376.8	11.0	7.0	721.8
0.0	19.9	382.9	10.9	7.8	721.8
0.0	13.5	383.0	10.9	5.1	721.8
0.0	16.8	375.5	10.9	7.0	721.8
0.0	19.1	365.6	10.9	7.5	721.8
0.0	18.7	357.9	10.8	6.6	721.8
0.0	18.7	352.7	10.8	6.1	721.8
0.0	19.8	323.8	10.8	6.3	721.8
0.0	19.8	333.5	10.8	5.4	721.8
0.0	21.4	333.5	10.7	6.1	721.8
0.0	22.4	334.9	10.7	6.5	721.8
1.1	20.8	148.2	10.7	5.8	721.8
0.0	16.1	333.1	10.7	5.4	721.8
0.0	15.3	262.0	10.6	5.2	721.8
0.0	9.3	360.8	10.6	3.9	721.8
0.0	9.3	348.3	10.6	4.6	721.8
0.0	11.3	343.9	10.6	5.1	721.8
0.0	14.1	281.5	10.6	5.5	721.8
0.0	18.3	308.0	10.5	6.2	721.8
0.0	20.8	318.1	10.5	6.2	721.8
0.4	18.5	265.4	10.5	6.8	721.8
0.0	15.9	330.1	10.5	5.3	721.8
0.0	15.5	324.4	10.5	4.8	721.8
0.0	17.2	312.7	10.4	5.6	721.8
2.4	13.4	135.7	10.4	5.7	721.8
0.0	7.4	311.5	10.4	3.5	721.8
0.0	4.1	329.7	10.4	3.2	721.8
0.0	6.4	325.4	10.4	3.9	721.8
0.0	9.9	312.2	10.4	4.8	721.8
0.0	10.4	211.0	10.3	4.0	724.8
0.0	11.5	312.5	10.3	4.6	724.8
0.0	9.4	127.2	10.3	3.7	724.8
0.0	10.0	314.1	10.3	4.4	724.8
0.0	13.5	301.1	10.3	5.0	724.8
0.0	8.0	315.5	10.3	3.4	724.8
0.0	12.0	178.0	10.3	4.5	724.8
0.0	12.0	242.7	10.3	5.2	724.8
0.0	6.5	273.2	10.2	2.5	724.8
0.0	9.4	204.0	10.2	3.2	724.8
0.0	13.5	229.5	10.2	4.3	724.8
0.0	13.5	99.4	10.2	3.6	724.8
0.2	14.5	172.9	10.2	4.2	724.8
7.3	13.5	44.4	10.2	3.4	724.8
2.2	11.2	59.1	10.2	1.9	724.8
0.4	11.3	65.5	10.2	2.5	724.8
5.1	10.8	153.8	10.2	4.3	724.8
0.0	5.9	285.8	10.2	3.3	724.8
0.0	-0.9	305.5	10.2	2.2	724.8
0.0	-2.1	305.6	10.2	1.9	724.8
0.0	1.7	115.3	10.2	2.4	724.8
0.0	5.8	112.8	10.2	2.9	724.8
0.1	6.2	168.9	10.2	2.8	724.8
0.0	3.3	292.2	10.2	2.5	724.8
0.0	5.6	302.5	10.2	3.7	724.8
0.0	9.5	306.4	10.2	4.6	724.8
0.0	5.4	303.7	10.2	3.3	724.8
0.0	6.6	303.4	10.2	3.9	724.8
0.0	10.6	300.5	10.2	5.2	724.8
0.0	6.2	303.4	10.2	3.7	724.8
0.0	5.7	199.9	10.2	3.3	724.8
1.2	13.4	288.6	10.2	5.1	728.6
3.5	14.8	145.0	10.2	5.1	728.6
0.2	8.7	236.5	10.2	3.5	728.6
0.0	5.1	169.5	10.2	3.2	728.6
3.3	8.6	297.9	10.3	3.7	728.6
0.0	6.9	203.3	10.3	3.3	728.6
0.0	6.5	307.4	10.3	3.3	728.6
8.8	12.3	257.5	10.3	4.6	728.6
1.1	3.3	56.5	10.3	2.3	728.6
0.5	0.9	75.5	10.3	1.7	728.6
0.1	1.6	268.8	10.3	2.7	728.6
4.0	-3.3	59.4	10.3	1.3	728.6
0.3	-2.5	212.3	10.4	1.7	728.6
5.5	-0.9	285.9	10.4	1.8	728.6
6.5	-3.2	58.8	10.4	1.6	728.6
0.0	-6.6	340.3	10.4	1.6	728.6
0.0	-3.0	217.7	10.4	1.8	728.6
0.1	0.7	223.8	10.4	2.8	728.6
0.0	3.1	304.4	10.5	3.3	728.6
0.0	2.5	336.7	10.5	2.5	728.6
0.0	4.0	339.4	10.5	3.4	728.6
0.0	0.3	337.4	10.5	2.2	728.6
0.0	5.0	173.0	10.5	4.0	728.6
0.0	9.9	337.3	10.6	5.7	728.6
0.0	9.2	332.1	10.6	4.2	728.6
0.0	6.6	252.7	10.6	4.0	728.6
0.0	8.3	356.9	10.6	4.2	728.6
0.0	9.6	354.0	10.6	5.1	728.6
0.0	10.5	351.3	10.7	5.0	728.6
0.0	12.0	261.6	10.7	5.7	728.6
0.0	15.5	350.0	10.7	6.3	728.6
0.5	14.1	299.8	10.7	6.0	730.5
0.0	11.6	318.6	10.8	4.4	730.5
5.6	8.0	98.5	10.8	5.2	730.5
0.0	4.0	376.7	10.8	3.5	730.5
0.1	5.1	373.9	10.8	3.6	730.5
7.3	6.0	70.9	10.9	2.1	730.5
7.9	11.6	177.5	10.9	4.3	730.5
2.3	13.4	98.6	10.9	3.3	730.5
0.1	14.2	143.3	10.9	4.4	730.5
0.0	17.2	367.1	11.0	6.3	730.5
4.2	8.0	173.6	11.0	6.2	730.5
1.0	4.6	182.2	11.0	3.3	730.5
0.0	0.2	325.9	11.0	2.5	730.5
0.0	0.3	330.3	11.1	2.4	730.5
0.1	3.2	400.2	11.1	3.5	730.5
0.0	5.4	423.1	11.1	4.0	730.5
0.0	10.3	418.0	11.2	5.5	730.5
0.1	14.8	344.4	11.2	5.8	730.5
0.0	13.2	419.7	11.2	6.6	730.5
0.0	13.0	430.5	11.2	6.7	730.5
0.0	18.1	421.8	11.3	8.3	730.5
2.9	20.4	398.0	11.3	8.6	730.5
26.3	7.4	28.2	11.3	4.7	730.5
0.5	6.5	252.9	11.4	4.4	730.5
11.2	7.3	257.5	11.4	4.0	730.5
14.6	6.8	31.8	11.4	2.2	730.5
24.6	6.6	25.0	11.5	2.3	730.5
0.0	4.7	321.5	11.5	4.3	730.5
0.0	6.3	415.0	11.5	4.0	730.5
0.0	9.2	256.1	11.5	4.4	731.4
0.0	5.3	441.0	11.6	3.7	731.4
6.8	5.1	126.9	11.6	2.5	731.4
13.0	5.7	32.6	11.6	2.2	731.4
18.7	7.0	46.8	11.7	2.1	731.4
7.5	6.8	72.8	11.7	2.5	731.4
6.9	9.3	162.0	11.7	4.1	731.4
1.1	9.8	95.7	11.8	4.0	731.4
8.8	16.0	100.4	11.8	6.9	731.4
0.2	14.5	360.5	11.8	6.5	731.4
1.3	18.3	456.2	11.8	8.6	731.4
4.9	9.0	87.1	11.9	6.0	731.4
9.1	8.7	203.7	11.9	4.3	731.4
16.9	9.0	82.1	11.9	3.8	731.4
2.3	6.3	123.1	12.0	3.6	731.4
0.0	4.9	529.1	12.0	4.9	731.4
0.0	8.8	529.2	12.0	6.1	731.4
0.0	11.7	512.0	12.1	7.3	731.4
0.5	14.9	470.3	12.1	8.4	731.4
4.5	12.1	68.2	12.1	3.8	731.4
1.0	14.7	355.1	12.2	6.4	731.4
1.3	16.5	214.2	12.2	5.7	731.4
0.0	14.7	525.3	12.2	8.5	731.4
0.0	18.1	539.8	12.2	9.2	731.4
0.0	21.8	533.1	12.3	9.1	731.4
5.1	19.9	483.5	12.3	12.5	731.4
1.1	8.2	80.1	12.3	3.8	731.4
5.2	6.4	52.0	12.4	1.7	731.4
0.0	7.9	82.5	12.4	2.8	731.4
1.1	9.9	137.3	12.4	4.7	731.4
0.9	11.3	107.3	12.5	4.4	731.4
6.2	12.9	109.7	12.5	4.8	732.0
5.3	11.7	140.4	12.5	4.8	732.0
3.0	11.3	64.5	12.5	3.7	732.0
5.5	18.0	298.8	12.6	8.6	732.0
2.8	15.1	399.4	12.6	6.6	732.0
29.1	11.7	40.5	12.6	3.8	732.0
17.7	13.8	72.2	12.7	4.9	732.0
0.1	16.9	465.7	12.7	8.1	732.0
0.0	18.5	443.4	12.7	8.6	732.0
0.3	21.9	407.0	12.8	8.8	732.0
22.4	19.8	237.4	12.8	11.4	732.0
0.4	12.9	405.7	12.8	7.1	732.0
0.1	16.8	500.2	12.8	8.8	732.0
0.0	18.0	573.4	12.9	9.6	732.0
0.0	20.1	562.6	12.9	9.5	732.0
0.0	21.3	589.9	12.9	9.9	732.0
0.0	22.6	605.8	13.0	11.4	732.0
0.9	24.4	577.7	13.0	10.8	732.0
14.8	25.2	402.3	13.0	8.9	732.0
4.2	26.1	529.8	13.0	8.4	732.0
17.0	22.1	426.0	13.1	10.8	732.0
0.6	23.1	340.3	13.1	10.2	732.0
4.3	16.1	93.9	13.1	6.8	732.0
13.2	13.3	71.2	13.2	2.7	732.0
0.6	13.3	100.2	13.2	5.2	732.0
7.9	10.6	121.9	13.2	3.7	732.0
0.2	14.4	424.5	13.2	8.3	732.0
0.0	17.1	575.3	13.3	8.8	732.0
97.6	14.8	73.5	13.3	5.1	732.0
0.4	13.6	264.4	13.3	7.9	732.0
0.0	13.5	627.0	13.3	7.5	733.0
0.0	14.5	645.0	13.4	8.1	733.0
2.6	17.6	632.2	13.4	8.5	733.0
0.0	19.5	615.7	13.4	9.9	733.0
1.3	19.1	253.7	13.4	8.3	733.0
0.1	19.3	567.4	13.5	10.7	733.0
5.6	15.9	511.4	13.5	9.5	733.0
0.0	17.7	619.1	13.5	9.6	733.0
0.0	19.7	424.9	13.5	8.9	733.0
0.0	20.8	169.2	13.6	7.5	733.0
0.0	23.5	520.7	13.6	10.0	733.0
2.2	22.7	193.6	13.6	8.2	733.0
7.0	20.9	143.9	13.6	10.0	733.0
0.0	18.0	658.7	13.6	7.5	733.0
0.6	16.6	395.6	13.7	8.3	733.0
0.0	20.2	655.3	13.7	10.7	733.0
0.0	23.7	631.9	13.7	11.0	733.0
0.0	25.4	485.8	13.7	11.4	733.0
3.6	25.3	395.0	13.7	10.5	733.0
3.3	26.9	492.2	13.8	10.9	733.0
23.4	20.8	310.6	13.8	12.7	733.0
0.0	18.1	568.0	13.8	8.9	733.0
0.2	19.2	476.6	13.8	7.8	733.0
3.1	22.6	131.4	13.8	9.3	733.0
0.3	22.1	195.1	13.9	7.8	733.0
5.8	25.7	589.0	13.9	10.8	733.0
7.5	24.9	216.1	13.9	9.9	733.0
20.0	24.2	123.4	13.9	6.9	733.0
15.4	24.4	221.2	13.9	8.5	733.0
29.3	25.9	408.5	13.9	11.6	733.0
0.8	20.2	179.8	13.9	7.2	733.0
0.9	21.4	441.8	14.0	8.5	731.6
0.1	23.5	517.4	14.0	9.7	731.6
32.3	22.1	105.7	14.0	9.9	731.6
11.3	20.8	112.3	14.0	7.8	731.6
1.5	21.7	72.8	14.0	5.7	731.6
46.1	20.6	81.1	14.0	4.7	731.6
41.8	19.5	56.6	14.0	3.1	731.6
10.8	19.0	50.4	14.0	2.6	731.6
10.2	20.5	55.3	14.0	6.2	731.6
3.1	24.9	203.4	14.0	9.1	731.6
6.9	21.4	84.1	14.1	10.3	731.6
0.3	20.3	433.1	14.1	10.1	731.6
0.0	24.2	621.6	14.1	10.6	731.6
0.0	24.8	371.1	14.1	10.1	731.6
0.1	25.1	483.2	14.1	10.2	731.6
0.0	22.0	319.6	14.1	9.2	731.6
0.1	23.3	660.0	14.1	11.3	731.6
0.0	24.3	669.5	14.1	12.0	731.6
0.0	25.9	631.8	14.1	10.5	731.6
15.1	23.1	142.2	14.1	8.3	731.6
10.5	21.0	88.9	14.1	4.7	731.6
0.4	22.1	457.4	14.1	9.8	731.6
0.2	24.2	563.1	14.1	10.0	731.6
0.3	25.8	436.8	14.1	9.8	731.6
0.1	27.3	353.1	14.1	9.6	731.6
24.3	26.8	297.6	14.1	9.6	731.6
4.3	25.8	62.6	14.1	4.8	731.6
24.9	26.0	55.2	14.1	4.9	731.6
1.9	23.6	67.5	14.1	7.2	731.6
0.7	23.2	341.1	14.1	8.5	731.6
0.4	24.1	560.5	14.0	10.1	727.7
0.1	25.8	623.9	14.0	10.0	727.7
0.7	28.0	443.8	14.0	10.1	727.7
0.1	29.7	620.2	14.0	11.7	727.7
14.6	28.5	559.1	14.0	12.2	727.7
13.1	28.3	430.1	14.0	9.9	727.7
8.2	28.6	474.2	14.0	11.1	727.7
0.2	29.8	603.2	14.0	11.1	727.7
6.1	29.6	576.7	14.0	12.0	727.7
4.2	29.5	561.5	14.0	11.8	727.7
0.0	29.4	470.8	14.0	10.3	727.7
0.0	30.2	549.5	13.9	10.3	727.7
3.6	29.8	488.0	13.9	10.8	727.7
6.4	29.0	512.7	13.9	11.8	727.7
12.2	28.4	507.1	13.9	11.7	727.7
11.5	28.3	607.8	13.9	11.6	727.7
7.2	28.9	627.0	13.9	12.2	727.7
1.1	29.6	633.5	13.9	12.3	727.7
0.0	30.4	637.9	13.8	12.2	727.7
0.0	31.5	630.6	13.8	12.1	727.7
0.0	32.1	609.8	13.8	13.3	727.7
6.9	30.9	592.3	13.8	13.6	727.7
21.3	28.4	471.2	13.8	10.2	727.7
12.2	28.2	451.0	13.7	9.8	727.7
31.1	28.0	404.9	13.7	8.7	727.7
24.2	28.2	383.7	13.7	9.5	727.7
24.3	28.1	399.6	13.7	9.4	727.7
20.6	27.5	518.3	13.7	9.8	727.7
25.6	27.2	321.4	13.6	8.1	727.7
16.4	27.9	297.9	13.6	8.8	727.7
22.5	27.3	294.5	13.6	9.0	727.7
0.9	28.4	540.1	13.6	10.3	727.0
1.2	28.6	354.3	13.6	9.2	727.0
3.3	26.6	147.9	13.5	7.3	727.0
6.1	28.0	427.2	13.5	9.4	727.0
3.9	28.2	500.2	13.5	9.6	727.0
1.9	27.6	426.2	13.5	8.8	727.0
10.9	26.4	428.4	13.4	8.5	727.0
0.6	26.4	502.5	13.4	9.2	727.0
0.9	27.4	399.9	13.4	8.7	727.0
18.5	26.9	327.2	13.4	9.1	727.0
16.7	26.1	295.2	13.3	8.0	727.0
0.5	26.7	458.5	13.3	8.8	727.0
0.2	26.7	569.6	13.3	9.8	727.0
0.0	27.8	598.9	13.3	11.2	727.0
0.0	28.9	580.2	13.2	11.2	727.0
0.0	29.3	479.0	13.2	11.3	727.0
0.0	29.2	514.7	13.2	10.1	727.0
0.1	29.9	580.1	13.2	10.9	727.0
0.0	29.8	582.6	13.1	11.1	727.0
0.2	29.2	522.9	13.1	10.6	727.0
0.1	29.0	561.4	13.1	10.9	727.0
0.3	29.1	540.2	13.0	10.9	727.0
0.6	28.9	425.5	13.0	10.1	727.0
0.4	28.5	227.6	13.0	9.2	727.0
0.2	30.3	482.5	13.0	10.4	727.0
0.2	30.6	459.8	12.9	10.0	727.0
14.9	28.3	517.1	12.9	9.0	727.0
2.1	28.9	545.2	12.9	9.9	727.0
3.2	29.3	487.9	12.9	11.0	727.0
0.8	30.3	451.0	12.8	9.5	727.0
10.4	28.7	501.4	12.8	10.3	727.0
16.3	28.5	517.1	12.8	9.5	729.6
3.6	28.7	504.3	12.7	10.2	729.6
0.0	27.7	453.8	12.7	9.6	729.6
0.4	28.1	458.9	12.7	9.8	729.6
0.0	28.1	541.8	12.6	9.2	729.6
0.0	29.0	530.6	12.6	10.5	729.6
0.0	29.8	527.3	12.6	10.0	729.6
0.0	29.3	419.1	12.6	10.1	729.6
0.0	29.0	520.8	12.5	10.5	729.6
0.0	27.8	524.7	12.5	10.2	729.6
0.0	27.5	522.7	12.5	10.1	729.6
0.0	28.2	516.6	12.4	10.3	729.6
0.0	29.3	506.9	12.4	10.2	729.6
0.0	28.6	490.8	12.4	9.6	729.6
0.0	26.5	282.3	12.4	7.8	729.6
0.0	26.1	312.1	12.3	8.6	729.6
0.0	26.5	319.4	12.3	8.5	729.6
0.0	25.2	423.6	12.3	8.4	729.6
0.0	23.6	284.7	12.2	8.7	729.6
0.0	25.3	510.8	12.2	10.3	729.6
0.0	27.2	503.7	12.2	10.2	729.6
0.0	29.1	473.0	12.1	9.9	729.6
0.0	27.8	489.4	12.1	10.6	729.6
0.0	27.0	484.7	12.1	9.4	729.6
0.1	28.3	458.1	12.0	9.1	729.6
0.2	26.3	153.5	12.0	7.4	729.6
0.5	27.4	305.5	12.0	8.1	729.6
0.2	27.5	340.9	12.0	8.3	729.6
1.9	28.4	389.0	11.9	8.3	729.6
1.1	22.4	110.5	11.9	8.1	729.6
0.0	20.4	458.9	11.9	6.1	730.9
0.1	22.2	307.7	11.8	7.1	730.9
0.0	22.1	452.1	11.8	7.4	730.9
0.0	21.5	416.2	11.8	7.3	730.9
0.0	20.8	418.2	11.7	7.3	730.9
0.0	20.2	451.4	11.7	7.8	730.9
0.0	20.3	464.0	11.7	8.5	730.9
0.0	22.3	455.7	11.7	8.8	730.9
0.0	21.1	449.3	11.6	8.4	730.9
0.0	21.3	443.0	11.6	8.3	730.9
0.0	21.8	448.9	11.6	8.5	730.9
0.0	19.9	443.4	11.5	7.5	730.9
0.0	20.5	441.1	11.5	8.6	730.9
0.0	19.4	440.4	11.5	8.0	730.9
0.0	21.3	435.9	11.5	8.6	730.9
0.0	21.4	433.4	11.4	8.6	730.9
0.0	20.9	401.9	11.4	8.6	730.9
0.0	20.9	432.0	11.4	8.5	730.9
0.0	22.0	422.9	11.3	8.4	730.9
0.0	22.6	418.6	11.3	8.1	730.9
0.0	23.4	411.3	11.3	8.1	730.9
0.0	24.6	401.4	11.2	7.8	730.9
0.1	26.5	348.1	11.2	7.8	730.9
0.0	26.8	212.7	11.2	7.0	730.9
1.0	27.7	347.0	11.2	7.6	730.9
29.3	16.0	46.9	11.1	8.1	730.9
0.0	8.0	407.7	11.1	3.8	730.9
0.0	9.9	388.6	11.1	4.5	730.9
0.0	13.1	335.9	11.1	5.8	730.9
0.0	15.2	384.9	11.0	5.9	730.9
0.0	18.0	325.8	11.0	6.3	730.9
0.0	15.7	368.4	11.0	6.3	732.6
0.0	12.1	230.2	10.9	2.9	732.6
0.0	10.2	309.1	10.9	5.1	732.6
0.0	12.2	392.0	10.9	5.8	732.6
0.0	15.8	377.9	10.9	6.7	732.6
0.0	19.0	322.6	10.8	6.3	732.6
0.0	19.4	266.4	10.8	6.1	732.6
0.0	21.8	333.9	10.8	6.4	732.6
0.0	21.4	243.7	10.8	6.5	732.6
0.8	21.2	316.4	10.7	7.3	732.6
0.0	12.9	246.0	10.7	4.8	732.6
0.0	10.4	358.8	10.7	3.6	732.6
0.0	10.4	337.3	10.7	4.6	732.6
0.0	13.3	350.1	10.7	5.3	732.6
0.0	16.8	335.2	10.6	6.1	732.6
0.0	18.0	318.2	10.6	5.9	732.6
0.0	17.8	247.2	10.6	4.9	732.6
0.0	19.3	276.4	10.6	5.5	732.6
0.0	19.2	189.2	10.5	5.2	732.6
0.0	19.9	313.4	10.5	5.4	732.6
0.0	21.5	312.0	10.5	5.7	732.6
0.0	22.6	273.0	10.5	5.5	732.6
0.0	23.1	305.6	10.5	5.4	732.6
0.0	23.3	301.0	10.4	6.1	732.6
2.2	15.6	147.8	10.4	5.3	732.6
8.0	9.0	24.7	10.4	2.2	732.6
7.4	6.9	18.8	10.4	2.3	732.6
0.2	5.1	98.2	10.4	1.5	732.6
2.3	7.0	145.9	10.4	2.2	732.6
11.9	7.4	27.9	10.3	1.7	732.6
3.0	7.4	99.7	10.3	1.9	735.6
24.7	8.6	28.5	10.3	1.5	735.6
9.3	8.6	37.7	10.3	2.8	735.6
11.2	2.0	23.9	10.3	1.9	735.6
13.8	1.2	44.1	10.3	0.9	735.6
27.8	2.8	21.9	10.3	1.5	735.6
0.8	4.2	82.1	10.3	1.7	735.6
7.3	3.7	48.5	10.2	1.2	735.6
0.3	4.5	76.6	10.2	1.5	735.6
1.6	3.9	53.9	10.2	1.6	735.6
0.0	4.1	204.1	10.2	2.5	735.6
0.0	5.8	301.5	10.2	2.8	735.6
0.0	3.4	227.4	10.2	2.6	735.6
0.1	2.3	288.6	10.2	2.7	735.6
0.0	4.0	297.6	10.2	3.1	735.6
0.0	5.8	261.5	10.2	3.5	735.6
0.1	9.1	227.4	10.2	3.8	735.6
0.5	11.8	139.5	10.2	3.5	735.6
0.6	14.3	202.9	10.2	3.6	735.6
0.7	12.1	81.5	10.2	4.5	735.6
2.4	6.5	70.6	10.2	1.8	735.6
1.0	8.5	140.2	10.2	2.7	735.6
5.0	9.5	63.9	10.2	2.3	735.6
0.5	8.8	153.0	10.2	3.2	735.6
0.5	4.9	133.0	10.2	2.9	735.6
0.1	6.5	223.4	10.2	3.7	735.6
0.1	10.9	258.6	10.2	4.7	735.6
1.1	11.9	80.9	10.2	4.2	735.6
1.4	6.5	80.9	10.2	1.8	735.6
0.6	6.1	87.2	10.2	1.5	735.6
0.0	5.9	130.5	10.2	2.3	735.6
0.1	8.2	142.4	10.2	2.8	739.5
0.5	9.6	74.0	10.2	2.5	739.5
0.0	12.8	264.0	10.2	4.4	739.5
0.1	15.5	287.7	10.3	4.8	739.5
1.3	16.4	121.8	10.3	3.9	739.5
8.3	16.7	71.8	10.3	3.8	739.5
10.1	12.9	29.9	10.3	2.2	739.5
16.1	8.3	13.1	10.3	3.4	739.5
27.1	1.7	11.9	10.3	2.0	739.5
6.8	1.2	82.6	10.3	1.4	739.5
25.3	2.7	36.3	10.3	1.4	739.5
5.1	4.1	30.3	10.4	1.5	739.5
2.1	5.4	95.8	10.4	2.0	739.5
15.6	7.2	60.8	10.4	3.4	739.5
1.2	-0.3	51.1	10.4	1.9	739.5
0.0	-2.2	260.8	10.4	1.7	739.5
0.1	-1.3	287.6	10.4	2.4	739.5
0.1	0.8	293.6	10.5	3.1	739.5
0.2	4.1	291.2	10.5	4.0	739.5
0.3	5.8	244.4	10.5	4.3	739.5
0.0	10.6	296.3	10.5	4.9	739.5
4.4	14.6	253.1	10.5	4.5	739.5
1.4	9.4	85.3	10.5	3.4	739.5
0.6	9.7	113.2	10.6	2.6	739.5
12.1	13.0	71.1	10.6	3.4	739.5
1.8	11.4	35.7	10.6	2.8	739.5
0.4	12.3	135.8	10.6	3.6	739.5
11.7	14.2	164.6	10.7	6.1	739.5
4.5	-0.2	35.8	10.7	2.3	739.5
0.6	-2.8	134.1	10.7	1.3	739.5
0.0	-3.3	159.9	10.7	1.2	739.5
17.5	1.6	203.9	10.8	2.7	741.4
9.1	2.3	26.2	10.8	2.6	741.4
0.0	0.5	186.3	10.8	2.3	741.4
0.0	1.1	379.4	10.8	2.9	741.4
0.0	2.1	355.5	10.9	2.9	741.4
5.8	4.9	45.1	10.9	2.1	741.4
0.1	5.6	167.9	10.9	2.7	741.4
0.7	7.3	349.9	10.9	3.3	741.4
14.8	7.8	46.5	11.0	3.9	741.4
12.4	4.6	217.3	11.0	3.1	741.4
0.1	1.6	243.6	11.0	3.2	741.4
0.0	4.1	404.0	11.0	3.8	741.4
0.0	5.6	243.6	11.1	3.7	741.4
0.1	6.2	295.8	11.1	3.2	741.4
1.4	6.8	102.7	11.1	2.2	741.4
3.5	11.9	211.1	11.2	4.6	741.4
0.9	16.7	299.6	11.2	6.3	741.4
0.7	15.1	106.5	11.2	5.2	741.4
0.1	18.7	351.2	11.2	7.4	741.4
1.8	18.2	406.8	11.3	8.7	741.4
0.0	6.9	358.5	11.3	4.2	741.4
0.3	10.8	415.7	11.3	5.8	741.4
6.5	9.3	134.5	11.4	3.8	741.4
12.8	7.3	100.2	11.4	2.3	741.4
7.9	6.1	30.3	11.4	2.2	741.4
37.6	6.0	39.5	11.4	2.2	741.4
24.8	7.6	36.4	11.5	2.1	741.4
17.1	6.2	71.4	11.5	2.6	741.4
0.5	5.8	159.8	11.5	3.8	742.2
0.3	10.9	296.6	11.6	5.8	742.2
3.4	15.8	354.4	11.6	7.3	742.2
10.4	13.7	52.0	11.6	7.1	742.2
5.6	4.4	59.7	11.7	1.7	742.2
23.3	7.1	50.8	11.7	3.5	742.2
17.2	6.7	44.8	11.7	5.5	742.2
17.2	3.2	179.4	11.7	2.8	742.2
32.3	1.6	40.4	11.8	2.4	742.2
0.6	4.2	261.0	11.8	3.6	742.2
0.3	6.8	374.2	11.8	4.2	742.2
0.0	3.2	442.4	11.9	4.0	742.2
9.8	4.7	184.9	11.9	3.6	742.2
35.3	4.9	47.2	11.9	1.9	742.2
23.9	7.7	23.9	12.0	3.5	742.2
14.4	8.7	24.3	12.0	2.4	742.2
1.1	7.9	161.7	12.0	5.4	742.2
0.1	9.4	467.2	12.1	6.4	742.2
0.0	13.0	378.2	12.1	6.9	742.2
0.0	14.3	136.6	12.1	5.7	742.2
6.2	18.9	346.8	12.1	8.9	742.2
1.4	9.9	132.0	12.2	5.3	742.2
0.0	8.3	526.9	12.2	5.0	742.2
30.9	12.4	366.7	12.2	6.1	742.2
19.5	10.3	45.0	12.3	4.6	742.2
0.4	9.1	318.5	12.3	5.1	742.2
2.7	7.9	153.6	12.3	3.9	742.2
0.0	10.2	534.6	12.4	5.6	742.2
5.0	13.6	192.8	12.4	6.3	742.2
28.1	13.7	35.7	12.4	3.1	742.2
11.7	12.3	39.7	12.4	3.0	742.2
4.0	13.7	74.9	12.5	4.3	742.9
7.1	12.4	55.9	12.5	6.0	742.9
25.2	9.2	74.5	12.5	3.6	742.9
10.5	8.4	105.5	12.6	3.3	742.9
0.0	10.7	423.2	12.6	6.5	742.9
0.0	9.1	576.9	12.6	6.2	742.9
0.3	12.6	333.8	12.7	6.2	742.9
9.4	11.4	100.1	12.7	3.6	742.9
0.0	10.2	421.4	12.7	6.6	742.9
0.0	11.9	326.5	12.7	6.3	742.9
0.0	13.7	540.8	12.8	8.2	742.9
0.0	13.8	592.0	12.8	7.7	742.9
2.6	14.1	213.2	12.8	5.5	742.9
23.4	17.6	83.3	12.9	7.1	742.9
6.1	19.4	110.2	12.9	5.7	742.9
0.3	19.0	294.5	12.9	9.6	742.9
0.0	13.3	537.3	13.0	7.3	742.9
0.3	13.3	202.6	13.0	5.7	742.9
0.0	16.8	454.3	13.0	8.0	742.9
0.0	15.9	591.6	13.0	9.7	742.9
0.2	17.1	623.7	13.1	10.0	742.9
0.0	18.9	524.4	13.1	10.6	742.9
0.0	20.3	465.2	13.1	9.9	742.9
0.0	16.7	629.8	13.1	9.6	742.9
0.2	21.1	572.6	13.2	10.8	742.9
0.3	19.5	284.2	13.2	8.5	742.9
4.2	20.7	373.2	13.2	9.2	742.9
0.0	18.6	609.4	13.3	11.8	742.9
0.0	19.0	636.8	13.3	10.0	742.9
0.0	23.4	608.1	13.3	11.4	742.9
19.7	22.1	403.2	13.3	10.6	743.9
0.4	21.3	92.8	13.4	6.8	743.9
14.0	24.0	570.6	13.4	9.1	743.9
3.5	23.3	580.9	13.4	12.6	743.9
11.0	18.9	535.2	13.4	8.4	743.9
9.7	17.4	128.8	13.5	6.6	743.9
21.6	19.6	118.2	13.5	9.2	743.9
3.0	18.9	472.0	13.5	9.3	743.9
23.0	14.5	90.6	13.5	3.9	743.9
1.9	20.2	316.1	13.6	9.3	743.9
1.9	24.3	177.2	13.6	8.3	743.9
24.3	24.9	317.6	13.6	9.7	743.9
28.6	25.2	344.8	13.6	9.5	743.9
32.4	25.0	280.1	13.6	9.4	743.9
63.5	24.5	128.4	13.7	9.0	743.9
10.7	18.2	193.0	13.7	7.2	743.9
2.2	19.1	292.5	13.7	7.3	743.9
21.5	20.7	58.7	13.7	6.8	743.9
0.5	20.0	213.8	13.7	6.9	743.9
0.4	19.7	423.0	13.8	7.9	743.9
0.2	18.8	525.4	13.8	8.2	743.9
0.5	18.9	574.6	13.8	9.3	743.9
0.5	21.6	603.7	13.8	9.9	743.9
13.0	20.8	213.4	13.8	7.3	743.9
41.9	17.2	41.5	13.9	6.9	743.9
0.5	17.2	129.6	13.9	6.2	743.9
0.0	19.8	457.6	13.9	8.7	743.9
0.0	19.6	602.3	13.9	10.8	743.9
0.0	22.0	636.0	13.9	10.3	743.9
1.7	23.6	582.1	13.9	11.5	743.9
0.1	25.8	589.4	13.9	11.2	743.9
21.8	22.2	103.5	14.0	7.8	742.5
0.0	22.3	347.9	14.0	8.7	742.5
0.4	22.8	387.8	14.0	8.1	742.5
0.4	21.7	63.3	14.0	4.6	742.5
1.4	22.6	112.3	14.0	6.2	742.5
33.9	23.4	166.9	14.0	7.0	742.5
16.2	22.3	91.5	14.0	6.1	742.5
0.2	25.5	439.4	14.0	9.5	742.5
1.3	26.7	457.6	14.0	11.9	742.5
0.0	23.5	639.3	14.0	11.4	742.5
0.1	26.6	665.5	14.1	11.5	742.5
0.0	27.1	639.3	14.1	13.6	742.5
1.2	27.6	655.4	14.1	13.7	742.5
3.8	28.3	661.6	14.1	11.4	742.5
10.8	28.4	555.0	14.1	10.7	742.5
54.0	26.6	164.4	14.1	8.1	742.5
19.1	22.9	44.4	14.1	7.4	742.5
0.2	25.2	572.9	14.1	11.4	742.5
0.2	26.3	411.0	14.1	10.1	742.5
26.8	24.7	115.0	14.1	7.3	742.5
7.6	21.6	93.6	14.1	6.3	742.5
0.0	23.7	508.0	14.1	9.1	742.5
1.4	21.6	202.8	14.1	7.1	742.5
21.2	20.1	31.1	14.1	5.1	742.5
0.3	19.7	200.5	14.1	7.6	742.5
0.2	23.8	625.0	14.1	10.3	742.5
0.0	24.5	329.6	14.1	9.0	742.5
0.6	24.8	269.3	14.1	7.7	742.5
0.3	27.1	544.4	14.1	10.6	742.5
18.6	26.0	251.2	14.1	8.5	742.5
29.8	24.9	146.2	14.1	5.2	738.5
17.5	25.9	253.6	14.0	7.3	738.5
3.0	25.8	159.2	14.0	6.3	738.5
10.6	26.8	295.0	14.0	7.5	738.5
27.5	26.8	389.1	14.0	8.6	738.5
16.3	26.9	295.2	14.0	9.4	738.5
16.4	26.2	202.6	14.0	7.6	738.5
15.2	26.9	395.4	14.0	9.7	738.5
4.2	26.9	354.0	14.0	9.3	738.5
7.1	25.8	64.3	14.0	4.1	738.5
0.5	27.0	223.2	14.0	7.4	738.5
0.6	27.8	345.1	13.9	8.3	738.5
17.3	28.3	530.2	13.9	10.7	738.5
3.7	26.8	252.8	13.9	8.1	738.5
0.5	27.6	413.1	13.9	9.3	738.5
1.0	28.9	594.0	13.9	10.3	738.5
0.5	30.1	603.3	13.9	11.3	738.5
28.0	28.3	555.7	13.9	10.1	738.5
19.4	26.6	212.7	13.8	5.9	738.5
24.2	27.1	355.7	13.8	7.7	738.5
1.4	26.8	179.4	13.8	7.1	738.5
0.9	26.8	504.3	13.8	9.1	738.5
2.4	26.4	391.8	13.8	8.3	738.5
3.0	26.3	152.7	13.7	6.7	738.5
1.5	26.5	310.3	13.7	9.1	738.5
0.5	26.9	565.3	13.7	9.0	738.5
0.0	27.6	539.7	13.7	10.5	738.5
0.1	28.9	591.1	13.7	10.6	738.5
0.1	29.8	589.2	13.6	11.5	738.5
4.3	30.0	518.4	13.6	12.2	738.5
34.9	25.8	56.4	13.6	3.5	738.5
23.1	26.5	154.6	13.6	5.8	738.0
19.6	27.3	378.9	13.6	7.7	738.0
1.7	28.5	547.8	13.5	10.3	738.0
3.6	28.0	423.7	13.5	9.5	738.0
0.7	28.6	518.9	13.5	9.8	738.0
0.4	29.6	551.7	13.5	9.8	738.0
0.3	30.2	514.9	13.4	10.2	738.0
0.4	29.8	477.4	13.4	10.3	738.0
1.6	29.7	483.1	13.4	10.3	738.0
9.8	28.9	424.5	13.4	10.5	738.0
14.2	28.7	481.5	13.3	9.4	738.0
26.0	27.4	276.6	13.3	9.0	738.0
15.5	25.7	147.4	13.3	6.1	738.0
16.4	25.9	475.9	13.3	8.7	738.0
22.2	26.0	446.8	13.2	8.5	738.0
10.9	26.2	445.0	13.2	8.2	738.0
5.9	27.6	562.0	13.2	9.3	738.0
1.1	28.0	577.3	13.2	10.2	738.0
4.7	27.5	523.9	13.1	9.3	738.0
0.4	27.7	530.1	13.1	9.4	738.0
0.5	28.0	488.9	13.1	9.7	738.0
0.2	28.4	515.5	13.1	9.6	738.0
10.9	27.6	549.9	13.0	10.4	738.0
15.3	27.1	500.0	13.0	9.2	738.0
7.8	27.9	533.8	13.0	9.5	738.0
0.1	28.5	476.6	12.9	10.4	738.0
0.0	28.2	570.0	12.9	10.2	738.0
0.2	29.4	561.7	12.9	10.3	738.0
0.0	29.7	560.4	12.9	10.9	738.0
0.0	28.9	563.0	12.8	11.4	738.0
0.0	28.4	567.0	12.8	11.4	738.0
0.0	29.7	550.6	12.8	10.1	740.5
0.2	30.2	401.0	12.7	10.2	740.5
0.1	30.7	460.9	12.7	10.0	740.5
0.2	31.3	510.0	12.7	10.6	740.5
0.0	31.3	437.7	12.7	10.3	740.5
0.0	30.8	533.5	12.6	10.7	740.5
0.1	30.5	527.1	12.6	10.6	740.5
6.4	28.7	462.4	12.6	10.1	740.5
20.6	26.9	474.6	12.5	8.6	740.5
11.5	26.4	426.4	12.5	8.6	740.5
11.2	26.4	485.5	12.5	7.9	740.5
0.1	26.7	453.5	12.4	9.3	740.5
0.0	26.6	515.8	12.4	8.8	740.5
0.1	27.5	379.8	12.4	7.6	740.5
0.9	26.0	62.7	12.4	6.2	740.5
0.0	25.3	464.7	12.3	9.0	740.5
0.0	24.9	517.0	12.3	9.9	740.5
0.0	24.8	513.6	12.3	9.7	740.5
0.0	25.4	512.9	12.2	10.3	740.5
0.0	24.1	513.4	12.2	9.3	740.5
0.0	23.8	373.9	12.2	8.1	740.5
0.0	23.7	507.6	12.1	8.6	740.5
0.0	22.7	507.6	12.1	8.8	740.5
0.0	22.6	502.5	12.1	8.9	740.5
0.0	22.8	493.4	12.1	9.7	740.5
0.0	23.7	492.1	12.0	10.0	740.5
0.0	24.0	486.5	12.0	10.1	740.5
0.0	23.7	489.2	12.0	9.8	740.5
0.0	24.5	424.9	11.9	9.2	740.5
0.0	22.0	463.2	11.9	8.4	740.5
0.0	22.8	477.3	11.9	9.4	741.9
0.0	23.1	468.9	11.8	9.0	741.9
0.0	24.5	372.4	11.8	8.9	741.9
0.0	20.2	484.1	11.8	8.5	741.9
0.0	21.1	428.1	11.8	8.9	741.9
0.0	22.6	461.5	11.7	9.4	741.9
0.0	24.0	413.2	11.7	9.5	741.9
0.0	24.2	449.4	11.7	9.9	741.9
0.0	24.6	434.0	11.6	9.3	741.9
0.0	24.1	443.0	11.6	9.0	741.9
0.0	25.1	411.9	11.6	8.4	741.9
0.0	24.6	248.0	11.5	7.3	741.9
0.0	25.2	396.3	11.5	8.0	741.9
0.3	25.5	364.8	11.5	7.1	741.9
0.2	25.3	356.4	11.5	8.0	741.9
0.0	23.5	418.4	11.4	8.2	741.9
0.0	23.2	421.6	11.4	8.4	741.9
0.0	20.9	424.6	11.4	7.4	741.9
0.0	20.9	418.2	11.3	7.3	741.9
0.0	21.6	414.1	11.3	7.5	741.9
0.0	22.2	407.0	11.3	7.7	741.9
0.0	22.6	382.1	11.3	6.8	741.9
0.0	21.8	397.1	11.2	6.9	741.9
0.2	22.6	367.7	11.2	6.6	741.9
0.0	21.8	258.7	11.2	7.1	741.9
0.0	21.5	391.0	11.1	7.1	741.9
0.0	21.0	384.9	11.1	6.9	741.9
0.0	21.2	220.1	11.1	6.6	741.9
0.0	17.8	383.3	11.1	6.3	741.9
0.0	16.3	387.8	11.0	6.2	741.9
0.0	18.1	370.3	11.0	6.2	741.9
0.0	19.5	252.3	11.0	5.6	743.7
0.1	18.9	237.0	11.0	6.2	743.7
0.0	19.4	363.4	10.9	6.3	743.7
0.0	20.2	229.5	10.9	5.3	743.7
0.0	22.2	175.0	10.9	5.1	743.7
22.4	22.7	76.3	10.8	5.1	743.7
0.5	12.0	92.1	10.8	6.0	743.7
0.0	9.7	353.9	10.8	4.1	743.7
0.0	12.4	360.7	10.8	5.0	743.7
0.5	17.0	342.6	10.7	5.7	743.7
6.2	16.4	47.2	10.7	3.4	743.7
5.1	17.0	204.8	10.7	4.1	743.7
0.8	15.0	81.6	10.7	3.4	743.7
29.4	13.1	70.7	10.7	3.1	743.7
12.9	13.9	46.6	10.6	2.9	743.7
0.3	15.7	208.6	10.6	3.9	743.7
33.3	15.4	79.8	10.6	3.4	743.7
21.6	18.1	63.3	10.6	4.8	743.7
0.2	7.9	71.1	10.5	4.0	743.7
0.0	2.9	260.6	10.5	2.1	743.7
7.5	5.6	110.7	10.5	2.4	743.7
2.5	6.7	108.8	10.5	2.9	743.7
1.7	6.0	113.6	10.5	1.9	743.7
0.3	1.8	50.4	10.5	2.3	743.7
0.1	-1.4	56.1	10.4	1.2	743.7
0.0	1.7	272.0	10.4	2.4	743.7
0.1	4.0	318.4	10.4	3.0	743.7
0.1	3.6	226.8	10.4	2.8	743.7
0.4	9.3	289.4	10.4	4.2	743.7
0.7	10.7	96.3	10.4	3.5	743.7
0.1	9.4	148.4	10.3	3.2	746.7
1.6	13.9	282.5	10.3	4.6	746.7
1.0	13.8	83.7	10.3	2.8	746.7
8.1	13.2	63.8	10.3	3.8	746.7
8.1	2.3	10.4	10.3	3.4	746.7
0.3	-5.6	182.0	10.3	1.4	746.7
0.0	-4.9	317.8	10.3	1.6	746.7
0.0	-0.7	304.0	10.3	2.5	746.7
0.1	1.0	262.2	10.2	2.8	746.7
0.2	4.0	218.3	10.2	3.2	746.7
0.1	4.6	200.7	10.2	2.7	746.7
0.3	7.8	117.9	10.2	3.1	746.7
0.0	9.7	265.2	10.2	4.1	746.7
0.1	8.6	294.5	10.2	3.3	746.7
0.0	9.6	240.3	10.2	3.2	746.7
2.1	12.2	153.2	10.2	3.6	746.7
0.3	2.9	80.9	10.2	2.8	746.7
2.9	4.4	64.8	10.2	1.8	746.7
8.7	7.4	28.7	10.2	1.9	746.7
5.2	3.9	33.8	10.2	2.7	746.7
0.1	-0.8	192.1	10.2	1.6	746.7
0.0	-1.3	296.9	10.2	2.1	746.7
0.8	-0.3	152.3	10.2	1.8	746.7
0.4	-3.6	245.0	10.2	1.5	746.7
0.0	-3.8	302.3	10.2	1.8	746.7
0.0	-1.7	300.7	10.2	2.1	746.7
0.1	5.5	296.3	10.2	3.4	746.7
6.9	5.1	34.0	10.2	2.3	746.7
0.6	3.1	86.8	10.2	1.5	746.7
0.7	3.7	113.6	10.2	2.1	746.7
1.9	4.1	102.1	10.2	2.0	746.7
2.3	3.9	57.8	10.2	1.0	750.6
4.4	5.7	30.7	10.2	1.9	750.6
11.7	6.8	23.0	10.2	1.3	750.6
4.4	6.0	31.5	10.2	1.6	750.6
7.8	2.4	35.0	10.3	2.3	750.6
0.1	-0.3	299.4	10.3	1.8	750.6
0.1	-0.6	299.1	10.3	2.4	750.6
0.1	-1.2	228.7	10.3	2.3	750.6
0.1	2.2	171.9	10.3	2.4	750.6
0.1	0.7	72.8	10.3	2.1	750.6
0.0	-1.7	279.6	10.3	2.2	750.6
0.0	0.9	308.5	10.3	3.1	750.6
0.0	4.0	283.5	10.4	3.7	750.6
0.0	3.1	315.8	10.4	3.1	750.6
0.1	5.9	316.4	10.4	4.0	750.6
0.0	2.4	299.3	10.4	2.5	750.6
0.9	-1.1	27.3	10.4	0.9	750.6
19.0	-1.4	24.4	10.4	1.1	750.6
0.2	-2.9	120.5	10.5	1.6	750.6
5.3	0.3	124.9	10.5	2.0	750.6
13.0	1.6	15.2	10.5	1.6	750.6
10.2	1.4	25.1	10.5	1.5	750.6
0.7	-1.6	80.2	10.5	1.9	750.6
0.0	-4.5	347.6	10.6	1.9	750.6
0.0	-3.7	346.0	10.6	1.9	750.6
2.7	-2.1	47.4	10.6	1.2	750.6
4.2	0.8	51.7	10.6	2.1	750.6
28.0	6.8	31.6	10.7	2.8	750.6
21.9	6.2	33.6	10.7	3.7	750.6
39.5	5.5	30.8	10.7	2.8	750.6
7.9	-0.7	38.7	10.7	2.1	750.6
11.3	-2.0	77.5	10.7	1.0	752.5
0.9	-1.6	244.1	10.8	1.6	752.5
9.1	-0.5	78.7	10.8	1.6	752.5
16.4	2.3	65.1	10.8	1.9	752.5
14.2	4.8	44.3	10.8	1.8	752.5
2.4	3.6	49.0	10.9	2.2	752.5
0.5	1.5	171.8	10.9	2.3	752.5
0.2	1.8	117.7	10.9	2.0	752.5
14.7	2.6	110.6	11.0	1.9	752.5
48.8	2.7	28.9	11.0	1.5	752.5
1.4	2.0	41.9	11.0	2.1	752.5
0.0	7.2	398.5	11.0	4.5	752.5
0.9	5.6	303.6	11.1	3.3	752.5
0.6	3.4	82.0	11.1	2.0	752.5
0.0	2.1	137.2	11.1	1.8	752.5
11.7	3.4	96.8	11.1	2.3	752.5
0.8	5.4	100.4	11.2	2.5	752.5
1.5	6.4	184.2	11.2	2.8	752.5
15.6	4.5	64.1	11.2	1.8	752.5
0.9	3.4	89.8	11.3	3.1	752.5
0.0	5.7	339.8	11.3	4.5	752.5
0.0	0.3	242.2	11.3	2.9	752.5
0.3	2.0	349.6	11.3	3.5	752.5
0.0	5.6	415.1	11.4	4.8	752.5
0.0	4.4	359.8	11.4	4.0	752.5
11.9	3.0	139.2	11.4	2.1	752.5
45.4	5.4	43.1	11.5	2.3	752.5
1.6	4.5	82.8	11.5	2.2	752.5
0.0	7.5	461.0	11.5	4.8	753.4
0.0	6.9	461.0	11.6	5.3	753.4
0.0	9.5	451.3	11.6	5.6	753.4
0.1	12.7	405.8	11.6	6.4	753.4
2.7	16.7	446.6	11.6	7.3	753.4
4.7	5.4	25.5	11.7	4.7	753.4
0.8	8.4	69.2	11.7	4.3	753.4
18.3	9.3	73.3	11.7	5.4	753.4
0.4	7.6	71.0	11.8	2.8	753.4
0.0	7.0	138.1	11.8	4.1	753.4
1.5	12.5	291.1	11.8	6.5	753.4
18.7	13.0	55.8	11.9	3.6	753.4
0.9	11.5	105.0	11.9	3.6	753.4
11.9	9.6	93.1	11.9	3.5	753.4
12.8	7.4	47.1	12.0	3.0	753.4
0.1	9.0	299.2	12.0	4.8	753.4
5.8	11.0	196.3	12.0	4.9	753.4
29.8	9.5	57.0	12.0	2.8	753.4
1.7	9.0	51.1	12.1	2.2	753.4
13.0	11.4	135.1	12.1	4.3	753.4
27.1	9.9	39.0	12.1	5.4	753.4
19.7	5.3	42.8	12.2	2.1	753.4
19.7	5.5	62.1	12.2	2.7	753.4
0.2	8.3	407.5	12.2	5.7	753.4
0.0	12.4	530.4	12.3	7.1	753.4
6.3	14.6	345.8	12.3	5.6	753.4
0.2	13.6	455.9	12.3	7.3	753.4
0.1	17.9	464.9	12.4	8.6	753.4
4.2	22.1	398.0	12.4	11.8	753.4
3.5	7.6	101.6	12.4	3.1	753.4
15.2	7.3	42.5	12.4	3.0	753.4
10.0	7.6	38.9	12.5	1.8	754.0
6.3	9.7	137.1	12.5	3.7	754.0
0.9	12.1	351.7	12.5	7.0	754.0
0.3	16.9	441.0	12.6	9.0	754.0
0.1	20.8	393.9	12.6	9.1	754.0
0.0	22.8	329.6	12.6	7.0	754.0
0.2	21.6	128.5	12.7	6.1	754.0
25.5	22.4	403.4	12.7	8.0	754.0
27.4	17.1	166.1	12.7	9.7	754.0
6.3	12.1	67.7	12.7	3.8	754.0
48.8	11.7	29.6	12.8	6.2	754.0
57.8	8.2	43.0	12.8	3.3	754.0
0.1	6.9	233.4	12.8	4.7	754.0
0.0	13.4	593.1	12.9	7.9	754.0
0.0	17.0	598.2	12.9	9.6	754.0
0.0	20.0	583.1	12.9	10.3	754.0
0.2	21.2	427.3	12.9	9.7	754.0
0.0	17.9	237.9	13.0	7.2	754.0
20.4	13.1	57.7	13.0	5.1	754.0
17.5	18.8	70.3	13.0	7.2	754.0
12.5	15.5	81.3	13.1	6.8	754.0
0.0	16.5	594.3	13.1	8.4	754.0
0.4	19.4	399.8	13.1	8.7	754.0
1.2	24.4	402.4	13.1	7.5	754.0
11.2	25.8	344.1	13.2	8.2	754.0
10.0	20.4	189.8	13.2	8.5	754.0
0.0	14.5	320.2	13.2	7.0	754.0
0.0	16.4	628.6	13.2	9.4	754.0
32.5	15.0	447.2	13.3	8.1	754.0
38.8	14.6	42.5	13.3	7.5	754.0
30.5	17.9	69.3	13.3	9.4	755.0
0.1	13.7	257.9	13.4	7.7	755.0
0.0	15.8	644.1	13.4	9.1	755.0
47.4	20.5	471.2	13.4	10.0	755.0
0.4	18.3	172.5	13.4	8.5	755.0
19.9	14.7	313.2	13.5	7.9	755.0
30.0	13.0	43.5	13.5	4.4	755.0
0.6	16.3	142.9	13.5	5.9	755.0
12.4	21.1	397.7	13.5	9.6	755.0
6.7	21.7	143.8	13.5	6.0	755.0
0.1	22.9	630.9	13.6	11.0	755.0
0.4	23.8	600.0	13.6	11.8	755.0
0.1	22.4	313.6	13.6	11.6	755.0
0.0	24.5	614.2	13.6	12.3	755.0
8.1	24.4	459.4	13.7	10.0	755.0
9.9	23.5	334.2	13.7	9.0	755.0
1.6	21.2	371.1	13.7	10.4	755.0
0.0	20.8	639.3	13.7	8.8	755.0
2.9	24.6	486.0	13.7	11.0	755.0
26.4	24.4	190.3	13.8	6.7	755.0
11.9	22.6	103.7	13.8	8.5	755.0
0.5	19.5	163.0	13.8	4.6	755.0
1.3	22.8	277.7	13.8	8.0	755.0
10.8	24.3	359.8	13.8	12.0	755.0
0.5	21.0	571.1	13.8	9.9	755.0
0.0	20.8	660.4	13.9	9.6	755.0
8.4	24.1	620.4	13.9	11.2	755.0
10.8	20.6	48.9	13.9	3.9	755.0
1.3	20.6	173.6	13.9	6.9	755.0
0.2	21.9	628.3	13.9	10.4	755.0
0.7	22.9	634.6	13.9	11.7	755.0
0.8	23.9	642.0	13.9	12.6	753.6
0.1	24.7	634.9	14.0	12.3	753.6
0.1	25.4	641.9	14.0	12.8	753.6
0.6	26.6	516.4	14.0	11.1	753.6
0.0	27.6	432.6	14.0	11.5	753.6
0.0	26.5	356.3	14.0	9.4	753.6
11.4	27.0	506.2	14.0	10.0	753.6
13.4	26.4	324.3	14.0	10.5	753.6
0.0	27.7	513.2	14.0	9.9	753.6
6.5	27.3	409.7	14.0	10.6	753.6
26.1	25.5	214.7	14.0	6.9	753.6
0.2	26.2	439.1	14.1	10.8	753.6
0.4	26.3	436.6	14.1	9.6	753.6
5.0	23.8	91.6	14.1	4.5	753.6
1.1	23.6	77.5	14.1	5.2	753.6
1.7	24.2	328.8	14.1	8.8	753.6
0.8	24.0	404.0	14.1	9.9	753.6
0.0	26.3	560.8	14.1	10.2	753.6
1.2	25.2	189.3	14.1	8.2	753.6
9.0	23.8	94.0	14.1	6.6	753.6
7.1	21.9	24.8	14.1	5.8	753.6
0.2	22.5	430.8	14.1	9.5	753.6
0.6	24.0	588.3	14.1	10.1	753.6
0.2	26.1	593.0	14.1	9.7	753.6
0.1	27.1	349.9	14.1	9.9	753.6
0.2	27.5	202.3	14.1	8.3	753.6
13.5	26.3	57.9	14.1	5.9	753.6
5.9	25.6	119.5	14.1	7.2	753.6
0.0	28.0	620.1	14.1	10.5	753.6
0.1	27.7	340.0	14.1	10.5	753.6
0.0	29.5	629.8	14.1	11.6	749.6
33.7	27.7	292.9	14.0	11.4	749.6
7.0	25.9	143.6	14.0	7.7	749.6
0.8	27.7	376.7	14.0	8.2	749.6
29.7	27.3	359.6	14.0	9.0	749.6
10.3	27.5	366.5	14.0	9.0	749.6
10.2	28.2	391.3	14.0	9.1	749.6
5.2	28.0	233.8	14.0	8.4	749.6
5.8	27.2	198.0	14.0	8.3	749.6
11.8	27.3	406.4	14.0	10.5	749.6
0.5	22.4	188.1	14.0	7.8	749.6
0.0	23.7	567.2	13.9	10.6	749.6
0.0	25.9	654.0	13.9	11.0	749.6
1.6	27.7	480.5	13.9	10.6	749.6
0.6	25.7	106.0	13.9	6.6	749.6
4.5	26.8	317.2	13.9	9.3	749.6
13.0	24.3	73.7	13.9	6.8	749.6
14.1	22.8	121.7	13.9	4.6	749.6
2.3	25.5	155.0	13.8	8.6	749.6
20.4	27.4	391.5	13.8	9.6	749.6
20.4	27.8	390.9	13.8	9.8	749.6
10.3	27.8	317.4	13.8	8.4	749.6
18.2	27.4	344.6	13.8	8.9	749.6
16.1	27.1	354.3	13.8	10.3	749.6
14.6	26.8	474.5	13.7	8.8	749.6
5.0	25.7	132.9	13.7	5.3	749.6
0.9	26.6	202.3	13.7	7.9	749.6
9.5	28.3	502.2	13.7	10.1	749.6
11.9	28.6	512.3	13.7	10.8	749.6
16.2	28.8	488.5	13.6	10.3	749.6
15.1	28.9	501.1	13.6	10.0	749.6
8.4	29.1	565.3	13.6	10.5	749.1
5.2	29.4	544.9	13.6	10.4	749.1
0.1	30.5	590.3	13.5	11.1	749.1
3.9	29.6	529.4	13.5	10.1	749.1
10.1	28.9	510.9	13.5	10.0	749.1
19.8	28.3	385.1	13.5	9.6	749.1
8.6	28.1	501.7	13.4	10.1	749.1
0.1	28.4	586.0	13.4	10.5	749.1
6.1	28.0	537.2	13.4	9.5	749.1
2.9	27.8	382.1	13.4	9.6	749.1
6.9	29.0	542.7	13.4	9.9	749.1
12.4	28.4	483.4	13.3	10.2	749.1
15.0	27.9	465.4	13.3	9.2	749.1
30.4	27.2	414.7	13.3	8.9	749.1
21.4	26.4	267.8	13.2	7.4	749.1
6.0	27.0	371.7	13.2	8.6	749.1
15.5	26.4	258.5	13.2	8.0	749.1
31.1	25.8	302.5	13.2	7.1	749.1
2.9	24.4	56.0	13.1	4.2	749.1
2.3	24.1	174.8	13.1	5.7	749.1
0.8	23.6	122.0	13.1	5.1	749.1
1.3	24.7	410.2	13.1	7.7	749.1
0.2	25.5	492.1	13.0	8.6	749.1
1.2	25.6	427.6	13.0	8.7	749.1
0.6	26.2	400.4	13.0	8.5	749.1
1.0	27.2	490.3	12.9	9.5	749.1
1.4	28.2	509.4	12.9	9.8	749.1
0.3	29.1	501.6	12.9	9.6	749.1
9.7	28.6	510.3	12.9	10.8	749.1
12.2	28.4	437.9	12.8	8.9	749.1
0.0	29.1	546.6	12.8	10.0	749.1
0.0	29.4	536.2	12.8	9.4	751.7
0.0	30.3	513.8	12.7	9.9	751.7
0.1	30.8	536.4	12.7	10.4	751.7
0.0	30.8	534.9	12.7	10.7	751.7
17.0	28.5	495.5	12.7	10.6	751.7
13.8	24.3	402.4	12.6	9.1	751.7
0.0	21.0	512.5	12.6	7.7	751.7
0.0	21.5	553.0	12.6	8.5	751.7
0.0	23.2	549.6	12.5	9.0	751.7
0.0	25.1	538.5	12.5	9.3	751.7
0.0	25.8	506.0	12.5	10.0	751.7
0.0	26.6	529.7	12.5	10.0	751.7
0.0	27.1	525.4	12.4	10.4	751.7
0.0	27.6	523.8	12.4	10.4	751.7
0.0	27.2	525.2	12.4	10.3	751.7
0.0	24.9	531.4	12.3	9.4	751.7
0.0	24.5	531.2	12.3	10.0	751.7
0.0	24.6	525.7	12.3	10.3	751.7
0.3	27.0	446.0	12.2	9.4	751.7
0.2	26.0	57.5	12.2	4.8	751.7
22.6	26.4	261.7	12.2	6.2	751.7
6.3	25.6	137.3	12.2	7.2	751.7
22.6	24.7	322.7	12.1	8.0	751.7
0.0	21.5	329.5	12.1	7.1	751.7
0.0	21.5	424.8	12.1	6.9	751.7
0.0	22.3	453.7	12.0	7.7	751.7
0.0	22.4	486.4	12.0	7.9	751.7
0.0	23.8	471.5	12.0	8.6	751.7
0.0	24.8	329.5	11.9	7.6	751.7
0.0	23.9	256.8	11.9	5.9	751.7
0.0	23.2	101.8	11.9	5.0	753.1
0.0	23.0	176.8	11.9	6.4	753.1
0.0	25.1	442.0	11.8	7.7	753.1
0.0	23.5	449.4	11.8	8.5	753.1
0.0	23.4	363.6	11.8	9.0	753.1
0.0	22.3	470.0	11.7	9.7	753.1
0.0	23.3	466.0	11.7	8.8	753.1
0.0	23.8	349.6	11.7	9.1	753.1
0.0	25.3	456.4	11.6	8.7	753.1
0.0	21.4	433.7	11.6	7.4	753.1
0.0	19.2	455.1	11.6	7.5	753.1
0.0	18.2	461.2	11.6	8.1	753.1
0.0	19.7	446.1	11.5	8.2	753.1
0.0	20.9	441.1	11.5	8.7	753.1
0.0	20.2	363.3	11.5	8.1	753.1
0.0	17.1	437.3	11.4	6.0	753.1
0.0	19.1	248.1	11.4	6.2	753.1
0.0	20.1	368.6	11.4	7.1	753.1
0.0	22.2	405.0	11.3	7.7	753.1
0.0	23.6	333.0	11.3	7.0	753.1
0.0	19.7	149.2	11.3	6.4	753.1
0.0	21.5	389.0	11.3	6.9	753.1
0.1	23.5	370.0	11.2	7.1	753.1
0.0	22.7	182.0	11.2	6.4	753.1
0.0	23.6	324.7	11.2	7.1	753.1
0.1	24.3	192.9	11.1	5.9	753.1
0.1	25.6	289.1	11.1	7.1	753.1
7.6	25.2	303.1	11.1	8.4	753.1
0.0	16.9	367.0	11.1	5.9	753.1
0.0	17.5	402.0	11.0	6.3	753.1
0.0	15.0	398.3	11.0	4.6	753.1
0.0	19.3	295.0	11.0	6.3	754.9
26.9	19.9	94.6	11.0	4.2	754.9
18.4	20.9	72.3	10.9	3.4	754.9
1.5	19.5	75.7	10.9	4.3	754.9
36.6	17.6	77.3	10.9	3.5	754.9
2.2	15.8	37.4	10.9	2.8	754.9
1.1	14.1	55.3	10.8	1.5	754.9
0.5	15.5	124.8	10.8	3.5	754.9
32.7	16.6	161.2	10.8	3.5	754.9
5.1	14.5	34.2	10.8	3.1	754.9
0.4	12.3	100.3	10.7	3.6	754.9
10.3	10.4	116.0	10.7	2.4	754.9
3.9	11.4	36.5	10.7	2.3	754.9
0.3	12.2	179.9	10.7	3.6	754.9
1.8	13.4	27.9	10.6	2.3	754.9
0.8	17.3	174.4	10.6	4.2	754.9
0.2	17.8	150.9	10.6	3.8	754.9
0.0	18.5	266.4	10.6	4.1	754.9
4.6	19.0	115.9	10.6	3.6	754.9
3.7	19.8	87.2	10.5	3.3	754.9
7.9	21.0	118.3	10.5	3.8	754.9
12.7	20.8	54.7	10.5	2.8	754.9
4.0	18.4	44.2	10.5	4.8	754.9
1.0	12.5	94.0	10.5	2.9	754.9
0.7	12.1	217.8	10.4	3.2	754.9
9.8	12.9	53.2	10.4	2.2	754.9
38.5	8.0	21.5	10.4	3.8	754.9
6.5	4.4	65.7	10.4	1.2	754.9
0.1	4.6	317.5	10.4	3.1	754.9
0.1	5.3	276.7	10.4	3.5	754.9
0.0	2.3	322.5	10.3	2.4	757.9
0.0	4.5	313.9	10.3	3.3	757.9
0.1	7.5	295.4	10.3	3.8	757.9
0.0	7.5	234.2	10.3	3.0	757.9
0.0	11.9	279.3	10.3	4.5	757.9
6.8	11.8	87.8	10.3	3.8	757.9
1.1	8.9	159.2	10.3	3.6	757.9
0.4	10.1	179.6	10.3	3.8	757.9
2.2	10.6	148.0	10.2	3.7	757.9
0.7	4.9	52.8	10.2	2.1	757.9
0.1	6.7	181.3	10.2	3.0	757.9
0.7	14.0	215.5	10.2	4.3	757.9
1.1	9.6	17.7	10.2	3.6	757.9
0.1	9.9	150.8	10.2	3.0	757.9
3.0	16.1	89.8	10.2	3.5	757.9
11.7	15.0	16.8	10.2	4.3	757.9
4.4	13.5	36.2	10.2	3.8	757.9
5.0	11.2	57.8	10.2	3.3	757.9
5.9	9.9	24.6	10.2	3.7	757.9
0.4	0.5	94.7	10.2	1.9	757.9
0.0	0.5	297.0	10.2	2.0	757.9
0.0	3.7	148.3	10.2	2.2	757.9
0.0	3.9	80.7	10.2	2.3	757.9
0.0	4.7	295.6	10.2	3.2	757.9
0.3	5.1	257.7	10.2	3.3	757.9
0.0	6.6	133.1	10.2	2.9	757.9
0.1	4.2	211.8	10.2	2.7	757.9
0.1	5.0	275.1	10.2	3.5	757.9
0.0	7.1	265.5	10.2	4.0	757.9
0.0	11.3	297.6	10.2	4.9	757.9
0.1	8.3	215.6	10.2	3.9	757.9
0.0	5.3	291.8	10.2	2.6	761.8
0.0	4.9	114.4	10.2	2.2	761.8
0.0	7.1	297.8	10.2	3.6	761.8
0.2	3.0	117.4	10.2	2.2	761.8
4.0	0.6	45.9	10.3	1.1	761.8
0.3	1.3	166.1	10.3	1.7	761.8
0.2	3.3	149.2	10.3	2.4	761.8
0.1	4.5	280.5	10.3	3.2	761.8
0.7	7.2	274.0	10.3	3.8	761.8
19.2	9.0	19.9	10.3	2.4	761.8
0.3	5.4	124.5	10.3	2.9	761.8
0.0	4.8	320.6	10.3	3.0	761.8
0.2	6.4	316.9	10.4	3.8	761.8
0.0	7.4	281.3	10.4	4.1	761.8
0.5	10.6	180.3	10.4	4.1	761.8
3.4	6.2	24.8	10.4	4.0	761.8
0.0	-0.8	339.7	10.4	2.2	761.8
0.0	4.6	331.2	10.4	3.6	761.8
3.8	12.0	140.4	10.5	4.1	761.8
32.7	11.8	39.7	10.5	4.6	761.8
9.4	5.4	35.8	10.5	1.7	761.8
3.5	6.6	151.0	10.5	2.7	761.8
1.1	8.9	180.4	10.5	3.4	761.8
0.5	14.4	130.6	10.6	3.4	761.8
11.9	7.5	48.3	10.6	5.1	761.8
30.4	-0.3	25.8	10.6	2.1	761.8
0.7	-3.3	240.3	10.6	1.6	761.8
0.0	-3.9	324.3	10.6	1.8	761.8
17.2	5.2	268.8	10.7	3.6	761.8
1.6	0.1	48.1	10.7	2.5	761.8
0.3	-2.1	247.6	10.7	2.2	761.8
2.2	2.5	153.6	10.7	2.6	763.8
0.6	1.1	127.5	10.8	2.2	763.8
0.0	0.7	371.7	10.8	2.7	763.8
0.0	3.9	375.0	10.8	3.5	763.8
1.4	6.7	98.3	10.8	3.3	763.8
1.8	13.0	108.6	10.9	4.4	763.8
10.7	12.0	75.9	10.9	4.6	763.8
1.1	5.0	122.8	10.9	2.4	763.8
23.5	1.8	49.5	10.9	3.0	763.8
0.0	-5.3	403.6	11.0	1.8	763.8
0.0	-2.4	404.2	11.0	2.6	763.8
0.0	0.3	259.5	11.0	2.8	763.8
0.0	3.4	413.8	11.1	3.5	763.8
0.0	6.8	414.8	11.1	4.6	763.8
0.0	10.3	401.5	11.1	5.3	763.8
0.2	9.8	232.9	11.1	4.8	763.8
0.0	6.4	421.5	11.2	4.4	763.8
0.6	8.9	298.5	11.2	5.2	763.8
0.0	4.4	172.2	11.2	3.2	763.8
0.1	1.0	138.1	11.3	1.8	763.8
6.0	-0.6	82.4	11.3	2.0	763.8
0.0	1.2	181.9	11.3	2.6	763.8
0.0	4.6	446.3	11.3	3.7	763.8
0.0	6.8	445.4	11.4	5.3	763.8
0.0	4.8	456.1	11.4	4.4	763.8
0.2	10.7	309.1	11.4	6.0	763.8
1.0	8.8	148.6	11.5	5.6	763.8
0.0	11.5	446.7	11.5	6.6	763.8
0.0	14.8	467.3	11.5	7.8	764.6
0.0	18.3	443.6	11.5	8.8	764.6
0.0	10.0	450.0	11.6	6.3	764.6
0.0	5.9	122.7	11.6	3.5	764.6
15.6	3.6	111.8	11.6	2.2	764.6
13.8	6.1	41.3	11.7	2.8	764.6
0.5	7.3	81.5	11.7	2.7	764.6
8.1	10.3	112.0	11.7	4.0	764.6
23.3	9.5	27.4	11.8	2.8	764.6
41.5	5.5	35.1	11.8	5.4	764.6
1.2	-1.2	77.3	11.8	2.0	764.6
0.0	2.8	492.5	11.9	4.1	764.6
1.1	7.5	453.6	11.9	5.1	764.6
22.9	8.6	50.4	11.9	3.3	764.6
8.0	12.6	209.0	11.9	5.2	764.6
14.3	16.9	80.9	12.0	4.4	764.6
14.2	11.6	48.6	12.0	7.5	764.6
35.1	5.5	41.4	12.0	3.3	764.6
2.4	4.8	57.1	12.1	1.9	764.6
17.2	6.6	37.0	12.1	2.9	764.6
25.0	6.1	20.7	12.1	2.9	764.6
6.6	4.7	40.8	12.2	2.0	764.6
11.4	5.8	39.4	12.2	3.5	764.6
23.5	9.4	48.7	12.2	3.1	764.6
13.9	8.8	56.2	12.3	3.7	764.6
0.7	8.6	164.3	12.3	4.8	764.6
1.5	12.2	299.8	12.3	6.1	764.6
1.8	9.9	123.8	12.3	4.7	764.6
37.2	6.5	58.0	12.4	2.1	764.6
32.6	7.3	49.3	12.4	3.3	764.6
0.4	5.2	177.6	12.4	5.0	764.6
0.0	3.3	549.1	12.5	3.9	765.3
0.0	9.7	551.2	12.5	6.4	765.3
0.0	10.1	236.5	12.5	6.5	765.3
0.0	14.0	539.8	12.6	8.7	765.3
66.7	9.7	84.7	12.6	2.8	765.3
6.8	11.6	34.1	12.6	4.8	765.3
0.5	10.7	195.6	12.6	5.6	765.3
0.1	12.2	473.1	12.7	7.4	765.3
0.1	15.2	557.9	12.7	8.9	765.3
0.2	17.7	452.4	12.7	8.4	765.3
0.5	22.7	564.0	12.8	9.5	765.3
0.2	24.4	565.0	12.8	11.4	765.3
7.2	27.3	487.7	12.8	11.4	765.3
70.5	20.8	142.4	12.9	10.8	765.3
0.8	14.4	169.7	12.9	7.5	765.3
0.0	11.1	503.8	12.9	7.3	765.3
0.0	13.3	626.4	12.9	8.0	765.3
0.0	19.2	494.0	13.0	10.3	765.3
3.6	24.2	489.4	13.0	10.2	765.3
6.8	17.5	78.7	13.0	9.4	765.3
0.0	19.9	576.9	13.1	10.3	765.3
1.0	23.2	566.1	13.1	10.5	765.3
8.7	23.0	158.6	13.1	7.3	765.3
3.0	21.2	213.8	13.1	10.1	765.3
4.2	20.3	225.1	13.2	7.4	765.3
15.1	17.7	74.3	13.2	10.2	765.3
0.4	14.5	327.2	13.2	7.8	765.3
3.9	14.5	495.7	13.2	8.0	765.3
19.2	8.9	106.1	13.3	4.1	765.3
0.0	12.4	621.2	13.3	8.3	765.3
0.0	16.1	635.7	13.3	8.6	766.3
0.1	20.3	608.4	13.3	10.2	766.3
0.0	23.9	555.1	13.4	11.9	766.3
34.2	23.2	117.0	13.4	6.7	766.3
0.5	21.6	139.2	13.4	7.4	766.3
107.0	17.7	116.6	13.4	6.3	766.3
16.2	18.8	31.9	13.5	5.7	766.3
1.3	14.0	151.0	13.5	6.8	766.3
0.0	17.4	565.3	13.5	9.1	766.3
0.0	20.0	573.1	13.5	10.0	766.3
0.0	17.9	246.7	13.6	9.0	766.3
0.1	21.4	615.6	13.6	10.7	766.3
4.8	23.9	532.8	13.6	10.5	766.3
39.0	24.0	190.9	13.6	6.7	766.3
6.1	24.0	53.0	13.7	4.4	766.3
0.2	23.2	418.9	13.7	9.1	766.3
10.7	24.3	222.9	13.7	9.7	766.3
0.0	22.3	386.0	13.7	8.4	766.3
0.9	23.8	303.9	13.7	8.5	766.3
59.8	25.1	306.8	13.8	8.8	766.3
13.9	21.5	81.0	13.8	8.9	766.3
2.6	19.6	214.7	13.8	7.4	766.3
8.3	20.6	129.6	13.8	6.4	766.3
0.5	19.3	271.8	13.8	6.5	766.3
0.0	20.0	266.7	13.8	7.5	766.3
0.1	21.7	654.0	13.9	11.3	766.3
0.0	23.1	648.2	13.9	12.6	766.3
13.5	23.6	384.6	13.9	12.6	766.3
30.0	17.2	60.8	13.9	4.0	766.3
4.7	18.1	49.9	13.9	4.2	766.3
1.6	19.8	283.9	13.9	8.2	766.3
0.1	21.7	454.5	13.9	9.7	764.9
0.2	24.5	550.7	14.0	11.7	764.9
0.0	26.5	630.1	14.0	11.5	764.9
0.0	27.6	423.4	14.0	9.5	764.9
2.2	28.0	488.7	14.0	10.1	764.9
37.0	22.3	281.2	14.0	13.8	764.9
0.8	16.1	225.6	14.0	7.2	764.9
0.0	20.3	638.9	14.0	10.8	764.9
0.0	22.1	649.9	14.0	10.7	764.9
0.0	23.0	473.5	14.0	9.2	764.9
8.7	24.8	312.9	14.0	9.4	764.9
1.8	23.1	98.3	14.1	5.2	764.9
10.6	25.6	520.1	14.1	10.2	764.9
9.7	27.2	582.6	14.1	10.6	764.9
23.2	26.7	352.5	14.1	10.9	764.9
3.9	27.5	513.6	14.1	10.0	764.9
0.1	27.3	637.0	14.1	11.3	764.9
1.3	25.6	452.1	14.1	9.9	764.9
0.0	25.6	634.6	14.1	10.7	764.9
0.0	23.4	347.9	14.1	9.4	764.9
0.1	23.7	526.1	14.1	10.2	764.9
0.1	23.9	650.8	14.1	12.1	764.9
0.0	24.1	674.7	14.1	12.5	764.9
0.0	25.0	672.8	14.1	12.9	764.9
0.0	26.6	643.9	14.1	12.0	764.9
0.0	28.4	597.5	14.1	11.7	764.9
2.1	26.5	94.3	14.1	9.8	764.9
3.7	26.1	334.6	14.1	9.8	764.9
0.8	26.8	405.3	14.1	10.8	764.9
5.7	27.4	569.4	14.1	11.2	764.9
4.0	27.7	575.1	14.1	10.5	760.9
2.4	27.3	485.6	14.0	11.2	760.9
2.1	28.5	605.1	14.0	11.3	760.9
0.7	29.8	506.0	14.0	11.2	760.9
18.2	28.7	480.8	14.0	9.5	760.9
38.4	27.4	291.4	14.0	8.5	760.9
29.5	26.3	162.6	14.0	6.0	760.9
2.7	27.9	462.3	14.0	9.5	760.9
5.0	28.5	417.7	14.0	10.5	760.9
5.6	28.0	491.9	14.0	11.3	760.9
4.6	27.8	428.0	14.0	10.3	760.9
20.3	27.6	457.8	13.9	9.2	760.9
7.4	27.8	331.3	13.9	9.0	760.9
1.1	28.6	433.0	13.9	10.2	760.9
0.1	30.0	621.4	13.9	10.5	760.9
0.0	31.1	614.9	13.9	11.6	760.9
0.0	32.1	581.7	13.9	11.5	760.9
0.2	32.4	545.9	13.9	12.2	760.9
7.3	30.8	544.3	13.8	12.0	760.9
7.3	29.7	543.8	13.8	10.9	760.9
5.1	30.0	567.8	13.8	10.4	760.9
1.5	30.7	545.7	13.8	11.1	760.9
4.4	30.2	484.7	13.8	11.5	760.9
20.5	28.8	397.1	13.8	11.3	760.9
7.7	28.6	519.1	13.7	10.9	760.9
8.2	28.5	502.8	13.7	9.9	760.9
6.1	28.8	486.7	13.7	9.9	760.9
0.1	30.0	600.2	13.7	11.1	760.9
0.1	30.7	603.5	13.7	10.7	760.9
0.0	30.4	495.6	13.6	11.0	760.9
0.0	29.7	626.8	13.6	11.6	760.9
0.0	29.7	549.6	13.6	10.8	760.5
13.7	28.1	343.8	13.6	10.6	760.5
2.7	29.6	564.8	13.5	10.8	760.5
1.1	29.7	499.0	13.5	10.6	760.5
0.6	29.1	224.3	13.5	8.8	760.5
0.4	29.2	202.9	13.5	8.2	760.5
16.0	28.1	421.7	13.5	10.4	760.5
20.7	27.4	307.1	13.4	7.6	760.5
16.6	27.3	314.6	13.4	8.1	760.5
7.8	27.9	542.9	13.4	10.6	760.5
0.4	28.6	564.2	13.4	9.7	760.5
0.5	29.1	480.7	13.3	9.4	760.5
10.0	27.6	386.5	13.3	8.7	760.5
6.1	27.2	286.7	13.3	8.8	760.5
5.2	27.6	436.8	13.3	9.1	760.5
14.4	27.6	386.3	13.2	8.5	760.5
11.4	27.6	315.2	13.2	8.3	760.5
0.0	28.7	538.1	13.2	9.8	760.5
9.8	28.4	550.4	13.1	9.9	760.5
0.1	29.7	569.1	13.1	10.4	760.5
0.1	30.2	572.4	13.1	11.1	760.5
0.0	29.8	588.3	13.1	11.6	760.5
0.0	29.8	585.1	13.0	11.4	760.5
0.1	30.5	561.2	13.0	11.0	760.5
0.0	30.6	569.2	13.0	11.7	760.5
0.0	31.5	562.0	13.0	10.7	760.5
0.4	31.6	424.3	12.9	10.1	760.5
7.7	30.1	480.4	12.9	9.2	760.5
3.0	28.8	356.5	12.9	7.6	760.5
14.6	28.2	408.5	12.8	9.2	760.5
11.1	28.2	443.5	12.8	8.8	760.5
6.8	28.4	443.6	12.8	8.8	763.1
18.9	27.9	512.4	12.8	8.9	763.1
0.0	28.2	543.2	12.7	9.6	763.1
0.3	29.0	442.3	12.7	9.3	763.1
4.4	28.7	446.4	12.7	9.0	763.1
14.7	27.2	400.7	12.6	7.9	763.1
18.2	25.4	413.4	12.6	6.5	763.1
1.4	24.2	96.8	12.6	5.8	763.1
1.5	22.7	56.8	12.6	3.5	763.1
0.5	23.1	229.7	12.5	7.6	763.1
0.0	25.5	318.3	12.5	7.4	763.1
15.0	26.2	416.5	12.5	8.5	763.1
5.2	26.9	427.7	12.4	8.4	763.1
0.4	26.2	345.4	12.4	7.7	763.1
1.0	25.3	202.3	12.4	5.7	763.1
6.4	25.2	239.8	12.3	6.2	763.1
11.2	25.6	334.7	12.3	7.3	763.1
14.8	25.3	408.4	12.3	7.5	763.1
11.0	25.4	428.3	12.3	7.0	763.1
5.0	25.9	370.1	12.2	8.1	763.1
5.9	25.8	407.0	12.2	7.2	763.1
5.0	25.4	414.8	12.2	7.1	763.1
0.7	24.7	235.0	12.1	6.7	763.1
0.0	24.2	424.9	12.1	7.1	763.1
0.5	25.4	342.4	12.1	7.1	763.1
0.6	24.8	230.3	12.0	6.6	763.1
0.2	23.3	290.2	12.0	6.0	763.1
0.0	23.9	448.5	12.0	7.5	763.1
0.0	25.5	452.4	12.0	7.4	763.1
0.0	23.6	261.8	11.9	7.7	763.1
0.0	24.0	461.1	11.9	7.5	764.5
0.0	22.4	240.0	11.9	6.2	764.5
0.0	21.4	462.1	11.8	8.1	764.5
0.0	21.5	463.8	11.8	8.1	764.5
0.0	22.9	460.8	11.8	8.4	764.5
0.0	24.2	448.5	11.7	8.4	764.5
0.0	24.8	452.1	11.7	8.6	764.5
0.0	26.2	389.6	11.7	8.2	764.5
0.0	27.5	385.5	11.7	8.4	764.5
0.0	27.2	429.7	11.6	8.6	764.5
0.0	27.4	427.5	11.6	8.6	764.5
0.0	26.8	413.4	11.6	9.6	764.5
0.0	21.5	310.3	11.5	7.2	764.5
0.0	20.0	426.0	11.5	7.4	764.5
0.8	19.1	228.3	11.5	5.4	764.5
7.3	14.9	37.5	11.4	2.6	764.5
0.1	16.4	144.9	11.4	5.2	764.5
0.0	18.5	420.0	11.4	7.2	764.5
0.0	19.7	311.4	11.4	6.1	764.5
0.0	21.8	345.6	11.3	7.0	764.5
0.0	23.7	391.6	11.3	7.3	764.5
0.3	20.6	204.5	11.3	6.2	764.5
0.0	23.3	392.7	11.2	7.3	764.5
3.3	21.1	268.0	11.2	8.5	764.5
0.0	13.6	363.3	11.2	5.2	764.5
0.0	13.8	407.2	11.2	5.2	764.5
0.0	16.2	402.5	11.1	6.3	764.5
0.0	17.1	400.4	11.1	6.5	764.5
0.0	17.6	393.7	11.1	6.4	764.5
0.0	17.6	386.2	11.0	6.6	764.5
0.0	18.2	388.7	11.0	6.9	764.5
0.0	14.2	392.7	11.0	5.4	766.3
0.0	15.6	381.2	11.0	6.1	766.3
0.0	17.1	371.7	10.9	6.6	766.3
0.0	17.5	370.6	10.9	6.7	766.3
0.0	16.9	383.0	10.9	6.3	766.3
0.0	19.3	365.8	10.9	7.1	766.3
0.0	20.3	358.5	10.8	6.5	766.3
0.1	20.5	343.6	10.8	6.3	766.3
0.0	20.4	253.3	10.8	6.4	766.3
0.0	19.3	351.1	10.8	6.3	766.3
0.0	21.1	345.8	10.7	6.7	766.3
0.1	21.5	225.1	10.7	5.9	766.3
0.0	20.9	135.5	10.7	6.9	766.3
0.0	18.5	357.4	10.7	6.4	766.3
0.0	18.9	352.9	10.6	6.3	766.3
0.0	20.0	326.4	10.6	5.5	766.3
0.5	19.9	166.7	10.6	4.9	766.3
0.0	16.9	239.3	10.6	5.0	766.3
0.0	15.8	327.8	10.6	4.7	766.3
0.0	17.2	317.9	10.5	5.2	766.3
0.2	17.2	229.3	10.5	4.3	766.3
0.8	13.2	28.4	10.5	2.5	766.3
0.1	13.3	203.7	10.5	3.5	766.3
0.0	13.1	235.3	10.5	3.7	766.3
0.0	11.7	272.0	10.4	4.4	766.3
0.0	12.5	325.7	10.4	4.9	766.3
0.0	12.0	321.2	10.4	4.9	766.3
0.0	14.2	317.3	10.4	5.4	766.3
0.0	15.9	195.2	10.4	4.8	766.3
1.0	17.5	277.1	10.4	4.7	766.3
7.3	18.4	147.0	10.3	4.0	769.3
5.5	17.8	63.8	10.3	3.0	769.3
2.0	17.5	62.2	10.3	2.5	769.3
0.4	17.8	79.9	10.3	2.5	769.3
3.2	18.7	99.7	10.3	4.9	769.3
0.3	5.6	62.7	10.3	3.9	769.3
0.0	-0.6	181.0	10.3	1.5	769.3
0.0	0.6	309.7	10.3	2.3	769.3
0.0	2.2	284.3	10.2	2.2	769.3
0.0	3.7	300.1	10.2	2.5	769.3
0.0	4.9	256.1	10.2	2.6	769.3
3.2	6.3	108.6	10.2	2.3	769.3
5.2	7.0	66.8	10.2	2.2	769.3
0.1	7.3	258.1	10.2	3.5	769.3
0.0	5.1	263.8	10.2	3.0	769.3
0.0	4.8	297.1	10.2	3.2	769.3
0.4	8.5	104.3	10.2	3.1	769.3
0.3	12.3	250.8	10.2	3.9	769.3
1.2	13.7	129.7	10.2	3.1	769.3
1.0	10.0	74.5	10.2	3.9	769.3
0.0	4.8	299.9	10.2	3.0	769.3
0.0	6.1	300.6	10.2	3.5	769.3
0.0	6.4	294.5	10.2	3.0	769.3
0.1	6.0	210.0	10.2	2.9	769.3
0.0	5.5	296.1	10.2	3.2	769.3
0.0	4.7	299.0	10.2	3.3	769.3
0.0	4.4	306.1	10.2	3.5	769.3
0.0	7.3	308.6	10.2	4.0	769.3
0.0	13.9	291.4	10.2	5.5	769.3
0.1	17.2	285.0	10.2	5.5	769.3
0.0	11.9	242.5	10.2	4.7	769.3
0.0	8.7	300.1	10.2	3.7	773.3
0.0	11.3	294.6	10.2	5.2	773.3
0.0	3.4	319.1	10.2	2.8	773.3
0.0	5.0	315.6	10.2	3.8	773.3
0.0	7.7	173.9	10.3	3.5	773.3
0.0	4.5	72.7	10.3	2.7	773.3
0.0	5.0	316.6	10.3	3.9	773.3
0.0	8.7	306.1	10.3	4.3	773.3
0.0	4.9	316.2	10.3	3.4	773.3
0.0	4.1	323.9	10.3	3.7	773.3
0.0	6.6	326.9	10.3	4.1	773.3
0.1	7.0	319.9	10.3	3.6	773.3
0.1	4.9	168.1	10.4	3.0	773.3
0.0	6.3	326.1	10.4	3.9	773.3
0.0	8.3	265.2	10.4	3.9	773.3
0.0	8.4	316.9	10.4	4.0	773.3
0.0	9.0	215.7	10.4	3.9	773.3
0.0	12.4	210.1	10.4	4.7	773.3
9.2	14.0	187.2	10.5	5.1	773.3
0.0	5.8	307.8	10.5	3.5	773.3
0.0	2.7	349.1	10.5	2.9	773.3
0.0	7.0	219.7	10.5	3.8	773.3
0.1	11.9	145.7	10.5	4.3	773.3
1.9	12.9	78.4	10.6	3.2	773.3
0.1	14.7	326.1	10.6	5.5	773.3
0.4	14.0	168.3	10.6	5.5	773.3
0.0	14.2	343.1	10.6	5.1	773.3
0.0	15.3	278.2	10.6	5.6	773.3
0.1	14.0	137.1	10.7	4.8	773.3
0.1	14.1	156.3	10.7	3.9	773.3
0.0	17.1	320.4	10.7	6.5	773.3
1.8	16.6	193.1	10.7	6.3	775.3
8.3	9.6	28.3	10.8	2.4	775.3
5.5	3.8	27.4	10.8	2.8	775.3
0.0	3.9	362.8	10.8	3.3	775.3
0.0	6.7	379.8	10.8	4.7	775.3
6.0	8.4	366.6	10.9	4.6	775.3
2.3	5.1	56.2	10.9	2.1	775.3
0.0	11.4	147.2	10.9	4.3	775.3
8.9	12.9	80.1	10.9	5.9	775.3
30.4	7.3	24.0	11.0	1.8	775.3
2.0	8.3	121.7	11.0	2.8	775.3
38.9	7.3	59.2	11.0	1.8	775.3
59.2	7.5	27.8	11.0	2.9	775.3
1.7	4.7	56.5	11.1	2.3	775.3
0.1	8.3	191.0	11.1	3.7	775.3
6.5	9.4	55.1	11.1	3.1	775.3
19.1	3.6	15.7	11.2	3.2	775.3
11.8	1.4	40.4	11.2	1.8	775.3
23.3	-1.1	26.5	11.2	1.8	775.3
0.4	-5.3	258.0	11.2	2.3	775.3
0.0	-1.4	427.0	11.3	3.0	775.3
3.5	4.2	207.9	11.3	3.3	775.3
8.1	6.3	64.5	11.3	2.5	775.3
24.1	10.6	33.6	11.4	5.0	775.3
0.3	6.7	96.0	11.4	4.9	775.3
0.1	9.6	446.6	11.4	5.5	775.3
0.0	7.6	275.5	11.5	3.8	775.3
0.0	8.3	281.3	11.5	4.3	775.3
16.4	9.1	99.0	11.5	3.4	775.3
5.2	8.9	75.7	11.5	3.5	776.1
0.4	7.7	352.8	11.6	5.0	776.1
0.1	9.8	298.2	11.6	5.2	776.1
0.0	10.4	385.7	11.6	5.9	776.1
0.0	12.6	467.8	11.7	6.0	776.1
0.0	14.6	464.0	11.7	6.6	776.1
18.0	10.9	68.1	11.7	4.8	776.1
0.0	8.1	484.2	11.8	5.4	776.1
12.1	13.8	450.6	11.8	6.9	776.1
2.4	14.5	230.0	11.8	7.3	776.1
5.3	5.9	42.5	11.8	3.6	776.1
15.8	3.3	28.6	11.9	1.8	776.1
0.8	3.3	104.1	11.9	3.0	776.1
0.3	8.3	435.8	11.9	5.8	776.1
0.0	8.1	504.7	12.0	5.6	776.1
0.0	14.1	340.3	12.0	7.0	776.1
0.1	15.3	212.2	12.0	6.1	776.1
21.1	15.5	68.2	12.1	3.8	776.1
13.8	20.6	240.6	12.1	8.1	776.1
29.8	18.7	41.3	12.1	4.7	776.1
3.6	21.9	280.3	12.2	9.2	776.1
5.7	14.0	273.5	12.2	6.8	776.1
12.7	11.2	199.1	12.2	4.4	776.1
12.2	11.8	69.6	12.2	5.1	776.1
2.3	13.8	216.4	12.3	5.2	776.1
18.1	17.0	209.5	12.3	8.2	776.1
5.7	10.7	53.0	12.3	4.7	776.1
0.0	19.2	419.8	12.4	8.6	776.1
3.4	14.0	186.1	12.4	10.2	776.1
12.1	7.8	124.9	12.4	3.6	776.1
2.9	5.5	51.3	12.5	1.8	776.1
0.7	9.6	348.8	12.5	5.6	776.8
6.7	12.9	282.3	12.5	5.9	776.8
22.1	14.0	77.3	12.5	4.5	776.8
1.0	13.1	170.2	12.6	3.8	776.8
17.2	16.1	144.6	12.6	5.5	776.8
2.8	18.6	159.9	12.6	6.0	776.8
3.4	21.8	421.9	12.7	9.2	776.8
22.1	20.8	485.1	12.7	10.7	776.8
0.1	14.4	543.7	12.7	7.4	776.8
0.0	17.8	571.9	12.8	9.3	776.8
0.0	21.2	543.4	12.8	10.4	776.8
12.9	19.5	217.7	12.8	6.6	776.8
8.2	19.9	136.5	12.8	5.7	776.8
22.7	19.2	70.6	12.9	5.7	776.8
25.2	11.6	78.8	12.9	9.5	776.8
3.7	9.3	321.0	12.9	4.9	776.8
29.5	10.0	45.6	13.0	4.8	776.8
30.5	13.8	108.2	13.0	5.1	776.8
24.0	13.9	58.1	13.0	4.7	776.8
13.0	12.4	67.3	13.0	3.9	776.8
43.7	12.8	46.7	13.1	4.1	776.8
37.6	13.9	60.6	13.1	4.2	776.8
1.9	11.7	98.7	13.1	4.6	776.8
0.4	11.3	125.1	13.2	4.9	776.8
0.0	14.3	516.2	13.2	6.8	776.8
0.0	15.2	458.6	13.2	8.5	776.8
0.2	17.6	500.3	13.2	8.3	776.8
0.0	17.7	395.3	13.3	7.8	776.8
14.4	15.4	140.8	13.3	6.3	776.8
11.3	12.9	48.6	13.3	2.7	776.8
0.0	15.5	393.3	13.3	7.8	777.9
0.0	17.7	577.3	13.4	8.4	777.9
14.2	18.1	154.5	13.4	6.6	777.9
12.2	19.4	95.2	13.4	5.5	777.9
5.5	16.4	106.0	13.4	6.8	777.9
0.8	16.5	455.3	13.5	8.7	777.9
0.3	19.9	471.2	13.5	9.4	777.9
13.1	21.1	375.0	13.5	9.3	777.9
1.7	18.9	132.1	13.5	4.9	777.9
0.6	19.9	440.6	13.6	9.8	777.9
28.9	22.7	507.4	13.6	10.3	777.9
22.2	15.9	30.0	13.6	7.0	777.9
1.4	16.5	225.7	13.6	6.1	777.9
0.6	18.2	316.1	13.6	8.0	777.9
0.1	21.0	608.0	13.7	10.4	777.9
0.0	23.2	617.9	13.7	11.7	777.9
0.0	24.2	463.8	13.7	10.8	777.9
0.0	25.0	636.7	13.7	11.4	777.9
0.0	25.7	609.3	13.7	11.5	777.9
2.4	24.1	159.4	13.8	8.4	777.9
4.6	24.0	237.4	13.8	7.6	777.9
20.4	23.2	125.2	13.8	6.1	777.9
2.3	23.3	108.8	13.8	5.3	777.9
24.6	24.5	190.0	13.8	7.8	777.9
18.4	25.5	254.4	13.9	8.1	777.9
6.0	26.0	219.8	13.9	7.3	777.9
31.0	24.0	217.8	13.9	10.8	777.9
0.1	20.8	609.5	13.9	10.4	777.9
0.0	19.8	645.9	13.9	8.3	777.9
7.6	21.9	228.2	13.9	8.0	777.9
2.5	21.1	57.7	13.9	6.6	777.9
15.1	21.3	81.9	14.0	5.3	776.4
1.4	21.5	94.8	14.0	5.7	776.4
0.8	24.1	207.3	14.0	8.2	776.4
17.1	24.0	180.7	14.0	8.2	776.4
0.1	22.2	159.6	14.0	7.2	776.4
0.0	24.5	653.6	14.0	10.3	776.4
0.0	22.3	672.0	14.0	9.9	776.4
0.0	22.7	678.9	14.0	11.8	776.4
0.5	23.3	666.2	14.0	12.1	776.4
1.3	23.8	606.6	14.0	11.7	776.4
1.4	24.9	655.8	14.1	11.4	776.4
31.2	24.2	450.6	14.1	11.6	776.4
1.8	20.4	113.3	14.1	6.1	776.4
0.8	22.5	469.4	14.1	9.1	776.4
6.0	25.4	477.7	14.1	10.3	776.4
11.8	21.5	62.1	14.1	6.2	776.4
0.0	24.6	674.4	14.1	11.6	776.4
0.1	24.4	665.4	14.1	11.0	776.4
0.1	26.3	656.7	14.1	13.9	776.4
0.6	27.9	635.4	14.1	13.5	776.4
0.0	28.7	473.3	14.1	12.1	776.4
1.4	28.9	430.1	14.1	12.0	776.4
17.2	26.0	75.0	14.1	6.8	776.4
25.8	25.0	83.5	14.1	3.1	776.4
5.3	26.1	243.9	14.1	7.4	776.4
16.4	26.9	346.7	14.1	9.6	776.4
17.8	27.4	374.0	14.1	9.6	776.4
19.8	27.3	342.5	14.1	10.8	776.4
6.6	28.6	603.2	14.1	11.7	776.4
7.5	29.0	588.0	14.1	10.9	776.4
13.0	29.0	567.9	14.0	11.3	772.4
8.5	29.1	590.1	14.0	10.4	772.4
22.6	29.4	562.4	14.0	10.3	772.4
11.9	29.0	497.8	14.0	10.0	772.4
20.5	28.9	408.6	14.0	9.7	772.4
15.9	29.3	502.3	14.0	11.9	772.4
13.0	29.1	419.1	14.0	9.8	772.4
13.4	28.9	420.8	14.0	10.1	772.4
11.4	29.0	383.2	14.0	9.8	772.4
11.0	30.0	495.2	14.0	10.6	772.4
31.3	28.8	406.0	14.0	9.8	772.4
21.8	27.4	84.2	13.9	6.0	772.4
11.3	26.2	77.4	13.9	5.1	772.4
21.0	26.9	294.9	13.9	8.8	772.4
1.7	26.2	163.7	13.9	6.4	772.4
0.9	25.7	105.9	13.9	5.4	772.4
1.3	25.8	150.6	13.9	5.6	772.4
0.4	26.1	134.7	13.8	6.5	772.4
1.8	26.2	92.3	13.8	4.9	772.4
1.3	26.3	96.7	13.8	5.2	772.4
1.1	26.6	179.0	13.8	6.9	772.4
1.5	27.6	323.6	13.8	8.9	772.4
0.6	28.1	387.2	13.8	10.5	772.4
2.5	29.0	481.1	13.7	10.3	772.4
3.9	26.0	148.8	13.7	7.9	772.4
0.1	28.5	587.0	13.7	11.1	772.4
0.1	29.3	511.6	13.7	9.9	772.4
15.0	27.1	173.3	13.7	8.2	772.4
33.8	25.7	312.3	13.6	6.6	772.4
0.8	25.7	63.6	13.6	4.3	772.4
2.1	27.3	291.4	13.6	7.6	772.4
0.9	26.9	181.8	13.6	7.3	772.0
0.3	27.6	339.0	13.6	9.0	772.0
21.9	27.3	347.7	13.5	8.8	772.0
19.9	27.8	428.3	13.5	8.9	772.0
20.8	27.7	495.2	13.5	9.1	772.0
14.9	27.8	396.4	13.5	8.8	772.0
0.2	29.6	588.2	13.4	10.3	772.0
4.3	29.6	560.9	13.4	10.5	772.0
0.0	30.2	461.3	13.4	9.9	772.0
2.1	29.9	501.7	13.4	10.6	772.0
8.3	29.0	572.4	13.3	10.8	772.0
9.4	27.9	557.2	13.3	9.9	772.0
0.4	28.0	457.4	13.3	9.6	772.0
0.1	27.6	433.4	13.3	9.1	772.0
0.3	28.0	525.5	13.2	10.0	772.0
0.1	28.6	519.5	13.2	9.5	772.0
0.0	28.2	263.3	13.2	8.3	772.0
0.5	28.8	489.1	13.2	10.3	772.0
0.4	29.3	457.4	13.1	9.3	772.0
0.1	28.2	266.5	13.1	8.9	772.0
0.1	28.1	383.0	13.1	8.7	772.0
0.1	27.8	410.0	13.0	9.3	772.0
0.5	28.6	438.8	13.0	9.3	772.0
0.8	28.9	387.7	13.0	8.1	772.0
3.0	26.4	144.3	13.0	6.6	772.0
25.2	26.7	299.4	12.9	8.9	772.0
29.3	27.0	374.6	12.9	8.2	772.0
24.5	27.0	390.8	12.9	8.0	772.0
24.4	26.9	329.1	12.8	7.5	772.0
12.5	26.2	221.7	12.8	7.3	772.0
9.4	27.0	450.4	12.8	8.4	772.0
6.3	27.3	507.0	12.8	9.6	774.7
6.0	27.3	503.8	12.7	9.2	774.7
15.0	26.8	475.2	12.7	8.4	774.7
16.0	26.9	419.9	12.7	8.0	774.7
11.4	27.1	503.6	12.6	9.0	774.7
8.5	27.6	469.8	12.6	8.4	774.7
0.3	27.4	411.6	12.6	9.0	774.7
1.1	27.5	383.9	12.6	7.2	774.7
0.8	26.7	86.9	12.5	4.7	774.7
1.0	26.1	123.3	12.5	5.9	774.7
0.7	24.9	103.1	12.5	5.2	774.7
0.0	24.8	352.9	12.4	7.5	774.7
0.0	24.9	355.9	12.4	7.1	774.7
0.4	25.4	435.1	12.4	7.2	774.7
0.7	25.0	172.7	12.3	6.8	774.7
0.1	24.3	355.2	12.3	8.7	774.7
0.0	25.6	520.6	12.3	10.0	774.7
0.0	27.3	512.8	12.3	11.6	774.7
0.0	26.3	525.0	12.2	11.2	774.7
0.0	27.2	509.8	12.2	11.1	774.7
0.0	26.9	509.1	12.2	10.3	774.7
0.1	28.1	455.5	12.1	9.5	774.7
0.3	28.4	356.7	12.1	8.9	774.7
0.0	27.1	379.4	12.1	9.9	774.7
0.0	25.8	497.3	12.0	9.4	774.7
0.0	25.7	483.8	12.0	9.8	774.7
0.0	25.0	489.1	12.0	9.4	774.7
0.0	23.8	427.9	12.0	9.4	774.7
0.0	23.0	480.3	11.9	8.4	774.7
0.0	22.8	445.8	11.9	8.2	774.7
0.0	23.1	473.5	11.9	8.7	776.1
0.0	22.8	476.2	11.8	8.7	776.1
0.0	22.9	466.7	11.8	8.7	776.1
0.0	22.9	468.4	11.8	8.8	776.1
0.0	23.3	461.8	11.7	9.0	776.1
0.0	24.0	456.9	11.7	9.5	776.1
0.0	21.2	461.6	11.7	7.7	776.1
0.0	20.2	458.9	11.7	7.9	776.1
0.0	21.2	454.8	11.6	8.2	776.1
0.0	20.7	450.0	11.6	7.9	776.1
0.0	21.6	437.1	11.6	8.0	776.1
0.0	22.3	437.5	11.5	7.6	776.1
0.1	24.0	348.1	11.5	7.8	776.1
0.2	24.4	337.6	11.5	7.5	776.1
0.0	23.5	359.5	11.5	7.8	776.1
0.0	24.0	417.4	11.4	7.9	776.1
0.0	23.8	411.2	11.4	8.1	776.1
0.0	24.2	405.7	11.4	8.5	776.1
0.0	24.0	395.0	11.3	8.5	776.1
0.0	23.6	409.8	11.3	7.9	776.1
0.0	25.2	399.8	11.3	8.4	776.1
0.0	26.0	390.8	11.2	8.0	776.1
0.0	27.2	374.5	11.2	7.6	776.1
0.0	27.1	318.3	11.2	7.5	776.1
2.3	25.6	345.8	11.2	9.3	776.1
0.3	17.6	35.0	11.1	2.8	776.1
0.2	17.0	110.8	11.1	3.7	776.1
0.5	18.4	174.9	11.1	4.4	776.1
0.1	18.3	235.8	11.1	4.4	776.1
6.6	16.0	193.9	11.0	5.7	776.1
0.4	14.4	170.4	11.0	3.6	776.1
1.2	19.2	118.3	11.0	4.6	777.9
0.0	23.2	285.8	10.9	5.9	777.9
8.2	23.4	346.5	10.9	6.4	777.9
16.4	22.3	233.9	10.9	5.4	777.9
1.0	20.7	61.4	10.9	2.7	777.9
16.8	20.1	94.1	10.8	4.2	777.9
0.2	17.6	45.8	10.8	2.1	777.9
5.4	20.4	168.1	10.8	5.0	777.9
0.2	20.2	148.9	10.8	4.3	777.9
4.8	22.5	287.6	10.7	5.5	777.9
9.1	21.7	229.4	10.7	4.9	777.9
7.1	18.1	84.4	10.7	5.7	777.9
1.7	14.3	44.4	10.7	2.0	777.9
0.0	15.5	261.6	10.7	3.8	777.9
3.0	19.4	285.7	10.6	5.4	777.9
9.2	15.3	28.3	10.6	2.2	777.9
23.5	14.3	19.0	10.6	2.2	777.9
1.3	15.0	56.4	10.6	1.8	777.9
0.2	18.3	112.7	10.5	3.6	777.9
11.1	19.0	94.6	10.5	4.8	777.9
35.3	12.9	21.7	10.5	2.4	777.9
5.9	8.0	38.9	10.5	3.4	777.9
9.6	4.4	34.9	10.5	1.3	777.9
8.3	1.4	38.2	10.4	1.9	777.9
0.0	1.7	320.0	10.4	2.2	777.9
1.6	3.9	300.9	10.4	2.6	777.9
0.0	5.7	295.5	10.4	2.7	777.9
0.0	0.6	153.6	10.4	2.2	777.9
0.0	0.8	320.2	10.4	2.4	777.9
0.0	4.2	279.3	10.3	3.3	777.9
0.0	5.9	141.0	10.3	2.6	781.0
0.0	8.7	284.8	10.3	3.6	781.0
0.0	10.6	133.8	10.3	3.5	781.0
0.1	14.0	261.1	10.3	4.5	781.0
1.4	15.6	197.0	10.3	3.9	781.0
2.0	16.8	41.3	10.3	2.7	781.0
8.6	14.1	22.9	10.3	3.6	781.0
14.0	14.1	29.9	10.2	2.3	781.0
12.2	13.3	69.0	10.2	2.6	781.0
20.0	7.6	17.9	10.2	3.3	781.0
1.3	0.9	41.1	10.2	1.8	781.0
0.3	1.5	157.4	10.2	1.6	781.0
0.0	4.7	145.4	10.2	2.3	781.0
0.4	8.9	125.8	10.2	2.6	781.0
4.8	7.6	17.7	10.2	2.5	781.0
1.0	6.9	41.6	10.2	1.7	781.0
9.0	9.4	74.0	10.2	3.1	781.0
1.8	6.9	61.0	10.2	1.6	781.0
14.6	9.9	59.2	10.2	2.7	781.0
3.4	4.6	60.4	10.2	2.6	781.0
0.7	1.8	204.8	10.2	1.5	781.0
1.3	3.7	47.4	10.2	1.5	781.0
3.1	2.5	29.8	10.2	1.5	781.0
10.0	0.1	21.9	10.2	1.1	781.0
0.3	-1.8	92.4	10.2	1.3	781.0
0.0	-2.0	158.7	10.2	1.6	781.0
0.1	0.5	303.6	10.2	2.8	781.0
0.1	3.2	214.0	10.2	3.0	781.0
3.4	6.6	107.3	10.2	2.9	781.0
14.1	6.2	28.8	10.2	1.7	781.0
49.0	6.9	52.6	10.2	1.9	781.0
2.0	8.4	36.8	10.2	1.9	785.0
13.2	9.5	78.1	10.2	3.1	785.0
2.5	1.7	36.0	10.2	2.2	785.0
0.0	1.9	311.4	10.3	2.6	785.0
0.0	-0.2	305.0	10.3	2.0	785.0
0.1	-3.2	305.2	10.3	2.1	785.0
0.0	-4.0	323.8	10.3	1.6	785.0
0.0	-1.4	316.5	10.3	2.4	785.0
0.0	1.0	271.3	10.3	2.8	785.0
0.0	1.5	315.4	10.3	2.7	785.0
0.0	3.5	273.0	10.3	3.3	785.0
0.0	6.0	318.7	10.4	4.1	785.0
0.2	7.2	298.5	10.4	4.0	785.0
0.0	0.5	329.7	10.4	3.0	785.0
0.0	-1.3	307.2	10.4	1.9	785.0
0.0	0.2	317.8	10.4	2.6	785.0
0.0	2.1	237.6	10.4	2.4	785.0
0.0	1.6	332.7	10.5	3.2	785.0
0.0	1.7	339.3	10.5	3.1	785.0
0.0	5.5	150.9	10.5	2.9	785.0
0.9	9.5	236.2	10.5	4.6	785.0
19.2	-0.4	38.1	10.5	2.3	785.0
0.0	-3.8	162.1	10.6	1.9	785.0
0.0	-3.6	269.1	10.6	1.8	785.0
0.0	-4.4	257.0	10.6	1.8	785.0
0.0	-0.3	223.7	10.6	2.3	785.0
12.9	2.1	71.7	10.6	2.0	785.0
1.0	3.0	203.7	10.7	2.9	785.0
4.9	3.5	94.4	10.7	2.4	785.0
0.3	4.6	330.1	10.7	3.5	785.0
0.2	4.3	271.0	10.7	3.1	785.0
5.7	8.6	196.8	10.8	3.6	787.0
50.1	13.2	43.4	10.8	4.1	787.0
12.9	10.7	36.2	10.8	4.9	787.0
0.2	8.0	244.2	10.8	4.1	787.0
0.2	9.7	277.4	10.9	4.6	787.0
0.0	14.3	365.6	10.9	6.1	787.0
0.0	17.3	334.5	10.9	5.9	787.0
4.5	20.0	309.4	10.9	5.6	787.0
0.2	9.0	86.8	11.0	5.4	787.0
0.0	5.9	393.2	11.0	3.7	787.0
0.2	10.9	383.6	11.0	5.4	787.0
11.9	15.6	239.3	11.0	5.5	787.0
23.5	11.2	66.1	11.1	7.0	787.0
8.7	6.8	328.9	11.1	3.2	787.0
32.5	5.8	30.3	11.1	2.2	787.0
0.0	6.2	232.1	11.2	3.9	787.0
0.0	3.8	157.7	11.2	2.2	787.0
0.0	4.3	386.2	11.2	4.1	787.0
7.7	6.5	381.1	11.2	3.9	787.0
1.7	5.1	90.4	11.3	2.5	787.0
0.1	8.0	423.6	11.3	4.9	787.0
0.1	10.5	368.5	11.3	5.9	787.0
2.5	10.8	63.2	11.4	3.8	787.0
1.1	10.5	42.4	11.4	2.4	787.0
0.1	15.3	253.6	11.4	5.7	787.0
0.1	18.0	353.2	11.4	6.9	787.0
9.0	18.0	242.8	11.5	8.0	787.0
26.8	6.0	36.6	11.5	4.0	787.0
0.3	6.3	106.6	11.5	2.3	787.8
0.6	7.0	348.4	11.6	5.2	787.8
0.4	-1.7	359.4	11.6	2.0	787.8
0.0	2.9	487.9	11.6	4.3	787.8
0.0	10.0	475.5	11.7	6.2	787.8
19.5	15.0	53.5	11.7	5.3	787.8
28.6	5.1	17.2	11.7	7.5	787.8
6.7	1.2	135.4	11.7	2.2	787.8
3.6	0.7	67.9	11.8	1.8	787.8
7.7	5.4	275.9	11.8	4.3	787.8
2.8	7.8	157.7	11.8	3.6	787.8
15.3	12.5	60.9	11.9	6.1	787.8
8.2	15.3	59.1	11.9	6.3	787.8
18.7	14.3	343.9	11.9	5.9	787.8
18.6	11.7	38.8	12.0	3.5	787.8
8.0	15.3	116.4	12.0	5.9	787.8
6.9	9.4	63.1	12.0	3.2	787.8
8.4	6.1	36.1	12.1	4.2	787.8
0.6	5.3	300.9	12.1	3.6	787.8
0.4	8.6	432.0	12.1	5.6	787.8
1.9	16.5	209.2	12.1	7.6	787.8
26.8	15.3	49.0	12.2	8.9	787.8
12.8	1.0	49.9	12.2	3.9	787.8
0.0	3.2	487.5	12.2	4.0	787.8
8.7	5.9	373.6	12.3	4.2	787.8
46.1	6.8	43.8	12.3	3.4	787.8
2.1	8.3	110.3	12.3	4.3	787.8
0.4	9.3	516.9	12.4	6.0	787.8
0.1	10.7	548.8	12.4	6.6	787.8
0.0	16.4	499.5	12.4	9.5	787.8
3.1	19.4	429.5	12.4	8.6	787.8
31.0	8.9	40.2	12.5	6.7	788.5
55.4	9.6	80.2	12.5	4.2	788.5
4.9	12.5	97.5	12.5	4.1	788.5
28.6	15.0	60.0	12.6	4.8	788.5
2.3	12.6	114.1	12.6	4.9	788.5
12.6	13.0	77.4	12.6	4.0	788.5
0.1	16.7	237.7	12.7	6.8	788.5
25.3	10.7	145.8	12.7	7.5	788.5
1.0	5.8	114.5	12.7	3.5	788.5
0.0	7.5	389.3	12.7	6.1	788.5
0.0	12.4	570.6	12.8	7.2	788.5
0.2	12.6	289.8	12.8	7.5	788.5
0.1	16.2	430.6	12.8	8.6	788.5
10.0	18.2	364.2	12.9	7.0	788.5
16.9	20.7	91.0	12.9	8.1	788.5
27.1	21.6	122.6	12.9	9.4	788.5
1.2	14.9	61.2	13.0	4.7	788.5
16.6	16.6	270.8	13.0	7.9	788.5
0.8	14.9	82.6	13.0	3.9	788.5
0.0	12.6	406.5	13.0	7.0	788.5
0.0	16.0	414.1	13.1	7.4	788.5
5.6	17.2	120.5	13.1	7.7	788.5
4.2	17.4	70.7	13.1	8.8	788.5
0.0	11.5	621.7	13.1	6.7	788.5
0.0	13.7	306.9	13.2	6.4	788.5
0.0	17.9	629.9	13.2	9.4	788.5
0.0	20.4	611.1	13.2	10.5	788.5
0.0	20.4	204.2	13.3	8.0	788.5
0.0	19.7	208.5	13.3	8.4	788.5
0.0	20.8	451.0	13.3	9.5	788.5
0.2	22.5	581.0	13.3	9.2	789.5
0.8	21.0	147.3	13.4	7.1	789.5
0.2	21.4	487.6	13.4	9.9	789.5
0.1	23.5	586.6	13.4	10.4	789.5
57.0	24.3	174.8	13.4	8.2	789.5
1.7	22.4	54.5	13.5	8.1	789.5
1.6	20.7	142.0	13.5	8.1	789.5
2.6	20.5	214.7	13.5	8.0	789.5
0.0	27.7	598.9	13.5	12.2	789.5
1.1	25.3	268.7	13.6	9.9	789.5
0.2	25.6	441.2	13.6	8.9	789.5
19.6	25.4	362.6	13.6	9.7	789.5
16.6	25.4	208.4	13.6	7.3	789.5
1.4	20.4	103.8	13.6	10.7	789.5
0.2	18.8	462.0	13.7	8.4	789.5
1.9	20.2	126.9	13.7	7.3	789.5
3.2	18.1	92.0	13.7	7.5	789.5
0.1	19.4	535.0	13.7	9.4	789.5
2.3	21.8	577.8	13.7	10.8	789.5
6.1	18.2	108.9	13.8	4.0	789.5
1.0	21.3	84.3	13.8	7.3	789.5
5.2	25.1	406.4	13.8	10.2	789.5
2.5	24.9	637.5	13.8	12.1	789.5
0.0	23.8	625.6	13.8	11.1	789.5
0.0	23.6	137.3	13.9	6.9	789.5
15.5	25.4	446.4	13.9	10.0	789.5
18.9	23.8	95.4	13.9	6.3	789.5
9.5	21.9	68.0	13.9	4.8	789.5
0.9	24.3	368.7	13.9	9.5	789.5
6.2	25.5	156.1	13.9	8.0	789.5
0.0	26.2	608.4	13.9	10.0	789.5
0.0	24.8	646.2	14.0	10.8	788.1
0.1	24.9	579.8	14.0	9.2	788.1
7.4	26.0	298.2	14.0	9.3	788.1
29.0	21.8	26.6	14.0	7.8	788.1
11.7	18.5	42.9	14.0	4.0	788.1
0.3	21.5	570.0	14.0	9.9	788.1
0.0	24.5	613.8	14.0	11.1	788.1
0.0	24.3	569.8	14.0	10.3	788.1
0.0	21.7	374.0	14.0	9.3	788.1
0.0	23.1	617.8	14.0	10.3	788.1
0.0	24.2	650.2	14.1	11.1	788.1
0.0	23.9	447.1	14.1	10.7	788.1
0.0	23.7	538.8	14.1	11.3	788.1
0.0	24.8	635.2	14.1	11.4	788.1
0.0	26.5	635.9	14.1	12.5	788.1
0.0	28.0	659.1	14.1	12.9	788.1
1.4	28.5	554.9	14.1	13.1	788.1
0.0	28.7	634.0	14.1	11.2	788.1
0.1	28.7	624.1	14.1	12.5	788.1
0.0	28.3	490.2	14.1	12.6	788.1
0.0	29.5	668.8	14.1	12.9	788.1
0.2	30.8	638.3	14.1	12.4	788.1
21.9	27.7	341.4	14.1	9.6	788.1
19.3	26.5	236.0	14.1	8.3	788.1
1.5	25.1	121.4	14.1	6.8	788.1
16.1	24.7	162.6	14.1	6.3	788.1
14.4	24.5	53.5	14.1	5.8	788.1
14.8	26.8	338.5	14.1	9.7	788.1
2.4	28.0	448.3	14.1	10.5	788.1
1.5	24.9	244.1	14.1	9.2	788.1
0.5	23.8	341.5	14.1	9.1	784.1
0.0	26.9	591.4	14.0	10.8	784.1
0.0	25.3	307.4	14.0	8.3	784.1
1.9	25.5	317.8	14.0	8.1	784.1
0.9	25.4	193.7	14.0	7.2	784.1
0.8	27.2	418.6	14.0	9.8	784.1
9.3	28.8	505.8	14.0	11.5	784.1
6.6	27.6	332.4	14.0	10.5	784.1
16.1	27.4	389.6	14.0	9.5	784.1
0.7	27.1	194.3	14.0	6.6	784.1
20.9	27.8	376.9	14.0	10.0	784.1
10.4	27.8	535.1	13.9	10.8	784.1
11.5	27.6	449.6	13.9	10.5	784.1
18.5	27.5	380.4	13.9	9.2	784.1
6.7	28.1	478.3	13.9	10.6	784.1
4.4	28.6	551.6	13.9	10.9	784.1
1.8	29.6	593.5	13.9	11.2	784.1
6.6	29.1	387.1	13.9	10.8	784.1
17.3	28.3	274.8	13.8	8.9	784.1
0.3	28.4	212.2	13.8	8.3	784.1
8.1	29.0	384.1	13.8	9.3	784.1
27.9	28.5	379.6	13.8	9.0	784.1
7.9	27.9	154.8	13.8	7.6	784.1
4.4	29.0	400.7	13.7	10.3	784.1
2.5	29.1	451.1	13.7	9.7	784.1
6.9	28.9	544.4	13.7	11.0	784.1
18.3	28.1	492.4	13.7	9.1	784.1
20.4	27.2	325.6	13.7	8.5	784.1
22.3	26.8	382.1	13.6	8.3	784.1
0.2	26.6	408.4	13.6	9.1	784.1
1.8	26.0	277.8	13.6	8.2	784.1
1.4	26.0	263.5	13.6	7.7	783.7
2.2	26.4	264.4	13.6	7.5	783.7
1.4	27.9	290.0	13.5	8.3	783.7
15.4	28.8	536.1	13.5	10.8	783.7
23.1	28.3	437.5	13.5	9.3	783.7
19.2	27.7	352.3	13.5	10.0	783.7
20.5	27.1	430.2	13.4	9.2	783.7
6.5	27.2	528.0	13.4	9.9	783.7
0.4	26.9	440.1	13.4	9.9	783.7
0.1	27.3	586.6	13.4	10.2	783.7
11.5	27.0	541.7	13.3	9.6	783.7
11.5	26.9	150.5	13.3	7.9	783.7
13.8	27.7	403.1	13.3	8.5	783.7
1.8	28.3	378.2	13.3	8.5	783.7
15.0	27.6	461.2	13.2	8.2	783.7
20.5	27.8	460.4	13.2	9.3	783.7
6.2	28.8	554.1	13.2	10.1	783.7
11.1	28.4	529.8	13.2	10.1	783.7
0.0	28.9	578.0	13.1	10.4	783.7
0.0	28.7	583.8	13.1	10.3	783.7
0.0	29.8	552.6	13.1	10.1	783.7
0.1	29.9	435.6	13.1	10.2	783.7
0.2	29.5	466.8	13.0	10.6	783.7
0.3	30.0	533.5	13.0	9.2	783.7
0.3	30.5	518.9	13.0	10.4	783.7
3.1	30.9	493.0	12.9	10.9	783.7
14.8	28.2	420.5	12.9	9.0	783.7
10.0	27.9	434.2	12.9	9.3	783.7
0.0	28.4	556.9	12.9	9.5	783.7
0.2	28.9	546.1	12.8	9.6	783.7
0.1	29.8	537.3	12.8	9.8	783.7
0.1	30.4	537.5	12.8	9.9	786.5
0.2	30.4	441.3	12.7	9.7	786.5
0.2	30.7	482.2	12.7	9.5	786.5
0.1	31.2	481.7	12.7	10.2	786.5
0.0	31.2	528.8	12.7	10.4	786.5
0.0	31.7	512.0	12.6	10.1	786.5
17.0	29.1	322.6	12.6	9.1	786.5
9.7	23.9	185.9	12.6	7.8	786.5
0.1	23.6	512.7	12.5	8.8	786.5
0.2	24.2	541.8	12.5	9.7	786.5
0.1	25.7	460.5	12.5	9.3	786.5
0.1	26.5	529.5	12.4	9.8	786.5
0.0	27.2	484.3	12.4	10.5	786.5
0.0	27.7	517.2	12.4	10.8	786.5
0.0	28.4	518.0	12.4	10.6	786.5
0.0	29.0	512.7	12.3	10.6	786.5
0.0	28.1	507.7	12.3	10.9	786.5
0.0	28.4	230.0	12.3	8.3	786.5
16.0	24.2	74.4	12.2	5.9	786.5
0.4	24.8	422.1	12.2	8.2	786.5
0.0	25.8	469.4	12.2	8.6	786.5
0.0	26.6	432.6	12.1	8.6	786.5
0.0	25.8	412.5	12.1	10.6	786.5
0.0	21.3	361.2	12.1	7.8	786.5
0.0	22.7	488.8	12.1	9.5	786.5
0.0	23.7	502.0	12.0	10.1	786.5
0.0	24.9	404.5	12.0	10.6	786.5
0.0	26.2	461.2	12.0	11.1	786.5
0.0	27.9	458.1	11.9	10.4	786.5
0.0	22.9	413.2	11.9	8.3	786.5
0.0	19.8	346.5	11.9	8.6	787.8
0.0	22.1	488.8	11.8	9.6	787.8
0.0	23.1	481.2	11.8	10.5	787.8
0.0	24.3	479.2	11.8	9.8	787.8
0.0	24.0	455.4	11.8	8.8	787.8
0.0	24.6	459.5	11.7	9.1	787.8
0.0	24.4	459.7	11.7	8.6	787.8
0.0	20.5	447.0	11.7	8.0	787.8
0.0	19.6	459.2	11.6	7.6	787.8
0.0	19.8	305.5	11.6	8.2	787.8
0.0	21.0	456.7	11.6	8.4	787.8
0.0	22.6	443.2	11.5	8.0	787.8
0.0	23.6	423.1	11.5	8.6	787.8
0.0	19.2	441.9	11.5	7.3	787.8
0.0	18.2	441.9	11.5	7.2	787.8
0.0	19.1	425.2	11.4	6.8	787.8
0.0	19.8	397.0	11.4	7.5	787.8
0.0	20.6	426.7	11.4	7.7	787.8
0.0	21.9	415.8	11.3	8.0	787.8
0.0	20.8	419.6	11.3	8.0	787.8
0.0	20.4	422.2	11.3	7.9	787.8
0.0	20.8	421.5	11.3	7.7	787.8
0.0	21.3	411.2	11.2	7.8	787.8
0.0	22.5	401.5	11.2	7.7	787.8
0.0	23.2	391.7	11.2	7.4	787.8
0.0	21.7	389.4	11.1	7.1	787.8
0.0	22.1	389.0	11.1	7.0	787.8
0.0	22.9	382.0	11.1	7.2	787.8
0.2	23.3	374.5	11.1	6.8	787.8
2.5	21.2	58.5	11.0	4.4	787.8
0.0	20.0	261.9	11.0	6.5	787.8
0.0	19.8	370.7	11.0	6.0	789.7
0.1	22.2	254.7	11.0	6.0	789.7
0.1	17.9	207.5	10.9	5.5	789.7
0.0	15.9	277.2	10.9	5.2	789.7
1.5	19.6	274.9	10.9	6.2	789.7
0.0	18.0	349.2	10.8	6.2	789.7
4.9	19.3	286.4	10.8	6.3	789.7
2.0	16.5	29.6	10.8	2.4	789.7
0.2	19.2	161.0	10.8	4.8	789.7
1.8	19.8	290.3	10.7	6.0	789.7
0.0	15.2	338.4	10.7	3.6	789.7
0.0	13.2	81.9	10.7	3.6	789.7
0.0	14.6	165.0	10.7	4.5	789.7
0.0	17.4	282.3	10.7	5.4	789.7
5.9	18.5	280.1	10.6	6.9	789.7
0.6	5.7	95.8	10.6	3.6	789.7
0.0	6.1	349.7	10.6	3.0	789.7
0.0	7.9	305.8	10.6	3.9	789.7
0.0	10.8	343.6	10.5	5.0	789.7
0.0	13.4	338.5	10.5	5.5	789.7
0.0	15.0	322.3	10.5	5.6	789.7
0.0	17.0	315.1	10.5	5.7	789.7
0.0	10.4	319.3	10.5	4.5	789.7
0.0	10.1	327.5	10.5	4.2	789.7
0.0	12.3	151.6	10.4	4.6	789.7
0.0	14.1	315.7	10.4	5.5	789.7
0.0	11.5	324.5	10.4	4.5	789.7
0.0	13.5	318.5	10.4	5.3	789.7
0.0	15.2	306.5	10.4	5.7	789.7
0.0	16.7	298.0	10.4	5.6	789.7
0.0	15.6	288.6	10.3	5.3	792.7
0.0	16.0	305.1	10.3	5.4	792.7
0.0	17.0	261.8	10.3	5.4	792.7
0.0	18.3	300.3	10.3	5.6	792.7
0.0	19.3	292.5	10.3	5.5	792.7
0.1	20.4	244.1	10.3	5.6	792.7
4.6	15.1	107.3	10.3	6.8	792.7
0.2	1.6	31.5	10.3	2.1	792.7
0.0	-1.1	242.7	10.2	1.9	792.7
0.0	1.0	313.9	10.2	2.6	792.7
0.0	2.4	306.4	10.2	3.4	792.7
0.0	-1.6	315.4	10.2	2.1	792.7
0.0	-0.6	315.0	10.2	2.5	792.7
0.0	2.8	306.9	10.2	3.2	792.7
1.5	7.3	113.8	10.2	3.4	792.7
0.0	5.4	260.1	10.2	3.4	792.7
0.0	6.5	312.0	10.2	3.2	792.7
0.0	6.5	298.5	10.2	3.7	792.7
0.0	8.2	299.4	10.2	4.3	792.7
0.0	10.0	202.5	10.2	4.5	792.7
0.0	7.9	301.1	10.2	3.7	792.7
0.0	8.9	286.9	10.2	3.9	792.7
0.0	11.5	289.2	10.2	4.8	792.7
0.0	14.3	289.3	10.2	5.2	792.7
0.0	11.8	231.0	10.2	4.9	792.7
0.0	8.5	276.7	10.2	2.9	792.7
0.0	10.3	294.1	10.2	4.1	792.7
0.0	14.9	298.2	10.2	5.8	792.7
1.3	18.0	230.8	10.2	5.0	792.7
0.0	13.5	287.2	10.2	4.9	792.7
0.0	5.0	289.0	10.2	3.6	792.7
0.0	2.6	309.4	10.2	2.5	796.8
0.0	4.8	303.1	10.2	3.7	796.8
0.0	0.8	310.0	10.2	2.6	796.8
0.0	3.1	312.1	10.2	3.2	796.8
0.0	8.3	304.8	10.3	4.5	796.8
0.0	11.6	304.0	10.3	5.2	796.8
1.5	15.0	286.3	10.3	5.6	796.8
10.9	11.2	44.3	10.3	2.4	796.8
9.7	5.6	28.1	10.3	2.9	796.8
0.0	5.9	311.3	10.3	3.2	796.8
0.1	11.6	307.7	10.3	4.5	796.8
6.2	16.3	285.0	10.3	6.3	796.8
21.1	1.1	18.5	10.4	2.8	796.8
0.0	-1.1	309.3	10.4	1.9	796.8
0.0	1.1	191.9	10.4	2.0	796.8
0.0	-1.1	83.3	10.4	2.0	796.8
6.2	3.2	300.6	10.4	3.0	796.8
4.4	3.8	28.0	10.4	1.3	796.8
0.4	4.0	87.9	10.5	2.2	796.8
0.0	2.4	322.8	10.5	3.0	796.8
0.0	4.7	299.0	10.5	3.5	796.8
0.0	4.5	338.4	10.5	3.7	796.8
0.0	5.0	338.4	10.5	3.7	796.8
0.0	6.6	346.7	10.6	4.3	796.8
0.0	8.5	339.7	10.6	4.4	796.8
0.3	7.1	187.5	10.6	3.9	796.8
0.0	5.8	363.2	10.6	4.1	796.8
0.0	6.8	369.0	10.7	4.8	796.8
0.0	6.0	306.0	10.7	5.0	796.8
0.0	1.0	373.4	10.7	2.7	796.8
0.0	6.0	349.4	10.7	4.4	796.8
0.0	6.8	376.7	10.7	4.3	798.8
0.0	10.3	366.9	10.8	6.0	798.8
0.0	9.0	264.5	10.8	4.5	798.8
0.0	13.7	359.7	10.8	6.4	798.8
0.0	9.7	183.8	10.8	4.5	798.8
0.0	12.1	335.3	10.9	6.1	798.8
0.0	6.8	342.8	10.9	3.8	798.8
9.7	8.9	369.4	10.9	4.6	798.8
11.0	7.5	55.6	11.0	2.7	798.8
0.0	7.4	383.0	11.0	4.4	798.8
0.0	9.6	321.2	11.0	5.2	798.8
0.8	10.6	157.3	11.0	4.4	798.8
8.9	9.9	45.7	11.1	1.6	798.8
5.5	13.6	171.9	11.1	3.8	798.8
1.1	9.5	92.7	11.1	4.8	798.8
0.2	10.6	344.3	11.1	5.4	798.8
0.0	13.9	383.4	11.2	6.2	798.8
0.0	15.1	403.1	11.2	6.3	798.8
0.0	11.4	423.7	11.2	5.5	798.8
0.3	15.6	343.1	11.3	6.8	798.8
0.0	16.2	150.6	11.3	5.3	798.8
0.0	21.0	414.8	11.3	8.8	798.8
0.0	22.4	420.1	11.3	8.7	798.8
0.0	23.2	426.9	11.4	9.3	798.8
2.0	19.9	429.8	11.4	10.9	798.8
0.4	12.6	435.1	11.4	5.3	798.8
4.2	11.5	71.0	11.5	4.3	798.8
14.4	13.3	310.6	11.5	5.9	798.8
37.2	9.3	26.1	11.5	2.6	799.7
14.9	10.3	20.0	11.6	2.9	799.7
7.0	14.0	73.9	11.6	3.9	799.7
0.1	18.4	181.2	11.6	6.8	799.7
1.1	20.2	300.4	11.6	7.3	799.7
0.1	22.1	402.6	11.7	8.4	799.7
7.2	22.0	273.7	11.7	10.1	799.7
6.7	6.6	31.8	11.7	4.2	799.7
5.2	5.2	37.8	11.8	1.5	799.7
12.4	8.1	48.3	11.8	3.3	799.7
0.4	8.7	92.5	11.8	3.3	799.7
0.0	15.7	446.2	11.9	7.2	799.7
1.9	20.6	432.1	11.9	8.5	799.7
0.4	16.1	157.0	11.9	5.2	799.7
0.0	22.8	486.0	12.0	8.7	799.7
8.7	15.7	411.9	12.0	11.6	799.7
0.5	5.8	176.8	12.0	2.9	799.7
7.8	10.8	93.9	12.0	4.7	799.7
7.2	9.8	68.3	12.1	4.5	799.7
0.1	15.2	420.9	12.1	7.4	799.7
7.9	20.2	319.3	12.1	8.1	799.7
1.5	17.2	125.4	12.2	4.7	799.7
14.1	19.5	251.2	12.2	10.2	799.7
15.3	12.1	77.5	12.2	4.6	799.7
30.6	12.2	75.6	12.3	6.5	799.7
35.8	9.3	37.2	12.3	2.4	799.7
8.3	11.4	103.2	12.3	4.6	799.7
8.0	13.5	72.0	12.4	6.0	799.7
5.4	9.1	41.8	12.4	2.4	799.7
0.0	10.9	339.7	12.4	5.3	799.7
0.0	10.9	429.5	12.4	5.7	799.7
0.6	15.9	494.2	12.5	8.2	800.3
0.3	20.5	511.8	12.5	8.6	800.3
12.5	18.8	114.6	12.5	6.8	800.3
33.5	21.4	403.3	12.6	9.0	800.3
19.7	16.8	144.1	12.6	8.5	800.3
0.0	16.4	527.8	12.6	7.4	800.3
7.2	16.8	179.4	12.7	5.5	800.3
16.0	18.1	95.0	12.7	8.8	800.3
0.1	16.3	489.1	12.7	8.0	800.3
0.0	18.6	494.8	12.7	9.0	800.3
0.0	15.7	459.1	12.8	6.6	800.3
0.0	19.8	204.1	12.8	7.3	800.3
1.8	22.6	218.8	12.8	6.7	800.3
10.9	23.8	433.2	12.9	9.1	800.3
4.3	18.2	69.5	12.9	9.8	800.3
1.1	11.0	234.8	12.9	5.8	800.3
0.0	14.1	613.0	12.9	7.2	800.3
7.9	17.7	363.4	13.0	7.7	800.3
65.6	16.1	89.7	13.0	8.9	800.3
0.0	11.7	604.1	13.0	7.7	800.3
0.0	11.3	621.5	13.1	7.1	800.3
2.1	15.1	502.6	13.1	7.5	800.3
10.4	15.3	97.6	13.1	5.8	800.3
0.1	15.8	304.2	13.1	8.2	800.3
0.0	20.1	590.8	13.2	10.7	800.3
0.8	19.9	140.9	13.2	7.8	800.3
0.0	20.2	508.9	13.2	10.3	800.3
0.0	16.4	632.4	13.2	9.3	800.3
0.0	18.4	640.3	13.3	10.4	800.3
0.0	20.4	636.0	13.3	10.6	800.3
0.0	23.4	424.8	13.3	9.4	801.4
0.5	26.7	490.9	13.4	10.2	801.4
22.4	24.9	497.8	13.4	13.0	801.4
1.2	16.8	125.3	13.4	7.1	801.4
33.6	17.9	601.9	13.4	9.5	801.4
10.5	18.6	58.5	13.5	7.2	801.4
0.1	19.9	515.9	13.5	9.3	801.4
33.7	18.3	270.0	13.5	6.9	801.4
32.5	17.1	38.6	13.5	4.1	801.4
3.4	16.3	70.7	13.5	2.7	801.4
1.7	18.2	140.1	13.6	5.8	801.4
8.3	22.1	380.9	13.6	8.9	801.4
22.4	19.9	93.6	13.6	8.9	801.4
0.0	19.0	624.8	13.6	9.3	801.4
0.1	21.2	450.3	13.7	9.8	801.4
0.0	23.8	612.6	13.7	10.8	801.4
0.2	25.4	460.3	13.7	11.4	801.4
10.0	25.2	139.4	13.7	6.4	801.4
1.8	23.7	110.9	13.7	10.4	801.4
40.3	17.9	342.5	13.8	10.2	801.4
4.5	14.4	96.2	13.8	5.5	801.4
0.1	20.7	622.1	13.8	10.3	801.4
46.4	24.2	350.3	13.8	10.5	801.4
7.6	25.9	194.6	13.8	6.9	801.4
0.8	26.2	495.9	13.8	11.9	801.4
13.5	23.7	480.9	13.9	8.1	801.4
28.8	25.2	117.1	13.9	7.6	801.4
0.4	25.3	220.8	13.9	9.1	801.4
0.0	20.9	505.6	13.9	10.3	801.4
14.6	18.3	284.3	13.9	8.1	801.4
0.8	24.4	314.0	13.9	12.0	801.4
8.7	27.5	502.3	14.0	10.1	799.9
0.0	27.7	523.6	14.0	9.3	799.9
0.0	29.6	582.7	14.0	9.7	799.9
5.4	29.6	563.4	14.0	12.2	799.9
34.0	27.7	445.2	14.0	11.7	799.9
3.9	22.7	142.2	14.0	6.6	799.9
22.6	22.9	113.4	14.0	7.6	799.9
1.0	19.8	204.7	14.0	6.1	799.9
0.4	22.8	628.5	14.0	10.4	799.9
0.0	26.0	638.2	14.0	11.2	799.9
1.1	27.2	366.5	14.0	9.4	799.9
34.8	25.8	164.1	14.1	7.4	799.9
20.4	25.7	161.0	14.1	7.6	799.9
1.2	24.0	259.2	14.1	8.6	799.9
0.0	23.0	509.6	14.1	10.3	799.9
0.4	26.0	577.7	14.1	9.3	799.9
0.0	26.2	676.4	14.1	12.5	799.9
0.0	26.1	613.2	14.1	11.0	799.9
0.0	27.0	354.4	14.1	10.5	799.9
5.8	27.0	293.1	14.1	11.6	799.9
0.1	23.1	452.9	14.1	9.1	799.9
0.0	24.9	669.2	14.1	11.7	799.9
0.0	26.6	658.6	14.1	11.8	799.9
0.0	27.9	626.6	14.1	11.8	799.9
0.0	28.8	556.8	14.1	11.3	799.9
1.0	29.4	522.1	14.1	11.9	799.9
15.7	26.6	154.6	14.1	9.5	799.9
15.6	25.8	167.3	14.1	6.3	799.9
3.0	27.7	562.7	14.1	10.9	799.9
5.2	28.5	616.2	14.1	11.5	799.9
8.3	28.6	537.4	14.1	10.2	795.9
6.7	29.1	565.4	14.0	10.5	795.9
8.9	28.1	261.8	14.0	9.4	795.9
5.5	29.2	399.3	14.0	9.7	795.9
0.0	28.7	348.8	14.0	9.8	795.9
0.1	29.6	357.8	14.0	9.5	795.9
0.1	30.7	524.0	14.0	11.0	795.9
0.0	30.8	406.4	14.0	9.4	795.9
0.1	31.5	560.4	14.0	11.1	795.9
3.5	31.3	632.3	14.0	12.6	795.9
7.5	30.3	627.4	14.0	11.0	795.9
7.4	29.7	578.8	13.9	11.5	795.9
0.0	29.9	611.9	13.9	11.2	795.9
0.0	29.9	637.3	13.9	10.8	795.9
0.0	30.5	601.1	13.9	10.6	795.9
0.1	30.4	586.2	13.9	11.3	795.9
0.1	30.3	622.2	13.9	11.5	795.9
0.0	31.2	637.5	13.9	11.6	795.9
4.4	31.3	631.1	13.8	11.6	795.9
5.7	29.8	578.3	13.8	10.4	795.9
11.3	29.3	538.5	13.8	9.8	795.9
19.3	28.6	356.2	13.8	9.2	795.9
9.1	27.8	386.7	13.8	9.5	795.9
10.0	28.0	528.3	13.8	9.8	795.9
13.3	27.7	430.4	13.7	9.3	795.9
0.4	27.9	340.3	13.7	9.2	795.9
0.5	28.8	511.7	13.7	9.4	795.9
2.9	29.1	610.7	13.7	11.0	795.9
13.6	28.1	514.3	13.7	10.4	795.9
11.9	28.1	471.4	13.6	9.3	795.9
8.0	28.6	518.9	13.6	10.4	795.9
7.2	29.0	543.0	13.6	9.6	795.6
8.1	29.8	597.1	13.6	10.7	795.6
0.0	29.7	609.4	13.5	11.2	795.6
0.5	29.5	594.1	13.5	10.0	795.6
0.6	29.5	549.2	13.5	9.9	795.6
0.6	29.3	514.9	13.5	9.2	795.6
0.8	29.4	517.5	13.4	9.1	795.6
1.0	28.9	467.7	13.4	9.4	795.6
8.6	27.5	430.1	13.4	8.1	795.6
10.1	27.1	368.8	13.4	8.3	795.6
9.6	26.4	252.5	13.4	7.5	795.6
1.0	27.2	401.2	13.3	8.7	795.6
0.7	28.0	506.7	13.3	9.1	795.6
0.2	28.4	558.7	13.3	9.5	795.6
0.2	28.2	533.4	13.2	9.6	795.6
0.8	28.9	510.4	13.2	9.0	795.6
1.2	28.9	237.2	13.2	7.1	795.6
8.9	27.7	212.2	13.2	9.0	795.6
1.1	27.3	199.7	13.1	5.5	795.6
0.7	28.2	387.8	13.1	8.8	795.6
0.4	28.0	359.5	13.1	9.2	795.6
0.0	29.4	576.9	13.1	10.3	795.6
0.0	29.9	490.7	13.0	10.3	795.6
24.0	28.2	377.2	13.0	10.2	795.6
16.2	27.7	351.9	13.0	8.9	795.6
11.8	27.9	480.5	12.9	9.5	795.6
6.8	27.9	495.1	12.9	9.8	795.6
0.2	28.6	554.7	12.9	9.6	795.6
0.2	29.4	548.0	12.9	9.9	795.6
0.1	30.0	501.5	12.8	9.8	795.6
0.1	30.7	531.6	12.8	10.4	795.6
7.9	29.3	523.4	12.8	10.7	798.4
9.5	28.1	528.5	12.7	10.2	798.4
13.4	27.3	482.1	12.7	7.9	798.4
8.7	26.3	219.2	12.7	6.7	798.4
1.1	25.0	82.2	12.7	5.3	798.4
0.1	25.1	267.9	12.6	7.6	798.4
0.0	26.9	490.2	12.6	8.6	798.4
7.3	27.7	343.6	12.6	8.7	798.4
10.1	27.8	464.1	12.5	8.4	798.4
5.6	28.2	468.9	12.5	8.7	798.4
1.5	28.5	462.4	12.5	9.4	798.4
13.7	27.3	416.3	12.5	8.5	798.4
8.1	27.2	325.8	12.4	7.1	798.4
19.9	25.7	217.9	12.4	7.4	798.4
0.8	26.8	413.2	12.4	8.3	798.4
2.6	27.5	417.6	12.3	8.9	798.4
10.1	26.6	393.7	12.3	8.2	798.4
15.3	26.2	365.9	12.3	7.9	798.4
8.3	25.3	257.5	12.2	6.8	798.4
23.9	21.0	20.0	12.2	5.8	798.4
15.6	19.8	30.6	12.2	1.8	798.4
1.4	22.2	38.4	12.2	5.1	798.4
1.0	24.1	111.8	12.1	5.5	798.4
0.9	24.3	228.0	12.1	5.7	798.4
2.0	24.1	98.4	12.1	4.7	798.4
0.9	23.9	134.9	12.0	5.1	798.4
0.3	22.5	228.2	12.0	7.0	798.4
0.0	22.1	439.1	12.0	7.4	798.4
0.3	23.5	403.0	11.9	8.0	798.4
0.0	25.7	463.7	11.9	8.0	798.4
9.4	26.0	186.1	11.9	6.7	799.8
15.2	25.6	145.6	11.9	5.3	799.8
9.6	21.2	23.7	11.8	6.0	799.8
5.7	18.2	28.5	11.8	3.9	799.8
0.9	18.0	80.7	11.8	3.3	799.8
3.0	21.6	222.4	11.7	7.0	799.8
1.4	16.3	72.3	11.7	3.5	799.8
0.0	17.8	207.8	11.7	4.9	799.8
0.0	17.7	454.7	11.6	6.5	799.8
0.0	16.3	416.4	11.6	6.5	799.8
0.0	19.1	447.5	11.6	7.2	799.8
0.0	21.4	327.0	11.6	6.9	799.8
0.1	21.3	244.2	11.5	6.9	799.8
0.0	18.0	320.1	11.5	6.6	799.8
0.0	17.3	439.7	11.5	6.3	799.8
0.0	19.1	388.4	11.4	6.6	799.8
0.0	21.1	404.5	11.4	7.6	799.8
0.0	22.2	418.0	11.4	7.6	799.8
0.0	23.0	397.7	11.3	7.5	799.8
0.0	23.1	241.9	11.3	6.9	799.8
0.0	23.6	400.6	11.3	7.3	799.8
0.0	22.5	134.3	11.3	4.9	799.8
11.2	20.7	37.7	11.2	4.2	799.8
26.8	18.3	16.8	11.2	2.4	799.8
0.6	18.0	198.8	11.2	5.6	799.8
0.2	18.0	300.1	11.1	5.7	799.8
0.1	18.2	359.5	11.1	6.3	799.8
0.0	13.0	405.8	11.1	4.9	799.8
0.0	14.3	396.4	11.1	5.1	799.8
0.0	16.3	386.8	11.0	5.3	799.8
0.3	17.0	300.1	11.0	5.2	799.8
0.0	17.4	374.1	11.0	4.8	801.6
0.0	17.9	236.1	11.0	5.4	801.6
1.1	19.9	241.8	10.9	6.0	801.6
2.2	21.3	75.9	10.9	4.0	801.6
7.4	24.3	275.1	10.9	5.5	801.6
22.1	15.1	18.1	10.9	6.7	801.6
0.0	11.3	361.5	10.8	3.8	801.6
0.0	12.7	357.5	10.8	4.6	801.6
0.1	14.6	341.5	10.8	5.0	801.6
0.2	16.3	300.6	10.8	5.2	801.6
0.0	15.4	347.7	10.7	5.5	801.6
0.0	15.3	355.3	10.7	5.2	801.6
0.0	13.5	350.4	10.7	4.5	801.6
0.0	14.6	341.5	10.7	4.6	801.6
0.0	14.6	336.1	10.6	4.5	801.6
0.2	13.7	112.9	10.6	3.8	801.6
0.0	12.6	340.3	10.6	4.4	801.6
0.0	12.0	342.2	10.6	5.0	801.6
0.0	12.4	346.7	10.6	5.4	801.6
0.0	13.5	345.8	10.5	5.8	801.6
0.0	15.3	336.0	10.5	5.7	801.6
0.0	14.8	331.3	10.5	5.0	801.6
0.0	16.6	319.9	10.5	5.8	801.6
0.0	17.2	232.4	10.5	4.9	801.6
0.0	13.1	129.0	10.4	3.9	801.6
0.0	13.6	316.9	10.4	4.7	801.6
0.0	14.3	318.5	10.4	5.4	801.6
0.0	15.5	320.6	10.4	5.5	801.6
2.4	14.9	231.7	10.4	4.3	801.6
0.0	12.6	304.6	10.4	4.1	801.6
0.0	13.5	210.0	10.3	4.9	804.7
0.0	11.9	320.6	10.3	4.7	804.7
0.0	13.9	307.0	10.3	5.7	804.7
0.0	16.8	302.2	10.3	5.8	804.7
0.0	18.9	293.4	10.3	5.9	804.7
0.0	19.9	252.8	10.3	5.6	804.7
0.6	19.4	92.1	10.3	4.0	804.7
10.6	14.5	67.5	10.3	4.3	804.7
15.8	4.9	19.8	10.2	2.4	804.7
0.2	3.3	106.6	10.2	2.0	804.7
0.0	5.3	217.8	10.2	2.4	804.7
2.7	7.0	153.7	10.2	2.3	804.7
0.9	6.0	108.4	10.2	2.3	804.7
12.2	9.0	190.2	10.2	2.8	804.7
18.8	7.3	55.4	10.2	3.7	804.7
0.0	-5.0	147.1	10.2	1.7	804.7
0.0	-5.6	312.3	10.2	1.3	804.7
0.0	0.0	309.1	10.2	2.4	804.7
0.0	-1.0	229.6	10.2	1.6	804.7
0.0	-0.7	305.6	10.2	2.0	804.7
0.0	2.6	298.6	10.2	3.2	804.7
0.0	7.0	238.5	10.2	3.8	804.7
0.0	1.8	102.0	10.2	2.1	804.7
0.0	1.5	305.6	10.2	2.4	804.7
0.9	3.5	304.2	10.2	2.8	804.7
0.4	3.5	52.0	10.2	2.7	804.7
0.0	3.2	303.0	10.2	2.7	804.7
1.5	7.9	239.1	10.2	3.8	804.7
0.0	7.2	294.5	10.2	2.9	804.7
0.0	6.7	110.3	10.2	3.2	804.7
0.0	8.7	299.3	10.2	4.4	804.7
0.0	9.5	174.6	10.2	4.2	808.8
15.9	8.5	76.4	10.2	2.7	808.8
0.2	3.7	85.9	10.2	2.5	808.8
0.0	2.5	312.0	10.2	2.5	808.8
0.0	4.4	314.9	10.3	3.5	808.8
0.0	6.8	310.6	10.3	4.1	808.8
0.0	4.9	296.4	10.3	3.0	808.8
0.0	5.1	310.3	10.3	3.0	808.8
0.0	5.5	319.5	10.3	3.0	808.8
0.0	2.9	322.6	10.3	2.4	808.8
0.0	3.2	322.1	10.3	3.1	808.8
0.0	4.9	320.7	10.3	3.7	808.8
0.0	8.2	303.1	10.4	4.2	808.8
0.0	5.6	253.2	10.4	3.5	808.8
0.0	2.1	336.6	10.4	2.8	808.8
0.0	4.4	338.3	10.4	3.8	808.8
0.0	7.3	307.6	10.4	4.4	808.8
0.0	9.5	332.5	10.4	4.9	808.8
0.0	9.9	263.7	10.5	4.2	808.8
0.0	10.8	332.0	10.5	4.8	808.8
0.0	13.0	334.1	10.5	5.6	808.8
0.1	9.3	208.9	10.5	4.5	808.8
0.0	11.4	352.0	10.5	4.7	808.8
0.0	14.0	348.8	10.6	5.9	808.8
0.0	14.7	359.5	10.6	6.8	808.8
0.0	15.9	351.1	10.6	6.6	808.8
0.0	9.3	333.6	10.6	4.7	808.8
0.0	8.4	258.1	10.6	4.4	808.8
0.0	14.3	353.1	10.7	6.4	808.8
3.2	18.3	288.4	10.7	6.7	808.8
12.6	8.2	29.0	10.7	5.4	808.8
0.0	6.4	364.6	10.7	3.0	810.8
19.3	6.2	43.5	10.8	2.5	810.8
1.8	5.1	32.7	10.8	1.5	810.8
15.7	7.2	66.0	10.8	2.2	810.8
20.1	5.0	26.2	10.8	2.5	810.8
0.0	0.7	254.0	10.9	2.5	810.8
0.0	-1.6	388.0	10.9	2.5	810.8
0.0	-2.8	395.7	10.9	2.3	810.8
0.0	-2.6	388.2	10.9	2.3	810.8
0.0	0.2	396.0	11.0	3.2	810.8
0.0	3.4	408.3	11.0	4.4	810.8
0.0	8.2	373.5	11.0	5.0	810.8
0.0	11.4	405.3	11.1	6.2	810.8
0.0	16.4	343.9	11.1	7.2	810.8
1.1	19.7	267.9	11.1	6.8	810.8
6.8	13.0	222.3	11.1	7.7	810.8
27.5	5.4	29.8	11.2	2.2	810.8
0.4	4.6	57.7	11.2	1.6	810.8
0.1	6.9	381.6	11.2	4.3	810.8
6.3	11.2	341.7	11.3	5.6	810.8
0.6	8.1	212.4	11.3	4.6	810.8
0.9	0.9	368.9	11.3	3.5	810.8
0.0	2.8	452.0	11.3	3.8	810.8
0.0	10.4	449.1	11.4	6.8	810.8
0.0	13.0	431.9	11.4	6.5	810.8
0.0	15.1	428.9	11.4	7.4	810.8
0.0	18.3	434.0	11.5	8.3	810.8
0.3	19.6	310.3	11.5	8.1	810.8
0.0	23.4	436.3	11.5	9.0	811.7
10.4	9.6	57.1	11.5	8.8	811.7
7.6	2.9	84.0	11.6	2.1	811.7
1.7	6.5	404.9	11.6	4.2	811.7
0.6	6.1	174.9	11.6	3.8	811.7
0.2	8.5	416.6	11.7	5.5	811.7
0.0	11.3	468.7	11.7	6.1	811.7
0.0	6.2	499.3	11.7	4.7	811.7
0.0	6.4	503.7	11.8	5.3	811.7
0.0	11.5	491.2	11.8	7.1	811.7
0.0	13.5	385.4	11.8	7.8	811.7
0.0	17.6	480.9	11.9	8.7	811.7
0.0	20.0	451.3	11.9	8.8	811.7
23.9	14.4	269.7	11.9	11.0	811.7
0.0	6.0	253.7	11.9	4.3	811.7
0.0	6.5	508.2	12.0	4.6	811.7
0.9	10.3	215.0	12.0	5.5	811.7
7.3	13.2	103.0	12.0	4.9	811.7
1.9	17.1	111.8	12.1	6.4	811.7
41.1	13.2	29.0	12.1	7.1	811.7
21.5	5.9	49.3	12.1	3.9	811.7
0.0	7.4	487.8	12.2	4.9	811.7
7.3	10.2	220.0	12.2	4.7	811.7
10.1	10.3	63.4	12.2	4.0	811.7
0.1	10.1	291.4	12.3	5.8	811.7
0.0	8.9	549.9	12.3	6.0	811.7
0.0	10.9	531.3	12.3	6.7	811.7
2.3	10.4	130.6	12.3	3.9	811.7
0.0	10.5	563.1	12.4	6.6	811.7
0.0	14.1	563.3	12.4	8.0	811.7
0.0	18.9	540.8	12.4	9.7	811.7
0.0	19.5	355.4	12.5	7.7	812.4
0.0	22.2	504.9	12.5	10.3	812.4
0.5	24.1	517.7	12.5	12.2	812.4
16.3	13.1	74.5	12.6	6.6	812.4
0.5	12.6	343.2	12.6	6.5	812.4
0.0	17.1	531.7	12.6	8.6	812.4
0.0	19.3	575.4	12.6	9.5	812.4
0.0	21.6	562.5	12.7	10.9	812.4
0.1	21.4	552.9	12.7	8.7	812.4
24.3	23.3	272.7	12.7	9.5	812.4
15.5	21.0	152.4	12.8	7.4	812.4
11.2	21.8	284.9	12.8	8.1	812.4
0.6	19.2	527.1	12.8	13.0	812.4
0.0	15.5	553.8	12.9	7.9	812.4
1.5	19.1	170.0	12.9	7.1	812.4
4.4	22.2	231.0	12.9	9.0	812.4
4.1	14.1	45.9	12.9	6.4	812.4
21.5	14.5	65.1	13.0	6.7	812.4
38.8	12.0	58.7	13.0	2.5	812.4
3.3	12.0	77.6	13.0	3.8	812.4
0.7	13.0	115.0	13.1	4.6	812.4
0.5	16.4	488.0	13.1	7.5	812.4
0.0	15.1	214.7	13.1	6.1	812.4
1.3	18.6	458.7	13.1	8.5	812.4
38.0	18.0	66.6	13.2	6.2	812.4
0.4	15.0	143.5	13.2	5.1	812.4
0.6	17.8	407.9	13.2	7.5	812.4
28.5	19.7	386.0	13.2	8.4	812.4
8.6	19.2	109.2	13.3	7.1	812.4
5.1	21.2	578.5	13.3	9.6	812.4
27.6	13.0	39.3	13.3	7.2	813.5
6.5	12.3	60.0	13.3	3.9	813.5
0.0	15.7	336.0	13.4	7.4	813.5
0.0	15.5	390.8	13.4	8.7	813.5
0.0	16.0	608.9	13.4	8.6	813.5
0.0	17.2	473.9	13.4	7.9	813.5
0.0	21.1	399.7	13.5	9.5	813.5
15.9	21.5	244.7	13.5	7.7	813.5
8.7	21.4	129.6	13.5	6.2	813.5
12.7	19.9	348.8	13.5	11.1	813.5
0.0	18.6	651.8	13.6	10.0	813.5
0.0	20.4	565.1	13.6	10.5	813.5
11.7	23.2	331.2	13.6	10.2	813.5
1.7	19.0	162.1	13.6	9.0	813.5
0.1	19.9	637.7	13.7	10.4	813.5
0.0	22.4	616.8	13.7	11.2	813.5
5.7	22.9	317.3	13.7	9.0	813.5
48.5	22.7	31.4	13.7	5.7	813.5
35.9	19.5	93.6	13.7	9.3	813.5
0.0	18.9	529.1	13.8	8.3	813.5
0.0	16.0	333.1	13.8	7.7	813.5
0.0	17.1	295.3	13.8	6.8	813.5
0.8	19.3	156.6	13.8	7.6	813.5
0.9	22.4	344.8	13.8	8.9	813.5
12.7	24.7	537.7	13.8	9.3	813.5
16.8	25.0	466.2	13.9	9.6	813.5
42.8	25.5	532.0	13.9	9.6	813.5
32.4	21.4	190.6	13.9	10.2	813.5
0.0	20.9	574.7	13.9	9.4	813.5
0.0	20.7	598.9	13.9	10.9	813.5
0.0	21.9	283.3	13.9	8.9	813.5
0.0	23.8	585.3	13.9	11.8	812.0
0.0	25.5	665.7	14.0	12.7	812.0
0.2	26.3	635.8	14.0	12.0	812.0
0.0	26.6	590.9	14.0	11.6	812.0
0.0	25.8	465.4	14.0	9.8	812.0
7.4	25.6	354.9	14.0	9.9	812.0
11.8	22.8	60.0	14.0	4.9	812.0
7.3	25.3	463.7	14.0	9.1	812.0
0.6	26.9	571.9	14.0	10.1	812.0
0.2	27.8	627.1	14.0	11.7	812.0
9.0	27.3	588.2	14.0	11.4	812.0
15.2	26.6	445.4	14.1	9.4	812.0
1.8	26.4	197.1	14.1	7.6	812.0
1.7	26.3	347.5	14.1	9.3	812.0
0.1	25.2	516.2	14.1	9.1	812.0
0.2	24.3	342.4	14.1	8.0	812.0
0.2	23.3	326.0	14.1	8.7	812.0
0.2	25.0	573.5	14.1	9.8	812.0
0.7	25.3	358.8	14.1	9.7	812.0
0.4	24.3	260.6	14.1	8.4	812.0
0.2	23.2	389.8	14.1	9.6	812.0
0.0	23.2	664.1	14.1	10.5	812.0
0.0	24.1	635.5	14.1	11.1	812.0
0.0	25.3	673.2	14.1	11.8	812.0
0.1	26.6	529.5	14.1	10.2	812.0
0.1	28.2	634.4	14.1	12.0	812.0
0.1	29.1	657.0	14.1	12.7	812.0
0.0	29.9	659.2	14.1	12.7	812.0
0.3	31.0	650.7	14.1	12.7	812.0
4.1	30.4	587.0	14.1	12.2	812.0
4.5	30.2	534.3	14.1	11.2	808.0
1.3	29.3	328.5	14.0	10.1	808.0
36.9	27.1	272.6	14.0	8.3	808.0
10.2	26.4	249.5	14.0	8.3	808.0
6.2	25.5	225.3	14.0	7.6	808.0
5.8	26.7	496.5	14.0	10.1	808.0
3.7	27.7	632.1	14.0	11.1	808.0
15.6	28.0	618.4	14.0	9.9	808.0
23.4	28.1	571.3	14.0	9.4	808.0
11.7	27.9	507.9	14.0	9.9	808.0
16.4	27.9	431.0	14.0	10.1	808.0
13.9	27.8	409.8	13.9	9.3	808.0
0.0	28.9	521.0	13.9	11.0	808.0
0.0	28.6	433.1	13.9	10.6	808.0
4.6	28.7	516.7	13.9	10.4	808.0
0.7	29.2	536.4	13.9	10.3	808.0
0.2	28.8	523.3	13.9	10.3	808.0
0.8	29.1	513.6	13.9	9.5	808.0
22.0	28.0	420.4	13.8	9.2	808.0
1.3	28.0	331.6	13.8	8.8	808.0
7.9	27.8	573.0	13.8	11.0	808.0
8.0	26.6	587.0	13.8	10.7	808.0
10.5	27.1	586.3	13.8	10.3	808.0
11.0	27.4	553.9	13.8	10.5	808.0
4.4	28.0	587.6	13.7	11.1	808.0
2.5	29.5	627.2	13.7	11.7	808.0
2.3	29.5	630.0	13.7	11.1	808.0
0.1	30.5	615.3	13.7	11.0	808.0
0.0	31.4	622.8	13.7	12.2	808.0
4.1	30.8	607.6	13.6	11.2	808.0
0.0	31.3	614.0	13.6	11.8	808.0
12.1	29.2	583.0	13.6	12.2	807.7
11.8	28.4	547.0	13.6	11.3	807.7
9.4	27.9	517.5	13.5	10.5	807.7
12.7	27.6	495.8	13.5	9.6	807.7
22.7	27.2	385.1	13.5	10.0	807.7
15.7	27.5	301.0	13.5	8.8	807.7
10.4	28.0	341.6	13.5	9.4	807.7
12.6	28.3	366.5	13.4	10.0	807.7
7.3	28.5	442.5	13.4	9.8	807.7
5.5	28.9	566.0	13.4	10.8	807.7
8.3	28.4	520.2	13.4	10.5	807.7
0.0	28.5	597.8	13.3	9.9	807.7
0.3	29.3	519.4	13.3	9.7	807.7
0.5	29.7	502.1	13.3	10.6	807.7
0.1	30.2	579.8	13.3	10.7	807.7
0.0	30.5	589.8	13.2	11.4	807.7
0.0	31.1	518.0	13.2	10.7	807.7
0.3	29.9	264.1	13.2	9.9	807.7
0.0	30.5	545.9	13.1	10.5	807.7
0.1	31.1	497.7	13.1	10.5	807.7
0.2	31.5	495.8	13.1	11.4	807.7
0.5	31.1	501.1	13.1	10.9	807.7
27.2	29.2	429.4	13.0	12.1	807.7
9.4	28.4	493.7	13.0	9.5	807.7
9.5	28.6	503.4	13.0	9.5	807.7
11.4	28.1	514.7	13.0	9.1	807.7
20.6	28.0	431.9	12.9	8.9	807.7
15.4	27.8	497.0	12.9	9.1	807.7
6.7	28.1	482.3	12.9	9.4	807.7
9.4	28.0	453.5	12.8	9.5	807.7
11.2	28.2	458.3	12.8	8.6	807.7
11.9	28.1	468.6	12.8	8.7	810.5
8.5	28.6	506.8	12.8	10.0	810.5
8.4	28.5	470.3	12.7	8.9	810.5
14.8	28.1	473.0	12.7	9.3	810.5
18.2	28.1	460.4	12.7	8.9	810.5
17.9	27.7	422.0	12.6	8.6	810.5
18.1	27.7	413.0	12.6	8.3	810.5
1.0	24.7	76.0	12.6	6.7	810.5
0.1	25.2	473.3	12.6	9.4	810.5
0.0	25.1	531.3	12.5	9.4	810.5
0.0	26.0	522.6	12.5	9.0	810.5
0.0	27.0	463.3	12.5	8.7	810.5
0.0	27.2	423.2	12.4	8.7	810.5
0.0	27.0	518.7	12.4	9.9	810.5
0.0	27.7	517.8	12.4	9.9	810.5
0.0	28.1	518.0	12.3	10.2	810.5
0.0	28.1	510.5	12.3	10.6	810.5
0.0	29.5	447.3	12.3	9.4	810.5
18.4	28.0	436.8	12.3	10.5	810.5
4.8	24.7	52.0	12.2	5.2	810.5
0.0	22.8	137.5	12.2	6.9	810.5
0.0	22.5	492.1	12.2	8.5	810.5
0.0	22.6	509.2	12.1	8.8	810.5
0.0	23.2	506.7	12.1	9.2	810.5
0.0	24.9	497.9	12.1	9.2	810.5
0.0	26.2	488.0	12.0	9.1	810.5
0.0	25.9	345.5	12.0	9.1	810.5
0.0	27.3	479.7	12.0	9.1	810.5
0.0	27.7	474.7	11.9	9.8	810.5
1.5	29.0	401.9	11.9	9.4	810.5
18.4	24.2	57.9	11.9	6.2	812.0
0.0	18.8	113.2	11.9	6.0	812.0
0.0	19.3	153.9	11.8	5.3	812.0
3.7	22.3	242.6	11.8	5.9	812.0
0.6	21.7	74.7	11.8	3.8	812.0
0.2	22.7	87.0	11.7	4.3	812.0
0.3	25.7	333.8	11.7	7.3	812.0
11.7	26.0	387.0	11.7	7.4	812.0
10.3	24.1	275.7	11.6	5.3	812.0
9.3	18.7	35.9	11.6	6.0	812.0
1.0	16.1	52.4	11.6	3.9	812.0
0.0	14.0	434.7	11.6	6.1	812.0
0.0	15.9	448.5	11.5	5.7	812.0
0.0	18.0	437.1	11.5	6.2	812.0
0.1	19.1	413.7	11.5	6.3	812.0
0.1	19.8	427.0	11.4	6.3	812.0
0.0	19.8	431.7	11.4	6.7	812.0
0.0	20.1	433.2	11.4	7.6	812.0
0.0	20.1	424.6	11.4	7.4	812.0
0.0	20.3	398.6	11.3	7.3	812.0
0.0	21.4	402.7	11.3	7.1	812.0
0.0	20.2	355.0	11.3	7.0	812.0
0.0	19.6	408.7	11.2	7.9	812.0
0.0	19.6	415.8	11.2	7.7	812.0
0.0	20.1	405.3	11.2	7.1	812.0
0.0	20.9	367.0	11.2	7.3	812.0
0.0	20.2	392.7	11.1	6.7	812.0
0.0	20.0	378.5	11.1	6.6	812.0
0.0	20.3	367.9	11.1	6.4	812.0
0.0	21.6	380.3	11.0	6.6	812.0
0.0	23.3	368.7	11.0	7.2	812.0
0.9	24.6	357.0	11.0	6.6	813.8
3.7	17.2	92.0	11.0	5.8	813.8
0.0	15.5	377.8	10.9	5.8	813.8
0.0	15.6	386.0	10.9	5.9	813.8
0.0	17.3	378.9	10.9	6.3	813.8
0.0	19.3	362.9	10.9	6.6	813.8
0.0	20.3	358.4	10.8	6.8	813.8
0.0	21.3	348.0	10.8	6.7	813.8
2.6	17.7	90.8	10.8	5.6	813.8
0.1	13.3	183.3	10.8	4.3	813.8
0.0	14.3	309.8	10.7	4.8	813.8
0.0	13.6	358.7	10.7	5.3	813.8
0.0	15.5	344.1	10.7	5.3	813.8
0.0	19.3	317.0	10.7	6.1	813.8
0.0	20.7	330.2	10.6	6.2	813.8
0.8	21.5	324.3	10.6	6.6	813.8
0.1	13.7	123.1	10.6	4.4	813.8
0.0	12.0	351.2	10.6	4.8	813.8
0.0	13.7	344.9	10.6	5.6	813.8
0.0	15.8	333.9	10.5	5.7	813.8
0.0	10.9	340.5	10.5	4.9	813.8
0.0	8.1	341.8	10.5	3.7	813.8
0.0	11.8	228.5	10.5	4.3	813.8
0.0	14.6	216.4	10.5	4.7	813.8
0.2	14.3	78.6	10.4	4.1	813.8
0.1	14.6	96.8	10.4	4.5	813.8
0.0	11.6	316.0	10.4	4.1	813.8
0.0	12.4	261.8	10.4	4.7	813.8
0.0	6.7	327.7	10.4	3.4	813.8
0.0	4.6	332.1	10.4	3.5	813.8
0.0	4.5	332.5	10.3	3.5	816.9
0.0	8.0	310.8	10.3	4.5	816.9
0.0	9.9	315.6	10.3	4.7	816.9
0.0	12.4	308.9	10.3	5.1	816.9
0.0	10.7	313.7	10.3	4.7	816.9
0.0	9.6	311.2	10.3	4.6	816.9
0.0	11.2	309.7	10.3	5.0	816.9
0.0	12.4	308.4	10.3	5.2	816.9
0.0	11.7	248.6	10.2	4.9	816.9
0.0	6.6	313.9	10.2	3.8	816.9
0.0	8.0	318.2	10.2	4.0	816.9
0.0	10.8	254.4	10.2	4.7	816.9
0.0	7.9	312.4	10.2	4.1	816.9
0.0	8.5	307.2	10.2	4.3	816.9
0.0	10.6	299.1	10.2	4.9	816.9
0.0	9.9	271.4	10.2	4.2	816.9
0.0	13.4	290.8	10.2	4.7	816.9
0.0	16.3	284.4	10.2	5.3	816.9
0.0	18.0	254.7	10.2	5.2	816.9
0.0	19.1	283.0	10.2	5.4	816.9
1.0	20.2	211.5	10.2	5.1	816.9
6.8	17.7	116.0	10.2	2.9	816.9
2.6	13.7	113.2	10.2	3.7	816.9
6.1	10.7	108.0	10.2	3.3	816.9
8.4	6.0	14.5	10.2	1.8	816.9
0.8	7.1	121.7	10.2	2.3	816.9
0.3	9.3	210.6	10.2	3.6	816.9
0.0	14.9	276.3	10.2	4.3	816.9
10.8	14.3	121.6	10.2	5.3	816.9
1.3	3.1	78.3	10.2	1.8	816.9
0.6	4.0	120.4	10.2	1.9	816.9
0.2	6.8	250.9	10.2	3.1	821.0
0.0	9.0	293.0	10.2	3.8	821.0
0.0	9.8	303.9	10.2	3.7	821.0
0.0	6.7	303.7	10.2	3.6	821.0
0.0	5.5	309.6	10.3	3.2	821.0
0.0	7.5	310.5	10.3	4.0	821.0
0.0	9.2	314.0	10.3	4.3	821.0
0.0	14.0	299.9	10.3	5.4	821.0
0.0	12.0	77.8	10.3	4.1	821.0
0.5	10.0	149.0	10.3	2.6	821.0
0.1	10.7	109.2	10.3	3.2	821.0
0.0	13.5	279.9	10.3	5.0	821.0
0.1	14.6	295.2	10.4	4.9	821.0
0.0	16.7	308.1	10.4	5.7	821.0
0.4	17.7	285.2	10.4	6.0	821.0
0.4	5.6	99.4	10.4	4.0	821.0
0.0	3.1	335.1	10.4	2.5	821.0
0.3	7.3	274.4	10.4	3.4	821.0
0.8	10.4	114.6	10.5	3.1	821.0
0.5	16.1	135.3	10.5	4.7	821.0
8.1	14.4	59.6	10.5	4.2	821.0
3.5	10.4	23.5	10.5	1.8	821.0
28.4	7.4	53.7	10.5	2.9	821.0
0.4	3.5	70.6	10.6	2.4	821.0
0.2	6.1	241.3	10.6	3.5	821.0
1.3	8.6	150.5	10.6	3.2	821.0
6.8	7.3	39.3	10.6	1.8	821.0
2.2	6.6	55.4	10.6	2.1	821.0
1.6	5.8	92.2	10.7	2.5	821.0
1.1	4.9	91.6	10.7	1.8	821.0
11.2	9.4	122.8	10.7	4.1	821.0
12.8	10.3	41.2	10.7	5.0	823.1
0.7	2.7	90.8	10.8	1.7	823.1
0.0	1.7	280.1	10.8	2.8	823.1
0.0	1.2	368.4	10.8	2.6	823.1
0.0	-3.3	173.0	10.8	2.0	823.1
0.0	-5.7	374.9	10.9	1.5	823.1
0.0	-3.4	397.5	10.9	1.9	823.1
0.0	-2.1	396.3	10.9	2.2	823.1
0.0	-0.5	399.3	10.9	3.0	823.1
0.0	1.9	402.4	11.0	3.8	823.1
0.0	4.1	400.4	11.0	4.1	823.1
0.0	4.6	317.4	11.0	3.9	823.1
0.0	8.6	404.7	11.0	5.6	823.1
0.3	12.8	237.6	11.1	5.6	823.1
0.9	12.5	82.8	11.1	3.9	823.1
8.1	19.5	374.0	11.1	7.6	823.1
11.8	6.7	27.3	11.2	6.0	823.1
0.1	2.3	305.5	11.2	3.0	823.1
0.0	5.0	201.6	11.2	4.0	823.1
0.0	7.1	392.6	11.2	4.5	823.1
0.0	11.9	419.0	11.3	6.3	823.1
2.7	16.7	407.2	11.3	7.0	823.1
7.1	7.6	34.5	11.3	4.2	823.1
8.6	7.3	28.9	11.4	3.4	823.1
19.5	11.6	46.7	11.4	3.8	823.1
3.7	10.8	56.9	11.4	3.2	823.1
1.8	8.6	60.1	11.5	2.5	823.1
32.0	8.7	49.3	11.5	5.2	823.1
0.3	3.3	247.7	11.5	3.2	823.1
1.4	7.1	261.9	11.5	4.7	823.9
1.7	9.9	391.2	11.6	5.0	823.9
24.6	11.3	55.6	11.6	3.9	823.9
12.7	11.6	82.0	11.6	3.3	823.9
2.5	10.0	44.3	11.7	4.0	823.9
4.1	11.4	111.8	11.7	7.0	823.9
1.6	9.9	233.2	11.7	4.5	823.9
9.0	10.8	75.9	11.8	5.0	823.9
6.0	8.6	114.9	11.8	2.9	823.9
1.1	8.9	69.3	11.8	4.0	823.9
0.1	17.9	282.9	11.8	8.2	823.9
1.9	15.5	111.6	11.9	3.6	823.9
1.1	20.5	397.3	11.9	7.8	823.9
2.8	22.3	476.9	11.9	8.7	823.9
3.3	23.1	480.8	12.0	8.8	823.9
0.0	24.0	489.7	12.0	7.7	823.9
11.1	19.5	399.4	12.0	11.2	823.9
24.8	5.1	50.7	12.1	4.8	823.9
9.9	2.5	52.2	12.1	2.1	823.9
10.0	1.6	101.6	12.1	2.1	823.9
17.7	4.3	43.6	12.2	3.4	823.9
13.8	7.5	53.9	12.2	2.5	823.9
9.5	9.2	134.3	12.2	3.9	823.9
20.4	9.0	44.2	12.2	2.4	823.9
2.6	10.1	111.0	12.3	3.3	823.9
1.1	12.7	349.7	12.3	6.0	823.9
0.0	17.1	488.3	12.3	8.9	823.9
0.0	21.5	536.4	12.4	9.4	823.9
0.0	23.0	525.7	12.4	8.4	823.9
1.4	24.9	506.2	12.4	9.0	823.9
1.0	14.0	273.6	12.5	8.6	823.9
0.4	11.4	352.6	12.5	7.4	824.6
25.6	4.6	95.4	12.5	3.4	824.6
22.8	4.9	54.4	12.5	3.3	824.6
51.8	7.8	37.6	12.6	3.2	824.6
26.4	7.1	52.6	12.6	4.1	824.6
1.1	5.2	131.9	12.6	2.5	824.6
0.0	8.7	465.5	12.7	5.3	824.6
0.0	11.6	478.7	12.7	6.7	824.6
9.1	10.6	451.0	12.7	5.7	824.6
12.6	9.8	62.0	12.8	3.2	824.6
0.0	11.7	388.2	12.8	6.6	824.6
9.4	14.1	536.4	12.8	6.7	824.6
2.8	13.0	88.7	12.8	5.8	824.6
0.0	10.1	521.9	12.9	6.8	824.6
0.0	14.7	593.9	12.9	9.0	824.6
0.2	16.4	443.2	12.9	9.0	824.6
0.0	18.7	576.2	13.0	9.8	824.6
0.4	19.3	554.5	13.0	11.4	824.6
0.0	20.8	546.2	13.0	8.9	824.6
0.1	19.6	425.1	13.0	9.5	824.6
0.0	20.5	579.5	13.1	11.4	824.6
0.0	19.5	520.3	13.1	8.6	824.6
29.5	16.6	109.3	13.1	5.2	824.6
0.9	21.5	169.5	13.2	8.8	824.6
4.8	24.6	229.0	13.2	7.7	824.6
38.1	21.1	234.0	13.2	11.5	824.6
3.6	13.6	173.5	13.2	6.7	824.6
37.4	10.1	60.9	13.3	3.5	824.6
14.5	12.2	49.7	13.3	3.5	824.6
33.8	13.0	58.3	13.3	4.0	824.6
17.3	19.9	147.1	13.3	9.3	825.7
17.2	24.2	365.1	13.4	9.9	825.7
18.0	20.2	87.6	13.4	5.0	825.7
0.1	22.5	565.9	13.4	9.2	825.7
6.5	23.1	499.0	13.4	8.7	825.7
9.8	21.7	227.4	13.5	8.6	825.7
0.0	23.4	548.3	13.5	9.5	825.7
44.4	21.7	157.2	13.5	6.8	825.7
1.4	21.3	69.8	13.5	6.8	825.7
0.1	21.9	444.7	13.6	8.9	825.7
7.8	25.4	517.1	13.6	10.2	825.7
2.6	22.3	303.1	13.6	11.1	825.7
0.1	19.3	511.8	13.6	9.2	825.7
0.0	22.4	629.4	13.6	10.0	825.7
54.4	22.1	157.7	13.7	7.4	825.7
0.2	22.1	498.1	13.7	10.0	825.7
0.2	24.0	524.9	13.7	9.8	825.7
0.1	22.8	608.1	13.7	10.5	825.7
0.0	22.4	627.1	13.7	10.2	825.7
3.0	21.5	350.7	13.8	9.8	825.7
13.8	19.5	486.5	13.8	9.4	825.7
0.4	20.6	622.3	13.8	10.4	825.7
0.0	23.1	614.3	13.8	10.4	825.7
3.1	25.6	604.4	13.8	12.5	825.7
2.0	20.4	107.6	13.9	5.7	825.7
0.0	22.8	667.8	13.9	11.1	825.7
2.4	26.4	601.8	13.9	11.3	825.7
0.3	26.2	539.3	13.9	11.6	825.7
0.1	24.9	300.0	13.9	9.7	825.7
9.7	25.7	538.1	13.9	11.6	825.7
0.0	21.9	603.1	13.9	8.9	825.7
8.3	19.3	146.1	14.0	10.1	824.2
0.6	19.4	536.5	14.0	9.6	824.2
0.7	24.2	564.6	14.0	11.0	824.2
0.4	26.2	499.3	14.0	10.7	824.2
0.0	25.4	662.0	14.0	11.2	824.2
0.0	26.1	640.5	14.0	11.4	824.2
0.0	25.0	501.4	14.0	12.1	824.2
0.0	23.8	355.9	14.0	9.5	824.2
0.0	25.2	576.1	14.0	12.2	824.2
0.0	25.9	651.2	14.0	11.9	824.2
0.0	26.5	660.6	14.1	11.7	824.2
0.0	27.1	586.0	14.1	11.8	824.2
20.3	26.6	465.4	14.1	12.6	824.2
23.7	21.4	26.7	14.1	3.3	824.2
2.6	21.9	132.6	14.1	5.6	824.2
0.8	23.4	236.9	14.1	7.8	824.2
30.4	25.8	253.9	14.1	8.2	824.2
8.0	24.8	71.5	14.1	5.7	824.2
0.2	26.5	532.6	14.1	10.2	824.2
0.5	25.6	281.4	14.1	8.3	824.2
48.6	22.6	59.1	14.1	8.2	824.2
1.5	20.4	128.2	14.1	4.8	824.2
1.6	20.1	86.1	14.1	4.4	824.2
1.3	23.9	406.5	14.1	10.3	824.2
0.4	24.9	228.2	14.1	6.7	824.2
6.8	27.1	446.0	14.1	10.0	824.2
34.3	27.0	328.1	14.1	9.0	824.2
21.0	26.0	111.6	14.1	7.2	824.2
1.9	26.7	94.4	14.1	6.8	824.2
1.5	28.1	347.2	14.1	9.8	824.2
0.0	26.9	604.2	14.0	11.7	820.2
0.0	27.1	651.4	14.0	10.1	820.2
10.8	27.4	491.1	14.0	10.0	820.2
9.7	26.4	154.2	14.0	6.5	820.2
3.8	26.2	103.8	14.0	5.2	820.2
9.0	28.1	418.6	14.0	9.7	820.2
16.2	28.1	423.7	14.0	9.1	820.2
6.4	28.4	374.3	14.0	9.1	820.2
11.2	28.7	561.3	14.0	10.9	820.2
7.8	28.4	516.2	14.0	11.4	820.2
4.7	28.7	549.5	14.0	10.3	820.2
7.8	28.4	571.8	13.9	10.9	820.2
13.0	27.8	457.9	13.9	8.8	820.2
13.6	26.8	153.4	13.9	7.3	820.2
5.4	26.8	164.1	13.9	8.0	820.2
0.1	27.3	195.7	13.9	6.8	820.2
0.2	27.8	179.7	13.9	8.0	820.2
3.0	28.9	511.5	13.8	10.9	820.2
1.3	29.8	638.0	13.8	11.7	820.2
0.0	30.4	637.4	13.8	10.9	820.2
0.0	31.3	635.5	13.8	11.6	820.2
0.1	32.6	623.5	13.8	12.6	820.2
0.0	33.1	618.7	13.8	12.8	820.2
0.0	32.7	539.8	13.7	13.1	820.2
0.0	32.3	600.3	13.7	13.2	820.2
0.3	31.0	532.8	13.7	11.8	820.2
1.7	29.5	322.4	13.7	10.1	820.2
19.3	27.7	304.1	13.7	8.7	820.2
12.7	28.2	423.4	13.6	9.0	820.2
13.5	28.4	546.7	13.6	10.0	820.2
14.6	28.3	505.7	13.6	10.2	820.2
20.4	28.1	467.3	13.6	8.7	819.9
9.1	28.6	515.0	13.6	10.3	819.9
11.0	27.9	454.7	13.5	8.6	819.9
0.4	27.7	336.7	13.5	8.6	819.9
0.3	28.0	411.3	13.5	9.1	819.9
7.3	28.1	562.9	13.5	11.0	819.9
0.4	28.4	460.6	13.4	9.5	819.9
1.3	28.8	452.8	13.4	9.0	819.9
0.8	29.3	380.4	13.4	9.1	819.9
2.2	29.4	447.9	13.4	9.1	819.9
0.2	30.5	515.5	13.3	10.3	819.9
7.9	31.0	527.5	13.3	11.6	819.9
7.4	30.2	485.4	13.3	11.3	819.9
32.9	28.6	387.0	13.3	9.3	819.9
23.6	27.8	264.3	13.2	8.5	819.9
21.7	28.1	425.9	13.2	8.6	819.9
21.3	27.7	465.7	13.2	7.6	819.9
17.7	27.5	354.2	13.2	7.7	819.9
27.6	27.8	382.2	13.1	8.4	819.9
5.8	28.2	428.9	13.1	7.9	819.9
8.6	27.7	400.3	13.1	7.7	819.9
1.5	28.9	411.4	13.0	9.2	819.9
15.5	28.4	460.4	13.0	8.4	819.9
22.4	27.9	327.6	13.0	7.9	819.9
25.7	27.8	332.3	13.0	7.6	819.9
9.5	27.3	177.5	12.9	7.3	819.9
1.5	27.4	389.5	12.9	8.5	819.9
1.4	27.4	439.8	12.9	8.6	819.9
0.2	28.8	495.3	12.8	9.2	819.9
3.8	28.4	439.4	12.8	9.0	819.9
0.7	27.9	405.5	12.8	8.2	819.9
0.9	27.6	351.3	12.8	7.9	822.8
11.4	27.4	316.1	12.7	8.4	822.8
14.7	25.8	353.0	12.7	7.0	822.8
0.0	25.2	427.1	12.7	9.2	822.8
0.0	25.0	544.4	12.6	9.8	822.8
0.0	26.1	501.9	12.6	9.0	822.8
0.0	28.6	508.6	12.6	10.3	822.8
0.0	29.6	474.9	12.6	9.0	822.8
0.4	30.2	308.6	12.5	9.2	822.8
23.3	28.2	386.3	12.5	8.9	822.8
27.6	27.4	291.8	12.5	7.7	822.8
16.0	27.2	384.9	12.4	6.4	822.8
4.2	26.3	226.0	12.4	6.3	822.8
2.9	24.7	118.8	12.4	5.3	822.8
0.8	24.4	330.7	12.3	7.1	822.8
0.0	23.3	511.8	12.3	8.5	822.8
0.1	23.7	456.5	12.3	8.6	822.8
0.0	24.2	352.1	12.3	8.2	822.8
0.0	22.0	351.2	12.2	8.4	822.8
0.0	22.9	520.2	12.2	9.6	822.8
0.0	24.1	514.8	12.2	10.5	822.8
0.0	24.8	514.9	12.1	11.2	822.8
0.0	25.9	516.8	12.1	11.6	822.8
0.0	26.4	510.9	12.1	11.3	822.8
0.0	25.9	504.2	12.0	10.3	822.8
0.0	26.0	495.5	12.0	10.5	822.8
0.0	26.5	491.6	12.0	10.9	822.8
0.0	27.5	482.0	12.0	9.9	822.8
0.0	25.6	469.1	11.9	9.2	822.8
0.2	22.3	371.5	11.9	6.1	822.8
0.2	21.8	168.7	11.9	7.1	824.3
0.1	23.7	339.6	11.8	7.8	824.3
0.3	23.1	72.9	11.8	6.8	824.3
0.4	25.0	340.8	11.8	7.2	824.3
0.6	24.9	37.7	11.7	4.3	824.3
0.9	25.1	55.6	11.7	4.3	824.3
0.7	25.6	64.6	11.7	4.7	824.3
0.6	26.2	99.4	11.7	5.9	824.3
0.1	23.5	109.2	11.6	7.5	824.3
0.0	19.8	394.5	11.6	6.9	824.3
0.0	18.3	458.3	11.6	6.6	824.3
0.0	18.7	447.9	11.5	7.1	824.3
0.0	18.1	448.2	11.5	6.8	824.3
0.0	18.4	442.7	11.5	7.2	824.3
0.0	19.8	429.1	11.4	7.1	824.3
0.0	21.2	400.4	11.4	6.9	824.3
0.0	20.6	312.7	11.4	7.6	824.3
0.0	21.7	421.6	11.4	8.4	824.3
0.0	22.1	422.2	11.3	8.7	824.3
0.0	22.2	423.5	11.3	8.6	824.3
0.0	21.3	423.8	11.3	8.7	824.3
0.0	21.4	419.2	11.2	8.2	824.3
0.0	21.3	405.6	11.2	7.4	824.3
0.0	19.9	397.0	11.2	6.9	824.3
0.0	20.9	327.0	11.2	6.9	824.3
0.0	22.0	390.8	11.1	7.9	824.3
0.0	22.1	385.0	11.1	7.8	824.3
0.0	23.8	380.4	11.1	7.6	824.3
0.0	24.0	367.4	11.1	7.3	824.3
3.9	23.3	231.7	11.0	7.1	824.3
5.0	15.6	23.9	11.0	4.0	824.3
0.0	16.8	362.1	11.0	5.1	826.1
0.0	17.0	258.6	10.9	5.4	826.1
0.0	14.6	376.7	10.9	5.6	826.1
0.0	13.5	378.3	10.9	5.4	826.1
0.0	15.4	378.3	10.9	6.2	826.1
0.0	17.7	366.8	10.8	7.0	826.1
0.0	20.0	286.9	10.8	6.6	826.1
0.0	20.6	357.3	10.8	6.8	826.1
0.0	21.5	349.3	10.8	6.8	826.1
0.0	22.4	333.2	10.7	6.6	826.1
0.0	20.7	354.1	10.7	7.1	826.1
0.0	21.6	353.7	10.7	7.5	826.1
0.5	22.2	307.1	10.7	7.2	826.1
0.0	16.7	327.3	10.6	5.1	826.1
0.0	19.5	328.8	10.6	6.0	826.1
0.8	17.6	212.9	10.6	7.3	826.1
0.0	15.1	345.0	10.6	5.5	826.1
0.0	12.8	288.8	10.6	4.6	826.1
0.0	11.6	312.4	10.5	4.2	826.1
0.0	15.4	327.4	10.5	5.4	826.1
0.2	19.4	169.8	10.5	5.5	826.1
0.0	20.8	233.1	10.5	5.7	826.1
0.0	22.1	314.6	10.5	6.4	826.1
0.9	22.5	307.9	10.4	6.4	826.1
6.8	12.8	59.0	10.4	4.1	826.1
6.6	7.5	14.2	10.4	2.1	826.1
1.8	8.2	112.6	10.4	2.1	826.1
0.4	7.8	154.9	10.4	2.8	826.1
0.0	8.5	303.5	10.4	3.9	826.1
0.0	10.8	308.9	10.3	4.4	826.1
0.0	13.4	315.2	10.3	4.9	829.2
0.0	16.2	305.2	10.3	5.1	829.2
0.0	18.7	301.1	10.3	5.5	829.2
0.1	19.3	278.1	10.3	4.8	829.2
0.1	16.0	122.8	10.3	3.5	829.2
0.1	15.9	110.5	10.3	3.0	829.2
12.2	9.8	13.5	10.3	4.2	829.2
0.7	3.9	40.4	10.2	1.1	829.2
0.5	5.1	159.7	10.2	2.8	829.2
0.1	5.0	236.8	10.2	3.0	829.2
0.1	6.0	285.5	10.2	3.3	829.2
0.0	7.8	294.5	10.2	3.6	829.2
0.1	6.5	298.5	10.2	2.7	829.2
0.0	6.4	302.6	10.2	3.2	829.2
0.0	6.3	304.2	10.2	3.4	829.2
0.0	9.7	302.9	10.2	4.7	829.2
0.0	11.2	301.6	10.2	4.8	829.2
0.0	9.9	293.6	10.2	4.2	829.2
0.0	13.6	297.6	10.2	5.5	829.2
0.0	7.6	295.4	10.2	4.1	829.2
0.0	2.3	303.2	10.2	2.5	829.2
0.0	5.9	295.2	10.2	3.5	829.2
0.0	12.4	275.8	10.2	4.9	829.2
0.0	12.5	216.6	10.2	4.8	829.2
0.0	10.9	291.6	10.2	4.3	829.2
0.0	13.7	290.6	10.2	5.4	829.2
0.0	16.6	246.9	10.2	5.5	829.2
0.2	19.6	229.4	10.2	5.6	829.2
1.9	19.4	60.9	10.2	4.0	829.2
2.7	20.3	102.2	10.2	4.4	829.2
1.6	8.2	50.2	10.2	5.2	829.2
4.7	6.7	249.8	10.2	2.5	833.4
42.4	8.6	29.6	10.2	1.8	833.4
30.4	2.7	19.7	10.2	2.8	833.4
0.0	-0.4	224.2	10.3	2.0	833.4
0.0	0.5	314.9	10.3	2.4	833.4
0.0	1.5	312.1	10.3	2.7	833.4
0.0	2.7	217.2	10.3	2.7	833.4
0.1	6.1	272.8	10.3	3.4	833.4
0.0	3.9	306.4	10.3	3.0	833.4
0.1	5.2	279.8	10.3	3.9	833.4
0.1	6.6	317.7	10.3	4.1	833.4
0.8	6.6	127.0	10.4	2.7	833.4
0.2	6.6	145.1	10.4	2.6	833.4
1.4	12.3	306.2	10.4	4.5	833.4
6.9	7.5	35.7	10.4	3.9	833.4
0.0	0.9	301.8	10.4	2.6	833.4
0.0	-1.0	330.4	10.4	1.9	833.4
0.0	-0.9	110.8	10.5	1.4	833.4
0.0	-0.3	311.5	10.5	2.5	833.4
7.0	4.2	300.3	10.5	3.0	833.4
2.3	3.6	48.1	10.5	2.2	833.4
0.1	1.1	215.5	10.5	2.7	833.4
0.0	-0.2	347.5	10.6	2.1	833.4
0.0	2.4	311.2	10.6	3.2	833.4
0.0	3.4	121.4	10.6	2.3	833.4
0.1	5.8	244.6	10.6	3.4	833.4
4.1	7.4	96.3	10.6	2.8	833.4
1.1	9.2	147.9	10.7	3.1	833.4
1.1	5.3	108.0	10.7	4.0	833.4
0.0	-1.3	278.1	10.7	2.1	833.4
0.0	1.6	371.9	10.7	2.8	833.4
0.0	0.1	380.1	10.8	2.7	835.5
0.0	-0.2	388.8	10.8	2.9	835.5
0.0	-1.0	394.5	10.8	3.0	835.5
0.0	3.2	373.9	10.8	3.7	835.5
0.0	7.0	369.8	10.9	4.9	835.5
0.0	12.8	373.7	10.9	6.7	835.5
1.1	16.5	233.4	10.9	6.2	835.5
22.7	17.6	171.7	10.9	4.8	835.5
8.9	6.8	38.7	11.0	5.3	835.5
0.6	5.6	215.0	11.0	3.4	835.5
4.0	8.5	177.6	11.0	3.8	835.5
14.2	4.7	57.7	11.0	3.2	835.5
0.8	1.1	197.3	11.1	2.3	835.5
0.0	3.9	298.0	11.1	2.8	835.5
11.4	8.3	181.9	11.1	3.5	835.5
34.7	12.2	75.1	11.2	3.3	835.5
1.0	11.6	86.1	11.2	3.8	835.5
0.3	14.4	142.1	11.2	4.2	835.5
6.3	13.4	129.7	11.2	6.0	835.5
6.9	2.0	26.0	11.3	3.8	835.5
0.6	-1.3	265.5	11.3	2.4	835.5
0.0	1.1	449.1	11.3	3.4	835.5
0.0	6.4	453.6	11.4	5.0	835.5
1.0	13.2	422.1	11.4	6.6	835.5
8.9	9.1	17.8	11.4	4.2	835.5
11.7	5.7	24.0	11.4	1.6	835.5
2.1	9.7	163.8	11.5	4.1	835.5
0.0	17.7	255.0	11.5	7.3	835.5
0.0	19.6	431.6	11.5	7.4	836.3
0.0	20.7	415.3	11.6	7.9	836.3
3.5	17.3	297.4	11.6	10.1	836.3
11.0	2.9	33.6	11.6	3.6	836.3
0.0	5.4	471.8	11.7	4.1	836.3
0.0	8.7	476.5	11.7	5.7	836.3
20.9	8.6	170.8	11.7	3.7	836.3
39.2	8.6	36.3	11.7	2.9	836.3
0.6	9.8	147.4	11.8	3.8	836.3
15.7	9.8	121.6	11.8	4.1	836.3
0.1	10.1	493.0	11.8	5.5	836.3
0.0	12.2	473.5	11.9	6.7	836.3
0.0	14.4	224.1	11.9	6.3	836.3
0.9	15.5	263.2	11.9	6.0	836.3
14.0	13.5	83.2	12.0	5.5	836.3
1.6	8.0	94.9	12.0	3.1	836.3
0.6	8.6	352.2	12.0	5.0	836.3
0.3	8.6	348.9	12.1	5.6	836.3
0.0	12.2	523.0	12.1	7.2	836.3
0.0	14.7	530.3	12.1	8.2	836.3
0.0	18.9	498.7	12.1	9.4	836.3
0.0	21.5	508.1	12.2	9.4	836.3
42.6	17.6	220.8	12.2	11.6	836.3
37.7	2.6	46.8	12.2	4.0	836.3
0.0	6.1	519.6	12.3	5.1	836.3
0.1	10.0	268.2	12.3	5.0	836.3
4.0	14.2	224.4	12.3	6.2	836.3
62.3	12.1	288.0	12.4	6.1	836.3
19.7	13.7	60.0	12.4	6.3	836.3
7.9	22.1	216.0	12.4	8.0	836.3
0.2	21.8	130.1	12.5	4.9	836.3
0.0	24.3	530.6	12.5	8.0	837.0
42.1	23.5	475.0	12.5	12.0	837.0
23.7	6.9	41.0	12.5	7.5	837.0
35.6	4.6	89.8	12.6	1.5	837.0
6.1	5.4	102.9	12.6	2.9	837.0
12.0	10.9	241.6	12.6	5.7	837.0
15.1	14.6	65.3	12.7	5.9	837.0
31.0	11.3	43.4	12.7	7.0	837.0
25.9	8.8	55.5	12.7	3.2	837.0
0.0	9.4	286.6	12.7	6.1	837.0
0.2	10.6	251.4	12.8	4.8	837.0
0.4	11.9	583.5	12.8	7.4	837.0
0.1	16.4	587.5	12.8	9.5	837.0
23.6	21.0	404.9	12.9	9.7	837.0
0.3	20.9	401.9	12.9	8.5	837.0
0.0	22.1	325.6	12.9	8.2	837.0
0.0	25.0	540.7	13.0	9.3	837.0
0.0	26.1	416.3	13.0	8.5	837.0
6.6	22.6	287.9	13.0	11.3	837.0
0.7	18.1	349.3	13.0	7.0	837.0
6.2	22.8	379.7	13.1	8.9	837.0
0.0	25.7	484.5	13.1	9.9	837.0
0.0	27.2	568.3	13.1	9.4	837.0
2.0	27.3	525.6	13.1	10.7	837.0
10.5	24.5	363.1	13.2	11.5	837.0
0.1	20.1	229.0	13.2	6.9	837.0
0.0	20.4	627.6	13.2	9.8	837.0
0.0	22.2	622.4	13.3	11.0	837.0
0.0	24.2	631.5	13.3	11.2	837.0
0.7	25.7	586.7	13.3	10.2	837.0
7.5	24.8	450.2	13.3	10.0	838.1
33.4	23.8	474.5	13.4	12.2	838.1
0.6	16.0	213.6	13.4	6.1	838.1
0.6	19.8	541.1	13.4	7.7	838.1
1.3	22.0	118.0	13.4	6.5	838.1
16.8	24.7	388.7	13.5	9.1	838.1
17.7	20.4	137.4	13.5	11.7	838.1
2.1	13.0	143.6	13.5	5.4	838.1
2.3	12.0	81.6	13.5	3.2	838.1
0.2	11.8	204.8	13.6	6.6	838.1
0.0	18.0	643.4	13.6	9.4	838.1
0.0	22.0	609.5	13.6	11.0	838.1
15.2	19.6	157.4	13.6	8.9	838.1
0.9	16.9	220.3	13.6	6.2	838.1
2.3	19.1	228.3	13.7	7.6	838.1
0.3	22.1	194.2	13.7	8.4	838.1
6.6	24.5	385.8	13.7	9.1	838.1
2.2	24.2	162.9	13.7	6.5	838.1
26.8	22.4	288.1	13.7	10.3	838.1
0.3	21.1	453.6	13.8	8.9	838.1
2.0	23.3	336.7	13.8	9.3	838.1
0.3	25.5	494.1	13.8	9.7	838.1
13.5	25.0	262.0	13.8	7.2	838.1
5.4	24.8	64.9	13.8	4.4	838.1
10.7	25.5	108.3	13.9	5.8	838.1
0.6	22.9	98.8	13.9	8.3	838.1
0.0	21.5	606.4	13.9	10.6	838.1
0.0	23.3	575.1	13.9	10.3	838.1
3.7	26.7	553.4	13.9	11.8	838.1
29.9	24.4	339.7	13.9	11.0	838.1
0.7	24.2	573.8	13.9	10.0	838.1
0.7	24.8	357.5	14.0	9.3	836.6
33.6	25.6	346.9	14.0	9.3	836.6
1.8	24.1	207.2	14.0	8.2	836.6
0.3	23.5	420.9	14.0	9.3	836.6
0.0	23.5	556.9	14.0	10.3	836.6
0.0	26.5	534.7	14.0	11.4	836.6
40.2	26.8	360.0	14.0	8.9	836.6
2.7	25.8	198.4	14.0	7.6	836.6
3.6	25.6	217.2	14.0	8.4	836.6
0.0	26.2	466.8	14.0	10.9	836.6
0.0	27.0	658.0	14.1	11.8	836.6
0.4	27.2	536.2	14.1	10.1	836.6
31.1	25.2	143.4	14.1	8.7	836.6
15.4	24.1	65.3	14.1	5.9	836.6
0.4	24.4	507.8	14.1	10.1	836.6
0.3	26.2	624.5	14.1	11.1	836.6
0.7	27.9	630.7	14.1	11.6	836.6
2.3	28.1	543.2	14.1	11.9	836.6
4.1	29.3	574.3	14.1	11.6	836.6
31.5	28.6	397.4	14.1	10.0	836.6
19.5	27.1	199.9	14.1	8.3	836.6
9.4	26.8	76.6	14.1	4.5	836.6
6.2	27.4	154.4	14.1	6.2	836.6
0.1	26.8	178.6	14.1	8.0	836.6
0.1	27.6	420.5	14.1	10.2	836.6
0.0	26.4	261.2	14.1	9.6	836.6
2.0	26.6	229.8	14.1	9.5	836.6
0.0	25.5	441.7	14.1	9.3	836.6
0.0	26.7	449.3	14.1	9.4	836.6
16.8	27.2	541.7	14.1	9.9	836.6
9.2	26.8	233.6	14.1	7.3	832.6
13.1	27.8	418.8	14.0	9.9	832.6
14.2	28.3	443.1	14.0	10.8	832.6
7.8	28.6	564.8	14.0	10.3	832.6
0.0	29.9	645.2	14.0	11.2	832.6
5.0	29.8	631.0	14.0	11.5	832.6
4.2	29.9	625.2	14.0	11.5	832.6
12.5	29.2	544.9	14.0	10.4	832.6
18.2	29.0	537.3	14.0	10.6	832.6
12.3	28.8	551.5	14.0	9.7	832.6
7.0	29.3	620.8	14.0	11.4	832.6
12.6	28.7	589.9	13.9	10.2	832.6
10.1	28.4	520.7	13.9	9.9	832.6
15.7	28.3	456.3	13.9	9.5	832.6
18.0	28.1	413.2	13.9	9.0	832.6
16.2	27.8	438.0	13.9	9.2	832.6
16.4	28.3	455.8	13.9	9.4	832.6
8.4	29.1	592.5	13.9	10.4	832.6
11.2	28.9	568.9	13.8	10.7	832.6
24.0	28.3	384.5	13.8	9.1	832.6
16.2	28.2	366.1	13.8	10.0	832.6
14.7	28.5	531.9	13.8	9.4	832.6
8.2	28.8	550.3	13.8	10.6	832.6
14.1	28.5	586.5	13.7	10.8	832.6
9.3	28.7	579.4	13.7	10.2	832.6
13.8	28.9	531.9	13.7	10.8	832.6
21.8	28.6	426.7	13.7	9.3	832.6
22.1	28.5	348.9	13.7	9.3	832.6
12.0	28.6	363.0	13.6	9.1	832.6
13.3	28.8	472.8	13.6	10.2	832.6
18.0	28.8	549.5	13.6	9.5	832.6
13.5	28.1	511.3	13.6	9.8	832.4
8.6	27.4	488.0	13.6	10.8	832.4
0.1	28.6	552.8	13.5	10.2	832.4
12.2	28.5	449.2	13.5	9.9	832.4
7.7	29.1	577.5	13.5	10.5	832.4
9.5	28.8	586.0	13.5	11.3	832.4
6.6	28.6	592.1	13.4	10.6	832.4
8.5	28.4	472.9	13.4	10.7	832.4
10.1	28.3	515.3	13.4	10.0	832.4
14.8	28.4	520.1	13.4	10.6	832.4
20.8	28.1	422.2	13.3	9.9	832.4
18.5	27.6	432.5	13.3	9.3	832.4
20.0	27.1	302.6	13.3	8.9	832.4
15.2	26.8	206.8	13.3	7.0	832.4
12.4	27.0	330.0	13.2	8.1	832.4
9.0	26.5	300.0	13.2	6.5	832.4
15.3	27.0	412.7	13.2	7.3	832.4
12.5	27.5	419.7	13.2	9.4	832.4
13.1	28.0	521.2	13.1	9.5	832.4
12.0	28.5	520.7	13.1	9.7	832.4
7.8	29.0	485.6	13.1	9.8	832.4
27.8	27.8	378.7	13.1	8.0	832.4
22.1	27.6	363.1	13.0	8.8	832.4
9.2	27.9	444.6	13.0	9.3	832.4
9.1	28.5	496.1	13.0	9.2	832.4
4.2	28.7	402.0	12.9	9.5	832.4
4.4	29.0	543.7	12.9	10.5	832.4
8.1	28.3	549.8	12.9	9.8	832.4
10.6	28.1	427.8	12.9	9.0	832.4
15.0	27.9	396.7	12.8	9.5	832.4
11.6	28.0	490.8	12.8	9.9	832.4
1.0	28.4	510.2	12.8	9.5	835.4
0.1	28.0	513.2	12.7	9.5	835.4
6.1	25.8	219.6	12.7	6.1	835.4
1.1	26.8	194.0	12.7	7.1	835.4
1.2	27.7	290.3	12.7	7.0	835.4
0.7	28.5	459.1	12.6	7.9	835.4
1.1	28.0	298.9	12.6	7.7	835.4
1.6	28.7	508.3	12.6	9.0	835.4
5.5	27.9	430.7	12.5	8.8	835.4
10.2	26.4	343.0	12.5	6.9	835.4
2.3	26.1	363.2	12.5	6.4	835.4
0.9	27.0	339.7	12.4	7.2	835.4
1.1	27.7	439.1	12.4	7.9	835.4
0.0	28.4	506.1	12.4	8.9	835.4
0.0	29.6	485.2	12.4	9.6	835.4
0.0	30.5	475.3	12.3	10.1	835.4
10.3	28.7	410.5	12.3	9.8	835.4
18.0	27.2	227.6	12.3	7.2	835.4
1.0	24.9	60.5	12.2	3.9	835.4
0.4	24.3	131.8	12.2	4.8	835.4
6.3	24.0	265.6	12.2	7.0	835.4
0.1	24.2	462.4	12.1	8.2	835.4
0.0	24.4	493.6	12.1	8.1	835.4
0.0	24.7	480.1	12.1	8.8	835.4
0.0	25.2	492.5	12.1	8.8	835.4
0.0	25.9	488.8	12.0	8.9	835.4
0.0	26.5	482.9	12.0	9.4	835.4
0.0	25.9	487.7	12.0	9.7	835.4
0.0	26.1	487.0	11.9	8.7	835.4
0.0	28.3	394.5	11.9	8.6	835.4
6.7	27.7	346.9	11.9	8.8	836.8
16.0	26.2	292.4	11.8	6.1	836.8
0.6	27.0	201.5	11.8	6.3	836.8
1.1	27.1	229.9	11.8	6.3	836.8
0.3	25.0	182.0	11.8	7.2	836.8
0.6	25.6	428.1	11.7	6.8	836.8
1.6	24.7	73.7	11.7	5.5	836.8
3.9	23.5	23.4	11.7	3.1	836.8
0.1	23.9	95.6	11.6	5.2	836.8
0.2	24.2	182.8	11.6	6.1	836.8
1.0	23.9	110.6	11.6	5.8	836.8
0.0	23.4	82.5	11.5	4.9	836.8
0.0	23.9	392.4	11.5	7.9	836.8
0.0	23.8	436.1	11.5	7.3	836.8
0.2	25.2	385.5	11.5	7.3	836.8
0.1	24.0	269.2	11.4	6.9	836.8
0.3	23.2	262.5	11.4	6.0	836.8
0.4	22.8	109.1	11.4	5.5	836.8
0.9	22.1	53.4	11.3	3.6	836.8
0.0	21.4	350.7	11.3	6.6	836.8
0.0	20.2	380.4	11.3	5.9	836.8
0.0	18.5	411.6	11.3	6.1	836.8
0.0	20.8	405.8	11.2	7.2	836.8
0.0	20.9	405.1	11.2	7.2	836.8
0.0	21.1	362.4	11.2	7.0	836.8
0.0	14.9	404.2	11.1	5.6	836.8
0.0	14.7	404.7	11.1	5.8	836.8
0.0	14.3	401.3	11.1	6.3	836.8
0.0	12.6	408.9	11.1	4.7	836.8
0.0	14.0	404.4	11.0	5.4	836.8
0.0	15.3	397.2	11.0	6.2	836.8
0.0	15.7	396.5	11.0	6.4	838.6
0.0	18.0	382.8	11.0	6.6	838.6
0.0	17.1	370.8	10.9	6.2	838.6
0.0	17.9	370.9	10.9	6.6	838.6
0.0	19.2	365.6	10.9	6.7	838.6
0.0	21.5	357.7	10.8	6.8	838.6
0.0	21.8	343.6	10.8	6.3	838.6
0.0	22.3	310.1	10.8	6.2	838.6
0.0	23.6	343.5	10.8	7.1	838.6
1.7	20.2	102.5	10.7	6.0	838.6
0.0	13.7	104.2	10.7	3.7	838.6
0.7	11.0	71.3	10.7	1.9	838.6
25.4	12.5	49.5	10.7	2.5	838.6
30.9	12.6	75.6	10.7	2.1	838.6
2.3	10.2	53.0	10.6	2.4	838.6
5.9	13.3	35.4	10.6	2.5	838.6
3.3	11.4	22.0	10.6	1.5	838.6
9.5	10.3	46.2	10.6	3.3	838.6
0.3	6.5	149.9	10.5	2.7	838.6
0.5	7.6	202.3	10.5	3.7	838.6
0.1	10.2	286.4	10.5	4.6	838.6
0.0	12.7	330.5	10.5	4.7	838.6
0.1	14.1	265.1	10.5	4.6	838.6
0.0	15.6	168.6	10.4	3.8	838.6
1.7	17.0	247.1	10.4	4.4	838.6
1.3	12.4	96.8	10.4	3.8	838.6
0.2	8.6	251.3	10.4	3.0	838.6
0.2	8.5	236.2	10.4	3.5	838.6
0.0	3.4	170.9	10.4	3.1	838.6
0.0	4.0	322.6	10.4	2.7	838.6
0.0	7.7	217.2	10.3	3.2	841.8
0.0	9.8	316.6	10.3	3.7	841.8
0.1	10.3	307.0	10.3	4.4	841.8
0.0	9.5	253.6	10.3	4.0	841.8
0.0	12.0	306.2	10.3	4.7	841.8
0.0	15.3	299.0	10.3	5.1	841.8
3.3	17.2	180.1	10.3	4.5	841.8
2.6	9.2	33.8	10.3	3.5	841.8
0.3	8.6	265.6	10.2	3.1	841.8
0.0	5.1	283.5	10.2	3.0	841.8
0.0	7.6	311.3	10.2	3.4	841.8
0.0	6.2	301.8	10.2	2.9	841.8
0.0	3.7	301.7	10.2	3.0	841.8
0.0	3.1	304.3	10.2	2.8	841.8
0.0	5.0	246.7	10.2	3.2	841.8
0.0	8.6	274.2	10.2	3.8	841.8
0.0	13.2	284.6	10.2	5.1	841.8
0.0	11.7	125.8	10.2	4.2	841.8
0.0	9.5	287.1	10.2	3.9	841.8
0.0	10.4	282.4	10.2	4.2	841.8
0.2	9.5	132.4	10.2	3.5	841.8
0.0	6.4	236.6	10.2	3.5	841.8
0.0	2.0	97.5	10.2	2.7	841.8
0.0	1.2	309.2	10.2	2.6	841.8
0.0	4.1	311.7	10.2	3.6	841.8
0.0	6.5	306.2	10.2	4.1	841.8
0.0	6.9	308.1	10.2	4.0	841.8
0.0	4.5	307.9	10.2	3.3	841.8
0.0	1.2	309.3	10.2	2.6	841.8
0.0	3.4	310.7	10.2	3.3	841.8
0.0	7.6	308.4	10.2	4.7	841.8
0.0	8.3	307.9	10.2	4.4	846.0
0.0	5.4	305.0	10.2	3.5	846.0
0.0	6.5	316.0	10.2	3.6	846.0
0.0	11.4	249.5	10.2	4.7	846.0
1.1	13.9	242.1	10.3	4.9	846.0
0.0	11.8	192.8	10.3	4.2	846.0
0.2	11.0	128.1	10.3	4.4	846.0
0.0	5.3	182.4	10.3	3.6	846.0
0.0	-2.8	335.8	10.3	1.8	846.0
0.0	0.1	334.7	10.3	2.8	846.0
0.0	4.9	266.5	10.3	3.9	846.0
0.0	7.0	186.6	10.3	3.5	846.0
0.0	3.3	327.7	10.4	4.4	846.0
0.0	-2.7	346.2	10.4	2.0	846.0
0.0	5.5	320.0	10.4	4.2	846.0
0.0	6.3	328.9	10.4	3.7	846.0
0.0	9.2	322.2	10.4	4.9	846.0
0.0	11.4	323.3	10.4	5.3	846.0
0.0	12.2	340.2	10.5	5.4	846.0
0.0	6.9	351.4	10.5	4.3	846.0
0.0	9.7	345.3	10.5	5.2	846.0
0.0	11.9	347.1	10.5	5.7	846.0
0.0	8.5	351.6	10.5	4.1	846.0
0.0	12.4	200.3	10.6	5.5	846.0
0.0	13.1	315.7	10.6	6.0	846.0
0.0	10.7	340.2	10.6	4.5	846.0
0.3	15.2	280.0	10.6	6.2	846.0
29.1	8.1	48.5	10.7	4.6	846.0
1.4	2.3	105.0	10.7	2.0	846.0
0.7	4.5	199.7	10.7	3.2	846.0
0.0	9.5	358.7	10.7	4.9	846.0
0.5	12.7	245.0	10.7	5.0	848.1
2.0	9.0	32.8	10.8	2.2	848.1
0.1	13.5	151.0	10.8	4.7	848.1
4.9	16.6	292.2	10.8	5.5	848.1
0.7	9.9	103.2	10.8	4.1	848.1
1.7	14.7	214.2	10.9	5.3	848.1
16.5	9.7	61.2	10.9	5.3	848.1
0.7	6.2	79.4	10.9	1.6	848.1
0.1	6.7	250.7	11.0	3.3	848.1
0.0	8.9	396.4	11.0	4.4	848.1
2.1	12.4	390.1	11.0	4.7	848.1
12.5	15.0	83.7	11.0	4.5	848.1
3.0	10.3	99.5	11.1	3.9	848.1
2.4	4.7	39.4	11.1	2.7	848.1
0.0	5.1	296.4	11.1	2.8	848.1
0.0	2.2	236.7	11.1	3.4	848.1
0.0	4.2	424.8	11.2	3.8	848.1
0.0	8.0	423.8	11.2	4.9	848.1
0.0	9.7	418.8	11.2	5.8	848.1
0.0	13.1	404.8	11.3	6.5	848.1
1.7	16.6	235.8	11.3	6.7	848.1
1.8	13.5	57.8	11.3	3.5	848.1
18.6	13.7	175.3	11.3	4.4	848.1
34.2	11.1	69.3	11.4	2.7	848.1
27.5	12.4	35.6	11.4	3.8	848.1
0.8	9.1	114.0	11.4	3.6	848.1
0.0	8.1	450.0	11.5	4.9	848.1
1.1	7.6	141.5	11.5	3.4	848.1
0.0	9.4	459.4	11.5	5.7	848.9
0.0	11.9	406.0	11.6	5.7	848.9
8.9	10.0	93.2	11.6	4.2	848.9
0.0	10.4	474.8	11.6	5.2	848.9
0.4	10.7	471.9	11.6	7.0	848.9
0.0	9.5	469.0	11.7	5.1	848.9
0.2	13.3	260.3	11.7	6.0	848.9
0.0	14.7	450.2	11.7	7.6	848.9
0.0	14.0	460.3	11.8	7.4	848.9
0.3	16.9	324.5	11.8	7.5	848.9
2.0	18.9	293.4	11.8	8.8	848.9
2.5	11.4	288.6	11.9	5.5	848.9
0.1	13.6	467.2	11.9	6.3	848.9
6.5	14.1	242.9	11.9	7.0	848.9
0.0	13.8	514.7	12.0	6.8	848.9
0.0	16.8	520.7	12.0	8.5	848.9
0.0	18.8	395.6	12.0	8.6	848.9
0.0	18.2	446.0	12.0	7.8	848.9
0.0	19.3	523.4	12.1	7.8	848.9
0.0	20.2	530.3	12.1	9.7	848.9
0.0	23.2	507.0	12.1	10.7	848.9
0.0	23.0	246.7	12.2	8.2	848.9
0.0	25.9	517.7	12.2	10.3	848.9
2.1	25.4	491.6	12.2	11.9	848.9
9.5	10.8	89.7	12.3	6.8	848.9
0.0	10.0	477.8	12.3	5.0	848.9
0.0	10.9	304.3	12.3	6.7	848.9
0.0	14.1	456.8	12.4	7.9	848.9
0.0	14.6	193.6	12.4	6.0	848.9
2.4	14.6	263.6	12.4	5.6	848.9
1.8	12.1	237.5	12.4	6.6	848.9
0.0	16.8	549.8	12.5	9.4	849.6
0.0	16.3	351.7	12.5	6.5	849.6
0.0	18.4	514.8	12.5	8.4	849.6
1.1	14.1	178.9	12.6	6.0	849.6
2.0	14.3	96.6	12.6	5.0	849.6
22.2	11.8	111.4	12.6	7.9	849.6
0.0	7.5	477.1	12.7	5.8	849.6
0.0	12.1	587.0	12.7	7.8	849.6
0.0	17.0	560.8	12.7	10.0	849.6
0.0	18.1	160.4	12.7	5.9	849.6
0.2	22.3	442.0	12.8	7.9	849.6
16.6	20.9	186.9	12.8	9.9	849.6
17.0	11.9	104.6	12.8	5.1	849.6
4.6	18.3	159.4	12.9	8.9	849.6
3.7	21.1	478.2	12.9	11.5	849.6
0.0	17.8	585.7	12.9	8.7	849.6
22.1	21.7	565.4	12.9	10.4	849.6
9.9	19.0	83.0	13.0	8.0	849.6
0.1	17.9	550.5	13.0	8.4	849.6
0.0	21.1	613.7	13.0	10.9	849.6
0.0	23.5	555.1	13.1	10.8	849.6
0.0	22.9	360.9	13.1	9.9	849.6
9.7	16.2	183.3	13.1	10.9	849.6
23.5	9.9	50.8	13.1	4.0	849.6
6.5	12.0	57.8	13.2	5.3	849.6
4.1	13.4	66.6	13.2	5.8	849.6
0.0	16.2	481.0	13.2	7.9	849.6
3.1	19.6	217.8	13.2	6.9	849.6
23.8	17.3	30.0	13.3	5.8	849.6
24.5	15.3	27.3	13.3	2.3	849.6
30.0	14.6	65.9	13.3	4.8	850.7
0.0	18.4	616.6	13.4	8.4	850.7
0.1	21.4	572.5	13.4	10.9	850.7
0.0	18.7	611.7	13.4	10.7	850.7
2.5	20.8	599.0	13.4	9.6	850.7
17.1	21.9	108.2	13.5	6.8	850.7
22.4	24.0	248.5	13.5	8.1	850.7
13.1	22.9	103.8	13.5	6.7	850.7
17.9	23.9	172.2	13.5	7.1	850.7
35.5	23.4	61.0	13.5	3.9	850.7
45.7	23.9	133.7	13.6	6.5	850.7
16.7	21.5	54.2	13.6	9.7	850.7
0.5	19.0	237.3	13.6	7.6	850.7
0.2	20.4	441.7	13.6	8.3	850.7
0.3	21.1	486.2	13.7	9.9	850.7
1.2	22.4	486.4	13.7	8.2	850.7
19.8	23.8	429.6	13.7	9.5	850.7
3.9	23.4	182.6	13.7	8.8	850.7
0.1	21.6	459.7	13.7	8.7	850.7
0.8	24.1	341.4	13.8	9.3	850.7
12.9	25.2	176.0	13.8	7.9	850.7
1.4	23.2	290.7	13.8	8.7	850.7
0.0	24.5	639.3	13.8	11.3	850.7
1.4	25.8	584.8	13.8	11.5	850.7
0.0	26.5	634.8	13.8	10.8	850.7
0.1	27.2	639.9	13.9	11.0	850.7
8.2	26.7	617.3	13.9	10.6	850.7
3.5	27.3	491.9	13.9	8.5	850.7
3.7	27.7	456.9	13.9	10.6	850.7
21.2	26.4	481.8	13.9	9.1	850.7
35.1	22.8	148.2	13.9	10.1	850.7
2.1	19.6	288.0	14.0	7.8	849.2
0.0	21.0	460.9	14.0	8.7	849.2
0.0	23.7	542.8	14.0	9.9	849.2
10.6	23.0	258.1	14.0	8.9	849.2
0.0	22.6	435.1	14.0	8.9	849.2
0.0	22.9	459.5	14.0	9.9	849.2
0.0	20.7	234.0	14.0	9.0	849.2
0.0	22.2	426.3	14.0	9.2	849.2
0.0	23.2	617.9	14.0	10.5	849.2
0.0	22.6	636.4	14.0	10.5	849.2
0.1	22.1	623.4	14.0	9.7	849.2
0.2	23.1	504.9	14.1	10.0	849.2
0.2	26.0	598.5	14.1	10.1	849.2
5.3	25.2	204.2	14.1	9.8	849.2
1.3	24.0	82.3	14.1	6.7	849.2
4.1	25.9	200.3	14.1	7.9	849.2
24.1	27.5	442.1	14.1	9.7	849.2
58.0	27.0	403.5	14.1	8.5	849.2
17.0	25.6	125.0	14.1	6.9	849.2
2.4	25.5	80.6	14.1	4.8	849.2
0.5	26.4	195.7	14.1	7.4	849.2
0.1	28.1	494.3	14.1	10.5	849.2
50.8	25.8	72.8	14.1	5.3	849.2
0.9	26.9	312.9	14.1	9.0	849.2
0.7	27.6	340.6	14.1	9.5	849.2
1.2	27.4	289.4	14.1	9.6	849.2
6.1	24.8	99.9	14.1	6.7	849.2
0.4	27.5	536.7	14.1	10.7	849.2
5.7	28.1	516.6	14.1	10.7	849.2
2.3	25.1	156.7	14.1	8.8	849.2
0.2	26.9	643.8	14.1	11.1	845.2
0.2	28.4	640.7	14.0	12.0	845.2
5.9	27.8	632.5	14.0	11.8	845.2
5.6	28.3	621.3	14.0	11.8	845.2
10.6	28.0	617.0	14.0	10.8	845.2
9.6	28.3	587.7	14.0	10.7	845.2
8.2	28.6	403.2	14.0	9.7	845.2
26.8	26.4	161.3	14.0	7.2	845.2
0.7	28.3	520.9	14.0	10.6	845.2
21.1	28.1	426.0	14.0	9.5	845.2
17.2	27.4	300.9	14.0	7.7	845.2
5.1	28.2	388.8	13.9	9.5	845.2
15.4	28.4	498.1	13.9	9.7	845.2
10.3	28.2	418.3	13.9	9.8	845.2
2.4	29.1	615.6	13.9	10.7	845.2
10.8	28.7	526.9	13.9	10.7	845.2
8.9	28.6	472.9	13.9	9.5	845.2
14.5	28.4	516.3	13.9	9.9	845.2
10.4	28.4	618.4	13.8	10.5	845.2
11.9	28.5	578.4	13.8	10.1	845.2
13.4	28.5	459.2	13.8	9.7	845.2
10.5	28.7	560.5	13.8	10.8	845.2
10.9	28.5	562.6	13.8	10.0	845.2
17.9	28.3	557.0	13.8	10.5	845.2
14.3	28.2	513.7	13.7	10.3	845.2
12.1	28.4	586.0	13.7	11.1	845.2
8.2	28.9	556.9	13.7	10.9	845.2
14.9	28.9	506.9	13.7	9.6	845.2
10.1	29.2	550.6	13.7	10.4	845.2
9.2	29.0	541.2	13.6	11.4	845.2
5.0	29.5	567.6	13.6	11.3	845.2
6.9	29.0	475.0	13.6	10.3	845.0
12.8	28.5	439.7	13.6	9.2	845.0
18.5	27.8	383.4	13.5	9.9	845.0
12.3	27.9	435.8	13.5	9.4	845.0
9.5	27.9	437.0	13.5	10.2	845.0
21.9	27.5	465.1	13.5	9.9	845.0
10.2	27.7	363.3	13.4	9.4	845.0
9.0	28.1	570.0	13.4	10.0	845.0
12.8	27.9	490.6	13.4	9.1	845.0
15.3	27.6	395.0	13.4	8.7	845.0
17.7	27.6	385.6	13.3	8.4	845.0
16.0	26.6	217.5	13.3	7.7	845.0
4.8	26.9	244.3	13.3	9.4	845.0
0.1	28.5	578.3	13.3	10.9	845.0
2.7	28.0	582.6	13.2	10.4	845.0
5.4	28.1	582.6	13.2	10.8	845.0
2.5	28.5	583.2	13.2	11.0	845.0
0.2	28.6	565.3	13.2	9.9	845.0
4.9	27.6	339.7	13.1	8.8	845.0
0.3	28.0	518.5	13.1	9.5	845.0
0.2	28.1	548.3	13.1	10.1	845.0
0.0	28.3	581.1	13.1	9.8	845.0
1.1	28.1	314.4	13.0	7.5	845.0
12.4	27.3	194.5	13.0	8.4	845.0
10.2	27.1	380.2	13.0	7.8	845.0
5.8	27.3	326.0	12.9	8.1	845.0
7.7	27.8	424.3	12.9	8.8	845.0
3.9	27.9	430.4	12.9	8.2	845.0
0.6	28.1	526.6	12.9	8.7	845.0
0.0	27.8	506.3	12.8	8.9	845.0
0.0	28.9	555.7	12.8	9.3	845.0
0.1	29.6	536.1	12.8	9.6	848.1
0.4	30.3	522.0	12.7	10.1	848.1
0.0	30.2	531.4	12.7	10.4	848.1
0.1	30.1	372.9	12.7	9.2	848.1
0.0	29.7	416.2	12.7	10.2	848.1
0.0	30.2	528.6	12.6	10.5	848.1
0.0	30.7	422.6	12.6	10.6	848.1
0.0	30.4	499.2	12.6	10.4	848.1
0.2	30.8	435.2	12.5	9.8	848.1
0.0	31.7	477.4	12.5	10.3	848.1
0.1	32.4	444.5	12.5	10.6	848.1
0.1	33.0	496.4	12.5	10.4	848.1
19.7	29.0	421.4	12.4	9.7	848.1
7.4	27.6	334.5	12.4	8.4	848.1
0.5	27.2	329.2	12.4	6.7	848.1
0.8	27.2	210.0	12.3	6.0	848.1
0.7	27.3	300.2	12.3	7.3	848.1
0.4	27.4	423.5	12.3	8.2	848.1
0.0	27.3	354.5	12.2	7.8	848.1
0.0	26.9	496.9	12.2	9.8	848.1
0.0	26.4	509.4	12.2	10.5	848.1
0.0	27.6	498.5	12.2	9.9	848.1
0.1	28.8	292.6	12.1	8.2	848.1
0.1	28.7	236.6	12.1	8.2	848.1
0.0	29.1	478.7	12.1	9.9	848.1
0.1	27.0	407.8	12.0	9.6	848.1
0.0	25.7	490.4	12.0	8.1	848.1
0.0	27.7	453.8	12.0	8.9	848.1
0.0	29.0	446.2	11.9	9.1	848.1
0.0	27.9	309.5	11.9	7.7	848.1
0.0	27.6	296.6	11.9	7.6	849.5
0.0	28.2	432.9	11.9	9.0	849.5
0.0	28.6	447.1	11.8	8.7	849.5
0.1	27.2	188.9	11.8	7.5	849.5
0.1	27.3	399.3	11.8	8.4	849.5
0.0	27.1	442.1	11.7	8.2	849.5
0.1	28.2	408.1	11.7	8.1	849.5
24.9	24.1	243.6	11.7	7.0	849.5
0.1	22.3	305.8	11.6	5.4	849.5
0.0	22.6	355.0	11.6	6.8	849.5
0.0	23.8	414.6	11.6	6.7	849.5
0.0	23.9	338.4	11.6	6.7	849.5
0.0	20.7	425.9	11.5	6.3	849.5
0.0	21.2	438.0	11.5	7.1	849.5
0.0	21.2	331.9	11.5	7.1	849.5
0.0	21.3	239.3	11.4	6.7	849.5
0.0	18.3	438.0	11.4	7.2	849.5
0.0	17.8	442.1	11.4	7.4	849.5
0.0	19.5	413.5	11.3	7.4	849.5
0.0	19.6	422.6	11.3	7.7	849.5
0.0	19.8	417.5	11.3	7.7	849.5
0.0	20.4	412.8	11.3	7.6	849.5
0.0	21.8	402.6	11.2	7.6	849.5
0.8	22.8	190.6	11.2	5.9	849.5
0.3	22.3	100.4	11.2	5.6	849.5
0.0	22.8	374.8	11.1	6.8	849.5
0.0	23.4	385.7	11.1	6.7	849.5
0.1	25.7	355.5	11.1	7.1	849.5
0.2	25.3	259.1	11.1	6.6	849.5
0.0	25.3	371.3	11.0	7.8	849.5
0.0	24.3	355.3	11.0	7.1	849.5
1.7	22.2	158.7	11.0	6.2	851.3
3.3	16.3	28.3	11.0	4.0	851.3
0.0	14.6	355.7	10.9	5.4	851.3
0.0	12.8	367.0	10.9	4.8	851.3
0.0	13.4	383.7	10.9	5.6	851.3
0.0	15.3	378.3	10.9	6.0	851.3
0.0	15.1	372.2	10.8	6.1	851.3
0.0	17.7	367.5	10.8	6.5	851.3
0.0	18.7	359.0	10.8	6.6	851.3
0.0	19.2	357.8	10.8	7.0	851.3
0.0	19.9	360.1	10.7	7.0	851.3
0.0	21.0	353.2	10.7	7.0	851.3
0.0	12.6	227.4	10.7	5.6	851.3
0.0	7.1	369.6	10.7	4.0	851.3
0.0	11.2	348.9	10.6	5.4	851.3
0.0	13.2	340.9	10.6	5.2	851.3
0.0	15.0	329.8	10.6	5.3	851.3
0.0	17.0	328.9	10.6	5.8	851.3
0.0	20.0	324.9	10.6	6.5	851.3
0.2	21.6	253.9	10.5	5.8	851.3
0.8	18.7	135.4	10.5	3.2	851.3
0.0	20.5	159.2	10.5	4.3	851.3
2.2	21.8	204.8	10.5	5.9	851.3
1.4	15.2	35.5	10.5	2.7	851.3
0.3	13.9	57.3	10.4	3.5	851.3
0.0	13.0	319.9	10.4	4.8	851.3
0.0	11.5	231.1	10.4	3.8	851.3
0.0	13.4	292.1	10.4	4.3	851.3
0.7	15.4	158.5	10.4	3.8	851.3
0.0	15.6	156.0	10.4	4.4	851.3
0.0	16.0	299.7	10.3	4.6	854.5
0.0	14.4	297.6	10.3	4.6	854.5
0.0	16.4	293.1	10.3	5.1	854.5
0.0	18.6	298.0	10.3	5.5	854.5
0.0	17.8	265.4	10.3	5.8	854.5
0.0	13.9	303.3	10.3	4.7	854.5
0.0	15.8	295.5	10.3	5.4	854.5
0.0	18.2	274.4	10.3	5.5	854.5
2.8	18.2	166.9	10.2	5.9	854.5
0.1	8.2	71.1	10.2	2.9	854.5
0.0	6.8	303.3	10.2	3.2	854.5
0.4	9.2	191.8	10.2	3.4	854.5
4.0	8.4	48.3	10.2	2.0	854.5
0.0	8.6	291.7	10.2	3.7	854.5
0.0	9.8	303.5	10.2	4.1	854.5
0.4	13.8	184.4	10.2	4.3	854.5
0.2	16.4	225.3	10.2	4.4	854.5
5.9	16.6	67.2	10.2	2.7	854.5
1.8	10.3	41.7	10.2	4.0	854.5
0.0	7.5	302.9	10.2	3.4	854.5
0.0	8.2	306.3	10.2	3.8	854.5
0.0	11.6	303.7	10.2	4.5	854.5
2.2	13.0	91.9	10.2	3.5	854.5
0.1	11.0	223.8	10.2	3.9	854.5
0.0	10.3	286.2	10.2	4.2	854.5
0.0	8.0	300.6	10.2	3.1	854.5
0.0	11.7	179.9	10.2	4.5	854.5
3.8	16.5	151.4	10.2	5.0	854.5
2.9	13.3	33.3	10.2	3.0	854.5
0.3	12.3	89.4	10.2	3.6	854.5
0.2	13.8	258.8	10.2	4.0	854.5
7.0	17.2	79.3	10.2	3.1	858.7
3.2	19.5	175.8	10.2	4.1	858.7
4.4	12.4	31.3	10.2	4.7	858.7
21.4	10.7	69.4	10.2	3.1	858.7
1.0	6.0	83.0	10.3	2.4	858.7
1.3	4.8	114.7	10.3	1.7	858.7
1.0	6.5	90.9	10.3	2.1	858.7
1.1	7.4	58.3	10.3	2.2	858.7
4.1	6.7	90.3	10.3	1.4	858.7
2.0	7.7	25.7	10.3	1.6	858.7
2.9	9.7	22.7	10.3	2.2	858.7
6.9	5.6	35.2	10.3	3.3	858.7
0.0	-3.2	327.0	10.4	1.6	858.7
0.0	-2.5	333.8	10.4	1.8	858.7
0.0	2.4	330.1	10.4	3.3	858.7
0.0	7.4	324.6	10.4	4.0	858.7
1.2	4.1	291.0	10.4	3.5	858.7
0.0	-0.7	342.4	10.4	2.5	858.7
0.0	3.0	341.8	10.5	3.2	858.7
0.0	6.1	311.8	10.5	3.9	858.7
0.0	6.3	339.1	10.5	3.5	858.7
0.0	5.6	333.6	10.5	4.2	858.7
0.0	2.2	354.3	10.5	3.0	858.7
0.0	8.3	354.1	10.6	5.4	858.7
0.0	13.0	346.2	10.6	6.3	858.7
0.0	16.1	325.8	10.6	6.8	858.7
0.0	19.1	304.1	10.6	6.4	858.7
0.0	20.2	254.6	10.6	6.6	858.7
4.8	11.6	140.9	10.7	4.2	858.7
31.0	6.8	27.6	10.7	2.2	858.7
2.5	3.8	63.9	10.7	1.4	858.7
10.3	0.8	23.6	10.7	2.0	860.8
0.2	-0.1	338.0	10.8	2.5	860.8
1.3	4.5	345.0	10.8	3.4	860.8
4.3	3.6	58.1	10.8	1.2	860.8
2.1	5.7	39.3	10.8	2.0	860.8
3.6	5.8	41.9	10.9	2.5	860.8
0.3	6.0	195.7	10.9	3.8	860.8
1.6	5.2	37.9	10.9	2.5	860.8
0.1	6.6	281.3	10.9	3.9	860.8
0.0	10.7	349.5	11.0	4.8	860.8
3.3	10.5	74.2	11.0	4.2	860.8
0.0	4.3	348.2	11.0	3.5	860.8
0.0	4.2	409.8	11.1	3.9	860.8
0.0	7.4	410.2	11.1	4.9	860.8
0.0	12.3	412.1	11.1	5.9	860.8
0.0	9.1	419.0	11.1	4.8	860.8
0.0	10.7	425.2	11.2	6.0	860.8
0.0	15.5	412.9	11.2	7.2	860.8
3.6	16.4	186.6	11.2	6.4	860.8
0.4	8.6	196.5	11.3	6.5	860.8
0.0	1.8	449.6	11.3	3.3	860.8
0.0	7.2	312.3	11.3	4.6	860.8
0.0	10.2	450.5	11.3	5.8	860.8
0.0	13.9	428.3	11.4	7.6	860.8
0.0	16.3	453.6	11.4	8.0	860.8
0.0	18.5	444.3	11.4	8.5	860.8
13.7	21.0	414.0	11.5	8.9	860.8
2.3	9.6	44.5	11.5	5.9	860.8
0.0	8.5	452.2	11.5	5.2	861.7
0.0	12.3	455.0	11.6	6.0	861.7
0.0	11.5	455.6	11.6	5.3	861.7
0.4	13.2	147.3	11.6	4.6	861.7
27.7	15.1	79.5	11.6	4.4	861.7
0.8	19.0	202.6	11.7	5.4	861.7
0.3	19.1	249.1	11.7	6.5	861.7
5.5	21.4	351.4	11.7	7.4	861.7
56.0	19.0	189.4	11.8	7.2	861.7
7.1	9.3	33.5	11.8	5.4	861.7
0.5	6.6	161.8	11.8	3.5	861.7
0.0	11.7	448.4	11.9	5.8	861.7
0.0	12.3	488.2	11.9	6.4	861.7
0.0	11.9	466.3	11.9	6.6	861.7
0.0	13.6	443.9	11.9	6.9	861.7
0.1	13.8	274.8	12.0	8.6	861.7
0.0	6.0	458.4	12.0	4.1	861.7
0.0	7.5	265.2	12.0	3.7	861.7
1.0	11.5	272.2	12.1	5.5	861.7
3.0	12.2	63.5	12.1	3.5	861.7
0.2	19.3	259.7	12.1	8.6	861.7
0.0	23.2	409.7	12.2	8.5	861.7
3.7	13.3	259.6	12.2	11.4	861.7
13.6	7.1	59.6	12.2	2.6	861.7
13.4	8.2	41.5	12.3	2.2	861.7
15.2	9.2	58.6	12.3	2.8	861.7
7.1	11.9	135.1	12.3	4.1	861.7
0.8	13.9	284.4	12.3	6.3	861.7
0.1	16.7	463.6	12.4	8.3	861.7
0.0	19.1	419.3	12.4	9.1	861.7
2.2	14.7	462.4	12.4	10.7	861.7
0.5	9.5	249.7	12.5	5.0	862.4
23.6	11.7	74.0	12.5	3.7	862.4
0.1	13.6	361.7	12.5	6.4	862.4
34.8	19.7	316.0	12.6	9.6	862.4
0.1	15.7	352.3	12.6	6.1	862.4
7.3	15.9	266.9	12.6	6.0	862.4
26.9	17.9	53.3	12.6	5.9	862.4
15.1	20.3	70.2	12.7	5.4	862.4
0.8	15.6	327.4	12.7	9.4	862.4
5.8	10.9	523.6	12.7	6.4	862.4
2.7	7.1	80.9	12.8	3.9	862.4
0.4	10.2	589.8	12.8	7.1	862.4
0.0	15.1	585.8	12.8	7.9	862.4
0.0	17.5	229.0	12.9	6.9	862.4
1.1	20.6	236.6	12.9	7.7	862.4
3.5	22.3	266.6	12.9	7.4	862.4
8.6	24.8	448.3	12.9	10.5	862.4
15.9	24.9	335.4	13.0	9.0	862.4
3.7	26.7	571.5	13.0	10.8	862.4
1.1	27.1	579.5	13.0	12.2	862.4
0.6	26.4	552.8	13.1	11.3	862.4
0.1	19.2	398.0	13.1	8.6	862.4
0.0	17.0	535.2	13.1	8.6	862.4
1.3	16.1	298.9	13.1	9.5	862.4
0.0	20.4	621.2	13.2	9.9	862.4
9.6	25.3	464.9	13.2	10.2	862.4
0.0	26.3	322.1	13.2	7.4	862.4
23.4	24.5	386.6	13.2	12.9	862.4
6.8	12.6	85.4	13.3	6.9	862.4
0.0	14.1	470.0	13.3	7.6	862.4
0.0	16.5	633.2	13.3	8.1	863.5
24.7	18.3	346.5	13.3	7.7	863.5
1.4	16.7	105.2	13.4	4.7	863.5
0.7	16.3	167.5	13.4	6.8	863.5
0.0	19.5	610.0	13.4	9.6	863.5
0.8	20.6	342.4	13.4	8.4	863.5
5.7	16.9	82.9	13.5	5.3	863.5
0.1	19.7	550.0	13.5	9.7	863.5
0.0	21.4	543.1	13.5	9.9	863.5
1.4	23.2	614.5	13.5	10.8	863.5
0.0	19.5	624.5	13.6	8.7	863.5
4.1	20.4	264.6	13.6	7.4	863.5
0.8	21.9	224.1	13.6	8.6	863.5
15.9	22.8	200.2	13.6	7.7	863.5
0.0	23.1	603.3	13.7	11.0	863.5
0.1	23.7	636.2	13.7	11.0	863.5
0.4	23.3	630.4	13.7	11.4	863.5
5.2	23.4	483.3	13.7	11.7	863.5
34.9	18.9	67.2	13.7	6.4	863.5
2.3	22.1	109.8	13.8	5.8	863.5
0.5	23.7	238.9	13.8	7.3	863.5
16.5	25.3	426.9	13.8	9.8	863.5
7.8	23.8	289.2	13.8	12.9	863.5
0.1	19.2	552.2	13.8	8.8	863.5
0.5	22.5	567.2	13.8	8.9	863.5
1.5	19.7	268.1	13.9	8.0	863.5
0.1	23.7	655.4	13.9	11.6	863.5
0.1	26.2	622.9	13.9	11.8	863.5
0.0	26.9	361.4	13.9	11.4	863.5
1.2	26.2	317.7	13.9	11.5	863.5
1.0	22.7	192.8	13.9	6.4	863.5
1.9	22.9	64.9	13.9	5.2	862.0
1.8	25.1	271.4	14.0	9.0	862.0
8.7	26.1	619.3	14.0	9.5	862.0
0.0	24.0	621.2	14.0	11.6	862.0
0.0	21.7	656.7	14.0	9.3	862.0
27.4	25.2	620.3	14.0	11.2	862.0
27.0	22.0	66.1	14.0	3.4	862.0
0.1	23.5	494.8	14.0	10.3	862.0
0.0	25.2	562.5	14.0	10.3	862.0
0.0	27.3	563.5	14.0	10.9	862.0
0.2	27.8	366.1	14.0	9.9	862.0
0.0	28.4	540.5	14.1	12.3	862.0
12.0	27.5	513.2	14.1	10.5	862.0
3.9	24.8	40.1	14.1	3.4	862.0
0.4	26.4	536.7	14.1	10.6	862.0
0.6	28.4	616.6	14.1	11.9	862.0
2.8	26.8	295.2	14.1	11.8	862.0
0.0	28.4	629.4	14.1	11.0	862.0
8.5	29.0	465.5	14.1	11.0	862.0
61.5	26.4	72.2	14.1	4.8	862.0
22.2	26.6	128.3	14.1	7.2	862.0
51.1	27.4	152.8	14.1	6.0	862.0
1.4	28.0	427.7	14.1	9.5	862.0
3.0	28.8	440.9	14.1	10.4	862.0
11.4	27.9	288.7	14.1	8.6	862.0
1.1	28.8	379.0	14.1	8.8	862.0
7.4	28.9	402.1	14.1	10.3	862.0
24.6	26.8	86.2	14.1	4.6	862.0
0.2	26.9	100.9	14.1	6.8	862.0
0.0	28.9	447.5	14.1	10.3	862.0
0.2	28.8	346.6	14.1	8.3	858.0
17.2	27.9	273.0	14.0	8.0	858.0
10.0	27.6	155.7	14.0	8.6	858.0
22.5	28.0	393.4	14.0	9.4	858.0
19.3	28.1	503.1	14.0	8.9	858.0
21.5	28.7	567.9	14.0	8.9	858.0
0.6	30.3	626.2	14.0	11.7	858.0
0.0	30.9	653.0	14.0	12.7	858.0
0.2	30.3	643.3	14.0	10.1	858.0
3.8	30.1	509.3	14.0	10.7	858.0
0.1	30.8	638.1	14.0	10.8	858.0
0.0	31.8	638.9	13.9	11.0	858.0
0.1	32.2	611.1	13.9	11.1	858.0
0.0	32.5	617.2	13.9	10.6	858.0
1.8	31.7	626.2	13.9	11.0	858.0
17.1	28.9	536.8	13.9	10.5	858.0
30.3	27.2	362.4	13.9	7.8	858.0
25.7	27.5	361.2	13.9	8.6	858.0
15.6	27.9	376.1	13.8	9.4	858.0
0.0	28.9	636.1	13.8	10.8	858.0
2.3	29.5	631.4	13.8	10.6	858.0
3.9	29.5	606.0	13.8	11.4	858.0
6.4	29.1	547.9	13.8	11.0	858.0
2.1	30.0	625.7	13.8	11.4	858.0
4.2	30.1	624.3	13.7	11.9	858.0
4.0	29.8	611.5	13.7	10.5	858.0
6.1	29.7	606.5	13.7	10.8	858.0
2.2	30.1	602.1	13.7	10.8	858.0
7.0	29.3	573.2	13.7	10.8	858.0
0.1	30.3	618.7	13.6	11.2	858.0
0.4	30.8	585.2	13.6	10.8	858.0
12.2	29.3	443.3	13.6	9.8	857.8
9.2	28.7	461.6	13.6	9.8	857.8
23.6	27.6	471.7	13.5	9.2	857.8
14.6	26.7	467.6	13.5	8.6	857.8
3.0	26.7	255.6	13.5	8.1	857.8
0.9	25.6	155.5	13.5	7.3	857.8
0.5	26.9	454.3	13.5	8.9	857.8
9.5	26.3	206.0	13.4	7.0	857.8
5.2	25.0	62.1	13.4	4.2	857.8
0.8	27.2	384.8	13.4	8.8	857.8
10.1	28.0	548.7	13.4	10.0	857.8
17.2	28.1	483.0	13.3	9.3	857.8
0.8	28.8	583.1	13.3	10.1	857.8
18.9	27.7	407.5	13.3	8.6	857.8
10.0	28.1	391.6	13.3	8.3	857.8
19.9	28.2	500.3	13.2	9.8	857.8
12.2	28.3	539.5	13.2	9.9	857.8
16.5	28.4	497.0	13.2	9.2	857.8
19.2	28.4	404.8	13.1	8.2	857.8
24.3	28.1	319.6	13.1	8.0	857.8
18.2	27.9	415.8	13.1	8.7	857.8
12.5	27.7	496.9	13.1	8.8	857.8
1.3	26.3	348.1	13.0	8.1	857.8
0.2	26.5	546.8	13.0	9.3	857.8
0.5	27.5	512.2	13.0	9.2	857.8
0.1	28.4	535.6	13.0	9.7	857.8
0.4	28.5	533.4	12.9	10.1	857.8
1.2	29.2	495.4	12.9	9.0	857.8
1.2	29.5	357.9	12.9	8.1	857.8
0.9	27.8	375.1	12.8	10.2	857.8
0.2	28.3	514.6	12.8	10.0	857.8
0.1	27.0	99.0	12.8	6.1	861.0
0.0	28.5	399.4	12.8	7.5	861.0
0.3	29.2	444.0	12.7	8.0	861.0
0.0	29.8	522.1	12.7	9.9	861.0
0.1	30.5	500.3	12.7	10.3	861.0
0.0	30.3	508.4	12.6	10.6	861.0
0.0	29.8	499.1	12.6	9.2	861.0
0.2	29.9	371.1	12.6	9.1	861.0
6.4	29.1	437.0	12.5	10.8	861.0
0.8	29.6	482.6	12.5	9.3	861.0
0.0	30.7	502.2	12.5	9.7	861.0
0.6	31.4	405.6	12.5	8.3	861.0
0.5	30.3	325.3	12.4	9.8	861.0
0.0	27.0	224.9	12.4	7.1	861.0
0.0	27.4	489.9	12.4	8.6	861.0
0.0	24.9	117.4	12.3	8.3	861.0
0.0	25.5	523.1	12.3	10.2	861.0
0.0	26.2	523.5	12.3	10.7	861.0
0.0	26.8	523.8	12.3	11.2	861.0
0.0	26.2	521.0	12.2	10.7	861.0
0.0	26.8	517.1	12.2	10.4	861.0
0.2	27.5	436.3	12.2	9.0	861.0
0.1	28.0	291.7	12.1	8.3	861.0
0.7	28.4	251.9	12.1	8.1	861.0
0.6	29.4	352.7	12.1	8.9	861.0
0.3	27.2	127.7	12.0	7.2	861.0
0.2	27.7	307.7	12.0	8.6	861.0
0.0	26.2	406.7	12.0	9.6	861.0
0.0	23.2	442.2	11.9	8.3	861.0
0.0	22.5	480.2	11.9	8.1	861.0
0.0	24.4	472.8	11.9	8.5	862.4
0.0	25.5	463.9	11.9	8.8	862.4
0.0	24.4	422.3	11.8	8.5	862.4
0.0	22.1	453.8	11.8	8.9	862.4
0.0	20.9	440.8	11.8	7.6	862.4
0.0	22.0	439.9	11.7	8.1	862.4
0.0	23.0	440.8	11.7	8.0	862.4
0.0	21.6	444.9	11.7	7.6	862.4
0.0	21.1	407.8	11.6	8.0	862.4
0.0	20.8	451.8	11.6	8.4	862.4
0.0	21.7	458.1	11.6	8.8	862.4
0.0	21.4	460.4	11.6	8.4	862.4
0.0	22.1	448.4	11.5	8.4	862.4
0.0	22.3	432.8	11.5	8.6	862.4
0.0	22.3	425.3	11.5	8.5	862.4
0.0	20.4	444.2	11.4	7.9	862.4
0.0	19.5	452.4	11.4	8.1	862.4
0.0	20.3	445.9	11.4	8.9	862.4
0.0	21.1	435.5	11.4	8.7	862.4
0.0	21.3	423.9	11.3	8.1	862.4
0.0	22.8	400.0	11.3	7.8	862.4
0.0	21.0	299.0	11.3	7.5	862.4
0.0	22.0	412.8	11.2	7.9	862.4
0.0	19.5	407.2	11.2	7.6	862.4
0.0	13.4	419.2	11.2	5.6	862.4
0.0	12.9	416.0	11.2	6.0	862.4
0.0	15.7	415.7	11.1	6.5	862.4
0.0	15.6	399.9	11.1	6.5	862.4
0.0	16.8	398.5	11.1	6.8	862.4
0.0	20.5	376.8	11.0	7.2	862.4
0.4	20.4	113.1	11.0	5.4	862.4
0.0	18.6	325.1	11.0	6.3	864.2
0.0	18.8	320.5	11.0	6.5	864.2
0.0	19.5	381.0	10.9	7.3	864.2
0.0	20.4	379.0	10.9	7.7	864.2
0.0	20.8	375.9	10.9	7.7	864.2
0.0	21.6	370.1	10.9	7.2	864.2
0.0	23.0	344.6	10.8	6.9	864.2
0.0	23.6	260.9	10.8	6.5	864.2
0.0	24.0	344.0	10.8	7.2	864.2
0.8	18.4	174.6	10.8	4.2	864.2
0.6	18.3	120.7	10.7	3.3	864.2
2.6	16.6	57.9	10.7	4.2	864.2
0.0	16.8	346.4	10.7	6.1	864.2
0.0	17.3	345.6	10.7	5.9	864.2
0.0	18.6	322.9	10.6	6.2	864.2
0.0	14.6	306.7	10.6	4.7	864.2
0.0	16.9	336.3	10.6	5.9	864.2
0.0	17.5	331.1	10.6	5.8	864.2
0.0	13.5	333.9	10.6	5.0	864.2
0.0	15.8	334.0	10.5	6.0	864.2
0.0	19.5	257.1	10.5	6.2	864.2
0.0	19.3	157.0	10.5	5.2	864.2
0.0	16.6	258.1	10.5	5.1	864.2
0.0	17.5	328.4	10.5	5.5	864.2
0.1	19.9	310.0	10.4	6.1	864.2
1.7	12.8	108.4	10.4	5.0	864.2
0.0	8.0	328.9	10.4	3.5	864.2
0.0	10.8	286.0	10.4	4.7	864.2
0.0	12.6	319.0	10.4	5.2	864.2
0.0	13.6	320.2	10.4	5.5	864.2
0.0	15.8	322.4	10.3	5.6	867.4
0.0	10.4	308.7	10.3	4.3	867.4
0.0	10.0	318.6	10.3	4.3	867.4
0.0	12.5	317.4	10.3	5.4	867.4
0.0	14.7	315.6	10.3	5.9	867.4
0.0	7.5	315.2	10.3	3.6	867.4
0.0	3.4	324.7	10.3	2.7	867.4
0.0	7.2	317.9	10.3	4.2	867.4
0.0	10.0	318.0	10.2	5.2	867.4
0.0	11.9	312.3	10.2	5.5	867.4
0.0	14.8	293.5	10.2	5.4	867.4
0.1	12.9	81.7	10.2	3.6	867.4
0.1	9.7	141.9	10.2	3.0	867.4
0.0	9.6	227.6	10.2	3.6	867.4
0.0	8.6	279.8	10.2	3.6	867.4
0.7	6.4	185.8	10.2	2.6	867.4
0.4	2.9	42.0	10.2	1.9	867.4
0.0	5.1	259.2	10.2	2.8	867.4
0.0	7.0	219.9	10.2	3.2	867.4
0.0	6.1	307.7	10.2	3.7	867.4
0.0	8.0	308.4	10.2	4.1	867.4
0.0	7.3	304.2	10.2	3.9	867.4
0.0	5.3	285.5	10.2	3.3	867.4
0.0	7.4	229.7	10.2	3.4	867.4
0.6	7.6	118.7	10.2	2.7	867.4
0.0	5.5	291.7	10.2	3.5	867.4
0.0	3.1	310.7	10.2	3.2	867.4
0.0	4.6	310.9	10.2	3.7	867.4
0.0	6.7	311.9	10.2	4.2	867.4
0.0	8.4	309.1	10.2	4.7	867.4
0.0	10.4	311.6	10.2	4.9	867.4
0.0	12.1	302.7	10.2	5.1	871.7
0.0	9.8	303.2	10.2	4.7	871.7
0.0	2.7	280.6	10.2	2.7	871.7
0.0	2.9	302.6	10.2	2.6	871.7
0.0	5.8	314.9	10.3	3.4	871.7
0.0	4.9	320.4	10.3	3.4	871.7
0.0	1.9	326.5	10.3	3.0	871.7
0.0	4.6	332.2	10.3	3.4	871.7
0.0	2.1	332.5	10.3	2.6	871.7
0.0	2.8	335.0	10.3	3.1	871.7
0.0	5.3	324.6	10.3	4.1	871.7
0.0	6.8	327.3	10.3	4.1	871.7
0.0	7.7	326.9	10.4	4.4	871.7
0.0	9.0	326.0	10.4	4.9	871.7
0.0	10.8	327.0	10.4	5.4	871.7
0.0	9.3	330.8	10.4	4.8	871.7
0.0	8.6	320.1	10.4	4.6	871.7
0.0	7.9	342.5	10.4	4.6	871.7
0.0	10.2	344.2	10.5	5.5	871.7
0.0	12.8	339.0	10.5	6.0	871.7
0.0	15.5	336.0	10.5	6.5	871.7
0.3	18.1	323.3	10.5	6.4	871.7
0.2	12.3	96.9	10.5	3.4	871.7
1.9	10.4	95.5	10.6	2.7	871.7
0.4	12.0	291.8	10.6	4.3	871.7
2.1	10.9	42.8	10.6	2.7	871.7
0.0	7.9	326.2	10.6	3.9	871.7
0.0	3.7	216.8	10.6	3.0	871.7
0.0	7.2	366.7	10.7	4.2	871.7
24.1	8.7	121.5	10.7	3.2	871.7
3.4	8.8	49.3	10.7	1.9	871.7
1.2	10.1	52.6	10.7	2.6	873.8
30.8	15.0	77.4	10.8	4.4	873.8
3.3	10.5	27.7	10.8	3.2	873.8
11.5	10.6	88.8	10.8	2.6	873.8
30.2	7.1	26.9	10.8	3.2	873.8
32.0	1.0	30.2	10.9	2.4	873.8
0.6	3.6	283.9	10.9	3.0	873.8
0.6	10.1	350.9	10.9	4.4	873.8
0.1	13.7	243.7	10.9	4.3	873.8
6.0	14.3	102.3	11.0	4.4	873.8
5.1	12.9	61.8	11.0	2.9	873.8
13.4	5.5	18.4	11.0	4.4	873.8
0.2	2.2	187.8	11.1	2.7	873.8
0.1	5.8	289.3	11.1	4.1	873.8
0.2	8.2	179.9	11.1	3.5	873.8
0.1	12.8	324.5	11.1	5.1	873.8
0.9	16.3	359.1	11.2	5.9	873.8
20.7	11.8	42.1	11.2	4.0	873.8
6.0	12.2	38.5	11.2	2.7	873.8
7.9	14.1	132.8	11.2	4.5	873.8
11.9	6.0	55.7	11.3	5.9	873.8
0.0	6.1	444.7	11.3	4.3	873.8
0.5	10.0	193.2	11.3	4.4	873.8
0.1	13.2	125.6	11.4	4.5	873.8
5.6	11.7	68.0	11.4	6.2	873.8
8.0	4.8	29.9	11.4	1.6	873.8
17.2	10.6	100.8	11.5	4.6	873.8
0.3	5.5	142.3	11.5	4.1	873.8
10.0	11.2	297.6	11.5	5.1	873.8
11.9	6.3	32.0	11.5	5.3	874.7
1.1	5.1	340.6	11.6	3.3	874.7
17.3	8.1	350.3	11.6	4.0	874.7
11.1	7.1	24.7	11.6	3.5	874.7
0.9	3.8	71.0	11.7	2.2	874.7
0.0	4.8	455.8	11.7	4.2	874.7
1.1	9.2	389.0	11.7	5.5	874.7
0.7	11.8	329.0	11.8	6.1	874.7
10.0	15.5	379.5	11.8	7.3	874.7
0.1	12.3	306.8	11.8	5.8	874.7
0.0	9.0	501.2	11.8	5.4	874.7
0.0	12.5	497.3	11.9	6.6	874.7
9.0	12.4	233.5	11.9	6.3	874.7
0.0	8.0	481.8	11.9	4.3	874.7
0.0	7.9	524.1	12.0	5.6	874.7
0.0	12.5	527.3	12.0	7.4	874.7
6.7	16.8	496.1	12.0	8.5	874.7
8.3	16.1	69.5	12.1	4.4	874.7
4.1	11.3	34.0	12.1	6.6	874.7
21.1	9.4	126.5	12.1	5.4	874.7
0.2	7.9	288.1	12.2	4.9	874.7
8.7	12.7	270.7	12.2	6.2	874.7
27.0	14.2	57.8	12.2	5.3	874.7
0.0	12.2	296.8	12.2	5.9	874.7
0.1	12.2	535.6	12.3	6.7	874.7
0.0	15.6	530.8	12.3	7.5	874.7
0.0	14.6	378.1	12.3	7.2	874.7
0.0	16.4	537.6	12.4	8.9	874.7
2.6	20.3	492.8	12.4	9.7	874.7
1.0	19.8	241.8	12.4	7.9	874.7
1.4	21.7	127.8	12.5	6.0	874.7
3.3	24.7	454.5	12.5	7.5	875.4
24.5	21.5	302.7	12.5	6.5	875.4
0.0	23.4	518.8	12.5	8.2	875.4
0.1	26.5	515.1	12.6	9.3	875.4
6.7	25.4	456.1	12.6	10.7	875.4
0.1	20.5	472.9	12.6	8.7	875.4
0.0	23.0	392.5	12.7	9.3	875.4
6.2	25.7	454.2	12.7	10.1	875.4
19.7	10.3	25.3	12.7	11.6	875.4
11.6	5.4	33.0	12.8	1.5	875.4
12.0	5.2	71.9	12.8	1.7	875.4
21.1	5.4	56.4	12.8	1.4	875.4
2.3	7.0	66.4	12.8	3.0	875.4
0.5	12.0	419.8	12.9	6.8	875.4
8.7	14.2	172.0	12.9	5.6	875.4
0.4	15.9	393.6	12.9	8.1	875.4
6.1	18.2	385.7	13.0	7.8	875.4
33.5	14.7	57.8	13.0	6.7	875.4
19.7	12.9	25.6	13.0	3.0	875.4
18.0	13.6	101.2	13.0	4.3	875.4
0.3	16.1	556.0	13.1	8.5	875.4
4.0	21.6	556.7	13.1	11.1	875.4
1.8	22.8	269.3	13.1	7.8	875.4
4.5	24.7	389.2	13.2	10.1	875.4
13.7	19.5	298.1	13.2	11.9	875.4
16.3	12.3	84.4	13.2	6.4	875.4
7.4	10.3	119.2	13.2	4.9	875.4
0.0	14.7	378.7	13.3	7.0	875.4
0.0	13.9	158.6	13.3	6.0	875.4
4.7	15.3	289.4	13.3	6.2	875.4
33.2	20.7	99.8	13.3	9.2	876.5
17.0	23.1	76.8	13.4	4.8	876.5
0.4	22.9	202.3	13.4	7.8	876.5
0.2	24.8	588.8	13.4	10.0	876.5
8.1	26.1	573.1	13.4	10.5	876.5
4.2	27.3	546.5	13.5	9.8	876.5
7.1	24.4	301.5	13.5	10.9	876.5
17.9	19.8	545.7	13.5	11.2	876.5
10.3	13.7	86.4	13.5	4.0	876.5
13.4	16.7	145.1	13.6	6.4	876.5
12.8	14.4	116.1	13.6	6.6	876.5
0.0	15.1	661.6	13.6	8.6	876.5
0.0	19.4	646.0	13.6	9.8	876.5
0.0	22.1	627.1	13.6	10.6	876.5
0.0	25.0	605.8	13.7	11.0	876.5
41.4	27.1	477.4	13.7	11.4	876.5
19.5	20.4	203.8	13.7	11.1	876.5
0.0	15.7	197.9	13.7	6.4	876.5
0.0	18.7	587.7	13.7	8.4	876.5
0.1	16.8	124.5	13.8	5.6	876.5
0.7	16.6	87.6	13.8	4.3	876.5
0.6	19.9	519.8	13.8	9.9	876.5
0.2	21.8	506.7	13.8	11.3	876.5
0.0	23.5	654.8	13.8	11.6	876.5
0.0	24.9	662.9	13.9	12.3	876.5
0.0	25.8	635.7	13.9	11.7	876.5
25.7	22.6	274.1	13.9	9.5	876.5
1.2	21.0	61.2	13.9	4.6	876.5
0.2	22.6	471.7	13.9	10.1	876.5
0.0	24.7	604.4	13.9	9.6	876.5
0.4	23.6	308.1	13.9	10.1	876.5
0.0	25.3	656.6	14.0	11.2	875.0
2.6	27.1	454.3	14.0	11.1	875.0
67.9	24.4	83.3	14.0	5.4	875.0
1.0	23.6	179.7	14.0	6.8	875.0
0.0	24.6	437.1	14.0	9.5	875.0
0.1	26.4	643.5	14.0	11.0	875.0
0.0	26.8	458.3	14.0	11.9	875.0
0.0	27.0	516.4	14.0	10.7	875.0
16.3	26.1	331.6	14.0	8.6	875.0
4.5	26.7	239.2	14.0	8.3	875.0
1.8	27.6	410.1	14.1	9.2	875.0
8.1	28.7	518.8	14.1	10.8	875.0
31.7	26.8	158.3	14.1	8.1	875.0
8.0	27.0	133.1	14.1	5.4	875.0
21.4	28.1	353.2	14.1	9.1	875.0
18.6	29.0	507.5	14.1	10.0	875.0
53.8	28.4	389.9	14.1	8.5	875.0
1.0	26.7	128.9	14.1	8.7	875.0
0.0	21.7	197.5	14.1	8.9	875.0
1.2	22.2	259.7	14.1	6.4	875.0
2.6	23.6	111.8	14.1	6.4	875.0
1.1	25.5	125.6	14.1	5.9	875.0
4.1	27.1	390.7	14.1	9.5	875.0
9.8	27.8	460.7	14.1	9.7	875.0
22.3	27.6	313.1	14.1	8.0	875.0
32.3	27.2	255.1	14.1	9.0	875.0
19.0	26.4	113.8	14.1	6.8	875.0
50.6	26.3	137.4	14.1	6.6	875.0
28.0	26.4	159.7	14.1	6.0	875.0
26.3	27.2	446.6	14.1	8.9	875.0
23.3	27.7	332.5	14.0	8.3	870.9
7.6	29.7	494.4	14.0	9.8	870.9
0.0	30.4	624.2	14.0	11.6	870.9
0.0	30.8	629.6	14.0	11.6	870.9
0.0	31.4	601.3	14.0	11.7	870.9
0.0	32.1	550.6	14.0	11.7	870.9
0.1	32.8	576.5	14.0	12.3	870.9
0.0	33.2	574.8	14.0	11.2	870.9
10.8	31.4	566.0	14.0	13.4	870.9
2.6	30.6	507.8	14.0	10.7	870.9
6.5	30.3	580.8	14.0	10.4	870.9
19.6	29.1	400.1	13.9	8.6	870.9
6.3	29.5	421.5	13.9	10.5	870.9
11.1	29.6	461.9	13.9	9.3	870.9
7.0	29.9	552.7	13.9	12.0	870.9
12.8	29.6	592.4	13.9	9.9	870.9
6.9	29.6	616.7	13.9	11.4	870.9
7.1	29.4	607.5	13.8	10.8	870.9
12.8	29.7	599.2	13.8	10.2	870.9
3.0	30.3	594.1	13.8	11.7	870.9
0.0	31.4	609.9	13.8	11.5	870.9
3.3	31.2	557.4	13.8	12.6	870.9
0.0	32.1	631.0	13.8	12.5	870.9
0.0	32.4	631.9	13.7	12.9	870.9
1.3	32.5	621.8	13.7	12.7	870.9
3.3	32.0	565.8	13.7	11.8	870.9
4.0	31.2	567.9	13.7	11.2	870.9
0.0	30.6	623.8	13.7	11.1	870.9
0.9	30.9	570.4	13.6	10.1	870.9
2.0	30.7	455.2	13.6	10.0	870.9
24.6	28.6	555.8	13.6	9.8	870.9
21.4	28.6	492.5	13.6	8.8	870.9
3.0	29.1	445.5	13.6	9.5	870.9
6.0	28.5	374.8	13.5	8.9	870.9
2.2	28.8	494.6	13.5	9.5	870.9
26.2	28.6	452.2	13.5	8.9	870.9
18.7	28.4	310.7	13.5	8.5	870.9
23.0	28.4	379.1	13.4	9.1	870.9
20.3	27.5	297.5	13.4	8.7	870.9
4.2	27.2	237.4	13.4	7.0	870.9
0.6	27.8	463.3	13.4	9.1	870.9
0.2	28.4	565.9	13.3	9.0	870.9
0.4	29.6	545.5	13.3	9.3	870.9
8.5	28.6	487.6	13.3	10.1	870.9
11.2	27.5	449.8	13.3	8.4	870.9
0.3	26.2	493.9	13.2	8.9	870.9
0.0	26.6	541.5	13.2	9.5	870.9
0.0	27.5	598.3	13.2	10.5	870.9
0.1	28.7	598.8	13.2	10.7	870.9
0.0	29.4	588.9	13.1	10.8	870.9
0.0	30.3	490.1	13.1	10.2	870.9
21.7	28.0	365.7	13.1	11.2	870.9
8.1	28.3	541.9	13.0	10.5	870.9
1.1	29.0	532.5	13.0	10.5	870.9
0.0	29.7	576.4	13.0	11.0	870.9
0.0	29.6	580.1	13.0	10.8	870.9
0.0	31.0	561.1	12.9	10.2	870.9
11.7	29.3	398.3	12.9	11.1	870.9
0.2	29.8	357.7	12.9	11.1	870.9
0.0	30.6	560.8	12.8	11.5	870.9
0.0	31.5	555.4	12.8	11.0	870.9
0.0	31.7	543.6	12.8	10.8	870.9
13.9	28.9	349.4	12.8	11.1	874.1
28.2	21.3	28.5	12.7	6.1	874.1
3.7	22.6	27.1	12.7	4.8	874.1
2.0	23.9	39.5	12.7	3.4	874.1
2.3	25.5	244.9	12.6	6.8	874.1
8.9	26.5	303.0	12.6	8.0	874.1
0.9	27.4	442.9	12.6	8.4	874.1
2.8	27.6	324.1	12.6	8.4	874.1
13.3	27.6	385.8	12.5	9.1	874.1
1.0	24.6	76.3	12.5	5.9	874.1
0.0	25.2	519.3	12.5	8.5	874.1
0.0	26.3	501.0	12.4	8.7	874.1
0.0	27.9	507.3	12.4	9.4	874.1
1.0	28.0	405.2	12.4	8.4	874.1
0.0	24.2	395.3	12.3	8.2	874.1
0.1	23.9	464.5	12.3	7.7	874.1
0.0	23.7	359.8	12.3	9.6	874.1
0.0	23.9	529.9	12.3	9.6	874.1
0.1	26.0	463.4	12.2	9.4	874.1
0.3	25.2	205.4	12.2	8.9	874.1
0.0	24.7	514.9	12.2	9.5	874.1
0.0	23.3	513.9	12.1	9.3	874.1
0.0	25.4	497.1	12.1	10.5	874.1
0.0	24.7	516.6	12.1	9.3	874.1
0.0	26.2	490.2	12.0	10.4	874.1
0.0	25.3	477.3	12.0	10.6	874.1
0.0	24.3	454.5	12.0	9.5	874.1
0.0	24.8	471.2	12.0	10.0	874.1
0.0	26.2	489.1	11.9	10.4	874.1
0.0	25.3	475.4	11.9	9.3	874.1
0.0	25.2	424.8	11.9	9.2	875.5
0.0	25.7	464.4	11.8	9.7	875.5
0.0	26.0	471.4	11.8	9.8	875.5
0.0	26.6	465.2	11.8	9.8	875.5
0.0	27.4	458.4	11.7	9.3	875.5
0.0	29.2	436.5	11.7	8.9	875.5
0.0	29.2	408.5	11.7	8.7	875.5
2.9	29.5	343.7	11.7	8.8	875.5
8.0	25.6	95.4	11.6	5.8	875.5
22.2	24.2	193.8	11.6	5.6	875.5
0.0	22.9	229.8	11.6	5.6	875.5
0.1	24.0	327.8	11.5	6.3	875.5
0.0	25.9	307.1	11.5	7.3	875.5
2.7	24.3	397.8	11.5	9.8	875.5
0.1	14.6	135.1	11.4	5.6	875.5
0.0	13.2	446.6	11.4	5.5	875.5
0.0	14.9	359.8	11.4	6.4	875.5
0.0	17.5	434.2	11.4	7.4	875.5
0.0	20.5	428.8	11.3	7.8	875.5
0.0	19.7	414.1	11.3	6.8	875.5
0.0	20.0	274.7	11.3	6.8	875.5
0.0	20.4	408.0	11.2	7.7	875.5
0.0	20.5	271.0	11.2	7.6	875.5
0.0	21.6	404.4	11.2	8.3	875.5
0.0	22.3	400.8	11.2	8.1	875.5
0.0	21.9	392.7	11.1	7.5	875.5
0.0	21.4	349.6	11.1	7.0	875.5
0.0	22.1	247.5	11.1	6.9	875.5
0.0	23.1	251.6	11.1	6.9	875.5
0.0	22.4	367.9	11.0	6.2	875.5
6.0	21.8	353.1	11.0	8.8	875.5
0.0	10.8	350.7	11.0	4.6	877.3
0.0	9.9	352.9	10.9	4.2	877.3
0.0	14.3	358.0	10.9	5.4	877.3
0.1	13.9	118.5	10.9	3.7	877.3
0.0	14.6	271.3	10.9	4.4	877.3
0.0	15.8	262.6	10.8	5.7	877.3
0.0	14.6	318.3	10.8	4.3	877.3
0.0	15.4	164.5	10.8	3.9	877.3
21.6	17.5	145.0	10.8	4.8	877.3
18.6	16.9	36.8	10.7	1.7	877.3
8.6	14.6	14.2	10.7	4.3	877.3
0.2	7.9	135.2	10.7	3.3	877.3
0.0	6.4	357.8	10.7	3.2	877.3
0.0	10.1	324.8	10.6	3.8	877.3
0.0	9.1	164.2	10.6	3.6	877.3
0.0	7.7	357.6	10.6	4.0	877.3
0.1	9.6	342.4	10.6	4.4	877.3
0.0	9.7	333.7	10.6	4.5	877.3
0.0	12.8	321.5	10.5	4.9	877.3
0.3	16.3	306.7	10.5	5.3	877.3
0.0	12.5	156.2	10.5	5.0	877.3
0.0	9.7	341.2	10.5	4.3	877.3
0.0	10.0	329.8	10.5	4.6	877.3
0.0	9.6	241.7	10.4	4.1	877.3
0.0	12.3	321.7	10.4	5.3	877.3
0.0	11.7	328.3	10.4	4.8	877.3
0.0	11.7	282.2	10.4	4.4	877.3
0.0	13.0	281.0	10.4	5.0	877.3
0.0	14.2	303.8	10.4	4.9	877.3
0.0	12.2	309.4	10.3	4.5	877.3
0.0	14.1	309.9	10.3	5.3	880.5
0.0	16.1	275.2	10.3	5.2	880.5
0.0	19.2	302.0	10.3	5.9	880.5
0.1	20.6	291.2	10.3	6.1	880.5
0.5	13.5	82.2	10.3	4.3	880.5
0.0	10.4	270.3	10.3	3.6	880.5
0.2	11.6	138.9	10.3	3.2	880.5
0.0	11.4	283.8	10.2	4.7	880.5
0.0	11.9	311.7	10.2	4.9	880.5
0.0	12.5	310.3	10.2	5.2	880.5
0.0	15.0	298.6	10.2	5.4	880.5
0.0	15.2	189.5	10.2	4.9	880.5
0.1	13.7	292.2	10.2	6.1	880.5
0.0	4.4	306.6	10.2	2.7	880.5
0.0	5.7	302.3	10.2	3.4	880.5
0.0	4.9	310.6	10.2	3.4	880.5
0.0	5.9	226.1	10.2	3.4	880.5
0.0	11.9	264.3	10.2	4.6	880.5
0.0	9.7	61.8	10.2	3.6	880.5
0.0	8.3	296.1	10.2	3.9	880.5
0.0	5.8	307.8	10.2	3.2	880.5
0.0	9.6	292.2	10.2	4.5	880.5
0.0	11.7	297.0	10.2	5.2	880.5
0.0	12.0	295.5	10.2	4.8	880.5
0.0	13.2	290.0	10.2	5.3	880.5
0.1	15.6	295.7	10.2	5.5	880.5
1.4	18.1	246.4	10.2	5.4	880.5
3.5	19.2	105.5	10.2	3.9	880.5
1.3	11.5	58.4	10.2	5.2	880.5
13.3	3.8	124.8	10.2	1.8	880.5
8.0	0.4	16.2	10.2	1.3	880.5
1.8	3.5	197.3	10.2	2.1	884.8
2.8	2.2	18.4	10.2	2.2	884.8
0.0	-0.9	312.6	10.2	2.0	884.8
0.0	1.0	316.7	10.3	2.5	884.8
0.0	3.3	319.8	10.3	3.2	884.8
0.0	6.1	289.7	10.3	3.8	884.8
0.0	7.5	304.5	10.3	4.0	884.8
1.7	11.0	183.2	10.3	4.0	884.8
2.0	9.1	17.4	10.3	3.0	884.8
6.8	14.0	142.9	10.3	4.1	884.8
1.5	12.6	54.6	10.3	3.3	884.8
0.5	9.4	125.6	10.4	4.0	884.8
4.3	3.8	103.4	10.4	1.5	884.8
0.1	4.2	159.6	10.4	2.8	884.8
0.1	4.9	336.6	10.4	3.5	884.8
0.0	6.3	323.3	10.4	3.7	884.8
0.0	1.3	182.2	10.4	2.4	884.8
0.0	1.4	338.2	10.5	2.6	884.8
0.0	4.8	314.9	10.5	3.6	884.8
0.0	9.3	241.8	10.5	4.1	884.8
0.6	14.9	248.0	10.5	4.8	884.8
2.9	14.7	44.4	10.5	2.7	884.8
1.8	17.1	317.3	10.6	5.9	884.8
7.6	5.5	26.1	10.6	3.4	884.8
1.9	3.4	129.8	10.6	1.8	884.8
3.6	2.8	96.0	10.6	1.3	884.8
0.9	4.4	104.7	10.6	2.4	884.8
0.2	0.8	127.6	10.7	1.7	884.8
1.4	4.0	222.5	10.7	2.7	884.8
13.0	5.0	64.2	10.7	2.0	884.8
2.4	5.1	44.7	10.7	1.2	884.8
10.8	6.7	117.1	10.8	2.3	886.9
12.6	4.7	19.9	10.8	2.8	886.9
0.0	1.7	305.9	10.8	2.5	886.9
0.0	2.7	377.1	10.8	2.7	886.9
0.0	3.9	350.8	10.9	3.5	886.9
1.5	7.8	378.7	10.9	4.3	886.9
0.6	3.5	186.3	10.9	4.0	886.9
0.0	0.4	407.4	10.9	2.3	886.9
0.0	4.5	399.0	11.0	4.1	886.9
0.0	5.3	210.8	11.0	4.0	886.9
0.0	10.3	403.0	11.0	5.4	886.9
4.2	14.5	199.9	11.0	5.8	886.9
0.4	8.1	165.0	11.1	3.7	886.9
0.6	9.1	94.8	11.1	2.9	886.9
11.3	13.8	206.8	11.1	6.7	886.9
0.3	6.8	301.1	11.2	3.9	886.9
0.0	10.2	221.3	11.2	4.4	886.9
16.9	15.4	316.5	11.2	6.3	886.9
12.1	8.5	19.2	11.2	4.5	886.9
8.6	-2.1	35.8	11.3	2.9	886.9
0.0	-1.0	444.5	11.3	2.7	886.9
0.0	2.4	438.5	11.3	3.6	886.9
2.1	7.2	427.3	11.4	4.8	886.9
13.7	7.2	57.7	11.4	3.1	886.9
6.2	10.7	50.6	11.4	5.5	886.9
0.8	7.5	158.9	11.4	3.3	886.9
9.4	11.7	176.7	11.5	5.0	886.9
35.4	13.1	39.5	11.5	3.4	886.9
4.9	7.6	40.2	11.5	5.2	887.8
6.0	6.2	92.6	11.6	2.5	887.8
0.5	8.7	296.0	11.6	5.3	887.8
11.1	12.4	291.8	11.6	6.2	887.8
4.1	9.8	63.9	11.7	3.6	887.8
4.7	12.6	178.4	11.7	5.2	887.8
28.8	16.1	85.1	11.7	6.1	887.8
18.4	8.1	25.8	11.7	4.1	887.8
29.2	6.8	25.4	11.8	2.6	887.8
0.7	8.0	211.7	11.8	4.3	887.8
0.6	8.0	477.8	11.8	5.5	887.8
29.0	5.8	193.4	11.9	2.9	887.8
8.8	6.3	57.2	11.9	2.2	887.8
0.2	5.9	255.5	11.9	3.7	887.8
19.4	6.2	71.2	12.0	2.9	887.8
45.1	7.0	28.1	12.0	2.1	887.8
44.0	5.4	19.1	12.0	2.5	887.8
36.2	2.6	33.7	12.1	3.4	887.8
0.2	2.6	317.5	12.1	3.0	887.8
0.1	5.7	438.4	12.1	4.1	887.8
0.1	7.2	315.5	12.1	4.7	887.8
0.6	11.1	486.1	12.2	6.4	887.8
0.1	12.9	362.9	12.2	5.7	887.8
18.4	13.9	143.5	12.2	4.6	887.8
53.6	15.5	73.2	12.3	4.2	887.8
29.9	16.5	64.2	12.3	5.8	887.8
6.6	16.6	473.5	12.3	6.6	887.8
2.1	14.6	135.2	12.4	6.4	887.8
2.2	18.1	482.7	12.4	8.4	887.8
11.6	13.6	68.7	12.4	4.0	887.8
31.0	16.7	145.7	12.5	8.4	887.8
0.0	6.7	563.5	12.5	4.9	888.5
0.0	12.5	529.5	12.5	7.3	888.5
7.1	12.0	84.9	12.5	5.1	888.5
0.5	13.7	425.1	12.6	6.6	888.5
16.6	16.7	203.9	12.6	6.2	888.5
20.1	21.8	217.3	12.6	8.2	888.5
0.7	16.9	102.7	12.7	7.5	888.5
7.2	17.6	386.4	12.7	8.1	888.5
27.9	13.6	66.9	12.7	4.5	888.5
10.2	17.4	105.4	12.8	9.1	888.5
10.5	13.1	173.6	12.8	3.9	888.5
47.1	18.0	455.9	12.8	8.2	888.5
42.2	13.8	54.3	12.8	4.4	888.5
32.8	12.5	47.2	12.9	3.2	888.5
2.6	12.0	48.0	12.9	2.9	888.5
3.8	14.6	183.5	12.9	6.1	888.5
36.0	17.0	78.1	13.0	7.1	888.5
13.6	17.2	343.5	13.0	7.4	888.5
18.3	14.7	224.7	13.0	6.8	888.5
3.1	12.5	39.1	13.0	2.3	888.5
2.5	15.7	168.8	13.1	6.1	888.5
43.6	16.7	136.8	13.1	4.6	888.5
22.2	19.4	80.0	13.1	5.8	888.5
5.7	20.5	98.1	13.1	5.6	888.5
20.4	21.9	107.4	13.2	6.9	888.5
27.7	20.1	196.4	13.2	9.2	888.5
0.4	15.4	220.1	13.2	8.2	888.5
17.1	14.8	200.5	13.3	5.0	888.5
27.1	20.6	72.5	13.3	9.0	888.5
0.5	18.5	141.8	13.3	8.7	888.5
26.1	21.3	523.5	13.3	9.7	889.6
5.7	17.7	81.1	13.4	7.3	889.6
20.7	18.7	205.6	13.4	7.2	889.6
13.2	19.1	122.3	13.4	9.0	889.6
0.0	18.1	648.6	13.4	9.8	889.6
0.0	19.3	577.6	13.5	9.7	889.6
8.7	19.7	221.4	13.5	7.6	889.6
4.9	24.1	258.3	13.5	10.1	889.6
1.5	23.1	158.1	13.5	9.1	889.6
8.7	20.5	396.3	13.6	7.5	889.6
5.1	23.8	288.3	13.6	11.0	889.6
48.8	22.3	144.3	13.6	11.1	889.6
1.0	15.6	60.7	13.6	4.9	889.6
0.0	16.5	379.5	13.6	8.4	889.6
0.0	20.3	634.9	13.7	10.2	889.6
0.0	20.8	576.9	13.7	9.9	889.6
0.1	21.3	587.4	13.7	10.9	889.6
0.0	15.6	120.6	13.7	5.7	889.6
0.6	15.9	266.4	13.7	5.6	889.6
0.7	17.6	209.0	13.8	7.8	889.6
0.0	19.4	643.2	13.8	10.9	889.6
0.0	21.5	667.7	13.8	11.4	889.6
0.0	23.2	611.6	13.8	11.4	889.6
0.1	26.5	602.5	13.8	11.2	889.6
25.3	24.9	227.7	13.9	11.8	889.6
0.2	21.7	508.4	13.9	10.5	889.6
0.0	24.0	643.9	13.9	12.8	889.6
0.5	25.0	436.8	13.9	9.9	889.6
0.0	21.8	292.8	13.9	8.4	889.6
0.4	23.9	538.3	13.9	9.7	889.6
0.0	26.3	655.0	13.9	11.7	889.6
0.0	27.6	592.1	14.0	11.5	888.1
0.0	28.4	614.6	14.0	11.0	888.1
0.1	29.7	438.0	14.0	10.4	888.1
35.8	27.3	351.9	14.0	9.7	888.1
0.3	24.1	342.0	14.0	10.3	888.1
0.0	22.5	658.5	14.0	11.6	888.1
0.0	23.0	682.5	14.0	11.9	888.1
0.0	23.7	676.1	14.0	12.1	888.1
0.0	24.7	509.2	14.0	11.8	888.1
0.0	27.0	583.1	14.0	11.6	888.1
0.0	25.2	257.7	14.1	9.8	888.1
0.0	24.3	288.9	14.1	9.5	888.1
1.6	24.6	336.9	14.1	10.2	888.1
2.2	20.6	181.0	14.1	7.6	888.1
0.3	21.1	473.5	14.1	9.3	888.1
0.0	23.8	584.2	14.1	9.7	888.1
0.0	23.8	458.7	14.1	11.0	888.1
0.0	26.5	667.8	14.1	12.2	888.1
0.0	29.2	584.5	14.1	11.7	888.1
38.6	26.3	282.4	14.1	8.5	888.1
11.5	26.8	273.6	14.1	8.6	888.1
27.2	26.5	219.4	14.1	7.1	888.1
1.0	27.1	209.7	14.1	8.4	888.1
4.5	27.7	375.7	14.1	10.4	888.1
20.0	27.3	423.2	14.1	8.5	888.1
24.2	26.0	69.1	14.1	5.3	888.1
14.6	25.8	62.0	14.1	4.4	888.1
35.0	26.2	213.8	14.1	6.7	888.1
10.5	26.6	162.6	14.1	6.1	888.1
15.0	27.1	280.7	14.1	9.5	888.1
13.7	27.7	422.3	14.1	10.0	884.0
0.9	28.7	639.6	14.0	11.4	884.0
0.0	29.3	614.4	14.0	11.3	884.0
0.1	29.6	534.5	14.0	10.7	884.0
2.9	29.7	593.4	14.0	11.4	884.0
5.3	28.8	597.6	14.0	11.3	884.0
3.5	28.2	486.8	14.0	9.2	884.0
13.4	28.0	499.9	14.0	10.0	884.0
11.8	27.7	448.4	14.0	9.0	884.0
2.5	27.7	324.1	14.0	8.6	884.0
11.2	28.2	499.0	14.0	11.0	884.0
20.7	28.1	526.9	13.9	10.2	884.0
10.4	28.3	389.3	13.9	9.4	884.0
1.0	28.8	447.9	13.9	9.3	884.0
1.4	28.7	479.5	13.9	9.0	884.0
1.2	26.7	87.7	13.9	5.8	884.0
1.4	26.7	94.3	13.9	5.8	884.0
1.9	27.4	249.1	13.9	7.7	884.0
8.5	27.6	329.9	13.8	8.9	884.0
17.4	28.0	468.6	13.8	9.7	884.0
5.2	28.8	561.0	13.8	10.0	884.0
21.4	28.1	571.5	13.8	10.4	884.0
4.3	29.2	616.5	13.8	10.6	884.0
10.3	29.2	531.2	13.7	11.0	884.0
18.4	27.5	308.8	13.7	8.4	884.0
11.2	27.9	557.3	13.7	9.6	884.0
12.6	28.1	551.1	13.7	9.4	884.0
12.4	27.9	544.7	13.7	10.2	884.0
11.9	27.5	331.3	13.6	8.7	884.0
13.0	26.7	220.4	13.6	7.3	884.0
24.6	27.0	374.9	13.6	8.9	884.0
6.4	27.3	270.3	13.6	8.5	884.0
0.2	27.5	352.1	13.6	9.5	884.0
0.6	27.4	491.3	13.5	9.7	884.0
0.3	28.1	590.8	13.5	10.4	884.0
0.5	28.4	504.9	13.5	9.6	884.0
0.6	28.6	429.7	13.5	9.9	884.0
0.2	29.3	566.0	13.4	10.4	884.0
0.1	30.5	563.8	13.4	10.5	884.0
6.1	29.7	458.9	13.4	11.1	884.0
16.0	28.7	370.4	13.4	8.9	884.0
19.2	28.5	384.4	13.3	8.6	884.0
34.8	28.0	278.4	13.3	8.3	884.0
20.8	28.4	366.5	13.3	9.1	884.0
32.3	27.0	404.1	13.3	8.6	884.0
3.4	26.3	163.8	13.2	6.0	884.0
26.2	26.9	263.4	13.2	7.7	884.0
19.6	27.7	288.3	13.2	8.2	884.0
11.0	28.4	387.4	13.2	9.1	884.0
10.1	28.9	510.2	13.1	9.3	884.0
8.8	28.9	544.2	13.1	10.3	884.0
5.1	29.4	542.8	13.1	10.8	884.0
18.2	28.6	476.4	13.1	9.6	884.0
10.0	28.4	523.7	13.0	10.0	884.0
13.1	28.1	547.2	13.0	9.7	884.0
10.9	28.0	551.5	13.0	9.6	884.0
9.4	28.2	546.3	12.9	9.9	884.0
5.6	28.8	550.0	12.9	9.4	884.0
5.8	28.8	546.6	12.9	9.5	884.0
12.1	27.9	484.5	12.9	9.4	884.0
4.4	24.2	112.4	12.8	8.0	884.0
0.0	22.5	76.8	12.8	4.8	884.0
0.0	23.1	202.0	12.8	6.0	887.3
0.1	23.7	286.0	12.7	7.7	887.3
1.8	22.2	156.9	12.7	5.3	887.3
0.4	21.3	85.0	12.7	4.5	887.3
2.5	22.5	413.0	12.7	7.6	887.3
1.0	23.9	444.7	12.6	7.1	887.3
1.3	24.1	71.0	12.6	4.9	887.3
3.3	24.4	29.2	12.6	3.7	887.3
4.8	26.5	83.7	12.5	5.8	887.3
30.2	27.0	189.0	12.5	6.2	887.3
31.5	26.7	144.5	12.5	6.3	887.3
26.3	26.9	273.5	12.4	6.5	887.3
18.4	25.5	85.0	12.4	5.8	887.3
1.4	26.0	273.6	12.4	8.3	887.3
9.3	26.6	481.9	12.4	8.5	887.3
12.6	25.9	413.7	12.3	8.0	887.3
10.0	25.7	413.2	12.3	7.2	887.3
10.7	26.3	409.6	12.3	7.5	887.3
6.9	26.9	441.7	12.2	8.4	887.3
6.2	27.1	430.8	12.2	8.6	887.3
8.5	26.6	419.3	12.2	8.1	887.3
10.1	26.7	451.2	12.1	8.0	887.3
14.3	26.7	418.1	12.1	7.7	887.3
5.2	27.5	473.4	12.1	8.6	887.3
6.8	27.5	457.0	12.1	8.3	887.3
19.3	25.7	346.6	12.0	7.3	887.3
0.0	22.5	383.8	12.0	7.4	887.3
0.0	21.6	473.0	12.0	7.0	887.3
0.2	20.9	404.1	11.9	7.3	887.3
0.0	18.5	188.8	11.9	3.9	887.3
0.0	19.5	61.5	11.9	4.0	888.7
0.0	20.2	230.2	11.8	5.5	888.7
0.0	19.0	258.5	11.8	5.8	888.7
0.0	21.1	430.0	11.8	6.9	888.7
0.0	20.3	67.2	11.8	3.9	888.7
14.6	18.4	33.5	11.7	4.7	888.7
0.4	17.7	131.7	11.7	3.4	888.7
1.1	19.5	152.6	11.7	4.4	888.7
0.3	20.5	204.4	11.6	6.7	888.7
0.0	20.6	438.4	11.6	7.3	888.7
0.0	19.4	447.9	11.6	7.5	888.7
0.0	20.4	432.6	11.5	7.0	888.7
0.0	18.4	444.3	11.5	6.9	888.7
0.0	19.2	407.6	11.5	6.5	888.7
0.0	19.8	430.0	11.5	7.5	888.7
0.0	21.3	436.2	11.4	8.0	888.7
0.0	22.4	431.1	11.4	8.7	888.7
0.0	22.7	428.5	11.4	8.5	888.7
0.0	23.0	420.4	11.3	7.7	888.7
0.0	24.0	395.6	11.3	7.6	888.7
0.3	24.0	345.4	11.3	7.0	888.7
0.0	22.5	269.0	11.3	7.8	888.7
0.0	22.8	408.8	11.2	8.3	888.7
0.0	22.5	402.7	11.2	7.5	888.7
0.0	21.4	398.2	11.2	6.9	888.7
0.0	19.8	394.5	11.1	6.7	888.7
0.0	19.4	390.0	11.1	6.3	888.7
0.0	19.6	370.8	11.1	6.9	888.7
0.0	18.5	391.4	11.1	7.0	888.7
0.0	20.1	383.9	11.0	7.2	888.7
0.0	21.8	373.7	11.0	7.3	888.7
0.0	20.5	354.3	11.0	5.4	890.4
0.0	21.1	284.4	10.9	5.9	890.4
0.0	17.5	387.6	10.9	5.6	890.4
0.0	16.8	384.0	10.9	6.5	890.4
0.0	18.1	285.0	10.9	6.3	890.4
0.0	20.2	371.8	10.8	6.7	890.4
0.0	17.0	373.6	10.8	6.3	890.4
0.0	18.9	366.4	10.8	6.7	890.4
0.0	15.8	173.3	10.8	4.9	890.4
0.0	17.2	354.2	10.7	6.1	890.4
0.0	18.4	350.4	10.7	6.6	890.4
0.0	19.8	350.0	10.7	7.0	890.4
0.0	21.0	350.3	10.7	7.3	890.4
0.0	23.1	343.0	10.7	7.1	890.4
0.0	24.2	332.8	10.6	7.1	890.4
0.0	24.0	310.1	10.6	7.0	890.4
0.0	18.4	233.4	10.6	5.5	890.4
0.3	19.3	315.3	10.6	5.1	890.4
0.0	20.3	178.4	10.5	4.7	890.4
0.1	16.8	110.2	10.5	4.7	890.4
0.0	12.9	337.5	10.5	4.4	890.4
0.0	13.0	332.6	10.5	4.8	890.4
0.0	13.6	328.9	10.5	5.5	890.4
0.0	14.5	336.0	10.4	5.7	890.4
0.0	15.9	331.1	10.4	5.5	890.4
0.0	13.1	322.3	10.4	4.5	890.4
0.0	13.5	321.3	10.4	4.6	890.4
0.0	14.6	320.6	10.4	5.2	890.4
0.0	16.5	298.9	10.4	5.4	890.4
0.0	14.8	276.6	10.3	5.2	890.4
0.0	11.3	310.6	10.3	3.5	893.6
0.0	11.5	186.0	10.3	3.9	893.6
0.0	17.2	294.2	10.3	5.4	893.6
0.0	20.3	293.2	10.3	5.5	893.6
0.3	21.1	244.7	10.3	5.5	893.6
2.2	20.3	84.1	10.3	4.5	893.6
5.2	15.4	21.9	10.3	3.1	893.6
11.5	12.4	29.1	10.3	2.3	893.6
11.4	10.0	11.2	10.2	2.2	893.6
3.1	8.8	11.8	10.2	1.1	893.6
1.4	10.6	62.3	10.2	2.0	893.6
0.0	15.2	250.4	10.2	4.2	893.6
0.4	16.5	102.9	10.2	3.6	893.6
1.6	15.2	93.6	10.2	2.9	893.6
0.3	15.9	118.7	10.2	2.8	893.6
4.2	18.5	256.9	10.2	4.7	893.6
3.1	12.8	38.3	10.2	2.0	893.6
1.3	13.8	37.3	10.2	2.1	893.6
0.1	16.8	204.3	10.2	3.9	893.6
0.4	17.2	135.4	10.2	3.2	893.6
4.1	12.2	161.4	10.2	5.3	893.6
1.6	3.3	25.8	10.2	2.1	893.6
1.0	1.2	79.9	10.2	1.0	893.6
0.4	1.7	70.2	10.2	1.3	893.6
0.6	3.2	104.8	10.2	1.8	893.6
0.7	4.1	62.2	10.2	1.1	893.6
1.8	6.1	100.3	10.2	2.0	893.6
5.1	2.8	27.4	10.2	2.0	893.6
6.9	0.8	17.0	10.2	0.6	893.6
17.6	0.1	21.4	10.2	0.8	893.6
0.2	-0.6	162.1	10.2	1.6	893.6
0.0	2.4	308.0	10.2	2.4	898.0
0.0	0.2	308.4	10.2	2.3	898.0
0.0	0.3	65.0	10.2	1.7	898.0
0.0	1.5	316.1	10.3	2.5	898.0
0.0	4.0	311.0	10.3	3.3	898.0
0.0	8.1	274.2	10.3	4.1	898.0
0.3	10.2	271.0	10.3	4.2	898.0
25.6	5.6	49.2	10.3	3.5	898.0
0.1	-3.7	123.2	10.3	0.9	898.0
0.0	-2.2	105.9	10.3	1.2	898.0
0.0	-1.0	315.2	10.3	2.5	898.0
0.6	0.7	190.7	10.3	2.8	898.0
0.3	5.7	273.2	10.4	3.6	898.0
9.3	6.6	38.4	10.4	1.7	898.0
4.5	5.6	18.8	10.4	1.8	898.0
14.3	4.5	41.8	10.4	1.2	898.0
4.0	3.9	31.3	10.4	2.0	898.0
0.0	-0.9	336.5	10.4	1.8	898.0
0.0	-1.0	346.9	10.5	2.2	898.0
0.1	3.4	342.8	10.5	3.3	898.0
0.0	1.3	311.9	10.5	2.8	898.0
0.0	3.2	227.2	10.5	3.0	898.0
0.0	6.1	352.1	10.5	4.2	898.0
0.0	10.1	334.5	10.6	5.2	898.0
4.5	8.2	37.9	10.6	2.6	898.0
0.9	6.2	59.3	10.6	2.0	898.0
0.3	5.2	206.2	10.6	3.7	898.0
0.0	5.4	310.5	10.7	3.9	898.0
0.0	6.6	358.9	10.7	4.2	898.0
0.0	7.8	362.9	10.7	4.4	898.0
1.4	10.0	356.6	10.7	5.1	898.0
0.3	-0.8	123.8	10.8	2.8	900.1
0.0	-1.7	388.0	10.8	2.6	900.1
0.0	3.7	380.1	10.8	3.9	900.1
0.0	8.5	367.4	10.8	5.0	900.1
2.6	11.6	161.9	10.9	4.5	900.1
4.8	11.1	39.3	10.9	3.6	900.1
13.5	8.8	143.3	10.9	2.8	900.1
33.0	9.6	22.1	10.9	2.4	900.1
20.3	11.8	73.9	11.0	4.0	900.1
1.9	3.1	48.9	11.0	3.2	900.1
0.0	1.4	151.4	11.0	2.3	900.1
0.0	-0.6	421.2	11.0	2.8	900.1
0.0	4.3	424.2	11.1	4.6	900.1
0.0	9.4	401.5	11.1	5.8	900.1
2.1	15.7	303.6	11.1	6.6	900.1
14.3	7.4	16.2	11.1	4.8	900.1
14.1	3.5	22.5	11.2	1.8	900.1
8.8	1.5	59.8	11.2	1.7	900.1
0.0	4.3	289.1	11.2	3.8	900.1
0.0	7.7	387.4	11.3	4.6	900.1
0.0	9.0	437.3	11.3	5.3	900.1
0.0	11.1	443.5	11.3	6.1	900.1
0.0	13.3	442.2	11.4	6.8	900.1
0.0	12.6	374.1	11.4	6.6	900.1
0.0	16.8	432.6	11.4	7.6	900.1
9.6	8.8	71.2	11.4	5.5	900.1
0.0	5.0	452.1	11.5	2.7	900.1
0.0	6.9	458.5	11.5	3.6	900.1
0.1	8.6	240.7	11.5	4.9	901.0
0.0	10.3	471.9	11.6	6.7	901.0
0.0	13.9	421.4	11.6	6.9	901.0
0.0	12.1	456.0	11.6	7.8	901.0
0.0	10.5	496.9	11.6	6.0	901.0
0.3	14.7	355.7	11.7	7.5	901.0
0.1	11.3	193.4	11.7	6.2	901.0
0.0	13.1	498.3	11.7	7.5	901.0
0.0	16.9	376.7	11.8	8.2	901.0
0.0	18.1	504.3	11.8	9.2	901.0
0.1	21.1	471.6	11.8	9.8	901.0
6.1	21.2	188.1	11.9	8.7	901.0
0.3	17.6	136.6	11.9	7.4	901.0
0.1	12.3	219.1	11.9	5.8	901.0
0.0	17.3	516.6	12.0	8.6	901.0
0.0	21.5	508.8	12.0	10.0	901.0
0.0	25.7	484.0	12.0	11.2	901.0
0.0	28.5	491.0	12.0	10.9	901.0
0.0	28.8	504.7	12.1	8.7	901.0
0.1	25.0	422.6	12.1	12.7	901.0
9.0	10.7	53.9	12.1	6.0	901.0
9.8	7.3	38.9	12.2	3.6	901.0
0.0	10.1	509.8	12.2	5.9	901.0
0.0	14.5	549.2	12.2	7.3	901.0
0.0	12.0	554.6	12.3	6.6	901.0
0.0	14.4	556.2	12.3	8.2	901.0
0.0	20.6	505.8	12.3	10.3	901.0
0.0	25.6	507.6	12.4	10.6	901.0
0.0	23.4	517.8	12.4	12.5	901.0
0.0	17.0	573.1	12.4	8.9	901.0
0.0	20.9	467.9	12.4	9.8	901.0
17.7	16.1	83.4	12.5	5.9	901.7
8.6	16.9	106.6	12.5	7.7	901.7
0.6	13.8	240.1	12.5	5.6	901.7
0.5	21.2	392.3	12.6	9.1	901.7
22.1	20.3	240.1	12.6	8.9	901.7
0.0	19.2	573.3	12.6	9.6	901.7
12.9	13.9	348.3	12.7	6.3	901.7
79.0	12.0	45.1	12.7	3.3	901.7
1.7	10.4	105.5	12.7	3.3	901.7
0.2	13.0	513.5	12.7	7.0	901.7
34.2	9.3	181.4	12.8	5.8	901.7
41.9	8.7	45.2	12.8	3.5	901.7
39.1	13.8	67.5	12.8	7.8	901.7
18.3	17.7	70.8	12.9	6.9	901.7
1.0	18.4	552.7	12.9	8.3	901.7
11.5	16.4	89.4	12.9	4.1	901.7
0.2	16.4	478.1	12.9	9.2	901.7
0.1	17.1	510.3	13.0	10.0	901.7
1.1	14.1	503.4	13.0	6.4	901.7
0.3	13.4	191.1	13.0	4.4	901.7
23.9	18.5	82.8	13.1	6.9	901.7
6.4	18.6	73.9	13.1	4.7	901.7
2.9	19.3	279.0	13.1	8.4	901.7
16.6	22.9	439.7	13.1	10.0	901.7
13.7	23.8	189.9	13.2	6.2	901.7
13.5	23.8	111.3	13.2	5.4	901.7
17.1	23.2	242.7	13.2	6.5	901.7
0.1	24.7	557.1	13.3	10.6	901.7
0.0	25.0	573.4	13.3	11.3	901.7
2.3	24.7	575.1	13.3	10.1	901.7
7.7	24.6	520.1	13.3	8.3	902.8
7.6	24.0	80.7	13.4	5.7	902.8
4.5	21.0	55.5	13.4	6.1	902.8
0.3	22.8	202.1	13.4	8.6	902.8
39.1	24.5	485.9	13.4	9.9	902.8
10.6	23.5	238.4	13.5	7.6	902.8
24.4	25.4	451.2	13.5	8.9	902.8
4.9	25.1	160.9	13.5	5.6	902.8
1.5	25.5	421.2	13.5	10.7	902.8
11.9	21.6	582.5	13.5	9.4	902.8
24.9	17.6	92.3	13.6	2.6	902.8
1.2	18.8	159.5	13.6	5.2	902.8
0.4	21.1	216.6	13.6	7.4	902.8
0.1	24.6	339.1	13.6	9.7	902.8
7.3	25.8	594.2	13.7	10.0	902.8
1.4	27.3	587.7	13.7	9.8	902.8
0.7	25.1	287.3	13.7	9.9	902.8
11.6	26.1	371.9	13.7	8.1	902.8
0.2	27.4	494.6	13.7	10.4	902.8
39.4	24.7	253.4	13.8	10.9	902.8
2.2	19.7	220.0	13.8	7.1	902.8
0.0	20.8	579.0	13.8	9.4	902.8
14.5	22.5	486.4	13.8	9.6	902.8
63.2	19.6	47.8	13.8	7.5	902.8
0.2	21.0	539.2	13.8	10.1	902.8
0.0	24.1	618.3	13.9	11.2	902.8
0.0	25.1	487.9	13.9	10.4	902.8
36.0	22.4	67.3	13.9	5.8	902.8
26.5	24.2	86.6	13.9	6.3	902.8
4.2	25.0	38.3	13.9	4.2	902.8
1.1	25.1	164.2	13.9	8.0	902.8
7.0	22.7	149.1	14.0	8.6	901.3
0.4	20.7	225.2	14.0	6.8	901.3
0.0	21.9	441.0	14.0	9.2	901.3
0.1	22.2	181.6	14.0	7.0	901.3
0.6	23.7	201.4	14.0	8.0	901.3
0.0	26.0	504.2	14.0	10.5	901.3
0.0	27.9	593.9	14.0	11.3	901.3
0.3	27.7	501.4	14.0	11.8	901.3
0.4	26.4	366.7	14.0	9.9	901.3
1.6	26.2	659.3	14.0	12.4	901.3
0.0	26.2	656.2	14.0	11.7	901.3
0.0	27.2	637.1	14.1	10.8	901.3
0.0	28.5	467.5	14.1	10.3	901.3
10.0	28.1	492.5	14.1	11.6	901.3
11.1	28.5	567.5	14.1	10.6	901.3
18.3	27.3	360.6	14.1	8.2	901.3
7.8	27.2	262.6	14.1	8.8	901.3
25.0	27.8	475.7	14.1	9.5	901.3
2.1	29.0	537.9	14.1	10.2	901.3
9.8	28.7	614.2	14.1	11.6	901.3
11.4	28.8	576.9	14.1	10.3	901.3
18.2	28.4	434.5	14.1	10.7	901.3
1.7	28.6	344.8	14.1	10.4	901.3
0.6	26.3	295.1	14.1	9.0	901.3
0.0	26.0	346.7	14.1	8.7	901.3
0.1	25.7	467.9	14.1	10.5	901.3
0.1	26.0	514.9	14.1	9.3	901.3
0.0	25.7	340.7	14.1	8.7	901.3
12.9	23.4	118.2	14.1	6.9	901.3
7.7	22.5	90.9	14.1	5.0	901.3
0.8	24.0	207.9	14.1	7.6	897.2
0.5	25.8	424.7	14.0	9.2	897.2
1.3	27.3	387.4	14.0	9.8	897.2
6.1	27.6	509.6	14.0	10.1	897.2
1.3	26.2	114.9	14.0	5.8	897.2
17.4	26.8	347.5	14.0	7.9	897.2
1.4	26.8	214.9	14.0	7.2	897.2
5.1	27.8	462.2	14.0	9.4	897.2
14.6	26.7	136.8	14.0	7.4	897.2
15.7	27.5	250.2	14.0	8.7	897.2
18.3	27.9	375.6	14.0	10.0	897.2
0.1	28.8	362.6	13.9	8.6	897.2
18.3	27.9	223.5	13.9	8.7	897.2
2.4	27.6	184.9	13.9	7.7	897.2
20.3	28.6	582.1	13.9	9.8	897.2
10.9	28.7	592.8	13.9	10.6	897.2
6.2	28.6	482.0	13.9	10.7	897.2
7.9	28.5	526.5	13.9	11.0	897.2
3.5	28.7	610.3	13.8	11.0	897.2
14.0	28.1	468.6	13.8	10.1	897.2
11.5	28.1	518.2	13.8	9.5	897.2
9.3	28.0	433.6	13.8	10.4	897.2
13.2	27.8	405.0	13.8	8.9	897.2
1.9	28.8	560.9	13.8	11.0	897.2
7.5	28.9	597.0	13.7	10.4	897.2
0.0	29.9	629.4	13.7	11.1	897.2
0.1	29.9	591.1	13.7	11.4	897.2
0.2	30.3	610.2	13.7	10.6	897.2
0.2	30.1	582.9	13.7	11.3	897.2
0.1	30.0	593.0	13.6	10.5	897.2
0.5	29.3	335.2	13.6	9.3	897.2
0.9	28.9	389.8	13.6	9.7	897.2
0.9	29.7	518.4	13.6	10.3	897.2
0.2	30.3	501.7	13.5	10.3	897.2
10.7	28.7	544.6	13.5	10.5	897.2
0.0	28.6	608.4	13.5	9.9	897.2
2.8	28.9	368.4	13.5	8.1	897.2
4.7	28.3	279.0	13.4	8.0	897.2
0.9	27.6	87.8	13.4	5.7	897.2
1.5	28.2	290.8	13.4	8.1	897.2
14.0	28.2	436.4	13.4	9.0	897.2
26.0	27.7	320.1	13.3	9.1	897.2
19.6	27.5	297.5	13.3	8.9	897.2
1.8	27.1	177.1	13.3	7.2	897.2
0.5	27.5	187.6	13.3	7.3	897.2
0.6	27.9	277.4	13.2	8.3	897.2
6.8	28.6	464.1	13.2	10.0	897.2
22.1	28.2	537.5	13.2	8.6	897.2
24.3	27.4	288.3	13.2	7.5	897.2
0.0	27.8	526.7	13.1	10.4	897.2
0.2	27.7	476.3	13.1	10.6	897.2
0.0	28.2	573.9	13.1	10.7	897.2
0.0	28.7	589.2	13.1	11.0	897.2
0.0	29.0	566.6	13.0	10.3	897.2
7.5	27.1	221.4	13.0	8.6	897.2
9.3	26.4	376.5	13.0	7.7	897.2
10.4	26.6	330.1	12.9	8.0	897.2
13.4	27.4	494.8	12.9	9.2	897.2
15.9	27.7	419.2	12.9	8.5	897.2
16.1	27.4	360.5	12.9	7.8	897.2
21.9	27.2	390.3	12.8	8.1	897.2
32.2	25.6	237.0	12.8	8.4	897.2
2.1	23.4	49.6	12.8	3.0	900.5
0.2	23.7	50.1	12.7	4.0	900.5
0.0	24.0	157.1	12.7	5.9	900.5
0.4	25.1	436.9	12.7	8.0	900.5
0.1	25.6	526.5	12.7	9.2	900.5
0.1	26.3	548.4	12.6	9.5	900.5
0.3	27.1	523.9	12.6	9.5	900.5
0.0	27.9	538.7	12.6	9.9	900.5
0.1	28.9	515.4	12.5	10.4	900.5
0.0	29.5	496.9	12.5	10.3	900.5
0.1	30.8	498.1	12.5	9.6	900.5
2.5	29.0	194.0	12.5	7.7	900.5
0.0	30.0	390.5	12.4	9.0	900.5
0.0	31.0	478.6	12.4	10.2	900.5
0.0	30.3	497.0	12.4	10.1	900.5
0.0	30.5	503.8	12.3	10.2	900.5
0.0	30.1	500.3	12.3	9.0	900.5
0.5	26.8	160.1	12.3	7.2	900.5
0.8	28.1	373.0	12.2	8.2	900.5
0.1	27.4	236.6	12.2	7.1	900.5
0.0	25.5	215.4	12.2	6.9	900.5
0.0	25.4	507.3	12.2	9.7	900.5
0.0	25.8	488.2	12.1	9.1	900.5
0.0	26.0	268.5	12.1	7.2	900.5
0.0	24.1	378.4	12.1	8.9	900.5
0.2	23.7	377.9	12.0	8.3	900.5
0.0	24.6	489.4	12.0	8.9	900.5
0.0	26.3	480.6	12.0	9.7	900.5
0.0	27.3	477.9	11.9	9.5	900.5
0.1	27.6	411.9	11.9	8.7	900.5
0.1	29.0	386.1	11.9	8.2	901.9
1.7	27.1	209.1	11.8	7.3	901.9
0.0	24.0	460.5	11.8	8.5	901.9
0.0	21.4	480.4	11.8	7.5	901.9
0.0	20.1	480.9	11.8	8.5	901.9
0.0	21.4	479.2	11.7	8.9	901.9
0.0	22.6	473.3	11.7	9.3	901.9
0.0	23.0	467.1	11.7	9.4	901.9
0.0	23.6	464.4	11.6	9.2	901.9
0.0	25.0	445.7	11.6	9.6	901.9
0.0	25.1	441.5	11.6	9.1	901.9
0.0	25.3	438.7	11.6	9.0	901.9
0.0	25.4	435.1	11.5	9.2	901.9
0.0	24.6	436.7	11.5	8.3	901.9
0.0	25.9	421.9	11.5	7.9	901.9
0.0	27.6	414.6	11.4	8.1	901.9
0.0	28.4	407.5	11.4	8.1	901.9
0.0	28.8	397.0	11.4	7.8	901.9
4.8	21.6	193.8	11.3	8.8	901.9
0.0	15.1	87.9	11.3	4.3	901.9
0.0	12.6	70.8	11.3	3.2	901.9
0.0	15.3	154.3	11.3	4.5	901.9
0.9	18.2	63.2	11.2	4.1	901.9
4.4	18.9	81.4	11.2	3.8	901.9
7.4	19.2	62.7	11.2	2.3	901.9
3.3	19.1	86.3	11.1	3.5	901.9
16.3	18.1	28.3	11.1	1.7	901.9
0.8	18.0	38.3	11.1	3.9	901.9
1.7	16.3	113.3	11.1	2.7	901.9
1.1	18.4	70.0	11.0	3.4	901.9
19.2	19.4	142.0	11.0	3.7	901.9
12.8	7.7	44.9	11.0	6.1	903.7
0.0	7.0	399.7	11.0	3.5	903.7
0.0	10.1	294.1	10.9	4.1	903.7
0.0	13.1	371.5	10.9	4.8	903.7
0.0	13.9	81.1	10.9	3.0	903.7
6.6	13.6	117.1	10.9	2.5	903.7
14.4	11.8	14.7	10.8	3.2	903.7
0.6	9.6	156.9	10.8	3.3	903.7
1.2	12.5	322.9	10.8	4.1	903.7
2.8	15.2	65.9	10.8	2.7	903.7
3.5	14.5	50.1	10.7	3.8	903.7
2.9	10.8	51.3	10.7	1.9	903.7
0.5	13.0	103.6	10.7	3.0	903.7
3.5	16.7	122.8	10.7	4.0	903.7
14.1	12.2	20.1	10.6	3.8	903.7
0.4	8.8	39.6	10.6	2.3	903.7
0.4	9.7	325.1	10.6	3.5	903.7
0.3	12.7	267.1	10.6	4.3	903.7
0.0	15.7	321.8	10.6	4.8	903.7
1.0	19.6	294.4	10.5	5.4	903.7
0.4	19.5	62.5	10.5	3.0	903.7
18.8	20.1	40.9	10.5	3.1	903.7
5.5	14.5	20.0	10.5	4.5	903.7
0.0	7.2	186.3	10.5	3.4	903.7
0.8	5.0	194.8	10.4	1.9	903.7
13.1	5.0	33.3	10.4	0.9	903.7
0.1	6.0	187.8	10.4	2.9	903.7
0.0	4.6	325.4	10.4	2.7	903.7
0.0	6.7	176.7	10.4	2.9	903.7
0.1	9.8	278.2	10.4	3.9	903.7
2.8	13.8	240.7	10.3	4.3	906.9
6.6	10.7	49.2	10.3	3.2	906.9
0.0	10.6	309.7	10.3	3.4	906.9
0.0	10.0	82.5	10.3	2.2	906.9
0.4	14.1	286.9	10.3	4.1	906.9
0.7	17.1	237.2	10.3	4.6	906.9
0.8	18.8	288.6	10.3	4.6	906.9
0.2	14.8	139.7	10.3	3.4	906.9
0.0	15.9	248.3	10.2	3.9	906.9
5.6	13.2	129.7	10.2	5.6	906.9
0.0	6.5	299.8	10.2	3.1	906.9
0.0	7.3	307.8	10.2	3.4	906.9
0.0	7.8	302.9	10.2	3.8	906.9
0.0	2.6	311.6	10.2	2.2	906.9
0.0	3.8	308.4	10.2	2.9	906.9
0.0	7.8	235.1	10.2	4.0	906.9
0.0	9.9	298.2	10.2	4.3	906.9
0.0	6.6	302.6	10.2	3.6	906.9
0.0	4.2	302.3	10.2	3.0	906.9
0.0	2.1	297.0	10.2	2.5	906.9
0.0	3.4	311.2	10.2	3.0	906.9
0.0	6.1	281.6	10.2	3.7	906.9
0.0	8.6	302.5	10.2	4.6	906.9
0.0	10.5	303.6	10.2	5.1	906.9
0.0	7.8	298.4	10.2	4.2	906.9
0.0	5.6	292.5	10.2	3.3	906.9
0.1	10.0	297.0	10.2	4.2	906.9
0.0	16.2	178.6	10.2	5.0	906.9
0.1	21.4	136.1	10.2	4.5	906.9
5.4	20.9	260.8	10.2	6.9	906.9
4.4	7.6	30.4	10.2	3.0	906.9
13.4	7.3	125.6	10.2	2.3	911.3
34.7	3.2	15.3	10.2	2.5	911.3
25.7	-2.4	21.2	10.2	1.2	911.3
0.7	-4.4	160.5	10.2	1.5	911.3
0.0	-2.1	322.6	10.3	1.8	911.3
0.0	0.9	315.4	10.3	2.7	911.3
0.2	4.9	285.2	10.3	3.2	911.3
1.3	9.2	81.0	10.3	2.9	911.3
1.0	9.4	102.6	10.3	2.6	911.3
11.6	7.0	42.5	10.3	2.4	911.3
7.9	3.1	14.8	10.3	1.7	911.3
10.5	-1.2	17.2	10.3	1.6	911.3
0.0	-3.5	208.0	10.4	1.7	911.3
0.0	-3.1	328.3	10.4	1.9	911.3
0.0	1.4	253.8	10.4	2.7	911.3
0.0	1.5	339.0	10.4	2.7	911.3
0.0	5.4	277.3	10.4	3.6	911.3
0.0	4.5	333.2	10.4	3.3	911.3
0.0	7.8	335.2	10.5	4.3	911.3
4.0	12.8	310.5	10.5	5.4	911.3
1.2	5.3	46.1	10.5	3.1	911.3
0.0	0.1	112.5	10.5	2.1	911.3
2.8	4.2	187.1	10.5	3.1	911.3
8.2	7.6	19.9	10.6	2.9	911.3
3.2	2.8	36.0	10.6	1.9	911.3
0.1	-2.9	207.2	10.6	2.2	911.3
0.0	-3.1	364.3	10.6	2.0	911.3
1.1	2.5	115.6	10.7	2.5	911.3
3.6	2.8	40.2	10.7	2.0	911.3
0.0	3.1	321.9	10.7	3.4	911.3
0.0	3.8	369.8	10.7	3.3	911.3
0.0	5.9	331.5	10.7	4.1	913.4
0.0	8.6	357.1	10.8	4.7	913.4
0.1	7.3	284.8	10.8	3.9	913.4
0.0	10.8	362.7	10.8	5.2	913.4
1.6	12.1	350.9	10.8	6.6	913.4
0.0	3.4	330.7	10.9	3.4	913.4
0.0	7.0	401.8	10.9	4.5	913.4
0.0	11.4	323.9	10.9	5.6	913.4
0.0	13.2	376.6	10.9	6.1	913.4
0.0	16.8	368.2	11.0	6.8	913.4
0.0	13.2	399.1	11.0	6.3	913.4
0.0	14.4	411.5	11.0	5.6	913.4
0.0	13.3	403.1	11.1	6.4	913.4
0.0	14.6	408.3	11.1	7.0	913.4
0.0	17.8	402.9	11.1	7.7	913.4
19.5	20.1	189.0	11.1	6.6	913.4
2.0	4.4	47.4	11.2	5.9	913.4
9.4	3.8	340.1	11.2	2.9	913.4
26.0	2.9	37.4	11.2	2.2	913.4
0.3	1.9	211.3	11.3	2.6	913.4
0.1	6.2	247.2	11.3	4.5	913.4
0.1	10.0	402.2	11.3	5.8	913.4
10.6	15.3	75.7	11.3	5.8	913.4
4.7	10.5	25.9	11.4	5.5	913.4
0.4	5.0	114.0	11.4	3.2	913.4
0.0	4.7	460.4	11.4	4.0	913.4
0.1	5.9	462.5	11.5	4.2	913.4
0.0	8.5	465.4	11.5	5.3	913.4
0.0	13.0	467.2	11.5	7.3	914.3
0.0	14.9	401.0	11.6	6.9	914.3
0.0	16.1	198.1	11.6	6.2	914.3
0.0	15.0	463.7	11.6	6.8	914.3
0.0	21.2	459.1	11.6	9.9	914.3
0.0	21.3	432.1	11.7	9.4	914.3
0.0	25.7	437.0	11.7	10.3	914.3
0.0	26.3	447.9	11.7	9.6	914.3
0.0	24.6	290.1	11.8	9.2	914.3
20.0	15.0	431.5	11.8	13.1	914.3
0.5	6.9	355.9	11.8	3.3	914.3
20.8	7.0	57.5	11.9	2.7	914.3
1.6	8.1	81.2	11.9	2.5	914.3
15.7	13.0	131.6	11.9	4.9	914.3
0.3	17.1	72.6	11.9	5.4	914.3
1.1	22.2	401.9	12.0	7.9	914.3
23.2	21.0	252.6	12.0	7.4	914.3
10.4	22.7	453.6	12.0	8.0	914.3
37.4	20.0	58.1	12.1	4.1	914.3
16.2	20.9	261.1	12.1	6.3	914.3
4.0	15.4	28.7	12.1	6.5	914.3
0.2	14.5	102.6	12.2	4.8	914.3
0.7	20.6	202.9	12.2	7.6	914.3
12.0	20.3	215.3	12.2	8.8	914.3
0.5	15.3	121.6	12.3	4.2	914.3
12.7	18.9	291.3	12.3	6.6	914.3
20.2	20.1	118.3	12.3	5.2	914.3
17.2	19.6	103.2	12.3	8.5	914.3
0.0	14.8	419.5	12.4	5.9	914.3
30.7	16.8	157.4	12.4	6.4	914.3
8.9	12.4	57.7	12.4	8.9	914.3
0.1	8.8	238.8	12.5	4.4	915.0
0.0	11.6	459.5	12.5	6.0	915.0
0.1	13.6	565.7	12.5	7.7	915.0
0.0	17.2	577.1	12.6	9.1	915.0
38.4	19.0	125.7	12.6	5.7	915.0
11.4	18.3	163.9	12.6	6.4	915.0
0.4	19.4	301.3	12.6	7.4	915.0
0.0	20.7	572.0	12.7	8.6	915.0
33.3	23.9	367.6	12.7	8.2	915.0
4.6	13.5	185.7	12.7	10.8	915.0
0.0	14.1	598.2	12.8	7.5	915.0
0.0	21.9	545.1	12.8	10.5	915.0
1.3	26.0	314.7	12.8	7.7	915.0
6.5	20.6	195.8	12.9	8.2	915.0
2.9	24.9	515.2	12.9	10.7	915.0
5.5	24.8	295.0	12.9	13.2	915.0
2.1	17.1	279.8	12.9	6.3	915.0
1.6	18.3	237.1	13.0	7.1	915.0
0.4	21.9	190.4	13.0	7.6	915.0
0.2	25.6	247.1	13.0	8.2	915.0
1.2	26.1	313.9	13.1	7.8	915.0
8.3	26.2	369.8	13.1	9.6	915.0
33.7	25.4	205.9	13.1	7.7	915.0
55.0	21.8	78.8	13.1	8.7	915.0
20.5	17.3	335.9	13.2	9.2	915.0
16.6	13.1	91.7	13.2	3.6	915.0
0.0	13.9	188.1	13.2	6.4	915.0
14.8	17.6	537.3	13.2	8.7	915.0
9.1	15.3	45.8	13.3	3.8	915.0
0.5	17.4	304.7	13.3	7.1	915.0
0.9	19.3	503.4	13.3	8.2	916.1
10.0	20.3	141.9	13.3	7.3	916.1
0.0	20.5	643.3	13.4	9.8	916.1
0.0	22.1	597.5	13.4	10.5	916.1
1.0	25.4	582.6	13.4	10.7	916.1
37.1	26.1	444.1	13.4	8.7	916.1
0.5	25.7	549.2	13.5	11.6	916.1
1.2	25.0	304.4	13.5	9.2	916.1
1.1	24.8	240.3	13.5	7.5	916.1
16.2	25.8	398.8	13.5	9.0	916.1
7.1	28.0	493.4	13.6	9.6	916.1
28.2	23.6	162.1	13.6	10.0	916.1
0.0	20.6	367.3	13.6	10.7	916.1
25.8	19.6	579.5	13.6	10.0	916.1
7.5	16.2	49.6	13.7	4.4	916.1
0.0	18.7	488.3	13.7	8.6	916.1
0.1	16.1	346.8	13.7	7.3	916.1
0.1	21.2	611.2	13.7	10.8	916.1
0.1	24.9	629.1	13.7	10.5	916.1
0.3	27.3	597.0	13.8	10.2	916.1
15.6	27.3	426.0	13.8	10.7	916.1
14.5	28.0	472.3	13.8	10.8	916.1
13.8	21.2	102.2	13.8	11.1	916.1
0.0	19.4	576.2	13.8	9.9	916.1
0.0	18.7	599.1	13.8	8.7	916.1
0.1	16.2	206.9	13.9	7.7	916.1
0.0	20.5	648.6	13.9	9.3	916.1
0.0	23.7	553.9	13.9	9.8	916.1
42.2	22.5	91.8	13.9	7.4	916.1
7.0	20.8	71.9	13.9	4.7	916.1
0.0	23.0	638.3	13.9	10.4	916.1
0.0	24.6	641.2	13.9	10.9	914.6
0.0	24.6	480.9	14.0	10.8	914.6
0.1	24.2	264.0	14.0	9.1	914.6
0.6	23.2	170.4	14.0	7.4	914.6
0.1	24.4	389.4	14.0	9.4	914.6
0.3	25.8	538.3	14.0	10.2	914.6
0.2	27.4	520.2	14.0	10.9	914.6
0.2	28.2	426.2	14.0	10.1	914.6
13.2	28.5	424.3	14.0	10.5	914.6
0.2	25.3	434.0	14.0	10.8	914.6
0.0	27.2	598.6	14.0	10.3	914.6
3.0	28.1	288.1	14.1	9.1	914.6
45.4	28.3	392.8	14.1	9.4	914.6
0.1	24.6	495.3	14.1	12.0	914.6
3.0	22.3	620.7	14.1	10.0	914.6
25.5	16.5	55.9	14.1	4.8	914.6
2.3	18.5	62.9	14.1	6.2	914.6
0.6	23.0	489.7	14.1	10.1	914.6
0.0	25.7	582.2	14.1	10.6	914.6
0.0	26.6	560.0	14.1	10.7	914.6
0.0	27.1	646.0	14.1	11.4	914.6
0.0	27.7	481.1	14.1	11.0	914.6
17.9	26.7	255.2	14.1	10.1	914.6
37.9	25.0	96.6	14.1	6.7	914.6
36.2	26.1	112.1	14.1	7.2	914.6
35.1	25.6	52.6	14.1	6.7	914.6
0.7	23.9	128.6	14.1	5.5	914.6
0.6	25.3	499.2	14.1	9.9	914.6
0.3	26.9	520.5	14.1	10.0	914.6
1.6	27.3	526.8	14.1	10.1	914.6
0.3	26.1	253.0	14.1	7.5	910.4
0.4	27.7	400.2	14.0	10.2	910.4
0.8	28.9	562.6	14.0	10.7	910.4
0.0	28.4	450.9	14.0	10.5	910.4
0.0	30.0	658.1	14.0	11.6	910.4
0.0	32.1	609.4	14.0	11.0	910.4
38.6	28.4	257.5	14.0	11.6	910.4
34.8	26.6	194.4	14.0	7.3	910.4
18.1	27.4	281.5	14.0	7.0	910.4
0.3	26.4	129.6	14.0	5.9	910.4
2.1	26.8	216.3	14.0	7.0	910.4
15.3	26.7	290.5	13.9	8.5	910.4
13.3	26.4	149.7	13.9	7.1	910.4
12.6	26.6	222.1	13.9	7.5	910.4
0.0	26.6	268.4	13.9	8.5	910.4
2.9	27.6	502.6	13.9	10.8	910.4
11.4	27.2	422.3	13.9	9.7	910.4
0.5	26.6	177.7	13.9	7.1	910.4
0.0	26.3	81.8	13.8	6.0	910.4
5.1	28.0	374.3	13.8	9.8	910.4
24.1	27.7	333.3	13.8	8.6	910.4
18.3	27.9	407.9	13.8	9.2	910.4
24.7	27.9	364.6	13.8	9.7	910.4
10.2	27.6	482.4	13.8	9.2	910.4
6.6	27.6	487.1	13.7	9.0	910.4
19.3	27.6	527.3	13.7	10.0	910.4
4.5	28.7	602.6	13.7	10.9	910.4
0.0	29.2	560.4	13.7	10.7	910.4
0.7	29.5	620.3	13.7	10.9	910.4
10.1	28.8	572.5	13.6	10.9	910.4
7.7	28.6	468.9	13.6	8.9	910.4
12.7	28.2	392.9	13.6	8.6	910.4
4.6	28.7	421.5	13.6	10.0	910.4
12.1	28.6	403.0	13.5	9.9	910.4
10.0	28.6	442.0	13.5	10.7	910.4
0.0	28.8	486.7	13.5	10.8	910.4
0.2	29.1	610.5	13.5	10.6	910.4
1.3	29.2	583.3	13.5	10.6	910.4
3.2	28.7	558.3	13.4	10.1	910.4
3.0	28.4	515.6	13.4	9.2	910.4
1.3	28.2	267.7	13.4	8.3	910.4
15.0	28.6	401.3	13.4	9.4	910.4
12.4	28.9	453.2	13.3	9.2	910.4
11.7	28.9	432.3	13.3	9.1	910.4
10.6	28.7	275.3	13.3	8.5	910.4
24.5	28.7	469.6	13.3	9.6	910.4
13.0	28.9	450.4	13.2	9.0	910.4
17.3	28.7	390.4	13.2	9.2	910.4
16.2	28.2	285.0	13.2	7.4	910.4
6.8	28.3	457.8	13.1	10.4	910.4
0.1	28.9	576.2	13.1	10.1	910.4
0.2	28.9	560.7	13.1	10.1	910.4
0.1	29.4	579.7	13.1	10.3	910.4
0.1	30.1	550.4	13.0	10.2	910.4
0.1	30.7	487.3	13.0	10.8	910.4
7.9	29.6	525.9	13.0	10.5	910.4
13.8	28.6	472.6	13.0	9.5	910.4
16.7	28.2	476.4	12.9	9.2	910.4
15.0	28.6	521.8	12.9	9.7	910.4
12.1	29.0	519.7	12.9	9.9	910.4
8.5	28.9	529.8	12.8	9.8	910.4
14.3	28.5	539.4	12.8	9.3	910.4
11.2	28.4	527.3	12.8	9.7	913.8
11.2	28.4	466.8	12.8	8.3	913.8
13.2	28.1	444.0	12.7	8.2	913.8
12.8	27.6	307.4	12.7	7.8	913.8
13.5	27.8	417.5	12.7	8.4	913.8
9.0	28.3	484.1	12.6	8.6	913.8
1.6	29.6	514.2	12.6	9.8	913.8
8.5	29.0	500.9	12.6	9.3	913.8
12.6	27.8	327.6	12.5	8.0	913.8
23.9	27.3	363.4	12.5	8.0	913.8
21.1	27.7	347.9	12.5	8.6	913.8
13.3	27.8	350.1	12.5	8.3	913.8
20.1	26.6	276.6	12.4	7.9	913.8
2.2	24.7	82.7	12.4	4.3	913.8
0.1	25.1	351.6	12.4	7.7	913.8
0.0	26.1	426.4	12.3	8.4	913.8
0.7	27.3	409.6	12.3	7.7	913.8
18.7	27.9	351.7	12.3	7.7	913.8
11.0	27.7	322.9	12.2	8.1	913.8
19.8	26.6	302.7	12.2	7.8	913.8
0.1	27.6	454.6	12.2	8.7	913.8
0.0	28.5	472.3	12.2	9.3	913.8
0.0	28.9	489.4	12.1	9.5	913.8
0.0	29.1	487.0	12.1	9.0	913.8
0.0	28.9	481.4	12.1	8.9	913.8
0.0	28.9	484.4	12.0	9.4	913.8
0.1	26.8	463.1	12.0	11.4	913.8
0.0	21.5	489.1	12.0	7.7	913.8
0.0	21.5	476.4	11.9	8.3	913.8
0.0	24.5	449.2	11.9	9.5	913.8
0.0	25.9	386.3	11.9	9.3	915.2
0.0	25.1	306.2	11.9	9.0	915.2
0.0	27.3	466.3	11.8	9.8	915.2
0.0	27.6	462.6	11.8	9.6	915.2
0.0	27.1	464.5	11.8	9.9	915.2
0.0	24.5	401.6	11.7	8.2	915.2
0.0	19.1	478.2	11.7	7.6	915.2
0.0	18.5	480.3	11.7	7.5	915.2
0.0	20.5	464.0	11.6	7.7	915.2
0.0	21.4	423.8	11.6	7.8	915.2
0.0	20.6	456.6	11.6	8.0	915.2
0.0	21.2	457.8	11.6	8.7	915.2
0.0	21.8	455.3	11.5	8.3	915.2
0.0	23.2	435.4	11.5	8.2	915.2
0.1	25.0	369.6	11.5	7.5	915.2
0.9	24.0	63.8	11.4	4.8	915.2
0.0	23.9	304.8	11.4	7.2	915.2
0.0	22.4	422.8	11.4	7.9	915.2
0.0	22.0	429.4	11.4	8.2	915.2
0.0	22.5	425.4	11.3	8.0	915.2
0.0	22.8	413.8	11.3	8.1	915.2
0.0	22.8	408.0	11.3	7.9	915.2
0.0	23.4	403.7	11.2	7.8	915.2
0.0	23.6	392.1	11.2	7.2	915.2
0.0	22.4	359.4	11.2	6.6	915.2
0.0	19.2	410.3	11.2	7.1	915.2
0.0	18.8	403.3	11.1	7.0	915.2
0.0	19.7	397.7	11.1	7.1	915.2
0.0	20.1	396.5	11.1	7.4	915.2
0.0	20.2	397.5	11.0	6.9	915.2
0.1	24.4	378.6	11.0	7.7	915.2
0.4	26.5	217.1	11.0	6.1	917.0
25.8	17.3	147.2	11.0	8.1	917.0
0.1	11.4	161.6	10.9	4.0	917.0
0.0	7.1	382.1	10.9	4.1	917.0
0.0	6.0	394.2	10.9	3.7	917.0
0.0	9.1	387.7	10.9	4.6	917.0
0.0	12.1	378.5	10.8	5.1	917.0
0.0	14.7	363.4	10.8	5.3	917.0
0.0	14.2	342.8	10.8	5.1	917.0
0.0	14.6	359.7	10.8	5.5	917.0
0.0	14.9	349.3	10.7	5.6	917.0
0.0	15.8	343.2	10.7	5.7	917.0
0.0	15.4	329.2	10.7	5.8	917.0
0.0	16.7	343.6	10.7	6.0	917.0
0.0	17.7	339.4	10.6	5.6	917.0
0.0	16.6	320.4	10.6	5.5	917.0
0.0	15.2	330.1	10.6	4.7	917.0
0.4	17.7	310.6	10.6	5.1	917.0
0.2	15.5	108.5	10.6	4.7	917.0
0.0	13.6	330.8	10.5	4.9	917.0
0.0	13.5	338.4	10.5	5.0	917.0
0.0	14.0	332.6	10.5	5.3	917.0
0.0	14.5	327.7	10.5	5.3	917.0
0.0	15.2	321.0	10.5	5.0	917.0
0.0	15.6	221.5	10.4	5.0	917.0
0.0	18.0	312.5	10.4	6.0	917.0
0.0	19.1	256.9	10.4	5.7	917.0
0.0	19.5	250.0	10.4	5.5	917.0
0.0	19.4	307.8	10.4	5.6	917.0
0.1	20.6	291.7	10.4	5.5	917.0
0.4	17.8	117.1	10.3	3.3	920.2
13.2	11.2	32.9	10.3	4.3	920.2
0.0	10.2	265.6	10.3	2.6	920.2
2.4	10.5	38.8	10.3	1.5	920.2
0.1	11.2	248.5	10.3	3.7	920.2
1.9	4.8	133.3	10.3	4.3	920.2
0.0	0.2	317.5	10.3	1.9	920.2
0.0	3.2	311.5	10.3	2.9	920.2
0.0	5.9	304.1	10.2	3.5	920.2
0.0	9.7	302.7	10.2	4.0	920.2
0.0	14.6	223.1	10.2	5.0	920.2
17.2	16.3	65.2	10.2	3.6	920.2
2.5	12.8	17.4	10.2	3.6	920.2
0.1	9.9	139.4	10.2	2.8	920.2
0.0	12.8	282.2	10.2	3.6	920.2
4.9	19.0	200.1	10.2	4.9	920.2
0.4	10.0	93.3	10.2	4.3	920.2
1.0	9.1	140.7	10.2	2.2	920.2
0.3	8.2	136.2	10.2	2.6	920.2
0.1	6.8	125.6	10.2	2.3	920.2
0.6	9.3	207.2	10.2	3.1	920.2
46.1	13.8	58.6	10.2	2.8	920.2
18.9	10.0	19.9	10.2	3.2	920.2
7.5	4.6	26.5	10.2	2.4	920.2
0.4	1.4	116.2	10.2	1.9	920.2
0.0	2.0	297.4	10.2	2.4	920.2
0.0	-1.8	235.3	10.2	1.7	920.2
0.1	-3.9	292.1	10.2	1.3	920.2
0.0	-4.0	304.9	10.2	1.5	920.2
0.0	-3.4	310.0	10.2	1.5	920.2
0.0	-2.5	311.4	10.2	1.7	920.2
0.0	-1.2	310.8	10.2	2.2	924.6
0.0	-1.2	308.9	10.2	2.2	924.6
0.0	1.9	304.3	10.2	2.9	924.6
0.0	2.3	273.6	10.2	2.9	924.6
0.0	3.5	302.7	10.3	2.9	924.6
0.0	3.2	302.6	10.3	2.6	924.6
0.0	5.4	300.6	10.3	3.2	924.6
0.0	4.3	274.9	10.3	3.2	924.6
0.0	1.7	323.4	10.3	2.7	924.6
0.0	0.7	329.2	10.3	2.8	924.6
0.0	4.0	327.9	10.3	3.8	924.6
0.0	5.7	324.5	10.3	4.2	924.6
0.0	7.6	330.6	10.4	4.6	924.6
0.0	5.7	329.2	10.4	3.4	924.6
0.0	6.1	331.3	10.4	4.1	924.6
0.0	5.6	327.5	10.4	4.2	924.6
0.0	1.9	343.1	10.4	3.0	924.6
0.0	2.2	347.4	10.4	3.4	924.6
0.0	5.2	349.6	10.5	4.4	924.6
0.0	8.3	339.5	10.5	4.9	924.6
0.0	8.1	343.2	10.5	4.8	924.6
0.0	11.4	349.3	10.5	5.7	924.6
0.0	8.3	343.2	10.5	4.7	924.6
0.0	9.8	344.1	10.6	5.1	924.6
0.0	13.2	341.0	10.6	6.2	924.6
0.0	14.7	340.4	10.6	6.5	924.6
0.0	14.6	343.7	10.6	6.1	924.6
0.0	16.1	349.5	10.6	6.3	924.6
0.0	16.0	358.9	10.7	7.2	924.6
0.0	10.2	367.1	10.7	4.2	924.6
0.0	16.9	305.7	10.7	6.8	924.6
0.0	16.6	346.5	10.7	7.9	926.7
0.0	12.1	363.9	10.8	5.2	926.7
3.7	10.1	129.9	10.8	4.0	926.7
0.0	11.1	368.1	10.8	5.2	926.7
0.0	15.3	378.1	10.8	6.7	926.7
0.0	18.8	362.1	10.9	7.2	926.7
0.1	20.8	194.4	10.9	5.4	926.7
0.0	23.7	325.1	10.9	7.1	926.7
3.6	23.5	322.1	10.9	8.9	926.7
9.7	14.0	348.2	11.0	5.3	926.7
21.8	11.8	41.4	11.0	5.3	926.7
1.0	6.0	105.5	11.0	1.8	926.7
0.4	7.3	74.3	11.1	2.2	926.7
3.2	11.7	39.2	11.1	4.5	926.7
3.3	17.3	88.0	11.1	4.7	926.7
8.5	6.8	23.5	11.1	5.7	926.7
0.5	-0.7	153.9	11.2	2.3	926.7
0.0	-1.6	392.2	11.2	2.4	926.7
0.0	1.5	422.0	11.2	3.4	926.7
0.0	0.1	420.9	11.2	2.5	926.7
0.4	2.1	163.2	11.3	2.6	926.7
2.7	2.9	71.4	11.3	1.8	926.7
0.4	7.8	382.4	11.3	4.3	926.7
0.0	6.6	388.3	11.4	4.1	926.7
0.2	7.7	259.0	11.4	4.2	926.7
0.0	9.3	451.0	11.4	6.1	926.7
0.0	13.6	339.4	11.5	6.7	926.7
0.0	12.7	241.0	11.5	5.4	926.7
0.0	14.2	437.4	11.5	6.7	926.7
0.0	18.0	452.5	11.5	7.5	927.6
1.4	20.4	420.4	11.6	8.1	927.6
12.5	16.9	55.9	11.6	2.5	927.6
5.6	20.0	353.6	11.6	6.7	927.6
20.4	8.5	38.8	11.7	7.0	927.6
33.2	5.8	35.7	11.7	2.7	927.6
29.4	10.1	35.4	11.7	3.6	927.6
26.1	10.9	33.9	11.8	3.3	927.6
3.7	7.3	57.6	11.8	3.4	927.6
6.3	7.0	76.0	11.8	2.2	927.6
15.3	10.8	35.2	11.8	4.2	927.6
13.5	12.5	40.6	11.9	4.7	927.6
17.3	8.4	40.3	11.9	3.4	927.6
47.4	7.7	46.1	11.9	2.0	927.6
1.8	6.2	43.2	12.0	2.9	927.6
17.9	7.7	160.1	12.0	4.0	927.6
26.0	8.4	160.5	12.0	3.4	927.6
26.3	7.9	42.8	12.1	1.7	927.6
15.9	7.8	33.9	12.1	1.6	927.6
22.5	10.1	49.2	12.1	3.0	927.6
30.2	10.9	57.1	12.2	3.9	927.6
0.3	9.8	251.9	12.2	4.5	927.6
0.1	11.8	528.7	12.2	6.8	927.6
14.0	12.5	161.7	12.2	6.1	927.6
3.2	7.2	92.0	12.3	5.0	927.6
2.2	10.6	419.1	12.3	5.1	927.6
10.9	11.4	82.6	12.3	4.4	927.6
4.1	15.3	346.8	12.4	6.9	927.6
10.3	17.4	88.3	12.4	5.4	927.6
48.1	20.9	151.7	12.4	5.9	927.6
0.9	16.9	186.4	12.5	7.0	927.6
57.2	20.8	385.6	12.5	8.9	928.3
39.8	16.1	44.4	12.5	8.1	928.3
32.6	13.5	62.6	12.6	3.2	928.3
3.3	11.0	137.1	12.6	5.0	928.3
16.2	10.0	93.0	12.6	3.5	928.3
19.7	12.3	54.5	12.6	4.5	928.3
22.6	12.5	55.7	12.7	4.9	928.3
5.5	10.9	97.9	12.7	3.9	928.3
0.0	10.7	584.5	12.7	7.4	928.3
0.0	14.3	604.1	12.8	7.6	928.3
0.0	14.7	602.8	12.8	8.6	928.3
0.0	20.2	564.8	12.8	9.6	928.3
0.0	24.3	571.5	12.8	10.3	928.3
5.3	27.7	543.3	12.9	10.5	928.3
26.1	21.3	101.2	12.9	8.9	928.3
27.1	13.9	47.4	12.9	5.7	928.3
16.9	15.5	217.5	13.0	7.6	928.3
0.1	13.4	533.5	13.0	7.7	928.3
0.0	16.8	610.2	13.0	9.3	928.3
0.2	23.7	585.5	13.0	10.4	928.3
15.8	26.1	399.6	13.1	9.0	928.3
23.4	14.3	55.9	13.1	10.6	928.3
7.8	14.4	183.3	13.1	6.6	928.3
49.3	15.0	48.1	13.2	3.3	928.3
28.5	17.3	65.1	13.2	7.4	928.3
8.3	20.7	148.8	13.2	7.8	928.3
25.2	22.3	121.0	13.2	8.2	928.3
13.2	20.5	429.2	13.3	8.5	928.3
23.2	16.9	65.6	13.3	4.2	928.3
3.9	16.1	104.3	13.3	5.7	928.3
59.6	18.7	437.9	13.3	8.8	929.4
53.9	18.8	67.0	13.4	5.7	929.4
7.0	19.3	109.3	13.4	5.4	929.4
0.1	25.9	496.4	13.4	11.8	929.4
10.8	27.5	494.3	13.4	10.2	929.4
60.9	23.3	191.8	13.5	11.7	929.4
1.8	16.5	154.3	13.5	5.5	929.4
0.4	16.6	406.5	13.5	8.1	929.4
0.0	18.5	554.7	13.5	8.9	929.4
0.0	20.8	478.5	13.6	10.2	929.4
0.0	25.6	612.1	13.6	12.0	929.4
0.2	26.4	308.1	13.6	9.2	929.4
1.8	25.1	378.4	13.6	11.1	929.4
0.3	22.7	265.6	13.6	6.8	929.4
3.8	27.1	481.9	13.7	9.8	929.4
0.0	29.1	622.7	13.7	11.7	929.4
15.7	22.5	544.5	13.7	14.2	929.4
0.0	18.3	412.0	13.7	8.8	929.4
0.0	21.6	631.1	13.7	9.7	929.4
0.0	22.7	349.0	13.8	8.8	929.4
31.1	21.8	206.3	13.8	10.3	929.4
7.3	19.2	73.8	13.8	7.4	929.4
0.0	23.8	626.5	13.8	10.5	929.4
0.0	25.1	271.9	13.8	8.6	929.4
0.1	25.2	644.4	13.9	11.4	929.4
0.0	26.2	563.8	13.9	11.6	929.4
0.0	27.5	536.6	13.9	12.0	929.4
0.2	26.1	426.8	13.9	11.2	929.4
0.1	21.6	149.7	13.9	8.3	929.4
0.0	24.2	663.0	13.9	11.1	929.4
0.2	26.9	459.4	13.9	10.5	929.4
6.6	24.4	122.5	14.0	7.2	927.9
0.0	23.5	647.8	14.0	10.1	927.9
0.0	21.1	628.0	14.0	10.5	927.9
0.0	23.8	491.7	14.0	10.3	927.9
2.0	25.1	611.0	14.0	13.0	927.9
0.0	20.8	550.2	14.0	10.6	927.9
0.0	21.6	654.9	14.0	10.2	927.9
0.0	22.6	371.5	14.0	9.6	927.9
0.0	26.6	658.4	14.0	12.9	927.9
0.4	29.6	469.2	14.0	11.5	927.9
12.8	27.6	158.5	14.1	9.3	927.9
35.4	25.9	104.2	14.1	6.3	927.9
0.1	26.7	621.3	14.1	11.1	927.9
0.0	26.8	649.4	14.1	10.9	927.9
0.0	28.4	559.5	14.1	11.4	927.9
2.1	28.7	492.0	14.1	11.5	927.9
13.1	26.8	540.2	14.1	11.3	927.9
0.7	25.5	493.7	14.1	8.7	927.9
0.0	25.0	328.1	14.1	8.7	927.9
0.0	25.5	242.0	14.1	8.8	927.9
0.0	24.6	267.4	14.1	6.7	927.9
13.7	26.0	438.1	14.1	9.3	927.9
15.2	26.2	493.1	14.1	10.0	927.9
14.5	27.1	479.4	14.1	9.0	927.9
22.4	26.1	329.4	14.1	7.9	927.9
13.2	25.5	147.8	14.1	6.2	927.9
15.3	26.9	337.9	14.1	8.7	927.9
10.1	26.8	347.2	14.1	9.3	927.9
12.4	26.8	129.6	14.1	8.3	927.9
34.9	27.4	323.9	14.1	8.5	927.9
21.4	26.7	127.4	14.0	7.0	923.7
13.5	28.1	474.2	14.0	9.9	923.7
8.9	29.0	570.2	14.0	10.8	923.7
2.7	29.2	408.8	14.0	10.4	923.7
0.0	30.8	621.8	14.0	11.8	923.7
0.0	31.6	639.8	14.0	12.0	923.7
1.9	31.6	633.4	14.0	11.7	923.7
0.0	32.0	637.6	14.0	12.2	923.7
4.5	31.1	638.6	14.0	12.0	923.7
9.9	29.3	525.8	14.0	11.1	923.7
20.0	27.6	238.9	14.0	8.7	923.7
22.4	27.1	385.7	13.9	8.8	923.7
20.0	27.5	485.8	13.9	9.7	923.7
11.6	28.1	562.3	13.9	10.1	923.7
29.6	27.9	529.9	13.9	9.5	923.7
19.7	28.3	575.1	13.9	10.1	923.7
6.5	29.1	584.1	13.9	11.3	923.7
1.7	29.9	587.7	13.8	11.6	923.7
4.0	30.0	549.9	13.8	11.2	923.7
6.8	29.1	450.5	13.8	10.0	923.7
8.3	29.5	582.7	13.8	10.0	923.7
6.0	30.0	514.8	13.8	10.6	923.7
7.2	30.1	499.1	13.8	10.9	923.7
3.8	30.5	576.9	13.7	11.2	923.7
0.8	30.9	519.6	13.7	11.2	923.7
4.8	30.5	529.5	13.7	12.4	923.7
2.5	30.7	545.7	13.7	11.7	923.7
4.2	29.3	519.8	13.7	10.9	923.7
1.3	27.8	229.9	13.6	7.2	923.7
1.0	28.1	235.7	13.6	8.5	923.7
9.3	28.7	546.2	13.6	10.2	923.7
9.3	28.6	517.4	13.6	10.1	923.7
10.1	28.5	438.5	13.6	9.6	923.7
15.0	28.5	403.6	13.5	9.2	923.7
3.9	28.7	431.8	13.5	9.2	923.7
0.2	28.9	545.4	13.5	10.2	923.7
0.0	29.7	583.5	13.5	9.9	923.7
7.6	28.7	511.1	13.4	10.4	923.7
1.6	27.9	260.6	13.4	8.7	923.7
1.3	29.2	455.9	13.4	9.3	923.7
13.0	28.7	372.9	13.4	9.6	923.7
11.2	28.0	298.5	13.3	7.9	923.7
2.5	27.8	364.1	13.3	8.0	923.7
1.2	28.1	459.8	13.3	8.7	923.7
1.6	27.4	228.5	13.3	6.8	923.7
3.9	27.4	420.2	13.2	7.7	923.7
7.9	26.6	214.4	13.2	6.5	923.7
13.4	27.4	460.5	13.2	8.5	923.7
15.1	27.8	472.6	13.2	9.6	923.7
6.3	28.8	575.9	13.1	10.4	923.7
6.1	29.2	559.0	13.1	9.5	923.7
17.3	28.9	491.2	13.1	9.4	923.7
17.1	28.5	510.4	13.0	9.7	923.7
4.1	28.5	442.0	13.0	9.2	923.7
3.4	28.1	472.1	13.0	8.6	923.7
10.3	27.8	418.5	13.0	8.8	923.7
8.6	27.7	486.4	12.9	8.1	923.7
0.9	27.4	312.4	12.9	7.3	923.7
2.6	27.3	260.3	12.9	7.7	923.7
10.9	27.3	361.2	12.8	8.6	923.7
10.8	28.0	501.9	12.8	9.5	923.7
0.5	29.2	505.7	12.8	9.1	923.7
19.8	28.2	441.9	12.8	9.1	927.2
12.0	28.1	460.4	12.7	9.0	927.2
23.7	27.5	386.7	12.7	8.2	927.2
2.3	25.0	135.6	12.7	7.2	927.2
0.0	23.0	397.4	12.6	7.2	927.2
0.3	24.6	477.4	12.6	7.7	927.2
0.0	25.6	521.9	12.6	7.1	927.2
0.8	26.1	405.4	12.6	7.7	927.2
0.0	25.9	182.0	12.5	6.7	927.2
0.0	25.5	167.8	12.5	7.9	927.2
1.0	25.6	262.8	12.5	7.2	927.2
20.9	25.3	341.1	12.4	7.5	927.2
9.3	26.2	470.5	12.4	8.1	927.2
0.0	27.8	499.0	12.4	9.0	927.2
0.3	28.2	440.0	12.3	8.9	927.2
2.9	27.9	389.0	12.3	8.4	927.2
0.2	28.8	460.9	12.3	8.9	927.2
0.3	29.4	459.0	12.3	9.2	927.2
0.0	29.5	482.8	12.2	9.7	927.2
0.0	29.5	500.0	12.2	9.8	927.2
1.6	28.5	476.8	12.2	9.7	927.2
3.6	23.0	156.6	12.1	8.3	927.2
0.0	21.1	297.1	12.1	7.2	927.2
0.0	22.8	460.0	12.1	8.0	927.2
0.0	21.4	505.2	12.0	7.1	927.2
0.0	22.7	430.4	12.0	8.3	927.2
0.0	21.2	506.1	12.0	8.3	927.2
0.0	23.5	501.4	12.0	9.8	927.2
0.0	24.8	492.8	11.9	10.3	927.2
0.0	24.6	485.1	11.9	9.5	927.2
0.0	25.1	473.6	11.9	9.6	928.6
0.0	26.1	467.4	11.8	9.6	928.6
0.0	27.6	462.2	11.8	9.5	928.6
0.1	29.4	413.2	11.8	9.0	928.6
20.8	26.5	357.1	11.7	10.1	928.6
7.4	18.9	13.7	11.7	6.0	928.6
0.1	15.0	125.8	11.7	5.0	928.6
0.0	15.4	466.3	11.7	6.2	928.6
0.0	14.9	473.8	11.6	6.7	928.6
0.0	17.4	469.7	11.6	8.1	928.6
0.0	19.6	461.9	11.6	8.7	928.6
0.0	21.0	458.4	11.5	8.9	928.6
0.0	22.3	450.9	11.5	8.4	928.6
0.0	20.7	437.8	11.5	7.7	928.6
0.0	19.0	381.3	11.4	7.1	928.6
0.0	20.4	400.0	11.4	7.8	928.6
0.0	20.7	347.8	11.4	8.3	928.6
0.0	22.4	410.3	11.4	7.5	928.6
0.0	21.4	146.8	11.3	6.9	928.6
0.0	17.7	439.6	11.3	6.2	928.6
0.0	19.6	421.2	11.3	7.1	928.6
0.0	22.2	368.9	11.2	8.6	928.6
0.0	23.6	393.6	11.2	8.3	928.6
0.0	22.4	136.5	11.2	5.9	928.6
0.0	23.9	313.1	11.2	7.3	928.6
0.0	23.7	303.7	11.1	7.6	928.6
0.0	24.6	377.6	11.1	7.8	928.6
4.9	14.4	72.7	11.1	6.9	928.6
0.0	10.2	405.9	11.0	4.3	928.6
0.0	11.3	410.2	11.0	5.6	928.6
0.0	14.0	399.1	11.0	6.4	928.6
0.0	16.3	389.4	11.0	6.7	930.4
0.0	18.3	378.5	10.9	6.7	930.4
0.0	21.3	340.2	10.9	6.7	930.4
0.0	21.9	181.5	10.9	5.4	930.4
13.4	22.5	207.6	10.9	5.6	930.4
0.4	21.1	83.3	10.8	4.6	930.4
0.0	22.5	343.2	10.8	5.6	930.4
3.8	22.6	320.8	10.8	5.5	930.4
13.1	17.2	236.8	10.8	6.4	930.4
0.0	10.5	346.8	10.7	4.1	930.4
0.0	12.1	358.4	10.7	4.6	930.4
0.0	16.3	323.3	10.7	5.9	930.4
0.1	19.6	278.5	10.7	5.8	930.4
1.8	19.1	96.9	10.6	5.0	930.4
1.9	18.5	261.7	10.6	4.2	930.4
7.7	14.3	71.1	10.6	5.5	930.4
0.2	7.5	196.6	10.6	3.1	930.4
0.0	10.1	338.4	10.6	4.0	930.4
0.0	15.2	320.5	10.5	5.4	930.4
0.0	19.3	270.8	10.5	5.4	930.4
1.6	20.0	279.3	10.5	7.0	930.4
0.0	11.8	173.0	10.5	3.2	930.4
1.0	13.0	263.7	10.5	3.5	930.4
4.6	17.0	137.0	10.4	4.0	930.4
16.0	16.7	30.7	10.4	3.8	930.4
1.1	11.6	67.3	10.4	1.6	930.4
0.3	10.7	46.6	10.4	2.2	930.4
40.1	10.4	59.7	10.4	2.0	930.4
14.4	12.8	24.3	10.4	1.9	930.4
2.8	15.1	37.6	10.3	2.7	930.4
1.0	17.9	134.9	10.3	4.0	933.6
5.0	14.8	21.9	10.3	3.1	933.6
1.8	14.8	109.7	10.3	2.6	933.6
5.8	12.8	69.6	10.3	4.0	933.6
0.1	5.3	168.2	10.3	3.2	933.6
0.5	0.6	205.9	10.3	1.7	933.6
0.3	3.9	150.5	10.3	2.4	933.6
1.1	7.9	71.9	10.2	2.6	933.6
0.5	6.1	142.5	10.2	2.4	933.6
0.4	5.6	107.4	10.2	1.9	933.6
0.4	7.0	134.3	10.2	2.3	933.6
0.1	7.8	294.1	10.2	3.5	933.6
0.2	8.0	255.9	10.2	3.9	933.6
0.0	1.1	312.6	10.2	2.4	933.6
0.0	3.7	311.8	10.2	3.1	933.6
0.1	8.8	299.8	10.2	4.6	933.6
0.1	14.6	274.6	10.2	5.3	933.6
0.9	21.0	203.8	10.2	5.2	933.6
10.6	19.3	50.3	10.2	5.0	933.6
9.5	10.3	25.4	10.2	2.6	933.6
14.1	9.7	23.6	10.2	1.4	933.6
0.3	8.8	93.0	10.2	2.5	933.6
5.9	12.4	131.4	10.2	3.2	933.6
38.3	13.2	19.9	10.2	2.0	933.6
13.8	13.4	13.2	10.2	2.2	933.6
10.3	12.6	16.5	10.2	1.5	933.6
3.3	11.1	21.5	10.2	1.8	933.6
17.5	11.0	87.6	10.2	2.0	933.6
9.5	15.0	18.5	10.2	3.7	933.6
7.6	12.8	12.3	10.2	4.2	933.6
2.0	3.4	18.1	10.2	2.9	933.6
0.0	1.4	306.4	10.2	2.1	938.0
0.0	2.0	315.1	10.2	2.5	938.0
2.2	5.0	309.3	10.2	3.1	938.0
2.7	1.1	72.8	10.3	2.2	938.0
0.0	0.8	318.8	10.3	2.1	938.0
0.0	4.1	307.2	10.3	2.9	938.0
0.0	5.0	310.3	10.3	3.1	938.0
0.0	6.0	286.7	10.3	3.0	938.0
8.1	8.5	253.9	10.3	3.8	938.0
0.0	2.8	229.4	10.3	3.2	938.0
0.0	-0.7	323.7	10.3	1.9	938.0
0.0	4.6	319.6	10.4	3.6	938.0
0.0	2.2	328.4	10.4	2.8	938.0
0.0	4.9	326.0	10.4	3.4	938.0
0.0	8.9	315.3	10.4	4.5	938.0
0.0	6.1	304.4	10.4	3.6	938.0
0.0	6.5	328.8	10.4	3.3	938.0
0.8	9.6	207.4	10.5	3.9	938.0
8.0	10.3	95.9	10.5	2.8	938.0
9.6	5.5	19.5	10.5	3.1	938.0
0.2	-1.6	174.4	10.5	2.1	938.0
0.0	-0.5	350.7	10.5	2.4	938.0
1.2	4.7	222.5	10.6	3.1	938.0
4.9	9.2	30.8	10.6	3.1	938.0
2.1	5.1	27.7	10.6	2.6	938.0
6.3	6.4	68.8	10.6	2.1	938.0
2.9	3.1	53.8	10.6	1.9	938.0
0.1	5.0	358.4	10.7	3.6	938.0
0.1	6.7	315.8	10.7	4.6	938.0
0.1	7.8	209.6	10.7	4.3	938.0
0.0	9.4	370.7	10.7	4.4	938.0
0.0	11.9	374.2	10.8	5.7	940.1
0.0	6.0	328.1	10.8	3.0	940.1
0.0	4.1	297.0	10.8	3.1	940.1
0.0	1.7	394.6	10.8	3.1	940.1
0.0	7.5	331.1	10.9	4.4	940.1
0.0	7.2	400.0	10.9	3.9	940.1
0.0	12.8	397.6	10.9	6.5	940.1
0.0	14.1	362.3	10.9	6.8	940.1
0.0	10.1	388.6	11.0	5.7	940.1
2.4	12.1	400.7	11.0	5.8	940.1
0.2	10.9	164.7	11.0	5.3	940.1
0.0	13.7	398.9	11.0	6.8	940.1
0.4	15.5	352.4	11.1	6.4	940.1
33.2	8.7	47.1	11.1	5.9	940.1
0.0	1.1	429.0	11.1	2.9	940.1
3.3	4.1	347.6	11.2	3.3	940.1
0.5	4.9	151.0	11.2	3.1	940.1
0.1	10.4	404.9	11.2	5.5	940.1
0.0	13.4	427.2	11.2	6.3	940.1
17.5	17.1	326.8	11.3	7.2	940.1
5.6	15.9	66.8	11.3	3.5	940.1
4.5	18.7	135.7	11.3	5.4	940.1
22.3	14.1	56.9	11.4	7.5	940.1
17.0	4.7	24.8	11.4	2.6	940.1
0.5	4.3	151.4	11.4	3.1	940.1
0.2	9.6	342.2	11.4	5.8	940.1
0.0	8.1	458.4	11.5	4.5	940.1
1.0	15.3	349.4	11.5	7.4	940.1
10.6	11.6	83.9	11.5	4.2	941.0
12.0	13.7	143.0	11.6	4.5	941.0
0.8	12.6	169.1	11.6	4.7	941.0
0.1	14.4	299.9	11.6	5.6	941.0
34.3	17.6	84.6	11.7	7.9	941.0
0.4	6.2	67.6	11.7	3.2	941.0
21.8	7.7	83.6	11.7	3.7	941.0
0.1	12.2	193.9	11.7	4.9	941.0
6.9	20.6	346.8	11.8	8.3	941.0
15.2	8.9	26.0	11.8	5.8	941.0
7.8	7.5	33.8	11.8	2.3	941.0
7.2	11.0	44.3	11.9	4.7	941.0
5.8	10.8	28.4	11.9	3.9	941.0
12.5	12.0	47.6	11.9	2.8	941.0
10.9	11.1	26.3	12.0	4.3	941.0
8.6	7.5	30.7	12.0	3.3	941.0
1.6	5.6	84.6	12.0	2.6	941.0
2.8	6.5	239.2	12.1	3.6	941.0
7.2	11.5	62.2	12.1	5.5	941.0
9.1	17.8	80.9	12.1	6.3	941.0
6.0	13.5	55.3	12.1	6.3	941.0
4.3	16.0	182.9	12.2	7.3	941.0
11.6	8.6	37.3	12.2	3.8	941.0
24.0	8.3	54.4	12.2	2.6	941.0
19.3	9.3	64.6	12.3	3.1	941.0
4.0	12.6	163.8	12.3	5.4	941.0
53.8	10.8	75.1	12.3	7.0	941.0
9.2	5.8	31.2	12.4	2.1	941.0
36.5	7.4	45.4	12.4	3.8	941.0
1.4	4.7	133.0	12.4	4.6	941.0
0.0	9.3	412.5	12.5	5.9	941.0
0.0	10.7	291.7	12.5	5.7	941.7
0.0	13.8	501.3	12.5	7.7	941.7
0.0	17.0	558.4	12.5	9.2	941.7
0.0	18.9	541.6	12.6	10.0	941.7
0.0	20.7	478.2	12.6	8.0	941.7
3.1	22.3	215.7	12.6	8.8	941.7
3.2	16.0	218.7	12.7	11.8	941.7
0.0	14.3	583.4	12.7	7.7	941.7
2.2	12.6	143.4	12.7	5.8	941.7
0.0	15.6	598.7	12.8	8.7	941.7
0.0	18.5	599.6	12.8	10.0	941.7
0.0	20.3	592.4	12.8	10.9	941.7
0.0	20.9	611.2	12.8	10.2	941.7
32.5	21.7	473.1	12.9	11.0	941.7
36.6	18.9	40.3	12.9	3.5	941.7
10.2	15.5	298.3	12.9	11.0	941.7
0.0	15.9	622.4	13.0	6.7	941.7
1.0	22.2	559.3	13.0	10.9	941.7
0.0	18.2	581.5	13.0	8.4	941.7
0.0	15.2	355.0	13.0	7.5	941.7
0.0	14.9	598.9	13.1	8.8	941.7
0.0	17.5	639.3	13.1	9.5	941.7
16.7	21.0	591.0	13.1	10.4	941.7
38.2	18.7	73.7	13.2	6.1	941.7
2.9	16.6	101.8	13.2	3.9	941.7
9.4	16.9	89.5	13.2	4.7	941.7
15.5	17.2	88.1	13.2	5.7	941.7
0.0	14.4	646.1	13.3	9.4	941.7
0.0	18.1	645.5	13.3	9.4	941.7
0.1	21.4	603.5	13.3	10.9	941.7
1.4	22.3	435.6	13.3	10.9	942.8
5.8	18.6	47.3	13.4	3.6	942.8
5.3	17.6	104.1	13.4	5.8	942.8
0.1	18.8	580.3	13.4	9.8	942.8
0.0	20.9	621.9	13.4	10.1	942.8
14.3	24.0	604.0	13.5	10.3	942.8
8.4	23.5	131.4	13.5	7.8	942.8
23.7	18.9	75.1	13.5	10.0	942.8
0.0	17.5	600.9	13.5	7.6	942.8
0.0	19.7	623.4	13.6	10.3	942.8
1.4	20.6	444.4	13.6	9.9	942.8
1.2	21.0	452.0	13.6	9.3	942.8
15.9	25.0	412.9	13.6	9.7	942.8
23.1	25.0	275.9	13.6	11.2	942.8
18.1	21.2	44.7	13.7	6.8	942.8
2.0	15.2	233.1	13.7	7.6	942.8
0.1	18.6	587.9	13.7	9.0	942.8
39.1	23.4	307.1	13.7	11.0	942.8
35.3	20.2	61.5	13.7	5.2	942.8
1.3	20.3	53.5	13.8	5.5	942.8
6.4	25.4	297.0	13.8	11.5	942.8
9.4	23.2	65.4	13.8	7.3	942.8
1.1	24.6	145.5	13.8	7.5	942.8
27.7	25.5	178.6	13.8	8.1	942.8
58.9	22.6	97.1	13.9	10.7	942.8
0.2	20.0	513.6	13.9	10.0	942.8
0.1	22.5	613.6	13.9	11.0	942.8
0.1	21.8	172.8	13.9	8.1	942.8
0.0	26.3	564.7	13.9	13.1	942.8
114.7	24.4	70.8	13.9	6.5	942.8
3.9	20.0	149.3	13.9	8.7	942.8
12.0	18.9	257.8	14.0	8.1	941.2
3.9	17.7	82.8	14.0	4.1	941.2
0.5	18.9	86.1	14.0	4.9	941.2
0.0	20.1	176.0	14.0	6.4	941.2
0.0	20.0	370.2	14.0	8.7	941.2
0.7	21.9	418.3	14.0	9.2	941.2
0.0	24.4	625.5	14.0	10.3	941.2
0.0	24.8	329.7	14.0	8.3	941.2
0.0	27.0	653.0	14.0	11.9	941.2
0.0	26.7	663.9	14.0	11.9	941.2
0.0	27.3	634.7	14.1	11.0	941.2
18.0	27.2	166.6	14.1	9.9	941.2
13.5	27.0	224.2	14.1	8.5	941.2
0.5	27.0	235.2	14.1	9.6	941.2
3.3	28.0	582.9	14.1	11.0	941.2
0.3	25.1	365.7	14.1	9.2	941.2
5.5	24.3	455.6	14.1	10.1	941.2
0.1	25.1	641.0	14.1	10.6	941.2
0.8	25.7	591.4	14.1	9.7	941.2
0.9	25.9	450.8	14.1	8.9	941.2
7.4	25.0	153.5	14.1	7.0	941.2
0.8	26.0	434.4	14.1	9.2	941.2
0.5	26.6	407.6	14.1	9.7	941.2
0.1	27.0	456.7	14.1	9.6	941.2
0.3	28.5	525.2	14.1	10.4	941.2
0.9	27.0	300.6	14.1	10.4	941.2
2.2	25.2	66.4	14.1	6.6	941.2
2.6	27.8	204.8	14.1	8.5	941.2
33.1	26.9	160.3	14.1	7.4	941.2
6.4	27.0	179.9	14.1	7.8	941.2
55.1	25.7	74.9	14.1	5.8	937.0
11.8	26.3	83.5	14.0	6.1	937.0
0.1	28.0	195.0	14.0	7.7	937.0
1.5	27.4	109.9	14.0	6.1	937.0
1.5	26.9	170.4	14.0	8.1	937.0
2.6	25.6	412.4	14.0	8.1	937.0
2.6	24.1	286.4	14.0	6.3	937.0
1.1	25.2	208.1	14.0	6.2	937.0
8.9	27.4	385.6	14.0	9.8	937.0
11.9	27.5	287.6	14.0	6.6	937.0
6.5	29.0	498.6	14.0	9.9	937.0
4.9	29.4	506.6	13.9	10.6	937.0
10.7	28.8	420.1	13.9	8.9	937.0
15.2	29.2	483.0	13.9	10.7	937.0
21.6	28.8	401.6	13.9	9.7	937.0
8.3	29.4	542.3	13.9	10.9	937.0
12.0	29.2	537.5	13.9	11.2	937.0
15.2	29.0	504.3	13.9	10.1	937.0
14.5	28.8	395.3	13.8	9.0	937.0
6.0	29.4	386.0	13.8	9.5	937.0
6.3	29.4	428.0	13.8	9.8	937.0
10.1	29.4	550.6	13.8	10.4	937.0
9.8	29.1	504.0	13.8	10.3	937.0
18.9	29.4	572.8	13.7	10.5	937.0
6.5	29.7	560.7	13.7	10.9	937.0
3.7	29.9	595.1	13.7	11.2	937.0
9.9	29.9	600.9	13.7	10.9	937.0
9.9	29.3	473.6	13.7	9.6	937.0
12.2	28.8	443.8	13.6	10.0	937.0
10.0	28.8	595.0	13.6	10.2	937.0
6.9	28.5	557.9	13.6	10.7	937.0
1.5	28.3	394.5	13.6	8.9	937.0
1.3	28.2	451.2	13.6	8.9	937.0
2.6	27.8	339.0	13.5	8.0	937.0
4.5	27.8	356.2	13.5	7.4	937.0
1.4	28.4	465.1	13.5	8.9	937.0
5.5	28.7	522.8	13.5	9.8	937.0
0.6	28.8	450.5	13.4	9.8	937.0
0.0	28.9	563.0	13.4	10.8	937.0
0.0	29.7	447.9	13.4	10.4	937.0
0.0	30.9	424.1	13.4	9.9	937.0
0.0	31.2	482.6	13.3	11.6	937.0
19.5	29.1	378.4	13.3	12.5	937.0
8.4	28.6	555.4	13.3	10.8	937.0
23.3	27.9	428.6	13.3	9.1	937.0
14.1	28.2	447.5	13.2	10.0	937.0
21.3	28.5	483.3	13.2	9.6	937.0
23.1	27.7	329.5	13.2	9.2	937.0
16.0	27.1	345.9	13.2	8.7	937.0
18.6	27.5	451.3	13.1	8.6	937.0
14.0	28.2	521.6	13.1	10.0	937.0
10.0	28.8	529.5	13.1	9.6	937.0
13.3	28.5	397.0	13.1	8.8	937.0
17.5	28.4	310.9	13.0	8.5	937.0
21.4	27.7	292.0	13.0	7.9	937.0
3.8	28.3	358.2	13.0	8.4	937.0
21.2	27.5	353.6	12.9	7.7	937.0
13.7	27.3	320.2	12.9	7.4	937.0
19.1	27.5	295.1	12.9	8.1	937.0
3.2	26.8	313.3	12.9	7.7	937.0
0.4	25.9	47.8	12.8	3.9	937.0
0.1	26.7	147.9	12.8	6.1	937.0
1.0	27.4	463.9	12.8	8.7	940.6
8.5	27.3	359.2	12.7	8.2	940.6
24.4	26.9	407.8	12.7	8.3	940.6
19.6	25.8	250.2	12.7	7.1	940.6
12.7	26.1	388.5	12.7	6.9	940.6
18.1	25.8	208.1	12.6	6.9	940.6
11.6	26.3	291.1	12.6	7.1	940.6
0.7	26.2	241.8	12.6	7.1	940.6
19.0	27.4	421.9	12.5	8.0	940.6
15.1	27.1	305.7	12.5	8.7	940.6
12.8	27.4	430.2	12.5	8.6	940.6
22.0	26.8	311.0	12.4	7.8	940.6
20.2	25.3	281.5	12.4	6.2	940.6
2.3	25.5	167.8	12.4	5.7	940.6
5.2	25.9	232.2	12.4	6.1	940.6
14.0	26.5	279.0	12.3	7.6	940.6
27.6	25.6	291.0	12.3	5.8	940.6
5.0	24.5	239.2	12.3	6.6	940.6
3.1	24.2	408.9	12.2	7.7	940.6
4.0	24.5	416.8	12.2	7.8	940.6
0.0	24.7	440.1	12.2	7.8	940.6
0.0	22.4	497.3	12.1	8.9	940.6
0.0	22.7	513.4	12.1	8.1	940.6
0.6	24.8	482.8	12.1	8.0	940.6
0.9	25.7	118.2	12.1	6.1	940.6
1.4	26.7	356.9	12.0	7.1	940.6
1.0	27.0	363.8	12.0	7.4	940.6
5.0	26.9	379.3	12.0	8.4	940.6
10.4	26.7	302.0	11.9	7.4	940.6
0.9	26.2	312.6	11.9	7.4	940.6
0.4	26.4	409.4	11.9	7.7	942.0
0.0	23.4	433.6	11.8	9.2	942.0
0.0	20.2	482.5	11.8	8.2	942.0
0.0	19.4	485.3	11.8	8.5	942.0
0.0	22.3	480.5	11.8	8.9	942.0
0.0	21.6	480.6	11.7	7.9	942.0
0.0	20.8	473.9	11.7	8.1	942.0
0.0	21.1	467.3	11.7	8.8	942.0
0.0	23.0	463.9	11.6	9.7	942.0
0.0	24.4	460.3	11.6	9.6	942.0
0.0	25.1	449.9	11.6	9.2	942.0
0.0	26.3	431.6	11.5	8.6	942.0
0.0	26.8	423.1	11.5	9.6	942.0
0.0	18.0	362.8	11.5	6.5	942.0
0.0	13.9	378.5	11.5	6.4	942.0
0.0	15.3	461.5	11.4	7.4	942.0
0.0	17.9	453.9	11.4	7.8	942.0
0.0	19.4	428.7	11.4	7.7	942.0
0.0	18.3	430.3	11.3	6.9	942.0
0.0	18.9	423.2	11.3	7.4	942.0
0.0	19.7	422.1	11.3	8.0	942.0
0.0	20.2	422.6	11.3	7.9	942.0
0.0	20.5	412.8	11.2	7.3	942.0
0.1	21.9	398.2	11.2	7.5	942.0
2.9	21.3	81.4	11.2	4.4	942.0
0.9	22.0	39.9	11.1	2.6	942.0
0.2	23.8	44.0	11.1	3.7	942.0
0.3	25.6	194.2	11.1	6.4	942.0
4.6	21.3	28.6	11.1	5.5	942.0
0.0	19.6	376.0	11.0	5.8	942.0
0.0	17.8	376.1	11.0	6.1	942.0
0.0	17.3	381.3	11.0	5.9	943.7
0.0	17.2	373.2	10.9	5.7	943.7
0.0	17.3	208.0	10.9	5.7	943.7
0.0	17.0	372.8	10.9	5.9	943.7
0.0	17.3	368.3	10.9	6.0	943.7
0.0	18.0	365.7	10.8	6.3	943.7
0.0	18.8	362.0	10.8	6.4	943.7
0.0	19.6	359.7	10.8	6.4	943.7
0.0	17.2	366.8	10.8	5.7	943.7
0.0	17.8	361.1	10.7	5.7	943.7
0.9	21.1	273.9	10.7	5.9	943.7
0.7	23.6	219.0	10.7	5.6	943.7
5.8	24.1	292.3	10.7	6.2	943.7
0.2	22.7	190.7	10.7	5.7	943.7
0.0	23.2	331.4	10.6	5.9	943.7
3.9	22.4	319.0	10.6	7.1	943.7
1.8	13.7	23.1	10.6	2.4	943.7
0.7	14.6	160.8	10.6	3.0	943.7
2.1	12.7	42.6	10.5	3.0	943.7
4.2	11.8	45.0	10.5	2.0	943.7
4.3	14.1	60.3	10.5	2.8	943.7
5.2	17.0	44.1	10.5	4.0	943.7
1.2	12.6	55.4	10.5	2.3	943.7
3.2	14.3	74.8	10.4	2.9	943.7
3.2	14.1	18.5	10.4	1.1	943.7
7.3	15.7	107.8	10.4	3.1	943.7
5.3	14.4	55.6	10.4	2.6	943.7
6.7	13.7	137.2	10.4	2.3	943.7
6.8	14.7	27.8	10.4	2.1	943.7
4.4	12.4	75.0	10.3	4.0	943.7
0.2	5.9	236.8	10.3	2.7	947.0
0.0	5.0	282.5	10.3	2.8	947.0
0.1	9.0	305.4	10.3	4.1	947.0
5.0	10.0	74.0	10.3	2.9	947.0
12.5	10.5	81.0	10.3	2.0	947.0
2.0	9.1	38.3	10.3	2.2	947.0
0.4	5.9	127.5	10.3	2.8	947.0
0.5	7.4	167.2	10.3	3.3	947.0
1.8	10.3	71.2	10.2	2.5	947.0
0.3	14.5	116.2	10.2	3.1	947.0
4.8	15.9	115.4	10.2	4.6	947.0
1.1	9.1	75.1	10.2	2.3	947.0
0.0	7.1	303.1	10.2	3.0	947.0
0.0	8.3	236.5	10.2	3.4	947.0
0.0	7.3	296.3	10.2	3.3	947.0
0.0	9.0	291.9	10.2	3.5	947.0
0.0	10.7	303.8	10.2	3.8	947.0
0.0	8.2	305.4	10.2	3.6	947.0
0.0	10.0	308.0	10.2	4.7	947.0
0.0	12.2	308.9	10.2	5.2	947.0
0.0	11.7	304.2	10.2	4.7	947.0
0.0	15.0	302.1	10.2	5.6	947.0
0.0	15.8	285.0	10.2	5.5	947.0
1.4	15.4	278.7	10.2	4.7	947.0
15.0	9.6	14.3	10.2	2.6	947.0
1.7	2.7	49.6	10.2	2.3	947.0
0.0	1.8	119.2	10.2	1.7	947.0
1.2	10.2	248.7	10.2	3.9	947.0
0.0	8.6	296.5	10.2	3.9	947.0
0.2	11.2	289.7	10.2	3.9	947.0
28.6	12.7	22.7	10.2	3.9	947.0
0.0	5.1	269.0	10.2	3.0	951.4
1.9	-3.8	34.6	10.2	1.5	951.4
0.0	-3.9	320.0	10.2	1.5	951.4
0.0	-0.4	320.4	10.3	2.6	951.4
0.0	4.9	262.3	10.3	3.2	951.4
0.1	9.0	240.6	10.3	4.2	951.4
0.3	9.5	159.6	10.3	3.4	951.4
11.7	8.2	29.8	10.3	1.5	951.4
1.4	7.6	83.6	10.3	2.2	951.4
1.2	8.6	116.4	10.3	2.4	951.4
0.3	7.8	212.0	10.3	2.7	951.4
1.8	11.9	274.3	10.3	4.2	951.4
2.6	9.9	104.1	10.4	1.6	951.4
0.6	13.2	140.6	10.4	3.4	951.4
0.1	17.2	309.5	10.4	4.7	951.4
16.3	11.5	43.4	10.4	4.9	951.4
15.7	4.8	14.2	10.4	2.3	951.4
11.0	1.3	24.8	10.4	1.2	951.4
0.7	0.7	182.0	10.5	2.1	951.4
0.0	2.3	344.8	10.5	2.9	951.4
0.0	3.9	341.1	10.5	3.0	951.4
0.0	4.7	305.7	10.5	3.6	951.4
0.1	6.7	302.6	10.5	4.2	951.4
0.0	7.8	342.7	10.6	4.6	951.4
0.0	4.5	361.3	10.6	3.4	951.4
0.0	6.4	353.4	10.6	3.8	951.4
0.0	10.7	288.1	10.6	4.8	951.4
0.0	15.4	307.7	10.7	6.2	951.4
0.7	19.4	336.7	10.7	6.8	951.4
6.9	10.9	19.9	10.7	5.3	951.4
2.3	5.3	28.3	10.7	1.3	951.4
4.1	8.7	82.4	10.8	2.7	953.5
1.8	7.8	46.8	10.8	1.8	953.5
0.4	7.0	96.9	10.8	2.7	953.5
0.3	9.1	173.2	10.8	3.5	953.5
2.9	13.3	322.7	10.9	6.3	953.5
0.4	6.5	149.1	10.9	2.1	953.5
0.3	7.6	275.3	10.9	3.1	953.5
0.2	9.5	45.2	10.9	3.6	953.5
7.9	13.7	208.5	11.0	6.8	953.5
0.0	10.1	294.7	11.0	4.2	953.5
2.1	8.2	116.5	11.0	3.0	953.5
2.3	10.0	145.4	11.0	3.1	953.5
38.4	12.7	61.1	11.1	2.9	953.5
26.7	11.4	49.5	11.1	3.5	953.5
0.9	10.9	238.4	11.1	3.8	953.5
13.1	13.5	204.2	11.1	5.7	953.5
13.9	7.4	16.6	11.2	1.2	953.5
3.3	12.6	38.1	11.2	5.6	953.5
9.3	15.5	317.8	11.2	8.3	953.5
3.0	5.6	156.9	11.3	2.9	953.5
19.8	10.7	77.7	11.3	5.6	953.5
1.8	4.2	55.3	11.3	1.9	953.5
6.1	4.6	81.1	11.4	2.2	953.5
48.0	9.1	39.8	11.4	3.7	953.5
5.4	6.6	38.3	11.4	3.9	953.5
0.0	2.5	189.5	11.4	3.2	953.5
0.0	2.5	374.0	11.5	3.8	953.5
0.1	6.0	254.2	11.5	4.0	953.5
51.4	7.9	53.2	11.5	3.4	954.4
31.7	10.4	31.1	11.6	2.4	954.4
20.9	9.5	110.0	11.6	3.0	954.4
45.1	7.8	29.8	11.6	4.2	954.4
1.4	1.2	60.2	11.7	2.1	954.4
0.1	2.7	294.5	11.7	3.0	954.4
2.8	7.5	81.3	11.7	3.6	954.4
2.5	10.5	67.9	11.7	5.6	954.4
4.7	5.6	59.0	11.8	1.5	954.4
9.5	6.5	20.4	11.8	1.6	954.4
32.3	6.9	40.6	11.8	1.6	954.4
1.9	4.7	49.6	11.9	3.5	954.4
0.1	5.5	452.5	11.9	4.5	954.4
0.0	9.7	502.1	11.9	5.8	954.4
0.8	17.3	431.2	12.0	8.2	954.4
23.4	18.2	239.0	12.0	8.6	954.4
0.0	9.1	241.7	12.0	4.5	954.4
0.0	11.4	518.3	12.0	6.6	954.4
0.0	15.0	519.6	12.1	8.1	954.4
0.1	19.7	498.7	12.1	8.9	954.4
3.4	19.4	216.2	12.1	7.8	954.4
3.4	19.9	474.8	12.2	9.8	954.4
0.0	20.6	521.5	12.2	8.0	954.4
0.0	25.6	500.7	12.2	8.4	954.4
0.0	28.0	496.0	12.3	8.5	954.4
10.4	18.1	67.2	12.3	10.3	954.4
7.2	13.1	33.9	12.3	4.5	954.4
45.9	11.2	47.9	12.4	2.3	954.4
10.4	11.1	67.8	12.4	3.2	954.4
29.5	12.7	44.7	12.4	5.2	954.4
10.1	14.8	46.2	12.4	6.0	954.4
16.1	12.6	60.7	12.5	3.4	955.1
34.4	11.6	48.9	12.5	2.9	955.1
18.0	10.9	66.8	12.5	2.5	955.1
0.1	16.0	254.2	12.6	7.2	955.1
0.0	21.9	308.8	12.6	8.5	955.1
30.3	22.3	461.6	12.6	11.1	955.1
1.2	13.3	84.0	12.7	5.7	955.1
31.4	11.8	54.8	12.7	3.5	955.1
4.7	8.6	57.8	12.7	4.2	955.1
0.6	11.0	506.3	12.7	6.0	955.1
8.1	10.1	67.8	12.8	4.5	955.1
0.0	14.1	569.4	12.8	8.2	955.1
5.2	14.8	212.0	12.8	6.5	955.1
0.0	16.3	583.5	12.9	7.8	955.1
0.0	13.7	484.6	12.9	7.8	955.1
0.1	13.7	610.1	12.9	8.1	955.1
0.0	17.1	577.0	12.9	9.2	955.1
0.0	18.9	620.2	13.0	10.3	955.1
0.0	21.0	620.6	13.0	11.5	955.1
0.0	23.9	619.7	13.0	12.2	955.1
15.9	26.2	529.7	13.1	12.0	955.1
3.1	22.9	95.4	13.1	6.1	955.1
84.8	22.7	47.6	13.1	6.8	955.1
7.9	16.4	36.2	13.1	7.8	955.1
13.6	11.5	35.8	13.2	4.0	955.1
2.4	13.1	193.7	13.2	5.4	955.1
1.0	14.9	297.7	13.2	6.6	955.1
0.0	16.6	435.8	13.3	8.0	955.1
2.3	16.8	496.4	13.3	8.4	955.1
16.5	13.3	35.6	13.3	2.4	955.1
18.8	16.1	64.1	13.3	7.3	956.2
8.0	24.2	436.6	13.4	11.2	956.2
16.2	24.3	206.1	13.4	7.2	956.2
0.8	27.3	494.3	13.4	8.8	956.2
25.0	26.9	558.5	13.4	9.4	956.2
3.1	19.0	71.2	13.5	9.1	956.2
10.7	17.3	63.8	13.5	5.0	956.2
15.9	22.6	81.5	13.5	8.3	956.2
8.1	22.4	128.3	13.5	7.2	956.2
1.9	23.6	178.1	13.5	8.3	956.2
11.2	22.9	59.9	13.6	7.8	956.2
0.3	18.1	276.8	13.6	7.4	956.2
26.4	19.8	264.1	13.6	7.0	956.2
48.4	21.4	86.4	13.6	6.2	956.2
9.4	16.3	78.3	13.7	7.6	956.2
0.0	19.3	598.9	13.7	8.4	956.2
6.9	19.3	261.2	13.7	8.5	956.2
0.3	17.8	579.1	13.7	8.9	956.2
0.0	18.7	458.7	13.7	8.0	956.2
4.1	21.9	495.0	13.8	9.4	956.2
7.4	21.9	110.4	13.8	7.6	956.2
1.2	24.3	278.9	13.8	7.9	956.2
0.0	26.1	458.3	13.8	9.8	956.2
4.7	25.6	165.6	13.8	8.2	956.2
38.3	26.2	418.2	13.8	9.7	956.2
1.4	21.8	236.9	13.9	7.6	956.2
0.4	23.1	302.7	13.9	9.5	956.2
3.5	24.8	418.6	13.9	10.9	956.2
0.7	20.3	309.5	13.9	9.3	956.2
0.0	22.4	663.4	13.9	10.1	956.2
0.0	24.9	505.6	13.9	10.5	956.2
1.5	25.4	246.9	14.0	8.2	954.6
0.6	25.2	251.1	14.0	8.6	954.6
1.5	26.4	503.1	14.0	10.1	954.6
2.7	24.5	118.8	14.0	5.6	954.6
18.5	26.5	459.6	14.0	8.8	954.6
24.2	26.5	324.2	14.0	9.4	954.6
5.0	25.8	277.7	14.0	11.1	954.6
0.7	21.8	135.3	14.0	7.2	954.6
0.0	24.3	511.2	14.0	10.1	954.6
0.0	23.7	676.5	14.0	11.7	954.6
0.0	22.6	687.4	14.0	11.3	954.6
0.0	24.3	691.8	14.1	11.5	954.6
0.0	26.6	644.7	14.1	12.5	954.6
0.1	27.2	343.2	14.1	10.4	954.6
1.6	25.5	46.0	14.1	4.0	954.6
14.9	27.7	225.6	14.1	9.7	954.6
28.6	27.7	259.6	14.1	8.2	954.6
32.7	27.5	246.5	14.1	9.5	954.6
0.0	27.9	598.7	14.1	13.2	954.6
0.0	23.7	614.8	14.1	9.8	954.6
0.0	26.7	544.9	14.1	10.8	954.6
0.0	27.3	434.0	14.1	11.7	954.6
0.3	27.5	569.5	14.1	10.3	954.6
9.9	25.9	275.8	14.1	9.8	954.6
6.9	24.2	158.3	14.1	6.5	954.6
0.4	24.1	245.5	14.1	9.0	954.6
0.0	25.4	667.5	14.1	11.1	954.6
0.0	27.2	664.7	14.1	10.9	954.6
0.0	28.8	619.7	14.1	11.2	954.6
1.7	26.9	159.0	14.1	8.4	954.6
1.7	27.0	164.0	14.1	7.6	950.4
6.6	27.5	345.9	14.0	10.6	950.4
16.8	27.7	352.1	14.0	9.0	950.4
10.0	26.5	65.0	14.0	5.5	950.4
1.5	28.9	484.9	14.0	10.5	950.4
5.8	28.8	487.6	14.0	10.5	950.4
16.5	28.0	341.0	14.0	9.5	950.4
5.8	27.8	363.5	14.0	9.0	950.4
12.9	28.0	324.7	14.0	8.3	950.4
27.1	28.5	334.4	14.0	8.3	950.4
16.8	29.5	482.4	14.0	10.4	950.4
4.0	28.4	236.5	13.9	7.9	950.4
21.3	29.1	393.3	13.9	9.1	950.4
15.5	29.4	549.4	13.9	10.4	950.4
18.0	29.1	524.7	13.9	10.0	950.4
3.1	29.6	480.7	13.9	10.4	950.4
9.9	29.2	574.4	13.9	10.4	950.4
13.7	28.9	553.5	13.9	10.1	950.4
14.1	28.4	431.7	13.8	9.5	950.4
16.2	27.9	310.0	13.8	9.1	950.4
13.6	28.1	437.4	13.8	9.2	950.4
28.1	26.8	95.1	13.8	7.1	950.4
7.4	27.2	394.3	13.8	9.5	950.4
14.4	27.2	389.7	13.8	10.1	950.4
7.4	27.6	405.2	13.7	9.7	950.4
19.1	27.5	271.8	13.7	9.0	950.4
10.3	28.5	519.0	13.7	10.2	950.4
8.1	28.9	598.2	13.7	10.5	950.4
9.1	28.7	548.2	13.6	10.6	950.4
5.7	28.8	535.3	13.6	10.6	950.4
11.7	28.9	555.0	13.6	10.8	950.4
13.0	28.7	480.5	13.6	9.4	950.4
16.3	28.5	397.9	13.6	9.1	950.4
20.5	28.4	431.3	13.5	9.8	950.4
14.6	28.4	397.0	13.5	9.4	950.4
22.4	27.7	359.1	13.5	8.7	950.4
1.3	27.4	409.6	13.5	8.4	950.4
2.4	27.3	394.7	13.4	8.5	950.4
4.3	27.3	337.7	13.4	8.3	950.4
13.0	27.4	359.7	13.4	8.6	950.4
24.2	27.1	258.0	13.4	8.5	950.4
23.5	27.4	351.8	13.3	9.2	950.4
16.9	26.7	196.6	13.3	6.8	950.4
16.7	26.7	240.3	13.3	7.8	950.4
7.3	27.8	387.8	13.3	9.3	950.4
14.4	28.3	405.9	13.2	8.6	950.4
27.0	28.0	345.9	13.2	8.3	950.4
0.0	28.8	581.1	13.2	10.4	950.4
0.1	28.3	566.9	13.2	9.9	950.4
0.1	27.9	521.9	13.1	9.3	950.4
0.3	27.4	492.9	13.1	9.5	950.4
0.0	27.9	486.4	13.1	9.3	950.4
0.5	27.8	482.8	13.1	9.5	950.4
5.5	25.9	548.5	13.0	10.6	950.4
5.5	24.8	569.8	13.0	9.1	950.4
5.8	25.9	572.8	13.0	9.0	950.4
13.1	27.2	393.1	12.9	9.0	950.4
5.5	28.6	560.8	12.9	10.6	950.4
5.2	29.1	558.1	12.9	10.4	950.4
7.7	28.7	541.0	12.9	11.1	950.4
11.4	27.9	524.6	12.8	9.9	950.4
1.0	28.1	313.9	12.8	8.6	950.4
6.1	27.8	284.0	12.8	7.9	954.0
2.7	28.9	457.6	12.7	9.2	954.0
7.9	29.1	408.5	12.7	9.9	954.0
15.0	28.7	465.4	12.7	9.3	954.0
11.6	28.0	509.4	12.7	8.5	954.0
12.0	27.5	379.1	12.6	7.8	954.0
8.1	26.7	381.9	12.6	7.9	954.0
0.7	25.8	233.5	12.6	6.4	954.0
1.0	24.8	170.8	12.5	5.5	954.0
1.8	25.9	355.0	12.5	7.0	954.0
0.4	27.1	332.2	12.5	7.8	954.0
16.2	27.6	263.7	12.5	7.3	954.0
31.1	27.0	300.4	12.4	7.2	954.0
19.3	26.8	386.1	12.4	8.4	954.0
5.9	26.6	449.3	12.4	8.3	954.0
0.6	24.9	240.3	12.3	7.2	954.0
0.0	25.2	415.6	12.3	8.4	954.0
0.0	26.0	363.4	12.3	7.4	954.0
1.0	25.0	132.0	12.2	5.8	954.0
3.5	23.7	91.0	12.2	4.4	954.0
0.2	24.3	319.9	12.2	7.6	954.0
0.1	25.7	455.2	12.2	8.4	954.0
0.0	27.0	463.2	12.1	8.5	954.0
0.0	27.8	485.5	12.1	8.5	954.0
0.2	29.7	463.9	12.1	9.0	954.0
11.5	27.9	447.5	12.0	8.7	954.0
19.2	17.8	261.5	12.0	10.3	954.0
0.7	18.3	425.7	12.0	6.2	954.0
0.4	21.4	368.5	11.9	6.7	954.0
0.2	21.0	306.2	11.9	7.0	954.0
0.3	24.6	432.0	11.9	8.0	955.4
0.7	25.8	255.0	11.8	6.4	955.4
1.4	25.0	67.8	11.8	4.7	955.4
0.9	23.7	234.6	11.8	5.7	955.4
1.5	24.1	371.0	11.8	6.3	955.4
0.1	23.2	230.8	11.7	6.9	955.4
0.0	23.5	452.0	11.7	8.1	955.4
0.0	23.8	460.8	11.7	8.1	955.4
0.0	24.3	452.0	11.6	9.0	955.4
0.0	24.3	449.8	11.6	8.9	955.4
0.0	24.5	389.9	11.6	9.0	955.4
0.0	24.8	452.2	11.5	8.7	955.4
0.0	26.1	442.2	11.5	8.8	955.4
0.1	27.6	408.3	11.5	8.5	955.4
0.0	26.9	344.1	11.5	8.1	955.4
0.0	26.9	414.3	11.4	8.2	955.4
1.0	27.5	327.9	11.4	7.6	955.4
2.4	25.5	331.0	11.4	8.7	955.4
0.0	19.3	339.3	11.3	6.0	955.4
0.0	18.3	427.6	11.3	6.1	955.4
0.0	18.6	340.0	11.3	6.0	955.4
0.0	16.1	375.1	11.3	5.4	955.4
0.0	18.3	414.9	11.2	6.6	955.4
0.2	21.8	387.8	11.2	7.3	955.4
0.2	17.6	45.4	11.2	5.3	955.4
0.0	14.6	423.4	11.1	6.1	955.4
0.0	14.7	406.2	11.1	5.4	955.4
0.0	16.3	403.5	11.1	6.3	955.4
0.0	17.8	375.8	11.1	6.4	955.4
0.0	19.0	334.0	11.0	6.6	955.4
0.0	19.5	382.4	11.0	7.4	955.4
0.0	20.1	392.4	11.0	7.4	957.2
0.0	20.5	385.2	11.0	7.1	957.2
0.0	21.9	371.9	10.9	7.3	957.2
0.0	18.5	373.7	10.9	6.4	957.2
0.0	18.0	372.6	10.9	5.9	957.2
0.0	16.8	378.7	10.9	6.9	957.2
0.0	18.1	378.3	10.8	7.1	957.2
0.0	19.7	368.9	10.8	7.7	957.2
0.0	21.9	354.4	10.8	7.7	957.2
0.0	20.3	267.5	10.8	5.6	957.2
0.0	18.3	228.5	10.7	5.7	957.2
0.0	19.8	291.7	10.7	6.3	957.2
0.0	17.2	345.3	10.7	6.9	957.2
0.0	15.9	359.0	10.7	5.9	957.2
0.0	18.8	314.6	10.6	6.2	957.2
0.0	17.1	227.3	10.6	4.9	957.2
0.0	11.4	246.4	10.6	4.1	957.2
0.0	13.1	350.5	10.6	5.2	957.2
0.0	9.7	351.0	10.6	4.2	957.2
0.0	10.6	310.1	10.5	4.5	957.2
0.0	14.9	264.9	10.5	5.0	957.2
0.0	15.2	278.6	10.5	5.5	957.2
0.4	11.5	148.3	10.5	2.7	957.2
0.0	11.7	299.0	10.5	4.4	957.2
0.0	8.7	255.1	10.4	3.8	957.2
0.0	10.0	314.4	10.4	4.4	957.2
0.0	10.8	335.5	10.4	5.0	957.2
0.0	13.2	330.8	10.4	5.4	957.2
0.0	11.9	323.5	10.4	4.3	957.2
0.0	14.2	179.2	10.4	4.5	957.2
0.0	15.4	235.0	10.3	5.3	960.4
0.0	14.5	317.2	10.3	5.7	960.4
0.0	14.8	315.4	10.3	5.4	960.4
0.0	10.4	314.5	10.3	4.3	960.4
0.0	8.6	320.2	10.3	4.1	960.4
0.0	12.4	316.2	10.3	5.1	960.4
0.0	16.4	301.4	10.3	5.5	960.4
0.1	21.1	269.4	10.3	6.0	960.4
0.0	19.2	227.9	10.2	6.0	960.4
0.0	15.7	295.5	10.2	5.0	960.4
0.0	14.3	295.3	10.2	4.7	960.4
0.2	12.5	168.2	10.2	3.9	960.4
0.2	8.2	177.0	10.2	2.4	960.4
0.5	15.7	286.5	10.2	5.2	960.4
4.7	16.0	41.2	10.2	4.8	960.4
8.7	2.9	19.4	10.2	2.9	960.4
0.0	2.1	306.4	10.2	2.4	960.4
0.0	1.6	305.6	10.2	2.5	960.4
0.0	4.0	304.2	10.2	3.0	960.4
0.0	4.8	301.8	10.2	3.3	960.4
0.0	2.8	309.1	10.2	2.8	960.4
0.0	4.6	304.4	10.2	3.4	960.4
0.0	7.6	303.3	10.2	4.2	960.4
0.0	10.1	286.2	10.2	4.6	960.4
0.0	6.3	302.7	10.2	3.4	960.4
0.0	9.7	307.3	10.2	4.3	960.4
0.0	5.1	312.0	10.2	3.2	960.4
0.0	5.6	312.6	10.2	3.6	960.4
0.0	8.3	294.4	10.2	4.5	960.4
0.0	9.8	309.9	10.2	5.0	960.4
0.0	15.5	297.1	10.2	5.9	960.4
0.0	16.0	181.2	10.2	5.4	964.8
0.0	15.3	289.5	10.2	5.5	964.8
0.1	14.8	194.6	10.2	4.3	964.8
0.6	8.8	54.9	10.2	3.3	964.8
0.0	6.2	307.9	10.3	3.0	964.8
0.0	9.3	260.6	10.3	3.8	964.8
0.0	9.5	234.8	10.3	4.1	964.8
0.0	9.6	302.2	10.3	4.6	964.8
0.0	10.1	326.1	10.3	4.6	964.8
3.9	10.1	103.9	10.3	3.4	964.8
5.8	14.0	195.8	10.3	4.1	964.8
36.1	14.4	26.8	10.3	4.5	964.8
7.7	5.3	12.1	10.4	2.8	964.8
3.9	2.0	46.0	10.4	1.2	964.8
5.7	2.4	80.3	10.4	1.7	964.8
0.0	1.4	256.5	10.4	2.6	964.8
0.5	2.7	319.1	10.4	2.5	964.8
10.9	4.0	26.9	10.4	1.8	964.8
0.0	3.0	261.1	10.5	2.7	964.8
0.0	1.8	338.9	10.5	2.7	964.8
0.1	5.4	301.5	10.5	3.4	964.8
0.0	5.0	351.8	10.5	3.5	964.8
0.0	7.4	350.9	10.5	4.2	964.8
0.0	5.8	344.6	10.6	3.9	964.8
0.0	8.9	347.2	10.6	4.7	964.8
0.0	7.4	351.8	10.6	4.4	964.8
0.0	5.3	360.7	10.6	3.6	964.8
0.0	8.9	356.5	10.7	4.4	964.8
0.0	10.7	74.2	10.7	3.6	964.8
6.7	8.9	233.0	10.7	3.1	964.8
12.8	8.9	24.8	10.7	2.4	964.8
0.2	13.8	179.4	10.7	4.4	967.0
6.1	14.1	61.9	10.8	5.2	967.0
10.4	5.4	142.3	10.8	3.4	967.0
1.0	2.0	111.2	10.8	1.6	967.0
0.1	5.5	325.5	10.8	4.0	967.0
11.0	4.2	73.5	10.9	2.0	967.0
9.6	6.4	23.1	10.9	2.5	967.0
20.2	7.2	30.0	10.9	2.4	967.0
15.7	4.4	29.4	10.9	1.4	967.0
2.0	4.8	86.9	11.0	2.5	967.0
1.0	7.2	218.9	11.0	4.7	967.0
0.2	9.1	298.9	11.0	5.7	967.0
0.3	10.1	287.9	11.1	5.5	967.0
0.0	11.5	340.6	11.1	5.4	967.0
3.6	15.8	175.7	11.1	5.1	967.0
8.7	8.4	74.5	11.1	4.0	967.0
7.6	6.5	301.8	11.2	3.6	967.0
13.9	3.4	34.1	11.2	1.7	967.0
0.0	4.4	201.9	11.2	2.4	967.0
1.7	3.5	92.6	11.3	2.2	967.0
0.2	7.8	318.0	11.3	4.8	967.0
25.9	10.2	133.1	11.3	3.4	967.0
3.9	10.6	54.7	11.3	3.0	967.0
0.3	9.6	141.4	11.4	3.6	967.0
7.5	13.0	251.2	11.4	5.6	967.0
1.9	8.5	75.9	11.4	3.9	967.0
0.1	7.8	228.3	11.5	3.8	967.0
9.1	11.5	140.8	11.5	4.3	967.0
17.2	14.7	114.5	11.5	5.9	967.9
2.6	5.9	80.2	11.6	3.6	967.9
0.7	5.4	166.2	11.6	3.3	967.9
16.4	6.4	92.5	11.6	2.8	967.9
8.0	7.0	39.5	11.6	2.0	967.9
7.7	10.2	74.9	11.7	3.7	967.9
2.6	16.1	135.5	11.7	6.3	967.9
37.1	19.8	425.3	11.7	7.6	967.9
3.3	10.7	118.2	11.8	5.8	967.9
0.6	5.8	125.3	11.8	2.7	967.9
0.2	7.9	275.6	11.8	4.2	967.9
37.5	13.3	133.1	11.9	5.7	967.9
2.5	15.2	99.0	11.9	5.0	967.9
9.3	13.9	86.8	11.9	7.9	967.9
14.9	3.8	53.1	11.9	4.0	967.9
0.4	3.1	124.5	12.0	2.6	967.9
0.1	6.4	411.4	12.0	5.2	967.9
0.2	9.9	420.1	12.0	6.5	967.9
0.5	7.7	479.7	12.1	4.2	967.9
21.7	6.7	71.2	12.1	2.6	967.9
10.9	8.2	24.1	12.1	3.6	967.9
0.9	6.7	104.1	12.2	3.6	967.9
0.0	10.3	545.2	12.2	6.2	967.9
0.0	6.9	555.7	12.2	5.6	967.9
0.0	10.7	551.1	12.3	7.0	967.9
0.0	13.4	543.3	12.3	8.0	967.9
10.7	16.9	375.7	12.3	8.1	967.9
48.1	16.8	60.3	12.3	4.4	967.9
0.3	16.6	429.7	12.4	7.9	967.9
0.1	17.8	457.4	12.4	8.3	967.9
0.0	15.5	555.4	12.4	8.5	967.9
0.0	14.4	560.3	12.5	8.8	968.5
7.8	17.6	549.7	12.5	9.3	968.5
0.0	11.9	519.7	12.5	7.4	968.5
0.0	13.6	597.1	12.6	7.9	968.5
0.1	20.3	547.9	12.6	10.1	968.5
0.2	23.4	364.2	12.6	9.7	968.5
1.8	25.8	315.3	12.6	10.0	968.5
3.3	22.0	95.0	12.7	6.9	968.5
24.0	21.4	502.5	12.7	14.1	968.5
1.8	7.4	201.1	12.7	4.6	968.5
0.0	11.9	607.1	12.8	7.1	968.5
0.7	17.8	424.3	12.8	9.3	968.5
35.2	18.8	138.5	12.8	8.3	968.5
0.0	9.9	261.8	12.9	7.0	968.5
0.0	14.1	593.3	12.9	7.5	968.5
1.6	19.8	395.4	12.9	9.5	968.5
0.3	25.7	402.6	12.9	10.0	968.5
28.7	24.8	392.9	13.0	8.1	968.5
9.2	22.2	435.4	13.0	12.3	968.5
0.4	17.0	274.5	13.0	6.6	968.5
0.1	21.1	265.6	13.1	8.5	968.5
13.3	25.4	506.5	13.1	10.2	968.5
13.5	24.7	364.5	13.1	12.1	968.5
9.5	15.6	77.9	13.1	7.1	968.5
0.7	15.9	253.8	13.2	7.0	968.5
0.8	15.7	210.8	13.2	7.3	968.5
11.8	18.3	448.4	13.2	8.5	968.5
64.5	13.7	29.3	13.2	3.2	968.5
7.1	16.4	107.0	13.3	5.4	968.5
8.6	16.8	71.8	13.3	4.5	968.5
0.2	17.1	232.5	13.3	7.9	969.7
0.0	20.3	618.3	13.3	9.7	969.7
0.0	21.7	473.6	13.4	10.0	969.7
0.0	22.4	621.4	13.4	10.7	969.7
0.0	22.9	593.5	13.4	10.3	969.7
0.0	26.3	583.5	13.4	10.9	969.7
5.1	26.3	372.5	13.5	10.4	969.7
13.4	27.4	513.4	13.5	11.2	969.7
20.9	23.4	414.2	13.5	13.3	969.7
0.0	18.0	658.3	13.5	9.1	969.7
0.0	21.0	602.5	13.6	9.5	969.7
0.0	21.8	587.1	13.6	11.0	969.7
0.0	22.3	534.3	13.6	9.7	969.7
8.6	21.1	222.4	13.6	7.5	969.7
8.8	21.6	73.9	13.7	6.3	969.7
2.3	21.1	84.4	13.7	9.9	969.7
0.1	20.2	287.1	13.7	7.5	969.7
3.7	20.8	167.8	13.7	7.2	969.7
0.0	19.7	284.7	13.7	8.0	969.7
0.2	19.2	286.2	13.8	7.0	969.7
0.0	21.6	490.9	13.8	9.7	969.7
0.0	23.9	625.5	13.8	11.0	969.7
2.7	24.7	489.9	13.8	9.5	969.7
42.0	24.3	174.5	13.8	7.4	969.7
14.2	25.1	144.0	13.8	7.6	969.7
9.6	22.7	132.0	13.9	9.2	969.7
0.0	25.6	635.2	13.9	11.3	969.7
0.7	25.4	441.3	13.9	11.3	969.7
0.0	23.4	629.8	13.9	11.6	969.7
0.0	23.1	470.8	13.9	8.4	969.7
0.0	25.6	616.4	13.9	9.8	969.7
0.0	25.7	236.9	13.9	8.6	968.1
0.8	26.1	242.7	14.0	9.3	968.1
13.1	24.6	54.2	14.0	5.1	968.1
0.9	24.1	153.4	14.0	9.3	968.1
0.0	23.2	535.9	14.0	10.3	968.1
0.2	26.7	571.1	14.0	12.8	968.1
0.0	23.2	344.8	14.0	9.7	968.1
0.0	25.5	642.1	14.0	11.4	968.1
11.0	19.7	119.2	14.0	7.2	968.1
0.2	23.7	467.4	14.0	9.8	968.1
0.0	26.5	459.0	14.0	11.0	968.1
0.0	25.1	223.5	14.1	10.8	968.1
67.4	24.7	254.3	14.1	7.8	968.1
1.6	23.5	102.5	14.1	6.1	968.1
1.9	26.5	539.1	14.1	10.2	968.1
31.2	24.5	68.6	14.1	5.2	968.1
19.3	27.4	259.7	14.1	9.3	968.1
0.0	24.8	379.2	14.1	9.2	968.1
0.0	26.2	631.3	14.1	11.4	968.1
2.5	23.7	234.7	14.1	7.0	968.1
24.1	24.2	65.8	14.1	7.3	968.1
15.1	25.5	105.1	14.1	6.4	968.1
0.0	28.1	659.1	14.1	10.5	968.1
0.0	29.5	660.8	14.1	11.9	968.1
5.2	29.2	639.8	14.1	12.3	968.1
23.6	28.4	476.5	14.1	9.6	968.1
22.0	27.8	417.9	14.1	9.7	968.1
17.9	27.6	297.3	14.1	9.2	968.1
20.7	28.5	495.3	14.1	10.3	968.1
8.8	26.8	185.2	14.1	7.6	968.1
21.8	26.9	214.1	14.1	8.6	963.8
20.3	26.4	360.8	14.0	7.4	963.8
35.8	26.3	150.4	14.0	5.8	963.8
14.3	26.3	157.5	14.0	7.1	963.8
4.5	28.1	488.9	14.0	11.3	963.8
7.6	28.9	549.0	14.0	11.3	963.8
17.6	28.0	548.9	14.0	11.3	963.8
15.2	28.0	613.3	14.0	10.2	963.8
7.6	28.3	616.0	14.0	10.9	963.8
4.3	28.8	614.5	14.0	11.5	963.8
10.5	29.0	585.6	14.0	10.8	963.8
19.2	29.2	526.5	13.9	10.1	963.8
16.9	28.6	459.2	13.9	10.5	963.8
3.1	28.9	451.6	13.9	10.5	963.8
3.6	29.4	604.4	13.9	10.8	963.8
0.3	29.8	582.1	13.9	10.2	963.8
2.4	29.4	544.0	13.9	9.5	963.8
0.5	29.8	553.5	13.9	10.1	963.8
4.1	29.6	628.0	13.8	11.3	963.8
9.8	28.7	620.1	13.8	11.8	963.8
8.1	28.4	617.2	13.8	9.7	963.8
10.3	28.1	552.7	13.8	10.1	963.8
16.8	27.7	462.5	13.8	9.3	963.8
14.6	28.1	568.7	13.8	10.3	963.8
2.1	28.4	543.4	13.7	10.1	963.8
8.2	28.8	628.4	13.7	11.1	963.8
5.2	29.2	562.2	13.7	10.6	963.8
2.4	29.9	619.0	13.7	11.2	963.8
2.0	30.9	622.4	13.7	11.4	963.8
0.0	31.9	621.6	13.6	11.5	963.8
0.0	32.4	623.4	13.6	11.5	963.8
1.1	32.8	611.7	13.6	11.7	963.9
0.0	32.5	622.5	13.6	11.4	963.9
8.6	29.8	597.5	13.5	11.9	963.9
13.6	28.7	572.5	13.5	10.3	963.9
13.5	28.5	483.7	13.5	9.7	963.9
17.3	28.2	462.9	13.5	9.9	963.9
17.2	28.4	461.8	13.5	9.9	963.9
0.7	29.3	591.2	13.4	10.3	963.9
7.2	28.6	542.5	13.4	9.6	963.9
6.8	28.8	424.3	13.4	9.7	963.9
10.1	29.2	585.8	13.4	10.4	963.9
7.6	29.2	590.4	13.3	10.5	963.9
0.9	29.4	521.9	13.3	9.3	963.9
10.0	28.5	549.9	13.3	8.3	963.9
8.7	28.6	531.1	13.3	10.0	963.9
4.6	29.3	573.3	13.2	10.5	963.9
0.2	30.4	544.8	13.2	10.4	963.9
6.9	30.5	553.7	13.2	10.7	963.9
9.0	28.7	423.1	13.1	10.1	963.9
9.0	28.6	522.4	13.1	10.3	963.9
0.1	30.2	553.3	13.1	11.0	963.9
1.8	30.4	492.4	13.1	10.3	963.9
7.3	29.8	519.2	13.0	10.1	963.9
19.8	28.7	352.9	13.0	9.3	963.9
27.8	28.3	241.7	13.0	8.7	963.9
5.9	28.1	332.0	13.0	7.6	963.9
0.2	27.9	448.1	12.9	9.1	963.9
0.1	28.2	561.4	12.9	9.2	963.9
3.9	28.6	479.2	12.9	8.8	963.9
17.3	26.4	105.6	12.8	6.3	963.9
15.4	28.0	413.0	12.8	9.5	963.9
16.8	28.5	479.5	12.8	9.4	967.5
12.7	28.4	482.8	12.8	9.5	967.5
0.3	28.7	509.5	12.7	9.9	967.5
0.1	29.1	479.8	12.7	8.8	967.5
0.4	29.6	445.6	12.7	8.6	967.5
0.1	30.3	478.7	12.6	8.7	967.5
0.7	29.9	336.1	12.6	8.8	967.5
0.0	30.5	523.1	12.6	9.4	967.5
0.0	31.3	504.8	12.5	10.0	967.5
0.0	31.6	523.6	12.5	10.7	967.5
0.0	31.5	522.0	12.5	10.3	967.5
0.1	32.1	501.5	12.5	10.3	967.5
0.9	32.4	478.9	12.4	12.1	967.5
0.4	26.2	93.9	12.4	6.9	967.5
0.0	26.4	475.6	12.4	8.6	967.5
0.2	26.0	453.4	12.3	9.2	967.5
0.0	24.8	257.2	12.3	6.6	967.5
0.1	24.1	206.1	12.3	6.5	967.5
0.0	24.9	308.9	12.2	8.4	967.5
0.0	26.6	513.2	12.2	9.6	967.5
0.0	27.0	515.8	12.2	10.5	967.5
0.0	27.4	517.3	12.2	10.8	967.5
0.0	27.4	509.8	12.1	10.0	967.5
0.0	27.1	499.1	12.1	10.2	967.5
0.0	26.8	492.4	12.1	9.9	967.5
0.0	25.9	496.6	12.0	9.6	967.5
0.0	26.0	481.3	12.0	9.2	967.5
0.0	26.2	453.1	12.0	9.2	967.5
0.0	23.7	492.9	11.9	9.1	967.5
0.0	23.7	492.7	11.9	9.3	967.5
0.0	25.9	482.5	11.9	10.1	968.9
0.0	26.4	474.9	11.9	10.2	968.9
0.0	25.0	473.3	11.8	9.4	968.9
0.0	24.8	477.6	11.8	9.6	968.9
0.0	25.3	477.7	11.8	9.9	968.9
0.0	26.0	471.9	11.7	10.3	968.9
0.0	25.2	475.1	11.7	9.9	968.9
0.0	25.9	464.5	11.7	9.9	968.9
0.0	26.8	454.3	11.6	9.8	968.9
0.0	26.5	452.8	11.6	9.4	968.9
0.0	25.0	441.2	11.6	9.1	968.9
0.0	24.0	448.9	11.6	8.8	968.9
0.0	25.5	438.2	11.5	9.1	968.9
0.0	25.0	435.4	11.5	8.7	968.9
0.0	24.5	438.0	11.5	8.5	968.9
0.0	22.4	438.9	11.4	8.2	968.9
0.0	22.1	435.7	11.4	8.4	968.9
0.0	23.8	431.4	11.4	8.4	968.9
0.0	22.0	430.1	11.4	8.2	968.9
0.0	21.1	432.4	11.3	7.4	968.9
0.0	22.0	423.9	11.3	7.6	968.9
0.0	19.7	423.0	11.3	6.8	968.9
0.0	20.1	407.4	11.2	6.9	968.9
0.0	20.8	381.1	11.2	7.5	968.9
0.0	21.5	411.1	11.2	7.3	968.9
0.0	21.5	404.4	11.2	7.2	968.9
0.0	17.9	380.5	11.1	6.7	968.9
0.0	17.0	409.6	11.1	6.5	968.9
0.0	18.8	398.9	11.1	6.7	968.9
0.0	18.3	387.6	11.0	6.4	968.9
0.0	17.8	392.7	11.0	6.4	968.9
0.0	18.4	388.0	11.0	6.2	970.7
0.0	20.6	365.1	11.0	6.3	970.7
0.0	19.8	318.1	10.9	6.0	970.7
0.0	19.7	213.7	10.9	5.3	970.7
3.8	18.4	30.2	10.9	1.9	970.7
0.1	20.7	98.2	10.9	4.6	970.7
0.0	20.4	353.2	10.8	6.4	970.7
0.0	19.4	361.8	10.8	6.5	970.7
0.0	18.4	363.0	10.8	6.4	970.7
0.0	19.5	361.2	10.8	6.8	970.7
0.0	20.5	356.7	10.7	7.1	970.7
0.1	18.4	335.3	10.7	7.2	970.7
0.0	10.5	231.8	10.7	3.9	970.7
0.0	10.6	367.7	10.7	4.5	970.7
0.0	14.0	346.3	10.6	5.5	970.7
0.0	16.8	337.1	10.6	6.1	970.7
0.0	18.7	336.6	10.6	6.4	970.7
0.0	20.3	330.2	10.6	6.6	970.7
0.0	18.3	303.7	10.6	5.4	970.7
0.0	19.4	325.1	10.5	5.8	970.7
0.0	19.9	325.3	10.5	5.9	970.7
0.0	21.2	319.6	10.5	6.0	970.7
0.0	21.2	166.5	10.5	4.6	970.7
0.0	21.5	169.3	10.5	4.6	970.7
0.0	22.5	277.1	10.4	5.7	970.7
7.6	10.8	32.9	10.4	5.0	970.7
1.9	7.6	26.0	10.4	2.0	970.7
0.0	4.9	283.6	10.4	3.0	970.7
0.0	4.6	327.7	10.4	2.8	970.7
0.0	9.4	321.2	10.4	4.4	970.7
0.0	11.4	174.4	10.3	4.5	973.9
0.2	13.5	243.8	10.3	4.6	973.9
1.3	8.8	39.5	10.3	3.5	973.9
0.0	2.8	238.6	10.3	2.2	973.9
0.0	5.7	316.6	10.3	3.3	973.9
0.0	9.4	294.3	10.3	4.0	973.9
0.0	12.8	224.5	10.3	4.2	973.9
8.6	14.8	79.0	10.3	3.3	973.9
4.5	15.5	26.5	10.2	1.9	973.9
4.4	16.9	103.6	10.2	3.5	973.9
3.6	10.3	28.8	10.2	3.4	973.9
0.8	7.6	199.2	10.2	2.2	973.9
4.1	7.8	65.7	10.2	2.2	973.9
0.0	6.2	267.2	10.2	2.9	973.9
0.0	5.1	305.2	10.2	2.9	973.9
0.0	2.0	300.0	10.2	2.3	973.9
0.0	5.5	280.7	10.2	3.1	973.9
0.0	7.0	102.9	10.2	2.5	973.9
0.0	7.7	302.4	10.2	3.8	973.9
0.0	5.4	300.7	10.2	3.1	973.9
0.0	8.4	300.6	10.2	4.2	973.9
0.0	10.4	296.3	10.2	4.6	973.9
0.0	9.0	264.8	10.2	3.9	973.9
0.0	9.9	299.3	10.2	4.2	973.9
0.1	10.7	292.6	10.2	4.2	973.9
0.3	9.5	107.3	10.2	3.0	973.9
1.0	11.6	201.9	10.2	3.9	973.9
1.6	6.0	23.5	10.2	2.2	973.9
0.0	5.6	296.8	10.2	3.2	973.9
0.0	7.5	301.4	10.2	3.9	973.9
0.0	8.7	307.3	10.2	4.3	973.9
0.0	10.4	308.0	10.2	4.6	978.4
0.0	8.8	247.5	10.2	4.0	978.4
0.0	6.9	313.2	10.2	3.0	978.4
0.0	10.8	311.0	10.2	4.2	978.4
0.0	13.4	313.6	10.3	5.2	978.4
0.0	13.5	312.2	10.3	5.2	978.4
0.0	14.4	312.5	10.3	5.8	978.4
0.0	10.6	309.5	10.3	4.1	978.4
0.0	12.6	320.8	10.3	5.2	978.4
0.0	14.3	313.6	10.3	5.7	978.4
0.0	16.4	278.0	10.3	5.8	978.4
0.0	17.3	258.9	10.3	5.9	978.4
0.0	14.8	303.6	10.4	4.9	978.4
0.0	12.2	110.2	10.4	2.4	978.4
8.9	13.4	103.9	10.4	4.0	978.4
14.7	6.5	18.3	10.4	2.8	978.4
0.1	3.0	227.9	10.4	2.6	978.4
0.0	5.6	330.8	10.4	3.6	978.4
2.1	5.3	127.0	10.5	3.0	978.4
0.0	4.9	342.7	10.5	3.4	978.4
0.0	-1.0	344.3	10.5	2.3	978.4
0.0	2.4	322.1	10.5	2.7	978.4
8.8	7.5	58.9	10.5	3.0	978.4
3.6	6.9	44.1	10.6	1.7	978.4
8.1	9.1	46.2	10.6	2.1	978.4
1.5	13.1	168.7	10.6	3.9	978.4
3.7	10.0	42.7	10.6	2.0	978.4
0.4	16.1	189.6	10.6	5.0	978.4
3.5	12.1	225.6	10.7	7.1	978.4
0.9	3.4	84.6	10.7	2.3	978.4
0.4	-2.5	125.9	10.7	1.9	978.4
0.0	-2.2	383.7	10.7	2.1	980.5
0.0	2.8	378.5	10.8	3.7	980.5
0.0	7.4	366.5	10.8	4.6	980.5
1.8	10.1	214.9	10.8	4.1	980.5
0.6	12.8	138.8	10.8	4.0	980.5
7.2	9.1	246.5	10.9	6.5	980.5
0.1	2.3	159.8	10.9	2.5	980.5
1.3	5.4	336.1	10.9	4.0	980.5
1.6	5.0	64.7	10.9	2.5	980.5
0.0	2.6	403.4	11.0	3.2	980.5
0.0	6.0	408.3	11.0	4.6	980.5
0.0	10.4	400.8	11.0	6.1	980.5
0.0	13.1	397.7	11.1	6.4	980.5
0.0	13.9	392.0	11.1	6.0	980.5
0.0	17.5	383.6	11.1	7.1	980.5
0.9	20.6	370.9	11.1	8.2	980.5
13.6	7.3	35.2	11.2	4.9	980.5
0.0	8.7	382.6	11.2	4.6	980.5
21.0	14.4	228.4	11.2	5.5	980.5
22.4	16.5	54.4	11.3	4.3	980.5
6.3	5.6	48.4	11.3	5.5	980.5
0.2	4.4	352.3	11.3	3.1	980.5
0.0	6.7	437.2	11.3	4.1	980.5
11.4	9.4	167.4	11.4	3.9	980.5
12.4	9.8	66.9	11.4	2.5	980.5
1.0	9.2	159.5	11.4	5.0	980.5
21.4	12.1	220.4	11.5	4.7	980.5
18.2	13.7	41.4	11.5	4.6	980.5
22.1	9.1	21.2	11.5	4.3	980.5
11.7	3.5	40.4	11.5	2.4	981.4
8.0	2.2	107.5	11.6	1.9	981.4
0.0	6.5	480.9	11.6	4.6	981.4
0.0	8.2	477.4	11.6	4.7	981.4
0.0	9.8	355.9	11.7	5.5	981.4
0.0	9.6	334.5	11.7	5.0	981.4
6.5	8.6	149.7	11.7	3.4	981.4
2.3	13.0	85.7	11.8	6.2	981.4
14.5	19.9	330.8	11.8	7.1	981.4
1.0	14.2	227.8	11.8	5.7	981.4
13.6	15.0	79.7	11.8	5.9	981.4
2.7	10.2	62.5	11.9	4.7	981.4
0.0	10.4	320.6	11.9	5.3	981.4
0.0	10.3	282.7	11.9	4.9	981.4
0.1	12.0	425.3	12.0	5.3	981.4
7.3	12.3	114.3	12.0	4.2	981.4
31.1	15.4	236.5	12.0	5.7	981.4
31.5	12.9	30.7	12.1	7.7	981.4
0.6	5.6	170.5	12.1	3.6	981.4
4.3	11.7	448.2	12.1	6.7	981.4
7.1	13.3	349.5	12.2	6.1	981.4
16.3	13.9	59.6	12.2	4.0	981.4
0.5	15.7	95.6	12.2	5.3	981.4
4.1	22.0	307.8	12.2	10.2	981.4
5.9	12.2	165.0	12.3	4.2	981.4
0.1	12.6	417.2	12.3	6.6	981.4
0.1	14.3	531.0	12.3	7.8	981.4
4.1	20.1	509.3	12.4	9.8	981.4
8.0	18.7	92.2	12.4	6.6	981.4
0.0	14.1	457.5	12.4	7.1	981.4
0.0	15.4	558.6	12.5	7.3	981.4
0.7	22.1	468.3	12.5	9.8	982.1
3.5	24.7	391.3	12.5	8.1	982.1
63.5	20.6	217.9	12.6	9.9	982.1
22.0	8.3	49.8	12.6	6.7	982.1
8.0	8.9	233.9	12.6	4.6	982.1
24.6	9.4	40.7	12.6	2.0	982.1
12.5	8.2	75.6	12.7	3.2	982.1
13.9	10.4	218.3	12.7	4.4	982.1
8.2	10.2	102.6	12.7	4.1	982.1
0.0	15.3	578.8	12.8	7.9	982.1
0.1	17.3	541.9	12.8	8.2	982.1
0.1	21.3	358.3	12.8	8.3	982.1
11.5	22.0	231.1	12.8	7.3	982.1
4.1	23.7	292.6	12.9	7.9	982.1
10.7	22.6	138.8	12.9	6.2	982.1
36.8	18.7	314.4	12.9	11.6	982.1
0.0	14.1	502.4	13.0	6.5	982.1
36.9	16.6	369.3	13.0	7.2	982.1
11.8	19.7	83.2	13.0	7.8	982.1
1.9	23.2	107.9	13.0	7.6	982.1
1.0	24.2	292.1	13.1	8.3	982.1
1.5	22.3	438.5	13.1	12.5	982.1
0.2	16.3	142.7	13.1	5.4	982.1
0.0	24.6	591.9	13.2	11.6	982.1
0.0	26.9	576.7	13.2	10.1	982.1
0.0	27.6	476.8	13.2	10.6	982.1
0.0	28.9	599.8	13.2	9.3	982.1
37.0	27.4	519.2	13.3	12.9	982.1
9.3	15.5	75.8	13.3	9.2	982.1
1.0	15.7	249.9	13.3	6.3	982.1
0.0	20.7	613.6	13.3	9.6	983.2
0.0	18.5	623.9	13.4	11.0	983.2
0.0	16.3	596.3	13.4	8.2	983.2
9.6	15.5	297.3	13.4	6.7	983.2
9.6	13.1	52.1	13.4	2.4	983.2
0.7	15.8	217.2	13.5	6.3	983.2
0.7	20.2	475.3	13.5	8.9	983.2
5.1	20.5	145.7	13.5	6.2	983.2
2.1	24.1	413.4	13.5	9.9	983.2
14.8	23.9	66.0	13.6	4.4	983.2
8.7	24.0	385.3	13.6	9.8	983.2
7.8	24.2	224.9	13.6	6.2	983.2
50.8	24.9	120.3	13.6	8.4	983.2
1.6	18.5	176.1	13.6	7.5	983.2
0.3	21.6	413.4	13.7	9.8	983.2
22.0	25.5	362.4	13.7	12.9	983.2
3.3	17.7	137.1	13.7	5.2	983.2
0.0	17.7	569.1	13.7	9.6	983.2
0.0	18.8	571.9	13.8	9.5	983.2
0.0	19.5	541.8	13.8	10.0	983.2
0.0	20.3	664.2	13.8	10.4	983.2
0.0	22.3	641.6	13.8	9.8	983.2
20.9	21.5	167.5	13.8	5.9	983.2
20.9	22.1	85.1	13.8	6.2	983.2
0.1	25.6	600.5	13.9	10.0	983.2
4.7	26.0	607.5	13.9	12.5	983.2
2.5	27.2	487.5	13.9	11.2	983.2
30.8	25.6	164.1	13.9	6.8	983.2
33.7	24.9	304.8	13.9	9.3	983.2
35.3	18.3	53.4	13.9	9.3	983.2
6.3	15.7	82.7	13.9	4.4	983.2
1.6	18.2	89.7	14.0	5.9	981.6
1.4	21.8	191.0	14.0	7.7	981.6
0.7	22.5	97.4	14.0	5.1	981.6
0.9	23.4	165.0	14.0	7.4	981.6
0.5	23.8	203.9	14.0	7.7	981.6
1.3	24.4	326.4	14.0	8.1	981.6
0.0	25.9	300.3	14.0	8.7	981.6
15.5	27.8	464.4	14.0	10.8	981.6
1.8	26.6	160.1	14.0	7.0	981.6
0.3	25.6	163.9	14.0	7.7	981.6
0.4	26.7	469.0	14.1	9.3	981.6
0.0	26.5	534.9	14.1	9.5	981.6
28.3	24.7	109.4	14.1	10.1	981.6
1.3	19.5	88.1	14.1	5.2	981.6
0.1	23.6	561.8	14.1	10.9	981.6
0.0	26.8	642.9	14.1	12.0	981.6
0.0	28.6	535.2	14.1	10.8	981.6
1.8	28.9	484.2	14.1	10.9	981.6
38.0	26.0	109.6	14.1	7.1	981.6
49.6	26.1	51.4	14.1	4.8	981.6
0.9	25.9	163.7	14.1	8.1	981.6
0.0	28.5	590.2	14.1	10.6	981.6
4.9	26.7	104.5	14.1	7.0	981.6
24.7	26.8	129.4	14.1	6.9	981.6
2.9	26.6	206.7	14.1	8.1	981.6
0.0	26.3	558.9	14.1	9.8	981.6
0.0	27.8	646.0	14.1	10.6	981.6
1.8	29.4	567.6	14.1	10.6	981.6
2.6	28.1	163.9	14.1	9.1	981.6
27.1	26.8	240.4	14.1	9.0	981.6
0.2	27.2	590.4	14.0	10.5	977.3
0.0	29.4	643.9	14.0	11.9	977.3
1.1	30.4	631.6	14.0	11.6	977.3
17.6	28.7	371.0	14.0	8.7	977.3
11.7	29.4	610.7	14.0	11.7	977.3
0.1	30.3	604.2	14.0	11.4	977.3
1.4	30.8	625.0	14.0	11.9	977.3
1.9	31.7	640.2	14.0	12.6	977.3
1.8	32.2	622.2	14.0	12.4	977.3
6.1	31.4	556.2	14.0	12.6	977.3
9.1	30.3	456.2	14.0	9.8	977.3
8.4	29.1	530.4	13.9	8.9	977.3
0.1	29.0	442.9	13.9	9.6	977.3
3.5	30.0	606.8	13.9	11.7	977.3
18.8	29.0	571.8	13.9	11.9	977.3
23.5	28.8	465.3	13.9	9.4	977.3
18.6	28.7	459.7	13.9	9.0	977.3
13.3	29.1	540.4	13.8	11.1	977.3
7.2	29.0	570.8	13.8	10.7	977.3
8.4	29.1	520.2	13.8	9.6	977.3
5.6	29.8	538.6	13.8	10.2	977.3
0.1	30.6	598.2	13.8	10.5	977.3
0.0	31.4	622.3	13.8	10.3	977.3
0.1	32.5	599.1	13.7	10.4	977.3
4.5	32.0	485.6	13.7	11.3	977.3
11.5	29.6	372.9	13.7	10.0	977.3
9.9	29.9	363.1	13.7	9.2	977.3
10.7	29.7	347.2	13.7	10.0	977.3
14.1	29.2	407.0	13.6	10.4	977.3
11.1	29.2	489.8	13.6	9.6	977.3
7.5	29.5	553.4	13.6	9.6	977.3
10.7	29.3	534.0	13.6	10.0	977.4
6.0	29.3	551.9	13.6	11.0	977.4
0.9	28.8	414.9	13.5	9.5	977.4
1.3	27.9	236.8	13.5	7.6	977.4
5.4	27.0	190.1	13.5	6.6	977.4
6.6	26.5	42.5	13.5	3.6	977.4
1.8	26.3	34.6	13.4	1.9	977.4
0.9	26.7	58.2	13.4	4.6	977.4
0.7	28.1	238.5	13.4	8.5	977.4
0.8	29.3	524.2	13.4	9.9	977.4
0.9	29.1	404.1	13.3	8.7	977.4
14.7	28.6	348.9	13.3	8.5	977.4
5.1	28.3	324.5	13.3	8.2	977.4
15.3	27.9	449.7	13.3	8.8	977.4
16.0	27.7	299.2	13.2	8.1	977.4
4.9	28.3	313.6	13.2	8.7	977.4
0.5	29.4	489.9	13.2	9.8	977.4
12.1	28.9	520.8	13.2	9.3	977.4
26.1	27.5	458.8	13.1	8.1	977.4
4.8	27.0	249.9	13.1	7.1	977.4
0.8	28.0	466.6	13.1	9.0	977.4
1.5	28.3	445.5	13.0	9.0	977.4
8.9	27.2	384.8	13.0	9.1	977.4
8.3	28.3	431.2	13.0	9.3	977.4
10.9	28.7	441.3	13.0	9.2	977.4
6.1	29.5	533.8	12.9	9.8	977.4
9.6	29.4	528.6	12.9	10.3	977.4
16.1	29.0	418.5	12.9	9.4	977.4
10.6	28.8	486.9	12.8	9.0	977.4
9.5	28.8	510.0	12.8	9.2	977.4
12.2	28.1	326.4	12.8	8.1	977.4
2.1	27.9	456.8	12.8	8.8	981.1
0.8	27.9	480.5	12.7	9.0	981.1
0.4	28.7	505.0	12.7	9.9	981.1
0.0	29.3	530.9	12.7	9.4	981.1
11.5	28.7	489.1	12.6	10.4	981.1
13.1	28.2	467.8	12.6	8.6	981.1
17.3	27.8	411.6	12.6	8.1	981.1
14.9	28.2	462.5	12.6	9.0	981.1
3.9	28.8	462.8	12.5	9.3	981.1
0.1	29.8	485.7	12.5	8.8	981.1
16.6	28.4	412.9	12.5	11.5	981.1
0.2	21.2	175.3	12.4	6.5	981.1
0.0	21.8	517.1	12.4	7.6	981.1
0.0	22.7	311.3	12.4	7.1	981.1
4.0	22.9	195.3	12.3	5.9	981.1
5.5	22.2	39.7	12.3	4.0	981.1
1.5	22.1	102.1	12.3	4.6	981.1
0.1	23.8	272.2	12.3	6.2	981.1
0.9	24.7	344.2	12.2	7.6	981.1
0.5	25.6	453.4	12.2	8.4	981.1
0.0	24.6	384.9	12.2	8.2	981.1
0.1	24.0	492.1	12.1	8.7	981.1
0.0	22.9	493.4	12.1	8.2	981.1
0.0	24.4	497.5	12.1	8.6	981.1
0.0	25.2	490.8	12.0	9.7	981.1
0.0	25.7	491.3	12.0	9.9	981.1
0.0	25.7	473.3	12.0	10.3	981.1
0.0	26.2	489.9	12.0	10.0	981.1
0.0	26.2	418.7	11.9	9.2	981.1
0.0	27.3	407.7	11.9	9.2	981.1
0.6	26.7	201.8	11.9	7.0	982.5
0.0	26.5	64.1	11.8	5.4	982.5
0.0	27.1	154.9	11.8	7.9	982.5
0.2	28.2	379.3	11.8	8.6	982.5
0.9	26.2	55.6	11.7	4.2	982.5
0.1	26.9	73.9	11.7	5.6	982.5
0.0	30.0	437.7	11.7	9.3	982.5
2.3	28.1	355.9	11.7	10.4	982.5
0.4	20.4	40.6	11.6	4.9	982.5
0.1	16.9	221.4	11.6	5.8	982.5
0.0	16.9	459.3	11.6	6.5	982.5
0.0	19.5	457.1	11.5	7.5	982.5
0.0	21.3	442.5	11.5	8.1	982.5
0.0	22.0	434.9	11.5	7.4	982.5
0.0	22.7	326.8	11.4	6.8	982.5
0.0	24.4	372.6	11.4	8.0	982.5
0.1	26.4	324.0	11.4	7.6	982.5
0.0	21.7	230.9	11.4	6.6	982.5
0.0	19.9	429.8	11.3	7.2	982.5
0.0	21.9	412.7	11.3	7.6	982.5
0.0	24.9	393.0	11.3	7.9	982.5
0.0	26.1	387.8	11.2	8.1	982.5
0.0	25.0	392.1	11.2	7.9	982.5
0.0	22.7	332.3	11.2	7.7	982.5
0.0	23.6	394.4	11.2	7.9	982.5
0.0	24.5	363.8	11.1	7.8	982.5
0.0	24.6	266.2	11.1	7.6	982.5
0.0	25.0	298.1	11.1	7.2	982.5
0.0	20.7	364.0	11.0	7.0	982.5
0.0	19.2	390.4	11.0	6.3	982.5
0.0	19.3	267.1	11.0	6.7	982.5
0.0	18.1	388.4	11.0	6.5	984.3
0.0	16.6	384.0	10.9	6.2	984.3
0.0	19.6	378.1	10.9	7.0	984.3
0.0	19.4	382.1	10.9	6.9	984.3
0.0	19.4	375.1	10.9	6.6	984.3
0.0	19.4	367.1	10.8	6.4	984.3
0.0	21.3	361.0	10.8	6.8	984.3
0.0	23.7	348.2	10.8	6.9	984.3
0.7	22.1	171.5	10.8	6.0	984.3
0.0	19.0	304.2	10.7	5.6	984.3
0.0	19.5	347.3	10.7	5.8	984.3
0.0	21.7	337.7	10.7	6.3	984.3
0.0	23.1	255.4	10.7	6.4	984.3
0.0	24.9	271.8	10.6	6.6	984.3
3.4	22.8	308.3	10.6	8.0	984.3
3.7	9.5	59.4	10.6	3.7	984.3
0.0	8.7	323.9	10.6	3.5	984.3
0.0	10.6	345.4	10.6	4.3	984.3
0.0	11.8	318.9	10.5	4.8	984.3
0.0	14.1	337.6	10.5	5.6	984.3
0.0	15.1	333.4	10.5	5.6	984.3
0.0	13.6	329.2	10.5	5.6	984.3
0.0	15.0	334.3	10.5	5.8	984.3
0.0	18.6	334.3	10.4	7.1	984.3
0.0	17.8	320.1	10.4	5.8	984.3
0.0	19.6	320.9	10.4	6.6	984.3
0.0	20.1	318.9	10.4	6.3	984.3
0.0	21.7	308.9	10.4	5.9	984.3
0.0	21.9	260.6	10.4	6.1	984.3
0.0	22.9	299.4	10.3	6.5	984.3
0.0	24.4	295.4	10.3	6.3	987.5
2.0	22.7	288.1	10.3	7.9	987.5
0.0	14.3	268.2	10.3	4.6	987.5
0.2	16.6	296.1	10.3	4.8	987.5
0.2	19.1	214.6	10.3	4.1	987.5
12.6	20.9	233.4	10.3	6.7	987.5
0.1	12.6	226.9	10.3	3.5	987.5
5.8	12.7	296.3	10.2	3.4	987.5
7.2	7.6	22.1	10.2	3.3	987.5
0.0	4.2	311.8	10.2	2.1	987.5
0.0	7.3	304.2	10.2	3.1	987.5
0.0	8.3	123.4	10.2	2.4	987.5
0.0	9.2	198.7	10.2	2.6	987.5
1.5	11.9	76.3	10.2	3.0	987.5
0.0	9.8	298.6	10.2	3.8	987.5
13.8	11.5	275.1	10.2	4.0	987.5
2.3	1.6	16.0	10.2	2.8	987.5
0.0	0.6	298.9	10.2	2.1	987.5
0.0	0.0	303.7	10.2	2.1	987.5
0.0	2.4	297.0	10.2	2.5	987.5
0.0	6.5	263.8	10.2	3.0	987.5
1.5	7.7	123.7	10.2	2.1	987.5
0.2	7.8	76.0	10.2	2.3	987.5
0.0	8.3	128.8	10.2	2.4	987.5
0.8	12.0	156.4	10.2	3.8	987.5
3.8	8.8	32.9	10.2	2.5	987.5
0.1	7.6	222.7	10.2	3.3	987.5
0.1	9.2	259.3	10.2	3.6	987.5
0.0	11.8	117.1	10.2	3.2	987.5
0.0	15.8	286.6	10.2	5.2	987.5
3.7	15.3	149.9	10.2	4.3	987.5
19.9	6.5	12.7	10.2	3.4	991.9
0.2	0.4	97.1	10.2	1.8	991.9
0.1	3.0	225.7	10.2	2.7	991.9
0.3	7.7	308.2	10.3	4.1	991.9
0.5	7.8	187.4	10.3	3.3	991.9
0.6	8.3	88.5	10.3	2.5	991.9
0.3	8.2	184.7	10.3	2.5	991.9
5.2	9.3	63.7	10.3	2.5	991.9
1.0	7.8	63.3	10.3	2.7	991.9
0.0	6.9	224.4	10.3	2.9	991.9
16.0	9.5	66.8	10.3	2.7	991.9
3.0	5.5	47.9	10.4	3.3	991.9
0.0	-0.9	331.8	10.4	2.1	991.9
0.0	1.0	336.4	10.4	2.8	991.9
0.0	3.3	192.8	10.4	2.9	991.9
0.2	6.2	330.4	10.4	4.1	991.9
0.0	-3.3	167.7	10.4	1.6	991.9
0.0	-2.2	339.7	10.5	2.1	991.9
0.0	-0.1	341.3	10.5	2.6	991.9
0.0	0.6	183.5	10.5	2.0	991.9
0.0	0.8	347.5	10.5	2.9	991.9
0.0	2.8	347.7	10.5	3.6	991.9
0.0	6.4	350.9	10.6	4.1	991.9
0.0	10.5	346.5	10.6	4.6	991.9
9.2	15.5	299.0	10.6	5.8	991.9
7.5	11.2	47.9	10.6	4.0	991.9
0.3	3.9	102.4	10.6	2.7	991.9
0.0	5.5	340.1	10.7	4.1	991.9
12.8	7.8	219.0	10.7	3.4	991.9
17.4	6.5	29.8	10.7	2.5	991.9
1.0	5.0	105.8	10.7	2.3	991.9
3.8	5.0	167.1	10.8	3.3	994.1
16.0	4.8	16.4	10.8	2.6	994.1
10.9	6.2	18.8	10.8	3.1	994.1
1.1	2.2	102.0	10.8	2.0	994.1
0.3	3.8	196.6	10.9	2.8	994.1
5.7	2.3	59.3	10.9	1.1	994.1
1.9	5.2	98.2	10.9	2.3	994.1
3.7	9.3	90.3	10.9	4.2	994.1
4.6	13.6	96.4	11.0	4.4	994.1
8.7	9.3	39.6	11.0	2.8	994.1
10.4	6.8	24.6	11.0	2.9	994.1
13.7	0.6	37.0	11.0	2.3	994.1
0.2	1.2	315.8	11.1	2.6	994.1
8.2	5.4	239.7	11.1	3.4	994.1
8.8	5.8	22.4	11.1	1.6	994.1
13.7	7.0	27.8	11.2	1.6	994.1
0.7	5.4	60.4	11.2	2.3	994.1
0.0	2.3	374.2	11.2	3.5	994.1
0.0	3.9	427.9	11.2	3.8	994.1
0.0	7.8	384.2	11.3	4.7	994.1
0.6	10.0	134.3	11.3	4.0	994.1
10.4	11.7	174.3	11.3	4.4	994.1
0.0	10.3	235.1	11.4	4.3	994.1
0.0	10.0	361.8	11.4	4.7	994.1
0.9	12.4	425.4	11.4	5.4	994.1
17.1	11.5	220.0	11.4	4.5	994.1
26.9	12.1	40.3	11.5	3.5	994.1
14.2	9.1	46.4	11.5	4.6	994.1
0.4	3.9	192.8	11.5	3.8	995.0
0.0	6.7	455.1	11.6	4.5	995.0
33.5	8.6	46.5	11.6	3.7	995.0
18.3	10.3	32.2	11.6	3.4	995.0
14.9	10.4	43.4	11.7	2.8	995.0
7.4	15.1	116.9	11.7	4.9	995.0
3.5	14.4	167.3	11.7	8.5	995.0
1.7	5.8	86.7	11.8	3.4	995.0
0.0	5.7	400.7	11.8	3.6	995.0
0.2	6.2	198.2	11.8	3.3	995.0
2.3	6.7	77.2	11.8	2.5	995.0
0.2	7.7	140.4	11.9	4.3	995.0
5.2	11.0	330.8	11.9	5.2	995.0
23.1	10.0	28.6	11.9	2.0	995.0
6.2	12.1	31.2	12.0	3.3	995.0
5.1	14.2	82.2	12.0	7.5	995.0
2.2	7.2	102.2	12.0	3.0	995.0
1.6	5.6	180.1	12.1	3.2	995.0
0.3	7.4	418.3	12.1	4.7	995.0
0.4	7.8	365.5	12.1	5.1	995.0
0.0	6.3	423.7	12.1	4.5	995.0
11.7	6.5	154.9	12.2	3.0	995.0
40.3	8.7	41.9	12.2	4.6	995.0
12.4	11.7	47.9	12.2	7.5	995.0
0.6	5.7	106.3	12.3	2.7	995.0
0.0	7.8	553.4	12.3	5.8	995.0
0.0	9.8	546.0	12.3	6.5	995.0
0.0	9.5	139.5	12.4	5.4	995.0
0.2	13.6	551.3	12.4	7.4	995.0
0.0	13.2	549.8	12.4	7.1	995.0
0.3	16.1	465.2	12.5	7.9	995.0
8.1	13.2	72.4	12.5	4.4	995.6
2.4	10.2	136.3	12.5	4.8	995.6
0.0	11.0	530.5	12.5	7.1	995.6
0.3	15.3	553.2	12.6	8.4	995.6
27.6	11.7	81.5	12.6	5.7	995.6
0.0	9.7	596.0	12.6	6.2	995.6
0.0	12.9	598.0	12.7	7.3	995.6
1.1	15.5	426.7	12.7	8.1	995.6
0.0	16.3	505.8	12.7	9.7	995.6
0.0	12.6	609.8	12.8	7.1	995.6
0.0	14.4	609.2	12.8	9.2	995.6
0.0	17.4	614.2	12.8	9.8	995.6
0.9	20.3	575.0	12.8	9.7	995.6
9.6	19.8	103.7	12.9	5.5	995.6
22.7	16.5	64.2	12.9	7.4	995.6
0.0	13.4	180.2	12.9	4.6	995.6
3.2	17.1	190.3	13.0	7.1	995.6
18.9	20.2	100.2	13.0	7.7	995.6
12.8	21.5	135.7	13.0	8.5	995.6
11.3	16.7	78.9	13.0	6.1	995.6
1.1	14.6	218.1	13.1	6.5	995.6
0.0	17.2	560.9	13.1	7.5	995.6
2.5	14.6	143.8	13.1	4.9	995.6
4.1	16.9	175.5	13.2	6.4	995.6
27.9	19.5	111.7	13.2	6.5	995.6
0.4	20.5	327.4	13.2	8.6	995.6
0.0	20.5	643.1	13.2	10.8	995.6
1.0	23.5	583.7	13.3	10.8	995.6
7.5	23.8	301.2	13.3	8.9	995.6
1.9	21.9	231.7	13.3	9.0	995.6
0.1	20.3	195.3	13.3	6.6	996.8
0.1	23.5	350.7	13.4	9.1	996.8
3.5	24.4	325.6	13.4	8.0	996.8
14.3	25.1	446.5	13.4	9.6	996.8
28.9	23.1	208.1	13.4	7.9	996.8
4.8	20.1	99.4	13.5	6.2	996.8
0.7	19.1	192.9	13.5	5.9	996.8
1.1	19.4	176.1	13.5	6.4	996.8
0.7	20.3	244.6	13.5	7.6	996.8
0.1	21.6	364.0	13.6	8.3	996.8
8.4	21.6	281.2	13.6	7.2	996.8
21.5	23.5	202.0	13.6	9.5	996.8
31.2	25.5	245.2	13.6	6.7	996.8
60.0	24.3	368.6	13.6	10.2	996.8
0.2	21.9	361.4	13.7	9.9	996.8
0.1	22.5	654.1	13.7	11.0	996.8
0.0	24.3	648.6	13.7	11.1	996.8
54.7	25.7	552.2	13.7	10.5	996.8
5.1	24.5	185.7	13.7	9.0	996.8
0.1	26.7	513.6	13.8	10.6	996.8
7.3	27.4	335.8	13.8	9.0	996.8
0.0	29.5	625.1	13.8	11.2	996.8
2.8	29.2	541.5	13.8	12.7	996.8
0.1	21.3	380.1	13.8	9.0	996.8
0.0	20.1	657.1	13.9	10.1	996.8
0.0	20.6	435.4	13.9	9.6	996.8
0.0	23.2	639.3	13.9	9.8	996.8
0.0	24.8	503.7	13.9	9.6	996.8
5.4	25.2	381.3	13.9	11.0	996.8
1.8	23.2	111.1	13.9	6.2	996.8
0.1	25.7	440.1	13.9	10.1	996.8
0.1	26.9	580.0	14.0	11.0	995.2
0.0	26.0	662.3	14.0	12.3	995.2
0.2	27.8	546.0	14.0	12.4	995.2
1.4	27.9	654.4	14.0	12.9	995.2
0.5	27.3	545.3	14.0	12.0	995.2
1.5	27.5	660.6	14.0	12.5	995.2
0.8	28.6	639.8	14.0	13.0	995.2
0.0	29.4	470.7	14.0	12.2	995.2
0.0	29.4	607.2	14.0	13.2	995.2
0.0	29.7	668.7	14.0	12.2	995.2
9.3	27.9	577.6	14.1	11.9	995.2
18.8	26.9	483.9	14.1	9.9	995.2
1.6	28.4	517.5	14.1	10.5	995.2
7.1	27.4	219.4	14.1	8.4	995.2
0.1	28.5	472.9	14.1	10.9	995.2
0.3	30.4	593.7	14.1	11.6	995.2
23.5	29.8	491.5	14.1	10.8	995.2
10.1	29.6	469.7	14.1	9.7	995.2
13.0	28.6	236.9	14.1	8.1	995.2
9.2	27.0	62.2	14.1	6.6	995.2
19.1	25.1	26.8	14.1	5.1	995.2
2.8	24.6	62.1	14.1	5.3	995.2
1.4	26.0	169.8	14.1	5.8	995.2
4.9	28.0	333.7	14.1	9.2	995.2
11.2	26.2	33.0	14.1	4.7	995.2
4.4	27.6	159.9	14.1	7.8	995.2
29.5	28.1	255.0	14.1	9.2	995.2
43.6	27.6	248.5	14.1	7.9	995.2
20.4	26.9	243.4	14.1	7.8	995.2
8.2	27.7	420.9	14.1	9.8	995.2
4.6	28.9	591.3	14.0	10.8	990.8
16.5	29.0	372.3	14.0	9.4	990.8
20.1	28.4	314.8	14.0	8.7	990.8
29.3	28.0	367.6	14.0	9.4	990.8
10.5	27.0	337.5	14.0	8.3	990.8
3.9	28.1	472.9	14.0	9.9	990.8
5.2	28.0	405.7	14.0	9.0	990.8
20.6	28.2	602.6	14.0	10.4	990.8
0.4	29.0	551.8	14.0	10.6	990.8
0.1	30.0	595.1	14.0	10.9	990.8
0.0	29.0	342.4	14.0	9.4	990.8
0.0	29.7	549.3	13.9	10.2	990.8
6.1	29.2	619.9	13.9	11.3	990.8
0.3	29.4	568.9	13.9	10.3	990.8
1.7	29.1	464.8	13.9	8.8	990.8
8.5	29.1	551.1	13.9	10.3	990.8
0.4	30.1	575.3	13.9	10.2	990.8
0.4	30.4	618.4	13.9	10.5	990.8
0.0	30.8	628.9	13.8	11.0	990.8
0.0	31.1	612.5	13.8	11.0	990.8
0.2	31.7	624.8	13.8	11.3	990.8
0.1	32.3	611.1	13.8	11.1	990.8
0.0	32.8	507.5	13.8	11.0	990.8
9.8	31.2	604.8	13.7	13.5	990.8
14.1	29.4	598.7	13.7	10.3	990.8
14.8	29.0	501.8	13.7	9.2	990.8
18.7	28.9	414.1	13.7	8.8	990.8
17.1	28.6	362.8	13.7	8.7	990.8
25.1	28.5	392.1	13.6	8.9	990.8
27.1	28.5	422.3	13.6	9.2	990.8
8.4	29.5	530.6	13.6	10.1	990.8
0.7	30.2	498.3	13.6	10.1	990.9
11.4	28.7	568.6	13.6	10.5	990.9
0.5	28.1	415.9	13.5	9.0	990.9
0.8	28.9	535.8	13.5	9.7	990.9
0.1	29.0	511.7	13.5	10.4	990.9
0.1	29.5	493.5	13.5	10.7	990.9
0.1	29.7	415.8	13.4	9.7	990.9
0.2	30.1	578.3	13.4	11.1	990.9
0.2	30.0	508.6	13.4	10.2	990.9
0.0	29.8	569.2	13.4	10.7	990.9
0.0	30.6	574.8	13.3	10.4	990.9
0.0	30.4	435.4	13.3	10.1	990.9
0.1	30.3	381.8	13.3	9.6	990.9
27.2	28.1	448.2	13.3	9.8	990.9
20.2	27.4	293.4	13.2	8.3	990.9
18.8	27.6	258.2	13.2	7.8	990.9
13.4	27.9	233.4	13.2	8.1	990.9
14.1	28.2	367.4	13.2	8.5	990.9
14.8	28.2	366.1	13.1	8.5	990.9
15.3	28.4	456.1	13.1	8.8	990.9
15.4	28.6	506.0	13.1	9.6	990.9
10.1	28.9	460.4	13.0	9.5	990.9
9.4	28.7	469.3	13.0	9.0	990.9
6.5	28.4	532.4	13.0	9.8	990.9
3.8	29.1	563.9	13.0	10.2	990.9
5.3	29.3	564.1	12.9	10.5	990.9
12.5	28.8	450.6	12.9	9.1	990.9
4.9	26.8	248.0	12.9	7.3	990.9
4.9	27.3	408.4	12.9	8.3	990.9
1.3	27.0	509.4	12.8	8.5	990.9
0.2	25.8	91.1	12.8	4.7	990.9
3.4	27.3	361.8	12.8	8.8	994.7
11.6	27.7	495.7	12.7	8.6	994.7
20.6	26.8	283.0	12.7	8.5	994.7
11.2	26.7	281.0	12.7	8.1	994.7
23.9	26.5	308.2	12.6	8.3	994.7
28.8	26.0	356.7	12.6	6.6	994.7
9.8	26.4	397.9	12.6	8.6	994.7
4.8	27.4	433.3	12.6	8.9	994.7
0.5	27.8	424.3	12.5	8.7	994.7
0.7	28.3	410.0	12.5	8.5	994.7
3.0	28.1	392.5	12.5	8.0	994.7
2.0	26.7	400.3	12.4	7.6	994.7
0.0	25.8	514.4	12.4	9.1	994.7
0.0	25.1	530.9	12.4	9.7	994.7
0.0	25.5	522.1	12.4	9.6	994.7
0.0	26.6	456.5	12.3	9.6	994.7
0.0	26.7	501.2	12.3	10.2	994.7
0.0	26.2	526.7	12.3	10.1	994.7
0.0	25.6	528.8	12.2	9.3	994.7
0.0	25.1	522.2	12.2	10.0	994.7
0.0	25.1	522.2	12.2	10.7	994.7
0.0	25.6	516.6	12.1	10.8	994.7
0.0	26.0	508.7	12.1	10.7	994.7
0.0	25.8	506.0	12.1	9.9	994.7
0.0	25.7	500.9	12.1	9.9	994.7
0.0	25.7	494.2	12.0	10.0	994.7
0.0	25.3	441.1	12.0	9.9	994.7
0.0	25.3	495.1	12.0	9.8	994.7
0.0	25.3	487.8	11.9	9.9	994.7
0.0	25.8	488.5	11.9	10.1	994.7
0.0	26.1	483.5	11.9	10.1	996.1
0.0	26.3	479.5	11.8	10.0	996.1
0.0	26.1	473.2	11.8	10.0	996.1
0.0	26.4	441.5	11.8	9.3	996.1
0.0	26.0	464.1	11.8	9.6	996.1
0.0	24.0	441.3	11.7	9.3	996.1
0.0	22.1	474.6	11.7	8.6	996.1
0.0	22.3	472.4	11.7	8.6	996.1
0.0	24.1	458.4	11.6	8.9	996.1
0.0	24.0	454.8	11.6	9.0	996.1
0.0	24.1	448.1	11.6	8.8	996.1
0.0	23.9	442.3	11.5	8.7	996.1
0.0	23.5	444.0	11.5	8.6	996.1
0.0	24.0	445.2	11.5	8.5	996.1
0.0	24.1	429.0	11.5	8.9	996.1
0.0	22.7	433.4	11.4	8.2	996.1
0.0	22.7	414.7	11.4	8.1	996.1
0.0	23.5	421.0	11.4	8.5	996.1
0.0	24.7	415.0	11.3	8.1	996.1
0.0	24.5	405.7	11.3	7.7	996.1
0.0	22.7	371.0	11.3	7.8	996.1
0.0	21.0	421.6	11.3	7.4	996.1
0.0	21.8	414.8	11.2	7.0	996.1
0.0	24.1	401.0	11.2	7.7	996.1
0.0	25.9	391.2	11.2	7.9	996.1
0.0	25.8	390.4	11.1	7.2	996.1
0.0	26.3	356.6	11.1	7.4	996.1
0.1	25.5	338.0	11.1	7.0	996.1
0.0	24.4	360.5	11.1	6.8	996.1
0.0	24.0	376.5	11.0	6.8	996.1
0.1	23.7	299.9	11.0	6.2	996.1
0.2	20.5	224.1	11.0	5.1	997.9
0.1	21.9	276.9	10.9	5.7	997.9
0.1	24.8	296.6	10.9	6.5	997.9
0.0	26.1	310.4	10.9	7.0	997.9
0.2	21.7	319.6	10.9	9.2	997.9
0.0	13.5	253.7	10.8	3.7	997.9
0.1	15.2	239.6	10.8	4.2	997.9
0.0	18.4	303.4	10.8	6.0	997.9
0.0	22.9	347.2	10.8	7.0	997.9
0.3	24.8	334.8	10.7	7.2	997.9
0.0	16.7	324.1	10.7	5.9	997.9
0.0	14.1	315.2	10.7	4.0	997.9
0.0	15.2	287.9	10.7	4.4	997.9
0.0	15.1	60.1	10.7	3.0	997.9
0.0	15.7	329.7	10.6	5.4	997.9
0.0	16.1	343.9	10.6	5.6	997.9
0.0	15.2	339.0	10.6	5.5	997.9
0.0	15.9	344.5	10.6	5.6	997.9
0.0	15.9	341.2	10.5	5.9	997.9
0.0	17.3	317.8	10.5	5.5	997.9
0.0	13.4	336.6	10.5	5.0	997.9
0.0	11.2	340.2	10.5	3.9	997.9
0.0	11.2	315.5	10.5	4.4	997.9
0.0	13.0	325.6	10.4	5.0	997.9
0.0	10.8	336.5	10.4	4.1	997.9
0.0	9.8	308.7	10.4	4.0	997.9
0.0	10.8	325.4	10.4	4.6	997.9
0.0	12.9	325.9	10.4	5.3	997.9
0.0	14.6	320.7	10.4	5.9	997.9
0.0	16.8	313.3	10.3	6.0	997.9
0.0	16.0	220.1	10.3	5.6	1001.1
0.0	16.2	302.8	10.3	5.7	1001.1
4.5	14.4	302.6	10.3	6.3	1001.1
0.1	0.9	273.6	10.3	2.5	1001.1
0.0	1.5	331.5	10.3	2.7	1001.1
0.0	5.7	309.4	10.3	3.3	1001.1
0.0	7.6	317.5	10.3	3.7	1001.1
0.0	9.9	309.0	10.3	4.7	1001.1
0.0	12.0	305.2	10.2	5.1	1001.1
0.0	13.2	299.6	10.2	5.4	1001.1
0.0	13.6	308.3	10.2	5.5	1001.1
0.0	14.5	304.9	10.2	5.5	1001.1
0.0	15.1	300.1	10.2	5.4	1001.1
0.0	15.3	298.1	10.2	4.8	1001.1
0.0	17.4	287.5	10.2	4.9	1001.1
0.0	16.8	214.0	10.2	5.3	1001.1
0.0	13.7	300.9	10.2	4.4	1001.1
0.0	14.6	298.1	10.2	5.1	1001.1
0.0	14.5	302.9	10.2	5.3	1001.1
0.0	15.7	300.7	10.2	5.8	1001.1
0.0	16.9	295.5	10.2	5.9	1001.1
0.2	12.6	63.9	10.2	3.4	1001.1
0.0	10.6	154.4	10.2	2.9	1001.1
0.0	11.0	279.2	10.2	3.7	1001.1
0.0	7.3	194.8	10.2	3.3	1001.1
0.0	4.2	313.3	10.2	3.0	1001.1
0.0	6.8	313.5	10.2	4.0	1001.1
0.0	10.6	292.0	10.2	4.8	1001.1
0.0	12.2	296.0	10.2	4.9	1001.1
0.0	10.5	287.0	10.2	4.0	1001.1
0.0	6.9	234.8	10.2	3.2	1001.1
0.0	10.5	298.1	10.2	4.2	1005.6
0.0	13.7	195.4	10.2	4.3	1005.6
0.2	15.6	194.9	10.2	3.8	1005.6
13.3	15.6	231.9	10.3	6.0	1005.6
0.1	4.9	233.8	10.3	2.8	1005.6
0.0	3.3	291.7	10.3	2.2	1005.6
0.0	7.3	319.3	10.3	3.3	1005.6
0.0	8.1	316.1	10.3	3.9	1005.6
0.0	11.3	314.4	10.3	4.7	1005.6
0.0	12.3	313.7	10.3	4.9	1005.6
0.0	14.5	316.8	10.3	5.5	1005.6
2.2	17.3	302.9	10.4	6.3	1005.6
3.0	9.6	26.8	10.4	2.1	1005.6
0.5	13.4	179.7	10.4	3.7	1005.6
7.5	6.7	37.7	10.4	3.8	1005.6
1.3	1.4	80.1	10.4	1.6	1005.6
0.0	0.8	217.7	10.4	2.1	1005.6
0.8	3.9	328.9	10.5	2.8	1005.6
10.8	2.9	34.7	10.5	1.2	1005.6
35.6	6.5	19.5	10.5	2.4	1005.6
27.5	8.8	29.9	10.5	1.5	1005.6
19.2	7.4	47.8	10.5	1.9	1005.6
28.9	4.8	27.4	10.5	2.5	1005.6
0.7	2.1	133.1	10.6	2.0	1005.6
0.0	3.0	295.1	10.6	2.3	1005.6
0.0	2.5	357.3	10.6	2.6	1005.6
0.0	0.9	334.2	10.6	3.3	1005.6
0.0	-3.4	375.2	10.7	1.9	1005.6
0.0	2.8	348.0	10.7	3.2	1005.6
0.0	5.7	371.3	10.7	4.1	1005.6
0.0	7.9	353.7	10.7	4.1	1005.6
2.8	9.3	124.9	10.8	3.6	1007.8
0.6	9.7	150.3	10.8	3.5	1007.8
0.0	14.4	298.5	10.8	5.4	1007.8
0.0	17.4	354.8	10.8	5.3	1007.8
1.4	17.3	115.7	10.9	6.6	1007.8
6.8	3.5	56.9	10.9	3.5	1007.8
0.0	2.2	387.7	10.9	2.7	1007.8
0.0	3.2	401.1	10.9	3.4	1007.8
0.0	6.8	389.9	11.0	4.5	1007.8
0.0	9.4	407.9	11.0	5.6	1007.8
0.0	12.5	417.4	11.0	6.9	1007.8
0.0	15.8	402.7	11.0	7.8	1007.8
0.0	19.5	403.9	11.1	8.4	1007.8
0.0	12.9	417.4	11.1	5.5	1007.8
0.0	14.1	409.3	11.1	6.6	1007.8
0.0	9.6	429.5	11.2	5.1	1007.8
0.0	14.6	411.6	11.2	7.2	1007.8
0.0	16.6	428.6	11.2	7.8	1007.8
0.0	11.3	436.5	11.2	5.8	1007.8
0.0	14.8	444.2	11.3	7.5	1007.8
0.0	17.1	445.4	11.3	7.8	1007.8
0.0	19.8	431.5	11.3	8.3	1007.8
13.3	10.2	198.6	11.4	8.2	1007.8
0.0	4.9	367.0	11.4	4.0	1007.8
0.0	5.1	467.1	11.4	4.4	1007.8
0.0	9.3	468.7	11.4	6.1	1007.8
0.0	12.8	473.2	11.5	7.2	1007.8
0.0	16.1	405.6	11.5	7.8	1007.8
0.0	18.7	210.9	11.5	6.9	1008.6
0.6	16.4	115.4	11.6	6.0	1008.6
0.1	17.7	209.9	11.6	6.3	1008.6
0.1	21.9	352.2	11.6	8.6	1008.6
4.1	10.6	71.6	11.7	6.3	1008.6
0.0	13.2	429.7	11.7	5.8	1008.6
0.0	12.8	472.1	11.7	7.2	1008.6
0.0	10.1	202.4	11.7	3.8	1008.6
0.0	10.1	325.8	11.8	5.8	1008.6
0.0	13.6	495.8	11.8	7.7	1008.6
0.0	17.9	328.8	11.8	7.8	1008.6
0.9	17.3	178.2	11.9	5.9	1008.6
5.4	13.7	30.0	11.9	3.7	1008.6
5.7	13.3	205.7	11.9	6.4	1008.6
3.7	9.4	65.4	12.0	3.4	1008.6
0.8	11.5	290.8	12.0	5.3	1008.6
21.6	10.8	30.1	12.0	2.7	1008.6
37.2	12.5	31.3	12.0	3.7	1008.6
5.6	10.1	88.4	12.1	3.2	1008.6
0.1	10.7	319.4	12.1	5.5	1008.6
0.2	11.1	525.6	12.1	6.8	1008.6
0.0	12.3	537.5	12.2	7.2	1008.6
0.0	15.2	532.2	12.2	8.5	1008.6
0.0	17.1	524.8	12.2	9.2	1008.6
0.0	19.4	503.2	12.3	9.0	1008.6
0.0	18.6	202.3	12.3	7.0	1008.6
1.4	19.5	172.9	12.3	7.5	1008.6
3.9	17.7	72.8	12.4	4.7	1008.6
0.9	20.5	168.8	12.4	6.6	1008.6
0.5	21.6	330.8	12.4	8.0	1008.6
0.0	23.3	449.0	12.4	8.8	1008.6
1.9	24.6	493.8	12.5	10.3	1009.3
12.8	24.2	472.6	12.5	8.8	1009.3
22.6	24.4	431.7	12.5	8.8	1009.3
29.2	23.1	415.7	12.6	11.7	1009.3
1.7	12.8	139.0	12.6	3.1	1009.3
0.2	16.6	472.9	12.6	7.3	1009.3
0.2	23.5	434.3	12.7	10.1	1009.3
54.0	24.5	393.6	12.7	9.5	1009.3
22.8	18.7	120.3	12.7	10.0	1009.3
31.6	10.0	62.2	12.7	4.2	1009.3
21.1	13.5	326.6	12.8	6.1	1009.3
0.0	15.8	594.7	12.8	9.0	1009.3
0.1	11.7	249.0	12.8	4.1	1009.3
0.4	18.9	385.1	12.9	10.1	1009.3
2.4	14.9	97.7	12.9	7.9	1009.3
0.0	19.4	590.8	12.9	9.6	1009.3
0.0	22.8	607.6	12.9	11.4	1009.3
1.6	22.1	371.6	13.0	8.3	1009.3
0.1	24.5	527.6	13.0	10.5	1009.3
14.0	24.5	429.9	13.0	8.6	1009.3
11.2	22.3	317.0	13.1	10.8	1009.3
19.0	16.2	60.3	13.1	5.8	1009.3
0.9	15.6	242.5	13.1	6.5	1009.3
0.1	20.8	579.4	13.1	10.5	1009.3
9.4	24.4	434.6	13.2	9.7	1009.3
4.1	24.4	168.2	13.2	7.1	1009.3
53.9	25.8	492.9	13.2	10.9	1009.3
0.4	22.6	430.5	13.3	9.1	1009.3
0.0	24.7	577.1	13.3	9.9	1009.3
0.0	27.3	424.1	13.3	9.6	1009.3
0.1	28.0	470.1	13.3	10.4	1010.4
16.6	19.0	111.1	13.4	13.2	1010.4
12.2	11.9	75.6	13.4	3.8	1010.4
0.1	16.0	551.2	13.4	8.4	1010.4
0.4	16.1	205.3	13.4	7.4	1010.4
0.0	18.2	608.9	13.5	7.9	1010.4
0.0	17.3	193.1	13.5	6.5	1010.4
0.6	19.6	351.0	13.5	9.2	1010.4
0.0	22.6	527.7	13.5	10.1	1010.4
0.7	24.3	568.3	13.5	9.7	1010.4
0.7	23.5	163.6	13.6	6.3	1010.4
0.4	23.8	422.7	13.6	9.5	1010.4
0.7	24.4	526.4	13.6	9.7	1010.4
0.1	27.2	570.8	13.6	11.0	1010.4
25.1	25.7	299.6	13.7	11.7	1010.4
23.9	23.1	449.8	13.7	8.5	1010.4
43.4	23.2	73.9	13.7	6.7	1010.4
1.0	22.4	166.5	13.7	7.6	1010.4
60.4	22.3	135.4	13.7	7.9	1010.4
2.3	20.1	157.2	13.8	6.7	1010.4
0.6	16.5	38.1	13.8	5.8	1010.4
0.0	14.0	131.9	13.8	5.8	1010.4
0.0	17.9	661.5	13.8	9.4	1010.4
0.1	21.6	657.6	13.8	11.4	1010.4
0.0	23.1	670.7	13.8	12.0	1010.4
0.0	24.4	667.9	13.9	12.2	1010.4
0.0	25.0	479.1	13.9	12.0	1010.4
0.0	26.2	665.2	13.9	12.5	1010.4
0.0	27.3	665.2	13.9	13.1	1010.4
0.0	29.2	653.0	13.9	13.1	1010.4
0.0	30.0	557.0	13.9	12.8	1010.4
9.0	28.1	409.6	14.0	11.4	1008.8
0.0	30.6	618.7	14.0	10.7	1008.8
0.0	32.1	596.6	14.0	10.4	1008.8
15.8	29.5	461.1	14.0	12.0	1008.8
47.5	28.2	469.2	14.0	9.1	1008.8
26.7	27.2	278.5	14.0	9.5	1008.8
13.4	26.3	262.9	14.0	9.7	1008.8
0.3	27.5	599.3	14.0	10.4	1008.8
1.7	27.2	390.6	14.0	9.7	1008.8
9.0	28.2	546.4	14.0	10.9	1008.8
0.0	28.9	390.0	14.0	10.0	1008.8
21.6	29.6	481.0	14.1	11.3	1008.8
16.9	26.3	100.2	14.1	8.3	1008.8
1.1	22.0	83.9	14.1	6.6	1008.8
0.1	20.8	69.9	14.1	5.5	1008.8
3.8	20.5	51.4	14.1	5.0	1008.8
2.0	23.3	178.4	14.1	6.7	1008.8
0.9	24.6	105.1	14.1	7.4	1008.8
12.0	24.9	46.6	14.1	3.6	1008.8
5.6	25.3	59.7	14.1	4.6	1008.8
9.2	25.6	41.9	14.1	3.0	1008.8
8.8	26.1	56.6	14.1	4.3	1008.8
1.1	25.2	82.0	14.1	7.4	1008.8
0.0	26.9	530.5	14.1	10.9	1008.8
0.0	27.9	423.0	14.1	11.6	1008.8
5.5	29.3	620.5	14.1	11.8	1008.8
20.0	28.3	439.9	14.1	9.3	1008.8
10.5	26.7	259.3	14.1	9.0	1008.8
6.0	27.9	573.5	14.1	11.1	1008.8
4.6	26.8	622.7	14.1	10.6	1008.8
1.9	26.5	540.1	14.1	9.8	1004.4
4.7	27.0	614.9	14.0	11.4	1004.4
6.3	28.2	481.7	14.0	10.7	1004.4
1.7	26.3	93.5	14.0	6.7	1004.4
24.8	27.9	325.2	14.0	9.6	1004.4
9.6	28.3	256.7	14.0	8.6	1004.4
8.1	27.2	105.3	14.0	6.1	1004.4
2.4	29.3	444.5	14.0	9.6	1004.4
0.6	29.8	542.1	14.0	10.9	1004.4
0.1	30.5	563.4	14.0	11.9	1004.4
3.5	30.6	625.7	14.0	12.0	1004.4
17.4	28.9	424.9	13.9	9.1	1004.4
5.8	28.6	257.4	13.9	8.8	1004.4
4.3	29.9	504.6	13.9	10.4	1004.4
22.5	29.3	497.1	13.9	8.5	1004.4
5.4	30.1	514.9	13.9	10.7	1004.4
6.0	30.8	584.7	13.9	11.8	1004.4
1.6	31.3	586.3	13.9	11.0	1004.4
11.5	30.3	532.8	13.8	11.2	1004.4
4.3	30.8	551.2	13.8	11.4	1004.4
2.0	30.9	589.4	13.8	11.4	1004.4
11.7	29.8	572.5	13.8	11.3	1004.4
11.5	28.0	204.2	13.8	8.6	1004.4
7.7	26.2	88.6	13.7	5.3	1004.4
18.8	28.4	524.4	13.7	8.8	1004.4
22.0	28.8	454.2	13.7	7.9	1004.4
0.6	29.3	472.0	13.7	9.6	1004.4
0.5	29.6	511.8	13.7	10.0	1004.4
0.2	30.1	600.9	13.6	10.3	1004.4
0.0	29.9	596.9	13.6	11.3	1004.4
1.2	29.4	376.7	13.6	8.7	1004.4
10.9	28.1	393.6	13.6	9.7	1004.5
2.6	28.6	352.1	13.6	8.1	1004.5
2.7	28.1	288.0	13.5	7.8	1004.5
0.1	28.4	571.0	13.5	9.9	1004.5
0.0	29.0	603.6	13.5	10.1	1004.5
0.0	30.8	612.4	13.5	10.9	1004.5
0.1	32.0	561.3	13.4	11.3	1004.5
0.3	32.5	523.0	13.4	10.7	1004.5
1.2	31.4	410.5	13.4	10.5	1004.5
0.0	30.0	424.3	13.4	8.6	1004.5
0.3	30.2	552.1	13.3	10.2	1004.5
22.6	28.2	277.0	13.3	9.1	1004.5
11.2	28.2	219.8	13.3	7.9	1004.5
20.9	29.4	521.9	13.3	9.1	1004.5
5.6	29.8	524.6	13.2	9.7	1004.5
3.6	30.4	547.4	13.2	10.6	1004.5
0.1	31.1	556.9	13.2	10.4	1004.5
16.1	29.9	514.8	13.2	11.9	1004.5
8.4	29.0	403.3	13.1	8.7	1004.5
12.7	28.7	483.6	13.1	9.3	1004.5
18.1	28.6	478.1	13.1	8.9	1004.5
15.0	24.8	251.4	13.1	9.2	1004.5
0.5	23.2	329.6	13.0	8.0	1004.5
0.4	25.9	521.1	13.0	9.2	1004.5
0.7	26.8	358.8	13.0	8.2	1004.5
10.4	26.6	397.3	12.9	8.7	1004.5
15.6	26.8	534.9	12.9	9.1	1004.5
8.9	27.1	453.1	12.9	9.4	1004.5
7.1	27.6	491.1	12.9	9.9	1004.5
0.3	27.7	391.9	12.8	8.2	1004.5
8.1	26.4	117.0	12.8	6.6	1004.5
1.0	26.0	52.1	12.8	4.4	1008.4
0.1	26.7	320.0	12.7	8.3	1008.4
0.2	27.1	479.8	12.7	7.7	1008.4
16.8	23.1	48.5	12.7	7.1	1008.4
0.0	23.4	505.1	12.7	9.1	1008.4
0.0	25.1	302.8	12.6	8.3	1008.4
0.0	23.5	188.5	12.6	8.9	1008.4
0.0	24.5	291.0	12.6	7.0	1008.4
0.0	26.3	474.2	12.5	8.8	1008.4
1.1	27.1	398.1	12.5	8.5	1008.4
0.5	27.3	413.2	12.5	8.5	1008.4
1.6	24.8	172.0	12.4	6.9	1008.4
0.3	23.5	139.2	12.4	5.0	1008.4
0.3	25.5	486.6	12.4	9.4	1008.4
0.0	25.9	487.4	12.4	9.2	1008.4
0.0	25.9	313.7	12.3	8.8	1008.4
0.0	26.3	438.7	12.3	9.8	1008.4
0.0	27.0	488.4	12.3	9.0	1008.4
0.0	28.5	453.9	12.2	9.3	1008.4
0.4	27.8	171.0	12.2	7.7	1008.4
0.1	26.5	264.5	12.2	9.1	1008.4
0.0	26.9	477.0	12.1	10.7	1008.4
0.0	26.0	357.5	12.1	9.9	1008.4
0.0	26.8	469.2	12.1	10.2	1008.4
0.0	27.6	440.9	12.1	9.5	1008.4
0.0	27.0	367.4	12.0	10.2	1008.4
0.0	26.2	499.2	12.0	9.0	1008.4
0.0	24.7	466.4	12.0	9.7	1008.4
0.0	25.7	342.2	11.9	9.5	1008.4
0.0	27.1	402.6	11.9	9.2	1008.4
0.0	25.7	370.0	11.9	9.6	1009.8
0.0	23.9	480.5	11.8	9.5	1009.8
0.0	24.7	481.1	11.8	9.5	1009.8
0.0	22.6	482.5	11.8	8.7	1009.8
0.0	23.2	478.2	11.8	9.7	1009.8
0.0	24.6	473.6	11.7	10.0	1009.8
0.0	24.7	469.8	11.7	9.8	1009.8
0.0	23.9	465.2	11.7	9.4	1009.8
0.0	24.7	462.9	11.6	9.4	1009.8
0.3	26.4	440.5	11.6	8.9	1009.8
0.1	26.4	219.0	11.6	6.6	1009.8
0.2	28.9	326.2	11.5	7.9	1009.8
0.2	28.6	300.3	11.5	7.4	1009.8
0.0	27.5	277.4	11.5	8.5	1009.8
0.1	27.0	241.6	11.5	6.8	1009.8
1.0	21.6	101.7	11.4	6.9	1009.8
0.0	18.4	226.8	11.4	5.8	1009.8
0.0	18.0	445.9	11.4	5.7	1009.8
0.0	19.4	428.0	11.3	7.1	1009.8
0.0	19.8	428.3	11.3	7.3	1009.8
0.0	20.6	422.0	11.3	7.3	1009.8
0.0	22.0	411.3	11.3	7.6	1009.8
0.0	22.5	410.3	11.2	7.7	1009.8
0.0	22.5	409.3	11.2	6.8	1009.8
0.0	20.4	392.1	11.2	7.1	1009.8
0.0	18.3	403.2	11.1	6.2	1009.8
0.0	19.2	399.0	11.1	6.5	1009.8
0.0	18.8	397.6	11.1	6.7	1009.8
0.0	15.6	410.8	11.1	6.3	1009.8
0.0	17.0	402.9	11.0	6.8	1009.8
0.0	18.5	389.7	11.0	7.1	1009.8
0.0	19.2	386.3	11.0	7.3	1011.5
0.0	18.8	385.4	11.0	7.1	1011.5
0.0	19.9	376.4	10.9	7.3	1011.5
0.0	20.0	369.6	10.9	7.1	1011.5
0.0	17.5	376.0	10.9	6.7	1011.5
0.0	15.4	380.3	10.9	5.4	1011.5
0.0	16.8	358.6	10.8	5.8	1011.5
0.0	17.0	358.4	10.8	5.6	1011.5
0.0	18.3	239.6	10.8	5.5	1011.5
0.1	20.4	216.8	10.8	5.4	1011.5
0.1	20.7	147.7	10.7	4.6	1011.5
0.0	23.5	290.6	10.7	6.3	1011.5
0.1	24.3	216.2	10.7	5.8	1011.5
1.0	17.6	154.1	10.7	6.5	1011.5
0.0	16.3	338.1	10.6	5.1	1011.5
0.3	17.7	229.4	10.6	4.3	1011.5
3.1	19.7	177.9	10.6	4.7	1011.5
4.2	19.4	103.6	10.6	5.3	1011.5
6.8	14.3	18.8	10.6	3.4	1011.5
0.1	12.3	93.0	10.5	2.5	1011.5
0.9	15.1	194.4	10.5	4.0	1011.5
0.8	12.2	34.6	10.5	1.8	1011.5
0.0	12.4	144.6	10.5	3.2	1011.5
0.0	12.2	271.4	10.5	4.6	1011.5
0.0	10.4	325.2	10.4	3.7	1011.5
0.0	13.5	171.9	10.4	4.2	1011.5
0.0	10.3	284.8	10.4	4.0	1011.5
0.0	6.3	330.2	10.4	2.6	1011.5
0.0	10.1	321.6	10.4	3.7	1011.5
0.0	10.4	316.9	10.4	4.2	1011.5
0.0	13.8	190.3	10.3	4.6	1014.7
0.0	16.1	178.2	10.3	5.0	1014.7
0.0	11.0	287.1	10.3	4.2	1014.7
0.0	8.1	304.0	10.3	3.0	1014.7
0.0	8.1	311.8	10.3	3.7	1014.7
0.0	7.6	316.2	10.3	3.8	1014.7
0.1	11.9	289.3	10.3	4.8	1014.7
0.0	11.1	137.3	10.3	3.2	1014.7
0.0	11.5	307.2	10.2	4.6	1014.7
0.0	16.1	256.7	10.2	5.4	1014.7
18.2	18.1	109.8	10.2	3.8	1014.7
3.7	13.4	19.7	10.2	3.8	1014.7
0.1	9.0	78.2	10.2	2.7	1014.7
2.9	7.1	283.3	10.2	2.8	1014.7
9.6	5.8	64.7	10.2	1.1	1014.7
31.3	4.8	25.6	10.2	1.6	1014.7
2.5	3.5	48.7	10.2	1.4	1014.7
0.9	2.9	50.2	10.2	1.3	1014.7
0.0	4.3	224.0	10.2	2.1	1014.7
21.4	4.5	45.7	10.2	1.3	1014.7
6.1	2.4	31.0	10.2	1.4	1014.7
0.1	1.4	180.8	10.2	2.3	1014.7
0.1	4.7	266.3	10.2	3.2	1014.7
0.4	7.4	180.2	10.2	3.8	1014.7
0.0	2.1	302.7	10.2	2.3	1014.7
0.0	2.4	313.0	10.2	2.8	1014.7
0.1	4.6	298.7	10.2	3.6	1014.7
0.0	6.1	273.5	10.2	4.0	1014.7
0.1	7.8	286.1	10.2	3.9	1014.7
0.0	2.8	309.9	10.2	2.8	1014.7
0.0	3.2	308.9	10.2	2.9	1014.7
0.0	7.0	301.1	10.2	3.8	1019.3
7.1	10.8	209.8	10.2	4.5	1019.3
1.0	11.5	28.3	10.2	2.4	1019.3
0.3	14.5	122.2	10.2	4.1	1019.3
11.1	13.0	245.5	10.3	5.9	1019.3
1.4	2.1	55.9	10.3	1.2	1019.3
0.3	3.1	144.8	10.3	2.0	1019.3
0.0	2.8	309.4	10.3	2.9	1019.3
0.0	6.7	315.9	10.3	3.6	1019.3
7.2	10.1	99.2	10.3	3.2	1019.3
1.9	11.8	72.1	10.3	2.6	1019.3
1.1	10.8	130.7	10.3	3.1	1019.3
1.2	13.3	83.6	10.4	3.3	1019.3
0.7	16.8	156.1	10.4	4.1	1019.3
5.7	13.5	194.1	10.4	5.7	1019.3
1.7	6.8	84.6	10.4	1.6	1019.3
2.4	13.3	113.4	10.4	4.6	1019.3
1.0	3.5	89.4	10.4	2.1	1019.3
4.0	7.5	30.0	10.5	3.1	1019.3
14.9	12.0	54.2	10.5	3.1	1019.3
35.5	6.5	24.4	10.5	2.9	1019.3
18.8	-1.7	22.5	10.5	2.7	1019.3
5.5	-4.9	173.2	10.5	1.2	1019.3
16.1	0.8	22.0	10.6	2.6	1019.3
1.8	4.6	185.6	10.6	2.8	1019.3
7.5	4.9	30.3	10.6	2.6	1019.3
9.6	5.3	17.6	10.6	2.6	1019.3
13.2	8.0	21.9	10.7	2.2	1019.3
15.2	6.3	36.9	10.7	2.7	1019.3
2.2	4.3	107.5	10.7	2.0	1019.3
13.7	3.0	194.3	10.7	2.6	1019.3
15.4	4.0	200.5	10.7	2.6	1021.4
5.2	3.4	31.8	10.8	1.3	1021.4
0.4	3.6	93.3	10.8	1.9	1021.4
4.6	7.3	180.3	10.8	3.5	1021.4
0.4	6.2	139.0	10.8	4.4	1021.4
0.0	2.6	378.8	10.9	2.9	1021.4
0.0	7.3	396.7	10.9	4.6	1021.4
0.0	10.4	385.8	10.9	5.2	1021.4
16.3	11.2	33.2	11.0	2.7	1021.4
0.9	12.8	87.5	11.0	3.7	1021.4
4.4	12.6	107.0	11.0	3.3	1021.4
1.4	10.7	40.4	11.0	2.2	1021.4
0.8	6.8	194.4	11.1	5.0	1021.4
0.0	2.0	426.1	11.1	3.3	1021.4
0.0	5.8	424.0	11.1	4.4	1021.4
0.0	9.8	350.8	11.1	5.3	1021.4
0.2	13.6	411.8	11.2	6.0	1021.4
9.6	12.7	123.8	11.2	6.8	1021.4
29.0	1.4	41.2	11.2	2.1	1021.4
0.0	2.0	325.3	11.3	2.7	1021.4
0.0	0.9	378.8	11.3	3.2	1021.4
0.0	2.6	396.6	11.3	3.3	1021.4
0.0	3.6	396.0	11.3	3.8	1021.4
0.2	6.4	441.0	11.4	4.4	1021.4
3.4	8.1	160.3	11.4	3.8	1021.4
29.4	15.0	72.8	11.4	4.7	1021.4
2.2	10.0	74.7	11.5	5.0	1021.4
0.1	7.2	399.7	11.5	4.9	1021.4
0.0	10.4	420.3	11.5	6.0	1022.3
0.0	10.1	142.3	11.6	4.8	1022.3
0.0	13.3	443.5	11.6	7.1	1022.3
1.2	15.5	233.1	11.6	5.9	1022.3
19.5	15.2	44.3	11.6	4.1	1022.3
0.1	20.3	199.1	11.7	6.5	1022.3
2.0	20.2	80.9	11.7	5.1	1022.3
6.2	20.3	94.1	11.7	4.8	1022.3
22.7	14.0	30.1	11.8	7.2	1022.3
1.5	8.4	48.7	11.8	2.2	1022.3
26.0	11.4	261.5	11.8	5.0	1022.3
4.4	11.1	64.2	11.9	4.9	1022.3
1.1	10.6	175.2	11.9	4.0	1022.3
0.0	8.6	341.0	11.9	5.3	1022.3
3.0	10.1	488.4	11.9	5.4	1022.3
6.6	10.4	57.0	12.0	2.9	1022.3
0.1	9.6	181.5	12.0	4.0	1022.3
0.0	13.5	521.2	12.0	6.3	1022.3
0.0	8.8	482.2	12.1	4.9	1022.3
0.0	10.2	539.6	12.1	6.5	1022.3
0.0	14.3	531.6	12.1	8.3	1022.3
0.0	19.5	542.3	12.2	9.7	1022.3
0.0	18.2	552.0	12.2	8.6	1022.3
0.0	12.7	564.4	12.2	7.4	1022.3
0.0	16.5	542.3	12.3	9.2	1022.3
0.0	21.9	527.5	12.3	10.7	1022.3
0.6	24.2	520.3	12.3	11.7	1022.3
0.0	26.4	486.5	12.3	10.3	1022.3
0.3	27.3	521.2	12.4	11.6	1022.3
0.9	20.0	341.0	12.4	11.1	1022.3
6.5	16.7	188.7	12.4	4.8	1022.3
21.4	12.5	69.2	12.5	8.2	1022.9
0.0	9.9	368.8	12.5	5.9	1022.9
3.4	13.2	522.4	12.5	6.4	1022.9
0.0	13.2	525.7	12.6	6.6	1022.9
0.0	12.4	407.3	12.6	6.1	1022.9
1.8	9.7	197.3	12.6	5.5	1022.9
5.1	12.9	235.9	12.6	5.6	1022.9
29.0	12.4	44.0	12.7	3.0	1022.9
27.2	11.0	63.1	12.7	3.7	1022.9
0.4	13.4	470.3	12.7	6.6	1022.9
84.4	16.8	106.9	12.8	8.8	1022.9
8.4	15.6	46.6	12.8	8.6	1022.9
0.1	14.9	371.6	12.8	7.6	1022.9
0.1	18.8	581.7	12.9	9.1	1022.9
0.0	16.9	540.8	12.9	8.0	1022.9
13.4	14.4	108.6	12.9	4.1	1022.9
13.8	16.2	42.3	12.9	4.1	1022.9
2.4	18.8	150.9	13.0	6.3	1022.9
5.2	23.0	453.9	13.0	9.5	1022.9
0.0	24.4	427.3	13.0	9.2	1022.9
8.4	25.6	488.4	13.1	9.5	1022.9
16.6	19.4	170.2	13.1	9.9	1022.9
1.3	18.8	475.5	13.1	9.2	1022.9
0.1	16.4	497.2	13.1	8.1	1022.9
0.0	17.6	563.4	13.2	9.2	1022.9
0.0	18.1	596.4	13.2	9.6	1022.9
0.0	19.1	420.0	13.2	8.8	1022.9
0.0	23.0	365.6	13.2	10.4	1022.9
0.1	24.5	247.1	13.3	7.8	1022.9
1.0	25.2	355.4	13.3	9.5	1022.9
0.2	23.7	206.9	13.3	7.2	1024.1
4.1	26.2	550.6	13.3	9.4	1024.1
0.7	25.2	379.0	13.4	8.9	1024.1
0.0	23.0	589.5	13.4	11.2	1024.1
0.0	19.3	524.5	13.4	9.1	1024.1
12.1	21.7	510.6	13.4	10.2	1024.1
7.7	21.4	85.9	13.5	6.0	1024.1
27.5	20.6	74.8	13.5	7.7	1024.1
3.1	21.0	430.3	13.5	8.8	1024.1
11.2	24.3	198.5	13.5	9.0	1024.1
30.3	22.0	395.1	13.6	9.7	1024.1
0.0	20.8	608.4	13.6	9.8	1024.1
0.0	21.5	655.8	13.6	10.8	1024.1
0.0	23.3	654.4	13.6	11.6	1024.1
0.1	25.9	630.0	13.7	11.4	1024.1
16.1	26.3	500.9	13.7	9.7	1024.1
1.5	26.4	263.6	13.7	7.5	1024.1
42.6	26.3	217.3	13.7	8.0	1024.1
7.2	21.1	189.7	13.7	10.9	1024.1
0.0	21.6	664.0	13.8	10.7	1024.1
0.0	24.1	635.7	13.8	11.3	1024.1
10.9	25.7	231.5	13.8	8.9	1024.1
0.6	21.5	233.7	13.8	11.3	1024.1
0.0	20.4	574.8	13.8	8.6	1024.1
0.0	24.8	578.3	13.8	11.7	1024.1
85.4	25.0	229.4	13.9	9.6	1024.1
1.0	21.4	185.7	13.9	7.0	1024.1
0.0	23.1	611.8	13.9	10.0	1024.1
0.0	24.2	660.9	13.9	12.0	1024.1
0.0	24.5	679.8	13.9	11.4	1024.1
0.0	26.3	662.3	13.9	10.8	1024.1
5.0	26.9	577.5	13.9	10.7	1022.4
8.5	26.3	540.0	14.0	11.3	1022.4
0.0	27.3	629.6	14.0	10.7	1022.4
17.8	27.6	548.2	14.0	11.3	1022.4
2.8	24.8	339.2	14.0	11.8	1022.4
2.8	19.6	165.6	14.0	6.2	1022.4
0.0	24.4	658.4	14.0	10.7	1022.4
55.9	23.7	165.1	14.0	10.3	1022.4
2.1	20.5	28.2	14.0	4.6	1022.4
0.7	21.8	197.3	14.0	6.9	1022.4
2.1	22.8	181.9	14.0	7.3	1022.4
1.1	24.8	422.2	14.1	9.6	1022.4
2.5	25.8	466.7	14.1	10.7	1022.4
0.0	27.7	636.1	14.1	11.4	1022.4
0.1	27.6	264.8	14.1	10.8	1022.4
0.4	24.7	150.4	14.1	6.6	1022.4
0.3	27.1	584.5	14.1	10.9	1022.4
0.0	24.3	110.5	14.1	5.4	1022.4
0.0	26.0	657.6	14.1	11.2	1022.4
0.4	28.5	598.5	14.1	11.1	1022.4
2.2	29.0	453.7	14.1	10.8	1022.4
0.3	29.9	591.1	14.1	11.0	1022.4
32.4	28.4	405.8	14.1	8.2	1022.4
0.5	29.1	516.9	14.1	10.4	1022.4
0.0	29.0	633.8	14.1	10.3	1022.4
0.1	28.9	436.5	14.1	10.1	1022.4
0.0	28.5	397.4	14.1	9.7	1022.4
4.7	27.6	241.8	14.1	9.7	1022.4
1.0	25.8	239.0	14.1	9.0	1022.4
0.1	25.4	409.3	14.1	9.5	1022.4
0.0	26.5	664.8	14.1	10.7	1018.0
13.7	27.6	529.0	14.0	12.1	1018.0
56.8	22.3	39.4	14.0	5.3	1018.0
2.0	22.9	51.5	14.0	4.1	1018.0
0.3	25.3	190.7	14.0	7.9	1018.0
15.3	28.6	409.5	14.0	10.5	1018.0
7.6	29.5	529.6	14.0	11.8	1018.0
10.6	29.5	535.7	14.0	11.4	1018.0
31.0	29.1	495.4	14.0	9.8	1018.0
17.8	28.2	253.4	14.0	8.2	1018.0
16.7	27.8	251.3	14.0	8.1	1018.0
17.1	28.0	303.8	13.9	9.6	1018.0
2.6	27.2	135.0	13.9	6.8	1018.0
0.0	28.5	405.4	13.9	10.4	1018.0
0.0	30.2	617.2	13.9	11.1	1018.0
1.4	31.0	592.7	13.9	11.3	1018.0
0.2	31.3	431.5	13.9	10.3	1018.0
0.3	31.3	508.3	13.9	10.7	1018.0
0.0	31.4	475.8	13.8	10.3	1018.0
0.1	31.9	540.8	13.8	10.0	1018.0
0.1	32.9	590.1	13.8	10.2	1018.0
0.0	33.1	591.3	13.8	10.7	1018.0
0.1	32.9	425.9	13.8	10.0	1018.0
3.8	32.9	578.1	13.8	12.2	1018.0
15.2	30.1	464.0	13.7	10.7	1018.0
3.0	30.6	521.8	13.7	10.2	1018.0
0.0	31.5	545.8	13.7	10.6	1018.0
0.0	32.4	574.6	13.7	11.5	1018.0
1.2	32.7	622.0	13.7	12.6	1018.0
1.2	33.0	627.4	13.6	12.9	1018.0
2.2	32.8	619.2	13.6	12.7	1018.0
2.1	32.4	612.3	13.6	12.7	1018.2
0.8	32.4	605.7	13.6	11.7	1018.2
3.4	31.9	618.3	13.5	12.4	1018.2
6.3	31.3	531.8	13.5	10.9	1018.2
12.8	29.8	480.5	13.5	10.6	1018.2
6.0	29.9	595.5	13.5	11.4	1018.2
4.9	30.1	600.5	13.5	10.9	1018.2
2.8	30.6	583.2	13.4	11.1	1018.2
0.3	30.5	556.7	13.4	11.0	1018.2
0.7	30.4	524.9	13.4	9.9	1018.2
6.0	29.6	459.9	13.4	10.5	1018.2
14.8	29.0	508.0	13.3	10.1	1018.2
8.9	29.1	488.1	13.3	10.2	1018.2
4.9	29.7	545.0	13.3	10.5	1018.2
14.4	29.5	515.8	13.3	9.6	1018.2
11.7	29.2	517.3	13.2	9.6	1018.2
18.2	29.1	493.2	13.2	9.3	1018.2
20.1	29.0	413.9	13.2	9.0	1018.2
14.4	28.2	282.1	13.1	7.7	1018.2
28.5	27.4	298.5	13.1	6.8	1018.2
0.8	26.4	46.7	13.1	4.4	1018.2
1.5	27.2	284.9	13.1	8.3	1018.2
27.0	28.4	373.7	13.0	8.5	1018.2
14.6	28.8	348.0	13.0	8.7	1018.2
13.4	28.3	204.3	13.0	7.7	1018.2
5.8	28.5	239.6	13.0	8.4	1018.2
9.6	29.0	404.5	12.9	8.7	1018.2
8.3	29.3	424.5	12.9	8.5	1018.2
11.7	29.1	485.7	12.9	8.8	1018.2
14.6	29.2	439.8	12.8	9.3	1018.2
15.2	29.5	461.0	12.8	9.1	1018.2
11.4	29.5	457.6	12.8	9.5	1022.0
13.2	29.1	492.2	12.8	9.2	1022.0
19.0	27.6	432.0	12.7	8.6	1022.0
0.6	27.3	301.4	12.7	7.2	1022.0
0.5	26.9	432.2	12.7	8.8	1022.0
0.2	26.6	504.6	12.6	7.5	1022.0
0.3	26.6	401.1	12.6	7.9	1022.0
1.1	28.2	394.3	12.6	7.8	1022.0
0.2	29.0	461.9	12.5	8.6	1022.0
0.1	29.3	532.9	12.5	9.9	1022.0
0.1	29.9	528.6	12.5	9.8	1022.0
0.0	29.0	508.4	12.5	10.2	1022.0
0.1	28.9	526.7	12.4	9.6	1022.0
0.0	30.1	523.8	12.4	9.9	1022.0
0.4	31.4	454.0	12.4	9.8	1022.0
0.1	32.0	496.0	12.3	9.3	1022.0
0.0	30.8	498.4	12.3	9.8	1022.0
0.0	29.2	517.4	12.3	8.9	1022.0
0.0	29.8	511.2	12.2	10.2	1022.0
0.0	28.5	515.1	12.2	10.7	1022.0
0.0	29.8	511.0	12.2	10.9	1022.0
0.0	25.5	452.7	12.2	8.8	1022.0
0.0	24.4	387.1	12.1	8.4	1022.0
0.0	24.7	506.0	12.1	10.1	1022.0
0.0	26.2	504.9	12.1	10.5	1022.0
0.0	28.3	438.7	12.0	10.5	1022.0
0.0	23.6	311.9	12.0	9.1	1022.0
0.0	24.0	502.4	12.0	9.3	1022.0
0.0	25.3	490.8	11.9	9.9	1022.0
0.0	27.0	437.2	11.9	9.8	1022.0
0.0	28.0	473.5	11.9	10.0	1023.4
0.0	25.8	197.9	11.9	8.1	1023.4
0.2	26.3	355.8	11.8	10.0	1023.4
0.0	24.4	490.2	11.8	9.8	1023.4
0.0	24.3	484.3	11.8	9.5	1023.4
0.0	24.8	472.2	11.7	8.9	1023.4
0.0	23.3	251.1	11.7	7.0	1023.4
0.0	24.8	458.0	11.7	8.4	1023.4
0.1	23.2	428.6	11.6	7.3	1023.4
0.0	22.8	453.9	11.6	7.9	1023.4
0.0	23.7	454.6	11.6	8.3	1023.4
0.0	24.3	447.8	11.6	8.6	1023.4
0.0	24.5	439.4	11.5	8.8	1023.4
0.0	25.1	369.0	11.5	8.2	1023.4
0.0	21.9	272.2	11.5	5.5	1023.4
0.0	18.6	395.0	11.4	7.0	1023.4
0.0	16.5	451.0	11.4	7.1	1023.4
0.0	18.2	438.0	11.4	7.1	1023.4
0.0	20.1	321.6	11.4	6.7	1023.4
0.0	21.2	415.3	11.3	7.4	1023.4
0.0	21.8	409.9	11.3	7.3	1023.4
0.0	21.3	314.0	11.3	7.2	1023.4
0.0	21.3	357.5	11.2	7.4	1023.4
0.0	18.8	237.5	11.2	5.2	1023.4
0.0	19.7	419.3	11.2	7.3	1023.4
0.0	20.5	416.5	11.2	7.5	1023.4
0.0	20.1	407.1	11.1	7.6	1023.4
0.0	18.9	403.4	11.1	7.0	1023.4
0.0	19.4	396.8	11.1	7.4	1023.4
0.0	20.6	382.9	11.0	7.5	1023.4
0.0	20.9	385.2	11.0	7.0	1023.4
0.0	21.8	383.3	11.0	6.9	1025.2
0.3	24.5	345.8	11.0	7.3	1025.2
0.1	23.5	241.5	10.9	6.7	1025.2
0.0	17.9	358.3	10.9	6.1	1025.2
0.0	18.7	383.5	10.9	6.8	1025.2
0.0	19.8	375.0	10.9	7.5	1025.2
0.0	21.1	331.1	10.8	6.7	1025.2
0.0	22.4	355.2	10.8	6.1	1025.2
0.0	22.6	327.5	10.8	6.7	1025.2
0.0	23.3	354.6	10.8	7.0	1025.2
0.0	24.1	352.1	10.7	7.0	1025.2
0.0	14.8	249.1	10.7	6.5	1025.2
0.0	9.5	380.2	10.7	4.2	1025.2
0.0	13.6	354.2	10.7	5.3	1025.2
0.0	17.6	340.9	10.6	6.0	1025.2
0.0	19.4	196.3	10.6	5.5	1025.2
0.2	21.7	114.4	10.6	4.8	1025.2
1.2	23.0	124.5	10.6	4.4	1025.2
1.7	20.6	108.8	10.6	5.2	1025.2
0.0	19.6	285.7	10.5	5.1	1025.2
5.0	19.3	184.7	10.5	4.0	1025.2
4.8	22.5	116.6	10.5	5.2	1025.2
1.4	13.7	167.0	10.5	4.8	1025.2
1.9	11.2	136.0	10.5	1.9	1025.2
0.0	11.2	268.2	10.4	4.0	1025.2
0.0	14.5	321.9	10.4	5.0	1025.2
10.9	17.9	226.0	10.4	5.2	1025.2
8.0	15.5	19.8	10.4	1.7	1025.2
15.2	16.3	56.2	10.4	2.6	1025.2
0.0	15.1	299.6	10.4	4.3	1025.2
0.1	15.8	205.9	10.3	3.9	1028.4
0.2	16.3	157.4	10.3	4.2	1028.4
1.3	17.2	255.7	10.3	4.7	1028.4
2.7	13.7	39.4	10.3	3.1	1028.4
0.7	13.2	138.6	10.3	3.1	1028.4
1.8	14.2	187.1	10.3	3.3	1028.4
0.5	14.6	157.2	10.3	3.0	1028.4
3.0	17.4	257.6	10.3	4.2	1028.4
13.1	11.8	10.8	10.2	3.6	1028.4
1.8	6.0	28.3	10.2	2.5	1028.4
0.0	4.2	304.5	10.2	2.7	1028.4
0.0	6.0	309.4	10.2	3.3	1028.4
0.0	7.5	306.4	10.2	4.0	1028.4
0.0	10.0	290.9	10.2	3.9	1028.4
0.0	13.1	241.1	10.2	3.7	1028.4
8.5	14.7	73.3	10.2	3.2	1028.4
0.6	5.8	34.7	10.2	3.5	1028.4
0.0	1.9	306.5	10.2	2.5	1028.4
0.0	1.8	300.3	10.2	2.0	1028.4
1.1	4.9	96.8	10.2	2.1	1028.4
2.9	9.0	114.4	10.2	2.7	1028.4
2.9	9.5	21.4	10.2	1.5	1028.4
0.5	8.7	113.7	10.2	2.6	1028.4
0.1	7.7	136.3	10.2	3.3	1028.4
0.0	2.5	310.9	10.2	2.0	1028.4
0.0	2.3	312.4	10.2	2.6	1028.4
0.0	5.5	306.2	10.2	3.7	1028.4
0.0	8.5	298.4	10.2	4.2	1028.4
0.0	9.6	302.0	10.2	4.4	1028.4
0.0	11.8	301.8	10.2	4.9	1028.4
0.0	11.4	300.7	10.2	4.1	1028.4
0.0	7.6	318.2	10.2	3.6	1033.0
0.0	12.1	300.7	10.2	5.1	1033.0
0.0	14.4	308.0	10.2	5.4	1033.0
0.0	11.4	317.7	10.2	4.4	1033.0
0.0	15.0	318.3	10.3	6.3	1033.0
0.0	15.7	305.6	10.3	6.0	1033.0
0.0	8.0	313.1	10.3	4.3	1033.0
0.0	3.7	331.7	10.3	2.8	1033.0
0.0	4.3	329.6	10.3	3.2	1033.0
0.0	5.4	261.9	10.3	3.7	1033.0
0.0	7.0	330.1	10.3	4.3	1033.0
0.0	9.7	333.4	10.3	5.2	1033.0
0.0	12.2	334.3	10.4	5.9	1033.0
0.0	16.0	314.1	10.4	6.3	1033.0
2.7	18.1	287.5	10.4	6.2	1033.0
0.0	10.4	329.1	10.4	4.4	1033.0
0.0	13.1	341.6	10.4	5.5	1033.0
0.0	14.9	331.3	10.4	6.2	1033.0
0.0	8.3	340.3	10.5	3.9	1033.0
0.0	7.8	332.6	10.5	3.6	1033.0
0.6	7.2	56.3	10.5	2.4	1033.0
0.0	10.5	320.0	10.5	4.7	1033.0
0.0	15.3	346.9	10.5	6.5	1033.0
0.0	16.3	350.8	10.6	6.4	1033.0
0.0	8.4	360.2	10.6	4.1	1033.0
0.0	12.5	361.7	10.6	6.3	1033.0
0.0	16.0	364.0	10.6	7.5	1033.0
0.0	17.4	304.7	10.6	7.0	1033.0
0.1	10.2	126.0	10.7	4.4	1033.0
0.0	10.4	375.7	10.7	4.8	1033.0
0.0	14.8	329.7	10.7	6.4	1033.0
0.0	10.9	74.3	10.7	3.8	1035.2
2.4	16.5	349.2	10.8	6.7	1035.2
3.7	14.5	73.1	10.8	3.0	1035.2
0.3	16.1	284.5	10.8	6.1	1035.2
0.0	19.4	360.9	10.8	7.6	1035.2
4.8	21.6	361.3	10.9	7.8	1035.2
7.7	11.6	26.0	10.9	4.2	1035.2
3.3	7.7	28.7	10.9	2.2	1035.2
0.0	6.2	405.4	10.9	4.0	1035.2
0.0	7.2	411.7	11.0	4.6	1035.2
0.0	11.7	406.7	11.0	6.0	1035.2
0.0	16.5	336.4	11.0	6.6	1035.2
0.0	21.6	364.3	11.1	7.7	1035.2
9.0	20.7	279.6	11.1	7.1	1035.2
0.3	19.4	272.5	11.1	6.6	1035.2
4.6	21.1	397.5	11.1	6.8	1035.2
0.2	24.7	398.7	11.2	6.9	1035.2
4.4	16.2	172.3	11.2	9.0	1035.2
0.0	9.0	427.6	11.2	4.6	1035.2
0.0	13.9	434.9	11.3	6.8	1035.2
1.3	13.3	62.5	11.3	3.7	1035.2
5.0	14.7	376.4	11.3	5.2	1035.2
14.4	18.4	237.6	11.3	9.1	1035.2
0.2	11.0	369.5	11.4	4.4	1035.2
35.3	13.1	57.3	11.4	4.8	1035.2
18.0	9.9	53.0	11.4	4.5	1035.2
1.3	9.5	182.5	11.5	2.9	1035.2
54.7	9.6	41.4	11.5	2.8	1035.2
1.7	7.0	57.6	11.5	2.3	1035.2
0.0	6.4	171.1	11.5	3.7	1036.0
0.1	7.6	337.8	11.6	4.7	1036.0
0.6	8.2	146.8	11.6	3.6	1036.0
0.1	12.8	444.7	11.6	6.7	1036.0
0.1	18.2	260.4	11.7	6.9	1036.0
0.0	21.6	321.4	11.7	6.9	1036.0
15.9	15.2	333.7	11.7	9.9	1036.0
0.0	5.1	502.7	11.8	4.1	1036.0
0.0	7.7	490.4	11.8	4.8	1036.0
0.0	11.5	179.8	11.8	4.8	1036.0
0.3	15.9	284.8	11.8	6.4	1036.0
18.0	14.0	88.7	11.9	6.2	1036.0
0.1	11.0	409.0	11.9	5.8	1036.0
0.0	14.7	495.3	11.9	7.8	1036.0
0.2	17.2	499.6	12.0	8.3	1036.0
0.2	13.1	227.3	12.0	4.3	1036.0
31.9	13.3	83.7	12.0	6.6	1036.0
0.1	12.7	492.9	12.1	5.8	1036.0
0.0	10.9	197.7	12.1	4.9	1036.0
0.0	11.1	409.0	12.1	4.7	1036.0
0.0	12.7	490.2	12.2	6.7	1036.0
0.0	12.0	421.7	12.2	6.0	1036.0
1.0	13.4	370.3	12.2	5.9	1036.0
0.4	11.4	219.3	12.2	6.0	1036.0
0.1	16.1	521.6	12.3	8.9	1036.0
5.4	21.1	492.7	12.3	9.5	1036.0
0.1	10.2	141.3	12.3	6.3	1036.0
0.0	12.3	480.3	12.4	7.7	1036.0
0.0	16.1	563.3	12.4	8.3	1036.0
0.1	18.5	223.3	12.4	6.3	1036.0
18.4	18.6	53.2	12.5	4.3	1036.0
0.2	19.2	412.2	12.5	7.0	1036.6
1.3	23.7	402.2	12.5	10.3	1036.6
1.1	17.1	119.5	12.6	4.7	1036.6
0.0	16.7	413.1	12.6	8.8	1036.6
0.0	16.2	543.0	12.6	7.5	1036.6
0.3	16.0	91.2	12.6	4.7	1036.6
22.8	19.1	146.7	12.7	7.8	1036.6
0.0	13.6	492.6	12.7	7.3	1036.6
0.1	16.2	592.7	12.7	9.0	1036.6
0.0	19.1	583.2	12.8	10.1	1036.6
3.0	22.8	499.2	12.8	10.3	1036.6
0.0	18.8	525.0	12.8	8.9	1036.6
0.0	17.9	593.7	12.8	9.4	1036.6
0.0	19.9	614.8	12.9	10.5	1036.6
0.0	22.5	590.1	12.9	9.6	1036.6
8.2	26.3	514.9	12.9	10.1	1036.6
28.4	18.9	347.5	13.0	10.9	1036.6
0.0	17.9	602.9	13.0	7.9	1036.6
9.6	24.4	395.5	13.0	10.8	1036.6
0.6	22.2	233.2	13.0	8.6	1036.6
4.3	25.3	488.7	13.1	10.9	1036.6
21.4	18.8	162.2	13.1	10.5	1036.6
0.0	15.7	263.7	13.1	5.8	1036.6
4.9	16.1	329.5	13.2	7.8	1036.6
2.8	12.3	62.1	13.2	3.9	1036.6
0.0	18.7	611.2	13.2	9.7	1036.6
0.0	20.2	621.6	13.2	11.0	1036.6
0.0	21.2	623.4	13.3	10.1	1036.6
0.0	24.3	599.7	13.3	11.5	1036.6
4.1	24.8	402.0	13.3	9.5	1036.6
0.1	26.4	325.2	13.3	8.0	1037.8
32.0	25.1	376.5	13.4	9.2	1037.8
57.1	22.1	302.8	13.4	12.6	1037.8
0.1	17.7	503.5	13.4	9.1	1037.8
0.0	20.4	549.3	13.4	9.3	1037.8
0.0	21.9	512.2	13.5	10.1	1037.8
0.0	21.5	410.9	13.5	9.9	1037.8
0.0	21.4	483.6	13.5	8.4	1037.8
0.0	19.8	111.6	13.5	5.6	1037.8
0.0	23.2	587.7	13.6	9.5	1037.8
0.0	22.2	422.4	13.6	10.2	1037.8
0.0	22.0	609.6	13.6	9.4	1037.8
3.2	24.7	450.2	13.6	10.6	1037.8
28.8	22.6	90.2	13.6	5.6	1037.8
0.3	23.7	494.9	13.7	9.6	1037.8
9.3	26.4	484.1	13.7	11.1	1037.8
29.4	25.0	226.1	13.7	8.0	1037.8
15.6	25.5	322.9	13.7	8.5	1037.8
17.5	26.8	379.8	13.8	8.8	1037.8
48.6	24.9	247.9	13.8	11.4	1037.8
0.0	21.8	664.3	13.8	10.3	1037.8
0.0	22.6	670.1	13.8	11.2	1037.8
0.1	24.7	664.3	13.8	12.2	1037.8
0.0	24.9	631.9	13.8	12.3	1037.8
0.0	26.3	556.4	13.9	11.3	1037.8
0.0	28.0	658.6	13.9	12.6	1037.8
0.0	29.5	599.8	13.9	11.7	1037.8
34.2	24.1	124.0	13.9	10.9	1037.8
2.1	21.1	106.0	13.9	5.5	1037.8
0.0	23.9	616.7	13.9	9.8	1037.8
0.0	24.1	555.2	13.9	9.8	1037.8
0.0	23.1	459.1	14.0	9.7	1036.1
0.0	26.0	595.6	14.0	10.1	1036.1
4.1	24.9	137.7	14.0	6.6	1036.1
3.7	24.0	64.5	14.0	3.7	1036.1
1.5	25.3	152.8	14.0	6.4	1036.1
5.0	25.9	206.9	14.0	10.5	1036.1
10.9	19.6	38.9	14.0	7.3	1036.1
2.5	17.9	50.4	14.0	3.7	1036.1
0.7	20.5	476.6	14.0	9.3	1036.1
0.1	22.2	624.3	14.0	10.0	1036.1
0.5	22.2	540.7	14.1	10.4	1036.1
0.2	23.6	654.0	14.1	10.9	1036.1
0.0	25.3	622.9	14.1	10.3	1036.1
0.0	27.2	567.3	14.1	11.3	1036.1
0.0	28.6	374.3	14.1	10.6	1036.1
11.1	26.4	218.2	14.1	9.1	1036.1
9.8	24.7	105.8	14.1	7.5	1036.1
5.7	25.6	584.5	14.1	10.0	1036.1
0.0	27.1	629.7	14.1	10.8	1036.1
0.0	29.7	622.2	14.1	11.8	1036.1
27.7	28.9	535.1	14.1	13.2	1036.1
14.9	26.7	111.2	14.1	4.8	1036.1
0.7	28.7	437.9	14.1	9.8	1036.1
0.6	28.9	370.7	14.1	9.0	1036.1
0.0	28.9	398.7	14.1	10.1	1036.1
3.8	27.5	154.6	14.1	8.1	1036.1
1.7	27.1	297.4	14.1	9.1	1036.1
3.7	28.5	610.5	14.1	11.4	1036.1
12.0	28.9	566.6	14.1	10.8	1036.1
8.5	29.2	584.6	14.1	11.8	1036.1
14.3	29.3	476.1	14.0	9.8	1031.7
9.9	29.1	428.6	14.0	10.1	1031.7
28.4	29.1	470.9	14.0	9.1	1031.7
2.6	30.5	447.1	14.0	10.7	1031.7
10.5	30.1	534.3	14.0	12.5	1031.7
0.3	29.8	415.2	14.0	11.1	1031.7
12.3	28.7	392.9	14.0	10.4	1031.7
14.0	28.9	368.4	14.0	9.2	1031.7
20.7	28.6	349.0	14.0	10.0	1031.7
5.7	29.7	555.8	14.0	10.6	1031.7
17.6	28.8	283.8	13.9	8.2	1031.7
26.8	28.9	369.0	13.9	8.9	1031.7
19.2	29.1	384.6	13.9	9.1	1031.7
23.4	28.0	304.3	13.9	9.0	1031.7
16.0	27.9	259.3	13.9	7.5	1031.7
17.7	28.9	445.5	13.9	8.7	1031.7
29.1	29.3	392.6	13.9	8.8	1031.7
23.8	29.2	376.1	13.8	10.0	1031.7
53.6	28.1	323.4	13.8	9.3	1031.7
26.3	28.1	250.0	13.8	8.0	1031.7
1.2	29.1	523.4	13.8	9.6	1031.7
5.3	30.1	571.4	13.8	11.2	1031.7
1.3	28.8	183.7	13.8	8.7	1031.7
0.4	31.0	553.7	13.7	10.5	1031.7
0.0	31.5	637.1	13.7	11.3	1031.7
0.0	31.7	620.6	13.7	11.6	1031.7
0.0	32.3	594.9	13.7	12.1	1031.7
1.2	33.0	594.7	13.7	12.5	1031.7
0.1	32.9	463.0	13.6	11.1	1031.7
4.3	32.0	500.5	13.6	12.3	1031.7
9.5	30.5	524.9	13.6	11.3	1031.7
1.4	31.4	591.3	13.6	11.1	1031.8
9.1	30.2	465.4	13.6	12.0	1031.8
4.1	30.3	547.1	13.5	11.1	1031.8
1.5	30.8	610.5	13.5	10.5	1031.8
5.3	30.1	519.7	13.5	9.4	1031.8
0.2	30.6	533.5	13.5	9.5	1031.8
0.9	30.7	508.6	13.4	10.0	1031.8
0.7	30.8	515.6	13.4	10.0	1031.8
0.5	31.2	537.9	13.4	9.8	1031.8
5.7	30.6	547.1	13.4	10.5	1031.8
1.6	30.7	527.1	13.3	9.5	1031.8
10.9	29.3	508.8	13.3	10.0	1031.8
7.5	29.0	518.8	13.3	10.1	1031.8
25.1	28.3	547.8	13.3	8.9	1031.8
3.7	28.0	420.4	13.2	9.1	1031.8
5.7	27.8	255.3	13.2	6.8	1031.8
7.7	27.9	408.8	13.2	6.9	1031.8
2.6	27.7	300.6	13.2	7.7	1031.8
1.2	27.6	390.5	13.1	8.4	1031.8
12.7	27.3	486.4	13.1	7.5	1031.8
1.2	27.3	350.6	13.1	8.6	1031.8
0.8	29.5	557.3	13.0	9.4	1031.8
15.9	28.8	427.4	13.0	8.6	1031.8
6.7	29.0	515.4	13.0	10.1	1031.8
0.0	29.7	570.6	13.0	9.8	1031.8
0.0	30.4	568.4	12.9	10.1	1031.8
6.2	29.8	538.6	12.9	10.8	1031.8
9.7	29.4	510.5	12.9	9.9	1031.8
9.4	29.9	518.6	12.8	9.7	1031.8
4.2	30.2	509.9	12.8	10.2	1031.8
0.2	31.4	528.7	12.8	9.6	1031.8
0.1	32.3	539.3	12.8	10.4	1035.7
0.0	32.5	453.8	12.7	10.7	1035.7
0.0	32.5	505.9	12.7	11.0	1035.7
0.0	32.9	538.7	12.7	10.9	1035.7
0.0	32.7	508.5	12.6	11.3	1035.7
0.0	32.9	541.8	12.6	10.9	1035.7
0.1	32.9	508.8	12.6	10.7	1035.7
0.0	32.5	521.6	12.6	11.2	1035.7
0.0	32.4	527.8	12.5	11.3	1035.7
0.0	31.7	535.1	12.5	11.3	1035.7
0.0	32.2	528.6	12.5	11.1	1035.7
0.0	32.1	433.0	12.4	10.5	1035.7
0.2	31.3	426.5	12.4	9.9	1035.7
0.5	31.7	449.0	12.4	9.7	1035.7
0.4	31.5	427.1	12.3	9.4	1035.7
0.0	32.1	473.2	12.3	10.3	1035.7
21.9	28.2	407.2	12.3	9.1	1035.7
13.3	27.5	394.0	12.3	8.0	1035.7
12.0	27.5	389.1	12.2	7.7	1035.7
11.5	26.5	237.1	12.2	7.2	1035.7
0.1	26.9	304.9	12.2	7.4	1035.7
1.8	27.5	281.4	12.1	6.9	1035.7
0.1	28.1	355.3	12.1	9.3	1035.7
0.5	29.9	302.6	12.1	8.1	1035.7
19.3	28.5	393.1	12.0	7.6	1035.7
21.1	26.8	344.7	12.0	7.3	1035.7
2.6	24.4	90.8	12.0	5.1	1035.7
3.0	24.3	184.5	12.0	5.1	1035.7
9.8	23.2	54.1	11.9	4.2	1035.7
19.8	21.2	35.0	11.9	3.1	1035.7
1.8	22.4	45.6	11.9	3.4	1037.1
1.1	23.1	80.6	11.8	3.5	1037.1
1.1	24.2	165.3	11.8	4.5	1037.1
0.6	24.1	339.8	11.8	6.7	1037.1
0.0	22.7	457.5	11.7	7.9	1037.1
0.0	22.1	453.9	11.7	7.4	1037.1
0.0	23.2	372.1	11.7	7.4	1037.1
0.0	23.5	447.4	11.7	7.2	1037.1
0.0	26.8	420.5	11.6	8.9	1037.1
0.0	24.1	432.3	11.6	8.5	1037.1
0.0	23.7	460.1	11.6	8.5	1037.1
0.0	24.5	452.4	11.5	8.8	1037.1
0.0	25.1	436.5	11.5	8.4	1037.1
0.0	25.8	423.4	11.5	8.1	1037.1
0.0	26.0	407.0	11.4	7.5	1037.1
0.0	26.3	328.7	11.4	6.9	1037.1
0.1	26.4	123.2	11.4	5.4	1037.1
11.7	25.6	222.1	11.4	9.4	1037.1
1.6	15.1	103.0	11.3	5.7	1037.1
0.0	15.1	421.9	11.3	5.6	1037.1
0.0	17.0	428.0	11.3	6.7	1037.1
0.0	18.8	427.8	11.2	7.1	1037.1
0.0	19.6	418.6	11.2	7.1	1037.1
0.0	17.9	412.2	11.2	6.3	1037.1
0.0	18.0	404.3	11.2	6.6	1037.1
0.0	19.5	401.0	11.1	6.7	1037.1
0.0	19.0	407.8	11.1	7.2	1037.1
0.0	16.9	412.4	11.1	6.8	1037.1
0.0	18.5	403.7	11.0	7.4	1037.1
0.0	19.8	389.8	11.0	7.5	1037.1
0.0	20.9	386.7	11.0	7.7	1037.1
0.0	22.3	382.2	11.0	8.0	1038.9
0.0	22.2	383.1	10.9	7.6	1038.9
0.0	23.5	376.8	10.9	7.7	1038.9
0.0	25.3	366.2	10.9	7.9	1038.9
0.0	25.4	354.0	10.9	7.6	1038.9
0.0	22.3	337.4	10.8	7.1	1038.9
0.0	20.5	368.1	10.8	6.7	1038.9
0.0	22.6	361.1	10.8	7.7	1038.9
0.0	26.1	341.7	10.8	7.7	1038.9
0.0	26.3	173.5	10.7	5.7	1038.9
0.0	25.9	229.8	10.7	6.6	1038.9
0.0	26.5	309.7	10.7	6.7	1038.9
0.0	26.4	334.4	10.7	7.1	1038.9
0.4	26.4	246.7	10.6	6.8	1038.9
0.2	22.5	131.9	10.6	5.5	1038.9
2.8	24.4	235.7	10.6	6.6	1038.9
3.0	18.0	33.3	10.6	2.6	1038.9
0.0	21.0	319.5	10.6	5.6	1038.9
0.0	22.8	284.6	10.5	6.0	1038.9
0.0	24.1	321.4	10.5	5.8	1038.9
8.2	23.2	295.7	10.5	8.3	1038.9
1.2	8.0	69.2	10.5	2.9	1038.9
0.0	6.9	338.3	10.5	3.0	1038.9
0.0	8.2	332.7	10.4	3.7	1038.9
0.0	8.4	328.6	10.4	3.7	1038.9
0.0	9.7	326.0	10.4	4.2	1038.9
0.0	12.8	225.1	10.4	4.6	1038.9
0.0	14.5	308.7	10.4	4.9	1038.9
0.0	14.3	310.8	10.4	4.9	1038.9
0.0	13.6	302.2	10.3	4.6	1038.9
0.1	10.4	264.3	10.3	4.1	1042.1
0.0	8.2	265.2	10.3	3.0	1042.1
0.4	8.8	111.7	10.3	2.6	1042.1
0.0	10.0	188.0	10.3	4.1	1042.1
0.0	11.4	311.4	10.3	4.5	1042.1
0.0	10.6	312.9	10.3	4.4	1042.1
0.0	12.3	304.3	10.3	5.0	1042.1
0.0	14.3	304.6	10.2	5.1	1042.1
0.0	11.6	308.3	10.2	4.5	1042.1
0.0	11.0	313.7	10.2	4.8	1042.1
0.0	12.2	305.7	10.2	5.1	1042.1
0.0	12.2	310.4	10.2	5.1	1042.1
0.0	14.8	303.7	10.2	5.0	1042.1
0.0	10.7	311.3	10.2	4.0	1042.1
0.0	11.3	308.1	10.2	4.5	1042.1
0.0	13.5	298.0	10.2	5.2	1042.1
0.0	13.6	291.9	10.2	5.6	1042.1
0.0	5.5	306.3	10.2	3.1	1042.1
0.0	6.3	295.1	10.2	3.3	1042.1
0.0	7.5	81.3	10.2	2.7	1042.1
0.0	8.1	311.5	10.2	3.9	1042.1
0.0	5.7	308.2	10.2	3.6	1042.1
0.0	6.3	309.5	10.2	3.6	1042.1
0.0	11.1	295.7	10.2	5.1	1042.1
0.0	13.0	294.1	10.2	5.3	1042.1
0.0	9.1	241.3	10.2	3.9	1042.1
0.0	8.0	302.1	10.2	4.0	1042.1
0.0	8.3	310.1	10.2	4.3	1042.1
0.0	10.6	234.9	10.2	4.3	1042.1
0.0	12.9	269.4	10.2	4.7	1042.1
0.0	14.5	205.1	10.2	4.7	1042.1
0.3	11.6	197.4	10.2	4.0	1046.6
0.0	11.5	242.2	10.2	3.7	1046.6
0.1	16.1	291.8	10.2	5.6	1046.6
12.6	11.0	68.4	10.3	3.9	1046.6
0.4	10.5	99.7	10.3	2.7	1046.6
8.1	17.7	180.2	10.3	4.6	1046.6
12.8	10.0	24.9	10.3	5.1	1046.6
0.0	3.9	219.7	10.3	2.5	1046.6
0.0	5.6	282.1	10.3	2.8	1046.6
0.0	7.2	321.9	10.3	3.0	1046.6
0.0	8.2	320.5	10.3	4.0	1046.6
0.0	7.0	318.1	10.4	2.9	1046.6
0.0	6.9	268.6	10.4	2.8	1046.6
3.9	8.6	78.4	10.4	3.0	1046.6
0.1	6.3	197.2	10.4	3.0	1046.6
2.0	9.7	92.1	10.4	3.1	1046.6
4.9	12.0	68.3	10.4	3.3	1046.6
0.5	6.4	81.4	10.5	3.0	1046.6
0.2	4.6	266.2	10.5	2.4	1046.6
1.1	8.8	117.2	10.5	2.9	1046.6
9.3	10.5	120.9	10.5	3.0	1046.6
8.4	8.1	37.4	10.5	2.1	1046.6
0.8	9.9	145.7	10.6	2.7	1046.6
1.1	8.5	116.9	10.6	2.5	1046.6
0.1	9.1	186.8	10.6	3.8	1046.6
0.1	9.7	237.7	10.6	4.0	1046.6
0.2	11.4	329.3	10.6	4.5	1046.6
0.1	12.6	327.5	10.7	4.5	1046.6
0.0	16.5	321.9	10.7	5.1	1046.6
1.0	18.6	219.0	10.7	5.1	1046.6
20.7	8.9	149.3	10.7	6.8	1046.6
0.3	0.5	241.3	10.8	2.3	1048.8
0.0	1.7	386.7	10.8	2.7	1048.8
0.2	5.8	367.2	10.8	3.6	1048.8
0.0	7.0	289.1	10.8	4.2	1048.8
0.0	9.6	383.5	10.9	5.0	1048.8
1.1	14.3	317.5	10.9	5.8	1048.8
26.6	11.4	25.2	10.9	3.6	1048.8
13.6	6.4	15.7	10.9	1.9	1048.8
22.1	9.4	37.0	11.0	3.2	1048.8
7.4	4.6	63.1	11.0	3.5	1048.8
0.1	3.3	328.3	11.0	3.3	1048.8
0.1	8.1	306.8	11.0	4.4	1048.8
3.8	8.9	51.5	11.1	2.2	1048.8
0.5	7.9	126.3	11.1	4.0	1048.8
0.0	9.6	385.5	11.1	4.7	1048.8
0.0	12.8	375.3	11.2	5.2	1048.8
0.0	16.7	310.4	11.2	6.5	1048.8
0.0	20.2	390.8	11.2	7.6	1048.8
20.5	14.6	183.6	11.2	7.9	1048.8
0.7	6.5	92.3	11.3	3.1	1048.8
0.0	4.9	385.0	11.3	4.0	1048.8
0.0	8.8	416.5	11.3	4.6	1048.8
0.0	8.0	102.7	11.4	3.0	1048.8
8.9	10.9	137.0	11.4	4.0	1048.8
0.5	11.5	178.3	11.4	3.8	1048.8
0.0	12.5	449.0	11.4	5.6	1048.8
0.6	15.8	436.8	11.5	6.6	1048.8
1.5	15.3	268.9	11.5	6.8	1048.8
40.8	7.0	71.4	11.5	2.7	1049.7
2.0	8.5	130.9	11.6	3.3	1049.7
0.0	14.0	226.2	11.6	5.4	1049.7
14.8	19.5	417.2	11.6	7.0	1049.7
0.3	15.2	267.8	11.7	6.4	1049.7
0.0	15.1	446.8	11.7	7.1	1049.7
10.4	15.4	446.6	11.7	6.7	1049.7
33.2	7.8	28.5	11.8	3.7	1049.7
0.2	8.0	461.7	11.8	5.0	1049.7
0.0	12.1	459.6	11.8	6.6	1049.7
0.0	15.9	494.0	11.8	6.7	1049.7
0.4	15.3	333.4	11.9	8.6	1049.7
1.2	9.8	137.3	11.9	4.6	1049.7
0.2	10.8	338.6	11.9	4.9	1049.7
0.0	8.0	381.9	12.0	5.2	1049.7
0.0	9.0	534.8	12.0	6.1	1049.7
0.0	12.8	525.4	12.0	7.4	1049.7
0.0	16.8	462.0	12.1	8.0	1049.7
12.3	17.3	243.9	12.1	6.4	1049.7
3.6	18.4	56.9	12.1	5.1	1049.7
20.1	20.0	54.5	12.1	5.3	1049.7
2.0	17.7	67.4	12.2	4.0	1049.7
0.0	12.8	427.0	12.2	6.9	1049.7
0.0	10.2	552.8	12.2	6.3	1049.7
0.0	14.1	537.0	12.3	7.4	1049.7
0.0	16.7	128.8	12.3	7.0	1049.7
3.0	19.0	181.2	12.3	7.4	1049.7
0.0	14.7	514.0	12.4	8.3	1049.7
0.0	16.8	567.0	12.4	8.8	1049.7
0.0	20.7	524.3	12.4	10.2	1049.7
0.0	21.0	202.8	12.5	7.4	1049.7
5.3	22.4	341.0	12.5	8.7	1050.3
0.1	20.1	437.4	12.5	9.4	1050.3
0.6	22.8	445.0	12.5	9.3	1050.3
5.5	23.7	349.2	12.6	8.4	1050.3
1.9	25.1	464.9	12.6	8.3	1050.3
20.9	26.1	492.1	12.6	7.9	1050.3
0.0	28.3	553.6	12.7	8.5	1050.3
18.6	19.7	459.4	12.7	14.0	1050.3
10.1	8.4	20.4	12.7	3.3	1050.3
6.4	7.6	50.5	12.8	2.6	1050.3
30.3	9.2	46.2	12.8	2.8	1050.3
35.1	14.0	192.4	12.8	6.4	1050.3
21.2	14.4	171.8	12.8	4.8	1050.3
0.8	14.8	226.1	12.9	5.0	1050.3
6.1	16.1	493.8	12.9	6.6	1050.3
39.2	19.3	48.0	12.9	8.0	1050.3
7.0	18.6	207.0	13.0	6.4	1050.3
21.5	17.7	64.5	13.0	4.0	1050.3
82.9	16.1	71.2	13.0	6.1	1050.3
19.8	14.4	63.2	13.0	3.6	1050.3
12.8	12.8	77.5	13.1	4.3	1050.3
3.5	13.9	190.8	13.1	5.6	1050.3
51.0	14.0	61.6	13.1	2.9	1050.3
0.9	13.3	115.5	13.2	3.5	1050.3
23.5	13.0	100.3	13.2	5.5	1050.3
22.7	12.0	54.6	13.2	2.5	1050.3
3.7	13.1	52.0	13.2	3.5	1050.3
9.9	16.7	146.9	13.3	6.5	1050.3
5.1	18.2	31.7	13.3	4.2	1050.3
2.7	19.5	79.4	13.3	5.1	1050.3
6.5	19.5	199.9	13.3	7.6	1051.5
1.8	18.1	197.4	13.4	5.6	1051.5
0.0	17.7	300.8	13.4	7.0	1051.5
3.1	16.6	368.8	13.4	7.1	1051.5
31.5	14.1	89.1	13.4	4.0	1051.5
0.0	18.9	645.8	13.5	9.6	1051.5
0.0	21.5	553.1	13.5	10.9	1051.5
0.0	20.3	623.3	13.5	10.6	1051.5
0.0	19.1	650.2	13.5	11.9	1051.5
0.1	18.2	566.2	13.6	9.3	1051.5
0.0	18.5	657.1	13.6	10.2	1051.5
0.0	21.1	656.4	13.6	11.3	1051.5
0.0	23.1	516.7	13.6	11.2	1051.5
0.0	23.5	631.0	13.6	12.3	1051.5
0.0	25.6	593.9	13.7	11.1	1051.5
0.0	23.8	297.4	13.7	10.5	1051.5
6.1	21.0	136.9	13.7	7.2	1051.5
12.0	21.8	118.4	13.7	6.1	1051.5
19.5	25.2	280.0	13.7	8.9	1051.5
21.1	25.3	270.5	13.8	8.7	1051.5
64.9	25.1	409.6	13.8	8.7	1051.5
18.3	23.1	201.9	13.8	7.8	1051.5
0.3	23.4	437.5	13.8	9.2	1051.5
36.3	24.2	185.8	13.8	7.9	1051.5
18.5	21.4	53.5	13.9	9.0	1051.5
0.6	20.0	206.1	13.9	7.6	1051.5
27.3	20.5	227.0	13.9	8.4	1051.5
0.7	19.0	258.7	13.9	8.0	1051.5
0.0	22.3	651.5	13.9	10.4	1051.5
0.0	22.4	570.3	13.9	10.4	1051.5
0.0	23.1	666.4	13.9	10.2	1051.5
0.8	25.1	569.0	14.0	10.9	1049.8
40.1	22.9	111.4	14.0	5.0	1049.8
0.9	22.7	215.1	14.0	6.7	1049.8
0.1	24.9	405.8	14.0	10.2	1049.8
2.6	25.9	624.1	14.0	10.8	1049.8
0.2	26.9	600.5	14.0	11.6	1049.8
1.3	27.5	358.5	14.0	10.7	1049.8
3.2	28.3	624.3	14.0	12.0	1049.8
14.9	28.3	504.4	14.0	9.9	1049.8
6.1	29.6	564.4	14.0	10.4	1049.8
25.5	29.2	464.1	14.1	10.6	1049.8
1.7	23.7	62.2	14.1	8.1	1049.8
1.0	25.6	387.4	14.1	8.8	1049.8
8.3	28.2	466.7	14.1	10.7	1049.8
30.8	29.2	500.4	14.1	9.4	1049.8
75.9	27.7	302.2	14.1	11.9	1049.8
0.8	23.0	245.2	14.1	7.8	1049.8
0.1	27.1	579.8	14.1	11.3	1049.8
0.0	25.6	578.7	14.1	11.6	1049.8
0.0	26.3	676.3	14.1	11.9	1049.8
0.0	27.8	676.1	14.1	12.2	1049.8
0.0	28.2	664.9	14.1	12.7	1049.8
0.0	28.6	478.5	14.1	10.6	1049.8
25.4	29.4	449.4	14.1	13.0	1049.8
39.5	25.9	59.8	14.1	5.1	1049.8
6.9	27.1	205.1	14.1	7.7	1049.8
2.5	27.8	285.2	14.1	9.3	1049.8
4.7	28.4	329.1	14.1	9.4	1049.8
12.9	27.7	136.4	14.1	4.9	1049.8
17.7	28.6	381.4	14.1	8.3	1049.8
10.0	27.4	133.0	14.0	7.1	1045.3
12.3	27.6	173.7	14.0	8.1	1045.3
14.1	28.2	266.1	14.0	8.2	1045.3
16.5	29.2	385.2	14.0	9.5	1045.3
4.1	29.4	468.6	14.0	10.4	1045.3
0.2	30.7	586.5	14.0	10.9	1045.3
0.0	31.2	497.7	14.0	10.8	1045.3
18.4	29.4	472.0	14.0	11.5	1045.3
17.7	29.2	545.6	14.0	11.0	1045.3
0.0	29.9	610.2	14.0	11.2	1045.3
5.4	29.0	596.2	14.0	11.6	1045.3
0.7	29.4	567.0	13.9	9.9	1045.3
1.0	30.1	563.5	13.9	10.3	1045.3
0.2	31.2	632.1	13.9	11.2	1045.3
0.1	31.9	616.3	13.9	11.3	1045.3
0.0	32.5	546.7	13.9	11.6	1045.3
0.1	32.6	518.7	13.9	11.7	1045.3
0.8	31.8	358.3	13.9	11.1	1045.3
1.3	30.1	134.8	13.8	9.0	1045.3
7.9	28.1	202.9	13.8	9.8	1045.3
1.8	27.1	84.8	13.8	5.7	1045.3
12.5	28.4	502.5	13.8	9.8	1045.3
3.7	29.5	544.2	13.8	10.0	1045.3
2.1	29.6	462.0	13.7	10.8	1045.3
1.5	30.7	594.5	13.7	10.8	1045.3
25.5	29.3	523.7	13.7	10.4	1045.3
7.3	29.3	452.5	13.7	9.9	1045.3
10.4	29.6	495.9	13.7	10.6	1045.3
12.2	29.2	539.8	13.6	10.5	1045.3
20.9	28.5	430.0	13.6	10.2	1045.3
4.1	29.6	574.7	13.6	10.5	1045.3
2.7	29.7	475.3	13.6	9.6	1045.4
15.6	29.1	463.0	13.6	9.4	1045.4
19.6	28.8	367.2	13.5	9.7	1045.4
27.4	28.6	382.1	13.5	9.7	1045.4
0.1	27.9	307.7	13.5	10.4	1045.4
3.1	27.9	595.5	13.5	10.5	1045.4
4.9	28.8	602.7	13.4	10.6	1045.4
12.0	28.9	590.1	13.4	9.9	1045.4
14.5	28.9	405.3	13.4	9.1	1045.4
11.9	27.7	230.3	13.4	8.6	1045.4
13.1	28.0	413.8	13.3	9.8	1045.4
3.0	28.3	497.2	13.3	10.0	1045.4
7.7	29.0	562.6	13.3	10.6	1045.4
7.6	29.2	547.0	13.3	10.6	1045.4
16.2	29.0	464.7	13.2	10.3	1045.4
1.8	29.2	493.7	13.2	9.9	1045.4
0.4	29.7	584.3	13.2	9.7	1045.4
0.1	30.0	558.0	13.2	9.9	1045.4
0.0	29.8	520.7	13.1	9.1	1045.4
10.3	28.3	285.5	13.1	8.7	1045.4
0.7	28.7	278.9	13.1	7.9	1045.4
2.4	28.9	330.0	13.0	8.2	1045.4
0.6	28.6	503.2	13.0	9.8	1045.4
0.0	29.7	579.3	13.0	10.3	1045.4
0.0	30.7	561.1	13.0	10.9	1045.4
0.0	31.3	568.4	12.9	11.1	1045.4
0.0	31.5	570.3	12.9	11.3	1045.4
0.0	31.9	557.8	12.9	11.1	1045.4
0.1	32.3	505.0	12.9	11.1	1045.4
0.0	31.7	551.5	12.8	11.5	1045.4
0.0	31.8	557.8	12.8	12.0	1045.4
0.0	32.4	551.4	12.8	12.2	1049.4
0.0	32.4	541.8	12.7	12.5	1049.4
0.0	33.2	509.4	12.7	12.5	1049.4
0.0	33.3	437.8	12.7	12.7	1049.4
0.0	33.4	536.2	12.6	12.8	1049.4
0.0	32.2	544.5	12.6	11.2	1049.4
0.0	32.5	535.3	12.6	10.9	1049.4
5.0	31.5	353.8	12.6	11.0	1049.4
13.9	29.8	431.4	12.5	10.8	1049.4
5.5	30.7	442.0	12.5	8.9	1049.4
0.2	31.0	351.8	12.5	10.1	1049.4
0.0	30.9	515.7	12.4	9.9	1049.4
0.6	31.2	435.5	12.4	9.5	1049.4
0.7	28.6	86.5	12.4	7.7	1049.4
0.0	28.2	195.9	12.4	7.6	1049.4
0.1	27.2	112.2	12.3	6.0	1049.4
3.1	28.8	216.1	12.3	7.9	1049.4
23.6	26.5	243.3	12.3	5.4	1049.4
0.0	26.7	329.3	12.2	9.8	1049.4
0.0	24.3	301.5	12.2	8.9	1049.4
0.0	25.9	500.1	12.2	8.2	1049.4
0.4	29.0	288.5	12.1	7.6	1049.4
0.3	28.6	209.1	12.1	7.6	1049.4
0.0	29.1	418.9	12.1	9.4	1049.4
0.0	28.7	473.7	12.1	8.5	1049.4
0.0	29.1	399.9	12.0	9.0	1049.4
0.0	28.2	229.9	12.0	8.2	1049.4
0.0	27.2	231.4	12.0	7.8	1049.4
0.0	26.9	327.2	11.9	9.2	1049.4
0.0	25.7	472.4	11.9	8.8	1049.4
0.0	25.2	398.3	11.9	9.3	1050.8
0.0	25.8	467.9	11.8	9.4	1050.8
0.0	26.0	459.5	11.8	8.4	1050.8
0.0	26.2	426.5	11.8	9.1	1050.8
0.0	26.1	464.9	11.7	8.6	1050.8
0.0	27.0	425.6	11.7	8.1	1050.8
0.0	26.9	301.6	11.7	7.7	1050.8
0.0	24.7	454.2	11.7	9.2	1050.8
0.0	23.7	461.7	11.6	8.6	1050.8
0.0	23.8	405.4	11.6	8.8	1050.8
0.0	24.1	450.5	11.6	8.7	1050.8
0.0	25.7	440.5	11.5	8.8	1050.8
0.0	24.4	344.0	11.5	7.7	1050.8
0.0	24.0	358.4	11.5	7.8	1050.8
0.0	23.1	309.0	11.5	7.5	1050.8
0.0	23.2	253.9	11.4	7.1	1050.8
0.0	21.7	435.6	11.4	7.8	1050.8
0.0	22.1	431.5	11.4	8.1	1050.8
0.0	21.5	427.9	11.3	8.1	1050.8
0.0	23.1	416.7	11.3	7.8	1050.8
0.0	24.1	300.4	11.3	6.9	1050.8
0.0	25.1	247.2	11.3	6.8	1050.8
0.0	25.7	339.9	11.2	7.8	1050.8
0.0	25.5	393.5	11.2	7.9	1050.8
0.0	22.8	384.1	11.2	7.3	1050.8
0.0	20.9	403.5	11.1	7.5	1050.8
0.0	22.1	395.8	11.1	8.0	1050.8
0.0	23.7	398.5	11.1	8.3	1050.8
0.0	24.1	394.1	11.1	7.9	1050.8
0.0	24.4	387.5	11.0	7.7	1050.8
0.0	24.7	373.2	11.0	7.3	1050.8
0.0	22.0	211.2	11.0	5.9	1052.5
0.0	19.9	305.1	10.9	5.5	1052.5
0.0	17.9	363.9	10.9	5.6	1052.5
0.0	15.8	376.9	10.9	4.6	1052.5
0.0	16.1	333.1	10.9	4.4	1052.5
0.0	18.2	361.0	10.8	5.7	1052.5
0.0	20.7	352.1	10.8	6.4	1052.5
0.0	21.9	351.3	10.8	6.7	1052.5
0.0	22.6	351.8	10.8	7.1	1052.5
0.0	22.6	353.6	10.7	6.7	1052.5
0.0	23.3	345.9	10.7	6.7	1052.5
0.0	24.9	345.6	10.7	6.8	1052.5
0.0	26.7	326.0	10.7	7.3	1052.5
0.0	19.9	224.3	10.7	5.5	1052.5
0.0	19.0	344.6	10.6	5.4	1052.5
0.0	21.1	337.7	10.6	6.3	1052.5
0.0	24.0	330.4	10.6	6.9	1052.5
0.3	24.2	318.8	10.6	8.0	1052.5
0.5	12.9	30.9	10.5	3.6	1052.5
0.0	10.7	139.6	10.5	2.8	1052.5
0.0	10.4	121.9	10.5	3.3	1052.5
0.0	13.5	207.4	10.5	4.0	1052.5
0.9	14.6	154.8	10.5	3.6	1052.5
0.0	15.1	326.0	10.4	5.1	1052.5
0.0	11.5	273.0	10.4	4.3	1052.5
0.0	11.6	289.3	10.4	4.1	1052.5
0.0	13.2	156.7	10.4	4.1	1052.5
0.0	13.9	295.1	10.4	4.8	1052.5
0.0	13.5	318.1	10.4	5.2	1052.5
0.0	16.1	323.6	10.3	5.9	1052.5
0.0	16.0	309.2	10.3	5.9	1055.8
0.0	12.2	313.9	10.3	3.6	1055.8
1.4	14.8	236.7	10.3	4.5	1055.8
0.1	11.4	84.1	10.3	3.0	1055.8
0.0	12.4	293.4	10.3	3.8	1055.8
1.3	10.9	69.3	10.3	2.2	1055.8
0.1	11.3	61.7	10.3	1.7	1055.8
1.4	11.4	67.2	10.3	2.1	1055.8
0.0	12.2	183.6	10.2	4.0	1055.8
0.0	12.9	294.6	10.2	4.3	1055.8
0.0	15.5	160.4	10.2	4.1	1055.8
0.0	18.6	146.9	10.2	4.8	1055.8
5.4	21.7	175.6	10.2	5.3	1055.8
65.3	19.2	17.7	10.2	1.4	1055.8
13.4	18.0	37.9	10.2	4.3	1055.8
1.7	13.0	79.6	10.2	1.8	1055.8
1.6	12.7	95.2	10.2	2.1	1055.8
9.4	13.0	42.4	10.2	2.1	1055.8
2.9	10.6	36.6	10.2	3.3	1055.8
0.0	5.2	288.6	10.2	2.4	1055.8
0.1	4.1	194.3	10.2	2.1	1055.8
0.0	3.9	167.3	10.2	2.1	1055.8
0.0	5.9	221.1	10.2	3.0	1055.8
0.1	5.5	238.9	10.2	2.5	1055.8
0.3	6.6	113.8	10.2	2.8	1055.8
0.0	5.8	304.4	10.2	3.2	1055.8
0.0	6.3	297.1	10.2	3.2	1055.8
0.1	7.8	214.8	10.2	3.1	1055.8
3.5	8.0	61.0	10.2	2.4	1055.8
11.8	5.3	89.4	10.2	1.4	1055.8
12.3	4.9	34.3	10.2	1.9	1055.8
0.6	3.9	144.4	10.2	1.7	1060.3
1.0	3.6	155.9	10.2	2.3	1060.3
0.2	3.4	82.9	10.2	1.7	1060.3
0.2	4.6	209.0	10.3	3.0	1060.3
0.2	5.7	245.2	10.3	3.5	1060.3
0.0	5.7	307.1	10.3	3.6	1060.3
0.0	3.3	326.1	10.3	3.0	1060.3
0.0	6.0	319.0	10.3	3.9	1060.3
0.0	11.4	314.2	10.3	5.0	1060.3
1.7	15.4	170.7	10.3	4.6	1060.3
0.6	10.9	131.2	10.3	4.5	1060.3
0.0	1.8	272.3	10.4	2.7	1060.3
0.0	1.3	341.1	10.4	2.3	1060.3
0.0	3.7	338.9	10.4	3.2	1060.3
0.0	6.7	337.2	10.4	4.1	1060.3
0.0	9.7	334.4	10.4	5.0	1060.3
0.0	12.6	335.6	10.4	5.4	1060.3
0.0	12.2	338.9	10.5	4.8	1060.3
0.0	15.4	341.7	10.5	6.3	1060.3
0.0	17.4	345.5	10.5	6.7	1060.3
0.0	18.9	326.4	10.5	6.6	1060.3
0.0	19.6	130.4	10.5	6.2	1060.3
5.8	9.7	132.2	10.5	4.7	1060.3
0.2	5.6	141.1	10.6	3.2	1060.3
1.8	11.1	308.2	10.6	4.4	1060.3
1.5	13.2	109.2	10.6	3.7	1060.3
1.9	13.8	141.5	10.6	6.6	1060.3
0.2	8.5	129.9	10.7	2.0	1060.3
0.0	11.5	356.7	10.7	4.5	1060.3
11.4	14.4	285.2	10.7	6.0	1060.3
0.1	10.0	236.9	10.7	3.7	1060.3
0.2	15.2	140.3	10.8	5.2	1062.5
3.5	20.0	312.3	10.8	6.9	1062.5
0.1	11.2	240.5	10.8	4.2	1062.5
24.6	12.5	333.1	10.8	4.5	1062.5
34.4	6.3	17.2	10.9	3.3	1062.5
2.5	2.5	47.5	10.9	1.8	1062.5
0.0	5.4	354.9	10.9	3.3	1062.5
0.0	5.2	281.1	10.9	2.8	1062.5
5.8	5.3	196.2	11.0	2.5	1062.5
3.0	5.6	23.2	11.0	1.6	1062.5
0.2	5.3	275.3	11.0	3.4	1062.5
0.3	8.1	237.0	11.0	4.3	1062.5
0.5	9.4	115.4	11.1	3.1	1062.5
3.4	10.7	48.2	11.1	2.5	1062.5
1.8	13.4	52.1	11.1	2.8	1062.5
15.4	13.2	52.1	11.2	4.6	1062.5
15.4	8.9	44.5	11.2	2.3	1062.5
0.3	8.0	327.2	11.2	4.5	1062.5
0.0	10.4	412.7	11.2	4.6	1062.5
0.2	12.9	219.6	11.3	5.0	1062.5
6.2	16.1	242.7	11.3	6.0	1062.5
1.5	10.7	126.9	11.3	4.0	1062.5
0.1	13.2	313.0	11.4	5.4	1062.5
0.0	10.3	452.4	11.4	5.5	1062.5
3.5	15.7	428.6	11.4	7.2	1062.5
18.8	16.2	61.2	11.4	4.1	1062.5
4.4	12.7	74.0	11.5	5.9	1062.5
7.0	11.4	179.9	11.5	4.4	1062.5
4.1	6.0	68.2	11.5	3.2	1063.3
0.0	4.5	390.8	11.6	4.1	1063.3
0.0	8.3	470.7	11.6	4.8	1063.3
3.6	8.5	74.4	11.6	2.3	1063.3
0.0	7.4	304.2	11.7	4.1	1063.3
0.0	5.1	472.3	11.7	4.1	1063.3
0.0	5.5	505.8	11.7	3.9	1063.3
0.0	10.0	499.9	11.7	6.2	1063.3
0.4	14.7	449.3	11.8	7.3	1063.3
0.8	11.3	154.6	11.8	5.6	1063.3
0.3	14.6	390.8	11.8	6.7	1063.3
1.4	13.1	189.2	11.9	5.9	1063.3
0.0	15.0	498.0	11.9	8.3	1063.3
0.0	18.1	500.0	11.9	8.5	1063.3
21.8	13.5	103.5	12.0	4.8	1063.3
25.0	16.2	97.9	12.0	5.8	1063.3
0.3	13.5	317.5	12.0	6.0	1063.3
0.0	11.9	512.9	12.0	5.7	1063.3
0.0	11.9	299.5	12.1	5.3	1063.3
0.0	14.4	524.9	12.1	7.6	1063.3
0.0	14.5	443.1	12.1	7.9	1063.3
0.0	12.0	545.7	12.2	6.8	1063.3
0.0	13.0	375.6	12.2	6.3	1063.3
0.0	15.4	514.7	12.2	8.3	1063.3
0.5	16.6	222.4	12.3	7.3	1063.3
5.1	18.5	263.8	12.3	7.2	1063.3
70.2	15.7	35.1	12.3	2.3	1063.3
7.1	17.5	32.6	12.4	4.1	1063.3
2.9	13.7	232.8	12.4	5.7	1063.3
0.1	13.3	393.3	12.4	6.0	1063.3
0.1	14.4	544.4	12.4	7.0	1063.3
0.1	17.1	577.4	12.5	9.0	1064.0
2.1	22.5	503.7	12.5	10.4	1064.0
9.3	21.9	156.7	12.5	6.4	1064.0
0.5	17.0	249.2	12.6	7.4	1064.0
22.3	13.6	184.1	12.6	5.2	1064.0
37.9	10.2	37.5	12.6	4.5	1064.0
2.5	8.7	68.6	12.7	3.2	1064.0
4.9	13.0	316.5	12.7	6.1	1064.0
1.7	15.2	297.4	12.7	6.2	1064.0
60.5	16.0	59.8	12.7	4.4	1064.0
3.2	13.2	53.0	12.8	4.3	1064.0
7.6	14.6	86.9	12.8	7.1	1064.0
10.5	23.7	309.8	12.8	10.5	1064.0
60.6	19.0	90.2	12.9	9.3	1064.0
44.5	10.2	86.6	12.9	5.3	1064.0
9.6	11.7	270.9	12.9	4.8	1064.0
6.4	11.6	79.5	12.9	3.7	1064.0
0.0	14.8	594.5	13.0	7.9	1064.0
0.2	17.8	592.9	13.0	10.0	1064.0
0.3	16.8	591.4	13.0	10.7	1064.0
0.0	15.7	589.8	13.1	8.1	1064.0
0.0	18.0	634.1	13.1	9.9	1064.0
0.0	18.9	418.4	13.1	9.9	1064.0
0.0	22.8	605.7	13.1	10.5	1064.0
6.3	25.6	578.5	13.2	11.5	1064.0
29.3	20.5	275.9	13.2	13.0	1064.0
0.1	14.9	299.9	13.2	7.3	1064.0
0.0	18.9	466.4	13.3	8.3	1064.0
16.6	18.3	119.6	13.3	4.9	1064.0
8.5	20.4	65.6	13.3	6.7	1064.0
4.8	24.9	225.4	13.3	8.2	1065.1
5.2	25.5	381.9	13.4	9.1	1065.1
0.9	25.6	182.6	13.4	7.3	1065.1
14.4	26.2	369.9	13.4	8.6	1065.1
22.6	24.4	354.9	13.4	9.1	1065.1
6.6	22.2	244.4	13.5	7.0	1065.1
65.5	21.6	231.7	13.5	7.3	1065.1
8.0	19.0	87.8	13.5	8.6	1065.1
0.5	17.3	198.9	13.5	7.7	1065.1
0.0	21.3	603.1	13.6	9.5	1065.1
17.2	21.1	148.6	13.6	6.3	1065.1
1.8	23.2	164.3	13.6	7.8	1065.1
0.2	25.9	592.0	13.6	10.4	1065.1
7.9	26.5	397.3	13.6	10.1	1065.1
24.2	24.1	72.6	13.7	5.3	1065.1
10.4	25.0	295.2	13.7	9.7	1065.1
4.5	24.6	226.0	13.7	8.9	1065.1
0.8	22.5	79.1	13.7	6.4	1065.1
30.3	19.9	27.8	13.7	5.4	1065.1
24.2	17.8	39.3	13.8	4.0	1065.1
0.4	18.8	278.7	13.8	8.1	1065.1
0.1	23.3	541.5	13.8	10.1	1065.1
0.0	22.0	225.3	13.8	8.0	1065.1
0.0	23.4	552.5	13.8	11.5	1065.1
0.1	25.3	653.1	13.8	11.9	1065.1
0.0	26.8	656.9	13.9	12.2	1065.1
0.0	28.8	650.6	13.9	12.3	1065.1
0.8	30.2	518.8	13.9	11.1	1065.1
13.3	25.7	316.8	13.9	9.6	1065.1
0.1	27.1	538.0	13.9	10.6	1065.1
18.4	26.6	374.8	13.9	9.8	1065.1
9.7	24.4	61.0	14.0	5.1	1063.4
0.0	26.6	575.2	14.0	11.4	1063.4
0.0	27.4	457.0	14.0	10.8	1063.4
5.3	24.4	161.9	14.0	8.7	1063.4
10.8	21.8	37.1	14.0	4.9	1063.4
4.7	22.6	56.8	14.0	4.9	1063.4
0.9	23.5	262.6	14.0	7.7	1063.4
0.0	25.1	444.0	14.0	9.9	1063.4
0.0	25.7	225.0	14.0	10.1	1063.4
2.2	26.1	461.7	14.0	10.1	1063.4
0.1	28.4	639.4	14.0	11.0	1063.4
0.3	29.6	582.4	14.1	10.2	1063.4
18.8	27.1	83.4	14.1	7.9	1063.4
28.4	25.9	79.7	14.1	8.5	1063.4
0.9	21.9	200.4	14.1	7.5	1063.4
0.0	25.9	664.0	14.1	11.0	1063.4
0.0	27.4	665.0	14.1	11.5	1063.4
1.2	28.0	546.1	14.1	9.4	1063.4
10.9	28.0	480.8	14.1	9.9	1063.4
20.8	28.5	574.1	14.1	10.8	1063.4
26.6	28.3	536.3	14.1	9.3	1063.4
25.6	28.5	350.3	14.1	9.3	1063.4
32.0	27.4	130.6	14.1	6.4	1063.4
27.4	28.6	377.6	14.1	8.9	1063.4
13.0	28.6	185.0	14.1	8.5	1063.4
3.0	29.2	227.9	14.1	8.7	1063.4
21.6	28.6	242.7	14.1	9.2	1063.4
13.2	29.4	407.3	14.1	9.9	1063.4
8.3	30.1	569.7	14.1	10.4	1063.4
17.4	29.4	405.1	14.1	9.8	1063.4
16.8	30.0	485.7	14.1	10.0	1058.9
23.0	29.6	354.6	14.0	9.4	1058.9
31.5	28.8	220.9	14.0	8.2	1058.9
23.2	28.5	151.9	14.0	7.3	1058.9
12.5	28.1	131.1	14.0	7.1	1058.9
1.5	27.7	115.0	14.0	7.2	1058.9
4.7	29.4	573.7	14.0	11.3	1058.9
22.1	28.7	338.3	14.0	8.7	1058.9
9.9	29.0	420.6	14.0	10.5	1058.9
11.8	28.9	439.3	14.0	10.7	1058.9
14.9	29.2	548.2	14.0	10.8	1058.9
19.2	28.8	383.4	13.9	9.3	1058.9
0.2	30.0	500.8	13.9	10.6	1058.9
5.8	29.9	598.9	13.9	10.6	1058.9
11.9	29.7	526.7	13.9	10.2	1058.9
1.6	30.2	532.6	13.9	10.6	1058.9
5.7	29.9	496.2	13.9	9.8	1058.9
5.7	29.4	433.6	13.9	10.1	1058.9
5.7	29.4	490.2	13.8	10.3	1058.9
4.0	29.8	573.5	13.8	10.7	1058.9
5.1	29.7	544.9	13.8	10.8	1058.9
7.6	30.3	601.0	13.8	11.0	1058.9
1.8	30.5	596.2	13.8	11.2	1058.9
3.4	29.8	551.2	13.7	11.5	1058.9
0.6	29.8	509.7	13.7	9.6	1058.9
5.6	28.3	308.0	13.7	8.6	1058.9
10.4	26.8	40.7	13.7	4.0	1058.9
3.7	26.7	55.0	13.7	3.9	1058.9
1.0	27.1	67.2	13.6	4.8	1058.9
0.8	28.2	253.8	13.6	8.4	1058.9
7.2	28.3	345.8	13.6	9.3	1058.9
0.2	28.2	338.4	13.6	9.4	1059.1
0.7	29.3	514.0	13.6	9.3	1059.1
0.4	29.9	452.1	13.5	9.2	1059.1
16.4	28.9	444.7	13.5	9.3	1059.1
34.4	28.5	382.6	13.5	8.7	1059.1
0.8	27.1	74.6	13.5	5.5	1059.1
0.0	28.4	592.1	13.4	10.7	1059.1
0.0	29.1	607.4	13.4	10.8	1059.1
0.1	30.3	585.9	13.4	11.0	1059.1
0.1	31.1	551.3	13.4	11.2	1059.1
7.7	30.0	587.1	13.3	10.7	1059.1
13.6	29.2	562.8	13.3	9.0	1059.1
7.0	29.3	513.2	13.3	9.4	1059.1
1.6	30.1	493.3	13.3	8.7	1059.1
0.9	30.7	459.2	13.2	9.0	1059.1
3.5	30.9	546.6	13.2	10.9	1059.1
19.9	29.3	451.5	13.2	9.7	1059.1
35.8	27.0	175.9	13.2	7.1	1059.1
14.4	26.7	131.7	13.1	6.6	1059.1
16.6	26.6	164.0	13.1	6.2	1059.1
15.4	27.2	144.9	13.1	6.9	1059.1
11.5	28.1	278.9	13.1	8.4	1059.1
11.6	28.9	523.8	13.0	9.7	1059.1
5.9	29.4	517.4	13.0	10.1	1059.1
0.0	30.0	556.2	13.0	9.9	1059.1
0.0	31.0	542.9	12.9	10.0	1059.1
0.1	31.8	552.3	12.9	10.4	1059.1
0.1	32.7	549.5	12.9	10.6	1059.1
0.1	33.4	513.1	12.9	10.3	1059.1
25.2	30.4	442.1	12.8	11.4	1059.1
18.5	28.5	357.1	12.8	7.3	1059.1
19.0	28.8	485.8	12.8	8.9	1063.1
18.7	28.7	484.6	12.7	8.7	1063.1
13.0	28.9	402.6	12.7	8.6	1063.1
5.3	29.3	496.6	12.7	9.1	1063.1
5.3	29.7	520.7	12.7	9.3	1063.1
5.7	29.5	518.2	12.6	9.6	1063.1
0.1	30.2	521.0	12.6	9.0	1063.1
0.0	30.9	530.8	12.6	9.4	1063.1
0.0	31.9	522.6	12.5	9.6	1063.1
0.3	32.4	473.9	12.5	10.1	1063.1
0.0	33.2	520.8	12.5	9.8	1063.1
0.0	33.5	492.7	12.4	10.3	1063.1
11.2	29.8	399.8	12.4	10.3	1063.1
7.6	28.9	482.4	12.4	8.5	1063.1
9.0	28.4	437.7	12.4	7.9	1063.1
13.7	28.4	420.9	12.3	8.1	1063.1
3.8	29.2	459.5	12.3	8.8	1063.1
8.0	28.7	461.3	12.3	8.2	1063.1
8.6	27.5	434.9	12.2	8.1	1063.1
4.3	26.9	312.7	12.2	7.1	1063.1
4.6	25.9	188.1	12.2	7.0	1063.1
1.2	23.2	82.1	12.1	6.1	1063.1
0.4	23.6	128.9	12.1	6.0	1063.1
0.8	25.1	389.9	12.1	7.4	1063.1
0.0	25.0	162.9	12.1	7.0	1063.1
0.0	23.8	494.1	12.0	8.3	1063.1
0.0	24.3	501.9	12.0	9.1	1063.1
0.0	25.3	496.9	12.0	9.6	1063.1
0.0	27.0	480.9	11.9	9.9	1063.1
0.0	28.7	472.2	11.9	10.1	1063.1
0.0	28.7	471.5	11.9	10.2	1064.5
0.0	29.1	465.6	11.8	9.7	1064.5
23.7	28.6	273.6	11.8	11.0	1064.5
5.5	17.1	40.5	11.8	7.2	1064.5
0.0	17.8	390.0	11.8	6.2	1064.5
0.0	20.4	464.6	11.7	8.4	1064.5
0.0	21.9	467.0	11.7	8.9	1064.5
0.0	22.1	410.4	11.7	7.8	1064.5
0.0	21.3	428.1	11.6	8.0	1064.5
0.0	22.4	446.6	11.6	7.9	1064.5
0.0	21.7	289.7	11.6	8.1	1064.5
0.0	22.6	454.6	11.5	8.6	1064.5
0.0	23.6	453.4	11.5	8.8	1064.5
0.0	24.9	434.1	11.5	8.6	1064.5
0.0	25.4	372.4	11.5	8.9	1064.5
0.0	25.4	414.1	11.4	8.2	1064.5
0.0	25.1	277.8	11.4	7.2	1064.5
0.0	22.7	409.7	11.4	7.7	1064.5
0.0	20.5	421.3	11.3	6.7	1064.5
0.0	19.7	297.6	11.3	6.3	1064.5
0.1	18.3	375.9	11.3	4.9	1064.5
0.0	19.0	419.2	11.3	6.6	1064.5
0.0	18.0	417.6	11.2	7.0	1064.5
0.0	19.8	337.4	11.2	6.6	1064.5
0.0	16.2	417.8	11.2	6.1	1064.5
0.0	15.4	420.1	11.1	6.1	1064.5
0.0	16.1	412.3	11.1	6.5	1064.5
0.0	17.7	401.9	11.1	6.9	1064.5
0.0	19.5	395.6	11.1	7.9	1064.5
0.0	20.5	395.8	11.0	8.3	1064.5
0.0	21.5	392.9	11.0	7.9	1064.5
0.0	20.8	381.9	11.0	7.1	1066.2
0.0	18.7	383.6	11.0	7.0	1066.2
0.0	19.1	385.0	10.9	7.4	1066.2
0.0	19.5	379.1	10.9	6.7	1066.2
0.0	19.4	364.6	10.9	6.3	1066.2
0.0	20.8	365.0	10.9	6.4	1066.2
0.1	21.6	327.3	10.8	6.0	1066.2
0.1	21.5	186.3	10.8	5.9	1066.2
0.1	22.1	255.5	10.8	5.6	1066.2
9.1	19.2	117.6	10.8	5.6	1066.2
0.3	15.1	106.4	10.7	3.9	1066.2
0.0	13.6	353.6	10.7	4.8	1066.2
0.0	15.7	341.7	10.7	5.3	1066.2
0.2	20.2	335.4	10.7	5.8	1066.2
0.0	18.6	283.5	10.6	5.9	1066.2
0.0	13.9	340.3	10.6	5.7	1066.2
0.0	12.0	351.1	10.6	4.4	1066.2
0.0	15.5	341.2	10.6	5.5	1066.2
0.0	17.3	335.0	10.5	5.7	1066.2
0.0	19.9	325.5	10.5	6.0	1066.2
0.0	21.1	267.0	10.5	5.1	1066.2
0.0	20.7	252.7	10.5	4.8	1066.2
0.0	21.7	270.6	10.5	6.0	1066.2
0.0	22.7	228.0	10.5	5.6	1066.2
0.0	22.9	188.2	10.4	6.1	1066.2
0.0	23.4	309.0	10.4	5.9	1066.2
0.0	24.1	150.7	10.4	5.9	1066.2
0.2	24.2	156.9	10.4	5.8	1066.2
10.8	14.6	107.1	10.4	5.7	1066.2
0.0	9.1	250.0	10.4	3.4	1066.2
0.0	11.1	286.4	10.3	3.6	1069.4
0.0	12.2	148.6	10.3	3.4	1069.4
0.0	15.6	294.8	10.3	4.8	1069.4
13.2	13.0	45.3	10.3	3.9	1069.4
1.1	9.8	114.0	10.3	2.0	1069.4
5.5	14.9	135.2	10.3	3.7	1069.4
9.3	12.4	31.8	10.3	4.0	1069.4
0.9	6.9	59.2	10.3	2.6	1069.4
0.1	5.2	289.5	10.2	2.8	1069.4
0.1	7.0	185.3	10.2	3.0	1069.4
0.1	8.3	76.3	10.2	2.9	1069.4
0.2	8.2	225.7	10.2	3.1	1069.4
3.6	6.7	24.3	10.2	2.3	1069.4
0.0	3.4	295.4	10.2	2.0	1069.4
0.0	5.3	301.6	10.2	3.0	1069.4
0.0	8.4	285.7	10.2	4.2	1069.4
0.0	6.8	302.7	10.2	3.6	1069.4
0.0	7.3	305.1	10.2	3.8	1069.4
0.0	10.0	306.8	10.2	4.4	1069.4
0.0	11.8	294.8	10.2	4.9	1069.4
0.0	10.4	249.2	10.2	3.8	1069.4
0.0	4.4	300.3	10.2	2.9	1069.4
0.0	2.7	303.0	10.2	2.5	1069.4
0.0	4.3	307.1	10.2	3.0	1069.4
0.0	6.1	305.1	10.2	3.4	1069.4
0.0	5.1	311.6	10.2	3.4	1069.4
0.0	7.9	313.2	10.2	4.3	1069.4
0.0	10.3	311.3	10.2	4.8	1069.4
0.0	11.7	302.6	10.2	4.9	1069.4
0.0	12.1	304.3	10.2	4.5	1069.4
0.0	15.4	297.8	10.2	5.4	1069.4
0.4	17.1	251.9	10.2	5.1	1074.0
5.6	10.8	45.3	10.2	3.9	1074.0
0.0	4.0	267.4	10.2	2.8	1074.0
0.0	3.9	309.4	10.2	2.8	1074.0
5.0	6.3	113.3	10.3	2.8	1074.0
0.9	4.4	104.6	10.3	1.9	1074.0
0.3	5.9	188.1	10.3	2.3	1074.0
0.0	4.6	316.2	10.3	3.3	1074.0
0.0	6.3	245.4	10.3	3.3	1074.0
0.1	7.1	122.1	10.3	2.8	1074.0
2.9	7.2	93.1	10.3	2.9	1074.0
0.0	3.3	327.4	10.3	3.1	1074.0
0.0	2.7	335.5	10.4	3.0	1074.0
0.0	5.7	250.6	10.4	3.5	1074.0
0.0	10.6	208.2	10.4	4.3	1074.0
1.1	12.0	87.9	10.4	3.3	1074.0
0.9	14.1	70.0	10.4	3.2	1074.0
6.1	17.3	134.1	10.4	5.6	1074.0
0.4	6.2	103.4	10.5	2.7	1074.0
5.4	5.8	64.4	10.5	1.6	1074.0
0.1	7.0	160.3	10.5	2.7	1074.0
1.2	13.0	285.7	10.5	5.0	1074.0
8.9	7.8	32.9	10.5	3.6	1074.0
17.2	3.8	15.7	10.6	2.0	1074.0
5.4	-0.1	35.8	10.6	1.8	1074.0
0.1	-0.7	328.1	10.6	1.8	1074.0
0.0	1.7	343.8	10.6	2.3	1074.0
0.0	1.5	207.3	10.7	2.4	1074.0
0.0	1.2	356.1	10.7	2.5	1074.0
0.0	1.5	366.6	10.7	2.9	1074.0
0.0	3.4	338.4	10.7	2.9	1074.0
0.0	0.9	122.7	10.7	2.0	1076.2
0.0	1.6	284.3	10.8	2.2	1076.2
0.0	4.7	359.5	10.8	3.1	1076.2
0.1	7.2	255.2	10.8	3.1	1076.2
3.2	9.8	157.8	10.8	4.1	1076.2
6.4	8.3	22.3	10.9	1.5	1076.2
0.1	12.8	153.7	10.9	5.2	1076.2
1.3	13.8	155.6	10.9	5.0	1076.2
0.7	12.1	66.0	11.0	2.5	1076.2
10.8	10.6	52.0	11.0	5.4	1076.2
4.5	3.6	36.8	11.0	1.7	1076.2
17.4	5.5	240.9	11.0	2.7	1076.2
15.6	7.5	87.5	11.1	2.6	1076.2
29.4	8.6	36.8	11.1	1.9	1076.2
22.7	9.9	66.0	11.1	2.4	1076.2
6.2	11.0	81.4	11.1	3.1	1076.2
21.0	8.6	28.5	11.2	2.2	1076.2
0.3	6.5	115.0	11.2	3.3	1076.2
0.0	7.8	403.2	11.2	4.0	1076.2
0.8	11.4	382.0	11.3	4.8	1076.2
36.4	12.2	37.0	11.3	4.1	1076.2
5.3	7.9	62.3	11.3	4.4	1076.2
0.0	3.3	191.4	11.3	3.1	1076.2
19.2	4.4	345.0	11.4	3.8	1076.2
9.6	1.9	57.8	11.4	1.7	1076.2
0.0	3.9	327.5	11.4	3.8	1076.2
0.0	7.4	462.4	11.5	4.9	1076.2
16.7	12.1	440.0	11.5	6.0	1076.2
32.2	6.2	48.4	11.5	3.2	1077.0
0.1	7.0	200.1	11.6	4.0	1077.0
8.7	11.9	340.8	11.6	5.4	1077.0
19.8	11.0	40.9	11.6	3.3	1077.0
28.1	9.3	44.2	11.6	2.3	1077.0
3.7	11.0	365.8	11.7	4.7	1077.0
0.8	8.3	269.9	11.7	6.3	1077.0
19.3	8.8	425.8	11.7	4.7	1077.0
21.8	10.4	182.6	11.8	4.6	1077.0
13.8	9.0	33.4	11.8	3.7	1077.0
0.2	2.5	251.2	11.8	3.3	1077.0
0.0	2.3	244.0	11.9	2.8	1077.0
12.9	9.5	346.3	11.9	5.3	1077.0
16.5	10.9	47.2	11.9	3.4	1077.0
1.3	9.3	114.7	12.0	4.1	1077.0
13.4	9.1	114.8	12.0	3.6	1077.0
24.5	11.2	51.2	12.0	4.9	1077.0
1.9	7.6	120.1	12.0	2.6	1077.0
4.3	6.1	55.8	12.1	2.2	1077.0
8.1	6.7	72.0	12.1	2.7	1077.0
0.7	7.7	171.8	12.1	4.8	1077.0
0.1	11.1	466.9	12.2	6.6	1077.0
0.1	14.9	506.0	12.2	8.0	1077.0
0.3	17.8	361.2	12.2	8.0	1077.0
0.0	16.5	279.0	12.3	7.8	1077.0
0.1	17.8	536.7	12.3	8.4	1077.0
0.0	19.3	360.9	12.3	8.7	1077.0
0.0	16.5	312.5	12.3	7.7	1077.0
0.0	19.8	528.6	12.4	9.0	1077.0
42.2	21.7	442.1	12.4	12.4	1077.0
3.3	9.0	106.3	12.4	4.0	1077.0
6.7	6.4	191.4	12.5	3.8	1077.6
0.1	9.6	455.9	12.5	5.6	1077.6
0.0	9.3	585.4	12.5	6.0	1077.6
0.0	10.5	586.2	12.6	7.8	1077.6
0.0	13.0	456.8	12.6	6.6	1077.6
0.0	15.0	386.7	12.6	7.3	1077.6
0.0	17.7	580.9	12.7	9.4	1077.6
0.0	21.3	517.4	12.7	10.1	1077.6
0.0	21.1	404.2	12.7	10.0	1077.6
0.0	21.8	585.7	12.7	11.0	1077.6
0.0	22.6	595.4	12.8	12.2	1077.6
0.0	23.6	602.0	12.8	12.7	1077.6
0.0	25.8	578.3	12.8	12.2	1077.6
0.0	28.1	577.1	12.9	11.3	1077.6
0.0	29.1	575.3	12.9	11.2	1077.6
1.2	30.0	550.5	12.9	12.3	1077.6
0.9	22.8	377.1	12.9	10.4	1077.6
0.0	17.2	349.9	13.0	6.5	1077.6
6.6	14.0	74.8	13.0	4.5	1077.6
4.3	13.5	127.1	13.0	4.1	1077.6
0.7	17.0	353.9	13.1	6.3	1077.6
0.0	18.4	272.4	13.1	7.3	1077.6
32.5	18.9	132.5	13.1	6.2	1077.6
15.5	21.1	120.4	13.1	8.3	1077.6
0.0	18.1	565.6	13.2	10.2	1077.6
0.0	16.1	645.2	13.2	8.7	1077.6
0.0	19.8	615.1	13.2	9.5	1077.6
0.0	18.2	288.1	13.2	9.8	1077.6
0.0	20.8	643.5	13.3	10.5	1077.6
13.4	23.1	506.4	13.3	10.7	1077.6
33.6	21.2	118.6	13.3	7.0	1078.8
1.4	25.5	271.6	13.4	8.1	1078.8
19.7	21.4	147.0	13.4	12.0	1078.8
3.6	14.9	216.7	13.4	6.5	1078.8
3.9	17.4	618.7	13.4	7.6	1078.8
41.5	18.4	77.7	13.5	8.5	1078.8
31.8	22.2	83.0	13.5	10.3	1078.8
40.4	14.1	55.2	13.5	6.4	1078.8
23.8	11.7	58.3	13.5	2.9	1078.8
0.2	14.2	270.6	13.5	7.5	1078.8
0.0	17.2	584.4	13.6	8.6	1078.8
0.0	17.4	597.7	13.6	8.8	1078.8
7.8	16.2	247.8	13.6	6.0	1078.8
8.7	16.8	31.8	13.6	6.1	1078.8
0.9	19.9	193.8	13.7	7.0	1078.8
1.0	18.9	85.0	13.7	4.8	1078.8
0.7	19.6	84.9	13.7	6.2	1078.8
1.1	21.9	257.9	13.7	8.3	1078.8
3.1	21.3	213.9	13.7	7.1	1078.8
0.3	22.0	500.2	13.8	10.6	1078.8
0.0	24.5	653.7	13.8	11.4	1078.8
0.0	26.1	644.2	13.8	12.1	1078.8
0.6	27.7	610.8	13.8	12.3	1078.8
0.0	26.7	468.7	13.8	12.9	1078.8
0.0	27.7	633.8	13.8	11.6	1078.8
0.0	28.2	491.3	13.9	10.7	1078.8
0.0	26.7	118.4	13.9	6.6	1078.8
18.9	27.3	363.4	13.9	11.3	1078.8
22.5	27.5	383.8	13.9	9.2	1078.8
17.1	26.8	191.2	13.9	7.3	1078.8
10.4	27.4	414.0	13.9	10.2	1078.8
1.4	27.3	611.4	13.9	12.5	1077.1
0.0	25.1	196.4	14.0	8.8	1077.1
1.7	24.6	372.8	14.0	7.9	1077.1
3.4	25.5	180.8	14.0	7.9	1077.1
8.2	25.5	130.1	14.0	6.5	1077.1
0.3	24.2	167.2	14.0	7.1	1077.1
0.0	26.1	646.9	14.0	10.1	1077.1
8.5	26.2	280.4	14.0	8.5	1077.1
0.4	24.6	245.6	14.0	9.2	1077.1
0.5	26.0	674.5	14.0	12.6	1077.1
0.6	25.8	666.9	14.0	13.2	1077.1
0.0	27.7	674.3	14.1	14.0	1077.1
0.0	28.7	636.8	14.1	12.2	1077.1
10.9	27.9	395.8	14.1	13.4	1077.1
31.8	23.6	27.6	14.1	6.2	1077.1
3.6	22.8	112.5	14.1	7.3	1077.1
1.5	22.9	122.0	14.1	5.6	1077.1
0.3	26.4	565.4	14.1	10.9	1077.1
0.3	26.0	420.2	14.1	10.8	1077.1
4.3	24.1	557.9	14.1	9.8	1077.1
58.3	19.5	53.7	14.1	6.6	1077.1
32.8	18.8	26.8	14.1	3.7	1077.1
6.8	20.0	32.0	14.1	4.1	1077.1
21.7	21.2	35.6	14.1	4.1	1077.1
0.8	22.8	190.6	14.1	6.3	1077.1
0.6	25.0	402.6	14.1	9.2	1077.1
0.1	28.3	599.3	14.1	12.2	1077.1
4.7	29.6	610.7	14.1	11.0	1077.1
0.7	28.4	158.1	14.1	9.3	1077.1
0.0	29.5	223.8	14.1	9.4	1077.1
23.2	29.4	248.7	14.1	10.2	1072.5
1.5	28.4	515.2	14.0	10.9	1072.5
0.1	27.1	485.9	14.0	9.9	1072.5
0.1	29.3	379.4	14.0	10.0	1072.5
34.8	29.2	351.2	14.0	9.4	1072.5
13.2	27.6	214.5	14.0	6.4	1072.5
21.0	28.4	306.2	14.0	9.5	1072.5
11.7	29.0	557.8	14.0	10.3	1072.5
12.7	29.0	586.2	14.0	9.7	1072.5
25.6	29.2	501.0	14.0	10.0	1072.5
6.1	29.8	557.8	14.0	10.4	1072.5
0.1	31.1	625.8	13.9	11.5	1072.5
1.3	31.7	643.6	13.9	12.4	1072.5
7.6	30.5	616.7	13.9	12.6	1072.5
0.0	30.1	647.4	13.9	11.6	1072.5
0.5	30.3	526.1	13.9	10.3	1072.5
13.7	29.9	525.5	13.9	11.7	1072.5
13.5	29.6	562.9	13.9	10.5	1072.5
14.2	29.9	546.5	13.8	10.7	1072.5
2.0	31.0	485.6	13.8	11.3	1072.5
3.7	31.3	572.1	13.8	12.1	1072.5
2.3	31.1	527.5	13.8	11.6	1072.5
0.1	32.0	577.7	13.8	11.4	1072.5
0.1	32.7	625.3	13.8	11.4	1072.5
2.1	32.5	634.9	13.7	12.7	1072.5
0.0	33.1	634.8	13.7	12.4	1072.5
0.0	32.7	639.0	13.7	12.7	1072.5
0.0	32.3	640.1	13.7	12.1	1072.5
0.0	32.5	632.6	13.7	11.6	1072.5
0.1	32.4	564.2	13.6	11.4	1072.5
0.2	31.9	553.1	13.6	11.6	1072.5
0.0	29.7	450.6	13.6	11.9	1072.7
0.0	29.1	648.1	13.6	12.4	1072.7
0.0	31.4	634.5	13.5	12.0	1072.7
0.0	31.5	626.3	13.5	12.3	1072.7
0.0	30.3	582.8	13.5	11.1	1072.7
0.0	30.3	589.5	13.5	11.4	1072.7
0.1	31.2	533.5	13.5	11.3	1072.7
0.0	31.9	606.7	13.4	11.6	1072.7
0.1	32.1	561.7	13.4	11.1	1072.7
18.0	29.2	466.5	13.4	11.8	1072.7
10.3	28.9	542.0	13.4	9.5	1072.7
13.9	29.0	553.9	13.3	9.3	1072.7
0.9	29.5	515.0	13.3	9.1	1072.7
1.2	29.8	425.3	13.3	8.9	1072.7
1.0	29.9	424.6	13.2	9.4	1072.7
6.9	29.1	464.7	13.2	10.2	1072.7
0.6	30.1	508.2	13.2	9.4	1072.7
1.2	30.9	491.0	13.2	10.0	1072.7
1.1	30.7	407.1	13.1	9.2	1072.7
0.7	30.4	481.6	13.1	9.5	1072.7
0.2	31.0	513.1	13.1	9.2	1072.7
0.1	30.6	278.3	13.1	7.9	1072.7
0.2	31.1	454.8	13.0	9.4	1072.7
0.9	31.3	496.7	13.0	10.0	1072.7
18.9	29.7	459.3	13.0	10.0	1072.7
12.6	29.3	419.8	13.0	9.7	1072.7
23.9	29.0	508.0	12.9	7.9	1072.7
0.1	29.4	543.1	12.9	9.1	1072.7
0.3	30.4	519.1	12.9	9.0	1072.7
16.8	29.6	367.2	12.8	9.6	1072.7
34.1	28.2	301.7	12.8	7.7	1072.7
8.9	27.6	222.9	12.8	8.1	1076.8
0.2	28.6	388.5	12.8	9.1	1076.8
0.1	29.5	533.2	12.7	10.0	1076.8
0.1	30.2	531.0	12.7	10.3	1076.8
0.0	30.5	550.7	12.7	11.4	1076.8
0.0	30.3	549.9	12.6	11.0	1076.8
0.0	29.3	550.7	12.6	11.3	1076.8
0.0	30.4	553.9	12.6	10.8	1076.8
0.1	32.9	490.7	12.5	10.7	1076.8
13.6	30.0	393.8	12.5	8.9	1076.8
14.1	28.8	358.2	12.5	8.5	1076.8
8.9	28.5	447.8	12.5	9.4	1076.8
7.6	28.1	431.1	12.4	8.5	1076.8
0.1	28.8	495.6	12.4	8.9	1076.8
0.0	29.9	512.5	12.4	9.7	1076.8
0.0	30.9	507.2	12.3	9.9	1076.8
0.0	31.0	495.6	12.3	10.1	1076.8
0.0	31.2	502.7	12.3	10.2	1076.8
0.0	31.7	495.4	12.2	9.4	1076.8
0.2	31.0	429.5	12.2	9.5	1076.8
0.8	29.9	259.7	12.2	7.6	1076.8
0.1	29.9	88.1	12.2	6.9	1076.8
0.0	31.0	427.1	12.1	10.2	1076.8
0.1	29.5	310.2	12.1	9.5	1076.8
0.0	28.6	485.3	12.1	9.5	1076.8
0.2	27.1	293.2	12.0	8.7	1076.8
0.0	25.2	435.0	12.0	6.8	1076.8
0.0	23.4	109.7	12.0	5.0	1076.8
8.0	19.6	80.6	11.9	6.9	1076.8
2.5	16.6	70.0	11.9	2.8	1076.8
0.5	21.0	249.6	11.9	6.9	1078.2
0.2	24.7	460.0	11.9	7.8	1078.2
0.0	25.8	462.1	11.8	8.6	1078.2
0.0	28.0	425.9	11.8	8.9	1078.2
0.0	28.3	309.6	11.8	8.4	1078.2
0.0	28.8	450.1	11.7	9.0	1078.2
0.0	27.6	418.8	11.7	8.9	1078.2
0.0	27.3	444.4	11.7	8.5	1078.2
0.0	29.7	433.9	11.6	9.2	1078.2
21.0	27.0	370.5	11.6	9.3	1078.2
1.7	23.2	44.1	11.6	5.5	1078.2
0.0	20.8	436.6	11.6	6.8	1078.2
0.0	20.3	451.7	11.5	6.8	1078.2
0.0	21.3	444.1	11.5	7.2	1078.2
0.0	22.0	359.6	11.5	6.5	1078.2
0.0	22.4	395.9	11.4	7.4	1078.2
0.0	23.5	428.6	11.4	7.5	1078.2
0.0	25.2	416.5	11.4	7.7	1078.2
0.4	24.6	232.5	11.4	6.3	1078.2
0.0	21.8	365.5	11.3	7.6	1078.2
0.0	19.1	429.1	11.3	6.3	1078.2
0.0	21.6	413.9	11.3	7.2	1078.2
0.0	23.7	402.8	11.2	7.2	1078.2
0.0	22.8	358.1	11.2	6.7	1078.2
0.0	22.0	374.8	11.2	7.6	1078.2
0.0	21.4	400.5	11.2	7.4	1078.2
0.0	22.4	405.2	11.1	7.2	1078.2
0.0	24.8	383.9	11.1	7.5	1078.2
0.1	25.0	227.1	11.1	6.9	1078.2
0.0	20.7	150.4	11.0	4.3	1078.2
0.0	20.9	371.8	11.0	6.1	1078.2
0.0	21.0	279.0	11.0	6.6	1079.9
0.0	22.4	376.7	11.0	7.3	1079.9
0.0	21.8	376.1	10.9	6.8	1079.9
0.0	23.0	371.4	10.9	7.2	1079.9
0.0	22.5	275.3	10.9	5.5	1079.9
0.0	21.5	199.0	10.9	5.6	1079.9
0.0	19.6	353.0	10.8	6.0	1079.9
0.0	19.3	343.3	10.8	5.4	1079.9
0.0	17.3	257.5	10.8	6.0	1079.9
0.0	17.1	368.4	10.8	6.4	1079.9
0.0	18.2	366.6	10.7	6.3	1079.9
0.0	16.9	257.1	10.7	5.5	1079.9
0.0	13.9	360.6	10.7	5.0	1079.9
0.0	13.9	365.4	10.7	5.5	1079.9
0.0	14.9	355.2	10.6	5.6	1079.9
0.0	16.9	335.9	10.6	5.7	1079.9
0.0	17.4	209.6	10.6	5.3	1079.9
0.0	15.8	328.5	10.6	4.9	1079.9
0.0	10.4	353.2	10.6	4.1	1079.9
0.0	10.3	352.5	10.5	4.5	1079.9
0.0	14.5	309.8	10.5	5.3	1079.9
0.0	18.7	234.0	10.5	5.8	1079.9
0.0	16.5	91.0	10.5	5.4	1079.9
0.0	12.8	331.7	10.5	5.3	1079.9
0.0	10.9	330.8	10.4	4.3	1079.9
0.0	12.7	326.4	10.4	5.3	1079.9
0.0	14.4	326.1	10.4	6.1	1079.9
0.0	6.6	333.7	10.4	3.1	1079.9
0.0	10.3	319.2	10.4	4.4	1079.9
0.3	14.4	310.6	10.4	4.9	1079.9
0.0	13.9	201.6	10.3	4.2	1083.1
0.0	15.1	300.8	10.3	4.8	1083.1
0.0	16.8	176.6	10.3	4.6	1083.1
0.0	11.8	320.3	10.3	4.4	1083.1
0.0	13.9	317.6	10.3	5.0	1083.1
0.0	16.8	174.1	10.3	5.1	1083.1
0.1	15.3	139.6	10.3	4.8	1083.1
0.0	14.4	303.6	10.3	4.9	1083.1
0.0	8.9	306.7	10.2	4.4	1083.1
0.0	6.6	314.4	10.2	3.2	1083.1
0.0	8.6	283.0	10.2	4.2	1083.1
0.0	10.8	308.9	10.2	4.8	1083.1
0.0	11.8	280.8	10.2	4.3	1083.1
0.0	12.5	95.6	10.2	3.7	1083.1
0.0	9.5	316.2	10.2	4.0	1083.1
0.0	9.6	315.5	10.2	4.1	1083.1
0.0	9.1	313.3	10.2	3.9	1083.1
0.0	11.9	309.9	10.2	5.2	1083.1
0.0	12.8	310.8	10.2	5.4	1083.1
0.0	12.0	307.7	10.2	5.0	1083.1
0.0	13.5	309.9	10.2	5.7	1083.1
0.0	15.4	305.0	10.2	6.1	1083.1
0.0	14.0	205.8	10.2	5.3	1083.1
0.0	14.8	303.6	10.2	5.2	1083.1
0.0	16.0	304.7	10.2	5.9	1083.1
0.8	18.6	90.2	10.2	5.0	1083.1
0.3	22.3	134.6	10.2	4.9	1083.1
5.8	23.3	180.3	10.2	6.1	1083.1
4.9	8.4	24.4	10.2	4.8	1083.1
0.0	4.6	313.2	10.2	2.7	1083.1
0.0	4.7	306.5	10.2	2.9	1083.1
0.0	5.2	306.4	10.2	3.3	1087.7
0.0	7.4	296.2	10.2	3.7	1087.7
0.0	6.3	45.0	10.2	1.9	1087.7
0.0	4.6	165.2	10.2	2.7	1087.7
0.0	3.1	260.8	10.3	2.2	1087.7
1.1	6.0	122.8	10.3	2.5	1087.7
1.7	4.1	20.4	10.3	2.1	1087.7
0.0	6.4	295.7	10.3	2.9	1087.7
0.5	5.9	51.2	10.3	1.6	1087.7
11.6	5.5	106.4	10.3	2.0	1087.7
0.5	6.0	163.6	10.3	2.9	1087.7
0.2	9.3	193.2	10.3	3.7	1087.7
0.4	13.6	86.3	10.4	3.4	1087.7
0.3	16.3	56.2	10.4	3.1	1087.7
15.0	15.4	271.0	10.4	6.5	1087.7
7.7	3.3	82.9	10.4	2.5	1087.7
0.0	0.9	200.1	10.4	2.1	1087.7
0.0	2.1	338.8	10.4	2.4	1087.7
0.0	0.1	334.6	10.5	2.3	1087.7
0.0	2.6	337.8	10.5	2.8	1087.7
0.0	2.0	325.9	10.5	2.5	1087.7
0.0	2.2	343.4	10.5	2.8	1087.7
0.0	3.1	352.3	10.5	3.1	1087.7
0.0	6.6	315.8	10.6	4.0	1087.7
0.0	6.3	352.6	10.6	4.1	1087.7
0.0	8.4	140.8	10.6	3.7	1087.7
0.0	9.6	329.4	10.6	5.2	1087.7
0.0	8.4	361.4	10.6	5.2	1087.7
0.0	7.3	374.5	10.7	4.2	1087.7
0.0	5.6	374.6	10.7	4.1	1087.7
0.0	5.5	381.1	10.7	4.3	1087.7
0.0	8.5	285.3	10.7	4.9	1089.9
0.0	9.3	374.0	10.8	5.2	1089.9
0.0	10.6	379.0	10.8	4.5	1089.9
0.0	5.8	395.9	10.8	4.2	1089.9
0.0	4.9	402.2	10.8	4.2	1089.9
0.0	9.6	400.9	10.9	6.1	1089.9
0.0	14.8	391.4	10.9	7.5	1089.9
0.0	14.5	393.9	10.9	6.9	1089.9
0.0	16.6	396.5	10.9	7.6	1089.9
0.0	17.9	190.2	11.0	6.6	1089.9
12.5	4.4	73.9	11.0	4.6	1089.9
0.0	3.6	254.2	11.0	3.8	1089.9
0.0	4.4	421.5	11.1	3.9	1089.9
0.2	8.5	189.4	11.1	4.1	1089.9
5.6	5.6	46.6	11.1	2.5	1089.9
0.0	11.4	421.2	11.1	5.9	1089.9
0.0	11.7	408.9	11.2	6.0	1089.9
0.0	13.7	409.5	11.2	6.5	1089.9
2.7	17.1	366.6	11.2	7.4	1089.9
21.1	15.0	49.8	11.3	3.5	1089.9
14.8	18.5	102.4	11.3	4.5	1089.9
19.8	11.7	134.7	11.3	4.7	1089.9
15.3	8.9	47.7	11.3	2.9	1089.9
0.0	12.3	443.5	11.4	5.3	1089.9
0.1	14.7	439.3	11.4	6.6	1089.9
0.0	16.7	423.1	11.4	7.5	1089.9
0.0	11.0	339.7	11.5	4.2	1089.9
1.4	11.6	112.4	11.5	3.6	1089.9
13.5	14.9	123.8	11.5	4.8	1089.9
0.5	16.0	180.9	11.5	5.6	1090.7
21.1	15.4	273.9	11.6	8.1	1090.7
0.2	7.2	148.8	11.6	3.5	1090.7
0.0	12.1	415.7	11.6	6.1	1090.7
0.0	16.0	478.4	11.7	7.8	1090.7
0.0	20.8	471.3	11.7	8.7	1090.7
0.0	24.4	465.8	11.7	7.6	1090.7
0.1	25.5	313.4	11.8	9.1	1090.7
6.9	26.2	460.6	11.8	10.8	1090.7
18.5	21.2	249.3	11.8	8.7	1090.7
2.4	14.4	160.2	11.9	5.4	1090.7
0.4	17.9	422.8	11.9	6.5	1090.7
0.0	24.3	481.7	11.9	8.8	1090.7
1.7	14.2	84.0	11.9	9.4	1090.7
1.9	12.3	385.9	12.0	6.0	1090.7
12.7	7.5	71.9	12.0	2.6	1090.7
5.6	12.7	294.6	12.0	5.6	1090.7
13.8	14.3	77.6	12.1	4.2	1090.7
1.4	18.9	137.9	12.1	6.6	1090.7
0.3	20.5	383.2	12.1	6.4	1090.7
0.0	22.1	400.0	12.2	8.0	1090.7
1.3	22.8	477.5	12.2	9.7	1090.7
3.0	14.4	55.4	12.2	6.1	1090.7
19.1	10.3	25.9	12.2	3.1	1090.7
6.1	7.5	27.3	12.3	3.5	1090.7
0.3	7.1	207.4	12.3	4.6	1090.7
0.1	12.1	535.2	12.3	7.8	1090.7
6.3	18.4	377.3	12.4	8.8	1090.7
8.3	17.9	133.0	12.4	5.1	1090.7
7.5	22.1	468.9	12.4	8.2	1090.7
0.0	23.2	458.7	12.5	8.4	1090.7
1.5	24.9	392.7	12.5	8.5	1091.3
0.8	20.8	90.9	12.5	6.4	1091.3
0.0	20.3	360.3	12.6	8.5	1091.3
0.6	17.2	239.4	12.6	5.0	1091.3
0.0	18.7	479.3	12.6	8.6	1091.3
33.9	18.9	183.0	12.6	7.0	1091.3
3.1	16.8	90.4	12.7	4.7	1091.3
2.1	18.1	379.9	12.7	7.5	1091.3
1.9	18.6	519.7	12.7	9.9	1091.3
0.0	20.9	580.1	12.8	10.0	1091.3
0.0	21.0	366.7	12.8	9.6	1091.3
0.0	22.2	591.6	12.8	10.2	1091.3
14.3	22.8	379.4	12.8	7.9	1091.3
20.4	21.7	102.7	12.9	5.2	1091.3
14.0	21.2	142.7	12.9	7.2	1091.3
0.1	22.1	468.5	12.9	8.0	1091.3
24.2	22.1	75.5	13.0	5.0	1091.3
10.7	19.4	183.8	13.0	9.1	1091.3
0.0	15.2	318.6	13.0	8.0	1091.3
0.0	17.5	625.1	13.0	9.4	1091.3
0.0	13.9	631.7	13.1	8.0	1091.3
0.0	18.7	635.3	13.1	10.2	1091.3
14.7	23.4	479.2	13.1	11.7	1091.3
21.1	19.5	51.8	13.2	4.3	1091.3
11.7	19.1	141.4	13.2	11.3	1091.3
0.0	19.0	635.0	13.2	9.4	1091.3
0.0	20.3	549.0	13.2	10.9	1091.3
0.9	19.0	637.2	13.3	8.5	1091.3
0.0	21.9	635.0	13.3	11.5	1091.3
0.0	21.4	547.6	13.3	9.5	1091.3
1.7	26.0	606.5	13.3	11.4	1092.4
1.0	25.9	617.7	13.4	12.1	1092.4
0.0	27.4	624.0	13.4	12.0	1092.4
0.0	28.9	625.3	13.4	12.8	1092.4
0.0	29.8	518.9	13.4	11.7	1092.4
0.0	29.5	348.0	13.5	8.7	1092.4
0.0	30.3	520.1	13.5	10.6	1092.4
2.1	27.9	383.4	13.5	10.7	1092.4
16.7	26.2	533.1	13.5	12.0	1092.4
0.0	21.1	607.1	13.6	10.1	1092.4
0.0	21.5	650.3	13.6	10.0	1092.4
0.0	24.0	499.0	13.6	10.0	1092.4
0.2	24.2	114.8	13.6	8.7	1092.4
25.0	26.2	394.6	13.7	10.7	1092.4
0.0	24.7	625.4	13.7	9.9	1092.4
0.0	26.2	532.1	13.7	10.8	1092.4
0.5	27.2	502.3	13.7	10.6	1092.4
0.0	25.5	646.2	13.7	12.1	1092.4
0.0	24.3	642.9	13.8	12.1	1092.4
0.0	25.3	635.9	13.8	9.9	1092.4
16.7	22.8	121.7	13.8	8.5	1092.4
0.7	22.5	69.3	13.8	5.0	1092.4
0.4	23.9	359.8	13.8	9.3	1092.4
0.0	24.6	595.8	13.8	11.2	1092.4
0.0	25.6	657.6	13.9	11.3	1092.4
0.0	27.0	647.3	13.9	11.3	1092.4
0.0	27.9	455.5	13.9	9.8	1092.4
1.3	29.2	212.3	13.9	9.6	1092.4
0.0	27.0	526.9	13.9	13.9	1092.4
0.0	25.0	667.6	13.9	10.7	1092.4
0.0	26.5	375.0	13.9	10.4	1092.4
0.0	28.7	339.7	14.0	10.3	1090.7
0.0	29.8	658.0	14.0	13.1	1090.7
0.0	31.6	616.3	14.0	11.8	1090.7
66.8	26.2	181.2	14.0	11.3	1090.7
1.9	24.7	148.8	14.0	6.8	1090.7
0.2	28.1	558.8	14.0	10.6	1090.7
0.0	29.4	542.3	14.0	11.3	1090.7
13.4	28.2	486.8	14.0	10.8	1090.7
8.0	28.7	394.2	14.0	8.7	1090.7
35.7	27.2	228.6	14.0	8.4	1090.7
26.1	24.7	57.2	14.1	6.0	1090.7
14.2	22.4	27.1	14.1	5.7	1090.7
1.9	21.4	75.1	14.1	5.3	1090.7
0.0	24.6	659.3	14.1	11.7	1090.7
0.0	25.8	543.8	14.1	12.1	1090.7
0.0	28.0	644.0	14.1	10.5	1090.7
23.8	27.8	358.9	14.1	10.6	1090.7
9.6	28.5	413.7	14.1	8.5	1090.7
15.3	28.6	373.0	14.1	8.8	1090.7
39.3	28.0	355.0	14.1	8.6	1090.7
14.5	27.3	190.9	14.1	9.0	1090.7
0.0	29.5	612.8	14.1	11.7	1090.7
0.7	31.0	640.3	14.1	11.8	1090.7
5.1	30.2	541.6	14.1	10.8	1090.7
17.1	29.3	370.8	14.1	11.2	1090.7
23.9	26.8	83.1	14.1	5.3	1090.7
0.1	26.9	299.6	14.1	8.4	1090.7
0.0	28.1	456.4	14.1	10.0	1090.7
0.6	30.6	610.8	14.1	10.4	1090.7
1.0	29.7	332.8	14.1	8.6	1090.7
2.4	28.8	241.7	14.0	9.2	1086.1
2.4	29.5	500.4	14.0	10.5	1086.1
15.4	29.2	458.0	14.0	9.8	1086.1
17.6	28.7	294.6	14.0	8.9	1086.1
39.3	27.8	328.5	14.0	8.1	1086.1
2.5	28.7	444.7	14.0	10.5	1086.1
0.9	29.9	614.0	14.0	11.0	1086.1
13.8	28.4	287.4	14.0	8.9	1086.1
15.3	27.6	155.8	14.0	6.9	1086.1
12.8	28.1	275.1	14.0	9.0	1086.1
7.7	28.7	628.6	13.9	11.0	1086.1
0.2	28.9	580.0	13.9	10.4	1086.1
7.8	28.0	475.0	13.9	8.9	1086.1
1.8	28.4	363.6	13.9	9.2	1086.1
0.7	29.5	466.0	13.9	10.0	1086.1
23.9	28.6	440.9	13.9	9.9	1086.1
5.1	28.4	361.9	13.9	9.5	1086.1
0.0	29.6	522.7	13.8	10.4	1086.1
0.5	29.7	611.3	13.8	11.5	1086.1
0.0	30.4	629.8	13.8	10.9	1086.1
0.3	31.2	621.1	13.8	10.4	1086.1
0.2	30.8	484.1	13.8	10.6	1086.1
0.6	30.1	461.3	13.8	9.8	1086.1
0.2	30.3	557.8	13.7	10.5	1086.1
2.1	30.6	443.1	13.7	9.3	1086.1
13.6	29.1	558.4	13.7	9.6	1086.1
7.7	30.0	619.3	13.7	10.9	1086.1
2.2	30.9	615.2	13.7	11.6	1086.1
11.2	29.7	554.4	13.6	11.0	1086.1
8.3	29.5	567.7	13.6	10.8	1086.1
6.5	29.7	595.6	13.6	11.0	1086.1
5.5	29.3	549.7	13.6	10.5	1086.3
19.2	28.4	496.9	13.5	10.3	1086.3
21.6	27.8	400.6	13.5	8.2	1086.3
0.6	27.6	245.0	13.5	8.2	1086.3
0.2	27.5	320.3	13.5	8.4	1086.3
0.2	28.1	497.5	13.5	9.2	1086.3
0.4	29.1	504.1	13.4	9.5	1086.3
0.6	29.6	524.6	13.4	9.9	1086.3
0.5	30.0	515.5	13.4	10.0	1086.3
0.4	30.3	476.8	13.4	10.2	1086.3
0.9	30.3	446.2	13.3	10.1	1086.3
0.7	30.9	530.7	13.3	9.6	1086.3
1.6	30.1	326.0	13.3	8.7	1086.3
2.4	29.1	214.9	13.3	7.5	1086.3
1.1	28.6	251.6	13.2	7.7	1086.3
1.4	28.6	367.8	13.2	8.6	1086.3
0.0	27.1	126.2	13.2	6.0	1086.3
0.0	29.4	585.4	13.2	10.6	1086.3
0.0	30.9	597.5	13.1	12.6	1086.3
0.0	31.8	601.0	13.1	13.0	1086.3
0.0	33.1	593.1	13.1	12.2	1086.3
0.0	33.1	580.4	13.0	11.3	1086.3
13.4	31.1	562.9	13.0	12.6	1086.3
24.5	29.4	439.4	13.0	8.8	1086.3
4.6	28.5	133.8	13.0	6.9	1086.3
21.9	28.6	349.0	12.9	8.2	1086.3
22.9	27.8	269.4	12.9	7.7	1086.3
2.7	27.7	259.1	12.9	6.4	1086.3
6.1	28.0	436.6	12.8	8.4	1086.3
23.5	27.9	471.1	12.8	8.6	1086.3
2.3	28.7	482.5	12.8	9.3	1086.3
2.5	29.1	531.7	12.8	9.5	1090.4
6.1	29.1	449.9	12.7	9.6	1090.4
13.4	28.9	414.7	12.7	8.0	1090.4
18.3	29.0	441.8	12.7	8.7	1090.4
17.8	28.7	398.5	12.6	7.8	1090.4
1.4	27.9	246.6	12.6	6.0	1090.4
0.7	28.5	382.0	12.6	7.5	1090.4
0.9	28.7	342.0	12.6	7.7	1090.4
22.4	27.5	276.2	12.5	7.5	1090.4
0.0	28.5	460.4	12.5	8.9	1090.4
0.5	28.6	434.6	12.5	8.5	1090.4
0.0	29.6	457.4	12.4	9.0	1090.4
0.0	30.1	517.5	12.4	9.5	1090.4
0.0	31.1	512.0	12.4	9.7	1090.4
0.0	31.9	474.8	12.3	9.8	1090.4
5.5	31.4	419.0	12.3	10.1	1090.4
33.6	26.2	361.5	12.3	7.1	1090.4
0.0	25.5	291.2	12.3	7.5	1090.4
0.0	26.1	462.3	12.2	8.4	1090.4
0.1	27.1	486.3	12.2	9.1	1090.4
0.0	27.8	489.6	12.2	9.0	1090.4
0.4	29.6	197.5	12.1	8.4	1090.4
1.2	30.6	248.1	12.1	8.2	1090.4
2.6	22.7	165.5	12.1	10.0	1090.4
0.0	20.4	487.5	12.0	6.4	1090.4
0.0	24.8	489.2	12.0	8.7	1090.4
2.2	26.0	195.8	12.0	8.0	1090.4
0.7	25.3	93.0	12.0	6.4	1090.4
0.0	24.0	205.4	11.9	6.5	1090.4
0.0	23.2	475.1	11.9	8.2	1090.4
0.0	22.3	490.4	11.9	8.3	1091.8
0.0	22.6	489.0	11.8	8.9	1091.8
0.0	23.4	439.9	11.8	9.4	1091.8
0.0	24.4	482.0	11.8	9.6	1091.8
0.0	25.2	466.6	11.7	9.3	1091.8
0.0	25.8	449.5	11.7	8.8	1091.8
0.0	26.6	455.8	11.7	9.3	1091.8
0.0	26.5	436.4	11.7	8.9	1091.8
0.0	26.1	444.7	11.6	8.9	1091.8
0.0	26.1	438.8	11.6	8.3	1091.8
0.0	27.2	425.3	11.6	8.2	1091.8
0.0	26.2	234.4	11.5	8.1	1091.8
0.0	26.1	441.5	11.5	8.1	1091.8
0.0	28.4	416.0	11.5	8.5	1091.8
0.0	27.3	382.0	11.4	8.7	1091.8
0.0	24.2	323.4	11.4	7.0	1091.8
0.0	22.1	334.7	11.4	6.7	1091.8
0.0	21.1	335.4	11.4	6.1	1091.8
0.0	22.2	390.0	11.3	6.6	1091.8
0.0	22.8	403.7	11.3	7.2	1091.8
0.0	24.8	390.0	11.3	7.7	1091.8
0.0	26.0	326.0	11.2	7.8	1091.8
0.0	25.1	399.3	11.2	7.8	1091.8
0.0	27.1	394.1	11.2	8.0	1091.8
0.0	27.4	387.9	11.2	7.8	1091.8
0.0	26.8	366.3	11.1	9.5	1091.8
5.2	19.2	128.4	11.1	4.0	1091.8
0.9	19.3	35.5	11.1	3.5	1091.8
1.1	16.7	33.1	11.0	3.4	1091.8
0.0	16.2	368.1	11.0	5.7	1091.8
0.0	14.6	322.5	11.0	4.1	1091.8
0.0	16.8	324.5	11.0	5.2	1093.5
0.0	15.4	186.3	10.9	5.5	1093.5
0.0	17.7	390.9	10.9	6.7	1093.5
0.0	20.6	371.6	10.9	7.7	1093.5
0.0	21.3	366.0	10.9	7.3	1093.5
0.0	21.5	364.0	10.8	7.4	1093.5
0.0	22.8	270.3	10.8	6.8	1093.5
0.0	23.8	292.6	10.8	6.5	1093.5
0.2	15.6	241.0	10.8	5.1	1093.5
0.0	16.3	368.5	10.7	5.6	1093.5
0.0	14.1	318.8	10.7	4.9	1093.5
0.0	16.9	357.5	10.7	6.1	1093.5
0.0	18.2	351.4	10.7	6.5	1093.5
0.0	18.0	345.8	10.6	6.3	1093.5
0.0	20.2	344.7	10.6	6.5	1093.5
0.0	21.8	301.4	10.6	6.2	1093.5
0.0	22.9	330.0	10.6	6.5	1093.5
0.0	24.8	317.1	10.6	6.4	1093.5
22.4	19.6	59.2	10.5	5.2	1093.5
14.7	17.0	176.7	10.5	3.4	1093.5
19.8	9.9	23.0	10.5	4.4	1093.5
0.0	4.7	345.7	10.5	2.9	1093.5
0.0	7.2	340.9	10.5	3.6	1093.5
0.8	13.3	157.8	10.4	4.2	1093.5
2.7	13.2	98.7	10.4	3.9	1093.5
2.0	12.2	304.8	10.4	3.2	1093.5
0.3	8.7	82.6	10.4	2.9	1093.5
0.0	10.5	207.9	10.4	3.0	1093.5
0.5	11.0	231.0	10.4	3.6	1093.5
0.1	14.6	239.2	10.3	4.4	1093.5
1.4	16.9	72.2	10.3	3.2	1096.7
1.1	19.1	160.4	10.3	4.1	1096.7
0.0	20.1	275.2	10.3	4.8	1096.7
5.0	19.4	215.7	10.3	5.0	1096.7
0.5	16.1	168.1	10.3	2.9	1096.7
0.9	19.6	233.5	10.3	4.6	1096.7
2.1	21.5	275.9	10.3	5.0	1096.7
0.4	22.0	237.8	10.2	4.7	1096.7
4.9	22.1	107.3	10.2	3.5	1096.7
35.7	13.4	23.6	10.2	5.2	1096.7
0.0	9.1	246.4	10.2	3.1	1096.7
0.1	9.7	188.6	10.2	3.1	1096.7
0.6	9.6	151.2	10.2	3.0	1096.7
0.1	12.7	253.6	10.2	4.1	1096.7
5.7	16.9	217.1	10.2	4.4	1096.7
16.3	16.7	30.2	10.2	2.3	1096.7
19.6	19.5	38.3	10.2	2.7	1096.7
0.8	15.7	94.3	10.2	2.9	1096.7
0.9	17.6	111.1	10.2	3.3	1096.7
1.0	19.1	58.3	10.2	2.5	1096.7
3.5	21.4	229.0	10.2	4.3	1096.7
3.6	6.2	21.0	10.2	5.4	1096.7
0.0	2.2	226.4	10.2	1.7	1096.7
0.0	2.4	272.1	10.2	2.3	1096.7
0.0	5.5	169.8	10.2	2.7	1096.7
2.0	7.5	85.8	10.2	2.0	1096.7
1.5	11.6	107.1	10.2	3.1	1096.7
10.2	16.0	32.9	10.2	2.7	1096.7
0.1	18.3	102.0	10.2	3.3	1096.7
2.7	18.3	75.1	10.2	3.7	1096.7
0.6	18.3	151.6	10.2	3.8	1096.7
0.1	19.2	119.3	10.2	3.9	1101.3
5.4	16.4	206.8	10.2	6.2	1101.3
2.2	1.7	34.4	10.2	2.0	1101.3
0.0	0.2	311.5	10.3	2.0	1101.3
0.0	2.8	289.1	10.3	2.8	1101.3
0.1	9.9	305.6	10.3	4.4	1101.3
2.0	9.2	91.4	10.3	3.4	1101.3
8.7	3.7	46.0	10.3	2.2	1101.3
0.1	0.5	189.6	10.3	2.5	1101.3
0.0	0.5	332.3	10.3	2.6	1101.3
0.0	3.3	295.4	10.3	3.5	1101.3
0.1	8.8	280.2	10.4	4.5	1101.3
0.8	10.1	156.1	10.4	4.0	1101.3
0.2	9.3	215.8	10.4	3.8	1101.3
0.5	12.1	316.9	10.4	4.4	1101.3
0.4	11.1	259.5	10.4	4.1	1101.3
0.4	9.8	154.7	10.4	2.7	1101.3
0.1	9.3	258.0	10.5	3.4	1101.3
0.2	11.0	326.8	10.5	4.2	1101.3
0.1	8.2	331.0	10.5	4.0	1101.3
0.0	9.4	331.1	10.5	4.6	1101.3
0.0	13.4	255.7	10.5	5.1	1101.3
6.2	14.2	89.1	10.6	3.4	1101.3
0.3	14.4	115.5	10.6	3.8	1101.3
16.3	12.7	163.8	10.6	5.4	1101.3
0.0	5.4	346.6	10.6	3.3	1101.3
0.0	8.5	359.3	10.6	4.2	1101.3
0.2	9.3	330.8	10.7	4.3	1101.3
0.0	6.7	348.1	10.7	3.6	1101.3
1.9	11.2	342.3	10.7	5.3	1101.3
4.5	6.2	36.0	10.7	1.8	1101.3
31.6	7.0	22.4	10.8	2.1	1103.5
3.5	7.1	37.7	10.8	2.8	1103.5
0.1	0.4	262.1	10.8	3.0	1103.5
0.0	-1.2	399.8	10.8	2.3	1103.5
0.0	4.4	388.5	10.9	3.7	1103.5
3.9	5.3	74.4	10.9	1.9	1103.5
0.0	9.0	353.5	10.9	3.8	1103.5
0.0	8.8	401.9	10.9	4.8	1103.5
0.0	12.6	392.8	11.0	5.7	1103.5
12.9	17.0	275.7	11.0	6.2	1103.5
0.9	12.6	107.6	11.0	4.6	1103.5
0.0	12.2	272.5	11.0	4.6	1103.5
0.1	12.7	353.6	11.1	4.7	1103.5
0.0	12.6	405.6	11.1	5.0	1103.5
0.2	19.5	213.4	11.1	6.5	1103.5
0.9	24.2	336.6	11.2	6.0	1103.5
4.1	13.9	59.2	11.2	7.1	1103.5
0.0	7.8	82.2	11.2	3.3	1103.5
0.0	12.5	434.1	11.2	5.8	1103.5
0.0	14.0	434.7	11.3	6.4	1103.5
0.0	18.0	436.7	11.3	8.1	1103.5
6.0	13.8	408.1	11.3	9.9	1103.5
0.1	4.7	392.0	11.4	3.8	1103.5
0.0	8.6	447.3	11.4	5.1	1103.5
0.0	13.8	423.3	11.4	7.2	1103.5
0.0	13.8	423.3	11.4	6.9	1103.5
0.2	15.6	437.7	11.5	7.1	1103.5
6.2	8.4	76.3	11.5	6.7	1103.5
0.0	7.1	463.6	11.5	4.8	1104.3
0.0	6.1	330.1	11.6	4.2	1104.3
0.0	9.5	481.1	11.6	5.7	1104.3
0.0	11.1	478.2	11.6	6.6	1104.3
0.0	11.9	475.4	11.7	6.9	1104.3
0.0	13.4	487.9	11.7	7.5	1104.3
0.0	14.7	500.4	11.7	7.8	1104.3
0.3	12.8	298.8	11.8	7.3	1104.3
0.0	11.7	503.0	11.8	6.6	1104.3
0.0	16.2	481.8	11.8	8.3	1104.3
0.0	19.6	432.8	11.8	8.7	1104.3
0.1	23.4	447.3	11.9	10.1	1104.3
1.3	17.5	152.1	11.9	6.1	1104.3
27.3	15.6	194.3	11.9	7.8	1104.3
25.7	8.2	28.4	12.0	3.6	1104.3
0.1	8.7	384.7	12.0	4.8	1104.3
0.0	11.7	526.2	12.0	6.1	1104.3
0.0	13.4	528.2	12.1	7.3	1104.3
0.0	16.0	519.3	12.1	7.8	1104.3
0.0	18.1	400.6	12.1	7.9	1104.3
0.0	16.6	542.4	12.2	7.9	1104.3
7.3	19.8	467.1	12.2	9.9	1104.3
3.9	12.0	63.9	12.2	4.0	1104.3
0.0	14.5	412.4	12.2	6.0	1104.3
2.6	16.1	511.5	12.3	6.5	1104.3
32.6	16.4	49.1	12.3	5.3	1104.3
26.1	19.9	95.0	12.3	5.8	1104.3
1.8	21.3	87.7	12.4	5.8	1104.3
8.2	24.2	371.1	12.4	7.5	1104.3
20.6	21.3	51.9	12.4	7.7	1104.3
1.5	15.5	52.6	12.5	5.4	1104.3
0.0	15.8	451.0	12.5	6.1	1104.9
0.0	14.9	475.8	12.5	7.1	1104.9
0.0	17.0	566.4	12.5	8.7	1104.9
0.0	19.6	566.5	12.6	9.9	1104.9
17.8	21.4	530.9	12.6	9.6	1104.9
2.6	17.4	70.4	12.6	6.2	1104.9
0.0	16.3	532.2	12.7	8.2	1104.9
0.0	18.6	569.7	12.7	8.5	1104.9
0.8	20.8	315.7	12.7	9.4	1104.9
0.9	23.4	246.8	12.8	9.4	1104.9
14.6	25.8	391.3	12.8	9.0	1104.9
11.3	24.4	305.1	12.8	8.6	1104.9
10.3	24.8	195.5	12.8	6.8	1104.9
0.0	26.5	300.8	12.9	8.4	1104.9
1.0	28.2	554.3	12.9	8.6	1104.9
23.3	26.4	473.1	12.9	11.3	1104.9
0.0	20.0	512.4	13.0	8.4	1104.9
0.0	23.2	575.4	13.0	9.6	1104.9
6.1	25.8	470.8	13.0	10.6	1104.9
11.0	27.0	419.9	13.0	9.2	1104.9
5.9	24.0	212.6	13.1	9.6	1104.9
0.2	24.1	419.1	13.1	9.6	1104.9
11.9	26.7	419.0	13.1	12.1	1104.9
16.0	18.4	69.9	13.2	7.2	1104.9
1.5	20.7	88.7	13.2	7.5	1104.9
44.7	21.2	223.0	13.2	8.6	1104.9
10.8	15.0	68.7	13.2	8.6	1104.9
0.0	16.9	619.7	13.3	8.4	1104.9
10.2	19.4	430.1	13.3	8.5	1104.9
7.7	17.0	41.4	13.3	3.4	1104.9
0.2	19.6	501.4	13.3	8.4	1106.1
3.2	18.3	190.1	13.4	7.3	1106.1
0.6	17.5	54.0	13.4	6.3	1106.1
14.5	22.9	280.3	13.4	9.1	1106.1
0.4	18.3	146.3	13.4	7.9	1106.1
24.9	14.6	134.9	13.5	6.2	1106.1
42.5	17.1	69.7	13.5	5.5	1106.1
1.7	18.7	84.7	13.5	4.3	1106.1
1.2	20.2	99.9	13.5	5.4	1106.1
1.1	23.7	293.4	13.6	8.6	1106.1
7.6	27.4	548.6	13.6	10.8	1106.1
5.9	22.0	71.3	13.6	9.8	1106.1
0.2	20.4	446.5	13.6	9.6	1106.1
49.5	22.9	480.6	13.6	9.5	1106.1
7.1	19.3	141.0	13.7	6.3	1106.1
0.1	21.0	634.3	13.7	10.2	1106.1
0.0	21.7	579.5	13.7	10.2	1106.1
4.7	25.0	478.6	13.7	10.4	1106.1
16.5	23.4	87.3	13.7	7.3	1106.1
2.1	27.1	577.9	13.8	10.5	1106.1
22.4	25.8	136.5	13.8	6.0	1106.1
13.8	28.2	463.5	13.8	10.3	1106.1
34.2	26.9	393.7	13.8	10.4	1106.1
0.3	24.3	469.2	13.8	9.7	1106.1
0.5	21.8	213.7	13.9	6.3	1106.1
8.7	22.5	109.3	13.9	6.1	1106.1
47.0	25.6	305.7	13.9	9.4	1106.1
0.8	22.5	177.8	13.9	6.0	1106.1
0.0	24.6	540.7	13.9	9.5	1106.1
0.0	24.9	297.2	13.9	8.5	1106.1
0.0	23.3	148.6	13.9	8.1	1106.1
0.7	24.3	419.2	14.0	9.1	1104.3
0.5	26.6	518.5	14.0	10.9	1104.3
0.0	26.9	650.9	14.0	12.1	1104.3
0.0	27.0	586.7	14.0	11.7	1104.3
0.0	28.9	668.2	14.0	11.6	1104.3
0.0	29.5	635.9	14.0	12.1	1104.3
0.1	30.3	452.4	14.0	10.6	1104.3
24.5	28.3	321.9	14.0	10.2	1104.3
19.7	28.3	431.2	14.0	9.7	1104.3
27.2	26.1	93.1	14.0	6.2	1104.3
21.4	23.2	43.2	14.1	9.8	1104.3
0.0	23.8	627.2	14.1	10.7	1104.3
0.0	25.8	576.6	14.1	11.6	1104.3
0.0	26.6	348.7	14.1	10.5	1104.3
0.4	22.0	129.0	14.1	6.1	1104.3
2.4	25.1	589.4	14.1	10.7	1104.3
1.9	26.9	612.6	14.1	10.6	1104.3
1.5	27.8	496.6	14.1	10.7	1104.3
1.3	28.1	246.6	14.1	8.1	1104.3
5.7	29.0	233.5	14.1	8.4	1104.3
9.0	27.5	101.5	14.1	7.2	1104.3
0.9	27.2	521.7	14.1	9.8	1104.3
0.2	28.6	610.5	14.1	10.5	1104.3
0.4	29.3	459.7	14.1	10.4	1104.3
0.0	30.0	622.6	14.1	11.9	1104.3
0.0	29.4	487.9	14.1	11.0	1104.3
0.0	29.5	609.1	14.1	11.7	1104.3
0.0	29.5	381.9	14.1	10.9	1104.3
19.8	25.1	73.9	14.1	9.8	1104.3
5.4	23.7	46.3	14.1	6.1	1104.3
1.1	27.4	232.1	14.0	9.5	1099.7
14.2	28.0	367.4	14.0	9.0	1099.7
4.7	29.1	421.7	14.0	9.7	1099.7
3.8	29.1	288.9	14.0	8.9	1099.7
0.3	29.6	353.5	14.0	10.9	1099.7
0.1	30.8	595.6	14.0	10.7	1099.7
0.3	31.3	493.0	14.0	10.4	1099.7
0.9	31.5	550.5	14.0	10.3	1099.7
0.1	32.4	585.2	14.0	11.2	1099.7
0.1	32.9	554.8	14.0	10.8	1099.7
0.0	33.4	619.1	14.0	11.5	1099.7
0.1	33.5	546.0	13.9	11.7	1099.7
4.7	32.5	451.2	13.9	11.3	1099.7
5.4	30.9	384.4	13.9	10.2	1099.7
6.9	30.3	432.4	13.9	9.3	1099.7
6.8	30.2	500.1	13.9	12.9	1099.7
8.0	30.6	602.2	13.9	11.3	1099.7
3.7	30.8	518.6	13.9	10.4	1099.7
7.8	30.1	481.7	13.8	9.4	1099.7
23.4	29.3	530.8	13.8	10.5	1099.7
0.1	30.1	603.4	13.8	10.4	1099.7
1.5	30.5	580.7	13.8	11.3	1099.7
0.1	31.1	508.6	13.8	10.3	1099.7
8.1	30.3	599.7	13.7	11.8	1099.7
0.0	30.7	635.5	13.7	10.1	1099.7
0.4	31.6	523.8	13.7	10.0	1099.7
2.5	31.6	539.4	13.7	11.3	1099.7
19.8	29.4	470.2	13.7	10.3	1099.7
13.6	29.7	501.5	13.6	9.8	1099.7
6.0	29.8	509.5	13.6	9.9	1099.7
14.3	29.8	551.8	13.6	11.0	1099.7
13.2	29.4	492.7	13.6	9.4	1099.9
8.8	29.6	561.9	13.6	10.2	1099.9
6.9	30.0	579.4	13.5	10.9	1099.9
3.9	30.3	593.0	13.5	10.9	1099.9
0.1	31.3	592.1	13.5	10.5	1099.9
0.0	32.0	575.0	13.5	11.1	1099.9
0.0	32.4	613.5	13.4	11.0	1099.9
2.9	32.1	597.4	13.4	12.6	1099.9
2.8	32.2	578.5	13.4	10.8	1099.9
0.1	32.0	609.0	13.4	11.9	1099.9
0.4	31.6	509.8	13.3	10.4	1099.9
32.1	29.5	394.6	13.3	10.7	1099.9
17.5	29.5	488.1	13.3	9.9	1099.9
20.4	29.0	488.9	13.3	9.2	1099.9
16.8	28.6	330.4	13.2	8.5	1099.9
13.0	28.7	374.7	13.2	9.7	1099.9
11.3	28.7	367.2	13.2	8.5	1099.9
17.8	28.7	374.9	13.2	8.3	1099.9
4.9	28.5	208.4	13.1	7.5	1099.9
5.8	28.2	249.3	13.1	8.7	1099.9
6.7	28.2	289.9	13.1	8.4	1099.9
4.9	29.2	498.0	13.0	10.3	1099.9
19.2	28.3	425.2	13.0	8.8	1099.9
6.5	26.8	112.9	13.0	5.2	1099.9
16.5	26.8	137.0	13.0	6.5	1099.9
15.6	27.6	260.7	12.9	8.2	1099.9
19.3	27.7	265.9	12.9	8.3	1099.9
10.3	27.2	188.9	12.9	7.3	1099.9
17.8	27.3	481.6	12.9	8.6	1099.9
11.9	27.1	300.2	12.8	7.3	1099.9
22.1	27.0	398.5	12.8	8.4	1099.9
6.3	27.9	512.5	12.8	9.5	1104.1
5.2	28.6	416.3	12.7	8.5	1104.1
0.0	28.5	452.8	12.7	10.1	1104.1
0.0	29.2	557.1	12.7	10.4	1104.1
0.0	28.8	555.1	12.6	11.1	1104.1
0.0	29.1	557.0	12.6	11.5	1104.1
0.0	29.5	555.3	12.6	11.5	1104.1
0.0	30.3	542.9	12.6	10.7	1104.1
0.0	30.7	525.1	12.5	11.7	1104.1
0.0	29.4	543.5	12.5	11.3	1104.1
0.0	29.8	546.0	12.5	11.8	1104.1
0.0	29.9	538.2	12.4	11.6	1104.1
0.0	29.3	533.0	12.4	11.3	1104.1
0.0	29.9	530.2	12.4	11.4	1104.1
0.0	30.9	521.2	12.4	10.8	1104.1
0.0	31.6	516.6	12.3	11.0	1104.1
0.0	31.4	515.4	12.3	11.4	1104.1
0.0	30.2	512.3	12.3	11.6	1104.1
0.0	27.8	512.6	12.2	10.2	1104.1
0.0	27.0	519.6	12.2	9.9	1104.1
0.0	28.6	513.6	12.2	10.0	1104.1
0.0	29.3	503.0	12.1	10.3	1104.1
0.0	29.2	499.3	12.1	10.3	1104.1
0.0	29.6	495.1	12.1	10.3	1104.1
0.2	30.0	327.0	12.1	9.1	1104.1
0.1	27.1	198.9	12.0	7.3	1104.1
0.0	26.9	362.1	12.0	9.2	1104.1
0.0	26.7	443.2	12.0	7.7	1104.1
0.0	26.9	326.6	11.9	8.0	1104.1
0.0	27.3	437.5	11.9	8.1	1104.1
0.0	27.6	323.7	11.9	8.4	1105.5
0.1	28.2	245.0	11.8	7.3	1105.5
0.4	28.4	208.0	11.8	9.3	1105.5
0.0	24.8	232.5	11.8	7.4	1105.5
0.0	24.6	438.2	11.7	7.9	1105.5
0.0	24.0	434.7	11.7	8.1	1105.5
0.0	24.2	464.8	11.7	8.8	1105.5
0.0	23.7	464.4	11.7	8.7	1105.5
0.0	23.7	462.4	11.6	8.9	1105.5
0.0	23.3	455.3	11.6	9.5	1105.5
0.0	23.3	456.0	11.6	9.3	1105.5
0.0	24.1	434.4	11.5	9.0	1105.5
0.0	25.2	443.7	11.5	9.6	1105.5
0.0	26.2	435.4	11.5	9.1	1105.5
0.0	25.6	432.6	11.5	8.8	1105.5
0.0	25.2	425.4	11.4	8.5	1105.5
0.0	25.7	421.1	11.4	8.2	1105.5
0.0	23.0	393.5	11.4	8.9	1105.5
0.0	20.1	319.4	11.3	5.6	1105.5
0.0	20.1	313.6	11.3	6.8	1105.5
0.0	22.2	274.4	11.3	6.5	1105.5
0.0	18.2	407.7	11.2	6.9	1105.5
0.0	15.6	425.7	11.2	6.1	1105.5
0.0	16.9	416.1	11.2	6.7	1105.5
0.0	20.2	391.1	11.2	7.1	1105.5
0.0	21.8	388.0	11.1	7.5	1105.5
0.0	22.5	389.8	11.1	7.5	1105.5
0.0	22.7	390.4	11.1	7.2	1105.5
0.0	21.8	382.5	11.1	7.0	1105.5
0.0	21.9	319.4	11.0	6.2	1105.5
0.0	23.5	360.0	11.0	6.3	1105.5
0.2	23.6	195.2	11.0	5.7	1107.2
0.0	24.3	355.8	10.9	6.6	1107.2
0.0	23.7	361.4	10.9	6.5	1107.2
0.0	24.7	297.2	10.9	6.0	1107.2
0.1	24.5	137.2	10.9	5.2	1107.2
3.8	24.6	244.7	10.8	5.4	1107.2
14.4	23.6	209.9	10.8	6.4	1107.2
0.8	14.4	65.1	10.8	5.0	1107.2
0.0	14.1	356.4	10.8	4.0	1107.2
0.0	14.4	274.8	10.7	4.9	1107.2
0.0	16.6	323.3	10.7	4.8	1107.2
0.0	16.2	56.4	10.7	3.6	1107.2
0.0	16.9	337.3	10.7	5.5	1107.2
0.0	16.4	344.4	10.7	4.9	1107.2
0.0	17.3	340.9	10.6	5.0	1107.2
0.0	16.7	327.8	10.6	5.5	1107.2
0.0	16.9	343.0	10.6	5.6	1107.2
0.0	19.3	337.8	10.6	6.3	1107.2
0.0	16.9	335.5	10.5	5.4	1107.2
0.0	17.2	328.5	10.5	6.3	1107.2
0.0	12.2	344.9	10.5	4.4	1107.2
0.0	14.3	326.6	10.5	5.0	1107.2
1.0	16.9	135.1	10.5	4.4	1107.2
0.1	16.3	114.7	10.4	5.1	1107.2
3.4	14.2	102.0	10.4	3.7	1107.2
0.0	13.7	167.4	10.4	4.3	1107.2
0.0	11.2	261.2	10.4	3.8	1107.2
0.0	12.1	323.1	10.4	4.7	1107.2
0.0	11.5	325.2	10.4	4.3	1107.2
0.0	15.4	253.1	10.3	5.2	1107.2
0.0	11.0	215.5	10.3	4.0	1110.4
0.0	12.0	318.7	10.3	4.3	1110.4
0.0	13.3	316.8	10.3	5.2	1110.4
0.0	11.2	318.7	10.3	4.4	1110.4
0.0	14.1	313.0	10.3	5.3	1110.4
0.0	16.9	305.4	10.3	5.7	1110.4
0.0	19.2	279.4	10.3	5.7	1110.4
6.7	12.9	171.9	10.3	6.4	1110.4
0.0	5.3	227.9	10.2	2.8	1110.4
0.0	5.6	313.1	10.2	3.2	1110.4
0.0	7.1	311.2	10.2	3.7	1110.4
0.0	8.9	310.3	10.2	4.3	1110.4
1.4	13.0	301.7	10.2	5.3	1110.4
24.1	5.9	14.4	10.2	3.4	1110.4
0.0	-2.8	60.6	10.2	1.5	1110.4
0.0	-1.7	317.1	10.2	2.0	1110.4
0.0	1.5	314.5	10.2	3.0	1110.4
0.0	5.8	303.5	10.2	3.6	1110.4
0.0	6.4	302.4	10.2	3.0	1110.4
0.0	7.3	303.8	10.2	3.1	1110.4
0.0	9.9	306.2	10.2	4.5	1110.4
0.0	11.2	307.5	10.2	5.0	1110.4
0.0	9.9	300.8	10.2	4.7	1110.4
0.0	9.9	308.3	10.2	4.5	1110.4
0.0	12.0	305.3	10.2	5.1	1110.4
0.0	14.6	307.1	10.2	5.3	1110.4
0.0	17.9	238.3	10.2	5.1	1110.4
0.6	18.1	123.9	10.2	3.7	1110.4
14.0	18.5	125.7	10.2	5.8	1110.4
14.7	7.0	33.5	10.2	2.2	1110.4
0.0	5.2	310.0	10.2	3.1	1110.4
0.0	7.8	251.8	10.2	3.4	1115.0
5.6	8.1	238.5	10.2	2.8	1115.0
18.3	7.5	20.8	10.2	2.3	1115.0
0.0	6.0	204.9	10.3	2.7	1115.0
0.1	7.0	261.4	10.3	3.5	1115.0
0.0	5.0	288.2	10.3	2.2	1115.0
0.5	6.4	180.8	10.3	2.2	1115.0
1.8	6.3	78.2	10.3	2.2	1115.0
0.1	7.0	312.4	10.3	3.4	1115.0
0.1	8.0	300.6	10.3	4.0	1115.0
0.0	10.6	289.6	10.3	4.4	1115.0
0.0	12.9	310.2	10.4	5.1	1115.0
0.0	14.8	248.7	10.4	5.1	1115.0
0.6	17.4	255.7	10.4	5.2	1115.0
26.5	13.9	212.6	10.4	6.4	1115.0
0.8	3.1	81.9	10.4	1.3	1115.0
0.8	3.9	48.2	10.4	1.6	1115.0
6.7	-0.1	61.4	10.5	1.9	1115.0
0.0	2.2	344.3	10.5	2.9	1115.0
0.1	-1.4	159.9	10.5	2.7	1115.0
0.0	-0.5	264.3	10.5	2.0	1115.0
0.0	2.0	279.6	10.5	2.8	1115.0
0.0	5.7	342.6	10.5	3.7	1115.0
6.2	7.0	124.1	10.6	3.2	1115.0
11.4	5.5	17.3	10.6	1.2	1115.0
26.3	5.8	15.9	10.6	2.3	1115.0
10.8	0.5	41.8	10.6	1.7	1115.0
0.0	-0.4	361.6	10.7	2.4	1115.0
0.2	2.8	374.6	10.7	3.8	1115.0
0.1	5.9	319.2	10.7	4.2	1115.0
0.0	5.5	368.1	10.7	3.5	1115.0
0.0	6.7	96.8	10.8	2.9	1117.2
9.7	11.9	305.3	10.8	4.7	1117.2
24.1	9.8	21.9	10.8	3.2	1117.2
13.1	6.1	23.7	10.8	1.2	1117.2
44.2	6.7	28.0	10.9	3.2	1117.2
0.0	6.9	379.6	10.9	3.8	1117.2
0.0	7.7	319.8	10.9	3.3	1117.2
1.8	8.2	194.2	10.9	3.0	1117.2
19.1	9.3	43.4	11.0	3.2	1117.2
0.0	7.8	282.5	11.0	3.8	1117.2
18.0	5.9	54.6	11.0	1.6	1117.2
2.5	7.9	38.5	11.0	2.3	1117.2
21.6	11.4	100.6	11.1	3.9	1117.2
5.3	10.3	39.2	11.1	2.0	1117.2
0.8	9.3	79.2	11.1	3.4	1117.2
0.7	11.1	230.5	11.2	4.3	1117.2
0.2	7.9	246.0	11.2	4.4	1117.2
0.0	6.7	239.9	11.2	3.0	1117.2
20.8	10.3	69.4	11.2	4.1	1117.2
0.6	10.0	158.6	11.3	3.7	1117.2
25.3	11.8	87.4	11.3	3.9	1117.2
13.0	10.3	150.5	11.3	3.0	1117.2
0.9	10.3	104.4	11.4	3.0	1117.2
27.0	9.9	30.1	11.4	2.2	1117.2
12.5	12.4	30.6	11.4	3.0	1117.2
8.4	15.9	150.5	11.4	6.2	1117.2
20.7	3.9	20.1	11.5	4.9	1117.2
20.3	1.2	27.1	11.5	1.7	1117.2
4.4	3.9	59.5	11.5	2.0	1118.0
37.2	6.6	55.3	11.6	3.0	1118.0
48.1	8.8	27.1	11.6	3.3	1118.0
20.9	6.3	46.2	11.6	3.0	1118.0
0.2	6.0	229.9	11.7	3.7	1118.0
0.3	9.6	300.6	11.7	4.5	1118.0
8.1	10.6	206.7	11.7	3.9	1118.0
13.2	11.2	44.5	11.7	2.8	1118.0
1.4	10.5	137.8	11.8	5.0	1118.0
2.9	7.4	331.6	11.8	2.9	1118.0
0.0	10.5	500.1	11.8	6.0	1118.0
0.0	12.6	505.3	11.9	7.0	1118.0
0.0	14.9	497.3	11.9	7.9	1118.0
0.0	18.2	438.9	11.9	8.3	1118.0
0.3	18.6	393.8	12.0	7.2	1118.0
0.0	18.9	478.1	12.0	8.8	1118.0
0.0	21.0	486.5	12.0	9.2	1118.0
8.6	17.9	107.3	12.1	5.2	1118.0
6.0	20.4	95.4	12.1	5.6	1118.0
0.6	21.6	349.3	12.1	8.1	1118.0
0.0	25.6	483.9	12.1	9.7	1118.0
36.0	13.6	261.9	12.2	11.7	1118.0
24.6	7.7	54.3	12.2	2.7	1118.0
36.4	11.5	130.7	12.2	5.0	1118.0
15.6	16.7	61.4	12.3	6.1	1118.0
9.0	18.2	231.4	12.3	10.1	1118.0
27.3	10.3	56.4	12.3	3.2	1118.0
0.0	10.5	355.4	12.4	5.9	1118.0
0.0	12.1	338.6	12.4	6.4	1118.0
0.1	13.1	546.0	12.4	6.9	1118.0
0.0	16.0	550.1	12.4	7.6	1118.0
3.6	15.9	112.3	12.5	4.2	1118.6
24.9	17.1	65.0	12.5	4.0	1118.6
0.5	18.7	238.4	12.5	6.8	1118.6
3.5	21.0	289.8	12.6	6.7	1118.6
15.6	20.3	133.0	12.6	8.1	1118.6
1.6	9.3	82.9	12.6	7.2	1118.6
0.0	10.0	503.6	12.7	5.2	1118.6
34.2	11.5	134.3	12.7	4.7	1118.6
15.5	16.2	97.5	12.7	6.3	1118.6
0.1	15.2	405.3	12.7	7.1	1118.6
7.3	18.7	546.4	12.8	8.3	1118.6
113.5	16.4	59.3	12.8	5.0	1118.6
83.8	21.8	83.3	12.8	8.1	1118.6
25.3	25.7	419.1	12.9	7.8	1118.6
40.6	23.9	143.1	12.9	7.3	1118.6
54.0	20.4	64.6	12.9	8.4	1118.6
6.7	16.8	86.7	13.0	5.4	1118.6
8.4	13.9	146.5	13.0	5.3	1118.6
7.1	14.1	98.9	13.0	3.6	1118.6
1.5	13.9	191.8	13.0	6.5	1118.6
0.0	18.8	550.3	13.1	9.2	1118.6
0.0	20.5	602.9	13.1	9.4	1118.6
0.0	22.0	619.8	13.1	9.5	1118.6
0.0	25.5	582.9	13.1	10.3	1118.6
5.6	24.4	443.7	13.2	9.7	1118.6
2.9	24.8	593.8	13.2	9.7	1118.6
1.4	25.8	575.7	13.2	9.6	1118.6
20.8	26.1	557.1	13.3	11.6	1118.6
2.1	16.0	208.0	13.3	9.4	1118.6
0.0	19.1	642.0	13.3	9.9	1118.6
2.2	20.1	557.4	13.3	10.3	1119.7
20.2	13.7	44.5	13.4	3.6	1119.7
25.5	17.7	43.6	13.4	6.5	1119.7
11.3	20.7	111.7	13.4	7.0	1119.7
1.1	19.3	243.0	13.4	7.9	1119.7
2.9	17.9	173.3	13.5	5.6	1119.7
4.5	17.0	125.0	13.5	4.3	1119.7
0.0	18.9	590.3	13.5	8.8	1119.7
0.0	22.0	648.6	13.5	9.7	1119.7
0.0	24.1	644.2	13.6	10.5	1119.7
0.1	26.0	592.8	13.6	10.3	1119.7
0.1	25.0	324.1	13.6	11.8	1119.7
38.3	18.3	207.2	13.6	9.2	1119.7
6.2	14.0	87.6	13.6	4.2	1119.7
0.1	19.3	566.5	13.7	9.8	1119.7
0.0	22.6	434.3	13.7	10.0	1119.7
0.0	23.4	349.5	13.7	11.0	1119.7
0.0	21.2	665.0	13.7	9.5	1119.7
0.0	24.1	632.1	13.7	10.9	1119.7
1.4	23.1	213.2	13.8	10.3	1119.7
0.4	22.5	513.0	13.8	8.6	1119.7
1.9	23.6	561.1	13.8	11.2	1119.7
73.1	18.7	112.9	13.8	5.0	1119.7
3.6	20.5	156.8	13.8	8.3	1119.7
1.0	19.4	156.5	13.9	4.9	1119.7
0.0	22.0	466.8	13.9	8.4	1119.7
0.3	24.5	626.7	13.9	9.7	1119.7
0.0	25.9	643.6	13.9	11.5	1119.7
0.0	27.6	657.1	13.9	12.4	1119.7
0.2	27.6	600.4	13.9	13.1	1119.7
0.0	28.4	437.1	13.9	11.7	1119.7
13.9	25.5	149.0	14.0	9.4	1118.0
7.4	26.3	243.6	14.0	8.6	1118.0
2.5	24.5	504.8	14.0	11.1	1118.0
0.8	22.6	222.1	14.0	8.1	1118.0
0.0	25.0	648.7	14.0	11.7	1118.0
0.0	25.7	587.4	14.0	11.8	1118.0
0.0	27.3	655.1	14.0	12.2	1118.0
0.0	26.6	567.2	14.0	12.6	1118.0
0.0	29.1	570.6	14.0	11.9	1118.0
0.0	31.4	595.6	14.0	12.0	1118.0
7.7	30.5	155.4	14.1	10.2	1118.0
13.7	27.0	108.8	14.1	8.2	1118.0
7.6	29.7	602.3	14.1	12.6	1118.0
0.0	30.4	646.9	14.1	12.4	1118.0
0.5	30.4	519.7	14.1	11.1	1118.0
13.7	29.1	390.9	14.1	10.8	1118.0
29.2	28.9	396.3	14.1	8.3	1118.0
34.7	27.9	292.8	14.1	8.3	1118.0
0.7	26.5	195.2	14.1	7.9	1118.0
0.0	26.0	405.7	14.1	11.3	1118.0
0.0	27.9	652.0	14.1	14.1	1118.0
0.0	27.8	523.7	14.1	12.4	1118.0
0.0	28.8	461.8	14.1	10.6	1118.0
1.2	26.6	121.2	14.1	8.0	1118.0
3.3	25.6	65.0	14.1	4.8	1118.0
0.8	25.6	64.2	14.1	5.2	1118.0
1.4	26.9	189.3	14.1	7.8	1118.0
17.1	27.4	208.6	14.1	7.8	1118.0
29.3	27.4	223.5	14.1	7.6	1118.0
0.3	27.4	210.4	14.1	8.5	1118.0
0.1	30.3	620.7	14.1	10.9	1113.4
8.5	28.5	453.5	14.0	10.7	1113.4
12.9	27.8	502.7	14.0	9.2	1113.4
2.4	27.9	379.2	14.0	8.9	1113.4
8.7	27.1	205.1	14.0	7.8	1113.4
0.5	28.1	239.7	14.0	9.0	1113.4
15.4	27.1	153.8	14.0	6.9	1113.4
1.2	28.1	355.4	14.0	8.7	1113.4
2.0	30.1	593.9	14.0	11.4	1113.4
7.1	29.4	637.9	14.0	11.1	1113.4
2.7	30.4	636.5	14.0	11.7	1113.4
0.3	31.0	592.8	13.9	11.3	1113.4
0.2	31.7	601.5	13.9	11.2	1113.4
0.1	31.9	571.3	13.9	11.2	1113.4
0.1	32.4	615.1	13.9	11.0	1113.4
0.2	33.0	543.3	13.9	10.7	1113.4
21.9	30.7	408.0	13.9	10.8	1113.4
18.5	28.4	218.0	13.9	8.8	1113.4
2.3	28.5	372.0	13.8	9.1	1113.4
0.2	28.9	427.8	13.8	9.5	1113.4
8.9	28.6	357.5	13.8	9.5	1113.4
2.2	26.6	148.1	13.8	6.5	1113.4
0.3	27.1	206.6	13.8	6.6	1113.4
6.0	28.5	487.9	13.7	9.7	1113.4
0.7	27.8	483.4	13.7	10.1	1113.4
0.0	28.2	646.9	13.7	10.4	1113.4
0.5	29.4	569.6	13.7	10.2	1113.4
34.7	27.9	190.2	13.7	8.5	1113.4
38.2	27.8	200.3	13.6	7.0	1113.4
6.0	27.4	134.0	13.6	4.9	1113.4
5.4	27.5	191.5	13.6	8.0	1113.4
7.0	28.2	240.4	13.6	8.3	1113.5
17.2	27.6	256.3	13.6	6.9	1113.5
4.9	27.3	213.8	13.5	6.1	1113.5
0.7	28.8	424.3	13.5	9.2	1113.5
0.2	30.0	584.4	13.5	10.4	1113.5
1.4	30.6	601.5	13.5	10.1	1113.5
14.3	29.4	506.9	13.4	9.2	1113.5
17.7	29.2	465.1	13.4	9.1	1113.5
11.0	29.4	494.6	13.4	9.9	1113.5
2.9	28.5	200.9	13.4	7.4	1113.5
0.6	26.8	270.2	13.3	8.9	1113.5
0.0	28.6	598.5	13.3	9.8	1113.5
12.6	28.9	450.5	13.3	8.7	1113.5
0.2	29.2	519.5	13.3	10.2	1113.5
0.9	28.7	400.2	13.2	8.3	1113.5
0.7	28.9	317.9	13.2	7.9	1113.5
1.2	28.3	226.3	13.2	7.3	1113.5
19.2	27.8	363.0	13.2	7.9	1113.5
0.7	28.1	381.9	13.1	8.4	1113.5
0.9	28.1	478.6	13.1	9.6	1113.5
1.0	28.4	388.1	13.1	8.7	1113.5
2.8	28.5	395.6	13.1	9.0	1113.5
20.7	28.5	443.9	13.0	9.5	1113.5
11.3	29.0	389.1	13.0	8.7	1113.5
19.5	28.5	398.3	13.0	9.6	1113.5
9.5	27.6	361.5	12.9	8.4	1113.5
11.3	27.7	442.3	12.9	9.2	1113.5
15.3	28.1	479.8	12.9	9.3	1113.5
0.2	28.7	515.1	12.9	8.7	1113.5
3.2	26.6	413.1	12.8	9.3	1113.5
5.0	22.4	37.8	12.8	4.9	1113.5
18.9	21.7	49.2	12.8	3.4	1117.7
21.5	22.4	21.5	12.7	3.7	1117.7
3.1	21.8	33.0	12.7	3.0	1117.7
0.7	23.7	423.7	12.7	7.7	1117.7
0.0	23.7	540.5	12.7	9.1	1117.7
0.0	23.4	548.5	12.6	9.0	1117.7
0.1	24.8	547.5	12.6	9.7	1117.7
0.0	25.8	533.4	12.6	10.4	1117.7
0.0	27.2	549.1	12.5	11.1	1117.7
0.0	28.8	539.8	12.5	11.1	1117.7
0.0	28.8	538.6	12.5	11.1	1117.7
0.0	29.1	526.2	12.4	11.2	1117.7
0.0	28.4	493.6	12.4	11.3	1117.7
0.0	28.7	524.2	12.4	10.6	1117.7
0.0	28.5	511.2	12.4	11.1	1117.7
0.0	28.9	523.0	12.3	10.6	1117.7
0.0	28.8	383.4	12.3	10.2	1117.7
0.0	29.8	466.5	12.3	11.6	1117.7
0.0	30.3	518.7	12.2	11.4	1117.7
0.0	30.1	229.4	12.2	9.6	1117.7
0.0	29.8	467.6	12.2	11.3	1117.7
0.0	29.2	475.3	12.1	9.4	1117.7
0.0	28.1	461.4	12.1	11.1	1117.7
0.0	28.0	424.0	12.1	10.6	1117.7
0.0	27.3	465.3	12.1	10.5	1117.7
0.0	26.5	469.5	12.0	9.8	1117.7
0.0	26.6	496.9	12.0	9.7	1117.7
0.0	26.6	493.5	12.0	9.5	1117.7
0.0	26.5	488.0	11.9	9.6	1117.7
0.0	26.8	479.8	11.9	9.4	1117.7
0.0	27.2	473.4	11.9	9.8	1119.1
0.0	27.1	473.6	11.8	9.8	1119.1
0.0	27.3	464.7	11.8	9.6	1119.1
0.0	26.5	463.0	11.8	9.0	1119.1
0.0	24.9	464.3	11.8	8.7	1119.1
0.0	25.0	459.2	11.7	8.7	1119.1
0.0	26.3	459.3	11.7	9.3	1119.1
0.0	25.3	445.0	11.7	10.4	1119.1
0.0	19.7	457.9	11.6	7.7	1119.1
0.0	22.0	466.3	11.6	8.2	1119.1
0.0	23.8	432.3	11.6	7.9	1119.1
0.0	23.6	443.1	11.5	8.9	1119.1
0.0	24.1	443.3	11.5	9.0	1119.1
0.0	24.4	400.2	11.5	7.8	1119.1
0.0	24.3	415.6	11.5	8.3	1119.1
0.0	25.3	425.1	11.4	8.1	1119.1
0.0	26.1	234.5	11.4	6.8	1119.1
0.0	26.2	351.7	11.4	6.9	1119.1
0.0	23.9	332.7	11.3	7.8	1119.1
0.0	21.5	406.8	11.3	7.8	1119.1
0.0	22.1	422.9	11.3	8.2	1119.1
0.0	22.5	419.8	11.3	8.0	1119.1
0.0	23.4	417.6	11.2	8.3	1119.1
0.0	25.3	408.9	11.2	8.3	1119.1
3.4	25.0	230.7	11.2	7.3	1119.1
0.0	24.8	389.0	11.1	7.8	1119.1
0.0	22.8	329.1	11.1	5.3	1119.1
2.3	19.9	90.6	11.1	4.0	1119.1
0.0	20.8	168.1	11.1	4.8	1119.1
0.0	20.0	195.7	11.0	5.5	1119.1
0.0	20.6	376.1	11.0	7.1	1119.1
0.0	17.3	394.2	11.0	6.4	1120.8
0.0	15.8	399.6	11.0	5.9	1120.8
0.0	16.2	289.5	10.9	6.2	1120.8
0.0	18.1	371.1	10.9	7.1	1120.8
0.0	19.3	378.6	10.9	7.3	1120.8
0.0	22.1	362.7	10.8	7.3	1120.8
0.0	21.3	162.0	10.8	6.2	1120.8
0.0	22.0	245.9	10.8	6.1	1120.8
0.0	21.3	171.9	10.8	5.4	1120.8
0.0	23.8	321.9	10.8	6.5	1120.8
25.3	20.0	205.0	10.7	8.0	1120.8
2.7	7.7	38.4	10.7	3.8	1120.8
0.0	8.6	368.0	10.7	3.4	1120.8
0.0	11.8	362.8	10.7	4.8	1120.8
0.0	14.6	236.0	10.6	4.8	1120.8
0.2	14.1	92.3	10.6	3.0	1120.8
0.2	13.9	177.8	10.6	4.2	1120.8
0.0	14.3	320.8	10.6	5.1	1120.8
0.0	14.7	336.7	10.5	5.2	1120.8
0.0	14.1	316.2	10.5	5.0	1120.8
0.0	15.0	332.2	10.5	4.8	1120.8
0.0	15.4	324.7	10.5	4.9	1120.8
0.0	17.2	311.3	10.5	5.2	1120.8
0.0	19.2	301.8	10.5	5.6	1120.8
0.4	17.6	132.3	10.4	5.4	1120.8
0.0	17.4	305.5	10.4	5.4	1120.8
0.0	20.5	263.3	10.4	5.6	1120.8
7.8	21.4	105.0	10.4	5.0	1120.8
1.3	13.4	84.1	10.4	4.0	1120.8
0.0	10.5	302.1	10.4	3.6	1120.8
0.0	6.1	220.9	10.3	2.7	1124.0
0.0	9.5	321.0	10.3	4.4	1124.0
0.0	12.6	318.4	10.3	5.2	1124.0
0.0	15.2	304.8	10.3	5.2	1124.0
0.5	10.6	88.5	10.3	3.7	1124.0
0.0	7.7	316.4	10.3	3.6	1124.0
0.0	10.2	315.5	10.3	4.3	1124.0
0.0	15.0	305.8	10.3	5.6	1124.0
0.0	19.2	295.1	10.2	6.0	1124.0
1.9	19.9	287.5	10.2	5.9	1124.0
1.8	9.7	41.2	10.2	3.6	1124.0
0.0	8.9	296.3	10.2	3.5	1124.0
0.0	10.1	307.9	10.2	4.1	1124.0
0.0	12.6	313.1	10.2	5.2	1124.0
0.0	13.6	303.2	10.2	4.7	1124.0
0.0	13.1	297.5	10.2	4.5	1124.0
0.0	11.6	299.5	10.2	4.0	1124.0
0.0	12.9	295.8	10.2	4.7	1124.0
0.0	9.5	310.2	10.2	3.8	1124.0
0.0	10.9	310.0	10.2	4.6	1124.0
0.0	13.1	300.5	10.2	5.1	1124.0
0.0	15.3	275.4	10.2	5.2	1124.0
0.0	13.9	296.2	10.2	4.4	1124.0
10.3	11.9	190.0	10.2	5.3	1124.0
1.3	2.6	68.9	10.2	2.0	1124.0
0.0	5.5	301.1	10.2	3.0	1124.0
3.5	12.1	246.5	10.2	4.4	1124.0
2.8	9.8	50.7	10.2	1.3	1124.0
2.1	13.6	37.3	10.2	3.0	1124.0
0.8	17.1	63.0	10.2	3.2	1124.0
0.8	17.7	122.1	10.2	3.5	1124.0
0.0	15.6	288.7	10.2	3.7	1128.7
1.3	18.4	88.1	10.2	4.0	1128.7
22.9	10.6	15.3	10.2	4.3	1128.7
9.4	6.5	11.1	10.2	1.3	1128.7
9.5	4.1	19.8	10.3	1.7	1128.7
11.2	4.4	35.9	10.3	1.9	1128.7
10.6	9.1	14.1	10.3	2.5	1128.7
37.0	13.1	31.2	10.3	4.1	1128.7
46.7	9.1	24.1	10.3	5.0	1128.7
0.8	1.4	123.5	10.3	2.1	1128.7
0.1	-2.0	67.2	10.3	1.2	1128.7
0.0	-1.5	294.6	10.3	1.9	1128.7
0.0	-0.4	329.4	10.4	2.2	1128.7
0.0	1.8	336.3	10.4	3.0	1128.7
0.0	4.7	328.3	10.4	3.7	1128.7
0.0	4.2	318.5	10.4	3.4	1128.7
0.0	5.4	315.0	10.4	3.4	1128.7
0.0	6.7	338.5	10.4	3.7	1128.7
0.0	8.1	239.0	10.5	3.8	1128.7
0.0	11.3	344.1	10.5	4.7	1128.7
0.0	12.6	341.8	10.5	5.1	1128.7
0.0	15.2	348.5	10.5	6.2	1128.7
0.0	14.1	225.2	10.5	5.6	1128.7
0.0	10.6	328.7	10.6	4.7	1128.7
0.0	10.6	353.7	10.6	4.4	1128.7
0.0	14.0	335.0	10.6	5.9	1128.7
0.0	16.7	364.3	10.6	6.2	1128.7
0.0	18.9	360.3	10.7	6.4	1128.7
0.0	16.0	365.0	10.7	6.1	1128.7
0.0	18.4	368.1	10.7	7.6	1128.7
0.0	18.9	371.5	10.7	7.7	1128.7
0.0	19.9	367.2	10.7	7.3	1130.9
5.0	19.0	295.8	10.8	5.9	1130.9
3.7	19.7	89.2	10.8	4.7	1130.9
8.1	19.8	118.2	10.8	3.9	1130.9
6.7	18.4	162.2	10.8	6.5	1130.9
0.1	12.1	214.2	10.9	3.9	1130.9
0.0	9.6	366.5	10.9	3.9	1130.9
2.4	9.7	220.4	10.9	3.1	1130.9
2.7	12.6	52.5	11.0	3.3	1130.9
1.8	7.8	39.6	11.0	3.1	1130.9
0.1	8.7	285.7	11.0	3.6	1130.9
1.9	7.4	57.3	11.0	2.2	1130.9
7.1	9.6	81.2	11.1	4.3	1130.9
18.4	9.9	153.9	11.1	3.7	1130.9
36.2	12.8	38.7	11.1	2.4	1130.9
27.4	15.0	99.7	11.1	3.7	1130.9
3.7	16.3	36.9	11.2	3.9	1130.9
7.5	16.7	86.2	11.2	4.8	1130.9
13.9	14.4	58.3	11.2	2.5	1130.9
46.2	14.0	77.4	11.3	2.7	1130.9
18.1	8.7	49.3	11.3	5.2	1130.9
14.0	3.2	62.3	11.3	2.3	1130.9
0.0	2.1	402.6	11.3	3.2	1130.9
0.5	5.2	427.7	11.4	3.9	1130.9
0.0	10.5	411.4	11.4	5.4	1130.9
14.5	15.1	258.0	11.4	7.0	1130.9
11.3	6.1	28.2	11.5	4.1	1130.9
0.2	5.9	354.7	11.5	3.7	1130.9
42.0	10.1	73.9	11.5	4.4	1131.6
6.6	13.2	42.1	11.6	5.1	1131.6
28.0	15.4	63.3	11.6	7.3	1131.6
3.2	12.0	212.8	11.6	4.2	1131.6
7.3	19.4	147.8	11.6	7.2	1131.6
5.0	15.6	177.1	11.7	9.4	1131.6
19.6	4.4	96.7	11.7	2.9	1131.6
34.4	1.4	43.6	11.7	2.2	1131.6
0.7	-0.2	83.5	11.8	2.0	1131.6
0.1	3.9	441.0	11.8	3.9	1131.6
0.2	7.3	488.9	11.8	5.2	1131.6
11.0	8.2	129.6	11.9	4.2	1131.6
0.2	6.1	381.5	11.9	6.2	1131.6
0.0	2.3	432.8	11.9	3.4	1131.6
1.6	7.0	382.8	12.0	4.7	1131.6
2.7	8.3	125.3	12.0	3.6	1131.6
0.1	12.3	361.4	12.0	6.2	1131.6
0.1	10.9	378.5	12.0	6.1	1131.6
1.1	14.0	406.1	12.1	6.7	1131.6
0.2	15.1	513.9	12.1	7.1	1131.6
15.0	18.0	310.3	12.1	7.3	1131.6
10.2	18.5	79.2	12.2	4.7	1131.6
49.7	21.0	282.2	12.2	7.3	1131.6
0.2	17.6	264.1	12.2	7.6	1131.6
0.0	18.6	533.8	12.3	8.2	1131.6
33.5	16.1	193.1	12.3	7.3	1131.6
1.8	12.6	112.0	12.3	7.0	1131.6
0.0	12.0	545.3	12.3	5.4	1131.6
0.0	12.4	312.7	12.4	6.3	1131.6
3.5	15.4	537.8	12.4	7.2	1131.6
35.8	13.6	74.6	12.4	6.7	1131.6
0.0	9.1	565.1	12.5	6.2	1132.2
0.0	11.9	570.0	12.5	6.8	1132.2
4.1	15.2	361.5	12.5	7.1	1132.2
40.4	16.6	74.4	12.6	7.3	1132.2
9.0	8.9	38.4	12.6	4.4	1132.2
0.2	9.4	349.5	12.6	5.9	1132.2
0.1	14.0	561.8	12.7	8.3	1132.2
10.9	15.5	277.3	12.7	8.5	1132.2
0.6	17.9	353.6	12.7	7.6	1132.2
2.9	23.0	431.0	12.7	10.3	1132.2
1.2	24.1	201.4	12.8	8.1	1132.2
28.9	24.8	360.6	12.8	11.7	1132.2
4.1	10.9	97.3	12.8	7.3	1132.2
0.0	14.6	575.9	12.9	7.7	1132.2
0.0	14.4	318.6	12.9	9.2	1132.2
1.3	12.8	198.0	12.9	5.3	1132.2
50.3	12.1	56.7	12.9	5.0	1132.2
21.9	17.4	95.5	13.0	9.9	1132.2
32.2	9.9	34.5	13.0	4.3	1132.2
2.8	8.8	61.0	13.0	2.7	1132.2
0.4	10.9	184.7	13.1	4.2	1132.2
1.0	16.0	387.5	13.1	8.1	1132.2
23.7	16.9	76.4	13.1	5.0	1132.2
6.0	15.2	115.0	13.1	4.7	1132.2
1.0	15.6	188.4	13.2	5.8	1132.2
1.0	17.9	464.7	13.2	8.3	1132.2
22.7	16.9	79.4	13.2	2.7	1132.2
1.4	20.2	139.3	13.2	7.5	1132.2
23.2	25.7	406.2	13.3	10.2	1132.2
58.2	20.3	56.2	13.3	10.4	1132.2
12.6	19.0	155.2	13.3	11.3	1133.4
1.9	14.5	218.2	13.4	4.7	1133.4
0.7	14.9	241.5	13.4	6.9	1133.4
0.1	18.7	569.6	13.4	9.6	1133.4
12.4	22.0	476.2	13.4	10.4	1133.4
2.2	23.6	150.6	13.5	9.7	1133.4
12.0	25.9	167.8	13.5	8.2	1133.4
0.4	23.7	364.9	13.5	9.1	1133.4
0.3	22.9	324.3	13.5	8.8	1133.4
0.5	25.8	582.3	13.5	10.1	1133.4
35.4	27.5	525.7	13.6	10.0	1133.4
14.7	26.7	230.2	13.6	8.6	1133.4
8.2	27.6	542.8	13.6	10.3	1133.4
22.1	25.8	357.6	13.6	9.3	1133.4
54.2	24.8	48.0	13.7	6.1	1133.4
20.4	22.5	61.2	13.7	6.3	1133.4
0.2	23.8	439.4	13.7	9.1	1133.4
10.4	23.7	361.4	13.7	9.9	1133.4
40.2	19.9	44.8	13.7	6.3	1133.4
1.6	17.2	119.8	13.8	6.3	1133.4
0.0	19.6	665.2	13.8	10.1	1133.4
0.4	23.7	583.5	13.8	10.9	1133.4
0.8	24.1	246.3	13.8	9.0	1133.4
0.0	25.8	504.5	13.8	10.6	1133.4
0.0	24.2	209.4	13.8	7.6	1133.4
5.6	22.7	269.9	13.9	7.6	1133.4
3.5	25.3	121.4	13.9	8.9	1133.4
36.7	26.9	266.8	13.9	7.5	1133.4
46.3	27.9	329.2	13.9	9.3	1133.4
28.5	27.1	131.9	13.9	7.4	1133.4
1.0	27.6	230.7	13.9	9.6	1133.4
0.4	27.1	255.6	13.9	8.2	1131.6
3.2	23.1	101.7	14.0	8.1	1131.6
0.0	23.8	522.3	14.0	9.7	1131.6
0.0	26.5	646.1	14.0	11.4	1131.6
0.7	26.4	679.7	14.0	13.6	1131.6
0.4	26.7	671.1	14.0	12.8	1131.6
0.6	27.3	673.4	14.0	12.2	1131.6
0.0	28.4	678.4	14.0	12.8	1131.6
0.0	28.8	681.1	14.0	13.4	1131.6
0.0	30.0	633.3	14.0	12.6	1131.6
0.0	32.6	610.4	14.0	12.2	1131.6
0.3	29.7	373.9	14.1	12.4	1131.6
0.2	24.8	437.8	14.1	9.9	1131.6
0.0	25.6	641.5	14.1	10.9	1131.6
0.8	25.0	370.0	14.1	9.9	1131.6
0.5	22.9	106.1	14.1	6.1	1131.6
0.0	25.2	552.9	14.1	10.9	1131.6
3.8	26.0	287.8	14.1	9.4	1131.6
3.5	23.7	41.6	14.1	3.0	1131.6
0.5	25.1	162.5	14.1	6.6	1131.6
0.7	27.0	449.5	14.1	9.6	1131.6
1.4	25.7	142.5	14.1	7.0	1131.6
10.2	26.4	529.1	14.1	11.1	1131.6
0.8	27.0	493.6	14.1	9.3	1131.6
0.1	27.2	240.0	14.1	8.7	1131.6
25.2	25.8	480.4	14.1	10.4	1131.6
8.2	26.0	447.0	14.1	9.6	1131.6
0.7	27.6	437.9	14.1	10.3	1131.6
1.2	29.2	481.9	14.1	10.7	1131.6
21.3	28.8	454.6	14.1	9.9	1131.6
21.5	28.4	334.7	14.1	10.3	1126.9
31.5	28.7	359.2	14.0	10.3	1126.9
2.8	28.0	123.9	14.0	7.2	1126.9
29.5	28.9	430.3	14.0	9.4	1126.9
0.3	30.1	569.2	14.0	10.8	1126.9
39.9	28.6	386.8	14.0	9.8	1126.9
16.9	26.5	66.5	14.0	6.8	1126.9
1.1	24.5	66.7	14.0	4.2	1126.9
0.9	25.3	174.4	14.0	7.5	1126.9
1.3	28.2	530.6	14.0	10.4	1126.9
19.5	28.5	413.3	14.0	8.8	1126.9
32.3	29.0	395.4	13.9	9.1	1126.9
3.9	28.8	227.1	13.9	8.1	1126.9
0.8	28.4	183.9	13.9	7.8	1126.9
0.5	29.1	280.0	13.9	8.8	1126.9
1.0	29.8	392.8	13.9	10.5	1126.9
6.8	30.3	498.1	13.9	11.5	1126.9
11.6	29.7	432.1	13.9	11.0	1126.9
20.4	29.3	432.0	13.8	10.0	1126.9
17.0	29.2	393.4	13.8	9.2	1126.9
10.5	29.6	526.9	13.8	10.1	1126.9
4.0	29.8	595.5	13.8	10.8	1126.9
0.0	30.0	607.7	13.8	10.5	1126.9
0.3	29.4	527.9	13.8	9.3	1126.9
0.7	29.9	438.9	13.7	8.9	1126.9
27.9	28.5	438.9	13.7	8.6	1126.9
28.9	28.2	333.0	13.7	8.0	1126.9
15.8	28.2	284.3	13.7	8.8	1126.9
6.0	28.4	352.1	13.7	8.7	1126.9
8.5	28.9	468.8	13.6	9.5	1126.9
11.5	29.1	493.4	13.6	9.3	1126.9
24.9	29.0	552.6	13.6	9.7	1127.1
0.1	30.3	605.2	13.6	10.4	1127.1
8.5	30.1	526.4	13.5	10.9	1127.1
30.0	29.0	351.9	13.5	8.9	1127.1
20.4	29.3	487.2	13.5	9.2	1127.1
8.4	29.6	413.5	13.5	9.0	1127.1
4.7	29.3	327.6	13.4	8.6	1127.1
0.4	29.6	529.0	13.4	9.9	1127.1
6.4	29.2	438.8	13.4	9.7	1127.1
11.8	28.9	498.2	13.4	8.9	1127.1
16.5	28.7	491.2	13.4	9.4	1127.1
22.1	28.1	391.7	13.3	7.6	1127.1
35.6	27.9	356.0	13.3	8.9	1127.1
1.9	28.2	372.6	13.3	8.0	1127.1
6.7	27.9	473.2	13.2	8.2	1127.1
1.0	27.5	231.5	13.2	6.5	1127.1
12.4	28.0	347.4	13.2	7.1	1127.1
8.2	28.4	353.4	13.2	8.7	1127.1
10.7	28.7	411.4	13.1	8.8	1127.1
13.8	28.8	452.0	13.1	9.9	1127.1
6.5	29.5	501.9	13.1	10.1	1127.1
16.5	29.2	422.5	13.1	10.3	1127.1
15.7	29.2	387.4	13.0	9.2	1127.1
12.6	29.2	460.1	13.0	9.3	1127.1
18.8	28.6	423.6	13.0	8.5	1127.1
12.5	28.2	305.6	12.9	7.5	1127.1
6.2	28.0	215.1	12.9	6.7	1127.1
2.8	25.9	78.9	12.9	6.2	1127.1
7.8	24.2	41.8	12.9	2.9	1127.1
16.6	24.1	18.8	12.8	2.4	1127.1
5.0	24.4	20.8	12.8	2.4	1127.1
0.6	25.0	113.1	12.8	5.1	1131.3
0.3	26.4	511.5	12.7	8.5	1131.3
0.0	26.8	554.8	12.7	10.2	1131.3
0.0	27.4	543.1	12.7	10.2	1131.3
0.0	27.0	361.8	12.7	8.0	1131.3
0.1	26.8	250.7	12.6	8.1	1131.3
0.0	26.6	314.1	12.6	7.6	1131.3
0.1	25.6	167.3	12.6	6.8	1131.3
0.1	26.0	194.0	12.5	6.9	1131.3
14.1	26.7	303.5	12.5	7.7	1131.3
8.0	26.2	161.1	12.5	7.1	1131.3
11.5	27.0	458.2	12.5	8.4	1131.3
7.3	27.3	500.7	12.4	8.9	1131.3
6.6	27.4	500.1	12.4	9.2	1131.3
2.9	27.8	489.8	12.4	9.1	1131.3
4.9	27.9	488.3	12.3	8.2	1131.3
0.2	28.5	457.6	12.3	8.9	1131.3
0.0	28.6	480.9	12.3	9.1	1131.3
0.1	28.1	487.1	12.2	9.1	1131.3
0.0	28.1	499.8	12.2	9.3	1131.3
0.0	27.9	452.5	12.2	9.6	1131.3
0.0	27.2	454.7	12.2	8.6	1131.3
0.0	26.9	370.9	12.1	9.3	1131.3
0.0	29.4	490.7	12.1	9.7	1131.3
0.0	30.4	481.5	12.1	9.7	1131.3
0.1	31.3	440.1	12.0	9.2	1131.3
0.2	31.8	370.8	12.0	8.9	1131.3
0.0	30.6	242.1	12.0	8.6	1131.3
1.3	29.3	254.1	11.9	8.3	1131.3
1.8	26.6	75.8	11.9	5.7	1131.3
0.3	29.8	325.7	11.9	8.1	1132.7
0.3	28.9	336.2	11.9	7.7	1132.7
0.6	27.3	144.6	11.8	6.7	1132.7
0.0	29.4	452.1	11.8	8.2	1132.7
0.6	30.4	363.7	11.8	8.1	1132.7
0.1	30.9	425.4	11.7	8.4	1132.7
1.6	29.7	412.3	11.7	10.9	1132.7
0.2	20.1	93.2	11.7	5.8	1132.7
0.0	17.9	421.1	11.6	6.8	1132.7
0.0	17.8	480.2	11.6	7.5	1132.7
0.0	20.3	478.4	11.6	8.8	1132.7
0.0	22.3	465.7	11.6	9.3	1132.7
0.0	24.3	453.4	11.5	8.9	1132.7
0.0	24.4	438.6	11.5	8.5	1132.7
0.0	23.2	434.3	11.5	8.1	1132.7
0.0	21.8	436.4	11.4	7.8	1132.7
0.0	22.8	435.0	11.4	7.6	1132.7
0.0	22.8	422.5	11.4	7.8	1132.7
0.0	23.4	422.7	11.3	7.7	1132.7
0.0	25.1	409.3	11.3	7.8	1132.7
0.3	25.5	330.4	11.3	7.0	1132.7
0.2	24.7	65.6	11.3	4.6	1132.7
0.0	22.2	53.8	11.2	6.2	1132.7
0.0	18.1	410.7	11.2	6.0	1132.7
0.0	17.6	403.9	11.2	6.4	1132.7
0.0	19.2	403.5	11.2	6.8	1132.7
0.0	19.8	373.8	11.1	6.3	1132.7
0.0	17.8	381.4	11.1	7.1	1132.7
0.0	16.2	342.6	11.1	5.8	1132.7
0.0	16.6	401.1	11.0	6.6	1132.7
0.0	17.7	405.8	11.0	7.0	1132.7
0.0	19.6	393.5	11.0	7.3	1134.4
0.0	17.2	394.5	11.0	6.0	1134.4
0.0	16.1	384.5	10.9	5.9	1134.4
0.0	15.5	383.3	10.9	6.0	1134.4
0.0	17.2	376.0	10.9	6.5	1134.4
0.0	17.8	374.6	10.9	6.6	1134.4
0.0	17.9	373.6	10.8	6.7	1134.4
0.0	17.8	376.8	10.8	6.7	1134.4
0.0	18.3	375.1	10.8	6.7	1134.4
0.0	19.3	365.5	10.8	6.5	1134.4
0.0	21.7	349.4	10.7	6.7	1134.4
0.0	22.2	344.0	10.7	8.0	1134.4
0.0	10.6	377.4	10.7	4.5	1134.4
0.2	10.6	357.9	10.7	3.9	1134.4
0.0	12.6	218.6	10.6	4.8	1134.4
0.0	17.0	341.3	10.6	6.5	1134.4
0.0	20.5	333.6	10.6	6.6	1134.4
0.0	20.0	123.6	10.6	4.3	1134.4
0.4	17.5	39.0	10.6	3.4	1134.4
0.0	18.8	323.6	10.5	6.0	1134.4
0.0	21.1	326.7	10.5	6.4	1134.4
0.0	22.9	284.4	10.5	6.2	1134.4
0.0	24.4	312.9	10.5	6.3	1134.4
7.4	23.2	253.1	10.5	6.9	1134.4
0.0	15.3	292.4	10.4	5.1	1134.4
0.0	15.7	327.3	10.4	5.0	1134.4
0.0	17.4	328.5	10.4	6.2	1134.4
0.0	18.2	196.3	10.4	5.7	1134.4
0.0	13.6	109.5	10.4	3.8	1134.4
0.0	14.3	219.6	10.4	3.8	1134.4
0.0	16.8	211.6	10.3	4.9	1137.6
0.0	19.3	302.8	10.3	6.2	1137.6
0.0	21.2	300.7	10.3	6.6	1137.6
0.0	20.5	289.9	10.3	5.6	1137.6
1.2	17.3	240.6	10.3	7.0	1137.6
0.0	8.0	103.8	10.3	2.8	1137.6
0.8	9.3	267.2	10.3	3.3	1137.6
14.0	9.8	30.3	10.3	3.0	1137.6
7.1	2.6	13.9	10.2	2.5	1137.6
0.3	-2.2	56.0	10.2	1.3	1137.6
0.0	-1.6	311.8	10.2	1.6	1137.6
0.0	0.4	315.2	10.2	2.1	1137.6
0.0	1.5	304.9	10.2	2.5	1137.6
0.0	2.4	304.4	10.2	2.6	1137.6
0.0	3.1	309.9	10.2	3.0	1137.6
0.0	5.2	301.6	10.2	3.5	1137.6
0.0	7.7	289.6	10.2	3.8	1137.6
0.0	9.1	294.9	10.2	4.1	1137.6
0.0	8.3	304.5	10.2	3.9	1137.6
0.0	10.0	304.1	10.2	4.6	1137.6
0.0	11.2	294.7	10.2	4.7	1137.6
0.0	11.2	264.1	10.2	4.5	1137.6
0.0	6.9	281.7	10.2	3.4	1137.6
0.0	7.2	312.3	10.2	3.9	1137.6
0.0	10.0	275.5	10.2	4.7	1137.6
0.0	10.4	298.3	10.2	4.6	1137.6
0.0	9.3	305.8	10.2	4.4	1137.6
0.0	10.6	304.2	10.2	4.6	1137.6
0.0	10.8	311.9	10.2	4.5	1137.6
0.0	12.1	312.8	10.2	5.1	1137.6
0.0	12.4	306.7	10.2	5.2	1137.6
0.0	13.6	308.5	10.2	5.5	1142.3
0.0	13.9	305.9	10.2	5.2	1142.3
0.0	10.1	304.2	10.2	4.1	1142.3
0.0	8.3	312.3	10.2	3.6	1142.3
0.0	8.8	309.3	10.3	4.2	1142.3
0.0	10.7	318.5	10.3	4.9	1142.3
0.0	13.5	317.0	10.3	5.8	1142.3
0.0	17.1	292.1	10.3	6.4	1142.3
0.0	18.4	303.5	10.3	5.8	1142.3
0.2	16.8	244.6	10.3	4.5	1142.3
0.0	15.4	228.3	10.3	4.3	1142.3
0.5	12.4	116.7	10.3	3.3	1142.3
0.0	12.0	192.6	10.4	3.8	1142.3
0.0	16.3	269.8	10.4	5.4	1142.3
0.0	20.1	311.1	10.4	6.1	1142.3
5.3	22.3	274.5	10.4	6.0	1142.3
6.0	13.5	37.0	10.4	5.0	1142.3
4.4	9.3	178.9	10.4	2.2	1142.3
18.6	6.7	28.4	10.5	3.0	1142.3
0.2	3.9	124.6	10.5	1.4	1142.3
2.0	2.7	209.8	10.5	1.9	1142.3
0.0	2.3	233.9	10.5	2.5	1142.3
0.6	6.4	241.4	10.5	3.0	1142.3
35.5	7.4	70.7	10.6	2.6	1142.3
2.1	2.1	68.1	10.6	2.4	1142.3
0.5	0.0	237.5	10.6	2.1	1142.3
0.0	-0.2	369.5	10.6	2.6	1142.3
0.0	2.7	356.5	10.6	3.1	1142.3
3.7	2.7	55.3	10.7	1.5	1142.3
3.2	2.2	58.5	10.7	1.7	1142.3
0.1	1.5	158.8	10.7	1.9	1142.3
0.2	1.8	173.1	10.7	2.0	1144.5
3.6	3.8	142.4	10.8	2.3	1144.5
9.7	5.4	19.4	10.8	2.1	1144.5
0.8	3.4	94.9	10.8	1.6	1144.5
0.2	4.0	131.9	10.8	1.8	1144.5
0.0	3.6	279.1	10.9	3.3	1144.5
0.0	3.5	355.6	10.9	3.5	1144.5
0.0	7.4	372.4	10.9	4.9	1144.5
0.0	9.9	354.8	10.9	4.7	1144.5
0.0	11.3	260.9	11.0	5.4	1144.5
0.0	5.2	412.9	11.0	3.9	1144.5
0.0	9.1	411.9	11.0	5.4	1144.5
0.0	15.5	418.8	11.1	7.6	1144.5
0.1	7.0	149.4	11.1	5.2	1144.5
0.0	8.6	428.0	11.1	4.9	1144.5
0.0	12.7	355.0	11.1	5.5	1144.5
4.7	12.9	185.4	11.2	5.0	1144.5
0.0	13.3	409.8	11.2	6.4	1144.5
0.0	12.1	433.0	11.2	5.4	1144.5
2.7	14.6	152.0	11.3	6.1	1144.5
33.9	12.2	312.5	11.3	6.8	1144.5
28.4	7.4	28.0	11.3	1.8	1144.5
13.6	7.4	33.4	11.3	2.5	1144.5
0.1	6.5	379.1	11.4	4.2	1144.5
0.1	7.4	208.6	11.4	3.2	1144.5
4.9	5.0	87.7	11.4	3.1	1144.5
0.0	3.4	323.9	11.5	3.5	1144.5
0.0	4.9	472.8	11.5	4.0	1144.5
1.8	8.9	250.7	11.5	4.5	1145.3
0.4	7.3	265.1	11.5	5.1	1145.3
0.0	7.9	480.2	11.6	5.4	1145.3
0.0	12.0	474.9	11.6	6.3	1145.3
0.0	12.5	486.5	11.6	4.9	1145.3
0.0	9.6	496.7	11.7	5.6	1145.3
0.0	7.4	459.7	11.7	5.0	1145.3
0.0	10.1	509.2	11.7	6.5	1145.3
0.0	12.1	506.9	11.8	7.2	1145.3
0.0	13.7	454.2	11.8	7.3	1145.3
27.9	12.5	200.5	11.8	6.2	1145.3
11.9	14.7	42.2	11.9	4.1	1145.3
14.1	13.1	96.0	11.9	3.8	1145.3
59.9	10.6	30.0	11.9	2.6	1145.3
14.4	10.9	75.5	11.9	2.5	1145.3
0.8	9.6	154.5	12.0	3.9	1145.3
2.6	14.4	410.1	12.0	6.5	1145.3
1.7	13.6	132.3	12.0	3.8	1145.3
7.2	18.8	233.1	12.1	7.3	1145.3
7.4	19.2	59.5	12.1	4.6	1145.3
0.2	14.5	231.2	12.1	7.7	1145.3
30.8	17.9	493.1	12.2	7.9	1145.3
64.7	18.2	56.9	12.2	5.2	1145.3
4.7	14.5	54.2	12.2	4.3	1145.3
0.7	20.3	422.1	12.3	8.5	1145.3
1.6	22.8	212.1	12.3	7.6	1145.3
0.6	21.6	460.0	12.3	12.2	1145.3
0.5	12.7	478.7	12.3	5.7	1145.3
3.8	14.7	368.0	12.4	6.0	1145.3
5.0	15.1	101.2	12.4	7.8	1145.3
10.5	13.0	131.1	12.4	4.8	1145.3
2.0	11.0	79.7	12.5	4.0	1145.9
0.0	15.3	508.0	12.5	7.5	1145.9
0.0	17.5	561.2	12.5	8.0	1145.9
0.0	21.2	455.2	12.6	9.5	1145.9
0.0	25.1	550.9	12.6	9.8	1145.9
11.6	21.1	257.0	12.6	11.5	1145.9
12.8	15.5	46.9	12.6	2.4	1145.9
24.3	16.4	151.6	12.7	5.4	1145.9
0.7	15.6	210.8	12.7	5.0	1145.9
0.2	15.1	240.5	12.7	6.9	1145.9
0.1	14.9	307.3	12.8	6.1	1145.9
9.1	17.9	283.8	12.8	7.3	1145.9
0.1	17.2	378.4	12.8	8.1	1145.9
0.0	21.0	570.1	12.9	9.7	1145.9
0.0	17.8	581.2	12.9	10.3	1145.9
0.0	14.7	602.2	12.9	8.4	1145.9
33.8	16.1	441.9	12.9	8.7	1145.9
4.7	12.9	48.2	13.0	4.3	1145.9
11.0	15.2	124.8	13.0	5.0	1145.9
0.0	16.8	554.7	13.0	8.7	1145.9
0.0	17.1	507.8	13.1	7.4	1145.9
7.4	15.3	107.4	13.1	4.1	1145.9
0.1	17.4	624.0	13.1	9.3	1145.9
0.0	20.0	392.3	13.1	9.8	1145.9
36.0	21.5	191.2	13.2	7.8	1145.9
2.5	22.5	102.5	13.2	7.3	1145.9
0.0	18.1	237.4	13.2	7.1	1145.9
12.9	18.2	471.9	13.2	8.6	1145.9
6.1	18.7	98.3	13.3	9.3	1145.9
17.6	23.6	267.7	13.3	8.4	1145.9
3.1	24.2	426.8	13.3	10.5	1147.0
0.6	25.6	521.6	13.3	10.7	1147.0
29.1	24.9	358.2	13.4	8.2	1147.0
57.4	25.8	444.4	13.4	8.3	1147.0
50.0	24.1	101.3	13.4	8.8	1147.0
3.8	18.7	168.4	13.4	5.8	1147.0
1.2	20.8	446.1	13.5	9.8	1147.0
47.7	14.8	52.4	13.5	5.9	1147.0
0.3	14.4	280.5	13.5	7.1	1147.0
1.5	17.9	465.9	13.5	7.4	1147.0
18.6	17.7	148.5	13.6	6.2	1147.0
19.9	17.6	74.9	13.6	5.3	1147.0
6.1	20.0	157.5	13.6	7.0	1147.0
0.9	19.6	389.4	13.6	7.9	1147.0
2.4	22.0	501.5	13.7	8.4	1147.0
0.6	24.0	521.1	13.7	9.8	1147.0
43.0	22.4	88.2	13.7	7.0	1147.0
25.9	20.3	63.3	13.7	4.7	1147.0
19.7	20.5	91.2	13.7	4.2	1147.0
9.0	20.7	40.6	13.8	5.8	1147.0
2.9	18.9	110.6	13.8	6.0	1147.0
0.0	20.1	439.1	13.8	9.6	1147.0
0.0	22.6	499.4	13.8	10.7	1147.0
24.4	20.8	131.9	13.8	7.4	1147.0
51.6	21.1	57.6	13.8	9.2	1147.0
0.7	22.8	207.3	13.9	9.6	1147.0
0.4	20.3	240.5	13.9	7.0	1147.0
13.8	21.8	276.9	13.9	7.1	1147.0
0.8	20.7	173.0	13.9	7.7	1147.0
0.0	25.1	644.1	13.9	11.6	1147.0
0.0	27.7	627.1	13.9	12.2	1147.0
0.0	27.7	580.4	13.9	11.5	1145.2
17.8	24.8	107.0	14.0	4.7	1145.2
1.3	24.7	266.3	14.0	8.9	1145.2
0.0	27.8	569.0	14.0	11.8	1145.2
1.4	26.4	284.9	14.0	10.0	1145.2
27.8	22.4	73.1	14.0	6.2	1145.2
0.5	24.6	558.3	14.0	10.9	1145.2
8.6	25.3	652.1	14.0	12.1	1145.2
0.0	25.3	638.0	14.0	11.1	1145.2
0.0	24.7	346.9	14.0	9.0	1145.2
0.0	24.5	182.4	14.0	7.7	1145.2
5.8	25.3	190.7	14.1	8.9	1145.2
4.6	23.5	64.9	14.1	5.1	1145.2
1.0	26.9	187.3	14.1	8.7	1145.2
24.1	26.7	272.6	14.1	8.6	1145.2
0.1	27.9	638.8	14.1	12.7	1145.2
0.0	29.0	675.8	14.1	13.0	1145.2
0.0	30.5	670.8	14.1	13.5	1145.2
0.4	30.4	494.5	14.1	12.1	1145.2
6.9	31.5	585.7	14.1	12.1	1145.2
22.4	28.7	373.5	14.1	8.6	1145.2
5.7	27.8	195.3	14.1	8.2	1145.2
37.7	28.2	504.8	14.1	9.7	1145.2
0.1	30.3	549.6	14.1	10.6	1145.2
0.0	28.3	284.2	14.1	10.3	1145.2
0.2	29.0	440.9	14.1	10.6	1145.2
11.3	28.7	426.3	14.1	10.8	1145.2
8.9	27.4	222.7	14.1	7.0	1145.2
13.4	28.2	364.4	14.1	10.3	1145.2
13.6	29.2	561.7	14.1	10.8	1145.2
9.9	29.4	585.0	14.1	11.3	1140.5
7.7	29.8	594.4	14.0	11.0	1140.5
3.3	30.6	616.4	14.0	11.1	1140.5
3.4	31.2	615.2	14.0	11.4	1140.5
5.0	31.2	583.4	14.0	10.8	1140.5
11.1	30.1	564.3	14.0	10.8	1140.5
4.9	30.6	610.9	14.0	12.0	1140.5
24.1	30.0	564.1	14.0	10.9	1140.5
36.6	27.4	441.3	14.0	7.8	1140.5
0.9	26.8	165.0	14.0	6.9	1140.5
0.9	28.3	461.0	14.0	9.4	1140.5
19.3	26.9	233.5	13.9	7.3	1140.5
12.5	27.0	144.4	13.9	6.7	1140.5
22.8	27.5	382.6	13.9	9.2	1140.5
8.9	28.9	616.0	13.9	10.3	1140.5
42.7	28.2	386.5	13.9	9.3	1140.5
35.5	26.4	190.7	13.9	6.8	1140.5
9.6	27.8	375.9	13.9	8.4	1140.5
2.2	28.4	219.3	13.8	7.9	1140.5
1.3	29.1	251.1	13.8	7.6	1140.5
1.6	28.3	192.3	13.8	6.7	1140.5
12.4	28.4	256.5	13.8	8.8	1140.5
10.4	28.0	186.1	13.8	8.8	1140.5
15.1	28.3	310.0	13.8	8.6	1140.5
13.2	29.0	585.6	13.7	10.5	1140.5
4.6	29.6	605.7	13.7	11.0	1140.5
4.0	29.9	614.8	13.7	10.6	1140.5
5.6	30.1	604.3	13.7	11.4	1140.5
9.0	29.9	553.5	13.7	10.8	1140.5
7.8	29.8	482.8	13.6	10.4	1140.5
2.6	31.1	607.0	13.6	11.7	1140.5
4.8	31.0	610.8	13.6	11.7	1140.7
2.8	30.0	599.5	13.6	11.2	1140.7
0.3	29.7	542.8	13.5	10.9	1140.7
1.2	29.7	490.1	13.5	9.6	1140.7
1.4	29.6	395.5	13.5	9.3	1140.7
2.0	29.4	380.0	13.5	8.9	1140.7
1.2	30.1	452.9	13.5	9.6	1140.7
0.6	32.1	572.4	13.4	10.9	1140.7
0.1	33.4	580.8	13.4	12.1	1140.7
12.1	30.9	514.4	13.4	11.4	1140.7
16.9	29.9	507.1	13.4	9.6	1140.7
22.6	29.0	456.3	13.3	9.5	1140.7
4.7	28.4	308.5	13.3	7.4	1140.7
0.9	29.0	453.4	13.3	8.9	1140.7
0.6	29.4	443.1	13.3	9.3	1140.7
11.7	29.5	529.5	13.2	9.8	1140.7
8.1	29.2	470.3	13.2	9.6	1140.7
12.0	29.3	496.4	13.2	8.9	1140.7
5.0	29.8	522.9	13.1	10.5	1140.7
2.0	30.7	570.6	13.1	10.6	1140.7
5.3	30.6	508.6	13.1	9.8	1140.7
6.9	30.3	536.3	13.1	10.9	1140.7
6.8	30.2	542.4	13.0	9.8	1140.7
0.0	30.5	469.5	13.0	10.0	1140.7
0.0	31.6	567.6	13.0	10.5	1140.7
0.0	32.3	572.5	13.0	10.7	1140.7
0.0	33.1	559.0	12.9	11.0	1140.7
15.4	33.0	539.6	12.9	12.6	1140.7
21.8	26.9	471.5	12.9	9.8	1140.7
0.0	25.8	583.5	12.8	9.8	1140.7
0.0	25.8	569.3	12.8	9.4	1140.7
0.0	27.5	528.8	12.8	9.7	1145.0
0.0	28.8	526.0	12.8	11.2	1145.0
0.0	30.3	563.4	12.7	11.8	1145.0
0.0	31.1	554.2	12.7	12.3	1145.0
0.0	31.8	553.9	12.7	12.5	1145.0
0.0	32.1	558.8	12.6	13.5	1145.0
0.0	33.0	548.9	12.6	13.4	1145.0
0.0	33.2	479.3	12.6	12.0	1145.0
0.0	33.1	521.0	12.6	11.8	1145.0
21.8	29.4	438.2	12.5	11.4	1145.0
0.1	28.9	449.6	12.5	8.7	1145.0
0.0	26.6	250.0	12.5	7.1	1145.0
0.0	26.4	214.2	12.4	7.1	1145.0
0.0	28.1	368.6	12.4	8.2	1145.0
0.1	30.1	366.6	12.4	8.4	1145.0
0.2	31.2	308.7	12.3	8.8	1145.0
15.1	28.4	402.2	12.3	9.1	1145.0
24.1	27.4	451.5	12.3	7.9	1145.0
0.7	27.3	451.8	12.3	7.2	1145.0
0.8	26.5	230.0	12.2	6.6	1145.0
0.2	28.0	453.3	12.2	8.2	1145.0
0.7	28.4	409.5	12.2	8.4	1145.0
0.0	28.0	490.4	12.1	8.4	1145.0
0.0	28.6	488.1	12.1	9.6	1145.0
0.0	28.6	496.5	12.1	9.9	1145.0
0.3	29.7	442.5	12.0	8.9	1145.0
0.1	30.1	340.1	12.0	8.9	1145.0
0.0	29.8	473.5	12.0	9.5	1145.0
0.5	29.0	430.3	12.0	9.2	1145.0
0.0	26.5	169.5	11.9	5.8	1145.0
0.0	24.1	44.6	11.9	3.6	1146.4
0.0	25.6	239.3	11.9	6.8	1146.4
0.1	28.2	299.9	11.8	8.1	1146.4
0.1	29.4	378.4	11.8	8.6	1146.4
0.2	28.8	410.8	11.8	9.2	1146.4
0.0	25.6	467.2	11.7	9.1	1146.4
0.0	25.1	472.4	11.7	8.8	1146.4
0.0	24.6	469.7	11.7	9.3	1146.4
0.0	24.7	467.0	11.7	9.2	1146.4
0.0	26.3	453.1	11.6	9.0	1146.4
0.0	27.3	442.4	11.6	8.7	1146.4
0.0	26.0	440.3	11.6	8.3	1146.4
0.0	25.4	403.6	11.5	8.1	1146.4
0.0	26.4	412.2	11.5	8.0	1146.4
0.0	24.8	395.9	11.5	8.6	1146.4
0.0	23.8	439.1	11.4	8.7	1146.4
0.0	23.4	255.3	11.4	6.8	1146.4
0.0	22.1	193.5	11.4	7.6	1146.4
0.0	24.8	429.5	11.4	9.3	1146.4
0.0	25.8	428.4	11.3	9.9	1146.4
0.0	25.7	426.1	11.3	9.5	1146.4
0.0	26.8	414.7	11.3	9.1	1146.4
0.0	26.2	415.1	11.2	9.0	1146.4
0.0	23.8	408.4	11.2	7.9	1146.4
0.0	24.9	404.0	11.2	8.4	1146.4
0.0	25.5	398.2	11.2	8.1	1146.4
0.0	21.9	392.3	11.1	8.0	1146.4
0.0	20.8	399.2	11.1	6.8	1146.4
0.0	21.7	387.9	11.1	6.4	1146.4
0.0	20.0	296.2	11.0	6.1	1146.4
0.0	19.5	386.6	11.0	6.4	1146.4
0.0	21.5	384.4	11.0	6.9	1148.0
0.0	24.2	362.4	11.0	7.1	1148.0
0.3	22.4	100.3	10.9	5.7	1148.0
0.0	24.3	337.6	10.9	7.0	1148.0
0.0	22.3	354.3	10.9	6.6	1148.0
0.0	17.6	122.1	10.9	5.1	1148.0
0.0	13.4	347.5	10.8	4.7	1148.0
0.0	13.5	370.9	10.8	4.9	1148.0
0.0	16.8	317.6	10.8	5.4	1148.0
0.0	15.8	351.6	10.8	5.7	1148.0
0.0	17.5	354.4	10.7	6.3	1148.0
0.0	19.9	305.7	10.7	6.2	1148.0
0.0	18.2	258.8	10.7	5.7	1148.0
0.0	16.6	353.6	10.7	5.6	1148.0
0.0	17.5	350.6	10.6	5.8	1148.0
0.0	17.7	350.9	10.6	6.1	1148.0
0.0	17.2	351.2	10.6	6.2	1148.0
0.0	17.4	342.6	10.6	5.7	1148.0
0.0	16.8	334.6	10.6	5.7	1148.0
0.0	17.0	335.2	10.5	5.7	1148.0
0.0	13.5	340.7	10.5	4.9	1148.0
0.0	12.4	334.1	10.5	4.2	1148.0
0.0	15.4	325.4	10.5	5.2	1148.0
0.0	16.0	320.7	10.5	5.2	1148.0
0.0	17.0	320.9	10.4	5.2	1148.0
0.1	18.3	190.9	10.4	4.9	1148.0
0.0	18.8	233.0	10.4	5.3	1148.0
0.0	17.5	320.7	10.4	5.7	1148.0
0.0	16.9	323.2	10.4	5.7	1148.0
0.2	18.1	316.0	10.4	5.6	1148.0
0.3	17.3	97.8	10.3	3.9	1151.3
0.0	18.5	305.7	10.3	5.5	1151.3
0.0	18.5	310.3	10.3	5.1	1151.3
0.0	21.6	283.9	10.3	5.9	1151.3
0.0	20.7	224.4	10.3	6.3	1151.3
0.0	17.5	315.0	10.3	5.6	1151.3
0.0	18.9	310.1	10.3	6.0	1151.3
0.0	20.1	298.0	10.3	5.5	1151.3
0.3	21.3	288.1	10.2	5.8	1151.3
6.4	18.7	73.8	10.2	5.8	1151.3
6.2	10.4	22.6	10.2	1.7	1151.3
3.6	9.1	40.9	10.2	2.0	1151.3
0.0	12.4	290.9	10.2	4.1	1151.3
0.5	15.4	287.2	10.2	4.9	1151.3
0.0	9.1	253.1	10.2	3.4	1151.3
0.0	10.0	295.0	10.2	3.6	1151.3
0.0	12.2	287.9	10.2	4.4	1151.3
0.0	8.4	279.1	10.2	3.7	1151.3
0.0	10.6	302.6	10.2	4.2	1151.3
0.0	8.2	305.0	10.2	3.5	1151.3
0.0	11.7	305.2	10.2	4.6	1151.3
0.0	16.2	292.8	10.2	5.7	1151.3
0.0	18.7	274.8	10.2	5.5	1151.3
0.0	19.5	290.9	10.2	5.8	1151.3
7.2	18.8	204.2	10.2	6.3	1151.3
6.2	9.6	13.8	10.2	1.5	1151.3
6.0	11.4	38.5	10.2	2.4	1151.3
2.2	7.4	51.0	10.2	2.9	1151.3
0.0	0.3	249.7	10.2	2.2	1151.3
0.0	1.8	316.4	10.2	2.5	1151.3
0.0	8.4	297.1	10.2	4.3	1151.3
0.2	8.4	79.6	10.2	2.6	1155.9
