rain[mm]	temperature[°C]	irradiance[μmol/s/m2]	day_length[h]	PET[mm]	co2[ppm]
0.9	9.9	94.8	10.2	2.8	403.8
0.1	12.9	184.6	10.2	3.8	403.8
0.1	14.7	190.3	10.2	4.3	403.8
3.6	14.6	92.5	10.3	4.1	403.8
0.1	6.2	268.8	10.3	3.4	403.8
0.0	1.5	103.2	10.3	2.2	403.8
0.0	2.9	287.9	10.3	3.0	403.8
0.0	5.4	290.7	10.3	3.2	403.8
15.2	11.4	182.9	10.3	4.1	403.8
8.7	5.8	29.4	10.3	3.8	403.8
0.0	4.7	298.6	10.3	3.0	403.8
0.0	3.8	282.7	10.4	3.1	403.8
4.1	3.4	204.7	10.4	2.5	403.8
0.0	1.7	242.4	10.4	2.4	403.8
0.0	4.1	303.2	10.4	3.2	403.8
0.0	5.4	307.0	10.4	3.6	403.8
0.0	6.4	294.6	10.4	4.5	403.8
0.0	-2.0	308.8	10.5	2.0	403.8
0.0	-1.6	313.3	10.5	2.5	403.8
0.0	-1.7	322.3	10.5	2.7	403.8
0.0	1.1	321.0	10.5	3.5	403.8
0.0	3.3	281.9	10.5	3.1	403.8
10.6	9.0	82.7	10.6	3.6	403.8
2.0	7.0	41.4	10.6	4.2	403.8
0.1	2.5	209.9	10.6	2.6	403.8
0.3	1.2	105.3	10.6	1.4	403.8
6.8	3.4	86.1	10.6	2.0	403.8
28.0	5.9	15.4	10.7	2.3	403.8
19.8	4.5	22.4	10.7	3.4	403.8
0.5	-0.8	125.1	10.7	1.9	403.8
0.1	-0.7	167.2	10.7	2.1	403.8
0.0	-3.4	316.9	10.8	2.2	403.8
0.0	-2.0	350.0	10.8	2.4	403.8
0.0	-1.4	348.6	10.8	2.8	403.8
0.2	2.7	228.6	10.8	3.1	403.8
0.0	3.7	65.8	10.9	2.1	403.8
1.9	6.6	118.9	10.9	3.1	403.8
4.0	6.7	64.6	10.9	2.3	403.8
2.0	4.8	48.1	10.9	1.6	403.8
0.2	5.0	49.6	11.0	1.7	403.8
14.3	6.7	56.2	11.0	2.3	403.8
12.5	5.7	39.0	11.0	2.0	403.8
0.9	9.6	123.9	11.0	4.0	403.8
2.6	17.1	208.8	11.1	5.3	403.8
6.1	9.7	66.2	11.1	6.1	403.8
39.4	3.2	28.4	11.1	1.5	403.8
1.4	0.4	42.2	11.2	2.0	403.8
0.1	0.6	313.8	11.2	2.8	403.8
0.2	4.1	386.6	11.2	4.3	403.8
0.1	5.9	260.9	11.2	4.7	403.8
8.7	10.4	223.2	11.3	5.3	403.8
2.7	11.2	69.1	11.3	3.9	403.8
31.9	13.5	78.0	11.3	4.1	403.8
3.2	6.7	102.9	11.4	5.7	403.8
0.1	0.9	248.0	11.4	3.0	403.8
0.0	3.1	413.9	11.4	3.9	403.8
0.1	5.1	390.3	11.4	4.8	403.8
0.1	8.2	359.0	11.5	6.2	403.8
0.5	13.2	256.2	11.5	6.4	404.4
13.5	16.7	205.5	11.5	5.8	404.4
2.7	9.1	115.2	11.6	5.1	404.4
18.6	8.5	116.3	11.6	3.5	404.4
7.5	9.6	122.7	11.6	4.2	404.4
6.7	7.9	29.9	11.7	6.0	404.4
0.0	5.1	432.9	11.7	4.0	404.4
0.0	5.7	419.4	11.7	4.5	404.4
0.8	8.0	206.2	11.7	4.0	404.4
2.0	6.9	55.2	11.8	3.2	404.4
17.4	10.6	268.1	11.8	5.3	404.4
25.8	8.9	19.8	11.8	1.9	404.4
1.4	10.9	39.6	11.9	4.6	404.4
0.1	18.3	403.7	11.9	7.0	404.4
10.0	15.3	86.5	11.9	7.7	404.4
0.3	11.1	140.6	12.0	5.3	404.4
2.0	13.3	109.8	12.0	8.0	404.4
11.1	6.9	26.9	12.0	2.0	404.4
16.1	7.5	43.6	12.1	2.6	404.4
0.0	5.9	433.7	12.1	5.1	404.4
0.0	5.7	436.3	12.1	3.9	404.4
6.1	3.5	103.3	12.1	2.3	404.4
15.2	5.5	82.1	12.2	2.9	404.4
0.6	6.4	202.7	12.2	3.7	404.4
27.3	10.5	93.3	12.2	5.7	404.4
5.6	12.3	63.1	12.3	3.3	404.4
38.6	11.4	40.9	12.3	3.8	404.4
11.7	13.7	67.4	12.3	6.2	404.4
2.8	8.2	84.2	12.4	3.3	404.4
0.7	9.8	357.1	12.4	5.4	404.4
0.9	6.3	250.0	12.4	5.0	404.4
0.2	5.8	217.6	12.5	4.2	404.8
0.1	11.4	508.7	12.5	7.5	404.8
5.4	16.8	353.7	12.5	8.5	404.8
7.5	15.0	38.3	12.5	7.1	404.8
11.0	9.7	122.6	12.6	4.9	404.8
37.5	7.3	36.0	12.6	2.2	404.8
11.7	6.8	31.0	12.6	3.2	404.8
0.9	6.4	278.1	12.7	5.7	404.8
0.0	10.0	474.9	12.7	6.9	404.8
0.4	9.8	184.2	12.7	6.2	404.8
2.4	14.3	460.6	12.8	7.8	404.8
1.3	17.1	274.7	12.8	7.2	404.8
2.1	18.1	122.9	12.8	6.3	404.8
25.7	11.4	30.6	12.8	8.1	404.8
3.3	7.2	54.9	12.9	2.9	404.8
5.9	11.1	56.3	12.9	5.0	404.8
14.6	9.9	33.4	12.9	5.7	404.8
33.3	7.2	53.3	13.0	3.9	404.8
0.1	9.2	436.6	13.0	5.6	404.8
29.1	10.3	266.5	13.0	4.2	404.8
28.9	14.0	57.3	13.0	8.1	404.8
4.7	20.6	141.8	13.1	6.6	404.8
0.0	23.8	472.9	13.1	9.8	404.8
0.0	24.8	544.9	13.1	9.5	404.8
2.6	24.6	530.2	13.1	10.1	404.8
35.8	17.8	196.5	13.2	12.2	404.8
0.3	12.3	328.0	13.2	6.3	404.8
0.0	13.0	315.7	13.2	6.5	404.8
0.0	15.1	497.1	13.3	8.0	404.8
4.1	11.5	142.5	13.3	5.6	404.8
0.9	11.2	294.3	13.3	6.6	405.3
0.0	12.1	512.1	13.3	6.7	405.3
1.2	11.6	170.3	13.4	4.6	405.3
0.3	12.0	364.4	13.4	7.0	405.3
0.0	13.5	602.6	13.4	8.6	405.3
5.1	16.3	431.2	13.4	7.7	405.3
2.5	15.4	64.4	13.5	5.4	405.3
1.6	14.2	150.5	13.5	6.3	405.3
0.9	13.6	59.1	13.5	4.3	405.3
0.1	16.4	373.8	13.5	7.6	405.3
7.6	16.9	180.9	13.6	6.4	405.3
1.0	17.7	60.4	13.6	4.1	405.3
0.1	18.4	407.2	13.6	10.2	405.3
0.1	20.5	544.6	13.6	10.2	405.3
3.5	20.5	425.7	13.6	9.1	405.3
5.6	16.8	110.3	13.7	7.9	405.3
0.1	17.7	311.0	13.7	7.2	405.3
0.4	19.6	261.1	13.7	7.9	405.3
0.1	19.6	363.0	13.7	9.2	405.3
24.5	16.7	72.5	13.7	4.4	405.3
0.6	16.6	94.0	13.8	4.2	405.3
0.2	18.2	342.2	13.8	8.7	405.3
0.5	19.4	263.0	13.8	8.1	405.3
0.6	17.8	251.1	13.8	8.6	405.3
0.0	20.0	586.0	13.8	10.6	405.3
0.0	21.9	563.2	13.9	11.5	405.3
0.0	24.0	598.9	13.9	11.1	405.3
0.0	21.9	565.0	13.9	11.2	405.3
0.6	23.4	573.8	13.9	9.8	405.3
1.3	19.6	208.0	13.9	7.3	405.3
0.0	21.6	452.1	13.9	10.0	405.3
11.3	20.6	207.9	13.9	10.6	404.4
0.6	17.0	120.3	14.0	5.2	404.4
14.7	22.2	280.6	14.0	9.8	404.4
9.1	19.1	73.5	14.0	7.8	404.4
0.1	21.7	570.9	14.0	11.5	404.4
0.0	22.8	608.8	14.0	12.0	404.4
0.0	24.5	537.8	14.0	12.0	404.4
22.1	24.5	420.9	14.0	9.0	404.4
7.6	24.0	244.5	14.0	7.5	404.4
3.5	24.5	307.6	14.0	9.0	404.4
9.9	25.3	260.3	14.0	8.9	404.4
15.5	25.5	371.8	14.1	10.7	404.4
9.6	24.8	385.0	14.1	9.0	404.4
6.3	23.5	125.4	14.1	6.6	404.4
3.7	21.3	40.6	14.1	4.9	404.4
0.0	21.1	305.3	14.1	8.6	404.4
6.4	22.4	445.1	14.1	10.4	404.4
11.7	18.6	74.4	14.1	4.2	404.4
14.8	22.4	86.3	14.1	7.9	404.4
13.1	23.3	48.2	14.1	5.7	404.4
0.6	21.8	67.6	14.1	6.0	404.4
0.1	23.1	386.3	14.1	9.2	404.4
12.9	24.1	399.7	14.1	7.5	404.4
4.5	24.7	378.6	14.1	8.3	404.4
21.5	23.6	301.2	14.1	7.9	404.4
0.9	25.3	472.9	14.1	11.4	404.4
2.4	26.9	587.7	14.1	12.2	404.4
2.0	27.3	594.4	14.1	11.4	404.4
12.4	26.5	486.5	14.1	9.8	404.4
20.8	26.1	384.8	14.1	9.2	404.4
13.7	25.8	408.0	14.1	9.0	401.7
11.0	25.3	493.6	14.1	9.7	401.7
11.4	24.9	398.7	14.0	8.6	401.7
11.3	25.0	383.2	14.0	9.8	401.7
9.2	25.6	450.4	14.0	9.8	401.7
6.1	26.6	472.8	14.0	10.3	401.7
10.7	26.3	458.4	14.0	10.8	401.7
20.8	25.7	298.5	14.0	8.7	401.7
24.4	25.4	382.9	14.0	9.5	401.7
22.9	25.5	315.0	14.0	8.7	401.7
10.3	25.7	248.6	14.0	8.4	401.7
12.8	26.4	451.3	14.0	9.5	401.7
19.4	26.5	538.6	13.9	9.5	401.7
17.8	26.2	439.2	13.9	9.2	401.7
13.9	26.3	405.0	13.9	8.9	401.7
11.8	27.1	394.3	13.9	8.9	401.7
9.0	25.9	154.0	13.9	8.0	401.7
8.6	26.7	500.0	13.9	10.1	401.7
3.2	24.0	146.6	13.9	8.2	401.7
1.0	23.0	75.0	13.8	5.3	401.7
13.4	24.9	351.3	13.8	9.2	401.7
15.8	25.7	330.4	13.8	9.7	401.7
20.5	26.3	500.6	13.8	9.6	401.7
2.1	26.5	349.4	13.8	8.6	401.7
14.0	26.7	544.0	13.7	9.8	401.7
12.5	26.2	430.9	13.7	9.3	401.7
8.5	26.2	509.9	13.7	9.6	401.7
3.4	26.4	561.2	13.7	9.7	401.7
10.4	26.6	563.4	13.7	9.7	401.7
4.9	27.0	554.5	13.6	10.5	401.7
10.4	27.0	521.2	13.6	10.4	401.7
7.0	27.0	489.8	13.6	9.8	399.3
8.0	27.4	528.5	13.6	10.4	399.3
1.3	27.7	571.6	13.6	10.5	399.3
7.1	27.2	563.1	13.5	10.8	399.3
1.4	27.7	537.9	13.5	11.0	399.3
6.2	27.5	527.9	13.5	10.1	399.3
7.2	27.4	495.2	13.5	9.8	399.3
4.3	27.5	503.2	13.4	10.5	399.3
7.7	27.0	525.8	13.4	9.8	399.3
10.8	27.1	497.3	13.4	9.9	399.3
7.5	27.0	513.0	13.4	10.8	399.3
6.2	26.8	536.5	13.3	10.1	399.3
11.0	26.4	494.8	13.3	9.5	399.3
4.7	26.4	480.1	13.3	9.6	399.3
14.0	26.0	499.8	13.3	8.9	399.3
6.3	25.8	412.6	13.2	8.5	399.3
2.7	25.7	374.1	13.2	7.4	399.3
4.0	24.9	129.0	13.2	5.9	399.3
3.8	24.6	42.6	13.2	3.8	399.3
2.3	24.2	39.7	13.1	1.9	399.3
0.7	24.6	107.2	13.1	5.5	399.3
0.5	23.9	167.0	13.1	7.3	399.3
0.2	24.7	521.1	13.1	9.6	399.3
0.1	25.3	531.2	13.0	10.2	399.3
0.0	25.9	539.6	13.0	10.5	399.3
0.2	26.5	527.4	13.0	10.5	399.3
0.0	26.6	527.9	12.9	10.9	399.3
0.0	25.5	521.6	12.9	10.3	399.3
0.0	26.1	496.3	12.9	9.6	399.3
0.0	27.3	484.1	12.9	9.4	399.3
8.2	24.8	502.7	12.8	9.9	399.3
0.2	25.8	477.6	12.8	8.4	398.5
0.0	25.1	243.7	12.8	8.4	398.5
0.0	25.7	328.9	12.7	8.0	398.5
4.1	25.1	95.8	12.7	6.9	398.5
1.3	24.5	190.8	12.7	6.9	398.5
0.3	22.2	205.0	12.7	6.8	398.5
0.0	22.4	466.4	12.6	8.0	398.5
0.1	25.3	357.2	12.6	8.4	398.5
10.3	25.4	388.4	12.6	8.5	398.5
0.0	25.6	472.4	12.5	8.8	398.5
0.0	22.8	462.3	12.5	8.7	398.5
0.0	23.8	474.7	12.5	7.9	398.5
4.8	24.4	197.1	12.4	7.7	398.5
17.6	23.9	225.7	12.4	7.0	398.5
2.8	22.9	44.9	12.4	3.7	398.5
12.2	23.1	158.4	12.4	4.5	398.5
13.8	22.8	116.2	12.3	4.8	398.5
7.1	23.3	293.6	12.3	6.9	398.5
6.5	23.6	332.6	12.3	7.5	398.5
0.3	23.8	324.2	12.2	7.4	398.5
0.2	24.8	383.7	12.2	7.7	398.5
0.5	24.4	352.8	12.2	6.9	398.5
0.5	22.6	251.6	12.1	6.3	398.5
0.0	21.7	363.9	12.1	6.3	398.5
0.0	19.7	327.7	12.1	7.6	398.5
0.0	18.6	454.4	12.1	7.1	398.5
3.4	19.2	191.3	12.0	5.5	398.5
2.5	18.7	44.0	12.0	4.2	398.5
1.1	20.9	86.9	12.0	5.0	398.5
0.1	19.9	335.6	11.9	7.1	398.5
0.0	20.2	323.4	11.9	7.9	398.9
0.1	21.5	424.6	11.9	8.2	398.9
0.0	21.8	417.9	11.8	8.6	398.9
0.0	18.1	405.1	11.8	7.4	398.9
0.0	18.3	438.2	11.8	8.0	398.9
0.0	20.6	381.5	11.8	7.6	398.9
0.0	15.8	238.7	11.7	5.9	398.9
0.0	16.7	429.0	11.7	7.2	398.9
0.0	17.0	425.8	11.7	7.0	398.9
0.0	18.0	416.0	11.6	7.4	398.9
0.0	18.6	407.4	11.6	7.5	398.9
0.0	19.2	403.2	11.6	7.7	398.9
0.0	19.5	398.2	11.5	7.0	398.9
0.0	18.8	385.1	11.5	6.9	398.9
0.0	18.4	366.2	11.5	7.1	398.9
0.0	18.0	398.4	11.5	7.1	398.9
0.0	15.2	397.8	11.4	6.0	398.9
0.6	17.1	383.6	11.4	6.2	398.9
0.3	18.2	164.6	11.4	5.3	398.9
0.0	15.9	381.6	11.3	6.7	398.9
0.8	18.8	308.0	11.3	6.8	398.9
19.8	16.0	39.6	11.3	4.9	398.9
15.1	10.8	24.5	11.3	2.9	398.9
0.0	9.0	313.5	11.2	3.9	398.9
0.0	9.2	267.3	11.2	3.4	398.9
0.1	10.9	198.5	11.2	4.5	398.9
0.0	7.9	370.7	11.1	4.9	398.9
0.0	6.8	380.7	11.1	4.2	398.9
0.0	8.4	360.7	11.1	4.8	398.9
0.1	11.3	310.9	11.1	5.4	398.9
0.1	12.2	312.8	11.0	5.4	398.9
0.0	12.8	321.4	11.0	5.1	401.2
0.0	12.4	135.4	11.0	4.7	401.2
0.0	12.5	317.5	10.9	5.2	401.2
0.0	14.5	341.7	10.9	5.5	401.2
0.0	15.6	275.0	10.9	6.0	401.2
0.0	16.8	306.4	10.9	5.5	401.2
0.0	11.7	328.9	10.8	4.9	401.2
0.0	11.3	343.4	10.8	4.7	401.2
0.0	7.4	344.4	10.8	4.0	401.2
0.0	9.3	340.2	10.8	4.9	401.2
0.0	12.5	325.2	10.7	5.4	401.2
0.0	13.0	114.7	10.7	4.2	401.2
0.0	13.0	257.8	10.7	5.4	401.2
0.0	12.3	329.7	10.7	4.5	401.2
0.0	8.6	332.4	10.7	4.7	401.2
0.0	9.4	332.6	10.6	5.2	401.2
0.0	12.1	325.3	10.6	5.4	401.2
0.0	9.0	284.8	10.6	4.2	401.2
0.0	11.0	312.6	10.6	5.3	401.2
0.0	14.7	314.6	10.5	6.3	401.2
0.0	8.8	321.2	10.5	4.5	401.2
0.0	11.3	298.7	10.5	4.6	401.2
0.0	12.4	298.4	10.5	5.0	401.2
0.0	10.8	295.6	10.5	4.7	401.2
0.0	7.7	299.2	10.4	4.0	401.2
0.0	10.0	295.1	10.4	4.2	401.2
0.0	8.5	247.2	10.4	4.0	401.2
0.0	8.8	288.1	10.4	4.3	401.2
0.0	9.5	283.5	10.4	4.4	401.2
0.0	9.1	290.7	10.4	4.2	401.2
0.0	9.7	285.5	10.3	4.1	403.4
23.0	9.8	28.7	10.3	2.2	403.4
29.8	8.8	25.1	10.3	1.5	403.4
3.0	9.4	24.1	10.3	1.5	403.4
2.2	10.0	91.5	10.3	2.9	403.4
0.1	6.2	83.2	10.3	2.5	403.4
0.1	6.3	213.7	10.3	3.2	403.4
0.2	8.7	222.5	10.3	3.5	403.4
0.4	9.1	125.5	10.3	3.5	403.4
0.5	13.9	161.4	10.2	3.9	403.4
7.9	14.6	67.0	10.2	3.1	403.4
3.8	8.0	21.7	10.2	2.8	403.4
2.7	3.1	30.0	10.2	1.8	403.4
0.0	2.5	139.2	10.2	1.4	403.4
2.0	2.7	65.2	10.2	1.2	403.4
0.3	3.4	103.0	10.2	2.4	403.4
0.0	1.7	258.2	10.2	2.0	403.4
2.1	3.8	212.0	10.2	2.5	403.4
4.7	5.3	30.1	10.2	1.8	403.4
0.1	4.1	271.3	10.2	3.1	403.4
0.4	5.6	236.1	10.2	3.2	403.4
22.8	7.5	37.9	10.2	2.0	403.4
0.0	3.0	213.1	10.2	3.3	403.4
0.0	-0.7	282.1	10.2	2.2	403.4
1.7	2.3	277.0	10.2	2.6	403.4
0.1	-0.3	89.2	10.2	2.2	403.4
0.0	-3.6	284.9	10.2	1.5	403.4
0.0	-4.8	284.7	10.2	1.6	403.4
0.0	-3.1	283.4	10.2	1.9	403.4
0.0	-0.8	244.6	10.2	2.4	403.4
0.0	4.5	235.8	10.2	3.1	403.4
0.0	2.9	263.8	10.2	3.2	405.5
0.0	0.2	282.4	10.2	2.3	405.5
2.8	0.4	65.4	10.2	1.9	405.5
0.0	0.3	289.3	10.2	2.3	405.5
0.0	0.8	290.2	10.3	2.4	405.5
0.0	-4.5	297.0	10.3	1.6	405.5
0.0	-1.6	302.6	10.3	2.7	405.5
0.0	1.2	293.0	10.3	3.4	405.5
0.0	3.9	215.5	10.3	3.2	405.5
0.0	0.6	299.6	10.3	2.7	405.5
0.0	-1.6	305.3	10.3	2.6	405.5
0.0	0.9	297.4	10.3	3.1	405.5
0.0	5.6	205.1	10.3	3.5	405.5
0.8	8.3	116.6	10.4	3.4	405.5
9.2	2.5	27.8	10.4	2.9	405.5
0.0	-2.5	307.3	10.4	2.2	405.5
0.0	-3.1	312.2	10.4	2.3	405.5
0.0	-0.6	306.0	10.4	3.0	405.5
0.0	2.3	304.2	10.4	3.5	405.5
0.0	6.2	308.1	10.5	4.0	405.5
0.1	10.4	292.8	10.5	5.0	405.5
0.0	7.8	311.4	10.5	4.4	405.5
0.0	11.4	303.0	10.5	5.7	405.5
1.4	8.9	250.3	10.5	5.6	405.5
0.0	0.4	230.8	10.6	1.8	405.5
0.0	0.6	251.7	10.6	2.3	405.5
2.1	3.4	68.9	10.6	2.0	405.5
9.4	3.8	73.7	10.6	2.3	405.5
0.1	2.8	106.7	10.7	2.6	405.5
10.1	6.3	111.3	10.7	3.1	405.5
24.3	4.7	41.2	10.7	4.2	405.5
0.0	-1.4	348.1	10.7	2.0	406.7
0.0	0.5	341.9	10.8	2.4	406.7
0.4	1.9	319.1	10.8	2.6	406.7
0.1	-0.5	236.4	10.8	2.4	406.7
0.0	-0.5	355.7	10.8	2.6	406.7
0.0	0.2	358.4	10.9	3.0	406.7
0.0	2.6	359.0	10.9	4.0	406.7
0.0	4.7	363.9	10.9	4.6	406.7
0.0	5.8	216.1	10.9	4.2	406.7
0.0	2.4	371.8	11.0	3.9	406.7
0.0	5.2	365.1	11.0	4.6	406.7
0.0	8.5	275.2	11.0	5.2	406.7
0.0	10.1	320.1	11.0	5.8	406.7
0.0	12.6	209.1	11.1	5.7	406.7
0.2	13.1	246.6	11.1	6.3	406.7
0.8	15.4	362.2	11.1	7.2	406.7
27.3	5.8	77.3	11.1	4.4	406.7
1.2	3.1	78.9	11.2	2.1	406.7
0.1	8.5	191.1	11.2	3.9	406.7
0.6	15.9	354.7	11.2	6.0	406.7
10.4	16.1	86.7	11.3	3.9	406.7
21.4	7.9	50.8	11.3	5.0	406.7
0.2	6.0	172.7	11.3	3.5	406.7
0.3	10.9	325.9	11.4	5.7	406.7
6.2	14.6	117.1	11.4	5.1	406.7
10.0	8.6	24.8	11.4	4.8	406.7
4.4	5.3	38.6	11.4	2.2	406.7
0.0	5.5	227.7	11.5	2.8	406.7
1.0	7.8	160.8	11.5	3.7	406.7
0.3	10.1	187.4	11.5	5.0	407.5
0.1	14.2	332.9	11.6	7.2	407.5
6.1	16.2	375.3	11.6	7.0	407.5
9.3	9.7	29.0	11.6	5.7	407.5
9.4	5.9	50.7	11.6	2.2	407.5
0.6	8.6	232.8	11.7	4.5	407.5
7.6	10.2	83.6	11.7	2.9	407.5
16.2	11.8	43.3	11.7	4.0	407.5
9.5	10.2	83.8	11.8	2.9	407.5
20.2	9.8	42.8	11.8	5.4	407.5
0.6	5.6	97.8	11.8	2.8	407.5
0.3	7.0	221.7	11.9	4.4	407.5
2.0	12.5	325.9	11.9	7.4	407.5
7.2	7.3	101.8	11.9	4.5	407.5
0.0	4.3	261.6	12.0	3.5	407.5
2.4	5.2	268.6	12.0	3.1	407.5
1.8	7.5	127.0	12.0	3.8	407.5
40.4	9.1	34.4	12.0	2.9	407.5
7.2	9.0	56.7	12.1	2.8	407.5
23.7	8.5	194.2	12.1	3.0	407.5
13.5	7.3	33.0	12.1	4.7	407.5
0.1	6.8	295.3	12.2	4.7	407.5
2.4	11.8	285.7	12.2	5.9	407.5
7.5	16.9	246.0	12.2	7.9	407.5
2.7	13.4	76.1	12.3	2.5	407.5
5.9	18.7	294.2	12.3	8.5	407.5
7.1	20.8	427.4	12.3	8.5	407.5
2.0	13.8	83.3	12.4	5.3	407.5
0.1	19.8	350.5	12.4	9.0	407.5
0.4	21.0	367.0	12.4	8.7	407.5
0.0	22.8	398.3	12.4	9.4	407.5
1.5	18.1	338.5	12.5	11.5	408.2
0.4	10.3	390.6	12.5	4.8	408.2
4.4	21.8	440.5	12.5	11.2	408.2
5.9	10.2	60.3	12.6	8.9	408.2
6.6	8.0	197.4	12.6	3.7	408.2
21.3	8.0	87.0	12.6	3.0	408.2
16.5	8.8	31.1	12.7	3.1	408.2
6.0	8.7	111.3	12.7	4.1	408.2
1.8	8.0	273.0	12.7	4.1	408.2
12.4	6.8	69.0	12.7	1.9	408.2
0.5	8.3	399.2	12.8	5.5	408.2
0.0	9.5	380.5	12.8	6.4	408.2
6.4	10.0	197.6	12.8	5.2	408.2
12.4	7.4	56.0	12.9	1.2	408.2
15.6	7.6	41.0	12.9	2.0	408.2
0.8	10.5	341.6	12.9	5.9	408.2
0.0	10.7	258.2	12.9	5.6	408.2
28.2	13.1	166.3	13.0	5.4	408.2
0.5	13.8	230.6	13.0	5.6	408.2
0.1	16.9	492.4	13.0	9.1	408.2
0.1	18.1	483.7	13.1	9.1	408.2
0.2	15.7	202.6	13.1	6.2	408.2
0.0	18.7	575.7	13.1	10.2	408.2
0.0	21.3	522.3	13.1	9.9	408.2
23.9	21.1	259.7	13.2	8.4	408.2
8.1	21.1	238.4	13.2	7.4	408.2
0.0	23.2	464.8	13.2	10.9	408.2
0.2	24.3	546.7	13.3	10.8	408.2
26.6	22.2	333.8	13.3	11.3	408.2
24.0	14.1	83.4	13.3	4.4	408.2
34.3	12.9	36.5	13.3	4.5	408.9
2.2	10.3	54.1	13.4	3.7	408.9
1.4	13.3	519.5	13.4	7.1	408.9
11.4	13.2	168.2	13.4	5.6	408.9
0.6	14.2	191.8	13.4	6.9	408.9
0.1	17.5	525.5	13.5	9.3	408.9
11.3	19.5	283.6	13.5	8.3	408.9
0.0	13.9	500.8	13.5	9.4	408.9
0.0	15.0	616.5	13.5	9.9	408.9
0.3	17.9	449.6	13.5	8.5	408.9
0.3	16.4	96.8	13.6	4.9	408.9
0.6	18.3	398.3	13.6	8.8	408.9
12.2	17.3	166.6	13.6	5.9	408.9
0.7	17.3	184.5	13.6	5.5	408.9
18.2	21.2	386.3	13.7	9.3	408.9
0.8	20.3	220.1	13.7	9.5	408.9
2.4	22.1	457.1	13.7	9.9	408.9
0.0	23.5	510.6	13.7	10.0	408.9
8.9	23.2	338.5	13.7	8.5	408.9
26.4	20.4	31.9	13.8	5.9	408.9
3.8	18.5	59.4	13.8	3.9	408.9
4.8	18.7	108.4	13.8	4.1	408.9
2.9	19.7	136.1	13.8	5.4	408.9
0.7	19.3	360.1	13.8	8.9	408.9
0.1	19.6	605.6	13.8	9.7	408.9
0.0	19.1	573.7	13.9	9.5	408.9
2.9	19.6	510.1	13.9	10.2	408.9
0.0	21.6	581.2	13.9	11.2	408.9
0.0	23.0	606.9	13.9	11.9	408.9
0.0	23.1	621.6	13.9	10.5	408.9
0.1	24.9	584.9	13.9	10.8	408.9
56.4	19.4	236.1	14.0	11.9	408.2
0.0	15.9	481.4	14.0	8.5	408.2
0.1	16.9	633.8	14.0	9.5	408.2
0.0	19.2	611.7	14.0	10.0	408.2
0.1	21.8	543.4	14.0	11.2	408.2
0.1	24.4	583.7	14.0	11.0	408.2
0.1	24.8	392.0	14.0	10.7	408.2
1.5	25.0	517.8	14.0	10.6	408.2
19.4	22.3	70.1	14.0	4.5	408.2
1.0	23.9	496.2	14.0	10.1	408.2
0.1	23.9	505.9	14.0	9.6	408.2
0.0	23.6	608.1	14.1	10.7	408.2
0.4	25.3	593.3	14.1	10.4	408.2
15.9	24.0	194.1	14.1	7.5	408.2
0.2	21.4	235.8	14.1	8.1	408.2
2.1	21.8	617.8	14.1	10.2	408.2
1.8	23.5	594.7	14.1	11.2	408.2
1.5	24.4	531.5	14.1	10.8	408.2
0.0	22.8	149.3	14.1	9.5	408.2
7.7	21.7	193.4	14.1	6.0	408.2
11.0	22.9	138.4	14.1	5.8	408.2
10.5	23.1	113.8	14.1	5.6	408.2
18.6	23.7	279.3	14.1	8.1	408.2
26.2	23.4	156.4	14.1	6.0	408.2
16.8	23.0	106.9	14.1	5.5	408.2
4.0	24.0	199.0	14.1	7.3	408.2
2.9	24.5	186.6	14.1	7.7	408.2
15.4	24.1	157.2	14.1	6.8	408.2
17.2	24.7	289.2	14.1	8.0	408.2
1.0	23.9	84.0	14.1	4.3	408.2
0.8	24.5	205.3	14.1	7.6	405.4
5.6	25.9	431.2	14.0	10.5	405.4
1.2	26.0	353.2	14.0	9.4	405.4
2.2	25.9	441.1	14.0	10.1	405.4
0.0	25.2	322.9	14.0	9.4	405.4
14.0	24.9	512.0	14.0	9.9	405.4
9.0	25.7	537.8	14.0	10.3	405.4
8.5	26.4	476.5	14.0	10.5	405.4
7.8	26.2	331.6	14.0	9.6	405.4
13.0	26.0	309.5	14.0	9.0	405.4
0.9	25.0	151.9	14.0	6.4	405.4
1.1	25.3	198.7	13.9	6.8	405.4
15.2	26.1	447.8	13.9	10.8	405.4
14.1	26.4	519.7	13.9	9.7	405.4
11.3	26.5	450.5	13.9	9.6	405.4
15.3	26.4	403.1	13.9	8.7	405.4
15.4	26.7	433.5	13.9	9.2	405.4
15.9	26.9	534.7	13.9	9.6	405.4
7.8	27.0	574.1	13.8	10.6	405.4
4.9	26.7	590.2	13.8	11.1	405.4
0.0	26.8	594.2	13.8	10.8	405.4
0.4	26.5	533.4	13.8	10.2	405.4
0.5	26.2	487.5	13.8	10.1	405.4
0.1	27.0	554.9	13.8	10.2	405.4
2.9	27.8	540.4	13.7	11.1	405.4
11.0	27.0	447.6	13.7	9.9	405.4
13.0	26.8	448.9	13.7	9.5	405.4
9.9	26.6	337.5	13.7	8.9	405.4
11.8	26.6	390.2	13.7	9.2	405.4
11.0	25.8	445.6	13.6	10.4	405.4
14.6	25.6	456.0	13.6	9.2	405.4
5.3	26.4	527.6	13.6	10.6	403.0
4.1	26.8	549.2	13.6	10.6	403.0
4.1	26.9	568.8	13.5	10.4	403.0
4.4	26.9	572.9	13.5	11.1	403.0
0.0	27.4	562.3	13.5	10.5	403.0
8.9	26.7	532.5	13.5	9.9	403.0
0.1	27.2	560.1	13.4	10.2	403.0
0.0	27.8	574.2	13.4	10.1	403.0
0.0	28.3	569.7	13.4	10.7	403.0
0.0	28.0	560.5	13.4	10.9	403.0
0.0	26.9	446.5	13.4	10.5	403.0
0.0	27.8	576.6	13.3	11.1	403.0
0.0	28.9	555.0	13.3	10.8	403.0
2.1	28.6	424.7	13.3	9.6	403.0
1.0	28.2	403.8	13.2	9.5	403.0
5.8	27.5	462.2	13.2	10.0	403.0
3.9	27.7	498.8	13.2	10.3	403.0
0.3	28.1	501.5	13.2	9.8	403.0
3.4	27.6	494.5	13.1	10.2	403.0
13.7	26.7	369.5	13.1	9.4	403.0
14.5	26.4	341.6	13.1	8.7	403.0
0.2	27.8	502.1	13.1	9.5	403.0
0.1	27.8	530.8	13.0	9.6	403.0
0.0	27.9	531.0	13.0	10.2	403.0
0.0	28.7	484.4	13.0	9.1	403.0
0.0	28.7	423.5	12.9	10.3	403.0
0.0	29.0	526.5	12.9	11.0	403.0
0.0	29.4	526.1	12.9	11.2	403.0
0.0	30.3	522.3	12.9	12.2	403.0
0.0	29.7	520.3	12.8	11.3	403.0
0.0	29.3	519.7	12.8	10.8	403.0
0.0	29.2	514.6	12.8	10.6	402.4
12.3	27.1	453.5	12.7	10.1	402.4
0.5	25.0	93.4	12.7	5.3	402.4
9.5	24.8	224.2	12.7	8.0	402.4
16.5	25.2	397.2	12.7	8.7	402.4
21.4	24.2	315.7	12.6	7.4	402.4
1.0	22.2	52.9	12.6	4.2	402.4
2.1	22.9	229.4	12.6	6.7	402.4
0.0	21.6	184.0	12.5	6.5	402.4
0.0	21.3	397.8	12.5	8.1	402.4
0.0	21.3	498.6	12.5	7.9	402.4
0.1	21.8	490.5	12.5	8.5	402.4
0.0	22.6	483.2	12.4	9.0	402.4
0.0	22.0	466.0	12.4	9.0	402.4
0.0	23.3	475.4	12.4	9.5	402.4
0.0	24.2	449.0	12.3	9.3	402.4
0.1	23.8	368.8	12.3	9.1	402.4
0.0	24.4	401.8	12.3	8.3	402.4
0.3	25.2	338.4	12.2	7.6	402.4
0.1	24.4	418.8	12.2	7.9	402.4
0.0	22.4	458.6	12.2	8.2	402.4
0.0	21.8	424.8	12.2	8.4	402.4
0.0	22.5	361.3	12.1	7.8	402.4
0.0	23.4	451.1	12.1	9.0	402.4
0.0	23.1	423.4	12.1	9.2	402.4
0.0	24.0	448.7	12.0	8.8	402.4
0.0	21.7	423.2	12.0	8.6	402.4
0.0	20.1	418.0	12.0	6.2	402.4
0.2	19.7	205.5	11.9	7.0	402.4
0.0	18.7	446.0	11.9	7.5	402.4
0.0	17.7	439.6	11.9	7.7	402.7
0.0	18.1	425.8	11.9	7.8	402.7
0.0	18.7	437.1	11.8	7.8	402.7
0.0	18.4	389.2	11.8	6.3	402.7
0.0	18.0	353.0	11.8	7.2	402.7
0.0	18.9	433.8	11.7	7.8	402.7
0.0	18.7	428.2	11.7	8.2	402.7
0.0	20.0	415.7	11.7	8.2	402.7
0.0	21.0	413.3	11.6	8.2	402.7
0.0	22.0	416.6	11.6	8.5	402.7
0.0	14.9	413.8	11.6	5.8	402.7
0.0	14.6	411.7	11.6	7.0	402.7
0.0	16.0	379.8	11.5	7.1	402.7
0.0	18.0	398.2	11.5	7.4	402.7
0.0	19.4	386.8	11.5	7.1	402.7
0.0	19.5	367.4	11.4	6.8	402.7
0.7	19.4	154.1	11.4	5.1	402.7
0.2	19.6	179.2	11.4	6.4	402.7
0.0	21.2	364.2	11.3	7.3	402.7
0.1	20.5	246.4	11.3	6.3	402.7
0.2	19.4	320.9	11.3	6.2	402.7
0.0	19.1	346.6	11.3	7.2	402.7
0.0	15.1	387.3	11.2	6.4	402.7
0.0	15.1	386.7	11.2	6.1	402.7
0.0	18.0	312.3	11.2	6.4	402.7
0.2	18.3	307.7	11.1	5.6	402.7
0.0	19.1	240.5	11.1	5.6	402.7
0.0	17.5	224.4	11.1	5.5	402.7
0.0	16.6	275.6	11.1	5.9	402.7
0.0	16.8	349.0	11.0	5.2	402.7
0.0	15.0	212.6	11.0	5.7	402.7
0.0	16.1	346.9	11.0	6.3	404.8
0.0	14.7	352.0	11.0	6.6	404.8
0.0	13.2	357.9	10.9	5.9	404.8
0.0	14.9	286.1	10.9	5.9	404.8
0.0	17.5	249.4	10.9	5.6	404.8
0.0	18.1	176.1	10.9	5.3	404.8
0.0	19.1	187.4	10.8	5.1	404.8
0.1	18.8	270.4	10.8	5.8	404.8
0.0	19.1	309.9	10.8	5.7	404.8
0.0	19.4	225.7	10.8	5.8	404.8
4.6	19.4	253.9	10.7	5.6	404.8
11.7	11.2	17.4	10.7	4.7	404.8
0.1	7.7	328.9	10.7	3.8	404.8
0.0	9.3	316.9	10.7	4.3	404.8
0.0	10.9	272.0	10.6	4.8	404.8
0.0	11.1	312.0	10.6	5.2	404.8
0.0	12.2	313.6	10.6	5.5	404.8
0.0	13.1	310.2	10.6	5.5	404.8
0.0	9.5	139.2	10.6	2.9	404.8
0.1	10.8	211.7	10.5	3.6	404.8
2.0	14.6	139.4	10.5	4.0	404.8
0.0	17.7	189.5	10.5	4.7	404.8
0.0	19.5	258.4	10.5	5.1	404.8
0.0	19.6	281.8	10.5	5.4	404.8
0.0	19.6	261.1	10.4	5.2	404.8
14.0	17.2	226.0	10.4	6.0	404.8
11.2	8.4	21.8	10.4	2.9	404.8
0.5	4.7	104.2	10.4	1.9	404.8
1.5	7.5	131.3	10.4	2.5	404.8
0.4	8.4	115.9	10.4	2.4	404.8
2.7	15.2	170.0	10.3	4.5	406.9
1.5	17.1	84.5	10.3	3.7	406.9
0.7	16.3	52.0	10.3	2.8	406.9
2.9	18.7	209.9	10.3	4.3	406.9
9.7	10.1	57.0	10.3	5.0	406.9
0.0	-0.9	57.4	10.3	2.0	406.9
0.0	-2.2	291.0	10.3	1.3	406.9
0.0	0.8	286.8	10.3	2.4	406.9
0.0	0.3	287.6	10.2	2.4	406.9
0.0	3.4	281.0	10.2	3.3	406.9
0.1	5.7	272.3	10.2	3.8	406.9
0.1	4.7	259.5	10.2	3.1	406.9
1.0	9.7	251.7	10.2	4.1	406.9
0.1	6.1	154.6	10.2	2.9	406.9
0.0	2.7	190.3	10.2	2.4	406.9
0.0	4.9	151.8	10.2	2.7	406.9
0.0	6.1	270.9	10.2	3.2	406.9
0.0	5.3	273.4	10.2	3.5	406.9
0.0	4.9	246.8	10.2	3.4	406.9
0.0	7.2	275.0	10.2	3.9	406.9
0.0	5.0	257.5	10.2	2.9	406.9
0.0	6.4	103.3	10.2	2.6	406.9
0.0	7.3	210.5	10.2	3.9	406.9
0.0	7.8	270.8	10.2	4.1	406.9
0.0	9.7	271.2	10.2	4.5	406.9
13.9	9.8	108.4	10.2	3.2	406.9
11.9	8.6	21.3	10.2	1.6	406.9
2.3	7.7	34.8	10.2	1.5	406.9
0.1	8.0	193.9	10.2	2.7	406.9
2.6	11.4	243.8	10.2	3.9	406.9
1.8	7.7	49.4	10.2	2.5	406.9
1.3	7.2	66.0	10.2	1.5	408.8
8.7	7.8	64.0	10.2	1.6	408.8
4.0	3.1	13.9	10.2	2.4	408.8
7.4	2.5	86.2	10.2	1.9	408.8
0.7	-0.3	156.7	10.3	2.2	408.8
0.0	-3.5	152.5	10.3	1.3	408.8
0.3	-5.3	204.8	10.3	0.8	408.8
0.0	-0.0	296.2	10.3	2.4	408.8
0.0	-3.8	296.4	10.3	1.6	408.8
0.0	-4.5	302.4	10.3	1.4	408.8
0.0	-5.0	292.3	10.3	1.6	408.8
0.0	-4.9	305.6	10.3	1.5	408.8
0.0	-1.0	299.8	10.4	2.4	408.8
0.0	-1.6	308.0	10.4	2.4	408.8
0.1	2.7	304.6	10.4	3.5	408.8
0.0	4.5	175.4	10.4	3.4	408.8
0.0	-0.9	314.6	10.4	2.3	408.8
0.0	0.2	311.5	10.4	2.9	408.8
1.3	-0.0	161.2	10.5	2.0	408.8
0.3	0.3	131.2	10.5	2.0	408.8
0.0	2.9	308.7	10.5	3.0	408.8
6.2	2.8	76.1	10.5	2.1	408.8
0.3	3.7	188.1	10.5	3.2	408.8
0.0	-0.0	330.9	10.6	2.9	408.8
0.0	-2.1	267.1	10.6	1.8	408.8
0.0	-1.6	325.5	10.6	2.5	408.8
0.0	3.1	330.4	10.6	3.9	408.8
0.0	6.8	335.9	10.7	4.6	408.8
0.0	6.4	290.3	10.7	3.8	408.8
0.0	3.8	334.9	10.7	3.3	408.8
0.0	5.7	340.3	10.7	4.8	408.8
0.0	7.2	343.8	10.7	4.8	409.9
0.0	9.8	345.0	10.8	5.9	409.9
0.0	12.7	347.5	10.8	6.5	409.9
4.0	16.1	332.8	10.8	6.3	409.9
4.2	5.4	29.2	10.8	5.2	409.9
0.0	0.3	251.0	10.9	2.0	409.9
0.1	0.9	137.8	10.9	1.9	409.9
0.0	1.4	210.8	10.9	2.9	409.9
0.0	3.6	363.1	10.9	3.4	409.9
0.0	3.5	251.6	11.0	3.9	409.9
10.3	7.0	371.5	11.0	4.8	409.9
0.3	3.4	93.5	11.0	3.5	409.9
0.0	-1.8	323.6	11.1	2.5	409.9
0.0	2.3	385.0	11.1	3.6	409.9
0.0	4.8	308.0	11.1	4.1	409.9
0.0	6.4	381.2	11.1	4.6	409.9
0.0	7.3	147.7	11.2	3.8	409.9
0.0	6.3	370.6	11.2	4.5	409.9
0.0	4.0	318.0	11.2	3.4	409.9
0.0	1.1	391.6	11.3	3.5	409.9
0.0	2.3	402.7	11.3	3.4	409.9
0.2	4.8	169.5	11.3	3.3	409.9
7.0	4.3	152.4	11.3	3.6	409.9
0.3	3.8	124.9	11.4	3.1	409.9
0.0	0.3	423.1	11.4	3.2	409.9
0.0	-2.2	433.4	11.4	2.7	409.9
0.0	1.0	264.5	11.5	3.2	409.9
0.0	2.3	425.1	11.5	4.4	409.9
0.0	5.7	418.2	11.5	5.2	410.5
0.0	7.1	437.1	11.6	6.1	410.5
0.0	10.3	435.8	11.6	7.2	410.5
3.0	10.9	83.3	11.6	4.6	410.5
10.3	12.0	99.4	11.6	5.5	410.5
0.4	5.8	75.1	11.7	3.7	410.5
0.0	9.1	425.5	11.7	5.4	410.5
7.9	12.6	300.7	11.7	7.2	410.5
15.4	10.1	305.4	11.8	5.7	410.5
12.9	2.0	37.0	11.8	2.9	410.5
0.0	2.9	451.4	11.8	3.9	410.5
0.0	3.5	410.6	11.9	3.9	410.5
0.0	4.7	324.0	11.9	4.9	410.5
0.0	11.0	424.0	11.9	6.9	410.5
0.0	9.5	479.1	11.9	6.3	410.5
0.0	12.7	472.8	12.0	7.5	410.5
0.0	16.0	477.8	12.0	8.4	410.5
0.0	18.6	475.9	12.0	9.8	410.5
0.0	20.7	486.8	12.1	9.6	410.5
0.0	20.1	356.0	12.1	9.0	410.5
4.4	20.6	349.5	12.1	11.6	410.5
0.0	11.0	464.9	12.2	6.2	410.5
5.0	10.8	132.8	12.2	4.2	410.5
0.7	18.3	197.6	12.2	8.3	410.5
7.8	16.9	152.5	12.3	8.1	410.5
1.0	11.7	174.7	12.3	4.3	410.5
3.1	15.5	306.3	12.3	6.6	410.5
0.2	13.1	178.8	12.3	6.2	410.5
0.0	11.1	335.7	12.4	5.5	410.5
0.1	9.9	189.6	12.4	4.0	410.5
39.6	9.5	43.4	12.4	3.1	410.5
29.8	12.7	38.8	12.5	5.4	411.1
0.0	10.5	433.2	12.5	6.4	411.1
0.0	12.3	500.8	12.5	7.6	411.1
0.0	15.6	510.9	12.6	8.7	411.1
0.9	18.2	317.5	12.6	8.5	411.1
0.0	19.3	492.8	12.6	8.6	411.1
0.3	22.2	225.4	12.6	7.9	411.1
0.0	26.0	507.0	12.7	9.0	411.1
1.2	25.2	482.4	12.7	12.3	411.1
6.6	9.5	67.0	12.7	9.0	411.1
0.0	9.7	546.5	12.8	6.6	411.1
0.1	14.7	462.3	12.8	8.1	411.1
23.9	15.8	105.6	12.8	4.4	411.1
17.2	16.3	70.8	12.9	6.5	411.1
14.6	12.7	479.0	12.9	7.0	411.1
0.6	14.4	141.0	12.9	6.9	411.1
0.2	12.3	282.1	12.9	7.6	411.1
0.0	11.3	510.6	13.0	7.3	411.1
33.9	12.3	163.8	13.0	5.5	411.1
0.0	9.0	362.4	13.0	5.5	411.1
10.3	10.1	318.4	13.1	4.7	411.1
11.6	11.7	61.5	13.1	4.7	411.1
0.0	12.6	165.2	13.1	6.4	411.1
0.0	11.9	391.0	13.1	5.9	411.1
10.8	10.1	42.4	13.2	3.7	411.1
4.2	14.6	149.8	13.2	6.3	411.1
24.3	17.7	133.1	13.2	9.6	411.1
3.4	6.6	65.7	13.2	5.0	411.1
0.0	12.6	490.6	13.3	8.4	411.1
0.4	16.1	227.9	13.3	7.6	411.1
0.0	13.9	476.3	13.3	6.8	411.6
3.4	11.9	123.1	13.3	4.5	411.6
0.2	16.5	457.4	13.4	8.7	411.6
2.4	19.7	420.6	13.4	8.7	411.6
0.0	21.4	292.8	13.4	8.4	411.6
0.3	23.6	453.5	13.4	8.5	411.6
9.9	23.3	164.6	13.5	4.7	411.6
7.3	23.1	74.8	13.5	5.0	411.6
15.8	22.9	87.3	13.5	6.6	411.6
0.9	22.2	419.8	13.5	10.9	411.6
0.4	18.1	247.9	13.6	7.2	411.6
11.4	16.9	115.0	13.6	5.2	411.6
1.5	16.0	83.0	13.6	4.1	411.6
8.1	17.3	90.6	13.6	4.5	411.6
1.1	18.3	139.1	13.7	6.5	411.6
1.1	22.6	490.0	13.7	9.1	411.6
6.4	23.0	147.8	13.7	6.9	411.6
8.8	23.9	275.3	13.7	9.8	411.6
5.9	25.3	559.9	13.7	11.2	411.6
9.3	25.1	499.9	13.8	9.4	411.6
19.8	24.9	323.6	13.8	8.9	411.6
8.7	22.2	99.2	13.8	9.2	411.6
0.6	17.2	51.4	13.8	5.7	411.6
2.6	16.8	47.9	13.8	4.6	411.6
4.2	20.2	134.0	13.8	8.2	411.6
6.0	18.2	67.4	13.9	4.1	411.6
9.3	19.8	69.5	13.9	5.7	411.6
9.5	22.0	73.1	13.9	5.6	411.6
3.6	25.7	499.2	13.9	11.3	411.6
16.2	25.2	443.4	13.9	9.5	411.6
3.2	23.6	110.6	13.9	6.4	411.6
16.7	23.5	152.3	13.9	6.7	410.7
9.1	24.9	477.5	14.0	9.9	410.7
15.0	20.1	455.2	14.0	12.1	410.7
0.1	19.2	394.1	14.0	8.3	410.7
0.1	21.6	609.6	14.0	11.0	410.7
0.1	23.3	450.3	14.0	10.5	410.7
0.1	25.0	577.9	14.0	11.4	410.7
17.4	22.8	98.5	14.0	6.2	410.7
2.2	22.4	51.2	14.0	4.8	410.7
0.7	20.4	59.5	14.0	5.0	410.7
0.6	21.0	173.0	14.0	8.3	410.7
0.0	23.6	510.6	14.1	11.2	410.7
0.0	25.2	602.0	14.1	11.4	410.7
0.0	23.9	420.7	14.1	10.1	410.7
0.0	25.2	612.6	14.1	11.0	410.7
0.0	26.5	627.0	14.1	11.0	410.7
4.0	27.2	582.1	14.1	11.0	410.7
18.1	25.2	487.6	14.1	9.4	410.7
5.0	22.8	74.4	14.1	4.6	410.7
1.0	23.4	137.6	14.1	6.4	410.7
0.7	23.4	373.1	14.1	9.2	410.7
0.6	24.1	321.2	14.1	8.0	410.7
7.8	25.0	251.4	14.1	8.3	410.7
0.1	25.0	133.1	14.1	6.8	410.7
0.3	26.1	470.8	14.1	10.1	410.7
4.0	25.8	341.6	14.1	9.2	410.7
10.3	25.7	444.5	14.1	8.7	410.7
21.0	25.7	387.3	14.1	9.5	410.7
21.0	25.6	361.6	14.1	8.9	410.7
24.0	26.2	402.9	14.1	9.3	410.7
16.4	26.0	294.8	14.1	7.9	407.8
10.4	25.5	193.1	14.0	7.3	407.8
2.6	26.6	413.1	14.0	8.8	407.8
13.3	26.7	442.1	14.0	9.7	407.8
3.5	27.5	583.1	14.0	11.7	407.8
5.8	27.0	578.2	14.0	10.7	407.8
13.4	26.1	376.4	14.0	9.2	407.8
14.2	25.9	321.5	14.0	8.9	407.8
3.2	26.6	545.6	14.0	11.0	407.8
2.4	27.0	593.2	14.0	12.0	407.8
14.0	25.9	611.9	14.0	10.0	407.8
1.6	26.3	532.7	13.9	10.5	407.8
1.2	26.8	556.3	13.9	10.8	407.8
6.2	27.1	550.6	13.9	11.1	407.8
17.5	26.1	405.2	13.9	9.1	407.8
17.3	26.3	398.5	13.9	8.7	407.8
23.5	26.2	420.1	13.9	9.6	407.8
13.7	26.2	365.4	13.9	8.9	407.8
14.6	26.0	365.0	13.8	9.1	407.8
10.7	25.9	399.8	13.8	10.1	407.8
11.1	26.0	467.9	13.8	9.8	407.8
5.4	27.1	574.5	13.8	10.1	407.8
8.3	26.6	484.7	13.8	10.0	407.8
11.4	26.4	520.0	13.8	10.9	407.8
11.2	26.4	341.8	13.7	8.7	407.8
14.6	26.4	328.3	13.7	9.1	407.8
15.9	25.8	317.9	13.7	8.7	407.8
4.7	25.3	220.4	13.7	7.4	407.8
8.3	25.8	435.8	13.7	8.7	407.8
2.5	24.4	67.0	13.6	5.6	407.8
0.8	24.3	336.6	13.6	8.2	407.8
0.7	24.8	248.4	13.6	7.7	405.5
0.1	25.8	348.1	13.6	8.8	405.5
0.2	26.8	408.1	13.5	9.3	405.5
11.5	26.6	407.4	13.5	8.7	405.5
13.1	26.6	484.6	13.5	9.9	405.5
15.6	25.5	353.8	13.5	9.3	405.5
2.9	26.1	469.0	13.5	9.4	405.5
0.1	26.7	468.1	13.4	10.3	405.5
1.3	26.7	425.8	13.4	10.1	405.5
3.7	27.1	545.9	13.4	11.0	405.5
10.1	26.6	525.8	13.4	10.5	405.5
0.9	27.4	532.4	13.3	10.0	405.5
13.8	26.6	423.2	13.3	9.4	405.5
11.8	25.9	482.1	13.3	9.1	405.5
4.2	26.1	421.5	13.3	8.8	405.5
6.8	26.6	494.5	13.2	8.8	405.5
9.0	26.7	494.7	13.2	9.4	405.5
4.8	26.7	428.4	13.2	9.0	405.5
4.7	27.5	459.2	13.1	9.8	405.5
9.6	27.0	504.8	13.1	9.7	405.5
15.3	26.4	375.6	13.1	9.0	405.5
7.6	22.7	76.3	13.1	6.6	405.5
4.1	21.4	238.0	13.0	5.8	405.5
6.1	20.7	46.3	13.0	3.9	405.5
3.9	24.2	280.0	13.0	8.4	405.5
1.6	24.6	90.8	13.0	4.3	405.5
1.2	25.2	172.1	12.9	6.7	405.5
5.0	25.2	292.4	12.9	7.4	405.5
1.0	25.6	353.1	12.9	8.0	405.5
0.4	26.4	460.3	12.8	8.5	405.5
0.0	27.2	460.9	12.8	9.3	405.5
3.9	26.9	485.5	12.8	10.0	404.9
0.0	26.6	501.4	12.8	9.6	404.9
1.2	26.0	463.5	12.7	7.8	404.9
1.5	24.4	264.6	12.7	7.3	404.9
0.7	24.9	421.9	12.7	8.4	404.9
0.1	25.5	443.1	12.6	9.4	404.9
0.0	25.1	461.7	12.6	9.5	404.9
0.0	25.1	505.0	12.6	10.0	404.9
0.3	26.9	462.4	12.5	9.4	404.9
0.1	27.9	476.3	12.5	9.2	404.9
9.5	26.5	471.4	12.5	8.9	404.9
0.2	27.2	435.0	12.5	8.2	404.9
0.0	27.7	462.3	12.4	8.8	404.9
0.1	27.6	465.8	12.4	8.5	404.9
0.1	22.7	116.8	12.4	7.8	404.9
1.6	24.1	447.1	12.3	8.3	404.9
0.0	24.5	397.1	12.3	8.2	404.9
0.1	25.9	432.8	12.3	9.0	404.9
0.1	25.5	242.7	12.3	7.4	404.9
0.0	26.5	317.5	12.2	8.7	404.9
0.5	23.0	164.7	12.2	8.6	404.9
0.0	18.4	335.6	12.2	6.5	404.9
0.0	17.6	290.1	12.1	6.0	404.9
0.0	18.7	447.3	12.1	7.8	404.9
0.0	18.5	465.8	12.1	8.0	404.9
0.0	18.6	375.5	12.0	7.5	404.9
0.0	20.2	386.3	12.0	7.7	404.9
0.0	21.6	443.7	12.0	8.8	404.9
0.0	19.9	445.0	11.9	8.5	404.9
0.0	19.7	453.3	11.9	8.3	404.9
0.0	19.3	440.7	11.9	8.2	405.2
0.0	19.9	432.7	11.9	8.1	405.2
0.0	21.3	376.4	11.8	7.3	405.2
0.0	19.8	426.3	11.8	7.8	405.2
0.0	17.2	306.8	11.8	7.7	405.2
0.0	18.8	439.1	11.7	8.1	405.2
0.0	19.1	433.2	11.7	8.3	405.2
0.0	18.6	431.7	11.7	7.6	405.2
0.0	18.7	358.3	11.6	8.2	405.2
0.0	18.7	420.6	11.6	8.2	405.2
0.0	19.1	415.4	11.6	8.0	405.2
0.0	19.2	408.1	11.6	8.0	405.2
0.0	20.1	403.3	11.5	8.1	405.2
0.0	19.8	390.9	11.5	8.1	405.2
0.0	20.0	399.1	11.5	7.9	405.2
0.0	21.1	394.6	11.4	7.5	405.2
0.2	22.4	378.5	11.4	7.5	405.2
0.0	18.7	144.7	11.4	5.4	405.2
0.0	16.9	370.8	11.4	6.7	405.2
0.0	15.7	395.1	11.3	6.1	405.2
0.0	16.7	352.5	11.3	5.8	405.2
0.0	17.2	326.2	11.3	6.0	405.2
0.0	17.8	265.4	11.2	5.5	405.2
0.0	18.6	308.3	11.2	6.4	405.2
0.0	19.5	359.7	11.2	7.2	405.2
0.0	21.7	343.4	11.2	7.1	405.2
1.3	15.4	119.7	11.1	6.1	405.2
0.0	13.5	369.6	11.1	5.0	405.2
0.0	13.7	366.1	11.1	5.9	405.2
0.0	14.3	308.9	11.0	5.4	405.2
0.0	13.8	368.4	11.0	5.9	405.2
0.0	15.0	361.0	11.0	6.4	407.3
0.0	16.3	345.7	11.0	6.7	407.3
0.0	16.1	314.4	10.9	5.2	407.3
0.0	15.4	244.4	10.9	4.3	407.3
1.9	16.6	190.0	10.9	4.5	407.3
1.5	14.2	41.0	10.9	2.8	407.3
0.0	13.1	164.2	10.8	4.7	407.3
0.0	15.4	303.6	10.8	5.3	407.3
0.2	14.9	248.2	10.8	4.4	407.3
0.0	14.8	293.0	10.8	5.2	407.3
1.7	15.0	243.8	10.7	4.5	407.3
0.6	13.5	52.0	10.7	3.7	407.3
0.2	15.3	268.1	10.7	5.1	407.3
1.5	18.4	120.4	10.7	4.8	407.3
8.0	16.8	32.9	10.6	2.8	407.3
7.1	12.8	13.0	10.6	3.9	407.3
3.9	10.2	20.7	10.6	2.2	407.3
11.2	12.8	37.1	10.6	3.2	407.3
1.1	6.6	54.0	10.6	2.7	407.3
0.0	6.4	176.8	10.5	2.1	407.3
26.4	5.0	40.6	10.5	2.1	407.3
58.5	6.5	20.9	10.5	2.8	407.3
3.8	5.4	34.8	10.5	2.4	407.3
0.2	4.7	302.8	10.5	3.3	407.3
0.1	6.1	247.8	10.4	3.7	407.3
0.1	7.0	270.7	10.4	3.9	407.3
0.1	9.0	270.9	10.4	4.2	407.3
0.7	8.7	278.2	10.4	4.3	407.3
0.0	3.3	149.1	10.4	1.9	407.3
0.0	6.1	286.2	10.4	3.0	407.3
33.9	10.2	85.7	10.3	2.5	409.5
6.4	10.0	56.5	10.3	2.5	409.5
3.5	7.0	24.4	10.3	2.7	409.5
0.4	1.2	102.3	10.3	2.1	409.5
0.0	-0.3	281.6	10.3	1.9	409.5
0.8	4.8	149.0	10.3	3.0	409.5
0.0	4.1	166.2	10.3	2.3	409.5
0.0	2.7	285.2	10.3	2.7	409.5
0.0	1.3	286.1	10.2	2.8	409.5
0.1	2.3	252.5	10.2	3.1	409.5
0.1	3.3	242.8	10.2	3.6	409.5
0.2	5.2	264.7	10.2	3.7	409.5
0.6	5.5	132.9	10.2	2.5	409.5
0.3	6.6	62.9	10.2	1.9	409.5
0.1	6.8	189.1	10.2	3.1	409.5
0.4	6.1	215.6	10.2	3.0	409.5
0.2	6.4	204.2	10.2	3.2	409.5
0.6	7.2	112.1	10.2	2.5	409.5
1.0	8.9	142.9	10.2	2.7	409.5
1.4	7.4	69.3	10.2	2.6	409.5
0.4	4.6	138.7	10.2	3.1	409.5
0.1	5.9	254.2	10.2	3.7	409.5
0.0	9.2	252.4	10.2	3.8	409.5
1.3	12.6	60.0	10.2	3.4	409.5
2.3	13.1	53.1	10.2	3.0	409.5
2.3	13.8	185.1	10.2	4.4	409.5
11.9	7.3	19.3	10.2	2.1	409.5
2.4	6.8	22.1	10.2	1.6	409.5
1.4	9.2	111.4	10.2	2.6	409.5
3.4	11.7	45.1	10.2	2.7	409.5
1.0	11.3	52.8	10.2	2.4	409.5
1.7	12.0	23.3	10.2	1.6	411.5
1.1	12.8	36.2	10.2	1.8	411.5
5.0	11.2	34.1	10.2	3.5	411.5
6.0	8.5	15.4	10.2	1.0	411.5
4.1	7.6	13.7	10.3	1.1	411.5
4.0	8.5	18.2	10.3	2.0	411.5
16.4	9.9	26.4	10.3	3.9	411.5
0.8	2.1	59.6	10.3	1.5	411.5
0.0	0.2	295.1	10.3	2.5	411.5
0.0	-2.5	300.5	10.3	2.0	411.5
0.0	-0.6	189.7	10.3	1.9	411.5
0.0	2.3	136.5	10.3	2.2	411.5
0.6	3.4	54.2	10.4	2.2	411.5
13.1	2.8	19.8	10.4	1.7	411.5
0.2	-0.4	120.1	10.4	1.9	411.5
0.2	-2.2	244.3	10.4	1.3	411.5
0.0	0.1	314.6	10.4	2.2	411.5
0.0	0.1	307.1	10.4	2.6	411.5
0.0	-0.5	316.4	10.5	2.5	411.5
0.0	2.2	307.6	10.5	3.5	411.5
0.0	2.5	233.9	10.5	3.1	411.5
0.5	3.6	229.6	10.5	2.5	411.5
0.1	1.4	103.4	10.5	2.2	411.5
0.0	3.2	324.4	10.6	3.0	411.5
0.0	6.2	325.8	10.6	3.8	411.5
0.0	4.0	330.3	10.6	3.7	411.5
0.0	8.5	330.5	10.6	4.8	411.5
0.0	8.4	334.6	10.6	4.8	411.5
0.0	10.9	337.3	10.7	5.6	411.5
0.0	12.9	326.4	10.7	6.1	411.5
0.0	15.0	235.6	10.7	6.4	411.5
14.4	6.5	80.3	10.7	5.8	412.5
3.5	-0.8	45.8	10.8	1.1	412.5
10.4	0.6	132.2	10.8	1.8	412.5
7.2	0.8	38.2	10.8	1.2	412.5
9.8	2.7	72.0	10.8	1.8	412.5
6.6	1.8	51.8	10.9	1.2	412.5
0.2	3.6	152.9	10.9	2.6	412.5
2.0	9.8	163.0	10.9	4.3	412.5
7.8	7.7	14.1	10.9	3.8	412.5
47.5	2.5	17.8	11.0	2.2	412.5
13.3	1.7	33.7	11.0	1.7	412.5
7.3	5.5	67.4	11.0	2.4	412.5
11.9	4.1	13.6	11.1	1.6	412.5
4.9	2.5	21.4	11.1	1.6	412.5
12.4	1.6	35.2	11.1	1.0	412.5
15.8	2.6	24.7	11.1	2.1	412.5
12.1	1.7	53.2	11.2	2.0	412.5
1.3	1.9	78.9	11.2	1.7	412.5
0.0	1.3	352.7	11.2	3.4	412.5
0.0	0.4	238.3	11.2	3.0	412.5
4.5	6.2	350.9	11.3	4.1	412.5
7.8	7.4	37.2	11.3	2.6	412.5
6.9	5.7	89.0	11.3	2.2	412.5
0.5	5.0	261.6	11.4	4.0	412.5
1.6	9.1	300.5	11.4	4.7	412.5
12.0	11.3	49.7	11.4	5.4	412.5
2.6	7.3	79.8	11.5	2.9	412.5
0.5	5.5	125.8	11.5	2.2	412.5
25.3	6.2	98.9	11.5	2.6	413.2
5.7	7.0	75.1	11.5	2.1	413.2
1.7	5.6	49.5	11.6	3.1	413.2
18.5	6.0	160.2	11.6	3.0	413.2
18.9	8.4	38.6	11.6	3.0	413.2
29.5	9.2	44.5	11.7	3.2	413.2
7.1	12.2	147.5	11.7	6.7	413.2
3.6	4.9	100.6	11.7	1.8	413.2
5.8	8.9	289.2	11.8	4.8	413.2
1.0	9.9	261.1	11.8	4.9	413.2
33.0	6.0	51.4	11.8	2.5	413.2
21.9	3.3	32.4	11.8	2.9	413.2
0.0	1.7	406.2	11.9	4.0	413.2
0.0	1.6	435.2	11.9	3.7	413.2
11.0	5.8	221.4	11.9	4.2	413.2
0.5	3.2	221.8	12.0	4.4	413.2
0.0	3.1	480.6	12.0	4.4	413.2
0.0	8.2	360.0	12.0	5.8	413.2
0.0	10.8	480.7	12.1	5.6	413.2
0.0	8.8	485.6	12.1	5.5	413.2
3.7	13.3	325.8	12.1	7.4	413.2
4.3	13.8	102.5	12.2	5.2	413.2
0.0	8.0	462.1	12.2	5.6	413.2
7.4	9.8	480.7	12.2	5.4	413.2
19.0	8.1	41.7	12.2	3.6	413.2
0.1	8.8	216.3	12.3	5.0	413.2
11.6	12.7	281.9	12.3	6.3	413.2
43.1	7.9	30.6	12.3	5.2	413.2
8.6	3.3	35.9	12.4	2.0	413.2
17.6	3.7	56.1	12.4	3.0	413.2
25.2	8.1	64.8	12.4	3.4	413.2
31.4	7.6	41.0	12.5	4.1	413.9
2.1	4.7	77.7	12.5	2.9	413.9
0.0	5.8	356.0	12.5	5.2	413.9
0.0	7.2	434.5	12.6	5.7	413.9
0.0	7.4	442.4	12.6	6.6	413.9
0.0	9.2	505.5	12.6	7.2	413.9
0.0	13.9	449.7	12.6	7.9	413.9
0.1	14.5	380.0	12.7	8.2	413.9
0.1	17.5	470.3	12.7	9.4	413.9
18.5	16.5	72.4	12.7	4.6	413.9
49.7	17.4	54.1	12.8	6.7	413.9
2.4	15.8	128.1	12.8	9.7	413.9
20.2	15.9	528.5	12.8	7.7	413.9
26.2	19.9	126.7	12.8	9.4	413.9
43.6	9.9	52.2	12.9	5.9	413.9
27.9	9.1	27.5	12.9	3.0	413.9
22.6	7.8	26.1	12.9	3.5	413.9
0.8	5.7	73.2	13.0	3.6	413.9
0.0	6.9	583.9	13.0	6.5	413.9
0.0	11.1	550.2	13.0	6.7	413.9
0.2	9.0	110.7	13.0	5.2	413.9
0.2	14.2	532.6	13.1	9.1	413.9
0.2	17.6	483.3	13.1	9.8	413.9
14.9	20.8	474.4	13.1	9.1	413.9
9.9	10.4	70.3	13.2	9.3	413.9
0.0	11.5	391.7	13.2	6.4	413.9
0.0	12.7	199.9	13.2	5.7	413.9
0.0	14.1	461.7	13.2	8.0	413.9
0.0	15.4	550.8	13.3	7.6	413.9
5.1	13.5	89.1	13.3	4.5	413.9
2.1	13.9	97.7	13.3	5.6	414.4
0.6	18.9	578.4	13.3	8.1	414.4
0.0	15.7	599.5	13.4	8.7	414.4
0.0	17.2	591.9	13.4	10.2	414.4
27.0	21.1	550.1	13.4	11.5	414.4
0.3	15.4	337.1	13.4	7.8	414.4
0.1	17.4	593.7	13.5	9.5	414.4
0.0	19.3	599.3	13.5	10.8	414.4
0.0	21.1	605.1	13.5	10.3	414.4
0.0	23.6	554.8	13.5	11.0	414.4
57.1	23.5	474.9	13.6	8.9	414.4
4.1	22.3	75.9	13.6	5.6	414.4
37.6	24.1	489.6	13.6	9.2	414.4
28.0	24.1	256.7	13.6	8.8	414.4
9.3	22.5	472.5	13.6	11.2	414.4
23.9	16.8	259.1	13.7	9.1	414.4
57.6	13.8	53.4	13.7	7.2	414.4
13.5	21.3	107.8	13.7	8.6	414.4
2.4	22.5	219.2	13.7	8.4	414.4
0.0	23.3	584.5	13.7	10.5	414.4
0.0	19.1	611.6	13.8	8.7	414.4
0.0	19.2	552.6	13.8	9.5	414.4
0.0	21.7	606.7	13.8	10.8	414.4
0.0	23.8	569.9	13.8	10.8	414.4
7.4	21.6	171.2	13.8	5.8	414.4
11.5	21.2	148.1	13.9	10.0	414.4
0.1	16.6	629.8	13.9	9.0	414.4
0.0	20.5	477.6	13.9	10.2	414.4
2.8	22.3	313.1	13.9	9.3	414.4
0.0	22.3	595.2	13.9	10.4	414.4
0.4	20.7	203.4	13.9	8.3	414.4
0.1	23.6	528.0	13.9	10.2	413.6
0.1	26.1	455.4	14.0	10.0	413.6
5.9	24.3	113.3	14.0	7.1	413.6
26.3	20.7	72.2	14.0	8.5	413.6
3.7	17.0	22.3	14.0	3.7	413.6
0.0	16.8	66.4	14.0	3.9	413.6
0.0	18.7	291.6	14.0	7.9	413.6
0.0	21.3	581.9	14.0	11.1	413.6
0.0	20.2	548.4	14.0	8.4	413.6
0.0	22.0	362.7	14.0	8.3	413.6
0.0	20.7	218.0	14.0	8.6	413.6
0.0	23.7	426.5	14.1	9.6	413.6
0.0	23.3	408.1	14.1	10.4	413.6
23.0	21.4	258.0	14.1	7.8	413.6
3.2	21.2	49.1	14.1	5.7	413.6
0.6	24.0	219.2	14.1	8.5	413.6
8.1	25.3	431.2	14.1	10.0	413.6
9.1	26.0	397.9	14.1	10.3	413.6
11.8	25.8	352.0	14.1	9.8	413.6
10.1	25.2	215.5	14.1	8.1	413.6
16.8	25.1	228.2	14.1	7.7	413.6
4.0	22.4	55.2	14.1	6.3	413.6
0.5	23.0	260.6	14.1	7.6	413.6
0.7	25.5	471.1	14.1	9.8	413.6
0.2	26.2	584.6	14.1	10.9	413.6
8.1	26.3	485.6	14.1	9.9	413.6
39.0	23.7	28.1	14.1	4.4	413.6
10.6	22.4	27.3	14.1	4.7	413.6
14.2	22.3	83.6	14.1	4.5	413.6
31.2	23.8	279.2	14.1	9.7	413.6
5.7	20.2	68.0	14.1	5.1	410.7
0.6	21.2	354.5	14.0	8.3	410.7
54.2	20.0	61.3	14.0	4.2	410.7
2.9	19.7	40.2	14.0	3.1	410.7
0.2	22.6	160.4	14.0	7.8	410.7
9.9	24.9	316.2	14.0	9.1	410.7
20.5	25.3	417.5	14.0	10.5	410.7
3.8	26.4	464.5	14.0	10.5	410.7
17.0	26.3	423.5	14.0	9.9	410.7
13.1	26.2	411.6	14.0	9.8	410.7
17.5	25.9	308.8	14.0	8.5	410.7
28.0	25.4	464.0	14.0	9.1	410.7
1.1	26.0	425.1	13.9	9.7	410.7
1.1	26.4	362.5	13.9	9.4	410.7
3.4	26.1	508.4	13.9	10.9	410.7
0.1	26.4	526.6	13.9	10.1	410.7
0.1	26.9	544.1	13.9	10.2	410.7
7.1	26.5	569.7	13.9	10.3	410.7
20.3	25.7	343.6	13.8	7.8	410.7
13.1	26.5	554.2	13.8	10.3	410.7
13.7	26.4	546.4	13.8	10.4	410.7
9.8	26.5	441.3	13.8	9.7	410.7
13.4	26.2	453.3	13.8	9.6	410.7
17.4	25.9	395.2	13.8	8.8	410.7
16.3	26.0	287.2	13.7	8.7	410.7
19.1	26.1	373.6	13.7	9.2	410.7
15.4	26.2	439.3	13.7	9.8	410.7
8.9	26.6	532.9	13.7	10.4	410.7
14.3	26.8	515.1	13.7	9.4	410.7
9.4	27.1	468.6	13.6	9.6	410.7
3.9	27.7	453.8	13.6	10.0	410.7
2.1	28.2	548.1	13.6	10.9	408.3
0.0	28.7	541.4	13.6	11.3	408.3
0.0	28.8	585.0	13.6	11.1	408.3
3.3	28.4	574.0	13.5	10.9	408.3
9.5	27.4	520.9	13.5	10.6	408.3
10.5	26.8	487.4	13.5	9.9	408.3
13.1	25.8	457.9	13.5	8.9	408.3
22.2	25.2	293.1	13.4	7.7	408.3
14.2	26.0	450.0	13.4	9.1	408.3
8.7	26.5	539.4	13.4	9.8	408.3
5.6	27.0	552.2	13.4	10.3	408.3
8.3	26.9	500.0	13.3	9.2	408.3
7.5	26.8	475.7	13.3	9.1	408.3
5.3	27.3	522.1	13.3	10.0	408.3
9.1	26.8	405.4	13.3	8.8	408.3
7.1	27.0	493.9	13.2	9.4	408.3
10.0	26.6	466.7	13.2	9.4	408.3
12.9	25.9	409.8	13.2	9.1	408.3
7.6	25.1	321.7	13.2	8.4	408.3
15.4	25.5	383.3	13.1	8.7	408.3
3.6	25.4	440.0	13.1	9.0	408.3
2.0	24.8	257.6	13.1	7.8	408.3
16.8	24.1	490.6	13.0	8.1	408.3
0.6	24.2	489.7	13.0	8.3	408.3
0.8	24.4	460.0	13.0	8.7	408.3
0.4	24.9	451.4	13.0	8.6	408.3
0.8	24.8	471.7	12.9	7.7	408.3
1.5	24.8	76.2	12.9	5.5	408.3
6.7	25.0	390.5	12.9	8.7	408.3
5.1	25.0	440.1	12.8	8.5	408.3
13.4	24.9	460.6	12.8	8.7	408.3
8.1	25.6	500.4	12.8	8.7	407.8
4.5	26.5	463.5	12.8	9.5	407.8
5.1	26.7	461.7	12.7	9.5	407.8
1.8	27.1	502.9	12.7	10.2	407.8
6.8	27.2	484.8	12.7	9.6	407.8
11.6	26.0	426.5	12.6	9.5	407.8
9.7	25.8	453.0	12.6	8.3	407.8
7.0	26.0	451.5	12.6	8.6	407.8
4.8	26.2	440.1	12.6	8.9	407.8
0.1	26.6	465.4	12.5	8.9	407.8
0.0	27.0	434.2	12.5	9.2	407.8
6.7	27.0	443.2	12.5	9.3	407.8
0.4	19.9	126.0	12.4	8.2	407.8
0.0	16.5	317.7	12.4	5.8	407.8
0.0	16.7	417.4	12.4	5.7	407.8
0.0	17.8	308.5	12.3	7.1	407.8
0.0	18.1	455.8	12.3	8.0	407.8
0.0	19.5	477.0	12.3	8.1	407.8
0.0	21.6	482.4	12.3	8.6	407.8
0.0	22.2	472.2	12.2	8.5	407.8
0.0	22.8	467.3	12.2	9.0	407.8
0.0	22.8	462.2	12.2	8.8	407.8
0.0	21.5	455.5	12.1	8.1	407.8
0.0	19.6	432.7	12.1	8.4	407.8
0.0	18.1	480.9	12.1	8.0	407.8
0.0	18.4	474.8	12.0	8.4	407.8
0.0	18.9	468.8	12.0	8.7	407.8
0.0	17.6	464.1	12.0	8.3	407.8
0.0	18.2	462.5	12.0	8.8	407.8
0.0	19.9	455.0	11.9	9.0	407.8
0.0	19.2	448.3	11.9	7.8	408.1
0.0	19.1	452.0	11.9	7.5	408.1
0.0	19.6	440.9	11.8	7.6	408.1
0.0	19.7	407.1	11.8	8.0	408.1
0.0	19.5	432.9	11.8	7.9	408.1
0.0	18.5	428.4	11.7	7.8	408.1
0.0	18.9	428.7	11.7	8.2	408.1
0.0	19.9	427.8	11.7	8.3	408.1
0.0	20.3	420.2	11.7	9.0	408.1
0.0	21.3	415.8	11.6	8.8	408.1
0.0	21.1	413.6	11.6	7.4	408.1
0.1	22.9	393.9	11.6	8.0	408.1
0.0	16.5	137.7	11.5	7.7	408.1
0.0	14.7	378.3	11.5	5.5	408.1
0.0	17.7	220.2	11.5	5.9	408.1
0.0	18.5	238.8	11.4	6.4	408.1
0.0	20.2	373.3	11.4	7.4	408.1
0.1	21.1	357.0	11.4	6.6	408.1
0.1	21.0	309.8	11.4	7.0	408.1
0.0	20.6	369.9	11.3	6.4	408.1
0.0	22.3	350.6	11.3	7.0	408.1
0.6	18.4	103.0	11.3	4.9	408.1
2.7	17.1	83.2	11.2	4.0	408.1
20.3	13.6	13.3	11.2	2.4	408.1
34.4	12.6	42.7	11.2	1.8	408.1
6.7	12.6	25.0	11.2	1.5	408.1
0.5	13.3	51.9	11.1	2.6	408.1
7.7	13.4	33.2	11.1	1.8	408.1
0.6	11.8	131.7	11.1	4.0	408.1
0.0	13.4	335.5	11.0	5.0	408.1
0.1	15.3	187.8	11.0	4.6	408.1
0.2	16.5	191.1	11.0	4.5	410.2
1.0	15.5	192.3	11.0	4.6	410.2
0.0	13.9	338.0	10.9	4.8	410.2
0.0	15.6	303.7	10.9	5.0	410.2
0.0	18.3	223.3	10.9	5.1	410.2
0.1	17.4	131.1	10.9	5.0	410.2
0.2	16.8	265.0	10.8	4.9	410.2
0.2	16.2	304.9	10.8	4.3	410.2
1.4	17.5	83.7	10.8	3.8	410.2
0.9	13.6	110.6	10.8	3.7	410.2
0.6	12.3	204.5	10.7	3.0	410.2
0.4	12.6	189.5	10.7	3.6	410.2
0.2	12.2	319.8	10.7	4.6	410.2
0.2	13.3	307.7	10.7	4.9	410.2
0.4	14.5	294.9	10.6	4.7	410.2
0.0	13.4	303.0	10.6	4.1	410.2
0.0	9.1	174.1	10.6	2.3	410.2
0.0	8.6	280.3	10.6	3.7	410.2
0.0	9.6	177.8	10.6	3.7	410.2
0.0	8.4	309.6	10.5	4.1	410.2
0.0	7.1	317.5	10.5	4.0	410.2
0.0	8.5	313.9	10.5	4.3	410.2
0.0	10.2	299.8	10.5	5.0	410.2
0.1	12.8	143.7	10.5	4.8	410.2
0.4	14.6	69.2	10.4	3.4	410.2
0.2	16.7	209.1	10.4	4.9	410.2
0.3	19.2	262.9	10.4	5.3	410.2
0.0	12.0	298.4	10.4	4.3	410.2
0.0	12.1	296.5	10.4	4.8	410.2
0.1	13.8	235.0	10.4	4.9	410.2
0.0	10.1	125.5	10.3	3.9	412.4
0.0	10.0	288.5	10.3	4.4	412.4
0.0	11.0	288.3	10.3	4.3	412.4
0.2	14.1	270.7	10.3	4.5	412.4
0.0	13.9	264.7	10.3	4.0	412.4
0.1	15.0	272.2	10.3	4.7	412.4
0.0	16.9	260.3	10.3	4.9	412.4
1.3	16.6	230.5	10.3	5.7	412.4
1.9	7.3	237.6	10.2	3.0	412.4
3.6	5.1	40.2	10.2	1.5	412.4
20.5	5.8	9.9	10.2	1.6	412.4
1.9	3.8	43.3	10.2	1.7	412.4
26.2	8.1	25.6	10.2	2.1	412.4
27.4	3.5	16.1	10.2	2.7	412.4
0.9	-0.3	175.2	10.2	1.6	412.4
0.1	-0.4	284.4	10.2	2.4	412.4
0.3	1.8	139.6	10.2	2.7	412.4
0.3	1.7	87.1	10.2	1.5	412.4
0.5	4.0	68.2	10.2	2.1	412.4
8.0	8.6	113.6	10.2	3.4	412.4
12.6	5.6	31.3	10.2	3.5	412.4
1.1	2.2	76.9	10.2	1.2	412.4
2.6	3.0	80.1	10.2	1.3	412.4
0.3	4.0	139.0	10.2	2.5	412.4
1.2	3.2	130.2	10.2	1.8	412.4
6.9	6.4	58.5	10.2	2.2	412.4
1.2	2.8	47.3	10.2	2.7	412.4
0.2	-1.0	86.0	10.2	1.4	412.4
0.0	0.3	247.7	10.2	2.0	412.4
0.1	1.9	226.9	10.2	3.0	412.4
0.1	2.7	249.1	10.2	3.4	412.4
0.2	4.0	255.2	10.2	3.1	414.4
0.1	0.8	84.3	10.2	2.0	414.4
0.2	0.5	173.5	10.2	2.6	414.4
0.0	5.3	286.3	10.2	3.5	414.4
0.5	8.2	233.7	10.3	3.8	414.4
1.7	6.1	43.8	10.3	1.3	414.4
7.2	5.6	27.6	10.3	2.0	414.4
1.4	1.8	42.9	10.3	1.8	414.4
0.4	-1.2	185.7	10.3	1.9	414.4
0.0	-2.2	282.1	10.3	1.8	414.4
0.0	-1.7	252.4	10.3	2.0	414.4
0.0	1.3	266.7	10.3	2.7	414.4
8.0	5.8	96.4	10.4	2.6	414.4
4.5	9.8	58.3	10.4	2.6	414.4
10.5	8.3	24.6	10.4	2.3	414.4
8.6	6.3	19.3	10.4	1.0	414.4
6.3	4.2	26.8	10.4	2.4	414.4
1.1	1.2	44.5	10.4	1.1	414.4
0.2	1.2	114.6	10.5	2.1	414.4
0.0	-1.9	314.4	10.5	2.3	414.4
0.0	-2.7	323.1	10.5	2.2	414.4
0.0	-0.5	318.9	10.5	2.6	414.4
3.1	6.9	184.5	10.5	3.5	414.4
0.2	3.6	159.7	10.6	3.2	414.4
0.7	3.3	165.5	10.6	2.6	414.4
0.0	2.3	322.9	10.6	2.7	414.4
9.1	5.1	298.2	10.6	3.3	414.4
1.9	3.3	36.0	10.6	1.6	414.4
0.1	3.8	239.1	10.7	3.1	414.4
0.1	2.6	136.1	10.7	2.4	414.4
0.1	8.4	264.3	10.7	3.9	414.4
3.9	13.5	262.6	10.7	5.0	415.4
17.9	1.8	36.1	10.8	3.4	415.4
5.5	-5.0	60.1	10.8	1.7	415.4
0.0	-4.3	372.0	10.8	2.0	415.4
0.1	-1.0	358.8	10.8	2.6	415.4
0.1	3.2	321.8	10.9	3.7	415.4
7.5	6.7	217.8	10.9	3.9	415.4
0.0	2.0	335.5	10.9	3.7	415.4
0.0	0.2	371.3	10.9	2.8	415.4
2.6	1.2	60.8	11.0	1.9	415.4
1.2	1.5	108.7	11.0	2.4	415.4
0.1	2.5	241.9	11.0	3.1	415.4
4.2	1.3	42.8	11.0	2.9	415.4
0.4	-2.7	349.9	11.1	2.3	415.4
0.0	-2.4	336.7	11.1	2.4	415.4
0.0	-0.4	396.0	11.1	3.2	415.4
0.0	3.3	360.6	11.2	4.1	415.4
0.0	7.5	395.4	11.2	5.2	415.4
12.7	11.0	276.1	11.2	5.4	415.4
6.8	10.4	41.9	11.2	2.2	415.4
3.2	14.9	335.1	11.3	5.6	415.4
1.3	15.2	161.0	11.3	4.0	415.4
18.7	15.6	87.5	11.3	3.0	415.4
14.0	8.6	21.4	11.4	5.6	415.4
12.5	4.3	25.3	11.4	1.9	415.4
7.6	3.5	16.2	11.4	1.2	415.4
25.2	3.9	25.7	11.4	1.9	415.4
9.1	5.3	106.8	11.5	3.6	415.4
0.2	4.8	196.0	11.5	3.3	416.1
4.8	9.5	136.9	11.5	4.1	416.1
5.0	13.6	86.1	11.6	4.6	416.1
1.1	8.8	96.4	11.6	4.8	416.1
0.0	6.4	416.6	11.6	4.2	416.1
0.0	6.6	448.6	11.7	5.6	416.1
6.6	10.8	335.4	11.7	5.8	416.1
7.4	7.7	24.2	11.7	1.9	416.1
1.1	9.5	164.6	11.7	4.0	416.1
0.0	16.0	229.4	11.8	7.0	416.1
5.3	18.2	233.1	11.8	6.0	416.1
13.4	7.5	43.1	11.8	7.3	416.1
0.0	2.2	476.9	11.9	4.0	416.1
0.0	5.6	478.9	11.9	5.5	416.1
0.0	11.1	319.6	11.9	6.6	416.1
0.0	13.6	470.6	12.0	7.1	416.1
0.0	16.3	474.4	12.0	8.3	416.1
0.0	20.0	351.5	12.0	8.7	416.1
0.0	21.9	392.9	12.1	9.2	416.1
0.1	22.5	354.5	12.1	8.4	416.1
5.4	24.1	425.4	12.1	10.7	416.1
38.2	10.3	59.6	12.1	7.2	416.1
11.7	7.1	91.8	12.2	3.3	416.1
43.5	8.4	56.6	12.2	4.0	416.1
10.6	13.2	64.9	12.2	6.5	416.1
5.1	8.1	85.6	12.3	4.1	416.1
14.4	4.7	86.2	12.3	2.7	416.1
0.0	6.1	271.9	12.3	4.7	416.1
0.0	7.3	527.3	12.4	5.6	416.1
0.0	11.0	523.8	12.4	6.7	416.1
0.0	13.8	523.1	12.4	7.9	416.1
0.3	15.5	462.8	12.5	8.9	416.7
0.0	16.8	527.5	12.5	9.0	416.7
0.0	10.2	535.5	12.5	5.9	416.7
0.0	12.0	547.3	12.5	6.3	416.7
0.0	18.0	530.4	12.6	9.3	416.7
1.7	21.5	481.5	12.6	10.1	416.7
2.9	21.8	195.5	12.6	5.8	416.7
10.4	12.5	54.8	12.7	9.4	416.7
27.8	6.9	52.4	12.7	1.8	416.7
0.1	6.8	168.2	12.7	5.3	416.7
0.2	9.6	278.0	12.8	5.3	416.7
6.4	8.0	155.2	12.8	3.1	416.7
17.5	9.9	35.5	12.8	4.9	416.7
4.1	12.7	51.9	12.8	4.6	416.7
0.1	14.2	374.0	12.9	7.5	416.7
0.6	13.7	510.9	12.9	9.3	416.7
0.1	14.6	427.1	12.9	7.7	416.7
3.3	21.1	503.2	13.0	10.1	416.7
0.2	16.6	371.0	13.0	8.7	416.7
0.0	17.7	499.6	13.0	10.0	416.7
0.0	19.4	537.7	13.0	9.5	416.7
2.9	21.1	186.3	13.1	6.7	416.7
38.3	17.2	37.6	13.1	9.8	416.7
75.2	11.4	63.7	13.1	5.8	416.7
27.6	9.2	37.2	13.1	2.6	416.7
5.3	8.7	61.8	13.2	4.1	416.7
0.3	10.2	542.3	13.2	6.9	416.7
0.0	12.5	589.7	13.2	7.7	416.7
0.0	13.8	511.2	13.3	7.9	416.7
20.6	13.2	73.8	13.3	4.7	416.7
3.1	14.0	123.7	13.3	6.0	417.3
0.2	17.6	427.2	13.3	8.6	417.3
0.2	19.3	546.0	13.4	10.1	417.3
23.6	21.6	506.6	13.4	10.5	417.3
1.1	20.2	307.6	13.4	9.2	417.3
6.0	19.9	409.5	13.4	10.0	417.3
0.7	19.8	331.7	13.5	8.2	417.3
11.1	21.2	471.1	13.5	9.1	417.3
14.4	19.3	121.1	13.5	7.2	417.3
0.4	19.5	601.0	13.5	10.8	417.3
9.0	21.4	509.5	13.6	11.4	417.3
1.7	16.4	151.1	13.6	7.5	417.3
0.0	19.6	558.5	13.6	11.6	417.3
0.9	21.3	593.6	13.6	11.2	417.3
2.3	21.5	548.6	13.6	11.0	417.3
2.2	21.4	494.9	13.7	10.2	417.3
0.1	21.6	506.1	13.7	10.4	417.3
1.7	22.2	530.6	13.7	12.4	417.3
0.1	22.8	590.7	13.7	11.0	417.3
0.0	24.3	575.2	13.7	10.4	417.3
0.4	22.6	419.0	13.8	9.9	417.3
4.0	24.1	537.0	13.8	7.7	417.3
19.2	24.8	372.1	13.8	8.3	417.3
13.7	23.6	214.9	13.8	7.9	417.3
3.8	23.7	241.6	13.8	8.9	417.3
0.2	19.8	476.8	13.9	9.9	417.3
0.0	18.6	628.5	13.9	10.4	417.3
0.0	18.8	608.8	13.9	10.1	417.3
0.0	21.9	609.5	13.9	10.0	417.3
2.8	23.7	230.2	13.9	8.1	417.3
27.2	23.2	340.4	13.9	7.4	417.3
1.2	23.2	376.4	13.9	11.5	416.4
0.0	18.0	478.6	14.0	9.2	416.4
0.2	19.9	635.9	14.0	10.5	416.4
0.0	21.8	607.6	14.0	11.1	416.4
0.0	23.6	610.3	14.0	11.9	416.4
15.7	23.4	175.2	14.0	8.1	416.4
20.2	21.7	29.7	14.0	3.6	416.4
5.5	23.6	206.2	14.0	7.6	416.4
4.9	20.0	98.1	14.0	7.1	416.4
1.0	18.9	163.1	14.0	5.4	416.4
3.5	17.9	113.7	14.0	5.1	416.4
0.1	20.6	598.0	14.1	9.9	416.4
0.7	21.3	607.2	14.1	10.8	416.4
0.1	21.1	607.3	14.1	9.9	416.4
0.0	21.7	626.1	14.1	10.2	416.4
0.0	23.0	508.6	14.1	10.1	416.4
0.9	24.6	535.9	14.1	10.7	416.4
22.7	24.5	279.9	14.1	8.4	416.4
52.0	22.1	28.9	14.1	4.4	416.4
34.3	22.0	34.2	14.1	3.0	416.4
9.7	21.8	31.2	14.1	5.1	416.4
9.9	24.4	225.2	14.1	7.6	416.4
25.2	24.2	225.0	14.1	9.1	416.4
1.2	22.0	160.5	14.1	6.0	416.4
10.5	24.1	433.2	14.1	9.7	416.4
26.7	21.3	35.5	14.1	5.9	416.4
0.4	20.8	181.4	14.1	6.7	416.4
0.8	21.9	523.1	14.1	10.1	416.4
0.1	23.2	450.5	14.1	9.9	416.4
1.0	23.5	330.0	14.1	9.2	416.4
2.1	23.8	402.8	14.1	9.5	413.5
0.1	25.3	520.9	14.1	10.1	413.5
51.0	24.7	375.3	14.0	9.6	413.5
33.2	21.5	48.8	14.0	8.9	413.5
0.7	19.0	151.5	14.0	7.0	413.5
0.1	22.0	587.7	14.0	9.5	413.5
0.5	23.6	592.9	14.0	10.6	413.5
4.8	26.0	543.3	14.0	11.2	413.5
2.9	25.4	143.3	14.0	6.5	413.5
17.3	25.8	386.4	14.0	9.4	413.5
15.2	24.9	115.2	14.0	5.6	413.5
0.1	26.7	554.3	14.0	9.7	413.5
5.5	27.1	518.3	13.9	10.5	413.5
2.4	27.5	568.6	13.9	11.7	413.5
0.0	27.1	601.3	13.9	11.2	413.5
0.0	27.8	611.7	13.9	10.9	413.5
0.0	27.5	610.3	13.9	11.2	413.5
0.4	27.6	584.9	13.9	10.6	413.5
0.5	27.4	467.4	13.9	9.4	413.5
0.9	28.0	459.6	13.8	10.1	413.5
0.4	28.4	542.7	13.8	10.4	413.5
0.2	28.3	565.3	13.8	10.7	413.5
1.6	27.8	550.4	13.8	10.0	413.5
6.5	26.6	380.6	13.8	9.4	413.5
15.4	26.4	497.0	13.7	10.2	413.5
21.1	26.0	491.4	13.7	9.8	413.5
9.5	26.2	486.2	13.7	9.7	413.5
0.2	27.1	581.0	13.7	10.3	413.5
0.0	27.7	591.9	13.7	10.8	413.5
9.6	27.1	571.7	13.6	11.9	413.5
8.6	26.7	563.3	13.6	11.7	413.5
5.1	26.7	566.5	13.6	11.4	411.2
12.1	26.5	500.6	13.6	10.5	411.2
15.6	26.1	455.6	13.6	10.3	411.2
0.1	26.5	463.2	13.5	10.6	411.2
0.0	26.0	531.9	13.5	10.4	411.2
0.1	26.8	586.0	13.5	10.2	411.2
3.5	26.8	521.1	13.5	11.0	411.2
14.6	25.9	430.2	13.4	9.4	411.2
5.9	26.5	529.2	13.4	9.7	411.2
4.0	26.2	536.8	13.4	10.4	411.2
7.7	26.3	532.8	13.4	9.5	411.2
0.5	26.3	376.0	13.3	8.5	411.2
5.8	25.5	158.1	13.3	6.9	411.2
10.6	24.4	77.6	13.3	4.7	411.2
4.4	25.4	215.1	13.3	7.3	411.2
0.0	26.4	463.8	13.2	9.8	411.2
0.0	27.2	555.1	13.2	10.4	411.2
0.0	27.4	496.0	13.2	11.4	411.2
0.0	27.8	551.2	13.2	12.1	411.2
0.2	27.1	548.4	13.1	11.9	411.2
0.8	27.4	555.3	13.1	10.9	411.2
0.4	27.5	487.2	13.1	10.0	411.2
3.7	27.0	409.3	13.1	9.8	411.2
10.6	26.7	508.1	13.0	10.1	411.2
0.5	27.2	464.7	13.0	9.4	411.2
8.2	26.8	508.9	13.0	10.3	411.2
23.2	26.4	405.9	12.9	8.2	411.2
18.4	26.1	351.9	12.9	8.0	411.2
16.1	26.2	404.9	12.9	8.9	411.2
10.1	26.2	431.1	12.9	9.6	411.2
2.3	26.3	457.2	12.8	9.5	411.2
9.5	26.2	498.2	12.8	9.5	410.7
26.1	24.1	307.4	12.8	8.1	410.7
0.2	21.8	214.5	12.7	7.4	410.7
0.1	22.2	486.3	12.7	9.0	410.7
0.0	21.9	425.7	12.7	9.1	410.7
0.1	23.3	393.6	12.7	7.5	410.7
0.3	24.2	381.9	12.6	7.6	410.7
0.1	23.4	138.6	12.6	7.2	410.7
0.2	24.8	489.5	12.6	9.4	410.7
0.0	25.3	486.0	12.5	9.8	410.7
0.1	25.5	420.7	12.5	8.3	410.7
1.5	26.0	232.4	12.5	6.5	410.7
0.9	25.2	117.7	12.4	5.8	410.7
0.9	24.5	82.4	12.4	4.6	410.7
6.0	25.3	325.5	12.4	6.5	410.7
1.1	25.1	147.6	12.4	7.2	410.7
10.5	25.5	389.8	12.3	9.2	410.7
12.2	25.8	459.8	12.3	8.2	410.7
1.6	25.7	412.1	12.3	7.0	410.7
0.6	24.3	292.9	12.2	7.5	410.7
0.0	23.9	461.0	12.2	7.9	410.7
0.0	21.4	381.7	12.2	7.5	410.7
1.1	20.1	391.7	12.1	7.2	410.7
2.8	16.0	43.3	12.1	2.7	410.7
0.1	17.9	325.5	12.1	6.7	410.7
0.0	21.0	428.3	12.1	7.5	410.7
0.6	23.2	294.1	12.0	7.2	410.7
0.0	15.1	370.0	12.0	6.8	410.7
0.0	14.3	477.4	12.0	6.6	410.7
0.0	15.1	477.6	11.9	7.3	410.7
0.0	16.8	470.1	11.9	7.8	411.0
0.0	18.7	459.3	11.9	8.6	411.0
0.0	18.5	461.8	11.8	8.6	411.0
0.0	20.5	449.7	11.8	9.0	411.0
0.0	20.3	448.8	11.8	8.7	411.0
0.0	21.0	438.8	11.8	7.6	411.0
0.0	18.9	432.6	11.7	7.5	411.0
0.0	16.8	446.4	11.7	7.1	411.0
0.0	14.4	443.8	11.7	7.1	411.0
0.0	16.2	413.4	11.6	7.0	411.0
0.0	17.7	417.9	11.6	7.5	411.0
0.0	19.3	404.1	11.6	8.1	411.0
0.0	20.4	348.0	11.5	7.2	411.0
0.0	16.5	150.4	11.5	6.0	411.0
0.0	16.7	408.8	11.5	7.3	411.0
0.0	16.8	409.3	11.5	7.1	411.0
0.0	17.2	402.6	11.4	7.4	411.0
0.0	17.7	397.9	11.4	6.9	411.0
0.0	20.0	390.4	11.4	7.7	411.0
0.2	22.2	335.9	11.3	7.1	411.0
1.4	17.4	71.4	11.3	3.3	411.0
0.0	16.8	324.7	11.3	6.2	411.0
0.0	16.5	380.4	11.3	6.5	411.0
0.0	17.7	374.6	11.2	6.7	411.0
0.0	16.0	368.8	11.2	6.0	411.0
0.0	15.9	267.6	11.2	5.5	411.0
0.0	16.4	116.0	11.1	4.3	411.0
0.1	16.4	125.1	11.1	4.9	411.0
0.0	17.4	292.1	11.1	5.9	411.0
0.0	19.1	206.0	11.1	5.9	411.0
0.6	20.2	293.9	11.0	5.9	411.0
14.4	17.9	135.7	11.0	6.1	413.0
1.4	9.1	51.2	11.0	3.8	413.0
0.0	7.2	360.9	10.9	3.5	413.0
0.0	9.3	226.7	10.9	4.1	413.0
0.0	10.2	337.2	10.9	4.5	413.0
0.1	14.6	275.0	10.9	5.4	413.0
0.0	17.2	322.6	10.8	6.2	413.0
0.1	18.6	235.3	10.8	5.7	413.0
0.4	17.5	258.6	10.8	5.6	413.0
0.2	16.1	243.9	10.8	4.2	413.0
4.4	17.7	275.4	10.7	4.9	413.0
0.1	18.6	211.6	10.7	5.1	413.0
2.3	19.9	280.0	10.7	5.2	413.0
3.8	19.1	90.2	10.7	3.6	413.0
2.8	14.1	49.1	10.7	4.2	413.0
1.2	16.5	158.8	10.6	4.4	413.0
2.7	17.4	119.9	10.6	5.8	413.0
0.1	12.3	224.7	10.6	2.5	413.0
5.1	15.9	102.3	10.6	3.9	413.0
10.5	18.1	120.4	10.5	4.7	413.0
6.6	12.1	26.8	10.5	2.7	413.0
0.3	12.0	152.5	10.5	2.7	413.0
0.1	14.2	173.7	10.5	3.6	413.0
2.1	15.7	161.3	10.5	4.2	413.0
2.0	12.5	82.7	10.4	2.3	413.0
1.9	11.5	109.3	10.4	2.7	413.0
10.2	10.2	35.1	10.4	2.1	413.0
2.8	8.0	13.0	10.4	2.1	413.0
5.6	9.1	65.9	10.4	2.3	413.0
6.5	5.9	21.3	10.4	3.3	413.0
0.1	3.8	294.8	10.3	2.6	415.2
0.0	4.6	202.9	10.3	2.7	415.2
0.1	7.8	279.4	10.3	3.7	415.2
0.0	8.7	264.9	10.3	3.6	415.2
0.1	13.7	272.7	10.3	4.1	415.2
0.3	17.3	261.0	10.3	4.4	415.2
22.6	16.3	23.5	10.3	1.6	415.2
1.8	11.2	59.0	10.3	5.1	415.2
0.0	1.6	283.3	10.3	2.6	415.2
0.0	2.9	264.7	10.2	2.6	415.2
0.8	6.7	130.9	10.2	3.0	415.2
0.4	12.7	214.3	10.2	4.3	415.2
8.7	14.6	79.1	10.2	5.1	415.2
14.2	5.4	218.9	10.2	1.9	415.2
48.5	7.6	16.6	10.2	2.3	415.2
8.7	6.8	9.9	10.2	2.1	415.2
8.1	4.3	17.3	10.2	1.2	415.2
1.1	3.4	39.2	10.2	1.8	415.2
1.3	-0.1	95.6	10.2	1.6	415.2
0.2	-1.6	247.0	10.2	1.7	415.2
0.1	2.2	276.8	10.2	2.9	415.2
0.1	4.5	161.5	10.2	3.0	415.2
0.3	6.6	233.0	10.2	3.9	415.2
0.6	7.4	184.3	10.2	3.9	415.2
1.1	5.2	110.1	10.2	2.6	415.2
0.7	3.2	209.9	10.2	2.3	415.2
0.1	0.6	124.1	10.2	1.8	415.2
0.0	1.8	286.2	10.2	2.7	415.2
0.0	4.8	283.5	10.2	3.6	415.2
0.0	4.0	278.2	10.2	2.5	415.2
0.0	1.8	125.0	10.2	1.7	415.2
0.0	0.6	210.4	10.2	2.1	417.2
0.0	0.8	290.8	10.2	2.5	417.2
0.1	4.1	278.8	10.2	3.5	417.2
0.0	4.6	175.3	10.2	2.7	417.2
0.0	4.9	288.3	10.3	3.3	417.2
0.0	6.8	290.7	10.3	3.9	417.2
0.0	5.4	293.4	10.3	3.6	417.2
0.0	6.4	286.6	10.3	3.8	417.2
0.0	5.8	282.1	10.3	2.9	417.2
0.6	8.6	147.9	10.3	3.4	417.2
6.4	4.6	65.0	10.3	2.9	417.2
0.4	-1.3	66.1	10.3	1.2	417.2
0.9	-0.4	68.8	10.3	1.3	417.2
15.1	1.1	39.3	10.4	1.3	417.2
0.5	-0.0	147.8	10.4	1.6	417.2
0.2	0.5	183.0	10.4	2.2	417.2
0.3	-1.5	94.7	10.4	1.7	417.2
0.0	-1.1	299.0	10.4	2.5	417.2
0.0	2.8	288.5	10.4	3.1	417.2
0.0	5.9	318.7	10.5	3.0	417.2
0.0	7.7	312.7	10.5	4.6	417.2
0.0	9.7	307.2	10.5	5.2	417.2
0.1	9.0	295.7	10.5	4.2	417.2
0.4	7.2	123.4	10.5	3.2	417.2
0.1	7.0	318.6	10.6	4.3	417.2
0.0	5.2	331.8	10.6	3.6	417.2
0.1	8.8	317.0	10.6	4.6	417.2
14.3	8.4	30.5	10.6	2.4	417.2
13.5	4.9	17.9	10.7	3.0	417.2
1.0	1.2	98.9	10.7	1.6	417.2
0.3	-0.8	175.1	10.7	2.2	417.2
0.1	0.5	336.1	10.7	3.1	418.3
0.1	5.5	319.8	10.8	4.2	418.3
5.1	11.6	232.8	10.8	4.8	418.3
1.3	5.6	96.0	10.8	4.1	418.3
0.1	-4.2	113.4	10.8	1.8	418.3
0.0	-7.0	50.0	10.9	1.0	418.3
0.0	-4.8	349.8	10.9	1.9	418.3
1.4	-0.3	65.2	10.9	2.0	418.3
6.7	5.3	81.4	10.9	3.0	418.3
1.5	3.1	33.3	11.0	2.7	418.3
0.3	3.0	271.6	11.0	3.5	418.3
3.3	6.6	196.3	11.0	3.9	418.3
0.6	7.5	164.0	11.0	3.5	418.3
3.9	10.1	180.8	11.1	4.5	418.3
17.1	1.7	9.7	11.1	4.2	418.3
0.4	-1.2	70.9	11.1	1.6	418.3
0.0	-0.1	392.2	11.1	2.9	418.3
0.0	2.4	391.3	11.2	3.7	418.3
0.0	4.1	386.3	11.2	4.3	418.3
0.6	8.2	317.2	11.2	4.8	418.3
18.1	7.4	38.5	11.3	3.3	418.3
2.0	0.9	245.9	11.3	4.2	418.3
0.0	0.8	419.3	11.3	3.3	418.3
0.1	3.4	238.3	11.4	4.2	418.3
0.1	7.0	335.2	11.4	5.2	418.3
0.0	6.8	298.4	11.4	5.3	418.3
0.0	4.6	428.7	11.4	4.7	418.3
0.0	7.3	360.3	11.5	5.0	418.3
0.0	8.6	337.9	11.5	5.4	418.3
0.1	11.4	417.0	11.5	5.7	418.9
6.4	9.5	133.9	11.6	5.0	418.9
31.4	7.7	50.0	11.6	2.7	418.9
0.9	7.2	66.2	11.6	3.6	418.9
0.0	9.9	441.6	11.7	5.0	418.9
0.1	12.4	436.2	11.7	6.7	418.9
0.2	13.6	268.3	11.7	7.3	418.9
13.0	10.7	82.5	11.7	4.2	418.9
6.8	7.3	55.4	11.8	3.5	418.9
0.2	5.8	358.5	11.8	5.7	418.9
0.0	6.4	479.3	11.8	5.3	418.9
0.0	10.6	455.7	11.9	6.0	418.9
0.6	10.4	90.9	11.9	3.8	418.9
0.4	8.3	210.3	11.9	5.2	418.9
0.0	8.0	353.2	12.0	4.5	418.9
1.2	11.7	405.5	12.0	5.9	418.9
11.0	11.8	92.1	12.0	4.4	418.9
18.5	12.5	34.5	12.0	4.1	418.9
1.9	10.0	132.0	12.1	6.0	418.9
0.0	5.3	379.0	12.1	4.8	418.9
0.2	8.8	379.0	12.1	5.1	418.9
8.9	14.8	183.3	12.2	6.6	418.9
4.8	11.2	295.9	12.2	7.2	418.9
0.7	13.0	433.7	12.2	7.8	418.9
18.4	14.1	43.1	12.3	4.4	418.9
1.3	14.7	73.2	12.3	6.6	418.9
0.0	5.9	455.2	12.3	5.6	418.9
0.0	7.4	525.9	12.4	5.9	418.9
0.0	13.1	494.5	12.4	8.7	418.9
0.0	18.3	494.0	12.4	9.7	418.9
23.3	20.4	389.8	12.4	9.4	418.9
1.6	15.4	109.8	12.5	7.9	419.5
0.0	12.9	473.2	12.5	6.9	419.5
0.0	14.8	505.5	12.5	7.4	419.5
0.0	12.8	481.8	12.6	7.8	419.5
0.0	12.2	473.2	12.6	7.2	419.5
35.4	11.6	84.9	12.6	3.9	419.5
3.1	8.6	42.6	12.7	4.4	419.5
0.9	9.2	452.3	12.7	5.5	419.5
4.2	12.0	443.1	12.7	6.2	419.5
2.5	10.0	96.1	12.7	3.0	419.5
21.6	14.8	139.2	12.8	6.1	419.5
85.9	16.5	51.3	12.8	5.1	419.5
15.5	10.8	51.9	12.8	6.0	419.5
9.0	11.2	367.3	12.9	6.4	419.5
12.5	8.6	55.0	12.9	3.2	419.5
10.6	9.9	70.6	12.9	3.1	419.5
17.5	11.2	94.2	12.9	3.8	419.5
33.3	12.1	21.5	13.0	3.2	419.5
1.4	13.4	124.9	13.0	5.5	419.5
0.2	14.9	400.9	13.0	7.2	419.5
0.1	16.7	427.8	13.1	7.7	419.5
3.7	17.1	356.6	13.1	7.2	419.5
16.5	16.4	118.4	13.1	4.7	419.5
27.5	17.5	146.1	13.1	9.3	419.5
1.6	11.7	61.3	13.2	4.4	419.5
0.1	13.8	450.8	13.2	8.2	419.5
0.9	16.5	351.4	13.2	8.4	419.5
0.9	17.5	140.8	13.3	7.0	419.5
4.7	19.1	80.3	13.3	5.6	419.5
7.9	22.0	224.9	13.3	8.9	419.5
2.8	25.3	546.2	13.3	10.7	420.1
2.1	24.8	560.8	13.4	11.7	420.1
16.4	24.1	395.2	13.4	10.0	420.1
16.2	24.0	496.1	13.4	9.6	420.1
24.7	22.7	349.5	13.4	11.6	420.1
3.7	16.7	148.4	13.5	5.5	420.1
36.0	12.8	92.8	13.5	4.9	420.1
16.2	14.6	64.5	13.5	4.8	420.1
0.7	13.5	277.4	13.5	7.0	420.1
5.1	17.6	355.8	13.5	8.9	420.1
0.3	18.9	166.7	13.6	6.6	420.1
0.4	22.6	396.9	13.6	9.8	420.1
8.9	25.0	554.1	13.6	9.4	420.1
32.6	20.6	116.6	13.6	10.2	420.1
1.4	18.9	138.8	13.7	6.4	420.1
0.9	18.7	153.9	13.7	5.8	420.1
0.5	23.3	331.0	13.7	9.8	420.1
11.9	24.5	318.6	13.7	9.4	420.1
20.4	23.9	323.8	13.7	8.4	420.1
16.8	24.1	192.3	13.8	7.3	420.1
9.1	19.2	29.5	13.8	9.8	420.1
0.6	15.0	48.5	13.8	3.4	420.1
2.7	18.7	79.7	13.8	6.5	420.1
13.3	20.5	150.7	13.8	8.3	420.1
9.1	17.3	78.4	13.8	6.3	420.1
0.0	20.3	485.6	13.9	9.8	420.1
19.7	15.8	88.0	13.9	8.8	420.1
16.0	14.1	35.3	13.9	3.0	420.1
0.1	16.8	189.5	13.9	6.7	420.1
0.1	18.4	274.8	13.9	8.5	420.1
0.0	19.5	584.9	13.9	10.2	420.1
0.0	21.1	408.6	14.0	10.5	419.2
1.1	22.3	555.7	14.0	11.0	419.2
0.1	22.2	309.7	14.0	9.6	419.2
0.3	23.6	543.7	14.0	11.8	419.2
0.9	23.8	416.2	14.0	10.7	419.2
43.1	20.6	41.4	14.0	6.4	419.2
0.3	21.1	405.6	14.0	8.6	419.2
0.0	22.1	532.7	14.0	8.6	419.2
0.1	24.3	602.5	14.0	10.9	419.2
0.0	25.7	526.6	14.0	11.5	419.2
14.9	24.3	371.0	14.0	10.7	419.2
12.2	18.9	29.8	14.1	6.2	419.2
1.2	21.1	345.0	14.1	7.9	419.2
2.0	20.4	139.9	14.1	5.9	419.2
2.0	19.9	170.7	14.1	5.3	419.2
0.3	20.3	457.6	14.1	9.9	419.2
0.0	22.8	562.9	14.1	10.3	419.2
0.1	25.5	609.8	14.1	11.6	419.2
0.1	26.4	621.4	14.1	11.8	419.2
0.0	26.8	528.9	14.1	11.2	419.2
18.5	25.8	437.3	14.1	9.6	419.2
5.9	25.6	236.5	14.1	8.7	419.2
5.2	26.7	485.0	14.1	9.4	419.2
24.5	26.4	424.5	14.1	9.2	419.2
8.8	25.9	222.9	14.1	9.1	419.2
11.5	26.1	295.7	14.1	9.5	419.2
0.4	25.1	341.9	14.1	10.1	419.2
0.1	24.9	581.8	14.1	9.7	419.2
0.0	25.3	518.3	14.1	9.8	419.2
0.0	23.5	173.3	14.1	7.5	419.2
0.0	24.4	479.3	14.1	9.8	416.3
9.8	24.7	367.9	14.0	8.4	416.3
0.9	24.5	168.3	14.0	6.7	416.3
14.5	23.1	123.6	14.0	6.4	416.3
9.7	22.3	52.5	14.0	4.3	416.3
15.2	22.7	26.9	14.0	5.4	416.3
22.0	25.5	241.8	14.0	8.5	416.3
0.9	23.2	220.9	14.0	7.6	416.3
0.3	23.3	498.0	14.0	8.6	416.3
9.0	26.2	572.5	14.0	10.1	416.3
3.8	26.8	346.4	14.0	10.2	416.3
0.1	27.2	279.1	13.9	8.3	416.3
13.6	26.1	347.8	13.9	9.3	416.3
5.3	26.0	298.0	13.9	8.3	416.3
3.7	26.9	567.8	13.9	11.5	416.3
5.6	27.3	540.4	13.9	10.7	416.3
12.0	26.7	401.4	13.9	9.3	416.3
10.3	26.3	379.5	13.9	10.3	416.3
8.2	26.7	590.7	13.8	10.8	416.3
0.2	27.3	592.9	13.8	10.4	416.3
0.1	27.9	604.9	13.8	10.3	416.3
3.0	27.8	566.1	13.8	10.5	416.3
2.0	27.9	588.4	13.8	10.8	416.3
0.3	28.4	564.0	13.8	10.8	416.3
8.6	27.7	550.2	13.7	10.1	416.3
2.4	27.8	602.3	13.7	11.7	416.3
1.3	27.5	566.4	13.7	9.8	416.3
0.1	28.4	585.2	13.7	10.4	416.3
0.1	28.4	574.8	13.7	10.5	416.3
0.2	28.3	562.9	13.6	10.6	416.3
0.0	28.3	589.2	13.6	10.9	416.3
0.0	28.2	597.5	13.6	11.2	414.0
0.0	28.4	597.4	13.6	11.4	414.0
0.0	28.5	593.1	13.5	11.3	414.0
0.0	28.4	569.6	13.5	10.7	414.0
13.4	25.3	388.8	13.5	8.3	414.0
20.8	24.6	289.3	13.5	7.6	414.0
25.0	25.2	309.9	13.4	8.4	414.0
13.2	26.1	394.7	13.4	8.4	414.0
12.4	26.6	371.3	13.4	9.8	414.0
23.5	26.5	417.9	13.4	9.2	414.0
17.0	26.0	309.3	13.3	8.2	414.0
19.7	25.6	392.2	13.3	7.9	414.0
14.1	25.2	280.0	13.3	7.5	414.0
12.6	25.6	322.9	13.3	8.6	414.0
10.5	26.2	396.6	13.2	9.3	414.0
7.2	26.2	489.0	13.2	9.9	414.0
0.2	26.5	558.7	13.2	9.8	414.0
0.3	26.5	535.3	13.2	9.1	414.0
15.0	26.0	481.1	13.1	9.3	414.0
10.6	26.1	390.9	13.1	9.3	414.0
13.9	26.5	397.1	13.1	8.8	414.0
7.1	26.7	324.1	13.1	8.2	414.0
26.6	25.0	291.3	13.0	8.4	414.0
0.0	25.8	464.8	13.0	9.4	414.0
0.2	25.0	337.8	13.0	8.3	414.0
0.1	22.1	218.1	12.9	8.0	414.0
0.1	22.5	502.8	12.9	9.4	414.0
0.2	23.8	200.3	12.9	7.0	414.0
0.2	25.6	381.0	12.9	9.4	414.0
3.9	25.4	498.3	12.8	9.3	414.0
0.0	25.5	518.2	12.8	9.6	414.0
0.1	25.6	500.4	12.8	9.3	413.5
0.5	26.2	453.8	12.7	8.9	413.5
0.0	25.7	443.2	12.7	8.4	413.5
0.2	24.7	419.4	12.7	7.3	413.5
0.6	25.0	383.0	12.7	9.5	413.5
0.0	23.7	506.3	12.6	9.4	413.5
0.2	24.6	452.7	12.6	8.9	413.5
0.2	24.1	157.8	12.6	6.4	413.5
0.1	23.0	95.2	12.5	7.0	413.5
1.0	25.3	439.0	12.5	8.7	413.5
0.0	23.0	505.2	12.5	9.7	413.5
0.0	23.0	472.5	12.5	9.4	413.5
0.0	24.2	494.2	12.4	10.1	413.5
0.0	24.6	470.8	12.4	10.1	413.5
0.0	19.9	512.4	12.4	8.8	413.5
0.0	20.2	515.9	12.3	10.0	413.5
0.0	21.5	503.4	12.3	9.4	413.5
0.0	23.1	436.1	12.3	8.7	413.5
0.0	24.6	475.1	12.2	9.8	413.5
0.0	26.5	469.1	12.2	9.9	413.5
0.8	27.1	459.5	12.2	10.0	413.5
0.1	27.7	449.4	12.2	9.5	413.5
10.1	23.4	354.3	12.1	10.6	413.5
0.0	16.5	330.4	12.1	6.5	413.5
0.0	17.5	481.6	12.1	6.8	413.5
0.0	20.6	454.1	12.0	8.0	413.5
0.0	21.0	407.9	12.0	7.5	413.5
0.0	18.4	460.4	12.0	7.5	413.5
0.0	16.7	470.3	11.9	7.0	413.5
0.0	16.8	464.2	11.9	7.2	413.5
0.0	18.2	454.9	11.9	8.0	413.8
0.0	18.5	453.0	11.8	7.9	413.8
0.0	18.2	450.6	11.8	8.1	413.8
0.0	18.5	449.9	11.8	8.8	413.8
0.0	19.8	447.7	11.8	8.6	413.8
0.0	20.9	441.3	11.7	8.6	413.8
0.0	19.4	433.7	11.7	7.2	413.8
0.5	21.1	320.8	11.7	6.5	413.8
0.0	20.7	282.4	11.6	7.6	413.8
0.0	21.2	405.4	11.6	8.2	413.8
0.0	20.8	413.3	11.6	8.3	413.8
0.0	21.9	411.7	11.6	8.1	413.8
0.0	22.6	398.9	11.5	7.9	413.8
0.0	21.3	373.4	11.5	7.4	413.8
0.0	18.8	401.4	11.5	6.8	413.8
0.0	18.5	398.4	11.4	7.0	413.8
0.0	18.8	350.4	11.4	6.4	413.8
0.0	18.3	389.7	11.4	6.5	413.8
0.0	18.9	378.7	11.3	6.2	413.8
0.0	19.0	261.1	11.3	5.8	413.8
0.0	18.5	376.7	11.3	5.7	413.8
0.0	15.3	299.4	11.3	6.2	413.8
0.0	15.6	387.6	11.2	5.9	413.8
0.0	17.2	355.0	11.2	6.4	413.8
0.0	17.6	372.7	11.2	6.8	413.8
0.0	17.9	369.2	11.1	6.8	413.8
0.0	17.5	364.7	11.1	7.0	413.8
0.0	17.9	357.8	11.1	6.2	413.8
0.0	16.8	257.3	11.1	5.7	413.8
0.0	13.8	297.9	11.0	5.3	413.8
0.0	10.8	375.2	11.0	5.1	413.8
0.0	11.4	363.7	11.0	5.5	415.9
0.0	13.9	353.8	11.0	5.8	415.9
0.0	13.0	350.6	10.9	5.4	415.9
0.0	12.3	349.1	10.9	5.0	415.9
0.0	12.6	343.2	10.9	5.2	415.9
0.0	11.9	337.9	10.9	5.1	415.9
0.0	10.8	345.6	10.8	5.5	415.9
0.0	11.6	347.2	10.8	5.2	415.9
0.0	14.4	331.8	10.8	5.7	415.9
0.0	17.4	312.2	10.8	6.0	415.9
0.0	16.8	220.9	10.7	4.5	415.9
0.0	16.5	187.3	10.7	3.8	415.9
0.1	17.4	157.4	10.7	4.6	415.9
3.5	18.4	185.2	10.7	4.6	415.9
2.2	14.9	26.3	10.6	3.2	415.9
0.1	16.1	255.9	10.6	4.7	415.9
0.1	13.3	223.3	10.6	4.4	415.9
0.0	12.4	321.3	10.6	4.5	415.9
0.0	12.5	318.2	10.5	5.1	415.9
0.0	14.1	312.8	10.5	5.4	415.9
0.0	14.3	306.4	10.5	5.5	415.9
0.0	14.4	300.1	10.5	5.4	415.9
0.0	9.7	318.1	10.5	4.1	415.9
0.0	10.1	276.5	10.5	4.8	415.9
0.0	4.8	316.6	10.4	2.6	415.9
0.0	8.8	294.2	10.4	4.4	415.9
0.0	10.1	140.1	10.4	4.0	415.9
0.0	9.6	291.8	10.4	4.6	415.9
0.0	8.5	297.7	10.4	4.0	415.9
0.0	12.0	288.3	10.4	4.8	415.9
1.0	11.6	221.1	10.3	3.5	418.0
0.2	7.9	73.8	10.3	3.4	418.0
0.0	7.0	294.9	10.3	3.9	418.0
0.0	5.9	286.6	10.3	3.6	418.0
0.0	6.1	247.4	10.3	3.0	418.0
0.0	4.2	36.7	10.3	2.1	418.0
0.0	4.7	290.1	10.3	3.5	418.0
0.0	8.5	276.4	10.3	4.2	418.0
0.0	7.9	210.6	10.2	3.8	418.0
3.0	10.4	253.8	10.2	4.1	418.0
1.0	10.1	161.9	10.2	3.2	418.0
18.9	8.6	42.3	10.2	3.7	418.0
0.2	0.2	152.4	10.2	2.2	418.0
1.6	-1.7	98.2	10.2	1.1	418.0
0.0	-1.0	155.6	10.2	1.8	418.0
0.0	1.4	258.2	10.2	2.4	418.0
0.0	4.4	242.8	10.2	2.6	418.0
0.0	1.2	284.2	10.2	2.5	418.0
0.0	0.8	292.8	10.2	2.7	418.0
0.0	4.2	287.8	10.2	3.7	418.0
0.0	5.3	278.6	10.2	3.5	418.0
0.0	5.6	249.4	10.2	3.0	418.0
10.4	8.2	134.1	10.2	3.2	418.0
11.7	5.8	20.7	10.2	2.0	418.0
1.5	2.9	35.2	10.2	1.1	418.0
3.5	4.4	50.6	10.2	1.6	418.0
0.8	6.2	75.3	10.2	1.9	418.0
24.1	7.5	35.3	10.2	2.1	418.0
12.8	10.4	28.9	10.2	3.3	418.0
2.7	4.1	74.5	10.2	2.0	418.0
0.1	1.4	134.4	10.2	2.0	418.0
0.0	3.0	225.1	10.2	2.3	420.1
0.0	1.1	151.8	10.2	2.0	420.1
3.6	1.2	219.7	10.2	1.9	420.1
13.5	0.8	41.7	10.2	1.3	420.1
5.0	4.2	45.6	10.3	1.6	420.1
8.0	5.1	128.3	10.3	2.0	420.1
6.0	3.0	32.7	10.3	2.0	420.1
0.0	-0.9	296.3	10.3	2.3	420.1
0.0	-6.3	305.5	10.3	1.4	420.1
0.0	-6.7	307.8	10.3	1.5	420.1
0.0	-3.4	307.7	10.3	2.2	420.1
0.0	-1.4	238.9	10.3	2.3	420.1
0.0	0.7	181.6	10.4	2.2	420.1
0.0	-0.1	303.8	10.4	2.6	420.1
0.0	2.4	310.1	10.4	3.0	420.1
0.0	-2.0	312.6	10.4	2.1	420.1
0.0	1.0	284.1	10.4	3.1	420.1
10.6	1.4	127.4	10.4	2.0	420.1
2.8	0.1	91.0	10.5	1.4	420.1
0.0	1.3	226.9	10.5	2.5	420.1
0.0	3.9	323.6	10.5	3.3	420.1
0.0	1.1	329.6	10.5	2.7	420.1
11.9	6.8	286.4	10.5	4.2	420.1
1.8	0.1	73.6	10.6	2.5	420.1
0.0	-4.0	341.6	10.6	1.6	420.1
0.0	-1.6	340.9	10.6	2.1	420.1
0.0	-3.0	346.5	10.6	2.1	420.1
0.0	1.1	339.6	10.7	3.1	420.1
0.1	4.6	103.6	10.7	3.0	420.1
0.0	7.0	205.5	10.7	4.4	420.1
2.4	5.4	164.5	10.7	2.6	420.1
11.7	2.1	17.3	10.7	2.5	421.2
8.9	-2.3	15.4	10.8	1.0	421.2
4.5	1.0	17.2	10.8	2.0	421.2
9.4	2.7	28.2	10.8	1.5	421.2
9.5	2.6	27.7	10.8	1.4	421.2
3.5	3.1	34.0	10.9	1.7	421.2
1.0	3.1	96.4	10.9	2.0	421.2
1.0	3.7	86.7	10.9	1.9	421.2
1.7	4.6	82.9	10.9	2.3	421.2
2.8	4.4	26.9	11.0	2.4	421.2
0.2	4.3	212.3	11.0	3.6	421.2
0.0	5.1	372.3	11.0	4.1	421.2
0.0	7.4	385.5	11.1	5.1	421.2
0.1	8.6	371.1	11.1	5.0	421.2
0.4	7.2	95.5	11.1	4.1	421.2
0.0	6.2	309.4	11.1	4.3	421.2
0.0	6.5	181.1	11.2	4.1	421.2
0.0	8.7	404.5	11.2	5.5	421.2
2.5	12.1	201.9	11.2	5.3	421.2
8.2	13.7	92.2	11.3	4.6	421.2
1.0	15.3	321.8	11.3	5.8	421.2
0.1	12.4	349.2	11.3	7.0	421.2
1.0	14.6	235.9	11.3	5.6	421.2
0.1	18.5	253.5	11.4	5.5	421.2
1.0	12.6	96.9	11.4	6.7	421.2
0.2	13.1	386.5	11.4	5.7	421.2
29.2	12.2	61.0	11.5	5.4	421.2
0.5	4.2	80.8	11.5	2.6	421.2
1.1	6.8	234.7	11.5	4.8	421.8
0.1	8.4	277.7	11.6	5.2	421.8
0.1	12.7	339.3	11.6	6.7	421.8
5.2	14.2	257.3	11.6	6.8	421.8
25.6	4.5	16.9	11.6	4.5	421.8
0.9	3.1	155.5	11.7	2.6	421.8
0.2	4.6	307.9	11.7	3.4	421.8
0.0	6.5	382.9	11.7	4.2	421.8
23.9	7.6	189.9	11.8	3.7	421.8
2.6	6.5	125.5	11.8	3.8	421.8
0.0	9.5	457.5	11.8	6.2	421.8
1.7	11.6	322.5	11.9	6.0	421.8
22.7	11.6	53.0	11.9	5.1	421.8
0.0	5.5	334.5	11.9	4.3	421.8
0.0	10.3	447.2	11.9	6.6	421.8
20.1	12.8	273.4	12.0	6.5	421.8
56.7	8.0	36.9	12.0	3.4	421.8
30.8	7.4	30.9	12.0	2.4	421.8
1.2	7.6	168.5	12.1	3.7	421.8
0.3	8.5	260.4	12.1	6.3	421.8
6.1	0.9	76.6	12.1	1.5	421.8
0.6	2.9	152.7	12.2	2.6	421.8
0.4	6.3	235.4	12.2	4.2	421.8
0.0	9.2	493.4	12.2	6.1	421.8
8.6	12.1	353.9	12.3	6.1	421.8
0.9	15.1	311.6	12.3	6.5	421.8
46.0	14.6	71.0	12.3	7.2	421.8
1.4	6.1	50.2	12.3	3.3	421.8
18.1	9.1	80.1	12.4	4.8	421.8
8.5	11.0	75.9	12.4	6.2	421.8
0.0	13.4	514.0	12.4	7.2	421.8
0.0	13.3	380.0	12.5	7.0	422.3
0.0	14.9	524.8	12.5	7.7	422.3
0.9	18.8	452.8	12.5	8.5	422.3
2.4	20.3	150.9	12.6	4.9	422.3
1.8	21.8	494.0	12.6	8.0	422.3
34.4	22.4	333.9	12.6	7.1	422.3
22.3	10.2	252.7	12.6	11.0	422.3
0.1	2.6	200.4	12.7	2.3	422.3
0.6	4.4	248.2	12.7	4.2	422.3
0.1	8.8	550.1	12.7	7.2	422.3
1.9	13.6	420.1	12.8	8.2	422.3
1.3	14.0	85.5	12.8	5.0	422.3
0.4	18.3	440.2	12.8	8.7	422.3
1.4	20.3	476.8	12.9	9.6	422.3
1.6	18.2	195.1	12.9	8.8	422.3
0.0	18.8	577.2	12.9	10.6	422.3
24.5	21.5	545.7	12.9	11.0	422.3
18.9	12.0	85.4	13.0	7.6	422.3
3.5	11.8	176.1	13.0	3.9	422.3
6.8	11.3	66.5	13.0	3.5	422.3
1.0	13.4	273.2	13.1	6.7	422.3
0.1	18.1	521.2	13.1	9.3	422.3
5.2	19.3	212.7	13.1	7.3	422.3
21.1	15.7	108.8	13.1	10.1	422.3
0.0	11.0	148.3	13.2	6.1	422.3
0.1	12.4	447.1	13.2	6.2	422.3
2.2	11.8	43.1	13.2	4.7	422.3
2.0	16.8	82.0	13.2	8.4	422.3
21.9	20.8	120.4	13.3	7.2	422.3
2.6	16.5	88.3	13.3	7.3	422.3
0.9	15.3	195.7	13.3	6.4	422.9
0.0	16.7	590.6	13.3	8.6	422.9
13.0	19.0	206.1	13.4	8.7	422.9
32.1	17.8	328.5	13.4	12.7	422.9
0.0	10.2	226.0	13.4	5.6	422.9
4.5	14.0	414.3	13.4	7.0	422.9
8.1	14.5	77.1	13.5	6.4	422.9
0.6	20.5	170.6	13.5	7.4	422.9
11.6	23.4	479.2	13.5	9.6	422.9
10.8	22.0	170.6	13.5	6.1	422.9
29.7	22.3	207.6	13.6	7.0	422.9
12.4	21.9	93.7	13.6	6.8	422.9
13.2	22.6	169.4	13.6	7.2	422.9
16.7	23.4	194.0	13.6	7.4	422.9
9.6	20.8	239.3	13.7	10.5	422.9
1.0	18.6	126.7	13.7	5.1	422.9
21.4	21.0	90.8	13.7	7.3	422.9
3.9	20.0	204.5	13.7	6.4	422.9
0.5	21.3	303.0	13.7	9.2	422.9
0.3	23.2	478.1	13.8	10.7	422.9
0.7	23.8	499.0	13.8	10.2	422.9
4.7	25.0	572.3	13.8	11.0	422.9
4.5	25.4	570.4	13.8	10.4	422.9
0.0	26.5	586.4	13.8	10.1	422.9
0.6	26.4	440.1	13.8	9.7	422.9
5.0	20.5	157.1	13.9	11.0	422.9
0.0	22.3	312.5	13.9	10.0	422.9
1.8	25.8	498.8	13.9	12.3	422.9
1.1	24.4	296.1	13.9	8.7	422.9
0.8	25.0	313.4	13.9	9.0	422.9
0.6	23.6	164.0	13.9	6.5	422.9
8.3	25.9	552.4	13.9	11.5	422.0
4.0	26.6	541.4	14.0	11.6	422.0
16.9	25.8	458.6	14.0	11.3	422.0
15.9	18.2	48.3	14.0	8.6	422.0
7.7	15.5	74.9	14.0	5.2	422.0
0.1	21.9	531.3	14.0	10.7	422.0
0.0	22.8	138.3	14.0	7.7	422.0
0.2	25.8	363.2	14.0	11.1	422.0
18.0	25.5	320.4	14.0	9.6	422.0
10.4	24.6	346.5	14.0	10.1	422.0
0.7	22.2	249.1	14.0	8.4	422.0
0.0	20.9	442.9	14.1	10.4	422.0
0.0	21.3	612.1	14.1	10.5	422.0
0.0	22.3	469.9	14.1	9.7	422.0
0.0	25.0	606.5	14.1	10.7	422.0
0.1	23.7	532.9	14.1	11.6	422.0
0.1	23.0	625.2	14.1	12.3	422.0
0.0	23.5	642.4	14.1	11.8	422.0
0.0	25.2	639.0	14.1	11.8	422.0
0.0	26.2	557.7	14.1	10.1	422.0
5.0	25.6	357.9	14.1	10.5	422.0
16.8	26.0	386.5	14.1	9.7	422.0
14.5	23.9	162.9	14.1	10.2	422.0
0.4	19.4	174.0	14.1	6.9	422.0
0.0	22.5	639.4	14.1	9.8	422.0
0.6	24.5	477.6	14.1	8.3	422.0
19.2	26.0	440.4	14.1	9.9	422.0
17.0	26.8	490.1	14.1	9.9	422.0
4.3	27.5	612.8	14.1	11.5	422.0
2.1	27.7	627.8	14.1	11.8	422.0
4.8	27.1	574.8	14.1	11.2	419.1
10.8	26.5	510.2	14.0	10.7	419.1
7.6	26.4	467.9	14.0	10.6	419.1
17.2	26.2	482.9	14.0	10.0	419.1
13.7	26.4	507.3	14.0	9.7	419.1
11.9	26.5	484.3	14.0	9.7	419.1
9.1	26.9	529.0	14.0	9.6	419.1
7.8	27.2	552.5	14.0	10.7	419.1
2.4	26.7	301.1	14.0	9.2	419.1
22.0	25.0	205.6	14.0	7.3	419.1
8.2	25.7	500.4	14.0	10.7	419.1
2.4	25.1	190.6	13.9	8.0	419.1
13.4	24.9	231.1	13.9	8.4	419.1
12.9	25.2	217.4	13.9	9.1	419.1
20.1	25.9	456.1	13.9	9.9	419.1
12.9	26.5	506.0	13.9	10.0	419.1
13.5	26.9	533.3	13.9	9.9	419.1
15.6	26.5	322.7	13.9	8.8	419.1
8.9	26.7	447.4	13.8	9.5	419.1
9.5	26.8	543.4	13.8	10.6	419.1
2.3	27.5	567.0	13.8	11.0	419.1
0.0	27.5	613.5	13.8	11.2	419.1
0.0	27.9	607.8	13.8	11.7	419.1
0.0	27.0	581.5	13.8	11.4	419.1
0.3	25.9	499.8	13.7	10.7	419.1
0.2	25.0	605.4	13.7	11.3	419.1
0.0	24.7	608.5	13.7	10.6	419.1
0.0	26.9	607.1	13.7	10.8	419.1
0.1	28.4	497.1	13.7	10.6	419.1
0.2	29.3	539.7	13.6	11.0	419.1
10.5	27.8	523.1	13.6	10.3	419.1
4.5	26.9	423.7	13.6	9.2	416.8
11.4	26.2	334.5	13.6	8.7	416.8
14.0	25.1	290.3	13.5	8.4	416.8
22.4	24.4	332.5	13.5	7.4	416.8
1.2	24.1	101.3	13.5	5.5	416.8
1.0	24.0	85.5	13.5	4.8	416.8
1.3	24.0	95.1	13.5	5.0	416.8
1.4	24.7	173.0	13.4	6.5	416.8
13.3	25.3	258.9	13.4	7.6	416.8
14.2	25.4	276.2	13.4	7.3	416.8
1.9	24.6	218.6	13.4	7.9	416.8
2.1	24.4	368.6	13.3	7.9	416.8
2.6	23.8	304.9	13.3	6.8	416.8
0.7	23.5	105.6	13.3	4.5	416.8
1.1	24.5	404.7	13.3	8.8	416.8
0.5	25.5	459.4	13.2	9.2	416.8
7.3	25.7	433.9	13.2	8.7	416.8
21.8	25.2	352.4	13.2	8.1	416.8
0.7	25.6	476.4	13.1	8.7	416.8
5.0	24.5	171.4	13.1	6.4	416.8
5.3	25.2	233.6	13.1	8.1	416.8
4.7	26.4	535.0	13.1	9.0	416.8
0.7	26.4	457.6	13.0	9.0	416.8
0.0	26.4	485.2	13.0	9.0	416.8
0.1	27.5	543.6	13.0	9.7	416.8
0.0	27.5	537.4	13.0	9.5	416.8
0.0	27.1	532.1	12.9	9.7	416.8
0.0	26.8	528.7	12.9	9.9	416.8
0.0	26.5	535.2	12.9	10.2	416.8
0.1	26.5	528.7	12.8	9.7	416.8
0.3	27.6	484.9	12.8	10.0	416.8
0.6	28.0	468.6	12.8	9.6	416.3
0.9	25.8	137.2	12.8	6.8	416.3
0.2	25.4	115.4	12.7	5.5	416.3
0.1	25.8	65.3	12.7	4.8	416.3
1.5	26.2	152.7	12.7	6.5	416.3
14.6	25.1	209.2	12.6	7.1	416.3
2.7	24.0	54.2	12.6	5.9	416.3
0.0	21.5	243.2	12.6	7.8	416.3
0.3	22.3	503.8	12.5	8.7	416.3
0.0	21.8	516.7	12.5	9.0	416.3
0.0	22.0	504.5	12.5	8.7	416.3
0.0	22.4	483.6	12.5	8.7	416.3
0.0	23.2	484.3	12.4	9.5	416.3
0.0	22.4	504.9	12.4	9.1	416.3
0.0	21.8	511.1	12.4	9.8	416.3
0.0	23.0	507.0	12.3	10.6	416.3
0.2	24.6	496.8	12.3	11.2	416.3
0.3	25.4	487.0	12.3	10.9	416.3
0.0	21.9	505.8	12.2	10.1	416.3
0.0	23.1	495.0	12.2	11.0	416.3
0.0	24.4	486.3	12.2	10.9	416.3
0.0	24.2	479.4	12.2	10.0	416.3
0.1	24.6	438.2	12.1	8.9	416.3
0.0	23.4	371.4	12.1	8.1	416.3
0.0	21.6	250.3	12.1	6.7	416.3
0.0	19.6	321.0	12.0	6.3	416.3
0.0	18.1	396.5	12.0	7.2	416.3
0.0	17.1	474.8	12.0	7.7	416.3
0.0	16.4	471.1	11.9	7.7	416.3
0.0	17.6	472.4	11.9	8.2	416.3
0.0	19.3	453.4	11.9	8.6	416.7
0.0	18.6	456.4	11.9	8.0	416.7
0.0	18.9	451.3	11.8	7.8	416.7
0.0	18.9	450.8	11.8	8.5	416.7
0.0	17.7	457.9	11.8	8.5	416.7
0.0	18.0	456.2	11.7	8.8	416.7
0.0	20.3	441.6	11.7	8.3	416.7
0.0	13.9	455.6	11.7	6.7	416.7
0.0	12.5	456.2	11.6	6.6	416.7
0.0	15.1	439.2	11.6	8.0	416.7
0.0	16.8	431.3	11.6	8.3	416.7
0.0	17.2	428.2	11.6	8.4	416.7
0.0	17.6	426.4	11.5	8.0	416.7
0.0	17.9	411.7	11.5	7.8	416.7
0.0	18.3	408.1	11.5	8.0	416.7
0.0	19.8	368.9	11.4	7.8	416.7
0.0	19.3	403.9	11.4	7.8	416.7
0.0	20.3	393.1	11.4	7.5	416.7
0.0	15.0	396.3	11.4	6.6	416.7
0.0	14.3	414.4	11.3	7.0	416.7
0.0	16.0	408.0	11.3	6.7	416.7
0.0	18.4	376.8	11.3	7.2	416.7
0.0	17.6	330.7	11.2	6.7	416.7
0.0	14.0	385.2	11.2	5.9	416.7
0.0	14.7	352.8	11.2	5.6	416.7
0.0	15.5	291.3	11.2	5.6	416.7
0.0	16.0	345.2	11.1	6.3	416.7
0.0	15.5	187.1	11.1	5.6	416.7
0.0	14.7	374.6	11.1	6.5	416.7
0.0	14.7	372.9	11.0	6.3	416.7
0.0	17.4	354.5	11.0	6.7	416.7
0.0	17.9	250.5	11.0	6.4	418.7
0.1	19.4	337.9	11.0	6.2	418.7
0.1	15.7	234.4	10.9	4.8	418.7
0.0	16.4	254.8	10.9	5.4	418.7
0.0	19.9	307.7	10.9	6.5	418.7
0.0	20.0	158.1	10.9	5.1	418.7
1.5	20.2	156.8	10.8	5.0	418.7
2.0	17.7	21.7	10.8	2.0	418.7
0.1	18.9	135.6	10.8	4.4	418.7
1.2	19.9	255.5	10.8	5.9	418.7
10.7	18.4	176.4	10.7	4.1	418.7
0.2	18.5	197.0	10.7	4.5	418.7
10.3	16.8	182.1	10.7	5.7	418.7
18.3	8.0	18.5	10.7	3.3	418.7
8.4	5.8	47.5	10.6	0.8	418.7
46.4	7.3	65.3	10.6	1.9	418.7
23.6	9.5	14.8	10.6	1.9	418.7
0.8	8.8	22.4	10.6	2.0	418.7
11.5	6.7	31.2	10.6	1.8	418.7
0.2	6.8	139.1	10.5	2.3	418.7
29.1	9.3	45.8	10.5	2.3	418.7
9.0	6.8	35.6	10.5	2.4	418.7
0.2	4.9	312.9	10.5	3.3	418.7
0.1	6.2	207.1	10.5	3.2	418.7
0.1	5.1	227.5	10.4	2.8	418.7
0.8	6.6	134.4	10.4	2.8	418.7
0.9	11.8	109.7	10.4	3.6	418.7
0.1	8.4	232.0	10.4	3.3	418.7
0.1	7.1	135.6	10.4	2.7	418.7
6.2	10.0	167.7	10.4	3.1	418.7
15.5	11.3	27.5	10.3	2.5	420.8
23.8	10.8	14.8	10.3	3.1	420.8
16.0	4.2	23.0	10.3	2.5	420.8
0.1	0.3	124.2	10.3	1.7	420.8
0.0	1.7	292.8	10.3	2.5	420.8
0.1	2.5	287.8	10.3	2.9	420.8
0.3	3.4	247.2	10.3	3.4	420.8
0.3	5.5	199.2	10.3	3.6	420.8
0.1	7.2	237.7	10.2	3.9	420.8
0.0	9.7	176.0	10.2	3.1	420.8
2.3	15.5	235.3	10.2	4.2	420.8
1.1	7.9	91.1	10.2	3.3	420.8
8.5	5.3	31.7	10.2	1.6	420.8
0.6	5.9	127.4	10.2	2.4	420.8
0.9	2.6	101.0	10.2	3.1	420.8
0.0	-3.6	291.5	10.2	1.3	420.8
0.0	4.4	284.3	10.2	3.0	420.8
0.0	6.6	280.5	10.2	3.3	420.8
0.0	9.2	278.1	10.2	4.2	420.8
0.1	6.0	195.9	10.2	3.2	420.8
0.1	-0.8	131.1	10.2	2.0	420.8
0.0	1.6	280.5	10.2	2.7	420.8
0.0	7.0	124.9	10.2	3.0	420.8
0.2	7.3	55.1	10.2	3.0	420.8
0.7	10.3	109.7	10.2	3.5	420.8
1.8	10.1	24.5	10.2	2.6	420.8
2.2	7.2	41.9	10.2	1.6	420.8
0.0	9.1	139.4	10.2	2.9	420.8
1.1	10.7	148.4	10.2	3.4	420.8
0.2	6.3	101.8	10.2	2.3	420.8
3.2	1.1	64.8	10.2	1.9	420.8
0.0	-0.7	264.3	10.2	2.3	422.9
0.0	-0.8	251.8	10.2	2.5	422.9
0.0	-1.4	297.9	10.2	2.2	422.9
0.0	1.9	294.4	10.2	3.0	422.9
0.3	2.4	76.7	10.3	2.2	422.9
0.1	1.4	221.8	10.3	1.9	422.9
0.0	3.2	292.5	10.3	2.7	422.9
0.0	2.4	265.6	10.3	2.9	422.9
0.0	2.8	299.3	10.3	3.0	422.9
4.9	4.1	35.1	10.3	1.9	422.9
23.1	4.4	30.0	10.3	1.4	422.9
2.9	5.3	31.1	10.3	1.9	422.9
2.0	8.2	121.2	10.4	2.8	422.9
0.3	11.4	185.5	10.4	3.7	422.9
0.0	15.6	286.7	10.4	4.4	422.9
5.0	12.9	129.5	10.4	5.3	422.9
6.4	4.2	16.8	10.4	2.1	422.9
5.2	0.2	36.3	10.4	1.6	422.9
3.6	2.3	308.7	10.5	2.5	422.9
1.8	4.0	69.5	10.5	2.3	422.9
0.2	2.3	144.2	10.5	2.3	422.9
9.6	3.7	182.0	10.5	2.2	422.9
41.9	5.3	55.7	10.5	1.9	422.9
23.3	5.1	27.8	10.6	1.4	422.9
24.7	5.2	34.2	10.6	2.1	422.9
2.0	3.6	51.7	10.6	1.7	422.9
0.0	1.7	232.4	10.6	2.2	422.9
6.5	2.2	167.7	10.6	1.9	422.9
27.2	2.1	51.8	10.7	1.6	422.9
19.4	3.0	33.2	10.7	1.8	422.9
5.3	3.2	52.6	10.7	2.4	422.9
0.9	-0.4	201.8	10.7	2.1	424.0
0.2	1.4	184.9	10.8	2.6	424.0
19.0	3.3	22.7	10.8	2.3	424.0
4.6	0.2	57.7	10.8	2.3	424.0
29.1	4.5	317.4	10.8	3.6	424.0
16.1	7.2	28.6	10.9	2.3	424.0
7.8	6.4	24.2	10.9	1.9	424.0
11.6	5.3	33.9	10.9	1.9	424.0
0.5	3.0	98.8	10.9	2.5	424.0
0.7	2.2	108.1	11.0	1.6	424.0
9.2	4.9	82.6	11.0	2.0	424.0
0.7	4.9	116.3	11.0	3.0	424.0
0.3	4.5	203.8	11.1	3.6	424.0
0.0	6.1	316.6	11.1	3.6	424.0
0.4	8.0	139.7	11.1	3.7	424.0
22.0	12.6	89.4	11.1	3.9	424.0
0.9	4.7	42.3	11.2	4.7	424.0
0.0	-2.8	204.7	11.2	2.2	424.0
0.0	-0.2	416.6	11.2	3.0	424.0
0.0	2.4	411.9	11.2	4.2	424.0
0.0	5.2	303.3	11.3	4.3	424.0
0.0	6.7	258.1	11.3	4.8	424.0
0.0	8.8	409.7	11.3	5.9	424.0
0.0	6.0	423.5	11.4	4.8	424.0
0.0	7.6	226.3	11.4	5.2	424.0
0.0	4.1	253.1	11.4	4.4	424.0
0.0	4.1	434.6	11.5	3.9	424.0
3.6	10.2	388.1	11.5	5.6	424.0
0.7	10.6	83.1	11.5	4.3	424.5
0.2	13.6	268.7	11.5	5.8	424.5
0.0	16.4	309.1	11.6	6.6	424.5
0.2	15.6	185.3	11.6	5.1	424.5
1.8	16.1	174.3	11.6	4.8	424.5
19.7	14.9	97.8	11.7	4.6	424.5
16.9	10.0	42.7	11.7	4.0	424.5
0.6	7.3	110.8	11.7	3.8	424.5
16.7	10.2	91.2	11.8	3.4	424.5
0.1	10.8	175.0	11.8	5.5	424.5
0.0	4.1	430.0	11.8	4.0	424.5
1.2	5.7	202.4	11.8	3.6	424.5
12.2	14.3	378.9	11.9	6.9	424.5
5.9	17.9	85.6	11.9	3.5	424.5
0.5	21.1	434.3	11.9	6.5	424.5
0.1	24.3	452.8	12.0	7.6	424.5
2.7	18.3	315.7	12.0	9.9	424.5
6.1	11.9	189.1	12.0	5.8	424.5
0.7	7.7	96.7	12.1	3.8	424.5
0.1	12.7	403.9	12.1	6.7	424.5
0.0	20.7	369.5	12.1	8.7	424.5
2.8	16.5	406.8	12.2	11.1	424.5
0.0	6.5	134.4	12.2	4.4	424.5
0.0	7.8	521.0	12.2	5.4	424.5
0.0	14.0	513.9	12.2	7.9	424.5
0.0	19.1	351.7	12.3	9.0	424.5
0.0	24.2	488.8	12.3	9.7	424.5
0.0	25.2	405.8	12.3	9.2	424.5
12.0	13.3	78.0	12.4	10.8	424.5
0.1	5.4	289.3	12.4	3.9	424.5
0.2	9.0	326.9	12.4	5.1	424.5
0.0	9.0	504.5	12.5	5.7	425.1
0.0	13.7	480.7	12.5	7.0	425.1
0.0	17.4	535.3	12.5	8.5	425.1
0.0	19.9	541.9	12.6	10.0	425.1
0.0	19.2	545.9	12.6	10.2	425.1
0.0	20.2	324.0	12.6	9.1	425.1
29.5	21.0	132.3	12.6	6.7	425.1
2.0	20.5	80.6	12.7	5.4	425.1
16.0	23.4	288.4	12.7	7.5	425.1
40.7	16.3	248.5	12.7	11.6	425.1
20.1	9.4	36.4	12.8	3.3	425.1
10.2	10.1	70.9	12.8	6.0	425.1
21.7	11.8	446.5	12.8	6.9	425.1
11.6	11.1	88.2	12.8	3.9	425.1
1.2	13.5	203.4	12.9	4.8	425.1
31.3	12.4	75.7	12.9	2.7	425.1
53.7	12.8	43.5	12.9	3.7	425.1
47.8	12.4	40.3	13.0	3.5	425.1
1.6	11.7	65.9	13.0	3.0	425.1
0.0	13.3	202.0	13.0	6.5	425.1
3.3	14.1	115.3	13.0	4.9	425.1
0.0	12.7	220.7	13.1	6.1	425.1
0.0	15.5	537.9	13.1	8.3	425.1
0.5	14.4	438.5	13.1	9.6	425.1
0.0	14.0	595.3	13.2	8.7	425.1
0.0	16.4	577.5	13.2	9.8	425.1
0.0	18.1	581.6	13.2	10.3	425.1
2.3	20.2	284.2	13.2	8.6	425.1
0.4	22.2	240.2	13.3	7.4	425.1
50.8	19.6	84.4	13.3	9.9	425.1
1.6	14.6	71.7	13.3	6.4	425.7
10.1	22.5	200.7	13.3	8.9	425.7
15.8	21.3	105.0	13.4	7.9	425.7
6.8	18.4	98.8	13.4	8.2	425.7
0.0	17.3	438.4	13.4	7.7	425.7
1.0	21.3	170.6	13.4	7.4	425.7
9.6	23.6	439.0	13.5	10.3	425.7
12.6	24.8	539.4	13.5	9.5	425.7
48.4	18.1	70.9	13.5	9.5	425.7
0.2	16.4	186.4	13.5	7.4	425.7
0.0	18.2	548.5	13.6	9.1	425.7
14.3	17.2	124.4	13.6	7.1	425.7
1.7	15.3	36.4	13.6	2.7	425.7
7.7	15.8	100.8	13.6	5.0	425.7
0.2	19.3	534.0	13.6	9.9	425.7
0.1	21.8	579.1	13.7	11.1	425.7
3.4	23.3	301.1	13.7	8.8	425.7
5.5	20.6	155.5	13.7	11.0	425.7
0.0	15.3	559.9	13.7	9.0	425.7
0.0	18.0	617.4	13.8	9.4	425.7
0.0	22.1	599.2	13.8	11.5	425.7
13.4	24.3	518.0	13.8	11.0	425.7
5.1	22.5	115.6	13.8	5.8	425.7
1.7	24.8	462.4	13.8	10.2	425.7
7.3	23.1	114.2	13.8	3.8	425.7
0.8	25.9	273.8	13.9	8.3	425.7
5.7	21.5	61.0	13.9	10.5	425.7
3.1	15.4	91.2	13.9	7.1	425.7
55.9	18.2	174.6	13.9	6.4	425.7
17.3	19.2	40.6	13.9	6.4	425.7
9.6	17.6	84.1	13.9	6.4	425.7
0.8	18.7	375.4	13.9	8.5	424.7
0.2	21.2	436.1	14.0	10.1	424.7
0.0	22.7	500.4	14.0	10.4	424.7
0.1	21.2	596.8	14.0	9.5	424.7
0.0	22.8	373.2	14.0	8.7	424.7
0.1	21.8	196.6	14.0	8.8	424.7
0.0	23.7	573.5	14.0	10.1	424.7
0.2	24.6	619.7	14.0	11.6	424.7
0.0	25.2	526.9	14.0	11.0	424.7
18.1	23.5	149.5	14.0	6.8	424.7
18.1	22.7	26.7	14.0	3.8	424.7
2.3	24.9	389.4	14.1	9.5	424.7
0.1	24.6	243.7	14.1	8.8	424.7
0.0	24.8	609.6	14.1	12.2	424.7
0.2	24.7	467.0	14.1	12.6	424.7
0.3	24.8	511.5	14.1	11.1	424.7
0.1	22.9	251.5	14.1	11.4	424.7
0.0	24.5	541.9	14.1	10.4	424.7
0.0	23.7	304.6	14.1	9.3	424.7
0.0	22.8	379.5	14.1	10.9	424.7
0.0	24.9	592.0	14.1	10.8	424.7
0.0	26.4	494.9	14.1	10.9	424.7
0.3	27.2	450.5	14.1	10.7	424.7
3.9	24.8	85.0	14.1	6.1	424.7
33.9	26.0	394.9	14.1	8.1	424.7
0.5	25.7	178.9	14.1	7.9	424.7
0.3	26.6	401.3	14.1	9.6	424.7
0.2	25.8	349.0	14.1	9.2	424.7
0.7	26.1	436.3	14.1	9.8	424.7
0.0	26.9	382.0	14.1	9.5	424.7
0.1	26.4	318.9	14.1	9.3	421.9
5.1	26.4	550.1	14.0	11.0	421.9
6.0	26.3	434.1	14.0	9.2	421.9
5.4	26.1	324.6	14.0	8.9	421.9
0.5	28.2	585.9	14.0	9.7	421.9
37.7	26.3	470.3	14.0	8.6	421.9
34.5	24.7	137.4	14.0	6.3	421.9
11.2	24.2	81.3	14.0	5.5	421.9
12.3	25.7	428.0	14.0	9.7	421.9
0.3	27.0	609.5	14.0	10.6	421.9
0.6	27.0	589.5	14.0	10.4	421.9
10.7	26.1	515.8	14.0	9.6	421.9
5.6	25.4	317.8	13.9	9.1	421.9
2.3	25.7	272.0	13.9	8.3	421.9
12.7	26.2	313.0	13.9	8.1	421.9
15.2	26.4	340.4	13.9	8.9	421.9
24.3	25.7	266.6	13.9	8.7	421.9
8.7	26.6	503.2	13.9	10.5	421.9
12.8	26.5	580.2	13.8	10.2	421.9
11.4	26.8	496.4	13.8	9.7	421.9
6.8	26.6	442.2	13.8	10.7	421.9
6.2	27.0	427.6	13.8	9.7	421.9
7.3	26.7	542.4	13.8	10.9	421.9
5.3	26.8	547.0	13.8	9.8	421.9
0.0	27.8	584.1	13.7	11.4	421.9
2.4	27.8	588.6	13.7	11.4	421.9
15.9	26.8	512.5	13.7	10.1	421.9
19.1	26.4	463.2	13.7	9.3	421.9
14.8	26.5	468.1	13.7	9.1	421.9
14.2	27.0	440.2	13.6	9.7	421.9
14.7	27.0	506.9	13.6	10.6	421.9
13.6	27.3	565.8	13.6	10.4	419.5
15.9	27.1	512.7	13.6	9.7	419.5
0.1	27.6	566.6	13.6	10.5	419.5
0.1	27.7	562.7	13.5	10.4	419.5
0.1	28.4	571.8	13.5	10.6	419.5
0.2	29.2	565.6	13.5	10.9	419.5
0.1	29.4	441.4	13.5	10.9	419.5
4.8	28.8	564.7	13.4	11.9	419.5
8.0	28.5	566.7	13.4	10.8	419.5
20.6	27.3	454.6	13.4	9.8	419.5
23.3	25.7	209.6	13.4	7.7	419.5
23.6	24.9	122.0	13.3	6.3	419.5
7.9	25.9	542.7	13.3	9.5	419.5
7.2	26.2	515.2	13.3	9.1	419.5
8.0	26.6	480.1	13.3	8.7	419.5
15.5	26.7	481.4	13.2	9.4	419.5
10.2	26.7	385.0	13.2	9.4	419.5
12.9	27.0	382.2	13.2	9.0	419.5
10.9	26.6	439.2	13.2	8.6	419.5
28.6	26.2	370.6	13.1	8.4	419.5
2.9	26.1	215.9	13.1	7.3	419.5
15.1	26.3	304.7	13.1	9.0	419.5
9.0	26.6	429.7	13.0	9.3	419.5
8.8	26.3	369.9	13.0	10.0	419.5
0.2	26.7	487.9	13.0	10.0	419.5
0.0	25.5	508.8	13.0	9.8	419.5
0.1	25.4	529.0	12.9	9.8	419.5
1.6	25.5	507.2	12.9	9.8	419.5
0.4	26.3	508.6	12.9	8.8	419.5
20.9	25.2	312.4	12.8	8.0	419.5
9.8	25.6	494.4	12.8	8.9	419.5
13.6	25.9	462.9	12.8	8.5	419.1
8.9	26.2	420.6	12.8	9.0	419.1
7.6	25.9	384.2	12.7	9.2	419.1
12.0	25.4	441.3	12.7	8.6	419.1
13.1	25.0	441.4	12.7	7.6	419.1
31.8	23.5	242.5	12.6	6.1	419.1
2.4	20.5	56.0	12.6	4.9	419.1
0.0	20.4	51.0	12.6	3.4	419.1
0.0	21.3	126.9	12.6	5.6	419.1
0.2	22.5	215.6	12.5	6.2	419.1
0.6	23.5	252.6	12.5	7.8	419.1
6.1	24.3	412.3	12.5	7.5	419.1
0.0	24.4	422.7	12.4	8.1	419.1
0.0	21.9	456.0	12.4	8.5	419.1
0.0	20.8	484.7	12.4	8.2	419.1
0.0	21.8	460.9	12.3	7.7	419.1
0.0	24.1	481.7	12.3	8.2	419.1
0.1	24.7	438.3	12.3	8.9	419.1
0.1	24.7	472.5	12.3	8.2	419.1
0.6	26.1	381.8	12.2	8.0	419.1
0.4	25.8	310.2	12.2	7.4	419.1
0.0	25.3	444.0	12.2	8.2	419.1
1.0	25.4	273.7	12.1	7.3	419.1
2.3	24.6	136.0	12.1	5.7	419.1
1.5	23.2	33.5	12.1	3.0	419.1
0.0	23.8	207.0	12.0	7.1	419.1
0.4	24.3	203.7	12.0	6.2	419.1
0.0	25.4	437.5	12.0	8.4	419.1
0.0	23.7	443.2	12.0	8.1	419.1
0.3	24.8	354.5	11.9	7.2	419.1
0.1	20.1	258.4	11.9	7.9	419.4
0.0	18.7	451.1	11.9	7.3	419.4
0.0	19.3	443.8	11.8	7.3	419.4
0.0	19.8	409.1	11.8	7.8	419.4
0.0	19.3	452.0	11.8	8.0	419.4
0.0	19.6	448.4	11.7	8.3	419.4
0.0	20.7	427.0	11.7	8.2	419.4
0.0	20.1	439.7	11.7	8.3	419.4
0.0	21.2	414.4	11.7	8.3	419.4
0.0	22.9	344.1	11.6	7.1	419.4
0.0	22.6	353.7	11.6	6.7	419.4
0.0	23.3	315.7	11.6	7.0	419.4
0.0	23.9	400.2	11.5	7.9	419.4
1.4	23.9	380.8	11.5	8.9	419.4
1.4	14.9	37.9	11.5	5.0	419.4
0.0	12.7	421.1	11.4	5.2	419.4
0.0	15.8	381.3	11.4	6.5	419.4
0.0	16.7	399.6	11.4	6.7	419.4
0.0	12.7	403.3	11.4	5.4	419.4
0.0	10.8	317.6	11.3	4.5	419.4
0.0	12.9	400.3	11.3	5.6	419.4
0.0	14.2	391.4	11.3	6.0	419.4
0.0	14.8	388.2	11.2	6.2	419.4
0.0	14.9	383.1	11.2	6.3	419.4
0.0	15.3	384.0	11.2	6.7	419.4
0.0	15.9	376.8	11.2	6.8	419.4
0.0	16.4	373.6	11.1	6.8	419.4
0.0	16.8	376.2	11.1	7.0	419.4
0.0	17.8	367.8	11.1	6.7	419.4
0.0	16.5	366.8	11.0	6.2	419.4
0.0	14.4	367.4	11.0	6.0	419.4
0.0	13.8	368.1	11.0	6.1	421.4
0.0	13.7	273.5	11.0	5.7	421.4
0.0	13.8	353.7	10.9	5.8	421.4
0.0	14.2	344.9	10.9	5.7	421.4
0.0	15.0	335.8	10.9	6.4	421.4
0.0	16.4	344.7	10.9	6.2	421.4
0.2	16.4	245.0	10.8	4.9	421.4
0.0	16.8	196.6	10.8	6.0	421.4
0.0	15.5	330.3	10.8	6.3	421.4
0.0	5.7	192.7	10.8	2.9	421.4
0.0	10.4	160.7	10.7	3.9	421.4
0.0	16.4	320.3	10.7	5.7	421.4
0.1	17.5	312.0	10.7	5.9	421.4
0.1	15.3	187.8	10.7	5.0	421.4
0.0	14.4	279.0	10.6	4.5	421.4
0.1	15.7	247.1	10.6	4.2	421.4
1.4	15.6	89.5	10.6	3.2	421.4
0.0	17.3	273.2	10.6	5.3	421.4
8.0	18.4	230.5	10.6	5.1	421.4
13.6	15.0	18.7	10.5	3.4	421.4
1.3	12.0	37.2	10.5	2.3	421.4
0.1	12.8	215.7	10.5	3.9	421.4
0.2	15.3	253.2	10.5	5.0	421.4
4.0	16.9	153.4	10.5	4.7	421.4
4.8	11.6	11.7	10.4	2.6	421.4
1.0	5.3	22.1	10.4	3.1	421.4
0.0	5.1	214.8	10.4	2.2	421.4
0.0	4.2	113.3	10.4	1.4	421.4
0.5	8.3	114.3	10.4	2.8	421.4
1.1	11.4	50.2	10.4	2.7	421.4
0.5	14.6	121.2	10.3	3.7	423.5
10.8	17.6	185.1	10.3	4.1	423.5
5.8	10.7	52.8	10.3	4.1	423.5
0.9	10.4	87.1	10.3	2.4	423.5
7.2	12.9	43.8	10.3	2.7	423.5
4.8	16.7	88.8	10.3	3.6	423.5
4.2	14.3	41.1	10.3	3.8	423.5
0.4	8.4	112.4	10.3	2.6	423.5
0.6	8.0	160.6	10.2	3.3	423.5
2.7	9.9	98.6	10.2	3.3	423.5
9.9	10.4	26.4	10.2	4.2	423.5
20.6	6.6	58.9	10.2	1.9	423.5
6.4	8.8	20.0	10.2	1.9	423.5
2.5	7.1	90.8	10.2	2.7	423.5
26.0	4.2	11.6	10.2	1.8	423.5
9.9	-0.8	19.6	10.2	1.7	423.5
0.9	-0.9	154.2	10.2	1.2	423.5
7.5	1.9	58.2	10.2	1.5	423.5
1.7	-0.4	67.5	10.2	1.8	423.5
0.3	-3.3	267.1	10.2	1.5	423.5
0.0	-0.3	288.1	10.2	2.3	423.5
0.2	-0.1	283.9	10.2	2.5	423.5
0.1	1.7	250.7	10.2	2.9	423.5
0.0	1.2	242.5	10.2	2.0	423.5
0.0	1.1	290.4	10.2	2.3	423.5
0.0	3.1	285.3	10.2	3.2	423.5
0.1	4.0	275.5	10.2	3.6	423.5
0.0	6.0	286.9	10.2	3.7	423.5
0.1	4.9	279.1	10.2	3.4	423.5
0.0	5.4	266.2	10.2	3.5	423.5
0.1	8.1	275.4	10.2	4.4	423.5
0.2	9.2	270.7	10.2	4.1	425.6
0.2	9.2	248.1	10.2	4.2	425.6
0.0	12.9	256.7	10.2	4.9	425.6
3.1	14.1	158.8	10.2	4.6	425.6
3.0	9.1	61.2	10.3	2.0	425.6
8.2	5.9	32.5	10.3	2.7	425.6
1.0	3.3	86.4	10.3	1.4	425.6
0.2	2.9	86.1	10.3	1.7	425.6
0.0	6.5	217.8	10.3	3.1	425.6
34.4	6.2	127.5	10.3	4.7	425.6
0.2	-0.6	282.9	10.3	1.8	425.6
0.0	-0.7	296.1	10.3	2.3	425.6
0.4	2.1	180.6	10.4	2.7	425.6
0.1	2.4	221.1	10.4	2.9	425.6
0.1	2.0	216.9	10.4	3.0	425.6
0.1	3.2	252.5	10.4	3.1	425.6
0.0	4.6	312.8	10.4	3.7	425.6
0.1	5.3	275.6	10.4	4.0	425.6
0.2	2.2	317.5	10.5	2.8	425.6
0.0	0.8	247.4	10.5	2.7	425.6
0.0	5.1	195.9	10.5	3.9	425.6
0.0	6.8	289.3	10.5	3.7	425.6
2.3	9.9	259.5	10.5	4.3	425.6
11.2	9.4	40.4	10.6	2.0	425.6
3.4	9.8	101.4	10.6	3.7	425.6
14.6	2.3	22.4	10.6	2.2	425.6
10.4	5.4	24.4	10.6	2.5	425.6
11.2	1.1	16.4	10.6	2.3	425.6
8.4	-0.4	87.7	10.7	1.4	425.6
1.2	-2.3	105.0	10.7	1.8	425.6
0.0	-3.0	177.6	10.7	1.8	425.6
0.0	-1.8	351.9	10.7	2.5	426.7
7.4	2.0	210.9	10.8	2.9	426.7
25.5	4.3	29.1	10.8	2.1	426.7
5.3	4.2	35.8	10.8	1.3	426.7
6.0	5.0	34.6	10.8	2.0	426.7
5.9	4.4	36.5	10.9	1.3	426.7
1.7	2.9	49.8	10.9	2.3	426.7
0.0	1.7	350.9	10.9	2.4	426.7
0.0	1.6	165.4	10.9	2.2	426.7
0.1	3.0	187.5	11.0	2.6	426.7
12.1	3.2	99.0	11.0	2.0	426.7
7.4	1.4	56.1	11.0	2.3	426.7
0.0	-0.5	300.1	11.0	2.8	426.7
0.0	2.0	306.5	11.1	3.5	426.7
3.9	2.7	153.0	11.1	2.2	426.7
0.1	4.3	166.0	11.1	3.2	426.7
0.0	4.2	335.1	11.2	4.2	426.7
0.1	6.7	313.0	11.2	4.7	426.7
8.7	7.0	77.3	11.2	2.4	426.7
1.8	3.9	163.1	11.2	4.6	426.7
0.0	-0.9	424.3	11.3	2.6	426.7
0.0	3.9	421.9	11.3	4.1	426.7
0.0	2.6	421.6	11.3	4.0	426.7
0.0	5.6	432.7	11.4	4.4	426.7
0.0	8.8	427.9	11.4	5.9	426.7
0.0	10.8	430.0	11.4	6.5	426.7
0.0	10.4	391.4	11.4	6.2	426.7
0.0	14.9	439.2	11.5	7.7	426.7
0.0	10.0	439.4	11.5	5.2	427.2
0.0	17.7	430.6	11.5	9.0	427.2
0.5	17.5	408.6	11.6	9.7	427.2
6.3	6.2	39.9	11.6	2.6	427.2
0.0	6.5	148.4	11.6	4.0	427.2
10.0	4.3	115.0	11.7	3.2	427.2
1.7	8.5	71.3	11.7	4.1	427.2
4.5	16.0	244.5	11.7	6.5	427.2
18.7	12.8	65.1	11.7	7.0	427.2
0.2	7.3	309.7	11.8	4.9	427.2
0.0	10.5	177.5	11.8	5.5	427.2
16.3	11.0	247.7	11.8	4.6	427.2
6.2	9.6	57.9	11.9	6.7	427.2
13.0	6.3	50.1	11.9	2.2	427.2
10.1	7.0	17.1	11.9	3.3	427.2
1.9	4.1	86.1	12.0	2.5	427.2
0.0	4.0	394.2	12.0	4.8	427.2
1.6	8.1	324.7	12.0	4.9	427.2
2.8	9.8	142.6	12.1	3.6	427.2
1.5	10.1	189.5	12.1	5.4	427.2
14.1	6.5	124.5	12.1	3.7	427.2
1.4	5.5	142.4	12.1	3.8	427.2
0.5	8.2	366.7	12.2	6.2	427.2
0.4	9.6	301.3	12.2	6.4	427.2
5.1	13.1	407.8	12.2	7.4	427.2
0.3	15.0	323.1	12.3	6.5	427.2
25.7	15.1	88.2	12.3	4.7	427.2
14.6	14.2	57.7	12.3	3.6	427.2
13.5	18.3	189.7	12.4	6.7	427.2
15.4	13.0	62.5	12.4	8.5	427.2
0.0	8.6	301.8	12.4	4.6	427.2
21.7	10.5	235.3	12.5	4.8	427.8
0.8	8.6	97.0	12.5	5.6	427.8
0.0	9.5	558.0	12.5	5.5	427.8
0.0	14.3	524.4	12.5	8.3	427.8
0.0	13.9	289.3	12.6	8.5	427.8
0.0	15.3	535.0	12.6	8.6	427.8
0.0	17.4	478.3	12.6	8.7	427.8
3.8	19.1	483.8	12.7	8.9	427.8
13.1	18.7	409.9	12.7	12.3	427.8
0.5	7.8	217.3	12.7	5.7	427.8
5.7	12.1	462.3	12.8	6.8	427.8
9.9	13.8	63.4	12.8	5.6	427.8
6.2	16.1	111.3	12.8	6.6	427.8
0.4	13.8	417.8	12.8	7.2	427.8
1.3	16.7	520.7	12.9	8.5	427.8
19.5	14.5	60.2	12.9	6.4	427.8
0.0	11.0	132.0	12.9	6.3	427.8
0.0	14.1	512.4	13.0	9.0	427.8
0.1	14.8	265.3	13.0	7.9	427.8
0.2	16.0	247.8	13.0	7.3	427.8
0.1	22.1	423.2	13.0	10.2	427.8
0.0	24.4	540.4	13.1	8.5	427.8
0.0	25.7	496.4	13.1	8.0	427.8
0.2	27.1	503.9	13.1	7.6	427.8
16.7	19.8	149.7	13.2	11.3	427.8
25.2	11.2	49.9	13.2	5.5	427.8
6.0	11.5	178.0	13.2	5.3	427.8
13.8	10.3	51.8	13.2	2.7	427.8
0.0	12.8	480.2	13.3	7.3	427.8
0.0	12.5	585.6	13.3	7.6	427.8
0.6	14.8	408.0	13.3	7.9	428.3
0.2	14.1	173.2	13.3	5.9	428.3
0.0	17.8	586.2	13.4	8.8	428.3
20.3	19.8	417.4	13.4	7.9	428.3
4.0	18.5	95.4	13.4	5.4	428.3
0.5	21.1	393.5	13.4	9.2	428.3
0.3	21.6	364.6	13.5	8.5	428.3
23.5	22.1	185.5	13.5	6.7	428.3
8.5	21.7	96.8	13.5	7.8	428.3
0.8	20.2	249.3	13.5	7.0	428.3
10.6	19.6	117.4	13.6	8.0	428.3
0.8	17.8	267.9	13.6	8.1	428.3
0.1	19.4	457.6	13.6	9.5	428.3
4.8	21.2	387.0	13.6	9.7	428.3
24.5	18.9	51.2	13.6	3.6	428.3
0.4	18.8	387.6	13.7	9.1	428.3
0.0	20.3	537.6	13.7	9.2	428.3
39.4	18.3	99.3	13.7	4.4	428.3
1.1	18.1	128.6	13.7	6.5	428.3
0.2	19.3	155.1	13.7	6.8	428.3
0.3	23.1	274.5	13.8	8.7	428.3
0.7	24.5	361.5	13.8	9.4	428.3
7.0	22.2	368.1	13.8	8.2	428.3
0.4	18.5	79.8	13.8	5.4	428.3
49.1	17.8	54.3	13.8	3.5	428.3
12.4	20.5	40.0	13.9	7.2	428.3
4.3	19.7	56.3	13.9	5.4	428.3
31.1	19.8	50.6	13.9	6.1	428.3
19.1	22.6	83.1	13.9	6.6	428.3
8.2	22.4	83.3	13.9	5.6	428.3
22.7	23.4	109.9	13.9	6.4	428.3
3.8	21.6	209.1	13.9	9.6	427.4
0.1	22.1	526.2	14.0	9.3	427.4
0.0	23.0	270.4	14.0	9.1	427.4
24.8	18.0	94.2	14.0	7.2	427.4
58.0	16.1	35.9	14.0	3.1	427.4
7.7	16.8	52.6	14.0	3.2	427.4
2.1	18.1	67.2	14.0	4.7	427.4
0.2	19.4	552.1	14.0	9.8	427.4
16.3	19.9	322.0	14.0	8.1	427.4
1.1	19.0	166.0	14.0	6.5	427.4
0.1	21.1	537.1	14.0	9.5	427.4
0.0	22.2	545.2	14.1	10.4	427.4
0.0	22.1	361.0	14.1	9.5	427.4
0.0	22.9	609.2	14.1	10.2	427.4
0.2	22.9	371.1	14.1	8.8	427.4
10.9	23.1	152.0	14.1	6.7	427.4
13.1	23.4	49.6	14.1	4.6	427.4
7.3	23.4	66.6	14.1	5.2	427.4
27.4	25.6	445.7	14.1	9.1	427.4
21.1	24.9	171.9	14.1	7.3	427.4
1.2	24.4	94.2	14.1	5.3	427.4
0.5	25.3	290.7	14.1	9.3	427.4
5.0	25.8	461.3	14.1	10.3	427.4
0.9	25.7	567.9	14.1	11.2	427.4
0.2	26.3	593.0	14.1	11.6	427.4
2.9	26.9	606.2	14.1	12.1	427.4
6.4	26.9	559.3	14.1	11.0	427.4
25.0	24.5	121.2	14.1	6.7	427.4
14.6	24.0	78.0	14.1	5.7	427.4
0.5	24.7	218.4	14.1	8.2	427.4
2.7	25.9	581.2	14.1	11.5	424.5
3.2	26.5	481.0	14.1	10.2	424.5
10.8	27.0	483.2	14.0	10.7	424.5
8.2	27.0	311.7	14.0	9.5	424.5
16.7	25.8	249.9	14.0	8.5	424.5
22.4	26.9	451.2	14.0	9.6	424.5
13.3	27.0	437.4	14.0	10.2	424.5
3.3	27.3	482.6	14.0	10.8	424.5
6.1	27.4	535.1	14.0	10.3	424.5
6.2	27.2	556.2	14.0	10.2	424.5
7.6	27.4	606.9	14.0	10.9	424.5
14.7	26.8	484.3	14.0	9.4	424.5
13.6	26.9	568.1	13.9	10.1	424.5
7.4	26.7	571.3	13.9	10.1	424.5
5.2	27.4	582.2	13.9	10.4	424.5
16.3	27.2	592.1	13.9	9.9	424.5
5.7	27.6	586.2	13.9	11.1	424.5
0.0	28.3	607.1	13.9	11.1	424.5
1.8	28.2	616.3	13.9	11.5	424.5
3.6	28.0	611.1	13.8	10.9	424.5
7.4	27.1	581.4	13.8	10.6	424.5
6.8	26.3	593.0	13.8	11.1	424.5
6.4	26.4	552.9	13.8	10.7	424.5
7.7	26.5	541.4	13.8	10.4	424.5
13.6	26.5	511.0	13.7	9.3	424.5
17.2	26.6	462.3	13.7	9.1	424.5
12.7	26.6	447.2	13.7	9.3	424.5
12.2	26.3	476.1	13.7	9.7	424.5
6.5	26.1	536.9	13.7	10.7	424.5
2.1	25.9	501.9	13.6	9.2	424.5
0.9	25.7	372.2	13.6	8.9	424.5
11.1	25.9	529.6	13.6	9.6	422.2
0.7	26.3	453.0	13.6	9.0	422.2
1.2	25.9	330.3	13.6	9.6	422.2
1.8	26.4	428.5	13.5	9.4	422.2
0.3	27.9	547.9	13.5	10.3	422.2
9.7	28.0	505.0	13.5	10.3	422.2
12.6	27.6	444.9	13.5	9.4	422.2
9.3	27.1	487.5	13.4	10.1	422.2
0.4	26.0	461.4	13.4	8.0	422.2
0.9	24.8	202.3	13.4	6.7	422.2
0.9	24.0	69.1	13.4	5.8	422.2
0.2	23.3	90.0	13.3	5.0	422.2
1.3	23.4	262.6	13.3	6.1	422.2
1.6	24.0	51.4	13.3	5.4	422.2
1.5	25.7	107.7	13.3	6.5	422.2
8.4	26.3	385.8	13.2	8.1	422.2
12.4	25.8	290.8	13.2	8.2	422.2
17.6	25.9	431.3	13.2	7.9	422.2
25.3	26.3	394.3	13.2	8.3	422.2
19.2	26.2	374.8	13.1	9.3	422.2
10.2	26.1	445.0	13.1	9.1	422.2
13.0	25.8	435.9	13.1	8.4	422.2
13.4	25.1	312.3	13.1	7.4	422.2
6.7	25.0	223.4	13.0	7.4	422.2
8.6	25.1	295.5	13.0	8.0	422.2
5.8	25.7	508.6	13.0	8.6	422.2
0.8	25.9	380.3	12.9	8.0	422.2
0.5	26.3	459.9	12.9	9.0	422.2
0.0	26.5	481.7	12.9	9.4	422.2
0.0	26.9	534.4	12.9	9.3	422.2
0.0	26.7	524.0	12.8	9.4	422.2
0.2	26.7	447.9	12.8	8.8	421.7
0.2	27.8	475.6	12.8	9.0	421.7
9.2	26.8	467.8	12.7	10.1	421.7
0.3	27.3	473.4	12.7	8.6	421.7
5.6	27.3	473.5	12.7	9.7	421.7
21.6	25.2	459.6	12.7	6.8	421.7
0.8	24.3	91.4	12.6	4.8	421.7
0.7	25.1	260.5	12.6	7.5	421.7
0.2	25.4	345.3	12.6	8.4	421.7
7.4	24.5	380.4	12.5	9.3	421.7
1.3	19.3	104.1	12.5	5.9	421.7
1.2	20.5	366.6	12.5	6.5	421.7
2.3	21.4	130.6	12.4	5.5	421.7
0.1	20.4	288.4	12.4	7.0	421.7
0.0	20.9	498.6	12.4	7.8	421.7
0.1	22.1	488.3	12.4	8.4	421.7
0.0	23.4	491.8	12.3	9.6	421.7
0.0	24.0	489.6	12.3	9.7	421.7
0.0	25.2	483.5	12.3	9.7	421.7
0.0	26.0	465.4	12.2	9.1	421.7
0.0	20.3	246.1	12.2	8.5	421.7
0.0	19.3	479.8	12.2	7.1	421.7
0.0	19.6	249.1	12.1	6.6	421.7
1.7	21.3	292.7	12.1	7.1	421.7
4.1	18.9	12.7	12.1	3.6	421.7
1.2	22.0	62.2	12.1	4.9	421.7
0.2	23.3	126.8	12.0	5.8	421.7
1.8	24.5	280.9	12.0	6.6	421.7
0.2	23.9	377.7	12.0	7.7	421.7
0.0	25.6	443.7	11.9	8.4	421.7
0.1	26.5	407.5	11.9	8.3	422.1
0.4	26.2	379.7	11.9	8.2	422.1
0.0	24.6	428.9	11.8	8.3	422.1
0.0	24.2	365.5	11.8	6.7	422.1
0.0	21.0	177.4	11.8	7.0	422.1
0.0	20.8	446.6	11.8	8.4	422.1
0.0	21.4	440.4	11.7	8.1	422.1
0.0	22.6	421.5	11.7	8.0	422.1
0.1	24.6	322.0	11.7	7.4	422.1
0.1	25.1	263.7	11.6	7.1	422.1
6.0	23.9	397.5	11.6	7.9	422.1
0.1	23.5	371.2	11.6	6.8	422.1
0.2	24.2	381.0	11.5	7.4	422.1
0.0	22.8	327.5	11.5	6.2	422.1
1.6	18.2	164.5	11.5	6.4	422.1
0.0	15.9	422.9	11.5	6.6	422.1
0.0	16.8	412.9	11.4	6.5	422.1
0.0	18.0	165.3	11.4	5.1	422.1
0.0	19.1	81.9	11.4	4.1	422.1
0.2	19.5	280.5	11.3	6.9	422.1
0.0	20.1	386.8	11.3	7.4	422.1
0.0	20.2	382.7	11.3	7.0	422.1
6.5	20.4	137.7	11.3	5.2	422.1
0.1	18.2	167.0	11.2	5.2	422.1
0.0	17.4	330.8	11.2	5.9	422.1
0.0	19.2	364.5	11.2	6.2	422.1
0.0	21.6	327.6	11.1	6.9	422.1
8.9	22.1	326.9	11.1	6.2	422.1
9.4	19.7	66.5	11.1	5.1	422.1
3.2	13.0	34.2	11.1	4.9	422.1
0.0	9.6	372.4	11.0	4.4	422.1
0.0	11.1	366.7	11.0	5.1	424.0
0.0	13.5	358.4	11.0	5.5	424.0
0.0	11.4	368.6	10.9	4.7	424.0
0.0	13.4	346.8	10.9	5.6	424.0
0.0	13.9	347.5	10.9	5.8	424.0
0.0	14.8	343.7	10.9	5.8	424.0
0.0	16.6	346.8	10.8	5.5	424.0
0.0	17.2	331.9	10.8	7.4	424.0
0.0	7.3	335.1	10.8	3.0	424.0
0.0	8.8	263.0	10.8	3.5	424.0
1.4	10.8	276.9	10.7	4.0	424.0
1.9	8.5	111.1	10.7	2.8	424.0
0.0	8.9	344.6	10.7	4.1	424.0
0.0	9.1	342.1	10.7	4.4	424.0
0.0	11.0	336.2	10.7	5.0	424.0
0.1	11.7	119.8	10.6	4.0	424.0
0.0	10.8	317.8	10.6	4.1	424.0
0.0	10.0	223.1	10.6	4.5	424.0
0.0	10.6	324.5	10.6	4.9	424.0
0.0	11.5	323.0	10.5	5.3	424.0
0.1	14.0	317.6	10.5	5.9	424.0
0.0	16.4	300.0	10.5	5.9	424.0
1.4	18.4	280.7	10.5	6.6	424.0
0.0	4.9	300.3	10.5	3.4	424.0
0.0	3.2	320.2	10.4	3.1	424.0
0.0	6.5	310.3	10.4	4.0	424.0
0.0	7.4	316.2	10.4	4.3	424.0
0.0	9.0	310.2	10.4	4.5	424.0
0.1	11.1	184.7	10.4	4.3	424.0
0.1	14.4	269.7	10.4	5.3	424.0
6.5	15.3	254.6	10.3	5.6	426.2
1.2	10.4	42.4	10.3	2.2	426.2
2.3	13.5	142.7	10.3	3.7	426.2
4.9	10.4	26.7	10.3	2.9	426.2
30.6	4.7	13.4	10.3	2.9	426.2
0.5	-0.7	56.5	10.3	1.6	426.2
0.0	-2.2	256.1	10.3	1.8	426.2
2.3	0.8	286.9	10.3	2.2	426.2
3.5	2.9	18.6	10.2	1.3	426.2
7.8	4.2	54.8	10.2	1.4	426.2
5.6	4.5	15.8	10.2	0.8	426.2
13.1	5.8	13.0	10.2	2.0	426.2
5.0	10.6	16.7	10.2	2.6	426.2
9.8	9.2	40.4	10.2	2.8	426.2
25.8	5.9	41.2	10.2	1.0	426.2
6.0	6.6	87.2	10.2	2.0	426.2
4.6	5.4	41.9	10.2	2.2	426.2
0.1	2.6	284.8	10.2	2.8	426.2
0.2	4.5	140.3	10.2	2.9	426.2
0.2	6.6	272.9	10.2	3.8	426.2
4.9	4.3	122.3	10.2	3.6	426.2
1.1	-6.1	98.8	10.2	1.4	426.2
0.0	-7.1	297.8	10.2	1.4	426.2
5.0	-0.6	275.6	10.2	2.1	426.2
6.6	1.3	26.6	10.2	0.9	426.2
0.3	0.7	101.6	10.2	1.8	426.2
0.6	2.6	134.0	10.2	2.0	426.2
0.1	2.7	147.4	10.2	2.4	426.2
12.9	5.1	107.3	10.2	2.5	426.2
0.4	4.2	118.7	10.2	2.6	426.2
0.6	1.5	128.1	10.2	2.1	426.2
0.5	3.5	132.6	10.2	2.5	428.2
0.3	2.9	214.1	10.2	3.1	428.2
0.1	5.5	250.0	10.2	3.8	428.2
17.1	10.5	164.6	10.2	3.8	428.2
2.7	8.6	58.0	10.3	3.2	428.2
0.1	3.5	124.7	10.3	2.0	428.2
0.0	3.1	297.8	10.3	2.8	428.2
0.0	5.3	240.2	10.3	2.8	428.2
0.1	2.7	298.6	10.3	3.0	428.2
4.5	2.6	278.8	10.3	2.6	428.2
1.4	2.4	73.1	10.3	1.7	428.2
5.1	3.2	50.9	10.3	1.5	428.2
2.2	4.4	52.0	10.3	1.5	428.2
1.3	4.1	47.5	10.4	1.2	428.2
1.0	2.1	87.8	10.4	2.6	428.2
0.0	-2.0	319.9	10.4	2.0	428.2
0.0	-1.4	320.9	10.4	1.9	428.2
0.0	-1.9	323.0	10.4	2.2	428.2
0.0	1.7	324.3	10.4	3.5	428.2
0.0	4.3	312.9	10.5	4.1	428.2
0.0	7.4	318.5	10.5	4.7	428.2
0.0	1.2	269.3	10.5	3.0	428.2
0.0	2.1	285.4	10.5	2.8	428.2
0.0	3.0	217.1	10.5	3.2	428.2
0.0	4.0	338.2	10.6	3.5	428.2
0.0	6.9	299.4	10.6	4.1	428.2
0.0	4.9	208.5	10.6	3.2	428.2
0.0	7.9	338.8	10.6	4.3	428.2
0.1	7.3	109.2	10.7	4.0	428.2
4.0	10.1	326.9	10.7	5.3	428.2
3.8	6.6	22.5	10.7	3.1	428.2
0.0	0.7	327.9	10.7	2.9	429.4
0.0	1.0	369.2	10.8	2.9	429.4
0.0	5.8	353.8	10.8	4.6	429.4
0.0	8.6	350.1	10.8	5.1	429.4
0.0	10.8	331.2	10.8	5.9	429.4
0.0	13.8	353.3	10.9	6.3	429.4
0.0	16.0	355.2	10.9	6.7	429.4
3.6	16.9	349.3	10.9	6.9	429.4
5.6	9.7	45.0	10.9	4.7	429.4
1.3	1.7	44.1	11.0	1.8	429.4
22.8	5.8	30.8	11.0	3.2	429.4
12.8	4.4	25.9	11.0	2.8	429.4
1.4	4.0	77.3	11.0	1.9	429.4
1.1	3.7	174.4	11.1	3.5	429.4
0.4	7.0	212.5	11.1	4.7	429.4
0.7	12.7	231.7	11.1	5.7	429.4
15.0	12.4	98.5	11.2	5.5	429.4
4.8	7.1	51.8	11.2	4.0	429.4
0.0	-1.2	409.6	11.2	2.8	429.4
0.0	-1.1	419.0	11.2	2.8	429.4
0.4	5.5	245.9	11.3	4.4	429.4
0.0	9.5	402.5	11.3	5.5	429.4
0.1	14.9	331.4	11.3	7.0	429.4
1.9	17.0	225.6	11.4	6.0	429.4
5.9	15.6	180.9	11.4	5.4	429.4
7.8	11.2	54.5	11.4	3.7	429.4
1.8	10.3	25.6	11.4	3.2	429.4
7.3	8.2	34.4	11.5	3.7	429.4
0.8	3.7	98.1	11.5	2.9	429.4
6.0	2.5	33.8	11.5	1.8	429.9
8.2	2.8	15.1	11.6	2.1	429.9
7.4	5.7	71.3	11.6	3.5	429.9
3.7	4.3	154.3	11.6	2.5	429.9
3.2	14.1	258.0	11.7	7.4	429.9
7.2	8.2	23.8	11.7	4.9	429.9
8.2	4.7	20.9	11.7	1.7	429.9
8.5	6.1	16.5	11.7	3.6	429.9
3.7	11.1	103.5	11.8	7.3	429.9
6.6	5.0	31.7	11.8	1.7	429.9
22.6	3.7	26.0	11.8	2.6	429.9
25.6	0.6	42.0	11.9	1.7	429.9
0.6	1.4	222.7	11.9	3.3	429.9
0.1	5.3	295.3	11.9	4.7	429.9
0.1	8.1	467.9	12.0	5.8	429.9
0.7	10.2	395.6	12.0	6.1	429.9
8.9	8.2	40.7	12.0	5.4	429.9
7.6	3.5	234.1	12.0	3.3	429.9
0.3	3.0	193.6	12.1	3.5	429.9
0.0	3.2	511.2	12.1	4.7	429.9
0.0	6.2	482.1	12.1	5.0	429.9
0.1	7.9	318.7	12.2	4.8	429.9
1.2	11.0	330.1	12.2	6.3	429.9
2.8	5.5	143.5	12.2	6.7	429.9
0.0	4.6	514.5	12.3	3.8	429.9
3.6	6.4	314.7	12.3	4.3	429.9
27.5	5.5	52.9	12.3	3.0	429.9
2.3	7.1	54.4	12.4	2.2	429.9
0.9	7.8	75.4	12.4	3.1	429.9
0.1	11.6	365.1	12.4	6.8	429.9
0.8	13.3	491.1	12.4	8.0	429.9
0.9	4.6	141.5	12.5	4.6	430.4
0.0	7.8	499.1	12.5	6.7	430.4
0.8	10.6	498.5	12.5	6.5	430.4
0.0	9.6	556.2	12.6	6.4	430.4
0.0	11.7	564.7	12.6	8.3	430.4
0.0	16.2	491.1	12.6	8.7	430.4
0.8	18.7	426.2	12.7	8.5	430.4
12.2	21.7	320.1	12.7	8.2	430.4
2.2	15.0	48.1	12.7	8.6	430.4
1.1	10.9	99.4	12.7	3.7	430.4
1.0	13.9	428.9	12.8	7.3	430.4
23.1	13.9	342.1	12.8	8.9	430.4
0.0	9.3	398.9	12.8	6.9	430.4
0.0	9.3	564.2	12.9	7.1	430.4
0.0	10.6	232.7	12.9	5.9	430.4
1.2	15.3	419.0	12.9	7.3	430.4
0.3	17.0	481.7	12.9	9.6	430.4
0.3	19.8	550.5	13.0	9.6	430.4
0.0	22.2	542.1	13.0	9.2	430.4
0.0	20.2	536.2	13.0	11.2	430.4
0.0	16.4	596.1	13.1	9.5	430.4
0.3	17.8	464.4	13.1	8.6	430.4
26.7	19.6	82.4	13.1	5.9	430.4
18.7	20.9	335.9	13.1	7.1	430.4
40.4	11.2	54.4	13.2	9.9	430.4
0.3	9.0	190.4	13.2	5.6	430.4
0.7	16.0	503.1	13.2	8.7	430.4
11.9	18.8	125.9	13.3	7.2	430.4
3.3	23.6	268.9	13.3	8.8	430.4
15.8	18.5	88.6	13.3	10.3	430.4
18.7	12.1	67.6	13.3	5.3	430.9
0.0	13.7	586.3	13.4	7.3	430.9
1.4	13.9	175.6	13.4	4.6	430.9
21.1	17.1	134.5	13.4	6.1	430.9
18.2	20.4	70.8	13.4	6.2	430.9
7.7	22.9	158.2	13.5	7.3	430.9
19.2	19.4	53.9	13.5	8.5	430.9
0.5	17.4	176.0	13.5	6.4	430.9
0.7	18.6	472.1	13.5	8.5	430.9
0.3	21.9	494.2	13.5	9.9	430.9
28.2	22.7	171.1	13.6	6.4	430.9
8.8	17.0	55.8	13.6	8.6	430.9
14.7	17.3	59.1	13.6	5.0	430.9
25.3	14.7	32.9	13.6	7.4	430.9
0.2	13.9	383.4	13.7	7.5	430.9
0.3	18.0	609.9	13.7	9.9	430.9
0.0	19.5	616.7	13.7	11.1	430.9
0.0	20.5	629.9	13.7	9.7	430.9
3.3	22.6	283.1	13.7	7.8	430.9
33.9	18.4	87.0	13.8	11.0	430.9
0.0	15.2	347.0	13.8	8.2	430.9
22.3	18.0	542.5	13.8	7.4	430.9
11.1	18.8	91.2	13.8	6.6	430.9
0.2	21.2	562.9	13.8	8.9	430.9
0.7	23.6	298.4	13.8	8.9	430.9
12.2	25.3	436.2	13.9	9.3	430.9
17.6	24.3	400.4	13.9	10.6	430.9
1.5	19.5	241.9	13.9	8.3	430.9
0.0	21.3	621.0	13.9	10.0	430.9
13.3	23.6	418.3	13.9	9.3	430.9
16.4	24.8	241.9	13.9	8.5	430.9
26.0	22.4	78.7	14.0	9.8	430.0
0.1	21.7	590.6	14.0	10.6	430.0
0.0	22.4	499.3	14.0	9.7	430.0
30.2	18.1	96.2	14.0	8.6	430.0
0.4	20.8	272.9	14.0	8.4	430.0
23.5	20.3	69.4	14.0	3.4	430.0
0.9	23.2	121.7	14.0	8.3	430.0
0.2	22.2	352.5	14.0	9.8	430.0
11.4	23.8	407.7	14.0	10.6	430.0
0.1	21.8	511.0	14.0	10.0	430.0
0.3	22.6	662.8	14.1	10.6	430.0
0.0	24.2	620.0	14.1	10.6	430.0
3.9	21.6	206.1	14.1	10.9	430.0
21.0	20.6	48.8	14.1	6.0	430.0
0.3	21.4	188.1	14.1	7.8	430.0
0.1	23.6	419.7	14.1	9.7	430.0
1.7	21.7	187.4	14.1	10.3	430.0
0.5	21.0	479.3	14.1	8.4	430.0
0.4	22.0	247.1	14.1	6.9	430.0
2.2	25.3	463.4	14.1	9.6	430.0
13.4	26.0	601.1	14.1	10.1	430.0
10.1	26.4	526.1	14.1	10.0	430.0
4.9	27.2	504.2	14.1	9.5	430.0
28.6	24.7	340.4	14.1	9.8	430.0
0.0	24.1	455.3	14.1	9.0	430.0
9.1	23.7	91.0	14.1	7.7	430.0
2.8	24.1	191.5	14.1	7.4	430.0
17.6	22.4	41.2	14.1	5.1	430.0
5.0	22.2	51.9	14.1	5.5	430.0
1.0	24.1	483.8	14.1	9.8	430.0
0.2	24.6	536.9	14.1	9.3	427.1
0.8	25.0	271.6	14.0	8.2	427.1
2.4	24.6	142.8	14.0	6.5	427.1
0.2	23.5	147.2	14.0	5.9	427.1
0.3	25.2	362.8	14.0	10.2	427.1
0.5	26.5	581.1	14.0	11.3	427.1
0.3	26.8	335.9	14.0	9.6	427.1
12.0	25.0	227.1	14.0	8.1	427.1
7.1	26.0	529.2	14.0	11.4	427.1
4.1	26.3	511.9	14.0	10.8	427.1
3.6	26.9	421.3	14.0	10.0	427.1
20.3	26.2	325.5	13.9	8.7	427.1
5.7	25.9	214.1	13.9	8.3	427.1
18.1	26.4	475.8	13.9	9.3	427.1
19.2	26.5	457.0	13.9	9.9	427.1
12.9	26.5	462.8	13.9	10.3	427.1
5.0	27.6	582.4	13.9	11.0	427.1
16.2	27.0	485.3	13.9	8.9	427.1
0.6	27.1	396.9	13.8	9.4	427.1
1.5	26.1	134.2	13.8	7.5	427.1
10.9	26.4	265.3	13.8	8.6	427.1
20.3	25.2	87.9	13.8	6.7	427.1
34.2	24.9	72.9	13.8	5.0	427.1
2.4	24.4	69.5	13.8	4.3	427.1
10.9	24.8	355.5	13.7	7.7	427.1
10.0	23.8	62.6	13.7	4.9	427.1
0.9	25.3	412.6	13.7	9.0	427.1
5.5	26.3	445.4	13.7	10.0	427.1
17.2	26.1	401.0	13.7	9.1	427.1
21.4	25.1	441.7	13.6	9.2	427.1
4.7	25.0	511.2	13.6	9.3	427.1
1.0	23.8	306.8	13.6	8.0	424.8
1.7	23.5	149.8	13.6	6.2	424.8
1.6	24.5	223.5	13.5	7.2	424.8
3.3	25.5	237.6	13.5	6.6	424.8
31.0	25.0	278.1	13.5	7.4	424.8
20.9	25.0	257.0	13.5	7.2	424.8
3.2	25.2	175.0	13.4	7.1	424.8
12.2	25.5	224.3	13.4	7.2	424.8
18.1	25.7	281.5	13.4	8.8	424.8
18.9	25.5	278.4	13.4	9.2	424.8
17.2	25.0	369.9	13.3	7.2	424.8
3.4	23.6	116.3	13.3	4.7	424.8
1.2	23.6	331.0	13.3	7.9	424.8
0.1	23.7	431.9	13.3	9.4	424.8
0.0	24.8	553.1	13.2	10.0	424.8
0.0	25.1	557.0	13.2	10.0	424.8
0.0	24.5	575.8	13.2	10.6	424.8
0.1	24.5	552.7	13.2	9.6	424.8
0.8	25.4	397.6	13.1	8.5	424.8
2.1	25.0	434.1	13.1	10.2	424.8
9.3	24.4	553.7	13.1	10.4	424.8
0.1	26.0	538.6	13.1	9.8	424.8
0.4	26.8	485.9	13.0	9.4	424.8
0.4	27.7	531.2	13.0	9.8	424.8
5.4	27.3	527.4	13.0	10.4	424.8
13.3	26.5	460.6	12.9	8.9	424.8
2.3	25.5	371.9	12.9	9.6	424.8
0.0	25.4	482.1	12.9	9.8	424.8
1.1	26.8	523.4	12.9	10.4	424.8
12.3	18.6	124.7	12.8	10.3	424.8
0.0	20.3	559.1	12.8	10.5	424.8
0.0	22.3	397.3	12.8	9.4	424.4
0.0	22.3	527.4	12.7	9.8	424.4
0.0	21.6	551.0	12.7	10.1	424.4
0.0	22.6	528.0	12.7	9.4	424.4
0.0	21.7	494.8	12.7	10.1	424.4
0.0	23.0	545.1	12.6	9.8	424.4
0.0	24.8	524.5	12.6	10.0	424.4
0.0	25.7	497.2	12.6	9.5	424.4
0.1	26.3	508.2	12.5	10.3	424.4
0.0	26.2	511.2	12.5	10.1	424.4
0.1	25.4	483.4	12.5	9.3	424.4
0.0	25.3	467.1	12.5	9.6	424.4
0.0	25.0	450.0	12.4	8.9	424.4
0.0	24.2	406.9	12.4	9.6	424.4
0.1	25.2	490.6	12.4	9.9	424.4
0.0	25.2	490.9	12.3	9.8	424.4
0.0	24.7	480.4	12.3	9.4	424.4
0.2	25.8	476.5	12.3	8.8	424.4
0.1	26.0	452.4	12.2	9.1	424.4
0.1	26.2	464.2	12.2	8.7	424.4
0.0	25.2	476.4	12.2	8.6	424.4
0.0	23.4	485.7	12.2	9.9	424.4
0.0	22.4	486.1	12.1	9.3	424.4
0.0	22.0	460.1	12.1	8.6	424.4
0.0	21.8	462.7	12.1	9.3	424.4
0.0	21.7	479.7	12.0	9.9	424.4
0.0	18.4	307.1	12.0	8.6	424.4
0.0	20.3	355.6	12.0	8.1	424.4
0.0	19.7	188.2	11.9	6.6	424.4
0.0	21.5	207.7	11.9	6.7	424.4
0.0	21.5	162.7	11.9	6.2	424.7
0.0	21.7	184.9	11.8	6.5	424.7
0.0	18.6	386.1	11.8	7.9	424.7
0.0	16.4	469.1	11.8	6.9	424.7
0.0	17.5	458.1	11.8	8.0	424.7
0.0	18.3	456.8	11.7	9.0	424.7
0.0	18.4	452.0	11.7	8.7	424.7
0.0	19.4	436.3	11.7	8.1	424.7
0.0	17.8	435.7	11.6	7.8	424.7
0.0	17.7	434.4	11.6	8.1	424.7
0.0	17.8	436.9	11.6	7.8	424.7
0.0	19.2	424.0	11.5	8.1	424.7
0.1	20.6	401.1	11.5	7.5	424.7
0.0	18.7	279.3	11.5	7.0	424.7
0.0	18.1	237.5	11.5	6.2	424.7
0.0	16.9	399.3	11.4	5.4	424.7
0.0	13.2	393.9	11.4	6.2	424.7
0.0	11.1	429.8	11.4	5.9	424.7
0.0	13.3	419.0	11.3	6.2	424.7
0.0	12.0	407.0	11.3	5.9	424.7
0.0	11.0	415.8	11.3	5.7	424.7
0.0	11.8	408.5	11.3	6.5	424.7
0.0	13.5	390.5	11.2	6.6	424.7
0.0	14.3	332.4	11.2	6.6	424.7
0.0	16.2	373.9	11.2	7.0	424.7
0.0	19.6	360.4	11.1	7.2	424.7
0.3	18.5	84.1	11.1	5.1	424.7
0.2	16.3	96.5	11.1	5.0	424.7
0.0	17.6	363.6	11.1	5.6	424.7
0.0	19.4	357.2	11.0	6.7	424.7
0.3	20.9	309.7	11.0	7.0	424.7
0.0	19.5	347.1	11.0	6.7	426.6
0.0	18.3	349.1	11.0	6.3	426.6
0.0	18.3	345.0	10.9	6.5	426.6
0.0	18.0	267.0	10.9	5.8	426.6
0.0	18.3	286.3	10.9	6.0	426.6
0.0	18.9	344.3	10.9	6.4	426.6
0.0	19.9	334.8	10.8	6.2	426.6
0.1	19.9	275.1	10.8	5.0	426.6
0.1	20.8	212.1	10.8	5.5	426.6
0.1	21.6	302.4	10.8	5.8	426.6
0.7	17.2	47.2	10.7	4.0	426.6
0.1	17.1	97.2	10.7	3.6	426.6
5.2	19.5	253.0	10.7	5.6	426.6
2.8	14.0	51.9	10.7	4.7	426.6
24.0	7.6	42.7	10.6	2.0	426.6
1.0	10.7	32.2	10.6	2.5	426.6
15.6	15.2	129.0	10.6	3.4	426.6
15.0	10.1	21.1	10.6	4.5	426.6
13.3	5.8	16.4	10.5	1.1	426.6
5.2	8.1	22.4	10.5	2.2	426.6
6.1	8.0	37.3	10.5	2.8	426.6
10.0	5.3	176.5	10.5	2.7	426.6
3.3	-0.7	31.3	10.5	1.7	426.6
0.5	-1.6	143.7	10.5	1.5	426.6
1.6	-1.4	77.9	10.4	1.2	426.6
7.3	0.5	12.2	10.4	0.9	426.6
6.3	1.1	24.1	10.4	1.2	426.6
51.4	4.7	14.0	10.4	1.9	426.6
4.3	5.7	19.4	10.4	0.7	426.6
0.2	6.9	90.6	10.4	2.3	426.6
3.0	7.6	46.9	10.3	2.1	428.7
1.1	4.6	66.3	10.3	2.2	428.7
0.2	2.9	241.4	10.3	2.6	428.7
0.5	-0.7	157.4	10.3	2.0	428.7
0.1	-0.1	296.5	10.3	2.4	428.7
0.0	2.9	223.5	10.3	2.8	428.7
4.4	5.8	66.8	10.3	2.1	428.7
1.9	7.1	42.7	10.3	1.6	428.7
1.9	5.6	58.3	10.2	2.4	428.7
0.6	1.2	90.9	10.2	1.8	428.7
0.0	-0.6	278.3	10.2	2.2	428.7
0.5	3.5	230.8	10.2	2.8	428.7
4.9	3.8	27.3	10.2	1.6	428.7
0.0	3.9	232.4	10.2	2.7	428.7
0.0	5.7	287.8	10.2	3.6	428.7
0.1	5.7	246.8	10.2	3.7	428.7
0.4	6.8	249.8	10.2	4.2	428.7
0.3	7.5	253.8	10.2	4.0	428.7
1.0	6.8	144.9	10.2	3.0	428.7
0.4	7.1	87.6	10.2	2.3	428.7
0.6	9.2	98.6	10.2	3.0	428.7
0.7	10.2	136.8	10.2	2.9	428.7
1.6	11.8	55.7	10.2	2.7	428.7
2.2	10.7	48.6	10.2	2.1	428.7
1.3	12.9	109.9	10.2	2.7	428.7
3.9	16.4	142.5	10.2	5.1	428.7
2.0	1.4	31.7	10.2	2.3	428.7
0.1	0.1	266.3	10.2	2.0	428.7
0.0	1.0	228.9	10.2	2.4	428.7
0.3	7.9	283.2	10.2	3.7	428.7
8.1	11.4	125.9	10.2	3.9	428.7
2.5	-2.9	29.7	10.2	2.6	430.8
0.0	-4.3	305.7	10.2	1.5	430.8
3.7	0.5	127.8	10.2	2.1	430.8
1.4	1.0	168.7	10.2	1.7	430.8
5.3	2.7	38.7	10.3	1.5	430.8
38.2	5.3	39.0	10.3	1.8	430.8
1.4	6.5	133.5	10.3	2.1	430.8
2.2	8.7	26.8	10.3	2.0	430.8
6.7	5.6	24.5	10.3	2.5	430.8
6.0	3.9	59.5	10.3	1.6	430.8
9.9	3.5	28.3	10.3	1.4	430.8
20.8	5.2	24.3	10.3	1.4	430.8
1.1	4.9	83.0	10.4	2.3	430.8
0.9	3.8	91.2	10.4	1.6	430.8
1.1	4.1	103.5	10.4	1.6	430.8
0.9	7.9	135.5	10.4	2.6	430.8
1.8	6.7	47.6	10.4	3.5	430.8
4.9	1.3	99.6	10.4	1.5	430.8
0.4	0.4	190.6	10.5	2.7	430.8
0.8	2.8	198.3	10.5	3.4	430.8
0.0	6.5	310.4	10.5	3.5	430.8
10.8	11.6	195.0	10.5	3.9	430.8
3.3	5.5	91.9	10.5	3.2	430.8
0.0	-0.5	156.9	10.6	2.0	430.8
0.0	-0.4	340.6	10.6	2.9	430.8
0.0	-2.0	347.2	10.6	2.5	430.8
0.0	1.6	299.4	10.6	3.1	430.8
0.0	5.3	347.9	10.7	4.1	430.8
7.2	8.6	288.7	10.7	4.3	430.8
1.7	8.4	29.4	10.7	1.8	430.8
23.4	8.8	63.0	10.7	1.9	430.8
20.9	7.3	28.3	10.7	2.3	432.0
1.9	4.9	60.0	10.8	2.1	432.0
3.5	2.3	33.4	10.8	1.6	432.0
3.0	2.0	60.3	10.8	1.5	432.0
25.6	4.7	34.0	10.8	1.8	432.0
2.9	3.5	55.1	10.9	1.8	432.0
0.2	5.0	283.5	10.9	3.9	432.0
0.2	7.4	300.7	10.9	4.7	432.0
13.3	9.4	92.6	11.0	3.2	432.0
8.4	12.9	199.7	11.0	4.3	432.0
0.4	11.9	135.0	11.0	4.3	432.0
24.6	14.6	169.8	11.0	5.2	432.0
4.5	7.8	35.7	11.1	5.6	432.0
3.2	3.4	30.9	11.1	3.6	432.0
6.9	13.5	68.2	11.1	4.8	432.0
1.5	10.2	253.6	11.1	4.5	432.0
11.8	2.9	28.4	11.2	3.2	432.0
0.9	2.2	100.0	11.2	2.3	432.0
0.2	6.6	235.6	11.2	4.0	432.0
0.0	15.1	337.1	11.3	6.5	432.0
10.8	16.6	194.0	11.3	6.9	432.0
10.3	5.4	24.2	11.3	3.1	432.0
27.2	7.4	280.7	11.3	3.8	432.0
40.8	8.1	24.7	11.4	2.6	432.0
7.8	4.9	38.6	11.4	2.9	432.0
0.5	6.8	238.7	11.4	4.7	432.0
0.3	10.7	389.4	11.5	6.0	432.0
0.8	11.7	255.6	11.5	6.2	432.0
23.1	8.5	17.7	11.5	4.5	432.5
10.5	6.6	17.2	11.6	3.6	432.5
21.1	14.5	213.4	11.6	7.1	432.5
9.3	0.4	80.7	11.6	5.9	432.5
0.2	-0.6	391.8	11.6	2.9	432.5
15.9	2.5	169.3	11.7	2.7	432.5
32.4	9.1	45.1	11.7	4.4	432.5
25.8	7.3	44.5	11.7	6.1	432.5
1.9	-0.2	86.6	11.8	2.3	432.5
6.3	-0.8	84.9	11.8	1.7	432.5
0.1	2.3	147.0	11.8	2.8	432.5
0.1	4.5	250.2	11.9	3.5	432.5
0.1	8.0	364.0	11.9	5.4	432.5
0.4	11.1	406.3	11.9	6.5	432.5
0.0	3.5	461.1	11.9	4.4	432.5
0.0	8.6	486.5	12.0	6.4	432.5
0.1	16.6	449.8	12.0	8.3	432.5
0.4	15.3	172.9	12.0	6.6	432.5
0.0	18.0	389.6	12.1	7.8	432.5
5.6	20.1	462.9	12.1	12.1	432.5
0.5	9.9	399.0	12.1	5.4	432.5
21.3	12.1	84.8	12.2	7.0	432.5
26.0	4.1	32.6	12.2	3.1	432.5
7.6	4.3	91.6	12.2	2.6	432.5
20.5	1.0	44.1	12.3	2.9	432.5
0.1	2.9	409.2	12.3	3.8	432.5
0.0	4.0	228.6	12.3	3.4	432.5
19.3	9.9	121.3	12.3	5.1	432.5
13.3	10.1	33.1	12.4	4.1	432.5
40.2	7.6	49.0	12.4	3.7	432.5
0.7	6.6	128.7	12.4	2.4	432.5
9.1	7.8	78.1	12.5	3.0	433.0
47.3	11.6	40.3	12.5	5.2	433.0
9.8	10.0	54.2	12.5	4.3	433.0
6.1	8.7	112.6	12.6	4.4	433.0
0.2	13.5	510.8	12.6	8.1	433.0
1.7	16.2	104.4	12.6	7.4	433.0
4.5	19.0	131.1	12.6	6.7	433.0
0.3	19.8	320.1	12.7	7.7	433.0
13.3	20.5	223.2	12.7	9.2	433.0
0.1	12.6	192.9	12.7	6.6	433.0
0.1	11.2	297.4	12.8	5.8	433.0
0.2	15.7	528.4	12.8	8.4	433.0
18.7	17.2	327.1	12.8	7.6	433.0
31.1	20.1	71.5	12.9	6.3	433.0
43.1	13.6	35.1	12.9	8.5	433.0
3.5	9.6	36.6	12.9	3.1	433.0
0.1	9.4	211.1	12.9	4.8	433.0
0.0	11.3	546.1	13.0	7.1	433.0
0.8	14.0	309.4	13.0	7.0	433.0
0.1	12.9	307.8	13.0	7.4	433.0
0.0	14.2	539.5	13.1	8.8	433.0
0.0	14.1	578.3	13.1	7.1	433.0
2.4	14.6	291.9	13.1	5.9	433.0
10.3	18.7	70.2	13.1	6.7	433.0
10.9	24.2	435.3	13.2	9.6	433.0
14.7	17.9	45.1	13.2	7.1	433.0
0.7	17.3	502.9	13.2	8.4	433.0
0.0	16.6	303.4	13.2	7.8	433.0
0.0	19.0	477.2	13.3	9.3	433.0
0.0	19.7	543.0	13.3	9.1	433.0
58.2	19.3	131.6	13.3	7.7	433.5
6.0	21.7	100.4	13.3	5.9	433.5
0.1	20.2	466.3	13.4	8.9	433.5
0.0	19.2	571.2	13.4	10.3	433.5
6.4	20.5	382.6	13.4	7.9	433.5
0.4	25.2	359.0	13.4	8.5	433.5
26.5	24.1	244.5	13.5	7.9	433.5
7.7	19.7	104.3	13.5	9.3	433.5
0.3	19.7	418.7	13.5	8.0	433.5
0.6	20.0	559.4	13.5	8.8	433.5
4.5	16.4	57.4	13.6	3.2	433.5
4.3	18.8	301.0	13.6	7.4	433.5
6.3	17.4	150.7	13.6	5.8	433.5
46.2	16.9	80.2	13.6	4.5	433.5
28.3	20.2	79.1	13.7	6.1	433.5
22.7	18.7	55.4	13.7	7.1	433.5
44.8	16.8	33.5	13.7	2.5	433.5
28.7	16.3	31.0	13.7	3.6	433.5
1.0	16.7	100.1	13.7	4.3	433.5
0.6	19.5	326.4	13.8	7.8	433.5
19.5	19.6	128.7	13.8	5.6	433.5
13.9	18.8	39.9	13.8	4.0	433.5
2.9	17.9	47.3	13.8	4.7	433.5
1.3	18.7	167.7	13.8	6.3	433.5
2.8	19.4	196.8	13.8	6.5	433.5
10.5	19.6	71.2	13.9	5.0	433.5
4.4	20.9	56.2	13.9	5.9	433.5
51.4	21.5	47.4	13.9	4.5	433.5
5.7	20.2	66.3	13.9	4.6	433.5
1.3	22.0	326.9	13.9	8.6	433.5
1.0	22.7	322.0	13.9	9.5	433.5
0.2	22.8	463.2	13.9	11.2	432.5
0.0	23.2	528.3	14.0	10.1	432.5
0.0	23.2	485.0	14.0	10.5	432.5
0.1	24.6	610.3	14.0	11.1	432.5
0.7	23.7	634.7	14.0	13.1	432.5
0.0	25.7	640.7	14.0	11.4	432.5
1.4	26.9	602.0	14.0	10.2	432.5
11.4	26.4	432.0	14.0	9.8	432.5
1.0	24.9	113.1	14.0	7.5	432.5
0.2	26.1	336.4	14.0	10.0	432.5
8.6	26.2	349.0	14.0	10.7	432.5
13.7	26.2	412.1	14.1	9.9	432.5
18.5	21.5	61.5	14.1	10.8	432.5
0.2	19.6	290.7	14.1	8.5	432.5
1.3	19.1	151.1	14.1	5.4	432.5
18.6	20.4	75.0	14.1	5.9	432.5
1.7	21.8	46.2	14.1	5.2	432.5
1.6	24.3	85.7	14.1	6.9	432.5
1.9	24.8	205.8	14.1	7.4	432.5
0.4	26.1	407.2	14.1	8.9	432.5
0.0	26.2	424.7	14.1	9.7	432.5
0.2	25.0	267.0	14.1	9.4	432.5
0.1	25.4	513.0	14.1	10.1	432.5
0.4	23.8	134.2	14.1	6.5	432.5
0.8	24.8	350.5	14.1	8.6	432.5
9.2	25.2	397.1	14.1	9.2	432.5
8.6	24.6	216.2	14.1	6.9	432.5
1.5	25.4	237.3	14.1	7.0	432.5
9.4	26.2	303.4	14.1	8.2	432.5
5.8	26.3	279.7	14.1	9.4	432.5
16.4	26.9	336.1	14.1	9.3	429.6
12.4	26.5	299.3	14.0	9.1	429.6
14.6	26.2	355.5	14.0	9.2	429.6
10.8	26.3	376.3	14.0	9.5	429.6
12.3	26.4	352.0	14.0	9.3	429.6
15.1	26.5	262.8	14.0	8.6	429.6
19.3	26.4	252.6	14.0	7.8	429.6
4.7	25.6	157.4	14.0	7.3	429.6
0.3	27.2	601.6	14.0	11.4	429.6
0.0	28.0	599.3	14.0	11.6	429.6
0.5	27.6	543.9	14.0	9.8	429.6
28.7	25.2	261.4	13.9	6.8	429.6
32.7	25.5	402.5	13.9	7.4	429.6
0.4	26.1	437.4	13.9	10.0	429.6
7.5	26.2	443.0	13.9	9.1	429.6
11.9	26.1	360.9	13.9	6.9	429.6
0.3	25.9	278.0	13.9	7.3	429.6
12.3	26.8	560.2	13.9	10.1	429.6
0.0	27.9	611.1	13.8	10.8	429.6
1.0	28.1	618.8	13.8	11.0	429.6
3.5	28.2	609.1	13.8	11.2	429.6
8.9	27.4	567.5	13.8	10.7	429.6
3.1	27.7	549.1	13.8	11.4	429.6
3.0	27.9	607.7	13.8	11.9	429.6
4.9	27.5	600.5	13.7	12.5	429.6
3.7	27.7	613.4	13.7	12.2	429.6
3.1	27.7	607.4	13.7	11.5	429.6
4.0	27.5	516.0	13.7	10.0	429.6
2.8	26.1	207.4	13.7	8.0	429.6
7.2	26.1	381.6	13.6	10.0	429.6
4.4	26.0	532.7	13.6	10.7	429.6
4.5	26.3	573.8	13.6	9.3	427.3
12.0	26.1	422.6	13.6	9.2	427.3
8.8	26.6	421.3	13.5	9.0	427.3
11.7	26.5	380.8	13.5	9.2	427.3
15.2	26.1	437.8	13.5	9.2	427.3
4.1	26.5	469.0	13.5	10.1	427.3
0.0	27.5	581.4	13.5	10.2	427.3
0.0	28.3	588.0	13.4	10.6	427.3
11.3	27.4	582.1	13.4	10.6	427.3
7.9	27.2	571.6	13.4	10.5	427.3
0.7	27.0	493.5	13.4	9.3	427.3
8.3	26.7	478.8	13.3	10.1	427.3
5.2	27.0	555.0	13.3	10.5	427.3
1.6	27.6	528.7	13.3	10.1	427.3
4.4	27.2	290.9	13.3	9.3	427.3
13.3	27.3	470.1	13.2	9.5	427.3
12.6	27.3	479.1	13.2	9.4	427.3
17.9	26.9	456.2	13.2	9.2	427.3
16.5	26.9	487.2	13.1	8.6	427.3
15.0	26.6	397.2	13.1	8.4	427.3
0.2	26.8	477.4	13.1	9.0	427.3
0.6	26.6	451.1	13.1	8.4	427.3
1.2	26.2	419.6	13.0	8.3	427.3
0.5	26.6	491.1	13.0	8.2	427.3
0.0	26.3	484.8	13.0	9.2	427.3
0.3	25.9	543.1	13.0	9.5	427.3
0.2	26.6	493.6	12.9	9.9	427.3
0.1	27.6	536.4	12.9	10.2	427.3
5.4	26.9	490.7	12.9	9.9	427.3
0.0	25.0	536.0	12.8	10.9	427.3
0.0	24.7	551.5	12.8	11.0	427.3
0.0	26.4	540.9	12.8	10.4	426.9
0.0	27.7	532.7	12.8	10.5	426.9
0.0	28.7	514.8	12.7	10.5	426.9
0.0	28.6	493.1	12.7	10.6	426.9
0.0	28.4	515.1	12.7	10.7	426.9
0.8	28.4	391.1	12.6	9.7	426.9
0.5	25.3	99.1	12.6	5.9	426.9
0.6	23.7	222.7	12.6	7.5	426.9
0.5	19.3	129.3	12.5	6.3	426.9
0.0	21.9	527.3	12.5	8.9	426.9
0.0	22.6	509.9	12.5	8.2	426.9
0.0	23.7	370.3	12.5	8.9	426.9
0.0	24.2	487.0	12.4	10.3	426.9
0.0	24.3	437.2	12.4	8.8	426.9
0.0	23.0	456.0	12.4	9.1	426.9
0.0	22.1	378.1	12.3	7.6	426.9
0.0	23.3	464.7	12.3	8.9	426.9
0.0	24.2	448.4	12.3	8.7	426.9
0.0	25.3	463.6	12.2	9.1	426.9
0.4	26.3	460.7	12.2	8.8	426.9
0.1	26.2	468.0	12.2	9.5	426.9
0.0	26.8	457.4	12.2	7.8	426.9
0.0	25.3	201.2	12.1	7.0	426.9
0.0	21.5	226.6	12.1	6.7	426.9
0.0	20.7	167.9	12.1	6.8	426.9
0.2	22.4	351.9	12.0	7.5	426.9
0.0	23.4	137.2	12.0	6.2	426.9
10.1	23.8	281.0	12.0	7.8	426.9
7.7	23.0	222.6	11.9	5.9	426.9
0.0	20.7	278.0	11.9	7.0	426.9
0.0	20.4	451.4	11.9	7.2	427.2
0.0	20.5	412.3	11.9	6.5	427.2
0.0	19.2	422.8	11.8	6.7	427.2
0.0	19.5	391.2	11.8	6.2	427.2
0.0	19.6	204.9	11.8	5.6	427.2
0.0	20.1	385.3	11.7	7.4	427.2
0.0	20.3	424.4	11.7	7.0	427.2
0.0	20.3	342.0	11.7	6.9	427.2
0.0	19.5	308.9	11.6	6.7	427.2
0.0	19.3	417.8	11.6	7.7	427.2
0.0	19.3	314.9	11.6	7.6	427.2
0.0	19.9	413.1	11.6	7.2	427.2
0.0	16.3	276.3	11.5	5.8	427.2
0.0	18.1	412.9	11.5	6.7	427.2
0.0	19.6	260.0	11.5	6.1	427.2
0.3	19.0	249.2	11.4	5.2	427.2
0.0	18.6	289.9	11.4	6.6	427.2
0.0	20.3	333.3	11.4	6.6	427.2
4.2	19.4	186.2	11.4	5.5	427.2
0.5	16.3	82.3	11.3	4.0	427.2
0.9	19.5	285.7	11.3	6.2	427.2
0.0	18.2	250.9	11.3	6.0	427.2
0.0	18.3	335.9	11.2	5.8	427.2
0.0	18.7	340.8	11.2	5.5	427.2
0.0	17.5	193.5	11.2	4.1	427.2
0.0	17.9	165.3	11.2	4.3	427.2
0.0	20.0	288.9	11.1	6.2	427.2
0.0	20.8	352.0	11.1	6.7	427.2
0.0	21.7	341.9	11.1	6.8	427.2
0.0	20.5	354.7	11.0	6.4	427.2
2.5	19.9	327.5	11.0	7.6	427.2
0.0	12.0	190.9	11.0	4.7	429.1
0.0	10.6	375.9	11.0	4.6	429.1
0.0	12.8	370.9	10.9	5.4	429.1
0.0	12.4	366.1	10.9	5.3	429.1
0.0	14.5	360.0	10.9	6.0	429.1
0.0	10.5	366.5	10.9	4.8	429.1
0.0	11.5	358.7	10.8	5.5	429.1
0.0	14.3	350.3	10.8	6.0	429.1
0.0	12.7	354.1	10.8	5.4	429.1
0.0	9.8	355.2	10.8	4.9	429.1
0.0	11.4	348.5	10.7	5.3	429.1
0.0	12.7	334.5	10.7	5.8	429.1
0.0	13.6	335.8	10.7	5.7	429.1
0.0	12.6	329.6	10.7	5.4	429.1
0.0	11.8	338.3	10.6	5.1	429.1
0.0	11.6	318.1	10.6	4.8	429.1
0.0	11.5	327.2	10.6	5.0	429.1
0.0	11.5	325.3	10.6	5.2	429.1
0.0	11.0	318.6	10.6	5.2	429.1
0.0	7.5	324.2	10.5	3.9	429.1
0.0	10.2	318.4	10.5	4.9	429.1
0.4	14.3	302.4	10.5	5.2	429.1
0.0	11.0	311.2	10.5	4.7	429.1
0.0	12.5	312.2	10.5	5.4	429.1
0.0	6.6	323.4	10.4	3.5	429.1
0.0	9.1	312.8	10.4	4.8	429.1
0.0	12.2	315.0	10.4	5.9	429.1
0.1	11.7	267.3	10.4	5.1	429.1
1.2	14.8	210.1	10.4	4.5	429.1
1.7	11.7	39.2	10.4	1.8	429.1
11.2	11.3	48.0	10.3	4.4	431.2
0.3	-1.0	128.7	10.3	2.2	431.2
0.0	-3.3	308.7	10.3	1.7	431.2
0.0	1.1	302.4	10.3	2.5	431.2
0.0	4.9	198.4	10.3	2.8	431.2
3.8	7.5	131.5	10.3	3.0	431.2
19.6	2.3	36.6	10.3	2.2	431.2
0.9	1.1	122.2	10.3	1.9	431.2
0.1	2.7	295.4	10.2	3.0	431.2
0.0	4.4	271.4	10.2	3.6	431.2
0.0	5.4	259.3	10.2	4.0	431.2
0.1	6.1	251.0	10.2	3.8	431.2
0.1	7.0	280.0	10.2	3.7	431.2
0.3	-0.4	183.0	10.2	2.6	431.2
0.0	-1.6	300.7	10.2	2.1	431.2
0.0	1.5	295.0	10.2	2.9	431.2
0.0	1.2	298.6	10.2	3.0	431.2
0.0	3.7	295.4	10.2	3.9	431.2
0.0	6.1	291.7	10.2	3.8	431.2
0.0	9.7	277.8	10.2	4.5	431.2
0.5	12.1	245.4	10.2	4.7	431.2
0.0	-0.3	274.3	10.2	3.0	431.2
0.0	-5.0	302.5	10.2	1.7	431.2
0.0	-0.3	302.7	10.2	2.8	431.2
0.0	1.8	293.8	10.2	2.9	431.2
0.0	5.5	288.2	10.2	4.0	431.2
0.0	4.6	288.7	10.2	3.5	431.2
0.0	3.8	287.4	10.2	3.6	431.2
0.0	0.8	292.2	10.2	2.7	431.2
0.0	-1.4	296.7	10.2	2.4	431.2
0.0	2.1	256.4	10.2	3.2	431.2
0.0	2.1	255.0	10.2	2.2	433.3
0.0	-1.3	287.2	10.2	2.1	433.3
0.0	-2.8	300.0	10.2	1.9	433.3
0.0	-1.5	309.8	10.2	2.5	433.3
0.0	1.3	311.3	10.3	3.6	433.3
0.0	4.2	308.7	10.3	4.2	433.3
0.0	5.9	300.3	10.3	4.3	433.3
0.0	1.9	286.2	10.3	2.8	433.3
0.0	1.3	297.9	10.3	2.7	433.3
0.2	0.8	102.5	10.3	2.0	433.3
0.0	0.4	115.1	10.3	2.7	433.3
0.0	2.6	292.6	10.3	3.5	433.3
0.0	4.6	314.2	10.4	3.9	433.3
7.3	9.9	217.8	10.4	4.3	433.3
13.0	4.3	11.9	10.4	3.9	433.3
10.5	-2.6	94.4	10.4	1.0	433.3
5.7	-5.0	52.7	10.4	1.4	433.3
0.0	-4.1	333.1	10.4	2.0	433.3
0.5	-5.9	301.2	10.5	1.8	433.3
0.0	-7.5	297.4	10.5	1.6	433.3
0.0	-1.9	330.5	10.5	2.2	433.3
0.0	2.4	322.1	10.5	3.3	433.3
0.0	7.5	320.8	10.5	4.1	433.3
3.3	9.3	171.0	10.6	5.0	433.3
0.5	-1.7	26.3	10.6	1.9	433.3
0.0	-1.6	344.8	10.6	2.4	433.3
1.0	3.1	323.9	10.6	3.2	433.3
1.0	2.7	105.7	10.6	2.5	433.3
27.0	-0.5	26.5	10.7	0.9	433.3
6.1	-0.2	78.4	10.7	1.3	433.3
0.4	1.6	210.7	10.7	2.9	433.3
0.6	4.8	176.8	10.7	3.3	434.5
32.3	7.8	36.3	10.8	2.6	434.5
12.9	5.6	55.6	10.8	3.0	434.5
1.7	0.3	55.2	10.8	2.2	434.5
1.1	-1.1	134.6	10.8	1.6	434.5
0.2	-0.7	289.7	10.9	2.1	434.5
0.0	1.5	377.4	10.9	2.9	434.5
0.0	2.2	375.6	10.9	3.6	434.5
0.0	2.4	354.7	10.9	3.4	434.5
3.0	3.1	114.1	11.0	2.6	434.5
1.0	6.9	348.0	11.0	4.3	434.5
1.0	8.6	114.6	11.0	3.6	434.5
5.1	13.5	236.1	11.1	5.0	434.5
10.1	14.8	367.2	11.1	6.8	434.5
14.7	-4.9	36.5	11.1	3.7	434.5
0.0	-5.8	274.4	11.1	1.5	434.5
9.3	-3.5	101.6	11.2	1.6	434.5
0.2	-2.0	166.7	11.2	2.0	434.5
1.6	-4.0	110.1	11.2	0.9	434.5
0.0	-0.9	384.0	11.3	2.7	434.5
0.0	2.9	403.7	11.3	3.6	434.5
13.6	2.5	65.2	11.3	1.9	434.5
6.5	3.9	48.4	11.3	2.8	434.5
2.8	4.6	160.4	11.4	2.8	434.5
7.9	6.5	61.0	11.4	2.3	434.5
0.4	10.6	321.1	11.4	5.8	434.5
8.8	14.6	306.0	11.5	6.5	434.5
14.4	15.4	125.3	11.5	4.5	434.5
13.7	14.7	73.7	11.5	5.6	435.0
1.1	9.5	99.0	11.5	3.2	435.0
1.1	8.4	124.0	11.6	4.1	435.0
4.1	2.4	63.9	11.6	3.0	435.0
3.4	1.6	197.1	11.6	2.3	435.0
0.0	4.3	413.8	11.7	4.0	435.0
0.0	4.9	453.7	11.7	4.2	435.0
1.6	6.9	127.9	11.7	3.9	435.0
0.2	8.2	357.7	11.8	5.6	435.0
0.0	10.6	414.6	11.8	6.2	435.0
0.0	4.4	479.6	11.8	3.6	435.0
2.0	8.6	471.6	11.9	5.6	435.0
36.8	12.3	31.5	11.9	6.3	435.0
40.2	14.9	41.8	11.9	5.3	435.0
5.2	10.7	51.4	11.9	3.7	435.0
34.3	7.0	35.4	12.0	3.3	435.0
0.7	9.0	146.4	12.0	3.9	435.0
0.5	8.4	142.2	12.0	4.9	435.0
0.0	4.9	181.1	12.1	3.1	435.0
1.2	6.0	64.8	12.1	3.1	435.0
29.5	12.0	171.8	12.1	5.7	435.0
0.0	8.1	404.0	12.2	5.9	435.0
0.0	10.0	516.2	12.2	6.7	435.0
0.0	12.7	513.6	12.2	8.2	435.0
21.4	13.8	451.9	12.2	8.3	435.0
12.0	7.1	75.7	12.3	3.9	435.0
0.0	13.1	524.5	12.3	7.7	435.0
0.0	16.0	521.3	12.3	9.2	435.0
0.3	17.6	232.1	12.4	7.5	435.0
0.6	8.2	108.0	12.4	7.4	435.0
0.0	8.5	524.6	12.4	6.2	435.0
0.0	13.4	549.8	12.5	8.2	435.5
0.0	15.8	332.4	12.5	7.7	435.5
0.0	15.1	524.7	12.5	10.4	435.5
0.0	10.9	531.3	12.6	6.6	435.5
2.7	18.8	466.8	12.6	10.8	435.5
0.0	16.9	505.2	12.6	10.1	435.5
0.0	14.7	536.7	12.6	7.7	435.5
1.3	18.7	509.1	12.7	9.2	435.5
0.6	21.2	174.1	12.7	8.7	435.5
6.4	21.1	159.8	12.7	7.0	435.5
14.6	21.4	370.4	12.8	8.1	435.5
2.6	20.5	186.2	12.8	9.1	435.5
0.3	10.1	127.5	12.8	6.9	435.5
0.1	12.9	460.1	12.8	6.8	435.5
2.1	16.2	269.5	12.9	7.8	435.5
0.0	17.6	554.0	12.9	8.6	435.5
8.3	18.5	189.4	12.9	8.4	435.5
0.7	19.0	189.8	13.0	8.5	435.5
18.3	22.0	417.8	13.0	11.1	435.5
0.0	12.6	375.5	13.0	6.7	435.5
0.0	13.5	488.8	13.0	7.1	435.5
0.6	12.6	205.2	13.1	6.9	435.5
11.7	16.6	448.2	13.1	8.7	435.5
4.6	14.8	42.3	13.1	2.8	435.5
3.6	20.1	434.5	13.2	9.1	435.5
6.9	24.0	392.5	13.2	9.0	435.5
4.5	20.3	79.9	13.2	6.0	435.5
8.9	18.9	94.8	13.2	6.1	435.5
0.2	20.6	508.4	13.3	8.6	435.5
5.1	17.4	92.1	13.3	5.4	435.5
7.0	18.5	220.0	13.3	6.2	436.0
0.1	23.7	376.9	13.3	9.4	436.0
1.2	21.8	221.4	13.4	10.8	436.0
1.2	14.2	88.5	13.4	6.4	436.0
15.3	11.7	65.8	13.4	3.5	436.0
2.1	12.1	61.7	13.4	3.0	436.0
0.4	14.3	438.4	13.5	7.8	436.0
0.3	17.8	568.6	13.5	9.4	436.0
0.0	20.2	508.7	13.5	10.5	436.0
21.1	22.6	517.2	13.5	9.3	436.0
25.9	16.8	90.3	13.6	8.9	436.0
10.5	13.3	97.8	13.6	5.4	436.0
50.0	11.6	19.9	13.6	3.0	436.0
8.6	9.2	59.0	13.6	4.5	436.0
0.0	12.4	582.2	13.6	9.4	436.0
0.0	17.5	602.7	13.7	9.4	436.0
2.9	16.4	121.2	13.7	4.6	436.0
33.7	18.3	78.7	13.7	6.2	436.0
1.1	17.8	196.1	13.7	7.8	436.0
0.0	19.8	431.8	13.8	9.1	436.0
0.0	20.6	577.1	13.8	9.5	436.0
0.1	19.2	134.4	13.8	6.4	436.0
5.0	21.2	84.3	13.8	7.1	436.0
3.9	19.9	88.5	13.8	10.3	436.0
0.1	17.0	428.5	13.8	7.6	436.0
0.1	18.3	246.8	13.9	6.6	436.0
0.0	21.0	597.9	13.9	9.7	436.0
0.0	21.4	503.7	13.9	9.0	436.0
0.0	22.9	618.3	13.9	10.6	436.0
0.0	23.9	568.5	13.9	9.9	436.0
10.7	23.3	273.6	13.9	8.3	436.0
0.2	23.9	588.9	13.9	10.5	435.0
0.0	22.9	598.0	14.0	10.1	435.0
4.5	20.0	624.4	14.0	10.4	435.0
0.0	19.3	630.6	14.0	9.7	435.0
0.0	22.2	578.4	14.0	11.3	435.0
0.6	23.4	362.2	14.0	9.7	435.0
6.1	20.9	66.1	14.0	4.6	435.0
0.2	22.5	596.8	14.0	11.1	435.0
0.0	24.4	620.8	14.0	11.2	435.0
4.4	23.9	260.8	14.0	10.5	435.0
3.3	22.9	218.0	14.0	6.9	435.0
1.5	21.9	100.5	14.1	5.8	435.0
8.8	21.4	128.2	14.1	7.4	435.0
31.5	19.4	59.1	14.1	3.5	435.0
3.4	19.5	92.8	14.1	7.1	435.0
1.2	18.0	85.3	14.1	4.6	435.0
1.7	17.8	316.2	14.1	6.7	435.0
0.8	18.8	324.2	14.1	8.3	435.0
0.1	23.1	623.9	14.1	11.5	435.0
0.0	25.7	621.1	14.1	11.0	435.0
10.2	25.0	250.5	14.1	8.4	435.0
0.0	26.8	601.5	14.1	10.6	435.0
0.0	27.4	532.0	14.1	10.8	435.0
0.6	25.9	233.6	14.1	9.2	435.0
3.8	26.3	353.6	14.1	9.6	435.0
5.0	24.0	42.8	14.1	5.3	435.0
20.9	25.2	247.9	14.1	8.8	435.0
11.1	26.6	489.3	14.1	10.0	435.0
22.1	26.9	525.5	14.1	10.0	435.0
0.0	27.8	600.7	14.1	10.5	435.0
11.3	27.0	561.6	14.1	11.1	432.1
9.1	27.0	531.3	14.0	9.9	432.1
14.9	27.0	514.9	14.0	9.8	432.1
14.5	26.6	388.7	14.0	8.5	432.1
31.2	25.7	304.8	14.0	7.8	432.1
30.1	26.5	482.7	14.0	9.1	432.1
26.3	26.2	318.3	14.0	9.0	432.1
1.0	26.6	353.9	14.0	7.1	432.1
25.1	26.8	535.7	14.0	9.5	432.1
0.8	27.9	456.5	14.0	10.9	432.1
7.5	27.2	512.9	14.0	9.4	432.1
25.1	26.2	254.9	14.0	9.0	432.1
16.9	25.4	276.1	13.9	8.6	432.1
20.0	24.6	241.1	13.9	7.0	432.1
1.5	24.2	93.6	13.9	4.3	432.1
21.5	24.5	264.0	13.9	7.6	432.1
2.5	24.4	166.3	13.9	5.9	432.1
0.2	24.7	158.4	13.9	6.3	432.1
0.0	25.8	420.9	13.8	9.6	432.1
1.8	26.8	502.0	13.8	9.4	432.1
9.3	26.2	435.7	13.8	9.7	432.1
15.7	26.3	477.0	13.8	9.3	432.1
7.8	26.8	581.2	13.8	10.7	432.1
3.3	26.9	601.4	13.8	11.0	432.1
4.5	26.6	470.4	13.7	9.9	432.1
9.3	26.2	499.0	13.7	10.5	432.1
13.3	26.4	547.3	13.7	10.1	432.1
9.4	26.9	557.8	13.7	10.3	432.1
13.6	26.3	514.2	13.7	10.2	432.1
12.5	26.7	571.8	13.6	10.6	432.1
9.4	26.8	565.3	13.6	10.0	432.1
8.6	26.7	515.3	13.6	10.0	429.8
13.1	26.6	414.6	13.6	8.9	429.8
19.4	27.0	470.1	13.6	9.8	429.8
19.1	26.5	420.9	13.5	8.8	429.8
11.9	26.6	508.4	13.5	9.8	429.8
5.0	26.6	545.6	13.5	10.4	429.8
6.0	26.6	512.4	13.5	10.4	429.8
8.1	26.5	350.9	13.4	9.0	429.8
18.0	25.5	313.8	13.4	8.9	429.8
4.5	25.3	345.5	13.4	7.1	429.8
13.2	25.2	412.9	13.4	7.9	429.8
8.5	25.3	207.1	13.3	7.6	429.8
16.3	25.9	439.9	13.3	8.8	429.8
12.4	25.2	442.3	13.3	8.3	429.8
6.3	25.1	354.0	13.3	7.7	429.8
9.2	25.1	379.5	13.2	6.8	429.8
14.7	24.6	225.2	13.2	7.8	429.8
8.1	26.2	435.3	13.2	9.1	429.8
9.4	26.5	459.0	13.2	9.3	429.8
11.0	26.3	462.8	13.1	9.3	429.8
17.0	25.6	381.8	13.1	7.7	429.8
0.2	23.9	209.9	13.1	7.8	429.8
0.0	22.6	375.7	13.0	8.7	429.8
0.0	21.5	548.0	13.0	8.4	429.8
0.7	23.5	439.7	13.0	8.0	429.8
0.2	23.0	445.0	13.0	9.3	429.8
0.0	22.1	544.3	12.9	9.0	429.8
0.0	21.4	509.9	12.9	9.0	429.8
0.0	22.6	562.1	12.9	10.0	429.8
0.0	23.4	562.8	12.8	10.0	429.8
0.2	25.3	537.0	12.8	9.5	429.8
1.4	26.2	386.9	12.8	8.3	429.4
2.6	24.5	44.5	12.8	3.8	429.4
0.5	24.1	54.2	12.7	6.0	429.4
14.8	24.5	438.0	12.7	8.5	429.4
0.8	24.0	242.9	12.7	7.6	429.4
0.3	23.2	360.2	12.6	8.0	429.4
0.9	21.8	186.9	12.6	5.9	429.4
0.5	22.0	333.6	12.6	8.8	429.4
0.0	23.8	517.4	12.6	9.8	429.4
0.0	24.1	498.9	12.5	9.6	429.4
0.0	23.1	478.0	12.5	8.5	429.4
0.0	21.4	400.4	12.5	9.2	429.4
0.2	23.8	513.0	12.4	9.0	429.4
0.0	23.9	508.3	12.4	9.8	429.4
0.0	23.9	514.8	12.4	10.1	429.4
0.0	25.2	495.6	12.3	9.9	429.4
0.0	24.5	279.7	12.3	10.3	429.4
0.0	25.5	466.2	12.3	10.6	429.4
0.0	24.5	482.2	12.3	10.8	429.4
0.0	24.0	497.6	12.2	10.0	429.4
0.0	24.6	486.3	12.2	9.4	429.4
0.1	25.2	402.6	12.2	9.0	429.4
0.0	25.0	471.6	12.1	9.7	429.4
0.0	22.3	490.5	12.1	9.5	429.4
0.0	22.7	488.2	12.1	8.5	429.4
0.0	23.6	464.9	12.0	8.7	429.4
0.0	23.8	462.8	12.0	8.2	429.4
4.1	19.3	50.3	12.0	4.5	429.4
12.2	18.0	31.3	12.0	4.5	429.4
4.8	19.6	13.0	11.9	3.5	429.4
2.4	18.8	29.9	11.9	2.1	429.7
0.7	19.5	58.6	11.9	3.7	429.7
0.3	18.9	265.6	11.8	6.6	429.7
0.1	18.7	442.8	11.8	7.2	429.7
0.1	18.8	398.7	11.8	6.4	429.7
0.0	18.9	354.7	11.7	6.4	429.7
0.0	18.2	413.9	11.7	7.1	429.7
0.0	17.8	391.2	11.7	7.2	429.7
0.0	17.7	441.2	11.7	7.6	429.7
0.0	18.2	442.1	11.6	7.8	429.7
0.0	18.6	439.8	11.6	7.6	429.7
0.0	19.5	433.2	11.6	8.2	429.7
0.0	19.6	431.3	11.5	7.9	429.7
0.0	17.9	424.8	11.5	7.6	429.7
0.0	16.4	433.4	11.5	7.3	429.7
0.0	17.1	423.9	11.4	7.3	429.7
0.0	17.9	413.8	11.4	7.1	429.7
0.0	17.1	414.8	11.4	7.2	429.7
0.0	17.5	415.8	11.4	7.1	429.7
0.0	19.0	403.1	11.3	7.5	429.7
0.0	17.4	403.9	11.3	7.2	429.7
0.0	16.8	401.4	11.3	7.1	429.7
0.0	18.3	397.3	11.2	7.0	429.7
0.0	16.8	394.2	11.2	6.7	429.7
0.0	16.9	391.8	11.2	7.1	429.7
0.0	17.4	391.1	11.2	6.5	429.7
0.0	19.5	376.0	11.1	6.9	429.7
0.0	21.1	368.2	11.1	7.0	429.7
0.0	22.2	310.6	11.1	6.3	429.7
0.0	21.9	361.6	11.0	6.9	429.7
0.0	21.8	343.1	11.0	6.8	429.7
6.0	16.9	264.2	11.0	8.0	431.6
0.1	10.3	71.9	11.0	2.4	431.6
0.0	13.8	320.3	10.9	4.7	431.6
1.6	12.7	61.7	10.9	3.2	431.6
0.0	10.3	197.2	10.9	4.5	431.6
0.1	8.7	301.7	10.9	3.3	431.6
0.1	11.1	341.1	10.8	4.1	431.6
0.0	13.2	337.4	10.8	4.8	431.6
0.8	15.2	305.1	10.8	5.2	431.6
0.5	14.0	106.0	10.8	4.6	431.6
0.0	10.6	349.4	10.7	5.0	431.6
0.0	9.9	346.7	10.7	4.2	431.6
0.0	13.3	336.6	10.7	5.3	431.6
0.0	15.8	328.2	10.7	5.8	431.6
0.0	17.0	231.2	10.6	5.1	431.6
0.0	18.4	305.2	10.6	4.9	431.6
0.1	18.7	147.0	10.6	4.5	431.6
0.0	16.8	259.5	10.6	5.1	431.6
0.0	11.6	142.7	10.6	4.2	431.6
0.0	11.0	323.4	10.5	4.5	431.6
0.0	12.3	323.1	10.5	5.0	431.6
0.0	13.8	315.5	10.5	5.6	431.6
0.0	15.4	297.5	10.5	5.2	431.6
0.0	12.8	259.9	10.5	4.4	431.6
0.0	13.2	300.2	10.4	4.6	431.6
0.6	13.0	88.4	10.4	3.4	431.6
0.1	12.3	82.6	10.4	2.9	431.6
0.0	11.7	298.8	10.4	3.9	431.6
0.2	15.1	290.9	10.4	4.8	431.6
0.2	16.8	287.0	10.4	5.4	431.6
2.2	14.5	71.0	10.3	3.7	433.7
1.3	11.5	35.4	10.3	1.4	433.7
0.7	11.5	24.1	10.3	2.0	433.7
20.8	9.9	21.2	10.3	3.3	433.7
26.4	2.5	12.5	10.3	2.2	433.7
8.5	0.9	119.2	10.3	1.5	433.7
21.5	3.2	53.3	10.3	2.0	433.7
5.2	3.2	43.0	10.3	1.8	433.7
9.8	0.6	40.6	10.2	1.2	433.7
0.0	1.0	82.3	10.2	1.1	433.7
0.0	0.5	208.2	10.2	2.2	433.7
0.0	1.0	264.5	10.2	2.6	433.7
0.1	3.7	236.3	10.2	2.9	433.7
0.0	4.8	66.2	10.2	2.1	433.7
0.1	5.4	284.2	10.2	3.0	433.7
0.0	4.2	192.5	10.2	2.7	433.7
6.2	2.4	53.4	10.2	1.6	433.7
4.0	3.0	26.5	10.2	2.0	433.7
16.5	4.0	75.5	10.2	2.0	433.7
1.3	3.3	54.4	10.2	2.4	433.7
0.0	2.0	160.6	10.2	1.9	433.7
0.3	3.5	154.9	10.2	2.1	433.7
0.2	2.4	189.9	10.2	2.6	433.7
0.1	0.1	163.8	10.2	2.3	433.7
0.2	-4.4	191.3	10.2	1.5	433.7
0.0	-3.8	298.9	10.2	1.8	433.7
0.0	-3.0	293.3	10.2	2.1	433.7
0.0	-1.4	299.5	10.2	2.4	433.7
0.0	0.2	215.4	10.2	2.7	433.7
0.0	0.8	206.1	10.2	2.6	433.7
0.1	5.1	191.9	10.2	3.5	433.7
0.5	7.3	243.3	10.2	3.7	435.8
0.0	2.6	284.8	10.2	2.9	435.8
0.0	2.8	281.2	10.2	3.3	435.8
0.1	4.9	286.9	10.2	3.8	435.8
7.5	7.4	85.2	10.3	2.9	435.8
0.5	4.5	108.5	10.3	1.9	435.8
0.1	2.3	275.5	10.3	3.0	435.8
0.8	5.0	273.1	10.3	3.3	435.8
7.3	7.0	96.1	10.3	2.2	435.8
35.9	9.9	25.7	10.3	2.5	435.8
2.4	3.3	22.1	10.3	3.1	435.8
0.9	-2.8	102.1	10.3	1.8	435.8
0.0	-5.3	312.5	10.4	1.4	435.8
0.0	-2.2	316.3	10.4	2.0	435.8
0.0	-4.3	291.5	10.4	1.5	435.8
0.0	-4.8	326.9	10.4	1.7	435.8
0.0	-3.0	327.4	10.4	2.3	435.8
0.0	1.5	322.8	10.4	3.4	435.8
0.0	5.3	321.6	10.5	3.7	435.8
11.6	4.5	113.4	10.5	4.3	435.8
2.3	-6.5	123.8	10.5	1.4	435.8
0.0	-10.0	292.1	10.5	0.9	435.8
0.0	-9.3	350.5	10.5	1.3	435.8
0.0	-4.7	267.9	10.6	1.8	435.8
0.0	-2.0	186.8	10.6	2.5	435.8
0.0	-6.8	345.6	10.6	1.2	435.8
0.0	-2.2	351.4	10.6	2.3	435.8
0.0	0.1	352.6	10.6	2.6	435.8
0.0	1.2	352.7	10.7	3.1	435.8
0.0	4.9	286.2	10.7	4.1	435.8
0.0	5.5	234.2	10.7	4.0	435.8
0.1	8.4	201.6	10.7	4.3	436.9
8.3	6.3	41.3	10.8	3.2	436.9
12.6	1.0	25.6	10.8	1.5	436.9
0.6	1.2	110.7	10.8	1.9	436.9
0.4	2.8	125.9	10.8	2.4	436.9
10.1	2.1	21.6	10.9	1.9	436.9
1.1	0.5	86.7	10.9	2.5	436.9
0.0	1.8	381.5	10.9	3.5	436.9
0.0	1.1	388.1	10.9	3.3	436.9
0.2	2.2	369.0	11.0	4.8	436.9
0.0	-4.5	399.3	11.0	2.1	436.9
0.0	0.2	404.7	11.0	3.8	436.9
0.0	4.3	404.2	11.0	4.9	436.9
0.0	5.4	393.6	11.1	5.0	436.9
0.0	5.7	353.0	11.1	5.1	436.9
0.0	6.7	162.8	11.1	4.1	436.9
0.0	4.0	396.6	11.2	4.3	436.9
0.0	5.4	420.3	11.2	4.8	436.9
0.0	8.7	423.8	11.2	5.7	436.9
0.0	13.9	394.5	11.2	7.2	436.9
1.9	16.4	350.5	11.3	7.2	436.9
15.0	2.6	31.9	11.3	5.6	436.9
13.1	-1.5	241.1	11.3	2.0	436.9
1.2	-0.5	271.2	11.4	1.9	436.9
11.1	0.1	75.4	11.4	1.3	436.9
0.1	2.0	318.6	11.4	3.6	436.9
10.3	4.0	130.4	11.4	3.0	436.9
5.1	4.4	51.1	11.5	1.8	436.9
1.1	0.1	84.4	11.5	3.1	437.5
0.0	-0.3	462.1	11.5	3.5	437.5
0.0	2.5	462.0	11.6	4.4	437.5
0.0	5.4	439.2	11.6	5.4	437.5
0.0	8.5	422.2	11.6	6.3	437.5
7.8	14.4	397.9	11.7	7.4	437.5
1.6	11.0	80.7	11.7	4.8	437.5
0.8	7.0	234.0	11.7	4.4	437.5
0.0	5.5	463.6	11.8	3.8	437.5
0.0	4.8	404.6	11.8	4.7	437.5
0.0	7.8	397.2	11.8	5.6	437.5
0.0	10.3	225.3	11.8	5.3	437.5
0.1	10.8	310.4	11.9	6.3	437.5
0.0	14.8	426.8	11.9	7.8	437.5
15.6	12.1	63.3	11.9	4.4	437.5
4.8	13.3	60.0	12.0	6.0	437.5
4.2	9.7	55.3	12.0	7.7	437.5
15.0	2.0	64.2	12.0	2.2	437.5
0.1	5.4	435.9	12.1	4.9	437.5
8.4	6.6	108.9	12.1	3.8	437.5
0.1	7.6	324.2	12.1	4.3	437.5
2.0	6.1	59.1	12.1	2.0	437.5
34.3	14.0	127.6	12.2	7.0	437.5
7.8	6.0	63.0	12.2	6.1	437.5
0.0	6.6	521.0	12.2	5.0	437.5
0.0	7.7	507.4	12.3	5.4	437.5
8.2	8.8	230.6	12.3	5.1	437.5
18.7	6.5	62.7	12.3	3.0	437.5
24.4	8.1	78.9	12.4	3.6	437.5
2.7	6.1	50.2	12.4	4.3	437.5
0.2	11.3	355.1	12.4	7.0	437.5
0.1	10.4	168.3	12.5	5.1	437.9
0.1	13.0	505.9	12.5	7.7	437.9
0.0	14.4	537.0	12.5	8.9	437.9
0.0	15.1	368.5	12.5	9.3	437.9
0.3	16.8	480.3	12.6	8.5	437.9
28.1	19.3	383.0	12.6	8.7	437.9
0.3	15.9	256.0	12.6	6.7	437.9
0.1	13.2	457.1	12.7	8.2	437.9
0.0	15.4	542.5	12.7	8.5	437.9
0.1	14.2	223.9	12.7	7.6	437.9
9.0	17.8	434.9	12.8	10.1	437.9
0.1	10.7	113.9	12.8	4.6	437.9
0.1	8.9	223.8	12.8	3.8	437.9
12.9	9.6	85.5	12.8	3.6	437.9
0.0	12.7	520.4	12.9	7.6	437.9
19.7	13.9	341.8	12.9	8.1	437.9
57.4	12.5	48.1	12.9	4.7	437.9
20.2	15.9	70.6	13.0	7.4	437.9
0.1	13.8	198.7	13.0	5.3	437.9
0.0	12.6	249.6	13.0	6.4	437.9
0.0	14.1	573.6	13.0	8.3	437.9
7.8	12.6	129.4	13.1	4.7	437.9
16.6	18.5	564.2	13.1	8.9	437.9
57.5	19.4	56.3	13.1	3.9	437.9
19.0	17.1	66.0	13.2	6.4	437.9
0.3	19.0	406.0	13.2	8.9	437.9
3.5	20.6	417.0	13.2	8.3	437.9
15.6	20.6	74.6	13.2	5.0	437.9
103.3	15.3	39.5	13.3	9.8	437.9
1.3	10.8	44.6	13.3	4.7	437.9
11.4	14.1	65.5	13.3	5.2	438.4
7.2	12.3	34.6	13.3	6.0	438.4
5.9	9.9	103.7	13.4	4.5	438.4
22.4	13.7	347.4	13.4	6.1	438.4
0.3	17.1	506.1	13.4	8.0	438.4
0.1	22.3	409.6	13.4	10.6	438.4
4.8	23.9	559.0	13.5	9.3	438.4
6.4	23.8	287.1	13.5	9.4	438.4
0.0	24.1	345.9	13.5	8.0	438.4
0.0	24.6	485.7	13.5	9.5	438.4
19.6	24.0	455.7	13.6	10.0	438.4
1.1	23.3	212.5	13.6	8.9	438.4
0.6	22.0	217.0	13.6	8.5	438.4
0.7	21.1	180.9	13.6	5.8	438.4
8.8	23.6	294.3	13.6	8.4	438.4
17.8	23.8	204.8	13.7	9.5	438.4
16.6	23.0	228.9	13.7	9.9	438.4
0.3	18.1	206.5	13.7	7.6	438.4
0.0	19.9	373.5	13.7	8.7	438.4
41.5	17.8	69.4	13.7	4.3	438.4
35.0	19.1	32.5	13.8	5.1	438.4
1.0	17.8	135.5	13.8	6.1	438.4
0.0	19.5	520.0	13.8	8.6	438.4
0.0	22.0	511.0	13.8	10.2	438.4
16.8	23.9	416.9	13.8	9.7	438.4
4.7	20.4	124.5	13.9	8.8	438.4
1.2	19.1	186.4	13.9	5.2	438.4
12.2	19.0	167.0	13.9	9.2	438.4
35.4	16.0	102.3	13.9	4.6	438.4
33.6	15.9	65.8	13.9	3.7	438.4
12.6	16.8	51.3	13.9	3.5	438.4
1.1	17.5	202.6	13.9	6.5	437.4
2.5	17.3	195.9	14.0	4.9	437.4
0.4	16.7	239.5	14.0	8.0	437.4
0.1	19.3	631.3	14.0	10.8	437.4
0.1	21.8	587.5	14.0	10.2	437.4
1.9	20.2	200.0	14.0	8.7	437.4
1.1	18.3	138.6	14.0	5.2	437.4
0.9	21.6	493.5	14.0	9.3	437.4
0.1	25.1	570.8	14.0	10.6	437.4
0.1	20.9	270.6	14.0	9.6	437.4
0.1	22.6	656.6	14.0	10.9	437.4
0.9	23.7	646.0	14.1	12.5	437.4
0.3	24.2	308.8	14.1	10.2	437.4
20.1	19.6	70.2	14.1	6.1	437.4
0.8	21.8	222.0	14.1	7.7	437.4
0.1	24.2	410.9	14.1	11.4	437.4
0.1	25.6	620.5	14.1	10.4	437.4
0.2	25.1	451.1	14.1	9.0	437.4
0.8	23.9	182.9	14.1	7.4	437.4
19.4	25.1	403.1	14.1	9.5	437.4
0.7	24.5	233.1	14.1	8.6	437.4
3.7	26.9	531.4	14.1	11.6	437.4
43.9	24.3	377.1	14.1	8.0	437.4
0.1	24.2	331.1	14.1	8.2	437.4
18.8	24.2	515.1	14.1	8.8	437.4
16.3	24.7	377.5	14.1	8.2	437.4
12.5	24.0	271.6	14.1	8.9	437.4
0.8	25.4	586.5	14.1	9.0	437.4
0.2	25.4	583.4	14.1	10.0	437.4
2.3	24.4	480.3	14.1	11.0	437.4
0.2	24.3	550.6	14.1	10.8	434.5
0.1	25.5	637.0	14.1	10.9	434.5
0.0	26.4	530.4	14.0	11.5	434.5
1.4	26.0	317.0	14.0	9.4	434.5
0.7	24.2	202.9	14.0	6.9	434.5
8.7	25.5	275.8	14.0	6.9	434.5
7.2	26.3	445.3	14.0	9.2	434.5
13.3	26.5	528.7	14.0	9.7	434.5
0.0	26.4	303.3	14.0	8.3	434.5
9.5	27.0	484.5	14.0	9.6	434.5
8.0	26.5	340.3	14.0	8.9	434.5
15.9	25.8	242.1	14.0	8.0	434.5
17.8	26.4	419.7	13.9	9.3	434.5
8.6	26.8	456.4	13.9	9.4	434.5
7.9	27.0	524.0	13.9	10.5	434.5
3.4	27.3	582.0	13.9	11.0	434.5
3.1	27.6	573.0	13.9	11.3	434.5
7.5	27.4	469.1	13.9	9.5	434.5
4.8	27.5	506.3	13.9	10.9	434.5
8.2	25.8	474.1	13.8	10.5	434.5
0.4	25.3	454.1	13.8	8.5	434.5
1.2	25.1	399.2	13.8	8.4	434.5
1.2	24.9	317.9	13.8	7.8	434.5
1.3	24.9	269.2	13.8	8.2	434.5
0.6	26.6	448.0	13.7	9.4	434.5
15.9	26.4	498.2	13.7	8.8	434.5
6.5	26.7	513.7	13.7	10.0	434.5
0.2	27.1	526.8	13.7	9.4	434.5
0.0	26.8	564.1	13.7	10.3	434.5
0.0	27.6	616.6	13.6	10.1	434.5
0.2	28.5	578.0	13.6	10.2	434.5
9.1	27.6	577.3	13.6	11.4	432.2
10.1	27.0	512.9	13.6	9.0	432.2
12.0	27.1	535.4	13.6	9.9	432.2
14.3	27.0	481.7	13.5	9.3	432.2
20.8	26.7	354.3	13.5	9.0	432.2
10.3	25.3	181.4	13.5	7.0	432.2
10.8	26.2	468.9	13.5	8.5	432.2
11.1	25.9	412.0	13.4	8.5	432.2
10.9	25.5	399.3	13.4	8.8	432.2
0.2	25.8	451.8	13.4	9.2	432.2
3.7	26.2	566.2	13.4	10.0	432.2
6.3	25.8	477.7	13.3	10.2	432.2
3.3	26.1	545.0	13.3	9.9	432.2
9.9	25.8	397.8	13.3	9.3	432.2
12.7	25.5	341.6	13.3	8.5	432.2
13.5	25.4	267.2	13.2	7.5	432.2
22.2	25.9	408.4	13.2	9.1	432.2
15.8	26.2	476.3	13.2	9.0	432.2
8.0	26.8	541.1	13.2	10.6	432.2
6.8	27.0	505.7	13.1	9.8	432.2
19.9	25.6	310.6	13.1	8.3	432.2
0.3	22.1	158.2	13.1	8.1	432.2
0.1	22.1	467.4	13.1	8.0	432.2
0.1	23.2	428.1	13.0	8.7	432.2
1.0	24.8	410.6	13.0	7.8	432.2
2.2	24.9	335.5	13.0	7.5	432.2
0.7	25.4	239.6	12.9	7.7	432.2
0.3	25.2	375.1	12.9	8.9	432.2
0.2	26.0	481.3	12.9	8.9	432.2
1.3	26.6	423.7	12.9	8.6	432.2
13.9	25.2	286.9	12.8	7.9	432.2
14.7	24.6	301.8	12.8	6.8	431.8
7.8	24.3	263.8	12.8	6.9	431.8
0.3	24.3	212.9	12.7	7.1	431.8
0.6	24.5	190.7	12.7	6.6	431.8
0.9	24.6	177.8	12.7	6.4	431.8
1.1	25.1	259.0	12.7	7.6	431.8
0.7	25.5	407.5	12.6	8.5	431.8
2.1	26.0	432.0	12.6	8.8	431.8
0.3	26.1	432.4	12.6	8.8	431.8
10.8	25.6	480.3	12.5	9.4	431.8
13.9	24.8	406.6	12.5	7.6	431.8
6.3	24.5	394.8	12.5	7.1	431.8
2.0	25.0	355.9	12.4	7.6	431.8
9.2	25.7	396.9	12.4	8.7	431.8
10.4	25.4	417.7	12.4	7.2	431.8
9.6	24.9	415.0	12.4	7.5	431.8
12.9	24.5	399.2	12.3	8.0	431.8
0.0	18.8	385.8	12.3	7.7	431.8
0.0	19.0	515.3	12.3	7.1	431.8
0.0	19.8	505.2	12.2	8.3	431.8
0.0	19.5	509.5	12.2	8.0	431.8
0.2	22.8	464.3	12.2	8.3	431.8
0.4	23.4	221.7	12.1	7.7	431.8
1.7	23.7	146.6	12.1	6.1	431.8
0.5	20.7	172.0	12.1	7.1	431.8
0.0	20.7	443.6	12.1	6.1	431.8
0.5	23.2	118.6	12.0	6.8	431.8
1.3	23.7	58.0	12.0	4.3	431.8
1.2	23.6	36.9	12.0	2.8	431.8
1.1	24.7	219.7	11.9	6.3	431.8
9.5	24.6	360.7	11.9	7.6	432.1
29.4	23.2	195.2	11.9	7.4	432.1
3.8	19.6	35.3	11.8	4.0	432.1
3.6	17.6	60.0	11.8	4.6	432.1
1.5	17.1	85.3	11.8	3.6	432.1
5.8	18.1	86.8	11.7	3.3	432.1
1.9	19.3	26.2	11.7	3.0	432.1
10.3	19.7	118.7	11.7	5.3	432.1
1.5	14.6	35.4	11.7	4.5	432.1
0.0	13.9	449.5	11.6	5.9	432.1
0.1	14.5	438.2	11.6	5.2	432.1
0.5	16.0	406.2	11.6	5.5	432.1
0.2	15.3	180.7	11.5	4.5	432.1
0.2	16.2	223.1	11.5	5.4	432.1
0.3	19.6	352.5	11.5	6.5	432.1
0.4	19.5	300.7	11.5	6.4	432.1
0.3	18.8	387.4	11.4	6.7	432.1
0.1	18.5	384.0	11.4	6.5	432.1
0.0	18.3	408.0	11.4	6.6	432.1
0.0	19.1	394.7	11.3	6.5	432.1
0.0	18.5	351.7	11.3	6.7	432.1
0.0	16.3	407.8	11.3	6.8	432.1
0.0	16.1	406.8	11.2	6.6	432.1
0.0	16.3	401.0	11.2	6.9	432.1
0.0	16.8	399.7	11.2	6.9	432.1
0.0	17.1	390.3	11.2	7.1	432.1
0.0	16.9	382.0	11.1	6.8	432.1
0.0	12.8	371.1	11.1	4.6	432.1
0.4	15.6	167.3	11.1	5.2	432.1
0.0	16.3	365.1	11.1	6.2	432.1
0.0	18.3	370.2	11.0	6.4	432.1
0.0	17.3	361.9	11.0	5.8	434.0
0.1	19.1	227.3	11.0	5.3	434.0
0.0	17.0	94.7	10.9	5.2	434.0
0.0	16.4	356.6	10.9	6.1	434.0
0.0	15.4	363.4	10.9	5.8	434.0
0.0	12.9	367.2	10.9	5.2	434.0
0.0	14.1	358.2	10.8	5.9	434.0
0.0	15.1	354.9	10.8	6.3	434.0
0.0	15.7	349.5	10.8	6.2	434.0
0.0	16.7	344.8	10.8	6.2	434.0
0.0	18.4	321.6	10.7	6.1	434.0
0.0	18.8	331.7	10.7	6.1	434.0
0.0	18.4	325.8	10.7	5.9	434.0
0.0	16.8	249.9	10.7	5.7	434.0
0.0	15.0	332.6	10.7	5.7	434.0
0.0	15.2	324.6	10.6	5.2	434.0
0.0	17.7	259.5	10.6	5.3	434.0
0.6	18.4	147.6	10.6	4.3	434.0
4.1	18.3	82.2	10.6	4.5	434.0
9.7	8.4	34.5	10.5	4.6	434.0
0.0	2.9	338.1	10.5	2.6	434.0
0.0	4.9	327.9	10.5	3.4	434.0
0.0	7.8	232.1	10.5	3.8	434.0
0.0	4.0	322.6	10.5	2.6	434.0
0.0	4.1	323.1	10.4	2.8	434.0
0.0	8.3	315.4	10.4	3.9	434.0
0.0	9.7	283.1	10.4	4.1	434.0
0.0	13.7	187.8	10.4	4.6	434.0
0.0	11.6	301.7	10.4	4.8	434.0
0.0	12.5	304.8	10.4	4.9	434.0
7.1	14.0	146.8	10.3	4.0	436.1
0.1	4.5	94.3	10.3	3.1	436.1
0.0	0.7	136.7	10.3	1.5	436.1
2.8	0.5	49.7	10.3	1.1	436.1
0.0	0.2	211.5	10.3	2.3	436.1
0.0	1.5	268.7	10.3	2.5	436.1
0.0	1.9	291.1	10.3	2.5	436.1
2.0	3.0	122.7	10.3	2.0	436.1
17.5	1.8	39.7	10.2	1.5	436.1
3.2	1.3	54.7	10.2	1.1	436.1
0.0	2.3	261.0	10.2	2.4	436.1
0.1	2.9	295.3	10.2	3.0	436.1
0.1	3.8	285.5	10.2	3.3	436.1
0.3	5.9	244.1	10.2	3.6	436.1
0.9	5.0	116.5	10.2	2.4	436.1
0.1	6.6	264.1	10.2	3.6	436.1
0.7	8.4	241.4	10.2	3.8	436.1
1.2	7.2	95.0	10.2	2.1	436.1
0.2	6.9	184.3	10.2	3.6	436.1
0.1	6.7	234.0	10.2	3.9	436.1
0.7	8.0	246.4	10.2	3.8	436.1
1.4	6.2	83.8	10.2	1.6	436.1
0.2	4.7	187.0	10.2	2.6	436.1
0.1	4.8	287.6	10.2	2.7	436.1
0.0	4.7	287.8	10.2	3.1	436.1
0.0	6.9	286.0	10.2	4.1	436.1
0.0	8.4	283.4	10.2	4.2	436.1
2.0	7.4	98.4	10.2	2.7	436.1
2.1	5.4	37.7	10.2	1.2	436.1
1.9	5.5	46.2	10.2	1.5	436.1
1.4	5.6	69.7	10.2	1.8	436.1
0.3	5.9	147.6	10.2	2.9	438.2
0.1	8.0	225.4	10.2	3.7	438.2
0.1	8.7	207.7	10.2	3.4	438.2
0.6	6.9	231.1	10.2	2.5	438.2
0.8	9.0	28.9	10.3	2.9	438.2
3.6	7.5	107.9	10.3	2.9	438.2
0.2	4.0	101.6	10.3	2.2	438.2
0.0	1.6	278.9	10.3	2.6	438.2
0.0	-2.1	304.9	10.3	2.0	438.2
4.4	0.1	94.5	10.3	1.7	438.2
1.7	2.4	71.4	10.3	1.8	438.2
0.0	2.8	91.1	10.3	2.4	438.2
0.0	3.9	312.2	10.4	3.0	438.2
17.4	5.2	50.2	10.4	2.1	438.2
1.6	3.2	43.1	10.4	2.2	438.2
0.1	-0.2	316.9	10.4	2.4	438.2
0.1	1.3	200.9	10.4	2.8	438.2
0.0	1.0	325.8	10.4	2.8	438.2
0.0	2.5	298.3	10.5	2.8	438.2
0.0	2.5	293.9	10.5	3.5	438.2
0.0	0.5	337.3	10.5	2.9	438.2
0.0	6.7	274.4	10.5	3.9	438.2
2.6	10.0	76.0	10.5	3.1	438.2
4.4	12.9	78.3	10.5	3.5	438.2
2.5	5.8	33.0	10.6	4.0	438.2
0.9	0.8	64.0	10.6	1.6	438.2
0.0	1.1	344.8	10.6	3.2	438.2
0.0	-1.0	360.5	10.6	2.8	438.2
0.0	3.8	359.8	10.7	3.8	438.2
0.0	3.1	357.1	10.7	2.9	438.2
0.0	6.4	360.5	10.7	4.3	438.2
0.0	10.0	358.8	10.7	5.5	439.3
0.0	10.9	231.9	10.8	5.9	439.3
0.3	10.0	346.5	10.8	4.6	439.3
9.7	9.1	138.3	10.8	3.2	439.3
0.6	6.4	98.6	10.8	3.0	439.3
0.0	2.7	369.7	10.9	3.0	439.3
0.0	8.5	378.8	10.9	4.6	439.3
0.0	9.4	371.7	10.9	5.4	439.3
0.0	3.8	304.4	10.9	2.8	439.3
0.0	2.4	116.7	11.0	2.4	439.3
0.0	1.4	326.9	11.0	2.5	439.3
0.0	0.2	327.0	11.0	2.8	439.3
0.0	-0.3	386.0	11.0	3.1	439.3
0.0	4.6	276.6	11.1	3.5	439.3
0.8	6.9	101.5	11.1	3.4	439.3
0.1	10.5	130.4	11.1	3.8	439.3
0.0	17.1	381.6	11.2	8.0	439.3
0.0	17.8	235.5	11.2	7.6	439.3
2.4	13.2	152.0	11.2	6.4	439.3
0.6	14.1	287.9	11.2	7.2	439.3
0.9	5.4	50.7	11.3	3.1	439.3
3.9	5.5	139.8	11.3	3.4	439.3
0.6	2.9	93.4	11.3	2.6	439.3
2.7	4.4	247.0	11.4	3.2	439.3
0.6	2.0	198.0	11.4	3.4	439.3
1.0	7.9	420.3	11.4	5.1	439.3
1.1	7.9	93.1	11.4	3.6	439.3
0.0	9.8	431.4	11.5	5.8	439.3
0.0	11.8	447.6	11.5	7.1	439.3
0.0	13.4	452.5	11.5	7.8	439.9
0.0	7.1	390.7	11.6	5.3	439.9
0.0	3.4	284.2	11.6	3.9	439.9
0.0	6.2	472.3	11.6	5.7	439.9
0.0	9.5	320.6	11.7	5.8	439.9
0.0	10.9	477.5	11.7	7.7	439.9
0.0	14.1	461.0	11.7	8.2	439.9
0.0	15.5	448.5	11.7	8.5	439.9
0.0	17.1	450.5	11.8	8.9	439.9
0.0	20.9	452.3	11.8	9.5	439.9
23.8	20.2	249.9	11.8	9.2	439.9
1.0	7.4	204.6	11.9	5.7	439.9
0.0	7.4	474.7	11.9	5.3	439.9
0.0	10.2	492.9	11.9	6.5	439.9
3.2	15.2	436.6	12.0	7.9	439.9
8.7	15.7	309.7	12.0	6.5	439.9
0.7	10.6	96.5	12.0	4.8	439.9
0.0	12.3	489.2	12.0	6.9	439.9
0.0	12.0	422.8	12.1	7.0	439.9
0.0	9.8	476.0	12.1	5.4	439.9
4.4	10.2	161.7	12.1	5.7	439.9
0.1	13.5	462.7	12.2	6.8	439.9
0.0	14.0	191.8	12.2	8.5	439.9
0.0	6.2	531.5	12.2	4.8	439.9
0.8	10.4	303.4	12.3	5.5	439.9
13.6	11.4	87.0	12.3	4.2	439.9
18.5	17.2	125.5	12.3	6.0	439.9
7.9	16.2	121.7	12.4	7.5	439.9
0.0	10.6	484.9	12.4	6.2	439.9
6.2	11.6	180.3	12.4	4.3	439.9
16.9	9.6	66.2	12.4	4.6	439.9
0.1	8.3	167.6	12.5	4.7	440.3
0.1	11.0	353.9	12.5	6.0	440.3
0.0	10.2	494.3	12.5	5.7	440.3
0.0	10.8	500.0	12.6	7.4	440.3
0.0	11.1	573.9	12.6	7.5	440.3
4.4	14.4	210.0	12.6	7.4	440.3
0.4	14.7	219.8	12.7	7.6	440.3
0.2	14.5	334.8	12.7	7.8	440.3
2.4	13.7	341.3	12.7	6.7	440.3
21.2	16.1	78.4	12.7	7.0	440.3
17.5	19.6	290.1	12.8	5.7	440.3
30.4	19.5	501.9	12.8	11.6	440.3
3.3	11.8	280.0	12.8	4.5	440.3
32.8	18.2	116.1	12.9	8.1	440.3
4.2	11.9	68.0	12.9	7.9	440.3
7.7	13.0	339.3	12.9	6.7	440.3
19.7	14.6	69.7	12.9	6.5	440.3
12.0	16.0	162.3	13.0	6.0	440.3
0.1	14.2	225.7	13.0	7.2	440.3
0.0	11.4	614.1	13.0	6.3	440.3
0.0	14.7	574.2	13.1	8.6	440.3
0.2	16.4	510.1	13.1	9.2	440.3
0.1	17.6	590.5	13.1	10.2	440.3
7.5	20.0	544.8	13.1	10.3	440.3
2.6	18.3	234.2	13.2	7.2	440.3
1.9	20.0	552.2	13.2	9.7	440.3
0.3	21.4	569.1	13.2	10.8	440.3
0.1	22.2	572.2	13.3	10.7	440.3
16.4	23.4	393.1	13.3	8.5	440.3
16.9	22.6	94.5	13.3	4.6	440.3
10.2	21.1	408.3	13.3	11.7	440.8
33.5	12.3	74.6	13.4	5.1	440.8
9.3	10.8	49.7	13.4	3.1	440.8
0.8	13.1	294.8	13.4	7.2	440.8
2.4	18.4	394.7	13.4	8.8	440.8
0.7	21.0	396.1	13.5	9.2	440.8
0.0	24.0	580.5	13.5	10.5	440.8
21.9	22.4	256.7	13.5	7.2	440.8
2.5	22.8	135.1	13.5	6.0	440.8
11.4	24.6	416.2	13.6	10.1	440.8
5.3	25.9	570.1	13.6	9.1	440.8
16.8	17.4	107.9	13.6	10.7	440.8
6.5	16.5	133.4	13.6	6.4	440.8
34.1	20.3	101.3	13.6	6.7	440.8
26.4	20.8	96.3	13.7	7.7	440.8
3.3	20.2	85.4	13.7	9.9	440.8
1.2	18.8	334.5	13.7	7.4	440.8
0.1	21.6	254.3	13.7	8.7	440.8
3.1	23.8	377.2	13.7	9.2	440.8
8.5	18.2	80.2	13.8	10.0	440.8
0.2	17.7	592.1	13.8	8.8	440.8
0.0	20.7	556.4	13.8	10.7	440.8
0.2	24.0	553.3	13.8	10.4	440.8
33.7	23.3	332.5	13.8	8.1	440.8
17.5	21.6	92.2	13.8	4.8	440.8
0.9	22.6	385.8	13.9	9.4	440.8
0.2	24.9	591.2	13.9	11.2	440.8
0.0	26.0	556.9	13.9	10.9	440.8
0.0	24.9	368.7	13.9	9.0	440.8
4.0	25.3	398.5	13.9	9.4	440.8
30.9	25.4	402.4	13.9	8.8	440.8
14.3	24.5	257.3	14.0	7.4	439.8
0.2	23.0	510.3	14.0	10.8	439.8
0.0	19.6	642.4	14.0	9.4	439.8
33.8	23.1	602.6	14.0	10.7	439.8
49.5	21.1	31.7	14.0	3.6	439.8
70.1	20.6	37.4	14.0	6.6	439.8
15.7	17.9	22.8	14.0	4.3	439.8
12.9	19.3	31.7	14.0	4.1	439.8
8.1	17.0	28.2	14.0	7.1	439.8
0.2	18.1	520.7	14.0	8.9	439.8
0.0	21.5	610.8	14.1	9.6	439.8
0.0	22.2	276.0	14.1	7.9	439.8
38.4	19.1	86.9	14.1	8.4	439.8
1.9	18.7	34.8	14.1	4.6	439.8
0.9	20.4	155.7	14.1	5.3	439.8
0.9	21.7	336.5	14.1	8.5	439.8
0.3	23.4	553.3	14.1	10.3	439.8
4.7	23.2	411.7	14.1	10.5	439.8
44.4	22.1	53.3	14.1	7.1	439.8
2.8	23.8	86.0	14.1	6.2	439.8
0.4	26.0	526.0	14.1	10.8	439.8
0.0	24.6	198.7	14.1	9.4	439.8
0.7	22.2	338.0	14.1	8.7	439.8
0.0	22.4	551.8	14.1	9.8	439.8
0.1	22.1	616.3	14.1	10.6	439.8
0.1	21.2	486.3	14.1	9.1	439.8
0.5	23.6	390.9	14.1	10.3	439.8
0.2	25.9	494.4	14.1	10.5	439.8
0.1	27.4	614.9	14.1	11.3	439.8
9.3	27.3	613.1	14.1	11.0	439.8
11.4	27.2	557.9	14.1	10.2	436.9
25.0	26.9	373.7	14.0	9.7	436.9
12.9	26.3	359.3	14.0	9.4	436.9
21.3	26.6	388.0	14.0	8.7	436.9
20.4	26.1	281.8	14.0	8.5	436.9
25.0	25.9	318.2	14.0	8.1	436.9
10.2	26.7	564.3	14.0	9.3	436.9
15.2	26.5	553.2	14.0	9.0	436.9
19.1	26.6	433.0	14.0	9.5	436.9
19.2	26.1	442.6	14.0	9.0	436.9
20.2	26.1	430.6	14.0	8.8	436.9
19.3	25.8	312.5	13.9	8.4	436.9
2.5	25.6	154.5	13.9	8.1	436.9
7.3	25.5	150.2	13.9	7.9	436.9
19.2	26.1	293.7	13.9	8.4	436.9
26.3	26.1	383.7	13.9	8.6	436.9
12.2	26.2	290.9	13.9	8.6	436.9
11.3	26.7	372.5	13.9	10.5	436.9
10.8	26.9	565.9	13.8	10.6	436.9
3.0	27.4	565.3	13.8	10.7	436.9
0.0	28.1	491.8	13.8	11.1	436.9
1.9	28.3	584.5	13.8	11.9	436.9
1.4	28.2	608.7	13.8	12.0	436.9
2.3	28.0	605.2	13.8	11.2	436.9
0.0	28.0	591.3	13.7	11.2	436.9
0.0	27.8	612.1	13.7	10.7	436.9
0.0	27.5	594.9	13.7	10.8	436.9
1.1	25.6	323.9	13.7	9.2	436.9
0.0	24.2	529.4	13.7	10.2	436.9
0.0	23.8	620.6	13.6	10.4	436.9
0.0	24.8	631.4	13.6	11.3	436.9
0.0	26.2	625.3	13.6	11.8	434.5
0.0	27.6	608.1	13.6	12.3	434.5
0.0	28.5	612.4	13.5	12.4	434.5
0.0	28.5	588.3	13.5	11.3	434.5
0.3	28.9	538.9	13.5	10.6	434.5
14.5	27.5	560.9	13.5	10.9	434.5
1.7	28.2	508.1	13.4	10.0	434.5
4.1	28.3	558.1	13.4	10.7	434.5
5.4	27.9	501.2	13.4	10.1	434.5
0.0	28.4	580.8	13.4	10.4	434.5
0.1	29.4	578.1	13.3	10.6	434.5
12.2	27.8	564.7	13.3	11.3	434.5
15.8	26.6	469.2	13.3	9.5	434.5
14.9	26.8	485.4	13.3	9.1	434.5
19.8	26.3	393.6	13.2	8.3	434.5
5.8	26.6	483.3	13.2	10.0	434.5
3.0	27.8	532.5	13.2	9.6	434.5
11.7	27.5	481.2	13.2	8.8	434.5
10.9	27.3	345.7	13.1	8.7	434.5
14.7	26.8	373.8	13.1	8.9	434.5
4.8	27.7	492.0	13.1	9.5	434.5
16.5	27.3	360.3	13.1	8.7	434.5
7.7	27.1	445.6	13.0	8.7	434.5
10.1	26.8	372.0	13.0	8.3	434.5
7.9	27.2	446.7	13.0	9.2	434.5
10.6	27.2	486.5	12.9	9.4	434.5
14.5	26.4	478.0	12.9	8.9	434.5
15.7	25.8	473.3	12.9	7.8	434.5
15.2	25.1	288.7	12.9	7.6	434.5
11.5	24.8	349.1	12.8	7.0	434.5
1.4	24.0	175.5	12.8	6.4	434.5
0.7	25.4	342.4	12.8	8.1	434.1
7.5	25.7	454.1	12.7	8.3	434.1
16.3	25.8	404.4	12.7	8.0	434.1
12.7	26.2	454.8	12.7	8.3	434.1
5.6	26.8	454.0	12.7	9.4	434.1
11.1	26.9	443.6	12.6	8.5	434.1
17.6	26.3	448.1	12.6	8.5	434.1
13.0	26.0	481.9	12.6	9.3	434.1
4.9	21.3	59.3	12.5	6.5	434.1
0.0	20.1	396.8	12.5	7.1	434.1
0.7	23.6	361.2	12.5	8.1	434.1
1.7	24.2	241.8	12.5	6.2	434.1
4.9	24.1	399.8	12.4	6.3	434.1
1.5	22.9	57.9	12.4	3.7	434.1
1.0	23.4	77.6	12.4	4.3	434.1
0.2	23.9	391.4	12.3	8.2	434.1
1.0	24.4	403.6	12.3	9.0	434.1
0.0	19.3	509.9	12.3	7.5	434.1
0.0	18.1	382.4	12.2	6.7	434.1
0.0	18.5	344.0	12.2	6.9	434.1
0.0	20.0	328.0	12.2	7.5	434.1
0.0	20.3	483.1	12.1	8.4	434.1
0.0	20.3	491.5	12.1	8.5	434.1
0.0	21.0	496.8	12.1	8.6	434.1
0.0	22.1	487.5	12.1	9.4	434.1
0.0	21.7	485.0	12.0	9.8	434.1
0.0	22.9	484.0	12.0	10.2	434.1
0.0	22.9	481.2	12.0	9.6	434.1
0.0	22.8	474.3	11.9	9.2	434.1
0.0	22.4	465.1	11.9	8.5	434.1
0.0	18.1	476.7	11.9	7.6	434.5
0.0	16.4	476.9	11.8	7.1	434.5
0.0	17.9	454.3	11.8	7.8	434.5
0.0	18.1	399.2	11.8	6.8	434.5
0.1	19.7	360.2	11.8	6.6	434.5
0.0	20.8	289.4	11.7	7.0	434.5
0.0	20.9	440.2	11.7	8.0	434.5
0.0	18.1	465.0	11.7	7.8	434.5
0.0	18.0	455.4	11.6	8.5	434.5
0.0	19.1	434.4	11.6	7.6	434.5
0.0	16.8	439.0	11.6	7.4	434.5
0.0	17.3	440.5	11.5	7.3	434.5
0.0	18.5	429.0	11.5	7.6	434.5
0.0	18.9	425.0	11.5	8.0	434.5
0.0	18.5	430.2	11.5	7.9	434.5
0.0	18.9	420.9	11.4	7.5	434.5
0.0	18.7	406.0	11.4	7.1	434.5
0.0	17.0	414.6	11.4	7.1	434.5
0.0	17.6	417.4	11.3	7.1	434.5
0.0	20.1	389.0	11.3	7.1	434.5
0.0	16.1	388.9	11.3	6.3	434.5
0.0	15.9	380.5	11.3	5.6	434.5
0.0	16.8	347.7	11.2	6.8	434.5
0.0	18.9	381.9	11.2	6.7	434.5
0.0	20.2	252.6	11.2	6.3	434.5
0.0	20.4	378.4	11.1	7.2	434.5
0.0	19.3	384.3	11.1	7.2	434.5
0.0	19.6	373.0	11.1	7.0	434.5
0.0	19.4	369.8	11.1	6.6	434.5
0.0	19.7	366.6	11.0	6.5	434.5
0.0	20.0	296.9	11.0	6.2	434.5
0.0	17.1	365.1	11.0	5.9	436.3
0.1	16.5	241.0	11.0	5.8	436.3
0.0	18.4	360.8	10.9	6.9	436.3
0.0	20.9	346.5	10.9	7.0	436.3
26.2	20.3	175.3	10.9	6.6	436.3
3.3	10.5	51.9	10.8	4.1	436.3
0.0	10.1	346.8	10.8	4.0	436.3
1.1	14.9	299.7	10.8	5.3	436.3
3.1	12.6	59.5	10.8	2.1	436.3
0.7	13.0	151.4	10.8	3.6	436.3
6.2	15.0	195.5	10.7	3.9	436.3
0.4	15.8	212.3	10.7	5.2	436.3
0.0	9.0	249.8	10.7	3.3	436.3
0.3	12.7	302.8	10.7	4.2	436.3
23.0	14.3	35.8	10.6	2.0	436.3
4.1	14.7	28.9	10.6	2.6	436.3
3.6	12.7	32.9	10.6	2.9	436.3
3.4	11.7	49.2	10.6	1.9	436.3
7.6	12.2	18.2	10.5	1.8	436.3
8.2	12.9	29.1	10.5	2.9	436.3
4.4	9.4	21.2	10.5	1.6	436.3
2.0	11.7	54.5	10.5	2.2	436.3
7.1	10.3	39.2	10.5	3.0	436.3
0.5	6.6	74.8	10.5	2.1	436.3
1.3	7.2	77.6	10.4	1.9	436.3
0.1	8.8	82.3	10.4	2.7	436.3
1.7	11.7	135.1	10.4	3.4	436.3
1.4	11.1	74.6	10.4	2.4	436.3
3.6	9.4	89.1	10.4	2.4	436.3
0.7	5.4	68.5	10.4	2.4	436.3
0.0	1.6	288.5	10.3	2.2	438.4
0.0	0.5	109.9	10.3	1.2	438.4
1.0	4.2	129.3	10.3	2.3	438.4
0.0	4.3	157.6	10.3	2.7	438.4
0.2	6.9	245.3	10.3	3.1	438.4
0.1	6.7	188.1	10.3	3.2	438.4
9.6	8.3	82.0	10.3	2.7	438.4
1.3	9.6	67.9	10.3	2.2	438.4
7.1	14.6	132.7	10.2	4.2	438.4
0.1	16.5	152.7	10.2	3.9	438.4
8.7	12.6	26.0	10.2	3.1	438.4
10.8	12.5	48.6	10.2	1.8	438.4
27.8	9.7	43.2	10.2	3.2	438.4
1.9	1.8	110.8	10.2	2.1	438.4
0.1	-0.4	279.8	10.2	2.2	438.4
0.5	0.9	247.9	10.2	2.4	438.4
0.0	-1.9	300.5	10.2	2.2	438.4
0.2	1.0	259.6	10.2	2.9	438.4
0.0	7.8	194.0	10.2	3.7	438.4
0.7	7.9	113.5	10.2	3.4	438.4
0.9	5.4	150.0	10.2	3.2	438.4
0.1	7.5	220.0	10.2	4.0	438.4
0.4	9.1	230.8	10.2	3.7	438.4
0.6	8.4	127.7	10.2	3.1	438.4
2.1	6.4	52.7	10.2	1.1	438.4
9.7	9.0	32.1	10.2	2.3	438.4
4.3	6.7	39.2	10.2	2.9	438.4
1.4	4.1	78.1	10.2	1.4	438.4
1.6	5.2	74.3	10.2	2.5	438.4
0.9	-0.9	95.0	10.2	1.7	438.4
7.0	0.8	86.4	10.2	1.8	438.4
0.1	-0.7	240.7	10.2	2.3	440.5
8.9	4.1	183.4	10.2	3.0	440.5
0.6	4.0	176.9	10.2	3.3	440.5
0.0	-3.3	296.5	10.2	1.8	440.5
0.0	-4.0	142.5	10.3	1.2	440.5
0.0	0.0	247.1	10.3	2.4	440.5
0.1	3.7	293.7	10.3	3.1	440.5
3.6	6.0	132.2	10.3	2.9	440.5
28.8	5.7	38.4	10.3	1.2	440.5
9.6	3.3	12.2	10.3	1.7	440.5
1.1	1.4	70.4	10.3	2.1	440.5
0.2	-2.0	107.0	10.3	1.4	440.5
0.0	-0.5	194.1	10.4	1.9	440.5
8.6	1.7	27.8	10.4	1.5	440.5
7.0	-0.6	33.9	10.4	1.6	440.5
0.0	-0.0	322.9	10.4	2.7	440.5
0.0	2.3	285.2	10.4	3.2	440.5
0.3	5.5	144.8	10.4	3.1	440.5
14.8	-0.2	30.6	10.5	1.8	440.5
1.8	-2.6	65.6	10.5	1.6	440.5
0.0	-2.7	335.9	10.5	2.1	440.5
0.0	-0.4	326.2	10.5	2.5	440.5
6.8	6.0	182.8	10.5	3.2	440.5
8.3	6.9	41.6	10.6	2.6	440.5
14.7	3.2	44.3	10.6	2.1	440.5
6.1	2.3	109.2	10.6	1.7	440.5
15.3	1.4	15.8	10.6	1.3	440.5
3.2	0.7	41.7	10.7	1.5	440.5
11.3	-2.9	19.4	10.7	1.3	440.5
10.3	-2.0	38.6	10.7	1.4	440.5
16.6	2.5	45.9	10.7	3.0	440.5
14.3	10.2	103.4	10.7	4.1	441.7
18.4	2.4	26.1	10.8	3.6	441.7
0.4	1.0	157.3	10.8	1.8	441.7
3.4	3.2	160.7	10.8	2.5	441.7
13.7	1.0	35.0	10.8	1.9	441.7
0.2	0.1	291.0	10.9	2.6	441.7
33.5	6.6	183.6	10.9	3.7	441.7
6.4	12.2	216.3	10.9	4.5	441.7
19.9	11.8	38.9	11.0	5.9	441.7
46.7	5.2	33.1	11.0	1.5	441.7
14.4	3.0	34.0	11.0	2.1	441.7
11.6	1.5	43.8	11.0	0.9	441.7
3.9	3.4	144.6	11.1	2.1	441.7
11.3	4.7	63.4	11.1	1.8	441.7
0.3	7.1	184.4	11.1	3.5	441.7
20.4	10.6	229.7	11.1	4.9	441.7
13.0	10.4	54.7	11.2	4.1	441.7
0.0	4.4	409.4	11.2	4.5	441.7
1.5	5.9	370.0	11.2	3.9	441.7
16.0	7.6	54.3	11.3	2.5	441.7
0.2	10.2	287.6	11.3	5.5	441.7
0.0	5.1	428.3	11.3	3.4	441.7
0.0	11.0	415.2	11.3	5.9	441.7
0.1	11.5	180.2	11.4	5.6	441.7
0.0	4.1	429.2	11.4	3.7	441.7
4.6	11.1	358.5	11.4	6.0	441.7
0.2	8.9	86.7	11.5	5.1	441.7
0.0	5.9	431.7	11.5	4.6	441.7
0.0	8.7	448.1	11.5	6.0	442.2
0.0	15.1	449.3	11.6	7.6	442.2
0.0	16.8	451.4	11.6	8.3	442.2
4.2	18.0	310.7	11.6	8.4	442.2
0.0	18.4	458.0	11.6	7.9	442.2
0.0	20.3	454.4	11.7	9.4	442.2
0.0	23.3	451.9	11.7	10.0	442.2
11.0	21.2	170.8	11.7	11.0	442.2
3.8	4.2	51.7	11.8	1.5	442.2
20.4	4.8	115.1	11.8	3.4	442.2
4.6	6.2	43.7	11.8	3.5	442.2
25.8	10.2	97.5	11.9	3.3	442.2
2.6	11.6	182.6	11.9	5.7	442.2
10.8	6.9	52.7	11.9	2.5	442.2
14.2	6.3	42.2	12.0	1.7	442.2
0.9	8.0	252.6	12.0	3.9	442.2
29.4	9.7	39.9	12.0	4.1	442.2
6.9	9.0	162.2	12.0	3.5	442.2
18.8	9.2	98.2	12.1	3.3	442.2
7.0	9.2	53.2	12.1	2.6	442.2
5.6	8.3	56.8	12.1	4.5	442.2
0.5	5.7	217.6	12.2	4.3	442.2
0.0	5.4	313.0	12.2	4.1	442.2
0.0	8.1	335.6	12.2	5.3	442.2
20.2	9.5	278.4	12.3	4.6	442.2
33.5	10.9	25.9	12.3	3.2	442.2
10.3	12.9	131.7	12.3	4.7	442.2
0.2	9.1	151.7	12.3	5.5	442.2
0.0	7.7	411.0	12.4	5.5	442.2
0.2	6.1	235.2	12.4	5.6	442.2
0.0	5.5	551.3	12.4	4.1	442.2
0.0	7.2	565.0	12.5	5.1	442.6
0.0	12.4	562.4	12.5	7.9	442.6
0.0	15.3	557.6	12.5	9.2	442.6
0.0	22.6	519.9	12.6	10.6	442.6
1.3	23.3	534.3	12.6	12.0	442.6
9.0	16.2	500.1	12.6	9.5	442.6
18.6	8.5	43.8	12.7	2.1	442.6
9.1	9.0	48.4	12.7	2.6	442.6
4.2	12.9	69.5	12.7	5.8	442.6
0.0	20.3	384.8	12.7	9.4	442.6
5.6	20.2	344.1	12.8	10.1	442.6
0.1	13.7	398.4	12.8	6.2	442.6
35.7	9.2	48.9	12.8	4.4	442.6
34.6	9.5	42.5	12.9	3.0	442.6
31.5	9.9	55.2	12.9	2.7	442.6
8.2	9.9	48.1	12.9	2.2	442.6
7.7	9.0	76.6	12.9	3.0	442.6
3.4	8.8	64.4	13.0	3.3	442.6
0.3	9.6	145.8	13.0	4.0	442.6
0.1	11.1	372.6	13.0	7.0	442.6
1.6	11.9	530.9	13.1	6.9	442.6
13.3	14.7	60.8	13.1	9.0	442.6
12.3	19.2	62.5	13.1	6.8	442.6
7.0	17.8	225.6	13.1	5.6	442.6
20.7	17.7	90.0	13.2	6.4	442.6
0.0	9.1	576.8	13.2	7.8	442.6
0.0	12.2	631.7	13.2	7.5	442.6
0.0	16.5	622.7	13.2	8.9	442.6
0.0	19.7	564.3	13.3	10.7	442.6
1.5	18.0	594.3	13.3	10.6	442.6
0.0	19.9	619.5	13.3	9.9	443.1
0.0	22.8	610.7	13.4	10.4	443.1
1.4	24.2	594.5	13.4	12.6	443.1
0.2	16.9	349.4	13.4	8.2	443.1
1.4	15.7	257.1	13.4	6.5	443.1
2.1	23.5	495.9	13.5	11.7	443.1
8.5	23.2	231.9	13.5	8.9	443.1
15.9	21.4	100.9	13.5	9.3	443.1
14.0	16.0	62.9	13.5	6.4	443.1
11.6	12.5	111.2	13.5	5.1	443.1
2.0	12.3	313.9	13.6	7.1	443.1
0.0	13.0	398.6	13.6	6.4	443.1
9.9	10.9	92.5	13.6	5.5	443.1
1.1	12.3	85.6	13.6	5.3	443.1
0.0	15.9	538.5	13.7	7.9	443.1
0.1	17.6	628.0	13.7	10.2	443.1
0.0	19.6	567.9	13.7	9.7	443.1
0.0	20.9	611.9	13.7	11.4	443.1
0.0	22.6	629.0	13.7	12.1	443.1
16.1	23.3	559.7	13.8	9.5	443.1
6.5	22.8	108.2	13.8	5.5	443.1
1.4	25.2	460.2	13.8	8.0	443.1
36.5	25.3	435.6	13.8	8.2	443.1
0.0	27.4	610.7	13.8	9.6	443.1
0.9	27.5	532.1	13.8	10.8	443.1
7.3	20.3	109.0	13.9	10.1	443.1
8.1	14.0	74.2	13.9	5.7	443.1
3.9	16.3	457.7	13.9	8.0	443.1
0.8	17.3	353.6	13.9	7.8	443.1
0.0	21.0	637.2	13.9	9.8	443.1
0.8	22.9	625.2	13.9	11.2	443.1
0.0	24.2	570.9	13.9	10.7	442.0
12.1	24.9	562.9	14.0	9.4	442.0
15.8	25.1	493.3	14.0	9.2	442.0
40.2	24.9	326.7	14.0	8.4	442.0
19.9	24.3	149.3	14.0	8.9	442.0
15.6	24.5	464.4	14.0	9.6	442.0
6.7	25.9	598.7	14.0	10.1	442.0
11.8	25.8	513.5	14.0	9.1	442.0
7.6	25.9	415.3	14.0	8.9	442.0
15.8	26.8	457.6	14.0	10.1	442.0
9.3	27.5	503.1	14.0	10.2	442.0
19.7	25.3	533.9	14.1	12.9	442.0
0.0	22.3	647.2	14.1	10.0	442.0
0.0	20.1	550.2	14.1	10.0	442.0
0.0	20.8	647.2	14.1	11.4	442.0
0.1	21.6	654.1	14.1	11.3	442.0
0.0	24.0	656.3	14.1	11.1	442.0
0.0	25.2	645.0	14.1	11.6	442.0
0.0	26.7	626.8	14.1	11.3	442.0
0.0	24.1	502.3	14.1	11.8	442.0
0.0	25.6	619.3	14.1	10.9	442.0
0.1	25.9	657.6	14.1	12.8	442.0
0.0	26.5	419.4	14.1	10.5	442.0
0.1	26.3	593.5	14.1	10.3	442.0
4.4	22.8	80.6	14.1	8.2	442.0
33.2	25.6	439.1	14.1	9.5	442.0
0.6	27.3	463.1	14.1	10.2	442.0
14.1	27.4	517.6	14.1	9.8	442.0
13.8	25.8	123.7	14.1	6.2	442.0
0.2	27.3	409.0	14.1	10.6	442.0
22.1	25.4	171.4	14.1	5.6	439.2
23.1	25.1	103.9	14.0	7.8	439.2
19.7	25.2	220.5	14.0	6.0	439.2
1.3	25.8	266.2	14.0	7.9	439.2
3.4	25.4	100.5	14.0	6.4	439.2
3.8	25.4	137.4	14.0	5.8	439.2
1.6	26.3	310.2	14.0	8.2	439.2
14.5	26.4	354.0	14.0	8.7	439.2
16.9	26.7	553.5	14.0	9.2	439.2
6.3	27.1	606.4	14.0	10.6	439.2
0.0	27.8	627.1	14.0	10.3	439.2
2.8	27.7	624.5	13.9	11.1	439.2
8.0	27.3	624.2	13.9	11.6	439.2
12.4	26.5	562.7	13.9	10.2	439.2
19.4	25.7	368.4	13.9	7.9	439.2
6.3	26.1	301.0	13.9	8.0	439.2
10.9	26.2	423.4	13.9	8.9	439.2
6.5	26.3	451.0	13.9	8.6	439.2
0.7	27.6	545.1	13.8	9.7	439.2
0.5	28.2	585.1	13.8	9.9	439.2
22.7	27.0	491.0	13.8	9.3	439.2
8.3	27.6	536.0	13.8	11.3	439.2
0.3	28.2	489.9	13.8	11.2	439.2
4.8	28.1	623.7	13.8	12.5	439.2
0.2	29.1	624.0	13.7	12.4	439.2
0.4	29.6	576.0	13.7	11.4	439.2
4.0	29.1	496.9	13.7	11.0	439.2
0.0	29.9	549.0	13.7	11.4	439.2
0.0	30.2	553.1	13.7	10.8	439.2
0.1	30.5	517.6	13.6	10.0	439.2
0.2	30.1	391.8	13.6	9.0	439.2
0.0	28.5	212.3	13.6	9.0	436.8
0.0	28.6	470.8	13.6	10.2	436.8
0.0	27.8	195.4	13.5	8.9	436.8
0.3	26.0	207.2	13.5	6.5	436.8
17.8	26.0	337.2	13.5	9.4	436.8
12.4	25.9	432.8	13.5	9.4	436.8
9.8	25.9	541.0	13.5	9.8	436.8
11.1	26.2	522.3	13.4	9.8	436.8
8.4	26.6	545.5	13.4	9.7	436.8
10.7	27.0	568.9	13.4	11.0	436.8
0.1	27.5	590.7	13.4	10.3	436.8
1.1	28.1	583.5	13.3	10.3	436.8
0.1	28.8	584.2	13.3	10.2	436.8
0.0	29.0	584.0	13.3	10.9	436.8
0.8	29.1	582.3	13.3	11.1	436.8
0.1	29.6	580.5	13.2	11.0	436.8
0.0	29.6	579.3	13.2	11.2	436.8
0.0	29.9	570.0	13.2	11.0	436.8
0.4	29.4	554.6	13.1	11.7	436.8
1.0	29.0	574.4	13.1	10.5	436.8
0.0	29.7	571.5	13.1	10.6	436.8
4.8	28.7	550.4	13.1	11.7	436.8
13.9	28.3	516.4	13.0	11.3	436.8
10.8	27.3	542.3	13.0	9.7	436.8
13.4	27.4	496.9	13.0	9.1	436.8
0.5	27.5	338.3	13.0	8.5	436.8
0.1	27.6	479.3	12.9	9.5	436.8
0.1	27.7	511.9	12.9	9.5	436.8
0.8	27.5	448.1	12.9	8.5	436.8
0.4	26.6	80.3	12.8	5.2	436.8
2.5	28.0	452.8	12.8	8.3	436.8
0.1	28.7	492.7	12.8	9.3	436.4
0.1	28.8	531.6	12.8	9.7	436.4
0.0	29.1	533.2	12.7	10.2	436.4
0.0	29.8	527.2	12.7	10.5	436.4
13.3	27.7	507.9	12.7	10.3	436.4
14.5	26.6	378.2	12.6	8.4	436.4
15.4	26.3	480.5	12.6	8.9	436.4
8.8	26.3	464.0	12.6	8.3	436.4
14.5	25.4	390.2	12.5	7.9	436.4
0.3	24.9	363.7	12.5	7.8	436.4
0.0	22.3	156.6	12.5	6.1	436.4
0.0	21.7	151.9	12.5	6.7	436.4
0.0	23.2	483.0	12.4	8.5	436.4
0.1	24.3	483.4	12.4	8.2	436.4
0.0	22.4	334.9	12.4	7.4	436.4
0.0	21.2	509.9	12.3	8.3	436.4
0.0	21.4	509.9	12.3	8.9	436.4
0.0	21.1	500.7	12.3	9.5	436.4
0.0	21.5	514.5	12.2	9.7	436.4
0.0	21.6	510.6	12.2	10.1	436.4
0.0	21.7	510.5	12.2	10.1	436.4
0.0	22.7	502.5	12.2	9.6	436.4
0.0	22.6	495.9	12.1	10.3	436.4
0.0	22.9	482.3	12.1	10.0	436.4
0.0	23.3	481.0	12.1	9.9	436.4
0.0	23.4	343.5	12.0	7.6	436.4
0.0	20.6	201.5	12.0	7.2	436.4
0.0	18.1	325.0	12.0	6.9	436.4
0.0	20.6	451.2	11.9	8.1	436.4
0.0	21.1	455.3	11.9	7.7	436.4
0.0	19.9	313.5	11.9	7.2	436.8
0.0	21.8	404.7	11.9	7.4	436.8
0.0	20.5	323.6	11.8	7.7	436.8
0.0	17.9	466.4	11.8	7.6	436.8
0.0	18.2	464.9	11.8	8.1	436.8
0.0	19.0	460.9	11.7	8.1	436.8
0.0	20.4	452.5	11.7	8.1	436.8
0.0	21.0	445.5	11.7	8.0	436.8
0.0	20.8	433.5	11.6	7.9	436.8
0.0	19.4	405.6	11.6	7.0	436.8
0.0	16.5	449.2	11.6	6.7	436.8
0.0	14.9	451.6	11.6	7.0	436.8
0.0	16.3	447.8	11.5	8.1	436.8
0.0	17.7	442.1	11.5	7.6	436.8
0.0	18.6	423.2	11.5	7.6	436.8
0.0	16.6	395.2	11.4	6.1	436.8
0.0	16.1	336.7	11.4	6.3	436.8
0.0	15.4	420.9	11.4	6.8	436.8
0.0	16.0	421.7	11.4	7.3	436.8
0.0	17.4	413.5	11.3	7.6	436.8
0.0	18.3	379.0	11.3	7.4	436.8
0.0	18.8	384.7	11.3	7.1	436.8
0.0	19.2	392.0	11.2	6.6	436.8
0.0	18.7	362.8	11.2	7.0	436.8
0.0	17.2	365.2	11.2	5.2	436.8
0.0	15.8	320.9	11.2	5.8	436.8
0.0	15.3	383.7	11.1	5.9	436.8
0.0	15.9	333.7	11.1	6.0	436.8
0.0	16.8	376.0	11.1	6.8	436.8
0.0	14.3	384.2	11.0	6.4	436.8
0.0	13.6	193.3	11.0	5.6	436.8
0.0	16.3	368.1	11.0	7.1	438.6
0.0	18.6	304.4	11.0	6.4	438.6
0.0	18.2	350.1	10.9	5.1	438.6
1.7	19.8	223.7	10.9	6.1	438.6
9.2	15.3	23.5	10.9	3.3	438.6
2.1	12.3	28.9	10.9	2.7	438.6
31.1	12.9	40.2	10.8	2.3	438.6
2.9	13.2	41.7	10.8	2.1	438.6
0.6	13.0	53.9	10.8	2.5	438.6
1.4	16.9	148.9	10.8	4.6	438.6
3.5	19.1	152.2	10.7	4.3	438.6
2.1	18.0	76.9	10.7	3.3	438.6
8.2	17.8	212.1	10.7	6.9	438.6
0.0	3.8	228.1	10.7	2.7	438.6
0.0	3.6	339.8	10.6	2.3	438.6
4.1	2.5	73.8	10.6	2.4	438.6
0.0	1.9	333.4	10.6	2.3	438.6
0.0	3.9	342.7	10.6	3.4	438.6
0.0	4.5	335.9	10.6	3.6	438.6
0.7	4.5	96.5	10.5	3.0	438.6
0.0	2.5	334.8	10.5	2.8	438.6
0.0	5.3	184.4	10.5	2.9	438.6
0.0	6.0	323.9	10.5	3.6	438.6
0.0	6.0	319.3	10.5	3.6	438.6
0.0	6.9	277.6	10.4	4.1	438.6
0.0	11.2	299.0	10.4	4.5	438.6
0.0	11.0	97.6	10.4	4.5	438.6
0.7	13.8	260.0	10.4	5.3	438.6
6.4	7.2	31.6	10.4	3.2	438.6
0.0	3.3	265.4	10.4	2.9	438.6
0.0	4.1	315.8	10.3	3.0	440.7
0.0	4.9	297.3	10.3	3.4	440.7
0.0	8.1	282.5	10.3	4.1	440.7
0.0	12.3	284.6	10.3	5.1	440.7
0.0	13.8	164.9	10.3	4.5	440.7
8.8	10.0	41.7	10.3	3.5	440.7
1.2	0.8	54.9	10.3	2.3	440.7
0.0	0.5	301.0	10.3	2.1	440.7
0.0	2.6	293.1	10.2	2.7	440.7
0.0	4.1	283.1	10.2	2.9	440.7
0.0	6.2	150.7	10.2	2.6	440.7
3.9	8.3	233.7	10.2	3.2	440.7
10.7	8.1	45.4	10.2	1.8	440.7
0.6	6.9	40.8	10.2	1.8	440.7
25.5	8.5	137.9	10.2	2.6	440.7
12.1	7.2	23.2	10.2	2.2	440.7
0.3	3.6	95.8	10.2	2.2	440.7
0.0	3.8	290.9	10.2	2.6	440.7
0.3	4.3	96.3	10.2	2.1	440.7
0.1	4.3	236.4	10.2	3.1	440.7
0.3	2.7	221.9	10.2	3.1	440.7
0.1	3.3	236.1	10.2	3.3	440.7
0.1	3.2	249.3	10.2	3.4	440.7
0.2	4.4	270.0	10.2	3.6	440.7
0.0	1.5	242.4	10.2	2.5	440.7
0.0	1.0	293.6	10.2	2.4	440.7
0.0	3.1	274.1	10.2	3.0	440.7
0.0	4.7	298.9	10.2	3.6	440.7
0.0	0.6	297.0	10.2	2.5	440.7
0.0	2.0	300.2	10.2	3.3	440.7
0.0	4.7	298.7	10.2	3.6	440.7
0.0	3.0	302.9	10.2	3.3	442.8
0.0	4.4	305.0	10.2	3.5	442.8
0.0	7.3	294.9	10.2	4.6	442.8
0.0	9.0	296.1	10.2	4.6	442.8
0.0	12.8	294.1	10.3	5.2	442.8
1.1	12.1	207.7	10.3	5.8	442.8
0.4	6.3	105.9	10.3	1.7	442.8
5.3	12.6	66.0	10.3	3.9	442.8
6.6	10.5	58.8	10.3	5.1	442.8
2.4	0.9	99.1	10.3	1.2	442.8
5.8	0.8	54.1	10.3	1.4	442.8
0.8	-1.7	134.1	10.3	1.7	442.8
0.0	-3.4	298.7	10.4	1.9	442.8
0.7	-2.9	241.7	10.4	1.6	442.8
0.5	-2.0	187.3	10.4	2.0	442.8
0.0	-1.8	321.0	10.4	2.4	442.8
0.0	-2.0	326.9	10.4	2.5	442.8
0.0	-2.8	318.1	10.4	2.3	442.8
0.0	1.2	328.8	10.5	3.2	442.8
0.0	0.8	327.8	10.5	2.6	442.8
0.0	2.4	334.1	10.5	3.4	442.8
0.0	5.4	196.4	10.5	3.4	442.8
16.6	8.8	179.5	10.5	4.1	442.8
9.8	3.4	37.2	10.6	1.9	442.8
0.6	1.3	125.7	10.6	2.0	442.8
6.5	2.2	254.2	10.6	2.1	442.8
6.2	4.6	20.1	10.6	1.9	442.8
3.4	4.3	81.2	10.6	1.6	442.8
0.1	5.0	334.3	10.7	3.9	442.8
7.5	7.4	298.3	10.7	4.0	442.8
0.9	7.3	143.8	10.7	3.2	442.8
2.3	5.0	69.3	10.7	1.9	443.9
15.9	5.8	20.7	10.8	2.8	443.9
28.9	4.1	20.9	10.8	1.3	443.9
1.1	4.4	90.9	10.8	2.7	443.9
0.0	-2.1	222.1	10.8	2.2	443.9
0.0	0.2	382.2	10.9	2.8	443.9
0.0	3.3	374.6	10.9	3.7	443.9
0.0	4.5	375.8	10.9	4.0	443.9
35.8	6.5	69.9	10.9	2.7	443.9
12.6	8.2	27.6	11.0	2.6	443.9
1.8	6.1	47.3	11.0	2.4	443.9
0.1	4.9	158.3	11.0	3.0	443.9
0.1	3.1	386.8	11.1	3.3	443.9
0.0	3.2	379.0	11.1	3.0	443.9
0.0	3.6	143.5	11.1	2.8	443.9
0.0	4.6	366.8	11.1	3.0	443.9
3.6	3.4	80.1	11.2	2.1	443.9
0.2	3.5	181.0	11.2	3.3	443.9
0.4	11.3	361.9	11.2	5.9	443.9
4.5	15.0	85.0	11.3	4.7	443.9
7.9	5.5	15.7	11.3	4.4	443.9
6.3	3.2	24.2	11.3	1.2	443.9
10.0	2.1	30.7	11.3	1.6	443.9
13.1	2.5	28.6	11.4	2.1	443.9
13.1	5.6	30.4	11.4	2.4	443.9
7.1	7.3	65.5	11.4	3.4	443.9
14.3	4.8	64.0	11.5	4.2	443.9
20.3	-0.6	44.3	11.5	0.9	443.9
14.9	-1.4	55.5	11.5	1.6	444.5
0.0	-1.8	308.5	11.5	2.6	444.5
0.0	0.8	455.4	11.6	3.6	444.5
0.3	5.3	405.9	11.6	4.7	444.5
0.0	6.3	455.7	11.6	4.6	444.5
11.9	5.9	131.0	11.7	3.1	444.5
20.1	6.0	33.9	11.7	2.4	444.5
21.3	8.9	32.2	11.7	3.1	444.5
9.9	8.5	41.9	11.8	2.3	444.5
3.0	6.1	72.7	11.8	2.9	444.5
0.7	6.5	277.4	11.8	4.0	444.5
4.7	4.5	50.6	11.9	2.0	444.5
9.7	6.3	42.2	11.9	2.3	444.5
2.4	8.2	101.4	11.9	3.3	444.5
4.8	10.4	121.0	11.9	4.3	444.5
1.3	17.4	428.4	12.0	8.2	444.5
0.2	20.2	272.4	12.0	7.7	444.5
19.2	18.4	206.0	12.0	7.9	444.5
9.0	12.6	45.0	12.1	4.0	444.5
0.8	11.0	226.8	12.1	5.4	444.5
10.1	10.9	215.5	12.1	4.5	444.5
0.6	10.4	368.4	12.2	6.4	444.5
17.7	13.7	402.3	12.2	7.6	444.5
8.0	14.4	100.4	12.2	5.8	444.5
27.8	14.1	132.5	12.2	5.0	444.5
1.1	12.1	70.5	12.3	3.8	444.5
7.3	9.5	112.9	12.3	4.3	444.5
20.3	5.6	48.0	12.3	2.4	444.5
3.7	6.1	40.6	12.4	2.4	444.5
1.3	8.6	318.4	12.4	4.7	444.5
0.0	11.6	552.8	12.4	6.5	444.5
11.6	15.6	523.3	12.5	8.0	444.8
16.3	16.1	39.0	12.5	4.8	444.8
10.1	19.2	68.7	12.5	6.1	444.8
10.2	11.6	84.0	12.6	8.8	444.8
0.0	6.9	514.2	12.6	5.5	444.8
0.0	12.8	572.0	12.6	7.3	444.8
6.1	15.2	380.1	12.6	6.8	444.8
16.5	11.9	68.9	12.7	4.9	444.8
18.8	11.7	380.4	12.7	6.0	444.8
1.0	11.1	85.5	12.7	4.0	444.8
0.0	14.0	583.8	12.8	8.2	444.8
0.0	15.8	581.1	12.8	8.9	444.8
0.0	18.8	575.2	12.8	9.4	444.8
23.9	19.4	186.3	12.8	6.4	444.8
1.2	19.4	300.8	12.9	9.3	444.8
0.0	12.0	349.8	12.9	5.5	444.8
0.0	14.9	600.2	12.9	8.5	444.8
6.5	17.7	521.9	13.0	9.2	444.8
1.0	13.2	91.1	13.0	4.4	444.8
0.0	12.9	489.1	13.0	8.2	444.8
0.0	14.8	615.8	13.0	9.4	444.8
0.0	16.5	615.3	13.1	9.9	444.8
0.6	21.5	474.9	13.1	10.2	444.8
1.3	23.3	469.6	13.1	9.7	444.8
0.7	23.0	456.9	13.2	10.8	444.8
0.0	23.1	572.6	13.2	11.2	444.8
1.6	24.7	563.9	13.2	10.6	444.8
0.0	27.0	582.5	13.2	9.3	444.8
0.0	27.6	580.3	13.3	9.4	444.8
12.7	26.2	544.3	13.3	14.8	444.8
3.3	11.9	64.6	13.3	6.0	445.3
1.2	11.8	89.5	13.3	4.0	445.3
4.1	15.7	81.5	13.4	6.2	445.3
10.9	16.0	73.7	13.4	6.2	445.3
5.7	14.1	91.6	13.4	4.0	445.3
0.5	16.1	374.7	13.4	7.9	445.3
13.1	19.9	235.3	13.5	8.9	445.3
0.1	17.9	376.4	13.5	7.8	445.3
20.1	16.6	306.4	13.5	5.3	445.3
1.4	20.1	170.2	13.5	7.7	445.3
0.0	21.9	501.9	13.6	9.7	445.3
0.1	21.8	370.4	13.6	10.5	445.3
0.1	22.5	560.3	13.6	11.5	445.3
4.9	23.5	431.3	13.6	9.6	445.3
18.5	21.6	71.7	13.7	4.4	445.3
3.6	21.3	405.7	13.7	12.9	445.3
0.1	14.5	540.4	13.7	7.7	445.3
0.0	19.3	601.2	13.7	9.1	445.3
0.0	19.0	568.6	13.7	10.0	445.3
0.0	20.3	635.2	13.8	11.1	445.3
0.0	22.0	628.6	13.8	11.1	445.3
0.0	23.2	607.0	13.8	13.0	445.3
0.0	17.1	650.2	13.8	8.9	445.3
0.5	20.9	451.3	13.8	9.6	445.3
17.4	20.2	76.5	13.8	4.7	445.3
0.2	22.6	496.9	13.9	10.4	445.3
0.1	24.4	633.6	13.9	12.1	445.3
0.0	25.1	639.7	13.9	11.6	445.3
3.3	25.4	596.4	13.9	11.0	445.3
9.7	24.6	408.0	13.9	9.2	445.3
0.6	22.1	407.9	13.9	11.6	445.3
0.0	20.0	523.5	13.9	8.3	444.3
0.0	21.0	647.7	14.0	10.0	444.3
0.2	24.7	538.2	14.0	10.9	444.3
0.4	26.1	408.8	14.0	10.5	444.3
14.9	25.9	527.6	14.0	10.1	444.3
8.9	24.4	329.7	14.0	9.1	444.3
0.3	25.2	493.0	14.0	10.5	444.3
0.0	23.0	641.5	14.0	9.7	444.3
0.0	23.4	304.5	14.0	8.7	444.3
2.1	22.0	288.4	14.0	7.3	444.3
2.0	22.0	129.5	14.0	6.3	444.3
2.4	21.6	38.2	14.1	3.1	444.3
2.8	22.1	77.8	14.1	4.2	444.3
14.9	22.3	61.2	14.1	3.5	444.3
3.9	24.1	137.9	14.1	7.3	444.3
6.1	21.9	151.7	14.1	10.0	444.3
0.0	20.7	427.9	14.1	8.1	444.3
0.0	21.3	434.1	14.1	9.6	444.3
0.0	22.8	526.4	14.1	10.7	444.3
0.1	23.9	576.0	14.1	9.6	444.3
0.7	23.5	156.6	14.1	6.4	444.3
1.9	22.4	187.5	14.1	7.4	444.3
1.2	22.5	406.0	14.1	8.8	444.3
1.6	24.5	477.8	14.1	9.9	444.3
21.3	22.5	57.8	14.1	4.3	444.3
1.1	23.4	415.4	14.1	10.1	444.3
0.8	24.7	542.1	14.1	11.2	444.3
0.4	25.9	576.5	14.1	10.7	444.3
76.7	24.2	125.6	14.1	6.0	444.3
25.8	24.0	170.1	14.1	7.0	444.3
0.2	24.8	537.4	14.1	10.0	441.4
0.1	24.6	392.3	14.0	9.3	441.4
4.9	25.1	287.5	14.0	8.7	441.4
15.7	25.7	410.0	14.0	9.2	441.4
1.2	26.8	480.8	14.0	10.1	441.4
23.1	25.9	488.4	14.0	8.0	441.4
9.4	26.4	485.6	14.0	10.2	441.4
0.3	27.6	574.9	14.0	10.8	441.4
0.0	28.4	634.4	14.0	11.4	441.4
0.0	29.0	615.5	14.0	11.9	441.4
0.0	29.4	641.7	14.0	12.4	441.4
0.0	28.9	645.5	14.0	12.9	441.4
0.0	28.8	645.2	13.9	11.6	441.4
0.0	29.2	628.5	13.9	11.3	441.4
1.6	29.0	589.6	13.9	11.4	441.4
0.0	29.2	632.4	13.9	11.0	441.4
0.0	29.5	629.6	13.9	11.5	441.4
0.1	29.6	495.9	13.9	11.5	441.4
0.0	29.7	632.7	13.8	12.7	441.4
0.0	29.6	597.3	13.8	12.2	441.4
0.9	28.6	400.7	13.8	11.5	441.4
2.4	28.7	619.7	13.8	12.0	441.4
8.1	27.5	606.6	13.8	10.7	441.4
0.2	28.9	576.3	13.8	11.5	441.4
3.2	28.4	606.8	13.7	12.1	441.4
6.7	27.6	599.3	13.7	12.1	441.4
0.1	28.7	583.0	13.7	12.0	441.4
1.7	28.6	567.9	13.7	12.6	441.4
5.2	27.8	596.9	13.7	11.8	441.4
10.8	27.1	580.7	13.6	11.8	441.4
13.0	27.0	539.2	13.6	11.2	441.4
13.5	26.6	590.2	13.6	11.2	439.1
23.1	26.3	550.0	13.6	8.9	439.1
1.6	26.9	552.0	13.6	9.9	439.1
3.1	26.7	554.6	13.5	9.7	439.1
8.1	26.4	525.7	13.5	10.1	439.1
14.0	26.4	469.5	13.5	8.9	439.1
15.7	25.8	345.8	13.5	8.7	439.1
11.6	26.0	491.3	13.4	10.5	439.1
7.9	26.3	558.5	13.4	9.7	439.1
8.7	26.6	482.4	13.4	9.6	439.1
5.3	26.8	574.4	13.4	10.9	439.1
4.5	26.8	565.2	13.3	10.6	439.1
11.4	26.6	493.8	13.3	9.7	439.1
15.7	26.5	409.4	13.3	8.9	439.1
11.8	26.4	442.4	13.3	9.7	439.1
2.0	27.0	552.5	13.2	10.0	439.1
0.0	27.6	576.8	13.2	9.8	439.1
0.4	28.1	549.3	13.2	10.4	439.1
14.9	26.9	527.2	13.2	10.6	439.1
19.5	26.0	483.1	13.1	8.8	439.1
18.3	26.0	455.4	13.1	8.6	439.1
11.3	26.7	509.5	13.1	9.4	439.1
6.0	26.6	494.8	13.0	8.1	439.1
9.1	25.7	432.3	13.0	8.6	439.1
9.4	25.3	440.2	13.0	8.6	439.1
18.8	25.4	421.9	13.0	8.3	439.1
19.9	24.9	351.0	12.9	7.8	439.1
11.9	25.4	361.3	12.9	8.2	439.1
12.2	26.1	462.3	12.9	9.9	439.1
11.9	26.0	492.6	12.8	9.3	439.1
7.3	26.0	510.6	12.8	9.5	439.1
9.6	26.0	453.5	12.8	9.2	438.6
6.5	26.0	490.0	12.8	8.6	438.6
1.9	26.3	444.5	12.7	7.6	438.6
10.2	26.0	295.7	12.7	6.0	438.6
2.1	25.5	130.2	12.7	5.5	438.6
31.2	25.0	229.6	12.6	6.0	438.6
13.8	24.9	212.6	12.6	5.9	438.6
17.0	25.1	339.6	12.6	6.6	438.6
27.4	25.1	315.4	12.6	8.5	438.6
0.5	20.1	179.4	12.5	7.2	438.6
0.1	19.8	506.4	12.5	8.4	438.6
0.2	20.5	486.7	12.5	9.0	438.6
0.1	20.7	528.4	12.4	9.3	438.6
0.0	21.5	523.0	12.4	8.8	438.6
0.0	20.8	399.1	12.4	8.8	438.6
0.0	21.8	516.3	12.3	10.0	438.6
0.0	23.0	498.7	12.3	9.5	438.6
0.0	21.8	144.2	12.3	7.2	438.6
0.0	22.4	493.4	12.3	9.2	438.6
0.0	22.7	493.7	12.2	8.6	438.6
0.0	21.9	491.2	12.2	8.4	438.6
0.0	23.4	489.9	12.2	8.7	438.6
0.2	24.6	456.8	12.1	8.5	438.6
0.1	24.2	481.0	12.1	8.7	438.6
0.4	24.8	428.3	12.1	7.9	438.6
0.0	24.6	453.3	12.0	8.6	438.6
0.0	22.8	469.5	12.0	8.1	438.6
0.0	22.7	476.4	12.0	8.3	438.6
0.1	22.9	460.8	12.0	8.3	438.6
0.7	24.4	398.1	11.9	7.5	438.6
0.7	21.4	169.7	11.9	7.1	439.0
0.0	19.0	480.0	11.9	7.7	439.0
0.0	19.4	471.9	11.8	8.3	439.0
0.0	20.8	437.7	11.8	7.3	439.0
0.0	19.3	114.2	11.8	6.1	439.0
0.0	21.2	360.0	11.7	7.6	439.0
0.0	24.1	383.8	11.7	7.9	439.0
0.0	21.6	110.2	11.7	7.1	439.0
0.0	23.3	331.5	11.7	7.7	439.0
0.0	23.4	198.6	11.6	6.2	439.0
0.1	22.4	103.1	11.6	5.7	439.0
0.0	22.7	427.5	11.6	8.1	439.0
0.3	22.6	351.4	11.5	7.3	439.0
2.2	16.0	73.9	11.5	5.8	439.0
0.2	16.9	348.5	11.5	5.3	439.0
0.1	14.5	108.2	11.4	5.3	439.0
0.0	15.6	246.0	11.4	5.4	439.0
0.0	16.2	419.0	11.4	7.1	439.0
0.0	16.7	418.9	11.4	7.3	439.0
0.0	17.3	417.4	11.3	7.1	439.0
0.0	17.3	372.5	11.3	7.5	439.0
0.0	17.6	405.9	11.3	7.6	439.0
0.0	18.4	406.5	11.2	7.3	439.0
0.0	19.9	390.1	11.2	7.7	439.0
0.0	20.5	388.5	11.2	7.0	439.0
0.0	22.9	375.3	11.2	7.0	439.0
0.0	24.1	313.1	11.1	6.6	439.0
1.5	23.4	357.9	11.1	8.0	439.0
0.0	15.5	380.1	11.1	6.1	439.0
0.0	9.0	404.8	11.0	4.6	439.0
0.0	9.7	402.0	11.0	5.0	439.0
0.0	13.4	381.3	11.0	6.4	440.8
0.0	15.9	357.7	11.0	5.8	440.8
0.0	10.3	179.6	10.9	3.9	440.8
0.0	10.6	362.3	10.9	4.2	440.8
0.0	10.9	308.7	10.9	5.3	440.8
0.0	4.6	389.5	10.9	3.5	440.8
0.0	8.4	373.4	10.8	4.7	440.8
0.0	9.7	125.7	10.8	4.0	440.8
0.0	10.8	217.9	10.8	5.2	440.8
0.0	7.2	370.7	10.8	4.3	440.8
0.0	9.3	362.2	10.7	4.9	440.8
0.0	11.3	352.3	10.7	5.5	440.8
0.0	12.4	352.2	10.7	6.2	440.8
0.0	13.5	346.3	10.7	6.0	440.8
0.0	14.9	342.9	10.6	5.8	440.8
0.0	8.0	349.9	10.6	4.0	440.8
0.0	9.9	343.3	10.6	4.9	440.8
0.0	11.1	340.5	10.6	5.5	440.8
0.0	10.8	335.9	10.6	5.1	440.8
0.0	12.1	331.7	10.5	5.3	440.8
0.0	13.0	161.0	10.5	4.5	440.8
0.0	14.9	310.1	10.5	5.5	440.8
0.0	11.1	327.3	10.5	4.7	440.8
0.0	10.0	331.9	10.5	4.1	440.8
0.0	10.8	323.0	10.4	5.1	440.8
0.0	12.5	320.0	10.4	5.1	440.8
0.0	13.8	240.5	10.4	4.8	440.8
0.0	13.0	313.8	10.4	4.4	440.8
0.0	16.4	307.8	10.4	5.5	440.8
1.7	16.5	279.6	10.4	5.7	440.8
1.5	8.6	27.3	10.3	2.4	442.9
0.0	7.2	275.5	10.3	2.8	442.9
0.0	10.6	229.5	10.3	3.8	442.9
0.0	12.1	193.1	10.3	3.7	442.9
0.2	10.7	105.2	10.3	2.7	442.9
14.8	7.3	42.8	10.3	1.5	442.9
13.5	8.6	26.9	10.3	1.8	442.9
2.7	8.7	49.3	10.3	1.9	442.9
0.4	6.3	75.2	10.2	2.6	442.9
0.0	4.4	296.1	10.2	3.1	442.9
0.0	1.5	301.2	10.2	2.3	442.9
0.0	1.7	304.9	10.2	2.4	442.9
0.0	4.0	306.4	10.2	3.3	442.9
0.0	4.3	302.7	10.2	3.3	442.9
0.0	6.1	298.1	10.2	3.8	442.9
0.1	8.7	205.4	10.2	4.0	442.9
0.0	10.8	266.5	10.2	4.4	442.9
0.0	10.5	115.0	10.2	4.1	442.9
0.0	6.8	301.8	10.2	4.1	442.9
0.0	6.5	304.0	10.2	4.2	442.9
0.0	7.4	294.7	10.2	3.9	442.9
0.0	8.0	288.3	10.2	3.8	442.9
0.1	6.4	118.6	10.2	2.8	442.9
0.0	3.9	245.2	10.2	3.0	442.9
0.0	5.2	292.7	10.2	3.4	442.9
0.0	10.2	281.2	10.2	4.7	442.9
1.0	12.3	130.9	10.2	3.7	442.9
0.0	14.9	214.2	10.2	5.1	442.9
15.1	2.5	29.0	10.2	3.5	442.9
0.0	-1.0	305.8	10.2	2.1	442.9
0.8	1.0	297.4	10.2	2.4	442.9
0.8	-1.5	73.1	10.2	1.4	445.0
0.0	-2.1	308.1	10.2	1.7	445.0
0.0	0.6	303.2	10.2	2.3	445.0
0.0	2.1	302.3	10.2	3.1	445.0
0.0	-1.9	249.8	10.3	1.9	445.0
0.0	-2.2	310.4	10.3	2.0	445.0
0.0	-1.0	312.7	10.3	2.6	445.0
0.0	0.7	312.4	10.3	2.9	445.0
0.0	4.4	212.0	10.3	3.4	445.0
0.0	0.6	318.4	10.3	2.3	445.0
0.0	2.2	317.3	10.3	2.6	445.0
0.0	-1.4	322.9	10.3	2.3	445.0
0.0	1.4	315.1	10.4	2.8	445.0
0.0	4.8	290.2	10.4	4.0	445.0
0.0	-5.2	322.5	10.4	1.6	445.0
0.0	-2.6	281.0	10.4	2.0	445.0
0.0	2.1	152.8	10.4	2.3	445.0
1.8	2.6	62.6	10.4	2.0	445.0
0.0	2.4	226.1	10.5	3.5	445.0
0.0	0.3	216.1	10.5	2.2	445.0
0.3	3.9	55.9	10.5	2.3	445.0
4.2	1.5	23.2	10.5	2.1	445.0
0.1	-2.6	161.2	10.5	2.0	445.0
7.5	-1.0	173.3	10.6	2.0	445.0
0.5	-1.5	130.6	10.6	2.0	445.0
0.1	1.4	251.0	10.6	3.4	445.0
0.1	6.9	314.5	10.6	4.9	445.0
0.8	9.3	109.2	10.6	3.8	445.0
2.9	12.2	69.4	10.7	3.7	445.0
15.7	8.3	42.6	10.7	4.3	445.0
5.0	1.8	33.4	10.7	1.7	445.0
0.4	2.2	116.1	10.7	2.2	446.1
0.0	3.0	270.0	10.8	3.1	446.1
0.0	5.3	286.6	10.8	3.6	446.1
37.9	9.5	212.1	10.8	3.9	446.1
17.7	2.9	23.5	10.8	3.0	446.1
0.8	-0.9	173.4	10.9	2.9	446.1
0.0	-3.5	353.1	10.9	1.7	446.1
0.0	-2.1	212.0	10.9	2.2	446.1
6.0	-0.4	183.2	10.9	2.3	446.1
2.3	-4.1	83.3	11.0	1.5	446.1
0.0	-4.8	349.3	11.0	1.6	446.1
0.0	-4.2	131.1	11.0	1.3	446.1
9.6	-2.4	102.3	11.0	1.4	446.1
0.4	-0.6	163.6	11.1	1.8	446.1
0.4	2.6	266.8	11.1	3.2	446.1
4.0	2.1	49.5	11.1	1.8	446.1
1.6	4.7	229.4	11.2	3.6	446.1
0.5	5.2	275.8	11.2	3.3	446.1
0.8	1.7	118.5	11.2	2.0	446.1
14.1	3.5	202.8	11.2	2.6	446.1
21.3	4.1	44.2	11.3	2.3	446.1
1.4	2.7	116.7	11.3	2.9	446.1
0.0	0.6	279.1	11.3	3.2	446.1
0.0	4.2	434.2	11.4	4.4	446.1
0.0	6.5	237.5	11.4	4.3	446.1
0.0	8.5	350.6	11.4	5.0	446.1
0.0	7.4	441.5	11.5	4.7	446.1
3.2	8.3	156.9	11.5	4.2	446.1
12.1	5.3	36.1	11.5	2.6	446.7
7.6	8.9	209.0	11.5	4.6	446.7
31.0	7.4	27.0	11.6	2.9	446.7
1.4	4.8	55.9	11.6	2.2	446.7
0.0	2.7	156.0	11.6	3.4	446.7
0.0	4.1	469.5	11.7	4.3	446.7
0.0	7.7	419.3	11.7	5.3	446.7
0.0	8.8	473.8	11.7	5.8	446.7
0.0	11.8	489.3	11.8	5.9	446.7
0.0	9.9	491.1	11.8	6.5	446.7
0.0	16.4	437.0	11.8	8.7	446.7
0.0	19.2	472.1	11.8	9.4	446.7
4.2	22.8	324.4	11.9	9.5	446.7
3.4	12.9	42.1	11.9	5.9	446.7
1.5	10.3	130.1	11.9	4.6	446.7
5.4	11.2	149.2	12.0	3.7	446.7
37.8	8.4	44.3	12.0	4.1	446.7
0.9	8.3	215.9	12.0	4.5	446.7
0.0	9.9	471.8	12.1	6.1	446.7
0.0	11.6	365.3	12.1	6.4	446.7
0.0	4.8	324.1	12.1	4.7	446.7
0.0	3.0	532.1	12.2	4.6	446.7
4.7	9.1	438.7	12.2	6.2	446.7
0.0	7.3	347.1	12.2	5.7	446.7
0.0	3.9	546.1	12.2	5.0	446.7
0.1	9.8	484.7	12.3	6.6	446.7
5.7	12.4	321.6	12.3	6.5	446.7
21.5	10.8	46.2	12.3	3.0	446.7
0.5	11.1	200.8	12.4	6.0	446.7
0.1	13.6	493.9	12.4	7.9	446.7
23.8	14.8	318.7	12.4	7.3	446.7
15.7	15.5	78.3	12.5	6.8	447.0
5.7	22.4	396.3	12.5	7.8	447.0
7.5	13.9	70.9	12.5	9.0	447.0
0.2	13.2	438.7	12.5	6.3	447.0
0.1	15.8	532.1	12.6	7.8	447.0
3.4	19.6	449.4	12.6	9.4	447.0
8.0	15.3	47.1	12.6	8.1	447.0
21.1	9.1	49.3	12.7	2.9	447.0
0.7	11.6	276.7	12.7	6.1	447.0
45.5	15.6	70.0	12.7	7.3	447.0
7.5	11.4	106.9	12.8	4.5	447.0
27.2	13.3	80.3	12.8	5.3	447.0
9.4	19.1	153.3	12.8	7.7	447.0
29.9	13.7	54.6	12.8	9.2	447.0
0.0	10.9	502.0	12.9	7.0	447.0
0.0	11.4	429.1	12.9	6.3	447.0
0.6	15.3	504.1	12.9	7.9	447.0
6.8	13.8	103.6	13.0	4.3	447.0
1.5	13.8	142.3	13.0	5.1	447.0
0.6	13.5	374.8	13.0	7.7	447.0
0.6	15.6	429.7	13.0	7.8	447.0
2.8	15.6	134.3	13.1	5.4	447.0
4.7	18.1	263.8	13.1	7.9	447.0
42.4	7.2	68.1	13.1	8.0	447.0
0.0	7.0	631.8	13.2	6.2	447.0
0.1	9.5	621.4	13.2	7.8	447.0
0.0	14.3	595.6	13.2	9.3	447.0
0.1	17.2	426.7	13.2	8.4	447.0
0.4	21.3	311.6	13.3	8.9	447.0
1.5	22.7	213.9	13.3	5.9	447.0
7.2	25.3	563.0	13.3	9.4	447.5
36.9	12.8	56.1	13.3	10.7	447.5
3.8	10.6	224.3	13.4	6.7	447.5
0.2	13.0	565.6	13.4	7.7	447.5
0.0	10.9	652.4	13.4	7.7	447.5
0.0	13.7	620.5	13.4	8.2	447.5
0.0	15.7	515.5	13.5	8.2	447.5
3.9	16.8	199.1	13.5	6.0	447.5
0.7	17.3	95.3	13.5	5.1	447.5
0.1	17.6	456.9	13.5	8.9	447.5
2.9	20.2	558.4	13.6	10.6	447.5
9.5	18.5	50.5	13.6	4.4	447.5
1.7	19.4	94.9	13.6	6.5	447.5
2.6	22.7	511.6	13.6	9.8	447.5
15.4	22.8	356.3	13.6	7.4	447.5
2.3	23.8	397.4	13.7	9.1	447.5
12.6	23.7	366.5	13.7	9.7	447.5
19.9	23.1	527.7	13.7	9.9	447.5
12.2	21.7	256.0	13.7	7.6	447.5
22.6	22.1	74.1	13.7	6.7	447.5
0.7	21.0	153.6	13.8	5.4	447.5
1.0	22.5	272.2	13.8	8.0	447.5
15.8	23.5	339.9	13.8	8.5	447.5
13.1	23.9	440.8	13.8	10.4	447.5
13.5	24.0	459.2	13.8	9.7	447.5
2.8	24.3	571.9	13.9	11.0	447.5
12.6	24.0	532.7	13.9	8.9	447.5
22.1	24.4	411.2	13.9	7.9	447.5
28.4	23.1	167.8	13.9	8.0	447.5
0.7	24.2	361.2	13.9	7.9	447.5
14.7	25.4	474.0	13.9	10.5	447.5
11.8	25.9	467.8	13.9	9.6	446.4
29.5	22.1	410.5	14.0	11.4	446.4
0.2	20.0	475.2	14.0	10.3	446.4
0.0	20.3	654.9	14.0	10.7	446.4
0.0	21.7	400.3	14.0	8.5	446.4
30.6	21.6	126.7	14.0	5.8	446.4
1.7	22.8	309.8	14.0	8.9	446.4
3.5	23.6	422.9	14.0	8.9	446.4
0.5	21.8	224.6	14.0	8.3	446.4
0.1	21.5	567.5	14.0	11.3	446.4
0.0	21.6	652.5	14.0	11.7	446.4
1.0	23.0	573.0	14.1	8.9	446.4
0.9	23.6	449.8	14.1	9.7	446.4
3.0	25.0	631.1	14.1	11.6	446.4
0.1	26.4	617.1	14.1	11.4	446.4
2.2	26.5	494.1	14.1	10.6	446.4
16.8	25.2	410.3	14.1	10.2	446.4
10.1	23.6	453.1	14.1	8.9	446.4
0.3	21.9	481.4	14.1	9.9	446.4
0.0	21.7	372.7	14.1	9.0	446.4
0.1	22.7	551.0	14.1	9.4	446.4
0.2	22.3	453.5	14.1	9.7	446.4
0.0	23.9	581.3	14.1	9.4	446.4
34.2	24.1	248.2	14.1	7.9	446.4
20.2	22.9	60.3	14.1	4.9	446.4
19.4	23.0	40.4	14.1	3.7	446.4
2.2	23.0	60.2	14.1	4.5	446.4
0.8	24.9	235.9	14.1	7.9	446.4
15.0	26.4	418.6	14.1	9.8	446.4
10.8	25.2	360.6	14.1	8.4	446.4
3.3	23.9	76.0	14.1	6.2	443.6
8.4	24.4	117.8	14.1	6.5	443.6
7.9	24.0	82.2	14.0	4.5	443.6
21.1	24.3	147.9	14.0	7.8	443.6
13.4	25.8	483.6	14.0	9.9	443.6
12.3	26.5	540.6	14.0	8.8	443.6
8.0	26.7	503.7	14.0	10.1	443.6
14.0	26.4	492.0	14.0	10.0	443.6
14.3	26.4	396.5	14.0	9.5	443.6
23.8	25.8	273.4	14.0	8.4	443.6
41.1	24.4	142.2	14.0	7.2	443.6
7.1	23.7	182.0	14.0	7.8	443.6
0.4	23.8	507.5	13.9	10.0	443.6
0.1	24.7	477.0	13.9	9.8	443.6
0.0	26.7	463.8	13.9	10.9	443.6
2.7	27.2	588.3	13.9	10.2	443.6
12.4	26.8	519.7	13.9	10.1	443.6
13.3	26.1	372.0	13.9	9.7	443.6
6.9	26.2	619.8	13.9	10.7	443.6
8.2	26.1	603.0	13.8	9.7	443.6
9.5	26.5	587.8	13.8	10.5	443.6
8.2	26.8	594.8	13.8	10.4	443.6
11.9	26.8	507.4	13.8	10.0	443.6
15.1	26.6	325.0	13.8	8.5	443.6
18.5	25.0	312.8	13.7	9.5	443.6
16.4	25.0	325.1	13.7	9.5	443.6
5.0	26.0	540.8	13.7	9.6	443.6
0.5	26.3	403.5	13.7	9.2	443.6
0.0	26.5	400.7	13.7	9.8	443.6
11.1	26.5	504.9	13.6	10.1	443.6
14.3	26.1	402.9	13.6	9.1	443.6
9.3	26.2	484.1	13.6	9.9	441.2
9.0	26.1	484.6	13.6	9.8	441.2
17.6	25.8	437.4	13.6	8.7	441.2
24.8	25.5	381.3	13.5	8.4	441.2
17.2	24.7	330.1	13.5	8.0	441.2
0.6	25.1	361.5	13.5	8.3	441.2
0.1	25.3	519.3	13.5	10.1	441.2
0.0	26.2	595.8	13.4	10.4	441.2
0.1	27.3	592.0	13.4	10.0	441.2
0.2	28.0	504.2	13.4	10.1	441.2
0.1	28.8	590.4	13.4	10.4	441.2
0.1	28.9	577.5	13.3	10.1	441.2
8.9	27.9	545.8	13.3	11.1	441.2
0.2	28.6	572.3	13.3	10.4	441.2
0.0	28.8	573.1	13.3	10.4	441.2
0.0	29.2	586.1	13.2	10.8	441.2
0.0	29.3	585.7	13.2	10.9	441.2
0.0	29.2	584.4	13.2	11.1	441.2
0.1	29.4	575.9	13.2	11.4	441.2
0.1	29.6	566.1	13.1	11.7	441.2
0.0	29.4	565.9	13.1	11.6	441.2
0.0	29.7	573.8	13.1	11.7	441.2
0.0	29.1	572.9	13.0	10.6	441.2
0.0	29.8	561.3	13.0	11.0	441.2
6.3	29.3	547.3	13.0	11.6	441.2
0.7	23.3	207.3	13.0	9.3	441.2
0.0	21.3	276.1	12.9	7.1	441.2
0.0	23.1	564.3	12.9	9.7	441.2
0.0	23.0	567.3	12.9	9.6	441.2
0.0	23.0	563.7	12.9	10.1	441.2
0.0	23.2	568.4	12.8	10.0	441.2
0.0	24.0	549.6	12.8	10.1	440.8
0.0	25.3	486.2	12.8	9.7	440.8
0.1	27.0	505.4	12.7	10.0	440.8
0.3	28.0	481.0	12.7	9.9	440.8
0.4	28.0	432.0	12.7	9.7	440.8
0.2	28.2	499.2	12.6	9.9	440.8
0.4	27.9	381.6	12.6	9.1	440.8
12.2	26.7	469.8	12.6	9.9	440.8
0.5	27.4	454.2	12.6	8.9	440.8
0.0	27.7	522.5	12.5	9.7	440.8
1.5	27.0	491.8	12.5	9.1	440.8
0.2	25.0	334.0	12.5	7.3	440.8
0.0	24.7	490.7	12.4	9.2	440.8
0.0	25.9	473.2	12.4	9.7	440.8
0.1	27.2	478.2	12.4	9.5	440.8
0.0	27.5	500.2	12.4	9.7	440.8
0.4	28.1	469.6	12.3	9.6	440.8
19.5	25.8	405.5	12.3	8.6	440.8
14.6	24.8	286.9	12.3	7.4	440.8
0.1	25.1	414.8	12.2	7.8	440.8
0.7	25.6	396.9	12.2	7.7	440.8
0.6	26.3	408.4	12.2	7.6	440.8
1.3	25.4	303.0	12.1	6.4	440.8
0.2	26.5	418.3	12.1	8.2	440.8
6.6	25.2	375.6	12.1	8.6	440.8
5.8	18.5	21.1	12.1	5.6	440.8
0.1	17.9	104.7	12.0	3.5	440.8
0.2	21.6	234.0	12.0	7.1	440.8
1.2	22.2	337.8	12.0	7.1	440.8
0.0	20.6	399.4	11.9	6.1	440.8
0.1	22.3	389.3	11.9	6.6	441.2
0.6	23.7	296.7	11.9	6.9	441.2
0.0	21.1	168.9	11.8	6.1	441.2
0.3	16.4	222.8	11.8	7.2	441.2
0.0	13.4	439.2	11.8	4.8	441.2
0.0	15.2	473.1	11.7	6.7	441.2
0.0	17.2	467.6	11.7	7.4	441.2
0.0	17.8	457.7	11.7	7.9	441.2
0.0	17.8	459.9	11.7	8.2	441.2
0.0	19.5	452.6	11.6	8.3	441.2
0.0	20.4	447.4	11.6	8.6	441.2
0.0	15.1	456.4	11.6	6.1	441.2
0.0	13.5	454.5	11.5	5.9	441.2
0.0	12.7	454.1	11.5	6.5	441.2
0.0	14.6	429.2	11.5	7.2	441.2
0.0	16.0	429.0	11.5	7.3	441.2
0.0	16.6	427.6	11.4	7.3	441.2
0.0	16.9	425.2	11.4	7.1	441.2
0.0	17.8	415.7	11.4	7.2	441.2
0.0	16.0	422.7	11.3	7.4	441.2
0.0	14.7	425.4	11.3	6.7	441.2
0.0	16.3	414.7	11.3	6.9	441.2
0.0	16.6	402.2	11.2	6.9	441.2
0.0	15.2	400.3	11.2	6.7	441.2
0.0	15.7	404.0	11.2	7.2	441.2
0.0	17.8	378.4	11.2	7.4	441.2
0.0	16.8	392.1	11.1	6.6	441.2
0.0	17.3	391.0	11.1	6.1	441.2
0.0	16.1	384.6	11.1	5.9	441.2
0.1	17.0	374.2	11.1	5.8	441.2
0.0	14.7	384.9	11.0	6.2	441.2
0.0	15.6	384.3	11.0	6.1	443.0
0.0	14.7	381.3	11.0	6.0	443.0
0.0	14.4	314.6	10.9	5.5	443.0
0.0	16.1	338.7	10.9	6.0	443.0
0.0	17.5	359.8	10.9	7.0	443.0
0.0	9.4	379.5	10.9	4.6	443.0
0.0	6.9	379.1	10.8	4.4	443.0
0.0	9.7	174.0	10.8	4.2	443.0
0.0	8.1	374.3	10.8	4.4	443.0
0.0	8.9	362.3	10.8	4.5	443.0
0.0	8.7	356.3	10.7	4.4	443.0
0.0	8.3	352.4	10.7	4.5	443.0
0.0	9.5	354.1	10.7	5.0	443.0
0.0	10.5	351.6	10.7	5.4	443.0
0.0	12.1	350.9	10.7	5.6	443.0
0.0	8.1	329.3	10.6	4.5	443.0
0.0	8.3	352.0	10.6	4.8	443.0
0.0	9.3	345.9	10.6	5.0	443.0
0.0	10.3	335.9	10.6	4.8	443.0
0.0	8.3	333.1	10.5	4.2	443.0
0.0	11.2	327.3	10.5	4.7	443.0
0.0	6.8	339.0	10.5	3.6	443.0
0.0	10.1	331.0	10.5	4.8	443.0
0.0	12.0	283.5	10.5	4.9	443.0
0.0	12.3	321.1	10.4	5.3	443.0
0.0	14.5	306.6	10.4	5.4	443.0
9.3	12.9	145.9	10.4	4.5	443.0
1.3	7.2	37.2	10.4	2.9	443.0
0.0	1.2	322.6	10.4	2.3	443.0
0.0	3.3	326.6	10.4	2.9	443.0
0.0	6.0	318.9	10.3	3.7	445.0
0.0	9.0	310.5	10.3	4.4	445.0
0.0	9.1	194.3	10.3	4.4	445.0
0.0	10.7	311.5	10.3	5.1	445.0
0.0	12.2	214.6	10.3	4.5	445.0
0.0	6.0	298.0	10.3	3.3	445.0
0.0	5.0	311.5	10.3	3.0	445.0
0.0	5.0	298.7	10.3	3.3	445.0
0.0	6.4	229.5	10.2	3.7	445.0
0.0	7.7	268.8	10.2	4.0	445.0
0.0	1.9	310.5	10.2	2.7	445.0
0.0	3.6	307.6	10.2	3.4	445.0
0.0	6.9	232.9	10.2	4.2	445.0
0.0	11.3	266.8	10.2	5.1	445.0
0.6	17.2	277.5	10.2	5.8	445.0
0.2	17.2	130.1	10.2	5.2	445.0
6.5	12.9	112.4	10.2	5.2	445.0
0.0	3.7	129.5	10.2	2.5	445.0
0.0	1.0	302.4	10.2	2.6	445.0
0.0	2.9	303.6	10.2	3.4	445.0
0.0	5.5	298.4	10.2	3.8	445.0
0.0	7.9	299.7	10.2	4.2	445.0
0.1	10.0	284.4	10.2	4.6	445.0
0.0	9.9	196.5	10.2	3.9	445.0
1.0	11.7	213.7	10.2	3.9	445.0
0.0	11.2	76.7	10.2	3.7	445.0
0.9	12.0	184.2	10.2	3.8	445.0
1.2	9.5	39.5	10.2	1.9	445.0
2.2	12.8	192.2	10.2	3.7	445.0
14.3	11.7	88.9	10.2	3.3	445.0
0.3	4.8	86.1	10.2	2.5	445.0
0.1	6.5	261.2	10.2	3.7	447.1
0.2	7.3	259.0	10.2	4.0	447.1
0.3	7.5	262.1	10.2	3.6	447.1
0.1	6.0	180.5	10.2	3.0	447.1
0.1	9.3	296.0	10.3	4.0	447.1
7.0	9.8	124.6	10.3	3.1	447.1
0.6	7.5	84.7	10.3	2.3	447.1
15.1	5.4	56.9	10.3	1.8	447.1
2.8	3.3	30.8	10.3	1.0	447.1
0.5	1.8	94.3	10.3	1.9	447.1
0.0	0.6	249.8	10.3	2.4	447.1
11.5	3.8	225.3	10.3	2.8	447.1
9.6	1.6	45.3	10.4	1.6	447.1
0.1	-1.1	302.9	10.4	2.1	447.1
0.0	0.5	319.4	10.4	2.5	447.1
0.1	-0.4	117.6	10.4	1.8	447.1
0.0	-1.2	322.2	10.4	2.3	447.1
0.0	-0.9	295.3	10.4	2.6	447.1
0.0	1.3	307.7	10.5	3.0	447.1
4.6	4.6	163.9	10.5	2.9	447.1
0.9	3.3	103.6	10.5	2.5	447.1
0.2	-0.9	109.9	10.5	2.3	447.1
0.0	-1.5	341.1	10.5	2.3	447.1
0.0	-1.5	347.3	10.5	2.7	447.1
0.0	-0.5	352.6	10.6	3.0	447.1
0.0	2.8	351.7	10.6	3.5	447.1
0.0	5.9	113.6	10.6	3.5	447.1
0.0	3.8	294.8	10.6	3.8	447.1
0.0	2.5	361.1	10.7	3.6	447.1
0.0	6.6	361.2	10.7	4.9	447.1
0.0	9.4	351.6	10.7	5.3	447.1
0.0	11.6	343.0	10.7	5.9	448.3
0.0	15.4	351.2	10.8	6.9	448.3
0.3	15.3	332.7	10.8	5.8	448.3
5.6	11.6	148.6	10.8	4.8	448.3
1.2	4.7	59.8	10.8	2.8	448.3
0.1	0.9	228.6	10.9	2.3	448.3
0.0	0.3	366.5	10.9	3.2	448.3
0.0	2.6	391.8	10.9	4.0	448.3
0.0	6.1	383.0	10.9	4.9	448.3
0.0	6.3	356.8	11.0	5.2	448.3
0.0	4.7	283.4	11.0	3.6	448.3
3.1	10.3	219.3	11.0	5.5	448.3
17.3	6.5	47.9	11.0	3.0	448.3
16.8	4.1	42.7	11.1	1.6	448.3
1.0	6.3	84.2	11.1	2.2	448.3
21.2	10.7	187.4	11.1	4.2	448.3
23.2	13.5	45.5	11.2	4.4	448.3
5.7	6.3	92.4	11.2	2.9	448.3
1.0	5.1	66.4	11.2	2.3	448.3
1.5	4.8	105.0	11.2	2.6	448.3
8.1	2.3	80.2	11.3	2.3	448.3
0.0	3.1	198.8	11.3	2.7	448.3
0.0	2.5	268.6	11.3	2.8	448.3
0.1	4.7	391.6	11.4	4.2	448.3
14.1	6.4	130.2	11.4	3.6	448.3
0.1	6.5	118.0	11.4	3.7	448.3
0.0	7.8	449.8	11.4	4.7	448.3
0.0	8.6	445.6	11.5	5.6	448.3
0.0	11.5	413.7	11.5	6.8	448.3
15.4	9.7	82.0	11.5	5.1	448.8
0.0	7.1	454.8	11.6	4.7	448.8
4.0	11.8	360.8	11.6	5.7	448.8
15.0	13.1	68.7	11.6	4.8	448.8
41.8	10.5	36.7	11.7	4.6	448.8
0.9	4.7	114.0	11.7	3.5	448.8
0.0	4.8	440.2	11.7	4.0	448.8
0.0	3.2	473.0	11.7	4.4	448.8
5.1	7.2	417.2	11.8	4.8	448.8
23.0	9.9	48.3	11.8	3.8	448.8
0.1	9.7	340.4	11.8	5.4	448.8
35.2	9.8	408.0	11.9	5.0	448.8
11.6	9.9	26.5	11.9	3.7	448.8
12.4	7.9	51.9	11.9	2.2	448.8
2.1	6.6	240.2	12.0	5.6	448.8
1.4	2.5	491.0	12.0	3.5	448.8
0.1	3.9	455.1	12.0	4.7	448.8
0.0	9.6	492.7	12.1	7.0	448.8
0.2	13.5	285.6	12.1	6.1	448.8
0.0	17.5	510.8	12.1	8.3	448.8
0.1	17.2	316.5	12.1	9.3	448.8
5.3	13.0	297.6	12.2	4.8	448.8
7.2	15.9	64.8	12.2	5.0	448.8
0.9	18.4	356.2	12.2	6.8	448.8
11.3	20.1	275.0	12.3	6.8	448.8
19.5	20.4	472.7	12.3	7.9	448.8
2.4	14.5	319.3	12.3	10.7	448.8
6.8	4.2	53.8	12.4	1.6	448.8
9.1	5.7	52.5	12.4	3.1	448.8
2.1	12.1	110.7	12.4	6.2	448.8
1.9	19.3	403.0	12.4	8.4	448.8
13.3	17.2	69.1	12.5	6.1	449.1
5.3	19.7	216.7	12.5	7.8	449.1
0.5	15.7	132.3	12.5	6.6	449.1
1.8	19.0	198.5	12.6	9.3	449.1
4.0	11.9	66.3	12.6	2.9	449.1
2.6	12.9	67.6	12.6	3.8	449.1
5.6	14.8	168.6	12.7	7.9	449.1
3.3	11.5	333.3	12.7	5.5	449.1
8.4	10.1	137.5	12.7	4.5	449.1
0.0	10.9	542.6	12.7	6.8	449.1
7.6	14.8	467.2	12.8	7.0	449.1
22.6	14.9	80.0	12.8	7.0	449.1
0.0	15.6	571.6	12.8	7.7	449.1
23.6	17.4	364.8	12.9	7.2	449.1
0.2	12.6	282.4	12.9	7.1	449.1
0.0	16.9	518.6	12.9	8.6	449.1
0.0	16.5	428.1	13.0	8.6	449.1
0.0	15.1	603.1	13.0	7.1	449.1
0.0	16.1	605.4	13.0	8.8	449.1
0.0	19.2	610.5	13.0	10.2	449.1
0.0	20.8	589.4	13.1	11.0	449.1
3.7	20.3	255.9	13.1	9.7	449.1
1.0	18.4	296.7	13.1	7.1	449.1
0.0	18.9	531.0	13.1	8.7	449.1
4.4	19.6	236.4	13.2	7.6	449.1
0.1	20.4	222.4	13.2	8.7	449.1
6.4	21.5	373.0	13.2	8.4	449.1
5.1	21.0	146.2	13.3	6.3	449.1
4.0	21.9	344.1	13.3	8.6	449.1
2.7	22.3	362.4	13.3	9.0	449.1
2.9	23.5	487.5	13.3	9.6	449.6
16.9	23.9	530.3	13.4	8.3	449.6
60.4	23.9	518.7	13.4	9.1	449.6
2.4	14.0	137.8	13.4	9.2	449.6
0.6	12.5	238.2	13.4	4.7	449.6
0.2	13.3	335.8	13.5	6.9	449.6
0.3	15.3	616.4	13.5	8.2	449.6
0.0	16.7	492.5	13.5	8.6	449.6
0.4	18.0	558.2	13.5	7.9	449.6
58.0	20.1	260.7	13.6	7.8	449.6
1.5	17.0	178.7	13.6	8.8	449.6
34.2	18.2	419.6	13.6	8.5	449.6
28.6	19.0	83.4	13.6	8.7	449.6
37.5	20.5	423.6	13.6	11.6	449.6
0.9	15.1	167.9	13.7	4.1	449.6
0.7	18.3	505.8	13.7	8.9	449.6
0.3	19.4	414.9	13.7	8.2	449.6
0.4	19.0	367.3	13.7	8.3	449.6
0.0	18.9	466.3	13.7	8.7	449.6
0.0	17.2	541.3	13.8	8.5	449.6
0.2	19.1	445.5	13.8	8.5	449.6
0.4	21.8	552.8	13.8	10.2	449.6
0.1	21.4	449.6	13.8	10.1	449.6
1.2	21.7	493.9	13.8	8.4	449.6
0.7	22.9	388.5	13.8	9.4	449.6
0.0	24.9	604.0	13.9	10.6	449.6
24.5	25.0	501.2	13.9	10.6	449.6
20.2	23.4	318.0	13.9	9.8	449.6
1.2	20.7	100.6	13.9	4.5	449.6
1.6	21.6	160.9	13.9	6.8	449.6
17.7	22.3	128.9	13.9	5.6	449.6
14.9	21.6	40.4	14.0	3.2	448.5
5.7	22.3	134.4	14.0	6.2	448.5
0.3	23.6	457.4	14.0	9.8	448.5
4.9	24.6	593.4	14.0	11.4	448.5
1.9	24.5	624.7	14.0	12.2	448.5
0.1	26.2	631.0	14.0	11.6	448.5
26.6	26.5	565.6	14.0	10.9	448.5
5.4	23.1	297.0	14.0	9.5	448.5
0.1	24.0	603.2	14.0	11.3	448.5
0.0	25.4	628.3	14.0	12.0	448.5
5.9	25.6	572.5	14.1	10.8	448.5
5.1	24.0	250.9	14.1	10.4	448.5
0.9	25.2	531.4	14.1	10.5	448.5
0.0	26.9	638.1	14.1	11.8	448.5
2.4	27.2	608.4	14.1	11.0	448.5
21.8	24.1	193.0	14.1	7.3	448.5
0.0	25.1	482.5	14.1	10.8	448.5
0.0	23.0	337.3	14.1	9.8	448.5
0.0	20.5	287.4	14.1	7.5	448.5
14.3	21.0	228.4	14.1	5.8	448.5
2.9	23.0	45.8	14.1	6.3	448.5
0.7	25.4	523.8	14.1	11.5	448.5
1.6	26.0	525.2	14.1	10.8	448.5
8.1	25.1	196.7	14.1	7.8	448.5
9.2	23.2	80.4	14.1	5.8	448.5
0.1	26.2	582.4	14.1	10.0	448.5
0.5	25.3	195.3	14.1	9.0	448.5
0.6	26.1	586.3	14.1	10.0	448.5
0.1	26.8	565.9	14.1	10.6	448.5
5.6	27.1	611.9	14.1	11.0	448.5
1.0	26.1	297.9	14.1	8.2	445.7
19.0	25.7	356.5	14.0	8.3	445.7
6.4	26.1	276.0	14.0	9.6	445.7
13.8	26.4	359.5	14.0	9.3	445.7
14.1	26.6	384.4	14.0	9.8	445.7
15.8	27.2	561.8	14.0	11.2	445.7
17.3	27.1	510.5	14.0	9.7	445.7
18.8	26.5	343.6	14.0	9.6	445.7
19.2	26.4	463.1	14.0	9.7	445.7
16.3	25.2	76.4	14.0	4.8	445.7
16.0	26.5	345.5	14.0	9.1	445.7
8.9	27.2	583.9	13.9	11.5	445.7
9.0	27.0	529.1	13.9	10.0	445.7
10.3	27.3	579.4	13.9	10.5	445.7
3.7	27.3	620.9	13.9	11.0	445.7
5.3	27.2	624.5	13.9	10.3	445.7
0.7	28.3	613.4	13.9	10.7	445.7
0.0	29.2	627.1	13.9	11.0	445.7
0.6	29.3	631.0	13.8	12.1	445.7
0.0	29.6	633.2	13.8	12.4	445.7
1.7	28.8	642.0	13.8	12.9	445.7
0.7	28.8	633.8	13.8	12.6	445.7
6.2	28.2	617.3	13.8	11.1	445.7
11.5	26.6	594.4	13.7	11.2	445.7
1.1	25.5	335.5	13.7	8.4	445.7
0.0	25.0	434.9	13.7	10.6	445.7
0.0	25.5	636.4	13.7	11.1	445.7
0.0	27.1	634.3	13.7	11.9	445.7
0.0	28.7	626.3	13.6	12.5	445.7
0.5	29.6	619.4	13.6	13.0	445.7
2.1	29.7	604.9	13.6	12.6	445.7
0.0	30.3	573.2	13.6	11.0	443.3
0.2	30.0	474.8	13.6	10.3	443.3
7.2	28.4	462.9	13.5	11.6	443.3
14.7	27.2	565.7	13.5	11.5	443.3
25.0	26.0	421.8	13.5	8.4	443.3
11.2	25.5	532.1	13.5	8.8	443.3
15.0	25.2	557.9	13.4	8.4	443.3
23.4	25.7	458.7	13.4	8.7	443.3
9.2	25.9	480.2	13.4	8.7	443.3
24.0	26.1	370.5	13.4	8.1	443.3
3.5	26.2	209.1	13.3	8.4	443.3
13.3	26.6	552.2	13.3	9.5	443.3
7.2	26.9	562.4	13.3	9.9	443.3
11.0	26.9	539.2	13.3	10.3	443.3
9.2	26.9	479.5	13.2	9.6	443.3
12.3	27.2	490.8	13.2	9.4	443.3
9.9	27.0	449.5	13.2	9.4	443.3
9.2	27.0	446.1	13.2	9.4	443.3
7.0	27.3	439.5	13.1	9.4	443.3
6.5	27.0	486.3	13.1	10.5	443.3
5.4	26.6	552.6	13.1	9.9	443.3
8.3	26.6	530.4	13.1	9.5	443.3
8.9	27.0	527.0	13.0	9.9	443.3
11.4	27.0	510.7	13.0	9.7	443.3
16.5	26.3	468.5	13.0	8.7	443.3
19.6	25.1	374.4	12.9	7.5	443.3
0.5	22.7	129.6	12.9	6.2	443.3
0.0	23.3	533.6	12.9	8.8	443.3
0.0	24.9	545.4	12.9	9.0	443.3
7.7	25.3	442.7	12.8	9.0	443.3
8.0	24.9	491.2	12.8	8.6	443.3
0.1	25.0	511.2	12.8	9.3	442.8
0.0	26.0	546.1	12.7	9.6	442.8
0.0	27.1	536.1	12.7	10.0	442.8
17.1	26.3	394.6	12.7	9.1	442.8
0.2	24.3	369.7	12.7	9.4	442.8
0.0	23.6	517.6	12.6	8.1	442.8
0.0	24.8	535.0	12.6	9.4	442.8
0.0	24.1	431.1	12.6	9.0	442.8
0.0	25.2	480.6	12.5	9.3	442.8
0.1	26.0	403.5	12.5	8.5	442.8
1.4	26.5	294.0	12.5	9.3	442.8
5.4	23.3	82.7	12.4	5.9	442.8
7.0	21.0	20.5	12.4	3.6	442.8
1.0	20.3	69.4	12.4	3.6	442.8
0.2	20.5	111.8	12.4	4.7	442.8
0.2	21.3	306.8	12.3	8.1	442.8
0.0	20.6	430.0	12.3	6.8	442.8
0.0	22.1	508.6	12.3	7.7	442.8
0.0	21.8	480.8	12.2	8.4	442.8
0.0	21.4	512.9	12.2	8.9	442.8
0.0	20.7	514.7	12.2	9.3	442.8
0.0	20.9	507.4	12.1	9.6	442.8
0.0	23.0	372.9	12.1	8.7	442.8
0.0	22.9	448.1	12.1	8.8	442.8
0.0	21.9	427.4	12.1	8.8	442.8
0.0	21.9	405.3	12.0	8.4	442.8
0.0	20.6	475.5	12.0	8.5	442.8
0.0	21.4	483.1	12.0	8.5	442.8
0.0	21.7	472.1	11.9	8.4	442.8
0.3	22.0	329.6	11.9	8.0	442.8
0.0	21.3	473.8	11.9	8.5	443.2
0.0	20.8	474.3	11.8	8.6	443.2
0.0	20.4	474.4	11.8	8.6	443.2
0.0	20.7	459.9	11.8	8.4	443.2
0.0	20.9	400.1	11.8	8.6	443.2
0.0	20.7	461.4	11.7	8.3	443.2
0.0	19.1	426.1	11.7	7.7	443.2
0.0	18.8	371.8	11.7	7.5	443.2
0.0	19.7	452.4	11.6	8.1	443.2
0.0	19.9	446.1	11.6	7.7	443.2
0.0	19.4	441.3	11.6	7.8	443.2
0.0	16.4	433.5	11.5	7.7	443.2
0.0	13.9	462.2	11.5	5.7	443.2
0.0	15.3	445.5	11.5	6.7	443.2
0.0	16.4	434.8	11.5	7.3	443.2
0.0	16.5	433.8	11.4	7.3	443.2
0.0	17.4	425.4	11.4	7.8	443.2
0.0	17.8	423.3	11.4	7.9	443.2
0.0	17.9	422.6	11.3	7.8	443.2
0.0	18.4	420.8	11.3	7.0	443.2
0.0	18.6	407.9	11.3	7.0	443.2
0.0	18.4	397.6	11.3	7.2	443.2
0.0	18.5	392.4	11.2	6.9	443.2
0.0	18.5	395.2	11.2	7.0	443.2
0.0	19.4	391.9	11.2	6.9	443.2
0.0	20.3	383.2	11.1	7.0	443.2
0.0	17.3	404.2	11.1	6.4	443.2
0.0	16.4	395.5	11.1	7.0	443.2
0.0	16.5	397.1	11.1	6.8	443.2
0.0	18.6	358.2	11.0	7.1	443.2
0.0	17.3	374.5	11.0	6.4	443.2
0.0	17.2	371.6	11.0	5.6	445.0
0.0	17.8	346.7	11.0	5.3	445.0
0.1	19.2	323.9	10.9	5.4	445.0
0.1	18.4	267.2	10.9	5.5	445.0
0.0	14.2	369.0	10.9	5.6	445.0
0.0	14.8	369.6	10.8	5.5	445.0
0.0	17.2	280.6	10.8	5.7	445.0
0.0	19.7	203.1	10.8	5.5	445.0
2.3	19.6	178.3	10.8	5.5	445.0
1.9	10.8	44.1	10.8	3.8	445.0
0.1	12.0	103.0	10.7	3.3	445.0
1.9	15.5	240.9	10.7	4.8	445.0
0.3	9.9	47.0	10.7	3.2	445.0
0.0	10.0	342.4	10.7	4.5	445.0
1.0	12.4	337.6	10.6	4.9	445.0
9.6	10.3	26.1	10.6	1.0	445.0
0.6	11.2	102.2	10.6	2.5	445.0
0.1	10.7	101.8	10.6	2.9	445.0
0.2	12.0	223.7	10.5	3.6	445.0
0.1	11.7	287.2	10.5	4.6	445.0
0.0	13.1	290.8	10.5	4.7	445.0
0.0	14.8	230.8	10.5	4.6	445.0
0.1	14.8	67.9	10.5	3.8	445.0
0.5	16.6	280.3	10.5	4.9	445.0
0.0	16.4	206.8	10.4	5.1	445.0
0.0	12.4	286.7	10.4	5.5	445.0
0.0	9.9	276.4	10.4	3.3	445.0
0.0	16.1	257.3	10.4	4.5	445.0
3.4	17.2	254.6	10.4	5.9	445.0
0.9	4.8	29.1	10.4	2.8	445.0
0.0	5.5	312.8	10.3	3.4	447.1
0.0	7.1	309.6	10.3	4.2	447.1
0.0	10.1	298.8	10.3	4.3	447.1
0.0	8.5	299.8	10.3	3.9	447.1
0.0	9.5	302.7	10.3	4.5	447.1
0.0	12.2	296.7	10.3	5.2	447.1
0.0	3.2	288.7	10.3	2.8	447.1
0.9	4.8	288.4	10.3	3.0	447.1
21.9	4.3	42.6	10.2	1.2	447.1
20.1	5.3	23.9	10.2	1.5	447.1
1.9	2.2	47.5	10.2	1.8	447.1
7.5	0.2	110.4	10.2	1.7	447.1
0.9	1.4	134.1	10.2	1.5	447.1
11.7	3.0	69.3	10.2	1.5	447.1
0.1	1.1	121.0	10.2	2.2	447.1
0.2	2.3	248.7	10.2	2.5	447.1
0.1	2.3	234.9	10.2	3.1	447.1
0.0	-2.0	295.0	10.2	1.7	447.1
10.9	2.6	162.9	10.2	2.4	447.1
0.9	2.6	114.8	10.2	1.9	447.1
4.9	6.8	129.0	10.2	3.0	447.1
0.6	10.2	92.7	10.2	3.2	447.1
0.6	14.2	226.2	10.2	4.3	447.1
1.2	16.0	155.6	10.2	4.7	447.1
0.4	7.3	100.4	10.2	2.2	447.1
0.9	13.2	285.0	10.2	4.0	447.1
3.4	11.2	67.6	10.2	5.1	447.1
0.4	1.4	59.5	10.2	1.6	447.1
0.0	2.9	299.0	10.2	2.8	447.1
4.4	6.6	291.4	10.2	3.3	447.1
2.5	10.4	120.7	10.2	3.4	447.1
13.3	10.1	70.6	10.2	2.9	449.2
10.4	5.9	19.4	10.2	2.3	449.2
11.4	1.2	35.0	10.2	1.1	449.2
20.2	2.2	13.0	10.2	1.7	449.2
20.0	3.4	10.9	10.3	2.3	449.2
1.3	-3.9	153.6	10.3	1.6	449.2
0.0	-3.4	314.8	10.3	1.9	449.2
0.0	-4.6	314.9	10.3	1.7	449.2
0.0	-0.9	307.6	10.3	2.3	449.2
0.0	-0.4	310.6	10.3	2.2	449.2
0.0	-2.4	313.5	10.3	1.8	449.2
0.0	-1.2	322.6	10.3	2.3	449.2
0.0	-2.8	327.1	10.4	1.9	449.2
0.0	0.2	326.9	10.4	3.0	449.2
0.0	3.5	252.2	10.4	3.3	449.2
0.3	-0.7	114.5	10.4	2.6	449.2
0.0	-3.6	335.2	10.4	2.2	449.2
0.0	-1.4	337.3	10.4	2.8	449.2
0.0	2.6	339.2	10.5	3.8	449.2
0.1	2.6	206.7	10.5	3.3	449.2
0.0	0.7	339.7	10.5	2.9	449.2
0.0	5.2	339.6	10.5	4.3	449.2
0.0	-0.4	346.2	10.5	2.5	449.2
0.0	-2.1	276.5	10.6	1.8	449.2
0.0	-1.9	261.8	10.6	2.3	449.2
0.0	0.4	354.1	10.6	2.9	449.2
0.0	2.7	357.6	10.6	3.6	449.2
0.0	6.4	225.1	10.7	4.0	449.2
3.1	4.9	76.6	10.7	3.1	449.2
0.0	3.7	364.4	10.7	3.5	449.2
2.3	4.4	126.7	10.7	2.6	449.2
9.5	3.0	38.0	10.7	2.1	450.3
0.0	5.7	370.3	10.8	3.9	450.3
0.0	7.9	371.9	10.8	5.0	450.3
0.0	8.0	354.5	10.8	4.5	450.3
0.2	5.0	285.4	10.8	3.7	450.3
0.6	6.2	371.3	10.9	3.8	450.3
19.1	1.8	65.4	10.9	1.4	450.3
18.7	2.5	33.4	10.9	2.0	450.3
9.1	-1.0	37.5	11.0	1.7	450.3
0.0	-2.7	304.8	11.0	2.2	450.3
0.0	-2.8	385.9	11.0	2.3	450.3
0.0	-2.6	346.3	11.0	2.6	450.3
0.0	-2.9	408.9	11.1	2.6	450.3
0.5	1.5	156.5	11.1	2.8	450.3
4.2	2.6	77.3	11.1	2.8	450.3
0.1	4.7	410.3	11.1	4.6	450.3
6.5	8.3	354.8	11.2	4.8	450.3
18.7	9.1	42.6	11.2	4.9	450.3
1.4	-1.3	82.5	11.2	2.5	450.3
0.2	1.3	325.8	11.3	3.4	450.3
0.0	6.8	421.0	11.3	5.4	450.3
21.4	8.8	75.4	11.3	4.2	450.3
15.8	13.4	354.5	11.3	7.9	450.3
9.8	0.5	21.0	11.4	1.1	450.3
0.7	4.1	215.0	11.4	3.1	450.3
2.8	10.1	196.5	11.4	5.0	450.3
1.4	11.7	235.5	11.5	5.8	450.3
29.3	7.9	32.5	11.5	3.7	450.3
27.4	4.3	21.5	11.5	2.2	450.8
31.2	2.0	34.9	11.6	2.3	450.8
12.8	1.1	64.7	11.6	1.6	450.8
18.7	3.3	49.2	11.6	2.2	450.8
1.1	4.4	55.5	11.6	2.3	450.8
0.3	6.7	223.9	11.7	3.6	450.8
14.1	8.6	236.9	11.7	4.1	450.8
2.2	5.9	113.5	11.7	3.6	450.8
0.0	5.3	419.4	11.8	4.5	450.8
1.9	7.0	202.2	11.8	3.8	450.8
14.4	9.4	231.8	11.8	5.4	450.8
18.0	1.8	45.2	11.9	2.9	450.8
3.8	5.5	369.2	11.9	4.1	450.8
0.5	9.1	201.7	11.9	4.7	450.8
4.0	14.7	176.0	12.0	6.4	450.8
13.0	16.9	136.2	12.0	5.2	450.8
13.2	7.3	65.4	12.0	7.1	450.8
14.4	3.1	264.7	12.0	3.3	450.8
3.3	2.6	104.6	12.1	3.0	450.8
14.8	5.1	129.1	12.1	3.8	450.8
18.7	5.9	39.2	12.1	2.4	450.8
6.6	6.4	71.0	12.2	3.3	450.8
1.4	8.6	248.5	12.2	5.3	450.8
24.3	3.0	42.3	12.2	4.8	450.8
0.2	2.6	175.3	12.3	2.6	450.8
27.3	1.3	118.9	12.3	2.7	450.8
36.6	1.9	53.0	12.3	2.9	450.8
4.3	7.3	148.7	12.3	4.4	450.8
11.3	6.8	72.9	12.4	4.5	450.8
0.0	5.8	256.5	12.4	5.2	450.8
17.3	10.5	438.4	12.4	6.8	450.8
14.2	10.5	52.3	12.5	3.5	451.1
0.6	10.4	195.8	12.5	5.3	451.1
0.4	12.7	489.2	12.5	8.0	451.1
0.1	17.7	521.7	12.6	10.4	451.1
3.0	21.2	469.0	12.6	9.8	451.1
0.3	22.4	357.1	12.6	8.4	451.1
3.0	18.9	73.0	12.7	5.8	451.1
0.0	16.6	459.3	12.7	7.3	451.1
2.5	12.9	254.0	12.7	6.5	451.1
19.4	14.3	72.1	12.7	8.5	451.1
9.4	15.1	39.1	12.8	8.3	451.1
20.7	10.1	322.8	12.8	5.6	451.1
6.2	8.4	96.6	12.8	3.3	451.1
7.3	14.3	432.2	12.9	8.2	451.1
0.3	21.2	449.1	12.9	10.3	451.1
0.2	24.6	515.0	12.9	8.6	451.1
2.2	24.7	444.6	12.9	9.9	451.1
1.0	24.6	267.1	13.0	7.4	451.1
24.9	22.4	108.1	13.0	4.4	451.1
1.9	18.9	144.3	13.0	7.9	451.1
4.0	16.1	453.4	13.1	9.5	451.1
0.0	16.4	621.4	13.1	7.9	451.1
0.0	18.6	589.7	13.1	9.8	451.1
4.6	19.5	254.4	13.1	8.6	451.1
11.3	21.1	266.6	13.2	12.2	451.1
19.0	14.4	494.5	13.2	7.6	451.1
44.8	10.5	43.5	13.2	2.1	451.1
4.8	12.3	119.2	13.2	5.0	451.1
0.2	15.1	455.6	13.3	8.9	451.1
0.1	16.9	553.5	13.3	9.7	451.1
0.1	21.6	586.9	13.3	10.8	451.6
23.2	22.6	160.8	13.4	8.3	451.6
28.5	14.6	115.5	13.4	10.3	451.6
0.0	14.1	621.2	13.4	8.1	451.6
0.1	16.4	341.7	13.4	7.2	451.6
10.7	21.2	157.8	13.5	8.8	451.6
1.5	18.7	83.1	13.5	5.6	451.6
0.6	18.5	98.1	13.5	4.8	451.6
15.6	20.7	190.9	13.5	11.8	451.6
0.1	13.5	169.9	13.5	5.7	451.6
0.1	16.4	611.4	13.6	7.8	451.6
0.4	21.0	396.6	13.6	10.5	451.6
6.3	22.7	178.8	13.6	7.1	451.6
2.7	21.5	81.0	13.6	7.9	451.6
0.1	22.7	540.5	13.7	10.4	451.6
3.8	22.6	544.1	13.7	9.6	451.6
29.3	22.5	128.7	13.7	5.6	451.6
20.5	24.5	455.7	13.7	8.8	451.6
3.7	26.5	530.2	13.7	9.8	451.6
0.5	19.0	283.8	13.8	10.4	451.6
0.0	17.1	663.6	13.8	8.9	451.6
0.0	19.0	654.2	13.8	10.2	451.6
0.0	19.6	648.6	13.8	9.7	451.6
0.0	23.1	619.2	13.8	10.8	451.6
0.0	25.4	604.7	13.8	10.9	451.6
5.7	25.9	577.2	13.9	10.8	451.6
21.8	25.1	367.9	13.9	9.9	451.6
27.5	24.6	305.4	13.9	9.5	451.6
6.5	17.9	50.9	13.9	7.9	451.6
0.0	17.3	508.0	13.9	9.5	451.6
0.0	17.3	676.5	13.9	8.3	451.6
0.0	17.5	681.1	13.9	8.4	450.5
0.0	19.9	653.6	14.0	9.0	450.5
0.1	22.2	468.8	14.0	9.4	450.5
0.0	24.6	611.8	14.0	10.5	450.5
19.6	24.6	452.3	14.0	9.1	450.5
8.8	25.5	613.7	14.0	9.6	450.5
18.4	24.8	440.2	14.0	9.5	450.5
4.0	24.0	603.1	14.0	12.0	450.5
1.5	25.1	630.4	14.0	10.0	450.5
14.5	25.1	400.2	14.0	9.4	450.5
15.1	25.5	391.5	14.0	9.5	450.5
35.1	21.5	57.1	14.1	10.1	450.5
0.4	19.7	285.2	14.1	7.7	450.5
0.1	21.4	448.1	14.1	9.4	450.5
2.3	22.5	361.7	14.1	9.3	450.5
16.6	21.3	541.4	14.1	10.3	450.5
1.5	22.7	630.4	14.1	10.5	450.5
0.4	23.7	605.0	14.1	10.6	450.5
0.0	24.6	605.8	14.1	10.7	450.5
0.2	25.4	620.9	14.1	11.2	450.5
5.6	26.0	557.5	14.1	10.1	450.5
6.0	23.7	171.8	14.1	8.9	450.5
2.6	23.1	367.4	14.1	8.3	450.5
3.6	23.5	604.9	14.1	10.2	450.5
7.9	24.2	628.7	14.1	9.8	450.5
0.2	25.9	597.6	14.1	11.3	450.5
0.0	27.5	650.4	14.1	11.6	450.5
0.0	27.9	626.8	14.1	11.4	450.5
10.9	26.9	577.0	14.1	10.7	450.5
14.9	26.4	454.1	14.1	10.1	450.5
6.8	26.9	617.9	14.1	11.6	447.7
0.3	27.9	618.7	14.0	11.7	447.7
0.1	28.6	621.2	14.0	11.2	447.7
8.7	28.1	536.0	14.0	10.8	447.7
19.4	25.1	380.3	14.0	9.1	447.7
4.3	22.6	77.5	14.0	4.5	447.7
3.7	22.1	51.0	14.0	4.3	447.7
1.8	22.1	123.9	14.0	6.0	447.7
2.0	21.6	59.2	14.0	3.8	447.7
3.2	22.8	95.6	14.0	5.7	447.7
11.0	24.0	146.5	14.0	6.7	447.7
1.7	24.2	104.3	13.9	4.7	447.7
6.4	25.1	282.8	13.9	8.3	447.7
3.7	26.2	478.5	13.9	9.8	447.7
5.6	26.1	561.5	13.9	10.6	447.7
0.3	26.3	539.7	13.9	10.1	447.7
0.2	26.6	594.4	13.9	10.2	447.7
0.0	26.9	602.9	13.9	10.5	447.7
0.0	27.3	492.4	13.8	10.1	447.7
0.2	26.9	591.7	13.8	10.2	447.7
1.0	27.3	477.1	13.8	9.8	447.7
14.3	26.6	446.9	13.8	9.6	447.7
0.5	27.5	566.7	13.8	9.8	447.7
0.7	27.6	489.9	13.8	9.6	447.7
0.1	27.7	439.8	13.7	10.5	447.7
0.0	28.1	583.2	13.7	10.5	447.7
0.0	28.5	496.6	13.7	9.9	447.7
23.4	25.5	328.8	13.7	8.9	447.7
23.5	23.6	208.4	13.7	5.9	447.7
20.5	23.7	291.1	13.6	6.2	447.7
0.4	23.9	64.7	13.6	4.6	447.7
10.2	25.2	265.3	13.6	7.3	445.3
13.9	25.6	378.8	13.6	9.5	445.3
7.5	26.8	557.7	13.5	10.6	445.3
7.2	27.4	597.6	13.5	10.5	445.3
7.3	27.3	561.9	13.5	10.9	445.3
5.2	27.6	601.2	13.5	10.4	445.3
4.8	28.2	603.2	13.5	10.8	445.3
4.7	28.3	596.3	13.4	10.7	445.3
5.9	27.8	585.9	13.4	10.6	445.3
5.5	27.5	580.2	13.4	10.7	445.3
8.5	27.0	586.8	13.4	10.8	445.3
8.2	26.9	582.6	13.3	10.7	445.3
9.8	26.7	557.5	13.3	10.7	445.3
20.6	25.7	503.5	13.3	9.6	445.3
14.7	24.5	350.2	13.3	7.5	445.3
17.2	25.0	409.2	13.2	8.6	445.3
9.4	25.5	393.9	13.2	9.4	445.3
9.7	25.2	501.5	13.2	10.2	445.3
3.3	25.5	553.9	13.1	9.9	445.3
1.6	25.4	546.5	13.1	9.6	445.3
0.5	25.6	515.2	13.1	8.2	445.3
0.0	23.8	364.7	13.1	9.2	445.3
0.5	24.5	549.0	13.0	9.8	445.3
0.0	24.1	442.6	13.0	9.1	445.3
0.0	25.4	443.0	13.0	9.2	445.3
0.0	26.2	306.6	13.0	8.6	445.3
0.4	26.0	203.7	12.9	8.6	445.3
4.8	25.9	395.7	12.9	8.5	445.3
0.7	25.4	381.7	12.9	8.3	445.3
0.3	25.6	482.4	12.8	9.8	445.3
0.3	25.9	548.6	12.8	9.8	445.3
0.0	26.7	539.5	12.8	10.1	444.8
0.1	27.5	513.5	12.8	9.8	444.8
0.2	25.5	431.3	12.7	9.1	444.8
0.0	23.6	541.9	12.7	9.9	444.8
0.0	24.9	554.0	12.7	10.3	444.8
0.0	24.6	556.4	12.6	9.7	444.8
0.1	25.3	512.0	12.6	10.4	444.8
0.0	25.6	522.2	12.6	9.7	444.8
0.0	26.5	504.8	12.5	10.1	444.8
0.0	27.3	516.5	12.5	10.1	444.8
0.9	26.8	289.5	12.5	7.4	444.8
7.0	24.9	56.3	12.5	5.8	444.8
2.2	21.9	44.6	12.4	6.5	444.8
0.0	19.1	535.0	12.4	7.5	444.8
0.0	20.6	536.8	12.4	9.3	444.8
0.0	21.4	521.7	12.3	9.4	444.8
0.0	23.0	506.8	12.3	9.4	444.8
0.0	22.5	495.7	12.3	9.3	444.8
0.0	22.3	500.5	12.2	9.4	444.8
0.0	22.4	509.4	12.2	9.5	444.8
0.0	22.2	511.4	12.2	9.6	444.8
0.0	22.6	501.3	12.2	8.9	444.8
0.0	21.6	391.6	12.1	8.0	444.8
0.0	21.8	501.7	12.1	9.5	444.8
0.0	23.2	494.0	12.1	10.2	444.8
0.0	24.2	463.3	12.0	10.1	444.8
0.0	22.1	492.2	12.0	8.6	444.8
0.0	22.3	486.9	12.0	8.5	444.8
0.0	22.8	475.5	11.9	9.2	444.8
0.0	22.7	474.3	11.9	8.7	444.8
0.0	20.4	483.8	11.9	8.7	445.2
0.0	19.2	486.4	11.9	8.2	445.2
0.0	19.8	477.4	11.8	8.1	445.2
0.0	20.3	471.5	11.8	8.2	445.2
0.0	20.5	449.6	11.8	8.0	445.2
1.7	22.0	264.4	11.7	7.1	445.2
2.6	20.3	29.3	11.7	3.6	445.2
0.0	21.9	110.5	11.7	4.8	445.2
0.0	21.2	243.6	11.6	7.1	445.2
0.0	17.2	448.6	11.6	7.2	445.2
0.0	16.5	455.4	11.6	7.2	445.2
0.0	17.3	447.5	11.6	7.7	445.2
0.0	17.6	355.2	11.5	6.8	445.2
0.0	17.7	416.4	11.5	7.7	445.2
0.0	18.3	440.0	11.5	8.1	445.2
0.0	19.0	402.5	11.4	8.2	445.2
0.0	19.1	433.3	11.4	7.8	445.2
0.0	21.7	410.2	11.4	7.8	445.2
0.1	22.8	345.0	11.3	6.9	445.2
0.0	22.2	313.9	11.3	8.1	445.2
0.0	14.6	428.7	11.3	5.8	445.2
0.0	12.9	420.3	11.3	6.3	445.2
0.0	12.7	423.1	11.2	6.2	445.2
0.0	14.3	412.5	11.2	6.4	445.2
0.0	15.7	403.9	11.2	6.5	445.2
0.0	15.7	245.5	11.2	6.6	445.2
0.0	16.2	399.9	11.1	7.3	445.2
0.0	16.0	402.3	11.1	7.2	445.2
0.0	16.2	400.2	11.1	7.2	445.2
0.0	16.5	394.0	11.0	7.2	445.2
0.0	17.3	387.7	11.0	6.6	445.2
0.0	17.2	378.1	11.0	6.1	447.0
0.0	11.0	381.8	11.0	5.0	447.0
0.0	11.1	389.9	10.9	5.1	447.0
0.0	14.5	374.5	10.9	6.4	447.0
0.0	16.9	347.1	10.9	6.8	447.0
0.0	17.7	325.0	10.9	6.1	447.0
0.0	17.5	118.9	10.8	4.1	447.0
0.1	18.1	163.4	10.8	4.8	447.0
0.0	17.8	326.0	10.8	5.9	447.0
0.0	18.3	296.2	10.8	5.4	447.0
0.0	18.4	340.7	10.7	6.3	447.0
0.0	19.9	339.5	10.7	6.4	447.0
0.0	20.9	333.2	10.7	6.6	447.0
0.1	20.5	326.8	10.7	6.5	447.0
6.5	15.9	52.0	10.6	3.9	447.0
4.2	14.0	13.6	10.6	0.9	447.0
4.3	14.3	40.0	10.6	3.1	447.0
2.7	14.4	62.5	10.6	2.8	447.0
2.4	16.0	130.7	10.6	3.5	447.0
18.5	12.4	20.4	10.5	4.7	447.0
0.0	6.6	330.7	10.5	3.3	447.0
0.0	7.7	329.3	10.5	3.5	447.0
6.2	13.9	272.3	10.5	4.6	447.0
27.2	15.1	41.7	10.5	4.0	447.0
1.6	11.0	166.1	10.4	2.9	447.0
0.2	15.5	138.5	10.4	4.1	447.0
2.1	19.5	217.1	10.4	4.5	447.0
11.1	14.4	37.3	10.4	4.0	447.0
4.3	9.9	29.4	10.4	1.7	447.0
6.3	9.1	30.9	10.4	1.4	447.0
1.4	7.2	53.7	10.3	2.5	449.0
0.0	-0.0	225.7	10.3	2.6	449.0
0.0	-2.2	324.1	10.3	2.0	449.0
0.0	1.9	317.1	10.3	3.0	449.0
0.0	5.9	185.4	10.3	3.1	449.0
0.0	9.7	188.8	10.3	3.7	449.0
0.1	10.4	205.7	10.3	2.9	449.0
0.1	11.0	169.9	10.3	3.1	449.0
0.0	14.5	251.7	10.2	4.8	449.0
2.0	16.9	272.7	10.2	4.4	449.0
0.1	5.4	128.6	10.2	4.2	449.0
0.0	-0.9	304.1	10.2	1.2	449.0
0.0	0.3	156.4	10.2	1.5	449.0
0.0	-1.0	296.4	10.2	2.0	449.0
0.0	-2.0	302.7	10.2	2.2	449.0
0.0	0.9	279.1	10.2	2.7	449.0
0.0	3.9	294.7	10.2	3.4	449.0
0.0	6.8	257.8	10.2	3.4	449.0
8.4	8.3	64.9	10.2	2.1	449.0
27.2	9.4	16.3	10.2	2.1	449.0
3.2	9.3	72.1	10.2	2.0	449.0
2.9	8.9	35.5	10.2	1.5	449.0
1.2	6.7	57.3	10.2	2.6	449.0
0.4	2.8	55.8	10.2	1.9	449.0
0.1	2.1	297.5	10.2	2.8	449.0
0.1	2.5	256.7	10.2	3.1	449.0
0.3	3.6	253.5	10.2	2.8	449.0
0.1	4.2	203.9	10.2	2.7	449.0
0.0	8.5	282.4	10.2	3.7	449.0
0.2	10.4	212.5	10.2	4.1	449.0
0.1	11.6	77.9	10.2	3.4	449.0
2.4	13.1	175.2	10.2	3.7	451.1
2.7	13.6	55.6	10.2	2.3	451.1
3.8	11.0	90.8	10.2	5.1	451.1
0.3	0.5	156.1	10.2	1.7	451.1
0.0	1.0	262.8	10.3	2.4	451.1
0.0	3.2	280.3	10.3	3.2	451.1
0.4	5.8	263.7	10.3	3.5	451.1
0.0	4.6	190.9	10.3	2.8	451.1
0.0	7.8	215.6	10.3	4.0	451.1
4.7	8.8	135.2	10.3	4.0	451.1
0.1	0.4	116.1	10.3	2.0	451.1
0.0	1.2	264.3	10.3	2.6	451.1
0.0	2.9	280.4	10.4	3.1	451.1
0.1	4.0	281.2	10.4	3.4	451.1
0.1	1.6	141.8	10.4	2.6	451.1
0.0	4.6	273.4	10.4	3.6	451.1
0.0	4.3	326.6	10.4	3.6	451.1
0.0	3.0	326.4	10.4	3.3	451.1
0.0	6.5	335.1	10.5	4.5	451.1
0.0	9.3	343.5	10.5	5.5	451.1
0.0	12.6	279.4	10.5	6.0	451.1
0.0	14.7	279.7	10.5	5.8	451.1
4.8	12.9	137.1	10.5	4.9	451.1
0.1	14.5	162.9	10.6	4.7	451.1
9.6	14.6	86.4	10.6	5.0	451.1
11.2	6.7	26.5	10.6	3.5	451.1
0.2	3.2	149.6	10.6	1.8	451.1
0.3	6.3	262.3	10.6	3.2	451.1
17.4	13.7	231.5	10.7	5.3	451.1
28.6	2.7	21.7	10.7	3.9	451.1
1.2	-4.4	104.1	10.7	1.4	451.1
0.1	-3.3	344.5	10.7	1.9	452.2
0.2	1.5	365.7	10.8	3.4	452.2
4.2	9.2	226.0	10.8	4.6	452.2
0.2	5.7	69.9	10.8	4.7	452.2
6.3	5.2	380.0	10.8	3.4	452.2
5.9	7.4	198.3	10.9	3.3	452.2
1.1	6.2	85.4	10.9	3.6	452.2
0.1	-0.4	279.9	10.9	2.7	452.2
0.0	-3.3	269.9	10.9	2.2	452.2
0.0	-0.9	406.5	11.0	3.1	452.2
0.0	4.6	407.2	11.0	4.6	452.2
0.0	2.7	368.3	11.0	3.7	452.2
1.2	7.5	394.7	11.1	4.9	452.2
0.0	3.9	259.8	11.1	4.4	452.2
10.0	6.6	408.8	11.1	4.6	452.2
15.1	8.3	56.4	11.1	3.2	452.2
1.3	6.6	123.8	11.2	2.9	452.2
0.0	3.3	251.2	11.2	3.1	452.2
0.0	2.7	400.1	11.2	3.3	452.2
0.0	3.1	425.5	11.3	4.3	452.2
0.0	3.1	443.0	11.3	3.9	452.2
0.0	7.2	433.6	11.3	5.5	452.2
0.0	8.0	170.1	11.3	5.1	452.2
0.0	11.0	356.5	11.4	6.2	452.2
0.0	12.5	374.0	11.4	7.2	452.2
0.0	9.3	438.0	11.4	4.7	452.2
38.4	5.7	51.2	11.5	3.0	452.2
11.2	10.2	52.3	11.5	3.5	452.2
0.0	16.9	254.5	11.5	6.7	452.7
4.1	14.8	179.8	11.5	8.0	452.7
9.0	4.0	36.3	11.6	1.4	452.7
2.2	5.1	132.1	11.6	2.4	452.7
0.1	6.5	286.9	11.6	4.4	452.7
0.0	4.6	461.0	11.7	4.9	452.7
0.0	5.5	436.2	11.7	4.2	452.7
1.0	6.7	145.2	11.7	3.7	452.7
0.0	5.0	450.4	11.8	4.5	452.7
3.0	11.2	412.8	11.8	6.7	452.7
0.9	8.4	117.1	11.8	4.0	452.7
0.0	10.7	453.9	11.9	5.2	452.7
19.0	10.7	114.0	11.9	3.4	452.7
6.0	12.1	108.4	11.9	3.9	452.7
1.6	12.0	110.7	11.9	4.0	452.7
1.9	12.3	254.6	12.0	5.1	452.7
16.5	14.3	262.9	12.0	6.4	452.7
3.1	10.6	122.8	12.0	4.6	452.7
0.0	8.7	227.5	12.1	4.8	452.7
0.0	9.2	515.3	12.1	5.9	452.7
0.0	12.3	520.6	12.1	6.8	452.7
0.0	14.0	517.8	12.2	7.8	452.7
0.0	16.8	512.2	12.2	8.3	452.7
0.0	17.8	513.7	12.2	9.1	452.7
1.5	18.0	461.0	12.3	10.3	452.7
0.0	10.7	413.2	12.3	6.6	452.7
11.1	10.8	276.3	12.3	5.6	452.7
22.5	12.7	63.2	12.3	5.3	452.7
0.7	10.2	129.9	12.4	3.8	452.7
0.0	13.7	469.0	12.4	7.4	452.7
0.0	11.6	475.3	12.4	5.5	452.7
17.2	14.3	119.0	12.5	6.9	453.1
43.0	12.3	118.1	12.5	9.7	453.1
0.0	6.4	582.5	12.5	5.6	453.1
0.0	10.0	382.0	12.6	5.8	453.1
27.0	15.3	294.1	12.6	7.3	453.1
22.3	16.3	85.0	12.6	6.3	453.1
3.1	10.9	40.7	12.6	4.0	453.1
16.2	13.8	318.2	12.7	6.3	453.1
10.1	13.5	54.9	12.7	4.5	453.1
24.6	11.3	46.0	12.7	4.8	453.1
42.3	7.5	41.5	12.8	3.5	453.1
14.5	6.7	38.6	12.8	2.0	453.1
4.6	7.3	104.7	12.8	3.6	453.1
8.8	7.4	77.6	12.9	3.2	453.1
22.6	6.4	38.1	12.9	2.2	453.1
5.3	6.7	70.4	12.9	3.3	453.1
0.5	9.9	301.7	12.9	5.5	453.1
13.3	11.9	193.9	13.0	5.7	453.1
19.7	11.1	68.4	13.0	3.4	453.1
24.5	15.3	111.0	13.0	5.1	453.1
2.1	14.3	116.3	13.0	6.5	453.1
0.0	12.4	493.3	13.1	7.3	453.1
60.4	14.8	102.5	13.1	5.9	453.1
0.0	11.1	274.1	13.1	6.0	453.1
0.0	12.1	501.0	13.2	8.1	453.1
0.0	14.6	606.1	13.2	8.2	453.1
10.5	14.9	293.1	13.2	6.8	453.1
27.9	16.3	283.5	13.2	10.8	453.1
0.0	9.0	332.4	13.3	4.7	453.1
6.5	9.6	183.7	13.3	4.1	453.1
0.3	12.2	425.4	13.3	7.9	453.5
0.0	16.9	608.8	13.3	10.8	453.5
43.4	18.2	526.5	13.4	8.4	453.5
33.4	19.3	39.2	13.4	6.4	453.5
0.3	17.3	359.2	13.4	7.4	453.5
6.9	21.0	549.0	13.4	9.9	453.5
11.5	17.3	70.2	13.5	6.1	453.5
0.1	17.0	649.5	13.5	9.3	453.5
0.0	20.2	549.6	13.5	9.5	453.5
5.3	21.4	298.8	13.5	7.1	453.5
15.2	21.2	148.6	13.6	7.2	453.5
0.2	24.6	523.1	13.6	10.9	453.5
68.0	23.5	384.1	13.6	8.7	453.5
15.5	22.3	118.3	13.6	5.5	453.5
36.0	23.2	214.5	13.7	7.3	453.5
5.5	17.8	109.0	13.7	8.8	453.5
0.0	16.1	638.5	13.7	8.4	453.5
0.0	17.9	620.0	13.7	9.0	453.5
5.7	19.7	283.5	13.7	7.9	453.5
2.3	22.2	230.1	13.8	8.6	453.5
5.6	22.8	185.2	13.8	7.7	453.5
2.9	24.5	515.1	13.8	10.4	453.5
31.7	24.4	423.9	13.8	9.1	453.5
28.5	22.0	105.2	13.8	4.5	453.5
1.6	22.4	59.8	13.8	5.3	453.5
3.4	21.0	68.5	13.9	8.7	453.5
0.2	18.4	469.7	13.9	8.6	453.5
0.0	22.1	542.5	13.9	10.8	453.5
10.9	21.6	182.9	13.9	8.5	453.5
0.0	18.0	478.9	13.9	9.0	453.5
0.0	22.9	606.4	13.9	11.3	453.5
20.6	24.5	457.1	13.9	9.0	452.4
28.5	23.3	262.5	14.0	7.6	452.4
0.1	23.2	541.7	14.0	10.5	452.4
0.0	23.0	649.6	14.0	11.7	452.4
0.0	21.8	678.8	14.0	11.0	452.4
0.1	23.6	634.7	14.0	9.6	452.4
0.2	23.8	319.5	14.0	8.9	452.4
0.1	24.9	614.9	14.0	11.3	452.4
0.0	25.9	662.2	14.0	11.9	452.4
0.0	26.5	594.1	14.0	10.6	452.4
0.1	24.1	281.9	14.0	10.0	452.4
0.0	22.5	430.1	14.1	9.6	452.4
0.0	24.0	656.5	14.1	10.3	452.4
1.2	24.5	347.2	14.1	9.0	452.4
0.5	19.7	246.4	14.1	8.6	452.4
0.1	22.2	671.0	14.1	10.9	452.4
0.0	25.6	665.4	14.1	11.8	452.4
0.0	26.2	672.1	14.1	13.1	452.4
0.0	27.4	658.8	14.1	12.1	452.4
11.8	27.5	553.6	14.1	12.3	452.4
3.4	22.6	151.1	14.1	5.5	452.4
0.7	22.7	161.6	14.1	6.2	452.4
0.0	22.0	301.7	14.1	8.8	452.4
0.0	22.4	568.0	14.1	9.6	452.4
0.2	23.4	508.2	14.1	10.7	452.4
0.0	23.7	658.3	14.1	11.8	452.4
0.1	23.8	485.9	14.1	9.7	452.4
0.1	22.8	175.6	14.1	8.7	452.4
0.1	24.0	580.1	14.1	9.6	452.4
0.0	24.6	506.3	14.1	10.5	452.4
2.2	25.5	586.7	14.1	12.1	449.6
3.7	25.8	629.7	14.0	12.5	449.6
8.5	25.9	518.9	14.0	11.2	449.6
26.6	25.9	557.8	14.0	9.1	449.6
2.9	25.6	248.5	14.0	6.9	449.6
16.5	24.7	200.3	14.0	7.6	449.6
8.5	24.2	99.3	14.0	6.2	449.6
26.5	25.3	398.0	14.0	9.0	449.6
20.7	25.8	575.5	14.0	8.5	449.6
11.7	26.0	407.8	14.0	10.0	449.6
8.5	26.0	370.8	14.0	8.7	449.6
7.3	25.7	335.6	14.0	9.8	449.6
5.8	26.1	601.0	13.9	10.4	449.6
0.1	26.9	617.2	13.9	10.9	449.6
7.3	27.4	565.1	13.9	11.3	449.6
5.5	26.4	297.0	13.9	10.4	449.6
3.8	27.0	583.2	13.9	11.8	449.6
1.3	26.8	603.4	13.9	11.8	449.6
7.5	26.9	623.9	13.8	11.5	449.6
5.8	27.2	585.4	13.8	11.0	449.6
14.9	26.4	366.6	13.8	9.3	449.6
13.8	25.2	157.3	13.8	6.8	449.6
3.8	26.7	464.5	13.8	10.0	449.6
0.8	26.9	484.6	13.8	9.9	449.6
2.6	27.0	547.1	13.7	10.0	449.6
10.0	26.6	559.7	13.7	10.1	449.6
10.5	26.6	574.4	13.7	10.3	449.6
10.9	27.1	564.0	13.7	9.6	449.6
9.3	27.2	585.9	13.7	10.0	449.6
4.2	27.5	602.2	13.6	10.7	449.6
20.2	26.2	537.3	13.6	8.5	449.6
21.0	25.8	377.4	13.6	6.9	447.3
14.0	26.0	348.4	13.6	9.6	447.3
17.3	26.6	511.1	13.6	9.7	447.3
15.7	26.8	517.9	13.5	9.6	447.3
11.1	26.9	500.2	13.5	9.0	447.3
2.6	27.2	455.8	13.5	9.8	447.3
4.2	27.8	587.3	13.5	11.2	447.3
9.0	27.5	570.9	13.4	10.2	447.3
14.0	26.6	325.5	13.4	8.7	447.3
11.6	26.1	338.0	13.4	9.7	447.3
0.1	27.5	550.2	13.4	9.9	447.3
0.0	28.2	599.1	13.3	10.2	447.3
6.6	27.4	587.5	13.3	10.7	447.3
8.2	26.5	538.9	13.3	9.4	447.3
11.6	26.0	574.6	13.3	9.5	447.3
11.2	26.0	554.8	13.2	8.8	447.3
9.2	26.5	562.2	13.2	9.0	447.3
1.4	26.9	529.6	13.2	9.5	447.3
3.5	26.9	558.7	13.2	10.1	447.3
6.4	27.0	522.0	13.1	10.3	447.3
1.6	27.6	557.8	13.1	10.4	447.3
1.2	27.6	574.1	13.1	9.8	447.3
6.5	26.9	560.1	13.0	10.2	447.3
4.0	27.3	559.3	13.0	10.0	447.3
0.0	27.0	562.2	13.0	9.7	447.3
3.1	26.9	494.3	13.0	8.5	447.3
0.0	25.8	492.9	12.9	10.5	447.3
0.0	25.5	570.1	12.9	10.2	447.3
0.0	25.8	563.7	12.9	10.1	447.3
0.0	25.8	553.4	12.8	9.9	447.3
0.0	26.0	560.6	12.8	9.5	447.3
0.0	26.8	500.9	12.8	9.0	446.7
0.2	25.2	266.4	12.8	8.5	446.7
0.5	25.9	442.3	12.7	8.8	446.7
0.3	23.6	192.1	12.7	7.5	446.7
0.0	23.9	383.5	12.7	9.7	446.7
0.0	24.4	548.1	12.6	10.4	446.7
0.0	25.2	546.2	12.6	10.5	446.7
0.0	25.3	539.4	12.6	10.6	446.7
0.0	25.6	508.5	12.6	10.4	446.7
0.0	26.1	524.8	12.5	10.6	446.7
0.0	25.8	448.6	12.5	10.2	446.7
0.0	26.2	439.5	12.5	9.9	446.7
0.0	25.7	514.0	12.4	9.8	446.7
0.0	24.8	390.3	12.4	8.7	446.7
0.0	23.9	522.4	12.4	10.4	446.7
0.0	22.9	501.9	12.3	9.4	446.7
0.0	23.3	496.6	12.3	9.7	446.7
0.0	23.8	521.1	12.3	9.8	446.7
0.0	24.2	516.7	12.3	9.9	446.7
0.0	23.8	509.9	12.2	9.7	446.7
0.0	24.1	508.1	12.2	9.3	446.7
0.0	23.5	482.6	12.2	9.5	446.7
0.0	21.6	261.3	12.1	7.4	446.7
0.0	21.8	494.3	12.1	7.8	446.7
0.0	22.2	487.7	12.1	8.2	446.7
0.0	24.6	450.5	12.0	8.7	446.7
0.0	23.3	346.5	12.0	7.0	446.7
0.0	21.8	327.6	12.0	7.2	446.7
0.0	20.6	439.4	12.0	8.1	446.7
0.0	19.9	488.6	11.9	8.1	446.7
0.0	21.4	474.0	11.9	8.5	447.1
0.0	21.2	469.1	11.9	8.0	447.1
0.1	22.5	289.1	11.8	7.6	447.1
0.0	23.4	451.9	11.8	8.0	447.1
0.0	23.9	443.5	11.8	7.9	447.1
0.0	21.3	421.4	11.7	7.9	447.1
0.0	17.4	471.7	11.7	7.1	447.1
0.0	15.9	474.0	11.7	7.7	447.1
0.0	15.5	473.0	11.7	7.4	447.1
0.0	17.1	466.2	11.6	8.0	447.1
0.0	17.0	455.0	11.6	7.4	447.1
0.0	18.5	449.3	11.6	7.4	447.1
0.0	18.7	442.9	11.5	7.7	447.1
0.0	19.0	435.1	11.5	7.8	447.1
0.0	19.4	439.0	11.5	7.2	447.1
0.0	13.2	452.8	11.4	5.4	447.1
0.0	12.3	444.8	11.4	5.6	447.1
0.0	14.7	426.4	11.4	6.4	447.1
0.0	17.8	413.3	11.4	7.1	447.1
0.0	19.0	414.1	11.3	7.0	447.1
0.4	21.3	392.6	11.3	7.1	447.1
0.2	14.7	120.0	11.3	5.9	447.1
0.0	11.7	423.8	11.2	5.7	447.1
0.0	13.9	412.2	11.2	6.1	447.1
0.0	17.0	334.6	11.2	6.2	447.1
0.0	18.2	293.4	11.2	6.6	447.1
0.0	19.9	388.2	11.1	7.1	447.1
0.0	21.6	374.4	11.1	7.1	447.1
0.1	21.9	278.4	11.1	6.0	447.1
0.0	22.2	111.7	11.0	5.7	447.1
0.2	21.9	155.9	11.0	5.5	447.1
0.4	20.5	194.3	11.0	5.1	448.8
0.2	18.3	148.9	11.0	5.0	448.8
0.0	18.7	329.0	10.9	6.0	448.8
0.0	19.6	336.1	10.9	5.9	448.8
0.0	21.0	282.6	10.9	5.8	448.8
0.0	21.7	292.7	10.9	5.9	448.8
12.6	21.0	277.0	10.8	5.3	448.8
8.1	21.2	155.8	10.8	4.3	448.8
4.9	21.2	256.8	10.8	4.9	448.8
5.0	20.1	158.8	10.8	3.7	448.8
2.4	19.4	89.2	10.7	2.7	448.8
1.2	19.5	72.2	10.7	3.3	448.8
3.4	19.2	155.7	10.7	4.3	448.8
1.1	18.8	89.1	10.7	2.8	448.8
1.1	20.2	213.8	10.6	4.5	448.8
8.1	19.3	131.9	10.6	4.8	448.8
2.0	15.5	90.5	10.6	2.2	448.8
0.1	15.8	79.6	10.6	3.2	448.8
1.4	17.0	178.6	10.6	3.6	448.8
1.2	16.7	109.5	10.5	3.4	448.8
0.2	17.4	206.5	10.5	4.1	448.8
0.0	19.1	315.7	10.5	4.6	448.8
2.2	19.6	308.7	10.5	5.3	448.8
6.7	8.3	20.0	10.5	4.2	448.8
4.0	5.1	21.6	10.4	1.0	448.8
2.9	7.7	23.6	10.4	2.3	448.8
2.1	13.1	270.0	10.4	4.4	448.8
7.3	7.8	19.7	10.4	2.4	448.8
2.2	5.6	18.3	10.4	1.2	448.8
2.6	4.6	39.5	10.4	1.4	448.8
1.4	5.9	158.1	10.3	2.6	450.9
0.2	4.5	287.4	10.3	3.0	450.9
0.1	6.4	269.8	10.3	3.8	450.9
0.9	5.7	244.8	10.3	3.9	450.9
0.0	-1.6	221.6	10.3	1.8	450.9
0.0	-1.6	318.5	10.3	2.2	450.9
0.3	2.3	139.4	10.3	2.4	450.9
0.1	4.3	87.0	10.3	2.6	450.9
0.1	6.3	265.1	10.2	3.5	450.9
0.0	3.0	253.7	10.2	2.7	450.9
0.0	5.7	271.7	10.2	3.7	450.9
0.0	9.5	297.7	10.2	4.5	450.9
0.0	11.6	301.5	10.2	5.4	450.9
0.7	12.3	287.8	10.2	4.4	450.9
0.4	12.3	61.1	10.2	2.8	450.9
0.1	15.0	236.0	10.2	3.9	450.9
0.1	17.4	274.8	10.2	4.3	450.9
0.4	18.3	219.3	10.2	4.6	450.9
2.8	10.5	22.3	10.2	3.7	450.9
6.0	5.5	16.2	10.2	2.4	450.9
3.4	3.1	75.0	10.2	1.0	450.9
20.7	3.7	22.3	10.2	2.1	450.9
0.0	-0.9	291.5	10.2	1.9	450.9
0.2	0.0	249.8	10.2	2.0	450.9
40.1	5.0	48.2	10.2	2.7	450.9
5.6	1.0	59.1	10.2	0.8	450.9
6.2	1.6	29.2	10.2	1.0	450.9
5.4	2.3	51.7	10.2	1.3	450.9
20.5	3.0	17.8	10.2	1.6	450.9
1.6	1.2	45.4	10.2	1.7	450.9
0.0	2.7	304.9	10.2	2.9	450.9
0.0	0.5	304.5	10.2	2.4	453.0
0.5	0.7	204.5	10.2	2.5	453.0
6.7	1.3	98.0	10.2	1.9	453.0
5.4	5.8	73.6	10.2	2.3	453.0
19.3	8.8	19.1	10.3	1.7	453.0
1.7	6.4	31.3	10.3	2.0	453.0
4.6	3.6	46.4	10.3	1.8	453.0
1.7	0.8	63.7	10.3	1.5	453.0
0.0	-0.6	314.1	10.3	2.1	453.0
0.0	0.9	252.0	10.3	2.5	453.0
1.0	-1.0	230.5	10.3	2.0	453.0
0.1	-4.7	197.9	10.3	1.8	453.0
0.0	-2.1	309.0	10.4	2.4	453.0
0.1	0.1	294.9	10.4	2.4	453.0
0.0	-3.1	183.0	10.4	1.7	453.0
0.0	-2.5	337.3	10.4	2.3	453.0
0.0	1.7	331.8	10.4	3.4	453.0
0.0	2.7	198.4	10.4	2.6	453.0
0.0	-0.5	283.7	10.5	2.5	453.0
0.0	-1.5	333.5	10.5	2.6	453.0
0.4	4.4	330.9	10.5	3.6	453.0
0.0	2.2	186.5	10.5	3.0	453.0
0.0	5.9	344.5	10.5	4.6	453.0
0.0	8.0	344.6	10.6	4.9	453.0
0.0	9.5	347.2	10.6	5.5	453.0
0.0	11.9	311.1	10.6	6.0	453.0
0.1	11.8	336.2	10.6	5.4	453.0
0.0	13.2	333.6	10.6	6.0	453.0
0.4	11.1	200.0	10.7	5.0	453.0
5.0	6.8	44.8	10.7	2.4	453.0
6.3	7.9	41.6	10.7	2.4	453.0
0.1	13.5	258.9	10.7	5.7	454.1
5.1	13.6	340.7	10.8	7.1	454.1
1.9	-0.9	48.4	10.8	1.8	454.1
10.2	0.6	39.0	10.8	1.8	454.1
8.4	1.2	20.2	10.8	0.9	454.1
4.5	4.9	62.6	10.9	3.0	454.1
0.0	12.6	134.8	10.9	4.8	454.1
0.0	17.1	315.7	10.9	5.7	454.1
2.4	15.1	159.7	10.9	5.9	454.1
7.0	10.6	66.9	11.0	3.7	454.1
11.5	4.6	19.5	11.0	2.9	454.1
11.6	-2.5	33.6	11.0	2.2	454.1
0.0	-5.2	124.5	11.0	0.9	454.1
0.0	-3.1	352.3	11.1	2.1	454.1
0.0	-1.4	207.6	11.1	2.6	454.1
0.0	5.5	384.7	11.1	4.0	454.1
0.5	11.9	207.8	11.2	5.5	454.1
3.8	14.5	116.9	11.2	5.1	454.1
6.0	7.7	121.6	11.2	3.2	454.1
2.7	6.7	33.6	11.2	3.4	454.1
5.1	6.0	79.8	11.3	5.8	454.1
11.7	9.3	231.8	11.3	5.6	454.1
10.2	4.1	29.3	11.3	1.9	454.1
24.5	6.2	68.3	11.4	2.0	454.1
2.3	4.8	198.9	11.4	4.1	454.1
0.0	2.4	440.1	11.4	3.7	454.1
1.1	9.2	433.5	11.5	5.6	454.1
6.0	17.9	303.1	11.5	7.0	454.1
2.1	7.0	161.7	11.5	3.7	454.6
6.0	6.8	30.2	11.5	2.2	454.6
0.5	10.2	65.9	11.6	4.1	454.6
3.4	12.0	236.0	11.6	8.7	454.6
0.4	3.1	140.0	11.6	2.3	454.6
0.7	6.6	105.7	11.7	3.6	454.6
3.0	14.1	151.3	11.7	6.5	454.6
1.9	6.3	180.4	11.7	4.9	454.6
12.6	0.2	114.0	11.8	1.9	454.6
8.0	1.3	77.0	11.8	1.9	454.6
15.7	3.1	30.1	11.8	3.2	454.6
0.8	11.3	79.7	11.8	6.0	454.6
4.3	16.9	213.2	11.9	8.3	454.6
6.8	6.4	54.0	11.9	4.5	454.6
0.0	10.6	404.7	11.9	5.7	454.6
6.1	13.4	231.2	12.0	5.1	454.6
17.0	11.4	88.6	12.0	6.7	454.6
0.6	5.3	114.1	12.0	3.3	454.6
46.1	9.6	383.9	12.1	5.0	454.6
11.1	9.1	30.7	12.1	4.8	454.6
28.1	8.2	40.4	12.1	2.2	454.6
37.1	10.9	36.4	12.2	4.8	454.6
24.8	16.7	70.5	12.2	6.2	454.6
17.9	16.5	80.5	12.2	4.6	454.6
30.9	18.1	70.4	12.2	5.7	454.6
18.9	18.6	66.8	12.3	4.0	454.6
27.8	11.9	99.5	12.3	9.2	454.6
2.9	5.9	107.0	12.3	2.7	454.6
5.2	9.2	524.4	12.4	5.5	454.6
18.6	6.1	48.0	12.4	3.9	454.6
0.1	8.9	369.3	12.4	6.1	454.6
28.3	11.2	237.1	12.5	6.2	454.9
0.0	4.7	552.1	12.5	4.7	454.9
0.0	11.6	549.3	12.5	7.6	454.9
13.9	18.4	372.8	12.5	9.0	454.9
34.4	16.7	71.4	12.6	8.5	454.9
22.9	6.3	36.7	12.6	5.3	454.9
7.4	5.0	47.4	12.6	1.9	454.9
16.0	6.1	41.0	12.7	2.4	454.9
0.9	6.2	76.8	12.7	2.1	454.9
15.5	7.3	94.5	12.7	2.7	454.9
1.0	6.5	69.4	12.8	2.8	454.9
0.0	9.8	272.1	12.8	5.6	454.9
12.2	9.2	88.7	12.8	3.2	454.9
1.6	10.0	73.7	12.8	4.5	454.9
2.2	14.6	534.6	12.9	7.1	454.9
34.1	13.3	108.5	12.9	4.2	454.9
38.7	19.1	70.2	12.9	7.9	454.9
0.2	19.1	532.7	13.0	7.5	454.9
8.8	22.7	225.8	13.0	11.6	454.9
10.2	9.5	39.2	13.0	5.0	454.9
11.9	17.9	136.6	13.0	9.6	454.9
7.6	10.9	38.2	13.1	8.5	454.9
22.6	8.9	66.0	13.1	2.7	454.9
0.5	11.4	295.0	13.1	6.9	454.9
0.6	12.9	335.2	13.2	6.8	454.9
7.4	9.9	92.7	13.2	3.6	454.9
7.1	10.6	87.7	13.2	3.3	454.9
39.9	16.5	425.9	13.2	8.3	454.9
14.2	20.8	141.0	13.3	5.9	454.9
1.2	17.7	76.4	13.3	7.8	454.9
0.1	20.0	438.4	13.3	9.5	455.3
0.0	20.7	601.5	13.3	10.3	455.3
0.3	22.3	463.8	13.4	8.6	455.3
10.7	22.7	226.1	13.4	11.1	455.3
1.8	16.2	120.0	13.4	4.9	455.3
16.2	19.6	233.3	13.4	8.1	455.3
25.4	18.8	35.8	13.5	3.3	455.3
0.3	17.8	178.6	13.5	7.8	455.3
0.0	18.1	560.2	13.5	9.9	455.3
0.0	18.0	540.3	13.5	7.9	455.3
0.0	17.5	502.2	13.6	9.0	455.3
0.1	19.0	613.8	13.6	9.9	455.3
0.0	18.9	412.1	13.6	9.4	455.3
9.1	20.4	381.9	13.6	9.2	455.3
5.8	21.6	181.5	13.6	6.9	455.3
0.2	22.5	383.8	13.7	10.6	455.3
0.1	23.8	609.1	13.7	11.9	455.3
0.1	23.6	589.5	13.7	9.9	455.3
10.8	24.2	518.2	13.7	11.0	455.3
117.0	21.8	67.7	13.7	5.8	455.3
1.9	19.7	246.1	13.8	8.4	455.3
1.7	17.2	101.7	13.8	5.0	455.3
0.3	21.1	580.5	13.8	9.8	455.3
8.5	23.8	399.1	13.8	10.2	455.3
18.7	19.7	74.4	13.8	8.7	455.3
52.7	14.5	31.9	13.9	4.9	455.3
4.2	14.3	59.5	13.9	4.4	455.3
0.5	16.9	476.6	13.9	8.5	455.3
1.0	22.3	386.8	13.9	9.7	455.3
8.8	26.9	455.6	13.9	10.1	455.3
5.1	20.3	106.6	13.9	11.5	455.3
0.0	17.6	384.3	13.9	7.8	454.3
14.1	16.2	124.2	14.0	3.3	454.3
29.3	20.2	80.3	14.0	7.6	454.3
1.4	22.4	64.8	14.0	6.8	454.3
3.6	22.2	159.7	14.0	8.9	454.3
48.8	19.0	74.4	14.0	5.0	454.3
1.0	18.8	210.8	14.0	7.5	454.3
0.0	22.3	663.1	14.0	10.9	454.3
0.3	23.1	636.6	14.0	9.6	454.3
0.0	22.5	653.4	14.0	10.9	454.3
0.8	22.2	520.2	14.0	10.1	454.3
0.0	20.9	373.6	14.1	8.4	454.3
0.0	22.3	672.9	14.1	11.2	454.3
0.0	24.5	648.2	14.1	10.9	454.3
2.3	23.1	196.9	14.1	8.9	454.3
4.2	20.2	60.1	14.1	4.1	454.3
0.3	23.5	317.2	14.1	8.8	454.3
0.6	25.1	599.2	14.1	12.2	454.3
0.1	25.9	633.7	14.1	11.6	454.3
0.0	25.8	619.0	14.1	11.8	454.3
0.0	26.5	616.1	14.1	10.9	454.3
0.7	26.3	347.3	14.1	8.7	454.3
5.0	24.8	208.7	14.1	8.9	454.3
0.3	23.1	401.2	14.1	9.5	454.3
0.0	23.8	533.8	14.1	9.2	454.3
0.0	21.0	187.6	14.1	8.3	454.3
0.0	23.2	638.4	14.1	9.9	454.3
0.1	24.3	341.1	14.1	9.2	454.3
2.6	26.4	397.6	14.1	9.4	454.3
6.6	25.3	129.4	14.1	5.6	454.3
1.9	26.2	165.5	14.1	6.7	451.4
9.4	26.3	241.7	14.1	9.3	451.4
20.6	25.0	119.2	14.0	6.7	451.4
17.2	25.8	424.6	14.0	8.1	451.4
14.9	26.8	455.8	14.0	8.9	451.4
18.1	26.9	462.2	14.0	10.2	451.4
5.8	27.2	388.9	14.0	10.4	451.4
15.5	26.7	503.6	14.0	9.4	451.4
19.2	25.6	442.8	14.0	8.7	451.4
2.7	24.8	61.1	14.0	5.3	451.4
5.8	24.8	116.6	14.0	6.3	451.4
16.4	25.8	393.7	14.0	9.5	451.4
18.9	25.1	300.8	13.9	7.3	451.4
14.3	26.0	430.7	13.9	9.9	451.4
11.2	26.6	571.4	13.9	9.8	451.4
14.1	26.5	515.3	13.9	9.1	451.4
5.4	26.4	312.1	13.9	8.4	451.4
4.9	27.4	534.2	13.9	9.8	451.4
4.5	27.8	551.7	13.9	10.5	451.4
0.0	28.6	613.6	13.8	11.0	451.4
1.4	28.5	592.6	13.8	10.5	451.4
4.9	27.4	425.6	13.8	10.6	451.4
21.6	26.7	421.1	13.8	8.7	451.4
30.7	26.4	373.8	13.8	8.1	451.4
23.9	25.8	211.8	13.7	8.3	451.4
20.1	26.8	482.1	13.7	8.8	451.4
16.2	27.2	490.3	13.7	10.0	451.4
13.3	27.3	601.6	13.7	10.5	451.4
12.4	27.1	574.2	13.7	10.5	451.4
8.7	27.6	544.1	13.6	10.1	451.4
7.0	27.6	513.2	13.6	10.4	451.4
19.7	27.1	359.8	13.6	8.5	449.1
9.5	26.7	223.8	13.6	8.1	449.1
8.3	26.9	471.0	13.6	9.9	449.1
5.1	25.9	330.4	13.5	8.8	449.1
2.3	25.8	449.9	13.5	8.6	449.1
5.2	26.2	529.3	13.5	9.7	449.1
3.5	27.1	536.4	13.5	10.0	449.1
8.9	27.1	562.1	13.4	10.4	449.1
5.2	27.0	589.4	13.4	10.4	449.1
2.0	27.3	543.7	13.4	8.7	449.1
19.3	26.4	423.1	13.4	8.2	449.1
12.2	26.8	432.5	13.3	9.0	449.1
16.2	27.0	447.0	13.3	8.6	449.1
8.0	27.3	497.5	13.3	9.4	449.1
26.1	26.8	386.7	13.3	8.5	449.1
26.5	24.2	264.1	13.2	7.7	449.1
4.3	22.5	51.2	13.2	6.0	449.1
2.1	20.7	163.4	13.2	6.0	449.1
0.8	19.5	101.0	13.2	5.5	449.1
0.1	21.3	599.8	13.1	9.7	449.1
0.0	23.4	519.4	13.1	9.2	449.1
0.2	24.7	345.5	13.1	7.5	449.1
10.0	26.9	532.6	13.0	9.9	449.1
11.2	26.8	491.8	13.0	9.5	449.1
2.9	27.8	475.3	13.0	10.4	449.1
0.1	28.3	567.1	13.0	10.4	449.1
5.5	27.9	553.8	12.9	9.5	449.1
9.2	27.1	531.9	12.9	10.4	449.1
5.2	27.4	523.9	12.9	9.2	449.1
12.3	27.2	503.9	12.9	8.8	449.1
10.7	27.3	504.9	12.8	8.7	449.1
12.5	26.9	486.2	12.8	9.1	448.5
8.5	26.3	410.6	12.8	7.9	448.5
11.4	26.4	425.4	12.7	8.8	448.5
10.0	27.1	519.6	12.7	8.9	448.5
7.2	27.3	455.4	12.7	9.3	448.5
1.3	27.9	517.2	12.6	9.1	448.5
13.1	26.7	514.4	12.6	9.2	448.5
0.1	26.2	470.7	12.6	9.4	448.5
0.0	24.7	494.5	12.6	10.3	448.5
0.0	22.8	546.8	12.5	9.8	448.5
0.0	22.8	542.2	12.5	8.3	448.5
0.0	22.4	485.2	12.5	7.0	448.5
0.0	22.2	420.2	12.4	7.9	448.5
1.2	22.0	330.7	12.4	7.6	448.5
8.4	18.9	25.4	12.4	2.1	448.5
3.1	19.5	40.4	12.4	3.2	448.5
1.6	21.8	135.5	12.3	4.5	448.5
0.3	22.9	167.6	12.3	6.9	448.5
3.5	24.4	369.3	12.3	7.4	448.5
5.6	16.1	93.8	12.2	9.1	448.5
0.0	15.5	519.0	12.2	6.7	448.5
0.0	17.6	511.1	12.2	7.6	448.5
0.0	19.0	507.2	12.1	8.1	448.5
0.0	19.6	499.2	12.1	8.3	448.5
0.0	19.4	505.0	12.1	8.7	448.5
0.0	21.3	513.3	12.0	9.4	448.5
0.0	20.1	501.3	12.0	9.1	448.5
0.0	20.8	488.7	12.0	9.1	448.5
0.0	22.6	487.8	12.0	9.0	448.5
0.0	23.4	478.2	11.9	9.4	448.5
0.0	22.8	481.1	11.9	9.5	449.0
0.0	23.8	465.9	11.9	8.7	449.0
0.0	21.1	448.2	11.8	8.1	449.0
0.0	22.1	460.4	11.8	8.6	449.0
0.0	21.5	460.1	11.8	8.3	449.0
0.0	20.9	459.7	11.7	8.1	449.0
0.0	20.4	454.6	11.7	8.0	449.0
0.0	21.1	455.0	11.7	7.7	449.0
0.0	22.1	441.3	11.7	8.6	449.0
0.0	22.8	450.6	11.6	8.8	449.0
0.0	20.4	331.9	11.6	7.2	449.0
0.0	21.5	430.5	11.6	8.0	449.0
0.0	18.9	435.5	11.5	7.0	449.0
0.0	17.4	421.8	11.5	7.5	449.0
0.0	17.3	446.4	11.5	7.9	449.0
0.0	18.8	438.8	11.5	8.4	449.0
0.0	19.4	426.3	11.4	8.5	449.0
0.0	14.4	448.3	11.4	6.7	449.0
0.0	15.4	432.8	11.4	7.1	449.0
0.0	17.1	419.4	11.3	7.4	449.0
0.0	18.4	390.0	11.3	7.5	449.0
0.0	11.8	388.6	11.3	5.3	449.0
0.0	12.7	417.8	11.2	5.8	449.0
0.0	15.3	391.4	11.2	6.4	449.0
0.0	19.0	334.5	11.2	6.5	449.0
0.0	19.1	128.3	11.2	4.8	449.0
0.4	21.5	282.7	11.1	6.1	449.0
0.6	20.7	55.0	11.1	3.3	449.0
1.1	21.6	152.4	11.1	4.3	449.0
15.7	19.6	23.5	11.1	2.2	449.0
7.2	19.4	31.3	11.0	2.5	449.0
3.0	19.3	92.2	11.0	5.9	450.6
0.0	11.0	375.7	11.0	3.7	450.6
0.0	12.2	359.5	10.9	4.9	450.6
0.0	14.3	322.1	10.9	5.5	450.6
0.0	16.8	354.6	10.9	5.8	450.6
0.2	17.4	299.1	10.9	5.2	450.6
1.9	17.1	70.5	10.8	3.0	450.6
0.5	16.2	39.0	10.8	2.4	450.6
0.0	14.8	203.3	10.8	4.7	450.6
0.0	15.2	350.3	10.8	5.0	450.6
0.0	16.2	346.0	10.7	5.4	450.6
0.0	15.9	321.5	10.7	4.9	450.6
0.4	17.3	235.4	10.7	4.7	450.6
0.5	12.3	54.0	10.7	3.7	450.6
0.4	9.1	74.4	10.7	2.3	450.6
0.3	7.7	69.7	10.6	1.8	450.6
0.1	5.7	127.5	10.6	2.5	450.6
0.3	5.8	206.5	10.6	2.5	450.6
0.3	9.5	236.7	10.6	3.3	450.6
0.3	16.3	276.4	10.5	5.2	450.6
0.0	18.8	229.6	10.5	4.8	450.6
0.1	17.2	128.7	10.5	4.8	450.6
0.0	9.4	275.7	10.5	4.1	450.6
0.0	4.4	331.7	10.5	3.0	450.6
0.0	4.0	327.4	10.4	3.0	450.6
0.0	1.4	327.6	10.4	2.8	450.6
0.0	1.6	334.7	10.4	2.9	450.6
0.0	7.2	295.3	10.4	4.0	450.6
0.2	11.6	147.7	10.4	4.2	450.6
1.0	12.5	159.3	10.4	3.6	450.6
0.3	10.0	105.8	10.3	3.7	452.7
0.0	11.5	310.4	10.3	4.1	452.7
0.0	13.0	182.3	10.3	4.8	452.7
0.0	14.5	297.0	10.3	5.3	452.7
1.4	11.8	192.0	10.3	5.3	452.7
0.0	8.2	313.0	10.3	3.1	452.7
0.0	10.1	297.4	10.3	4.0	452.7
1.3	11.1	64.1	10.3	2.7	452.7
0.4	10.1	233.5	10.2	3.5	452.7
0.0	7.6	293.1	10.2	3.8	452.7
0.0	7.4	304.1	10.2	4.0	452.7
0.0	8.9	296.8	10.2	4.3	452.7
0.1	10.6	184.2	10.2	4.1	452.7
0.5	9.0	119.3	10.2	3.6	452.7
0.0	10.3	294.1	10.2	4.8	452.7
0.0	11.8	294.1	10.2	5.1	452.7
0.0	12.3	224.7	10.2	4.9	452.7
0.0	13.2	285.9	10.2	4.8	452.7
0.0	7.8	221.9	10.2	4.1	452.7
0.0	7.4	292.1	10.2	3.3	452.7
0.0	5.2	300.9	10.2	3.0	452.7
0.0	9.0	295.6	10.2	4.5	452.7
0.0	9.5	296.6	10.2	4.6	452.7
0.0	12.0	299.8	10.2	5.2	452.7
0.0	13.0	278.6	10.2	5.1	452.7
2.0	12.3	259.7	10.2	5.5	452.7
0.0	6.7	310.4	10.2	3.4	452.7
4.4	10.7	205.1	10.2	4.0	452.7
0.5	6.0	50.4	10.2	2.6	452.7
0.0	5.6	299.4	10.2	3.6	452.7
0.0	6.9	305.4	10.2	4.1	452.7
0.0	8.8	307.8	10.2	4.5	454.8
0.0	12.0	302.8	10.2	4.7	454.8
0.4	13.5	159.5	10.2	4.5	454.8
5.4	16.7	230.7	10.2	5.6	454.8
3.6	5.1	26.4	10.3	4.1	454.8
0.0	-0.5	236.0	10.3	1.8	454.8
0.0	2.1	246.3	10.3	2.5	454.8
0.1	2.8	256.2	10.3	2.4	454.8
1.4	9.1	190.5	10.3	3.6	454.8
2.5	9.0	35.0	10.3	2.7	454.8
0.0	6.3	280.4	10.3	3.6	454.8
0.0	7.0	275.1	10.3	3.7	454.8
0.0	4.9	239.6	10.4	2.9	454.8
0.6	7.1	229.0	10.4	3.2	454.8
14.4	9.4	45.9	10.4	2.3	454.8
1.3	11.7	39.3	10.4	3.0	454.8
15.9	13.2	96.1	10.4	3.2	454.8
5.6	14.1	83.9	10.4	2.1	454.8
2.7	11.2	98.1	10.5	3.1	454.8
45.4	6.8	26.1	10.5	2.9	454.8
0.4	3.0	79.4	10.5	2.1	454.8
0.0	2.3	295.7	10.5	2.4	454.8
0.0	3.4	160.6	10.5	2.4	454.8
0.0	6.3	343.9	10.5	3.8	454.8
0.0	2.4	350.0	10.6	3.1	454.8
0.4	5.8	244.5	10.6	3.5	454.8
8.5	6.2	26.2	10.6	2.6	454.8
0.0	1.6	93.2	10.6	2.1	454.8
0.3	2.2	93.8	10.7	2.3	454.8
1.1	9.5	188.7	10.7	4.2	454.8
17.0	7.9	29.7	10.7	2.8	454.8
19.8	8.1	20.8	10.7	3.0	455.9
1.3	6.3	129.1	10.8	3.2	455.9
0.2	5.9	109.5	10.8	2.1	455.9
0.1	14.6	328.1	10.8	5.5	455.9
26.3	16.9	180.6	10.8	5.7	455.9
0.7	3.5	103.4	10.9	4.2	455.9
0.2	1.1	182.1	10.9	2.2	455.9
0.2	0.4	83.0	10.9	1.9	455.9
27.4	2.3	142.2	10.9	2.8	455.9
55.7	3.6	36.3	11.0	3.1	455.9
23.7	7.6	31.2	11.0	2.8	455.9
1.4	3.0	60.3	11.0	2.4	455.9
1.2	1.6	166.3	11.0	2.3	455.9
0.0	2.0	195.5	11.1	2.3	455.9
0.0	2.8	414.9	11.1	3.7	455.9
0.0	6.7	408.3	11.1	4.4	455.9
0.8	6.7	121.1	11.2	3.4	455.9
0.0	3.3	426.7	11.2	3.5	455.9
0.0	3.2	422.1	11.2	3.3	455.9
0.1	4.8	131.2	11.2	3.2	455.9
0.0	5.2	421.7	11.3	4.7	455.9
10.3	4.1	192.8	11.3	3.2	455.9
5.3	11.6	64.6	11.3	5.7	455.9
2.2	4.5	81.7	11.4	2.4	455.9
11.2	5.3	184.1	11.4	3.4	455.9
32.8	5.9	44.5	11.4	2.3	455.9
3.3	4.9	60.6	11.4	2.6	455.9
0.3	4.1	227.2	11.5	3.2	455.9
0.0	3.8	261.7	11.5	3.3	455.9
0.0	2.1	341.5	11.5	3.8	456.4
0.0	0.7	469.6	11.6	3.6	456.4
0.3	5.1	390.6	11.6	4.2	456.4
15.0	4.5	83.2	11.6	3.1	456.4
1.4	3.1	125.3	11.7	2.4	456.4
0.2	4.7	180.8	11.7	3.5	456.4
0.0	5.9	296.9	11.7	5.3	456.4
0.0	2.9	495.3	11.7	4.3	456.4
0.1	6.9	217.4	11.8	4.7	456.4
0.0	9.3	478.2	11.8	6.2	456.4
0.0	13.5	383.7	11.8	7.3	456.4
8.3	19.7	431.5	11.9	9.0	456.4
6.3	5.8	47.7	11.9	6.5	456.4
1.2	1.6	97.3	11.9	2.7	456.4
0.0	3.1	413.3	12.0	3.8	456.4
5.1	5.5	282.7	12.0	4.0	456.4
11.1	4.4	61.9	12.0	1.8	456.4
23.2	7.1	66.7	12.1	3.3	456.4
8.0	8.0	59.2	12.1	3.0	456.4
9.8	13.6	228.2	12.1	6.8	456.4
7.0	10.5	38.6	12.1	3.7	456.4
10.0	12.4	104.4	12.2	6.8	456.4
0.1	13.4	519.3	12.2	6.9	456.4
0.0	15.4	269.8	12.2	6.3	456.4
13.4	18.4	429.0	12.3	10.5	456.4
11.2	8.9	38.8	12.3	3.7	456.4
4.5	11.4	209.5	12.3	7.7	456.4
4.3	7.5	140.9	12.4	3.2	456.4
16.3	8.5	34.0	12.4	2.8	456.4
28.3	12.6	60.8	12.4	4.6	456.4
4.2	18.3	87.3	12.4	7.0	456.4
10.1	13.7	43.4	12.5	8.6	456.7
5.8	9.8	74.6	12.5	3.6	456.7
0.7	15.1	142.7	12.5	8.2	456.7
8.7	18.3	351.4	12.6	11.7	456.7
19.6	7.6	148.8	12.6	3.0	456.7
0.9	11.1	211.7	12.6	5.6	456.7
5.8	12.9	234.1	12.7	5.3	456.7
0.2	12.8	231.4	12.7	5.7	456.7
12.9	14.4	147.2	12.7	7.3	456.7
0.3	22.1	458.8	12.7	9.7	456.7
4.5	23.1	478.7	12.8	10.1	456.7
7.5	15.5	172.9	12.8	11.0	456.7
40.7	10.8	54.0	12.8	3.2	456.7
14.2	10.3	50.8	12.9	3.3	456.7
1.5	10.5	110.4	12.9	3.7	456.7
5.6	12.0	78.0	12.9	3.5	456.7
0.1	12.5	499.6	13.0	7.5	456.7
0.0	16.3	571.6	13.0	8.9	456.7
0.1	15.3	187.7	13.0	8.1	456.7
6.9	15.2	235.3	13.0	5.9	456.7
27.5	16.0	88.1	13.1	7.0	456.7
0.0	16.1	618.2	13.1	9.1	456.7
0.0	17.4	546.2	13.1	8.5	456.7
0.0	16.8	605.5	13.1	10.3	456.7
36.9	17.5	508.0	13.2	8.0	456.7
61.1	19.0	84.1	13.2	7.2	456.7
1.5	17.2	70.4	13.2	5.1	456.7
0.8	18.0	172.5	13.3	6.7	456.7
3.4	20.0	235.8	13.3	7.7	456.7
1.8	19.9	103.7	13.3	7.3	456.7
17.4	19.9	298.5	13.3	9.0	457.1
61.6	16.6	88.0	13.4	5.0	457.1
40.5	15.5	57.6	13.4	4.1	457.1
11.8	20.3	112.0	13.4	7.5	457.1
25.6	18.0	75.7	13.4	6.2	457.1
5.9	15.6	71.1	13.5	5.2	457.1
4.1	15.7	42.8	13.5	7.3	457.1
16.0	23.6	397.4	13.5	10.7	457.1
1.9	22.7	170.9	13.5	6.1	457.1
12.6	24.8	497.2	13.6	10.7	457.1
2.7	25.2	533.6	13.6	9.6	457.1
30.2	20.4	153.2	13.6	11.3	457.1
0.0	17.5	607.2	13.6	7.4	457.1
0.1	14.4	80.7	13.6	4.7	457.1
17.4	16.1	59.3	13.7	5.6	457.1
5.9	17.3	104.0	13.7	5.6	457.1
22.7	17.6	61.4	13.7	4.7	457.1
0.1	19.1	309.6	13.7	7.4	457.1
0.4	21.8	614.8	13.7	10.8	457.1
0.1	22.8	571.8	13.8	11.5	457.1
0.1	23.7	544.2	13.8	11.0	457.1
0.0	24.6	582.0	13.8	11.9	457.1
21.2	18.0	164.9	13.8	10.6	457.1
0.0	18.3	677.3	13.8	10.1	457.1
0.0	19.9	629.2	13.9	9.8	457.1
18.0	20.9	175.5	13.9	7.5	457.1
2.4	21.7	230.4	13.9	7.7	457.1
0.0	23.0	618.9	13.9	12.9	457.1
0.0	20.6	635.0	13.9	9.5	457.1
58.8	17.6	217.6	13.9	7.6	457.1
16.8	17.9	75.2	13.9	5.7	457.1
1.1	18.2	203.8	14.0	7.0	456.0
0.5	19.5	514.8	14.0	10.5	456.0
0.5	21.2	642.7	14.0	10.6	456.0
0.0	23.3	628.0	14.0	11.0	456.0
0.0	24.0	583.2	14.0	11.6	456.0
0.2	25.2	586.4	14.0	11.1	456.0
0.1	23.0	337.7	14.0	11.0	456.0
0.2	24.2	375.1	14.0	10.4	456.0
5.1	25.7	573.0	14.0	10.8	456.0
0.2	26.7	374.9	14.0	9.6	456.0
15.7	25.5	297.1	14.1	8.1	456.0
60.4	26.1	521.2	14.1	8.4	456.0
34.5	24.8	76.6	14.1	6.4	456.0
17.9	19.9	39.1	14.1	9.8	456.0
3.9	18.3	108.0	14.1	5.4	456.0
30.6	20.1	326.9	14.1	7.0	456.0
9.2	19.7	73.6	14.1	4.2	456.0
3.3	20.3	39.0	14.1	3.7	456.0
1.2	21.0	94.9	14.1	6.0	456.0
0.4	22.1	245.1	14.1	7.6	456.0
1.6	20.0	57.4	14.1	4.9	456.0
5.4	18.7	47.6	14.1	3.0	456.0
0.5	21.5	268.2	14.1	7.9	456.0
3.0	22.1	163.4	14.1	6.8	456.0
2.7	21.3	64.9	14.1	5.7	456.0
13.2	24.8	385.0	14.1	9.7	456.0
9.4	25.3	462.9	14.1	9.7	456.0
15.8	25.2	490.4	14.1	9.6	456.0
14.4	25.5	492.2	14.1	10.4	456.0
18.9	25.1	353.9	14.1	9.2	456.0
23.7	24.2	251.9	14.1	7.2	453.2
6.8	23.3	56.7	14.0	3.6	453.2
0.6	24.1	132.7	14.0	5.5	453.2
14.3	25.4	353.0	14.0	8.7	453.2
14.5	25.2	387.2	14.0	8.5	453.2
0.5	25.9	573.8	14.0	10.4	453.2
10.2	26.7	521.2	14.0	9.8	453.2
19.6	26.5	520.6	14.0	9.3	453.2
26.9	25.9	378.4	14.0	9.5	453.2
4.4	26.8	616.1	14.0	11.4	453.2
0.8	26.0	576.3	14.0	10.1	453.2
0.8	24.6	441.6	13.9	9.0	453.2
0.2	24.5	477.8	13.9	10.1	453.2
0.0	26.6	602.8	13.9	10.4	453.2
0.1	26.9	362.3	13.9	9.8	453.2
6.2	26.9	516.0	13.9	10.9	453.2
4.4	27.2	456.5	13.9	9.8	453.2
20.0	25.3	309.7	13.9	8.9	453.2
0.1	25.8	345.3	13.8	9.3	453.2
0.7	26.6	524.6	13.8	9.3	453.2
0.8	26.8	456.7	13.8	9.7	453.2
0.4	27.7	574.0	13.8	10.2	453.2
0.4	28.3	579.0	13.8	10.0	453.2
1.2	28.1	563.7	13.7	10.0	453.2
8.6	26.8	453.6	13.7	9.6	453.2
3.3	26.3	305.9	13.7	7.9	453.2
10.9	26.6	334.6	13.7	8.8	453.2
20.4	26.6	361.8	13.7	9.0	453.2
15.1	26.3	338.9	13.6	8.8	453.2
17.0	26.1	359.4	13.6	9.0	453.2
12.9	26.7	420.1	13.6	9.5	453.2
7.7	27.2	531.1	13.6	10.1	450.9
1.2	27.3	384.8	13.6	8.8	450.9
0.3	27.2	477.1	13.5	9.4	450.9
2.7	26.9	587.3	13.5	10.1	450.9
0.2	27.0	539.3	13.5	9.5	450.9
1.2	27.3	546.9	13.5	9.9	450.9
5.7	26.7	557.9	13.4	10.4	450.9
12.3	26.1	523.5	13.4	9.6	450.9
9.9	26.1	528.9	13.4	8.7	450.9
0.1	26.8	569.2	13.4	9.9	450.9
0.3	27.7	594.7	13.3	10.0	450.9
1.6	28.3	597.1	13.3	10.7	450.9
0.1	28.9	592.4	13.3	11.3	450.9
5.2	28.5	572.9	13.3	11.6	450.9
13.3	26.9	437.1	13.2	9.2	450.9
10.4	26.2	450.3	13.2	9.3	450.9
6.4	25.5	371.4	13.2	9.3	450.9
0.1	26.7	492.4	13.2	9.8	450.9
15.4	26.5	490.0	13.1	8.7	450.9
6.2	26.8	417.8	13.1	8.9	450.9
17.0	26.6	357.4	13.1	8.4	450.9
21.3	25.2	165.1	13.1	7.3	450.9
0.9	24.3	271.9	13.0	8.0	450.9
0.0	23.7	562.2	13.0	9.0	450.9
0.0	24.6	552.7	13.0	9.1	450.9
13.2	24.5	427.7	12.9	8.6	450.9
13.4	24.5	448.7	12.9	8.3	450.9
0.5	24.3	253.8	12.9	7.2	450.9
2.7	25.2	294.7	12.9	6.9	450.9
5.0	26.1	524.2	12.8	8.4	450.9
0.1	26.6	518.8	12.8	9.2	450.9
1.0	25.9	422.6	12.8	9.2	450.3
0.1	26.2	543.7	12.7	9.4	450.3
0.4	26.6	530.3	12.7	9.7	450.3
0.0	27.0	544.7	12.7	9.6	450.3
0.0	27.4	538.8	12.7	9.3	450.3
0.2	27.9	484.5	12.6	9.3	450.3
0.0	28.4	529.3	12.6	9.8	450.3
0.0	28.6	522.2	12.6	9.5	450.3
4.8	28.1	519.8	12.5	9.9	450.3
0.2	28.8	508.2	12.5	9.0	450.3
0.1	29.3	508.2	12.5	9.1	450.3
0.1	29.5	498.1	12.4	9.5	450.3
0.1	29.8	493.7	12.4	9.0	450.3
11.9	27.0	416.1	12.4	10.0	450.3
4.3	21.5	31.0	12.4	5.6	450.3
0.0	20.7	86.8	12.3	3.9	450.3
0.0	21.6	377.7	12.3	7.3	450.3
0.0	21.4	501.4	12.3	7.6	450.3
0.0	19.7	523.0	12.2	8.0	450.3
0.0	21.0	496.5	12.2	7.5	450.3
0.0	21.1	500.7	12.2	7.4	450.3
0.6	21.6	435.7	12.1	6.6	450.3
0.0	20.8	266.5	12.1	7.6	450.3
0.3	21.9	468.8	12.1	6.8	450.3
0.0	21.8	334.9	12.1	7.1	450.3
0.1	22.3	380.5	12.0	6.2	450.3
0.0	22.8	295.2	12.0	7.3	450.3
0.0	23.0	334.1	12.0	9.0	450.3
0.0	23.7	473.5	11.9	9.9	450.3
0.0	23.5	482.1	11.9	9.7	450.3
0.0	22.1	491.4	11.9	8.6	450.7
0.0	23.4	470.0	11.8	8.4	450.7
0.0	23.9	414.2	11.8	8.8	450.7
0.1	25.0	413.6	11.8	8.4	450.7
0.0	21.9	271.6	11.8	6.0	450.7
0.0	21.2	302.7	11.7	7.6	450.7
0.0	22.5	351.0	11.7	7.4	450.7
0.4	23.4	357.7	11.7	7.4	450.7
0.0	19.3	124.8	11.6	6.1	450.7
0.0	18.5	454.8	11.6	7.1	450.7
0.0	18.0	455.1	11.6	7.1	450.7
0.0	18.2	445.7	11.5	7.5	450.7
0.0	18.3	440.3	11.5	7.8	450.7
0.0	17.8	426.7	11.5	7.7	450.7
0.0	15.6	429.0	11.5	6.5	450.7
0.0	15.4	426.1	11.4	6.7	450.7
0.0	16.9	426.5	11.4	6.5	450.7
0.0	19.2	414.9	11.4	7.0	450.7
0.0	21.6	371.8	11.3	7.3	450.7
1.8	17.0	141.5	11.3	6.0	450.7
0.0	16.3	410.8	11.3	5.9	450.7
0.0	16.4	211.8	11.3	5.8	450.7
0.6	19.5	387.6	11.2	6.7	450.7
1.4	18.0	56.0	11.2	4.1	450.7
0.6	14.1	39.0	11.2	5.0	450.7
0.0	14.2	289.1	11.1	5.0	450.7
0.1	16.2	202.2	11.1	4.9	450.7
0.0	14.9	99.3	11.1	3.1	450.7
0.0	16.4	178.4	11.1	3.9	450.7
6.9	16.9	114.4	11.0	4.4	450.7
0.0	11.8	108.5	11.0	5.0	450.7
0.0	12.8	247.0	11.0	4.3	452.4
0.0	12.4	36.9	11.0	2.5	452.4
0.4	12.9	45.3	10.9	2.3	452.4
0.0	16.0	220.1	10.9	5.2	452.4
0.4	19.6	282.5	10.9	6.2	452.4
3.6	18.2	145.5	10.8	4.6	452.4
0.4	16.0	78.2	10.8	3.6	452.4
33.6	14.6	41.3	10.8	2.5	452.4
2.5	12.7	31.3	10.8	1.9	452.4
1.4	13.6	102.1	10.7	2.3	452.4
0.0	9.1	108.5	10.7	4.3	452.4
0.0	6.5	362.4	10.7	3.4	452.4
0.1	9.0	354.3	10.7	4.2	452.4
0.0	8.5	328.3	10.7	4.3	452.4
0.0	11.2	333.5	10.6	4.8	452.4
0.0	15.6	320.8	10.6	5.3	452.4
0.0	6.1	59.6	10.6	4.9	452.4
0.0	2.8	337.6	10.6	2.4	452.4
0.0	3.5	344.4	10.5	3.1	452.4
0.0	4.3	341.8	10.5	3.5	452.4
0.0	7.7	332.5	10.5	4.3	452.4
0.0	4.8	334.4	10.5	3.1	452.4
0.0	2.7	250.1	10.5	2.7	452.4
0.0	2.9	282.2	10.5	2.8	452.4
0.0	2.2	334.7	10.4	3.3	452.4
0.0	3.7	338.1	10.4	3.8	452.4
0.0	8.6	329.3	10.4	4.6	452.4
0.6	13.9	157.7	10.4	4.6	452.4
0.1	9.5	109.8	10.4	3.7	452.4
0.0	8.4	322.8	10.4	4.1	452.4
0.0	7.5	319.7	10.3	4.1	454.4
0.0	6.2	319.8	10.3	3.9	454.4
0.0	8.6	189.6	10.3	4.0	454.4
0.0	9.1	311.9	10.3	4.9	454.4
0.0	9.2	314.8	10.3	4.7	454.4
0.0	9.4	307.6	10.3	4.8	454.4
0.0	10.3	302.5	10.3	4.9	454.4
0.0	11.5	303.7	10.3	5.3	454.4
0.0	10.6	305.7	10.2	4.4	454.4
0.0	11.5	281.8	10.2	4.9	454.4
2.6	11.5	282.4	10.2	4.0	454.4
2.6	8.0	31.4	10.2	2.3	454.4
0.1	9.4	229.8	10.2	3.6	454.4
0.0	11.6	234.6	10.2	3.9	454.4
0.6	14.5	254.6	10.2	5.1	454.4
30.4	12.9	43.5	10.2	2.4	454.4
15.7	12.5	28.9	10.2	2.5	454.4
2.7	6.2	34.7	10.2	3.0	454.4
0.2	5.4	247.3	10.2	2.8	454.4
0.1	6.0	196.6	10.2	3.1	454.4
20.4	10.0	99.6	10.2	2.9	454.4
22.5	6.8	51.6	10.2	2.1	454.4
1.0	3.5	71.9	10.2	1.4	454.4
0.1	2.2	62.0	10.2	2.0	454.4
17.0	1.3	132.1	10.2	2.4	454.4
0.0	-4.2	300.1	10.2	1.2	454.4
0.0	-4.6	303.5	10.2	1.6	454.4
0.2	-0.8	223.5	10.2	2.2	454.4
0.0	-3.4	312.9	10.2	1.8	454.4
0.0	1.3	305.1	10.2	2.9	454.4
0.4	4.5	139.2	10.2	2.8	454.4
0.0	2.7	194.4	10.2	2.7	456.5
0.1	4.4	266.8	10.2	3.4	456.5
0.2	4.3	223.2	10.2	2.4	456.5
0.4	4.8	130.0	10.2	2.4	456.5
0.2	7.0	290.1	10.3	3.5	456.5
0.1	8.2	134.4	10.3	3.4	456.5
0.0	8.7	287.8	10.3	3.9	456.5
1.1	10.3	253.8	10.3	3.6	456.5
0.0	7.2	301.6	10.3	3.7	456.5
0.0	-0.1	255.2	10.3	2.4	456.5
0.0	-3.9	173.6	10.3	1.1	456.5
0.0	-2.2	331.7	10.3	2.0	456.5
0.0	-3.1	333.2	10.4	2.1	456.5
0.0	-1.5	339.8	10.4	2.8	456.5
0.0	4.2	322.3	10.4	3.6	456.5
0.0	2.8	334.6	10.4	3.3	456.5
0.0	3.0	321.0	10.4	3.2	456.5
0.0	4.6	272.1	10.4	4.2	456.5
0.4	8.7	305.0	10.5	4.6	456.5
0.7	4.6	94.1	10.5	3.3	456.5
0.0	2.3	351.9	10.5	3.3	456.5
0.0	6.6	347.3	10.5	4.9	456.5
0.4	10.1	338.2	10.5	5.5	456.5
0.7	8.3	161.6	10.6	4.0	456.5
0.1	8.4	272.3	10.6	4.2	456.5
12.5	9.8	193.9	10.6	4.2	456.5
2.7	3.5	50.4	10.6	2.2	456.5
0.0	3.1	300.4	10.7	2.8	456.5
4.3	3.2	48.7	10.7	1.5	456.5
11.9	2.8	47.8	10.7	1.4	456.5
3.2	2.1	83.6	10.7	1.8	456.5
0.5	0.0	218.7	10.7	2.7	457.6
0.1	1.3	358.6	10.8	3.3	457.6
0.1	4.7	323.6	10.8	4.1	457.6
0.0	5.4	377.9	10.8	4.0	457.6
0.0	8.8	379.6	10.8	5.0	457.6
0.0	3.3	383.8	10.9	3.4	457.6
0.0	8.4	200.3	10.9	4.4	457.6
0.0	8.9	354.8	10.9	5.1	457.6
0.0	7.7	392.5	11.0	4.1	457.6
0.0	10.2	311.4	11.0	5.2	457.6
26.6	5.3	47.5	11.0	2.6	457.6
5.2	5.2	31.4	11.0	1.4	457.6
0.0	4.9	337.7	11.1	4.1	457.6
0.0	5.9	414.9	11.1	4.4	457.6
0.0	9.2	349.9	11.1	5.5	457.6
0.1	12.1	333.3	11.1	5.4	457.6
0.8	10.6	83.7	11.2	3.3	457.6
0.9	13.9	364.8	11.2	6.0	457.6
7.3	14.8	61.9	11.2	3.8	457.6
4.5	17.0	101.5	11.3	3.9	457.6
2.8	13.4	90.4	11.3	4.7	457.6
0.5	13.4	319.7	11.3	5.2	457.6
0.1	14.5	290.4	11.3	5.7	457.6
32.2	11.9	80.3	11.4	6.5	457.6
0.8	2.9	131.1	11.4	2.4	457.6
10.1	8.3	182.6	11.4	4.0	457.6
7.8	12.3	56.0	11.5	4.9	457.6
1.3	17.7	102.3	11.5	4.1	457.6
14.5	17.4	369.8	11.5	9.1	458.1
10.0	4.2	39.2	11.6	2.4	458.1
29.8	6.4	36.4	11.6	3.2	458.1
31.9	4.3	22.2	11.6	3.3	458.1
3.6	2.0	86.4	11.6	2.0	458.1
0.1	7.2	377.7	11.7	5.1	458.1
6.3	14.7	458.9	11.7	7.0	458.1
16.3	5.3	35.2	11.7	4.8	458.1
0.9	5.0	185.6	11.8	3.0	458.1
6.2	7.2	59.6	11.8	2.9	458.1
2.2	14.6	128.0	11.8	6.5	458.1
4.8	15.0	220.8	11.9	8.7	458.1
1.6	6.7	91.5	11.9	3.5	458.1
1.1	8.9	230.1	11.9	5.2	458.1
2.9	17.5	352.3	12.0	7.1	458.1
16.3	10.8	41.0	12.0	6.6	458.1
15.7	6.1	45.2	12.0	2.0	458.1
9.8	5.3	32.8	12.0	1.7	458.1
1.7	11.6	279.0	12.1	6.2	458.1
2.2	16.4	139.0	12.1	6.3	458.1
5.4	6.7	33.2	12.1	7.6	458.1
6.3	1.4	173.3	12.2	2.7	458.1
0.2	3.7	437.6	12.2	4.1	458.1
0.0	4.7	321.7	12.2	3.6	458.1
0.0	7.0	520.5	12.3	5.7	458.1
18.8	7.9	337.1	12.3	4.8	458.1
25.8	7.9	21.5	12.3	3.7	458.1
9.3	10.1	48.3	12.4	2.6	458.1
3.8	10.1	105.6	12.4	3.0	458.1
14.1	11.2	59.6	12.4	3.6	458.1
44.6	14.2	85.9	12.4	6.4	458.1
0.3	11.2	217.9	12.5	5.3	458.4
11.1	20.4	482.1	12.5	10.7	458.4
6.6	12.0	185.4	12.5	5.0	458.4
18.0	8.0	42.4	12.6	3.4	458.4
47.4	8.2	70.7	12.6	2.4	458.4
37.4	9.0	44.8	12.6	3.0	458.4
22.2	6.8	47.7	12.7	3.0	458.4
4.0	6.8	83.7	12.7	3.3	458.4
0.2	7.0	145.5	12.7	4.2	458.4
1.3	7.9	259.6	12.7	5.2	458.4
0.0	10.8	592.1	12.8	6.6	458.4
0.0	11.8	540.3	12.8	7.8	458.4
0.4	14.9	354.1	12.8	7.6	458.4
39.9	17.1	178.3	12.9	6.9	458.4
3.6	16.2	72.3	12.9	4.3	458.4
0.2	16.7	378.9	12.9	9.7	458.4
0.9	13.2	593.9	12.9	7.6	458.4
0.1	16.2	541.6	13.0	9.3	458.4
25.5	18.6	364.7	13.0	9.0	458.4
13.3	17.1	23.8	13.0	4.4	458.4
0.0	16.8	449.2	13.1	10.1	458.4
0.0	13.6	634.8	13.1	8.2	458.4
0.1	16.0	610.7	13.1	9.5	458.4
0.1	17.0	586.4	13.1	10.4	458.4
0.2	19.0	575.1	13.2	9.8	458.4
5.2	19.3	138.0	13.2	6.7	458.4
34.0	15.4	47.4	13.2	8.0	458.4
6.6	10.8	46.2	13.2	2.2	458.4
0.5	14.3	217.4	13.3	6.8	458.4
0.1	17.2	576.5	13.3	9.6	458.4
0.1	19.5	607.3	13.3	10.2	458.8
0.1	22.2	551.5	13.4	10.5	458.8
17.9	22.8	390.0	13.4	8.3	458.8
0.8	23.7	336.3	13.4	7.6	458.8
24.1	23.1	253.8	13.4	7.7	458.8
16.4	23.8	303.3	13.5	7.9	458.8
12.6	24.7	419.3	13.5	8.5	458.8
19.2	25.0	536.1	13.5	11.6	458.8
2.4	13.1	82.1	13.5	8.7	458.8
0.0	16.0	648.5	13.5	8.9	458.8
7.5	19.6	497.2	13.6	9.2	458.8
19.6	20.5	70.2	13.6	5.3	458.8
54.8	19.7	35.4	13.6	3.5	458.8
0.6	19.0	154.8	13.6	5.6	458.8
40.4	22.3	350.2	13.7	8.3	458.8
1.9	18.5	147.5	13.7	6.7	458.8
0.2	21.5	547.3	13.7	10.4	458.8
0.1	23.5	527.5	13.7	10.2	458.8
5.4	21.9	224.0	13.7	8.6	458.8
1.1	20.0	266.9	13.8	7.8	458.8
0.1	22.3	518.4	13.8	10.4	458.8
0.1	23.3	513.9	13.8	10.2	458.8
0.1	23.6	522.4	13.8	9.8	458.8
3.2	24.5	443.5	13.8	9.2	458.8
21.5	23.2	155.9	13.8	6.4	458.8
4.8	24.0	136.1	13.9	7.6	458.8
14.9	24.4	263.7	13.9	8.7	458.8
6.3	25.4	315.8	13.9	8.4	458.8
67.0	20.5	250.0	13.9	13.3	458.8
30.4	12.8	38.5	13.9	2.5	458.8
13.3	13.1	38.4	13.9	3.1	458.8
0.9	15.0	161.9	13.9	5.7	457.7
28.6	16.1	234.9	14.0	5.2	457.7
17.8	16.0	81.9	14.0	4.1	457.7
0.3	17.4	354.4	14.0	8.9	457.7
0.1	19.5	604.5	14.0	10.1	457.7
0.0	21.6	412.8	14.0	9.7	457.7
0.0	21.8	630.8	14.0	12.1	457.7
0.0	22.9	598.9	14.0	10.2	457.7
0.1	25.5	583.3	14.0	10.7	457.7
3.5	26.5	594.8	14.0	10.8	457.7
4.0	26.5	445.7	14.0	9.8	457.7
12.7	25.3	139.0	14.1	8.3	457.7
24.4	23.7	21.7	14.1	5.2	457.7
2.3	23.1	66.7	14.1	5.9	457.7
23.0	26.0	443.2	14.1	10.1	457.7
25.6	24.3	44.7	14.1	5.0	457.7
0.2	23.7	200.2	14.1	8.2	457.7
0.6	23.6	589.0	14.1	10.4	457.7
0.0	21.4	452.9	14.1	10.0	457.7
0.0	21.7	687.4	14.1	11.1	457.7
0.0	22.0	679.1	14.1	10.3	457.7
7.2	23.8	588.9	14.1	9.9	457.7
14.5	22.6	90.2	14.1	6.6	457.7
8.9	25.3	312.6	14.1	9.8	457.7
7.2	26.5	472.7	14.1	8.9	457.7
26.1	25.4	251.3	14.1	8.0	457.7
1.1	25.6	177.8	14.1	8.2	457.7
10.4	26.8	521.1	14.1	11.1	457.7
5.9	27.5	522.9	14.1	10.5	457.7
20.1	26.1	568.4	14.1	10.1	457.7
16.9	26.7	576.2	14.1	9.8	454.9
10.6	26.7	596.2	14.0	10.6	454.9
14.5	26.6	529.6	14.0	10.1	454.9
16.6	26.3	470.9	14.0	10.0	454.9
12.7	26.3	505.8	14.0	10.0	454.9
17.0	26.3	435.2	14.0	10.2	454.9
6.7	25.6	319.1	14.0	7.8	454.9
13.4	26.2	491.8	14.0	9.4	454.9
13.7	25.9	437.8	14.0	9.0	454.9
2.7	25.4	246.9	14.0	8.4	454.9
0.0	25.3	140.3	14.0	7.1	454.9
13.3	26.1	361.3	13.9	9.3	454.9
6.9	26.7	440.8	13.9	9.8	454.9
9.3	27.2	541.5	13.9	9.5	454.9
9.4	27.2	565.2	13.9	10.3	454.9
5.6	27.5	593.8	13.9	11.3	454.9
5.3	27.7	620.0	13.9	11.7	454.9
7.6	26.9	615.1	13.9	10.8	454.9
6.2	26.9	526.7	13.8	9.6	454.9
12.5	26.6	604.5	13.8	11.1	454.9
2.3	27.0	630.7	13.8	10.8	454.9
0.1	27.3	605.3	13.8	10.3	454.9
7.3	26.3	561.2	13.8	10.7	454.9
0.6	26.9	578.7	13.8	10.0	454.9
0.7	27.9	599.0	13.7	10.2	454.9
6.9	27.7	569.0	13.7	10.0	454.9
21.1	27.0	555.8	13.7	9.8	454.9
1.2	28.0	621.0	13.7	11.0	454.9
3.8	28.4	620.5	13.7	11.0	454.9
0.3	28.7	578.7	13.6	11.2	454.9
0.1	29.1	552.4	13.6	11.6	454.9
0.0	29.5	579.7	13.6	11.7	452.5
5.3	28.4	598.1	13.6	11.9	452.5
11.5	27.8	594.3	13.5	11.1	452.5
2.1	28.3	610.1	13.5	11.1	452.5
4.3	28.2	604.7	13.5	11.3	452.5
10.1	27.5	596.3	13.5	11.7	452.5
14.4	26.9	524.9	13.5	9.9	452.5
15.7	26.3	386.8	13.4	7.9	452.5
15.1	25.9	481.4	13.4	9.1	452.5
18.5	26.2	440.3	13.4	8.6	452.5
15.2	26.1	515.9	13.4	9.9	452.5
19.0	26.1	363.1	13.3	8.1	452.5
16.1	26.6	464.2	13.3	9.2	452.5
3.8	27.1	559.5	13.3	10.3	452.5
8.5	26.9	566.5	13.2	10.4	452.5
10.8	26.8	562.3	13.2	10.2	452.5
1.8	27.1	572.3	13.2	10.3	452.5
1.1	27.5	585.0	13.2	9.9	452.5
4.3	26.9	582.0	13.1	10.6	452.5
3.5	27.2	578.8	13.1	10.3	452.5
14.9	27.1	564.5	13.1	9.4	452.5
17.6	26.3	525.3	13.1	9.7	452.5
20.1	26.2	453.6	13.0	8.7	452.5
26.7	25.2	318.5	13.0	8.0	452.5
10.8	25.5	392.4	13.0	8.1	452.5
25.1	25.3	292.7	13.0	8.0	452.5
19.0	24.7	404.7	12.9	8.1	452.5
2.7	25.2	433.0	12.9	7.9	452.5
12.4	24.8	417.5	12.9	8.3	452.5
0.6	23.5	170.5	12.8	6.0	452.5
0.5	24.4	388.7	12.8	8.3	452.5
0.5	24.6	446.4	12.8	8.4	452.0
0.2	24.1	328.5	12.8	8.3	452.0
0.1	24.4	373.1	12.7	7.8	452.0
0.0	22.7	109.0	12.7	6.3	452.0
0.1	24.5	377.3	12.7	8.5	452.0
0.6	25.5	367.8	12.6	7.9	452.0
5.5	25.1	295.7	12.6	7.1	452.0
25.5	23.8	209.7	12.6	6.1	452.0
0.2	24.2	315.2	12.5	8.1	452.0
0.0	24.0	505.1	12.5	8.5	452.0
1.5	24.6	313.5	12.5	6.9	452.0
0.4	24.7	185.4	12.5	5.8	452.0
15.5	25.3	298.3	12.4	7.8	452.0
13.1	25.0	142.4	12.4	6.5	452.0
11.8	24.6	206.3	12.4	5.7	452.0
8.9	24.6	278.9	12.3	7.1	452.0
13.8	25.1	397.8	12.3	7.4	452.0
0.3	23.8	265.8	12.3	6.4	452.0
0.0	22.1	476.4	12.2	8.3	452.0
0.0	21.0	516.4	12.2	8.5	452.0
0.1	20.2	524.1	12.2	8.5	452.0
0.0	20.7	513.7	12.2	8.5	452.0
0.1	21.3	488.7	12.1	9.7	452.0
0.0	17.0	519.1	12.1	7.7	452.0
0.0	16.9	521.5	12.1	8.0	452.0
0.0	18.1	514.1	12.0	8.5	452.0
0.0	19.3	505.1	12.0	8.5	452.0
0.1	21.3	470.8	12.0	8.5	452.0
0.6	21.7	50.8	11.9	5.1	452.0
0.4	23.9	243.4	11.9	7.0	452.0
0.0	21.0	407.5	11.9	7.7	452.4
0.0	20.2	479.8	11.9	7.1	452.4
0.0	20.5	465.6	11.8	6.8	452.4
0.0	20.9	276.5	11.8	7.0	452.4
0.1	21.6	396.0	11.8	7.5	452.4
0.0	20.8	454.3	11.7	7.8	452.4
0.0	20.0	441.9	11.7	7.3	452.4
0.0	21.6	420.0	11.7	7.7	452.4
0.0	21.4	364.9	11.6	7.4	452.4
0.0	20.4	293.2	11.6	8.0	452.4
0.0	20.0	454.3	11.6	7.9	452.4
0.0	20.1	439.0	11.6	6.7	452.4
0.0	18.3	423.9	11.5	7.5	452.4
0.0	16.5	441.4	11.5	6.5	452.4
0.0	17.2	387.5	11.5	6.4	452.4
0.0	18.2	427.6	11.4	7.1	452.4
0.0	19.0	427.3	11.4	6.9	452.4
0.0	21.3	412.6	11.4	7.2	452.4
12.9	22.6	282.7	11.3	7.7	452.4
0.0	12.9	122.8	11.3	5.6	452.4
0.0	12.3	398.0	11.3	4.1	452.4
3.3	14.1	123.9	11.3	3.9	452.4
16.2	12.9	18.8	11.2	1.9	452.4
1.3	15.3	49.5	11.2	3.0	452.4
0.4	16.7	289.5	11.2	6.0	452.4
0.1	14.9	306.4	11.1	5.4	452.4
0.0	15.9	387.3	11.1	5.4	452.4
0.0	15.8	220.6	11.1	4.5	452.4
0.0	14.4	382.9	11.1	5.4	452.4
0.0	14.1	386.3	11.0	5.3	452.4
0.0	15.7	378.2	11.0	5.9	452.4
0.0	15.8	376.0	11.0	5.5	454.0
0.0	15.2	376.8	11.0	5.7	454.0
0.0	9.7	369.2	10.9	5.8	454.0
0.0	8.0	387.9	10.9	4.1	454.0
0.0	8.8	385.6	10.9	4.4	454.0
0.0	10.3	377.2	10.9	4.8	454.0
0.0	12.5	369.2	10.8	5.0	454.0
0.0	14.4	346.8	10.8	5.4	454.0
0.1	17.3	339.1	10.8	5.8	454.0
0.0	19.3	344.8	10.8	6.0	454.0
6.6	18.7	123.7	10.7	5.9	454.0
0.0	10.0	250.1	10.7	3.9	454.0
0.4	11.4	333.9	10.7	4.0	454.0
2.4	12.8	54.9	10.7	2.8	454.0
2.6	12.0	42.1	10.6	1.7	454.0
3.5	11.9	35.7	10.6	2.0	454.0
0.9	11.2	71.2	10.6	2.3	454.0
6.2	10.9	52.9	10.6	1.5	454.0
12.4	10.2	11.2	10.6	1.9	454.0
1.9	5.3	62.0	10.5	3.6	454.0
0.0	1.5	333.2	10.5	2.4	454.0
0.0	5.9	198.9	10.5	2.9	454.0
0.0	7.5	168.4	10.5	2.6	454.0
4.2	9.4	50.0	10.5	2.3	454.0
12.5	12.3	42.5	10.4	2.4	454.0
5.3	12.8	59.9	10.4	1.8	454.0
4.3	12.3	30.4	10.4	2.8	454.0
2.6	9.1	110.0	10.4	2.8	454.0
0.2	5.9	157.8	10.4	2.6	454.0
0.1	7.1	230.8	10.4	3.1	454.0
2.5	7.8	96.4	10.3	3.2	456.0
0.3	7.1	233.8	10.3	3.8	456.0
0.3	9.0	288.9	10.3	4.4	456.0
0.6	10.0	222.7	10.3	4.4	456.0
2.4	8.8	77.5	10.3	2.3	456.0
0.2	8.2	247.8	10.3	3.1	456.0
0.1	8.3	180.2	10.3	3.8	456.0
0.0	4.6	195.3	10.3	2.3	456.0
3.8	12.4	113.1	10.2	4.5	456.0
12.3	9.5	19.2	10.2	4.6	456.0
0.3	2.5	46.2	10.2	0.9	456.0
0.0	3.4	252.6	10.2	2.6	456.0
0.0	1.2	292.9	10.2	2.3	456.0
0.0	2.2	305.9	10.2	2.5	456.0
0.2	10.4	285.5	10.2	4.5	456.0
5.6	9.1	114.2	10.2	3.0	456.0
5.8	1.5	27.6	10.2	2.5	456.0
0.0	-2.4	288.2	10.2	2.0	456.0
1.6	-0.3	238.7	10.2	1.8	456.0
1.6	4.3	72.8	10.2	2.1	456.0
1.4	3.3	46.4	10.2	1.7	456.0
0.7	2.5	96.2	10.2	1.3	456.0
0.4	2.6	113.5	10.2	1.5	456.0
8.3	4.1	58.0	10.2	1.5	456.0
0.3	0.6	130.0	10.2	2.2	456.0
0.0	-0.0	309.6	10.2	2.5	456.0
0.0	2.6	230.1	10.2	3.0	456.0
0.0	1.9	303.5	10.2	2.9	456.0
0.0	3.7	298.8	10.2	3.3	456.0
0.0	5.5	284.3	10.2	3.5	456.0
0.0	0.4	308.9	10.2	2.3	456.0
0.0	-1.1	308.6	10.2	2.1	458.2
0.0	1.9	306.5	10.2	2.9	458.2
0.0	1.5	295.8	10.2	2.9	458.2
0.0	5.7	314.7	10.2	3.7	458.2
0.0	4.3	320.1	10.3	3.5	458.2
0.0	5.7	255.3	10.3	4.1	458.2
0.0	1.1	325.2	10.3	2.5	458.2
0.0	1.1	326.1	10.3	3.1	458.2
0.0	5.7	322.7	10.3	4.2	458.2
0.0	5.3	328.9	10.3	4.0	458.2
0.0	8.9	325.5	10.3	4.9	458.2
0.0	12.5	316.8	10.3	5.6	458.2
1.3	16.9	259.7	10.4	5.6	458.2
13.7	5.0	45.2	10.4	5.1	458.2
0.0	1.0	336.2	10.4	2.3	458.2
13.7	5.9	287.3	10.4	3.4	458.2
1.1	2.2	67.9	10.4	2.4	458.2
0.3	3.4	211.7	10.4	3.4	458.2
0.1	5.8	303.9	10.5	4.1	458.2
2.8	10.7	277.9	10.5	4.4	458.2
4.6	10.5	36.6	10.5	2.6	458.2
4.0	6.6	33.4	10.5	1.5	458.2
1.5	9.5	58.5	10.5	2.8	458.2
14.6	10.7	61.9	10.6	4.8	458.2
23.6	2.7	40.0	10.6	1.2	458.2
13.5	1.8	25.1	10.6	1.3	458.2
1.1	2.5	121.9	10.6	1.8	458.2
12.8	4.2	57.6	10.6	2.1	458.2
2.1	1.6	122.1	10.7	2.0	458.2
0.8	0.5	203.6	10.7	1.6	458.2
5.1	1.6	32.0	10.7	2.6	458.2
0.0	-3.1	368.2	10.7	1.6	459.3
0.0	-2.8	101.7	10.8	1.3	459.3
20.2	-0.3	176.0	10.8	2.1	459.3
22.2	2.4	43.6	10.8	2.3	459.3
0.4	1.5	186.0	10.8	2.2	459.3
4.8	4.3	62.4	10.9	2.4	459.3
1.0	11.1	150.0	10.9	4.2	459.3
11.5	14.4	274.4	10.9	6.3	459.3
2.1	2.1	76.4	10.9	3.3	459.3
7.9	3.4	115.2	11.0	2.6	459.3
28.7	5.2	70.5	11.0	2.1	459.3
19.0	5.2	37.6	11.0	1.8	459.3
0.9	4.1	103.6	11.1	2.2	459.3
2.5	6.1	150.0	11.1	3.5	459.3
0.6	-1.4	139.0	11.1	2.4	459.3
0.0	1.0	349.2	11.1	3.1	459.3
0.0	5.7	425.9	11.2	4.2	459.3
0.0	3.1	431.4	11.2	3.7	459.3
6.1	9.3	418.8	11.2	5.5	459.3
2.5	11.3	79.1	11.3	3.6	459.3
1.7	13.8	88.8	11.3	3.9	459.3
9.9	16.5	403.5	11.3	5.7	459.3
4.3	11.8	42.5	11.3	5.9	459.3
18.4	12.1	69.2	11.4	5.7	459.3
1.6	4.1	85.8	11.4	5.8	459.3
0.4	2.0	115.9	11.4	1.6	459.3
6.3	3.5	267.6	11.5	2.9	459.3
15.4	4.6	43.5	11.5	2.3	459.3
2.2	3.9	68.3	11.5	2.5	459.7
0.1	4.5	304.4	11.5	4.3	459.7
0.1	5.7	457.0	11.6	4.6	459.7
0.1	8.7	434.8	11.6	5.5	459.7
6.0	8.4	49.8	11.6	2.8	459.7
23.0	6.8	69.7	11.7	4.5	459.7
13.8	5.0	99.0	11.7	2.5	459.7
10.9	7.0	72.1	11.7	3.0	459.7
0.7	7.7	83.3	11.8	4.2	459.7
0.9	7.6	137.0	11.8	4.2	459.7
0.3	8.0	295.2	11.8	5.1	459.7
0.0	4.8	484.8	11.9	4.7	459.7
0.0	9.5	493.3	11.9	6.3	459.7
21.5	9.9	59.0	11.9	3.1	459.7
3.9	9.7	81.4	11.9	3.4	459.7
25.3	6.9	59.4	12.0	2.9	459.7
25.2	6.5	48.4	12.0	2.2	459.7
19.5	9.3	49.4	12.0	4.2	459.7
2.1	6.8	110.0	12.1	2.1	459.7
3.8	7.3	49.4	12.1	2.4	459.7
4.5	9.0	75.5	12.1	3.8	459.7
0.0	11.9	500.3	12.2	6.2	459.7
19.5	12.5	60.4	12.2	5.1	459.7
19.4	14.8	82.2	12.2	7.7	459.7
22.3	6.0	49.5	12.3	2.6	459.7
43.2	9.1	38.6	12.3	3.6	459.7
9.3	7.3	32.8	12.3	2.9	459.7
3.8	8.4	119.4	12.3	3.7	459.7
1.0	8.2	148.9	12.4	5.0	459.7
19.4	11.5	346.7	12.4	5.7	459.7
1.5	11.9	145.9	12.4	6.4	459.7
13.5	13.8	245.8	12.5	7.3	460.0
9.2	11.1	35.4	12.5	2.8	460.0
1.8	6.7	95.0	12.5	6.2	460.0
6.1	6.7	506.1	12.6	4.9	460.0
5.8	16.7	328.8	12.6	9.4	460.0
3.3	6.7	57.0	12.6	6.1	460.0
32.7	5.2	86.1	12.6	3.2	460.0
43.6	5.7	81.0	12.7	3.4	460.0
7.8	7.3	69.6	12.7	3.6	460.0
3.7	8.8	309.2	12.7	5.2	460.0
4.8	7.9	81.8	12.8	3.2	460.0
0.4	12.0	285.3	12.8	5.9	460.0
11.9	12.5	109.6	12.8	6.1	460.0
3.0	5.9	62.0	12.9	4.0	460.0
0.1	6.8	252.6	12.9	4.0	460.0
0.1	8.9	542.8	12.9	7.1	460.0
0.0	11.8	562.1	12.9	8.0	460.0
0.1	15.6	577.8	13.0	9.4	460.0
0.0	18.5	573.1	13.0	10.2	460.0
0.0	19.6	434.5	13.0	9.2	460.0
0.1	20.3	422.9	13.1	9.0	460.0
23.9	19.0	144.8	13.1	8.2	460.0
15.2	11.6	55.3	13.1	6.0	460.0
0.4	12.2	292.7	13.1	8.0	460.0
0.2	14.0	567.2	13.2	8.8	460.0
0.0	15.3	470.5	13.2	9.0	460.0
0.0	15.9	616.4	13.2	8.9	460.0
0.0	18.5	607.6	13.2	9.6	460.0
0.1	19.5	263.1	13.3	8.6	460.0
2.8	20.5	120.1	13.3	6.5	460.0
22.5	22.3	363.4	13.3	7.6	460.4
38.9	19.0	74.1	13.3	8.7	460.4
1.8	12.8	123.9	13.4	4.1	460.4
7.8	11.6	89.3	13.4	5.0	460.4
1.2	10.3	410.3	13.4	5.9	460.4
0.0	14.2	626.0	13.4	7.9	460.4
1.7	18.5	562.5	13.5	10.3	460.4
1.8	16.5	201.0	13.5	5.9	460.4
0.2	19.3	315.3	13.5	8.6	460.4
0.6	20.1	266.3	13.5	7.8	460.4
31.9	19.9	97.4	13.6	5.7	460.4
0.7	19.1	235.3	13.6	8.8	460.4
4.1	22.9	535.8	13.6	10.8	460.4
14.7	23.6	454.0	13.6	10.2	460.4
18.6	20.7	231.4	13.7	10.4	460.4
0.0	18.6	657.6	13.7	9.7	460.4
9.7	18.2	483.5	13.7	10.6	460.4
0.5	13.5	116.7	13.7	5.6	460.4
0.2	17.4	539.9	13.7	9.5	460.4
0.0	19.9	484.8	13.8	10.6	460.4
0.0	19.3	569.0	13.8	9.2	460.4
0.0	21.6	600.4	13.8	9.6	460.4
0.0	21.4	319.4	13.8	10.4	460.4
0.1	22.5	593.0	13.8	10.7	460.4
0.0	24.7	625.2	13.8	10.8	460.4
22.0	23.3	381.7	13.9	10.0	460.4
13.1	21.4	59.4	13.9	4.4	460.4
1.2	21.6	157.8	13.9	6.8	460.4
0.8	22.3	222.1	13.9	8.3	460.4
0.6	21.2	328.4	13.9	8.4	460.4
2.3	23.1	508.6	13.9	9.6	460.4
18.7	24.0	94.6	13.9	7.8	459.3
5.0	21.9	146.4	14.0	6.8	459.3
0.0	23.6	641.0	14.0	11.6	459.3
0.0	23.5	621.3	14.0	10.2	459.3
0.5	24.2	513.2	14.0	11.1	459.3
3.1	24.1	581.2	14.0	11.1	459.3
0.9	24.1	330.9	14.0	9.2	459.3
1.7	21.8	47.3	14.0	4.0	459.3
9.1	25.1	452.3	14.0	11.0	459.3
21.3	25.0	173.7	14.0	7.0	459.3
2.1	23.4	106.4	14.0	6.8	459.3
1.1	22.4	258.1	14.1	7.3	459.3
1.6	21.7	218.5	14.1	7.4	459.3
2.4	20.9	53.0	14.1	5.3	459.3
0.0	23.4	461.4	14.1	10.2	459.3
0.1	24.1	433.8	14.1	9.1	459.3
0.4	23.5	421.2	14.1	10.7	459.3
1.9	23.8	624.0	14.1	10.9	459.3
0.6	23.2	529.4	14.1	9.1	459.3
0.1	23.9	555.2	14.1	9.7	459.3
0.0	26.1	621.9	14.1	10.5	459.3
4.0	27.3	492.5	14.1	10.2	459.3
23.1	24.7	210.2	14.1	6.4	459.3
2.7	24.9	145.2	14.1	6.6	459.3
19.5	25.4	317.4	14.1	8.7	459.3
14.0	26.7	473.4	14.1	10.0	459.3
7.0	27.4	552.7	14.1	10.4	459.3
39.6	26.7	316.7	14.1	9.1	459.3
8.1	25.4	148.4	14.1	8.0	459.3
15.0	25.8	446.2	14.1	9.2	459.3
1.7	25.0	183.3	14.1	6.6	456.5
17.5	25.1	122.8	14.0	7.2	456.5
1.5	25.5	350.6	14.0	8.9	456.5
12.2	26.5	445.6	14.0	9.7	456.5
4.1	26.9	593.6	14.0	10.3	456.5
8.9	27.4	489.8	14.0	8.7	456.5
10.0	27.7	504.0	14.0	9.3	456.5
8.0	28.0	509.2	14.0	10.4	456.5
7.6	28.3	576.5	14.0	11.2	456.5
4.1	28.3	613.4	14.0	11.1	456.5
11.4	27.7	523.5	14.0	9.8	456.5
19.9	27.4	323.5	13.9	9.2	456.5
16.0	26.7	368.1	13.9	9.7	456.5
17.0	27.0	454.0	13.9	9.9	456.5
14.8	27.0	489.1	13.9	10.4	456.5
6.1	27.2	602.5	13.9	10.7	456.5
9.2	27.0	531.4	13.9	9.9	456.5
16.1	26.5	425.2	13.9	9.7	456.5
16.4	26.0	285.4	13.8	8.8	456.5
19.4	26.6	425.9	13.8	10.3	456.5
7.6	27.4	597.7	13.8	10.8	456.5
0.0	27.9	641.1	13.8	10.8	456.5
0.0	28.8	630.4	13.8	11.0	456.5
4.7	29.0	592.1	13.8	11.4	456.5
4.2	28.7	615.2	13.7	11.1	456.5
9.2	28.1	580.6	13.7	10.6	456.5
7.4	28.0	554.9	13.7	10.9	456.5
9.6	27.7	536.2	13.7	10.7	456.5
6.3	27.6	520.4	13.7	9.5	456.5
11.2	27.4	550.2	13.6	10.5	456.5
10.7	27.3	543.9	13.6	10.0	456.5
6.5	27.0	415.5	13.6	9.7	454.2
13.3	26.4	429.0	13.6	9.6	454.2
7.7	26.6	529.3	13.5	9.9	454.2
5.7	27.1	609.2	13.5	10.2	454.2
2.2	26.9	571.7	13.5	10.1	454.2
3.9	26.5	537.0	13.5	9.2	454.2
3.8	26.2	461.6	13.5	8.2	454.2
1.2	26.8	459.9	13.4	8.3	454.2
11.3	26.3	554.0	13.4	8.9	454.2
14.3	26.1	560.9	13.4	9.3	454.2
16.5	26.1	453.4	13.4	8.7	454.2
16.6	26.4	312.3	13.3	8.2	454.2
12.4	26.7	316.5	13.3	8.7	454.2
10.8	27.0	378.2	13.3	9.4	454.2
13.6	26.7	368.7	13.3	8.8	454.2
8.5	26.9	338.0	13.2	9.3	454.2
10.1	26.8	467.6	13.2	9.7	454.2
13.2	26.8	495.9	13.2	9.6	454.2
1.9	27.1	519.7	13.1	9.9	454.2
0.1	27.2	549.1	13.1	10.1	454.2
0.3	27.1	553.5	13.1	9.8	454.2
1.8	27.1	495.0	13.1	9.9	454.2
10.1	26.5	540.5	13.0	9.4	454.2
13.5	25.9	394.5	13.0	8.4	454.2
14.6	25.1	362.6	13.0	8.0	454.2
11.8	25.3	448.6	13.0	9.0	454.2
9.6	25.0	465.0	12.9	9.3	454.2
5.9	25.6	471.0	12.9	9.0	454.2
16.9	25.6	493.5	12.9	8.6	454.2
4.6	25.7	435.4	12.8	8.6	454.2
0.0	24.9	473.4	12.8	8.6	454.2
0.0	26.1	512.0	12.8	9.0	453.6
8.2	26.2	524.5	12.8	9.6	453.6
2.8	26.4	539.7	12.7	9.5	453.6
0.9	26.4	511.0	12.7	8.6	453.6
8.4	25.9	440.7	12.7	8.1	453.6
3.9	26.1	414.1	12.6	8.2	453.6
12.6	25.8	416.0	12.6	8.0	453.6
10.3	25.5	389.4	12.6	7.2	453.6
5.5	25.5	367.9	12.6	7.7	453.6
20.8	25.7	468.2	12.5	7.6	453.6
3.1	25.5	379.6	12.5	8.3	453.6
0.8	21.6	85.4	12.5	6.6	453.6
0.0	20.5	544.7	12.4	8.5	453.6
0.0	21.5	547.7	12.4	9.1	453.6
0.0	22.3	532.4	12.4	9.2	453.6
0.1	24.9	372.9	12.3	7.8	453.6
0.1	23.7	274.0	12.3	7.9	453.6
0.0	21.9	510.0	12.3	7.8	453.6
0.0	22.7	456.3	12.3	7.4	453.6
0.2	22.6	494.9	12.2	6.3	453.6
0.0	23.1	394.3	12.2	8.4	453.6
0.0	21.5	511.8	12.2	8.4	453.6
0.0	21.5	512.0	12.1	8.1	453.6
0.0	21.8	408.6	12.1	6.9	453.6
0.0	19.2	268.7	12.1	7.7	453.6
0.0	20.1	502.4	12.0	8.9	453.6
0.0	21.2	501.6	12.0	9.2	453.6
0.0	22.0	495.3	12.0	9.7	453.6
0.0	22.3	499.2	12.0	9.9	453.6
0.0	23.7	480.1	11.9	9.2	453.6
0.0	23.1	466.6	11.9	9.1	454.0
0.0	22.2	394.9	11.9	8.2	454.0
0.0	21.7	469.6	11.8	8.7	454.0
0.0	21.4	471.6	11.8	8.4	454.0
0.0	19.6	477.1	11.8	8.1	454.0
0.0	19.8	472.4	11.7	7.8	454.0
0.4	21.8	436.9	11.7	7.4	454.0
0.0	22.7	137.3	11.7	5.6	454.0
0.0	21.5	452.7	11.7	8.3	454.0
0.0	20.2	412.7	11.6	7.4	454.0
0.0	18.4	383.2	11.6	7.3	454.0
0.0	18.0	448.2	11.6	7.1	454.0
0.0	18.0	443.2	11.5	7.3	454.0
0.0	17.4	445.8	11.5	7.5	454.0
0.0	17.5	445.8	11.5	7.8	454.0
0.0	17.4	444.0	11.4	7.4	454.0
0.0	17.7	435.3	11.4	6.5	454.0
0.0	18.8	438.2	11.4	7.0	454.0
0.0	16.5	431.6	11.4	6.4	454.0
0.0	16.5	431.2	11.3	7.2	454.0
0.0	18.4	423.5	11.3	7.8	454.0
0.0	19.4	413.2	11.3	8.0	454.0
0.0	18.4	411.7	11.2	7.4	454.0
1.0	15.7	376.8	11.2	7.8	454.0
0.0	8.2	430.6	11.2	4.1	454.0
0.0	11.0	417.0	11.2	5.8	454.0
0.0	13.1	409.2	11.1	6.4	454.0
0.0	14.5	390.2	11.1	6.7	454.0
0.0	16.0	387.7	11.1	6.7	454.0
0.0	17.3	387.7	11.0	6.7	454.0
0.0	18.4	233.3	11.0	5.7	454.0
0.0	17.8	376.5	11.0	6.7	455.6
6.0	15.6	374.7	11.0	5.7	455.6
0.2	12.8	288.2	10.9	5.5	455.6
0.0	11.9	385.4	10.9	5.2	455.6
0.0	12.4	272.5	10.9	5.1	455.6
0.0	14.6	372.0	10.9	5.9	455.6
0.0	13.9	156.0	10.8	4.3	455.6
0.1	15.7	281.2	10.8	5.4	455.6
0.0	17.2	350.1	10.8	6.0	455.6
0.3	18.9	271.0	10.8	6.8	455.6
2.9	9.5	50.7	10.7	3.1	455.6
0.3	8.8	46.4	10.7	2.6	455.6
0.0	6.8	309.5	10.7	3.3	455.6
0.0	8.2	227.3	10.7	3.5	455.6
12.8	7.4	55.5	10.6	3.3	455.6
7.2	4.3	136.7	10.6	2.2	455.6
1.4	7.2	30.9	10.6	2.4	455.6
0.1	7.3	342.8	10.6	3.5	455.6
0.3	7.9	154.9	10.6	3.6	455.6
0.0	6.3	191.3	10.5	2.6	455.6
0.0	6.5	95.3	10.5	2.0	455.6
7.3	10.4	112.6	10.5	3.2	455.6
11.7	6.0	36.1	10.5	2.7	455.6
1.9	6.8	205.9	10.5	2.7	455.6
13.8	0.4	21.3	10.4	2.2	455.6
28.5	2.2	14.0	10.4	2.3	455.6
23.6	7.0	14.3	10.4	1.8	455.6
2.0	2.9	38.7	10.4	2.4	455.6
0.0	1.4	235.3	10.4	2.3	455.6
0.0	2.4	325.9	10.4	3.1	455.6
0.0	3.5	278.9	10.3	3.3	457.6
0.0	1.3	319.7	10.3	2.8	457.6
0.0	1.7	315.6	10.3	2.8	457.6
0.0	4.1	237.9	10.3	3.0	457.6
0.1	6.6	215.0	10.3	3.6	457.6
0.3	6.4	270.2	10.3	2.9	457.6
0.0	5.0	228.0	10.3	2.6	457.6
0.5	6.9	256.4	10.3	3.1	457.6
0.0	3.3	291.0	10.2	2.6	457.6
0.0	4.7	314.0	10.2	3.1	457.6
0.0	6.3	307.2	10.2	3.7	457.6
0.0	7.2	307.1	10.2	3.8	457.6
0.0	8.6	297.1	10.2	4.3	457.6
10.5	8.1	286.6	10.2	4.1	457.6
4.5	-1.4	36.9	10.2	1.7	457.6
0.0	-2.1	309.0	10.2	1.8	457.6
0.0	-1.6	308.6	10.2	2.1	457.6
0.0	-1.7	306.3	10.2	2.3	457.6
0.0	1.3	226.2	10.2	2.3	457.6
7.0	4.6	120.4	10.2	2.2	457.6
2.4	2.2	60.7	10.2	1.8	457.6
0.5	0.1	183.2	10.2	1.9	457.6
0.4	0.6	162.5	10.2	2.3	457.6
0.2	2.2	103.0	10.2	1.7	457.6
4.6	5.0	101.0	10.2	2.5	457.6
0.6	0.3	101.2	10.2	2.0	457.6
0.1	1.7	289.6	10.2	2.6	457.6
0.1	-0.4	86.6	10.2	1.8	457.6
0.1	-1.2	228.2	10.2	2.0	457.6
0.2	-1.3	180.7	10.2	2.4	457.6
0.0	1.8	312.9	10.2	3.1	457.6
0.0	4.3	306.6	10.2	3.3	459.7
0.0	9.4	310.9	10.2	4.1	459.7
0.7	9.7	294.8	10.2	3.9	459.7
1.8	3.0	58.1	10.2	2.6	459.7
0.1	-1.7	282.6	10.3	1.8	459.7
0.0	-1.4	316.6	10.3	2.2	459.7
0.0	-1.6	316.4	10.3	2.3	459.7
0.0	-0.1	189.9	10.3	2.7	459.7
0.0	1.7	323.6	10.3	3.2	459.7
0.0	3.2	321.2	10.3	3.6	459.7
0.0	4.8	328.0	10.3	4.1	459.7
0.0	7.7	325.3	10.3	4.6	459.7
0.0	8.4	287.6	10.4	4.5	459.7
0.0	11.0	322.0	10.4	5.7	459.7
0.0	12.3	294.0	10.4	5.9	459.7
0.0	2.3	312.9	10.4	2.3	459.7
0.0	2.5	228.7	10.4	2.6	459.7
0.2	3.3	194.0	10.4	2.4	459.7
0.0	6.7	194.2	10.5	3.1	459.7
1.4	11.9	213.0	10.5	4.3	459.7
16.1	6.1	23.4	10.5	3.2	459.7
0.2	2.8	119.5	10.5	2.5	459.7
0.1	3.0	264.0	10.5	3.5	459.7
0.1	5.1	329.0	10.6	3.7	459.7
0.0	3.6	266.7	10.6	3.1	459.7
0.0	5.4	229.4	10.6	3.8	459.7
0.0	6.9	343.8	10.6	4.9	459.7
0.0	9.0	357.2	10.6	5.1	459.7
0.0	4.4	368.8	10.7	3.7	459.7
0.0	6.2	367.2	10.7	4.5	459.7
0.0	3.9	370.3	10.7	3.2	459.7
0.0	4.0	373.8	10.7	4.0	460.8
0.0	3.9	386.7	10.8	3.9	460.8
0.0	9.8	294.3	10.8	5.3	460.8
0.0	13.3	286.7	10.8	6.7	460.8
0.0	15.4	368.6	10.8	7.2	460.8
0.0	17.0	361.9	10.9	6.8	460.8
0.5	14.6	260.2	10.9	4.8	460.8
1.5	12.8	86.5	10.9	3.0	460.8
0.4	15.5	307.4	10.9	7.2	460.8
2.3	6.3	67.7	11.0	3.0	460.8
7.8	4.9	109.8	11.0	2.2	460.8
16.0	2.9	41.9	11.0	1.7	460.8
2.0	4.1	146.3	11.0	2.2	460.8
0.0	3.3	359.5	11.1	3.9	460.8
0.0	4.4	411.2	11.1	4.0	460.8
0.7	5.2	72.2	11.1	2.3	460.8
0.0	10.1	211.3	11.2	4.9	460.8
0.2	14.0	224.0	11.2	5.4	460.8
5.2	9.2	72.7	11.2	5.8	460.8
0.0	8.0	439.6	11.2	5.0	460.8
0.0	11.8	430.6	11.3	6.6	460.8
0.0	15.9	366.6	11.3	7.6	460.8
13.5	17.4	156.1	11.3	6.3	460.8
13.1	13.4	50.1	11.4	3.6	460.8
21.0	13.9	50.0	11.4	3.3	460.8
24.7	10.3	41.2	11.4	5.1	460.8
15.1	1.5	42.4	11.5	3.3	460.8
0.0	2.2	432.0	11.5	2.8	460.8
0.0	1.9	198.4	11.5	3.1	461.3
19.5	5.3	149.2	11.5	3.4	461.3
48.0	5.7	42.1	11.6	2.9	461.3
10.7	9.1	75.9	11.6	2.9	461.3
3.0	12.0	209.5	11.6	4.6	461.3
0.9	14.8	102.4	11.7	4.6	461.3
5.2	18.0	302.8	11.7	9.3	461.3
33.5	3.0	33.6	11.7	4.2	461.3
19.1	3.0	56.1	11.8	2.0	461.3
25.3	4.1	51.3	11.8	2.5	461.3
4.4	2.0	55.7	11.8	1.7	461.3
0.1	3.9	250.5	11.8	4.0	461.3
3.5	7.3	170.1	11.9	3.6	461.3
29.0	7.9	58.9	11.9	2.4	461.3
2.6	6.9	48.9	11.9	3.5	461.3
0.3	5.4	212.2	12.0	3.7	461.3
0.0	8.3	469.4	12.0	6.1	461.3
0.4	10.0	503.0	12.0	6.4	461.3
0.0	12.6	312.1	12.1	6.5	461.3
1.0	12.2	180.0	12.1	4.7	461.3
0.1	14.0	489.3	12.1	7.5	461.3
0.0	16.0	510.3	12.2	8.5	461.3
0.0	17.4	468.0	12.2	8.8	461.3
4.5	17.2	287.3	12.2	6.4	461.3
0.2	18.2	373.9	12.2	7.5	461.3
12.1	19.0	414.0	12.3	8.2	461.3
26.4	18.6	57.5	12.3	5.2	461.3
1.7	15.8	101.2	12.3	5.1	461.3
1.0	15.0	225.7	12.4	5.5	461.3
1.7	14.5	235.2	12.4	4.7	461.3
0.0	11.4	356.9	12.4	7.5	461.3
0.0	7.8	572.9	12.5	5.5	461.5
0.0	14.6	576.0	12.5	8.4	461.5
0.0	18.5	551.9	12.5	8.7	461.5
7.5	17.5	156.7	12.5	6.3	461.5
24.3	11.0	95.0	12.6	10.5	461.5
0.0	5.8	541.2	12.6	5.5	461.5
0.0	9.1	583.9	12.6	6.4	461.5
7.2	10.1	76.4	12.7	4.9	461.5
37.8	17.8	93.7	12.7	7.9	461.5
21.3	19.3	296.4	12.7	6.9	461.5
3.6	21.9	315.6	12.8	8.4	461.5
7.9	21.9	386.9	12.8	8.3	461.5
17.8	21.8	242.5	12.8	7.9	461.5
10.0	21.1	168.4	12.8	6.5	461.5
2.0	21.5	154.1	12.9	6.0	461.5
22.7	21.6	231.4	12.9	8.0	461.5
9.6	21.8	307.1	12.9	8.3	461.5
8.1	23.5	420.7	13.0	10.0	461.5
6.7	23.3	447.9	13.0	11.0	461.5
8.0	18.9	301.9	13.0	6.7	461.5
20.4	16.6	88.0	13.0	4.6	461.5
4.6	17.3	239.5	13.1	6.8	461.5
0.2	17.5	494.0	13.1	8.2	461.5
0.0	16.0	597.9	13.1	8.7	461.5
0.0	16.8	292.1	13.2	6.9	461.5
10.4	19.6	376.5	13.2	10.5	461.5
0.9	12.0	146.1	13.2	5.6	461.5
0.0	12.0	595.5	13.2	7.8	461.5
0.0	15.5	634.2	13.3	9.0	461.5
0.8	19.0	626.8	13.3	9.1	461.5
48.7	21.4	308.2	13.3	7.7	461.9
45.1	17.0	65.4	13.3	9.7	461.9
1.2	11.5	94.4	13.4	3.4	461.9
7.4	11.3	91.2	13.4	4.4	461.9
0.1	15.9	521.1	13.4	8.4	461.9
0.1	18.2	602.7	13.4	10.6	461.9
12.5	18.6	573.2	13.5	9.4	461.9
33.7	15.1	44.6	13.5	2.9	461.9
0.7	15.6	114.8	13.5	4.4	461.9
7.2	15.9	77.6	13.5	4.7	461.9
0.6	18.3	238.5	13.6	7.5	461.9
0.3	19.7	572.7	13.6	10.5	461.9
0.0	21.6	622.5	13.6	11.4	461.9
0.0	22.8	559.0	13.6	10.5	461.9
0.0	26.5	514.6	13.6	9.6	461.9
12.1	25.7	389.3	13.7	8.4	461.9
33.8	23.5	169.5	13.7	7.1	461.9
14.2	22.0	77.4	13.7	7.0	461.9
1.7	20.2	108.6	13.7	5.4	461.9
1.6	21.1	369.7	13.7	8.3	461.9
0.3	19.8	240.3	13.8	8.1	461.9
1.3	19.3	566.9	13.8	8.9	461.9
28.3	15.6	55.1	13.8	4.3	461.9
1.2	15.3	54.7	13.8	3.5	461.9
2.3	16.7	63.6	13.8	4.8	461.9
5.5	17.1	172.3	13.9	7.2	461.9
28.4	17.6	65.2	13.9	7.6	461.9
12.9	22.1	150.9	13.9	9.2	461.9
0.5	19.1	414.1	13.9	9.8	461.9
0.3	22.4	584.0	13.9	10.5	461.9
0.0	23.3	545.7	13.9	10.8	461.9
10.7	22.8	251.7	13.9	7.8	460.8
0.9	20.5	107.8	14.0	6.4	460.8
11.3	20.4	53.3	14.0	4.5	460.8
3.2	20.6	36.4	14.0	4.9	460.8
17.2	18.3	82.7	14.0	5.0	460.8
15.8	18.1	51.7	14.0	4.6	460.8
0.4	18.3	352.8	14.0	9.0	460.8
0.3	21.5	612.0	14.0	10.1	460.8
0.4	22.6	385.6	14.0	9.6	460.8
8.2	22.4	378.2	14.0	9.6	460.8
2.1	23.1	590.4	14.0	12.2	460.8
6.4	24.6	588.7	14.1	11.0	460.8
51.3	22.0	60.2	14.1	4.1	460.8
0.7	23.1	521.5	14.1	10.7	460.8
0.4	24.1	572.4	14.1	11.0	460.8
1.7	22.9	510.6	14.1	10.3	460.8
0.9	20.2	444.5	14.1	8.3	460.8
0.0	19.9	268.9	14.1	6.8	460.8
0.0	18.6	224.3	14.1	8.4	460.8
0.0	20.5	375.3	14.1	8.2	460.8
1.1	22.1	348.8	14.1	8.8	460.8
1.0	23.8	393.6	14.1	8.9	460.8
2.7	26.0	574.9	14.1	9.9	460.8
11.6	26.0	452.9	14.1	9.8	460.8
0.0	25.2	174.0	14.1	7.9	460.8
6.5	25.9	324.0	14.1	10.1	460.8
14.9	26.3	287.7	14.1	8.9	460.8
29.1	26.1	241.9	14.1	8.9	460.8
13.7	24.8	102.3	14.1	7.2	460.8
2.0	25.8	366.4	14.1	10.4	460.8
12.6	23.0	53.7	14.1	6.3	458.0
7.1	22.2	88.2	14.1	6.1	458.0
1.8	21.3	87.5	14.0	3.3	458.0
1.0	24.0	324.7	14.0	9.4	458.0
0.1	27.0	633.2	14.0	11.2	458.0
6.2	27.2	609.7	14.0	10.2	458.0
9.0	27.3	606.1	14.0	10.9	458.0
7.3	27.4	590.9	14.0	10.2	458.0
25.9	26.5	431.5	14.0	9.7	458.0
33.2	26.7	408.6	14.0	8.1	458.0
1.8	26.1	156.0	14.0	7.5	458.0
13.1	25.9	278.2	14.0	8.6	458.0
17.2	24.9	213.0	13.9	7.2	458.0
23.9	25.3	542.5	13.9	9.9	458.0
16.2	25.7	367.9	13.9	8.7	458.0
0.8	26.0	361.0	13.9	9.1	458.0
0.0	27.1	637.0	13.9	10.9	458.0
0.0	28.1	631.5	13.9	10.3	458.0
0.7	28.7	553.3	13.9	9.7	458.0
3.6	28.6	530.7	13.8	10.9	458.0
5.5	28.3	607.2	13.8	11.9	458.0
3.2	28.6	605.5	13.8	11.0	458.0
14.0	28.1	561.0	13.8	9.6	458.0
9.9	28.1	590.0	13.8	11.1	458.0
5.4	28.3	621.0	13.7	11.6	458.0
0.0	28.3	618.0	13.7	11.1	458.0
0.0	28.7	548.6	13.7	10.0	458.0
3.2	27.8	382.8	13.7	9.8	458.0
22.1	26.4	497.7	13.7	9.9	458.0
4.0	26.6	615.4	13.6	10.1	458.0
1.1	27.5	586.2	13.6	10.3	458.0
2.2	28.0	615.2	13.6	11.2	455.7
4.1	28.1	608.7	13.6	11.6	455.7
9.5	27.9	609.6	13.6	11.4	455.7
2.6	28.0	514.2	13.5	10.8	455.7
0.1	28.2	502.2	13.5	10.8	455.7
0.0	29.2	620.0	13.5	10.8	455.7
0.0	29.8	616.6	13.5	11.8	455.7
7.2	28.4	565.9	13.4	12.2	455.7
12.1	26.3	254.9	13.4	8.1	455.7
4.1	25.0	110.0	13.4	6.7	455.7
11.4	25.1	185.7	13.4	7.7	455.7
6.6	26.1	338.6	13.3	8.1	455.7
0.5	26.4	422.6	13.3	8.7	455.7
3.5	26.9	507.8	13.3	9.5	455.7
12.3	26.7	543.1	13.3	9.2	455.7
15.4	26.5	544.4	13.2	9.4	455.7
19.5	26.3	421.9	13.2	9.1	455.7
3.6	26.6	416.2	13.2	9.2	455.7
6.8	27.0	434.8	13.2	8.7	455.7
11.0	27.1	511.9	13.1	9.5	455.7
12.5	27.4	531.5	13.1	9.5	455.7
5.0	28.1	526.3	13.1	9.5	455.7
7.1	27.7	459.9	13.0	9.0	455.7
2.1	26.1	492.0	13.0	9.4	455.7
0.3	24.2	439.1	13.0	7.6	455.7
0.1	23.5	532.4	13.0	8.4	455.7
0.3	23.0	545.5	12.9	7.7	455.7
0.9	22.5	85.3	12.9	5.0	455.7
0.9	24.1	296.2	12.9	8.1	455.7
0.5	26.5	534.2	12.9	8.1	455.7
1.2	27.2	516.2	12.8	7.7	455.7
0.4	26.8	461.1	12.8	8.3	455.1
0.0	24.4	580.8	12.8	10.3	455.1
0.0	24.7	576.1	12.7	10.5	455.1
0.0	25.5	500.2	12.7	10.8	455.1
0.0	24.7	563.1	12.7	10.4	455.1
0.0	24.8	548.5	12.6	10.2	455.1
0.0	26.1	538.3	12.6	10.3	455.1
0.0	26.5	541.8	12.6	10.9	455.1
0.1	26.8	532.7	12.6	9.6	455.1
1.9	27.0	276.4	12.5	8.0	455.1
0.8	25.7	79.8	12.5	5.0	455.1
1.4	25.7	229.4	12.5	7.0	455.1
1.0	26.2	334.0	12.4	8.3	455.1
0.2	26.9	487.2	12.4	9.2	455.1
0.0	26.0	509.0	12.4	8.8	455.1
0.0	25.7	400.3	12.4	8.5	455.1
0.0	25.2	449.8	12.3	9.3	455.1
0.0	25.1	516.3	12.3	9.3	455.1
0.0	25.4	510.7	12.3	9.3	455.1
0.0	24.5	518.2	12.2	9.1	455.1
0.0	23.4	520.4	12.2	8.3	455.1
0.0	21.8	520.2	12.2	8.6	455.1
0.0	21.8	514.4	12.1	8.9	455.1
0.0	21.8	506.3	12.1	9.0	455.1
0.0	22.1	503.7	12.1	8.7	455.1
1.2	23.8	426.6	12.0	8.0	455.1
0.0	23.1	353.2	12.0	8.5	455.1
0.0	23.5	482.3	12.0	8.7	455.1
0.0	25.0	469.8	12.0	8.3	455.1
0.0	23.1	477.3	11.9	8.5	455.1
0.0	22.7	477.8	11.9	8.6	455.5
0.0	23.2	473.3	11.9	8.0	455.5
0.1	21.8	158.2	11.8	6.7	455.5
0.0	18.0	345.9	11.8	7.0	455.5
0.0	17.6	482.0	11.8	7.1	455.5
0.0	17.8	472.7	11.7	7.5	455.5
0.0	17.6	471.3	11.7	7.2	455.5
0.0	19.8	461.2	11.7	7.5	455.5
0.0	19.8	465.1	11.7	8.7	455.5
0.0	19.8	434.9	11.6	7.8	455.5
0.0	20.2	424.9	11.6	8.1	455.5
0.0	17.4	455.3	11.6	6.8	455.5
0.0	16.8	453.5	11.5	7.1	455.5
0.0	17.4	451.5	11.5	7.7	455.5
0.0	18.2	451.0	11.5	8.0	455.5
0.0	19.7	434.8	11.5	7.9	455.5
0.0	19.0	415.8	11.4	7.5	455.5
0.0	15.6	430.2	11.4	6.6	455.5
0.0	13.7	319.6	11.4	5.3	455.5
0.0	17.2	406.2	11.3	6.5	455.5
0.0	19.7	409.3	11.3	7.1	455.5
0.0	21.2	403.5	11.3	7.4	455.5
0.0	21.7	405.9	11.2	7.2	455.5
0.0	23.4	398.5	11.2	7.4	455.5
0.0	24.8	389.0	11.2	7.4	455.5
0.1	24.6	374.3	11.2	7.5	455.5
3.8	23.6	354.8	11.1	7.2	455.5
1.4	19.9	63.6	11.1	3.3	455.5
0.0	22.4	372.0	11.1	6.0	455.5
4.6	22.5	358.1	11.1	7.0	455.5
9.8	21.7	321.4	11.0	5.7	455.5
1.5	20.6	279.7	11.0	5.7	457.1
0.7	17.4	199.8	11.0	4.2	457.1
4.4	18.8	338.3	10.9	6.9	457.1
0.2	12.5	257.7	10.9	4.3	457.1
0.0	12.8	379.3	10.9	4.9	457.1
0.0	14.3	372.4	10.9	5.9	457.1
0.4	15.7	347.6	10.8	5.2	457.1
0.1	13.3	221.5	10.8	4.7	457.1
0.0	14.8	367.7	10.8	5.4	457.1
0.0	17.1	362.9	10.8	5.8	457.1
0.0	18.4	353.9	10.7	6.2	457.1
0.0	19.6	288.0	10.7	6.2	457.1
18.5	14.4	81.0	10.7	6.4	457.1
0.0	1.8	275.6	10.7	2.6	457.1
0.0	5.2	355.6	10.6	3.2	457.1
2.9	9.2	106.7	10.6	2.8	457.1
0.1	14.9	299.2	10.6	5.1	457.1
0.0	18.1	297.6	10.6	5.1	457.1
0.0	19.4	323.7	10.6	5.6	457.1
0.1	20.8	258.6	10.5	5.5	457.1
4.8	18.1	101.5	10.5	5.9	457.1
0.8	11.6	241.8	10.5	2.8	457.1
0.3	13.1	134.5	10.5	3.0	457.1
0.9	19.3	244.6	10.5	4.8	457.1
4.6	17.7	73.9	10.4	3.7	457.1
33.9	14.5	27.9	10.4	3.2	457.1
10.4	10.0	28.2	10.4	2.1	457.1
2.0	9.0	103.5	10.4	1.8	457.1
48.7	7.6	27.0	10.4	1.6	457.1
5.0	7.0	38.1	10.4	2.1	457.1
0.2	6.3	195.7	10.3	2.1	459.1
0.1	6.6	176.0	10.3	3.2	459.1
0.7	7.8	184.8	10.3	3.6	459.1
0.7	8.1	141.7	10.3	3.0	459.1
2.3	10.1	86.5	10.3	2.8	459.1
3.4	7.9	29.3	10.3	2.3	459.1
1.0	6.6	109.8	10.3	2.2	459.1
0.2	5.6	52.0	10.3	2.6	459.1
0.1	6.0	244.4	10.2	3.1	459.1
0.0	8.6	199.8	10.2	3.1	459.1
4.7	8.4	100.0	10.2	1.9	459.1
4.2	8.4	33.8	10.2	1.5	459.1
0.2	6.7	186.8	10.2	3.1	459.1
0.2	4.6	203.8	10.2	3.4	459.1
0.0	0.0	302.2	10.2	2.6	459.1
0.0	-4.5	295.8	10.2	1.2	459.1
0.0	-3.0	303.3	10.2	1.7	459.1
0.1	3.1	288.6	10.2	3.0	459.1
1.2	6.1	57.7	10.2	2.3	459.1
0.8	4.1	28.5	10.2	2.0	459.1
1.1	0.7	26.3	10.2	1.7	459.1
0.0	-2.9	219.3	10.2	1.4	459.1
0.1	0.8	290.8	10.2	2.3	459.1
4.3	2.1	19.2	10.2	1.5	459.1
0.4	-0.2	125.0	10.2	1.7	459.1
0.6	-3.3	152.5	10.2	1.5	459.1
0.0	-3.3	310.2	10.2	2.0	459.1
0.0	-0.9	314.0	10.2	2.6	459.1
0.0	1.8	310.9	10.2	3.2	459.1
0.0	3.2	287.5	10.2	3.5	459.1
0.2	4.8	302.7	10.2	3.4	459.1
0.0	1.2	287.2	10.2	2.7	461.2
0.2	2.1	218.8	10.2	2.9	461.2
0.0	-0.7	309.5	10.2	2.4	461.2
0.0	0.6	319.6	10.2	2.9	461.2
0.0	4.6	315.3	10.3	3.7	461.2
0.0	0.9	313.7	10.3	2.7	461.2
0.0	3.1	317.8	10.3	3.3	461.2
0.0	4.0	262.2	10.3	3.5	461.2
0.0	2.9	324.9	10.3	3.3	461.2
0.0	4.5	328.5	10.3	3.9	461.2
0.0	8.2	322.6	10.3	4.8	461.2
0.0	8.4	320.3	10.3	4.8	461.2
0.0	5.1	334.9	10.4	3.7	461.2
0.0	8.6	330.6	10.4	4.9	461.2
0.0	5.5	327.6	10.4	3.7	461.2
0.0	5.6	339.8	10.4	4.3	461.2
0.0	7.6	337.4	10.4	4.9	461.2
0.0	5.0	222.8	10.4	3.7	461.2
0.0	2.7	347.8	10.5	3.4	461.2
0.0	7.1	287.6	10.5	4.3	461.2
0.0	4.8	343.8	10.5	3.8	461.2
0.0	1.5	357.7	10.5	3.1	461.2
0.0	5.1	360.5	10.5	4.4	461.2
0.0	-1.0	367.5	10.6	2.5	461.2
0.0	1.8	365.6	10.6	3.8	461.2
0.0	5.3	368.4	10.6	4.6	461.2
0.0	7.4	367.3	10.6	5.0	461.2
0.0	6.7	370.6	10.6	4.0	461.2
0.0	5.9	374.0	10.7	5.1	461.2
0.0	2.6	375.9	10.7	3.2	461.2
0.0	3.8	265.8	10.7	4.8	461.2
0.0	-3.4	391.8	10.7	2.5	462.3
0.0	1.3	388.0	10.8	3.7	462.3
0.0	7.2	347.1	10.8	4.7	462.3
0.0	7.7	389.9	10.8	4.3	462.3
0.0	13.6	389.3	10.8	6.1	462.3
0.0	9.6	386.4	10.9	6.7	462.3
0.0	3.8	409.1	10.9	4.1	462.3
0.0	2.8	414.3	10.9	4.0	462.3
0.0	3.8	412.8	10.9	4.6	462.3
0.0	9.0	406.5	11.0	5.6	462.3
0.0	8.9	181.0	11.0	5.1	462.3
0.0	11.6	407.3	11.0	6.8	462.3
0.0	13.7	395.4	11.0	6.7	462.3
0.0	15.7	317.2	11.1	6.8	462.3
1.2	9.4	116.8	11.1	4.7	462.3
0.0	6.9	271.0	11.1	4.9	462.3
1.1	6.5	402.1	11.2	4.0	462.3
9.3	4.3	41.5	11.2	1.9	462.3
10.0	8.1	104.0	11.2	2.8	462.3
0.9	13.7	39.0	11.2	5.3	462.3
1.4	13.1	94.8	11.3	5.4	462.3
1.5	16.4	254.8	11.3	6.0	462.3
2.2	18.4	271.4	11.3	6.2	462.3
0.0	19.9	405.2	11.4	6.4	462.3
7.7	19.7	392.0	11.4	7.2	462.3
1.3	12.7	73.2	11.4	4.5	462.3
10.9	15.3	91.3	11.4	5.9	462.3
1.7	5.5	154.7	11.5	3.2	462.3
0.2	5.1	118.3	11.5	2.1	462.3
0.0	8.3	91.7	11.5	3.8	462.7
0.0	16.0	327.1	11.6	7.2	462.7
15.1	10.5	102.7	11.6	7.6	462.7
1.8	5.4	399.5	11.6	3.8	462.7
23.3	3.9	45.6	11.7	2.0	462.7
2.3	4.7	85.8	11.7	2.4	462.7
30.3	9.5	47.2	11.7	4.3	462.7
7.6	6.7	32.2	11.7	4.5	462.7
6.7	2.2	77.4	11.8	1.6	462.7
5.9	1.5	53.9	11.8	1.8	462.7
10.1	7.6	189.9	11.8	4.5	462.7
5.9	11.5	71.1	11.9	4.6	462.7
10.5	8.4	45.4	11.9	4.5	462.7
15.2	6.1	47.1	11.9	2.1	462.7
13.8	9.1	68.0	12.0	4.0	462.7
23.0	14.3	80.1	12.0	5.0	462.7
18.4	3.5	33.0	12.0	6.5	462.7
18.0	-2.0	70.5	12.1	1.9	462.7
0.0	-0.2	306.6	12.1	2.8	462.7
0.0	3.7	540.9	12.1	4.9	462.7
3.7	8.9	477.0	12.1	5.8	462.7
1.8	7.6	61.5	12.2	3.3	462.7
5.7	11.7	452.8	12.2	6.5	462.7
13.3	12.8	46.4	12.2	4.1	462.7
1.3	14.4	116.7	12.3	4.7	462.7
0.1	19.5	294.0	12.3	8.4	462.7
0.7	19.6	243.5	12.3	7.6	462.7
8.9	20.4	488.8	12.4	8.0	462.7
12.8	21.1	468.5	12.4	9.7	462.7
3.4	7.8	131.3	12.4	7.7	462.7
1.9	6.4	144.6	12.4	3.4	462.7
4.7	8.2	121.1	12.5	3.5	463.0
15.3	9.8	46.3	12.5	2.8	463.0
7.9	10.4	54.7	12.5	3.4	463.0
43.4	11.3	151.7	12.6	4.1	463.0
41.0	10.0	33.3	12.6	5.3	463.0
0.4	8.8	167.7	12.6	4.6	463.0
0.6	9.7	252.9	12.7	5.6	463.0
1.9	13.9	514.7	12.7	7.4	463.0
23.0	12.7	69.1	12.7	2.6	463.0
8.2	9.8	39.0	12.7	4.6	463.0
27.3	6.8	68.1	12.8	3.4	463.0
0.0	7.9	330.6	12.8	6.0	463.0
0.0	10.9	544.6	12.8	6.6	463.0
0.0	9.9	306.4	12.9	5.8	463.0
24.3	12.7	355.1	12.9	6.3	463.0
1.6	12.1	151.4	12.9	4.8	463.0
1.9	16.0	482.7	13.0	8.8	463.0
4.1	17.0	143.7	13.0	6.7	463.0
5.0	22.0	496.7	13.0	8.7	463.0
34.8	21.2	207.2	13.0	8.5	463.0
0.8	15.0	84.2	13.1	5.2	463.0
31.6	20.0	354.0	13.1	11.6	463.0
19.5	13.2	147.9	13.1	4.6	463.0
7.5	15.0	123.9	13.1	4.5	463.0
51.3	13.7	53.4	13.2	7.2	463.0
2.7	9.9	141.9	13.2	6.3	463.0
18.3	13.0	342.9	13.2	7.4	463.0
30.9	10.4	46.8	13.3	2.6	463.0
13.0	11.9	71.2	13.3	4.4	463.0
1.3	15.6	312.5	13.3	6.7	463.0
11.7	17.4	205.5	13.3	6.8	463.4
1.2	17.6	268.6	13.4	7.1	463.4
1.1	19.0	237.4	13.4	7.8	463.4
4.5	21.3	170.0	13.4	7.3	463.4
9.6	22.5	385.8	13.4	9.0	463.4
5.0	24.8	563.3	13.5	10.3	463.4
17.9	23.1	369.7	13.5	10.4	463.4
10.9	23.5	390.1	13.5	9.9	463.4
30.5	19.1	145.9	13.5	10.9	463.4
0.5	16.8	264.8	13.6	6.5	463.4
0.1	18.9	490.2	13.6	7.5	463.4
0.0	15.6	271.2	13.6	7.9	463.4
0.0	15.9	635.6	13.6	8.7	463.4
5.2	16.2	397.1	13.6	7.0	463.4
29.4	17.8	73.5	13.7	6.2	463.4
18.5	20.6	79.1	13.7	6.0	463.4
11.7	21.8	146.1	13.7	7.5	463.4
20.4	22.1	173.8	13.7	7.3	463.4
24.1	22.9	144.9	13.7	7.0	463.4
28.7	21.0	172.3	13.8	9.1	463.4
0.5	19.6	304.3	13.8	8.1	463.4
10.0	16.4	102.1	13.8	6.6	463.4
0.0	17.5	656.7	13.8	9.5	463.4
0.0	19.0	590.5	13.8	9.2	463.4
6.0	20.5	312.8	13.9	7.9	463.4
11.1	22.7	121.5	13.9	6.5	463.4
27.5	24.3	299.5	13.9	9.2	463.4
17.8	24.3	318.2	13.9	8.6	463.4
32.9	20.5	53.5	13.9	8.9	463.4
0.4	16.2	96.1	13.9	4.8	463.4
0.0	16.2	203.3	13.9	6.4	463.4
8.7	19.7	196.9	14.0	8.4	462.2
29.6	21.3	61.0	14.0	6.3	462.2
12.0	21.8	105.0	14.0	6.7	462.2
0.5	22.8	507.5	14.0	10.5	462.2
0.1	23.3	484.1	14.0	10.4	462.2
7.7	24.7	535.0	14.0	10.3	462.2
4.0	25.0	562.3	14.0	11.3	462.2
1.4	20.8	238.1	14.0	11.1	462.2
0.0	20.1	700.6	14.0	11.2	462.2
0.0	21.5	614.9	14.0	11.7	462.2
0.0	23.6	599.8	14.1	11.3	462.2
0.0	25.3	563.2	14.1	10.7	462.2
0.0	26.0	650.5	14.1	11.8	462.2
0.0	27.1	665.3	14.1	12.1	462.2
6.8	25.9	562.1	14.1	10.7	462.2
3.0	24.9	586.4	14.1	10.8	462.2
4.9	22.7	586.0	14.1	10.7	462.2
1.2	19.9	264.7	14.1	8.5	462.2
0.3	22.6	650.7	14.1	10.6	462.2
0.0	25.2	672.3	14.1	10.7	462.2
0.1	26.9	658.7	14.1	11.6	462.2
5.1	27.7	497.0	14.1	11.5	462.2
7.6	24.5	50.5	14.1	4.6	462.2
5.3	24.0	36.4	14.1	4.7	462.2
5.1	24.9	185.9	14.1	7.4	462.2
15.0	26.4	431.0	14.1	10.2	462.2
8.6	26.1	406.2	14.1	10.1	462.2
1.3	22.4	197.9	14.1	7.4	462.2
0.2	23.1	576.6	14.1	10.7	462.2
5.0	25.0	658.7	14.1	10.0	462.2
0.2	26.8	564.7	14.1	10.7	459.4
2.1	27.1	477.9	14.0	10.7	459.4
4.9	25.6	180.3	14.0	7.6	459.4
13.8	26.1	285.8	14.0	8.4	459.4
10.0	26.1	223.7	14.0	8.9	459.4
12.5	27.1	449.2	14.0	9.7	459.4
19.3	26.7	330.7	14.0	9.8	459.4
29.8	25.7	270.1	14.0	8.2	459.4
4.1	26.0	252.6	14.0	8.2	459.4
3.2	26.1	522.4	14.0	11.2	459.4
0.5	26.3	574.2	14.0	10.1	459.4
7.4	24.3	174.1	13.9	7.0	459.4
12.7	23.3	62.1	13.9	3.0	459.4
8.1	24.4	144.0	13.9	6.2	459.4
15.4	25.4	350.7	13.9	8.4	459.4
4.6	25.9	415.4	13.9	9.5	459.4
2.7	27.4	536.6	13.9	10.3	459.4
15.6	27.2	423.8	13.9	9.6	459.4
20.3	27.2	484.9	13.8	9.5	459.4
26.1	26.4	314.2	13.8	8.7	459.4
20.5	26.9	371.1	13.8	9.5	459.4
10.8	27.8	599.3	13.8	11.0	459.4
10.4	28.0	623.1	13.8	11.4	459.4
0.0	27.5	645.5	13.7	10.9	459.4
0.0	27.3	613.7	13.7	9.9	459.4
0.8	27.4	499.0	13.7	9.0	459.4
1.3	27.7	518.2	13.7	9.4	459.4
0.2	28.4	591.3	13.7	10.0	459.4
0.1	28.6	473.2	13.6	9.8	459.4
0.3	27.8	414.9	13.6	9.1	459.4
0.3	28.1	589.1	13.6	10.3	459.4
9.7	26.2	491.6	13.6	9.3	457.2
15.9	26.6	401.4	13.6	8.0	457.2
19.4	27.2	462.3	13.5	9.4	457.2
18.4	27.0	505.7	13.5	9.2	457.2
8.1	27.4	544.3	13.5	9.9	457.2
8.8	27.5	527.4	13.5	10.1	457.2
3.7	28.1	574.8	13.4	11.3	457.2
2.4	28.1	550.4	13.4	10.8	457.2
8.6	27.3	524.8	13.4	10.0	457.2
0.1	26.9	534.3	13.4	9.5	457.2
0.0	27.5	615.8	13.3	10.0	457.2
0.1	28.3	600.0	13.3	10.3	457.2
28.2	26.4	542.6	13.3	8.2	457.2
18.0	26.5	528.3	13.3	9.6	457.2
12.9	26.8	561.3	13.2	10.4	457.2
8.7	26.6	463.0	13.2	8.8	457.2
13.4	26.2	434.2	13.2	9.2	457.2
19.8	25.7	413.7	13.2	8.9	457.2
1.6	25.0	367.9	13.1	8.4	457.2
0.3	25.2	552.1	13.1	8.9	457.2
0.0	26.1	593.6	13.1	11.2	457.2
0.1	26.4	596.8	13.1	12.6	457.2
0.5	26.7	589.3	13.0	11.7	457.2
0.0	27.7	583.6	13.0	11.4	457.2
3.1	27.8	537.2	13.0	9.4	457.2
23.5	26.1	382.7	12.9	9.3	457.2
1.2	26.9	554.2	12.9	8.8	457.2
0.2	27.4	544.9	12.9	10.3	457.2
0.1	26.5	543.0	12.9	8.3	457.2
0.2	27.4	371.0	12.8	8.3	457.2
0.7	27.4	252.6	12.8	6.4	457.2
1.2	27.6	321.7	12.8	7.2	456.5
0.6	27.9	437.6	12.7	8.7	456.5
5.6	26.6	518.2	12.7	9.2	456.5
13.1	24.8	325.6	12.7	7.1	456.5
13.4	23.2	75.8	12.7	5.4	456.5
28.0	22.1	18.1	12.6	1.6	456.5
2.6	22.5	44.6	12.6	3.1	456.5
0.5	22.3	148.7	12.6	5.5	456.5
1.3	22.4	415.9	12.5	7.6	456.5
0.0	21.9	502.7	12.5	8.9	456.5
0.0	23.6	361.2	12.5	7.2	456.5
0.0	23.9	295.5	12.4	8.8	456.5
0.0	25.0	506.0	12.4	9.3	456.5
0.0	24.7	402.2	12.4	9.2	456.5
0.0	25.0	471.0	12.4	8.7	456.5
0.0	24.1	510.8	12.3	9.9	456.5
0.0	24.4	522.7	12.3	9.2	456.5
0.1	24.6	503.7	12.3	9.2	456.5
0.0	24.7	512.4	12.2	9.5	456.5
0.0	25.7	494.3	12.2	8.8	456.5
0.0	23.0	463.3	12.2	8.6	456.5
0.0	21.1	514.8	12.1	9.1	456.5
0.0	20.3	525.1	12.1	8.9	456.5
0.0	22.2	508.9	12.1	8.8	456.5
0.0	22.5	501.2	12.1	8.8	456.5
0.1	23.2	489.2	12.0	8.9	456.5
0.9	23.3	443.3	12.0	7.7	456.5
4.5	21.7	31.9	12.0	4.0	456.5
0.0	21.0	110.5	11.9	7.4	456.5
0.0	20.7	491.0	11.9	7.9	456.5
0.0	20.5	486.9	11.9	7.5	456.9
0.0	21.1	477.0	11.8	7.8	456.9
0.0	20.6	471.7	11.8	7.9	456.9
0.0	21.0	466.3	11.8	8.3	456.9
0.0	21.9	462.5	11.8	8.2	456.9
0.0	19.9	478.7	11.7	8.2	456.9
0.0	19.6	432.5	11.7	7.2	456.9
0.0	18.8	467.4	11.7	7.0	456.9
0.0	18.4	460.0	11.6	7.4	456.9
0.0	19.1	443.8	11.6	7.1	456.9
0.0	21.0	413.0	11.6	7.1	456.9
0.0	20.2	384.9	11.5	7.5	456.9
0.0	19.8	441.1	11.5	7.5	456.9
0.0	19.6	434.6	11.5	7.2	456.9
0.0	20.6	432.3	11.5	7.0	456.9
0.0	18.6	424.5	11.4	7.3	456.9
0.0	15.6	435.5	11.4	6.4	456.9
0.0	15.8	432.3	11.4	6.6	456.9
0.0	16.1	429.7	11.3	7.1	456.9
0.0	16.6	384.8	11.3	6.8	456.9
0.0	17.6	408.1	11.3	7.3	456.9
0.0	17.0	428.2	11.3	6.6	456.9
0.0	14.0	433.8	11.2	6.6	456.9
0.0	15.1	423.5	11.2	6.6	456.9
0.0	17.3	398.3	11.2	6.8	456.9
0.0	16.3	404.5	11.1	6.8	456.9
0.0	18.7	406.5	11.1	7.3	456.9
0.0	12.3	406.5	11.1	5.8	456.9
0.0	12.7	411.6	11.1	5.4	456.9
0.0	14.2	400.4	11.0	6.3	456.9
0.0	15.3	398.3	11.0	6.0	456.9
0.0	17.3	379.3	11.0	6.5	458.5
0.0	18.5	372.3	11.0	6.9	458.5
0.0	10.5	387.4	10.9	4.6	458.5
0.0	9.5	267.3	10.9	4.7	458.5
0.0	12.1	377.5	10.9	5.8	458.5
0.0	13.3	383.0	10.8	5.9	458.5
0.0	14.7	369.4	10.8	5.8	458.5
2.3	15.8	180.7	10.8	4.9	458.5
8.5	14.7	253.7	10.8	4.7	458.5
0.1	13.5	314.8	10.7	5.4	458.5
0.0	15.3	340.2	10.7	5.3	458.5
0.0	15.3	240.3	10.7	5.1	458.5
0.0	15.7	344.5	10.7	6.0	458.5
0.0	16.0	343.4	10.7	6.2	458.5
0.1	17.5	333.0	10.6	6.2	458.5
0.0	18.6	317.2	10.6	5.9	458.5
0.0	19.6	316.5	10.6	5.9	458.5
0.8	21.3	272.2	10.6	6.2	458.5
2.6	17.7	32.3	10.5	3.3	458.5
4.2	15.5	104.0	10.5	4.0	458.5
8.7	9.9	24.7	10.5	2.6	458.5
31.2	11.1	25.9	10.5	2.4	458.5
1.5	13.6	80.7	10.5	2.4	458.5
0.0	16.6	210.6	10.4	3.6	458.5
0.0	17.4	121.7	10.4	3.5	458.5
1.5	16.6	72.6	10.4	3.8	458.5
0.8	13.1	36.6	10.4	1.0	458.5
6.6	14.3	83.1	10.4	4.0	458.5
19.5	7.7	29.5	10.4	2.2	458.5
0.4	7.2	233.2	10.4	3.7	458.5
0.2	8.6	184.7	10.3	3.8	460.5
0.4	10.6	207.8	10.3	3.8	460.5
1.2	10.0	130.3	10.3	2.1	460.5
0.2	9.5	169.9	10.3	2.6	460.5
3.5	8.7	85.4	10.3	3.2	460.5
0.1	8.8	307.4	10.3	3.9	460.5
0.1	10.2	278.8	10.3	4.4	460.5
0.9	7.4	58.8	10.3	2.1	460.5
1.2	10.8	258.3	10.2	3.3	460.5
25.1	12.5	19.5	10.2	1.7	460.5
17.9	11.6	32.0	10.2	2.8	460.5
59.7	12.0	21.1	10.2	2.9	460.5
9.8	10.5	30.9	10.2	3.2	460.5
1.1	6.5	79.9	10.2	2.1	460.5
0.8	7.3	140.7	10.2	2.5	460.5
0.3	12.5	153.2	10.2	3.5	460.5
2.4	8.8	31.7	10.2	2.3	460.5
7.5	6.6	52.3	10.2	2.1	460.5
1.6	2.8	64.1	10.2	1.6	460.5
1.7	4.3	41.8	10.2	2.4	460.5
6.1	12.7	46.4	10.2	3.4	460.5
7.7	12.4	62.6	10.2	4.3	460.5
3.3	2.1	18.3	10.2	2.5	460.5
0.3	-0.3	124.9	10.2	0.9	460.5
0.1	-0.7	112.8	10.2	1.5	460.5
0.1	-2.3	264.8	10.2	1.5	460.5
0.0	-2.1	129.2	10.2	1.3	460.5
0.0	-0.7	310.2	10.2	2.2	460.5
0.0	-2.3	311.5	10.2	2.0	460.5
2.7	1.2	145.6	10.2	2.1	460.5
1.0	2.6	140.1	10.2	2.1	460.5
0.6	0.7	89.1	10.2	1.2	462.6
15.4	1.6	122.9	10.2	1.6	462.6
18.0	2.8	26.2	10.2	1.3	462.6
1.3	1.6	57.8	10.2	1.1	462.6
1.1	-0.4	70.8	10.3	1.3	462.6
23.9	0.1	37.6	10.3	1.1	462.6
13.7	-0.4	39.4	10.3	1.0	462.6
0.8	-2.7	155.7	10.3	1.5	462.6
0.5	-3.3	124.0	10.3	1.2	462.6
9.6	0.0	31.5	10.3	1.2	462.6
4.4	0.7	64.1	10.3	1.4	462.6
0.0	-1.4	302.7	10.3	2.0	462.6
0.0	-1.7	332.3	10.4	2.1	462.6
0.0	1.4	309.8	10.4	2.5	462.6
0.0	2.7	136.9	10.4	2.5	462.6
0.0	3.3	332.1	10.4	3.3	462.6
0.0	3.9	306.7	10.4	3.7	462.6
0.0	5.0	342.7	10.4	4.0	462.6
0.9	3.8	118.2	10.5	2.5	462.6
0.0	3.7	266.9	10.5	2.7	462.6
0.0	4.7	336.8	10.5	3.5	462.6
0.2	3.8	255.5	10.5	2.4	462.6
5.6	7.2	54.2	10.5	2.8	462.6
11.1	5.6	32.3	10.6	1.1	462.6
24.2	4.7	23.5	10.6	2.7	462.6
0.8	1.7	104.3	10.6	2.0	462.6
0.0	3.5	359.1	10.6	3.2	462.6
0.0	2.0	367.9	10.7	2.9	462.6
0.1	4.6	355.9	10.7	3.8	462.6
0.0	5.7	359.0	10.7	3.7	462.6
0.0	5.2	183.0	10.7	3.6	462.6
0.0	6.7	367.6	10.7	4.6	463.7
0.1	8.6	363.6	10.8	4.5	463.7
3.7	8.1	91.9	10.8	2.8	463.7
27.0	9.9	71.1	10.8	2.9	463.7
10.9	8.1	42.6	10.8	2.8	463.7
1.5	5.8	86.8	10.9	2.1	463.7
1.2	0.8	69.0	10.9	2.7	463.7
0.0	3.3	203.7	10.9	2.9	463.7
0.0	10.0	332.1	11.0	4.7	463.7
0.8	12.7	162.4	11.0	4.4	463.7
7.6	11.3	37.2	11.0	3.2	463.7
6.9	5.9	83.8	11.0	3.0	463.7
6.0	6.1	28.0	11.1	2.6	463.7
6.3	4.3	33.1	11.1	2.4	463.7
1.0	5.3	279.1	11.1	2.7	463.7
0.1	3.9	260.4	11.1	3.2	463.7
0.0	7.3	424.3	11.2	3.8	463.7
0.0	7.0	427.5	11.2	4.6	463.7
0.0	10.4	420.4	11.2	5.9	463.7
0.0	6.8	348.2	11.3	4.8	463.7
0.0	7.5	447.4	11.3	5.4	463.7
0.0	11.2	450.5	11.3	6.9	463.7
0.0	15.2	431.6	11.3	7.7	463.7
0.0	14.5	330.1	11.4	6.8	463.7
0.0	16.4	436.2	11.4	7.7	463.7
0.0	18.9	434.7	11.4	8.9	463.7
19.0	6.8	205.7	11.5	5.6	463.7
0.3	3.6	271.3	11.5	3.6	463.7
0.0	4.9	462.1	11.5	4.7	464.1
0.0	4.3	475.1	11.6	3.9	464.1
0.0	4.7	447.3	11.6	3.5	464.1
1.0	4.0	105.0	11.6	2.4	464.1
5.2	5.0	98.1	11.6	2.0	464.1
18.0	6.8	121.2	11.7	3.1	464.1
7.8	6.9	65.9	11.7	3.0	464.1
0.6	6.6	100.3	11.7	3.0	464.1
0.0	6.7	427.3	11.8	5.3	464.1
0.0	7.5	501.1	11.8	5.8	464.1
0.0	10.6	282.9	11.8	6.2	464.1
9.5	12.7	118.9	11.9	5.1	464.1
7.3	16.0	137.9	11.9	5.8	464.1
16.5	16.3	138.3	11.9	5.4	464.1
3.9	14.2	68.4	12.0	4.3	464.1
65.3	11.0	44.6	12.0	3.1	464.1
2.2	10.9	49.4	12.0	2.5	464.1
2.9	11.5	40.6	12.0	3.1	464.1
2.4	14.0	163.2	12.1	5.1	464.1
11.0	13.1	58.3	12.1	3.8	464.1
8.4	11.4	92.3	12.1	3.5	464.1
0.4	11.8	69.7	12.2	3.2	464.1
14.0	12.4	70.1	12.2	5.9	464.1
0.0	10.9	421.0	12.2	6.5	464.1
0.0	13.8	545.2	12.3	7.6	464.1
9.6	14.1	334.1	12.3	7.8	464.1
0.1	14.1	504.6	12.3	6.4	464.1
20.7	12.7	49.8	12.4	3.9	464.1
6.7	11.4	44.8	12.4	2.0	464.1
21.1	12.9	68.3	12.4	3.6	464.1
13.5	18.3	157.9	12.4	6.9	464.1
27.7	21.9	271.6	12.5	7.0	464.4
10.1	11.8	74.2	12.5	8.3	464.4
9.8	9.9	153.1	12.5	3.8	464.4
11.1	13.6	107.5	12.6	5.1	464.4
26.9	16.9	40.5	12.6	6.0	464.4
17.6	21.7	185.7	12.6	7.6	464.4
1.9	13.7	103.0	12.7	9.4	464.4
0.0	10.6	414.7	12.7	5.6	464.4
0.0	10.7	558.1	12.7	6.7	464.4
7.2	11.3	253.2	12.7	5.2	464.4
3.2	10.3	109.9	12.8	3.1	464.4
0.5	11.7	454.3	12.8	7.8	464.4
0.0	12.8	567.2	12.8	8.4	464.4
0.2	16.3	577.8	12.9	8.5	464.4
0.2	18.8	248.8	12.9	8.7	464.4
7.3	23.5	540.2	12.9	9.8	464.4
2.9	17.2	75.6	12.9	10.1	464.4
1.8	10.7	65.7	13.0	5.1	464.4
5.5	9.3	175.2	13.0	4.2	464.4
1.9	8.0	87.4	13.0	4.2	464.4
0.0	11.5	596.8	13.1	6.7	464.4
0.0	15.2	510.2	13.1	8.2	464.4
0.0	17.1	479.6	13.1	9.1	464.4
0.0	20.3	467.4	13.1	7.8	464.4
4.0	21.4	399.8	13.2	8.1	464.4
22.8	17.4	235.1	13.2	10.3	464.4
0.0	13.0	591.9	13.2	7.3	464.4
0.0	11.9	392.5	13.2	7.5	464.4
0.0	17.2	635.6	13.3	9.8	464.4
0.1	21.7	619.6	13.3	10.7	464.4
0.0	24.6	595.8	13.3	10.7	464.8
30.2	22.9	348.9	13.4	9.6	464.8
22.5	21.1	73.3	13.4	7.5	464.8
10.0	16.5	58.3	13.4	6.3	464.8
0.4	18.6	518.5	13.4	9.1	464.8
0.4	21.3	400.5	13.5	9.6	464.8
29.9	17.8	143.0	13.5	5.7	464.8
28.3	17.3	52.2	13.5	4.2	464.8
0.0	21.9	467.0	13.5	10.1	464.8
0.0	27.8	591.8	13.5	11.5	464.8
14.1	24.4	460.1	13.6	10.9	464.8
0.0	21.8	590.7	13.6	10.2	464.8
14.4	13.5	73.7	13.6	7.8	464.8
1.0	11.9	117.0	13.6	5.3	464.8
0.0	15.3	416.4	13.7	8.2	464.8
0.0	16.8	639.3	13.7	10.3	464.8
0.0	15.9	656.1	13.7	9.3	464.8
2.1	17.4	373.3	13.7	8.2	464.8
4.6	15.0	93.5	13.7	4.2	464.8
2.5	15.0	141.5	13.8	4.4	464.8
1.9	16.8	186.5	13.8	5.5	464.8
0.9	19.1	409.7	13.8	8.5	464.8
0.5	21.7	434.4	13.8	9.1	464.8
37.0	22.1	299.1	13.8	7.2	464.8
11.1	23.8	273.9	13.8	7.1	464.8
1.4	24.3	322.4	13.9	8.2	464.8
10.3	24.9	196.0	13.9	7.7	464.8
30.7	24.8	185.6	13.9	8.4	464.8
5.6	21.9	65.9	13.9	5.0	464.8
20.0	20.0	60.6	13.9	6.4	464.8
11.3	17.1	44.2	13.9	5.1	464.8
3.5	15.6	60.9	14.0	3.0	463.6
0.8	20.2	277.2	14.0	8.8	463.6
0.1	23.5	328.7	14.0	9.3	463.6
23.6	24.3	285.2	14.0	10.1	463.6
13.0	25.4	553.8	14.0	9.3	463.6
37.2	25.6	456.2	14.0	10.1	463.6
1.7	22.9	218.6	14.0	8.4	463.6
0.3	22.2	586.2	14.0	10.5	463.6
0.0	23.4	615.9	14.0	10.8	463.6
5.9	21.6	160.7	14.0	8.5	463.6
23.1	18.5	66.7	14.0	5.0	463.6
0.9	20.5	98.9	14.1	4.3	463.6
0.8	23.4	493.1	14.1	9.1	463.6
24.0	20.4	63.0	14.1	7.0	463.6
0.1	22.4	562.3	14.1	9.4	463.6
0.1	25.1	629.8	14.1	10.0	463.6
0.9	25.4	331.2	14.1	10.0	463.6
0.2	25.1	380.1	14.1	9.9	463.6
0.0	25.3	418.2	14.1	11.1	463.6
9.6	23.4	116.3	14.1	8.6	463.6
17.3	20.3	61.7	14.1	4.3	463.6
0.1	20.6	274.5	14.1	8.1	463.6
0.1	22.5	572.7	14.1	10.4	463.6
0.2	22.5	431.9	14.1	9.5	463.6
0.0	24.0	488.7	14.1	10.2	463.6
0.1	23.8	452.0	14.1	9.5	463.6
0.0	24.2	535.6	14.1	10.6	463.6
0.0	24.3	626.0	14.1	10.4	463.6
0.0	25.4	629.1	14.1	10.7	463.6
0.0	24.7	236.4	14.1	7.7	463.6
9.3	23.6	85.0	14.1	5.3	460.8
6.5	24.9	163.3	14.0	9.3	460.8
19.5	25.1	160.0	14.0	7.6	460.8
1.8	22.5	39.8	14.0	5.9	460.8
0.0	23.2	150.7	14.0	6.0	460.8
0.4	24.4	210.2	14.0	6.9	460.8
17.0	26.5	500.9	14.0	8.7	460.8
7.9	26.5	375.5	14.0	9.0	460.8
9.0	26.2	153.4	14.0	8.0	460.8
29.7	25.4	126.6	14.0	5.7	460.8
28.8	25.8	410.0	14.0	8.8	460.8
24.4	25.4	230.4	13.9	7.4	460.8
8.4	25.8	252.0	13.9	8.0	460.8
21.8	26.5	517.3	13.9	9.5	460.8
10.8	27.1	536.8	13.9	9.8	460.8
18.2	26.9	412.4	13.9	8.5	460.8
24.9	27.0	492.3	13.9	9.4	460.8
14.3	27.6	601.9	13.9	9.8	460.8
6.0	28.0	480.5	13.8	10.4	460.8
5.3	28.5	571.4	13.8	10.0	460.8
2.5	28.7	576.7	13.8	11.1	460.8
3.7	28.6	471.5	13.8	10.7	460.8
9.2	28.1	615.9	13.8	11.4	460.8
7.2	27.8	590.9	13.8	11.1	460.8
7.0	27.5	535.1	13.7	10.0	460.8
1.2	27.8	495.8	13.7	10.2	460.8
11.5	27.3	423.4	13.7	9.5	460.8
9.4	27.5	575.1	13.7	11.0	460.8
7.7	27.3	567.9	13.7	10.2	460.8
14.1	27.5	586.9	13.6	11.1	460.8
15.6	27.1	556.9	13.6	9.8	460.8
11.4	27.1	561.9	13.6	10.6	458.6
16.3	27.1	577.9	13.6	10.1	458.6
9.4	27.2	601.7	13.5	9.9	458.6
7.7	27.4	577.5	13.5	10.5	458.6
11.6	27.0	597.8	13.5	10.1	458.6
10.9	26.8	552.2	13.5	9.7	458.6
10.7	26.5	504.5	13.4	9.1	458.6
9.4	26.1	353.8	13.4	8.2	458.6
19.7	26.2	343.7	13.4	7.8	458.6
6.2	27.1	538.4	13.4	9.5	458.6
0.4	28.0	569.9	13.4	9.9	458.6
6.0	28.1	498.7	13.3	10.3	458.6
9.7	27.6	469.3	13.3	10.4	458.6
12.1	26.9	416.8	13.3	9.9	458.6
7.7	26.8	531.4	13.2	10.5	458.6
16.3	26.5	562.3	13.2	10.1	458.6
16.3	25.7	481.3	13.2	8.8	458.6
3.6	23.8	126.9	13.2	6.0	458.6
1.1	22.8	59.6	13.1	3.7	458.6
0.3	23.6	205.7	13.1	6.3	458.6
1.4	24.3	162.4	13.1	5.8	458.6
3.5	25.1	209.6	13.1	7.1	458.6
0.0	25.4	570.1	13.0	9.4	458.6
0.8	26.2	507.2	13.0	9.3	458.6
0.2	26.6	471.6	13.0	9.6	458.6
0.0	26.6	584.3	12.9	10.2	458.6
0.0	27.2	583.6	12.9	10.8	458.6
0.0	26.7	584.4	12.9	10.9	458.6
0.0	27.3	572.0	12.9	10.6	458.6
0.1	27.3	540.7	12.8	9.1	458.6
1.9	26.2	300.8	12.8	7.9	458.6
0.2	24.7	342.0	12.8	9.7	457.9
0.0	23.6	579.2	12.7	9.7	457.9
0.0	25.1	557.6	12.7	9.7	457.9
0.0	26.7	521.8	12.7	9.5	457.9
0.0	27.6	414.3	12.7	9.3	457.9
13.1	26.1	402.2	12.6	9.4	457.9
17.7	25.9	383.8	12.6	8.1	457.9
4.3	25.4	479.3	12.6	8.5	457.9
0.2	24.1	509.4	12.5	8.8	457.9
0.0	22.6	272.4	12.5	7.1	457.9
0.0	23.2	326.2	12.5	7.8	457.9
0.0	24.8	526.7	12.5	9.3	457.9
0.0	25.5	530.4	12.4	8.9	457.9
0.1	27.1	508.3	12.4	8.9	457.9
18.8	23.8	446.4	12.4	9.4	457.9
0.0	20.8	193.9	12.3	6.1	457.9
0.0	20.6	384.2	12.3	7.2	457.9
0.1	21.8	449.7	12.3	7.2	457.9
0.0	21.2	511.4	12.2	8.5	457.9
0.0	20.9	530.6	12.2	8.8	457.9
0.0	22.3	528.0	12.2	9.2	457.9
0.0	23.1	507.6	12.2	9.5	457.9
0.0	22.4	480.2	12.1	9.7	457.9
0.0	22.3	516.7	12.1	9.5	457.9
0.0	22.8	510.1	12.1	9.0	457.9
0.0	22.3	501.4	12.0	8.9	457.9
0.0	20.9	502.3	12.0	8.1	457.9
0.0	20.4	496.5	12.0	8.3	457.9
0.0	19.9	494.2	11.9	8.5	457.9
0.0	20.8	489.7	11.9	8.9	457.9
0.0	21.8	484.9	11.9	8.8	458.3
0.0	20.8	470.4	11.9	8.9	458.3
0.0	18.3	490.6	11.8	8.4	458.3
0.0	19.5	488.6	11.8	9.1	458.3
0.0	19.1	490.2	11.8	9.3	458.3
0.0	20.0	483.8	11.7	9.3	458.3
0.0	21.1	469.4	11.7	9.2	458.3
0.0	21.4	470.4	11.7	7.8	458.3
0.0	21.6	462.1	11.6	8.7	458.3
0.0	21.4	452.9	11.6	8.1	458.3
0.0	23.2	436.6	11.6	7.8	458.3
0.0	22.9	286.0	11.6	8.0	458.3
0.0	23.3	413.5	11.5	8.8	458.3
0.0	20.6	445.3	11.5	8.4	458.3
0.0	20.7	448.5	11.5	8.3	458.3
0.0	20.9	442.4	11.4	8.6	458.3
0.0	19.9	443.6	11.4	8.3	458.3
0.0	19.6	440.4	11.4	8.1	458.3
0.0	20.3	429.2	11.3	8.0	458.3
0.0	18.4	418.2	11.3	8.4	458.3
0.0	10.1	423.5	11.3	4.9	458.3
0.0	9.2	445.9	11.3	5.4	458.3
0.0	12.5	422.1	11.2	6.2	458.3
0.0	15.9	374.7	11.2	6.4	458.3
0.0	16.0	243.1	11.2	5.7	458.3
0.0	14.9	359.6	11.1	6.5	458.3
0.0	14.4	415.5	11.1	6.7	458.3
0.0	15.1	410.1	11.1	6.7	458.3
0.0	16.6	399.0	11.1	6.7	458.3
0.0	17.9	379.3	11.0	6.8	458.3
0.0	19.1	301.7	11.0	6.2	458.3
0.2	17.2	175.6	11.0	4.2	459.9
0.1	19.0	169.3	11.0	5.0	459.9
13.9	18.8	144.4	10.9	6.2	459.9
5.6	8.4	18.3	10.9	3.9	459.9
9.7	7.0	56.7	10.9	1.2	459.9
2.1	6.8	32.8	10.9	1.2	459.9
0.4	9.2	247.8	10.8	3.5	459.9
0.1	12.7	287.5	10.8	4.4	459.9
4.0	15.9	225.5	10.8	4.7	459.9
5.7	12.3	25.9	10.8	2.4	459.9
0.2	10.1	73.1	10.7	3.4	459.9
0.0	10.4	323.6	10.7	3.9	459.9
0.0	11.5	277.8	10.7	3.8	459.9
6.0	11.1	66.5	10.7	2.0	459.9
3.9	9.9	28.9	10.6	2.0	459.9
0.1	9.9	256.7	10.6	4.1	459.9
0.2	10.4	344.8	10.6	4.6	459.9
0.0	11.0	307.5	10.6	4.5	459.9
0.0	12.8	296.1	10.6	4.9	459.9
0.2	12.5	118.7	10.5	4.0	459.9
0.0	10.4	327.3	10.5	4.1	459.9
0.0	11.6	338.0	10.5	4.4	459.9
0.0	12.1	328.6	10.5	4.3	459.9
0.0	12.9	324.2	10.5	4.5	459.9
0.0	12.6	260.5	10.4	5.0	459.9
0.0	7.4	324.7	10.4	3.3	459.9
0.0	6.8	335.0	10.4	3.9	459.9
0.0	8.0	329.9	10.4	4.4	459.9
0.0	9.9	329.4	10.4	4.9	459.9
0.0	12.1	309.2	10.4	5.3	459.9
0.0	11.6	220.1	10.3	3.5	461.9
0.0	10.5	296.1	10.3	4.1	461.9
0.0	7.9	302.3	10.3	4.0	461.9
0.0	8.4	266.8	10.3	4.1	461.9
0.0	9.8	306.9	10.3	4.6	461.9
0.0	12.0	304.6	10.3	5.0	461.9
0.0	13.6	298.6	10.3	5.2	461.9
0.0	9.9	221.4	10.3	3.5	461.9
3.1	7.3	40.7	10.2	2.1	461.9
0.0	7.8	307.3	10.2	3.8	461.9
0.0	7.3	267.0	10.2	3.5	461.9
0.0	7.5	220.2	10.2	3.0	461.9
0.6	11.4	136.3	10.2	3.2	461.9
0.1	14.4	125.1	10.2	3.8	461.9
0.4	18.3	224.9	10.2	5.0	461.9
0.6	17.7	194.1	10.2	4.0	461.9
1.3	16.1	115.5	10.2	5.3	461.9
0.0	8.4	289.0	10.2	3.8	461.9
10.6	9.9	237.8	10.2	3.6	461.9
2.0	9.8	55.6	10.2	2.5	461.9
1.1	4.7	54.4	10.2	2.5	461.9
1.1	3.1	283.2	10.2	1.8	461.9
5.0	2.2	16.5	10.2	1.3	461.9
0.0	1.0	127.6	10.2	2.0	461.9
0.0	2.3	306.5	10.2	2.2	461.9
0.0	6.8	307.5	10.2	2.8	461.9
0.0	10.2	306.8	10.2	3.9	461.9
0.0	11.5	292.3	10.2	4.3	461.9
0.0	7.0	284.4	10.2	3.3	461.9
0.0	5.7	240.6	10.2	3.1	461.9
0.0	6.8	200.3	10.2	4.0	461.9
0.0	8.8	199.9	10.2	3.9	464.0
7.9	13.6	244.1	10.2	5.1	464.0
0.6	6.8	39.0	10.2	2.4	464.0
0.0	3.5	171.6	10.2	2.8	464.0
0.0	5.5	311.4	10.3	3.8	464.0
13.6	13.5	275.5	10.3	4.8	464.0
15.9	6.8	18.6	10.3	3.9	464.0
0.0	0.3	235.5	10.3	2.8	464.0
0.0	-5.0	323.4	10.3	1.7	464.0
0.0	-3.0	327.6	10.3	1.9	464.0
0.0	2.0	233.6	10.3	3.1	464.0
1.6	2.1	69.7	10.3	1.7	464.0
2.2	5.3	55.2	10.4	2.2	464.0
0.4	8.9	126.2	10.4	3.1	464.0
8.7	9.2	158.9	10.4	4.7	464.0
1.8	3.4	92.2	10.4	1.6	464.0
1.9	3.3	89.3	10.4	2.0	464.0
0.5	1.0	57.2	10.4	1.4	464.0
0.0	5.0	315.3	10.5	3.0	464.0
6.0	9.0	179.8	10.5	4.7	464.0
3.3	0.6	300.4	10.5	1.9	464.0
0.1	-1.4	219.2	10.5	2.3	464.0
0.0	-3.2	360.5	10.5	1.7	464.0
0.0	1.4	351.5	10.6	3.0	464.0
0.0	-1.0	360.0	10.6	2.5	464.0
0.0	0.5	273.0	10.6	3.0	464.0
0.0	-2.5	365.6	10.6	2.1	464.0
0.0	-4.1	376.1	10.6	2.1	464.0
0.0	3.8	374.5	10.7	3.9	464.0
0.0	5.3	367.7	10.7	4.3	464.0
0.0	8.4	181.7	10.7	5.0	464.0
8.9	13.6	354.3	10.7	6.9	465.1
1.8	2.3	60.1	10.8	2.5	465.1
0.0	-0.0	309.5	10.8	2.4	465.1
0.0	1.1	344.9	10.8	2.6	465.1
0.2	2.9	187.0	10.8	2.7	465.1
0.0	3.8	379.9	10.9	3.8	465.1
0.0	5.7	393.8	10.9	4.5	465.1
0.0	10.1	401.1	10.9	5.8	465.1
4.0	11.9	389.9	10.9	7.3	465.1
9.5	-4.8	66.1	11.0	2.2	465.1
0.0	-3.8	414.3	11.0	1.9	465.1
0.0	-3.2	244.1	11.0	2.1	465.1
0.0	0.2	410.0	11.1	3.1	465.1
0.0	1.8	414.0	11.1	3.8	465.1
0.0	5.6	373.4	11.1	4.4	465.1
6.9	8.5	247.9	11.1	4.4	465.1
0.8	9.1	255.9	11.2	3.9	465.1
1.1	12.1	181.4	11.2	4.6	465.1
14.1	12.6	52.0	11.2	4.2	465.1
21.0	5.6	33.4	11.3	3.0	465.1
5.1	3.5	41.8	11.3	2.1	465.1
0.3	1.9	132.3	11.3	2.7	465.1
0.0	5.5	366.3	11.3	3.8	465.1
0.0	6.8	452.2	11.4	4.9	465.1
0.0	8.6	460.8	11.4	5.7	465.1
0.0	12.2	463.1	11.4	6.9	465.1
0.0	14.1	260.5	11.5	6.4	465.1
0.7	12.2	373.2	11.5	5.5	465.1
0.0	12.1	449.8	11.5	6.3	465.5
1.9	8.5	348.4	11.5	5.2	465.5
1.7	7.5	243.2	11.6	3.9	465.5
21.3	7.8	30.0	11.6	3.2	465.5
3.0	7.3	75.8	11.6	5.1	465.5
3.1	7.2	294.0	11.7	4.1	465.5
8.6	4.2	38.9	11.7	2.3	465.5
4.7	2.5	26.7	11.7	1.7	465.5
7.9	4.5	156.5	11.8	3.1	465.5
12.4	6.3	74.8	11.8	2.6	465.5
14.0	8.1	52.0	11.8	3.5	465.5
0.1	9.3	314.3	11.9	4.9	465.5
21.6	11.5	52.5	11.9	4.0	465.5
0.9	9.3	106.6	11.9	5.1	465.5
0.0	8.5	427.1	11.9	5.2	465.5
43.9	11.8	83.0	12.0	4.8	465.5
1.5	12.0	117.8	12.0	4.7	465.5
20.5	13.6	137.4	12.0	5.1	465.5
2.6	11.5	214.1	12.1	5.2	465.5
51.9	8.9	44.2	12.1	1.9	465.5
6.9	12.1	51.3	12.1	4.3	465.5
23.7	19.0	269.4	12.2	8.2	465.5
0.1	12.7	394.6	12.2	6.7	465.5
10.0	14.4	452.5	12.2	6.8	465.5
20.0	14.1	64.5	12.3	5.2	465.5
16.3	16.6	75.6	12.3	5.6	465.5
0.7	16.9	178.5	12.3	6.8	465.5
2.4	18.9	174.7	12.3	6.6	465.5
0.3	18.3	100.5	12.4	4.7	465.5
0.0	21.5	217.8	12.4	7.1	465.5
0.0	23.5	538.0	12.4	9.1	465.5
0.0	25.5	542.4	12.5	8.8	465.8
13.4	22.3	514.5	12.5	11.5	465.8
7.2	17.1	425.5	12.5	10.6	465.8
11.4	9.9	40.7	12.6	2.1	465.8
21.3	10.8	51.5	12.6	2.3	465.8
39.4	10.8	45.4	12.6	2.5	465.8
53.1	9.3	46.2	12.6	4.0	465.8
2.7	8.2	54.3	12.7	2.9	465.8
0.1	11.1	231.9	12.7	5.1	465.8
7.5	13.8	252.5	12.7	5.9	465.8
3.4	10.8	148.1	12.8	6.0	465.8
16.4	9.4	201.0	12.8	3.6	465.8
0.9	12.2	301.9	12.8	7.1	465.8
6.2	18.2	484.5	12.9	9.8	465.8
26.2	16.7	70.4	12.9	8.9	465.8
0.1	14.0	550.7	12.9	7.6	465.8
1.2	19.8	478.3	12.9	10.1	465.8
31.2	12.1	140.7	13.0	10.9	465.8
0.0	7.3	640.3	13.0	6.2	465.8
1.0	12.3	607.5	13.0	7.3	465.8
0.1	15.1	604.7	13.1	8.6	465.8
0.0	17.8	599.6	13.1	9.2	465.8
0.0	21.1	325.4	13.1	10.0	465.8
0.3	21.7	242.9	13.1	8.5	465.8
5.7	17.2	192.3	13.2	10.6	465.8
6.0	12.7	112.7	13.2	4.5	465.8
0.1	16.6	533.9	13.2	8.6	465.8
10.5	19.0	564.0	13.2	9.4	465.8
43.1	15.9	56.5	13.3	9.1	465.8
0.1	12.9	399.3	13.3	6.1	465.8
8.6	15.9	572.4	13.3	7.8	466.1
19.3	14.4	50.1	13.3	4.3	466.1
0.3	15.7	309.1	13.4	7.7	466.1
0.1	18.7	336.7	13.4	8.7	466.1
0.0	17.4	599.3	13.4	10.6	466.1
0.0	16.9	623.0	13.4	7.9	466.1
28.7	18.1	517.6	13.5	8.6	466.1
87.0	18.7	60.7	13.5	6.1	466.1
5.9	13.5	70.0	13.5	6.4	466.1
0.2	12.5	93.1	13.5	3.7	466.1
0.1	12.7	177.0	13.6	5.2	466.1
0.6	13.0	322.7	13.6	7.0	466.1
0.1	17.2	641.7	13.6	9.6	466.1
0.0	20.3	530.8	13.6	10.3	466.1
3.7	19.3	454.8	13.7	9.5	466.1
14.2	18.6	591.2	13.7	8.4	466.1
0.0	20.1	578.4	13.7	9.4	466.1
38.4	22.1	431.9	13.7	10.1	466.1
8.9	19.2	111.1	13.7	6.8	466.1
0.1	18.9	616.5	13.8	9.8	466.1
0.0	20.9	525.1	13.8	10.5	466.1
0.1	20.3	491.8	13.8	10.4	466.1
0.0	19.7	676.2	13.8	11.1	466.1
0.0	22.9	641.2	13.8	11.2	466.1
3.1	23.2	288.7	13.8	7.5	466.1
6.1	23.5	71.9	13.9	6.1	466.1
0.3	20.0	192.5	13.9	7.9	466.1
0.1	20.2	651.8	13.9	10.1	466.1
0.1	20.3	638.5	13.9	10.0	466.1
2.9	22.2	528.7	13.9	9.0	466.1
2.6	20.7	191.1	13.9	6.3	466.1
10.5	20.4	198.2	13.9	7.6	464.9
8.7	19.9	605.7	14.0	9.4	464.9
0.0	21.5	615.4	14.0	11.1	464.9
0.3	23.4	658.2	14.0	11.4	464.9
2.3	24.0	662.8	14.0	11.8	464.9
0.7	24.8	643.3	14.0	11.1	464.9
0.0	25.3	639.8	14.0	11.7	464.9
0.0	26.5	661.5	14.0	11.2	464.9
3.5	26.7	633.0	14.0	11.8	464.9
7.1	26.4	592.4	14.0	11.6	464.9
31.5	25.8	410.0	14.0	9.6	464.9
14.7	23.3	198.3	14.1	6.2	464.9
2.6	22.4	104.6	14.1	5.8	464.9
0.5	22.4	152.1	14.1	7.2	464.9
0.4	22.7	277.4	14.1	8.1	464.9
0.1	22.5	334.7	14.1	8.5	464.9
0.0	18.6	197.4	14.1	6.9	464.9
0.0	17.9	325.7	14.1	8.1	464.9
0.0	22.3	654.0	14.1	10.1	464.9
0.6	24.3	407.9	14.1	9.2	464.9
0.2	25.5	378.4	14.1	9.7	464.9
1.4	26.2	516.8	14.1	11.2	464.9
9.3	26.4	642.5	14.1	10.6	464.9
11.7	26.7	588.6	14.1	9.4	464.9
48.4	25.2	308.6	14.1	8.0	464.9
30.6	23.9	105.4	14.1	6.7	464.9
0.6	25.1	458.1	14.1	9.9	464.9
0.1	24.2	631.0	14.1	11.0	464.9
0.9	24.9	632.9	14.1	9.1	464.9
7.9	24.1	105.9	14.1	4.9	464.9
23.1	25.7	331.6	14.1	8.7	462.1
11.7	26.6	415.3	14.0	9.0	462.1
10.7	26.9	463.7	14.0	8.7	462.1
25.7	26.4	433.1	14.0	8.5	462.1
13.4	27.2	525.5	14.0	10.6	462.1
2.2	25.6	146.1	14.0	7.9	462.1
0.7	24.4	277.7	14.0	8.7	462.1
0.5	23.5	279.6	14.0	8.0	462.1
1.0	24.2	215.1	14.0	7.7	462.1
13.8	25.8	313.0	14.0	9.1	462.1
22.4	26.3	457.0	14.0	9.1	462.1
10.2	26.5	525.6	13.9	10.1	462.1
8.3	27.0	564.7	13.9	10.5	462.1
12.9	26.6	400.4	13.9	9.5	462.1
10.6	25.8	277.5	13.9	8.2	462.1
4.5	26.7	580.0	13.9	10.9	462.1
6.2	27.0	631.3	13.9	10.9	462.1
12.9	26.7	473.3	13.9	9.4	462.1
19.8	26.4	359.0	13.8	9.3	462.1
10.1	26.3	356.1	13.8	9.0	462.1
6.7	27.1	396.7	13.8	9.0	462.1
10.0	26.8	471.8	13.8	10.1	462.1
11.6	26.2	338.1	13.8	9.4	462.1
12.8	25.4	297.9	13.8	8.9	462.1
10.5	26.0	506.2	13.7	10.4	462.1
8.9	26.1	462.2	13.7	9.6	462.1
25.9	25.3	388.3	13.7	7.7	462.1
19.3	25.0	228.0	13.7	7.6	462.1
15.0	25.0	264.4	13.7	7.4	462.1
15.4	25.1	211.0	13.6	6.9	462.1
23.4	24.9	264.1	13.6	8.8	462.1
4.4	25.9	458.3	13.6	9.8	459.9
0.4	27.2	488.1	13.6	9.9	459.9
6.8	27.2	537.7	13.5	10.2	459.9
13.6	27.0	504.2	13.5	9.4	459.9
8.8	27.3	533.0	13.5	9.9	459.9
11.5	27.0	413.1	13.5	9.6	459.9
12.4	26.5	490.9	13.5	10.0	459.9
12.2	26.2	534.4	13.4	9.8	459.9
14.8	25.9	537.8	13.4	10.1	459.9
8.9	25.7	479.9	13.4	8.9	459.9
11.4	25.3	475.0	13.4	9.4	459.9
0.0	25.6	535.3	13.3	10.1	459.9
0.3	25.8	567.4	13.3	9.8	459.9
1.4	26.3	474.2	13.3	7.8	459.9
1.4	25.5	204.0	13.3	6.2	459.9
1.7	26.1	214.2	13.2	7.5	459.9
2.4	25.7	177.6	13.2	7.2	459.9
1.7	25.9	302.8	13.2	7.6	459.9
3.9	25.2	165.6	13.1	6.2	459.9
3.9	25.1	204.8	13.1	7.8	459.9
8.4	25.8	399.0	13.1	8.8	459.9
5.4	26.1	378.0	13.1	8.4	459.9
11.5	25.5	242.0	13.0	6.7	459.9
2.0	25.4	278.6	13.0	7.6	459.9
0.9	26.0	413.6	13.0	8.0	459.9
1.0	26.5	406.6	13.0	7.8	459.9
4.0	26.1	281.7	12.9	7.5	459.9
4.1	24.8	125.9	12.9	7.1	459.9
0.0	22.5	481.8	12.9	9.4	459.9
0.0	22.5	589.6	12.8	9.4	459.9
0.0	24.8	552.6	12.8	10.3	459.9
0.0	26.3	514.2	12.8	9.9	459.2
0.0	23.7	486.8	12.8	11.1	459.2
0.0	24.4	550.0	12.7	10.8	459.2
0.0	25.2	533.4	12.7	10.5	459.2
0.0	25.1	272.3	12.7	8.7	459.2
0.0	24.5	184.5	12.6	8.1	459.2
0.0	24.9	261.5	12.6	8.0	459.2
0.0	24.8	383.7	12.6	9.3	459.2
0.0	25.3	547.7	12.6	10.6	459.2
0.0	25.2	543.0	12.5	10.2	459.2
0.0	24.4	522.6	12.5	10.2	459.2
0.0	24.3	546.6	12.5	10.3	459.2
0.0	25.3	540.5	12.4	11.1	459.2
0.0	25.0	546.9	12.4	10.7	459.2
0.0	25.2	538.3	12.4	9.9	459.2
0.0	25.9	528.9	12.3	9.9	459.2
0.0	26.6	505.7	12.3	9.7	459.2
7.7	25.0	450.4	12.3	8.9	459.2
0.0	23.8	518.2	12.3	9.4	459.2
0.0	23.8	527.8	12.2	9.6	459.2
0.0	24.7	458.0	12.2	9.0	459.2
0.0	24.7	483.5	12.2	8.8	459.2
0.0	25.0	321.4	12.1	8.1	459.2
0.1	25.5	388.1	12.1	8.4	459.2
0.0	23.8	137.8	12.1	6.4	459.2
0.0	22.6	459.6	12.0	8.4	459.2
0.0	22.2	272.4	12.0	6.5	459.2
0.0	23.0	452.9	12.0	8.4	459.2
0.0	23.7	483.7	11.9	9.0	459.2
0.0	23.8	479.1	11.9	8.6	459.2
0.0	23.9	473.5	11.9	8.5	459.6
0.0	23.3	464.9	11.9	8.0	459.6
0.0	21.1	366.8	11.8	8.3	459.6
0.0	21.1	476.0	11.8	8.1	459.6
0.0	20.9	411.8	11.8	7.0	459.6
0.0	20.6	464.8	11.7	8.2	459.6
0.0	20.5	474.5	11.7	8.6	459.6
0.0	20.9	461.7	11.7	8.3	459.6
0.0	20.9	298.0	11.6	6.9	459.6
0.0	21.5	447.6	11.6	8.2	459.6
0.0	21.8	450.0	11.6	7.9	459.6
0.0	21.5	448.1	11.6	7.8	459.6
0.0	20.7	449.2	11.5	7.5	459.6
0.0	20.7	436.5	11.5	7.2	459.6
0.0	19.9	378.0	11.5	6.3	459.6
0.0	20.0	378.3	11.4	5.8	459.6
0.0	19.8	230.9	11.4	7.0	459.6
0.0	21.2	381.5	11.4	7.1	459.6
0.0	20.9	416.8	11.4	7.6	459.6
0.0	17.0	434.4	11.3	6.1	459.6
0.0	15.8	435.1	11.3	6.7	459.6
0.0	16.9	432.4	11.3	6.5	459.6
0.0	17.3	417.1	11.2	6.7	459.6
0.0	16.6	416.1	11.2	6.5	459.6
0.0	17.0	412.0	11.2	6.8	459.6
0.0	18.3	412.6	11.2	7.5	459.6
0.0	18.8	407.2	11.1	7.3	459.6
0.0	19.0	395.0	11.1	7.1	459.6
0.0	18.3	355.9	11.1	6.0	459.6
0.0	17.7	394.0	11.0	7.1	459.6
0.0	17.7	394.5	11.0	7.3	459.6
0.0	18.3	390.6	11.0	6.8	461.2
0.0	19.6	374.2	11.0	6.9	461.2
0.0	20.6	335.5	10.9	6.8	461.2
0.0	20.4	304.8	10.9	7.0	461.2
0.0	15.6	364.3	10.9	5.5	461.2
0.0	16.8	378.1	10.9	6.0	461.2
0.0	18.1	364.3	10.8	6.2	461.2
0.0	19.2	364.5	10.8	6.0	461.2
0.0	19.7	341.1	10.8	6.2	461.2
0.0	20.3	353.7	10.8	6.5	461.2
0.1	22.1	344.3	10.7	6.6	461.2
0.0	21.9	322.3	10.7	6.8	461.2
3.5	21.7	330.8	10.7	7.5	461.2
2.9	9.9	15.9	10.7	3.6	461.2
3.4	5.9	46.8	10.6	1.9	461.2
0.4	3.5	51.8	10.6	2.5	461.2
0.0	6.9	345.5	10.6	3.6	461.2
0.3	13.5	231.7	10.6	4.4	461.2
8.5	13.3	68.0	10.6	2.6	461.2
13.6	11.7	40.3	10.5	3.5	461.2
0.6	4.2	57.0	10.5	3.0	461.2
0.0	2.2	348.1	10.5	2.7	461.2
0.0	4.6	345.0	10.5	3.4	461.2
0.1	10.2	320.5	10.5	4.7	461.2
0.4	6.6	58.2	10.4	3.1	461.2
0.0	2.1	295.2	10.4	2.7	461.2
0.0	1.9	338.5	10.4	3.0	461.2
0.0	4.8	308.3	10.4	3.7	461.2
0.0	9.0	326.3	10.4	4.5	461.2
0.2	13.3	271.2	10.4	4.9	461.2
1.1	8.2	27.5	10.3	2.3	463.1
0.4	6.2	151.6	10.3	2.8	463.1
0.0	9.1	304.7	10.3	3.7	463.1
0.0	14.0	296.7	10.3	5.0	463.1
2.2	11.9	198.1	10.3	5.4	463.1
0.0	6.6	316.9	10.3	3.6	463.1
0.0	7.5	315.9	10.3	3.8	463.1
0.0	10.4	301.1	10.3	5.0	463.1
0.0	12.0	297.4	10.2	4.9	463.1
3.4	14.8	260.0	10.2	5.1	463.1
3.1	8.9	15.3	10.2	2.6	463.1
0.0	6.4	250.2	10.2	3.2	463.1
0.0	3.5	298.5	10.2	2.3	463.1
3.7	3.5	76.8	10.2	1.3	463.1
0.1	4.5	210.5	10.2	2.8	463.1
0.0	5.0	305.1	10.2	3.4	463.1
0.0	4.6	274.3	10.2	3.6	463.1
0.0	5.5	304.3	10.2	3.4	463.1
0.0	6.0	188.4	10.2	3.5	463.1
0.0	2.6	312.6	10.2	3.0	463.1
0.0	5.6	306.1	10.2	3.8	463.1
0.0	10.4	296.1	10.2	4.6	463.1
1.5	13.6	92.1	10.2	3.8	463.1
0.6	12.0	204.9	10.2	4.4	463.1
0.0	6.4	309.2	10.2	3.7	463.1
0.0	2.4	312.0	10.2	2.7	463.1
0.0	6.3	308.2	10.2	3.5	463.1
0.0	9.0	280.6	10.2	4.6	463.1
0.0	5.5	311.6	10.2	3.4	463.1
0.0	9.5	307.9	10.2	5.0	463.1
0.0	9.6	303.0	10.2	4.8	463.1
0.0	11.9	302.7	10.2	5.3	465.3
0.1	14.6	181.8	10.2	4.6	465.3
0.4	14.6	120.9	10.2	3.6	465.3
0.5	15.3	66.5	10.2	2.9	465.3
2.4	15.9	162.7	10.3	6.0	465.3
0.3	8.2	310.8	10.3	3.5	465.3
6.3	10.7	48.7	10.3	3.0	465.3
1.8	8.0	27.3	10.3	2.7	465.3
5.9	8.8	146.6	10.3	2.6	465.3
8.0	12.8	28.1	10.3	2.8	465.3
4.3	14.5	41.7	10.3	2.6	465.3
11.7	12.4	61.3	10.3	3.0	465.3
7.2	9.8	110.5	10.4	1.8	465.3
7.4	8.9	40.4	10.4	3.0	465.3
5.5	8.3	39.1	10.4	1.8	465.3
4.1	8.6	29.4	10.4	2.2	465.3
7.4	6.7	63.5	10.4	4.2	465.3
1.1	-0.6	144.2	10.4	1.9	465.3
10.0	2.0	190.1	10.5	2.4	465.3
9.2	-0.1	44.7	10.5	2.3	465.3
0.7	-4.9	257.1	10.5	1.6	465.3
0.0	-5.1	277.8	10.5	1.6	465.3
0.0	-3.7	49.8	10.5	1.7	465.3
0.1	0.9	351.9	10.6	3.3	465.3
0.5	-0.6	68.6	10.6	1.8	465.3
0.1	1.6	341.2	10.6	3.4	465.3
0.6	4.7	326.1	10.6	3.9	465.3
7.5	3.2	54.2	10.6	1.6	465.3
0.9	6.3	160.0	10.7	3.0	465.3
12.5	7.3	70.3	10.7	1.8	465.3
4.1	5.3	20.2	10.7	3.0	465.3
0.4	1.5	104.8	10.7	1.7	466.3
2.8	1.1	37.6	10.8	1.5	466.3
0.7	-0.9	202.7	10.8	2.5	466.3
0.0	-1.3	367.5	10.8	2.7	466.3
0.0	-4.0	390.7	10.8	2.0	466.3
0.0	-6.0	216.5	10.9	1.7	466.3
0.0	-1.8	400.3	10.9	3.0	466.3
0.0	3.0	358.0	10.9	3.6	466.3
0.0	1.8	354.0	10.9	3.5	466.3
0.0	4.3	407.5	11.0	4.2	466.3
0.0	7.9	409.4	11.0	5.6	466.3
0.0	10.2	392.2	11.0	6.4	466.3
0.0	12.4	410.8	11.0	6.9	466.3
0.0	14.0	412.7	11.1	7.7	466.3
0.0	8.9	362.0	11.1	5.3	466.3
1.0	10.1	348.8	11.1	5.5	466.3
0.0	0.9	230.6	11.2	3.8	466.3
0.0	-1.5	450.0	11.2	3.1	466.3
0.0	4.5	300.5	11.2	3.8	466.3
0.0	5.2	265.8	11.2	4.8	466.3
0.0	8.1	450.7	11.3	5.9	466.3
2.5	11.5	337.8	11.3	6.2	466.3
0.0	11.6	397.3	11.3	6.8	466.3
0.0	11.8	457.7	11.4	6.4	466.3
0.0	16.0	451.0	11.4	8.1	466.3
0.0	19.8	431.3	11.4	8.4	466.3
4.6	8.5	104.6	11.5	7.0	466.3
0.0	2.0	453.3	11.5	3.4	466.3
0.0	5.7	485.0	11.5	4.8	466.7
0.0	11.2	485.4	11.5	6.8	466.7
0.0	15.2	460.5	11.6	7.8	466.7
17.6	16.2	232.1	11.6	7.3	466.7
28.1	12.7	31.2	11.6	3.4	466.7
4.6	10.8	73.2	11.7	2.5	466.7
1.1	12.7	360.1	11.7	7.0	466.7
7.5	4.5	66.2	11.7	2.6	466.7
1.5	11.8	58.8	11.8	5.5	466.7
19.5	9.9	54.0	11.8	6.6	466.7
0.2	4.8	210.4	11.8	4.7	466.7
0.2	-1.9	403.7	11.8	2.3	466.7
0.0	2.8	523.7	11.9	4.4	466.7
0.0	6.7	394.4	11.9	5.7	466.7
0.2	9.9	340.3	11.9	6.5	466.7
0.0	8.1	259.1	12.0	5.7	466.7
8.5	7.4	280.9	12.0	4.2	466.7
39.9	8.2	53.6	12.0	4.7	466.7
9.1	10.1	68.3	12.1	4.9	466.7
1.8	8.2	115.2	12.1	2.3	466.7
0.7	7.9	191.7	12.1	4.7	466.7
0.1	6.4	262.7	12.2	3.6	466.7
0.1	6.4	260.3	12.2	4.2	466.7
6.4	8.7	242.6	12.2	4.4	466.7
21.0	9.5	40.5	12.2	3.6	466.7
6.5	8.1	79.2	12.3	3.9	466.7
0.1	9.2	508.5	12.3	5.9	466.7
40.3	9.0	258.3	12.3	5.1	466.7
38.2	5.0	40.8	12.4	3.8	466.7
0.7	3.8	174.3	12.4	3.3	466.7
0.0	6.2	581.3	12.4	5.4	466.7
0.0	10.4	585.7	12.5	7.2	467.1
0.4	14.3	484.0	12.5	8.0	467.1
2.3	14.0	52.0	12.5	3.9	467.1
0.2	19.3	295.7	12.5	8.8	467.1
0.1	23.8	510.4	12.6	8.0	467.1
5.7	23.9	524.1	12.6	9.3	467.1
11.4	18.1	133.2	12.6	6.3	467.1
28.8	16.5	80.7	12.7	3.6	467.1
15.4	17.1	73.1	12.7	4.3	467.1
19.1	14.7	64.8	12.7	5.5	467.1
0.7	11.2	243.7	12.8	6.1	467.1
0.2	13.1	273.6	12.8	5.9	467.1
0.4	17.9	530.0	12.8	9.3	467.1
7.9	20.1	491.7	12.8	8.7	467.1
9.9	21.2	450.5	12.9	7.8	467.1
6.9	22.2	499.4	12.9	9.8	467.1
13.4	17.2	77.0	12.9	3.5	467.1
5.7	19.2	83.5	13.0	4.9	467.1
10.5	22.9	440.8	13.0	8.2	467.1
11.9	21.9	182.2	13.0	6.4	467.1
3.1	24.5	511.8	13.0	9.2	467.1
4.7	20.6	259.0	13.1	9.8	467.1
0.2	18.6	349.9	13.1	8.6	467.1
0.4	23.7	620.9	13.1	11.8	467.1
0.0	26.2	604.6	13.2	11.4	467.1
0.0	26.0	592.6	13.2	9.5	467.1
0.9	21.4	370.5	13.2	11.2	467.1
2.5	18.9	274.0	13.2	9.0	467.1
12.6	13.7	100.9	13.3	6.2	467.1
9.7	12.6	39.5	13.3	4.1	467.1
0.7	19.7	279.5	13.3	10.2	467.4
0.0	24.4	584.6	13.3	10.2	467.4
10.3	21.3	154.7	13.4	9.0	467.4
9.6	18.4	123.2	13.4	5.7	467.4
6.6	22.3	427.6	13.4	9.5	467.4
1.4	23.9	276.7	13.4	7.6	467.4
2.6	23.3	127.9	13.5	8.9	467.4
20.0	16.1	55.2	13.5	8.0	467.4
5.1	14.0	56.4	13.5	3.3	467.4
19.1	14.8	60.8	13.5	3.2	467.4
17.4	16.1	47.7	13.6	3.7	467.4
10.3	15.9	59.5	13.6	4.7	467.4
0.7	15.5	264.8	13.6	7.0	467.4
0.0	18.9	616.1	13.6	9.9	467.4
5.2	17.6	147.4	13.6	6.3	467.4
4.9	16.7	86.6	13.7	5.0	467.4
5.6	19.0	94.3	13.7	9.7	467.4
6.0	24.1	475.5	13.7	10.5	467.4
2.5	19.3	118.9	13.7	6.6	467.4
0.1	21.1	422.7	13.7	9.5	467.4
4.1	25.6	609.7	13.8	11.9	467.4
10.2	26.6	476.1	13.8	11.2	467.4
1.9	24.2	180.9	13.8	9.0	467.4
12.4	21.9	214.6	13.8	8.4	467.4
1.1	18.5	112.5	13.8	5.3	467.4
0.1	19.8	592.7	13.9	11.1	467.4
0.1	20.2	663.6	13.9	11.2	467.4
0.0	21.3	542.7	13.9	9.4	467.4
0.0	22.5	508.4	13.9	9.5	467.4
0.8	20.0	172.1	13.9	6.9	467.4
0.1	21.2	368.7	13.9	10.1	467.4
0.0	21.9	635.8	13.9	9.2	466.2
0.3	21.6	342.3	14.0	8.7	466.2
0.0	21.5	653.2	14.0	9.7	466.2
0.0	22.7	619.7	14.0	11.1	466.2
1.0	23.2	661.4	14.0	12.1	466.2
2.0	25.0	572.5	14.0	11.5	466.2
28.7	21.6	44.0	14.0	7.2	466.2
4.6	19.1	88.8	14.0	8.8	466.2
0.6	20.5	631.1	14.0	10.0	466.2
0.0	21.9	678.1	14.0	10.5	466.2
0.0	22.8	668.6	14.0	9.9	466.2
14.9	24.6	503.3	14.1	10.2	466.2
3.7	23.8	173.0	14.1	7.3	466.2
1.9	24.9	549.8	14.1	11.1	466.2
0.0	27.2	642.9	14.1	11.1	466.2
0.1	28.5	589.8	14.1	10.2	466.2
15.0	27.1	549.7	14.1	11.5	466.2
15.1	26.4	535.9	14.1	10.4	466.2
18.1	26.3	437.1	14.1	9.3	466.2
15.6	25.3	195.1	14.1	6.7	466.2
0.1	25.5	214.8	14.1	10.0	466.2
13.6	25.5	299.0	14.1	10.0	466.2
19.7	23.9	74.7	14.1	4.6	466.2
1.8	24.9	97.7	14.1	5.6	466.2
4.7	26.5	263.0	14.1	9.7	466.2
9.6	27.2	495.1	14.1	9.6	466.2
18.2	27.0	600.6	14.1	10.8	466.2
4.2	27.6	599.8	14.1	10.8	466.2
21.7	26.6	362.1	14.1	9.9	466.2
16.3	27.1	594.1	14.1	10.2	466.2
8.0	27.3	561.4	14.1	10.4	463.3
8.8	27.3	508.4	14.1	9.9	463.3
6.8	27.5	507.0	14.0	10.9	463.3
2.4	28.2	650.3	14.0	11.9	463.3
5.3	27.7	625.7	14.0	11.9	463.3
11.8	27.1	462.6	14.0	9.8	463.3
13.2	27.8	538.8	14.0	10.3	463.3
7.2	27.7	474.5	14.0	10.6	463.3
9.3	27.2	639.3	14.0	11.1	463.3
0.9	28.3	650.1	14.0	11.4	463.3
3.9	27.8	606.5	14.0	11.3	463.3
10.9	27.6	625.0	14.0	10.9	463.3
9.5	27.1	582.7	13.9	10.5	463.3
7.3	27.2	484.8	13.9	10.1	463.3
7.4	27.7	520.7	13.9	11.1	463.3
12.4	27.4	475.4	13.9	10.8	463.3
11.8	27.0	371.4	13.9	9.6	463.3
5.4	27.5	615.8	13.9	10.7	463.3
2.4	27.9	641.6	13.9	11.2	463.3
4.8	27.8	634.5	13.8	11.3	463.3
7.4	27.9	621.7	13.8	10.9	463.3
12.6	27.8	584.7	13.8	12.0	463.3
14.7	27.7	548.9	13.8	10.3	463.3
9.5	26.4	273.1	13.8	9.2	463.3
15.4	26.1	484.9	13.7	10.3	463.3
4.2	26.3	534.9	13.7	10.4	463.3
0.1	26.6	608.8	13.7	10.3	463.3
0.0	27.0	633.5	13.7	10.7	463.3
7.6	26.6	606.3	13.7	10.2	463.3
6.8	27.0	608.4	13.6	10.9	463.3
1.5	28.1	618.5	13.6	10.8	463.3
2.2	28.7	600.7	13.6	11.0	461.1
6.1	28.0	541.7	13.6	11.7	461.1
5.4	27.8	602.1	13.6	11.4	461.1
9.8	27.0	582.1	13.5	10.9	461.1
16.1	26.6	472.2	13.5	9.8	461.1
7.6	25.8	422.7	13.5	8.7	461.1
8.7	25.3	382.1	13.5	9.2	461.1
0.2	26.8	582.1	13.4	10.4	461.1
0.0	26.7	477.0	13.4	10.4	461.1
10.8	25.4	512.8	13.4	9.4	461.1
0.2	24.9	203.6	13.4	6.8	461.1
0.9	26.5	528.9	13.3	9.5	461.1
4.2	26.7	561.7	13.3	9.6	461.1
0.2	26.7	563.8	13.3	10.6	461.1
0.0	27.1	609.3	13.3	10.8	461.1
0.0	27.6	610.7	13.2	11.1	461.1
0.0	28.2	608.5	13.2	11.2	461.1
0.1	29.5	566.3	13.2	10.1	461.1
0.3	29.3	450.3	13.2	10.2	461.1
16.7	27.3	491.1	13.1	9.5	461.1
15.5	26.7	484.0	13.1	9.3	461.1
0.2	28.0	557.7	13.1	10.8	461.1
0.0	28.6	572.8	13.0	10.9	461.1
0.0	28.7	585.5	13.0	10.6	461.1
0.0	29.2	563.4	13.0	10.0	461.1
0.1	30.3	536.9	13.0	10.0	461.1
1.8	28.5	296.8	12.9	9.7	461.1
0.1	28.3	555.3	12.9	9.7	461.1
0.1	29.6	552.4	12.9	10.2	461.1
19.8	27.2	513.7	12.8	9.3	461.1
14.9	26.3	527.4	12.8	8.8	461.1
1.3	25.0	477.8	12.8	8.2	460.4
1.1	22.9	71.8	12.8	4.6	460.4
0.5	23.3	412.2	12.7	7.5	460.4
0.5	23.9	187.5	12.7	6.6	460.4
1.0	25.4	297.4	12.7	7.3	460.4
0.8	26.7	312.3	12.6	6.9	460.4
0.8	27.5	382.4	12.6	7.7	460.4
0.5	27.4	435.3	12.6	9.1	460.4
0.4	28.3	519.7	12.6	9.5	460.4
3.3	27.8	382.1	12.5	8.8	460.4
0.3	24.1	202.1	12.5	8.1	460.4
0.3	24.4	425.5	12.5	7.8	460.4
3.6	23.3	40.1	12.4	3.6	460.4
0.3	24.2	95.7	12.4	6.2	460.4
0.7	26.3	348.5	12.4	7.4	460.4
17.5	25.0	302.7	12.3	7.7	460.4
17.4	23.6	92.4	12.3	4.9	460.4
4.3	22.3	24.0	12.3	3.3	460.4
0.0	22.0	290.4	12.3	7.9	460.4
0.2	22.4	507.3	12.2	7.7	460.4
0.0	22.5	508.1	12.2	8.2	460.4
1.4	24.2	437.4	12.2	8.4	460.4
1.7	21.5	48.7	12.1	3.5	460.4
0.4	20.9	113.2	12.1	5.7	460.4
0.0	22.6	264.7	12.1	6.6	460.4
9.4	23.7	322.4	12.0	6.7	460.4
8.3	24.0	387.5	12.0	7.3	460.4
3.6	24.7	403.4	12.0	7.2	460.4
2.8	24.8	385.7	12.0	7.9	460.4
3.7	20.9	67.6	11.9	7.0	460.4
0.6	16.6	90.0	11.9	2.8	460.8
0.2	19.1	404.2	11.9	6.7	460.8
0.0	19.3	468.9	11.8	6.7	460.8
0.0	20.2	468.6	11.8	6.9	460.8
0.0	18.5	453.5	11.8	6.3	460.8
0.0	18.8	446.2	11.7	6.3	460.8
0.0	19.3	436.7	11.7	7.3	460.8
0.0	19.3	467.1	11.7	7.7	460.8
0.0	19.2	468.0	11.7	7.8	460.8
0.0	19.9	462.7	11.6	8.0	460.8
0.0	20.3	459.6	11.6	8.1	460.8
0.3	22.6	437.6	11.6	7.9	460.8
0.2	21.1	107.8	11.5	6.9	460.8
0.0	19.7	445.0	11.5	7.3	460.8
0.0	19.7	442.8	11.5	7.8	460.8
0.0	20.2	444.2	11.4	8.1	460.8
0.0	21.2	431.3	11.4	8.2	460.8
0.0	22.4	426.2	11.4	8.1	460.8
0.0	22.0	424.6	11.4	7.4	460.8
0.0	22.3	421.1	11.3	7.4	460.8
0.0	23.3	404.4	11.3	7.3	460.8
0.0	20.5	414.9	11.3	7.6	460.8
0.0	17.5	421.2	11.2	6.1	460.8
0.0	19.2	410.7	11.2	7.0	460.8
0.0	20.2	342.2	11.2	7.2	460.8
0.0	22.4	392.6	11.2	7.4	460.8
0.0	22.1	263.5	11.1	6.2	460.8
0.0	23.3	379.5	11.1	6.7	460.8
0.0	23.2	380.7	11.1	7.1	460.8
0.2	23.2	372.8	11.1	7.2	460.8
2.7	13.7	50.4	11.0	4.7	460.8
0.5	12.5	46.0	11.0	2.5	462.4
1.0	14.0	323.4	11.0	4.6	462.4
7.9	13.6	110.9	10.9	3.2	462.4
8.1	12.3	28.8	10.9	2.0	462.4
0.8	13.4	94.0	10.9	2.8	462.4
0.3	18.1	329.4	10.9	5.9	462.4
0.5	20.3	330.9	10.8	5.6	462.4
7.4	18.8	113.7	10.8	5.4	462.4
4.3	11.3	34.6	10.8	3.7	462.4
0.2	10.5	266.9	10.8	4.1	462.4
0.0	11.6	151.8	10.7	3.3	462.4
0.0	12.5	353.5	10.7	5.1	462.4
0.0	12.5	178.6	10.7	4.0	462.4
0.1	12.3	58.3	10.7	1.9	462.4
19.5	14.0	140.7	10.6	3.8	462.4
0.0	5.5	112.0	10.6	3.9	462.4
0.1	3.5	262.3	10.6	2.7	462.4
0.0	8.3	298.0	10.6	4.2	462.4
0.2	10.8	321.9	10.6	4.5	462.4
0.2	11.4	293.0	10.5	4.7	462.4
0.3	11.8	286.9	10.5	4.9	462.4
0.1	12.6	251.8	10.5	4.6	462.4
0.0	11.0	310.1	10.5	4.4	462.4
0.0	11.3	329.3	10.5	4.2	462.4
0.0	12.5	261.3	10.4	4.2	462.4
0.0	13.9	316.6	10.4	5.1	462.4
0.0	15.7	315.8	10.4	5.2	462.4
0.0	14.4	218.8	10.4	4.1	462.4
0.2	17.3	306.2	10.4	5.9	462.4
0.0	7.3	333.2	10.4	3.5	462.4
0.0	7.7	322.9	10.3	3.8	464.3
0.0	8.2	327.5	10.3	4.2	464.3
0.0	9.9	196.0	10.3	4.6	464.3
0.0	13.4	306.9	10.3	5.8	464.3
0.0	11.2	309.8	10.3	4.8	464.3
0.0	11.5	308.1	10.3	4.9	464.3
0.0	11.0	306.8	10.3	4.2	464.3
0.0	11.5	303.2	10.3	4.8	464.3
0.0	12.4	302.1	10.2	4.8	464.3
0.0	12.4	305.4	10.2	5.3	464.3
0.0	13.2	299.1	10.2	5.1	464.3
0.0	13.9	297.2	10.2	4.9	464.3
0.0	14.3	294.1	10.2	5.3	464.3
0.1	11.1	290.0	10.2	3.5	464.3
0.0	15.1	284.1	10.2	4.7	464.3
0.6	13.6	130.8	10.2	5.3	464.3
0.0	5.2	312.3	10.2	2.9	464.3
0.0	9.2	314.0	10.2	3.7	464.3
0.0	6.1	318.7	10.2	3.5	464.3
0.0	10.5	308.1	10.2	4.7	464.3
0.0	11.2	307.5	10.2	5.2	464.3
0.0	14.5	300.8	10.2	5.6	464.3
0.0	12.7	108.3	10.2	4.4	464.3
0.0	8.8	291.8	10.2	4.1	464.3
0.0	10.9	303.8	10.2	4.7	464.3
0.0	3.9	310.2	10.2	3.3	464.3
0.0	4.7	303.7	10.2	3.6	464.3
0.0	8.4	310.8	10.2	4.8	464.3
0.0	8.9	302.5	10.2	4.5	464.3
0.0	12.3	285.3	10.2	5.0	464.3
0.0	6.2	179.1	10.2	3.6	464.3
0.0	3.8	319.9	10.2	3.7	466.5
0.0	3.9	316.0	10.2	3.6	466.5
0.0	7.5	311.4	10.2	4.5	466.5
0.0	10.1	294.1	10.2	4.8	466.5
0.0	11.4	305.9	10.3	5.4	466.5
0.0	12.1	303.8	10.3	5.2	466.5
13.3	10.7	293.5	10.3	4.3	466.5
5.1	6.5	15.2	10.3	1.2	466.5
8.5	7.7	14.2	10.3	1.3	466.5
7.3	5.0	19.3	10.3	2.2	466.5
0.1	1.2	187.2	10.3	2.4	466.5
0.0	2.4	244.7	10.3	2.6	466.5
1.4	5.5	89.4	10.4	2.5	466.5
12.5	6.3	34.4	10.4	2.2	466.5
2.5	11.6	24.3	10.4	3.1	466.5
3.6	9.7	65.2	10.4	5.0	466.5
1.1	1.6	147.2	10.4	2.1	466.5
0.0	-1.4	322.9	10.4	2.2	466.5
0.0	0.5	320.6	10.5	2.6	466.5
2.6	4.2	64.3	10.5	2.4	466.5
8.5	3.4	59.6	10.5	1.4	466.5
18.4	3.6	35.4	10.5	1.3	466.5
1.0	1.9	54.8	10.5	1.9	466.5
0.0	2.2	251.3	10.6	2.7	466.5
0.0	0.5	358.7	10.6	2.7	466.5
0.0	5.2	353.5	10.6	4.2	466.5
3.7	9.5	280.2	10.6	4.7	466.5
25.8	6.3	35.8	10.6	2.3	466.5
31.1	6.1	31.1	10.7	1.6	466.5
5.5	6.8	48.7	10.7	1.5	466.5
2.2	7.2	36.7	10.7	1.7	466.5
1.5	9.2	138.5	10.7	2.9	467.5
2.4	14.1	77.7	10.8	4.2	467.5
8.5	18.6	341.8	10.8	4.7	467.5
12.2	17.7	35.6	10.8	2.4	467.5
8.1	14.7	77.3	10.8	5.1	467.5
26.8	7.2	35.6	10.9	3.2	467.5
2.7	4.2	87.2	10.9	2.6	467.5
0.5	0.2	140.2	10.9	1.8	467.5
0.0	-0.5	402.4	10.9	2.9	467.5
0.0	0.8	410.8	11.0	3.5	467.5
0.0	3.2	402.7	11.0	3.8	467.5
18.6	5.4	93.6	11.0	3.0	467.5
12.6	8.1	20.8	11.0	2.2	467.5
8.6	6.1	51.8	11.1	3.5	467.5
27.3	-0.9	45.2	11.1	2.0	467.5
5.8	-3.6	108.8	11.1	1.7	467.5
0.0	-0.4	427.9	11.2	2.6	467.5
0.0	0.3	424.6	11.2	3.1	467.5
0.0	2.0	440.1	11.2	3.7	467.5
0.0	4.7	432.3	11.2	4.4	467.5
4.8	7.2	320.1	11.3	4.7	467.5
6.3	5.7	179.9	11.3	2.8	467.5
30.1	5.5	25.5	11.3	1.8	467.5
35.9	4.9	19.8	11.4	1.6	467.5
11.0	6.3	29.0	11.4	2.0	467.5
17.5	8.4	110.5	11.4	4.1	467.5
33.8	6.2	126.9	11.4	3.4	467.5
1.2	2.8	167.4	11.5	3.6	467.5
4.5	5.8	244.1	11.5	3.4	467.5
0.3	8.1	151.0	11.5	3.6	467.9
14.4	8.4	333.9	11.6	5.0	467.9
32.9	2.7	37.0	11.6	2.7	467.9
0.0	2.8	354.1	11.6	3.8	467.9
0.0	1.0	495.7	11.7	3.4	467.9
0.0	4.0	494.0	11.7	4.8	467.9
0.0	7.7	492.4	11.7	5.5	467.9
0.0	9.8	494.3	11.7	6.5	467.9
0.0	13.2	479.3	11.8	7.3	467.9
0.0	18.5	455.8	11.8	8.7	467.9
0.0	21.5	478.2	11.8	9.1	467.9
3.9	20.7	462.6	11.9	11.7	467.9
3.8	9.2	292.8	11.9	4.3	467.9
9.5	6.0	23.4	11.9	2.2	467.9
2.1	7.3	42.6	12.0	3.6	467.9
2.4	12.9	134.5	12.0	5.6	467.9
13.8	10.2	45.3	12.0	3.0	467.9
15.3	12.4	69.1	12.1	5.0	467.9
22.5	9.2	47.6	12.1	2.9	467.9
0.8	10.0	305.1	12.1	5.9	467.9
6.7	13.3	396.3	12.1	7.5	467.9
0.3	11.2	268.2	12.2	5.5	467.9
19.6	10.9	55.6	12.2	3.7	467.9
0.1	9.8	324.0	12.2	5.9	467.9
0.0	12.5	527.0	12.3	6.9	467.9
25.7	9.3	155.5	12.3	3.7	467.9
40.5	13.8	45.9	12.3	6.9	467.9
2.3	17.9	422.6	12.4	8.0	467.9
2.8	11.0	87.5	12.4	8.7	467.9
0.0	3.7	278.1	12.4	4.3	467.9
4.4	8.6	389.1	12.5	5.2	467.9
10.7	12.5	65.6	12.5	6.9	468.3
5.0	20.1	487.4	12.5	8.6	468.3
11.7	20.0	415.4	12.5	10.3	468.3
1.0	11.0	111.2	12.6	4.3	468.3
18.8	13.7	91.4	12.6	5.9	468.3
1.0	20.6	182.8	12.6	7.8	468.3
28.6	20.1	303.5	12.7	10.8	468.3
21.3	10.1	45.2	12.7	4.8	468.3
5.4	9.9	276.2	12.7	5.4	468.3
12.8	9.9	43.0	12.8	2.4	468.3
0.4	12.0	98.4	12.8	4.4	468.3
0.8	17.9	289.3	12.8	8.3	468.3
0.1	19.7	237.2	12.8	6.8	468.3
0.0	23.2	570.2	12.9	8.4	468.3
45.8	18.8	422.1	12.9	13.1	468.3
2.1	6.4	65.7	12.9	3.4	468.3
0.0	8.7	409.7	13.0	5.3	468.3
0.7	10.2	334.3	13.0	5.7	468.3
0.9	12.4	363.8	13.0	6.1	468.3
0.8	11.7	340.3	13.0	6.9	468.3
0.0	13.2	603.5	13.1	8.0	468.3
0.0	14.3	251.4	13.1	6.5	468.3
0.1	13.8	100.3	13.1	4.4	468.3
9.5	20.2	453.0	13.1	10.1	468.3
14.3	19.2	89.5	13.2	7.4	468.3
0.2	15.8	180.6	13.2	6.5	468.3
0.0	15.2	294.1	13.2	6.7	468.3
26.2	15.3	219.9	13.3	5.9	468.3
20.9	13.4	23.4	13.3	3.6	468.3
10.8	12.6	31.2	13.3	4.0	468.3
3.8	13.1	80.6	13.3	4.0	468.5
1.7	15.7	79.1	13.4	5.6	468.5
0.9	18.1	353.3	13.4	8.1	468.5
3.3	18.9	144.3	13.4	5.6	468.5
1.3	19.4	347.4	13.4	7.9	468.5
3.1	19.6	469.7	13.5	8.9	468.5
1.2	18.6	306.1	13.5	7.4	468.5
2.0	20.1	358.5	13.5	9.1	468.5
0.0	20.8	410.8	13.5	8.9	468.5
0.1	17.0	448.8	13.6	8.8	468.5
0.0	19.6	630.8	13.6	10.4	468.5
24.7	19.8	357.8	13.6	10.5	468.5
0.5	16.8	208.6	13.6	7.7	468.5
0.0	18.0	596.6	13.6	8.8	468.5
0.0	18.3	480.1	13.7	9.6	468.5
0.0	21.4	620.1	13.7	10.7	468.5
2.8	21.6	453.6	13.7	10.9	468.5
0.1	21.0	471.1	13.7	10.8	468.5
0.0	20.1	310.5	13.7	11.0	468.5
20.7	20.6	380.7	13.8	7.4	468.5
2.7	18.8	209.2	13.8	7.3	468.5
21.0	21.1	260.4	13.8	7.9	468.5
0.5	19.5	432.3	13.8	8.2	468.5
0.4	17.8	498.6	13.8	8.2	468.5
12.2	19.3	276.1	13.9	8.2	468.5
2.0	18.0	140.9	13.9	5.1	468.5
2.0	18.8	80.1	13.9	3.5	468.5
1.8	19.4	166.7	13.9	7.1	468.5
10.6	19.7	423.5	13.9	9.4	468.5
0.0	22.0	586.8	13.9	10.9	468.5
0.0	24.3	631.8	13.9	11.3	468.5
5.6	25.2	381.5	14.0	9.5	467.3
12.9	22.5	90.4	14.0	9.5	467.3
0.0	19.7	618.1	14.0	9.6	467.3
0.2	20.5	538.1	14.0	9.5	467.3
0.2	21.2	176.3	14.0	6.8	467.3
0.7	21.8	462.9	14.0	9.6	467.3
0.8	20.4	506.8	14.0	8.6	467.3
2.0	19.4	127.9	14.0	4.4	467.3
0.7	20.8	475.9	14.0	9.8	467.3
0.4	22.3	576.9	14.0	10.5	467.3
0.1	24.6	657.9	14.1	11.4	467.3
0.1	26.0	633.2	14.1	11.8	467.3
0.2	25.7	519.9	14.1	11.9	467.3
0.0	26.6	609.0	14.1	10.9	467.3
2.2	25.9	253.8	14.1	9.7	467.3
14.1	22.7	79.2	14.1	5.7	467.3
1.3	23.9	202.8	14.1	7.4	467.3
0.1	26.4	467.5	14.1	10.6	467.3
0.2	26.2	290.0	14.1	9.5	467.3
11.5	24.7	201.4	14.1	7.5	467.3
34.7	24.2	85.5	14.1	5.3	467.3
25.0	25.6	163.2	14.1	7.6	467.3
19.1	25.6	210.4	14.1	7.3	467.3
0.1	27.0	503.2	14.1	10.4	467.3
2.1	26.7	601.6	14.1	11.8	467.3
4.4	26.9	662.4	14.1	11.2	467.3
0.0	28.0	657.9	14.1	11.6	467.3
0.0	28.5	624.7	14.1	10.7	467.3
4.2	28.4	593.2	14.1	11.7	467.3
5.5	27.6	610.6	14.1	11.0	467.3
17.9	27.2	488.3	14.1	9.3	464.5
11.6	27.1	489.9	14.0	10.4	464.5
16.3	27.2	558.8	14.0	9.8	464.5
17.2	27.2	404.4	14.0	9.5	464.5
27.6	26.9	421.0	14.0	8.7	464.5
12.9	27.0	487.8	14.0	9.1	464.5
16.4	27.2	525.3	14.0	8.9	464.5
16.8	27.2	526.8	14.0	9.6	464.5
14.9	27.2	532.1	14.0	9.4	464.5
6.6	27.8	609.8	14.0	10.9	464.5
0.0	28.5	533.4	14.0	10.9	464.5
0.4	29.0	590.9	13.9	10.8	464.5
2.1	28.8	608.6	13.9	10.9	464.5
1.5	28.6	476.7	13.9	10.5	464.5
4.7	28.1	567.3	13.9	11.7	464.5
11.2	27.3	588.8	13.9	10.1	464.5
8.8	26.9	566.1	13.9	10.1	464.5
8.3	27.0	621.8	13.9	10.9	464.5
11.3	27.1	592.8	13.8	10.9	464.5
9.7	27.0	603.6	13.8	10.1	464.5
0.0	27.6	629.5	13.8	10.6	464.5
8.8	27.4	626.4	13.8	10.9	464.5
4.4	27.8	633.2	13.8	11.0	464.5
0.5	28.8	635.5	13.7	11.4	464.5
3.5	28.7	628.8	13.7	11.4	464.5
0.0	28.8	637.7	13.7	11.6	464.5
0.2	28.9	602.6	13.7	11.1	464.5
0.3	29.8	556.0	13.7	10.0	464.5
23.0	27.4	435.2	13.6	9.9	464.5
9.2	28.0	600.1	13.6	10.7	464.5
4.5	28.0	619.7	13.6	11.1	464.5
3.1	28.8	581.7	13.6	10.3	462.3
8.8	28.3	446.0	13.6	10.6	462.3
12.3	28.3	558.3	13.5	10.6	462.3
7.7	27.5	514.4	13.5	11.1	462.3
14.9	26.8	568.9	13.5	11.2	462.3
9.6	26.6	497.1	13.5	10.4	462.3
17.0	26.1	520.6	13.4	8.3	462.3
23.5	25.5	328.3	13.4	7.4	462.3
18.7	25.9	436.2	13.4	8.2	462.3
6.7	26.2	312.0	13.4	8.3	462.3
1.0	26.4	479.2	13.3	9.1	462.3
0.7	26.8	385.4	13.3	7.6	462.3
5.3	25.9	303.0	13.3	6.9	462.3
5.2	25.8	242.2	13.3	7.9	462.3
17.0	27.4	462.0	13.2	9.3	462.3
9.7	27.6	509.1	13.2	9.6	462.3
4.8	27.6	562.4	13.2	9.8	462.3
5.5	27.5	541.7	13.2	9.7	462.3
9.9	27.3	461.2	13.1	9.4	462.3
9.1	27.4	497.0	13.1	9.9	462.3
6.7	27.4	482.4	13.1	9.3	462.3
6.9	27.3	539.3	13.1	9.8	462.3
11.7	26.6	497.7	13.0	8.8	462.3
3.9	26.1	267.8	13.0	7.6	462.3
1.7	25.4	64.7	13.0	4.0	462.3
6.0	25.9	350.8	12.9	8.5	462.3
8.8	26.5	451.6	12.9	8.2	462.3
9.8	26.5	401.4	12.9	8.1	462.3
14.8	26.5	479.4	12.9	7.9	462.3
9.3	26.5	431.0	12.8	8.1	462.3
11.1	26.8	459.0	12.8	9.2	462.3
9.6	26.9	452.5	12.8	9.2	461.6
13.3	27.3	391.5	12.7	8.6	461.6
17.3	27.0	361.5	12.7	7.7	461.6
19.8	25.4	190.1	12.7	7.0	461.6
13.2	25.7	335.3	12.7	6.8	461.6
9.4	25.6	342.4	12.6	7.4	461.6
5.4	22.6	108.5	12.6	8.2	461.6
1.3	20.9	232.5	12.6	6.4	461.6
0.0	20.2	289.7	12.5	6.5	461.6
0.0	21.4	546.5	12.5	7.6	461.6
1.1	22.2	344.2	12.5	6.5	461.6
1.3	22.0	182.5	12.4	5.7	461.6
1.1	22.1	63.3	12.4	3.6	461.6
1.6	21.8	53.9	12.4	1.4	461.6
0.5	22.5	122.4	12.4	5.2	461.6
1.1	22.5	404.1	12.3	7.0	461.6
0.1	22.5	495.7	12.3	6.9	461.6
1.6	23.6	77.7	12.3	5.2	461.6
1.8	23.1	50.8	12.2	3.7	461.6
0.4	23.1	88.4	12.2	4.4	461.6
0.3	23.5	436.4	12.2	7.4	461.6
0.0	23.2	510.4	12.1	8.9	461.6
0.0	23.0	515.5	12.1	9.8	461.6
0.0	23.4	512.2	12.1	10.0	461.6
0.0	24.1	505.2	12.1	9.9	461.6
0.0	24.4	485.2	12.0	9.1	461.6
0.0	22.9	429.4	12.0	8.9	461.6
0.0	23.1	495.3	12.0	9.1	461.6
0.0	25.1	480.0	11.9	9.2	461.6
0.1	27.1	468.3	11.9	8.6	461.6
0.0	27.5	451.0	11.9	8.2	461.9
0.1	26.6	450.4	11.8	8.9	461.9
0.0	25.8	473.0	11.8	8.6	461.9
0.0	25.9	463.1	11.8	8.1	461.9
0.3	27.0	335.1	11.8	7.4	461.9
2.3	26.2	290.7	11.7	6.7	461.9
0.0	24.7	318.9	11.7	7.3	461.9
0.0	23.7	399.3	11.7	6.5	461.9
0.0	19.8	360.2	11.6	6.5	461.9
0.0	20.7	438.7	11.6	6.5	461.9
0.0	21.7	404.4	11.6	7.0	461.9
0.0	18.4	421.1	11.5	6.2	461.9
0.0	18.2	347.4	11.5	7.0	461.9
0.0	19.0	452.4	11.5	7.4	461.9
0.0	20.1	444.5	11.5	7.8	461.9
0.0	20.3	436.6	11.4	7.9	461.9
0.0	21.2	434.2	11.4	8.0	461.9
0.0	21.5	429.1	11.4	7.7	461.9
0.0	19.5	422.6	11.3	7.6	461.9
0.0	18.6	431.2	11.3	7.2	461.9
0.0	19.0	424.2	11.3	6.9	461.9
0.0	20.1	404.7	11.3	6.4	461.9
0.0	17.7	405.9	11.2	6.1	461.9
0.0	17.2	374.0	11.2	5.7	461.9
0.0	16.6	351.7	11.2	5.6	461.9
0.0	14.3	224.2	11.1	4.5	461.9
0.0	12.6	385.1	11.1	5.3	461.9
0.0	8.2	413.1	11.1	4.1	461.9
0.0	7.7	421.1	11.1	4.5	461.9
0.0	10.2	409.4	11.0	5.3	461.9
0.0	11.0	405.4	11.0	5.3	461.9
0.0	12.6	367.1	11.0	5.6	463.5
0.0	13.5	360.1	11.0	6.0	463.5
0.0	14.8	295.3	10.9	5.9	463.5
0.0	18.5	349.0	10.9	6.2	463.5
0.2	17.7	79.3	10.9	3.3	463.5
1.1	16.5	202.6	10.8	5.9	463.5
5.1	12.7	115.3	10.8	4.4	463.5
0.0	11.8	313.7	10.8	4.6	463.5
0.0	13.2	348.0	10.8	4.5	463.5
0.0	13.7	352.4	10.7	4.7	463.5
0.0	15.5	348.0	10.7	5.9	463.5
0.0	16.1	346.9	10.7	5.9	463.5
0.0	16.2	339.3	10.7	5.4	463.5
0.0	15.9	333.4	10.7	4.9	463.5
0.6	16.7	236.4	10.6	5.5	463.5
0.0	8.4	62.7	10.6	3.6	463.5
0.0	8.2	343.6	10.6	3.6	463.5
0.0	13.4	303.3	10.6	4.9	463.5
11.8	15.6	171.1	10.5	4.3	463.5
8.0	13.3	35.0	10.5	2.8	463.5
3.3	12.8	63.0	10.5	2.6	463.5
5.7	16.3	80.3	10.5	4.6	463.5
11.5	9.3	35.0	10.5	2.8	463.5
0.6	6.5	217.1	10.4	3.0	463.5
0.1	3.2	141.1	10.4	2.3	463.5
0.0	4.6	300.0	10.4	2.9	463.5
0.0	6.1	327.0	10.4	3.5	463.5
0.0	8.1	328.1	10.4	4.1	463.5
0.0	8.2	306.0	10.4	3.5	463.5
0.0	4.4	111.3	10.3	2.2	463.5
0.0	2.4	319.1	10.3	2.8	465.5
3.4	5.5	224.0	10.3	3.0	465.5
33.8	6.2	27.5	10.3	1.9	465.5
0.3	1.1	130.6	10.3	2.5	465.5
0.0	0.5	322.9	10.3	2.5	465.5
0.1	3.8	313.0	10.3	3.7	465.5
0.0	7.2	225.4	10.3	3.8	465.5
0.0	8.3	243.0	10.3	3.9	465.5
0.0	5.1	311.3	10.2	3.2	465.5
0.0	5.1	290.3	10.2	3.9	465.5
0.0	7.5	303.7	10.2	3.8	465.5
0.0	9.2	216.3	10.2	3.4	465.5
0.1	10.9	279.3	10.2	4.3	465.5
1.4	12.8	241.8	10.2	3.9	465.5
11.2	12.4	130.6	10.2	4.6	465.5
0.9	5.1	114.8	10.2	2.2	465.5
0.6	3.3	112.7	10.2	1.6	465.5
0.2	3.6	121.4	10.2	1.5	465.5
0.3	5.4	145.7	10.2	2.5	465.5
0.0	3.9	289.9	10.2	3.2	465.5
0.0	2.0	308.8	10.2	2.7	465.5
0.0	5.5	301.4	10.2	3.5	465.5
0.0	7.2	207.7	10.2	3.2	465.5
0.3	10.1	155.3	10.2	3.5	465.5
0.5	9.2	52.1	10.2	2.6	465.5
23.6	7.3	62.9	10.2	1.9	465.5
9.5	4.2	28.6	10.2	1.8	465.5
7.1	4.3	55.2	10.2	1.4	465.5
4.6	6.3	27.0	10.2	1.8	465.5
13.1	6.6	22.7	10.2	2.2	465.5
1.2	2.8	79.7	10.2	1.5	465.5
0.2	2.8	134.7	10.2	2.3	467.6
0.9	6.9	203.8	10.2	3.6	467.6
1.4	1.4	61.7	10.2	1.8	467.6
10.3	0.2	119.0	10.2	1.3	467.6
0.8	-0.6	97.2	10.3	1.8	467.6
8.0	1.7	51.4	10.3	1.8	467.6
5.3	5.5	113.9	10.3	2.2	467.6
20.0	6.8	29.4	10.3	1.5	467.6
1.9	5.1	31.4	10.3	1.8	467.6
0.8	3.9	108.5	10.3	2.9	467.6
0.2	1.0	161.7	10.3	2.5	467.6
0.8	3.0	184.5	10.3	3.2	467.6
0.5	5.0	84.6	10.4	2.6	467.6
13.1	8.6	95.7	10.4	2.8	467.6
0.8	5.6	53.6	10.4	2.2	467.6
0.8	2.3	37.2	10.4	1.4	467.6
5.1	1.0	88.6	10.4	1.9	467.6
0.0	-1.0	343.6	10.4	2.1	467.6
0.0	1.6	349.8	10.5	2.8	467.6
0.0	2.9	279.7	10.5	3.1	467.6
0.0	-3.4	354.7	10.5	2.1	467.6
0.0	-4.2	363.2	10.5	2.2	467.6
0.0	-0.7	365.4	10.5	2.9	467.6
0.1	2.3	345.0	10.6	3.6	467.6
0.0	2.1	357.3	10.6	3.5	467.6
0.0	8.3	293.5	10.6	4.6	467.6
0.2	8.5	249.7	10.6	3.7	467.6
0.2	9.4	305.4	10.7	3.8	467.6
10.6	12.9	201.9	10.7	5.5	467.6
1.4	7.5	148.8	10.7	3.2	467.6
22.7	4.8	48.2	10.7	1.9	467.6
2.1	5.2	98.2	10.7	2.2	468.6
32.4	6.4	71.3	10.8	3.1	468.6
0.0	2.9	165.7	10.8	3.1	468.6
0.0	-1.8	388.9	10.8	2.2	468.6
0.0	-1.9	396.4	10.8	2.4	468.6
0.0	1.2	391.6	10.9	3.5	468.6
1.7	3.9	157.5	10.9	3.5	468.6
0.5	4.3	300.4	10.9	4.1	468.6
0.0	-1.5	397.9	11.0	2.5	468.6
0.0	4.2	415.1	11.0	3.7	468.6
0.0	0.7	423.9	11.0	2.8	468.6
0.0	0.7	428.7	11.0	3.3	468.6
0.0	3.6	421.8	11.1	4.6	468.6
0.2	8.4	336.0	11.1	5.1	468.6
0.0	7.5	416.4	11.1	5.5	468.6
0.0	5.2	428.4	11.1	4.5	468.6
0.0	10.3	440.7	11.2	6.2	468.6
0.0	14.4	439.2	11.2	7.0	468.6
0.0	15.5	439.1	11.2	6.2	468.6
0.0	14.6	438.6	11.3	7.9	468.6
0.0	13.6	442.9	11.3	7.7	468.6
0.0	16.0	406.0	11.3	8.1	468.6
1.0	18.5	368.1	11.3	8.7	468.6
9.1	9.7	46.8	11.4	2.8	468.6
24.5	5.0	26.0	11.4	3.9	468.6
0.9	3.2	186.4	11.4	2.4	468.6
0.3	7.4	312.8	11.5	4.4	468.6
2.5	9.1	369.1	11.5	5.3	468.6
4.3	6.7	89.1	11.5	2.7	469.0
0.0	5.3	182.1	11.6	4.8	469.0
0.0	5.7	457.2	11.6	4.5	469.0
9.2	8.6	115.7	11.6	3.4	469.0
1.1	8.3	122.5	11.6	4.5	469.0
0.0	4.0	286.5	11.7	3.5	469.0
0.3	7.2	483.1	11.7	6.2	469.0
0.0	3.4	484.8	11.7	3.8	469.0
26.6	0.1	68.6	11.8	1.5	469.0
0.4	3.0	160.5	11.8	3.0	469.0
0.0	1.8	167.2	11.8	3.8	469.0
0.0	4.3	453.7	11.9	4.4	469.0
10.3	6.9	365.5	11.9	4.4	469.0
1.7	5.7	93.4	11.9	3.3	469.0
0.1	6.3	189.2	12.0	4.2	469.0
0.1	7.3	336.8	12.0	5.2	469.0
3.4	9.7	391.8	12.0	6.1	469.0
0.0	4.7	428.8	12.0	4.4	469.0
12.2	11.6	425.7	12.1	6.5	469.0
14.5	13.6	66.3	12.1	4.7	469.0
0.6	12.7	397.0	12.1	6.3	469.0
28.0	16.3	298.4	12.2	7.3	469.0
0.0	10.3	536.3	12.2	6.2	469.0
13.5	17.3	412.3	12.2	8.2	469.0
1.6	11.3	191.4	12.3	6.3	469.0
2.3	12.9	394.4	12.3	6.6	469.0
0.0	18.7	396.2	12.3	8.8	469.0
0.0	23.3	501.3	12.4	8.3	469.0
0.0	24.5	426.4	12.4	7.7	469.0
0.0	25.7	298.6	12.4	6.5	469.0
2.8	21.0	406.3	12.4	12.4	469.0
8.2	8.1	151.1	12.5	5.4	469.4
0.5	5.6	123.3	12.5	3.3	469.4
33.8	12.6	479.0	12.5	6.8	469.4
1.2	11.5	119.8	12.6	4.9	469.4
0.1	19.4	438.3	12.6	9.8	469.4
7.5	21.4	383.3	12.6	12.4	469.4
4.4	10.2	77.9	12.7	3.7	469.4
0.4	11.2	116.6	12.7	4.8	469.4
0.8	14.2	80.3	12.7	4.7	469.4
0.3	15.0	123.0	12.7	4.7	469.4
0.0	19.9	456.7	12.8	9.2	469.4
0.0	23.2	545.4	12.8	8.7	469.4
19.0	21.9	218.8	12.8	9.0	469.4
14.5	14.4	83.0	12.9	6.2	469.4
30.8	17.6	47.7	12.9	5.9	469.4
0.5	18.5	294.0	12.9	7.6	469.4
0.0	21.8	195.3	12.9	7.3	469.4
0.0	23.6	289.3	13.0	7.0	469.4
34.6	23.9	395.3	13.0	9.4	469.4
34.3	11.8	58.5	13.0	10.2	469.4
1.5	5.6	66.3	13.1	4.1	469.4
0.8	6.2	219.9	13.1	4.4	469.4
0.2	9.2	568.5	13.1	6.0	469.4
0.5	11.9	610.8	13.1	6.9	469.4
22.4	13.3	337.7	13.2	6.5	469.4
27.5	11.9	53.4	13.2	3.2	469.4
0.4	11.7	169.3	13.2	6.6	469.4
0.4	12.4	567.2	13.2	8.2	469.4
0.0	14.3	618.2	13.3	7.9	469.4
0.0	16.2	511.6	13.3	8.1	469.4
6.6	17.4	372.9	13.3	7.3	469.6
2.4	16.9	293.1	13.4	7.1	469.6
8.9	17.8	532.5	13.4	8.6	469.6
0.0	21.3	621.4	13.4	9.7	469.6
0.0	17.7	310.5	13.4	9.0	469.6
0.0	19.1	607.4	13.5	9.6	469.6
0.0	18.1	649.3	13.5	10.2	469.6
0.0	19.5	656.1	13.5	11.1	469.6
0.0	20.5	643.4	13.5	11.3	469.6
4.7	21.9	493.3	13.5	9.9	469.6
44.2	18.0	68.6	13.6	6.8	469.6
1.1	15.3	77.9	13.6	4.9	469.6
1.1	18.3	508.0	13.6	8.4	469.6
0.3	19.7	602.5	13.6	10.0	469.6
0.2	20.8	555.0	13.7	11.0	469.6
10.1	21.2	358.9	13.7	9.0	469.6
8.7	18.3	38.7	13.7	4.2	469.6
0.2	19.9	549.4	13.7	9.5	469.6
0.0	22.1	624.9	13.7	11.5	469.6
0.0	24.1	635.0	13.8	11.1	469.6
44.3	25.1	390.6	13.8	9.1	469.6
4.1	20.1	125.6	13.8	9.8	469.6
0.0	22.8	635.5	13.8	10.2	469.6
0.2	22.7	569.5	13.8	12.1	469.6
0.1	22.8	411.9	13.8	11.5	469.6
1.0	20.5	523.2	13.9	11.1	469.6
0.6	22.1	644.7	13.9	11.5	469.6
0.0	24.7	621.0	13.9	12.0	469.6
0.7	25.2	493.6	13.9	10.0	469.6
11.1	24.2	160.9	13.9	8.9	469.6
0.3	19.5	324.5	13.9	8.2	469.6
0.0	23.5	638.0	14.0	11.0	468.4
2.8	23.5	294.4	14.0	9.8	468.4
0.2	24.6	600.3	14.0	9.8	468.4
0.4	22.6	233.3	14.0	9.0	468.4
1.3	23.0	666.2	14.0	12.0	468.4
0.0	23.7	659.5	14.0	11.3	468.4
0.1	24.1	503.4	14.0	9.7	468.4
68.1	22.1	83.2	14.0	5.3	468.4
35.6	21.4	42.2	14.0	8.9	468.4
0.6	18.8	271.9	14.0	8.4	468.4
0.0	21.3	626.2	14.0	10.7	468.4
0.0	22.5	443.0	14.1	9.8	468.4
9.5	22.9	576.1	14.1	9.8	468.4
6.1	23.8	500.3	14.1	10.3	468.4
1.1	24.5	628.3	14.1	10.8	468.4
0.0	25.9	636.8	14.1	11.1	468.4
0.5	26.3	562.4	14.1	11.4	468.4
10.7	23.8	94.2	14.1	6.1	468.4
0.5	24.3	455.0	14.1	9.1	468.4
1.1	25.6	639.2	14.1	11.5	468.4
0.5	26.2	636.1	14.1	12.8	468.4
0.5	27.4	654.0	14.1	11.0	468.4
10.7	26.9	556.3	14.1	9.8	468.4
2.1	26.4	456.4	14.1	12.4	468.4
0.1	26.4	368.4	14.1	10.5	468.4
9.6	26.1	621.7	14.1	12.0	468.4
4.7	25.5	314.2	14.1	9.6	468.4
0.5	23.5	492.9	14.1	9.3	468.4
1.0	24.0	479.1	14.1	9.0	468.4
14.9	24.7	358.2	14.1	9.7	468.4
2.8	23.1	96.0	14.1	6.0	465.5
18.0	24.3	314.7	14.0	8.8	465.5
2.9	25.8	486.2	14.0	9.6	465.5
10.5	26.3	339.2	14.0	9.1	465.5
0.0	26.3	263.0	14.0	8.2	465.5
0.7	28.0	549.3	14.0	10.4	465.5
0.9	25.6	147.1	14.0	7.3	465.5
7.6	26.6	315.4	14.0	8.7	465.5
0.0	26.9	208.1	14.0	6.6	465.5
8.2	25.7	140.8	14.0	6.2	465.5
0.3	26.2	191.4	14.0	7.0	465.5
17.4	26.9	310.4	13.9	9.3	465.5
1.8	27.9	642.0	13.9	10.8	465.5
4.3	28.3	620.4	13.9	11.5	465.5
2.4	29.0	611.7	13.9	10.8	465.5
1.5	29.4	578.8	13.9	10.7	465.5
0.0	30.0	568.6	13.9	9.8	465.5
11.9	28.1	409.0	13.9	9.5	465.5
19.8	27.3	410.5	13.8	9.9	465.5
6.6	27.6	532.7	13.8	11.1	465.5
7.8	26.1	240.9	13.8	9.2	465.5
5.9	27.5	543.1	13.8	10.5	465.5
7.2	27.3	401.0	13.8	9.3	465.5
6.1	27.9	578.9	13.8	11.1	465.5
11.4	27.3	392.4	13.7	10.0	465.5
20.1	26.6	431.1	13.7	9.4	465.5
4.1	26.5	552.0	13.7	9.3	465.5
14.6	25.9	370.4	13.7	8.8	465.5
11.1	26.4	522.1	13.7	9.3	465.5
5.8	26.9	508.9	13.6	9.4	465.5
0.7	26.9	496.3	13.6	9.2	465.5
0.6	26.4	469.2	13.6	9.5	463.4
1.1	26.1	368.2	13.6	8.1	463.4
9.2	25.4	117.8	13.5	5.5	463.4
11.1	26.2	326.4	13.5	7.7	463.4
18.1	26.3	377.9	13.5	7.7	463.4
7.9	27.1	559.8	13.5	9.2	463.4
7.1	26.9	551.7	13.4	8.8	463.4
1.7	25.8	281.5	13.4	8.1	463.4
5.0	26.6	488.0	13.4	9.7	463.4
1.3	27.7	605.9	13.4	10.4	463.4
1.0	28.1	599.2	13.4	10.1	463.4
9.7	27.1	587.4	13.3	10.8	463.4
13.5	26.6	510.8	13.3	8.7	463.4
19.8	26.2	435.5	13.3	9.1	463.4
13.9	25.7	311.5	13.2	7.9	463.4
0.1	26.1	430.6	13.2	9.0	463.4
0.0	26.2	602.1	13.2	10.0	463.4
0.0	26.6	602.7	13.2	9.9	463.4
0.2	27.5	511.6	13.1	9.1	463.4
0.8	27.1	339.4	13.1	8.1	463.4
6.8	26.0	357.4	13.1	9.4	463.4
18.3	25.8	460.9	13.1	8.5	463.4
25.3	26.1	339.6	13.0	8.4	463.4
18.7	26.5	345.7	13.0	8.7	463.4
17.5	26.4	468.1	13.0	9.4	463.4
6.5	27.0	513.2	12.9	9.7	463.4
7.3	27.1	468.1	12.9	9.3	463.4
10.9	27.0	512.1	12.9	9.4	463.4
7.7	26.1	489.6	12.9	8.9	463.4
0.3	25.8	488.0	12.8	8.8	463.4
8.3	25.3	427.0	12.8	7.3	463.4
7.4	25.0	458.1	12.8	7.5	462.7
11.0	25.6	449.3	12.7	8.4	462.7
13.4	24.8	399.1	12.7	7.9	462.7
0.2	24.0	259.3	12.7	7.5	462.7
0.0	25.5	541.7	12.7	9.3	462.7
0.0	26.5	542.6	12.6	9.2	462.7
0.2	26.5	509.7	12.6	9.1	462.7
0.2	26.2	533.1	12.6	8.7	462.7
0.1	27.6	525.5	12.5	9.5	462.7
0.2	28.8	475.5	12.5	9.6	462.7
6.5	28.0	460.1	12.5	9.6	462.7
2.9	27.8	505.0	12.5	9.4	462.7
0.5	25.7	409.8	12.4	8.6	462.7
0.0	25.0	403.4	12.4	7.6	462.7
0.1	25.1	242.1	12.4	8.0	462.7
0.1	25.3	470.5	12.3	8.4	462.7
0.8	24.8	426.2	12.3	8.8	462.7
0.1	25.4	465.7	12.3	8.4	462.7
0.0	25.9	513.7	12.2	9.1	462.7
0.0	25.1	514.9	12.2	9.8	462.7
0.0	24.3	517.4	12.2	9.4	462.7
0.0	25.0	470.4	12.2	7.7	462.7
0.0	22.9	116.7	12.1	4.7	462.7
0.0	22.9	214.1	12.1	7.4	462.7
0.2	22.9	325.0	12.1	8.6	462.7
0.0	23.7	491.1	12.0	9.1	462.7
0.0	22.8	504.1	12.0	9.4	462.7
0.0	23.1	503.7	12.0	9.1	462.7
0.0	22.7	496.5	11.9	9.2	462.7
0.0	22.5	485.5	11.9	9.0	462.7
0.0	23.7	478.5	11.9	8.4	463.0
0.1	24.8	453.5	11.9	7.6	463.0
0.0	20.8	431.4	11.8	7.9	463.0
0.0	17.0	501.0	11.8	6.3	463.0
0.0	16.0	496.0	11.8	7.0	463.0
0.0	17.3	484.2	11.7	7.6	463.0
0.0	18.9	470.8	11.7	7.9	463.0
0.0	20.1	459.5	11.7	8.3	463.0
0.0	20.4	436.8	11.6	8.2	463.0
0.0	21.8	453.9	11.6	8.3	463.0
0.5	23.5	341.1	11.6	7.4	463.0
0.0	23.4	370.0	11.6	7.8	463.0
0.0	22.7	443.6	11.5	8.5	463.0
0.4	22.9	433.1	11.5	7.6	463.0
0.1	20.6	126.4	11.5	7.5	463.0
0.0	17.4	447.7	11.4	7.9	463.0
0.0	10.5	461.4	11.4	5.2	463.0
0.0	11.7	450.3	11.4	5.7	463.0
0.0	16.8	429.6	11.3	6.8	463.0
0.0	19.6	416.3	11.3	7.2	463.0
0.6	21.4	408.0	11.3	7.6	463.0
0.0	15.2	383.6	11.3	5.9	463.0
0.0	14.6	425.9	11.2	5.8	463.0
0.0	13.7	419.5	11.2	6.2	463.0
0.0	11.5	421.9	11.2	5.5	463.0
0.0	15.6	422.7	11.1	7.0	463.0
0.0	14.3	411.6	11.1	6.0	463.0
0.0	12.5	319.6	11.1	5.7	463.0
0.0	12.9	412.0	11.1	6.3	463.0
0.0	14.4	410.7	11.0	6.7	463.0
0.0	15.8	403.5	11.0	6.9	463.0
0.0	16.4	293.3	11.0	6.6	464.6
0.0	17.4	382.4	11.0	6.9	464.6
0.0	17.4	371.6	10.9	6.6	464.6
0.0	16.8	373.2	10.9	6.5	464.6
0.0	17.3	375.7	10.9	6.6	464.6
0.0	14.0	385.8	10.9	5.9	464.6
0.0	15.8	359.6	10.8	6.1	464.6
0.0	16.3	288.3	10.8	5.9	464.6
0.0	19.1	309.2	10.8	6.1	464.6
0.0	17.9	206.3	10.8	6.0	464.6
0.0	19.2	256.3	10.7	5.3	464.6
0.0	19.9	282.8	10.7	5.7	464.6
0.0	20.7	329.8	10.7	6.1	464.6
0.0	21.6	335.7	10.7	6.1	464.6
0.0	21.8	305.1	10.6	5.7	464.6
0.0	21.8	144.4	10.6	4.8	464.6
0.6	22.1	253.8	10.6	5.7	464.6
4.0	20.2	264.4	10.6	4.3	464.6
3.3	19.6	101.0	10.6	5.9	464.6
22.5	10.4	26.6	10.5	3.1	464.6
0.8	6.1	33.0	10.5	2.6	464.6
0.0	7.7	297.5	10.5	3.0	464.6
0.1	8.0	321.1	10.5	3.6	464.6
0.0	12.2	271.6	10.5	4.2	464.6
0.5	16.8	198.7	10.4	4.7	464.6
2.1	18.5	64.4	10.4	3.4	464.6
1.4	19.9	84.8	10.4	3.7	464.6
5.0	12.3	47.9	10.4	5.5	464.6
0.1	2.1	194.8	10.4	1.7	464.6
0.1	3.0	185.9	10.4	2.2	464.6
1.6	8.4	88.4	10.3	3.1	466.5
10.1	16.0	132.1	10.3	4.4	466.5
7.2	7.0	15.9	10.3	4.2	466.5
0.3	2.3	145.2	10.3	1.2	466.5
3.2	4.6	259.1	10.3	2.3	466.5
10.2	2.1	11.3	10.3	1.7	466.5
0.0	0.6	44.3	10.3	1.5	466.5
0.0	1.6	311.2	10.3	2.4	466.5
0.0	2.4	310.3	10.2	2.8	466.5
0.0	3.7	284.2	10.2	2.8	466.5
0.0	4.0	249.1	10.2	3.1	466.5
0.0	5.8	270.7	10.2	3.5	466.5
0.0	7.4	182.8	10.2	3.1	466.5
0.6	5.1	226.1	10.2	2.9	466.5
0.0	5.0	304.8	10.2	3.3	466.5
0.0	4.0	309.1	10.2	3.3	466.5
0.0	5.8	307.7	10.2	3.8	466.5
0.0	3.9	259.1	10.2	3.4	466.5
0.0	3.9	310.4	10.2	3.6	466.5
0.0	7.6	314.7	10.2	4.3	466.5
0.0	8.1	304.0	10.2	4.3	466.5
0.0	5.9	304.0	10.2	3.5	466.5
0.0	8.6	308.1	10.2	4.5	466.5
0.0	10.5	307.0	10.2	5.3	466.5
0.0	12.8	298.2	10.2	5.2	466.5
1.2	15.6	247.6	10.2	5.1	466.5
0.2	11.0	176.1	10.2	3.3	466.5
0.1	10.8	183.3	10.2	3.6	466.5
0.1	11.9	290.6	10.2	4.0	466.5
0.8	14.7	64.2	10.2	3.3	466.5
13.9	6.2	17.4	10.2	4.2	466.5
0.7	1.9	124.7	10.2	1.8	468.6
0.9	1.6	64.0	10.2	1.5	468.6
0.6	1.6	148.8	10.2	2.2	468.6
0.2	2.8	190.3	10.2	2.5	468.6
9.0	5.7	66.1	10.3	2.6	468.6
5.5	4.8	52.3	10.3	1.2	468.6
19.2	7.4	25.8	10.3	1.8	468.6
5.5	3.6	44.5	10.3	3.3	468.6
0.9	-4.0	232.7	10.3	1.4	468.6
0.0	-2.8	249.6	10.3	2.1	468.6
0.0	1.6	269.2	10.3	3.0	468.6
0.0	-0.4	323.0	10.3	2.3	468.6
0.2	-0.2	238.8	10.4	2.2	468.6
7.7	3.2	69.7	10.4	2.0	468.6
22.5	5.4	28.8	10.4	3.4	468.6
10.6	3.7	32.4	10.4	4.3	468.6
0.3	0.0	89.8	10.4	1.3	468.6
13.1	4.3	113.2	10.4	2.7	468.6
27.6	7.3	33.7	10.5	2.8	468.6
4.3	5.4	68.3	10.5	1.6	468.6
0.5	4.5	52.9	10.5	1.7	468.6
0.3	5.7	76.6	10.5	2.4	468.6
1.4	4.1	75.0	10.5	2.4	468.6
16.5	3.7	168.5	10.6	2.2	468.6
21.1	4.3	36.4	10.6	1.5	468.6
21.4	2.4	42.9	10.6	3.2	468.6
1.0	-7.0	289.6	10.6	1.4	468.6
0.0	-4.0	376.2	10.6	2.0	468.6
0.1	-1.1	317.0	10.7	2.9	468.6
0.0	-4.2	341.7	10.7	1.5	468.6
0.3	-0.7	359.1	10.7	2.5	468.6
17.0	0.6	42.2	10.7	1.4	469.7
0.7	-1.8	113.3	10.8	1.8	469.7
0.0	0.2	386.4	10.8	2.5	469.7
0.0	-0.8	384.2	10.8	2.9	469.7
2.0	0.9	66.9	10.8	2.3	469.7
0.1	1.7	202.4	10.9	3.6	469.7
0.0	3.7	302.4	10.9	3.3	469.7
7.3	5.1	130.3	10.9	2.4	469.7
3.7	7.8	43.9	10.9	2.5	469.7
2.6	7.3	52.0	11.0	2.8	469.7
3.9	3.9	40.9	11.0	2.4	469.7
8.1	0.9	22.3	11.0	1.5	469.7
12.2	0.6	26.5	11.1	1.3	469.7
13.7	1.9	65.7	11.1	1.6	469.7
1.6	1.5	143.6	11.1	2.9	469.7
0.2	-2.8	344.3	11.1	2.6	469.7
0.0	1.2	433.0	11.2	3.7	469.7
0.0	4.0	94.4	11.2	3.2	469.7
8.4	8.7	106.8	11.2	4.7	469.7
19.3	0.3	25.9	11.3	2.2	469.7
0.3	1.3	343.1	11.3	3.2	469.7
0.3	3.4	231.8	11.3	4.0	469.7
0.5	6.2	282.4	11.3	5.2	469.7
0.1	2.3	301.5	11.4	3.1	469.7
0.0	10.7	406.4	11.4	6.1	469.7
0.0	3.6	260.2	11.4	3.3	469.7
0.0	3.8	366.7	11.5	5.1	469.7
0.0	2.5	480.1	11.5	3.8	469.7
0.0	13.4	454.2	11.5	8.5	470.1
1.5	10.4	58.6	11.6	4.5	470.1
16.1	9.1	55.7	11.6	3.4	470.1
15.0	0.3	38.1	11.6	4.0	470.1
0.0	-0.3	300.8	11.6	2.7	470.1
24.0	3.5	75.6	11.7	2.9	470.1
25.4	4.0	25.6	11.7	3.6	470.1
1.5	-0.5	62.8	11.7	2.3	470.1
0.6	0.1	313.0	11.8	2.9	470.1
0.1	0.8	185.6	11.8	3.2	470.1
0.0	4.8	447.6	11.8	4.8	470.1
0.3	7.1	475.5	11.9	4.7	470.1
3.3	9.0	193.4	11.9	4.6	470.1
1.6	8.6	68.8	11.9	3.8	470.1
0.1	5.2	330.9	11.9	5.1	470.1
0.0	6.9	404.6	12.0	5.5	470.1
0.0	7.3	272.4	12.0	5.4	470.1
20.7	11.6	323.1	12.0	6.5	470.1
29.5	10.5	35.0	12.1	3.5	470.1
26.7	13.3	62.4	12.1	6.4	470.1
26.8	16.4	103.9	12.1	7.3	470.1
0.4	8.2	179.2	12.2	4.9	470.1
12.3	12.9	472.8	12.2	6.7	470.1
17.6	5.7	29.9	12.2	5.9	470.1
10.1	1.3	58.5	12.3	1.5	470.1
3.1	2.0	173.9	12.3	3.4	470.1
0.6	4.9	199.9	12.3	4.7	470.1
0.3	10.1	507.6	12.3	7.6	470.1
0.8	13.4	268.3	12.4	7.3	470.1
0.9	16.3	254.3	12.4	7.2	470.1
0.1	20.6	516.6	12.4	9.6	470.1
7.2	20.1	489.3	12.5	9.9	470.4
4.7	17.6	109.7	12.5	6.8	470.4
18.9	8.6	56.5	12.5	6.4	470.4
0.7	5.8	114.3	12.6	4.2	470.4
4.1	8.7	314.2	12.6	4.8	470.4
2.5	7.6	64.1	12.6	3.3	470.4
1.0	10.9	428.3	12.6	6.6	470.4
0.1	9.1	602.2	12.7	5.9	470.4
0.0	13.2	606.9	12.7	6.7	470.4
0.0	18.4	595.0	12.7	9.7	470.4
0.0	22.4	595.5	12.8	10.8	470.4
0.0	23.8	537.4	12.8	8.5	470.4
0.0	24.7	547.5	12.8	12.8	470.4
0.0	15.3	559.7	12.9	9.4	470.4
0.0	14.1	393.6	12.9	8.4	470.4
0.0	18.2	597.9	12.9	9.8	470.4
0.0	19.1	624.8	12.9	10.5	470.4
0.0	18.5	569.3	13.0	11.0	470.4
0.0	21.0	624.4	13.0	10.4	470.4
0.0	21.1	494.2	13.0	10.6	470.4
4.1	22.3	475.8	13.1	10.7	470.4
0.9	21.1	236.5	13.1	8.4	470.4
10.2	24.8	504.3	13.1	9.0	470.4
2.0	16.8	289.7	13.1	9.4	470.4
0.1	14.3	509.9	13.2	7.9	470.4
0.0	11.5	473.1	13.2	6.8	470.4
0.0	17.1	635.5	13.2	9.7	470.4
4.0	20.9	590.9	13.2	10.8	470.4
9.6	16.7	85.5	13.3	8.7	470.4
0.0	16.1	606.0	13.3	7.5	470.4
0.9	20.1	309.5	13.3	8.4	470.7
5.0	23.8	497.2	13.3	10.5	470.7
35.6	23.2	265.2	13.4	7.7	470.7
61.6	18.2	69.2	13.4	10.9	470.7
0.0	15.7	598.3	13.4	8.5	470.7
8.6	17.4	424.9	13.4	7.3	470.7
11.6	20.9	139.3	13.5	9.3	470.7
0.1	25.5	592.4	13.5	9.7	470.7
0.5	26.8	568.6	13.5	10.5	470.7
21.2	25.4	465.7	13.5	11.8	470.7
4.5	17.9	95.6	13.6	9.2	470.7
33.4	11.0	66.7	13.6	3.8	470.7
0.6	12.3	125.3	13.6	5.5	470.7
0.7	12.5	501.2	13.6	8.0	470.7
0.0	16.4	563.1	13.7	9.0	470.7
4.9	19.0	551.8	13.7	8.9	470.7
23.1	17.3	99.7	13.7	4.3	470.7
0.6	19.5	335.9	13.7	7.9	470.7
0.2	21.3	563.0	13.7	9.9	470.7
0.0	24.9	622.3	13.8	11.2	470.7
12.9	24.0	569.4	13.8	10.7	470.7
27.7	23.1	550.3	13.8	11.2	470.7
23.2	17.6	57.6	13.8	4.8	470.7
7.5	16.7	60.7	13.8	7.9	470.7
0.1	17.3	369.3	13.8	7.4	470.7
0.1	20.8	590.2	13.9	9.8	470.7
0.0	21.3	417.9	13.9	9.9	470.7
0.0	19.8	661.3	13.9	10.1	470.7
0.0	20.5	635.2	13.9	10.1	470.7
5.1	21.3	429.9	13.9	9.7	470.7
2.9	17.7	93.3	13.9	4.9	470.7
0.6	19.8	506.6	13.9	8.8	469.4
0.0	20.3	577.1	14.0	9.6	469.4
0.8	21.2	374.6	14.0	8.2	469.4
0.9	21.3	107.0	14.0	6.0	469.4
15.4	24.1	134.7	14.0	7.3	469.4
0.1	24.3	490.8	14.0	11.2	469.4
0.0	21.4	682.7	14.0	11.1	469.4
0.0	21.4	683.7	14.0	10.7	469.4
0.0	23.8	684.1	14.0	11.9	469.4
0.0	24.2	688.5	14.0	11.1	469.4
0.0	26.7	559.8	14.0	10.7	469.4
2.1	27.9	342.5	14.1	9.0	469.4
14.2	26.0	150.6	14.1	8.9	469.4
23.9	22.1	55.0	14.1	7.7	469.4
18.5	18.3	48.0	14.1	3.9	469.4
13.3	19.8	133.1	14.1	9.3	469.4
1.4	18.4	360.3	14.1	8.3	469.4
0.2	20.0	617.0	14.1	10.4	469.4
0.0	21.4	606.6	14.1	11.0	469.4
0.0	23.0	614.6	14.1	11.7	469.4
0.0	23.5	692.8	14.1	11.2	469.4
10.3	24.8	528.4	14.1	10.1	469.4
19.0	21.6	51.9	14.1	3.2	469.4
0.1	25.1	551.1	14.1	11.1	469.4
0.0	24.9	394.3	14.1	9.5	469.4
0.1	24.3	466.6	14.1	9.6	469.4
2.1	24.5	468.3	14.1	8.7	469.4
2.2	22.5	142.3	14.1	7.0	469.4
1.0	23.5	489.9	14.1	9.9	469.4
0.8	26.0	551.9	14.1	9.2	469.4
16.3	26.0	455.2	14.1	9.0	466.5
12.6	26.6	522.9	14.0	10.1	466.5
12.6	27.3	600.5	14.0	10.3	466.5
11.4	27.2	622.2	14.0	10.5	466.5
3.6	27.6	576.4	14.0	11.8	466.5
2.5	28.1	587.9	14.0	11.9	466.5
1.6	26.9	315.8	14.0	9.0	466.5
17.6	25.9	454.1	14.0	7.8	466.5
14.7	26.2	528.3	14.0	9.9	466.5
18.1	26.2	362.1	14.0	8.4	466.5
9.2	27.0	449.8	14.0	10.0	466.5
6.0	26.7	347.3	13.9	9.8	466.5
0.1	28.4	642.1	13.9	11.1	466.5
0.0	28.3	651.4	13.9	11.3	466.5
0.0	28.6	654.6	13.9	11.0	466.5
0.2	29.5	623.2	13.9	11.0	466.5
4.9	28.6	514.1	13.9	11.8	466.5
3.7	28.0	345.5	13.9	9.1	466.5
6.1	27.7	402.2	13.8	11.4	466.5
8.7	27.1	560.5	13.8	11.2	466.5
3.0	27.0	645.2	13.8	11.6	466.5
4.1	26.7	644.6	13.8	11.9	466.5
5.2	26.7	644.8	13.8	11.5	466.5
5.8	26.6	610.6	13.8	10.5	466.5
8.2	26.8	594.0	13.7	11.1	466.5
8.6	26.8	481.2	13.7	9.8	466.5
8.5	26.6	436.1	13.7	10.1	466.5
15.8	26.1	510.3	13.7	9.8	466.5
0.5	27.6	560.4	13.7	10.6	466.5
0.2	28.9	577.0	13.6	9.1	466.5
4.2	26.3	129.7	13.6	6.7	466.5
2.6	27.2	606.8	13.6	10.6	464.4
7.9	27.8	479.7	13.6	10.7	464.4
3.4	24.8	84.7	13.5	3.7	464.4
0.7	26.5	389.4	13.5	8.0	464.4
4.9	26.8	436.8	13.5	9.0	464.4
0.6	26.5	318.8	13.5	8.7	464.4
1.4	26.2	464.4	13.5	7.9	464.4
1.2	25.1	310.7	13.4	8.2	464.4
2.3	25.9	517.0	13.4	9.4	464.4
2.3	26.5	459.8	13.4	9.3	464.4
7.3	27.0	577.5	13.4	10.7	464.4
2.0	27.5	558.8	13.3	10.8	464.4
3.7	27.8	592.6	13.3	10.4	464.4
12.3	27.1	455.0	13.3	8.9	464.4
0.0	28.8	590.2	13.3	11.1	464.4
0.3	29.1	548.5	13.2	10.6	464.4
0.1	27.4	145.7	13.2	7.6	464.4
6.4	26.8	384.9	13.2	9.6	464.4
0.6	26.7	310.4	13.1	8.5	464.4
17.3	26.1	462.3	13.1	9.1	464.4
7.7	25.6	221.8	13.1	6.9	464.4
19.7	26.2	408.8	13.1	8.3	464.4
32.5	26.2	319.1	13.0	8.6	464.4
25.0	25.9	358.9	13.0	8.1	464.4
24.4	25.4	313.8	13.0	7.6	464.4
13.3	24.9	241.6	13.0	6.2	464.4
17.1	25.3	330.0	12.9	7.1	464.4
2.8	23.8	264.6	12.9	7.9	464.4
0.1	24.1	466.4	12.9	8.3	464.4
0.2	24.1	347.3	12.8	7.7	464.4
8.3	24.6	220.8	12.8	7.0	464.4
8.4	23.8	32.9	12.8	4.0	463.7
3.1	23.4	44.6	12.8	3.0	463.7
22.7	24.1	206.0	12.7	5.5	463.7
5.5	23.5	85.1	12.7	4.6	463.7
1.1	22.6	65.1	12.7	5.3	463.7
0.0	21.0	484.5	12.6	9.0	463.7
0.0	21.8	505.8	12.6	8.1	463.7
0.0	22.4	509.1	12.6	9.0	463.7
0.1	20.6	207.6	12.5	7.3	463.7
0.0	21.3	533.5	12.5	9.3	463.7
0.0	22.6	529.1	12.5	8.9	463.7
0.0	23.1	525.0	12.5	10.0	463.7
0.0	24.2	543.4	12.4	10.4	463.7
0.0	25.2	493.9	12.4	10.1	463.7
0.0	25.6	509.6	12.4	10.0	463.7
0.0	25.8	415.0	12.3	9.3	463.7
0.0	23.9	276.7	12.3	8.9	463.7
0.0	23.7	517.4	12.3	9.4	463.7
0.0	23.8	522.5	12.3	9.4	463.7
0.0	23.0	527.8	12.2	10.1	463.7
0.0	22.3	530.4	12.2	10.3	463.7
0.0	23.2	510.9	12.2	9.5	463.7
0.0	24.4	510.3	12.1	10.3	463.7
0.0	23.9	507.7	12.1	9.7	463.7
0.0	21.7	512.7	12.1	8.9	463.7
0.0	21.3	512.6	12.0	8.8	463.7
0.0	21.9	504.7	12.0	8.3	463.7
1.8	23.3	475.9	12.0	7.8	463.7
3.5	22.9	24.6	11.9	3.6	463.7
3.2	23.3	43.3	11.9	2.6	463.7
0.8	22.7	66.9	11.9	5.8	464.0
0.0	22.2	482.4	11.9	8.6	464.0
0.0	21.9	481.3	11.8	8.4	464.0
0.0	22.1	471.4	11.8	8.4	464.0
0.0	23.5	461.1	11.8	8.9	464.0
0.5	22.7	396.6	11.7	7.8	464.0
0.0	19.1	471.2	11.7	7.6	464.0
0.0	17.9	480.3	11.7	6.8	464.0
0.1	18.8	440.7	11.6	7.4	464.0
0.1	19.2	412.0	11.6	7.3	464.0
0.0	19.9	444.8	11.6	7.2	464.0
0.0	20.0	449.4	11.6	6.7	464.0
0.0	19.9	328.8	11.5	5.7	464.0
0.7	20.6	244.0	11.5	5.7	464.0
1.3	19.8	233.3	11.5	5.9	464.0
0.3	19.9	292.2	11.4	5.9	464.0
0.0	19.2	356.0	11.4	6.8	464.0
0.0	20.1	407.7	11.4	6.2	464.0
0.0	19.4	424.2	11.4	7.3	464.0
0.0	18.6	430.5	11.3	7.4	464.0
0.0	18.9	417.8	11.3	6.5	464.0
0.0	17.4	430.8	11.3	6.9	464.0
0.0	17.9	424.1	11.2	7.0	464.0
0.0	18.3	419.1	11.2	7.2	464.0
0.0	19.0	405.5	11.2	6.8	464.0
0.0	19.9	389.4	11.2	6.2	464.0
0.0	16.3	316.9	11.1	6.0	464.0
0.0	14.6	401.3	11.1	5.7	464.0
0.0	15.7	400.7	11.1	6.3	464.0
0.0	16.4	399.6	11.0	6.4	464.0
0.0	19.8	390.9	11.0	6.7	464.0
0.0	22.9	326.7	11.0	6.3	465.6
0.0	23.9	193.8	11.0	5.2	465.6
3.6	24.2	273.4	10.9	6.7	465.6
11.6	18.8	61.3	10.9	5.7	465.6
3.0	16.3	20.9	10.9	3.0	465.6
3.9	16.6	198.9	10.9	6.8	465.6
0.8	11.1	28.2	10.8	1.7	465.6
0.1	13.3	181.2	10.8	3.5	465.6
0.5	13.4	356.4	10.8	4.2	465.6
0.0	11.9	328.8	10.8	3.6	465.6
0.0	13.1	251.8	10.7	4.6	465.6
0.0	12.3	304.9	10.7	4.4	465.6
3.3	14.2	214.2	10.7	4.3	465.6
3.5	12.3	27.2	10.7	2.3	465.6
0.2	10.4	264.5	10.6	4.2	465.6
0.0	11.2	309.4	10.6	5.0	465.6
0.1	13.0	319.2	10.6	5.6	465.6
0.0	14.3	324.4	10.6	5.1	465.6
0.0	16.0	337.5	10.6	5.2	465.6
0.0	18.8	304.8	10.5	5.4	465.6
3.0	10.5	132.9	10.5	6.1	465.6
0.0	1.9	350.8	10.5	2.5	465.6
0.0	3.3	348.2	10.5	3.1	465.6
0.0	7.4	262.3	10.5	4.4	465.6
0.0	11.2	337.3	10.4	5.3	465.6
0.0	13.4	323.9	10.4	5.5	465.6
0.0	13.0	285.9	10.4	4.4	465.6
0.0	14.8	297.8	10.4	4.9	465.6
0.0	16.9	307.9	10.4	5.5	465.6
0.0	19.4	304.3	10.4	5.3	465.6
0.0	18.8	158.6	10.3	4.6	467.5
0.0	20.6	268.7	10.3	5.7	467.5
3.4	21.1	241.5	10.3	5.0	467.5
0.7	19.4	84.4	10.3	2.9	467.5
1.9	20.4	209.5	10.3	4.6	467.5
6.3	18.7	164.1	10.3	3.6	467.5
3.0	16.0	48.7	10.3	2.9	467.5
0.6	16.1	30.1	10.3	3.1	467.5
5.9	18.8	208.3	10.2	5.3	467.5
14.0	6.0	22.4	10.2	3.3	467.5
0.1	4.3	270.3	10.2	2.5	467.5
0.1	3.0	154.9	10.2	2.4	467.5
0.0	6.7	269.0	10.2	3.6	467.5
0.1	10.5	271.8	10.2	4.3	467.5
0.6	12.4	251.1	10.2	4.7	467.5
1.8	3.9	84.0	10.2	2.4	467.5
0.0	0.1	135.1	10.2	1.8	467.5
0.1	3.4	302.3	10.2	3.2	467.5
0.1	3.9	269.8	10.2	3.4	467.5
0.1	4.2	268.0	10.2	3.0	467.5
0.0	7.6	280.5	10.2	3.3	467.5
0.0	13.9	222.5	10.2	4.5	467.5
26.4	17.0	240.7	10.2	4.7	467.5
30.6	11.4	30.9	10.2	5.0	467.5
0.1	2.5	103.9	10.2	2.5	467.5
0.0	-0.7	262.5	10.2	1.7	467.5
7.2	0.3	30.7	10.2	1.3	467.5
0.9	2.1	132.7	10.2	1.6	467.5
4.6	3.3	67.3	10.2	1.6	467.5
0.0	4.2	300.9	10.2	2.8	467.5
0.5	2.1	177.8	10.2	2.7	467.5
0.2	3.0	174.8	10.2	2.6	469.6
3.5	5.2	55.8	10.2	2.4	469.6
0.0	-1.2	250.9	10.2	2.0	469.6
0.0	-3.5	316.7	10.2	1.9	469.6
0.0	-0.3	317.9	10.3	2.8	469.6
0.0	3.1	312.7	10.3	3.6	469.6
0.0	6.1	284.4	10.3	4.3	469.6
0.3	6.9	320.4	10.3	4.8	469.6
0.0	-1.7	328.2	10.3	2.0	469.6
0.0	-0.8	334.2	10.3	2.5	469.6
0.0	3.6	324.1	10.3	3.5	469.6
0.0	1.6	330.7	10.3	3.1	469.6
0.0	4.3	329.2	10.4	3.7	469.6
0.0	6.3	330.2	10.4	4.3	469.6
0.0	5.6	330.5	10.4	4.3	469.6
0.0	-2.4	336.1	10.4	2.1	469.6
0.0	-2.7	319.7	10.4	2.0	469.6
2.9	-0.0	169.5	10.4	2.1	469.6
0.0	1.1	301.3	10.5	3.0	469.6
12.5	3.7	117.4	10.5	2.9	469.6
5.4	3.9	50.0	10.5	1.5	469.6
2.8	6.5	31.5	10.5	1.9	469.6
5.7	8.5	43.0	10.5	1.8	469.6
8.2	8.4	20.4	10.6	1.8	469.6
21.0	4.7	29.6	10.6	2.2	469.6
0.9	4.8	92.3	10.6	1.9	469.6
10.5	6.9	145.0	10.6	2.6	469.6
44.1	8.6	24.8	10.6	1.7	469.6
14.3	8.7	40.0	10.7	2.6	469.6
19.8	7.4	114.0	10.7	2.4	469.6
10.0	6.6	31.6	10.7	1.4	469.6
1.5	5.3	74.0	10.7	2.1	470.7
0.2	4.5	126.1	10.8	2.3	470.7
0.9	7.6	286.6	10.8	4.0	470.7
0.6	10.8	169.6	10.8	4.2	470.7
41.7	14.7	105.1	10.8	3.9	470.7
16.4	8.1	40.0	10.9	4.1	470.7
0.8	2.3	58.1	10.9	2.7	470.7
4.6	1.4	149.6	10.9	1.7	470.7
1.2	2.8	198.7	10.9	2.1	470.7
7.7	3.1	123.3	11.0	2.1	470.7
0.6	4.4	109.2	11.0	2.0	470.7
0.5	6.1	224.6	11.0	3.6	470.7
3.5	5.0	136.7	11.1	2.1	470.7
3.1	6.4	51.6	11.1	2.3	470.7
0.9	6.7	117.0	11.1	2.5	470.7
24.2	7.0	81.2	11.1	2.3	470.7
33.2	8.8	36.9	11.2	2.6	470.7
20.5	5.0	26.0	11.2	2.6	470.7
7.3	5.3	79.9	11.2	2.3	470.7
0.3	5.1	166.9	11.2	3.2	470.7
0.0	4.3	442.3	11.3	4.4	470.7
0.1	6.2	437.2	11.3	4.6	470.7
0.2	7.5	426.9	11.3	5.0	470.7
10.5	7.2	146.1	11.4	4.1	470.7
58.8	5.4	32.8	11.4	1.9	470.7
9.8	5.2	16.9	11.4	2.7	470.7
0.4	4.1	135.2	11.5	2.7	470.7
0.1	4.5	235.9	11.5	4.3	470.7
0.0	4.4	431.9	11.5	4.6	471.0
10.8	9.4	450.7	11.5	5.4	471.0
27.7	8.7	47.3	11.6	3.0	471.0
6.8	3.2	28.2	11.6	3.9	471.0
2.4	-1.7	227.9	11.6	2.5	471.0
0.0	0.8	490.5	11.7	3.1	471.0
0.1	4.8	485.8	11.7	5.1	471.0
0.0	8.0	421.0	11.7	6.0	471.0
15.3	10.2	267.3	11.8	5.0	471.0
0.1	4.6	326.8	11.8	4.0	471.0
0.6	4.8	173.3	11.8	4.4	471.0
0.0	0.9	355.7	11.8	2.8	471.0
0.0	2.1	507.1	11.9	4.0	471.0
0.0	5.4	516.9	11.9	5.3	471.0
0.0	9.4	495.7	11.9	6.3	471.0
0.4	10.3	83.8	12.0	4.9	471.0
0.0	13.3	415.6	12.0	8.0	471.0
6.6	17.3	272.5	12.0	8.3	471.0
0.0	13.5	386.8	12.1	7.4	471.0
0.0	7.2	423.3	12.1	5.6	471.0
14.9	12.0	439.2	12.1	7.0	471.0
0.8	7.8	116.7	12.2	3.7	471.0
0.0	7.2	548.6	12.2	5.7	471.0
0.0	10.9	560.6	12.2	7.1	471.0
0.0	9.7	557.0	12.2	6.7	471.0
1.0	15.1	517.3	12.3	8.6	471.0
11.3	15.1	72.3	12.3	7.0	471.0
10.0	21.9	375.9	12.3	10.0	471.0
2.7	7.2	77.3	12.4	6.2	471.0
6.6	5.3	70.5	12.4	3.1	471.0
0.1	8.3	557.5	12.4	6.0	471.0
0.0	11.1	552.3	12.5	6.3	471.3
7.6	10.7	94.9	12.5	3.6	471.3
3.9	13.4	166.0	12.5	5.9	471.3
0.1	15.6	560.1	12.5	8.7	471.3
0.0	18.2	544.8	12.6	10.0	471.3
0.8	13.2	206.3	12.6	8.9	471.3
0.0	8.2	297.7	12.6	5.5	471.3
0.0	9.8	569.9	12.7	6.2	471.3
0.0	12.1	432.2	12.7	6.5	471.3
4.6	10.0	137.3	12.7	4.7	471.3
4.5	11.5	126.3	12.8	4.4	471.3
21.3	11.7	94.4	12.8	3.4	471.3
3.8	12.2	125.3	12.8	4.7	471.3
1.9	12.5	135.9	12.8	6.3	471.3
14.5	14.3	348.6	12.9	7.6	471.3
18.5	18.0	184.2	12.9	7.6	471.3
61.2	21.7	451.2	12.9	11.7	471.3
2.4	9.1	57.0	13.0	5.7	471.3
16.2	9.3	167.9	13.0	4.0	471.3
4.4	10.7	85.9	13.0	3.7	471.3
23.7	11.9	50.7	13.0	3.7	471.3
0.7	11.4	183.6	13.1	4.4	471.3
0.1	12.2	257.4	13.1	5.8	471.3
0.0	13.9	573.6	13.1	8.0	471.3
0.2	16.0	566.4	13.2	9.0	471.3
0.3	17.2	595.4	13.2	9.3	471.3
0.0	12.8	366.8	13.2	7.2	471.3
1.2	11.7	536.5	13.2	7.6	471.3
0.0	13.4	643.6	13.3	8.7	471.3
0.0	17.2	487.5	13.3	8.2	471.3
0.0	20.1	621.3	13.3	10.6	471.6
0.0	23.0	575.3	13.3	10.6	471.6
1.0	22.3	485.6	13.4	11.4	471.6
3.9	22.4	561.9	13.4	12.4	471.6
1.2	19.2	268.7	13.4	7.4	471.6
34.2	16.2	45.6	13.4	3.3	471.6
2.6	17.7	192.4	13.5	6.5	471.6
5.9	17.1	85.8	13.5	3.7	471.6
0.3	19.8	493.8	13.5	9.8	471.6
0.1	23.2	585.0	13.5	10.3	471.6
0.7	23.9	344.6	13.6	8.3	471.6
9.9	22.8	470.7	13.6	13.7	471.6
0.0	16.3	400.1	13.6	7.6	471.6
0.3	14.1	442.2	13.6	7.0	471.6
0.1	16.0	649.2	13.6	8.8	471.6
0.1	18.8	637.0	13.7	10.2	471.6
0.1	20.8	637.6	13.7	10.9	471.6
0.2	22.7	433.7	13.7	10.2	471.6
3.8	19.2	71.6	13.7	6.1	471.6
0.0	22.5	630.8	13.7	10.4	471.6
0.5	22.2	402.9	13.8	9.9	471.6
0.1	20.5	663.5	13.8	10.1	471.6
0.0	22.4	662.0	13.8	10.7	471.6
0.0	24.7	660.1	13.8	11.7	471.6
0.0	26.8	639.5	13.8	11.3	471.6
26.5	25.2	436.1	13.9	9.1	471.6
42.4	24.7	298.0	13.9	8.2	471.6
33.4	24.1	56.7	13.9	4.1	471.6
1.4	25.9	197.1	13.9	8.5	471.6
6.2	22.3	143.6	13.9	10.5	471.6
0.1	18.6	248.7	13.9	7.0	471.6
0.0	21.0	667.8	13.9	10.5	470.4
0.0	23.5	639.1	14.0	10.7	470.4
11.5	23.7	336.3	14.0	9.2	470.4
1.3	21.9	280.1	14.0	7.9	470.4
0.2	23.9	398.3	14.0	10.0	470.4
0.0	22.9	651.8	14.0	11.2	470.4
0.0	21.6	673.5	14.0	10.5	470.4
0.0	22.8	318.5	14.0	8.4	470.4
0.0	19.9	101.1	14.0	6.9	470.4
0.4	20.6	551.0	14.0	10.1	470.4
0.1	23.2	497.9	14.0	10.1	470.4
0.0	24.2	644.5	14.1	12.0	470.4
0.0	25.3	680.5	14.1	12.9	470.4
0.0	26.1	614.8	14.1	12.2	470.4
0.0	26.5	650.2	14.1	11.4	470.4
26.9	24.3	219.5	14.1	9.4	470.4
22.4	22.6	48.2	14.1	4.8	470.4
0.5	24.0	295.9	14.1	7.9	470.4
1.2	25.0	407.5	14.1	9.6	470.4
10.2	24.6	497.2	14.1	10.4	470.4
7.4	24.8	563.6	14.1	11.7	470.4
10.4	24.5	609.7	14.1	10.4	470.4
1.1	25.5	604.6	14.1	11.0	470.4
0.3	26.7	636.9	14.1	12.0	470.4
0.1	25.4	300.9	14.1	9.5	470.4
0.2	25.1	335.8	14.1	11.0	470.4
0.1	26.9	591.4	14.1	10.9	470.4
16.0	24.6	157.7	14.1	6.5	470.4
14.3	23.9	44.6	14.1	3.9	470.4
11.9	23.0	40.0	14.1	5.7	470.4
9.5	23.7	56.3	14.1	5.4	467.5
8.9	24.4	95.1	14.0	6.5	467.5
0.0	25.6	219.1	14.0	8.9	467.5
0.7	26.6	453.5	14.0	10.7	467.5
0.0	27.6	643.8	14.0	11.4	467.5
3.3	27.4	644.4	14.0	11.7	467.5
8.8	27.2	639.8	14.0	11.0	467.5
7.3	27.3	603.0	14.0	10.1	467.5
6.5	27.8	581.0	14.0	10.5	467.5
1.8	28.8	601.5	14.0	10.4	467.5
5.8	28.0	484.8	14.0	10.6	467.5
2.2	28.0	486.7	14.0	11.0	467.5
0.0	27.9	650.2	13.9	11.5	467.5
2.5	27.8	636.2	13.9	10.9	467.5
7.6	27.5	568.8	13.9	11.0	467.5
5.3	28.8	624.3	13.9	11.8	467.5
11.0	27.7	556.0	13.9	10.2	467.5
9.6	27.5	607.4	13.9	10.4	467.5
16.6	27.3	568.1	13.8	10.3	467.5
10.0	27.5	556.2	13.8	10.3	467.5
9.3	27.6	628.8	13.8	10.8	467.5
6.2	28.0	617.2	13.8	11.1	467.5
0.0	28.9	639.6	13.8	10.3	467.5
4.7	28.3	623.9	13.8	11.6	467.5
9.2	27.7	525.7	13.7	10.6	467.5
4.0	28.4	540.8	13.7	10.2	467.5
0.1	29.2	601.6	13.7	10.8	467.5
0.1	30.0	636.5	13.7	11.5	467.5
0.1	30.6	633.7	13.7	12.3	467.5
0.0	29.6	638.8	13.6	12.2	467.5
0.8	29.4	515.5	13.6	11.0	467.5
16.9	28.4	558.7	13.6	11.3	465.4
14.2	27.7	473.3	13.6	9.4	465.4
11.6	27.5	390.5	13.6	9.3	465.4
26.4	26.9	392.6	13.5	8.6	465.4
25.2	26.1	495.2	13.5	9.4	465.4
20.7	25.7	374.3	13.5	9.3	465.4
14.7	26.6	379.7	13.5	8.9	465.4
5.9	27.1	550.5	13.4	10.2	465.4
8.3	27.2	539.7	13.4	9.9	465.4
10.2	26.7	504.2	13.4	9.5	465.4
1.7	27.0	588.7	13.4	9.7	465.4
3.5	27.4	557.4	13.3	9.9	465.4
11.5	27.4	520.5	13.3	9.6	465.4
13.1	27.2	540.6	13.3	10.0	465.4
15.3	26.8	561.5	13.3	10.4	465.4
17.8	26.6	528.2	13.2	9.2	465.4
9.4	26.5	517.7	13.2	10.3	465.4
10.9	26.6	574.6	13.2	9.9	465.4
11.8	26.8	553.3	13.2	9.8	465.4
11.3	26.7	501.2	13.1	8.8	465.4
11.2	26.7	421.3	13.1	8.7	465.4
11.3	26.6	446.1	13.1	9.0	465.4
5.4	27.1	518.6	13.0	9.6	465.4
16.1	25.8	404.9	13.0	8.6	465.4
0.3	25.1	449.4	13.0	8.6	465.4
0.0	24.2	542.6	13.0	8.9	465.4
0.0	25.1	586.9	12.9	8.9	465.4
0.1	25.2	582.7	12.9	10.3	465.4
0.0	26.5	537.4	12.9	9.2	465.4
0.2	28.0	457.4	12.8	9.7	465.4
16.4	26.0	348.6	12.8	8.5	465.4
16.9	25.6	498.4	12.8	8.6	464.6
0.1	25.7	443.0	12.8	9.1	464.6
0.3	25.6	432.9	12.7	8.0	464.6
1.4	26.1	460.1	12.7	8.1	464.6
1.2	26.7	468.2	12.7	8.0	464.6
3.6	26.2	474.7	12.6	8.8	464.6
0.0	23.1	360.3	12.6	9.4	464.6
0.0	22.2	575.1	12.6	8.9	464.6
0.0	23.4	563.2	12.6	10.1	464.6
0.0	23.8	557.0	12.5	9.9	464.6
0.0	24.2	552.9	12.5	10.1	464.6
0.0	24.3	554.9	12.5	10.5	464.6
0.0	24.6	549.4	12.4	10.0	464.6
0.0	23.9	541.3	12.4	10.2	464.6
0.0	23.4	550.1	12.4	10.6	464.6
0.0	23.3	549.2	12.3	10.9	464.6
0.0	23.5	548.0	12.3	10.6	464.6
0.0	25.1	525.1	12.3	9.8	464.6
0.0	26.8	511.5	12.3	9.7	464.6
0.0	26.5	513.5	12.2	10.0	464.6
0.0	26.2	509.4	12.2	10.5	464.6
0.0	21.9	529.4	12.2	9.2	464.6
0.0	22.0	457.7	12.1	8.6	464.6
0.0	23.5	480.9	12.1	9.1	464.6
0.0	23.1	311.1	12.1	7.6	464.6
0.0	23.9	284.5	12.0	7.4	464.6
0.0	25.8	425.3	12.0	8.8	464.6
0.1	27.0	469.3	12.0	9.1	464.6
0.3	21.6	221.7	12.0	8.1	464.6
0.0	16.3	303.3	11.9	6.8	464.6
0.0	18.0	219.6	11.9	6.7	464.9
0.0	21.4	389.7	11.9	7.9	464.9
0.3	22.2	211.0	11.8	6.8	464.9
0.9	20.4	55.3	11.8	3.9	464.9
0.3	20.0	220.4	11.8	7.5	464.9
0.0	21.9	475.8	11.7	9.1	464.9
0.0	21.9	479.6	11.7	8.7	464.9
0.0	21.5	475.1	11.7	8.4	464.9
0.0	21.8	468.7	11.7	7.6	464.9
0.0	23.2	439.9	11.6	8.1	464.9
0.1	21.3	224.0	11.6	6.3	464.9
0.0	16.9	267.6	11.6	5.4	464.9
0.2	17.7	448.1	11.5	5.9	464.9
0.1	18.3	426.1	11.5	6.8	464.9
0.0	17.9	445.1	11.5	6.9	464.9
0.0	17.2	452.6	11.4	7.1	464.9
0.0	17.0	452.9	11.4	7.3	464.9
0.0	19.1	437.4	11.4	7.2	464.9
0.0	17.7	433.2	11.4	7.0	464.9
0.0	17.8	430.1	11.3	7.4	464.9
0.0	19.5	428.0	11.3	7.3	464.9
0.0	14.4	432.4	11.3	5.9	464.9
0.0	14.2	423.1	11.2	6.1	464.9
0.0	17.0	423.1	11.2	6.5	464.9
0.0	13.3	430.5	11.2	5.7	464.9
0.0	13.5	420.7	11.2	6.0	464.9
0.0	16.4	411.9	11.1	7.1	464.9
0.0	14.9	414.4	11.1	6.1	464.9
0.0	16.5	397.5	11.1	6.6	464.9
0.0	18.1	398.4	11.1	7.4	464.9
0.0	18.0	390.8	11.0	6.6	464.9
0.0	17.2	377.3	11.0	5.4	466.5
0.2	13.1	195.8	11.0	5.1	466.5
0.0	9.9	399.2	10.9	5.0	466.5
0.0	11.0	372.0	10.9	5.1	466.5
0.0	13.1	371.5	10.9	5.9	466.5
0.0	12.0	386.8	10.9	5.1	466.5
0.0	14.4	343.2	10.8	5.9	466.5
0.0	11.3	375.8	10.8	4.7	466.5
0.0	10.7	288.1	10.8	3.9	466.5
0.0	12.1	366.7	10.8	5.1	466.5
0.0	12.8	370.1	10.7	5.2	466.5
0.0	14.1	351.8	10.7	5.4	466.5
0.0	15.4	348.4	10.7	5.9	466.5
0.0	16.4	165.0	10.7	4.6	466.5
4.2	18.3	229.6	10.6	4.9	466.5
0.3	11.3	189.0	10.6	3.9	466.5
0.0	5.7	147.0	10.6	3.5	466.5
0.0	6.2	363.5	10.6	3.7	466.5
0.0	8.6	355.2	10.6	4.4	466.5
0.0	10.3	350.7	10.5	4.9	466.5
0.0	11.1	347.0	10.5	5.5	466.5
0.0	11.6	339.9	10.5	5.0	466.5
0.0	12.7	333.1	10.5	4.7	466.5
0.0	13.4	331.4	10.5	4.7	466.5
0.0	14.6	318.8	10.4	4.9	466.5
0.2	14.2	131.2	10.4	4.9	466.5
4.6	14.0	189.5	10.4	5.6	466.5
0.9	5.1	60.2	10.4	1.8	466.5
0.0	7.2	320.5	10.4	3.1	466.5
0.0	11.8	143.4	10.4	4.0	466.5
0.1	11.0	286.5	10.3	4.1	468.4
0.0	8.9	288.6	10.3	4.0	468.4
0.0	10.6	312.9	10.3	4.6	468.4
4.5	8.9	205.5	10.3	2.8	468.4
0.6	7.3	55.1	10.3	2.1	468.4
0.7	10.4	162.7	10.3	3.2	468.4
0.1	5.6	63.6	10.3	2.9	468.4
0.0	2.5	304.3	10.3	2.9	468.4
0.0	4.4	321.2	10.2	3.5	468.4
0.0	7.0	305.3	10.2	4.2	468.4
0.0	10.5	305.1	10.2	4.7	468.4
0.0	4.5	306.0	10.2	3.0	468.4
0.0	4.0	181.8	10.2	2.3	468.4
0.0	6.5	242.2	10.2	3.4	468.4
0.0	9.0	298.2	10.2	4.4	468.4
0.0	9.9	294.8	10.2	4.4	468.4
0.0	9.8	303.1	10.2	4.4	468.4
0.0	9.0	306.7	10.2	4.1	468.4
0.0	7.7	200.8	10.2	4.2	468.4
0.0	9.2	310.4	10.2	4.5	468.4
0.0	11.7	288.4	10.2	4.8	468.4
0.0	14.9	275.3	10.2	5.1	468.4
0.0	13.3	296.3	10.2	4.7	468.4
0.3	14.9	253.3	10.2	4.4	468.4
0.6	16.0	129.1	10.2	4.2	468.4
2.5	13.8	112.4	10.2	3.7	468.4
32.1	13.8	30.2	10.2	2.7	468.4
0.9	7.4	102.6	10.2	3.7	468.4
0.9	2.6	48.1	10.2	1.9	468.4
0.0	-1.3	231.3	10.2	1.8	468.4
0.0	0.7	317.3	10.2	2.7	468.4
0.0	3.8	319.8	10.2	3.5	470.5
0.0	7.2	308.7	10.2	4.2	470.5
0.1	7.5	267.3	10.2	3.4	470.5
0.0	4.2	149.6	10.2	2.6	470.5
0.0	0.6	322.5	10.3	2.6	470.5
0.0	1.6	311.3	10.3	2.9	470.5
0.0	4.3	321.5	10.3	3.8	470.5
0.0	6.3	329.2	10.3	4.3	470.5
0.0	11.9	314.3	10.3	5.3	470.5
0.1	14.8	303.6	10.3	5.1	470.5
0.3	13.1	165.0	10.3	4.1	470.5
4.2	7.3	75.4	10.3	3.6	470.5
0.3	3.1	131.2	10.4	2.0	470.5
0.0	1.7	259.3	10.4	2.8	470.5
0.3	5.0	335.4	10.4	3.7	470.5
0.1	1.2	184.2	10.4	2.7	470.5
0.0	3.9	342.2	10.4	4.0	470.5
0.2	6.7	340.8	10.4	4.2	470.5
0.0	3.9	210.2	10.5	3.4	470.5
0.1	6.2	339.0	10.5	4.2	470.5
0.0	4.4	223.7	10.5	3.6	470.5
0.0	9.5	330.6	10.5	4.8	470.5
0.0	12.4	122.3	10.5	4.5	470.5
0.1	13.4	203.7	10.6	4.8	470.5
0.1	13.4	305.8	10.6	5.2	470.5
2.7	13.7	274.3	10.6	4.5	470.5
39.9	11.9	36.5	10.6	2.1	470.5
1.1	9.1	45.3	10.6	2.6	470.5
0.2	10.9	261.1	10.7	4.4	470.5
1.4	12.6	239.1	10.7	4.9	470.5
0.2	14.4	174.4	10.7	4.9	470.5
3.6	12.7	54.3	10.7	3.5	471.5
0.0	13.7	155.6	10.8	4.1	471.5
0.0	17.3	359.3	10.8	4.9	471.5
1.6	11.9	232.0	10.8	6.4	471.5
0.2	6.4	153.1	10.8	2.5	471.5
0.2	4.0	146.4	10.9	3.2	471.5
0.1	11.7	286.0	10.9	5.7	471.5
19.5	10.8	103.1	10.9	6.6	471.5
11.4	1.5	94.9	10.9	2.1	471.5
0.6	1.5	210.7	11.0	2.0	471.5
25.7	2.6	48.1	11.0	2.1	471.5
19.5	6.2	25.4	11.0	2.2	471.5
19.8	8.0	136.2	11.0	2.3	471.5
33.0	8.2	23.6	11.1	1.9	471.5
17.3	8.5	59.5	11.1	1.8	471.5
13.2	7.2	40.6	11.1	3.3	471.5
6.0	0.2	37.9	11.2	2.3	471.5
0.0	-1.3	109.5	11.2	2.1	471.5
0.0	0.3	421.4	11.2	2.9	471.5
14.7	-0.2	110.6	11.2	1.6	471.5
2.2	-0.2	133.2	11.3	1.7	471.5
3.7	2.2	165.9	11.3	2.6	471.5
7.2	3.9	55.5	11.3	1.8	471.5
11.1	5.2	46.0	11.4	1.9	471.5
1.0	6.1	164.5	11.4	2.4	471.5
4.2	9.4	40.3	11.4	3.7	471.5
24.3	12.7	32.9	11.4	4.2	471.5
1.3	7.9	122.6	11.5	2.9	471.5
0.2	7.4	447.4	11.5	5.3	471.5
0.0	6.2	468.6	11.5	5.1	471.9
0.7	10.2	455.1	11.6	5.4	471.9
4.3	11.5	84.7	11.6	3.6	471.9
12.3	14.6	118.7	11.6	4.7	471.9
2.3	8.7	57.3	11.7	5.0	471.9
1.2	4.9	103.3	11.7	2.0	471.9
4.7	7.6	121.5	11.7	3.2	471.9
9.5	8.6	26.3	11.7	3.0	471.9
19.4	7.9	95.2	11.8	2.7	471.9
11.5	7.8	71.5	11.8	1.9	471.9
1.4	8.2	89.4	11.8	3.4	471.9
0.1	10.8	333.8	11.9	5.8	471.9
0.1	14.7	435.2	11.9	7.4	471.9
0.9	17.1	237.3	11.9	6.6	471.9
5.4	19.4	326.1	12.0	8.6	471.9
1.0	10.5	181.7	12.0	3.4	471.9
15.8	8.1	44.7	12.0	3.5	471.9
1.6	7.7	53.4	12.1	2.5	471.9
4.2	12.9	88.7	12.1	5.5	471.9
6.2	13.0	91.5	12.1	4.0	471.9
3.2	15.5	139.1	12.1	6.3	471.9
15.9	11.8	99.8	12.2	5.0	471.9
0.2	11.2	355.4	12.2	5.9	471.9
4.0	10.5	178.8	12.2	5.0	471.9
2.9	8.4	35.8	12.3	2.5	471.9
10.2	8.2	68.3	12.3	2.5	471.9
0.0	7.1	239.4	12.3	5.6	471.9
0.0	9.7	567.8	12.4	6.2	471.9
0.0	15.5	562.0	12.4	8.6	471.9
2.4	16.7	462.1	12.4	9.6	471.9
8.0	8.0	76.5	12.5	4.0	471.9
32.8	9.5	375.1	12.5	5.8	472.2
13.9	8.1	49.0	12.5	2.8	472.2
0.2	10.7	311.6	12.5	5.1	472.2
1.0	11.8	138.5	12.6	4.2	472.2
3.7	17.9	291.1	12.6	8.7	472.2
9.1	14.1	50.1	12.6	6.2	472.2
0.0	13.5	565.0	12.7	7.3	472.2
2.8	15.3	163.4	12.7	5.7	472.2
20.8	13.1	67.0	12.7	6.9	472.2
0.3	11.0	239.0	12.8	6.3	472.2
0.1	14.2	333.9	12.8	7.1	472.2
0.2	17.3	581.8	12.8	9.3	472.2
0.1	19.0	577.3	12.8	10.5	472.2
0.0	19.4	576.6	12.9	11.2	472.2
0.1	19.7	577.7	12.9	9.8	472.2
0.0	19.4	591.1	12.9	10.2	472.2
0.0	20.5	576.2	13.0	10.1	472.2
0.1	15.0	195.6	13.0	6.0	472.2
3.1	17.8	270.5	13.0	7.6	472.2
29.2	19.4	124.9	13.0	6.3	472.2
20.9	20.4	135.7	13.1	5.9	472.2
0.6	20.0	66.3	13.1	4.9	472.2
13.0	22.3	391.1	13.1	9.3	472.2
40.3	17.1	250.2	13.1	11.5	472.2
2.6	11.7	160.8	13.2	6.1	472.2
0.0	13.6	644.5	13.2	8.5	472.2
0.0	16.1	602.0	13.2	8.0	472.2
13.9	17.4	141.6	13.3	5.9	472.2
5.9	19.3	62.2	13.3	4.1	472.2
3.8	21.2	214.9	13.3	6.9	472.2
14.9	20.9	200.1	13.3	5.6	472.5
7.3	20.9	105.2	13.4	6.1	472.5
34.5	19.3	233.9	13.4	9.9	472.5
5.4	13.8	78.9	13.4	2.5	472.5
0.3	16.7	196.3	13.4	6.7	472.5
11.0	18.4	93.3	13.5	6.7	472.5
1.5	14.9	73.4	13.5	4.4	472.5
0.0	16.1	633.1	13.5	9.2	472.5
0.0	17.3	597.8	13.5	8.9	472.5
0.0	18.2	282.5	13.6	7.1	472.5
5.2	17.9	196.9	13.6	6.5	472.5
9.5	16.4	41.6	13.6	4.8	472.5
20.1	16.2	51.3	13.6	4.9	472.5
4.9	21.3	328.6	13.6	9.4	472.5
8.2	22.0	95.6	13.7	5.8	472.5
1.0	23.6	473.7	13.7	10.1	472.5
0.5	22.0	456.1	13.7	9.6	472.5
0.3	23.9	490.8	13.7	10.8	472.5
8.8	24.4	618.9	13.7	10.5	472.5
0.2	22.9	624.3	13.8	10.8	472.5
0.0	21.1	663.1	13.8	10.8	472.5
0.1	23.8	647.5	13.8	10.7	472.5
0.0	23.8	614.6	13.8	11.3	472.5
0.0	24.2	539.8	13.8	9.4	472.5
4.3	23.9	566.2	13.9	10.5	472.5
3.9	23.6	327.2	13.9	10.4	472.5
1.0	20.8	312.8	13.9	8.2	472.5
0.2	22.3	547.9	13.9	10.2	472.5
0.0	22.9	646.5	13.9	11.2	472.5
0.0	23.5	667.9	13.9	12.0	472.5
0.0	23.7	675.1	13.9	12.3	472.5
0.0	24.4	641.8	14.0	10.1	471.3
0.4	24.9	557.6	14.0	10.8	471.3
0.0	25.8	615.4	14.0	10.2	471.3
2.3	25.7	241.9	14.0	10.3	471.3
14.6	22.6	49.9	14.0	6.8	471.3
0.2	22.7	497.4	14.0	10.9	471.3
0.0	24.6	654.1	14.0	12.1	471.3
0.0	25.0	568.1	14.0	11.1	471.3
0.0	22.3	210.8	14.0	7.5	471.3
0.0	21.9	682.3	14.0	11.3	471.3
0.0	24.1	649.7	14.1	10.9	471.3
20.2	22.3	176.0	14.1	8.9	471.3
27.4	21.8	41.3	14.1	5.7	471.3
3.3	20.6	133.4	14.1	7.0	471.3
0.5	20.5	402.1	14.1	9.2	471.3
0.0	23.9	679.9	14.1	10.8	471.3
0.0	26.1	678.3	14.1	11.0	471.3
0.5	27.3	653.8	14.1	11.4	471.3
5.9	27.3	633.8	14.1	11.0	471.3
1.9	28.0	594.3	14.1	11.7	471.3
12.2	27.8	580.2	14.1	10.1	471.3
8.0	27.0	274.6	14.1	8.8	471.3
36.2	26.6	338.7	14.1	8.9	471.3
37.1	24.0	149.7	14.1	5.4	471.3
36.9	23.6	73.4	14.1	5.0	471.3
5.0	24.1	113.9	14.1	6.4	471.3
10.3	26.1	565.3	14.1	10.5	471.3
15.1	25.8	288.7	14.1	8.9	471.3
15.4	26.2	437.3	14.1	9.8	471.3
1.4	26.9	608.9	14.1	11.1	471.3
5.5	27.2	655.6	14.1	11.2	468.3
2.5	27.6	652.6	14.0	11.6	468.3
4.9	27.6	643.8	14.0	10.7	468.3
0.0	28.9	650.7	14.0	11.9	468.3
3.3	28.6	629.3	14.0	12.3	468.3
4.6	28.1	633.3	14.0	12.5	468.3
8.8	27.1	523.5	14.0	11.4	468.3
11.1	26.5	467.9	14.0	9.9	468.3
16.7	26.6	543.4	14.0	9.6	468.3
4.4	27.3	584.0	14.0	10.6	468.3
9.7	27.0	563.2	14.0	10.5	468.3
17.1	27.1	625.3	13.9	10.5	468.3
5.3	27.7	644.9	13.9	11.9	468.3
0.0	27.9	639.3	13.9	11.1	468.3
2.0	28.0	647.8	13.9	11.0	468.3
12.4	27.1	580.5	13.9	9.5	468.3
10.4	26.8	529.1	13.9	9.4	468.3
14.5	26.4	513.2	13.9	8.8	468.3
17.0	26.1	489.0	13.8	9.2	468.3
0.4	26.1	499.0	13.8	9.8	468.3
4.3	25.7	419.5	13.8	9.3	468.3
11.4	25.3	424.0	13.8	10.0	468.3
13.1	25.6	583.2	13.8	10.3	468.3
9.8	25.6	562.1	13.7	9.5	468.3
10.6	26.1	586.9	13.7	10.7	468.3
17.4	26.1	567.4	13.7	10.1	468.3
7.1	26.4	607.7	13.7	10.1	468.3
0.4	26.9	633.2	13.7	9.9	468.3
0.1	27.1	638.8	13.6	10.7	468.3
0.1	27.1	618.7	13.6	10.9	468.3
0.1	27.6	618.3	13.6	10.8	468.3
0.1	28.1	607.9	13.6	10.4	466.2
14.4	27.1	443.2	13.6	11.0	466.2
15.8	26.5	390.6	13.5	8.7	466.2
11.1	26.9	391.5	13.5	8.8	466.2
10.8	26.7	313.0	13.5	8.6	466.2
13.1	27.1	413.3	13.5	9.5	466.2
13.6	26.3	278.5	13.4	9.6	466.2
0.0	27.1	565.3	13.4	9.9	466.2
0.0	27.5	588.3	13.4	11.1	466.2
0.0	27.9	534.4	13.4	10.7	466.2
13.9	27.0	535.3	13.3	11.1	466.2
7.8	27.1	534.2	13.3	9.0	466.2
0.6	26.5	446.6	13.3	10.1	466.2
0.4	26.1	462.9	13.3	9.5	466.2
0.2	27.4	574.1	13.2	9.3	466.2
12.9	26.8	295.6	13.2	8.6	466.2
9.1	27.4	523.1	13.2	9.3	466.2
11.7	26.8	423.6	13.2	9.3	466.2
1.1	26.5	493.9	13.1	8.3	466.2
2.1	25.2	47.2	13.1	3.6	466.2
21.2	25.7	277.8	13.1	7.5	466.2
18.4	25.8	482.0	13.1	8.3	466.2
11.8	25.9	480.7	13.0	8.6	466.2
0.3	26.7	517.0	13.0	9.4	466.2
0.0	27.1	571.9	13.0	9.3	466.2
1.0	27.5	514.4	12.9	8.6	466.2
0.1	28.2	530.2	12.9	9.1	466.2
4.9	28.1	492.7	12.9	10.2	466.2
0.2	28.0	470.9	12.9	9.4	466.2
1.5	27.8	485.2	12.8	9.9	466.2
1.1	27.8	441.2	12.8	9.1	466.2
3.7	27.4	415.1	12.8	9.1	465.6
8.9	27.3	510.8	12.7	10.3	465.6
16.7	27.1	521.4	12.7	8.9	465.6
1.1	27.8	537.1	12.7	9.4	465.6
2.3	27.4	494.5	12.7	9.9	465.6
5.0	27.4	525.3	12.6	10.1	465.6
0.1	27.6	526.6	12.6	9.2	465.6
2.2	27.6	509.1	12.6	9.6	465.6
4.2	27.2	510.1	12.5	9.4	465.6
20.6	26.1	369.0	12.5	8.3	465.6
9.3	26.3	429.1	12.5	8.3	465.6
12.7	26.6	413.5	12.4	8.5	465.6
1.4	26.9	400.4	12.4	8.7	465.6
0.0	27.2	517.1	12.4	9.2	465.6
2.0	27.5	510.0	12.4	9.5	465.6
3.7	27.2	504.8	12.3	9.1	465.6
9.2	26.5	493.4	12.3	9.0	465.6
24.1	24.8	444.7	12.3	8.0	465.6
8.9	18.7	28.8	12.2	5.8	465.6
0.1	18.9	278.7	12.2	6.1	465.6
0.0	19.4	357.5	12.2	5.7	465.6
0.2	20.1	173.5	12.1	6.0	465.6
0.7	22.1	136.5	12.1	5.9	465.6
0.0	23.1	331.3	12.1	7.0	465.6
3.7	23.9	276.2	12.1	7.6	465.6
4.6	18.2	25.0	12.0	5.2	465.6
0.0	17.7	424.9	12.0	6.3	465.6
0.0	18.3	413.9	12.0	7.0	465.6
0.0	20.1	433.4	11.9	6.6	465.6
0.0	19.3	114.4	11.9	5.2	465.6
0.0	21.3	198.2	11.9	6.2	465.8
0.0	20.9	470.8	11.8	7.9	465.8
0.0	21.9	479.5	11.8	8.1	465.8
0.1	22.9	465.1	11.8	8.5	465.8
0.0	23.1	464.5	11.8	8.7	465.8
0.0	23.2	449.0	11.7	7.3	465.8
0.0	19.4	142.1	11.7	4.7	465.8
0.0	20.1	373.5	11.7	5.4	465.8
0.0	20.4	421.6	11.6	6.7	465.8
0.0	18.4	424.7	11.6	6.5	465.8
0.0	18.9	454.1	11.6	6.9	465.8
0.9	21.5	378.9	11.5	6.7	465.8
6.6	16.8	26.9	11.5	3.5	465.8
0.0	19.1	320.2	11.5	5.3	465.8
11.7	17.9	76.1	11.5	4.2	465.8
0.2	16.9	46.9	11.4	2.5	465.8
0.2	20.0	207.8	11.4	5.8	465.8
1.9	22.2	253.8	11.4	6.7	465.8
3.1	17.5	55.7	11.3	3.4	465.8
1.1	17.1	185.9	11.3	5.0	465.8
1.8	13.2	35.5	11.3	2.4	465.8
0.0	14.3	264.5	11.3	4.6	465.8
0.0	13.2	370.5	11.2	5.3	465.8
0.0	12.8	410.4	11.2	6.0	465.8
0.0	14.5	410.2	11.2	5.9	465.8
0.1	15.7	408.6	11.1	5.9	465.8
0.0	17.2	185.6	11.1	5.3	465.8
0.0	17.9	153.5	11.1	4.6	465.8
3.2	18.8	227.3	11.1	4.9	465.8
3.6	17.3	17.7	11.0	2.0	465.8
0.6	18.1	261.2	11.0	4.6	465.8
0.2	16.8	151.2	11.0	4.6	467.3
0.0	16.5	345.5	10.9	5.3	467.3
0.0	16.2	386.5	10.9	6.1	467.3
0.0	17.6	365.6	10.9	5.8	467.3
0.0	17.4	326.1	10.9	5.8	467.3
0.0	16.8	378.2	10.8	6.6	467.3
0.0	8.2	383.1	10.8	3.7	467.3
0.0	10.5	379.8	10.8	5.0	467.3
0.0	13.5	369.1	10.8	5.3	467.3
0.0	13.2	274.6	10.7	4.4	467.3
0.0	14.9	325.6	10.7	4.8	467.3
0.0	15.1	292.1	10.7	5.3	467.3
0.0	14.9	349.5	10.7	5.6	467.3
0.0	16.1	346.9	10.7	5.6	467.3
0.0	14.8	314.1	10.6	4.4	467.3
0.0	14.5	127.8	10.6	3.8	467.3
5.1	11.2	43.0	10.6	4.2	467.3
0.0	7.8	353.4	10.6	3.7	467.3
0.0	8.9	334.6	10.5	3.9	467.3
0.0	11.4	347.1	10.5	4.6	467.3
0.0	9.8	297.9	10.5	3.9	467.3
0.0	9.6	336.8	10.5	4.4	467.3
0.0	8.7	335.2	10.5	3.9	467.3
0.0	12.0	329.3	10.4	4.6	467.3
0.0	9.1	334.6	10.4	4.4	467.3
0.0	9.7	323.3	10.4	4.5	467.3
0.0	11.2	299.8	10.4	4.7	467.3
0.0	11.5	321.9	10.4	4.6	467.3
0.0	11.9	318.7	10.4	4.8	467.3
0.8	14.4	296.4	10.3	5.1	467.3
15.1	13.7	45.7	10.3	2.3	469.2
3.6	13.5	39.8	10.3	3.5	469.2
1.5	9.8	134.4	10.3	3.0	469.2
0.2	4.4	128.0	10.3	2.5	469.2
0.0	6.3	314.4	10.3	3.1	469.2
0.0	4.2	319.1	10.3	3.1	469.2
0.0	5.6	317.9	10.3	3.7	469.2
0.0	8.1	319.2	10.3	4.4	469.2
0.0	8.8	309.7	10.2	4.3	469.2
0.0	11.4	309.5	10.2	4.7	469.2
0.0	16.1	273.6	10.2	5.1	469.2
1.0	17.5	192.4	10.2	4.5	469.2
6.6	14.6	104.9	10.2	3.8	469.2
0.6	4.4	28.9	10.2	3.6	469.2
0.0	-1.3	317.5	10.2	1.3	469.2
0.0	2.9	311.7	10.2	2.7	469.2
0.0	4.3	253.4	10.2	2.8	469.2
0.0	0.2	310.2	10.2	2.4	469.2
0.0	-0.6	308.3	10.2	2.2	469.2
0.0	-0.5	275.9	10.2	2.1	469.2
5.4	-1.3	92.9	10.2	1.3	469.2
0.0	-1.8	190.3	10.2	1.8	469.2
0.0	-0.3	309.9	10.2	2.4	469.2
0.0	0.9	211.3	10.2	2.6	469.2
0.0	2.9	312.6	10.2	3.5	469.2
0.0	4.6	212.4	10.2	3.1	469.2
0.0	2.1	311.3	10.2	2.7	469.2
0.0	0.2	319.6	10.2	2.6	469.2
0.0	-1.4	317.8	10.2	2.5	469.2
0.0	0.5	161.4	10.2	2.5	469.2
0.0	3.0	317.9	10.2	3.1	469.2
0.0	-0.8	326.2	10.2	2.7	471.4
0.0	1.5	323.3	10.2	3.2	471.4
0.0	7.4	319.7	10.2	4.4	471.4
3.8	11.1	278.0	10.3	5.1	471.4
0.3	0.2	20.2	10.3	2.2	471.4
0.0	-3.1	199.4	10.3	1.7	471.4
0.0	-0.8	303.5	10.3	2.3	471.4
0.0	1.6	323.1	10.3	3.0	471.4
0.0	1.8	327.8	10.3	3.2	471.4
0.0	6.5	287.6	10.3	3.8	471.4
0.2	6.8	267.6	10.3	3.2	471.4
0.0	5.4	229.0	10.3	3.3	471.4
2.4	8.1	261.5	10.4	4.0	471.4
9.5	6.0	46.6	10.4	2.2	471.4
0.2	2.3	95.3	10.4	2.9	471.4
0.0	0.2	333.3	10.4	2.0	471.4
0.0	-0.8	285.0	10.4	2.6	471.4
0.0	1.2	349.7	10.4	3.2	471.4
0.0	4.6	342.5	10.5	3.5	471.4
17.8	5.5	117.9	10.5	2.4	471.4
14.1	6.7	28.0	10.5	1.5	471.4
3.7	7.8	49.0	10.5	1.7	471.4
3.2	8.8	37.6	10.5	1.7	471.4
5.4	7.1	32.2	10.6	2.7	471.4
1.1	2.2	81.5	10.6	1.8	471.4
0.4	1.8	164.0	10.6	2.1	471.4
2.3	3.8	80.3	10.6	2.1	471.4
1.0	5.0	103.1	10.7	2.4	471.4
1.3	7.2	143.2	10.7	2.8	471.4
0.1	12.3	163.3	10.7	4.3	471.4
9.1	12.2	89.7	10.7	4.8	471.4
1.4	8.2	53.5	10.8	3.1	472.4
5.7	11.2	112.2	10.8	5.2	472.4
21.4	8.0	43.6	10.8	2.0	472.4
12.3	3.7	32.5	10.8	2.8	472.4
18.7	1.9	82.7	10.9	1.7	472.4
52.6	3.4	26.8	10.9	1.6	472.4
2.0	0.3	59.7	10.9	2.1	472.4
0.0	0.7	283.1	10.9	2.6	472.4
0.0	6.7	368.9	11.0	4.0	472.4
2.8	5.9	39.5	11.0	3.0	472.4
6.2	0.1	23.7	11.0	1.7	472.4
6.1	0.7	73.2	11.0	1.5	472.4
17.9	-0.7	47.4	11.1	1.3	472.4
0.2	-1.3	241.5	11.1	2.4	472.4
0.3	3.0	263.3	11.1	3.7	472.4
1.6	5.2	118.9	11.1	3.2	472.4
16.3	6.9	96.3	11.2	3.1	472.4
0.0	5.5	436.7	11.2	3.6	472.4
0.0	4.4	444.5	11.2	4.4	472.4
0.7	7.0	438.3	11.3	4.7	472.4
0.6	4.2	385.6	11.3	4.9	472.4
0.0	2.5	468.6	11.3	3.1	472.4
0.0	6.9	464.2	11.4	5.2	472.4
0.0	11.6	359.0	11.4	6.0	472.4
0.0	11.0	187.4	11.4	5.7	472.4
13.6	10.3	192.2	11.4	4.9	472.4
37.0	9.0	24.4	11.5	2.0	472.4
21.8	8.0	32.5	11.5	2.1	472.4
16.2	7.1	67.8	11.5	3.2	472.7
0.6	5.4	63.1	11.6	1.8	472.7
0.9	5.0	105.1	11.6	3.4	472.7
0.4	9.4	403.1	11.6	5.6	472.7
6.5	9.7	110.3	11.6	3.9	472.7
1.1	12.8	415.9	11.7	5.4	472.7
0.8	17.1	133.3	11.7	6.5	472.7
5.9	16.6	222.6	11.7	8.1	472.7
0.0	6.2	469.2	11.8	4.7	472.7
0.0	7.8	507.1	11.8	5.2	472.7
0.0	7.3	499.2	11.8	5.3	472.7
0.0	9.7	286.2	11.9	5.4	472.7
0.0	8.4	506.4	11.9	5.5	472.7
0.0	7.0	388.2	11.9	5.6	472.7
0.3	9.5	490.9	12.0	6.1	472.7
4.2	7.5	52.3	12.0	2.5	472.7
31.9	7.1	33.0	12.0	3.1	472.7
0.2	5.8	144.1	12.0	4.6	472.7
0.0	7.7	383.0	12.1	4.9	472.7
3.7	8.5	235.2	12.1	4.3	472.7
0.3	7.5	131.1	12.1	3.6	472.7
0.0	8.1	357.4	12.2	4.3	472.7
2.3	8.1	176.1	12.2	3.5	472.7
0.0	11.5	541.3	12.2	6.2	472.7
0.0	10.5	503.3	12.3	6.6	472.7
0.0	10.5	542.6	12.3	6.9	472.7
0.0	15.6	568.9	12.3	8.6	472.7
0.0	18.2	550.9	12.4	10.2	472.7
0.0	21.3	553.3	12.4	11.8	472.7
0.0	25.1	502.6	12.4	11.8	472.7
1.1	26.6	538.3	12.4	9.9	472.7
16.8	22.3	482.5	12.5	13.7	473.0
0.6	10.2	173.0	12.5	4.9	473.0
0.2	18.0	236.5	12.5	8.9	473.0
38.0	20.9	298.9	12.6	10.3	473.0
0.7	11.1	115.0	12.6	4.7	473.0
0.0	11.7	529.9	12.6	6.9	473.0
1.9	14.4	375.5	12.7	6.7	473.0
0.2	17.7	332.3	12.7	8.4	473.0
0.4	20.3	265.3	12.7	6.9	473.0
5.3	22.9	408.4	12.7	10.1	473.0
1.2	14.3	261.9	12.8	7.0	473.0
0.2	13.9	473.1	12.8	7.4	473.0
0.0	16.7	606.5	12.8	9.0	473.0
0.2	20.2	589.7	12.9	10.7	473.0
1.1	13.1	577.9	12.9	7.8	473.0
11.3	5.9	64.0	12.9	3.0	473.0
0.3	11.8	474.8	12.9	7.1	473.0
0.0	13.7	599.9	13.0	7.2	473.0
0.0	17.9	440.5	13.0	7.7	473.0
0.0	19.2	507.5	13.0	8.7	473.0
0.8	21.0	591.6	13.1	10.7	473.0
0.0	16.7	624.2	13.1	10.3	473.0
0.0	15.6	637.7	13.1	8.6	473.0
0.0	24.3	550.6	13.1	11.6	473.0
0.0	21.5	598.2	13.2	11.1	473.0
18.2	22.7	418.1	13.2	12.2	473.0
0.0	16.7	621.7	13.2	7.6	473.0
11.9	16.0	520.3	13.3	7.9	473.0
0.6	14.2	415.3	13.3	7.8	473.0
0.2	15.1	635.9	13.3	8.2	473.0
0.1	16.0	569.4	13.3	7.8	473.3
0.4	13.4	418.7	13.4	7.7	473.3
0.0	14.5	443.8	13.4	6.3	473.3
44.2	14.2	169.6	13.4	5.0	473.3
3.7	20.9	142.2	13.4	8.8	473.3
2.0	24.1	188.8	13.5	7.4	473.3
10.9	20.9	137.4	13.5	9.3	473.3
12.0	19.4	329.3	13.5	7.9	473.3
0.4	18.4	184.8	13.5	5.7	473.3
5.0	23.8	379.0	13.5	10.7	473.3
1.1	22.3	76.6	13.6	5.1	473.3
22.7	22.6	504.0	13.6	12.4	473.3
0.3	19.2	258.8	13.6	6.4	473.3
0.0	18.8	140.1	13.6	6.8	473.3
0.1	17.8	453.2	13.7	9.4	473.3
0.0	19.6	643.6	13.7	10.4	473.3
0.0	16.5	665.1	13.7	8.1	473.3
0.0	18.8	606.5	13.7	8.4	473.3
7.2	19.1	165.9	13.7	7.0	473.3
0.7	17.8	87.6	13.8	4.4	473.3
23.8	17.5	72.8	13.8	3.7	473.3
2.8	17.5	30.6	13.8	2.8	473.3
1.2	19.9	482.7	13.8	9.7	473.3
0.0	22.6	616.0	13.8	10.4	473.3
11.0	24.2	515.8	13.8	9.9	473.3
16.1	25.1	377.0	13.9	8.0	473.3
9.1	24.4	127.0	13.9	6.6	473.3
5.6	24.4	368.8	13.9	9.7	473.3
0.5	25.5	617.6	13.9	10.2	473.3
4.8	25.0	347.3	13.9	9.4	473.3
34.6	22.1	264.3	13.9	11.4	473.3
0.2	21.5	667.7	14.0	11.3	472.1
0.0	22.8	645.8	14.0	11.2	472.1
0.0	23.9	252.0	14.0	9.4	472.1
15.0	25.9	245.0	14.0	6.8	472.1
20.0	25.4	439.0	14.0	10.0	472.1
9.1	24.7	414.4	14.0	10.5	472.1
4.9	20.5	79.5	14.0	6.4	472.1
0.1	23.3	577.4	14.0	10.1	472.1
0.0	24.3	569.1	14.0	10.6	472.1
0.0	23.9	515.7	14.0	10.4	472.1
0.0	25.1	603.2	14.0	9.8	472.1
20.3	24.3	116.4	14.1	5.2	472.1
0.1	25.7	493.7	14.1	10.1	472.1
11.4	21.2	64.1	14.1	9.8	472.1
20.6	22.0	37.8	14.1	4.5	472.1
0.3	24.4	397.6	14.1	10.3	472.1
0.4	24.5	581.4	14.1	11.4	472.1
0.3	25.3	685.9	14.1	13.1	472.1
0.1	24.4	682.2	14.1	12.5	472.1
0.0	25.4	648.6	14.1	11.1	472.1
0.1	25.3	478.7	14.1	11.1	472.1
1.9	24.9	509.5	14.1	9.5	472.1
21.2	22.7	63.2	14.1	5.4	472.1
0.9	25.1	570.9	14.1	9.5	472.1
0.3	25.7	531.4	14.1	10.0	472.1
0.1	27.5	636.6	14.1	11.0	472.1
16.4	26.6	288.3	14.1	8.6	472.1
11.4	25.8	244.8	14.1	6.9	472.1
0.2	27.9	645.9	14.1	11.1	472.1
1.8	27.5	646.2	14.1	12.6	472.1
2.8	27.5	609.7	14.1	12.2	469.1
0.1	28.4	622.3	14.0	11.8	469.1
21.4	26.7	539.2	14.0	9.4	469.1
28.9	26.1	370.0	14.0	8.8	469.1
12.3	24.3	93.2	14.0	6.1	469.1
0.2	25.0	359.7	14.0	8.9	469.1
1.0	26.7	451.8	14.0	9.7	469.1
14.1	25.3	153.6	14.0	7.3	469.1
26.6	26.1	351.9	14.0	8.7	469.1
0.0	27.0	301.7	14.0	7.7	469.1
0.2	26.8	247.0	14.0	7.8	469.1
3.2	26.5	183.1	13.9	7.1	469.1
16.4	25.2	126.7	13.9	6.5	469.1
10.9	25.3	124.0	13.9	6.6	469.1
8.3	25.7	162.4	13.9	6.7	469.1
7.5	26.1	189.8	13.9	7.4	469.1
10.5	27.3	534.6	13.9	9.7	469.1
3.0	28.2	633.0	13.9	11.3	469.1
1.5	28.5	634.4	13.8	11.2	469.1
3.5	29.1	628.0	13.8	11.2	469.1
6.6	28.1	507.5	13.8	10.9	469.1
0.0	28.2	464.4	13.8	11.1	469.1
0.1	27.4	648.2	13.8	11.5	469.1
0.0	26.4	653.4	13.8	11.3	469.1
0.2	26.9	506.0	13.7	9.3	469.1
0.2	28.4	448.2	13.7	10.9	469.1
1.4	30.3	616.1	13.7	12.2	469.1
9.2	28.6	550.3	13.7	11.5	469.1
0.0	29.0	620.0	13.7	10.7	469.1
17.4	27.4	509.3	13.6	9.5	469.1
4.5	27.8	572.3	13.6	11.8	469.1
1.4	27.2	632.1	13.6	11.1	467.0
3.3	26.8	630.3	13.6	11.9	467.0
0.0	27.8	631.7	13.5	10.8	467.0
0.5	28.5	607.9	13.5	10.8	467.0
11.9	27.2	531.7	13.5	10.2	467.0
17.2	26.8	431.6	13.5	8.9	467.0
14.6	26.6	469.8	13.4	9.6	467.0
15.0	26.5	405.9	13.4	9.8	467.0
18.6	26.2	329.5	13.4	9.1	467.0
16.6	25.6	301.4	13.4	9.0	467.0
12.3	25.7	526.5	13.3	8.1	467.0
5.1	25.0	399.1	13.3	9.2	467.0
14.5	26.0	331.4	13.3	8.7	467.0
0.0	27.5	547.8	13.3	10.0	467.0
1.6	28.1	589.4	13.2	10.3	467.0
0.4	28.7	509.5	13.2	10.2	467.0
1.5	29.0	556.4	13.2	10.7	467.0
3.7	28.5	581.9	13.2	11.6	467.0
3.7	28.4	586.5	13.1	11.1	467.0
2.7	28.4	588.8	13.1	11.2	467.0
0.2	29.2	545.8	13.1	10.5	467.0
5.2	28.4	533.2	13.1	10.6	467.0
3.5	28.2	552.1	13.0	10.8	467.0
4.1	28.2	561.1	13.0	11.1	467.0
8.4	27.3	543.1	13.0	10.6	467.0
9.8	27.1	515.5	12.9	9.4	467.0
9.0	26.5	520.8	12.9	9.2	467.0
25.5	26.1	498.9	12.9	8.0	467.0
14.6	24.2	371.4	12.9	7.9	467.0
0.2	22.3	378.6	12.8	7.6	467.0
0.3	23.2	479.8	12.8	7.3	467.0
0.1	23.5	547.7	12.8	9.2	466.3
0.4	23.8	512.4	12.7	8.8	466.3
0.0	23.4	505.6	12.7	9.4	466.3
0.0	24.1	574.2	12.7	10.4	466.3
0.0	24.3	560.6	12.7	10.3	466.3
0.0	24.9	565.6	12.6	10.0	466.3
0.0	26.6	543.0	12.6	10.1	466.3
0.0	27.2	528.0	12.6	10.8	466.3
0.0	27.2	521.9	12.5	10.7	466.3
0.0	26.2	552.2	12.5	10.5	466.3
0.0	25.1	550.8	12.5	9.8	466.3
0.0	24.5	452.3	12.5	8.5	466.3
0.0	25.6	511.5	12.4	9.4	466.3
0.0	24.9	523.0	12.4	9.3	466.3
0.0	24.5	379.6	12.4	8.4	466.3
0.0	23.8	312.2	12.3	8.4	466.3
0.0	25.6	501.9	12.3	9.6	466.3
0.0	25.2	359.7	12.3	8.4	466.3
0.0	22.4	229.0	12.2	8.4	466.3
0.0	21.9	269.3	12.2	6.4	466.3
0.0	21.2	179.1	12.2	7.3	466.3
0.0	23.9	507.7	12.2	9.6	466.3
0.0	24.7	504.7	12.1	8.8	466.3
0.0	19.9	454.1	12.1	7.9	466.3
0.0	19.6	428.2	12.1	7.9	466.3
0.0	22.8	467.4	12.0	8.6	466.3
0.0	22.5	463.5	12.0	7.7	466.3
0.0	20.2	510.2	12.0	8.4	466.3
0.0	19.3	511.8	11.9	8.4	466.3
0.0	19.8	508.9	11.9	8.8	466.3
0.0	20.8	500.5	11.9	8.6	466.6
0.0	22.5	485.1	11.9	8.7	466.6
0.0	22.3	460.6	11.8	8.6	466.6
0.0	22.1	481.7	11.8	8.8	466.6
0.0	19.7	485.1	11.8	8.1	466.6
0.0	18.8	487.1	11.7	7.9	466.6
0.0	18.9	483.5	11.7	7.9	466.6
0.0	20.0	474.2	11.7	8.2	466.6
0.0	20.9	471.4	11.6	8.6	466.6
0.0	21.6	451.1	11.6	8.0	466.6
0.7	22.6	284.8	11.6	6.4	466.6
0.0	19.7	453.5	11.6	9.0	466.6
0.0	17.6	463.7	11.5	7.6	466.6
0.0	19.1	449.3	11.5	8.4	466.6
0.0	15.0	449.1	11.5	6.6	466.6
0.0	15.7	455.5	11.4	6.7	466.6
0.0	15.2	452.3	11.4	5.5	466.6
0.0	16.2	436.5	11.4	6.7	466.6
0.0	16.2	431.1	11.3	6.8	466.6
0.0	16.3	431.3	11.3	7.2	466.6
0.0	18.3	432.5	11.3	7.9	466.6
0.0	16.4	426.4	11.3	7.1	466.6
0.0	17.6	426.0	11.2	7.8	466.6
0.0	18.8	413.3	11.2	8.0	466.6
0.0	19.2	409.6	11.2	7.6	466.6
0.0	17.8	399.5	11.1	6.3	466.6
0.0	16.7	391.1	11.1	6.3	466.6
0.0	16.4	407.7	11.1	6.1	466.6
0.0	17.3	387.9	11.1	6.1	466.6
0.4	18.2	249.4	11.0	5.3	466.6
0.5	16.3	87.9	11.0	3.9	466.6
0.0	20.7	288.8	11.0	6.2	468.1
5.2	19.7	112.7	11.0	5.4	468.1
14.1	11.1	20.6	10.9	4.7	468.1
5.7	10.2	21.5	10.9	2.4	468.1
0.6	13.4	72.5	10.9	3.0	468.1
1.2	10.8	73.6	10.9	4.0	468.1
0.0	9.8	366.9	10.8	4.1	468.1
0.0	11.0	246.0	10.8	4.2	468.1
0.0	12.9	326.7	10.8	4.9	468.1
0.0	14.4	357.3	10.8	5.6	468.1
0.0	15.4	349.9	10.7	5.2	468.1
0.0	14.4	191.2	10.7	4.6	468.1
0.0	13.7	348.6	10.7	4.9	468.1
0.0	14.1	341.9	10.7	5.0	468.1
0.0	15.4	350.2	10.6	5.2	468.1
0.0	16.2	252.9	10.6	4.9	468.1
0.0	11.3	269.1	10.6	5.2	468.1
0.0	9.1	367.2	10.6	4.6	468.1
0.1	12.8	348.7	10.6	5.7	468.1
0.0	14.9	331.2	10.5	5.9	468.1
0.0	16.6	327.4	10.5	5.7	468.1
0.0	16.5	280.4	10.5	4.6	468.1
0.0	19.4	197.7	10.5	4.9	468.1
3.9	20.4	157.0	10.5	4.3	468.1
13.8	17.9	38.9	10.4	1.6	468.1
2.4	14.5	41.5	10.4	4.0	468.1
1.1	11.3	72.7	10.4	2.3	468.1
0.4	11.4	174.8	10.4	3.2	468.1
1.1	13.7	177.5	10.4	3.8	468.1
0.7	11.9	125.4	10.4	3.6	468.1
0.0	8.1	314.3	10.3	3.6	470.0
0.0	6.8	298.9	10.3	3.0	470.0
0.0	11.9	261.9	10.3	4.4	470.0
3.4	17.4	295.0	10.3	5.1	470.0
0.2	8.4	154.6	10.3	3.3	470.0
14.8	9.1	128.6	10.3	2.8	470.0
3.9	9.7	36.9	10.3	1.8	470.0
0.0	11.9	294.8	10.3	3.6	470.0
0.6	13.8	253.7	10.2	4.2	470.0
3.1	11.0	27.4	10.2	2.2	470.0
0.2	9.0	43.1	10.2	2.2	470.0
14.1	9.8	80.7	10.2	2.2	470.0
36.2	11.6	24.4	10.2	1.6	470.0
6.8	10.1	26.6	10.2	3.0	470.0
1.5	6.7	95.4	10.2	1.3	470.0
2.1	7.1	126.9	10.2	2.5	470.0
0.0	3.2	302.1	10.2	2.7	470.0
0.1	2.5	220.3	10.2	2.5	470.0
0.0	3.7	150.7	10.2	2.3	470.0
0.1	3.0	181.9	10.2	2.6	470.0
0.2	4.5	219.7	10.2	2.8	470.0
0.0	9.1	202.9	10.2	3.3	470.0
3.6	15.1	240.7	10.2	4.3	470.0
12.7	15.7	136.3	10.2	4.7	470.0
0.4	6.8	139.9	10.2	2.3	470.0
1.0	5.3	154.1	10.2	2.7	470.0
1.2	4.7	145.8	10.2	2.5	470.0
0.0	4.9	313.3	10.2	2.5	470.0
0.0	6.9	312.3	10.2	3.8	470.0
0.2	8.9	314.2	10.2	4.6	470.0
0.2	10.5	299.2	10.2	4.7	470.0
0.1	7.9	242.6	10.2	2.9	472.1
0.0	6.4	307.9	10.2	3.6	472.1
0.0	10.2	275.8	10.2	4.3	472.1
13.4	12.1	69.8	10.2	2.7	472.1
4.6	14.5	86.4	10.3	2.8	472.1
22.6	15.4	75.3	10.3	3.2	472.1
37.6	11.9	14.1	10.3	2.3	472.1
1.2	4.2	111.8	10.3	3.5	472.1
0.1	3.5	289.5	10.3	2.9	472.1
1.3	5.0	200.5	10.3	3.2	472.1
0.0	4.3	155.3	10.3	2.1	472.1
1.8	6.4	52.3	10.3	2.2	472.1
1.0	5.1	114.8	10.4	2.2	472.1
1.3	3.1	89.8	10.4	1.6	472.1
0.6	2.2	87.4	10.4	1.8	472.1
0.0	-0.1	340.6	10.4	2.5	472.1
0.0	-0.7	344.7	10.4	2.7	472.1
0.0	2.1	307.6	10.4	3.3	472.1
2.2	3.1	191.9	10.5	3.1	472.1
0.2	-1.8	125.2	10.5	1.7	472.1
0.0	-1.3	351.3	10.5	2.4	472.1
0.0	1.1	358.4	10.5	3.1	472.1
0.0	2.6	363.7	10.5	3.7	472.1
0.2	5.2	238.7	10.6	3.2	472.1
0.0	5.2	358.5	10.6	3.6	472.1
0.0	6.0	366.4	10.6	3.8	472.1
0.0	4.9	367.3	10.6	3.9	472.1
0.0	8.2	369.2	10.7	5.2	472.1
0.0	9.0	283.5	10.7	5.1	472.1
0.0	10.8	377.5	10.7	5.5	472.1
0.0	14.4	367.9	10.7	6.3	472.1
0.0	17.5	301.3	10.7	6.1	473.1
9.0	12.6	54.3	10.8	5.5	473.1
35.7	0.9	21.1	10.8	2.1	473.1
1.5	-0.9	124.8	10.8	1.6	473.1
3.0	1.5	172.4	10.8	2.4	473.1
1.1	0.7	126.4	10.9	1.5	473.1
0.3	3.6	127.6	10.9	2.5	473.1
25.1	5.1	32.8	10.9	1.6	473.1
10.8	5.9	46.4	10.9	1.4	473.1
20.4	5.1	40.3	11.0	3.1	473.1
0.9	2.8	92.3	11.0	1.8	473.1
6.3	2.6	81.7	11.0	2.0	473.1
0.7	3.1	199.2	11.1	2.5	473.1
0.1	2.3	144.9	11.1	2.8	473.1
0.0	4.5	423.0	11.1	3.8	473.1
0.2	8.0	405.8	11.1	4.6	473.1
8.9	7.0	62.8	11.2	2.9	473.1
1.8	14.2	266.4	11.2	5.5	473.1
0.2	16.6	360.1	11.2	6.1	473.1
5.7	17.4	269.2	11.3	5.8	473.1
22.3	15.7	44.9	11.3	3.6	473.1
20.3	11.9	76.5	11.3	4.5	473.1
1.9	3.4	59.3	11.3	3.3	473.1
5.3	2.1	59.5	11.4	1.7	473.1
21.0	2.6	62.3	11.4	1.9	473.1
33.5	3.7	39.5	11.4	1.8	473.1
1.0	2.8	116.3	11.5	2.7	473.1
0.1	1.8	336.8	11.5	3.3	473.1
0.0	2.2	386.0	11.5	4.1	473.5
0.6	4.3	425.0	11.6	4.7	473.5
0.0	7.1	463.6	11.6	4.7	473.5
13.6	7.9	241.2	11.6	4.3	473.5
0.5	5.8	319.8	11.6	4.8	473.5
0.0	5.0	472.0	11.7	4.2	473.5
0.0	5.0	487.9	11.7	4.2	473.5
0.0	8.0	503.9	11.7	4.7	473.5
0.0	12.3	501.9	11.8	6.9	473.5
0.0	9.7	502.2	11.8	7.7	473.5
0.0	5.0	514.3	11.8	5.8	473.5
0.0	3.1	526.4	11.9	4.4	473.5
0.0	9.0	389.2	11.9	6.0	473.5
2.0	8.7	85.2	11.9	4.0	473.5
3.6	12.6	358.4	11.9	7.2	473.5
39.2	9.5	80.4	12.0	2.9	473.5
3.0	8.2	69.2	12.0	2.2	473.5
0.3	12.3	280.1	12.0	6.3	473.5
0.2	17.9	401.1	12.1	8.4	473.5
1.9	21.4	490.9	12.1	9.9	473.5
1.1	11.1	253.7	12.1	5.4	473.5
0.4	7.8	448.4	12.2	5.6	473.5
0.0	8.8	506.8	12.2	5.2	473.5
0.2	15.2	330.8	12.2	8.3	473.5
7.1	11.8	69.0	12.3	8.9	473.5
12.0	8.0	31.9	12.3	3.0	473.5
9.0	10.6	41.2	12.3	4.3	473.5
14.1	12.2	56.3	12.3	6.6	473.5
2.3	8.0	143.3	12.4	3.2	473.5
1.1	12.4	398.7	12.4	6.6	473.5
0.1	18.0	211.4	12.4	7.4	473.5
8.5	19.3	156.3	12.5	7.5	473.8
17.3	7.9	45.5	12.5	7.4	473.8
0.2	8.4	438.5	12.5	5.5	473.8
0.1	11.7	455.7	12.6	6.4	473.8
27.6	16.8	231.8	12.6	7.1	473.8
0.6	11.1	192.1	12.6	7.0	473.8
0.0	10.8	469.4	12.6	6.5	473.8
1.4	15.4	555.9	12.7	8.5	473.8
17.4	9.7	47.6	12.7	5.0	473.8
0.5	8.8	273.9	12.7	5.3	473.8
0.7	12.6	509.9	12.8	7.3	473.8
8.5	16.2	307.1	12.8	7.8	473.8
18.6	9.9	44.6	12.8	6.2	473.8
22.7	8.5	43.9	12.9	4.1	473.8
11.4	10.3	32.2	12.9	1.6	473.8
60.8	12.2	61.9	12.9	3.8	473.8
38.6	11.1	50.9	12.9	4.8	473.8
29.5	11.1	44.3	13.0	3.1	473.8
9.8	11.1	56.2	13.0	3.7	473.8
0.7	11.4	129.5	13.0	3.9	473.8
0.5	14.3	444.1	13.1	7.2	473.8
0.2	16.6	463.0	13.1	8.2	473.8
0.0	18.9	592.9	13.1	10.0	473.8
4.0	16.9	148.6	13.1	7.6	473.8
0.6	23.7	405.9	13.2	8.4	473.8
3.5	25.3	574.9	13.2	9.9	473.8
0.1	25.8	354.8	13.2	8.1	473.8
1.6	26.8	394.9	13.2	8.4	473.8
15.8	21.4	297.3	13.3	9.8	473.8
0.1	17.8	464.1	13.3	8.6	473.8
0.0	21.1	610.9	13.3	8.7	474.0
19.1	22.1	141.8	13.3	6.8	474.0
3.6	18.1	83.4	13.4	9.8	474.0
0.6	14.6	234.0	13.4	6.0	474.0
17.0	15.7	293.3	13.4	8.6	474.0
1.9	12.8	62.5	13.4	4.8	474.0
1.1	15.8	84.6	13.5	5.1	474.0
22.8	17.5	95.8	13.5	5.2	474.0
0.6	17.9	314.2	13.5	9.1	474.0
0.0	20.0	593.2	13.5	9.2	474.0
2.7	17.3	201.3	13.6	7.3	474.0
5.5	15.2	106.2	13.6	5.2	474.0
0.6	19.5	486.5	13.6	10.0	474.0
19.9	20.9	221.8	13.6	8.1	474.0
12.0	19.7	94.2	13.7	4.5	474.0
2.2	16.7	154.9	13.7	6.6	474.0
0.0	18.2	574.1	13.7	9.8	474.0
2.1	20.8	339.6	13.7	9.0	474.0
1.9	18.3	270.3	13.7	10.1	474.0
0.0	17.9	668.0	13.8	9.0	474.0
0.0	20.1	562.9	13.8	10.6	474.0
0.0	21.3	611.9	13.8	9.6	474.0
6.9	23.4	594.2	13.8	11.6	474.0
66.6	19.3	46.5	13.8	2.4	474.0
13.7	20.1	60.1	13.8	5.3	474.0
2.3	18.7	91.4	13.9	5.4	474.0
7.6	18.1	254.2	13.9	6.8	474.0
4.8	17.8	559.8	13.9	8.7	474.0
0.1	20.7	636.4	13.9	10.8	474.0
0.1	22.1	641.1	13.9	11.9	474.0
0.0	23.5	643.1	13.9	12.0	474.0
0.0	24.3	567.9	13.9	10.8	472.8
1.0	20.8	153.5	14.0	8.2	472.8
0.0	19.7	676.0	14.0	10.6	472.8
0.0	22.1	666.1	14.0	11.0	472.8
0.0	23.3	622.3	14.0	12.1	472.8
0.0	25.0	671.7	14.0	12.5	472.8
0.0	25.3	445.5	14.0	10.1	472.8
8.2	25.4	458.5	14.0	10.2	472.8
39.4	21.9	36.2	14.0	4.9	472.8
3.0	20.4	58.0	14.0	4.2	472.8
1.1	20.5	80.9	14.0	5.1	472.8
1.3	22.4	330.8	14.1	9.2	472.8
0.0	24.6	571.3	14.1	10.4	472.8
12.0	24.0	279.6	14.1	10.2	472.8
0.7	20.5	357.6	14.1	9.0	472.8
0.4	22.2	668.6	14.1	11.0	472.8
0.0	22.0	662.4	14.1	10.5	472.8
0.1	23.2	648.4	14.1	10.9	472.8
0.4	24.6	542.1	14.1	9.9	472.8
3.9	21.4	174.5	14.1	7.3	472.8
0.6	22.6	586.5	14.1	10.0	472.8
16.2	21.6	273.5	14.1	8.0	472.8
20.8	18.8	54.0	14.1	3.3	472.8
1.3	19.6	109.2	14.1	5.3	472.8
0.2	21.9	443.4	14.1	9.1	472.8
0.3	24.6	598.2	14.1	10.2	472.8
0.0	25.6	510.1	14.1	10.0	472.8
14.4	25.6	363.6	14.1	8.3	472.8
41.2	24.3	106.1	14.1	5.4	472.8
43.0	24.3	104.0	14.1	5.2	472.8
35.4	24.0	102.5	14.1	5.6	469.8
29.5	24.0	171.4	14.0	7.5	469.8
14.0	24.0	311.3	14.0	8.3	469.8
5.6	24.4	372.0	14.0	9.1	469.8
12.8	23.9	169.0	14.0	5.7	469.8
13.6	24.9	247.8	14.0	7.6	469.8
7.1	25.2	240.7	14.0	8.5	469.8
15.4	26.2	508.6	14.0	10.1	469.8
7.7	27.0	551.5	14.0	9.6	469.8
9.1	26.3	322.6	14.0	8.9	469.8
16.2	25.4	205.5	14.0	8.2	469.8
12.1	25.3	174.8	13.9	7.6	469.8
19.6	25.9	382.8	13.9	8.5	469.8
2.0	26.4	624.3	13.9	10.6	469.8
6.3	26.7	631.1	13.9	10.5	469.8
9.6	26.8	601.4	13.9	9.8	469.8
15.0	26.5	529.6	13.9	9.6	469.8
9.3	26.8	493.1	13.9	9.5	469.8
7.1	26.9	496.0	13.8	11.2	469.8
0.0	26.8	655.2	13.8	11.3	469.8
0.2	27.8	644.5	13.8	11.0	469.8
0.0	27.9	650.6	13.8	11.0	469.8
0.1	28.4	646.9	13.8	11.0	469.8
0.2	27.9	616.7	13.8	11.2	469.8
0.0	27.1	618.8	13.7	11.4	469.8
0.1	26.4	617.2	13.7	10.5	469.8
0.6	26.7	582.5	13.7	10.3	469.8
0.6	27.5	468.4	13.7	11.0	469.8
17.8	26.7	569.4	13.7	10.8	469.8
29.9	25.6	418.8	13.6	9.0	469.8
2.2	26.3	613.4	13.6	10.1	469.8
0.2	26.9	623.4	13.6	9.8	467.8
13.7	25.8	575.0	13.6	8.9	467.8
11.4	25.8	421.5	13.5	8.7	467.8
9.6	26.0	451.0	13.5	9.3	467.8
11.4	26.2	405.4	13.5	9.5	467.8
14.2	26.1	324.9	13.5	8.5	467.8
13.7	25.8	258.4	13.5	7.7	467.8
8.9	25.8	372.9	13.4	8.9	467.8
4.1	25.9	522.2	13.4	9.7	467.8
13.1	25.4	594.4	13.4	9.4	467.8
14.8	25.5	545.2	13.4	9.3	467.8
10.7	26.4	547.5	13.3	9.6	467.8
9.3	27.0	596.1	13.3	10.0	467.8
0.1	27.6	593.6	13.3	9.6	467.8
8.8	26.5	466.8	13.3	9.0	467.8
12.1	26.3	498.9	13.2	8.9	467.8
12.7	26.4	442.6	13.2	8.6	467.8
13.9	26.7	427.1	13.2	8.4	467.8
14.1	27.0	466.4	13.1	8.6	467.8
11.5	26.8	469.9	13.1	8.8	467.8
4.2	26.8	555.2	13.1	9.9	467.8
0.2	27.3	582.1	13.1	9.8	467.8
0.1	27.6	587.5	13.0	10.1	467.8
2.8	27.7	581.3	13.0	10.3	467.8
0.6	27.4	576.1	13.0	9.8	467.8
0.0	27.1	555.1	13.0	10.0	467.8
0.0	27.4	574.4	12.9	9.5	467.8
4.3	26.9	400.1	12.9	9.3	467.8
9.6	26.5	443.5	12.9	9.0	467.8
0.0	27.9	536.5	12.8	9.6	467.8
8.9	27.1	403.9	12.8	9.0	467.8
24.2	26.1	375.8	12.8	7.3	467.1
12.0	25.3	229.7	12.8	6.3	467.1
7.7	25.3	294.3	12.7	8.7	467.1
3.9	25.7	538.2	12.7	8.5	467.1
0.0	24.9	543.5	12.7	9.9	467.1
0.1	25.0	565.4	12.6	8.6	467.1
0.0	25.4	508.1	12.6	8.1	467.1
0.1	25.6	294.2	12.6	7.0	467.1
0.0	25.2	466.2	12.5	9.3	467.1
0.1	25.8	537.0	12.5	9.3	467.1
0.0	25.6	538.8	12.5	10.0	467.1
0.0	24.8	498.7	12.5	9.5	467.1
0.0	24.0	535.6	12.4	9.4	467.1
0.0	24.5	518.3	12.4	10.2	467.1
0.0	24.6	537.0	12.4	10.0	467.1
0.0	25.5	529.0	12.3	9.7	467.1
10.5	26.4	491.6	12.3	9.4	467.1
23.2	25.4	348.8	12.3	8.5	467.1
11.6	25.0	345.2	12.2	7.9	467.1
5.2	25.4	370.2	12.2	7.6	467.1
5.0	26.0	443.3	12.2	8.2	467.1
7.9	26.4	456.2	12.2	8.5	467.1
0.0	27.1	492.1	12.1	8.6	467.1
0.2	26.6	486.2	12.1	9.2	467.1
5.8	25.2	479.7	12.1	7.0	467.1
6.0	24.4	315.0	12.0	6.6	467.1
0.8	23.3	216.2	12.0	7.1	467.1
4.0	19.6	133.4	12.0	5.9	467.1
0.4	18.3	84.0	11.9	4.8	467.1
0.0	18.7	221.4	11.9	5.2	467.1
0.0	22.2	438.6	11.9	7.9	467.3
0.1	24.2	420.1	11.9	8.2	467.3
0.0	25.3	444.2	11.8	8.2	467.3
0.1	26.6	457.0	11.8	8.0	467.3
0.0	27.1	453.5	11.8	8.4	467.3
2.1	25.9	359.7	11.7	7.8	467.3
7.0	19.5	20.2	11.7	5.5	467.3
1.3	12.9	53.4	11.7	5.7	467.3
0.0	13.5	456.2	11.6	5.3	467.3
0.0	16.7	425.4	11.6	6.3	467.3
0.0	18.2	423.7	11.6	6.5	467.3
0.0	18.5	452.6	11.6	7.3	467.3
0.0	17.6	451.7	11.5	5.8	467.3
0.0	14.3	397.1	11.5	6.3	467.3
0.0	14.6	452.5	11.5	6.7	467.3
0.0	17.0	450.2	11.4	7.3	467.3
0.0	19.3	443.5	11.4	8.1	467.3
0.0	21.4	436.5	11.4	8.0	467.3
0.0	23.8	415.0	11.4	7.9	467.3
4.3	21.6	140.7	11.3	6.9	467.3
0.2	15.0	128.6	11.3	4.8	467.3
0.0	10.5	437.8	11.3	4.8	467.3
0.0	9.9	432.9	11.2	4.8	467.3
0.0	13.8	422.6	11.2	6.2	467.3
0.0	18.2	384.0	11.2	6.5	467.3
0.1	19.2	211.9	11.2	5.3	467.3
0.0	20.4	195.9	11.1	5.7	467.3
1.3	20.1	212.4	11.1	5.8	467.3
1.0	16.0	74.6	11.1	3.8	467.3
0.1	18.4	362.8	11.0	5.7	467.3
0.1	18.8	257.1	11.0	5.3	467.3
0.0	15.7	372.2	11.0	6.2	468.8
0.0	15.7	396.9	11.0	6.5	468.8
0.0	16.7	394.3	10.9	6.3	468.8
0.0	17.8	385.9	10.9	6.6	468.8
0.0	15.2	360.7	10.9	6.7	468.8
0.0	8.7	388.5	10.9	4.6	468.8
0.0	10.2	394.1	10.8	5.1	468.8
0.0	13.8	360.6	10.8	5.8	468.8
0.0	15.8	195.2	10.8	4.6	468.8
0.0	12.9	377.2	10.8	5.2	468.8
0.0	13.5	376.7	10.7	5.8	468.8
0.0	14.7	367.3	10.7	6.3	468.8
0.0	15.8	361.4	10.7	6.2	468.8
0.0	8.7	368.7	10.7	4.2	468.8
0.0	10.3	366.3	10.6	4.6	468.8
2.2	14.5	211.3	10.6	5.1	468.8
0.3	11.8	123.7	10.6	4.1	468.8
0.0	9.8	356.5	10.6	4.4	468.8
0.0	9.3	353.0	10.6	4.4	468.8
0.0	12.0	238.1	10.5	4.7	468.8
0.0	11.7	255.0	10.5	5.1	468.8
0.0	12.6	345.4	10.5	5.4	468.8
0.0	13.6	338.2	10.5	5.6	468.8
0.0	14.6	318.5	10.5	5.5	468.8
0.0	12.6	308.8	10.4	4.0	468.8
0.0	16.9	275.8	10.4	5.3	468.8
14.1	18.5	236.3	10.4	5.7	468.8
6.5	9.0	26.1	10.4	2.9	468.8
6.5	8.8	22.8	10.4	1.9	468.8
5.5	10.8	36.8	10.4	1.5	468.8
1.2	12.4	39.2	10.3	2.1	470.7
3.3	16.7	186.1	10.3	4.2	470.7
9.4	11.2	39.2	10.3	3.5	470.7
0.0	7.7	301.1	10.3	3.7	470.7
0.0	3.6	319.2	10.3	3.0	470.7
0.0	2.8	323.8	10.3	2.8	470.7
0.0	6.4	177.5	10.3	3.3	470.7
0.0	2.7	312.5	10.3	2.0	470.7
0.0	3.3	99.7	10.2	1.5	470.7
0.0	3.5	277.5	10.2	3.0	470.7
0.0	5.1	309.8	10.2	3.5	470.7
0.0	6.2	234.0	10.2	3.4	470.7
0.1	8.1	168.5	10.2	3.5	470.7
0.4	6.5	158.7	10.2	2.2	470.7
5.7	9.3	242.4	10.2	3.1	470.7
4.0	5.6	57.7	10.2	1.8	470.7
0.3	5.0	103.8	10.2	1.8	470.7
0.2	5.3	283.1	10.2	3.1	470.7
7.2	4.2	147.9	10.2	2.1	470.7
3.7	1.6	56.7	10.2	1.8	470.7
0.0	1.8	205.7	10.2	2.0	470.7
0.4	4.7	214.2	10.2	2.5	470.7
3.3	2.4	117.9	10.2	2.3	470.7
0.3	-1.4	235.0	10.2	1.4	470.7
0.0	-1.3	311.0	10.2	1.9	470.7
0.0	3.3	303.6	10.2	3.4	470.7
0.1	5.4	299.3	10.2	3.8	470.7
1.3	9.0	257.1	10.2	4.3	470.7
0.6	11.1	100.1	10.2	3.1	470.7
0.8	14.9	151.8	10.2	4.0	470.7
7.1	6.1	27.7	10.2	4.0	470.7
0.5	2.6	111.3	10.2	2.0	472.8
0.0	3.1	265.6	10.2	3.0	472.8
0.0	5.6	301.3	10.2	3.6	472.8
0.1	4.4	293.1	10.2	3.2	472.8
0.0	7.8	280.7	10.3	4.2	472.8
0.0	2.9	315.6	10.3	2.6	472.8
3.1	5.5	293.0	10.3	3.8	472.8
0.0	0.7	310.8	10.3	2.4	472.8
0.0	-3.9	329.2	10.3	1.7	472.8
0.0	-4.7	337.5	10.3	1.8	472.8
0.0	-2.7	342.8	10.3	2.4	472.8
0.0	3.2	336.3	10.3	3.8	472.8
0.0	2.2	156.8	10.4	2.1	472.8
0.0	1.0	338.9	10.4	2.3	472.8
0.0	-0.3	301.4	10.4	2.9	472.8
0.0	-1.0	350.6	10.4	2.6	472.8
0.0	-2.0	347.0	10.4	2.5	472.8
0.0	-3.1	355.2	10.4	2.5	472.8
0.0	-1.4	355.2	10.5	2.9	472.8
0.0	-0.4	356.4	10.5	3.1	472.8
0.0	3.4	362.8	10.5	4.4	472.8
0.0	6.5	356.8	10.5	4.7	472.8
0.3	10.6	281.0	10.5	5.4	472.8
0.0	7.8	283.1	10.6	4.4	472.8
9.1	7.7	344.1	10.6	4.1	472.8
1.3	5.7	84.6	10.6	2.6	472.8
0.1	8.5	269.9	10.6	4.4	472.8
0.2	13.9	291.0	10.6	5.9	472.8
1.1	12.3	167.3	10.7	3.6	472.8
2.4	10.9	58.5	10.7	3.9	472.8
0.1	6.7	156.4	10.7	3.3	472.8
1.5	10.6	166.0	10.7	3.7	473.8
3.0	6.7	47.7	10.8	5.1	473.8
2.0	3.8	220.0	10.8	2.5	473.8
4.3	5.9	22.9	10.8	2.5	473.8
13.0	4.0	27.7	10.8	3.5	473.8
2.0	-4.7	90.4	10.9	2.3	473.8
0.0	-5.4	406.0	10.9	1.8	473.8
0.0	-2.1	267.3	10.9	2.5	473.8
0.0	1.4	406.6	10.9	3.8	473.8
12.8	4.9	190.3	11.0	3.5	473.8
1.1	4.9	79.2	11.0	2.3	473.8
1.1	6.1	218.0	11.0	3.3	473.8
1.3	7.5	104.8	11.1	3.3	473.8
7.7	9.8	108.3	11.1	3.1	473.8
0.3	8.2	211.2	11.1	4.2	473.8
1.1	12.4	358.0	11.1	6.1	473.8
0.5	11.2	331.1	11.2	5.1	473.8
18.2	5.9	38.2	11.2	2.7	473.8
0.7	3.9	57.0	11.2	1.6	473.8
17.5	4.6	51.3	11.2	1.7	473.8
31.6	7.6	29.9	11.3	3.1	473.8
37.2	10.9	43.8	11.3	3.7	473.8
5.9	10.4	45.8	11.3	6.2	473.8
1.9	2.5	67.4	11.4	2.4	473.8
0.3	4.4	166.9	11.4	3.4	473.8
4.9	6.9	96.7	11.4	4.9	473.8
1.2	1.3	130.7	11.5	2.5	473.8
5.7	2.7	64.4	11.5	2.5	473.8
10.6	5.7	21.7	11.5	2.4	474.2
32.7	6.1	27.2	11.5	1.9	474.2
36.3	4.4	33.4	11.6	1.6	474.2
0.9	4.4	107.4	11.6	2.9	474.2
1.1	6.7	125.7	11.6	3.5	474.2
17.0	9.5	52.2	11.7	3.7	474.2
1.8	5.9	102.0	11.7	1.9	474.2
3.5	7.0	123.0	11.7	2.8	474.2
1.8	7.9	137.4	11.8	3.6	474.2
0.1	4.7	157.6	11.8	3.0	474.2
0.0	3.6	221.3	11.8	3.5	474.2
0.4	5.7	483.3	11.8	5.1	474.2
0.1	3.9	517.9	11.9	4.2	474.2
0.0	10.0	516.4	11.9	6.9	474.2
0.0	5.7	527.0	11.9	5.2	474.2
0.6	8.8	442.9	12.0	5.5	474.2
0.0	10.6	520.8	12.0	6.5	474.2
11.5	9.9	137.8	12.0	4.3	474.2
0.9	9.3	113.5	12.1	3.1	474.2
0.3	11.5	294.3	12.1	5.6	474.2
0.7	12.6	389.4	12.1	6.1	474.2
0.0	15.8	538.8	12.2	7.7	474.2
0.0	18.5	541.6	12.2	9.8	474.2
0.0	21.2	544.0	12.2	10.5	474.2
3.6	22.4	334.8	12.2	8.1	474.2
11.5	15.6	95.0	12.3	6.5	474.2
0.1	18.7	281.5	12.3	7.4	474.2
19.0	16.4	348.0	12.3	10.9	474.2
0.3	6.9	149.8	12.4	2.4	474.2
9.6	8.7	144.3	12.4	3.4	474.2
0.9	8.5	174.6	12.4	4.4	474.2
0.0	9.8	450.7	12.5	6.2	474.5
8.4	12.6	530.3	12.5	6.9	474.5
9.2	9.2	55.0	12.5	2.5	474.5
1.4	11.9	176.8	12.6	4.3	474.5
12.7	15.7	67.4	12.6	5.7	474.5
4.9	19.3	366.6	12.6	7.7	474.5
7.2	20.8	293.7	12.6	7.1	474.5
25.9	17.1	309.0	12.7	9.8	474.5
13.6	8.3	192.0	12.7	4.6	474.5
49.1	8.8	45.8	12.7	4.3	474.5
3.8	8.5	45.7	12.8	3.2	474.5
4.6	11.2	168.5	12.8	5.9	474.5
4.9	10.1	91.7	12.8	5.5	474.5
0.0	13.1	400.9	12.8	6.7	474.5
25.2	15.2	265.1	12.9	5.8	474.5
45.1	18.3	68.0	12.9	6.0	474.5
43.9	13.6	65.8	12.9	6.5	474.5
1.4	11.6	91.5	13.0	3.1	474.5
3.8	11.8	95.8	13.0	5.2	474.5
0.0	12.3	278.7	13.0	7.4	474.5
0.1	14.5	589.5	13.0	7.3	474.5
5.4	15.1	219.7	13.1	5.5	474.5
1.3	16.6	217.2	13.1	7.9	474.5
1.1	22.0	493.0	13.1	9.6	474.5
23.9	18.3	270.8	13.2	11.8	474.5
7.6	7.3	116.1	13.2	4.2	474.5
0.0	11.9	651.1	13.2	7.7	474.5
0.0	14.5	650.0	13.2	9.5	474.5
0.0	17.2	623.4	13.3	8.7	474.5
0.2	15.6	239.8	13.3	6.4	474.5
0.0	16.2	159.3	13.3	6.8	474.7
2.5	18.3	344.2	13.3	7.6	474.7
13.9	17.2	51.8	13.4	3.5	474.7
0.7	17.7	101.3	13.4	5.5	474.7
0.1	20.1	558.1	13.4	9.4	474.7
5.1	16.6	94.6	13.4	6.4	474.7
1.9	15.5	59.8	13.5	3.3	474.7
21.7	16.8	116.0	13.5	4.8	474.7
1.8	16.9	180.6	13.5	7.9	474.7
9.7	16.6	84.2	13.5	5.9	474.7
0.4	15.6	171.8	13.6	6.1	474.7
0.1	19.2	634.8	13.6	10.5	474.7
0.0	21.7	598.8	13.6	10.9	474.7
0.0	23.1	432.8	13.6	10.4	474.7
3.1	23.2	601.2	13.6	10.8	474.7
6.6	23.4	503.8	13.7	10.4	474.7
0.1	25.7	621.4	13.7	9.8	474.7
16.4	26.2	524.7	13.7	9.7	474.7
16.9	18.8	139.9	13.7	9.9	474.7
0.0	18.8	659.8	13.7	9.2	474.7
0.1	20.0	649.6	13.8	10.8	474.7
0.0	20.2	479.3	13.8	8.7	474.7
0.0	20.6	450.4	13.8	8.8	474.7
0.3	20.1	611.7	13.8	9.4	474.7
18.1	19.5	233.7	13.8	7.1	474.7
9.9	18.0	47.9	13.9	4.7	474.7
0.0	16.8	529.4	13.9	9.0	474.7
0.0	19.2	665.3	13.9	9.8	474.7
0.0	21.0	462.1	13.9	10.2	474.7
0.0	21.4	573.7	13.9	10.6	474.7
3.0	21.9	276.5	13.9	8.2	474.7
13.4	21.7	75.1	13.9	4.8	473.5
19.5	23.9	141.6	14.0	7.2	473.5
30.4	23.6	247.3	14.0	8.9	473.5
3.3	20.1	136.1	14.0	6.1	473.5
0.0	21.0	592.6	14.0	9.0	473.5
0.0	21.5	655.9	14.0	10.8	473.5
0.3	20.4	628.9	14.0	9.6	473.5
0.0	22.9	604.7	14.0	10.1	473.5
1.0	24.3	622.0	14.0	11.3	473.5
0.3	24.1	388.0	14.0	10.5	473.5
0.0	22.1	310.5	14.0	9.6	473.5
34.1	22.2	333.0	14.1	9.4	473.5
12.3	18.8	36.1	14.1	5.1	473.5
1.0	19.0	405.4	14.1	9.5	473.5
0.0	22.1	668.7	14.1	11.3	473.5
0.0	24.6	634.6	14.1	11.1	473.5
6.4	24.5	444.5	14.1	11.1	473.5
14.2	20.8	73.7	14.1	4.3	473.5
1.3	22.9	192.9	14.1	6.6	473.5
0.1	24.8	624.3	14.1	10.7	473.5
0.5	26.8	555.2	14.1	10.7	473.5
28.8	26.4	395.3	14.1	6.9	473.5
0.0	25.7	333.8	14.1	10.1	473.5
0.0	24.0	359.7	14.1	7.7	473.5
2.5	23.4	107.5	14.1	7.4	473.5
2.5	23.0	124.2	14.1	6.6	473.5
0.1	24.4	388.6	14.1	8.5	473.5
13.6	25.7	482.7	14.1	9.6	473.5
12.9	26.0	502.6	14.1	10.1	473.5
8.7	26.4	578.3	14.1	10.2	473.5
10.7	27.1	546.1	14.1	9.9	470.5
19.7	27.1	457.7	14.0	10.1	470.5
7.6	27.8	633.7	14.0	12.1	470.5
7.1	27.6	627.8	14.0	11.5	470.5
10.6	27.3	595.9	14.0	10.7	470.5
15.2	26.7	482.7	14.0	9.3	470.5
13.7	26.4	404.1	14.0	9.5	470.5
2.5	26.3	428.0	14.0	10.3	470.5
4.8	26.6	602.6	14.0	10.3	470.5
5.3	26.0	434.1	14.0	8.4	470.5
0.9	26.3	411.6	14.0	9.0	470.5
6.9	26.6	448.2	14.0	9.4	470.5
6.1	27.7	526.4	13.9	10.4	470.5
6.8	27.8	531.1	13.9	11.3	470.5
0.1	27.5	440.2	13.9	11.5	470.5
1.3	28.2	613.9	13.9	11.7	470.5
6.2	27.5	470.3	13.9	10.5	470.5
24.0	25.9	251.1	13.9	8.3	470.5
15.9	27.1	464.0	13.8	9.5	470.5
7.4	27.4	448.9	13.8	9.9	470.5
13.7	26.6	465.8	13.8	9.7	470.5
0.5	25.9	441.7	13.8	8.9	470.5
2.2	25.9	391.2	13.8	8.5	470.5
0.3	26.4	568.5	13.8	10.5	470.5
0.1	27.8	618.9	13.7	10.9	470.5
7.5	27.5	586.6	13.7	10.4	470.5
8.6	28.2	586.9	13.7	10.4	470.5
2.9	28.2	576.8	13.7	10.4	470.5
6.0	28.0	434.4	13.7	9.8	470.5
7.0	27.7	492.6	13.6	9.7	470.5
24.9	26.6	281.0	13.6	8.5	470.5
21.2	25.1	220.9	13.6	8.2	468.4
6.7	25.8	499.4	13.6	10.1	468.4
4.7	26.3	566.7	13.6	10.1	468.4
4.1	26.9	598.1	13.5	11.2	468.4
4.5	26.7	600.8	13.5	10.0	468.4
16.0	26.4	499.0	13.5	9.5	468.4
0.3	26.5	495.5	13.5	9.8	468.4
5.5	26.5	538.9	13.4	10.1	468.4
19.7	26.5	502.9	13.4	9.3	468.4
18.9	26.1	350.8	13.4	8.9	468.4
13.8	24.8	151.8	13.4	6.2	468.4
2.3	23.9	73.8	13.3	4.8	468.4
1.1	24.4	199.8	13.3	6.9	468.4
6.1	25.2	363.7	13.3	8.2	468.4
10.3	24.8	350.0	13.3	7.1	468.4
5.9	24.8	322.8	13.2	7.2	468.4
14.3	25.0	345.1	13.2	7.6	468.4
1.0	25.4	482.5	13.2	9.1	468.4
8.0	25.7	518.2	13.2	9.7	468.4
20.9	25.7	403.4	13.1	8.0	468.4
12.6	25.2	258.1	13.1	7.0	468.4
12.6	23.9	105.8	13.1	5.5	468.4
14.5	23.6	195.3	13.0	5.8	468.4
10.3	24.7	385.9	13.0	7.5	468.4
13.7	25.4	357.1	13.0	8.7	468.4
2.2	26.4	576.0	13.0	10.0	468.4
0.0	26.5	587.3	12.9	10.4	468.4
1.8	26.9	561.4	12.9	9.8	468.4
8.3	26.0	507.2	12.9	9.7	468.4
12.1	25.5	400.3	12.8	8.5	468.4
12.8	25.4	438.7	12.8	9.0	468.4
8.9	26.3	517.0	12.8	9.7	467.7
12.7	26.1	503.6	12.8	9.0	467.7
21.7	24.4	353.7	12.7	8.7	467.7
0.0	21.0	217.9	12.7	7.2	467.7
0.0	21.7	330.7	12.7	7.0	467.7
0.8	23.3	395.2	12.6	7.3	467.7
0.1	22.7	321.2	12.6	7.2	467.7
0.0	22.0	552.3	12.6	8.0	467.7
0.1	23.2	548.9	12.6	7.8	467.7
0.0	23.0	550.4	12.5	9.4	467.7
0.0	23.0	558.7	12.5	9.1	467.7
0.1	26.0	485.3	12.5	8.8	467.7
1.3	27.1	328.2	12.4	8.3	467.7
8.3	23.3	25.5	12.4	5.4	467.7
6.3	21.3	17.5	12.4	3.1	467.7
0.8	22.7	41.4	12.3	4.1	467.7
1.4	23.9	185.1	12.3	6.0	467.7
0.9	24.1	210.1	12.3	6.3	467.7
0.5	24.7	371.8	12.3	7.6	467.7
2.1	24.6	419.3	12.2	7.8	467.7
12.6	23.6	263.8	12.2	6.0	467.7
21.3	22.9	266.0	12.2	6.5	467.7
1.2	24.5	445.7	12.1	8.2	467.7
9.2	22.9	183.5	12.1	6.9	467.7
2.3	20.7	68.6	12.1	3.8	467.7
0.0	20.3	448.5	12.0	6.9	467.7
0.2	20.0	379.0	12.0	6.5	467.7
2.1	21.3	159.0	12.0	5.5	467.7
1.7	22.5	166.7	12.0	4.8	467.7
2.0	22.5	130.1	11.9	4.9	467.7
0.7	21.7	136.7	11.9	4.8	467.9
0.0	21.5	335.2	11.9	6.9	467.9
0.0	20.9	392.2	11.8	7.0	467.9
0.1	21.1	425.3	11.8	7.6	467.9
0.0	21.3	385.5	11.8	6.7	467.9
0.0	18.3	434.1	11.7	6.2	467.9
0.0	17.8	482.0	11.7	7.4	467.9
0.0	18.8	468.8	11.7	7.5	467.9
0.0	19.6	462.0	11.7	7.7	467.9
0.0	20.5	366.3	11.6	7.6	467.9
0.0	15.9	329.6	11.6	5.1	467.9
0.0	13.5	460.5	11.6	4.1	467.9
0.0	15.1	421.1	11.5	5.5	467.9
0.0	15.1	458.2	11.5	6.2	467.9
0.0	15.5	456.5	11.5	6.4	467.9
0.0	16.2	447.0	11.4	6.6	467.9
0.0	16.6	444.1	11.4	6.6	467.9
0.0	16.7	440.6	11.4	6.6	467.9
0.0	17.1	436.3	11.4	6.7	467.9
0.0	15.4	436.4	11.3	6.5	467.9
0.0	16.5	437.9	11.3	6.7	467.9
0.0	14.9	430.2	11.3	5.5	467.9
0.0	15.5	426.2	11.2	6.1	467.9
0.0	15.3	425.0	11.2	5.7	467.9
0.0	14.5	435.6	11.2	6.4	467.9
0.0	15.5	426.7	11.2	6.5	467.9
0.0	16.0	416.9	11.1	6.7	467.9
0.0	16.5	412.3	11.1	6.3	467.9
0.0	16.3	405.4	11.1	5.9	467.9
0.0	16.0	401.2	11.0	5.6	467.9
0.0	15.2	379.2	11.0	5.3	467.9
0.2	15.8	375.2	11.0	5.3	469.4
0.0	15.5	293.5	11.0	5.0	469.4
0.0	15.5	389.6	10.9	6.5	469.4
0.0	16.0	392.1	10.9	6.7	469.4
0.0	16.7	386.3	10.9	6.8	469.4
0.0	11.8	391.1	10.9	5.1	469.4
0.0	13.2	379.7	10.8	5.7	469.4
0.0	13.7	372.7	10.8	5.4	469.4
0.0	15.0	368.4	10.8	5.9	469.4
0.0	15.8	364.4	10.8	6.2	469.4
0.0	14.3	371.4	10.7	5.6	469.4
0.0	14.0	369.3	10.7	5.7	469.4
0.0	14.5	359.8	10.7	5.9	469.4
0.0	15.0	354.6	10.7	5.8	469.4
0.0	16.4	285.2	10.6	5.6	469.4
2.2	14.9	134.2	10.6	4.2	469.4
0.3	16.3	208.2	10.6	4.2	469.4
0.0	16.9	251.2	10.6	4.6	469.4
0.0	15.7	211.6	10.6	5.2	469.4
0.0	15.9	335.9	10.5	5.8	469.4
0.0	16.3	332.8	10.5	5.4	469.4
0.0	15.6	329.8	10.5	5.1	469.4
0.0	17.2	325.1	10.5	5.1	469.4
0.2	17.3	152.7	10.5	4.9	469.4
0.7	17.0	210.3	10.4	5.6	469.4
0.2	9.0	217.2	10.4	3.6	469.4
0.4	8.8	323.4	10.4	3.3	469.4
3.6	11.1	66.2	10.4	2.4	469.4
29.4	12.1	46.5	10.4	2.4	469.4
1.7	12.0	31.6	10.4	3.8	469.4
3.8	8.9	116.3	10.3	1.7	471.3
1.6	10.1	20.1	10.3	1.7	471.3
0.6	8.9	90.0	10.3	2.4	471.3
0.0	10.7	90.6	10.3	2.6	471.3
1.8	13.0	107.7	10.3	4.0	471.3
0.0	5.1	274.6	10.3	3.2	471.3
0.0	5.8	286.5	10.3	2.8	471.3
0.0	7.1	171.1	10.3	3.4	471.3
0.2	8.2	291.3	10.2	4.1	471.3
0.3	8.6	264.2	10.2	3.4	471.3
0.9	8.0	116.8	10.2	2.1	471.3
1.1	6.8	97.5	10.2	2.0	471.3
0.5	6.8	107.2	10.2	2.1	471.3
0.0	5.4	308.7	10.2	2.8	471.3
0.0	4.6	310.6	10.2	3.1	471.3
0.0	5.5	307.9	10.2	3.3	471.3
0.0	2.7	273.1	10.2	2.5	471.3
0.0	3.9	310.5	10.2	3.1	471.3
0.0	4.1	306.9	10.2	3.5	471.3
0.0	4.9	310.5	10.2	3.2	471.3
0.0	2.5	308.5	10.2	3.1	471.3
0.0	-0.4	308.0	10.2	2.2	471.3
0.0	1.7	226.8	10.2	2.8	471.3
0.0	3.6	306.6	10.2	3.6	471.3
0.0	2.0	312.3	10.2	2.8	471.3
0.0	6.6	307.0	10.2	4.3	471.3
0.1	7.6	232.8	10.2	4.5	471.3
0.1	10.2	300.8	10.2	4.8	471.3
4.7	9.0	45.0	10.2	2.7	471.3
2.8	1.8	23.6	10.2	2.0	471.3
0.0	2.0	207.5	10.2	2.4	471.3
9.1	2.4	56.2	10.2	2.0	473.4
0.2	-2.7	122.1	10.2	1.8	473.4
0.0	-1.2	319.1	10.2	2.3	473.4
0.0	2.8	316.3	10.2	3.1	473.4
0.2	7.1	296.0	10.3	4.0	473.4
1.2	6.8	168.9	10.3	2.6	473.4
2.0	7.5	54.8	10.3	1.9	473.4
1.1	9.9	99.4	10.3	2.5	473.4
4.1	11.4	171.8	10.3	3.8	473.4
0.9	9.1	165.0	10.3	3.7	473.4
0.2	9.5	274.1	10.3	4.4	473.4
11.5	13.5	264.1	10.3	5.3	473.4
11.9	7.0	31.5	10.4	3.0	473.4
26.9	4.0	26.1	10.4	2.4	473.4
6.9	-1.0	32.9	10.4	1.9	473.4
0.6	-3.0	235.3	10.4	1.4	473.4
0.1	-2.0	186.5	10.4	2.0	473.4
0.0	2.5	334.5	10.4	3.3	473.4
6.4	10.1	324.4	10.5	4.5	473.4
31.2	3.9	27.3	10.5	3.1	473.4
0.6	1.9	150.3	10.5	1.9	473.4
2.8	3.4	91.0	10.5	2.0	473.4
6.1	5.7	42.8	10.5	1.9	473.4
33.3	5.0	84.4	10.6	2.4	473.4
41.7	3.2	18.4	10.6	1.7	473.4
19.3	2.6	20.9	10.6	1.7	473.4
3.6	1.1	70.9	10.6	1.7	473.4
0.1	-0.4	242.2	10.6	2.6	473.4
0.1	-0.0	366.4	10.7	2.9	473.4
3.3	1.3	247.2	10.7	2.6	473.4
0.7	2.7	145.9	10.7	2.3	473.4
0.1	3.6	334.7	10.7	2.7	474.4
20.8	5.6	121.9	10.8	2.6	474.4
14.2	6.1	27.9	10.8	2.5	474.4
1.5	3.2	101.8	10.8	2.2	474.4
0.6	2.6	204.5	10.8	3.2	474.4
0.2	3.2	309.9	10.9	3.8	474.4
0.0	3.6	364.4	10.9	3.7	474.4
2.3	7.7	293.7	10.9	4.3	474.4
0.4	6.4	115.6	10.9	2.5	474.4
0.1	2.8	138.6	11.0	3.4	474.4
0.1	4.6	361.0	11.0	4.5	474.4
0.0	8.1	409.3	11.0	5.2	474.4
4.8	9.8	113.8	11.0	4.1	474.4
0.0	9.2	415.2	11.1	4.9	474.4
0.7	11.9	390.1	11.1	5.2	474.4
6.4	9.8	52.0	11.1	4.2	474.4
19.8	5.2	31.7	11.2	1.5	474.4
29.5	6.9	26.3	11.2	2.9	474.4
0.9	4.6	60.0	11.2	2.6	474.4
0.0	5.3	260.1	11.2	3.6	474.4
0.2	6.9	392.4	11.3	5.2	474.4
0.1	7.8	387.3	11.3	5.7	474.4
1.6	11.5	389.3	11.3	6.7	474.4
24.5	4.4	39.5	11.4	4.5	474.4
0.7	3.2	118.1	11.4	2.4	474.4
2.8	5.0	159.4	11.4	2.8	474.4
0.5	3.2	290.1	11.4	4.1	474.4
0.0	2.6	480.0	11.5	3.8	474.4
0.0	6.8	444.5	11.5	5.0	474.4
0.0	7.8	439.4	11.5	5.5	474.8
0.0	8.0	483.2	11.6	5.7	474.8
0.0	11.3	481.1	11.6	6.8	474.8
0.0	4.2	460.8	11.6	4.4	474.8
0.5	6.6	471.8	11.7	4.6	474.8
8.3	7.4	160.8	11.7	3.7	474.8
14.0	5.2	32.1	11.7	3.1	474.8
0.0	3.0	273.5	11.7	4.3	474.8
0.0	0.7	492.6	11.8	3.7	474.8
0.0	3.2	446.6	11.8	4.1	474.8
0.1	4.2	375.0	11.8	4.9	474.8
0.0	7.6	519.6	11.9	5.8	474.8
0.0	14.9	513.6	11.9	8.5	474.8
0.1	17.6	492.4	11.9	8.5	474.8
2.3	15.6	77.2	12.0	5.3	474.8
9.5	11.0	111.1	12.0	6.7	474.8
0.0	8.3	522.9	12.0	5.7	474.8
0.0	11.7	528.0	12.1	7.3	474.8
2.8	15.4	507.1	12.1	8.2	474.8
10.6	15.1	66.6	12.1	5.2	474.8
0.9	14.8	514.6	12.1	9.2	474.8
0.0	10.4	552.7	12.2	5.9	474.8
0.0	16.7	525.7	12.2	9.0	474.8
0.0	14.6	559.8	12.2	8.3	474.8
0.1	19.2	503.2	12.3	11.3	474.8
0.2	24.5	538.7	12.3	11.7	474.8
0.2	15.9	402.4	12.3	11.0	474.8
0.0	13.6	518.7	12.4	7.5	474.8
0.0	15.5	570.2	12.4	9.7	474.8
7.9	16.3	268.6	12.4	9.2	474.8
16.0	10.5	175.8	12.5	4.4	474.8
20.0	8.8	39.5	12.5	2.5	475.1
17.8	9.1	51.5	12.5	2.6	475.1
0.6	8.8	102.6	12.5	4.6	475.1
9.2	6.1	50.7	12.6	2.2	475.1
34.0	11.3	63.1	12.6	6.5	475.1
17.6	16.4	76.9	12.6	5.3	475.1
12.4	13.3	44.5	12.7	5.6	475.1
0.0	11.5	308.7	12.7	5.9	475.1
2.3	8.8	96.3	12.7	2.9	475.1
4.1	12.3	87.2	12.8	6.1	475.1
0.0	20.0	445.0	12.8	9.3	475.1
1.4	23.0	531.3	12.8	8.7	475.1
15.0	16.1	238.8	12.8	11.5	475.1
0.4	8.0	135.3	12.9	3.7	475.1
28.2	11.7	347.6	12.9	5.5	475.1
47.6	15.1	63.4	12.9	5.3	475.1
16.5	17.9	65.1	13.0	6.7	475.1
3.2	17.1	149.2	13.0	9.3	475.1
2.8	18.6	444.6	13.0	8.6	475.1
53.5	18.7	112.2	13.0	9.3	475.1
2.7	9.1	53.3	13.1	5.7	475.1
0.1	8.2	136.9	13.1	4.4	475.1
0.1	12.2	623.7	13.1	8.3	475.1
0.0	14.6	596.2	13.2	8.1	475.1
1.8	17.8	363.8	13.2	7.7	475.1
39.9	18.5	95.4	13.2	4.6	475.1
0.0	21.2	596.6	13.2	8.8	475.1
4.0	22.6	165.8	13.3	7.3	475.1
10.6	23.7	147.4	13.3	6.7	475.1
7.2	24.2	343.3	13.3	9.4	475.1
19.1	17.7	315.3	13.3	11.5	475.3
0.3	15.3	296.9	13.4	7.3	475.3
0.0	15.0	461.9	13.4	7.4	475.3
0.0	14.8	486.6	13.4	8.5	475.3
0.0	17.2	638.3	13.4	8.1	475.3
21.4	19.8	252.6	13.5	7.1	475.3
17.5	21.6	451.7	13.5	12.4	475.3
5.3	14.1	61.1	13.5	3.4	475.3
18.6	13.9	140.5	13.5	6.6	475.3
42.9	14.9	87.9	13.6	6.6	475.3
13.0	18.2	76.1	13.6	5.3	475.3
16.8	20.2	64.4	13.6	6.3	475.3
9.9	17.3	68.7	13.6	5.7	475.3
6.9	17.0	143.2	13.6	5.1	475.3
0.1	18.8	368.7	13.7	8.1	475.3
21.0	20.0	201.1	13.7	6.3	475.3
9.1	23.3	395.9	13.7	9.6	475.3
4.4	25.6	505.1	13.7	9.9	475.3
5.0	23.0	81.0	13.7	7.7	475.3
15.9	21.7	247.0	13.8	7.2	475.3
23.3	21.8	143.4	13.8	6.1	475.3
15.3	22.3	70.8	13.8	5.8	475.3
0.9	21.7	483.3	13.8	9.1	475.3
0.4	21.1	454.5	13.8	8.6	475.3
1.4	20.2	375.6	13.9	8.1	475.3
1.3	20.0	124.4	13.9	5.9	475.3
1.4	21.0	240.9	13.9	6.9	475.3
0.7	21.2	460.5	13.9	9.4	475.3
0.2	22.5	618.4	13.9	9.9	475.3
10.1	23.9	518.7	13.9	11.5	475.3
0.6	18.2	170.8	13.9	8.5	475.3
0.2	17.8	691.1	14.0	9.0	474.1
0.1	21.5	689.2	14.0	10.5	474.1
4.2	22.3	630.0	14.0	11.2	474.1
4.3	20.9	630.0	14.0	11.7	474.1
0.0	22.5	652.3	14.0	11.1	474.1
0.5	23.9	544.7	14.0	11.6	474.1
13.7	20.2	429.4	14.0	9.8	474.1
3.4	17.6	105.5	14.0	3.6	474.1
0.5	20.6	503.5	14.0	9.8	474.1
0.0	23.1	637.5	14.0	11.0	474.1
0.0	25.6	642.6	14.1	10.3	474.1
9.4	22.5	129.5	14.1	6.0	474.1
0.1	25.0	492.5	14.1	10.4	474.1
18.4	24.6	162.2	14.1	10.4	474.1
20.3	19.1	42.3	14.1	5.2	474.1
0.2	20.4	365.0	14.1	8.4	474.1
2.4	19.2	152.7	14.1	6.6	474.1
13.7	19.6	52.9	14.1	6.1	474.1
18.3	22.9	187.3	14.1	7.6	474.1
33.7	23.8	188.7	14.1	7.4	474.1
12.6	22.6	85.8	14.1	6.0	474.1
0.4	22.6	224.5	14.1	6.5	474.1
3.2	23.8	236.0	14.1	7.8	474.1
2.4	24.4	130.8	14.1	7.2	474.1
5.7	24.8	111.2	14.1	8.0	474.1
8.1	24.0	112.9	14.1	5.6	474.1
1.5	24.3	321.9	14.1	8.2	474.1
0.9	25.3	497.4	14.1	9.2	474.1
0.7	25.7	429.2	14.1	9.0	474.1
4.3	26.8	485.0	14.1	10.6	474.1
18.7	26.5	498.2	14.1	9.2	471.1
2.3	25.1	212.8	14.0	7.2	471.1
0.3	25.8	197.4	14.0	7.9	471.1
28.3	26.2	403.3	14.0	10.3	471.1
3.5	23.4	194.7	14.0	9.4	471.1
0.8	21.1	378.1	14.0	8.7	471.1
0.3	21.4	479.7	14.0	7.9	471.1
0.0	22.0	635.5	14.0	9.8	471.1
0.0	22.8	619.7	14.0	9.2	471.1
0.0	22.9	310.0	14.0	7.7	471.1
0.0	24.0	219.5	14.0	6.6	471.1
9.4	26.1	466.9	13.9	11.4	471.1
8.2	27.0	641.9	13.9	11.4	471.1
14.6	27.1	539.3	13.9	10.1	471.1
12.0	27.0	489.2	13.9	10.4	471.1
6.4	27.8	593.9	13.9	11.3	471.1
2.1	27.9	623.5	13.9	10.9	471.1
8.6	26.9	501.1	13.9	10.0	471.1
9.4	26.8	521.9	13.8	9.5	471.1
18.6	26.5	386.4	13.8	8.3	471.1
10.6	25.8	235.3	13.8	8.7	471.1
9.1	26.7	605.9	13.8	9.8	471.1
11.1	26.5	532.8	13.8	9.5	471.1
19.7	26.8	447.0	13.7	9.4	471.1
10.9	26.2	267.9	13.7	8.7	471.1
3.2	26.0	248.1	13.7	8.8	471.1
0.2	25.4	225.8	13.7	7.4	471.1
3.1	25.0	205.5	13.7	7.2	471.1
3.8	24.6	202.7	13.6	6.6	471.1
2.9	24.7	117.4	13.6	6.5	471.1
8.9	25.3	200.4	13.6	6.6	471.1
3.7	25.4	241.5	13.6	7.4	469.0
1.9	25.8	305.2	13.6	6.9	469.0
6.1	26.9	425.2	13.5	9.5	469.0
10.7	26.9	431.2	13.5	9.5	469.0
14.9	26.9	520.3	13.5	10.4	469.0
8.4	26.2	455.3	13.5	10.1	469.0
1.1	24.7	132.7	13.4	6.5	469.0
0.4	25.1	406.1	13.4	8.6	469.0
1.2	25.5	523.1	13.4	9.2	469.0
1.4	25.8	477.6	13.4	9.1	469.0
4.9	25.2	342.1	13.3	9.0	469.0
13.5	25.2	439.9	13.3	9.3	469.0
3.9	24.9	475.9	13.3	9.0	469.0
1.7	24.6	519.9	13.3	8.9	469.0
0.5	24.2	460.3	13.2	8.6	469.0
0.3	23.8	462.6	13.2	9.1	469.0
0.0	23.5	520.1	13.2	9.9	469.0
0.0	24.3	597.5	13.2	9.8	469.0
0.0	25.5	576.6	13.1	10.8	469.0
0.0	25.2	584.2	13.1	11.3	469.0
0.0	26.2	608.6	13.1	11.0	469.0
0.1	27.9	577.8	13.1	10.1	469.0
0.0	27.4	241.1	13.0	7.6	469.0
0.1	27.3	341.4	13.0	10.3	469.0
0.0	26.1	435.0	13.0	9.9	469.0
0.0	27.2	413.0	12.9	9.7	469.0
0.1	28.4	421.1	12.9	9.7	469.0
16.9	25.8	400.2	12.9	9.1	469.0
16.7	25.4	357.3	12.9	8.0	469.0
3.8	26.1	474.0	12.8	8.5	469.0
0.1	26.8	388.3	12.8	8.0	469.0
0.1	26.6	354.3	12.8	9.3	468.3
0.0	26.9	561.9	12.7	9.4	468.3
0.2	27.0	535.2	12.7	9.4	468.3
1.9	27.1	493.6	12.7	9.4	468.3
5.5	23.0	66.1	12.7	5.8	468.3
0.0	23.6	522.9	12.6	8.9	468.3
0.0	23.7	498.8	12.6	9.0	468.3
0.0	24.6	537.1	12.6	9.6	468.3
0.2	26.0	306.5	12.5	9.1	468.3
0.8	25.0	110.6	12.5	5.8	468.3
0.4	25.0	77.9	12.5	5.5	468.3
0.7	25.7	146.5	12.4	5.8	468.3
0.9	26.3	338.3	12.4	6.6	468.3
0.0	25.3	438.8	12.4	9.2	468.3
0.0	25.2	529.1	12.4	10.0	468.3
0.0	24.5	528.9	12.3	9.4	468.3
0.0	21.9	534.1	12.3	8.5	468.3
0.1	24.5	340.3	12.3	8.7	468.3
0.3	25.2	183.5	12.2	6.6	468.3
9.2	25.5	321.2	12.2	8.6	468.3
12.5	25.4	415.7	12.2	8.5	468.3
8.8	25.2	385.8	12.1	7.3	468.3
18.3	25.1	401.9	12.1	8.1	468.3
17.8	19.6	181.3	12.1	8.6	468.3
0.0	14.1	426.6	12.1	6.2	468.3
0.0	16.2	447.3	12.0	6.1	468.3
0.0	17.7	378.8	12.0	6.3	468.3
6.8	20.4	308.1	12.0	5.8	468.3
2.3	21.4	46.7	11.9	3.5	468.3
1.6	21.9	74.9	11.9	4.7	468.3
0.1	20.2	274.9	11.9	7.5	468.5
0.1	20.2	487.4	11.8	8.0	468.5
0.0	19.9	475.7	11.8	8.1	468.5
0.1	20.1	460.0	11.8	8.5	468.5
0.0	20.6	467.0	11.8	7.7	468.5
0.0	19.0	468.5	11.7	7.4	468.5
0.0	19.6	459.1	11.7	7.3	468.5
0.0	20.4	402.4	11.7	7.2	468.5
0.0	21.9	450.1	11.6	8.1	468.5
0.0	21.6	423.0	11.6	7.9	468.5
0.0	19.6	446.4	11.6	7.0	468.5
0.0	18.7	353.1	11.5	6.6	468.5
0.0	19.5	325.0	11.5	6.4	468.5
0.0	18.4	400.9	11.5	7.6	468.5
0.0	18.8	449.5	11.5	7.9	468.5
0.0	18.5	446.9	11.4	8.0	468.5
0.0	18.2	408.1	11.4	7.8	468.5
0.0	18.2	440.1	11.4	7.7	468.5
0.0	18.9	368.0	11.3	7.5	468.5
0.0	19.3	424.4	11.3	7.5	468.5
0.0	19.9	326.7	11.3	7.0	468.5
0.5	21.5	367.3	11.3	7.0	468.5
0.5	19.1	206.4	11.2	6.6	468.5
0.0	20.0	411.0	11.2	7.4	468.5
0.0	19.9	403.8	11.2	7.4	468.5
0.0	19.8	398.3	11.1	7.1	468.5
0.0	19.9	260.6	11.1	5.8	468.5
0.0	21.8	375.3	11.1	6.6	468.5
0.0	21.9	231.8	11.1	5.6	468.5
0.0	21.6	334.3	11.0	6.7	468.5
9.0	21.2	312.7	11.0	6.8	468.5
6.3	15.4	25.8	11.0	2.6	470.0
3.1	13.5	44.1	10.9	3.5	470.0
0.0	13.5	358.2	10.9	4.5	470.0
0.0	12.6	193.8	10.9	4.2	470.0
0.0	15.9	369.5	10.9	5.9	470.0
0.0	17.5	367.3	10.8	5.5	470.0
0.4	14.5	133.2	10.8	5.0	470.0
0.0	11.3	370.3	10.8	4.6	470.0
0.0	12.0	369.0	10.8	4.4	470.0
0.0	13.5	277.5	10.7	4.8	470.0
0.0	12.0	368.1	10.7	4.8	470.0
0.0	12.7	319.0	10.7	4.2	470.0
0.0	14.0	197.0	10.7	4.6	470.0
0.0	13.8	351.6	10.7	5.1	470.0
0.0	11.9	357.3	10.6	5.0	470.0
0.0	12.7	359.5	10.6	5.5	470.0
0.0	13.6	354.8	10.6	5.9	470.0
0.0	16.9	344.5	10.6	6.2	470.0
0.0	19.7	322.4	10.5	5.9	470.0
0.0	20.6	250.3	10.5	5.7	470.0
0.0	21.2	281.9	10.5	6.0	470.0
3.3	19.4	314.2	10.5	7.4	470.0
0.2	6.0	204.0	10.5	3.1	470.0
0.0	6.9	342.0	10.4	3.6	470.0
0.0	9.7	306.5	10.4	4.0	470.0
0.6	15.2	264.6	10.4	5.0	470.0
0.0	13.6	219.4	10.4	5.1	470.0
0.0	13.7	318.7	10.4	4.7	470.0
7.8	14.3	94.4	10.4	3.5	470.0
0.6	8.7	112.1	10.3	3.3	470.0
0.0	4.1	325.2	10.3	2.8	471.9
0.1	9.4	319.6	10.3	4.1	471.9
0.5	12.9	166.7	10.3	4.0	471.9
0.1	16.7	215.8	10.3	5.1	471.9
0.5	18.6	155.8	10.3	5.2	471.9
2.6	18.0	146.0	10.3	4.4	471.9
3.9	15.8	51.2	10.3	3.1	471.9
4.6	5.5	37.7	10.3	3.8	471.9
8.9	5.5	20.1	10.2	1.7	471.9
1.4	9.6	43.6	10.2	3.0	471.9
0.6	14.6	104.1	10.2	3.0	471.9
1.8	10.7	27.0	10.2	4.0	471.9
1.9	5.2	57.4	10.2	1.1	471.9
6.1	6.0	59.7	10.2	1.4	471.9
8.7	5.2	35.1	10.2	1.9	471.9
1.1	3.7	135.0	10.2	1.6	471.9
0.3	3.8	205.4	10.2	2.5	471.9
0.1	7.1	155.6	10.2	2.8	471.9
0.1	11.9	100.9	10.2	3.6	471.9
0.5	15.9	182.8	10.2	4.1	471.9
7.4	9.2	34.8	10.2	4.1	471.9
0.0	2.0	292.3	10.2	2.5	471.9
0.0	4.8	311.8	10.2	2.9	471.9
0.2	10.6	238.4	10.2	4.1	471.9
1.0	8.6	110.8	10.2	1.8	471.9
3.8	10.7	121.8	10.2	2.5	471.9
13.8	10.9	15.9	10.2	1.2	471.9
1.1	11.7	96.5	10.2	2.3	471.9
3.2	14.7	122.8	10.2	3.3	471.9
7.6	8.0	13.7	10.2	3.7	471.9
5.4	4.0	17.1	10.2	1.7	471.9
6.6	7.2	18.8	10.2	1.7	474.0
1.7	7.1	91.8	10.2	1.6	474.0
5.8	12.4	142.9	10.2	3.2	474.0
21.4	11.5	19.9	10.3	1.8	474.0
29.0	11.2	21.5	10.3	1.3	474.0
13.9	10.1	24.2	10.3	3.4	474.0
0.8	3.8	105.4	10.3	1.8	474.0
0.7	0.0	119.0	10.3	1.7	474.0
0.0	1.9	197.2	10.3	2.2	474.0
0.1	4.7	294.5	10.3	3.4	474.0
2.7	7.0	283.0	10.3	3.9	474.0
7.6	7.1	38.3	10.3	1.7	474.0
0.5	3.5	251.3	10.4	3.3	474.0
0.1	-1.3	198.0	10.4	1.6	474.0
0.2	2.4	101.9	10.4	2.2	474.0
8.2	4.3	76.5	10.4	2.1	474.0
7.6	3.6	63.8	10.4	1.8	474.0
15.4	1.4	41.2	10.4	1.5	474.0
0.6	-0.2	177.5	10.5	2.6	474.0
0.3	1.5	292.8	10.5	3.1	474.0
0.2	5.4	265.6	10.5	3.9	474.0
2.5	10.8	71.6	10.5	3.7	474.0
13.2	12.7	34.1	10.5	3.7	474.0
6.4	5.4	35.9	10.6	2.1	474.0
15.7	7.8	37.3	10.6	2.4	474.0
10.6	3.6	23.1	10.6	2.2	474.0
6.4	2.2	45.6	10.6	1.5	474.0
8.1	4.2	31.5	10.7	1.4	474.0
16.9	7.1	31.3	10.7	2.2	474.0
19.0	8.6	26.6	10.7	1.9	474.0
13.9	3.5	15.5	10.7	3.4	474.0
0.9	-1.2	212.1	10.8	1.9	475.0
0.0	0.2	180.6	10.8	2.0	475.0
0.5	6.1	322.6	10.8	3.9	475.0
11.8	4.8	25.6	10.8	1.4	475.0
34.5	4.5	15.0	10.9	2.1	475.0
22.0	2.4	26.6	10.9	1.3	475.0
23.1	0.1	38.7	10.9	1.6	475.0
1.3	-2.3	121.2	10.9	1.8	475.0
0.3	-2.8	272.4	11.0	1.7	475.0
1.7	-3.5	285.2	11.0	2.0	475.0
0.1	-4.8	302.7	11.0	2.1	475.0
0.0	-0.9	424.7	11.0	3.4	475.0
0.1	4.5	389.4	11.1	4.3	475.0
0.0	7.0	418.5	11.1	4.7	475.0
5.3	11.7	380.5	11.1	6.2	475.0
0.3	5.8	101.7	11.1	3.1	475.0
0.1	3.0	178.5	11.2	2.7	475.0
4.2	8.3	352.2	11.2	4.4	475.0
34.4	9.1	35.2	11.2	2.0	475.0
20.6	6.3	29.3	11.3	3.4	475.0
14.3	4.6	29.8	11.3	1.9	475.0
8.7	6.4	216.0	11.3	3.2	475.0
1.2	7.1	49.0	11.4	2.6	475.0
18.5	5.3	49.5	11.4	2.3	475.0
0.1	5.5	403.3	11.4	3.8	475.0
9.9	4.5	38.4	11.4	2.3	475.0
0.3	1.3	105.4	11.5	3.2	475.0
0.2	1.7	477.9	11.5	3.4	475.0
0.0	1.0	480.4	11.5	3.0	475.3
0.1	3.2	441.3	11.6	4.3	475.3
0.1	5.8	455.9	11.6	5.1	475.3
0.0	9.0	463.1	11.6	5.7	475.3
0.2	10.6	477.7	11.7	6.6	475.3
0.0	13.2	474.0	11.7	7.2	475.3
0.0	15.3	488.9	11.7	8.1	475.3
0.0	15.0	467.2	11.7	8.7	475.3
0.0	14.9	482.3	11.8	8.7	475.3
0.0	14.1	498.7	11.8	7.4	475.3
2.3	16.3	289.8	11.8	7.8	475.3
9.8	12.0	83.1	11.9	5.2	475.3
2.3	12.5	334.9	11.9	5.8	475.3
3.7	13.1	47.7	11.9	3.5	475.3
0.3	14.3	371.7	12.0	6.6	475.3
0.1	17.1	506.5	12.0	8.1	475.3
0.0	18.4	502.0	12.0	9.6	475.3
0.0	21.9	505.3	12.0	9.8	475.3
18.1	18.5	404.2	12.1	12.0	475.3
0.7	5.9	76.4	12.1	2.9	475.3
0.0	7.8	504.4	12.1	4.8	475.3
3.3	10.7	293.7	12.2	5.2	475.3
0.7	11.7	324.6	12.2	6.3	475.3
11.0	16.9	400.7	12.2	8.3	475.3
3.6	21.0	324.5	12.3	8.6	475.3
2.4	22.7	423.1	12.3	6.9	475.3
0.9	21.8	509.6	12.3	9.3	475.3
0.0	18.5	339.5	12.4	7.3	475.3
0.0	20.8	541.2	12.4	9.7	475.3
0.0	23.9	520.7	12.4	10.2	475.3
0.0	26.4	517.0	12.4	9.5	475.3
41.7	24.6	423.1	12.5	11.5	475.6
18.0	10.3	59.3	12.5	8.7	475.6
0.7	6.9	149.6	12.5	2.7	475.6
7.4	6.9	94.2	12.6	2.2	475.6
10.2	8.1	75.5	12.6	2.9	475.6
0.2	11.4	490.7	12.6	6.6	475.6
8.5	16.8	97.0	12.7	8.6	475.6
62.6	19.3	300.1	12.7	9.7	475.6
0.0	11.2	454.4	12.7	7.3	475.6
31.6	10.9	379.8	12.7	6.2	475.6
15.5	13.6	67.9	12.8	7.6	475.6
0.7	13.9	515.8	12.8	7.1	475.6
0.0	13.5	115.5	12.8	7.0	475.6
5.6	9.3	234.1	12.9	4.1	475.6
3.6	9.3	51.7	12.9	2.8	475.6
0.7	10.4	116.6	12.9	5.1	475.6
0.1	14.0	552.5	12.9	8.4	475.6
0.2	17.3	548.2	13.0	10.0	475.6
15.6	20.5	539.9	13.0	10.4	475.6
4.3	19.4	235.1	13.0	8.3	475.6
0.1	21.7	565.0	13.1	10.0	475.6
0.1	21.9	512.4	13.1	9.8	475.6
18.8	23.1	449.9	13.1	8.7	475.6
51.3	23.9	401.5	13.1	7.0	475.6
41.7	15.8	91.6	13.2	11.2	475.6
6.8	10.5	75.7	13.2	3.0	475.6
16.0	12.6	205.2	13.2	5.7	475.6
36.6	16.5	58.4	13.3	7.0	475.6
14.0	14.2	78.7	13.3	3.9	475.6
2.4	12.1	87.4	13.3	4.4	475.6
0.1	14.5	631.8	13.3	8.2	475.9
27.0	18.5	583.1	13.4	9.5	475.9
5.0	18.3	161.9	13.4	9.6	475.9
1.0	15.5	427.0	13.4	8.0	475.9
0.1	19.0	613.6	13.4	10.0	475.9
0.0	22.8	540.3	13.5	11.2	475.9
2.3	23.9	565.4	13.5	10.1	475.9
20.8	23.6	544.7	13.5	10.3	475.9
15.3	17.6	58.4	13.5	8.0	475.9
1.9	12.4	140.5	13.5	5.3	475.9
0.4	13.4	395.2	13.6	7.5	475.9
5.7	15.7	588.8	13.6	7.5	475.9
22.4	12.8	67.9	13.6	5.4	475.9
0.7	13.9	434.8	13.6	7.9	475.9
0.1	14.6	256.3	13.7	7.0	475.9
2.1	16.1	387.2	13.7	6.8	475.9
19.4	16.0	86.2	13.7	5.2	475.9
5.2	17.6	115.0	13.7	7.2	475.9
1.2	14.2	165.0	13.7	5.7	475.9
0.0	17.3	662.4	13.8	9.1	475.9
0.0	19.8	539.8	13.8	8.8	475.9
6.4	18.3	129.4	13.8	6.5	475.9
1.1	17.6	129.1	13.8	5.7	475.9
0.2	20.7	609.2	13.8	9.9	475.9
1.3	23.1	561.2	13.8	10.4	475.9
1.5	19.6	92.7	13.9	6.4	475.9
2.5	20.0	177.9	13.9	5.8	475.9
1.8	21.0	190.2	13.9	7.3	475.9
0.3	22.2	362.1	13.9	9.4	475.9
0.0	21.8	534.8	13.9	12.2	475.9
0.0	20.5	620.4	13.9	11.4	475.9
0.0	20.8	667.5	14.0	11.1	474.6
0.0	22.9	633.4	14.0	9.8	474.6
28.2	20.8	102.3	14.0	6.4	474.6
39.3	20.7	77.7	14.0	5.2	474.6
1.4	20.9	89.9	14.0	5.8	474.6
1.0	20.0	98.2	14.0	4.9	474.6
1.2	20.5	114.1	14.0	4.6	474.6
2.2	20.8	85.2	14.0	4.0	474.6
1.9	20.7	397.0	14.0	10.1	474.6
4.9	21.6	632.3	14.0	10.1	474.6
0.0	20.4	687.1	14.0	9.7	474.6
0.0	23.0	686.3	14.1	11.3	474.6
0.0	23.7	429.4	14.1	11.4	474.6
0.0	24.4	431.4	14.1	10.1	474.6
22.7	23.3	247.3	14.1	7.9	474.6
31.1	23.5	114.7	14.1	5.7	474.6
1.3	24.1	123.5	14.1	5.6	474.6
0.0	25.1	496.7	14.1	9.6	474.6
15.5	23.8	138.7	14.1	7.4	474.6
0.2	23.1	319.6	14.1	8.5	474.6
0.4	25.4	529.1	14.1	11.9	474.6
0.2	26.9	649.4	14.1	11.7	474.6
0.8	26.7	500.8	14.1	11.0	474.6
0.0	28.3	643.0	14.1	11.5	474.6
22.5	27.4	494.6	14.1	10.6	474.6
39.2	25.0	113.7	14.1	5.1	474.6
35.4	25.7	316.3	14.1	7.0	474.6
10.8	26.1	554.5	14.1	10.4	474.6
0.3	26.1	647.7	14.1	10.1	474.6
40.8	25.6	429.6	14.1	8.4	474.6
19.7	25.1	93.7	14.1	5.8	471.6
11.0	25.7	205.1	14.0	6.7	471.6
1.3	25.9	443.8	14.0	9.8	471.6
14.9	24.0	90.4	14.0	5.5	471.6
1.2	23.8	139.0	14.0	7.1	471.6
1.3	26.8	511.4	14.0	10.1	471.6
12.7	26.2	633.6	14.0	10.9	471.6
8.7	26.2	580.8	14.0	12.3	471.6
5.4	26.5	584.3	14.0	10.5	471.6
24.6	24.4	116.9	14.0	5.6	471.6
8.3	24.8	215.3	14.0	7.9	471.6
21.6	25.1	268.2	13.9	7.6	471.6
12.4	26.0	440.3	13.9	9.4	471.6
2.1	25.3	130.5	13.9	5.6	471.6
9.4	27.0	423.3	13.9	9.7	471.6
9.5	27.2	552.9	13.9	9.7	471.6
0.4	27.6	607.2	13.9	10.8	471.6
0.0	26.9	586.4	13.9	11.0	471.6
0.0	27.6	654.3	13.8	10.9	471.6
0.0	28.9	632.4	13.8	11.2	471.6
5.3	28.7	568.7	13.8	11.7	471.6
6.7	28.5	526.4	13.8	10.7	471.6
13.5	27.4	499.1	13.8	9.4	471.6
10.1	26.8	390.7	13.8	9.5	471.6
12.3	27.1	532.5	13.7	10.2	471.6
2.1	27.6	580.3	13.7	10.7	471.6
5.6	27.5	487.5	13.7	10.1	471.6
3.8	27.7	566.0	13.7	10.4	471.6
16.4	27.3	449.9	13.7	9.8	471.6
11.9	27.2	482.5	13.6	9.3	471.6
14.0	27.2	435.9	13.6	9.4	471.6
19.2	26.1	229.3	13.6	7.4	469.6
21.8	25.3	203.6	13.6	6.5	469.6
7.5	25.3	128.7	13.5	7.6	469.6
16.2	26.6	492.5	13.5	10.1	469.6
0.5	26.1	467.7	13.5	10.8	469.6
0.1	24.6	564.5	13.5	10.2	469.6
0.6	25.4	426.7	13.4	9.2	469.6
1.0	25.1	349.7	13.4	8.5	469.6
1.8	25.0	291.5	13.4	7.3	469.6
16.9	24.7	297.2	13.4	6.1	469.6
14.5	25.6	446.1	13.3	8.0	469.6
13.4	25.7	423.3	13.3	8.2	469.6
15.0	25.7	328.9	13.3	8.0	469.6
17.7	25.2	127.9	13.3	6.7	469.6
20.9	25.3	208.0	13.2	6.6	469.6
19.2	26.3	387.9	13.2	8.5	469.6
1.9	26.3	323.8	13.2	9.2	469.6
0.0	26.7	562.7	13.2	9.6	469.6
0.2	26.6	503.0	13.1	9.3	469.6
5.6	25.1	430.3	13.1	8.3	469.6
1.1	24.4	237.8	13.1	7.1	469.6
6.3	24.6	388.9	13.1	7.8	469.6
5.3	24.8	224.4	13.0	7.2	469.6
0.9	23.7	45.7	13.0	4.0	469.6
5.8	25.6	411.1	13.0	8.4	469.6
7.9	26.6	518.7	12.9	8.9	469.6
20.7	26.4	460.1	12.9	9.1	469.6
6.1	24.8	439.9	12.9	8.7	469.6
1.8	25.8	546.1	12.9	9.4	469.6
6.0	26.0	537.7	12.8	9.6	469.6
2.6	22.0	58.5	12.8	6.3	469.6
1.7	21.5	136.7	12.8	5.6	468.8
1.4	23.3	100.1	12.7	5.9	468.8
0.6	26.0	318.6	12.7	8.8	468.8
2.0	26.0	530.6	12.7	8.3	468.8
9.8	24.7	345.3	12.7	6.7	468.8
1.2	23.8	42.7	12.6	4.6	468.8
2.6	23.2	129.2	12.6	6.5	468.8
0.3	21.6	80.5	12.6	5.4	468.8
0.0	20.2	176.0	12.5	7.5	468.8
0.0	21.7	564.5	12.5	8.1	468.8
0.0	23.1	560.2	12.5	9.5	468.8
0.5	24.3	528.0	12.5	8.5	468.8
5.7	22.6	37.3	12.4	3.2	468.8
3.0	21.6	53.9	12.4	4.5	468.8
0.3	20.9	386.6	12.4	8.0	468.8
0.1	20.2	329.8	12.3	7.7	468.8
0.2	21.2	449.8	12.3	8.7	468.8
0.0	21.1	540.8	12.3	9.0	468.8
0.0	22.1	535.0	12.2	9.1	468.8
0.0	22.4	529.0	12.2	9.4	468.8
0.0	23.0	524.7	12.2	9.1	468.8
0.0	24.1	513.5	12.2	9.4	468.8
0.3	22.1	391.0	12.1	8.5	468.8
0.0	20.2	507.2	12.1	8.0	468.8
0.0	22.1	480.4	12.1	8.1	468.8
0.0	19.8	496.2	12.0	8.2	468.8
0.0	18.5	511.7	12.0	7.9	468.8
0.0	19.9	502.2	12.0	8.6	468.8
0.0	20.9	496.6	11.9	9.4	468.8
0.0	22.1	499.6	11.9	9.4	468.8
0.0	22.9	336.5	11.9	8.0	469.0
0.0	22.5	192.4	11.8	6.2	469.0
0.0	23.4	202.5	11.8	6.0	469.0
0.8	24.3	325.0	11.8	9.3	469.0
0.0	14.5	190.0	11.8	5.6	469.0
0.0	16.2	476.2	11.7	6.3	469.0
0.0	18.3	210.6	11.7	6.3	469.0
0.0	19.4	198.3	11.7	5.6	469.0
0.0	19.0	178.0	11.6	6.0	469.0
0.3	22.0	306.1	11.6	6.5	469.0
0.4	20.7	90.0	11.6	4.5	469.0
0.5	20.8	282.3	11.6	7.2	469.0
0.0	21.8	441.7	11.5	7.5	469.0
0.0	23.0	407.0	11.5	7.5	469.0
0.0	23.6	412.1	11.5	7.7	469.0
4.2	23.7	338.4	11.4	7.3	469.0
9.9	21.3	47.5	11.4	3.8	469.0
3.3	22.4	283.7	11.4	6.6	469.0
0.3	23.8	362.8	11.3	6.4	469.0
3.4	23.5	392.9	11.3	6.4	469.0
3.1	18.9	362.1	11.3	8.7	469.0
0.0	12.4	390.7	11.3	4.7	469.0
0.0	14.4	243.6	11.2	4.6	469.0
0.0	13.3	145.7	11.2	5.2	469.0
0.0	14.7	322.6	11.2	6.5	469.0
0.0	9.2	430.4	11.1	4.6	469.0
0.0	7.7	424.1	11.1	4.5	469.0
0.0	10.6	411.0	11.1	5.5	469.0
0.0	12.4	311.3	11.1	5.6	469.0
0.0	14.6	403.4	11.0	6.9	469.0
0.0	16.4	395.5	11.0	6.7	469.0
0.0	14.7	392.2	11.0	6.4	470.5
0.0	14.5	393.3	11.0	5.9	470.5
0.0	15.3	385.5	10.9	6.1	470.5
0.0	19.0	351.4	10.9	6.5	470.5
0.3	20.1	239.9	10.9	6.6	470.5
0.0	15.3	373.1	10.9	4.6	470.5
0.3	18.2	313.3	10.8	5.7	470.5
7.5	16.1	66.1	10.8	3.3	470.5
5.5	10.2	23.3	10.8	3.6	470.5
0.1	10.9	357.6	10.8	4.7	470.5
0.0	10.3	373.5	10.7	4.8	470.5
0.0	11.2	370.9	10.7	4.9	470.5
0.0	13.4	357.3	10.7	5.0	470.5
0.0	13.8	237.7	10.7	5.3	470.5
0.0	16.0	353.1	10.6	5.6	470.5
0.0	15.9	284.8	10.6	5.1	470.5
0.7	15.4	218.0	10.6	4.3	470.5
0.1	12.4	181.4	10.6	4.4	470.5
0.0	12.7	338.2	10.6	4.5	470.5
0.0	16.1	312.0	10.5	5.3	470.5
1.1	16.8	131.3	10.5	4.1	470.5
4.4	15.4	79.5	10.5	2.8	470.5
1.4	14.2	89.3	10.5	3.8	470.5
0.4	14.4	267.1	10.5	4.7	470.5
0.3	8.2	57.1	10.4	1.5	470.5
2.4	10.8	154.6	10.4	3.8	470.5
0.0	6.8	279.9	10.4	3.0	470.5
0.0	8.7	328.8	10.4	3.9	470.5
0.1	10.3	325.9	10.4	4.7	470.5
0.0	11.8	317.2	10.4	5.2	470.5
0.0	15.9	302.7	10.3	5.3	472.4
0.0	16.2	301.0	10.3	5.9	472.4
0.1	16.8	281.3	10.3	5.3	472.4
33.0	17.2	64.6	10.3	2.6	472.4
33.6	15.5	24.4	10.3	2.3	472.4
1.5	13.2	48.9	10.3	2.6	472.4
0.6	10.7	150.9	10.3	3.0	472.4
0.1	13.4	201.6	10.3	3.6	472.4
0.3	18.5	133.3	10.2	3.6	472.4
1.8	19.5	169.6	10.2	3.9	472.4
5.9	8.6	42.0	10.2	4.7	472.4
4.0	2.8	22.5	10.2	1.1	472.4
2.6	2.5	27.6	10.2	0.6	472.4
11.4	0.3	27.0	10.2	1.9	472.4
0.0	-1.3	312.0	10.2	2.0	472.4
0.1	1.1	311.1	10.2	2.7	472.4
0.2	5.2	269.1	10.2	3.6	472.4
0.4	7.0	80.9	10.2	1.9	472.4
0.7	8.9	69.9	10.2	2.3	472.4
7.4	9.2	54.7	10.2	1.6	472.4
2.8	11.8	66.9	10.2	3.2	472.4
9.4	15.3	29.4	10.2	2.1	472.4
2.3	7.8	59.6	10.2	3.9	472.4
52.8	6.9	30.9	10.2	2.0	472.4
7.0	5.4	15.5	10.2	2.3	472.4
1.5	3.2	97.6	10.2	1.1	472.4
19.8	5.2	50.5	10.2	1.6	472.4
1.3	1.9	50.2	10.2	2.0	472.4
0.0	1.0	266.2	10.2	1.9	472.4
0.1	2.7	202.1	10.2	2.3	472.4
0.4	1.2	86.9	10.2	2.1	472.4
2.7	0.7	171.3	10.2	1.8	474.5
4.4	-1.6	33.8	10.2	1.9	474.5
11.4	-6.4	52.1	10.2	0.7	474.5
0.0	-6.8	211.6	10.2	1.4	474.5
0.4	-3.7	210.7	10.3	1.6	474.5
0.0	-3.9	234.6	10.3	1.6	474.5
0.0	-3.9	193.7	10.3	1.6	474.5
6.0	-2.5	66.7	10.3	1.1	474.5
1.8	-1.7	156.8	10.3	1.4	474.5
4.9	-0.0	27.9	10.3	0.9	474.5
0.8	2.5	116.6	10.3	1.8	474.5
4.9	4.0	91.6	10.3	1.7	474.5
7.9	-2.9	44.1	10.4	2.2	474.5
0.0	-5.0	344.9	10.4	1.7	474.5
0.0	-1.5	338.7	10.4	2.2	474.5
0.0	2.0	320.4	10.4	3.0	474.5
0.0	2.8	167.5	10.4	2.2	474.5
0.0	1.2	205.8	10.4	2.8	474.5
0.2	2.2	343.5	10.5	3.3	474.5
3.9	2.5	140.8	10.5	2.4	474.5
9.8	-0.4	35.2	10.5	1.0	474.5
3.1	0.8	131.1	10.5	1.3	474.5
17.1	-0.1	24.5	10.5	0.8	474.5
3.9	-1.2	84.2	10.6	1.5	474.5
0.3	-0.6	149.0	10.6	2.2	474.5
0.1	2.5	304.2	10.6	3.4	474.5
0.0	1.1	366.5	10.6	2.8	474.5
0.7	3.8	159.2	10.7	3.0	474.5
0.0	-0.1	378.5	10.7	2.6	474.5
0.0	6.6	365.3	10.7	4.1	474.5
0.0	9.9	372.8	10.7	4.3	474.5
0.0	7.5	371.3	10.7	4.9	475.5
0.0	3.3	385.2	10.8	3.4	475.5
0.5	5.5	377.7	10.8	3.8	475.5
0.1	6.2	155.8	10.8	3.6	475.5
8.7	8.3	181.6	10.8	3.9	475.5
0.1	6.2	372.5	10.9	4.4	475.5
0.0	8.3	386.5	10.9	5.0	475.5
5.2	12.1	179.9	10.9	4.9	475.5
1.5	12.7	151.9	10.9	4.0	475.5
0.1	12.2	306.1	11.0	5.5	475.5
0.1	14.7	376.9	11.0	6.5	475.5
3.4	10.2	149.9	11.0	5.6	475.5
13.6	5.5	26.0	11.1	2.1	475.5
35.2	2.9	29.7	11.1	1.6	475.5
2.8	3.5	51.8	11.1	1.8	475.5
17.2	5.5	35.4	11.1	2.5	475.5
24.9	8.6	43.4	11.2	2.4	475.5
22.1	7.2	30.3	11.2	3.6	475.5
2.1	3.5	48.4	11.2	1.6	475.5
4.0	5.0	198.5	11.3	2.6	475.5
7.8	5.0	57.1	11.3	1.7	475.5
19.5	6.5	90.2	11.3	2.3	475.5
12.8	7.7	45.6	11.3	3.5	475.5
3.3	3.1	50.8	11.4	1.5	475.5
15.6	5.1	65.6	11.4	2.5	475.5
6.7	5.3	57.1	11.4	2.8	475.5
1.0	1.5	79.1	11.5	2.3	475.5
12.2	2.5	231.4	11.5	3.0	475.5
6.8	2.6	69.9	11.5	2.5	475.8
0.5	5.1	106.7	11.6	3.2	475.8
20.8	6.4	146.6	11.6	3.6	475.8
7.0	4.0	71.1	11.6	1.9	475.8
0.0	3.6	244.6	11.6	3.4	475.8
0.7	4.9	262.8	11.7	3.8	475.8
0.1	7.6	432.6	11.7	5.8	475.8
0.0	8.0	463.5	11.7	4.8	475.8
3.4	7.5	158.2	11.8	3.1	475.8
0.5	4.4	148.6	11.8	5.3	475.8
9.9	3.0	489.2	11.8	3.9	475.8
25.1	-0.0	53.1	11.9	1.9	475.8
21.3	-0.7	54.2	11.9	1.4	475.8
2.9	-0.1	214.1	11.9	1.5	475.8
18.3	1.8	54.3	11.9	2.6	475.8
28.2	6.5	42.2	12.0	3.3	475.8
5.8	7.4	37.0	12.0	2.4	475.8
3.3	2.4	41.2	12.0	3.8	475.8
0.1	2.8	227.2	12.1	2.9	475.8
2.6	4.7	381.9	12.1	4.3	475.8
23.1	6.3	56.7	12.1	4.2	475.8
24.5	13.4	59.7	12.2	5.2	475.8
1.3	8.0	164.9	12.2	4.8	475.8
0.0	10.3	538.7	12.2	5.6	475.8
55.9	11.5	114.6	12.3	4.7	475.8
9.6	14.1	54.8	12.3	5.5	475.8
3.2	10.0	71.8	12.3	3.6	475.8
0.2	9.3	354.3	12.3	5.5	475.8
0.7	8.5	461.0	12.4	6.1	475.8
0.1	8.3	338.9	12.4	6.0	475.8
0.0	10.3	348.2	12.4	6.7	475.8
0.1	12.8	557.4	12.5	7.4	476.1
12.9	13.2	235.6	12.5	6.0	476.1
0.6	11.2	256.2	12.5	7.8	476.1
0.0	9.6	593.6	12.6	6.1	476.1
0.0	12.7	589.0	12.6	8.3	476.1
0.0	15.8	572.2	12.6	9.5	476.1
16.0	16.5	180.4	12.6	8.0	476.1
2.8	17.3	82.0	12.7	5.4	476.1
8.7	14.5	178.7	12.7	8.9	476.1
0.0	12.5	594.8	12.7	6.4	476.1
54.5	11.2	180.2	12.8	6.7	476.1
0.2	9.4	132.7	12.8	4.0	476.1
55.1	9.6	91.0	12.8	3.4	476.1
2.9	7.3	41.4	12.9	3.0	476.1
16.2	10.1	209.4	12.9	5.1	476.1
0.0	10.5	374.1	12.9	5.7	476.1
0.0	10.6	177.0	12.9	4.7	476.1
1.2	12.5	365.3	13.0	5.7	476.1
37.4	14.7	60.6	13.0	7.5	476.1
18.4	18.5	244.4	13.0	6.6	476.1
39.2	18.0	56.6	13.1	5.1	476.1
2.3	15.8	40.8	13.1	3.2	476.1
0.0	22.0	339.2	13.1	10.3	476.1
1.7	25.5	560.7	13.1	10.1	476.1
1.0	17.5	96.2	13.2	8.0	476.1
0.5	19.4	207.1	13.2	6.7	476.1
0.0	24.6	552.6	13.2	10.1	476.1
6.8	19.5	91.9	13.2	9.5	476.1
36.7	19.1	123.8	13.3	8.8	476.1
2.4	12.1	84.8	13.3	4.2	476.1
0.3	14.8	535.3	13.3	7.4	476.4
0.0	17.7	598.6	13.3	7.8	476.4
3.0	17.5	298.5	13.4	7.0	476.4
2.2	15.9	103.1	13.4	5.6	476.4
0.0	20.4	623.1	13.4	9.7	476.4
0.0	17.9	641.6	13.4	9.1	476.4
0.0	18.7	550.4	13.5	9.3	476.4
0.1	20.1	596.0	13.5	10.8	476.4
0.2	20.8	586.2	13.5	8.3	476.4
27.3	16.7	70.9	13.5	5.2	476.4
1.0	19.7	479.6	13.6	9.0	476.4
1.4	19.3	504.7	13.6	8.5	476.4
0.1	20.8	505.1	13.6	9.6	476.4
0.0	19.6	523.3	13.6	9.1	476.4
0.9	20.8	460.8	13.7	8.7	476.4
77.3	20.1	165.2	13.7	5.9	476.4
10.5	19.1	72.2	13.7	8.3	476.4
1.6	18.0	252.9	13.7	7.3	476.4
1.3	19.7	315.7	13.7	8.3	476.4
0.2	17.1	339.6	13.8	8.5	476.4
0.0	20.7	623.7	13.8	10.7	476.4
61.5	21.4	310.7	13.8	9.6	476.4
20.0	20.1	33.7	13.8	5.5	476.4
0.5	21.8	362.2	13.8	9.6	476.4
0.2	24.1	562.5	13.8	10.2	476.4
0.1	25.6	447.2	13.9	10.8	476.4
19.3	24.9	202.2	13.9	7.8	476.4
5.8	23.2	550.3	13.9	11.0	476.4
6.1	21.8	463.3	13.9	9.0	476.4
19.1	18.3	76.1	13.9	5.9	476.4
17.1	17.3	59.1	13.9	4.6	476.4
3.0	20.3	86.6	13.9	6.2	475.1
1.4	19.8	266.8	14.0	8.8	475.1
2.0	18.6	294.5	14.0	7.1	475.1
0.5	20.8	409.7	14.0	8.6	475.1
0.3	22.7	533.7	14.0	10.5	475.1
0.1	24.4	649.5	14.0	11.4	475.1
0.0	25.9	637.9	14.0	10.6	475.1
0.0	25.1	441.2	14.0	9.6	475.1
0.2	22.9	153.8	14.0	6.1	475.1
2.1	23.1	351.5	14.0	8.4	475.1
3.2	22.4	284.4	14.0	8.4	475.1
4.6	20.6	96.1	14.1	4.6	475.1
3.7	20.7	83.6	14.1	5.0	475.1
0.8	21.9	192.4	14.1	7.2	475.1
0.7	23.5	330.5	14.1	8.6	475.1
1.0	25.6	566.2	14.1	10.8	475.1
0.1	26.9	289.7	14.1	8.8	475.1
11.7	25.9	192.3	14.1	7.0	475.1
8.4	24.9	151.8	14.1	8.1	475.1
17.1	25.5	265.0	14.1	8.1	475.1
7.1	23.5	107.0	14.1	5.3	475.1
1.7	25.6	547.1	14.1	10.0	475.1
9.5	25.7	291.4	14.1	8.1	475.1
14.6	25.7	328.9	14.1	10.0	475.1
4.7	26.1	330.7	14.1	9.6	475.1
11.5	26.9	601.4	14.1	9.7	475.1
13.5	26.7	560.8	14.1	10.3	475.1
1.0	27.8	498.6	14.1	10.8	475.1
23.7	26.7	554.7	14.1	10.0	475.1
23.2	27.1	457.5	14.1	10.2	475.1
32.2	25.2	112.1	14.1	5.7	472.1
20.4	24.6	89.8	14.0	6.2	472.1
2.0	26.3	453.6	14.0	11.7	472.1
0.1	27.0	625.9	14.0	10.8	472.1
0.4	27.3	508.3	14.0	9.6	472.1
21.4	26.3	429.9	14.0	10.3	472.1
0.5	27.9	599.6	14.0	11.4	472.1
5.9	27.8	590.9	14.0	12.0	472.1
5.0	27.4	610.9	14.0	12.3	472.1
0.1	27.8	611.8	14.0	10.1	472.1
16.1	26.7	355.7	14.0	8.3	472.1
28.1	25.0	141.2	13.9	5.1	472.1
8.6	25.8	262.4	13.9	7.1	472.1
18.9	25.6	282.1	13.9	7.3	472.1
1.0	25.9	199.6	13.9	6.8	472.1
0.5	27.3	432.9	13.9	9.8	472.1
0.3	28.6	532.6	13.9	10.3	472.1
8.3	28.1	569.8	13.9	10.8	472.1
18.0	27.1	427.4	13.8	10.6	472.1
18.7	27.3	495.3	13.8	9.6	472.1
5.9	27.4	433.0	13.8	9.4	472.1
0.5	27.3	445.5	13.8	9.9	472.1
0.9	27.3	516.0	13.8	8.5	472.1
6.0	27.0	245.2	13.8	7.0	472.1
15.0	27.1	349.9	13.7	10.2	472.1
12.9	27.8	536.9	13.7	9.9	472.1
10.6	28.1	578.5	13.7	10.1	472.1
3.4	28.3	627.0	13.7	10.7	472.1
11.4	28.1	564.7	13.7	9.6	472.1
14.8	27.6	433.4	13.6	9.2	472.1
17.1	27.3	379.9	13.6	8.7	472.1
18.7	27.1	390.0	13.6	8.8	470.1
16.7	27.3	413.3	13.6	9.2	470.1
8.1	26.5	326.5	13.5	9.2	470.1
16.2	26.9	523.6	13.5	10.6	470.1
3.1	27.5	603.1	13.5	10.4	470.1
6.2	27.6	614.3	13.5	10.0	470.1
4.2	28.1	578.5	13.5	10.2	470.1
9.8	27.7	501.1	13.4	10.2	470.1
9.5	27.2	550.0	13.4	10.5	470.1
7.9	27.2	530.6	13.4	10.5	470.1
11.8	26.9	453.9	13.4	9.8	470.1
12.0	26.9	551.6	13.3	9.4	470.1
14.9	26.2	496.8	13.3	9.0	470.1
0.4	25.5	251.9	13.3	7.9	470.1
0.7	25.4	410.2	13.3	8.2	470.1
1.3	25.7	360.2	13.2	7.7	470.1
7.7	26.2	428.3	13.2	8.8	470.1
20.1	26.8	462.4	13.2	9.4	470.1
8.8	27.5	458.7	13.1	9.3	470.1
8.0	27.4	529.8	13.1	9.8	470.1
11.0	27.0	519.2	13.1	9.2	470.1
8.3	26.5	430.5	13.1	8.9	470.1
6.6	26.2	472.3	13.0	8.6	470.1
0.5	26.8	528.5	13.0	9.1	470.1
2.2	26.3	483.0	13.0	9.2	470.1
0.1	25.7	453.7	13.0	8.9	470.1
0.6	25.8	488.3	12.9	8.8	470.1
0.7	25.9	508.1	12.9	8.0	470.1
0.0	25.7	552.0	12.9	8.8	470.1
0.8	25.7	380.8	12.8	7.3	470.1
1.5	20.7	52.7	12.8	8.5	470.1
0.0	18.4	554.0	12.8	7.6	469.3
0.0	19.3	601.4	12.8	8.3	469.3
0.0	21.9	590.2	12.7	9.8	469.3
0.0	22.7	587.2	12.7	11.1	469.3
0.0	23.1	589.5	12.7	10.8	469.3
0.0	24.4	571.6	12.6	11.4	469.3
0.0	24.9	561.9	12.6	10.7	469.3
0.0	25.0	561.2	12.6	11.5	469.3
0.3	24.2	548.4	12.5	9.9	469.3
0.0	25.3	112.6	12.5	7.5	469.3
0.5	25.4	222.7	12.5	8.5	469.3
14.3	25.2	369.5	12.5	7.2	469.3
3.5	25.5	448.0	12.4	8.4	469.3
1.0	26.3	457.5	12.4	8.3	469.3
4.1	26.2	433.7	12.4	9.1	469.3
15.3	25.0	439.5	12.3	8.7	469.3
0.8	25.5	476.3	12.3	7.7	469.3
0.3	23.9	316.4	12.3	6.3	469.3
0.1	24.2	456.9	12.2	8.8	469.3
0.0	23.9	512.9	12.2	9.2	469.3
0.0	24.0	524.4	12.2	9.5	469.3
0.0	24.5	518.6	12.2	9.4	469.3
0.0	24.8	512.6	12.1	9.3	469.3
0.0	24.3	314.1	12.1	8.1	469.3
0.0	19.8	375.2	12.1	7.7	469.3
0.0	19.8	409.6	12.0	7.9	469.3
0.0	19.9	510.6	12.0	8.6	469.3
0.0	20.8	405.2	12.0	7.6	469.3
0.0	21.5	465.8	11.9	8.3	469.3
0.0	21.8	468.7	11.9	8.7	469.3
0.0	21.7	340.6	11.9	7.7	469.4
0.0	22.0	482.0	11.9	8.2	469.4
0.0	21.5	432.3	11.8	7.4	469.4
0.0	22.4	416.2	11.8	8.0	469.4
0.0	24.0	452.3	11.8	7.9	469.4
0.2	24.1	344.8	11.7	7.6	469.4
0.9	24.0	251.4	11.7	7.4	469.4
0.0	17.8	152.4	11.7	5.7	469.4
0.0	17.0	331.9	11.6	5.9	469.4
0.0	17.8	449.6	11.6	7.0	469.4
0.0	18.9	456.2	11.6	6.8	469.4
0.0	19.2	312.2	11.6	5.2	469.4
0.0	18.9	162.0	11.5	3.9	469.4
0.2	18.7	264.2	11.5	5.5	469.4
0.0	19.7	442.3	11.5	7.1	469.4
0.0	19.8	442.1	11.4	7.1	469.4
0.0	18.8	432.3	11.4	6.4	469.4
0.0	18.1	438.9	11.4	6.5	469.4
0.0	17.9	430.7	11.4	6.7	469.4
0.0	17.0	423.3	11.3	6.8	469.4
0.0	16.9	433.8	11.3	7.1	469.4
0.0	16.9	431.4	11.3	7.4	469.4
0.0	16.9	432.4	11.2	7.5	469.4
0.0	18.7	428.2	11.2	7.8	469.4
0.0	13.0	438.9	11.2	5.7	469.4
0.0	16.3	420.9	11.2	6.9	469.4
0.0	15.0	414.8	11.1	6.8	469.4
0.0	13.2	414.7	11.1	5.5	469.4
0.0	14.5	404.2	11.1	5.9	469.4
0.0	16.6	398.1	11.0	6.5	469.4
0.0	16.8	390.3	11.0	6.8	469.4
0.0	16.3	409.0	11.0	6.1	470.9
0.0	12.7	409.1	11.0	5.4	470.9
0.0	11.9	398.7	10.9	5.7	470.9
0.0	13.9	389.4	10.9	6.0	470.9
0.0	16.3	382.3	10.9	6.3	470.9
0.0	18.1	371.5	10.9	6.4	470.9
0.0	17.5	367.9	10.8	6.9	470.9
0.0	11.7	388.6	10.8	5.2	470.9
0.0	14.1	375.9	10.8	6.1	470.9
0.0	16.2	369.7	10.8	6.7	470.9
0.1	17.9	354.4	10.7	6.9	470.9
0.0	19.4	319.7	10.7	6.8	470.9
9.7	20.0	307.5	10.7	7.2	470.9
0.0	11.0	317.6	10.7	4.6	470.9
0.0	5.5	373.6	10.6	3.6	470.9
0.0	7.3	365.9	10.6	4.2	470.9
0.0	12.9	311.6	10.6	5.2	470.9
0.0	13.1	158.2	10.6	4.9	470.9
0.0	13.1	323.6	10.6	4.8	470.9
0.0	11.7	218.5	10.5	3.4	470.9
0.0	13.0	285.4	10.5	4.4	470.9
9.0	12.2	208.7	10.5	3.9	470.9
0.1	8.7	149.5	10.5	3.1	470.9
0.4	7.2	43.6	10.5	1.5	470.9
0.0	8.0	304.3	10.4	4.1	470.9
0.0	9.6	287.9	10.4	4.1	470.9
0.0	8.2	205.6	10.4	2.8	470.9
0.0	4.5	89.7	10.4	2.3	470.9
0.0	3.7	334.5	10.4	3.3	470.9
0.0	6.2	334.5	10.4	3.9	470.9
1.4	11.6	317.9	10.3	4.9	472.8
0.0	8.6	261.6	10.3	3.8	472.8
0.0	6.6	319.2	10.3	3.4	472.8
0.0	8.4	280.5	10.3	3.9	472.8
0.0	11.7	297.5	10.3	5.1	472.8
0.7	14.8	283.2	10.3	5.5	472.8
8.3	10.2	27.4	10.3	2.9	472.8
2.1	7.8	34.1	10.3	2.3	472.8
0.0	6.4	185.5	10.2	2.8	472.8
1.2	7.3	237.7	10.2	3.2	472.8
2.8	4.8	46.1	10.2	2.4	472.8
0.1	7.0	282.2	10.2	3.8	472.8
0.0	11.3	299.8	10.2	4.6	472.8
0.1	15.7	287.0	10.2	5.1	472.8
2.5	18.5	126.5	10.2	3.9	472.8
12.9	14.7	54.3	10.2	5.4	472.8
0.4	2.3	91.1	10.2	1.8	472.8
0.0	1.9	242.8	10.2	2.0	472.8
0.0	2.2	306.0	10.2	2.4	472.8
0.0	1.6	305.7	10.2	2.5	472.8
0.1	2.4	143.6	10.2	2.7	472.8
0.0	3.8	150.9	10.2	2.6	472.8
1.2	8.1	59.0	10.2	2.6	472.8
3.2	10.6	86.2	10.2	3.0	472.8
1.7	4.6	30.3	10.2	2.6	472.8
0.3	1.9	101.0	10.2	1.7	472.8
0.0	2.6	308.7	10.2	3.0	472.8
0.0	5.4	306.5	10.2	3.3	472.8
0.5	8.4	231.9	10.2	4.1	472.8
0.0	4.7	270.8	10.2	3.1	472.8
0.1	8.6	300.9	10.2	4.2	472.8
3.0	8.4	125.5	10.2	2.9	474.9
6.4	7.3	39.2	10.2	3.3	474.9
0.3	-0.3	157.2	10.2	2.2	474.9
0.1	-2.3	316.2	10.2	1.7	474.9
0.0	-2.9	304.5	10.3	2.0	474.9
0.0	-0.8	322.2	10.3	2.7	474.9
0.0	4.8	320.6	10.3	3.9	474.9
0.0	0.7	302.9	10.3	2.7	474.9
0.0	4.1	323.5	10.3	3.8	474.9
0.0	9.5	326.8	10.3	5.1	474.9
0.0	7.4	322.1	10.3	4.3	474.9
0.0	2.6	334.3	10.3	2.9	474.9
0.0	5.9	248.4	10.4	4.0	474.9
0.0	8.4	336.4	10.4	5.0	474.9
0.0	11.6	334.2	10.4	5.9	474.9
0.0	13.2	279.2	10.4	6.1	474.9
3.7	7.2	198.1	10.4	3.2	474.9
1.7	3.8	36.3	10.4	1.9	474.9
1.0	3.7	65.5	10.5	2.7	474.9
0.0	0.4	357.2	10.5	2.4	474.9
0.0	1.9	356.6	10.5	2.9	474.9
0.0	8.3	344.9	10.5	5.0	474.9
6.5	10.0	142.7	10.5	4.2	474.9
0.2	10.3	237.7	10.6	3.8	474.9
27.0	8.9	114.9	10.6	4.3	474.9
6.0	0.0	62.0	10.6	2.0	474.9
0.0	-0.7	364.2	10.6	2.5	474.9
0.0	-1.3	263.9	10.6	2.3	474.9
0.0	-2.5	382.0	10.7	2.4	474.9
0.0	1.1	383.8	10.7	3.3	474.9
0.0	3.7	345.1	10.7	3.8	474.9
0.0	6.9	356.0	10.7	4.0	475.9
0.0	3.4	114.0	10.8	3.3	475.9
0.0	1.9	386.7	10.8	3.3	475.9
0.0	3.1	393.1	10.8	3.9	475.9
0.0	5.2	229.7	10.8	3.5	475.9
9.0	10.5	368.4	10.9	5.2	475.9
0.6	7.2	69.4	10.9	2.4	475.9
20.8	9.9	275.1	10.9	4.0	475.9
1.1	8.5	130.8	10.9	3.4	475.9
0.0	6.8	362.6	11.0	3.4	475.9
2.1	9.1	259.8	11.0	3.6	475.9
2.6	8.0	131.2	11.0	2.3	475.9
7.7	13.3	158.0	11.1	4.7	475.9
4.7	10.9	83.3	11.1	6.2	475.9
0.7	6.7	140.5	11.1	2.5	475.9
0.1	12.7	255.9	11.1	5.4	475.9
0.2	16.5	195.7	11.2	5.6	475.9
1.6	17.1	192.7	11.2	5.0	475.9
6.7	3.7	59.6	11.2	5.8	475.9
23.5	-1.3	28.0	11.2	1.0	475.9
20.0	-1.5	54.3	11.3	1.3	475.9
12.8	-1.2	122.6	11.3	1.5	475.9
0.2	1.2	340.5	11.3	2.1	475.9
5.7	3.8	35.3	11.4	2.7	475.9
0.0	2.2	248.2	11.4	3.3	475.9
0.0	-0.1	389.0	11.4	3.3	475.9
0.1	2.5	354.6	11.5	3.7	475.9
0.0	0.3	235.6	11.5	2.1	475.9
0.5	4.6	308.1	11.5	3.7	476.2
1.3	8.6	129.2	11.5	3.9	476.2
0.0	15.2	301.3	11.6	6.4	476.2
5.2	18.3	416.2	11.6	6.7	476.2
12.7	15.7	159.5	11.6	5.6	476.2
0.4	17.8	198.9	11.7	6.4	476.2
7.7	15.6	162.9	11.7	7.8	476.2
0.0	9.5	413.4	11.7	4.8	476.2
20.7	9.2	181.5	11.8	4.5	476.2
0.9	6.4	78.7	11.8	3.7	476.2
0.1	5.9	276.3	11.8	3.9	476.2
0.1	7.8	476.9	11.8	5.4	476.2
0.5	7.0	492.8	11.9	4.6	476.2
22.2	8.1	273.1	11.9	4.6	476.2
17.5	6.4	34.6	11.9	4.5	476.2
0.4	5.1	123.9	12.0	2.7	476.2
0.0	5.7	224.4	12.0	4.0	476.2
0.0	4.4	289.3	12.0	4.3	476.2
0.0	6.9	538.8	12.1	5.8	476.2
15.4	11.5	361.4	12.1	7.5	476.2
1.0	12.5	201.4	12.1	4.7	476.2
5.7	13.0	136.5	12.2	6.3	476.2
0.6	5.9	216.5	12.2	4.6	476.2
4.9	10.1	283.4	12.2	5.7	476.2
0.9	10.8	167.7	12.2	3.9	476.2
43.2	13.5	63.9	12.3	4.9	476.2
1.1	9.7	163.5	12.3	4.6	476.2
0.4	11.0	310.8	12.3	6.1	476.2
6.8	16.1	444.1	12.4	8.7	476.2
1.5	18.4	326.7	12.4	8.4	476.2
34.2	15.3	157.2	12.4	9.4	476.2
6.8	7.2	53.5	12.5	1.7	476.6
7.5	6.7	107.5	12.5	3.6	476.6
0.0	10.2	556.6	12.5	6.9	476.6
13.6	12.8	218.7	12.6	6.0	476.6
14.2	19.3	148.0	12.6	7.4	476.6
11.2	20.7	155.5	12.6	5.5	476.6
21.7	19.7	243.4	12.6	10.2	476.6
0.4	14.9	339.9	12.7	6.6	476.6
6.4	19.4	471.0	12.7	8.3	476.6
0.6	23.6	364.6	12.7	7.4	476.6
37.0	22.6	280.6	12.8	8.0	476.6
23.4	17.4	67.8	12.8	4.9	476.6
3.2	14.2	156.9	12.8	6.6	476.6
21.0	11.7	135.5	12.8	3.6	476.6
1.6	14.3	394.0	12.9	6.0	476.6
3.9	16.5	195.6	12.9	6.9	476.6
2.2	20.5	384.9	12.9	10.0	476.6
8.5	16.6	483.1	13.0	7.6	476.6
52.9	16.2	51.0	13.0	8.0	476.6
0.3	11.0	290.8	13.0	5.5	476.6
19.5	8.7	158.9	13.0	3.9	476.6
5.7	7.7	105.7	13.1	4.0	476.6
0.1	13.0	497.0	13.1	7.9	476.6
20.6	19.9	515.1	13.1	10.6	476.6
1.2	21.9	203.2	13.2	6.1	476.6
15.6	22.1	304.3	13.2	7.5	476.6
22.7	17.4	71.9	13.2	9.8	476.6
14.6	9.7	91.2	13.2	4.3	476.6
0.0	12.7	658.3	13.3	8.4	476.6
0.0	16.3	662.9	13.3	8.9	476.6
0.0	21.6	625.8	13.3	10.1	476.8
12.1	22.2	575.3	13.3	10.6	476.8
39.1	20.7	196.3	13.4	6.9	476.8
18.4	18.8	65.2	13.4	6.3	476.8
0.4	18.5	515.1	13.4	9.8	476.8
0.0	20.0	629.6	13.4	11.0	476.8
0.5	22.4	585.0	13.5	10.6	476.8
9.1	23.6	219.8	13.5	6.9	476.8
8.9	25.0	367.6	13.5	9.0	476.8
25.8	24.2	454.7	13.5	10.0	476.8
1.4	20.6	266.7	13.6	9.3	476.8
0.6	18.5	257.7	13.6	7.7	476.8
0.2	20.9	556.2	13.6	8.6	476.8
0.5	20.5	612.2	13.6	8.8	476.8
0.8	16.9	76.2	13.6	5.4	476.8
0.6	16.7	94.0	13.7	4.6	476.8
2.3	19.2	135.6	13.7	7.5	476.8
2.8	17.7	56.2	13.7	4.9	476.8
1.4	20.7	430.2	13.7	9.1	476.8
10.4	22.7	293.7	13.8	8.5	476.8
9.0	24.2	365.9	13.8	8.1	476.8
15.6	25.0	595.8	13.8	8.1	476.8
18.8	25.3	371.4	13.8	9.0	476.8
28.3	23.2	291.5	13.8	8.8	476.8
0.2	18.4	314.5	13.8	8.2	476.8
0.0	22.4	656.8	13.9	10.8	476.8
0.1	22.2	661.8	13.9	11.7	476.8
0.0	24.2	655.3	13.9	13.0	476.8
0.3	24.5	484.6	13.9	10.1	476.8
17.9	24.7	411.4	13.9	9.1	476.8
9.5	24.5	220.0	13.9	8.8	476.8
21.6	24.9	454.4	13.9	9.6	475.5
15.5	24.9	179.0	14.0	7.9	475.5
4.4	23.6	148.6	14.0	8.1	475.5
2.4	20.7	139.4	14.0	6.6	475.5
1.1	19.4	43.8	14.0	3.9	475.5
0.4	20.0	106.1	14.0	4.9	475.5
0.5	21.9	190.5	14.0	6.8	475.5
2.7	25.0	473.8	14.0	10.0	475.5
0.3	24.9	451.7	14.0	9.6	475.5
0.1	26.3	636.6	14.0	10.9	475.5
0.0	26.7	613.4	14.0	11.1	475.5
19.3	24.6	150.3	14.1	8.9	475.5
2.4	21.6	37.8	14.1	3.6	475.5
0.8	23.1	96.3	14.1	5.1	475.5
1.5	25.6	507.3	14.1	9.1	475.5
0.6	25.0	356.1	14.1	8.8	475.5
0.5	24.8	562.1	14.1	10.1	475.5
0.1	23.5	237.4	14.1	8.5	475.5
0.0	24.4	642.7	14.1	9.7	475.5
0.0	23.9	380.0	14.1	11.8	475.5
0.5	24.1	647.4	14.1	11.7	475.5
0.0	24.6	551.8	14.1	11.2	475.5
0.3	24.1	368.8	14.1	9.8	475.5
0.2	24.4	564.9	14.1	10.5	475.5
0.0	24.3	591.8	14.1	11.2	475.5
0.0	23.8	632.9	14.1	9.8	475.5
0.0	22.9	322.3	14.1	8.5	475.5
0.0	21.7	164.5	14.1	8.3	475.5
0.0	24.5	680.4	14.1	11.0	475.5
0.7	25.4	670.2	14.1	11.6	475.5
0.0	26.9	608.6	14.1	11.8	472.5
4.5	27.5	463.8	14.0	11.2	472.5
0.1	27.1	326.5	14.0	10.4	472.5
7.0	26.9	630.6	14.0	12.4	472.5
0.4	24.7	438.1	14.0	10.7	472.5
0.1	26.2	618.4	14.0	10.2	472.5
0.0	28.5	640.5	14.0	11.6	472.5
27.8	26.2	408.7	14.0	9.3	472.5
2.8	25.4	136.7	14.0	7.8	472.5
12.7	25.8	171.6	14.0	7.4	472.5
16.2	25.9	198.7	14.0	8.1	472.5
18.0	26.0	348.9	14.0	9.2	472.5
5.5	25.6	411.6	13.9	9.0	472.5
2.6	25.0	425.0	13.9	8.2	472.5
1.6	25.2	359.4	13.9	7.9	472.5
1.6	25.7	369.3	13.9	7.8	472.5
1.4	26.1	384.4	13.9	9.2	472.5
2.1	27.8	630.1	13.9	10.5	472.5
16.3	27.5	440.9	13.8	9.6	472.5
8.2	27.1	278.8	13.8	8.1	472.5
14.7	27.7	503.3	13.8	10.2	472.5
24.3	27.3	473.9	13.8	9.7	472.5
11.5	27.7	387.0	13.8	9.4	472.5
3.7	28.4	510.2	13.8	10.4	472.5
3.8	27.8	364.8	13.7	10.1	472.5
0.3	27.9	414.1	13.7	10.3	472.5
6.7	27.3	428.4	13.7	9.9	472.5
13.6	27.7	590.2	13.7	10.6	472.5
12.7	27.3	596.2	13.7	10.5	472.5
7.8	27.2	560.4	13.6	9.9	472.5
15.3	27.2	541.7	13.6	9.8	472.5
13.9	27.0	367.4	13.6	8.5	470.5
8.7	26.9	273.2	13.6	8.7	470.5
15.7	27.0	429.0	13.6	9.8	470.5
7.0	26.7	504.0	13.5	8.8	470.5
14.9	26.3	411.4	13.5	8.7	470.5
18.1	26.9	479.9	13.5	8.4	470.5
16.8	27.3	408.6	13.5	9.5	470.5
12.3	27.4	417.9	13.4	8.8	470.5
12.9	27.5	452.5	13.4	8.6	470.5
10.7	27.2	361.3	13.4	8.6	470.5
9.0	26.9	380.4	13.4	10.0	470.5
0.1	27.8	576.4	13.3	10.5	470.5
0.0	28.0	585.0	13.3	9.8	470.5
0.1	27.7	545.6	13.3	9.7	470.5
0.0	28.7	608.2	13.3	10.3	470.5
0.1	29.6	596.5	13.2	11.3	470.5
2.7	29.4	578.6	13.2	11.1	470.5
7.6	28.7	526.4	13.2	10.8	470.5
7.6	28.4	555.8	13.2	10.3	470.5
5.3	28.6	558.4	13.1	10.0	470.5
2.9	28.0	555.8	13.1	10.4	470.5
1.8	27.5	401.7	13.1	8.3	470.5
8.8	26.8	344.8	13.0	8.8	470.5
5.7	27.3	506.2	13.0	9.4	470.5
10.3	27.5	556.3	13.0	9.7	470.5
23.0	27.0	528.4	13.0	8.9	470.5
13.2	26.8	511.5	12.9	9.0	470.5
10.4	26.5	480.3	12.9	8.6	470.5
9.4	26.0	418.1	12.9	7.3	470.5
3.9	25.2	308.6	12.8	6.3	470.5
1.4	24.5	248.0	12.8	6.3	470.5
0.0	23.6	458.8	12.8	8.5	469.7
0.0	24.2	574.6	12.8	9.2	469.7
0.0	24.4	575.3	12.7	9.7	469.7
0.1	24.7	465.5	12.7	9.0	469.7
0.0	25.6	428.6	12.7	7.6	469.7
1.0	26.5	375.0	12.6	7.8	469.7
0.8	27.0	451.5	12.6	9.1	469.7
0.3	27.7	490.1	12.6	8.8	469.7
7.1	26.8	352.6	12.6	9.4	469.7
25.7	25.8	348.4	12.5	8.0	469.7
5.9	22.3	307.7	12.5	8.3	469.7
0.0	22.0	545.9	12.5	8.1	469.7
0.0	21.5	519.8	12.4	7.2	469.7
0.8	21.7	228.5	12.4	6.4	469.7
1.5	21.5	313.1	12.4	6.2	469.7
0.0	21.1	340.7	12.3	8.2	469.7
0.0	21.1	534.3	12.3	8.7	469.7
0.0	21.2	533.3	12.3	9.3	469.7
0.0	22.1	534.2	12.3	9.6	469.7
0.0	22.8	525.7	12.2	9.9	469.7
0.0	23.2	521.2	12.2	10.1	469.7
0.0	23.6	517.4	12.2	9.6	469.7
0.0	22.6	504.1	12.1	9.4	469.7
0.0	21.9	513.1	12.1	8.7	469.7
0.0	23.1	508.5	12.1	9.2	469.7
0.0	22.7	508.6	12.0	8.9	469.7
0.0	23.8	497.3	12.0	8.3	469.7
0.0	21.9	497.1	12.0	9.0	469.7
0.0	20.8	497.9	12.0	7.2	469.7
0.0	20.3	403.7	11.9	7.8	469.7
0.0	20.2	511.6	11.9	8.6	469.8
0.0	21.0	503.7	11.9	9.3	469.8
0.0	19.7	502.8	11.8	8.6	469.8
0.0	21.5	494.8	11.8	9.1	469.8
0.0	19.8	483.8	11.8	8.8	469.8
0.0	19.0	489.9	11.7	8.8	469.8
0.0	19.5	486.2	11.7	8.6	469.8
0.0	19.9	477.6	11.7	8.5	469.8
0.0	20.2	473.7	11.7	8.8	469.8
0.0	20.8	468.3	11.6	8.6	469.8
0.0	20.1	457.0	11.6	8.0	469.8
0.0	17.1	470.2	11.6	7.1	469.8
0.0	17.5	463.5	11.5	7.4	469.8
0.0	18.6	457.0	11.5	7.4	469.8
0.0	18.1	454.0	11.5	7.5	469.8
0.0	18.2	451.3	11.4	7.0	469.8
0.0	18.3	404.2	11.4	7.4	469.8
0.0	19.4	433.4	11.4	6.8	469.8
0.0	19.1	413.9	11.4	6.9	469.8
0.0	18.2	389.3	11.3	8.2	469.8
0.0	19.3	440.5	11.3	7.2	469.8
0.0	21.0	404.1	11.3	7.0	469.8
0.0	20.4	195.8	11.2	4.5	469.8
0.7	21.4	261.1	11.2	6.1	469.8
0.5	18.6	118.7	11.2	4.1	469.8
3.3	12.7	48.5	11.2	5.1	469.8
0.0	9.8	412.1	11.1	4.9	469.8
0.0	10.4	424.1	11.1	5.3	469.8
0.0	12.2	411.6	11.1	5.9	469.8
0.0	14.7	392.0	11.0	6.3	469.8
0.0	16.0	358.7	11.0	6.4	469.8
0.0	17.0	387.5	11.0	6.1	471.3
0.1	14.7	184.8	11.0	5.1	471.3
0.0	11.9	354.6	10.9	5.3	471.3
0.0	12.9	390.5	10.9	5.5	471.3
0.0	13.8	335.8	10.9	6.0	471.3
0.0	15.0	381.7	10.9	6.0	471.3
0.0	15.2	367.9	10.8	5.3	471.3
0.0	13.3	305.9	10.8	4.5	471.3
0.0	11.1	176.9	10.8	4.6	471.3
0.0	9.3	380.0	10.8	4.7	471.3
0.0	11.8	375.8	10.7	5.1	471.3
0.0	14.1	357.0	10.7	5.3	471.3
0.0	16.4	314.8	10.7	5.6	471.3
17.7	12.8	261.7	10.7	6.6	471.3
0.1	5.7	157.6	10.6	2.5	471.3
0.0	6.5	358.8	10.6	3.4	471.3
0.0	8.6	351.5	10.6	3.9	471.3
0.0	8.5	355.9	10.6	4.3	471.3
0.0	11.3	292.7	10.6	4.6	471.3
0.0	12.6	197.3	10.5	4.2	471.3
0.0	6.4	264.1	10.5	3.9	471.3
0.0	6.0	337.3	10.5	3.2	471.3
0.0	8.2	135.9	10.5	3.1	471.3
0.0	9.1	339.1	10.5	4.5	471.3
0.0	9.4	341.7	10.4	5.0	471.3
0.0	10.5	334.6	10.4	5.0	471.3
0.0	12.5	306.0	10.4	5.1	471.3
0.0	13.7	199.8	10.4	4.8	471.3
0.0	13.8	321.4	10.4	5.6	471.3
0.0	14.7	318.0	10.4	5.4	471.3
0.0	16.9	307.1	10.3	5.5	473.2
0.6	16.6	120.5	10.3	4.0	473.2
1.2	16.1	65.1	10.3	3.1	473.2
0.8	15.3	73.6	10.3	3.1	473.2
1.1	14.2	80.6	10.3	2.8	473.2
0.1	9.6	76.0	10.3	3.6	473.2
0.0	5.7	321.2	10.3	3.4	473.2
0.0	7.2	314.1	10.3	3.7	473.2
0.0	8.6	124.5	10.2	2.7	473.2
8.2	11.7	154.1	10.2	3.7	473.2
0.5	9.9	85.9	10.2	2.0	473.2
17.5	13.6	165.4	10.2	3.3	473.2
2.1	8.0	38.1	10.2	4.0	473.2
0.0	6.7	285.6	10.2	2.8	473.2
0.0	10.6	285.2	10.2	3.8	473.2
0.2	14.5	276.0	10.2	4.8	473.2
8.8	16.9	141.6	10.2	4.1	473.2
1.7	8.9	62.7	10.2	4.4	473.2
12.6	2.3	41.9	10.2	1.7	473.2
0.3	-0.3	193.3	10.2	2.3	473.2
0.1	0.7	177.3	10.2	2.3	473.2
0.2	3.0	268.1	10.2	3.2	473.2
0.2	6.6	264.7	10.2	3.8	473.2
0.2	11.3	261.8	10.2	4.0	473.2
1.2	13.5	201.6	10.2	3.9	473.2
20.8	11.1	23.4	10.2	2.5	473.2
1.3	9.6	77.9	10.2	1.6	473.2
3.1	8.2	72.3	10.2	2.5	473.2
1.2	4.7	84.2	10.2	1.4	473.2
0.6	5.8	158.7	10.2	2.8	473.2
0.4	8.1	218.2	10.2	3.8	473.2
0.1	12.9	201.3	10.2	4.3	475.3
2.1	11.5	261.4	10.2	5.5	475.3
0.1	1.5	134.4	10.2	2.0	475.3
0.0	0.4	322.6	10.2	2.4	475.3
0.0	4.5	318.7	10.3	3.3	475.3
0.0	6.0	312.7	10.3	3.6	475.3
0.0	3.6	318.0	10.3	3.1	475.3
0.0	6.5	286.3	10.3	3.7	475.3
0.1	5.9	189.7	10.3	2.5	475.3
0.2	4.5	255.5	10.3	2.8	475.3
0.0	2.2	338.9	10.3	2.3	475.3
0.0	5.0	332.7	10.3	3.6	475.3
0.0	6.6	336.7	10.4	4.2	475.3
0.0	8.1	334.1	10.4	4.7	475.3
0.0	11.0	270.3	10.4	4.7	475.3
0.0	11.4	323.2	10.4	4.7	475.3
0.0	8.9	336.7	10.4	4.5	475.3
0.0	9.2	345.7	10.4	4.2	475.3
0.0	7.3	351.1	10.5	4.1	475.3
0.0	8.5	352.5	10.5	4.7	475.3
0.0	3.0	284.0	10.5	3.2	475.3
0.0	-1.8	362.9	10.5	2.0	475.3
0.0	-0.1	370.7	10.5	2.7	475.3
0.0	5.0	366.7	10.6	4.3	475.3
0.0	2.1	363.4	10.6	3.2	475.3
0.0	0.9	205.9	10.6	2.0	475.3
0.0	3.6	120.5	10.6	2.4	475.3
0.0	3.9	311.1	10.6	3.3	475.3
3.9	3.1	139.5	10.7	2.6	475.3
1.0	4.5	222.6	10.7	3.1	475.3
29.3	3.4	52.8	10.7	1.0	475.3
9.2	4.4	39.9	10.7	1.1	476.3
4.1	4.3	23.8	10.8	1.5	476.3
2.9	4.9	119.2	10.8	2.0	476.3
31.2	4.3	23.6	10.8	2.1	476.3
9.2	2.0	31.7	10.8	1.4	476.3
9.2	1.5	82.1	10.9	1.5	476.3
1.0	1.5	105.7	10.9	2.6	476.3
0.5	2.9	247.6	10.9	3.7	476.3
12.9	7.2	352.2	10.9	4.4	476.3
20.8	6.2	28.8	11.0	2.6	476.3
1.2	4.9	130.0	11.0	2.2	476.3
13.7	7.7	132.9	11.0	2.9	476.3
6.8	9.3	58.2	11.0	2.5	476.3
0.3	12.4	165.6	11.1	4.5	476.3
18.5	11.8	65.0	11.1	3.4	476.3
1.7	8.2	57.3	11.1	1.9	476.3
8.0	6.7	55.7	11.2	2.6	476.3
2.9	5.0	51.3	11.2	1.5	476.3
31.4	6.2	38.4	11.2	2.3	476.3
2.2	3.4	123.4	11.2	2.4	476.3
0.0	7.4	356.9	11.3	4.4	476.3
21.2	8.2	74.4	11.3	3.0	476.3
18.8	15.0	65.5	11.3	5.8	476.3
71.5	14.3	45.3	11.4	6.7	476.3
2.0	3.9	58.7	11.4	2.4	476.3
1.0	3.2	89.8	11.4	2.2	476.3
6.9	8.3	205.7	11.4	5.5	476.3
41.3	10.5	31.5	11.5	5.9	476.3
4.6	2.5	57.9	11.5	2.9	476.3
0.0	0.0	471.7	11.5	2.9	476.6
1.4	2.8	223.0	11.6	3.2	476.6
29.7	2.5	75.9	11.6	2.3	476.6
5.6	1.7	65.0	11.6	1.3	476.6
0.4	4.4	216.4	11.7	3.0	476.6
0.0	5.8	460.4	11.7	3.7	476.6
4.2	5.9	230.9	11.7	2.8	476.6
9.5	7.6	70.1	11.7	2.8	476.6
0.5	7.7	130.6	11.8	3.6	476.6
15.1	8.0	84.1	11.8	2.5	476.6
1.5	8.1	138.6	11.8	3.8	476.6
1.2	8.9	261.2	11.9	5.9	476.6
3.9	11.9	301.7	11.9	6.3	476.6
25.4	11.8	46.8	11.9	3.7	476.6
2.0	12.1	132.9	12.0	4.9	476.6
7.6	11.8	88.6	12.0	3.3	476.6
5.9	12.5	48.5	12.0	3.4	476.6
0.7	12.3	210.7	12.1	5.8	476.6
0.0	14.9	358.0	12.1	6.8	476.6
2.2	17.8	417.1	12.1	7.9	476.6
10.2	11.1	73.5	12.1	7.4	476.6
0.0	5.8	506.2	12.2	4.7	476.6
0.0	8.7	357.3	12.2	5.3	476.6
0.0	8.9	245.9	12.2	5.8	476.6
0.0	9.8	562.6	12.3	6.9	476.6
0.0	14.4	541.4	12.3	8.4	476.6
2.1	14.0	112.3	12.3	4.8	476.6
0.4	15.7	271.4	12.4	7.9	476.6
13.8	16.7	343.4	12.4	9.5	476.6
0.0	13.5	475.8	12.4	7.3	476.6
0.0	14.8	549.9	12.5	7.7	476.6
0.0	17.0	532.0	12.5	8.8	477.0
0.1	19.2	570.2	12.5	10.1	477.0
14.2	17.5	165.0	12.5	7.0	477.0
0.0	16.2	576.9	12.6	8.8	477.0
9.1	18.8	552.2	12.6	8.3	477.0
9.6	20.4	221.0	12.6	6.3	477.0
2.4	14.8	144.2	12.7	10.1	477.0
0.0	11.9	455.5	12.7	6.4	477.0
23.4	12.7	100.9	12.7	3.5	477.0
0.5	9.9	116.4	12.8	6.1	477.0
0.0	13.6	612.4	12.8	7.7	477.0
0.0	14.9	603.3	12.8	8.5	477.0
0.2	14.3	589.7	12.8	9.1	477.0
0.0	12.1	630.6	12.9	8.2	477.0
0.0	16.8	596.4	12.9	9.9	477.0
0.8	18.9	114.3	12.9	7.5	477.0
16.5	21.3	518.6	13.0	10.9	477.0
30.4	10.9	60.6	13.0	6.4	477.0
68.7	12.7	52.9	13.0	5.1	477.0
2.9	14.2	69.2	13.0	4.8	477.0
4.6	14.3	82.4	13.1	3.3	477.0
10.1	16.8	81.1	13.1	5.9	477.0
14.6	14.7	87.5	13.1	8.0	477.0
0.0	15.3	421.6	13.2	7.1	477.0
50.7	18.5	125.8	13.2	9.4	477.0
2.8	13.1	260.7	13.2	7.5	477.0
0.7	10.8	202.1	13.2	6.1	477.0
0.0	14.4	624.8	13.3	7.8	477.0
0.0	16.1	280.4	13.3	7.3	477.0
0.7	12.7	132.7	13.3	8.7	477.0
0.0	15.5	634.3	13.3	8.4	477.2
0.0	16.8	499.2	13.4	9.2	477.2
0.9	22.7	520.2	13.4	10.7	477.2
16.4	22.5	132.0	13.4	5.6	477.2
16.5	22.3	78.6	13.4	6.8	477.2
11.8	22.6	190.3	13.5	7.7	477.2
12.4	24.5	199.1	13.5	7.9	477.2
0.9	20.3	191.3	13.5	9.6	477.2
0.1	16.7	266.3	13.5	6.8	477.2
1.6	22.3	583.5	13.6	10.9	477.2
21.7	19.4	66.2	13.6	9.1	477.2
0.7	15.2	138.8	13.6	6.0	477.2
0.0	17.5	424.5	13.6	7.9	477.2
0.0	17.1	392.2	13.6	9.4	477.2
0.2	19.1	649.3	13.7	10.4	477.2
0.0	20.6	654.1	13.7	11.1	477.2
0.6	22.6	650.6	13.7	10.9	477.2
1.7	24.0	634.7	13.7	10.8	477.2
13.5	24.1	588.6	13.7	9.8	477.2
35.9	21.0	70.2	13.8	7.4	477.2
1.3	19.6	170.3	13.8	6.7	477.2
0.0	22.2	460.2	13.8	9.1	477.2
1.7	23.3	530.5	13.8	10.7	477.2
2.0	24.3	566.6	13.8	10.5	477.2
44.9	22.9	168.6	13.9	7.9	477.2
22.1	20.9	107.3	13.9	7.6	477.2
0.1	20.3	519.3	13.9	9.5	477.2
0.0	20.2	563.2	13.9	10.4	477.2
32.7	21.0	538.8	13.9	9.3	477.2
10.8	20.3	48.0	13.9	7.9	477.2
25.4	22.3	312.8	13.9	10.4	477.2
0.2	22.1	579.9	14.0	10.1	475.9
0.0	23.0	594.9	14.0	10.2	475.9
0.2	23.8	521.6	14.0	10.9	475.9
0.1	25.3	589.1	14.0	11.4	475.9
0.0	24.0	287.5	14.0	10.3	475.9
8.5	25.1	564.6	14.0	9.8	475.9
17.7	23.7	63.0	14.0	5.1	475.9
0.9	23.5	535.4	14.0	11.0	475.9
0.1	22.9	556.9	14.0	9.5	475.9
0.0	26.6	621.8	14.0	11.0	475.9
0.4	27.3	443.3	14.1	10.6	475.9
3.5	24.6	63.8	14.1	4.5	475.9
19.4	24.5	98.3	14.1	6.0	475.9
0.1	23.2	400.4	14.1	9.3	475.9
0.0	24.1	689.9	14.1	11.8	475.9
0.3	24.6	547.8	14.1	11.6	475.9
0.0	24.8	653.3	14.1	10.5	475.9
0.1	25.4	597.9	14.1	10.6	475.9
24.5	24.5	381.8	14.1	11.0	475.9
15.0	22.2	83.6	14.1	5.8	475.9
0.4	24.4	382.7	14.1	9.4	475.9
5.3	25.3	603.0	14.1	11.8	475.9
0.1	25.6	606.9	14.1	10.3	475.9
0.1	22.6	426.9	14.1	8.9	475.9
0.1	24.2	542.2	14.1	9.2	475.9
3.6	23.9	160.0	14.1	5.9	475.9
20.9	23.0	29.7	14.1	5.7	475.9
1.2	22.1	298.0	14.1	8.1	475.9
0.3	22.1	547.0	14.1	9.5	475.9
0.1	23.4	634.8	14.1	10.0	475.9
0.4	24.7	405.9	14.1	9.1	472.8
13.6	24.4	192.3	14.0	6.4	472.8
2.5	26.1	430.9	14.0	8.9	472.8
8.7	26.7	448.6	14.0	10.4	472.8
25.0	26.5	434.7	14.0	10.3	472.8
13.1	26.8	493.0	14.0	9.3	472.8
13.1	27.2	594.1	14.0	10.5	472.8
11.6	27.3	572.9	14.0	10.0	472.8
2.5	27.4	437.2	14.0	9.5	472.8
16.8	26.7	336.1	14.0	8.5	472.8
6.2	26.4	221.9	14.0	9.0	472.8
4.4	26.1	222.3	13.9	8.9	472.8
12.0	26.5	423.6	13.9	9.8	472.8
13.0	26.9	409.3	13.9	9.4	472.8
9.1	27.1	415.6	13.9	9.2	472.8
12.4	27.3	558.8	13.9	10.2	472.8
4.7	27.4	607.6	13.9	11.0	472.8
4.3	27.5	605.8	13.9	10.4	472.8
5.7	27.6	611.5	13.8	11.0	472.8
18.6	26.6	346.1	13.8	8.5	472.8
14.2	26.5	375.5	13.8	10.2	472.8
0.1	27.8	637.4	13.8	10.8	472.8
8.6	28.0	611.9	13.8	10.4	472.8
11.8	27.6	542.1	13.7	9.2	472.8
17.8	27.3	410.5	13.7	9.1	472.8
13.8	27.5	373.3	13.7	9.1	472.8
14.5	27.7	474.4	13.7	9.9	472.8
5.2	28.1	568.0	13.7	10.4	472.8
19.2	26.5	435.5	13.6	8.6	472.8
0.9	26.7	453.8	13.6	9.0	472.8
11.8	27.5	471.6	13.6	9.2	472.8
6.3	26.0	167.5	13.6	6.9	470.8
0.4	27.0	393.5	13.6	8.9	470.8
9.1	27.3	456.5	13.5	9.6	470.8
7.0	27.1	363.5	13.5	9.0	470.8
7.7	27.5	514.3	13.5	9.2	470.8
9.2	27.8	575.1	13.5	10.5	470.8
2.3	28.6	602.7	13.4	10.6	470.8
15.4	28.0	441.6	13.4	9.4	470.8
30.6	26.3	349.5	13.4	9.2	470.8
18.2	26.3	280.9	13.4	8.0	470.8
23.4	25.2	313.1	13.3	6.9	470.8
3.0	25.5	333.4	13.3	7.0	470.8
37.9	25.2	295.4	13.3	6.3	470.8
1.4	26.3	448.7	13.3	8.9	470.8
15.7	26.3	430.3	13.2	8.6	470.8
11.1	26.3	457.5	13.2	8.3	470.8
6.9	26.1	533.5	13.2	9.1	470.8
7.9	25.9	429.5	13.2	8.2	470.8
14.7	25.7	401.8	13.1	9.2	470.8
13.8	25.9	535.0	13.1	8.9	470.8
0.1	25.3	392.7	13.1	9.7	470.8
1.7	25.9	581.1	13.1	10.8	470.8
0.0	26.2	585.0	13.0	10.3	470.8
0.0	25.1	569.2	13.0	10.0	470.8
4.2	24.2	564.6	13.0	9.7	470.8
3.9	25.3	549.4	12.9	9.7	470.8
0.0	26.9	552.8	12.9	9.7	470.8
0.1	27.6	571.3	12.9	9.8	470.8
0.1	28.0	555.7	12.9	10.3	470.8
0.0	27.4	556.8	12.8	9.8	470.8
0.0	27.3	564.8	12.8	9.4	470.8
10.3	26.5	525.5	12.8	9.9	470.0
1.4	25.9	407.9	12.7	7.4	470.0
0.9	25.6	245.9	12.7	6.7	470.0
4.1	25.2	298.4	12.7	7.6	470.0
0.1	23.8	398.3	12.7	8.5	470.0
0.1	24.3	543.9	12.6	8.6	470.0
0.0	23.4	541.5	12.6	8.9	470.0
0.0	22.9	404.4	12.6	8.1	470.0
0.0	22.5	563.5	12.5	9.1	470.0
0.0	22.3	567.3	12.5	9.2	470.0
0.0	23.3	549.5	12.5	8.5	470.0
0.0	22.6	461.5	12.4	9.2	470.0
0.0	22.7	555.5	12.4	8.8	470.0
0.0	23.0	549.9	12.4	9.6	470.0
0.0	22.9	548.0	12.4	9.6	470.0
0.0	22.8	553.1	12.3	8.2	470.0
0.1	24.8	505.3	12.3	7.9	470.0
0.0	24.5	203.2	12.3	8.3	470.0
0.0	24.1	534.0	12.2	10.0	470.0
0.0	23.2	541.2	12.2	10.3	470.0
0.0	22.7	532.3	12.2	9.2	470.0
0.0	22.9	518.2	12.1	9.2	470.0
0.0	24.4	513.0	12.1	9.7	470.0
0.0	20.5	523.3	12.1	8.9	470.0
0.0	21.4	525.2	12.1	8.9	470.0
0.0	22.6	511.8	12.0	9.4	470.0
0.0	23.5	503.7	12.0	9.2	470.0
0.0	24.1	490.4	12.0	9.3	470.0
0.0	23.1	498.1	11.9	9.3	470.0
0.0	23.4	495.0	11.9	8.7	470.0
0.0	24.9	484.8	11.9	8.9	470.2
0.0	25.6	467.6	11.8	8.8	470.2
0.4	19.2	131.6	11.8	6.4	470.2
0.0	16.2	495.1	11.8	7.7	470.2
0.0	15.7	430.3	11.8	7.7	470.2
0.0	18.1	475.1	11.7	7.5	470.2
0.0	19.1	426.8	11.7	7.1	470.2
0.1	20.6	226.3	11.7	6.2	470.2
0.0	20.5	179.3	11.6	5.7	470.2
0.0	21.8	359.7	11.6	7.6	470.2
0.0	21.0	417.8	11.6	7.4	470.2
0.0	22.0	421.3	11.5	7.7	470.2
0.0	21.9	200.1	11.5	5.9	470.2
0.1	21.9	255.5	11.5	6.5	470.2
0.0	24.1	417.8	11.5	7.9	470.2
7.4	23.9	377.8	11.4	7.4	470.2
19.9	21.6	229.1	11.4	6.2	470.2
1.4	16.6	89.9	11.4	3.7	470.2
0.3	18.2	250.4	11.3	5.4	470.2
0.0	14.3	378.9	11.3	5.8	470.2
0.0	15.0	430.5	11.3	5.5	470.2
0.0	19.1	267.1	11.3	6.0	470.2
5.0	20.6	171.3	11.2	5.5	470.2
31.7	20.2	53.6	11.2	3.4	470.2
2.2	10.7	41.0	11.2	6.0	470.2
1.3	9.0	198.9	11.1	3.1	470.2
0.0	6.7	129.3	11.1	3.1	470.2
0.0	7.3	419.0	11.1	4.0	470.2
0.0	8.6	410.9	11.1	4.6	470.2
0.0	10.8	404.3	11.0	5.5	470.2
0.0	13.4	395.5	11.0	6.1	470.2
0.1	15.0	384.6	11.0	6.2	471.6
0.0	14.6	218.9	10.9	5.4	471.6
0.0	13.4	388.5	10.9	5.2	471.6
0.0	13.6	388.6	10.9	5.3	471.6
0.0	17.0	374.6	10.9	6.4	471.6
0.0	18.9	367.6	10.8	6.2	471.6
0.3	19.0	102.3	10.8	4.6	471.6
0.2	17.6	137.5	10.8	5.1	471.6
4.3	18.7	267.7	10.8	5.1	471.6
33.8	17.4	31.8	10.7	2.1	471.6
2.5	16.1	32.9	10.7	3.4	471.6
1.1	11.7	159.5	10.7	3.3	471.6
2.6	10.1	64.8	10.7	1.5	471.6
0.2	10.1	142.5	10.7	2.3	471.6
1.2	9.7	127.2	10.6	2.5	471.6
0.2	7.2	107.1	10.6	3.0	471.6
0.0	7.2	345.8	10.6	3.9	471.6
0.0	9.2	356.6	10.6	4.0	471.6
0.2	12.2	323.5	10.5	4.6	471.6
0.3	12.8	222.5	10.5	4.2	471.6
0.0	15.6	259.6	10.5	4.8	471.6
1.8	16.1	118.0	10.5	4.7	471.6
0.7	11.6	148.6	10.5	2.8	471.6
18.1	7.9	53.6	10.4	3.8	471.6
0.0	2.7	267.9	10.4	2.3	471.6
0.0	4.6	263.5	10.4	2.7	471.6
0.0	7.3	279.5	10.4	3.3	471.6
0.0	4.4	290.2	10.4	2.9	471.6
0.0	3.1	330.3	10.4	2.9	471.6
0.0	5.3	253.1	10.3	2.9	471.6
7.8	10.0	113.6	10.3	3.2	473.5
0.1	7.0	65.9	10.3	3.2	473.5
0.0	6.6	302.6	10.3	3.0	473.5
2.7	9.5	83.4	10.3	2.8	473.5
5.3	7.8	28.4	10.3	2.8	473.5
0.0	2.4	232.5	10.3	2.4	473.5
0.0	2.4	296.8	10.3	2.2	473.5
0.0	1.5	52.8	10.3	1.2	473.5
10.4	2.8	39.5	10.2	1.5	473.5
18.5	3.3	17.8	10.2	1.7	473.5
1.4	2.1	90.5	10.2	1.1	473.5
0.9	3.0	112.9	10.2	2.0	473.5
0.3	2.8	136.6	10.2	2.5	473.5
0.3	5.0	237.3	10.2	3.6	473.5
0.2	6.6	252.3	10.2	4.1	473.5
0.0	1.8	248.6	10.2	2.5	473.5
0.0	-0.4	309.5	10.2	1.9	473.5
0.0	-0.8	287.8	10.2	2.2	473.5
0.0	1.3	314.8	10.2	2.9	473.5
0.0	2.8	308.7	10.2	3.3	473.5
0.0	4.4	310.9	10.2	3.4	473.5
0.0	5.4	291.8	10.2	3.6	473.5
0.0	4.8	289.3	10.2	3.6	473.5
0.0	7.2	305.6	10.2	4.1	473.5
0.1	2.9	246.9	10.2	3.1	473.5
0.2	-1.6	58.0	10.2	1.0	473.5
0.0	0.5	296.3	10.2	2.3	473.5
0.0	0.9	306.0	10.2	2.7	473.5
0.0	-2.0	321.7	10.2	2.2	473.5
0.0	2.9	298.9	10.2	3.0	473.5
0.0	3.3	77.6	10.2	2.7	473.5
0.0	6.4	312.7	10.2	4.0	475.6
0.0	6.6	311.2	10.2	3.5	475.6
0.3	8.6	102.4	10.2	2.8	475.6
16.5	10.2	25.8	10.3	3.0	475.6
1.1	4.3	86.1	10.3	1.6	475.6
0.1	4.4	317.5	10.3	2.8	475.6
0.0	0.6	329.7	10.3	2.6	475.6
0.0	3.2	312.6	10.3	3.1	475.6
0.0	5.2	324.2	10.3	3.7	475.6
0.0	5.4	297.5	10.3	3.7	475.6
1.0	7.9	246.3	10.3	3.7	475.6
0.4	1.4	106.4	10.3	2.2	475.6
0.0	-0.8	335.3	10.4	2.5	475.6
0.0	0.2	280.7	10.4	2.3	475.6
1.8	2.0	135.5	10.4	2.2	475.6
0.8	2.6	96.0	10.4	1.8	475.6
0.0	4.0	331.0	10.4	2.6	475.6
0.3	4.4	97.3	10.4	2.4	475.6
6.8	6.1	138.6	10.5	2.8	475.6
15.6	6.8	38.9	10.5	1.9	475.6
3.7	5.6	56.7	10.5	2.5	475.6
0.5	2.2	134.7	10.5	2.3	475.6
0.3	2.2	200.0	10.5	2.8	475.6
0.3	3.5	179.9	10.6	2.8	475.6
2.8	6.0	211.0	10.6	3.1	475.6
3.3	4.2	52.6	10.6	3.1	475.6
0.0	-0.8	374.6	10.6	2.6	475.6
0.0	3.4	372.3	10.7	3.6	475.6
0.0	2.0	371.4	10.7	3.1	475.6
0.0	6.0	367.1	10.7	4.6	475.6
0.4	9.1	325.0	10.7	4.7	475.6
0.1	2.6	176.1	10.8	3.1	476.6
0.1	-0.7	381.8	10.8	2.5	476.6
0.0	-1.4	394.3	10.8	2.7	476.6
0.0	2.4	362.9	10.8	3.4	476.6
0.0	1.4	226.8	10.9	3.3	476.6
0.0	1.3	399.5	10.9	3.5	476.6
0.0	0.5	416.4	10.9	3.3	476.6
0.0	4.1	422.1	10.9	4.7	476.6
0.0	6.9	426.4	11.0	5.5	476.6
0.0	8.9	419.4	11.0	6.1	476.6
0.0	11.5	420.6	11.0	7.0	476.6
1.0	12.5	404.9	11.0	7.5	476.6
0.6	2.6	103.0	11.1	2.7	476.6
0.0	5.0	431.6	11.1	4.8	476.6
0.0	8.9	350.6	11.1	5.4	476.6
0.0	10.1	432.0	11.2	6.1	476.6
0.0	12.9	432.5	11.2	7.3	476.6
0.0	17.4	439.6	11.2	8.2	476.6
0.0	19.4	419.7	11.2	7.5	476.6
6.0	19.0	333.7	11.3	7.4	476.6
3.8	18.3	221.0	11.3	7.1	476.6
0.0	21.3	410.7	11.3	7.6	476.6
5.9	21.3	322.0	11.4	7.7	476.6
14.5	13.2	75.0	11.4	6.5	476.6
6.7	6.3	103.4	11.4	3.5	476.6
1.8	5.8	285.7	11.4	2.9	476.6
14.2	7.1	88.2	11.5	2.6	476.6
23.2	9.0	47.6	11.5	2.8	476.6
20.7	9.4	195.4	11.5	3.7	476.9
19.7	7.8	33.4	11.6	1.7	476.9
5.7	9.9	46.8	11.6	2.9	476.9
4.4	9.0	46.5	11.6	3.1	476.9
0.6	8.5	320.6	11.7	4.5	476.9
41.9	9.7	73.8	11.7	2.9	476.9
10.0	2.8	47.0	11.7	4.5	476.9
0.1	-0.5	245.7	11.7	2.9	476.9
0.1	1.3	494.5	11.8	3.5	476.9
0.0	4.7	250.0	11.8	3.8	476.9
3.1	9.4	462.0	11.8	5.4	476.9
30.3	9.0	46.6	11.9	3.8	476.9
0.0	4.8	410.9	11.9	4.1	476.9
0.0	6.5	362.9	11.9	4.2	476.9
0.0	6.7	516.5	12.0	5.9	476.9
0.0	7.9	223.0	12.0	4.4	476.9
0.0	8.9	115.9	12.0	3.7	476.9
5.1	9.0	200.0	12.0	3.5	476.9
1.5	10.3	69.6	12.1	3.2	476.9
16.7	10.5	51.2	12.1	3.6	476.9
9.3	7.1	48.4	12.1	2.9	476.9
2.2	7.8	86.6	12.2	2.6	476.9
5.2	10.2	128.5	12.2	3.7	476.9
16.8	11.6	79.6	12.2	4.1	476.9
0.1	16.0	500.0	12.3	7.5	476.9
25.0	14.0	156.6	12.3	9.2	476.9
0.0	9.3	567.5	12.3	6.0	476.9
0.0	17.5	550.9	12.4	9.2	476.9
3.6	23.7	399.7	12.4	9.2	476.9
20.0	9.6	39.2	12.4	8.6	476.9
5.4	4.9	83.3	12.4	3.1	476.9
0.2	7.5	563.8	12.5	6.0	477.3
0.1	11.4	560.7	12.5	7.7	477.3
24.8	15.7	408.7	12.5	8.3	477.3
10.2	13.6	289.4	12.6	5.0	477.3
2.8	14.3	126.8	12.6	4.4	477.3
0.2	16.3	480.2	12.6	7.9	477.3
0.5	22.0	482.3	12.7	10.1	477.3
0.7	19.9	272.5	12.7	8.1	477.3
4.0	13.8	176.2	12.7	6.4	477.3
25.5	11.1	93.7	12.7	4.7	477.3
5.0	8.7	185.8	12.8	5.4	477.3
1.6	13.0	588.4	12.8	8.2	477.3
0.0	14.1	589.7	12.8	7.4	477.3
0.0	15.1	328.7	12.9	6.9	477.3
0.6	16.9	584.6	12.9	9.0	477.3
0.0	19.9	488.1	12.9	9.4	477.3
0.3	20.6	576.2	12.9	9.3	477.3
3.6	18.9	296.3	13.0	6.0	477.3
0.0	23.7	319.3	13.0	8.3	477.3
0.0	25.0	320.3	13.0	7.5	477.3
11.7	24.4	496.2	13.1	10.3	477.3
2.7	15.8	67.4	13.1	8.9	477.3
0.0	13.4	228.4	13.1	6.2	477.3
8.8	14.1	272.4	13.1	5.7	477.3
26.5	15.1	50.6	13.2	5.2	477.3
12.4	11.6	57.2	13.2	4.3	477.3
0.9	14.6	423.9	13.2	8.0	477.3
0.5	18.3	549.1	13.3	9.9	477.3
0.3	20.7	429.9	13.3	8.9	477.3
0.9	23.3	533.7	13.3	10.2	477.3
3.7	23.7	571.5	13.3	11.4	477.5
11.0	23.2	562.2	13.4	10.1	477.5
23.7	22.7	228.9	13.4	7.1	477.5
28.6	18.0	65.7	13.4	10.2	477.5
0.0	16.7	250.8	13.4	6.1	477.5
0.0	15.6	186.6	13.5	5.8	477.5
0.2	20.4	631.1	13.5	9.9	477.5
0.0	23.8	567.7	13.5	11.2	477.5
18.3	23.0	85.5	13.5	4.9	477.5
12.9	16.9	80.7	13.5	11.0	477.5
0.3	15.4	486.7	13.6	8.5	477.5
1.0	16.3	524.4	13.6	7.6	477.5
0.9	16.2	203.9	13.6	7.3	477.5
0.1	20.7	557.7	13.6	10.8	477.5
0.1	23.2	587.8	13.7	10.3	477.5
0.0	22.7	632.2	13.7	10.7	477.5
32.1	20.6	317.3	13.7	8.8	477.5
9.0	21.5	141.0	13.7	7.0	477.5
0.0	21.0	630.2	13.7	10.2	477.5
0.0	21.9	618.3	13.8	9.0	477.5
0.0	20.3	294.2	13.8	8.7	477.5
0.9	21.1	656.2	13.8	11.0	477.5
0.0	23.3	635.3	13.8	10.6	477.5
0.0	23.9	539.3	13.8	10.6	477.5
20.6	25.2	590.7	13.8	10.2	477.5
0.1	23.5	564.6	13.9	12.4	477.5
0.2	24.0	499.8	13.9	9.6	477.5
4.2	21.7	114.6	13.9	5.1	477.5
1.0	23.3	160.9	13.9	6.9	477.5
0.9	22.1	305.9	13.9	7.8	477.5
0.4	22.3	483.9	13.9	10.3	477.5
0.1	24.1	638.1	14.0	11.0	476.2
0.3	25.8	632.4	14.0	11.5	476.2
14.9	25.9	593.3	14.0	12.4	476.2
0.4	20.7	275.3	14.0	7.8	476.2
3.9	21.0	400.0	14.0	8.6	476.2
5.9	19.3	45.5	14.0	3.8	476.2
2.5	21.2	120.0	14.0	5.7	476.2
0.8	23.0	186.2	14.0	6.9	476.2
0.8	25.4	425.2	14.0	9.5	476.2
0.8	25.9	452.8	14.0	9.7	476.2
0.3	25.1	369.5	14.0	8.2	476.2
0.9	26.9	520.9	14.1	9.6	476.2
15.4	27.0	492.2	14.1	10.4	476.2
0.6	23.6	229.0	14.1	8.2	476.2
0.0	23.0	438.6	14.1	9.1	476.2
0.1	21.7	543.1	14.1	10.3	476.2
0.0	22.3	501.3	14.1	10.1	476.2
0.0	23.8	625.0	14.1	9.8	476.2
0.0	22.5	460.8	14.1	10.4	476.2
0.0	23.4	681.7	14.1	11.0	476.2
0.0	24.5	371.1	14.1	9.6	476.2
0.1	24.1	263.5	14.1	9.1	476.2
20.0	22.2	172.9	14.1	9.3	476.2
1.1	20.2	67.6	14.1	4.0	476.2
6.2	21.2	70.8	14.1	5.0	476.2
22.3	21.3	47.5	14.1	3.9	476.2
9.9	21.7	49.6	14.1	3.1	476.2
10.7	22.0	71.3	14.1	4.1	476.2
11.5	23.8	220.3	14.1	8.2	476.2
5.7	25.9	602.9	14.1	11.0	476.2
0.1	27.7	607.0	14.1	11.2	473.1
7.5	28.1	598.5	14.0	11.0	473.1
11.8	27.5	614.8	14.0	10.4	473.1
9.5	27.1	598.5	14.0	10.0	473.1
1.5	27.1	444.1	14.0	7.5	473.1
37.2	26.6	472.6	14.0	9.6	473.1
45.0	25.1	60.5	14.0	4.5	473.1
0.6	25.9	270.6	14.0	9.1	473.1
32.3	26.1	348.3	14.0	9.3	473.1
2.2	26.7	215.1	14.0	8.1	473.1
0.3	27.1	233.8	14.0	8.0	473.1
1.8	27.0	367.2	13.9	7.4	473.1
32.5	25.9	456.0	13.9	8.1	473.1
28.5	26.2	260.1	13.9	8.0	473.1
31.9	25.8	253.6	13.9	8.4	473.1
21.7	26.4	555.6	13.9	9.4	473.1
23.7	26.3	395.3	13.9	8.9	473.1
28.4	25.9	376.9	13.9	9.1	473.1
10.4	26.3	455.6	13.8	9.7	473.1
23.3	26.5	450.9	13.8	8.8	473.1
14.4	25.5	207.4	13.8	7.9	473.1
21.3	25.9	365.6	13.8	8.7	473.1
18.2	26.5	467.0	13.8	9.0	473.1
16.7	26.3	371.9	13.8	9.6	473.1
15.0	26.6	415.1	13.7	9.3	473.1
17.2	25.7	223.6	13.7	8.6	473.1
0.9	26.7	434.1	13.7	10.0	473.1
11.3	26.7	396.3	13.7	9.0	473.1
12.3	26.0	308.6	13.7	7.8	473.1
14.8	26.6	557.4	13.6	10.0	473.1
11.0	27.3	519.2	13.6	9.5	473.1
10.0	27.4	467.2	13.6	9.5	471.2
7.3	27.7	423.2	13.6	9.3	471.2
0.0	28.0	500.7	13.5	9.7	471.2
6.0	27.7	519.0	13.5	10.0	471.2
16.3	27.3	411.0	13.5	8.9	471.2
17.7	26.4	432.4	13.5	9.1	471.2
17.5	26.2	476.1	13.4	9.2	471.2
5.5	25.8	509.2	13.4	9.3	471.2
2.6	25.3	353.4	13.4	8.2	471.2
10.3	25.6	486.2	13.4	9.0	471.2
6.0	25.1	397.8	13.3	8.5	471.2
1.6	24.9	324.1	13.3	7.5	471.2
0.9	24.9	223.9	13.3	7.5	471.2
7.8	25.3	366.8	13.3	7.7	471.2
16.6	25.7	342.6	13.2	7.5	471.2
13.5	26.3	324.5	13.2	8.3	471.2
8.5	26.9	471.5	13.2	9.7	471.2
6.7	27.7	535.3	13.2	9.4	471.2
12.8	26.8	440.5	13.1	9.7	471.2
6.1	26.4	542.3	13.1	8.9	471.2
1.9	26.1	527.3	13.1	9.0	471.2
0.9	25.8	421.4	13.1	8.6	471.2
0.6	26.1	444.1	13.0	8.0	471.2
0.9	25.6	432.3	13.0	7.4	471.2
2.3	25.0	284.2	13.0	6.8	471.2
6.4	23.2	39.9	12.9	5.0	471.2
3.1	21.4	41.0	12.9	3.3	471.2
1.5	22.8	57.5	12.9	3.6	471.2
1.6	24.0	117.7	12.9	5.4	471.2
0.8	23.3	91.7	12.8	4.3	471.2
0.5	24.5	441.5	12.8	8.4	471.2
1.2	25.1	506.0	12.8	7.5	470.3
0.1	24.2	221.6	12.7	8.1	470.3
1.4	26.0	432.5	12.7	8.1	470.3
11.9	25.8	333.3	12.7	7.7	470.3
9.4	26.1	532.8	12.7	9.5	470.3
3.7	26.2	544.3	12.6	9.4	470.3
0.0	27.0	537.6	12.6	8.7	470.3
15.4	26.1	407.0	12.6	9.1	470.3
1.1	23.4	115.4	12.5	5.3	470.3
0.6	23.4	102.0	12.5	4.6	470.3
3.3	23.1	70.1	12.5	4.3	470.3
3.0	22.7	99.9	12.5	5.7	470.3
0.2	23.2	269.5	12.4	6.9	470.3
4.7	23.3	174.5	12.4	5.8	470.3
4.5	20.7	25.3	12.4	5.0	470.3
0.7	20.8	353.7	12.3	6.7	470.3
0.0	20.5	358.2	12.3	7.1	470.3
0.0	21.6	482.8	12.3	7.3	470.3
0.0	22.0	373.5	12.2	7.5	470.3
0.0	22.4	120.5	12.2	5.7	470.3
0.1	22.1	389.3	12.2	8.4	470.3
0.0	21.3	467.5	12.2	9.2	470.3
0.0	20.3	223.9	12.1	8.1	470.3
0.0	21.8	473.5	12.1	8.5	470.3
0.0	22.7	330.3	12.1	7.5	470.3
0.5	24.7	376.3	12.0	8.0	470.3
1.7	23.8	57.7	12.0	4.8	470.3
0.2	24.9	93.7	12.0	5.9	470.3
18.7	23.7	354.1	11.9	8.5	470.3
0.0	18.7	429.2	11.9	7.0	470.3
0.0	19.1	462.1	11.9	6.2	470.5
0.0	19.3	183.0	11.8	5.1	470.5
0.0	21.0	241.2	11.8	5.9	470.5
0.1	23.6	333.0	11.8	7.3	470.5
1.2	23.9	223.0	11.8	6.7	470.5
0.0	20.1	92.6	11.7	6.4	470.5
0.0	16.6	309.1	11.7	7.0	470.5
0.0	17.8	479.3	11.7	7.6	470.5
0.0	18.8	447.2	11.6	6.8	470.5
0.0	19.9	463.8	11.6	8.0	470.5
0.0	20.6	448.2	11.6	8.1	470.5
0.0	20.1	455.5	11.5	8.4	470.5
0.0	18.9	463.7	11.5	8.2	470.5
0.0	19.1	453.8	11.5	7.6	470.5
0.0	19.7	360.8	11.5	7.0	470.5
0.0	19.6	271.6	11.4	6.4	470.5
0.0	18.7	384.1	11.4	7.2	470.5
0.0	15.9	452.4	11.4	6.9	470.5
0.0	14.0	446.4	11.3	6.2	470.5
0.0	15.0	436.4	11.3	6.2	470.5
0.0	15.8	399.0	11.3	6.7	470.5
0.0	17.5	419.6	11.3	7.0	470.5
0.0	19.9	398.2	11.2	7.1	470.5
0.0	19.1	361.8	11.2	7.2	470.5
0.0	19.9	376.0	11.2	6.8	470.5
0.0	20.7	399.5	11.1	7.0	470.5
0.0	21.0	395.3	11.1	7.0	470.5
0.0	22.4	385.8	11.1	6.8	470.5
0.1	22.7	343.6	11.1	6.8	470.5
0.0	19.4	396.0	11.0	6.4	470.5
0.0	17.4	393.6	11.0	6.7	470.5
0.0	16.0	397.5	11.0	6.0	471.9
0.0	16.5	346.1	11.0	6.5	471.9
0.0	17.9	381.6	10.9	6.7	471.9
0.0	20.4	358.3	10.9	6.0	471.9
0.3	19.6	249.4	10.9	4.9	471.9
1.9	18.3	186.4	10.9	4.7	471.9
2.3	12.3	72.9	10.8	5.2	471.9
0.0	7.9	378.8	10.8	3.5	471.9
0.0	10.1	337.3	10.8	5.1	471.9
0.0	12.2	320.7	10.8	5.2	471.9
0.0	12.8	288.5	10.7	5.3	471.9
0.0	15.3	286.0	10.7	5.2	471.9
0.1	18.0	248.6	10.7	5.6	471.9
0.0	15.6	360.3	10.7	5.3	471.9
0.0	15.0	361.2	10.6	5.5	471.9
0.0	12.8	361.9	10.6	5.1	471.9
0.0	11.0	359.9	10.6	5.0	471.9
0.0	13.1	202.6	10.6	4.8	471.9
0.0	12.6	264.5	10.5	5.3	471.9
0.0	13.5	344.9	10.5	5.6	471.9
0.0	13.1	343.2	10.5	5.6	471.9
0.0	12.6	349.3	10.5	5.6	471.9
0.0	13.4	329.7	10.5	5.5	471.9
0.0	13.7	332.6	10.5	5.2	471.9
0.0	15.0	331.5	10.4	5.5	471.9
0.0	15.5	329.7	10.4	5.9	471.9
0.0	13.6	310.6	10.4	4.1	471.9
0.0	17.4	281.9	10.4	5.1	471.9
0.0	17.3	205.3	10.4	4.9	471.9
6.8	10.3	143.1	10.4	5.4	471.9
0.0	3.8	339.1	10.3	3.0	473.8
0.0	5.8	336.1	10.3	3.8	473.8
0.0	8.8	320.1	10.3	4.3	473.8
0.0	9.6	319.3	10.3	4.8	473.8
0.0	10.6	236.0	10.3	4.9	473.8
0.0	11.6	221.3	10.3	4.5	473.8
0.0	7.9	234.8	10.3	3.8	473.8
0.0	5.2	319.0	10.3	3.6	473.8
0.0	6.1	296.5	10.2	3.6	473.8
0.0	10.9	252.2	10.2	4.5	473.8
0.0	12.0	129.3	10.2	3.6	473.8
0.0	5.6	261.4	10.2	3.7	473.8
0.0	2.2	312.4	10.2	2.7	473.8
0.0	5.6	307.0	10.2	3.5	473.8
8.3	6.9	103.4	10.2	2.6	473.8
3.5	6.1	63.1	10.2	2.3	473.8
0.2	6.0	248.1	10.2	3.5	473.8
0.6	8.1	207.4	10.2	3.6	473.8
0.0	7.0	283.5	10.2	3.7	473.8
0.0	2.5	277.2	10.2	2.5	473.8
0.0	-0.5	321.0	10.2	2.2	473.8
0.0	1.2	316.0	10.2	3.1	473.8
0.0	4.1	313.6	10.2	3.8	473.8
0.0	5.4	307.1	10.2	3.6	473.8
0.0	5.7	312.2	10.2	3.5	473.8
0.0	5.8	325.3	10.2	3.4	473.8
0.0	5.6	322.7	10.2	4.1	473.8
0.0	7.4	326.4	10.2	4.6	473.8
0.0	5.6	315.0	10.2	3.9	473.8
0.0	1.3	316.0	10.2	2.8	473.8
0.0	4.3	320.7	10.2	3.9	473.8
0.0	8.2	320.5	10.2	5.0	475.9
0.0	11.2	316.1	10.2	5.5	475.9
0.0	14.0	295.1	10.2	5.4	475.9
0.1	9.7	140.8	10.2	3.5	475.9
0.0	9.5	315.8	10.3	4.9	475.9
0.0	11.8	325.3	10.3	5.4	475.9
0.0	15.1	311.3	10.3	5.4	475.9
1.2	17.3	242.4	10.3	5.1	475.9
1.0	15.4	175.0	10.3	3.9	475.9
5.0	16.3	45.4	10.3	3.2	475.9
11.5	14.7	72.2	10.3	3.6	475.9
2.9	10.9	39.7	10.3	1.5	475.9
3.2	7.1	73.7	10.4	4.1	475.9
0.1	2.7	242.2	10.4	2.1	475.9
0.0	0.7	282.4	10.4	2.7	475.9
0.0	0.7	342.8	10.4	2.5	475.9
0.1	7.3	331.7	10.4	3.9	475.9
2.3	11.5	75.4	10.4	2.9	475.9
12.0	15.0	58.8	10.5	3.3	475.9
18.1	11.6	42.3	10.5	4.6	475.9
0.7	5.5	144.5	10.5	2.3	475.9
0.4	5.5	340.6	10.5	3.1	475.9
0.6	4.1	92.3	10.5	1.9	475.9
4.2	6.3	217.5	10.6	4.1	475.9
2.0	-0.6	113.1	10.6	1.6	475.9
0.3	1.5	111.1	10.6	1.9	475.9
20.6	9.6	278.7	10.6	4.0	475.9
1.6	5.3	68.8	10.7	4.4	475.9
15.4	1.5	57.0	10.7	1.4	475.9
23.9	2.6	38.7	10.7	1.0	475.9
2.1	1.8	62.4	10.7	1.6	475.9
0.6	2.8	129.2	10.7	2.0	476.9
4.3	8.1	71.8	10.8	3.6	476.9
19.4	9.5	72.2	10.8	4.6	476.9
0.3	4.9	152.6	10.8	2.4	476.9
20.8	7.1	64.8	10.8	3.0	476.9
13.3	-1.2	37.0	10.9	2.7	476.9
0.1	-1.9	347.2	10.9	2.5	476.9
0.0	1.9	400.9	10.9	3.5	476.9
0.0	5.8	330.9	11.0	3.8	476.9
7.3	11.8	281.4	11.0	4.9	476.9
4.5	6.4	46.0	11.0	5.2	476.9
0.7	2.1	158.2	11.0	2.1	476.9
22.0	0.9	60.8	11.1	1.6	476.9
13.1	0.3	48.9	11.1	1.2	476.9
1.6	2.6	201.0	11.1	2.5	476.9
3.8	2.9	158.7	11.1	2.5	476.9
0.9	2.5	95.3	11.2	2.6	476.9
0.3	3.9	140.3	11.2	2.6	476.9
7.8	9.8	242.4	11.2	4.6	476.9
15.0	14.9	77.8	11.3	4.3	476.9
0.3	9.8	308.5	11.3	4.6	476.9
46.5	11.1	207.7	11.3	4.6	476.9
13.7	3.8	32.7	11.3	4.9	476.9
0.5	0.7	387.1	11.4	2.7	476.9
0.0	3.0	403.5	11.4	3.5	476.9
0.7	5.5	305.5	11.4	4.5	476.9
0.0	6.0	450.8	11.5	4.3	476.9
0.0	5.1	476.7	11.5	4.8	476.9
0.0	9.3	467.7	11.5	6.1	477.2
2.6	9.9	177.2	11.6	5.5	477.2
0.4	12.5	289.9	11.6	5.8	477.2
0.0	13.2	340.5	11.6	6.2	477.2
7.6	15.5	442.8	11.6	6.5	477.2
0.6	11.8	100.8	11.7	5.3	477.2
0.0	8.3	174.1	11.7	3.5	477.2
16.9	14.3	424.7	11.7	6.8	477.2
5.4	15.9	74.3	11.8	5.1	477.2
20.3	11.5	32.6	11.8	5.6	477.2
38.8	5.3	44.5	11.8	3.5	477.2
26.3	0.8	59.0	11.9	2.4	477.2
0.5	2.0	251.4	11.9	2.8	477.2
0.3	4.0	364.3	11.9	4.0	477.2
0.0	6.4	520.6	11.9	5.4	477.2
0.1	10.8	433.1	12.0	5.5	477.2
0.0	9.6	517.3	12.0	5.6	477.2
0.0	6.9	292.1	12.0	4.5	477.2
0.0	9.2	444.9	12.1	6.2	477.2
0.5	12.4	513.5	12.1	6.8	477.2
8.0	9.9	79.7	12.1	4.0	477.2
0.1	12.9	426.2	12.2	7.0	477.2
0.0	16.5	534.9	12.2	8.7	477.2
1.2	18.8	518.4	12.2	9.3	477.2
10.0	18.6	378.1	12.3	8.0	477.2
3.7	19.1	292.9	12.3	7.7	477.2
1.1	20.1	317.3	12.3	8.0	477.2
1.3	17.1	56.3	12.3	4.4	477.2
5.1	21.1	398.2	12.4	7.8	477.2
8.4	12.8	114.0	12.4	9.8	477.2
3.2	11.4	322.9	12.4	5.8	477.2
1.1	10.2	84.4	12.5	4.0	477.6
1.0	9.1	250.5	12.5	6.7	477.6
6.7	7.1	330.4	12.5	4.5	477.6
45.7	8.6	47.0	12.6	4.4	477.6
14.1	10.7	64.4	12.6	4.2	477.6
0.4	10.9	266.5	12.6	5.5	477.6
0.2	13.3	554.8	12.6	8.0	477.6
0.0	16.8	498.6	12.7	9.3	477.6
2.5	16.0	234.1	12.7	5.8	477.6
3.2	16.2	152.9	12.7	4.8	477.6
19.6	15.1	141.3	12.8	9.4	477.6
0.0	13.3	589.6	12.8	6.8	477.6
0.8	13.9	393.8	12.8	7.1	477.6
0.0	10.5	147.0	12.9	6.2	477.6
0.0	14.8	580.1	12.9	8.1	477.6
10.7	11.3	109.1	12.9	5.3	477.6
0.5	12.0	508.0	12.9	7.5	477.6
0.0	12.7	608.4	13.0	8.1	477.6
0.0	15.6	589.3	13.0	7.9	477.6
0.4	15.8	348.6	13.0	7.4	477.6
0.2	19.2	606.0	13.1	10.1	477.6
5.2	21.0	523.4	13.1	10.3	477.6
22.6	15.9	59.9	13.1	4.3	477.6
0.5	17.1	516.0	13.1	8.0	477.6
0.0	18.4	615.1	13.2	9.0	477.6
0.0	20.7	536.1	13.2	9.0	477.6
30.5	20.5	254.2	13.2	8.0	477.6
15.8	19.2	49.4	13.2	4.3	477.6
1.0	18.4	108.2	13.3	4.8	477.6
0.3	18.8	318.6	13.3	8.5	477.6
1.8	20.6	601.1	13.3	10.8	477.8
1.9	22.1	534.8	13.3	11.2	477.8
3.2	22.6	125.3	13.4	8.0	477.8
5.7	24.8	441.1	13.4	9.7	477.8
0.1	19.3	410.0	13.4	7.4	477.8
13.0	21.1	595.4	13.4	10.3	477.8
19.9	14.3	51.2	13.5	4.9	477.8
2.2	13.9	89.3	13.5	3.3	477.8
5.5	16.9	46.4	13.5	7.4	477.8
10.7	20.7	123.8	13.5	6.2	477.8
2.1	19.8	167.3	13.6	6.1	477.8
0.0	20.0	648.3	13.6	11.3	477.8
0.0	18.2	626.6	13.6	10.0	477.8
8.1	20.5	608.5	13.6	9.6	477.8
45.1	17.4	88.8	13.7	3.2	477.8
14.7	16.7	92.2	13.7	6.1	477.8
0.0	19.1	426.5	13.7	8.1	477.8
0.0	15.8	218.2	13.7	8.1	477.8
0.1	18.4	576.9	13.7	10.5	477.8
0.1	17.8	637.1	13.8	10.4	477.8
0.0	19.0	656.6	13.8	10.3	477.8
0.0	21.4	650.4	13.8	10.5	477.8
1.2	22.2	574.8	13.8	11.0	477.8
0.0	22.7	640.8	13.8	10.7	477.8
0.1	22.0	187.0	13.8	6.3	477.8
1.8	22.1	56.8	13.9	5.2	477.8
26.6	22.3	56.3	13.9	4.3	477.8
1.2	22.7	131.6	13.9	5.4	477.8
0.0	22.6	601.0	13.9	10.8	477.8
0.0	22.6	317.6	13.9	9.8	477.8
0.2	19.9	231.1	13.9	8.3	477.8
0.0	22.0	534.5	13.9	11.1	476.4
0.0	23.9	640.7	14.0	10.8	476.4
0.0	24.4	460.7	14.0	10.3	476.4
5.9	21.2	137.8	14.0	10.3	476.4
13.6	19.0	38.5	14.0	4.6	476.4
0.4	22.1	436.9	14.0	9.8	476.4
1.7	24.1	440.1	14.0	10.7	476.4
21.3	23.1	126.9	14.0	6.4	476.4
0.6	24.8	562.4	14.0	10.9	476.4
11.2	26.0	599.8	14.0	10.5	476.4
41.4	22.8	42.8	14.0	3.8	476.4
2.3	23.5	352.7	14.1	8.1	476.4
3.5	21.8	78.1	14.1	4.4	476.4
0.5	23.5	212.7	14.1	7.4	476.4
12.3	24.2	262.1	14.1	7.5	476.4
14.9	24.8	359.9	14.1	8.5	476.4
0.2	26.1	389.7	14.1	8.3	476.4
9.6	25.7	379.3	14.1	7.5	476.4
10.4	25.7	382.3	14.1	9.0	476.4
15.7	25.2	221.0	14.1	7.7	476.4
35.4	24.4	135.1	14.1	6.4	476.4
5.4	25.0	216.5	14.1	7.2	476.4
5.4	24.7	171.0	14.1	8.3	476.4
10.9	26.5	514.5	14.1	9.8	476.4
0.0	27.7	606.8	14.1	10.8	476.4
0.0	28.0	561.6	14.1	10.4	476.4
0.2	27.8	407.9	14.1	10.8	476.4
0.0	26.4	151.9	14.1	7.9	476.4
0.0	27.5	454.9	14.1	10.7	476.4
0.1	28.8	622.4	14.1	11.5	476.4
11.1	27.6	610.0	14.1	11.2	473.4
8.8	27.0	623.9	14.0	10.4	473.4
11.8	27.0	514.7	14.0	9.8	473.4
17.0	27.2	504.4	14.0	10.1	473.4
18.4	27.0	393.4	14.0	9.2	473.4
19.0	26.7	393.7	14.0	9.6	473.4
16.6	26.6	488.1	14.0	9.3	473.4
3.6	23.3	157.3	14.0	8.8	473.4
2.7	20.9	76.5	14.0	4.9	473.4
1.1	21.3	170.4	14.0	6.6	473.4
0.5	24.5	510.2	14.0	9.1	473.4
20.1	26.1	601.7	13.9	10.1	473.4
9.4	26.9	624.0	13.9	11.0	473.4
6.1	27.2	651.0	13.9	11.1	473.4
6.1	27.2	576.3	13.9	11.2	473.4
8.2	26.5	371.9	13.9	8.7	473.4
24.9	26.2	384.6	13.9	8.2	473.4
16.9	25.5	317.7	13.9	8.4	473.4
17.4	25.7	374.2	13.8	8.7	473.4
3.7	26.2	484.4	13.8	10.9	473.4
1.1	27.1	507.4	13.8	10.4	473.4
4.3	26.8	532.7	13.8	10.2	473.4
0.9	26.5	456.4	13.8	9.6	473.4
1.4	27.2	587.0	13.8	10.0	473.4
3.5	27.1	543.4	13.7	8.3	473.4
1.4	27.3	513.9	13.7	8.9	473.4
0.4	27.8	569.4	13.7	9.9	473.4
0.4	28.2	595.5	13.7	10.3	473.4
0.5	28.7	544.8	13.7	9.4	473.4
2.8	28.3	465.4	13.6	9.1	473.4
0.9	27.8	436.2	13.6	8.7	473.4
0.9	27.6	550.5	13.6	10.3	471.4
0.2	28.3	596.5	13.6	10.3	471.4
0.3	28.6	589.2	13.5	11.2	471.4
7.7	27.7	599.6	13.5	11.2	471.4
13.2	26.7	547.9	13.5	10.3	471.4
10.7	26.5	486.3	13.5	10.1	471.4
10.6	26.6	498.1	13.5	10.0	471.4
7.7	27.4	585.8	13.4	10.6	471.4
10.5	27.1	445.8	13.4	9.3	471.4
17.4	26.1	345.2	13.4	9.2	471.4
1.9	26.4	553.4	13.4	10.8	471.4
8.3	26.6	551.0	13.3	10.3	471.4
11.4	26.7	538.8	13.3	10.3	471.4
35.9	25.6	356.2	13.3	8.6	471.4
20.0	24.3	129.8	13.3	5.7	471.4
0.7	26.0	393.8	13.2	8.0	471.4
11.9	26.1	473.7	13.2	8.7	471.4
0.8	26.7	557.8	13.2	8.6	471.4
0.6	27.0	495.7	13.1	9.0	471.4
0.3	26.8	543.0	13.1	9.3	471.4
0.4	26.2	424.2	13.1	8.9	471.4
10.8	25.1	348.7	13.1	7.9	471.4
8.3	24.7	311.9	13.0	8.4	471.4
6.8	25.9	547.6	13.0	8.1	471.4
0.5	26.3	507.2	13.0	9.2	471.4
0.2	26.8	519.9	13.0	8.6	471.4
14.9	26.0	425.2	12.9	8.7	471.4
13.8	25.7	332.3	12.9	8.7	471.4
12.3	26.0	422.8	12.9	8.9	471.4
8.9	25.7	360.6	12.8	7.6	471.4
10.9	25.4	420.1	12.8	7.7	471.4
9.3	25.7	475.4	12.8	7.8	470.6
11.7	25.3	228.7	12.8	7.1	470.6
16.6	25.8	317.6	12.7	8.1	470.6
10.4	25.9	345.2	12.7	8.5	470.6
19.7	25.7	397.5	12.7	7.8	470.6
13.5	25.6	429.3	12.6	8.4	470.6
4.5	25.7	440.2	12.6	8.0	470.6
0.7	25.3	408.7	12.6	7.3	470.6
0.5	24.3	421.0	12.5	7.8	470.6
0.5	25.9	483.8	12.5	8.6	470.6
0.4	26.1	451.9	12.5	8.4	470.6
1.5	25.5	299.7	12.5	7.1	470.6
0.5	25.4	360.4	12.4	7.7	470.6
0.0	24.6	480.3	12.4	7.5	470.6
0.7	24.7	444.8	12.4	7.2	470.6
0.1	23.2	508.7	12.3	8.9	470.6
0.3	25.4	451.5	12.3	8.4	470.6
0.0	23.9	242.9	12.3	8.2	470.6
0.0	19.9	539.4	12.2	7.4	470.6
0.0	20.8	515.0	12.2	7.1	470.6
0.1	20.9	163.4	12.2	5.7	470.6
0.5	22.7	87.9	12.2	5.1	470.6
0.8	24.3	219.3	12.1	7.9	470.6
0.2	21.7	60.2	12.1	4.7	470.6
0.0	21.5	224.6	12.1	7.3	470.6
0.0	22.7	511.8	12.0	8.6	470.6
0.0	23.2	415.8	12.0	8.6	470.6
0.0	23.2	498.0	12.0	9.1	470.6
0.0	23.2	459.6	11.9	8.1	470.6
0.2	23.9	312.9	11.9	7.3	470.6
0.0	23.3	437.6	11.9	7.9	470.7
0.0	22.5	305.7	11.9	6.5	470.7
0.0	21.3	176.0	11.8	7.7	470.7
0.1	22.3	486.1	11.8	8.8	470.7
0.0	19.5	486.4	11.8	8.1	470.7
0.0	18.3	491.6	11.7	7.7	470.7
0.0	18.0	486.8	11.7	7.8	470.7
0.0	18.4	484.6	11.7	8.0	470.7
0.0	19.8	473.8	11.6	8.4	470.7
0.0	20.5	470.9	11.6	8.9	470.7
0.0	21.0	469.6	11.6	9.1	470.7
0.0	21.7	461.2	11.6	8.8	470.7
0.0	21.3	452.5	11.5	7.7	470.7
0.3	24.3	422.1	11.5	8.5	470.7
5.1	21.0	37.1	11.5	4.2	470.7
2.1	21.4	35.4	11.4	3.2	470.7
20.4	19.8	35.4	11.4	5.4	470.7
0.9	14.7	32.2	11.4	3.8	470.7
0.3	13.4	78.5	11.4	2.3	470.7
0.1	14.6	207.6	11.3	4.9	470.7
0.3	17.8	393.9	11.3	6.2	470.7
1.8	17.7	177.4	11.3	4.1	470.7
2.5	18.0	53.2	11.2	2.9	470.7
13.0	15.6	24.2	11.2	3.8	470.7
4.4	13.0	20.8	11.2	3.0	470.7
0.4	13.7	292.8	11.2	4.4	470.7
0.0	17.5	311.2	11.1	5.8	470.7
4.8	20.7	382.3	11.1	6.1	470.7
2.3	21.5	253.1	11.1	5.7	470.7
1.8	15.2	79.0	11.0	3.9	470.7
0.4	11.4	83.9	11.0	3.8	470.7
0.7	13.6	300.0	11.0	4.6	472.1
0.6	16.8	90.6	11.0	4.2	472.1
3.1	16.4	106.0	10.9	5.7	472.1
0.0	8.2	370.1	10.9	3.5	472.1
4.8	9.4	190.2	10.9	3.2	472.1
10.5	8.7	34.2	10.9	1.6	472.1
0.0	6.7	291.5	10.8	3.9	472.1
0.0	8.5	376.7	10.8	3.9	472.1
0.0	11.1	299.9	10.8	4.3	472.1
0.0	14.2	359.1	10.8	5.3	472.1
0.3	17.0	209.6	10.7	5.2	472.1
3.4	17.2	164.5	10.7	4.0	472.1
1.4	15.8	118.0	10.7	3.4	472.1
1.7	14.5	95.8	10.7	3.4	472.1
0.1	11.8	259.0	10.6	4.2	472.1
0.1	13.7	338.3	10.6	4.9	472.1
0.0	14.0	336.5	10.6	4.3	472.1
0.1	14.3	208.2	10.6	3.9	472.1
3.8	15.9	119.0	10.6	4.2	472.1
3.9	10.9	136.3	10.5	2.6	472.1
45.3	7.7	18.3	10.5	3.4	472.1
19.7	6.2	37.4	10.5	2.4	472.1
1.8	8.4	58.7	10.5	2.4	472.1
1.0	10.0	215.4	10.5	3.4	472.1
0.5	1.7	91.5	10.4	2.8	472.1
0.6	-0.4	262.5	10.4	1.8	472.1
0.5	2.7	137.1	10.4	2.6	472.1
0.5	7.7	312.2	10.4	3.5	472.1
2.1	8.9	87.4	10.4	2.5	472.1
0.7	9.6	129.7	10.4	2.4	472.1
0.4	9.2	294.9	10.3	3.6	474.0
0.5	13.2	272.2	10.3	4.7	474.0
2.8	9.7	81.9	10.3	3.7	474.0
0.4	2.0	156.9	10.3	2.4	474.0
0.1	-0.2	315.2	10.3	2.0	474.0
0.0	-0.1	319.9	10.3	2.3	474.0
0.0	0.8	292.1	10.3	2.5	474.0
0.0	2.0	284.4	10.3	2.8	474.0
0.0	3.1	296.2	10.2	2.7	474.0
0.2	1.9	305.4	10.2	2.3	474.0
0.0	1.0	305.1	10.2	2.3	474.0
0.0	2.5	316.0	10.2	2.9	474.0
0.0	0.3	320.3	10.2	2.7	474.0
0.0	3.1	315.6	10.2	3.4	474.0
0.0	4.9	310.1	10.2	3.5	474.0
0.0	4.1	259.7	10.2	3.2	474.0
0.0	3.8	312.5	10.2	3.1	474.0
0.0	8.2	301.5	10.2	4.4	474.0
0.1	11.8	288.1	10.2	5.2	474.0
0.6	13.8	248.0	10.2	4.7	474.0
5.3	7.9	42.3	10.2	2.5	474.0
0.8	5.2	34.8	10.2	1.8	474.0
3.1	2.6	33.7	10.2	1.4	474.0
0.1	2.0	225.2	10.2	2.6	474.0
0.3	3.2	276.1	10.2	2.6	474.0
0.0	1.9	162.0	10.2	2.5	474.0
0.1	5.8	271.8	10.2	3.6	474.0
0.3	8.5	157.1	10.2	3.3	474.0
0.2	9.7	153.6	10.2	3.2	474.0
2.6	11.2	199.8	10.2	3.2	474.0
8.8	5.4	30.4	10.2	3.4	474.0
1.2	0.0	149.5	10.2	2.3	476.1
0.0	-2.7	323.4	10.2	1.7	476.1
0.0	2.1	291.1	10.2	2.8	476.1
0.1	5.9	168.8	10.2	3.0	476.1
0.1	6.2	283.5	10.3	3.5	476.1
0.6	4.0	170.7	10.3	2.5	476.1
7.4	3.8	36.7	10.3	1.6	476.1
5.2	2.9	21.4	10.3	1.1	476.1
1.1	3.6	94.8	10.3	1.6	476.1
0.3	3.7	96.8	10.3	2.0	476.1
7.0	5.7	60.0	10.3	2.0	476.1
0.8	5.6	160.1	10.3	2.4	476.1
5.1	7.9	60.9	10.4	2.7	476.1
4.4	6.2	52.3	10.4	2.9	476.1
0.6	2.7	121.5	10.4	2.0	476.1
0.5	4.3	105.3	10.4	1.9	476.1
3.9	2.4	28.7	10.4	2.6	476.1
0.8	-1.8	107.2	10.4	1.3	476.1
5.9	-4.1	42.7	10.5	0.9	476.1
0.0	-4.3	178.9	10.5	1.8	476.1
0.0	-2.2	352.6	10.5	1.9	476.1
9.2	0.9	346.8	10.5	2.5	476.1
22.9	1.8	40.0	10.5	1.7	476.1
13.1	5.7	48.4	10.6	2.3	476.1
5.6	5.2	34.4	10.6	2.3	476.1
0.3	4.7	110.9	10.6	2.4	476.1
3.9	7.7	132.7	10.6	2.8	476.1
25.6	9.3	42.8	10.6	3.2	476.1
9.6	4.1	23.8	10.7	2.2	476.1
7.1	1.3	34.2	10.7	1.0	476.1
0.6	1.9	73.8	10.7	1.6	476.1
0.6	3.1	203.8	10.7	3.2	477.1
0.2	6.9	296.6	10.8	4.4	477.1
1.3	8.7	193.5	10.8	4.5	477.1
11.3	-0.2	18.8	10.8	3.0	477.1
3.2	-2.3	87.9	10.8	1.5	477.1
0.0	-2.5	283.9	10.9	2.2	477.1
0.4	0.2	349.1	10.9	2.7	477.1
0.0	-2.1	268.7	10.9	2.7	477.1
0.0	0.0	379.5	10.9	3.0	477.1
1.0	2.1	352.6	11.0	3.1	477.1
3.6	3.3	54.5	11.0	2.2	477.1
0.6	2.1	185.9	11.0	2.2	477.1
0.0	5.5	291.6	11.1	3.9	477.1
12.3	10.3	233.3	11.1	5.5	477.1
3.3	2.7	73.3	11.1	3.5	477.1
0.0	0.2	331.4	11.1	2.8	477.1
3.8	4.4	415.4	11.2	3.8	477.1
0.5	5.6	107.3	11.2	3.8	477.1
0.0	-1.8	447.4	11.2	2.2	477.1
0.0	0.2	219.1	11.3	2.2	477.1
0.2	2.1	263.4	11.3	2.8	477.1
0.0	5.6	445.2	11.3	5.0	477.1
1.2	9.8	421.8	11.3	6.2	477.1
0.5	9.7	188.4	11.4	5.3	477.1
0.1	12.5	422.9	11.4	6.6	477.1
0.0	13.5	421.6	11.4	7.1	477.1
13.4	16.7	441.0	11.5	7.4	477.1
0.1	10.8	237.2	11.5	6.3	477.1
0.0	6.5	427.3	11.5	4.7	477.4
0.6	4.4	226.2	11.5	2.9	477.4
0.3	7.2	86.9	11.6	3.3	477.4
4.0	11.2	118.3	11.6	4.4	477.4
5.8	6.9	38.4	11.6	4.4	477.4
3.1	4.1	139.4	11.7	2.0	477.4
8.5	5.3	55.5	11.7	2.2	477.4
16.3	8.5	123.1	11.7	3.6	477.4
10.2	10.3	112.4	11.8	4.0	477.4
10.1	5.9	42.8	11.8	3.2	477.4
0.5	6.1	138.3	11.8	3.3	477.4
0.0	6.9	451.0	11.8	5.4	477.4
2.4	10.7	485.9	11.9	6.4	477.4
2.8	9.8	37.1	11.9	3.8	477.4
0.0	7.8	443.1	11.9	5.1	477.4
0.8	8.8	335.3	12.0	4.6	477.4
7.9	13.7	99.4	12.0	6.3	477.4
32.6	11.5	127.6	12.0	8.8	477.4
7.9	3.0	68.8	12.1	2.2	477.4
0.9	4.5	165.7	12.1	3.5	477.4
28.5	6.6	67.8	12.1	3.4	477.4
1.1	5.9	276.1	12.2	4.5	477.4
0.0	6.8	454.4	12.2	4.4	477.4
51.0	10.8	117.8	12.2	6.7	477.4
17.2	12.4	87.8	12.2	6.7	477.4
1.5	8.9	221.0	12.3	3.7	477.4
2.4	11.6	351.2	12.3	6.1	477.4
11.6	15.5	112.3	12.3	8.4	477.4
0.5	9.2	344.9	12.4	5.7	477.4
34.7	7.5	438.1	12.4	4.5	477.4
17.5	7.6	80.5	12.4	3.8	477.4
0.0	7.1	443.6	12.5	4.7	477.8
0.0	9.7	555.6	12.5	6.8	477.8
18.9	12.8	216.7	12.5	5.7	477.8
28.7	14.4	35.7	12.6	4.9	477.8
16.2	11.7	105.9	12.6	5.6	477.8
0.0	9.3	381.7	12.6	5.7	477.8
17.1	12.3	276.0	12.6	6.3	477.8
0.3	13.7	296.2	12.7	7.2	477.8
0.1	14.2	281.3	12.7	6.4	477.8
54.3	19.5	509.7	12.7	9.5	477.8
18.4	8.0	75.9	12.8	6.3	477.8
2.7	9.7	74.0	12.8	7.6	477.8
27.8	18.1	279.5	12.8	10.0	477.8
30.6	11.0	358.8	12.8	7.1	477.8
1.1	7.1	379.3	12.9	5.6	477.8
25.3	8.4	194.4	12.9	3.7	477.8
20.2	9.8	114.5	12.9	3.4	477.8
3.7	9.0	73.3	13.0	3.7	477.8
15.7	8.8	135.4	13.0	3.3	477.8
23.2	7.7	94.9	13.0	3.8	477.8
0.5	12.2	501.6	13.0	8.2	477.8
0.0	15.7	573.8	13.1	9.2	477.8
0.0	20.6	588.5	13.1	10.2	477.8
0.0	24.2	394.9	13.1	8.5	477.8
1.5	25.1	521.7	13.2	9.5	477.8
4.4	23.5	270.8	13.2	8.4	477.8
8.8	24.2	514.5	13.2	10.0	477.8
7.9	22.0	499.6	13.2	13.3	477.8
5.2	15.5	419.3	13.3	7.4	477.8
5.1	18.4	123.5	13.3	7.2	477.8
23.1	22.7	355.7	13.3	11.6	478.0
26.2	14.2	73.1	13.3	5.6	478.0
13.6	15.2	53.8	13.4	6.4	478.0
14.2	19.4	101.3	13.4	6.7	478.0
3.0	16.0	92.7	13.4	6.7	478.0
18.5	15.1	106.8	13.4	5.1	478.0
28.7	13.0	50.4	13.5	4.3	478.0
2.1	12.6	59.0	13.5	3.6	478.0
0.2	14.1	468.3	13.5	7.5	478.0
3.3	17.6	444.5	13.5	8.0	478.0
1.7	17.1	339.9	13.6	7.9	478.0
0.7	16.0	152.2	13.6	7.0	478.0
0.1	19.1	274.3	13.6	8.3	478.0
0.0	16.2	472.1	13.6	7.7	478.0
0.0	15.0	380.4	13.6	7.7	478.0
6.6	15.3	265.7	13.7	6.7	478.0
12.9	13.9	76.1	13.7	5.7	478.0
0.3	16.5	521.7	13.7	9.0	478.0
1.2	21.7	495.2	13.7	11.1	478.0
23.7	22.4	374.6	13.8	8.5	478.0
1.0	19.4	225.7	13.8	10.5	478.0
22.0	16.3	630.5	13.8	8.7	478.0
1.9	12.9	143.4	13.8	4.9	478.0
0.1	20.1	600.8	13.8	11.0	478.0
0.2	23.3	620.5	13.8	11.8	478.0
3.0	22.9	582.3	13.9	12.1	478.0
0.1	22.4	313.8	13.9	10.7	478.0
2.7	23.0	636.7	13.9	11.6	478.0
0.0	24.7	641.6	13.9	10.9	478.0
6.4	23.6	500.6	13.9	11.0	478.0
0.2	24.3	461.6	13.9	10.3	478.0
31.9	20.7	78.6	13.9	7.9	476.6
8.2	20.2	67.7	14.0	6.5	476.6
29.7	24.8	280.9	14.0	9.0	476.6
20.9	21.2	49.5	14.0	6.8	476.6
0.5	20.5	155.6	14.0	5.0	476.6
0.1	23.7	589.9	14.0	10.2	476.6
6.8	23.8	283.7	14.0	9.6	476.6
1.1	19.5	90.4	14.0	5.2	476.6
1.5	20.8	309.4	14.0	7.4	476.6
1.7	20.8	418.7	14.0	8.7	476.6
0.0	18.7	329.9	14.0	7.4	476.6
0.0	20.2	348.8	14.1	9.2	476.6
0.0	20.7	402.1	14.1	9.6	476.6
29.2	18.0	76.4	14.1	4.2	476.6
8.4	19.7	81.2	14.1	5.2	476.6
3.4	19.7	83.6	14.1	5.9	476.6
0.8	20.5	278.3	14.1	7.9	476.6
0.0	23.0	564.4	14.1	10.0	476.6
0.1	22.8	355.6	14.1	9.6	476.6
13.0	23.0	318.1	14.1	9.1	476.6
17.4	23.1	86.1	14.1	7.0	476.6
0.5	24.2	484.6	14.1	10.0	476.6
0.2	26.1	600.7	14.1	10.4	476.6
1.7	26.5	423.4	14.1	10.2	476.6
21.4	26.6	351.0	14.1	9.0	476.6
27.6	25.9	315.7	14.1	9.9	476.6
1.5	26.6	463.4	14.1	10.1	476.6
0.8	25.3	341.2	14.1	8.9	476.6
0.5	25.8	409.0	14.1	9.0	476.6
2.7	26.6	351.3	14.1	9.3	476.6
19.6	25.8	244.2	14.1	8.8	473.6
23.2	24.6	148.0	14.0	10.5	473.6
1.6	20.7	139.2	14.0	6.3	473.6
0.0	23.5	675.2	14.0	11.3	473.6
0.0	25.0	678.4	14.0	11.2	473.6
0.9	25.0	497.5	14.0	9.9	473.6
15.2	22.2	70.0	14.0	5.2	473.6
10.3	22.9	121.7	14.0	5.7	473.6
11.3	23.9	106.5	14.0	5.2	473.6
14.3	24.2	185.2	14.0	6.8	473.6
11.7	25.0	397.3	14.0	9.3	473.6
13.3	25.4	472.3	14.0	9.1	473.6
3.8	25.7	480.6	13.9	10.2	473.6
1.3	26.6	574.0	13.9	10.5	473.6
2.6	26.9	631.1	13.9	10.9	473.6
3.7	26.7	644.3	13.9	10.8	473.6
9.0	26.2	606.5	13.9	10.2	473.6
6.7	25.8	532.0	13.9	9.7	473.6
5.6	26.2	486.8	13.8	9.4	473.6
11.3	26.5	629.5	13.8	10.6	473.6
9.0	26.2	546.4	13.8	10.3	473.6
13.6	26.2	466.1	13.8	9.3	473.6
9.9	26.0	280.5	13.8	8.3	473.6
12.7	26.2	486.6	13.8	9.3	473.6
15.3	26.2	509.9	13.7	9.2	473.6
13.1	26.0	350.6	13.7	8.1	473.6
19.7	26.2	426.4	13.7	8.9	473.6
0.1	25.7	288.6	13.7	8.3	473.6
0.4	26.6	590.8	13.7	10.4	473.6
8.0	25.9	637.0	13.6	10.0	473.6
9.8	25.9	617.9	13.6	9.8	473.6
5.2	26.6	619.2	13.6	10.0	471.6
3.9	27.4	595.6	13.6	10.8	471.6
7.5	27.2	422.8	13.6	9.4	471.6
3.2	28.1	536.0	13.5	10.6	471.6
4.2	27.8	564.5	13.5	11.5	471.6
3.9	27.7	603.3	13.5	11.4	471.6
4.0	27.7	618.4	13.5	10.8	471.6
8.6	27.4	595.0	13.4	10.7	471.6
15.9	26.1	399.9	13.4	8.9	471.6
15.2	25.6	377.0	13.4	8.9	471.6
5.8	25.4	340.5	13.4	8.7	471.6
9.7	25.9	408.3	13.3	9.2	471.6
22.1	25.8	416.6	13.3	8.2	471.6
20.9	25.2	328.6	13.3	7.4	471.6
3.6	24.8	86.0	13.3	5.3	471.6
1.9	24.5	77.9	13.2	4.6	471.6
0.9	24.8	168.1	13.2	6.7	471.6
8.1	25.1	439.1	13.2	8.2	471.6
3.8	25.6	485.0	13.2	8.5	471.6
12.0	25.3	418.8	13.1	7.9	471.6
15.9	25.6	359.4	13.1	8.4	471.6
23.2	24.6	240.3	13.1	7.1	471.6
14.6	25.8	425.9	13.0	9.7	471.6
5.3	26.3	485.7	13.0	9.8	471.6
6.6	26.4	528.6	13.0	10.1	471.6
8.5	26.4	468.5	13.0	8.8	471.6
11.5	26.0	465.2	12.9	8.6	471.6
5.9	26.3	539.2	12.9	9.5	471.6
4.2	26.1	523.0	12.9	9.8	471.6
1.9	25.8	557.9	12.8	10.0	471.6
0.0	24.8	538.9	12.8	9.5	471.6
0.0	24.6	580.7	12.8	9.5	470.7
0.0	24.8	577.3	12.8	9.4	470.7
0.0	24.8	569.2	12.7	8.9	470.7
0.8	25.9	333.7	12.7	7.6	470.7
1.8	26.1	456.0	12.7	9.1	470.7
0.7	26.4	403.1	12.6	8.6	470.7
13.5	25.7	296.9	12.6	7.2	470.7
21.5	25.7	365.1	12.6	7.4	470.7
7.4	25.9	409.3	12.6	8.8	470.7
3.7	26.0	438.7	12.5	8.4	470.7
3.6	25.7	388.2	12.5	8.1	470.7
11.2	25.8	376.9	12.5	8.1	470.7
11.3	25.4	373.0	12.4	7.6	470.7
8.9	25.8	398.6	12.4	7.8	470.7
12.7	26.3	427.4	12.4	8.9	470.7
20.6	25.5	358.3	12.3	7.8	470.7
1.2	21.6	134.2	12.3	6.7	470.7
0.0	19.9	529.7	12.3	8.0	470.7
0.1	19.4	492.5	12.3	6.8	470.7
0.1	18.0	492.5	12.2	5.6	470.7
0.1	19.1	422.4	12.2	7.3	470.7
1.5	19.1	87.6	12.2	4.6	470.7
0.9	20.6	49.2	12.1	4.5	470.7
3.5	24.3	369.5	12.1	8.3	470.7
13.3	23.3	406.1	12.1	9.4	470.7
0.0	18.3	416.2	12.0	6.9	470.7
0.0	19.2	467.3	12.0	7.0	470.7
0.0	22.4	335.1	12.0	7.3	470.7
7.7	24.1	371.1	12.0	7.1	470.7
3.8	24.7	408.7	11.9	8.0	470.7
7.2	24.1	385.2	11.9	8.3	470.9
1.0	20.8	70.0	11.9	3.2	470.9
1.1	21.8	141.1	11.8	4.7	470.9
0.2	23.9	427.3	11.8	7.2	470.9
1.9	24.7	390.4	11.8	6.8	470.9
0.0	24.3	435.6	11.7	7.9	470.9
2.9	23.2	439.0	11.7	8.4	470.9
4.2	16.9	32.8	11.7	3.3	470.9
0.8	14.8	70.7	11.7	4.1	470.9
0.4	13.4	225.3	11.6	4.0	470.9
0.3	14.7	169.0	11.6	5.3	470.9
0.4	17.8	438.3	11.6	6.0	470.9
0.0	20.0	445.6	11.5	6.8	470.9
0.0	20.6	440.5	11.5	7.2	470.9
1.9	19.8	311.7	11.5	7.0	470.9
0.1	15.0	224.2	11.4	5.1	470.9
0.0	15.2	438.0	11.4	5.7	470.9
0.0	16.1	436.7	11.4	6.3	470.9
0.0	17.6	428.3	11.4	6.2	470.9
0.0	17.1	384.8	11.3	6.5	470.9
0.0	14.7	310.3	11.3	5.0	470.9
0.0	14.3	382.6	11.3	5.3	470.9
0.0	14.2	393.8	11.2	6.1	470.9
0.0	14.2	426.9	11.2	6.2	470.9
0.0	15.8	423.0	11.2	6.5	470.9
0.0	19.0	399.1	11.2	6.8	470.9
0.0	20.3	182.3	11.1	5.8	470.9
0.0	20.1	375.9	11.1	7.6	470.9
0.0	15.4	412.7	11.1	5.7	470.9
0.0	20.2	384.7	11.0	7.3	470.9
6.1	21.5	137.4	11.0	5.4	470.9
6.0	19.9	68.9	11.0	4.3	472.3
10.4	13.7	45.6	11.0	4.6	472.3
0.1	12.2	344.0	10.9	4.7	472.3
0.1	12.1	379.3	10.9	5.1	472.3
0.0	12.6	276.0	10.9	4.5	472.3
0.0	13.0	378.7	10.9	5.1	472.3
0.0	10.9	336.5	10.8	4.9	472.3
0.0	12.5	383.2	10.8	5.0	472.3
0.0	14.1	371.7	10.8	5.8	472.3
0.0	17.4	361.4	10.8	6.3	472.3
2.7	18.1	166.5	10.7	4.7	472.3
1.0	18.1	97.5	10.7	4.2	472.3
0.0	18.5	89.7	10.7	3.7	472.3
3.4	16.6	43.3	10.7	3.8	472.3
9.2	13.5	39.0	10.6	4.0	472.3
0.5	7.5	120.2	10.6	1.7	472.3
0.0	9.4	287.2	10.6	3.3	472.3
1.3	13.5	161.4	10.6	4.1	472.3
3.9	18.4	85.8	10.6	4.1	472.3
13.3	18.1	81.9	10.5	5.8	472.3
13.6	6.7	11.4	10.5	2.9	472.3
26.5	5.8	15.7	10.5	1.1	472.3
4.8	7.1	49.5	10.5	1.6	472.3
2.8	3.9	16.5	10.5	2.1	472.3
0.1	3.6	139.8	10.4	1.9	472.3
4.1	5.8	148.7	10.4	2.2	472.3
5.1	6.3	34.1	10.4	1.6	472.3
17.4	6.0	27.7	10.4	2.1	472.3
0.0	1.9	278.2	10.4	2.5	472.3
0.1	1.6	325.3	10.4	2.7	472.3
0.1	4.0	275.8	10.3	3.3	474.2
12.7	6.5	124.8	10.3	2.3	474.2
3.8	7.3	17.2	10.3	1.8	474.2
11.4	8.2	85.8	10.3	1.9	474.2
2.0	8.0	63.4	10.3	1.9	474.2
15.5	9.0	38.8	10.3	1.9	474.2
2.6	9.3	115.0	10.3	2.6	474.2
0.4	5.0	138.0	10.3	2.3	474.2
0.2	5.2	180.9	10.2	2.8	474.2
0.3	12.0	288.3	10.2	4.4	474.2
0.7	14.8	140.7	10.2	3.8	474.2
3.0	12.4	43.4	10.2	4.2	474.2
2.1	7.7	53.0	10.2	1.2	474.2
8.7	6.6	55.7	10.2	2.5	474.2
1.1	4.7	93.3	10.2	1.7	474.2
1.0	7.1	132.0	10.2	2.6	474.2
2.0	11.2	75.7	10.2	2.4	474.2
9.4	11.7	26.3	10.2	2.0	474.2
1.7	6.8	64.9	10.2	2.6	474.2
11.8	6.5	39.1	10.2	1.8	474.2
3.1	7.8	115.9	10.2	2.0	474.2
8.2	6.6	17.1	10.2	1.3	474.2
8.6	6.7	17.7	10.2	0.9	474.2
20.4	4.2	14.8	10.2	2.6	474.2
8.8	-1.4	22.5	10.2	1.5	474.2
0.4	-4.5	112.9	10.2	1.4	474.2
0.0	-5.1	311.7	10.2	1.7	474.2
0.6	-0.9	281.4	10.2	2.3	474.2
0.2	2.1	200.5	10.2	2.4	474.2
3.3	1.7	137.0	10.2	1.9	474.2
9.6	3.9	126.7	10.2	1.9	474.2
31.4	5.7	12.4	10.2	1.4	476.3
21.6	3.6	22.0	10.2	1.9	476.3
3.6	0.8	66.7	10.2	1.3	476.3
0.3	0.9	112.7	10.2	1.6	476.3
0.2	0.5	191.3	10.3	2.3	476.3
0.0	-0.5	286.5	10.3	2.0	476.3
5.6	0.7	53.4	10.3	1.4	476.3
15.9	0.6	88.8	10.3	1.4	476.3
4.7	-0.1	76.6	10.3	0.8	476.3
1.7	0.8	67.8	10.3	1.6	476.3
2.1	-2.1	64.5	10.3	1.3	476.3
7.1	-2.1	31.5	10.3	1.0	476.3
1.8	-2.0	105.1	10.4	1.6	476.3
0.6	0.2	178.4	10.4	2.1	476.3
0.2	4.5	271.8	10.4	4.0	476.3
3.7	2.5	70.6	10.4	1.9	476.3
0.7	-0.5	32.2	10.4	1.3	476.3
8.8	-3.9	45.3	10.4	1.4	476.3
1.4	-5.7	83.5	10.5	1.1	476.3
0.0	-5.3	345.4	10.5	1.6	476.3
2.1	-5.9	176.8	10.5	1.0	476.3
1.0	-4.2	220.0	10.5	1.6	476.3
0.4	-2.2	162.2	10.5	1.6	476.3
2.2	-1.6	136.0	10.6	1.6	476.3
0.1	-1.7	235.3	10.6	1.5	476.3
0.0	-2.1	294.8	10.6	2.4	476.3
0.1	0.3	305.2	10.6	3.1	476.3
16.7	4.9	186.4	10.6	3.2	476.3
0.7	1.8	151.4	10.7	2.3	476.3
0.1	-3.0	276.3	10.7	1.9	476.3
0.0	-3.4	382.0	10.7	2.1	476.3
0.2	-1.5	317.7	10.7	2.7	477.2
0.0	-1.7	273.1	10.8	2.3	477.2
0.2	3.0	324.9	10.8	3.4	477.2
9.8	5.5	107.7	10.8	2.7	477.2
3.2	2.8	73.2	10.8	2.5	477.2
10.7	0.8	127.1	10.9	1.8	477.2
27.8	-0.4	51.4	10.9	0.9	477.2
0.4	-0.3	294.6	10.9	2.6	477.2
0.5	-0.3	164.3	10.9	2.5	477.2
1.9	4.0	120.8	11.0	3.1	477.2
6.8	6.1	30.0	11.0	2.7	477.2
12.1	8.6	47.4	11.0	4.9	477.2
0.2	3.5	145.1	11.0	3.3	477.2
0.2	4.3	289.9	11.1	3.0	477.2
17.2	4.7	86.4	11.1	2.3	477.2
3.2	6.0	109.3	11.1	2.6	477.2
1.6	6.0	81.2	11.2	2.0	477.2
0.8	5.1	241.2	11.2	3.7	477.2
0.4	5.6	205.1	11.2	3.3	477.2
42.9	9.0	48.9	11.2	4.8	477.2
3.3	8.7	48.8	11.3	5.3	477.2
0.0	3.1	165.6	11.3	3.1	477.2
0.6	2.3	121.3	11.3	2.4	477.2
8.0	7.4	349.5	11.4	4.4	477.2
4.7	13.8	65.9	11.4	5.6	477.2
22.4	12.6	34.1	11.4	3.1	477.2
18.1	10.6	66.8	11.4	6.1	477.2
0.3	10.4	421.9	11.5	4.6	477.2
29.8	11.3	64.6	11.5	3.5	477.2
39.4	7.5	51.8	11.5	4.5	477.6
29.8	5.0	28.4	11.6	2.7	477.6
23.8	8.1	32.5	11.6	2.4	477.6
11.5	9.1	32.9	11.6	1.8	477.6
13.4	11.8	51.4	11.7	3.6	477.6
2.9	10.1	121.9	11.7	4.5	477.6
8.6	7.4	102.5	11.7	2.7	477.6
5.6	6.2	45.3	11.8	1.7	477.6
0.7	6.3	191.8	11.8	4.0	477.6
20.4	7.6	243.0	11.8	4.0	477.6
45.1	11.4	45.0	11.8	4.7	477.6
7.6	13.5	177.2	11.9	4.5	477.6
13.2	10.6	35.6	11.9	5.0	477.6
27.9	5.0	44.3	11.9	3.9	477.6
0.3	4.2	395.3	12.0	3.6	477.6
0.3	5.4	495.2	12.0	5.0	477.6
0.5	4.8	371.5	12.0	4.1	477.6
28.3	5.3	60.5	12.1	4.2	477.6
20.4	11.0	74.6	12.1	5.8	477.6
18.3	6.0	42.4	12.1	2.9	477.6
31.8	5.3	52.4	12.1	2.5	477.6
25.4	8.1	55.8	12.2	4.0	477.6
17.8	9.3	182.8	12.2	3.8	477.6
15.4	7.1	116.2	12.2	4.1	477.6
4.5	4.3	186.1	12.3	3.4	477.6
0.4	3.7	201.9	12.3	3.6	477.6
1.3	7.4	308.4	12.3	5.5	477.6
1.0	8.2	273.9	12.4	5.4	477.6
0.0	7.9	502.5	12.4	5.1	477.6
0.1	9.9	332.5	12.4	5.5	477.6
5.6	9.5	377.4	12.5	6.0	477.6
16.7	7.5	55.0	12.5	3.3	477.9
0.9	9.2	179.9	12.5	4.2	477.9
0.0	6.1	600.4	12.5	6.1	477.9
0.0	9.8	583.0	12.6	7.3	477.9
0.8	11.9	88.8	12.6	6.1	477.9
0.0	9.7	255.0	12.6	6.0	477.9
0.0	13.3	581.5	12.7	7.9	477.9
2.5	14.1	195.7	12.7	6.5	477.9
2.4	18.5	127.1	12.7	8.7	477.9
16.3	16.8	129.8	12.8	9.0	477.9
0.0	11.0	369.7	12.8	5.1	477.9
0.0	11.5	613.8	12.8	7.2	477.9
0.0	14.1	595.8	12.8	8.9	477.9
0.0	16.0	508.5	12.9	8.5	477.9
0.0	13.4	612.1	12.9	8.5	477.9
0.0	13.2	615.1	12.9	7.8	477.9
0.0	14.1	494.9	13.0	8.5	477.9
0.0	15.9	598.4	13.0	8.5	477.9
0.1	17.5	430.8	13.0	9.1	477.9
0.2	17.0	620.6	13.0	9.6	477.9
0.0	14.7	634.8	13.1	9.6	477.9
0.0	18.6	620.0	13.1	9.3	477.9
2.9	19.0	327.2	13.1	8.2	477.9
0.9	19.1	247.5	13.2	9.0	477.9
17.2	17.7	180.1	13.2	8.7	477.9
1.2	15.1	637.2	13.2	8.3	477.9
5.2	16.6	602.9	13.2	7.3	477.9
21.7	15.2	85.2	13.3	3.8	477.9
0.9	14.3	155.1	13.3	6.6	477.9
0.1	16.8	521.5	13.3	9.2	477.9
0.3	16.8	289.7	13.3	7.4	478.2
0.0	19.1	643.0	13.4	9.7	478.2
0.0	16.8	654.2	13.4	9.9	478.2
0.0	18.6	640.2	13.4	9.6	478.2
0.1	20.5	634.7	13.4	10.7	478.2
0.3	21.4	636.9	13.5	10.6	478.2
0.0	21.4	623.5	13.5	11.1	478.2
20.7	21.2	586.3	13.5	9.1	478.2
0.9	15.5	209.1	13.5	6.9	478.2
0.0	19.2	606.0	13.6	9.7	478.2
0.0	16.6	262.1	13.6	7.4	478.2
0.0	19.1	414.0	13.6	9.0	478.2
0.0	17.9	657.7	13.6	9.9	478.2
4.3	18.9	530.2	13.6	8.6	478.2
1.0	16.8	259.0	13.7	8.8	478.2
0.1	19.6	646.8	13.7	10.6	478.2
0.0	19.1	665.0	13.7	9.7	478.2
0.4	22.1	607.1	13.7	10.0	478.2
3.8	21.9	159.6	13.7	7.1	478.2
21.9	23.3	504.3	13.8	9.1	478.2
0.1	22.6	581.6	13.8	12.1	478.2
0.8	23.6	606.4	13.8	10.7	478.2
5.2	22.2	292.6	13.8	6.9	478.2
0.0	22.2	567.5	13.8	11.3	478.2
0.5	20.9	682.4	13.9	11.4	478.2
0.2	19.4	674.0	13.9	9.6	478.2
0.0	23.2	574.8	13.9	9.4	478.2
1.0	22.5	597.6	13.9	11.2	478.2
0.0	24.4	634.8	13.9	10.8	478.2
131.0	22.9	154.9	13.9	8.1	478.2
9.8	14.3	55.4	13.9	9.5	478.2
0.4	15.2	591.3	14.0	8.7	476.7
0.0	17.9	695.2	14.0	9.8	476.7
0.0	20.3	673.6	14.0	10.2	476.7
2.1	22.4	321.8	14.0	9.0	476.7
1.4	20.7	152.0	14.0	8.1	476.7
0.1	22.4	665.3	14.0	11.1	476.7
0.0	21.6	504.2	14.0	8.9	476.7
0.0	23.3	542.9	14.0	9.9	476.7
0.0	23.8	439.5	14.0	9.5	476.7
2.7	25.4	540.6	14.0	10.0	476.7
6.6	26.7	527.5	14.1	10.9	476.7
15.8	26.0	322.0	14.1	9.1	476.7
25.8	25.1	264.8	14.1	9.1	476.7
0.0	24.6	503.1	14.1	10.4	476.7
0.4	23.4	573.8	14.1	9.8	476.7
12.0	22.5	184.3	14.1	7.7	476.7
1.2	22.8	156.9	14.1	7.0	476.7
12.0	25.6	452.0	14.1	9.4	476.7
8.1	25.9	384.0	14.1	8.5	476.7
0.5	24.6	373.2	14.1	8.7	476.7
0.1	24.0	244.6	14.1	6.9	476.7
12.6	25.6	305.2	14.1	8.8	476.7
1.3	24.0	127.2	14.1	5.3	476.7
2.3	24.8	122.7	14.1	5.7	476.7
2.1	24.1	50.4	14.1	4.2	476.7
0.5	24.7	108.4	14.1	5.8	476.7
2.2	25.3	296.9	14.1	7.7	476.7
1.5	25.1	319.3	14.1	8.2	476.7
0.7	25.8	401.5	14.1	9.0	476.7
0.0	27.5	469.5	14.1	9.7	476.7
9.9	27.3	315.1	14.1	9.9	473.7
28.7	27.4	400.6	14.0	9.0	473.7
29.6	26.7	373.9	14.0	9.6	473.7
10.8	27.7	575.7	14.0	9.3	473.7
25.3	27.2	311.8	14.0	8.9	473.7
31.5	26.5	312.0	14.0	7.1	473.7
17.8	27.0	366.4	14.0	8.6	473.7
26.8	26.3	211.6	14.0	7.1	473.7
28.3	27.4	401.7	14.0	9.7	473.7
7.5	27.7	535.8	14.0	10.4	473.7
17.3	27.4	425.9	14.0	9.1	473.7
12.9	27.6	489.1	13.9	10.0	473.7
25.8	27.1	428.9	13.9	9.2	473.7
25.7	25.9	289.6	13.9	8.6	473.7
11.8	27.1	512.7	13.9	10.3	473.7
38.7	25.6	254.2	13.9	7.8	473.7
44.6	25.6	139.3	13.9	5.7	473.7
24.3	26.5	475.8	13.9	9.6	473.7
7.6	27.2	611.1	13.8	10.5	473.7
12.8	26.6	440.3	13.8	9.8	473.7
18.3	26.9	560.3	13.8	8.7	473.7
18.6	27.0	406.2	13.8	9.3	473.7
14.6	27.0	427.7	13.8	9.6	473.7
11.9	27.3	503.8	13.7	9.1	473.7
5.6	27.6	480.7	13.7	9.5	473.7
16.2	27.0	501.7	13.7	8.9	473.7
24.2	27.1	443.4	13.7	9.0	473.7
17.7	27.6	417.9	13.7	9.2	473.7
14.0	28.0	522.1	13.6	10.0	473.7
7.0	27.7	581.0	13.6	10.4	473.7
0.3	28.2	590.0	13.6	10.2	473.7
0.3	29.0	608.9	13.6	9.9	471.7
3.7	28.7	603.1	13.6	10.8	471.7
4.8	28.2	622.9	13.5	11.2	471.7
1.7	28.5	627.1	13.5	9.8	471.7
0.3	29.1	577.6	13.5	10.3	471.7
0.0	29.1	631.2	13.5	10.9	471.7
0.5	29.7	614.3	13.4	10.7	471.7
3.0	29.1	533.9	13.4	11.5	471.7
0.0	28.9	619.3	13.4	11.4	471.7
0.0	28.2	622.2	13.4	11.6	471.7
0.0	28.1	627.2	13.3	11.2	471.7
0.0	29.0	610.2	13.3	11.4	471.7
0.2	29.4	544.3	13.3	11.2	471.7
0.3	28.7	533.8	13.3	11.1	471.7
4.2	27.3	432.5	13.2	9.6	471.7
3.2	26.0	152.9	13.2	7.0	471.7
23.4	25.4	261.9	13.2	7.2	471.7
16.9	24.5	114.6	13.2	5.3	471.7
5.0	24.4	93.7	13.1	4.8	471.7
12.5	26.2	419.2	13.1	8.6	471.7
15.8	26.7	471.1	13.1	8.8	471.7
19.1	26.7	363.4	13.0	8.9	471.7
15.2	25.9	371.8	13.0	7.8	471.7
0.2	25.6	362.5	13.0	8.1	471.7
5.5	26.3	392.4	13.0	8.7	471.7
25.4	26.0	327.0	12.9	8.0	471.7
3.5	24.3	176.8	12.9	7.8	471.7
0.0	21.8	587.4	12.9	9.5	471.7
0.0	21.7	595.3	12.9	9.5	471.7
0.0	23.1	584.4	12.8	9.8	471.7
0.0	24.4	568.7	12.8	9.2	471.7
0.3	26.2	411.7	12.8	8.6	470.9
0.3	26.3	508.1	12.7	9.8	470.9
0.0	25.6	520.2	12.7	10.3	470.9
0.0	25.0	558.4	12.7	10.7	470.9
0.0	25.1	442.5	12.6	8.2	470.9
0.0	24.1	516.7	12.6	10.3	470.9
0.0	23.4	573.3	12.6	9.9	470.9
0.0	24.4	565.5	12.6	10.6	470.9
0.0	23.8	570.7	12.5	11.6	470.9
0.0	21.8	587.9	12.5	10.8	470.9
0.0	23.6	575.8	12.5	11.1	470.9
0.0	25.0	562.6	12.4	11.6	470.9
0.0	24.4	555.4	12.4	10.7	470.9
0.0	23.9	552.1	12.4	10.8	470.9
0.0	23.8	546.6	12.4	10.5	470.9
0.0	23.5	526.7	12.3	10.2	470.9
0.0	24.7	522.1	12.3	9.3	470.9
0.0	24.8	426.9	12.3	9.8	470.9
0.0	25.3	493.7	12.2	8.8	470.9
0.1	26.1	436.0	12.2	9.2	470.9
0.2	27.2	503.7	12.2	8.4	470.9
0.3	26.1	465.6	12.1	8.9	470.9
0.2	25.1	340.9	12.1	9.1	470.9
0.0	24.5	503.6	12.1	9.4	470.9
0.0	25.2	507.3	12.1	8.4	470.9
0.1	27.0	476.9	12.0	9.4	470.9
0.0	26.8	486.3	12.0	9.7	470.9
0.0	26.8	481.8	12.0	8.5	470.9
0.2	26.0	444.1	11.9	9.8	470.9
0.0	20.7	506.3	11.9	7.9	470.9
0.0	19.9	484.8	11.9	7.5	471.0
0.0	20.0	494.9	11.8	8.0	471.0
0.0	18.8	494.4	11.8	8.2	471.0
0.0	19.3	480.6	11.8	7.2	471.0
5.8	19.1	138.3	11.7	5.0	471.0
3.7	20.1	49.1	11.7	4.3	471.0
8.1	22.1	30.2	11.7	3.5	471.0
6.3	22.9	56.1	11.7	4.4	471.0
29.7	22.8	100.3	11.6	5.4	471.0
0.0	21.4	416.8	11.6	6.1	471.0
0.3	19.0	289.9	11.6	6.2	471.0
0.2	18.2	392.0	11.5	7.5	471.0
0.1	17.4	441.5	11.5	6.6	471.0
0.1	18.4	433.2	11.5	6.7	471.0
0.0	19.7	403.4	11.5	6.8	471.0
0.0	21.7	423.3	11.4	7.0	471.0
0.0	21.8	243.7	11.4	7.0	471.0
0.1	21.7	403.0	11.4	7.8	471.0
0.5	21.2	414.7	11.3	7.5	471.0
0.0	21.0	413.2	11.3	7.8	471.0
0.0	21.5	422.1	11.3	7.8	471.0
0.0	21.5	421.5	11.3	7.4	471.0
0.0	21.6	414.3	11.2	7.9	471.0
0.6	20.2	341.2	11.2	7.2	471.0
0.0	15.7	417.2	11.2	6.3	471.0
0.0	16.0	423.2	11.1	6.6	471.0
0.0	18.4	407.5	11.1	7.1	471.0
0.0	19.0	401.5	11.1	6.6	471.0
0.0	20.9	391.8	11.1	7.1	471.0
0.2	22.3	362.7	11.0	6.8	471.0
0.0	17.5	358.8	11.0	6.3	471.0
0.0	15.0	398.0	11.0	6.2	472.4
0.0	16.3	388.9	10.9	5.9	472.4
0.0	16.3	219.1	10.9	6.1	472.4
0.0	16.7	385.2	10.9	5.8	472.4
0.0	16.5	179.1	10.9	5.3	472.4
0.0	18.5	356.3	10.8	6.2	472.4
0.5	19.8	275.8	10.8	5.9	472.4
0.0	11.5	208.8	10.8	4.7	472.4
0.0	10.5	372.9	10.8	4.5	472.4
4.8	10.8	177.1	10.7	4.6	472.4
1.5	12.3	50.7	10.7	3.3	472.4
1.8	17.8	314.9	10.7	5.6	472.4
4.7	12.7	20.1	10.7	2.7	472.4
4.2	14.4	53.2	10.7	2.9	472.4
9.1	11.9	28.8	10.6	4.8	472.4
15.1	6.4	19.6	10.6	1.7	472.4
3.5	5.7	18.3	10.6	2.3	472.4
4.1	5.1	35.2	10.6	1.4	472.4
7.7	5.3	56.0	10.5	1.6	472.4
25.9	8.1	28.9	10.5	1.9	472.4
60.5	10.2	24.5	10.5	2.4	472.4
43.5	13.8	21.0	10.5	2.6	472.4
2.6	12.5	71.5	10.5	2.6	472.4
0.1	11.0	275.2	10.4	3.7	472.4
0.9	11.5	70.5	10.4	3.0	472.4
1.4	12.2	133.5	10.4	2.6	472.4
42.6	13.4	30.4	10.4	2.1	472.4
7.5	8.5	14.6	10.4	3.5	472.4
0.2	3.9	143.7	10.4	2.7	472.4
0.2	4.2	225.9	10.3	2.9	472.4
0.2	9.2	204.0	10.3	3.7	474.3
0.0	13.7	285.4	10.3	4.3	474.3
1.5	15.1	223.0	10.3	4.0	474.3
3.1	11.8	25.4	10.3	2.0	474.3
0.5	10.6	103.1	10.3	2.6	474.3
0.3	13.0	198.7	10.3	3.2	474.3
1.9	15.9	249.2	10.3	5.1	474.3
0.7	6.9	151.5	10.3	2.1	474.3
1.2	7.9	162.3	10.2	2.3	474.3
0.2	5.6	146.7	10.2	2.4	474.3
0.8	4.7	116.4	10.2	2.3	474.3
0.1	-0.4	83.2	10.2	1.7	474.3
0.0	-1.6	220.7	10.2	2.0	474.3
2.3	1.1	170.7	10.2	2.0	474.3
7.7	2.8	14.7	10.2	1.2	474.3
10.8	3.3	72.0	10.2	1.5	474.3
10.4	5.9	26.2	10.2	1.7	474.3
2.8	7.6	96.2	10.2	2.1	474.3
6.9	5.0	17.8	10.2	1.5	474.3
7.2	7.2	16.4	10.2	2.0	474.3
1.1	4.3	41.2	10.2	2.2	474.3
0.0	0.5	206.7	10.2	2.0	474.3
1.0	2.6	280.9	10.2	2.3	474.3
3.9	3.3	18.0	10.2	1.3	474.3
7.6	8.0	71.1	10.2	2.8	474.3
1.6	6.7	55.2	10.2	1.9	474.3
1.4	7.9	79.0	10.2	2.1	474.3
5.0	7.1	43.3	10.2	2.3	474.3
7.1	1.0	36.2	10.2	2.0	474.3
6.0	-0.5	158.4	10.2	1.4	474.3
10.1	-1.7	41.6	10.2	0.7	474.3
4.4	-2.6	56.8	10.2	1.5	476.4
0.0	-1.8	257.2	10.2	1.6	476.4
0.0	-1.5	254.6	10.2	1.6	476.4
0.0	0.0	273.9	10.3	2.0	476.4
0.1	1.8	270.6	10.3	2.3	476.4
0.0	-0.2	273.4	10.3	2.4	476.4
0.0	2.7	305.0	10.3	3.2	476.4
0.1	6.1	310.0	10.3	4.0	476.4
0.3	3.5	110.1	10.3	2.8	476.4
0.0	2.8	285.0	10.3	2.9	476.4
0.0	2.0	331.9	10.3	2.7	476.4
0.3	6.2	205.1	10.4	3.2	476.4
3.0	9.6	50.7	10.4	2.9	476.4
7.3	6.2	19.1	10.4	1.8	476.4
7.7	7.4	39.4	10.4	1.6	476.4
23.3	6.5	36.5	10.4	2.7	476.4
0.4	5.2	136.3	10.4	2.3	476.4
4.3	7.2	213.3	10.5	2.9	476.4
2.6	6.5	84.1	10.5	1.6	476.4
10.2	8.0	44.8	10.5	1.7	476.4
9.2	4.8	29.5	10.5	2.8	476.4
4.7	4.6	112.8	10.5	2.1	476.4
10.8	4.5	22.3	10.5	2.3	476.4
17.3	-0.2	24.9	10.6	1.8	476.4
2.5	0.7	217.7	10.6	1.8	476.4
33.5	4.0	39.1	10.6	2.1	476.4
1.1	2.7	160.3	10.6	2.3	476.4
28.1	5.6	53.8	10.7	2.6	476.4
4.1	7.2	38.4	10.7	2.3	476.4
0.4	5.5	170.1	10.7	2.6	476.4
11.9	4.7	75.1	10.7	1.4	476.4
2.1	4.9	87.1	10.8	2.3	477.3
0.4	4.1	146.4	10.8	2.3	477.3
0.1	4.6	383.3	10.8	3.5	477.3
0.0	7.9	274.2	10.8	4.2	477.3
0.9	9.0	334.2	10.9	4.0	477.3
0.8	4.8	126.1	10.9	2.7	477.3
0.2	5.7	379.3	10.9	4.3	477.3
0.2	7.6	362.5	10.9	5.1	477.3
0.1	9.7	354.1	11.0	5.7	477.3
1.0	12.6	237.8	11.0	5.4	477.3
0.5	11.3	247.5	11.0	4.2	477.3
0.2	15.5	256.1	11.0	5.7	477.3
8.0	12.6	109.0	11.1	6.8	477.3
1.7	-2.5	121.7	11.1	2.1	477.3
0.6	-5.6	238.9	11.1	1.7	477.3
0.0	-1.8	438.4	11.2	3.1	477.3
0.0	2.5	386.3	11.2	4.4	477.3
0.6	7.0	432.2	11.2	5.1	477.3
0.2	3.4	169.9	11.2	2.8	477.3
0.0	4.2	416.1	11.3	4.2	477.3
0.0	7.1	439.9	11.3	5.0	477.3
0.0	10.0	442.2	11.3	6.5	477.3
0.1	12.0	217.9	11.4	5.8	477.3
0.0	15.3	448.1	11.4	7.1	477.3
1.2	19.1	413.7	11.4	8.4	477.3
0.2	12.1	161.6	11.4	6.6	477.3
0.0	10.8	480.5	11.5	5.7	477.3
0.4	16.2	451.6	11.5	8.0	477.3
0.3	22.1	434.9	11.5	8.5	477.7
0.6	15.5	148.5	11.6	7.9	477.7
3.7	12.0	116.8	11.6	5.0	477.7
6.3	17.0	198.1	11.6	8.4	477.7
18.1	4.6	28.3	11.7	4.1	477.7
10.9	0.7	31.0	11.7	1.5	477.7
4.4	-1.6	103.8	11.7	2.1	477.7
0.0	0.2	511.2	11.7	3.5	477.7
0.0	4.7	509.2	11.8	4.9	477.7
0.0	2.8	514.4	11.8	4.2	477.7
0.0	9.0	453.9	11.8	6.5	477.7
0.4	17.2	268.1	11.9	7.2	477.7
0.3	13.6	145.5	11.9	7.1	477.7
2.6	13.0	497.8	11.9	7.1	477.7
14.4	6.1	71.9	12.0	2.4	477.7
0.0	6.7	525.8	12.0	5.1	477.7
0.0	12.9	525.9	12.0	6.9	477.7
0.0	12.7	536.2	12.0	5.7	477.7
0.0	16.2	537.5	12.1	8.6	477.7
0.0	19.6	507.7	12.1	9.5	477.7
0.1	15.7	189.1	12.1	8.2	477.7
0.0	16.0	502.4	12.2	7.7	477.7
0.3	18.0	511.3	12.2	10.5	477.7
0.0	16.2	384.1	12.2	6.7	477.7
0.0	20.1	544.7	12.3	10.2	477.7
2.8	20.2	495.2	12.3	10.8	477.7
0.0	13.5	423.7	12.3	7.3	477.7
0.0	17.3	477.1	12.4	9.2	477.7
0.0	16.5	558.1	12.4	9.5	477.7
28.1	17.8	548.9	12.4	9.5	477.7
26.5	12.4	42.7	12.4	4.7	477.7
2.6	11.8	133.6	12.5	4.2	478.1
0.7	15.9	424.0	12.5	8.1	478.1
0.5	15.9	265.2	12.5	7.9	478.1
0.0	13.5	579.6	12.6	6.9	478.1
0.0	18.9	580.8	12.6	8.7	478.1
1.2	17.9	412.2	12.6	10.7	478.1
21.3	6.8	49.9	12.7	3.4	478.1
0.6	9.4	272.2	12.7	5.6	478.1
0.0	13.1	522.9	12.7	7.5	478.1
23.9	12.1	190.1	12.7	4.6	478.1
15.5	12.9	40.2	12.8	4.4	478.1
1.0	10.7	112.7	12.8	4.0	478.1
1.6	14.1	481.7	12.8	6.9	478.1
2.0	15.6	102.6	12.9	4.8	478.1
1.7	18.6	95.5	12.9	6.0	478.1
5.4	21.6	318.2	12.9	8.3	478.1
0.3	23.5	329.4	12.9	7.9	478.1
0.0	25.3	529.0	13.0	8.9	478.1
0.0	26.4	587.1	13.0	9.8	478.1
3.0	26.3	570.1	13.0	9.9	478.1
26.7	20.2	300.4	13.1	11.7	478.1
0.0	12.5	455.6	13.1	7.3	478.1
22.9	14.0	331.4	13.1	6.2	478.1
2.5	12.7	61.2	13.1	5.0	478.1
0.1	13.9	579.4	13.2	7.3	478.1
0.0	14.3	373.3	13.2	6.6	478.1
6.1	14.8	254.7	13.2	5.6	478.1
25.3	15.0	85.0	13.3	5.4	478.1
10.0	17.7	77.0	13.3	5.5	478.1
2.7	15.3	131.5	13.3	6.9	478.1
0.2	11.9	376.5	13.3	6.0	478.3
9.0	12.5	106.3	13.4	4.6	478.3
1.4	14.5	113.7	13.4	5.4	478.3
0.0	18.3	541.2	13.4	8.4	478.3
0.1	18.5	403.6	13.4	7.8	478.3
11.7	15.8	52.1	13.5	3.4	478.3
4.5	18.4	191.7	13.5	6.9	478.3
0.1	15.3	656.3	13.5	8.5	478.3
0.1	17.4	644.6	13.5	10.8	478.3
0.0	18.4	641.6	13.6	10.5	478.3
0.2	20.0	577.4	13.6	10.7	478.3
0.1	20.7	646.2	13.6	9.7	478.3
0.0	19.2	629.9	13.6	8.9	478.3
4.5	18.0	406.2	13.6	8.7	478.3
3.2	16.0	408.7	13.7	7.0	478.3
0.0	15.4	390.5	13.7	7.7	478.3
0.0	17.9	665.0	13.7	10.0	478.3
0.2	20.8	588.8	13.7	9.2	478.3
48.6	18.2	61.2	13.7	4.2	478.3
5.0	19.7	95.0	13.8	6.3	478.3
5.2	18.6	89.9	13.8	4.2	478.3
1.5	19.5	168.2	13.8	7.1	478.3
0.4	22.0	361.2	13.8	9.2	478.3
3.9	23.8	234.3	13.8	8.2	478.3
4.3	24.3	434.4	13.8	9.7	478.3
0.1	21.4	564.5	13.9	9.4	478.3
29.7	21.4	332.5	13.9	11.4	478.3
1.9	15.5	65.6	13.9	3.8	478.3
0.0	17.1	235.0	13.9	8.1	478.3
0.0	18.6	362.5	13.9	7.6	478.3
0.1	19.4	568.1	13.9	9.2	478.3
0.0	21.2	624.3	14.0	10.8	476.8
0.0	23.2	559.9	14.0	10.7	476.8
0.0	23.7	542.6	14.0	10.2	476.8
0.5	21.6	380.5	14.0	9.3	476.8
0.1	22.3	670.8	14.0	10.8	476.8
0.0	23.1	615.5	14.0	10.4	476.8
0.0	23.1	651.3	14.0	11.3	476.8
0.1	24.0	663.4	14.0	10.6	476.8
0.0	23.7	520.6	14.0	10.6	476.8
0.0	25.5	551.8	14.0	10.9	476.8
0.0	26.3	607.3	14.1	9.7	476.8
30.4	24.1	154.6	14.1	8.4	476.8
1.7	22.0	122.6	14.1	6.0	476.8
0.1	22.2	463.4	14.1	9.2	476.8
0.5	23.3	617.5	14.1	10.1	476.8
0.1	24.9	662.1	14.1	10.3	476.8
0.3	26.0	581.8	14.1	11.0	476.8
1.0	24.5	141.4	14.1	7.2	476.8
48.9	23.7	77.8	14.1	5.0	476.8
9.6	23.8	83.4	14.1	4.8	476.8
3.4	24.3	112.4	14.1	5.9	476.8
2.5	23.8	127.0	14.1	6.8	476.8
5.9	21.7	57.6	14.1	5.7	476.8
0.8	22.4	406.5	14.1	9.4	476.8
0.0	23.7	594.7	14.1	10.3	476.8
0.0	24.1	643.2	14.1	10.0	476.8
0.1	25.8	567.7	14.1	10.7	476.8
23.0	25.9	586.0	14.1	10.7	476.8
30.2	25.5	453.3	14.1	10.1	476.8
20.9	24.9	305.9	14.1	7.5	476.8
2.1	25.3	209.8	14.1	8.5	473.8
23.4	25.3	158.4	14.0	6.5	473.8
12.6	25.1	174.1	14.0	5.6	473.8
0.4	26.4	463.4	14.0	10.5	473.8
12.3	26.6	616.4	14.0	10.3	473.8
3.2	27.5	607.1	14.0	10.7	473.8
8.1	26.9	418.5	14.0	10.3	473.8
11.2	26.8	436.5	14.0	10.9	473.8
20.1	26.6	435.9	14.0	9.0	473.8
6.6	27.3	544.1	14.0	10.1	473.8
4.2	27.0	489.8	14.0	9.9	473.8
17.4	26.4	449.1	13.9	9.5	473.8
12.8	26.3	367.8	13.9	9.4	473.8
15.0	26.3	527.3	13.9	9.9	473.8
5.6	26.3	599.8	13.9	10.7	473.8
15.3	25.9	497.8	13.9	10.2	473.8
4.7	25.7	362.8	13.9	9.1	473.8
1.4	25.8	382.5	13.9	9.2	473.8
11.6	26.4	526.6	13.8	9.8	473.8
10.4	26.1	462.4	13.8	9.3	473.8
12.0	26.2	431.5	13.8	9.0	473.8
20.6	25.7	415.5	13.8	8.9	473.8
6.0	25.6	497.5	13.8	9.9	473.8
0.7	25.9	593.3	13.8	9.3	473.8
1.0	25.8	530.0	13.7	9.3	473.8
4.4	26.4	603.1	13.7	10.2	473.8
9.1	26.9	635.8	13.7	10.5	473.8
11.4	26.7	593.7	13.7	10.0	473.8
13.8	26.3	513.4	13.6	10.5	473.8
19.5	25.8	536.2	13.6	9.1	473.8
20.9	26.0	552.2	13.6	9.3	473.8
15.8	26.3	565.2	13.6	10.4	471.8
11.0	27.0	581.2	13.6	9.9	471.8
12.6	26.8	484.9	13.5	9.5	471.8
12.9	26.9	499.1	13.5	9.7	471.8
7.2	27.1	487.0	13.5	10.5	471.8
4.1	27.3	598.9	13.5	11.3	471.8
0.1	27.4	619.7	13.4	10.3	471.8
10.5	26.6	575.9	13.4	9.3	471.8
18.7	26.0	542.8	13.4	9.4	471.8
13.5	26.3	551.4	13.4	10.3	471.8
6.9	26.5	604.5	13.3	10.4	471.8
10.5	26.2	602.0	13.3	9.9	471.8
11.2	25.8	561.8	13.3	10.1	471.8
8.7	25.9	534.3	13.3	8.7	471.8
20.8	25.5	419.2	13.2	8.4	471.8
17.8	25.5	334.5	13.2	8.8	471.8
13.6	26.1	557.5	13.2	10.0	471.8
8.2	26.3	575.9	13.2	10.0	471.8
6.6	26.5	572.7	13.1	10.1	471.8
8.3	26.6	556.3	13.1	10.2	471.8
11.9	26.4	472.8	13.1	8.7	471.8
14.9	26.3	425.2	13.1	8.6	471.8
24.7	25.8	366.0	13.0	8.3	471.8
26.5	25.3	328.6	13.0	8.0	471.8
6.7	25.1	369.2	13.0	7.6	471.8
0.1	24.4	527.0	12.9	8.6	471.8
0.1	24.3	571.7	12.9	8.5	471.8
0.4	24.9	504.2	12.9	8.9	471.8
0.4	26.6	470.4	12.9	8.4	471.8
15.7	26.1	517.9	12.8	8.5	471.8
8.9	26.4	514.9	12.8	9.0	471.8
21.6	25.8	399.2	12.8	8.4	470.9
15.3	26.2	504.5	12.7	8.7	470.9
7.4	26.1	409.3	12.7	8.3	470.9
5.5	26.6	500.3	12.7	9.2	470.9
11.0	26.5	431.4	12.7	8.7	470.9
17.1	26.1	382.7	12.6	8.0	470.9
0.2	25.9	503.5	12.6	10.1	470.9
0.2	26.2	517.7	12.6	9.3	470.9
0.1	24.9	438.0	12.5	9.5	470.9
0.0	24.5	481.2	12.5	9.2	470.9
0.0	24.8	522.8	12.5	7.8	470.9
1.8	25.3	394.8	12.4	8.5	470.9
11.8	24.7	477.8	12.4	8.4	470.9
0.0	20.6	327.2	12.4	7.1	470.9
0.0	21.3	534.8	12.4	8.0	470.9
0.0	21.5	540.0	12.3	7.6	470.9
0.1	24.0	506.1	12.3	8.2	470.9
0.6	25.7	314.7	12.3	8.1	470.9
1.9	25.8	184.1	12.2	5.4	470.9
1.5	25.6	74.4	12.2	4.5	470.9
9.4	26.0	339.6	12.2	7.6	470.9
12.9	25.9	479.5	12.1	8.6	470.9
11.7	25.5	430.1	12.1	7.7	470.9
25.4	24.0	377.8	12.1	7.5	470.9
0.0	19.4	295.7	12.1	7.4	470.9
2.5	19.5	454.6	12.0	6.1	470.9
19.0	17.8	29.4	12.0	2.0	470.9
0.3	18.8	171.0	12.0	5.9	470.9
0.0	20.0	490.0	11.9	7.9	470.9
0.0	20.1	441.7	11.9	6.4	470.9
0.1	20.2	466.7	11.9	7.5	471.0
0.0	20.4	480.0	11.8	7.6	471.0
0.0	21.6	463.1	11.8	7.7	471.0
0.0	22.0	464.7	11.8	8.2	471.0
0.0	21.5	472.8	11.8	7.7	471.0
0.0	22.5	217.7	11.7	6.8	471.0
0.0	15.2	130.7	11.7	5.8	471.0
0.0	15.2	387.9	11.7	5.5	471.0
0.0	15.2	462.2	11.6	6.7	471.0
0.0	17.4	461.7	11.6	7.2	471.0
0.0	19.2	438.8	11.6	7.1	471.0
0.0	19.2	457.1	11.5	7.8	471.0
0.0	19.1	465.4	11.5	7.9	471.0
0.0	16.9	463.1	11.5	7.7	471.0
0.0	17.7	460.0	11.5	8.4	471.0
0.0	18.3	460.9	11.4	8.6	471.0
0.0	18.4	456.1	11.4	8.1	471.0
0.0	18.3	403.0	11.4	7.7	471.0
0.0	15.9	397.5	11.3	6.0	471.0
0.0	15.8	434.3	11.3	6.3	471.0
0.0	16.5	429.4	11.3	6.6	471.0
0.0	16.7	424.9	11.3	6.6	471.0
0.0	12.1	425.9	11.2	5.9	471.0
0.0	10.0	441.8	11.2	5.5	471.0
0.0	12.0	430.6	11.2	6.5	471.0
0.0	12.8	428.7	11.1	6.6	471.0
0.0	14.2	414.2	11.1	6.7	471.0
0.0	15.5	414.3	11.1	6.7	471.0
0.0	15.4	407.1	11.1	6.5	471.0
0.0	16.1	401.4	11.0	6.2	471.0
0.0	18.5	390.1	11.0	6.6	471.0
0.0	20.0	360.6	11.0	6.2	472.5
0.1	18.9	309.4	11.0	6.3	472.5
0.1	18.7	205.7	10.9	5.5	472.5
0.0	17.4	356.0	10.9	6.0	472.5
0.0	15.6	379.4	10.9	5.9	472.5
0.0	16.6	312.6	10.9	5.6	472.5
0.0	17.2	282.4	10.8	4.9	472.5
0.0	18.0	310.7	10.8	5.1	472.5
0.4	16.6	185.3	10.8	4.3	472.5
0.0	14.0	323.0	10.8	4.8	472.5
0.5	14.5	239.5	10.7	4.4	472.5
1.2	15.1	237.2	10.7	4.5	472.5
0.1	11.9	242.3	10.7	5.0	472.5
0.0	12.7	366.4	10.7	5.2	472.5
0.0	15.2	347.0	10.6	5.9	472.5
0.0	17.4	337.3	10.6	6.2	472.5
0.0	17.3	333.1	10.6	6.3	472.5
2.5	17.6	272.1	10.6	5.7	472.5
0.8	13.6	104.5	10.5	2.5	472.5
2.6	11.8	84.4	10.5	4.0	472.5
0.1	8.6	297.0	10.5	3.5	472.5
0.2	6.6	76.2	10.5	2.2	472.5
0.0	5.8	342.9	10.5	3.6	472.5
0.0	7.2	345.7	10.5	4.0	472.5
0.0	5.7	342.1	10.4	3.9	472.5
0.0	6.5	343.6	10.4	4.0	472.5
0.0	8.2	329.4	10.4	4.5	472.5
0.1	3.5	333.3	10.4	2.6	472.5
0.0	5.4	314.8	10.4	3.6	472.5
0.0	7.9	325.5	10.4	4.4	472.5
0.0	9.5	324.3	10.3	4.8	474.3
0.0	7.4	328.3	10.3	4.2	474.3
0.0	8.5	317.5	10.3	4.5	474.3
0.0	9.2	274.5	10.3	4.1	474.3
0.0	5.6	321.6	10.3	3.4	474.3
0.0	8.3	276.9	10.3	4.0	474.3
0.0	12.0	303.6	10.3	4.9	474.3
0.0	6.7	329.5	10.3	3.7	474.3
0.1	10.2	314.7	10.2	5.0	474.3
0.1	3.7	44.7	10.2	2.4	474.3
0.0	3.2	308.1	10.2	2.5	474.3
3.4	2.3	27.2	10.2	1.8	474.3
0.2	1.0	60.9	10.2	1.7	474.3
0.0	5.0	168.8	10.2	2.7	474.3
0.0	4.0	307.8	10.2	3.0	474.3
0.0	5.5	315.7	10.2	4.0	474.3
0.0	8.8	307.6	10.2	4.6	474.3
0.0	5.8	211.4	10.2	3.8	474.3
0.0	3.9	319.3	10.2	3.4	474.3
0.0	6.8	314.6	10.2	4.1	474.3
0.0	9.4	309.1	10.2	4.6	474.3
0.0	7.2	311.9	10.2	4.2	474.3
0.0	6.0	307.2	10.2	3.4	474.3
0.0	5.0	277.0	10.2	3.5	474.3
0.0	9.1	305.4	10.2	4.7	474.3
3.0	10.6	131.0	10.2	3.8	474.3
0.0	9.1	281.2	10.2	4.2	474.3
0.1	11.9	294.5	10.2	4.9	474.3
0.2	10.7	33.2	10.2	3.1	474.3
6.8	14.6	287.1	10.2	5.3	474.3
0.1	9.3	187.4	10.2	3.6	474.3
0.0	5.9	283.7	10.2	3.5	476.4
0.0	3.4	318.5	10.2	2.8	476.4
0.0	6.4	315.6	10.2	3.9	476.4
0.0	6.6	313.0	10.2	3.9	476.4
0.0	2.2	318.6	10.3	3.1	476.4
0.0	-2.7	336.4	10.3	2.2	476.4
0.0	-0.9	342.1	10.3	2.9	476.4
0.0	3.3	339.4	10.3	4.1	476.4
0.0	5.7	334.7	10.3	4.4	476.4
0.0	4.6	332.4	10.3	3.8	476.4
0.0	8.9	334.8	10.3	4.6	476.4
0.0	6.2	344.2	10.3	4.1	476.4
0.0	8.1	337.4	10.4	4.8	476.4
0.0	5.2	330.5	10.4	3.6	476.4
0.0	2.4	345.3	10.4	3.1	476.4
0.0	1.1	303.1	10.4	2.6	476.4
0.0	-0.1	358.2	10.4	2.4	476.4
0.0	1.1	356.0	10.4	2.9	476.4
0.0	1.5	356.2	10.5	3.3	476.4
0.0	1.6	218.9	10.5	3.1	476.4
0.0	5.0	355.0	10.5	4.2	476.4
0.0	7.5	302.4	10.5	4.4	476.4
0.0	5.1	368.6	10.5	4.0	476.4
0.0	9.1	364.6	10.6	5.7	476.4
0.0	10.6	367.0	10.6	6.2	476.4
0.0	11.7	350.5	10.6	6.1	476.4
0.0	13.2	365.6	10.6	6.3	476.4
0.0	10.4	143.3	10.7	4.4	476.4
0.0	7.4	383.0	10.7	4.5	476.4
0.0	9.2	383.6	10.7	5.6	476.4
0.0	12.5	386.8	10.7	6.4	476.4
0.0	14.7	377.8	10.7	6.7	477.4
0.0	16.2	385.5	10.8	7.4	477.4
0.2	11.5	363.2	10.8	5.8	477.4
0.9	11.5	250.4	10.8	4.2	477.4
7.8	11.2	63.9	10.8	5.2	477.4
5.2	5.6	30.1	10.9	1.7	477.4
3.0	2.2	27.9	10.9	2.3	477.4
4.7	2.6	205.1	10.9	2.4	477.4
8.5	1.4	48.7	11.0	1.3	477.4
20.5	4.1	44.7	11.0	2.3	477.4
7.1	5.8	46.4	11.0	2.1	477.4
0.3	3.2	249.2	11.0	3.3	477.4
0.0	2.2	416.0	11.1	3.2	477.4
0.0	4.1	273.1	11.1	3.2	477.4
0.7	6.3	70.6	11.1	2.7	477.4
0.8	9.0	93.9	11.1	3.5	477.4
13.5	9.1	58.1	11.2	3.5	477.4
0.2	7.2	313.5	11.2	4.5	477.4
10.1	7.6	238.7	11.2	3.8	477.4
2.3	5.9	61.4	11.3	2.6	477.4
0.0	2.2	442.6	11.3	3.2	477.4
0.0	0.7	413.0	11.3	2.2	477.4
0.1	3.8	424.0	11.3	3.9	477.4
0.0	4.7	468.0	11.4	4.6	477.4
0.0	9.0	461.6	11.4	5.8	477.4
0.0	11.4	334.7	11.4	6.3	477.4
0.0	13.7	471.4	11.5	7.2	477.4
0.9	14.7	257.9	11.5	6.4	477.4
0.0	9.4	434.4	11.5	4.7	477.7
17.6	6.4	25.0	11.6	2.5	477.7
0.9	3.6	45.3	11.6	2.6	477.7
0.0	6.2	431.5	11.6	4.7	477.7
0.0	8.5	281.5	11.6	4.3	477.7
0.2	6.1	86.5	11.7	3.3	477.7
4.6	6.7	189.1	11.7	3.3	477.7
2.9	13.1	64.1	11.7	5.6	477.7
2.8	12.3	84.6	11.8	4.3	477.7
13.3	10.0	113.0	11.8	3.7	477.7
8.5	9.6	99.7	11.8	3.0	477.7
1.6	14.1	77.3	11.9	5.0	477.7
0.7	17.5	189.1	11.9	5.3	477.7
19.3	17.9	144.1	11.9	5.7	477.7
10.0	16.7	111.5	12.0	4.5	477.7
2.1	19.4	152.7	12.0	6.5	477.7
26.0	17.6	401.6	12.0	9.9	477.7
1.5	10.0	187.3	12.0	4.0	477.7
2.2	10.5	168.4	12.1	3.8	477.7
40.4	9.6	92.8	12.1	4.3	477.7
11.6	6.8	129.1	12.1	5.0	477.7
1.1	5.5	439.1	12.2	3.7	477.7
26.9	6.3	68.7	12.2	2.6	477.7
14.8	6.4	45.4	12.2	2.3	477.7
0.0	6.4	139.3	12.3	3.3	477.7
0.2	10.1	397.2	12.3	5.9	477.7
22.7	10.6	81.9	12.3	3.1	477.7
0.2	11.0	276.3	12.3	6.1	477.7
0.0	11.0	475.0	12.4	7.0	477.7
0.0	9.6	561.9	12.4	6.8	477.7
0.1	11.0	217.1	12.4	6.6	477.7
0.0	13.9	520.4	12.5	6.9	478.1
0.0	12.7	254.1	12.5	6.5	478.1
0.1	13.1	401.0	12.5	6.5	478.1
7.1	13.9	141.7	12.6	6.4	478.1
3.1	20.6	442.0	12.6	8.1	478.1
0.1	17.7	313.2	12.6	7.7	478.1
18.1	10.2	64.1	12.7	5.6	478.1
38.1	8.9	40.6	12.7	2.3	478.1
8.0	6.9	103.8	12.7	4.4	478.1
3.3	8.0	359.0	12.7	4.4	478.1
12.9	6.2	118.7	12.8	3.5	478.1
1.1	7.1	94.5	12.8	3.7	478.1
2.1	10.9	346.4	12.8	5.6	478.1
0.1	10.4	180.0	12.9	5.7	478.1
0.7	13.2	600.1	12.9	6.9	478.1
18.3	16.2	360.5	12.9	7.4	478.1
24.9	15.2	55.5	12.9	3.8	478.1
0.5	15.8	228.3	13.0	6.2	478.1
2.9	15.8	214.6	13.0	6.1	478.1
2.0	15.4	190.8	13.0	5.5	478.1
0.0	15.6	626.2	13.1	8.6	478.1
0.0	16.9	627.3	13.1	9.7	478.1
0.0	18.1	624.6	13.1	10.4	478.1
0.0	19.2	632.4	13.1	10.5	478.1
0.2	20.9	590.4	13.2	10.5	478.1
0.1	19.9	554.0	13.2	11.2	478.1
0.0	20.3	610.3	13.2	9.9	478.1
12.0	21.6	361.4	13.2	9.0	478.1
5.9	24.5	393.9	13.3	8.3	478.1
29.8	21.5	425.2	13.3	9.1	478.1
0.0	14.5	295.8	13.3	7.7	478.3
0.0	14.6	184.6	13.4	5.6	478.3
0.9	18.2	494.9	13.4	8.3	478.3
0.9	20.5	390.9	13.4	9.0	478.3
0.0	21.7	531.7	13.4	9.5	478.3
10.4	22.4	505.8	13.5	9.0	478.3
0.1	22.9	492.8	13.5	9.3	478.3
22.3	23.1	327.4	13.5	11.9	478.3
0.6	16.8	69.8	13.5	5.3	478.3
15.9	13.9	121.5	13.5	8.5	478.3
12.5	12.3	113.7	13.6	4.7	478.3
18.3	11.8	43.6	13.6	2.2	478.3
0.3	12.5	151.8	13.6	6.7	478.3
1.8	17.9	559.2	13.6	8.7	478.3
8.4	19.6	225.9	13.7	7.3	478.3
39.4	20.4	49.2	13.7	4.8	478.3
47.3	22.2	179.6	13.7	6.5	478.3
2.8	21.8	129.5	13.7	6.0	478.3
20.6	22.1	273.5	13.7	7.5	478.3
0.8	22.3	440.7	13.8	8.8	478.3
126.5	20.5	59.5	13.8	3.5	478.3
38.4	18.1	30.9	13.8	5.8	478.3
0.7	19.2	355.7	13.8	9.4	478.3
1.6	21.0	651.4	13.8	10.9	478.3
0.3	22.2	587.4	13.8	11.3	478.3
0.1	22.5	656.3	13.9	11.6	478.3
0.0	22.8	458.3	13.9	10.5	478.3
33.0	19.6	104.2	13.9	5.7	478.3
1.2	18.5	148.3	13.9	6.6	478.3
0.4	19.4	433.8	13.9	8.3	478.3
28.4	19.8	107.8	13.9	4.8	478.3
0.5	19.8	361.5	13.9	7.7	476.8
0.4	16.5	416.1	14.0	6.8	476.8
0.1	20.3	580.8	14.0	9.4	476.8
0.1	21.8	631.9	14.0	11.1	476.8
0.1	21.9	659.3	14.0	11.2	476.8
1.4	22.8	654.8	14.0	11.0	476.8
1.2	23.9	505.9	14.0	10.1	476.8
0.5	23.6	247.0	14.0	8.4	476.8
0.4	22.8	345.2	14.0	7.7	476.8
4.7	23.5	264.9	14.0	7.6	476.8
12.1	23.2	279.1	14.0	7.2	476.8
5.7	24.1	367.6	14.1	9.3	476.8
4.7	24.8	612.5	14.1	10.8	476.8
1.2	26.4	641.7	14.1	12.4	476.8
6.5	26.5	348.4	14.1	10.5	476.8
0.5	23.9	479.8	14.1	10.5	476.8
0.1	24.5	594.0	14.1	11.5	476.8
20.7	25.1	564.0	14.1	10.4	476.8
23.0	21.2	52.6	14.1	4.6	476.8
1.0	21.0	365.0	14.1	8.3	476.8
0.1	24.5	492.5	14.1	10.5	476.8
2.8	25.6	650.2	14.1	10.0	476.8
57.1	24.7	356.6	14.1	8.2	476.8
3.8	23.9	242.1	14.1	8.1	476.8
0.0	26.9	674.1	14.1	11.1	476.8
2.0	27.5	648.6	14.1	11.9	476.8
3.6	27.4	629.5	14.1	12.1	476.8
5.4	27.4	519.1	14.1	10.0	476.8
18.1	27.2	507.1	14.1	9.1	476.8
19.9	27.0	548.8	14.1	9.6	476.8
19.3	27.1	518.0	14.1	9.7	473.8
9.8	27.5	570.6	14.0	10.3	473.8
8.9	27.5	587.3	14.0	10.6	473.8
6.6	28.0	576.5	14.0	10.7	473.8
3.5	28.8	620.5	14.0	12.1	473.8
0.0	29.4	656.8	14.0	11.3	473.8
4.1	29.1	650.6	14.0	12.1	473.8
6.6	28.7	617.3	14.0	11.2	473.8
5.2	29.1	587.7	14.0	10.7	473.8
10.0	28.5	480.7	14.0	10.5	473.8
12.3	27.3	393.2	14.0	10.2	473.8
11.3	26.6	623.6	13.9	10.3	473.8
7.2	25.8	583.5	13.9	8.9	473.8
0.0	26.6	530.8	13.9	9.2	473.8
8.7	26.9	491.8	13.9	9.7	473.8
6.5	26.7	532.6	13.9	10.5	473.8
8.2	26.8	596.9	13.9	9.9	473.8
13.4	26.1	549.2	13.9	8.7	473.8
12.5	26.2	444.5	13.8	9.3	473.8
14.7	26.5	332.4	13.8	8.6	473.8
22.6	26.2	325.9	13.8	9.2	473.8
19.5	25.3	259.6	13.8	7.3	473.8
5.9	24.7	216.8	13.8	7.3	473.8
9.8	24.8	174.3	13.8	7.1	473.8
7.2	24.3	163.6	13.7	6.6	473.8
0.0	25.1	208.4	13.7	8.0	473.8
10.2	26.3	578.9	13.7	10.2	473.8
7.4	27.1	566.9	13.7	9.8	473.8
16.9	26.8	450.4	13.7	10.5	473.8
16.9	26.1	396.0	13.6	10.1	473.8
10.6	26.5	512.3	13.6	9.4	473.8
19.0	25.5	417.5	13.6	8.8	471.9
15.9	25.6	479.3	13.6	9.3	471.9
12.4	26.0	556.2	13.5	9.8	471.9
11.6	26.0	565.0	13.5	9.6	471.9
0.4	26.4	601.7	13.5	10.1	471.9
11.4	25.8	580.5	13.5	9.9	471.9
7.7	26.0	600.4	13.5	10.5	471.9
9.4	26.3	559.8	13.4	9.3	471.9
13.4	26.2	469.8	13.4	8.3	471.9
0.0	26.8	561.3	13.4	9.9	471.9
4.2	26.5	570.2	13.4	10.0	471.9
0.2	27.1	581.2	13.3	9.8	471.9
0.0	26.6	620.3	13.3	10.5	471.9
0.0	27.3	619.5	13.3	10.5	471.9
0.1	28.5	602.2	13.3	10.4	471.9
7.3	27.5	440.7	13.2	11.1	471.9
10.2	26.6	545.5	13.2	9.9	471.9
1.8	27.1	514.7	13.2	9.2	471.9
0.4	27.9	572.4	13.1	9.0	471.9
5.8	27.2	553.7	13.1	10.3	471.9
13.7	26.7	537.0	13.1	8.5	471.9
11.7	26.4	468.9	13.1	8.9	471.9
11.7	26.3	466.6	13.0	9.0	471.9
3.0	26.5	456.0	13.0	9.3	471.9
9.8	26.4	558.2	13.0	9.7	471.9
15.0	26.3	511.4	13.0	8.7	471.9
13.8	26.1	510.4	12.9	9.1	471.9
13.0	26.0	463.1	12.9	8.7	471.9
8.5	26.5	467.8	12.9	9.3	471.9
7.9	26.9	522.1	12.8	9.0	471.9
1.5	26.9	564.0	12.8	9.7	471.9
23.8	26.0	421.4	12.8	8.9	470.9
19.1	25.5	448.6	12.8	8.5	470.9
16.4	25.9	453.1	12.7	8.6	470.9
10.0	26.4	507.6	12.7	9.1	470.9
10.6	26.0	496.5	12.7	9.2	470.9
7.2	26.0	524.2	12.6	8.8	470.9
0.8	25.6	386.4	12.6	7.1	470.9
0.9	25.7	261.1	12.6	6.8	470.9
5.3	25.8	408.0	12.5	8.1	470.9
3.7	25.8	417.0	12.5	7.5	470.9
10.3	25.7	415.7	12.5	7.8	470.9
16.8	25.7	394.6	12.5	7.8	470.9
19.9	23.0	332.9	12.4	8.0	470.9
0.3	19.4	88.3	12.4	4.7	470.9
0.1	20.1	487.7	12.4	8.4	470.9
0.1	20.0	522.4	12.3	8.5	470.9
0.0	20.8	530.4	12.3	8.5	470.9
0.0	22.0	459.1	12.3	8.0	470.9
0.0	22.3	495.4	12.2	8.3	470.9
0.2	23.2	468.3	12.2	8.8	470.9
0.0	23.5	517.2	12.2	8.2	470.9
0.0	22.9	513.3	12.2	8.5	470.9
0.0	21.7	503.7	12.1	8.8	470.9
0.0	21.4	514.5	12.1	8.6	470.9
0.0	22.5	472.2	12.1	9.4	470.9
0.0	24.2	464.6	12.0	8.9	470.9
0.0	25.2	494.1	12.0	9.6	470.9
0.1	26.6	443.3	12.0	8.3	470.9
0.4	24.7	374.3	11.9	10.0	470.9
0.0	17.1	479.8	11.9	7.2	470.9
0.0	17.5	497.4	11.9	7.3	471.1
0.0	18.3	501.9	11.9	7.6	471.1
0.0	19.4	493.5	11.8	8.1	471.1
0.0	19.7	493.7	11.8	8.1	471.1
0.0	20.2	481.5	11.8	8.0	471.1
1.9	20.6	86.2	11.7	5.0	471.1
0.6	23.7	155.7	11.7	6.4	471.1
0.9	22.9	79.4	11.7	5.4	471.1
0.0	22.2	428.1	11.6	6.8	471.1
0.0	20.2	448.2	11.6	6.6	471.1
0.0	19.4	424.4	11.6	7.0	471.1
0.0	20.2	372.7	11.6	6.6	471.1
0.0	18.0	173.5	11.5	7.1	471.1
0.0	14.3	362.6	11.5	5.5	471.1
0.0	13.5	403.1	11.5	5.9	471.1
0.0	16.0	450.7	11.4	6.7	471.1
0.0	17.7	401.2	11.4	6.2	471.1
0.0	18.3	427.5	11.4	6.4	471.1
0.0	16.2	434.2	11.4	6.1	471.1
0.0	13.7	415.4	11.3	5.6	471.1
0.0	14.4	444.6	11.3	6.5	471.1
0.0	14.3	438.6	11.3	6.9	471.1
0.0	15.7	408.6	11.2	6.6	471.1
0.0	16.5	423.9	11.2	7.3	471.1
0.0	17.5	423.3	11.2	7.6	471.1
0.0	18.9	417.1	11.2	7.6	471.1
0.0	16.5	407.8	11.1	6.6	471.1
0.0	14.3	414.8	11.1	6.0	471.1
0.0	16.5	409.1	11.1	6.5	471.1
0.0	12.5	414.9	11.0	5.9	471.1
0.0	12.9	413.0	11.0	6.0	471.1
0.0	13.3	410.1	11.0	6.4	472.5
0.0	13.9	407.0	11.0	6.6	472.5
0.0	15.0	402.1	10.9	6.5	472.5
0.0	16.2	378.5	10.9	6.3	472.5
0.0	17.4	298.3	10.9	5.5	472.5
0.0	16.2	187.1	10.9	3.5	472.5
0.0	16.6	168.5	10.8	4.9	472.5
0.0	17.4	362.4	10.8	5.6	472.5
1.3	18.4	122.2	10.8	4.5	472.5
4.7	18.1	109.9	10.8	4.6	472.5
17.0	11.8	14.1	10.7	3.6	472.5
1.0	10.7	70.8	10.7	2.2	472.5
1.6	13.4	174.0	10.7	3.5	472.5
1.2	15.7	66.7	10.7	3.4	472.5
5.9	16.1	41.5	10.6	3.4	472.5
1.4	13.0	24.7	10.6	2.6	472.5
0.1	11.5	220.2	10.6	3.4	472.5
16.2	9.9	39.1	10.6	1.4	472.5
4.8	8.8	18.8	10.6	2.3	472.5
0.9	9.2	76.5	10.5	2.1	472.5
0.6	12.3	64.5	10.5	2.7	472.5
0.2	15.9	151.0	10.5	4.2	472.5
5.5	13.0	63.1	10.5	4.3	472.5
0.4	11.5	164.7	10.5	3.0	472.5
1.5	13.3	77.7	10.4	3.0	472.5
0.5	12.6	198.3	10.4	4.1	472.5
0.2	16.0	295.0	10.4	5.1	472.5
17.6	16.3	138.5	10.4	5.6	472.5
1.4	2.1	70.3	10.4	2.8	472.5
0.0	0.8	321.1	10.4	2.5	472.5
0.1	5.0	286.3	10.3	3.7	474.3
0.0	6.2	306.8	10.3	3.0	474.3
0.0	6.9	281.3	10.3	3.1	474.3
2.6	12.2	236.4	10.3	4.2	474.3
9.9	9.9	21.7	10.3	1.9	474.3
4.3	9.6	31.7	10.3	1.1	474.3
5.9	10.6	63.5	10.3	2.5	474.3
1.3	8.7	68.5	10.3	1.8	474.3
2.3	12.1	229.0	10.2	3.6	474.3
2.2	10.3	96.1	10.2	2.0	474.3
0.4	10.7	142.4	10.2	2.7	474.3
0.2	14.1	267.0	10.2	3.9	474.3
5.3	12.9	266.1	10.2	5.2	474.3
1.0	6.3	77.9	10.2	2.2	474.3
0.1	2.3	109.5	10.2	2.3	474.3
0.0	-0.4	313.1	10.2	2.2	474.3
0.0	1.3	261.3	10.2	2.8	474.3
0.0	4.5	300.4	10.2	3.3	474.3
4.5	5.9	50.4	10.2	2.1	474.3
6.5	5.4	26.3	10.2	1.4	474.3
19.8	2.1	18.7	10.2	1.8	474.3
0.0	1.2	199.7	10.2	2.3	474.3
0.1	2.7	305.6	10.2	2.7	474.3
0.3	2.7	203.0	10.2	2.9	474.3
0.7	4.5	166.4	10.2	3.3	474.3
0.8	4.0	114.2	10.2	1.9	474.3
0.0	3.7	294.0	10.2	2.7	474.3
0.3	3.0	256.5	10.2	3.0	474.3
0.1	3.9	232.8	10.2	3.1	474.3
0.2	8.0	223.9	10.2	3.6	474.3
0.2	8.2	147.9	10.2	2.7	474.3
1.4	8.6	108.5	10.2	2.4	476.4
3.2	7.9	58.7	10.2	1.7	476.4
24.0	7.5	44.1	10.2	1.3	476.4
41.3	8.8	19.8	10.2	1.6	476.4
9.1	8.9	45.9	10.3	2.4	476.4
0.3	5.5	271.9	10.3	3.4	476.4
2.0	8.7	199.5	10.3	3.5	476.4
1.0	4.7	48.9	10.3	3.1	476.4
0.0	-1.6	317.0	10.3	1.9	476.4
0.0	-2.0	333.5	10.3	2.1	476.4
0.0	1.3	296.8	10.3	2.8	476.4
0.0	4.0	266.2	10.3	2.9	476.4
0.1	8.9	268.7	10.4	3.8	476.4
2.1	10.6	161.3	10.4	4.0	476.4
1.8	2.2	74.3	10.4	2.4	476.4
0.0	0.3	270.6	10.4	2.5	476.4
0.0	3.9	328.5	10.4	3.5	476.4
0.1	4.8	331.9	10.4	3.5	476.4
0.0	4.9	268.8	10.5	3.0	476.4
0.9	8.7	91.6	10.5	3.2	476.4
11.9	10.7	120.0	10.5	3.1	476.4
16.8	8.9	36.5	10.5	2.6	476.4
2.9	6.0	53.9	10.5	1.8	476.4
1.0	5.2	71.6	10.6	2.0	476.4
21.2	6.4	156.0	10.6	2.3	476.4
22.9	7.2	16.4	10.6	2.1	476.4
15.4	0.6	38.4	10.6	2.5	476.4
1.4	-0.7	193.1	10.6	1.6	476.4
0.1	1.3	308.0	10.7	2.7	476.4
0.4	3.7	353.9	10.7	4.1	476.4
0.2	6.8	322.0	10.7	4.9	476.4
0.3	7.8	201.7	10.7	3.4	477.4
0.3	8.8	237.0	10.8	4.9	477.4
0.4	10.4	329.0	10.8	5.1	477.4
0.3	9.6	110.8	10.8	3.2	477.4
9.2	11.1	182.7	10.8	3.9	477.4
1.2	8.3	166.3	10.9	3.8	477.4
1.1	5.8	136.3	10.9	2.7	477.4
0.1	6.1	218.7	10.9	3.1	477.4
0.0	9.8	260.7	10.9	4.4	477.4
3.2	15.0	292.6	11.0	5.3	477.4
4.0	11.6	56.4	11.0	4.8	477.4
6.7	5.8	53.2	11.0	2.0	477.4
7.4	5.1	36.7	11.1	1.6	477.4
0.7	6.1	236.9	11.1	4.3	477.4
0.1	7.7	288.0	11.1	4.2	477.4
0.0	9.2	427.7	11.1	4.0	477.4
0.0	7.3	434.0	11.2	4.6	477.4
0.0	11.8	424.9	11.2	6.4	477.4
1.5	14.0	381.6	11.2	6.8	477.4
13.4	9.5	102.3	11.3	2.5	477.4
4.7	6.3	39.2	11.3	4.8	477.4
0.0	0.1	275.0	11.3	2.4	477.4
0.0	0.8	435.2	11.3	2.8	477.4
0.0	1.2	460.8	11.4	3.2	477.4
0.0	1.6	253.8	11.4	2.8	477.4
2.1	5.7	425.4	11.4	4.3	477.4
3.7	5.5	102.7	11.5	3.2	477.4
0.0	6.5	474.0	11.5	4.9	477.4
0.0	4.3	480.7	11.5	4.7	477.7
0.0	6.5	459.2	11.5	5.1	477.7
0.3	9.9	372.7	11.6	5.8	477.7
11.7	9.0	52.1	11.6	2.6	477.7
3.9	8.4	54.0	11.6	4.2	477.7
0.1	4.0	251.3	11.7	4.0	477.7
0.8	7.6	361.1	11.7	5.3	477.7
0.0	3.8	518.3	11.7	4.5	477.7
0.0	9.1	515.8	11.8	6.9	477.7
0.0	15.1	497.0	11.8	8.0	477.7
2.7	16.1	227.3	11.8	9.5	477.7
0.7	9.1	194.8	11.9	4.1	477.7
0.2	15.4	178.9	11.9	6.6	477.7
26.3	15.6	160.9	11.9	8.4	477.7
0.9	8.4	83.0	11.9	3.8	477.7
0.1	9.4	311.0	12.0	5.4	477.7
0.3	13.9	410.1	12.0	6.8	477.7
0.3	17.0	189.8	12.0	5.8	477.7
16.8	12.8	92.3	12.1	7.8	477.7
17.9	11.0	247.4	12.1	5.0	477.7
24.5	14.1	37.3	12.1	5.6	477.7
0.9	15.6	122.1	12.2	6.5	477.7
0.2	17.8	139.0	12.2	7.2	477.7
4.7	20.0	327.6	12.2	6.8	477.7
0.0	21.1	457.4	12.2	8.2	477.7
0.0	22.2	484.4	12.3	7.5	477.7
32.2	19.4	302.1	12.3	8.3	477.7
5.2	16.6	90.2	12.3	4.9	477.7
0.5	15.8	139.5	12.4	4.1	477.7
1.3	19.4	363.0	12.4	7.9	477.7
9.2	20.8	409.1	12.4	8.0	477.7
2.0	21.3	331.3	12.5	7.6	478.1
1.8	21.2	270.6	12.5	6.3	478.1
52.5	19.2	312.8	12.5	8.4	478.1
3.6	8.6	31.8	12.6	6.0	478.1
1.3	8.5	154.8	12.6	2.9	478.1
0.7	10.6	511.0	12.6	6.8	478.1
0.0	13.0	575.7	12.6	7.3	478.1
9.5	14.0	463.7	12.7	6.5	478.1
3.8	11.7	47.6	12.7	3.3	478.1
4.0	11.6	352.8	12.7	7.4	478.1
0.0	9.5	562.0	12.8	5.9	478.1
0.3	7.0	204.1	12.8	4.9	478.1
7.7	11.9	440.6	12.8	6.4	478.1
26.5	10.9	57.1	12.8	2.9	478.1
2.0	9.4	168.6	12.9	5.4	478.1
0.4	14.6	470.0	12.9	8.5	478.1
1.9	20.3	315.9	12.9	9.3	478.1
0.0	23.4	409.1	13.0	9.4	478.1
4.1	15.9	182.5	13.0	10.6	478.1
27.4	12.8	60.4	13.0	2.7	478.1
42.2	12.5	56.0	13.0	4.2	478.1
39.2	9.0	29.3	13.1	4.7	478.1
24.3	10.2	29.5	13.1	3.9	478.1
22.8	11.9	57.2	13.1	3.5	478.1
1.3	10.1	121.6	13.2	3.7	478.1
2.7	11.0	289.5	13.2	4.8	478.1
22.9	11.9	68.9	13.2	4.4	478.1
0.5	12.6	266.8	13.2	5.7	478.1
0.2	14.7	604.5	13.3	8.9	478.1
15.9	16.0	151.1	13.3	6.1	478.1
11.0	15.3	121.0	13.3	5.1	478.4
0.0	17.4	598.5	13.3	8.6	478.4
0.0	14.7	400.1	13.4	8.2	478.4
0.1	16.9	640.6	13.4	9.3	478.4
1.0	17.4	119.6	13.4	5.8	478.4
1.1	23.8	523.4	13.4	10.9	478.4
5.6	25.7	486.4	13.5	9.6	478.4
12.7	22.2	298.2	13.5	9.6	478.4
53.9	14.1	65.0	13.5	6.6	478.4
15.5	17.0	73.4	13.5	6.9	478.4
3.6	12.8	92.0	13.6	5.8	478.4
27.4	13.0	84.6	13.6	3.7	478.4
3.3	13.7	98.5	13.6	4.1	478.4
5.9	14.8	88.7	13.6	4.0	478.4
1.1	16.7	194.4	13.7	5.8	478.4
5.2	16.6	81.6	13.7	4.1	478.4
26.6	17.4	57.3	13.7	3.8	478.4
26.0	19.0	50.6	13.7	4.6	478.4
2.8	19.4	119.3	13.7	6.5	478.4
0.4	18.1	262.0	13.8	7.6	478.4
0.1	18.1	338.2	13.8	8.8	478.4
1.0	19.7	630.4	13.8	10.1	478.4
0.0	21.4	640.7	13.8	10.6	478.4
0.2	23.3	579.1	13.8	10.8	478.4
27.3	18.7	86.2	13.8	7.0	478.4
11.2	18.9	46.7	13.9	4.2	478.4
8.6	17.5	81.8	13.9	6.0	478.4
3.1	16.1	39.8	13.9	2.6	478.4
0.4	19.0	284.7	13.9	7.9	478.4
0.7	20.1	177.5	13.9	6.5	478.4
0.7	21.0	234.2	13.9	8.4	478.4
0.9	23.8	562.4	13.9	9.9	476.8
8.0	22.6	96.5	14.0	8.0	476.8
1.7	22.1	293.9	14.0	7.9	476.8
0.1	21.2	429.6	14.0	9.1	476.8
0.0	19.6	88.1	14.0	6.5	476.8
2.4	16.7	69.1	14.0	5.1	476.8
1.4	16.3	116.8	14.0	5.5	476.8
0.0	20.4	678.6	14.0	10.9	476.8
0.0	22.6	672.6	14.0	12.0	476.8
2.1	23.7	663.4	14.0	11.8	476.8
0.7	22.7	380.6	14.0	10.1	476.8
2.9	22.9	617.0	14.1	10.3	476.8
5.0	21.4	338.7	14.1	10.1	476.8
0.1	22.3	622.4	14.1	10.9	476.8
0.0	21.9	675.0	14.1	11.7	476.8
0.0	22.1	703.0	14.1	11.2	476.8
0.0	24.7	628.9	14.1	10.7	476.8
0.6	23.8	352.9	14.1	10.1	476.8
4.7	23.6	311.1	14.1	8.4	476.8
4.5	21.3	94.2	14.1	5.9	476.8
9.5	21.4	274.2	14.1	7.4	476.8
36.7	19.2	54.5	14.1	4.0	476.8
12.1	22.3	95.0	14.1	8.4	476.8
32.4	24.9	367.8	14.1	8.5	476.8
17.7	25.2	426.9	14.1	9.5	476.8
6.5	26.3	604.3	14.1	11.0	476.8
31.3	25.2	429.2	14.1	9.7	476.8
1.4	22.7	140.9	14.1	6.4	476.8
0.2	22.5	539.3	14.1	10.6	476.8
0.0	22.1	659.6	14.1	10.4	476.8
0.0	22.1	645.4	14.1	9.7	473.8
0.5	24.0	496.6	14.0	9.9	473.8
0.5	24.9	436.3	14.0	9.7	473.8
10.7	24.1	293.7	14.0	7.5	473.8
0.3	24.3	389.3	14.0	8.9	473.8
0.0	25.1	593.0	14.0	10.1	473.8
0.1	25.9	670.6	14.0	11.2	473.8
0.0	26.7	671.6	14.0	11.2	473.8
0.0	27.5	650.3	14.0	11.1	473.8
0.0	28.7	594.4	14.0	11.1	473.8
18.0	27.0	604.4	14.0	11.1	473.8
12.0	26.2	567.9	14.0	10.7	473.8
0.8	25.8	466.7	13.9	9.3	473.8
2.3	24.3	95.4	13.9	5.4	473.8
0.8	24.9	103.0	13.9	5.6	473.8
1.5	26.4	365.7	13.9	8.7	473.8
1.5	27.2	476.5	13.9	8.8	473.8
6.7	26.7	522.8	13.9	9.9	473.8
5.6	27.2	626.6	13.8	10.5	473.8
1.0	27.8	626.3	13.8	10.1	473.8
15.4	26.9	563.1	13.8	9.6	473.8
16.6	26.9	487.2	13.8	9.3	473.8
19.5	26.7	416.0	13.8	9.2	473.8
18.6	26.4	282.7	13.8	8.7	473.8
13.7	26.5	307.1	13.7	9.0	473.8
10.1	27.2	289.4	13.7	9.0	473.8
8.2	27.5	295.0	13.7	8.8	473.8
6.7	27.2	338.5	13.7	9.4	473.8
5.8	27.4	410.5	13.7	10.3	473.8
7.1	27.9	429.9	13.6	9.5	473.8
12.1	27.4	401.9	13.6	9.1	473.8
13.9	26.8	354.6	13.6	9.5	471.9
12.0	26.7	489.1	13.6	8.8	471.9
0.0	27.6	616.3	13.6	10.3	471.9
22.5	26.3	391.9	13.5	8.4	471.9
20.4	25.7	311.2	13.5	8.3	471.9
13.6	25.2	205.1	13.5	6.8	471.9
15.8	25.7	315.5	13.5	8.3	471.9
15.7	26.6	376.4	13.4	9.1	471.9
9.5	27.1	516.3	13.4	9.5	471.9
5.8	27.0	412.2	13.4	9.2	471.9
16.3	26.9	515.5	13.4	10.6	471.9
15.0	26.5	559.4	13.3	9.1	471.9
9.8	26.9	523.1	13.3	9.5	471.9
10.5	26.8	485.7	13.3	9.1	471.9
18.2	26.6	489.4	13.3	8.5	471.9
16.7	26.5	444.2	13.2	8.5	471.9
6.8	26.3	558.1	13.2	9.7	471.9
9.3	26.2	575.6	13.2	9.7	471.9
8.6	26.6	568.9	13.2	10.0	471.9
11.2	26.2	506.8	13.1	9.6	471.9
13.2	24.9	342.7	13.1	7.0	471.9
0.4	24.4	249.4	13.1	7.0	471.9
1.4	24.5	258.4	13.0	7.8	471.9
11.6	24.3	138.0	13.0	5.8	471.9
23.5	23.4	53.1	13.0	3.9	471.9
2.4	23.6	138.3	13.0	6.3	471.9
2.6	23.2	149.8	12.9	5.9	471.9
0.3	23.2	307.3	12.9	8.1	471.9
0.2	22.7	499.2	12.9	8.5	471.9
0.1	23.6	569.0	12.8	8.1	471.9
0.7	24.1	442.7	12.8	8.7	471.9
0.0	23.4	579.8	12.8	10.0	470.9
0.0	23.6	584.0	12.8	10.3	470.9
0.0	23.3	583.5	12.7	10.4	470.9
0.0	23.8	575.0	12.7	9.8	470.9
0.0	24.8	405.0	12.7	9.5	470.9
0.0	25.7	427.9	12.6	9.6	470.9
0.0	26.3	558.6	12.6	10.1	470.9
0.0	26.4	439.4	12.6	8.6	470.9
4.5	23.4	95.5	12.6	6.9	470.9
8.2	19.3	51.1	12.5	3.3	470.9
0.1	20.8	148.4	12.5	6.7	470.9
0.1	22.3	478.3	12.5	8.6	470.9
0.4	23.8	475.3	12.4	8.0	470.9
0.0	23.5	406.5	12.4	8.4	470.9
0.0	21.9	334.2	12.4	8.2	470.9
0.0	22.7	542.5	12.3	8.3	470.9
0.1	23.1	494.9	12.3	9.5	470.9
0.0	22.6	535.3	12.3	9.3	470.9
0.0	22.1	536.8	12.3	9.0	470.9
0.0	21.6	541.1	12.2	9.5	470.9
0.0	21.4	541.1	12.2	9.6	470.9
0.0	22.5	527.2	12.2	8.5	470.9
0.2	22.0	483.8	12.1	8.4	470.9
0.0	21.4	531.2	12.1	7.2	470.9
0.0	21.6	518.2	12.1	8.9	470.9
0.0	20.1	521.9	12.0	8.6	470.9
0.0	20.4	517.2	12.0	8.3	470.9
0.0	19.1	464.5	12.0	8.4	470.9
0.0	18.3	525.3	12.0	8.4	470.9
0.0	19.5	494.0	11.9	9.5	470.9
0.0	20.0	509.8	11.9	9.0	471.0
0.0	19.9	499.9	11.9	8.6	471.0
0.0	20.7	495.5	11.8	8.8	471.0
0.0	21.6	488.3	11.8	9.0	471.0
0.0	20.8	483.0	11.8	9.5	471.0
0.0	21.2	475.8	11.7	8.2	471.0
0.0	20.3	460.7	11.7	8.9	471.0
0.0	20.8	487.1	11.7	9.1	471.0
0.0	21.3	472.8	11.7	8.7	471.0
0.0	21.0	468.6	11.6	8.9	471.0
0.0	21.1	466.1	11.6	8.8	471.0
0.0	20.5	463.1	11.6	8.1	471.0
0.0	21.3	448.1	11.5	7.6	471.0
0.0	22.7	435.5	11.5	7.3	471.0
0.0	23.9	430.0	11.5	7.6	471.0
0.2	24.3	401.6	11.4	7.6	471.0
5.0	23.8	285.4	11.4	7.3	471.0
0.5	18.9	133.1	11.4	5.3	471.0
0.0	17.5	426.9	11.4	6.2	471.0
0.0	17.4	419.4	11.3	6.2	471.0
0.0	17.9	420.4	11.3	6.6	471.0
0.0	17.7	428.7	11.3	6.9	471.0
0.0	18.6	437.0	11.2	6.7	471.0
0.0	19.5	424.9	11.2	7.5	471.0
0.0	19.0	356.0	11.2	7.0	471.0
0.0	17.6	411.1	11.2	6.5	471.0
0.6	19.8	397.5	11.1	6.8	471.0
0.0	12.1	416.2	11.1	5.2	471.0
0.0	10.7	417.6	11.1	5.1	471.0
0.0	13.8	403.8	11.0	6.0	471.0
0.0	13.7	396.7	11.0	5.5	471.0
0.0	15.2	382.4	11.0	5.8	472.4
0.0	15.1	382.8	11.0	6.2	472.4
0.0	15.3	391.8	10.9	6.2	472.4
0.0	15.7	392.6	10.9	6.2	472.4
0.0	18.2	360.7	10.9	6.2	472.4
3.1	20.5	359.1	10.9	6.1	472.4
0.2	15.2	153.1	10.8	5.3	472.4
0.0	15.6	370.5	10.8	5.4	472.4
0.0	16.0	308.1	10.8	5.2	472.4
0.0	17.5	360.2	10.8	5.6	472.4
0.9	19.4	343.4	10.7	5.7	472.4
0.2	16.2	148.2	10.7	5.0	472.4
0.0	14.5	232.6	10.7	4.7	472.4
0.0	13.5	324.9	10.7	3.9	472.4
0.0	14.0	157.4	10.6	4.2	472.4
3.2	16.4	229.4	10.6	5.1	472.4
7.5	16.8	55.2	10.6	2.8	472.4
1.3	17.7	70.3	10.6	2.9	472.4
1.2	18.3	91.0	10.6	3.1	472.4
0.6	19.3	293.5	10.5	5.0	472.4
1.2	19.7	227.0	10.5	4.8	472.4
6.0	18.1	59.9	10.5	4.4	472.4
7.0	12.1	18.7	10.5	3.2	472.4
3.5	7.6	36.3	10.5	2.6	472.4
10.3	9.5	137.7	10.4	2.7	472.4
5.3	9.7	30.6	10.4	2.5	472.4
2.5	7.9	79.4	10.4	1.6	472.4
4.6	10.3	89.9	10.4	2.0	472.4
1.0	9.1	40.8	10.4	3.0	472.4
0.5	9.7	206.0	10.4	3.7	472.4
1.2	10.6	122.5	10.3	3.1	474.3
48.3	10.8	28.5	10.3	1.6	474.3
18.8	9.0	15.9	10.3	2.4	474.3
0.4	9.2	122.5	10.3	2.4	474.3
5.5	13.0	188.0	10.3	3.9	474.3
4.4	13.9	22.5	10.3	3.8	474.3
2.5	9.0	77.8	10.3	1.2	474.3
15.4	6.5	31.0	10.3	3.6	474.3
0.0	-3.9	310.8	10.2	1.2	474.3
0.0	-1.5	320.2	10.2	2.0	474.3
0.1	2.5	193.9	10.2	2.3	474.3
1.0	3.3	72.9	10.2	1.4	474.3
16.0	5.0	42.1	10.2	2.1	474.3
1.2	-0.7	86.4	10.2	2.0	474.3
0.0	0.2	318.0	10.2	2.3	474.3
0.0	2.1	307.4	10.2	2.8	474.3
0.0	1.1	312.3	10.2	2.3	474.3
0.0	2.7	309.3	10.2	2.8	474.3
0.0	1.7	312.7	10.2	2.6	474.3
0.0	3.9	285.7	10.2	3.1	474.3
0.0	7.0	307.8	10.2	3.7	474.3
0.0	4.2	308.2	10.2	2.6	474.3
0.0	7.3	306.8	10.2	4.2	474.3
0.0	-0.4	306.0	10.2	2.2	474.3
0.0	0.5	312.6	10.2	2.7	474.3
0.0	5.2	289.3	10.2	3.7	474.3
9.8	9.6	189.7	10.2	4.1	474.3
0.0	5.7	288.2	10.2	3.0	474.3
1.0	8.4	266.8	10.2	3.2	474.3
0.4	10.8	31.7	10.2	2.6	474.3
4.0	14.2	97.2	10.2	4.0	474.3
2.7	4.3	68.8	10.2	3.0	476.4
0.9	2.5	105.9	10.2	1.6	476.4
0.8	-0.9	76.4	10.2	1.8	476.4
0.1	-4.8	157.7	10.2	1.4	476.4
0.0	-3.1	331.3	10.3	2.0	476.4
2.1	4.2	304.7	10.3	3.2	476.4
2.1	3.8	36.1	10.3	1.1	476.4
10.6	6.5	52.4	10.3	2.2	476.4
14.8	9.5	74.9	10.3	3.3	476.4
28.0	4.9	44.2	10.3	2.7	476.4
20.5	-0.0	23.8	10.3	0.9	476.4
1.4	0.4	103.8	10.3	1.2	476.4
12.9	1.5	62.9	10.4	1.8	476.4
9.5	-0.1	48.8	10.4	0.8	476.4
6.2	0.8	37.1	10.4	1.0	476.4
10.7	1.9	41.5	10.4	1.3	476.4
14.3	0.9	44.7	10.4	1.1	476.4
23.0	1.9	31.8	10.4	1.7	476.4
19.4	4.4	26.0	10.5	1.5	476.4
9.5	2.4	31.5	10.5	1.4	476.4
6.5	1.7	43.8	10.5	1.2	476.4
15.1	1.2	41.6	10.5	1.3	476.4
45.2	1.9	16.1	10.5	1.4	476.4
1.8	-1.4	51.5	10.6	1.9	476.4
0.0	-2.7	364.5	10.6	2.3	476.4
0.7	2.5	328.8	10.6	3.3	476.4
0.2	3.6	98.2	10.6	2.9	476.4
0.0	4.6	168.8	10.6	2.6	476.4
2.8	5.5	82.0	10.7	2.2	476.4
0.3	4.4	286.0	10.7	4.1	476.4
0.1	1.3	370.6	10.7	3.1	476.4
1.6	4.1	299.3	10.7	3.8	477.3
1.4	0.5	100.8	10.8	2.1	477.3
0.1	0.8	321.0	10.8	2.5	477.3
8.3	7.8	282.2	10.8	4.3	477.3
12.0	5.6	40.9	10.8	3.0	477.3
1.3	1.2	133.9	10.9	2.5	477.3
0.1	3.0	241.7	10.9	3.2	477.3
0.0	1.7	366.5	10.9	3.0	477.3
0.0	1.2	393.3	10.9	2.6	477.3
1.2	1.6	159.9	11.0	2.4	477.3
2.6	-1.0	279.9	11.0	2.7	477.3
0.0	-1.7	425.3	11.0	2.5	477.3
0.0	3.2	416.0	11.0	4.0	477.3
0.1	7.8	224.3	11.1	4.3	477.3
2.3	9.3	76.9	11.1	3.1	477.3
3.0	15.4	339.3	11.1	6.3	477.3
21.3	6.7	26.8	11.2	5.2	477.3
0.7	1.9	145.9	11.2	2.2	477.3
0.8	4.9	182.0	11.2	3.5	477.3
0.1	2.2	127.2	11.2	2.5	477.3
1.2	2.2	219.5	11.3	2.4	477.3
5.6	2.5	133.2	11.3	2.1	477.3
0.1	2.4	405.5	11.3	3.7	477.3
0.1	4.1	260.7	11.4	3.8	477.3
0.0	3.0	434.5	11.4	4.4	477.3
0.0	0.9	478.5	11.4	3.8	477.3
0.0	5.4	371.8	11.5	4.8	477.3
0.0	13.4	464.0	11.5	7.0	477.3
4.7	15.2	423.3	11.5	8.9	477.3
0.0	3.3	212.3	11.5	3.8	477.7
1.3	6.2	428.4	11.6	4.3	477.7
8.4	8.2	43.6	11.6	3.6	477.7
31.3	2.2	24.8	11.6	4.0	477.7
1.3	3.8	165.1	11.7	3.3	477.7
23.5	6.5	38.9	11.7	3.1	477.7
19.5	7.5	32.7	11.7	2.5	477.7
14.7	5.8	34.0	11.8	2.2	477.7
22.5	7.4	51.3	11.8	3.1	477.7
15.1	9.3	239.5	11.8	4.6	477.7
11.1	9.7	59.4	11.8	3.6	477.7
10.8	6.0	27.5	11.9	2.7	477.7
28.5	7.7	28.5	11.9	3.2	477.7
41.4	8.1	34.3	11.9	3.8	477.7
5.2	3.7	47.5	12.0	2.9	477.7
0.0	4.1	429.4	12.0	4.7	477.7
10.3	8.2	246.9	12.0	4.8	477.7
8.6	9.5	56.7	12.1	3.4	477.7
7.4	9.6	137.8	12.1	3.5	477.7
1.7	10.5	178.8	12.1	3.7	477.7
9.0	10.8	197.6	12.2	7.9	477.7
0.1	0.4	233.1	12.2	2.7	477.7
0.1	3.8	557.0	12.2	4.9	477.7
0.0	7.1	553.0	12.2	6.0	477.7
0.2	11.4	428.9	12.3	6.7	477.7
0.0	13.4	538.1	12.3	7.6	477.7
0.3	18.2	511.1	12.3	9.6	477.7
0.1	21.4	187.6	12.4	8.9	477.7
0.0	24.1	365.9	12.4	7.9	477.7
13.5	18.1	396.6	12.4	14.2	477.7
0.0	5.1	510.9	12.5	4.9	477.7
0.1	8.0	387.5	12.5	5.1	478.1
34.3	12.9	162.6	12.5	6.2	478.1
10.5	18.1	100.9	12.5	5.0	478.1
1.0	15.0	122.1	12.6	6.7	478.1
28.8	12.7	102.4	12.6	4.9	478.1
2.5	9.6	92.4	12.6	3.9	478.1
0.1	12.5	498.8	12.7	7.8	478.1
0.0	14.1	404.8	12.7	8.1	478.1
11.4	14.5	231.1	12.7	5.8	478.1
2.5	14.8	380.0	12.8	7.1	478.1
7.3	17.5	311.7	12.8	7.5	478.1
6.1	17.1	61.0	12.8	4.4	478.1
48.1	20.3	155.5	12.8	7.2	478.1
20.2	12.7	88.4	12.9	7.7	478.1
36.7	8.8	56.6	12.9	3.7	478.1
32.4	9.0	55.5	12.9	3.4	478.1
30.4	12.0	75.3	13.0	4.6	478.1
18.2	17.4	63.3	13.0	7.3	478.1
6.6	14.2	99.1	13.0	9.0	478.1
0.0	14.0	615.6	13.0	7.6	478.1
1.0	13.1	144.7	13.1	6.5	478.1
7.2	17.2	367.0	13.1	8.7	478.1
0.0	13.3	621.2	13.1	10.0	478.1
0.0	12.8	609.8	13.2	7.8	478.1
0.0	16.7	643.0	13.2	9.7	478.1
0.3	18.7	401.5	13.2	8.5	478.1
0.0	20.5	603.5	13.2	10.4	478.1
0.2	22.4	604.6	13.3	10.8	478.1
9.8	21.4	500.3	13.3	11.3	478.1
0.7	17.6	338.2	13.3	7.3	478.1
10.6	18.5	205.0	13.3	6.6	478.3
5.4	15.7	40.9	13.4	5.5	478.3
10.2	19.3	169.1	13.4	9.9	478.3
1.6	15.4	165.8	13.4	4.7	478.3
37.5	18.1	315.0	13.4	8.5	478.3
2.1	16.0	92.7	13.5	5.5	478.3
0.6	18.6	439.2	13.5	8.0	478.3
0.5	21.8	586.1	13.5	9.5	478.3
13.1	24.4	336.4	13.5	10.2	478.3
32.5	23.9	396.9	13.6	7.9	478.3
27.0	19.3	101.8	13.6	10.3	478.3
0.0	16.4	530.7	13.6	9.4	478.3
2.7	18.3	633.2	13.6	8.1	478.3
8.0	21.1	131.9	13.6	7.2	478.3
1.7	20.7	243.5	13.7	6.6	478.3
4.0	23.3	145.6	13.7	7.7	478.3
2.7	23.8	338.7	13.7	9.9	478.3
0.4	23.3	558.4	13.7	10.7	478.3
0.0	24.0	634.7	13.7	12.0	478.3
0.5	26.0	603.3	13.8	10.6	478.3
11.5	25.9	587.0	13.8	10.0	478.3
6.2	26.5	573.7	13.8	9.9	478.3
41.1	23.9	334.1	13.8	12.0	478.3
1.5	16.0	82.8	13.8	4.1	478.3
1.1	15.1	308.9	13.9	7.2	478.3
0.5	15.0	352.7	13.9	7.3	478.3
8.8	19.0	321.8	13.9	8.4	478.3
17.8	18.2	82.3	13.9	4.2	478.3
5.1	18.4	95.7	13.9	5.5	478.3
4.0	21.2	337.1	13.9	8.2	478.3
2.4	19.5	132.6	13.9	4.8	478.3
4.7	21.7	440.2	14.0	9.8	476.8
0.3	23.1	446.0	14.0	9.4	476.8
0.4	22.5	263.0	14.0	7.4	476.8
4.9	22.2	292.2	14.0	7.3	476.8
18.7	21.9	86.5	14.0	5.5	476.8
8.9	23.0	68.2	14.0	5.1	476.8
0.4	23.6	392.5	14.0	9.0	476.8
0.0	24.7	548.2	14.0	9.6	476.8
0.3	21.9	61.6	14.0	4.8	476.8
2.4	24.9	214.2	14.0	9.2	476.8
1.4	23.7	156.2	14.1	9.4	476.8
0.1	25.8	568.8	14.1	11.2	476.8
1.9	26.7	468.1	14.1	10.8	476.8
5.6	26.5	414.2	14.1	10.4	476.8
45.0	25.5	313.5	14.1	8.5	476.8
0.3	25.3	470.7	14.1	12.5	476.8
0.0	23.0	672.9	14.1	11.3	476.8
0.0	23.6	292.2	14.1	10.0	476.8
31.5	22.8	115.1	14.1	5.5	476.8
7.5	25.1	169.0	14.1	6.6	476.8
2.4	24.4	126.7	14.1	7.8	476.8
6.9	20.4	61.0	14.1	6.4	476.8
18.2	21.2	50.7	14.1	7.1	476.8
2.4	19.2	153.3	14.1	6.9	476.8
1.3	20.6	414.3	14.1	8.4	476.8
0.1	20.2	286.1	14.1	7.4	476.8
25.3	19.9	226.3	14.1	6.5	476.8
37.9	17.9	32.9	14.1	3.5	476.8
18.3	17.8	42.3	14.1	2.8	476.8
0.8	18.4	139.4	14.1	5.3	476.8
0.1	19.6	96.1	14.1	5.2	473.7
7.5	24.2	362.1	14.0	11.1	473.7
2.4	24.4	195.5	14.0	7.3	473.7
4.5	25.4	351.0	14.0	8.8	473.7
1.3	24.5	150.4	14.0	6.5	473.7
19.2	25.9	523.6	14.0	9.8	473.7
30.2	25.8	447.8	14.0	9.3	473.7
19.2	25.2	294.9	14.0	7.4	473.7
10.2	25.6	281.3	14.0	7.6	473.7
20.0	26.1	346.4	14.0	9.1	473.7
7.8	26.6	443.9	14.0	9.1	473.7
8.6	26.6	418.5	13.9	9.7	473.7
25.0	26.9	377.1	13.9	9.3	473.7
12.0	26.6	310.8	13.9	9.0	473.7
2.0	28.1	473.4	13.9	10.1	473.7
0.1	28.3	437.9	13.9	9.9	473.7
1.3	28.5	560.3	13.9	11.2	473.7
8.2	27.9	644.1	13.9	11.1	473.7
4.3	27.8	637.6	13.8	10.8	473.7
7.7	27.4	636.3	13.8	11.0	473.7
0.1	27.0	639.0	13.8	11.2	473.7
0.8	25.8	447.5	13.8	8.8	473.7
2.3	24.4	50.2	13.8	3.7	473.7
0.2	26.2	202.0	13.7	8.0	473.7
15.5	26.2	482.1	13.7	8.5	473.7
0.7	26.3	543.2	13.7	9.6	473.7
0.0	25.7	525.8	13.7	10.0	473.7
0.5	26.5	575.4	13.7	10.2	473.7
0.7	27.3	541.4	13.6	10.2	473.7
14.5	26.2	553.4	13.6	10.0	473.7
0.6	27.1	551.7	13.6	10.0	473.7
16.1	26.1	447.1	13.6	7.4	471.8
4.2	26.1	408.9	13.6	8.0	471.8
4.8	25.5	309.1	13.5	7.2	471.8
1.4	25.5	108.8	13.5	5.1	471.8
17.3	25.6	252.7	13.5	7.0	471.8
13.1	25.8	264.5	13.5	7.3	471.8
15.6	26.1	467.6	13.4	8.4	471.8
1.8	27.2	533.2	13.4	10.9	471.8
12.7	26.7	502.9	13.4	8.8	471.8
13.5	25.7	282.4	13.4	8.0	471.8
6.4	26.5	464.5	13.3	10.2	471.8
0.0	27.0	566.7	13.3	10.0	471.8
0.0	27.4	612.6	13.3	10.1	471.8
0.2	28.1	572.2	13.3	10.1	471.8
7.1	27.3	519.1	13.2	10.7	471.8
3.2	27.3	590.7	13.2	10.3	471.8
1.5	27.5	593.9	13.2	10.6	471.8
0.4	27.9	599.4	13.2	10.4	471.8
0.1	28.3	581.8	13.1	10.1	471.8
0.0	27.9	599.2	13.1	10.6	471.8
0.2	27.3	577.1	13.1	9.8	471.8
0.5	28.1	527.9	13.0	9.9	471.8
0.3	28.8	565.1	13.0	10.0	471.8
0.2	28.9	552.2	13.0	10.4	471.8
0.0	28.5	578.7	13.0	10.0	471.8
0.0	27.9	555.3	12.9	10.2	471.8
0.0	26.3	364.9	12.9	8.8	471.8
0.3	27.7	537.6	12.9	9.6	471.8
0.5	27.8	447.8	12.9	9.7	471.8
0.0	27.2	559.1	12.8	10.1	471.8
0.0	26.9	511.6	12.8	9.4	471.8
0.0	27.3	366.7	12.8	8.3	470.9
17.9	26.0	419.6	12.7	9.8	470.9
2.9	23.2	35.6	12.7	3.4	470.9
13.7	25.8	304.7	12.7	8.1	470.9
1.9	23.0	131.3	12.6	5.7	470.9
0.4	23.4	514.3	12.6	7.8	470.9
0.0	23.8	390.1	12.6	7.7	470.9
0.9	24.8	471.3	12.6	8.0	470.9
1.4	25.8	428.9	12.5	7.5	470.9
1.3	26.0	325.9	12.5	7.9	470.9
13.6	22.4	101.3	12.5	7.8	470.9
2.8	19.8	39.2	12.4	2.1	470.9
7.8	19.8	31.7	12.4	3.0	470.9
1.2	18.8	42.7	12.4	3.9	470.9
0.1	19.7	460.8	12.4	7.8	470.9
0.0	20.0	470.2	12.3	8.6	470.9
0.0	21.3	536.7	12.3	8.3	470.9
0.0	21.3	533.7	12.3	8.8	470.9
0.0	20.3	536.3	12.2	8.7	470.9
0.0	20.5	534.3	12.2	8.8	470.9
0.0	21.2	532.9	12.2	8.8	470.9
0.0	21.9	521.7	12.1	8.9	470.9
0.0	21.8	515.5	12.1	9.7	470.9
0.0	21.9	516.5	12.1	9.7	470.9
0.0	22.5	499.9	12.1	8.2	470.9
0.0	21.7	451.7	12.0	8.5	470.9
0.0	22.6	501.3	12.0	9.0	470.9
0.0	21.2	460.4	12.0	9.0	470.9
0.0	21.8	493.7	11.9	9.2	470.9
0.0	22.0	500.1	11.9	9.2	470.9
0.0	21.8	495.3	11.9	9.2	471.0
0.0	21.4	495.4	11.8	8.9	471.0
0.0	21.4	487.1	11.8	8.4	471.0
0.0	21.0	472.6	11.8	7.9	471.0
0.0	19.2	441.6	11.7	7.2	471.0
0.0	20.2	405.3	11.7	7.4	471.0
0.0	21.3	460.5	11.7	8.0	471.0
0.2	22.8	455.8	11.7	8.0	471.0
0.0	22.3	456.1	11.6	8.1	471.0
0.0	21.7	458.1	11.6	8.1	471.0
0.2	21.7	231.1	11.6	6.6	471.0
0.0	19.8	317.1	11.5	6.5	471.0
0.0	18.6	454.0	11.5	7.1	471.0
0.0	18.8	452.3	11.5	6.8	471.0
0.0	21.6	435.7	11.5	7.7	471.0
0.5	20.9	418.9	11.4	8.8	471.0
0.0	16.4	456.7	11.4	6.8	471.0
0.0	16.4	451.2	11.4	7.2	471.0
0.0	17.4	449.8	11.3	7.2	471.0
0.0	18.5	440.6	11.3	7.2	471.0
0.0	19.2	428.9	11.3	7.6	471.0
0.0	20.4	415.7	11.2	7.2	471.0
0.5	15.3	92.0	11.2	5.5	471.0
0.0	14.5	417.0	11.2	5.5	471.0
0.0	16.7	417.5	11.2	5.8	471.0
1.9	18.5	238.8	11.1	5.6	471.0
1.0	17.0	36.7	11.1	3.1	471.0
0.0	18.0	152.1	11.1	5.4	471.0
0.0	18.0	398.0	11.1	6.6	471.0
0.0	18.4	381.6	11.0	5.9	471.0
0.0	16.8	333.4	11.0	6.0	471.0
0.0	18.1	374.5	11.0	6.2	472.4
0.1	14.8	106.8	10.9	4.8	472.4
0.0	15.4	382.1	10.9	5.1	472.4
0.0	17.0	372.5	10.9	5.8	472.4
0.1	18.1	309.3	10.9	5.2	472.4
0.1	21.0	346.6	10.8	5.7	472.4
0.0	21.5	271.5	10.8	5.5	472.4
0.0	22.3	284.2	10.8	5.8	472.4
17.5	13.8	168.4	10.8	7.0	472.4
0.0	9.1	378.6	10.7	4.0	472.4
0.0	11.7	368.0	10.7	4.9	472.4
0.9	14.8	214.2	10.7	4.1	472.4
6.4	14.1	39.3	10.7	2.5	472.4
8.7	11.7	17.4	10.7	3.2	472.4
1.6	6.9	66.2	10.6	2.4	472.4
0.3	7.1	196.7	10.6	2.7	472.4
37.1	7.5	37.6	10.6	1.6	472.4
2.6	4.8	40.8	10.6	2.7	472.4
0.0	3.4	350.2	10.5	2.0	472.4
0.0	6.0	343.8	10.5	3.5	472.4
0.1	6.7	312.0	10.5	3.8	472.4
0.1	9.8	299.0	10.5	4.7	472.4
0.0	10.1	315.2	10.5	4.5	472.4
0.1	10.7	319.2	10.4	4.8	472.4
0.8	12.6	153.9	10.4	4.3	472.4
0.1	14.7	129.7	10.4	4.5	472.4
0.3	18.0	274.6	10.4	4.3	472.4
2.1	12.6	47.0	10.4	5.0	472.4
3.3	5.7	61.3	10.4	1.5	472.4
15.6	4.2	12.1	10.3	2.7	472.4
0.9	-1.9	72.2	10.3	1.3	474.2
0.0	-1.0	209.4	10.3	1.9	474.2
0.0	1.3	310.7	10.3	2.8	474.2
0.1	6.6	297.6	10.3	3.4	474.2
22.8	7.6	36.1	10.3	1.9	474.2
0.6	4.8	102.4	10.3	2.4	474.2
0.7	6.3	166.9	10.3	3.1	474.2
4.4	6.9	62.1	10.2	2.7	474.2
0.5	5.6	224.5	10.2	3.1	474.2
0.1	3.5	139.6	10.2	2.1	474.2
6.1	8.1	70.8	10.2	2.6	474.2
2.6	12.7	119.4	10.2	3.7	474.2
0.9	9.8	127.0	10.2	3.2	474.2
1.4	9.6	142.6	10.2	3.0	474.2
3.4	9.5	116.0	10.2	2.1	474.2
1.3	9.0	120.6	10.2	2.9	474.2
0.0	7.0	157.1	10.2	3.3	474.2
0.0	4.5	313.6	10.2	2.7	474.2
0.2	6.6	261.7	10.2	3.7	474.2
0.8	13.0	263.8	10.2	4.7	474.2
9.4	14.9	62.5	10.2	4.4	474.2
1.7	4.1	30.9	10.2	2.7	474.2
0.7	0.6	106.1	10.2	1.8	474.2
0.0	-1.8	311.7	10.2	1.9	474.2
0.0	-2.7	300.7	10.2	1.7	474.2
0.0	-3.2	143.7	10.2	1.3	474.2
0.0	-2.8	306.7	10.2	1.8	474.2
0.0	-3.9	312.1	10.2	1.7	474.2
0.0	-3.8	316.4	10.2	1.9	474.2
0.0	0.3	310.6	10.2	2.7	474.2
0.0	-1.8	303.7	10.2	1.8	474.2
0.0	0.7	299.3	10.2	2.6	476.3
0.0	1.6	146.3	10.2	1.8	476.3
0.1	3.2	183.9	10.2	3.1	476.3
2.6	5.3	206.0	10.3	3.2	476.3
7.1	0.2	18.0	10.3	1.7	476.3
5.8	0.4	20.5	10.3	1.7	476.3
8.0	1.8	15.7	10.3	1.8	476.3
6.2	-2.0	21.3	10.3	1.4	476.3
0.0	-1.1	273.1	10.3	2.2	476.3
0.1	1.6	315.6	10.3	2.9	476.3
0.0	3.9	328.6	10.3	3.8	476.3
0.0	6.0	298.2	10.4	4.5	476.3
0.1	4.5	104.6	10.4	3.3	476.3
0.0	0.8	335.0	10.4	2.7	476.3
0.0	3.3	345.2	10.4	3.8	476.3
0.0	5.8	343.9	10.4	4.2	476.3
0.6	10.2	331.2	10.4	5.0	476.3
0.6	9.6	92.8	10.5	3.2	476.3
0.0	4.0	184.0	10.5	2.8	476.3
0.0	1.5	174.6	10.5	2.1	476.3
4.5	0.7	263.6	10.5	2.0	476.3
0.4	2.9	269.5	10.5	2.6	476.3
13.1	5.6	75.3	10.5	2.4	476.3
0.1	2.5	296.8	10.6	3.7	476.3
0.0	-3.1	368.0	10.6	2.0	476.3
6.4	2.8	356.7	10.6	3.1	476.3
18.0	5.4	17.8	10.6	1.9	476.3
1.8	4.9	89.0	10.7	1.6	476.3
1.8	5.1	94.7	10.7	2.0	476.3
1.8	0.7	79.4	10.7	3.2	476.3
0.0	-3.2	211.3	10.7	1.8	476.3
3.0	-0.6	106.5	10.8	2.1	477.3
0.0	-2.3	395.6	10.8	2.1	477.3
0.0	0.1	373.5	10.8	3.0	477.3
0.0	1.5	397.4	10.8	3.3	477.3
0.0	3.7	395.3	10.9	4.1	477.3
0.0	5.9	392.0	10.9	4.8	477.3
0.0	7.3	243.0	10.9	4.3	477.3
0.1	7.1	380.0	10.9	4.4	477.3
0.3	8.4	167.1	11.0	4.2	477.3
0.0	9.6	349.6	11.0	5.0	477.3
0.0	11.5	260.1	11.0	5.3	477.3
0.0	11.3	420.1	11.0	5.6	477.3
0.0	7.1	422.2	11.1	4.9	477.3
0.0	7.8	402.3	11.1	5.1	477.3
0.0	11.9	413.3	11.1	6.7	477.3
0.0	14.2	323.7	11.2	6.5	477.3
0.0	15.9	301.2	11.2	7.3	477.3
6.5	12.1	250.6	11.2	8.3	477.3
17.2	-0.2	25.8	11.2	2.4	477.3
0.2	-0.1	284.9	11.3	2.7	477.3
1.2	4.7	347.2	11.3	3.8	477.3
3.7	5.8	116.6	11.3	3.2	477.3
17.5	11.4	250.9	11.4	5.8	477.3
3.6	4.7	103.5	11.4	4.3	477.3
10.0	-0.1	113.8	11.4	1.8	477.3
0.7	0.4	133.3	11.4	2.1	477.3
0.2	4.3	355.8	11.5	4.7	477.3
0.0	9.0	423.6	11.5	6.1	477.3
22.8	12.6	78.1	11.5	4.7	477.6
19.8	11.0	113.3	11.6	5.3	477.6
0.0	3.5	153.2	11.6	3.0	477.6
2.6	5.5	299.0	11.6	3.9	477.6
9.8	6.1	57.3	11.7	2.2	477.6
1.2	5.9	128.3	11.7	3.4	477.6
0.3	6.3	222.1	11.7	4.1	477.6
24.5	5.8	150.0	11.7	3.0	477.6
28.5	10.7	36.3	11.8	4.8	477.6
37.4	6.9	35.2	11.8	6.4	477.6
0.6	2.8	263.7	11.8	3.3	477.6
0.4	5.6	205.7	11.9	4.3	477.6
3.6	12.2	192.5	11.9	6.1	477.6
21.7	10.6	37.9	11.9	6.6	477.6
0.0	4.5	255.9	12.0	4.4	477.6
0.2	8.4	479.1	12.0	5.5	477.6
15.1	10.5	65.5	12.0	4.3	477.6
22.8	10.9	313.7	12.1	5.6	477.6
1.9	8.6	160.2	12.1	3.1	477.6
9.3	12.1	403.9	12.1	6.0	477.6
54.7	5.0	43.6	12.1	4.1	477.6
0.4	3.9	188.5	12.2	4.1	477.6
9.6	9.5	381.4	12.2	6.4	477.6
10.4	7.3	77.4	12.2	2.4	477.6
0.2	10.6	409.0	12.3	6.5	477.6
0.1	14.5	381.1	12.3	7.7	477.6
4.8	14.1	121.1	12.3	6.4	477.6
0.1	14.6	492.7	12.4	7.1	477.6
0.2	15.5	344.5	12.4	8.6	477.6
0.0	17.0	556.7	12.4	7.9	477.6
11.3	19.8	517.5	12.4	11.6	477.6
4.0	9.4	63.7	12.5	4.8	478.0
26.2	5.0	53.1	12.5	2.8	478.0
1.9	4.7	144.0	12.5	2.8	478.0
0.0	7.7	576.9	12.6	5.4	478.0
0.4	7.9	178.7	12.6	4.5	478.0
0.6	14.0	545.4	12.6	8.1	478.0
0.1	11.4	272.7	12.7	6.3	478.0
20.2	14.1	532.2	12.7	7.4	478.0
5.0	14.9	55.5	12.7	5.4	478.0
11.3	16.3	466.7	12.7	9.6	478.0
0.1	8.0	385.5	12.8	5.9	478.0
0.0	13.4	588.4	12.8	8.1	478.0
0.4	14.4	515.0	12.8	7.2	478.0
1.0	17.8	554.9	12.9	7.7	478.0
6.9	21.0	203.9	12.9	8.0	478.0
44.2	16.0	63.5	12.9	10.0	478.0
11.4	11.1	59.9	13.0	3.3	478.0
6.6	15.5	218.1	13.0	7.2	478.0
6.9	15.5	106.8	13.0	4.7	478.0
26.5	14.8	42.0	13.0	3.4	478.0
8.5	14.2	100.7	13.1	5.3	478.0
62.7	12.9	52.2	13.1	2.7	478.0
12.9	11.3	41.1	13.1	4.4	478.0
31.3	11.0	72.7	13.1	2.9	478.0
11.0	12.9	221.0	13.2	5.6	478.0
0.0	14.7	536.2	13.2	7.9	478.0
0.1	18.0	629.0	13.2	9.1	478.0
7.9	19.0	188.7	13.3	7.2	478.0
7.5	17.1	70.1	13.3	9.2	478.0
0.5	17.2	396.6	13.3	8.2	478.0
6.3	19.8	161.2	13.3	7.3	478.3
10.5	21.9	258.3	13.4	7.6	478.3
1.7	21.6	131.7	13.4	6.6	478.3
15.7	23.5	250.0	13.4	8.3	478.3
15.2	21.6	78.2	13.4	6.4	478.3
9.0	21.0	115.6	13.5	5.7	478.3
8.1	22.5	299.7	13.5	8.7	478.3
56.5	19.3	261.3	13.5	12.3	478.3
0.0	13.9	557.9	13.5	8.3	478.3
0.7	17.5	491.7	13.6	7.6	478.3
20.9	17.1	122.2	13.6	5.1	478.3
1.1	19.8	370.2	13.6	8.8	478.3
22.9	19.9	55.9	13.6	5.3	478.3
1.8	18.9	149.9	13.6	6.1	478.3
1.6	19.1	95.6	13.7	8.2	478.3
1.3	23.8	327.1	13.7	8.6	478.3
0.9	23.8	348.7	13.7	10.5	478.3
11.4	22.6	239.5	13.7	7.6	478.3
24.4	19.6	58.9	13.7	5.0	478.3
0.5	18.2	270.6	13.8	9.6	478.3
0.1	20.7	652.9	13.8	11.1	478.3
0.0	21.8	608.7	13.8	9.0	478.3
23.2	23.1	365.3	13.8	8.7	478.3
9.2	16.7	124.7	13.8	9.7	478.3
0.0	18.4	685.9	13.9	9.9	478.3
0.0	19.6	677.7	13.9	10.9	478.3
0.0	20.8	694.2	13.9	12.0	478.3
0.0	21.6	628.7	13.9	11.7	478.3
0.0	23.3	657.3	13.9	11.1	478.3
5.2	22.3	297.0	13.9	9.3	478.3
2.1	18.6	69.3	13.9	5.5	478.3
0.1	23.8	551.2	14.0	9.6	476.7
0.0	20.8	404.5	14.0	9.4	476.7
0.0	22.1	517.5	14.0	9.3	476.7
0.2	23.4	453.3	14.0	9.4	476.7
0.0	22.4	389.0	14.0	9.2	476.7
0.0	23.8	683.9	14.0	11.6	476.7
0.0	25.5	635.5	14.0	10.9	476.7
0.9	23.1	138.5	14.0	4.8	476.7
7.0	26.0	463.8	14.0	11.1	476.7
15.6	26.7	630.2	14.0	10.1	476.7
27.2	26.5	528.6	14.1	10.4	476.7
12.5	25.1	441.4	14.1	9.7	476.7
0.1	26.5	558.4	14.1	10.3	476.7
0.0	22.3	584.2	14.1	11.8	476.7
0.0	20.4	667.6	14.1	9.0	476.7
0.0	18.9	706.0	14.1	10.0	476.7
0.0	20.1	707.4	14.1	10.9	476.7
0.0	21.2	646.1	14.1	10.5	476.7
0.0	23.2	585.6	14.1	9.6	476.7
0.0	23.5	361.9	14.1	10.1	476.7
0.0	24.9	596.2	14.1	10.7	476.7
0.1	24.6	570.9	14.1	11.0	476.7
0.0	24.9	684.0	14.1	11.1	476.7
0.4	25.4	524.4	14.1	9.6	476.7
11.1	21.4	68.9	14.1	6.5	476.7
4.5	21.3	114.6	14.1	6.0	476.7
0.6	22.5	254.3	14.1	7.8	476.7
3.2	22.7	92.3	14.1	5.0	476.7
12.7	22.7	65.1	14.1	5.0	476.7
12.9	22.2	31.8	14.1	3.5	476.7
0.6	24.1	276.9	14.1	8.9	473.6
20.0	25.8	469.5	14.0	10.1	473.6
0.0	28.2	595.9	14.0	11.4	473.6
2.2	27.7	647.4	14.0	10.9	473.6
17.0	26.8	559.5	14.0	9.3	473.6
16.2	27.0	500.9	14.0	10.5	473.6
9.8	26.8	551.0	14.0	11.6	473.6
5.3	26.6	635.6	14.0	11.1	473.6
5.5	26.7	630.9	14.0	11.0	473.6
0.0	27.5	662.6	14.0	11.0	473.6
1.8	28.3	630.0	14.0	11.5	473.6
6.1	28.1	620.8	13.9	12.0	473.6
4.6	28.3	639.9	13.9	11.7	473.6
9.2	28.1	541.7	13.9	10.7	473.6
12.2	27.6	479.0	13.9	9.3	473.6
18.5	27.5	544.0	13.9	10.5	473.6
17.2	26.9	533.7	13.9	9.3	473.6
13.8	26.4	491.7	13.9	10.3	473.6
25.5	26.0	493.7	13.8	8.9	473.6
14.5	25.5	335.7	13.8	9.3	473.6
11.4	26.0	501.7	13.8	9.6	473.6
12.2	26.0	398.6	13.8	9.0	473.6
13.0	26.1	453.0	13.8	9.3	473.6
7.7	26.6	490.0	13.7	9.5	473.6
4.5	26.3	197.1	13.7	7.1	473.6
57.9	24.9	54.4	13.7	5.2	473.6
26.6	25.0	81.6	13.7	4.7	473.6
40.5	25.2	229.3	13.7	7.0	473.6
38.4	25.5	147.0	13.6	6.7	473.6
10.4	26.4	339.3	13.6	8.2	473.6
20.5	26.5	432.2	13.6	8.9	473.6
2.4	27.9	561.1	13.6	9.5	471.7
2.9	27.7	519.5	13.6	9.7	471.7
26.3	26.1	258.8	13.5	8.0	471.7
12.9	26.7	450.9	13.5	9.3	471.7
15.8	26.6	403.2	13.5	9.2	471.7
12.3	26.3	334.9	13.5	8.2	471.7
12.1	26.4	279.1	13.4	8.6	471.7
5.4	26.5	240.4	13.4	9.3	471.7
13.6	27.2	426.4	13.4	10.2	471.7
9.5	26.9	480.1	13.4	9.0	471.7
25.3	25.4	373.8	13.3	9.0	471.7
25.6	24.8	483.5	13.3	7.3	471.7
12.2	24.5	257.0	13.3	4.9	471.7
2.6	25.1	336.6	13.3	6.8	471.7
4.0	25.7	382.2	13.2	8.3	471.7
21.0	25.3	336.0	13.2	7.3	471.7
14.1	25.6	298.8	13.2	7.1	471.7
10.6	26.3	503.5	13.2	9.0	471.7
4.0	26.7	533.3	13.1	9.2	471.7
2.3	26.8	506.4	13.1	9.5	471.7
10.3	27.0	553.7	13.1	9.4	471.7
10.6	27.2	440.2	13.1	8.8	471.7
15.6	26.3	293.3	13.0	8.5	471.7
3.6	26.0	340.6	13.0	8.0	471.7
1.3	24.9	189.5	13.0	6.6	471.7
3.2	24.8	216.4	12.9	6.1	471.7
15.1	25.0	332.8	12.9	6.8	471.7
16.9	25.3	482.5	12.9	9.2	471.7
12.6	25.6	437.1	12.9	8.7	471.7
7.6	25.3	375.9	12.8	7.6	471.7
2.7	24.5	225.8	12.8	7.7	471.7
0.5	21.9	310.9	12.8	7.7	470.8
1.3	22.9	397.5	12.7	6.9	470.8
0.9	24.1	271.2	12.7	7.0	470.8
0.3	25.3	534.7	12.7	8.2	470.8
1.5	24.8	274.9	12.7	8.0	470.8
0.1	24.2	541.0	12.6	8.7	470.8
0.0	22.6	572.0	12.6	9.4	470.8
0.1	23.0	571.7	12.6	8.6	470.8
0.5	25.7	442.2	12.5	8.2	470.8
1.3	26.5	280.0	12.5	7.7	470.8
0.9	26.3	321.6	12.5	8.1	470.8
0.1	26.2	440.1	12.4	7.9	470.8
1.4	25.4	159.7	12.4	5.8	470.8
6.1	24.2	133.1	12.4	6.2	470.8
2.9	19.5	37.9	12.4	5.8	470.8
0.0	19.4	260.3	12.3	6.2	470.8
0.8	21.8	291.1	12.3	7.4	470.8
0.6	23.4	413.6	12.3	7.3	470.8
2.8	23.5	44.9	12.2	4.9	470.8
11.2	22.4	31.6	12.2	4.5	470.8
19.5	20.2	17.0	12.2	3.2	470.8
8.6	20.1	23.7	12.1	2.5	470.8
0.2	20.9	250.1	12.1	6.6	470.8
0.0	21.3	401.1	12.1	8.8	470.8
0.0	16.8	470.9	12.1	8.0	470.8
0.0	17.7	499.8	12.0	8.2	470.8
0.0	18.6	495.3	12.0	8.2	470.8
0.0	20.8	488.3	12.0	8.1	470.8
0.0	22.2	451.0	11.9	7.4	470.8
0.0	19.6	484.9	11.9	7.6	470.8
0.0	17.5	506.4	11.9	7.5	470.9
0.0	18.5	495.2	11.8	7.9	470.9
0.0	20.5	487.7	11.8	8.6	470.9
0.0	20.2	452.7	11.8	8.4	470.9
0.0	20.4	432.5	11.8	8.4	470.9
0.0	20.3	478.7	11.7	8.6	470.9
0.0	20.3	473.9	11.7	8.1	470.9
0.0	20.6	274.4	11.7	6.9	470.9
0.0	20.5	421.8	11.6	9.2	470.9
0.0	20.9	469.2	11.6	9.2	470.9
0.0	21.3	456.2	11.6	8.4	470.9
0.0	21.6	446.9	11.5	8.6	470.9
0.0	21.3	452.8	11.5	8.8	470.9
0.0	21.4	453.6	11.5	8.6	470.9
0.0	22.0	447.1	11.5	8.8	470.9
0.0	21.2	415.6	11.4	7.8	470.9
0.0	20.6	443.6	11.4	8.5	470.9
0.0	21.1	438.2	11.4	8.1	470.9
0.0	21.8	422.0	11.3	7.2	470.9
0.1	15.6	292.9	11.3	6.2	470.9
0.0	14.6	433.2	11.3	6.2	470.9
0.0	16.5	427.4	11.3	6.9	470.9
0.0	16.6	431.5	11.2	6.3	470.9
0.0	18.4	410.2	11.2	7.0	470.9
0.0	19.7	398.0	11.2	7.2	470.9
0.0	20.1	400.3	11.1	7.0	470.9
0.0	19.5	405.8	11.1	6.8	470.9
0.0	20.0	400.8	11.1	7.2	470.9
0.0	19.3	353.5	11.1	7.0	470.9
0.0	16.6	397.6	11.0	5.9	470.9
0.0	16.0	389.5	11.0	5.8	470.9
0.0	17.8	388.1	11.0	6.1	472.3
0.3	19.9	303.3	11.0	5.9	472.3
0.3	16.6	166.4	10.9	6.1	472.3
0.0	11.5	389.0	10.9	4.4	472.3
0.0	14.0	280.7	10.9	4.7	472.3
0.0	14.8	229.3	10.8	4.9	472.3
0.0	14.8	380.8	10.8	5.2	472.3
0.0	13.2	378.6	10.8	5.3	472.3
0.0	13.2	377.8	10.8	5.6	472.3
0.0	13.4	373.6	10.8	5.8	472.3
0.0	15.3	365.7	10.7	5.7	472.3
3.5	15.0	45.6	10.7	2.6	472.3
0.1	17.6	193.6	10.7	5.4	472.3
0.1	19.5	229.0	10.7	5.3	472.3
0.0	14.8	200.2	10.6	5.1	472.3
0.0	15.2	279.3	10.6	4.2	472.3
0.8	19.5	325.7	10.6	5.8	472.3
0.2	13.7	151.5	10.6	4.9	472.3
0.0	9.0	289.2	10.5	3.5	472.3
0.0	12.8	290.6	10.5	4.5	472.3
0.0	15.3	326.7	10.5	5.1	472.3
0.0	15.2	219.0	10.5	4.5	472.3
0.0	17.2	290.4	10.5	5.1	472.3
0.0	17.6	317.5	10.5	5.0	472.3
2.7	19.6	309.1	10.4	5.8	472.3
4.5	13.8	40.0	10.4	4.4	472.3
1.5	8.3	70.5	10.4	2.0	472.3
0.7	5.5	105.5	10.4	2.3	472.3
0.0	4.5	245.8	10.4	2.8	472.3
0.0	8.9	315.5	10.4	4.4	472.3
0.0	11.7	317.8	10.3	4.8	474.1
0.1	13.8	318.7	10.3	4.9	474.1
0.5	15.9	290.2	10.3	5.2	474.1
0.1	6.9	175.1	10.3	3.9	474.1
0.0	5.5	296.3	10.3	2.8	474.1
0.0	9.0	202.4	10.3	3.8	474.1
0.0	7.0	318.2	10.3	3.7	474.1
0.0	9.8	316.5	10.3	4.8	474.1
0.0	10.5	288.4	10.2	5.2	474.1
0.0	11.5	306.7	10.2	4.8	474.1
0.0	7.0	316.6	10.2	3.5	474.1
0.0	10.0	213.9	10.2	3.6	474.1
0.0	15.8	262.6	10.2	4.9	474.1
3.2	14.7	98.0	10.2	4.1	474.1
0.0	6.9	124.0	10.2	3.4	474.1
0.0	6.8	210.1	10.2	2.8	474.1
0.0	6.6	312.1	10.2	3.8	474.1
0.0	7.1	315.1	10.2	3.6	474.1
0.1	10.3	105.2	10.2	3.3	474.1
0.0	8.1	189.7	10.2	3.7	474.1
0.0	7.9	310.9	10.2	3.9	474.1
0.0	8.3	309.2	10.2	4.3	474.1
0.0	10.1	302.9	10.2	4.4	474.1
0.0	9.4	165.1	10.2	4.1	474.1
0.0	9.8	306.4	10.2	4.5	474.1
0.0	12.2	300.9	10.2	5.3	474.1
0.0	8.2	235.7	10.2	3.8	474.1
0.0	4.8	310.3	10.2	2.8	474.1
0.0	4.5	229.5	10.2	2.3	474.1
0.0	4.4	168.3	10.2	2.7	474.1
0.0	4.4	226.2	10.2	2.5	474.1
0.0	3.7	323.1	10.2	2.7	476.2
0.0	4.2	321.7	10.2	3.4	476.2
0.0	2.3	327.8	10.2	3.1	476.2
0.0	3.4	333.6	10.2	3.7	476.2
0.0	6.4	324.6	10.3	4.5	476.2
0.0	9.7	159.4	10.3	4.3	476.2
0.0	10.3	308.8	10.3	4.3	476.2
0.0	11.3	239.7	10.3	4.4	476.2
0.0	10.9	320.0	10.3	5.0	476.2
1.3	13.1	318.8	10.3	5.1	476.2
0.3	6.2	97.8	10.3	3.8	476.2
0.0	1.4	332.7	10.3	2.8	476.2
0.0	4.5	338.6	10.4	3.8	476.2
0.0	6.9	330.5	10.4	4.6	476.2
0.0	8.9	295.3	10.4	4.5	476.2
20.4	7.5	101.2	10.4	2.9	476.2
2.4	5.6	44.0	10.4	1.8	476.2
0.6	5.3	158.3	10.4	2.8	476.2
0.0	4.6	187.2	10.5	3.1	476.2
0.0	2.2	350.9	10.5	3.2	476.2
0.0	4.1	360.1	10.5	3.4	476.2
6.8	8.3	279.3	10.5	4.7	476.2
0.3	1.6	142.5	10.5	2.2	476.2
0.0	0.6	311.1	10.6	2.7	476.2
4.8	3.4	147.9	10.6	2.7	476.2
0.1	3.4	318.7	10.6	3.5	476.2
0.1	5.3	364.5	10.6	4.3	476.2
20.4	10.1	167.6	10.7	4.7	476.2
21.4	11.4	34.7	10.7	2.4	476.2
3.4	11.5	52.0	10.7	3.2	476.2
0.8	9.7	129.6	10.7	3.0	476.2
0.3	6.0	112.4	10.7	3.2	477.2
0.1	4.6	233.7	10.8	2.9	477.2
11.3	6.1	46.1	10.8	2.4	477.2
0.5	3.7	124.9	10.8	2.5	477.2
14.0	2.5	48.5	10.8	0.9	477.2
0.2	2.1	191.9	10.9	2.3	477.2
0.0	1.5	244.6	10.9	3.5	477.2
0.0	-0.1	417.2	10.9	2.3	477.2
0.0	5.5	413.1	11.0	3.8	477.2
0.0	6.7	411.7	11.0	4.4	477.2
0.0	8.7	416.7	11.0	4.9	477.2
0.0	10.1	421.3	11.0	5.8	477.2
0.0	4.4	433.2	11.1	4.4	477.2
0.2	6.7	423.0	11.1	4.6	477.2
0.2	5.6	100.4	11.1	2.8	477.2
0.0	8.9	403.1	11.1	4.9	477.2
7.4	7.5	183.8	11.2	4.0	477.2
0.8	4.5	86.2	11.2	3.3	477.2
0.0	7.2	432.7	11.2	5.0	477.2
0.0	9.0	432.6	11.3	5.9	477.2
0.0	11.7	405.9	11.3	6.2	477.2
0.0	9.6	449.0	11.3	6.1	477.2
0.0	11.0	457.7	11.3	6.1	477.2
0.0	12.5	444.8	11.4	8.0	477.2
0.0	6.1	476.8	11.4	4.7	477.2
0.0	7.0	478.5	11.4	5.1	477.2
11.2	9.9	253.7	11.5	5.8	477.2
13.5	8.2	38.6	11.5	2.7	477.2
16.0	8.6	80.2	11.5	2.4	477.5
0.1	7.1	386.9	11.6	5.2	477.5
0.0	6.3	345.6	11.6	4.7	477.5
0.0	9.6	415.7	11.6	5.1	477.5
7.0	10.1	75.4	11.6	3.4	477.5
0.0	9.9	478.6	11.7	6.1	477.5
0.0	7.1	504.3	11.7	4.8	477.5
0.0	8.7	464.6	11.7	6.1	477.5
0.0	11.6	402.4	11.8	6.6	477.5
0.0	16.2	477.1	11.8	8.1	477.5
0.0	15.1	299.1	11.8	8.4	477.5
8.1	11.7	214.0	11.9	6.0	477.5
29.9	10.7	39.1	11.9	3.8	477.5
6.1	10.2	129.6	11.9	4.7	477.5
0.0	9.0	511.9	12.0	5.4	477.5
0.0	10.8	519.1	12.0	6.2	477.5
16.4	10.9	146.5	12.0	4.1	477.5
0.1	10.4	206.3	12.0	5.6	477.5
1.2	6.3	212.9	12.1	3.3	477.5
18.1	6.1	114.5	12.1	2.1	477.5
10.3	6.5	101.6	12.1	4.6	477.5
0.0	3.8	568.3	12.2	3.7	477.5
0.0	7.8	571.1	12.2	6.6	477.5
0.0	14.7	535.4	12.2	8.4	477.5
0.0	18.5	461.2	12.3	9.2	477.5
3.2	20.2	515.1	12.3	9.9	477.5
82.5	18.0	70.8	12.3	4.3	477.5
10.7	20.4	88.3	12.3	4.7	477.5
0.5	16.8	247.9	12.4	6.7	477.5
5.1	16.8	110.4	12.4	4.5	477.5
10.4	21.8	396.5	12.4	9.6	477.5
1.4	18.0	259.1	12.5	5.2	477.9
25.1	22.8	493.6	12.5	9.7	477.9
1.1	14.5	186.2	12.5	6.0	477.9
0.0	12.9	414.8	12.6	5.2	477.9
5.8	12.3	131.1	12.6	4.8	477.9
0.2	15.6	521.9	12.6	8.1	477.9
5.8	19.8	447.2	12.7	9.5	477.9
15.2	20.4	332.7	12.7	7.1	477.9
4.5	19.6	71.3	12.7	6.2	477.9
0.5	17.0	217.4	12.7	6.3	477.9
0.1	18.2	387.5	12.8	8.1	477.9
0.1	21.9	486.7	12.8	10.1	477.9
0.0	24.5	536.9	12.8	10.6	477.9
9.8	23.9	532.6	12.9	11.1	477.9
9.6	23.4	456.5	12.9	9.9	477.9
12.9	23.0	323.2	12.9	8.6	477.9
12.3	20.2	173.8	12.9	9.8	477.9
0.1	12.0	247.1	13.0	6.3	477.9
0.2	15.8	529.0	13.0	8.1	477.9
0.1	19.1	269.5	13.0	8.0	477.9
11.6	19.8	93.4	13.1	6.6	477.9
11.6	16.2	227.5	13.1	10.0	477.9
33.7	8.9	48.4	13.1	3.8	477.9
0.0	9.1	147.4	13.1	4.8	477.9
0.7	13.3	530.0	13.2	7.1	477.9
14.6	10.9	89.2	13.2	4.6	477.9
18.0	18.4	608.7	13.2	8.7	477.9
6.6	21.6	243.7	13.2	7.4	477.9
13.7	21.1	125.9	13.3	8.1	477.9
4.6	23.1	328.6	13.3	8.3	477.9
0.0	25.7	595.9	13.3	9.8	478.2
9.7	19.4	131.4	13.4	11.9	478.2
19.5	10.8	47.3	13.4	4.3	478.2
9.7	18.1	117.2	13.4	10.2	478.2
40.1	23.6	497.0	13.4	11.9	478.2
20.1	14.0	66.7	13.5	6.3	478.2
8.8	13.5	149.0	13.5	5.7	478.2
18.9	15.3	74.2	13.5	6.3	478.2
6.3	20.7	103.0	13.5	7.7	478.2
9.8	24.2	345.8	13.5	9.7	478.2
8.6	24.2	260.9	13.6	9.6	478.2
16.8	24.0	398.3	13.6	10.0	478.2
12.6	20.6	83.6	13.6	5.2	478.2
0.0	23.9	443.1	13.6	10.3	478.2
0.0	24.8	459.5	13.7	10.1	478.2
0.0	25.5	567.2	13.7	10.8	478.2
6.6	25.5	586.8	13.7	10.8	478.2
1.5	23.3	138.4	13.7	8.3	478.2
0.1	21.0	386.8	13.7	7.6	478.2
0.4	20.9	211.4	13.8	6.1	478.2
11.6	24.3	439.5	13.8	10.0	478.2
1.4	25.5	569.8	13.8	10.9	478.2
15.5	24.5	313.0	13.8	9.8	478.2
17.0	20.5	98.6	13.8	8.1	478.2
4.1	18.5	59.8	13.8	2.8	478.2
0.2	21.1	171.5	13.9	6.7	478.2
9.6	24.4	517.3	13.9	10.7	478.2
5.6	24.7	311.1	13.9	9.0	478.2
21.1	24.1	301.7	13.9	7.9	478.2
8.1	24.0	227.0	13.9	7.9	478.2
8.9	24.8	286.1	13.9	9.0	478.2
4.5	21.6	435.3	13.9	11.7	476.6
0.0	18.4	470.7	14.0	7.8	476.6
0.0	17.0	307.3	14.0	6.7	476.6
0.0	18.6	687.5	14.0	9.0	476.6
0.0	23.0	672.9	14.0	10.8	476.6
0.8	26.1	651.6	14.0	11.1	476.6
3.8	26.0	636.7	14.0	11.9	476.6
2.6	26.3	638.6	14.0	11.7	476.6
1.2	26.6	622.1	14.0	11.1	476.6
5.3	27.2	622.1	14.0	10.7	476.6
19.6	26.0	417.6	14.0	9.0	476.6
0.4	26.2	604.0	14.1	10.8	476.6
0.0	25.9	591.7	14.1	12.0	476.6
0.0	26.8	679.7	14.1	12.0	476.6
2.5	27.5	588.1	14.1	11.8	476.6
10.4	23.6	220.9	14.1	10.2	476.6
0.0	22.2	533.5	14.1	8.8	476.6
0.1	20.9	556.5	14.1	11.0	476.6
0.0	23.4	641.0	14.1	11.4	476.6
0.0	24.3	488.3	14.1	9.6	476.6
0.0	22.5	161.4	14.1	8.8	476.6
0.0	21.9	253.6	14.1	7.7	476.6
0.1	20.5	679.2	14.1	10.1	476.6
0.0	20.8	698.2	14.1	10.3	476.6
0.0	23.0	680.1	14.1	10.7	476.6
0.0	24.3	496.2	14.1	9.4	476.6
0.3	25.7	507.0	14.1	10.6	476.6
17.3	25.3	578.3	14.1	10.3	476.6
14.2	25.7	574.1	14.1	9.9	476.6
16.2	25.8	407.2	14.1	8.6	476.6
0.3	26.7	535.2	14.1	10.3	473.5
0.1	27.6	509.8	14.0	11.6	473.5
1.4	27.9	626.3	14.0	11.4	473.5
3.6	26.5	394.0	14.0	9.1	473.5
13.5	25.7	430.6	14.0	9.1	473.5
14.9	25.6	440.6	14.0	8.8	473.5
10.4	25.3	353.9	14.0	8.8	473.5
0.4	25.9	636.4	14.0	10.5	473.5
0.0	26.0	668.9	14.0	10.7	473.5
0.0	27.0	660.6	14.0	11.0	473.5
0.0	27.8	612.2	14.0	10.6	473.5
9.8	27.5	505.3	13.9	9.9	473.5
17.6	26.6	454.7	13.9	9.4	473.5
12.8	26.7	539.7	13.9	10.3	473.5
2.6	28.2	646.3	13.9	11.0	473.5
0.3	28.7	593.7	13.9	10.8	473.5
6.8	28.0	640.5	13.9	11.0	473.5
3.4	28.2	622.8	13.9	10.8	473.5
6.7	28.2	620.4	13.8	10.8	473.5
7.4	28.0	602.9	13.8	10.3	473.5
0.0	28.2	533.1	13.8	10.5	473.5
0.0	28.4	649.9	13.8	11.0	473.5
0.0	27.9	639.1	13.8	11.5	473.5
0.0	27.7	535.1	13.8	10.2	473.5
0.0	28.8	539.4	13.7	10.6	473.5
15.4	27.5	562.2	13.7	10.1	473.5
9.9	27.5	444.3	13.7	10.0	473.5
18.6	27.9	451.0	13.7	9.4	473.5
23.2	26.4	288.6	13.7	7.6	473.5
13.0	26.0	180.0	13.6	7.2	473.5
14.0	26.0	284.9	13.6	7.6	473.5
14.9	26.2	433.8	13.6	8.8	471.6
15.9	26.6	503.0	13.6	9.6	471.6
1.0	26.8	377.5	13.5	9.9	471.6
11.9	26.6	602.8	13.5	10.7	471.6
3.2	26.5	570.1	13.5	10.2	471.6
0.0	26.9	613.7	13.5	9.5	471.6
3.2	26.9	488.5	13.5	8.7	471.6
8.0	26.7	518.8	13.4	9.9	471.6
12.5	26.6	454.2	13.4	8.5	471.6
0.0	26.5	489.9	13.4	9.8	471.6
0.0	26.5	594.6	13.4	9.4	471.6
0.2	26.4	556.7	13.3	9.9	471.6
0.0	26.0	610.2	13.3	10.4	471.6
0.0	25.7	571.6	13.3	9.7	471.6
0.3	25.9	515.3	13.2	9.9	471.6
0.0	26.5	591.8	13.2	10.6	471.6
0.0	26.4	621.2	13.2	10.5	471.6
0.1	27.7	603.2	13.2	10.2	471.6
2.4	27.6	502.5	13.1	9.8	471.6
1.5	27.5	435.3	13.1	8.7	471.6
1.0	27.6	446.6	13.1	8.8	471.6
0.9	27.1	418.1	13.1	8.5	471.6
0.9	26.7	390.0	13.0	8.4	471.6
0.5	27.3	360.7	13.0	8.2	471.6
1.9	25.8	360.0	13.0	9.0	471.6
0.3	25.2	552.6	13.0	8.1	471.6
0.8	26.7	414.2	12.9	8.4	471.6
3.9	26.5	446.9	12.9	9.6	471.6
1.1	26.9	435.7	12.9	9.1	471.6
0.0	25.2	428.0	12.8	9.8	471.6
0.0	24.4	594.6	12.8	9.7	471.6
0.0	26.1	561.9	12.8	9.8	470.6
0.5	27.2	495.8	12.8	10.0	470.6
0.6	27.9	474.2	12.7	9.1	470.6
0.9	27.4	350.6	12.7	8.1	470.6
0.3	26.8	371.4	12.7	9.1	470.6
0.0	25.8	481.2	12.6	9.7	470.6
0.0	25.9	559.1	12.6	10.4	470.6
0.0	25.6	552.8	12.6	10.5	470.6
0.0	25.3	437.7	12.5	9.6	470.6
0.0	26.3	531.7	12.5	9.8	470.6
0.0	24.6	422.8	12.5	10.0	470.6
0.0	25.2	514.1	12.5	9.6	470.6
0.0	26.5	533.4	12.4	9.4	470.6
0.0	25.4	544.6	12.4	10.7	470.6
0.0	24.5	537.5	12.4	9.7	470.6
0.0	24.7	405.0	12.3	8.5	470.6
0.1	23.5	455.0	12.3	9.5	470.6
0.0	21.4	503.4	12.3	9.6	470.6
0.0	22.3	546.2	12.2	10.6	470.6
0.0	22.7	544.4	12.2	10.7	470.6
0.0	23.6	462.2	12.2	9.7	470.6
0.0	24.9	439.9	12.2	9.8	470.6
0.0	25.9	501.5	12.1	9.1	470.6
0.2	26.2	482.8	12.1	9.0	470.6
0.5	26.3	436.9	12.1	9.1	470.6
0.0	25.7	459.1	12.0	8.6	470.6
0.1	25.2	277.5	12.0	6.8	470.6
0.0	24.1	119.6	12.0	4.5	470.6
0.0	23.8	181.9	11.9	6.3	470.6
0.0	24.8	253.9	11.9	7.0	470.6
0.2	23.6	157.6	11.9	6.7	470.7
0.0	19.0	298.2	11.9	6.9	470.7
0.0	17.6	506.2	11.8	8.0	470.7
0.0	18.5	502.3	11.8	8.5	470.7
0.0	20.0	494.1	11.8	8.5	470.7
0.0	21.6	459.7	11.7	8.1	470.7
0.0	21.6	480.9	11.7	8.7	470.7
0.0	20.3	481.3	11.7	8.3	470.7
0.0	20.6	470.8	11.6	8.5	470.7
0.0	20.4	456.5	11.6	8.1	470.7
0.0	21.0	460.1	11.6	8.1	470.7
0.0	22.1	453.6	11.6	8.5	470.7
0.0	23.6	437.7	11.5	8.3	470.7
0.1	24.5	400.9	11.5	7.8	470.7
0.0	24.3	417.1	11.5	7.2	470.7
0.4	24.8	360.2	11.4	7.1	470.7
3.0	21.6	336.6	11.4	8.6	470.7
0.1	16.8	53.7	11.4	2.9	470.7
0.0	19.1	394.5	11.3	6.5	470.7
0.0	18.7	381.7	11.3	6.3	470.7
0.0	17.7	426.0	11.3	6.8	470.7
0.2	18.3	353.3	11.3	6.3	470.7
0.0	14.1	433.4	11.2	6.1	470.7
0.0	15.1	441.4	11.2	6.1	470.7
0.0	18.7	416.0	11.2	7.0	470.7
0.0	21.2	366.8	11.1	7.0	470.7
0.0	21.6	396.7	11.1	7.7	470.7
0.0	23.7	394.7	11.1	7.5	470.7
0.4	24.0	358.9	11.1	7.9	470.7
0.4	15.1	92.4	11.0	4.8	470.7
0.0	13.1	401.1	11.0	5.3	470.7
0.0	15.0	388.1	11.0	5.8	472.1
1.7	16.7	150.9	11.0	4.8	472.1
0.4	15.9	159.8	10.9	4.0	472.1
0.0	18.9	304.3	10.9	6.2	472.1
1.6	21.0	264.4	10.9	6.3	472.1
10.3	13.3	54.1	10.9	4.7	472.1
0.9	9.2	75.7	10.8	2.7	472.1
0.5	6.2	328.4	10.8	3.1	472.1
0.0	4.6	388.5	10.8	3.4	472.1
0.0	6.6	382.3	10.8	4.3	472.1
0.0	8.2	379.0	10.7	4.8	472.1
0.0	11.1	379.9	10.7	5.3	472.1
0.0	13.5	367.0	10.7	5.9	472.1
0.0	15.5	354.0	10.7	5.6	472.1
0.0	11.5	321.3	10.6	4.4	472.1
0.0	10.3	348.5	10.6	4.0	472.1
0.5	12.7	162.7	10.6	4.2	472.1
0.0	12.0	279.0	10.6	5.3	472.1
0.0	11.4	357.1	10.6	5.0	472.1
0.0	14.2	351.1	10.5	5.8	472.1
0.0	17.5	338.4	10.5	5.8	472.1
0.2	18.1	307.2	10.5	5.5	472.1
1.1	13.9	106.0	10.5	4.7	472.1
0.0	12.4	337.2	10.5	4.7	472.1
0.0	12.8	332.2	10.4	4.8	472.1
0.0	14.5	260.4	10.4	4.7	472.1
0.9	14.7	79.2	10.4	3.3	472.1
6.5	14.1	127.9	10.4	4.8	472.1
0.0	4.9	329.5	10.4	2.9	472.1
0.0	5.6	336.2	10.4	3.6	472.1
0.0	9.8	332.1	10.3	4.6	474.0
0.0	8.1	333.6	10.3	4.0	474.0
0.0	11.8	321.8	10.3	5.0	474.0
0.0	14.4	208.1	10.3	4.7	474.0
0.0	14.1	95.9	10.3	2.9	474.0
0.0	16.4	290.2	10.3	4.6	474.0
5.0	18.6	183.0	10.3	4.6	474.0
10.3	19.0	143.8	10.3	3.9	474.0
7.7	14.9	22.7	10.2	2.4	474.0
2.2	12.3	58.2	10.2	2.4	474.0
0.9	13.3	159.3	10.2	3.0	474.0
0.7	14.8	108.7	10.2	2.9	474.0
5.2	8.9	24.2	10.2	3.6	474.0
14.5	6.3	20.8	10.2	2.0	474.0
0.9	6.3	42.5	10.2	2.4	474.0
11.0	5.0	58.8	10.2	1.5	474.0
14.3	7.0	20.4	10.2	1.7	474.0
4.8	3.2	22.5	10.2	1.8	474.0
17.4	3.3	60.4	10.2	1.8	474.0
8.9	7.4	35.7	10.2	1.8	474.0
3.0	8.6	46.7	10.2	1.6	474.0
8.4	7.6	25.3	10.2	2.9	474.0
0.9	3.6	95.9	10.2	1.5	474.0
0.9	5.1	122.2	10.2	2.0	474.0
2.6	9.4	113.8	10.2	2.9	474.0
46.7	7.2	33.3	10.2	1.8	474.0
27.4	6.8	25.2	10.2	3.6	474.0
0.1	1.3	238.7	10.2	2.4	474.0
0.0	-1.2	300.3	10.2	1.6	474.0
0.1	-0.5	200.3	10.2	1.8	474.0
0.0	-1.6	305.3	10.2	2.3	474.0
0.0	-3.8	317.6	10.2	1.9	476.0
0.0	-0.4	304.3	10.2	2.7	476.0
0.0	3.2	291.8	10.2	3.2	476.0
0.0	5.1	201.1	10.2	3.3	476.0
0.2	7.2	277.2	10.3	3.8	476.0
0.1	2.2	267.9	10.3	2.3	476.0
3.9	5.7	267.1	10.3	3.0	476.0
0.6	4.9	59.5	10.3	2.7	476.0
0.0	0.8	258.6	10.3	2.4	476.0
0.0	-0.7	331.3	10.3	2.3	476.0
0.0	2.1	331.6	10.3	2.9	476.0
0.0	3.2	334.8	10.3	3.4	476.0
0.0	1.9	339.9	10.4	3.1	476.0
0.0	4.2	338.3	10.4	3.9	476.0
0.0	2.7	229.3	10.4	3.2	476.0
0.0	2.6	336.5	10.4	3.4	476.0
0.0	5.2	256.8	10.4	3.4	476.0
0.0	6.3	329.0	10.4	3.6	476.0
0.0	5.8	347.7	10.5	3.4	476.0
0.0	6.0	351.4	10.5	4.3	476.0
0.0	2.9	353.1	10.5	3.7	476.0
0.0	1.7	356.0	10.5	3.0	476.0
1.9	7.0	263.0	10.5	4.1	476.0
0.1	5.8	278.4	10.6	4.0	476.0
17.7	10.1	351.1	10.6	4.9	476.0
3.1	5.4	62.1	10.6	2.9	476.0
0.0	-0.5	307.0	10.6	2.5	476.0
0.1	2.1	368.3	10.6	2.9	476.0
20.6	1.8	28.6	10.7	1.7	476.0
18.4	-3.0	34.7	10.7	2.0	476.0
0.0	-6.7	354.9	10.7	1.3	476.0
0.0	-3.9	397.9	10.7	1.8	477.0
0.0	-1.2	388.3	10.8	2.5	477.0
0.0	3.7	393.7	10.8	3.8	477.0
0.0	4.0	393.7	10.8	3.2	477.0
0.0	7.0	389.0	10.8	4.6	477.0
0.0	9.4	394.7	10.9	5.0	477.0
0.1	3.3	202.9	10.9	5.0	477.0
0.0	-2.1	265.8	10.9	1.8	477.0
0.0	-0.9	186.2	10.9	1.8	477.0
0.0	3.7	264.9	11.0	3.8	477.0
21.2	4.7	95.6	11.0	2.9	477.0
6.9	3.3	73.4	11.0	2.0	477.0
0.0	3.8	416.0	11.1	4.2	477.0
0.2	5.4	221.1	11.1	3.5	477.0
0.5	4.9	142.7	11.1	3.4	477.0
0.0	5.7	385.3	11.1	4.7	477.0
3.0	9.5	405.9	11.2	5.2	477.0
1.1	9.0	75.6	11.2	2.6	477.0
0.9	11.3	193.7	11.2	5.1	477.0
1.9	13.9	356.3	11.3	6.3	477.0
0.8	14.1	97.9	11.3	3.7	477.0
1.4	14.6	362.3	11.3	6.3	477.0
0.1	12.6	431.1	11.3	5.4	477.0
0.1	14.5	385.7	11.4	6.3	477.0
0.3	11.7	280.0	11.4	4.4	477.0
9.8	13.8	226.1	11.4	5.9	477.0
2.9	3.6	52.6	11.5	4.3	477.0
0.0	4.5	322.4	11.5	3.7	477.0
11.8	12.2	386.4	11.5	5.7	477.4
69.7	11.0	42.9	11.5	6.4	477.4
1.9	0.4	132.5	11.6	1.9	477.4
0.2	3.3	437.5	11.6	3.3	477.4
0.0	5.9	493.5	11.6	4.5	477.4
0.0	8.9	443.6	11.7	5.3	477.4
0.0	8.4	326.0	11.7	5.4	477.4
0.0	7.0	497.9	11.7	5.4	477.4
0.0	9.6	345.2	11.8	5.9	477.4
0.0	11.9	430.2	11.8	6.8	477.4
1.4	17.1	486.0	11.8	8.9	477.4
11.5	17.3	104.8	11.9	4.5	477.4
0.0	12.3	425.7	11.9	6.7	477.4
0.1	11.6	466.5	11.9	5.6	477.4
0.1	12.8	356.6	11.9	7.0	477.4
1.1	15.7	392.6	12.0	7.7	477.4
39.4	12.2	50.3	12.0	6.4	477.4
0.2	11.4	462.3	12.0	5.9	477.4
0.0	7.9	522.0	12.1	4.8	477.4
1.6	11.5	165.0	12.1	4.8	477.4
1.0	9.6	73.7	12.1	5.3	477.4
0.0	8.0	235.2	12.2	4.7	477.4
5.4	10.5	430.5	12.2	5.2	477.4
3.0	8.0	83.0	12.2	2.8	477.4
0.3	10.0	432.9	12.3	6.4	477.4
4.4	14.0	332.1	12.3	7.4	477.4
18.5	16.3	62.8	12.3	7.0	477.4
3.8	16.1	312.9	12.3	9.8	477.4
0.0	9.2	467.3	12.4	5.3	477.4
0.5	13.1	558.7	12.4	6.9	477.4
10.4	14.3	63.1	12.4	5.4	477.4
0.6	19.6	441.3	12.5	8.1	477.7
23.7	21.2	250.5	12.5	5.5	477.7
16.4	17.6	362.9	12.5	11.7	477.7
35.7	4.2	42.0	12.6	3.7	477.7
18.4	3.7	47.9	12.6	2.1	477.7
5.6	5.4	80.7	12.6	3.1	477.7
0.7	8.2	159.9	12.6	3.6	477.7
21.0	9.8	113.0	12.7	3.8	477.7
20.9	15.1	78.0	12.7	8.3	477.7
5.2	18.6	146.7	12.7	9.6	477.7
22.2	12.7	78.4	12.8	3.9	477.7
16.5	10.1	71.3	12.8	4.9	477.7
0.0	8.5	408.1	12.8	5.0	477.7
0.0	9.0	458.8	12.9	6.0	477.7
1.0	17.4	537.0	12.9	10.4	477.7
41.4	19.8	153.7	12.9	7.0	477.7
71.7	22.4	262.6	12.9	7.9	477.7
82.5	12.5	45.3	13.0	10.3	477.7
23.4	7.1	60.7	13.0	2.6	477.7
50.8	9.9	79.1	13.0	4.2	477.7
12.5	11.5	106.1	13.1	3.7	477.7
5.5	11.8	88.2	13.1	3.9	477.7
14.3	10.7	103.2	13.1	4.8	477.7
0.3	14.7	551.4	13.1	8.5	477.7
0.1	19.1	598.6	13.2	10.4	477.7
7.8	22.4	440.6	13.2	10.1	477.7
11.5	23.5	285.0	13.2	9.2	477.7
29.2	19.2	61.2	13.2	7.8	477.7
11.0	14.3	53.0	13.3	8.1	477.7
1.1	11.9	107.6	13.3	3.9	477.7
18.7	13.0	83.5	13.3	3.8	478.0
31.1	13.2	83.2	13.3	4.7	478.0
0.0	11.9	353.5	13.4	6.9	478.0
0.1	15.6	641.0	13.4	8.7	478.0
0.0	20.5	642.7	13.4	10.8	478.0
0.0	25.1	612.8	13.4	10.1	478.0
65.9	24.4	369.1	13.5	8.4	478.0
13.1	17.1	50.9	13.5	9.8	478.0
0.9	20.6	162.6	13.5	10.6	478.0
35.3	23.3	235.8	13.5	6.6	478.0
15.2	22.5	476.8	13.6	11.3	478.0
1.1	17.9	305.4	13.6	6.7	478.0
47.5	15.0	85.0	13.6	5.8	478.0
15.6	14.3	78.9	13.6	2.9	478.0
1.1	16.8	217.3	13.7	6.9	478.0
3.5	17.5	163.0	13.7	5.4	478.0
0.2	19.7	455.8	13.7	9.3	478.0
0.6	20.9	557.7	13.7	9.4	478.0
18.2	21.1	426.4	13.7	8.0	478.0
9.5	20.3	77.5	13.8	3.8	478.0
0.2	22.9	464.5	13.8	9.9	478.0
14.4	23.7	298.5	13.8	8.8	478.0
28.4	23.2	163.0	13.8	6.2	478.0
16.0	23.4	94.4	13.8	5.6	478.0
4.7	24.8	199.2	13.8	7.0	478.0
10.8	25.0	103.5	13.9	6.3	478.0
6.2	24.7	140.2	13.9	7.0	478.0
1.1	28.2	505.9	13.9	9.5	478.0
4.8	23.4	52.5	13.9	10.1	478.0
2.9	19.0	72.5	13.9	4.6	478.0
4.4	21.3	176.8	13.9	7.0	478.0
1.1	23.3	199.7	13.9	7.9	476.4
7.8	25.9	537.1	14.0	9.7	476.4
5.8	27.4	579.3	14.0	9.9	476.4
11.1	26.7	502.8	14.0	10.1	476.4
25.3	26.0	449.8	14.0	9.2	476.4
20.0	23.6	276.7	14.0	8.4	476.4
0.2	23.2	435.7	14.0	9.6	476.4
3.0	23.9	354.9	14.0	8.3	476.4
8.1	24.6	115.1	14.0	7.4	476.4
0.9	24.5	165.3	14.0	7.0	476.4
0.3	26.0	464.8	14.0	10.1	476.4
0.2	27.1	407.2	14.1	10.3	476.4
28.8	25.4	281.9	14.1	8.6	476.4
6.0	25.3	152.5	14.1	7.7	476.4
21.5	27.3	535.7	14.1	9.8	476.4
27.0	25.5	151.3	14.1	8.0	476.4
0.5	24.5	159.9	14.1	8.0	476.4
0.3	25.1	587.1	14.1	11.5	476.4
0.0	26.1	578.0	14.1	11.0	476.4
22.4	23.7	103.6	14.1	5.2	476.4
4.1	24.4	97.4	14.1	5.6	476.4
0.5	25.4	576.2	14.1	9.9	476.4
0.1	26.7	618.0	14.1	11.2	476.4
9.3	26.7	505.2	14.1	10.6	476.4
30.2	25.8	306.1	14.1	7.7	476.4
36.2	25.2	154.2	14.1	6.7	476.4
19.3	24.8	109.3	14.1	6.8	476.4
15.0	24.4	73.9	14.1	5.9	476.4
21.2	24.1	37.7	14.1	3.5	476.4
14.7	26.1	205.4	14.1	8.1	476.4
13.6	26.2	163.3	14.1	7.3	473.3
18.8	26.4	178.5	14.0	7.4	473.3
28.9	26.5	262.0	14.0	8.7	473.3
10.5	27.8	519.6	14.0	11.4	473.3
7.3	27.7	464.7	14.0	9.5	473.3
17.0	27.2	450.7	14.0	8.4	473.3
7.4	26.8	247.1	14.0	8.7	473.3
0.6	28.5	601.2	14.0	10.2	473.3
0.0	28.0	431.0	14.0	10.5	473.3
13.9	27.4	633.8	14.0	11.1	473.3
6.5	27.5	577.3	14.0	10.7	473.3
0.0	28.7	650.6	13.9	11.5	473.3
0.2	29.3	637.5	13.9	11.2	473.3
6.9	29.2	646.6	13.9	11.7	473.3
11.8	27.8	508.5	13.9	9.9	473.3
23.5	26.6	379.2	13.9	9.8	473.3
7.2	27.4	605.7	13.9	10.5	473.3
10.5	27.4	439.6	13.9	9.2	473.3
6.7	27.8	569.6	13.8	10.1	473.3
3.9	27.6	612.6	13.8	10.7	473.3
0.3	26.9	619.1	13.8	10.1	473.3
0.3	26.8	521.7	13.8	9.5	473.3
1.7	26.8	423.3	13.8	7.9	473.3
8.1	26.7	438.2	13.8	8.6	473.3
1.3	26.5	129.0	13.7	6.5	473.3
1.2	26.9	231.9	13.7	7.3	473.3
3.1	26.4	182.5	13.7	7.3	473.3
5.0	26.3	285.6	13.7	7.7	473.3
3.8	26.3	309.2	13.7	7.3	473.3
1.3	26.5	321.3	13.6	8.5	473.3
0.8	26.5	462.5	13.6	9.5	473.3
0.6	27.1	525.9	13.6	9.6	471.4
6.5	26.9	429.2	13.6	9.5	471.4
17.2	25.9	352.1	13.5	8.1	471.4
13.3	25.6	374.9	13.5	7.0	471.4
27.6	25.5	445.0	13.5	7.6	471.4
0.2	24.8	255.1	13.5	7.8	471.4
0.1	25.5	477.6	13.5	9.7	471.4
0.1	25.8	603.2	13.4	10.1	471.4
0.0	26.9	629.6	13.4	10.7	471.4
0.0	27.8	624.5	13.4	10.8	471.4
0.0	28.8	593.7	13.4	11.0	471.4
14.5	26.0	311.9	13.3	8.1	471.4
17.6	26.1	425.6	13.3	8.7	471.4
7.8	27.1	571.1	13.3	10.0	471.4
4.5	27.3	556.9	13.3	10.3	471.4
6.4	27.3	499.6	13.2	10.4	471.4
0.1	27.8	530.6	13.2	10.5	471.4
0.0	27.8	611.1	13.2	10.5	471.4
0.2	28.1	588.7	13.1	10.2	471.4
0.3	27.7	458.1	13.1	11.0	471.4
0.0	27.3	604.2	13.1	10.7	471.4
1.2	28.6	481.4	13.1	9.6	471.4
4.1	28.3	512.9	13.0	10.0	471.4
0.1	29.1	561.5	13.0	10.5	471.4
0.1	29.7	544.4	13.0	10.5	471.4
0.2	30.0	526.4	13.0	10.2	471.4
4.0	28.7	455.7	12.9	10.7	471.4
21.0	27.5	467.1	12.9	9.7	471.4
17.9	27.1	491.9	12.9	9.3	471.4
11.6	26.7	501.9	12.8	9.1	471.4
2.0	27.2	533.2	12.8	9.1	471.4
0.8	27.0	302.1	12.8	8.1	470.5
1.4	27.0	335.9	12.8	8.6	470.5
3.1	27.1	415.2	12.7	8.5	470.5
6.6	25.9	340.1	12.7	6.8	470.5
2.6	25.0	260.8	12.7	6.4	470.5
0.4	23.7	103.8	12.6	4.7	470.5
0.5	23.8	555.3	12.6	7.9	470.5
0.0	24.7	549.9	12.6	9.9	470.5
0.0	25.3	563.8	12.6	11.1	470.5
0.0	26.9	554.7	12.5	11.1	470.5
0.0	27.0	543.3	12.5	11.0	470.5
0.0	25.2	557.2	12.5	9.3	470.5
0.3	27.1	526.3	12.4	9.0	470.5
0.5	26.6	157.7	12.4	6.0	470.5
11.0	25.7	215.5	12.4	8.1	470.5
0.2	25.7	512.4	12.3	9.3	470.5
0.0	25.9	466.7	12.3	9.1	470.5
0.1	26.8	481.9	12.3	8.3	470.5
0.3	27.7	395.9	12.3	9.0	470.5
0.3	28.3	457.0	12.2	9.6	470.5
6.5	27.4	483.4	12.2	9.7	470.5
17.4	24.0	369.1	12.2	7.2	470.5
0.0	21.4	175.1	12.1	6.0	470.5
0.0	21.2	499.4	12.1	7.4	470.5
0.0	19.6	529.9	12.1	7.1	470.5
0.0	20.8	517.6	12.0	7.8	470.5
0.0	20.5	516.5	12.0	7.8	470.5
0.0	21.1	505.9	12.0	7.9	470.5
0.0	20.8	458.4	12.0	8.4	470.5
0.0	19.9	459.6	11.9	8.5	470.5
0.0	21.7	484.4	11.9	9.6	470.5
0.0	22.2	494.0	11.9	9.1	470.5
0.0	23.3	433.5	11.8	8.2	470.5
0.0	22.1	314.0	11.8	7.2	470.5
0.0	21.3	268.0	11.8	8.1	470.5
0.1	23.1	334.3	11.7	7.5	470.5
0.4	23.5	219.2	11.7	6.7	470.5
0.1	23.7	138.0	11.7	6.1	470.5
0.3	25.0	333.0	11.7	8.4	470.5
0.0	24.1	312.9	11.6	8.2	470.5
0.3	20.6	215.1	11.6	7.1	470.5
0.0	20.3	448.9	11.6	6.7	470.5
0.0	19.7	193.5	11.5	5.4	470.5
0.0	20.3	445.2	11.5	7.3	470.5
0.0	20.7	438.8	11.5	7.7	470.5
0.0	21.5	444.1	11.4	8.0	470.5
0.0	21.9	445.5	11.4	7.4	470.5
0.0	23.1	426.4	11.4	7.6	470.5
0.0	20.9	408.6	11.4	7.5	470.5
0.0	17.5	440.6	11.3	7.1	470.5
0.0	18.7	432.5	11.3	7.1	470.5
0.0	18.3	427.7	11.3	7.0	470.5
0.0	16.9	359.8	11.2	5.0	470.5
0.0	16.6	367.7	11.2	6.0	470.5
0.0	17.6	410.4	11.2	6.3	470.5
0.0	17.7	411.3	11.2	6.6	470.5
0.0	18.2	409.3	11.1	6.7	470.5
0.0	19.4	397.7	11.1	6.7	470.5
0.0	19.5	389.7	11.1	6.3	470.5
0.0	19.5	248.7	11.0	5.8	470.5
0.0	22.0	383.2	11.0	6.7	470.5
0.5	22.4	333.0	11.0	6.3	471.9
0.4	21.6	176.4	11.0	4.7	471.9
4.4	21.4	289.0	10.9	6.2	471.9
0.0	21.9	269.9	10.9	5.8	471.9
0.0	22.6	352.1	10.9	6.2	471.9
0.0	22.5	360.5	10.9	6.4	471.9
0.9	19.8	287.2	10.8	6.9	471.9
1.6	10.1	51.4	10.8	4.0	471.9
0.0	7.9	382.6	10.8	3.8	471.9
0.0	10.1	327.9	10.8	4.0	471.9
0.0	11.9	370.1	10.7	4.7	471.9
0.0	12.8	371.6	10.7	4.8	471.9
0.0	14.3	359.2	10.7	5.8	471.9
0.0	8.2	376.2	10.7	4.2	471.9
0.0	9.0	235.8	10.6	4.0	471.9
0.0	10.3	135.0	10.6	3.4	471.9
0.0	8.1	364.2	10.6	4.3	471.9
0.0	8.1	368.1	10.6	4.5	471.9
0.0	10.2	361.6	10.6	5.1	471.9
0.0	14.2	339.7	10.5	5.3	471.9
2.4	15.6	85.7	10.5	3.4	471.9
2.7	11.7	32.0	10.5	2.4	471.9
2.4	13.9	87.8	10.5	4.4	471.9
0.1	5.0	154.9	10.5	3.2	471.9
0.0	3.7	312.7	10.4	2.5	471.9
0.0	5.3	110.6	10.4	2.0	471.9
1.0	8.6	124.7	10.4	3.1	471.9
0.0	12.3	183.0	10.4	3.7	471.9
0.3	15.3	104.0	10.4	3.9	471.9
0.5	17.3	208.4	10.4	5.0	471.9
1.6	15.2	261.5	10.3	5.7	473.8
1.9	8.8	181.0	10.3	1.9	473.8
3.1	12.0	87.1	10.3	3.4	473.8
1.5	9.8	55.9	10.3	1.8	473.8
9.9	13.8	106.3	10.3	3.5	473.8
6.2	10.1	63.2	10.3	3.0	473.8
44.5	11.2	31.3	10.3	2.3	473.8
25.8	11.2	24.0	10.3	2.9	473.8
0.1	5.3	83.2	10.2	2.6	473.8
0.3	5.4	297.8	10.2	3.2	473.8
0.2	8.9	282.8	10.2	3.8	473.8
2.4	3.2	43.6	10.2	3.0	473.8
0.5	-2.4	244.5	10.2	1.5	473.8
0.0	-0.4	318.6	10.2	2.1	473.8
0.0	2.9	305.8	10.2	3.0	473.8
0.1	3.9	303.8	10.2	2.9	473.8
0.2	4.2	255.6	10.2	3.1	473.8
1.3	5.1	203.4	10.2	2.5	473.8
0.3	1.5	94.2	10.2	1.9	473.8
0.0	0.3	313.3	10.2	2.3	473.8
0.0	2.0	290.2	10.2	2.7	473.8
0.0	-1.6	297.7	10.2	2.0	473.8
0.0	-2.6	318.2	10.2	1.9	473.8
0.8	4.0	300.5	10.2	3.1	473.8
0.3	3.9	45.0	10.2	1.9	473.8
2.4	2.7	104.6	10.2	2.2	473.8
18.9	3.4	27.2	10.2	1.1	473.8
10.2	1.8	30.3	10.2	1.7	473.8
0.0	0.9	317.5	10.2	2.6	473.8
0.0	-2.6	258.8	10.2	1.3	473.8
1.0	-0.9	243.4	10.2	1.7	473.8
5.1	0.4	98.4	10.2	1.9	475.8
0.1	-1.8	69.8	10.2	1.2	475.8
1.7	1.6	184.4	10.2	2.0	475.8
3.7	2.0	78.5	10.2	2.3	475.8
0.4	-2.6	149.9	10.3	1.2	475.8
0.0	-2.5	179.9	10.3	1.5	475.8
0.0	-0.8	326.8	10.3	2.5	475.8
0.1	-7.9	321.3	10.3	1.1	475.8
0.0	-5.1	329.1	10.3	1.7	475.8
0.0	-2.2	310.0	10.3	2.4	475.8
0.0	-1.0	258.7	10.3	2.6	475.8
0.0	-2.1	329.7	10.3	2.4	475.8
0.0	-0.9	161.0	10.4	2.0	475.8
0.0	3.6	312.0	10.4	3.2	475.8
0.0	0.5	343.1	10.4	2.7	475.8
0.0	-1.7	352.6	10.4	2.4	475.8
0.0	-1.4	358.7	10.4	2.9	475.8
0.0	0.9	355.8	10.4	3.2	475.8
0.0	1.6	219.8	10.5	3.6	475.8
0.0	0.2	353.5	10.5	3.3	475.8
0.0	-0.2	365.8	10.5	3.1	475.8
0.0	4.6	347.3	10.5	3.9	475.8
0.0	6.3	202.5	10.5	4.1	475.8
0.0	2.3	195.3	10.6	2.8	475.8
8.5	1.0	75.7	10.6	1.8	475.8
13.0	3.3	25.9	10.6	2.7	475.8
7.2	5.5	15.0	10.6	2.3	475.8
8.5	3.5	35.3	10.6	2.1	475.8
4.6	3.2	147.8	10.7	2.0	475.8
2.1	2.6	38.1	10.7	1.4	475.8
0.1	1.8	233.2	10.7	3.0	475.8
0.0	-1.4	368.4	10.7	1.9	476.8
0.0	-0.1	325.4	10.8	2.8	476.8
0.0	3.2	387.6	10.8	3.8	476.8
0.0	4.8	348.2	10.8	4.0	476.8
0.1	5.0	307.5	10.8	3.7	476.8
0.0	6.8	364.2	10.9	4.4	476.8
0.0	8.7	390.6	10.9	4.7	476.8
0.0	9.3	401.5	10.9	5.0	476.8
0.0	13.4	401.2	10.9	6.3	476.8
0.0	7.5	420.1	11.0	3.6	476.8
0.0	9.4	415.9	11.0	5.8	476.8
0.0	10.8	422.0	11.0	6.2	476.8
0.0	15.6	401.7	11.0	7.4	476.8
3.6	12.1	143.5	11.1	4.1	476.8
0.1	13.3	320.5	11.1	5.2	476.8
0.0	7.7	439.1	11.1	4.7	476.8
0.0	9.5	439.7	11.2	5.8	476.8
7.9	12.2	175.8	11.2	5.9	476.8
0.1	15.1	289.5	11.2	6.3	476.8
2.8	11.0	323.0	11.2	3.6	476.8
2.5	12.8	100.7	11.3	4.1	476.8
0.1	19.1	309.7	11.3	7.2	476.8
0.1	21.9	335.6	11.3	6.4	476.8
3.0	14.7	166.2	11.4	8.0	476.8
25.4	5.9	39.2	11.4	2.1	476.8
21.4	6.6	52.8	11.4	2.8	476.8
22.6	10.9	55.3	11.5	3.4	476.8
36.9	14.0	102.6	11.5	4.6	476.8
13.0	18.7	47.5	11.5	3.9	476.8
25.8	13.2	51.4	11.5	7.7	477.2
3.3	1.9	60.9	11.6	2.8	477.2
0.6	1.5	342.9	11.6	2.5	477.2
0.0	1.4	498.2	11.6	3.6	477.2
17.4	4.3	217.2	11.7	3.4	477.2
24.3	13.4	46.0	11.7	7.0	477.2
41.7	7.7	80.0	11.7	5.9	477.2
10.4	5.8	32.9	11.8	2.1	477.2
8.0	6.3	41.7	11.8	1.3	477.2
2.2	8.6	113.5	11.8	3.1	477.2
3.9	10.8	92.9	11.8	3.4	477.2
2.4	11.2	162.0	11.9	4.1	477.2
1.0	10.3	126.6	11.9	4.1	477.2
3.2	11.9	90.6	11.9	5.2	477.2
3.4	14.5	251.6	12.0	8.3	477.2
21.4	11.0	104.3	12.0	3.5	477.2
1.7	10.7	196.7	12.0	5.7	477.2
18.5	8.5	54.0	12.1	2.6	477.2
45.9	10.4	66.9	12.1	4.1	477.2
2.3	8.1	107.6	12.1	4.0	477.2
9.2	8.3	146.9	12.2	4.0	477.2
6.9	4.5	81.9	12.2	4.0	477.2
0.0	3.1	547.5	12.2	4.7	477.2
0.0	5.6	555.5	12.2	5.7	477.2
0.0	8.6	513.9	12.3	6.2	477.2
0.4	12.6	530.4	12.3	7.6	477.2
9.7	15.7	186.6	12.3	6.5	477.2
7.7	8.7	53.3	12.4	6.5	477.2
0.0	5.5	422.1	12.4	4.2	477.2
0.5	4.4	109.2	12.4	2.2	477.2
8.6	7.0	160.7	12.5	3.8	477.2
45.2	9.2	52.7	12.5	4.7	477.5
14.5	7.3	75.5	12.5	2.8	477.5
0.6	10.5	521.9	12.5	5.8	477.5
0.0	11.4	586.7	12.6	7.5	477.5
0.2	13.9	437.6	12.6	6.8	477.5
6.5	12.5	99.7	12.6	4.6	477.5
4.1	13.5	101.2	12.7	6.0	477.5
1.8	16.7	342.4	12.7	7.5	477.5
20.5	15.7	97.5	12.7	5.2	477.5
0.0	15.1	574.9	12.8	8.9	477.5
5.1	14.8	275.1	12.8	7.8	477.5
13.0	15.7	97.1	12.8	4.7	477.5
8.7	13.6	197.4	12.8	7.9	477.5
0.0	14.1	631.4	12.9	7.8	477.5
0.0	16.6	605.7	12.9	9.1	477.5
0.0	15.4	588.5	12.9	9.0	477.5
0.0	14.2	575.4	13.0	8.1	477.5
0.0	15.3	563.4	13.0	7.5	477.5
0.1	15.1	509.0	13.0	7.3	477.5
33.2	16.2	238.8	13.0	6.9	477.5
9.9	14.3	36.2	13.1	2.5	477.5
1.4	14.7	204.8	13.1	6.9	477.5
0.1	17.9	490.8	13.1	8.8	477.5
0.1	18.5	399.1	13.2	9.6	477.5
0.1	20.2	607.8	13.2	10.1	477.5
1.3	20.3	488.2	13.2	10.2	477.5
0.3	11.6	183.9	13.2	6.8	477.5
0.0	12.3	647.9	13.3	8.1	477.5
0.0	14.5	645.4	13.3	9.2	477.5
0.0	16.2	649.4	13.3	10.0	477.5
10.8	17.3	401.8	13.3	8.6	477.8
0.0	18.9	621.6	13.4	8.8	477.8
0.0	21.3	501.6	13.4	10.3	477.8
18.9	21.9	440.1	13.4	8.7	477.8
0.2	21.2	507.0	13.4	10.1	477.8
0.0	20.5	380.6	13.5	8.5	477.8
5.0	18.2	156.6	13.5	4.4	477.8
3.8	22.1	214.4	13.5	8.0	477.8
5.0	23.8	408.7	13.5	10.3	477.8
0.1	25.1	506.0	13.6	9.6	477.8
15.0	25.0	361.0	13.6	9.9	477.8
3.7	24.8	277.2	13.6	9.6	477.8
10.2	25.1	460.7	13.6	9.7	477.8
6.6	26.1	577.3	13.6	9.8	477.8
26.3	26.1	534.6	13.7	10.3	477.8
28.7	25.5	528.0	13.7	9.7	477.8
24.8	26.0	508.5	13.7	8.0	477.8
9.8	25.5	429.5	13.7	9.6	477.8
10.8	26.0	473.0	13.7	9.8	477.8
23.5	26.5	328.3	13.8	12.7	477.8
6.5	15.3	94.9	13.8	8.2	477.8
0.0	15.8	621.5	13.8	8.4	477.8
0.0	17.9	688.0	13.8	9.8	477.8
0.3	19.2	677.3	13.8	10.8	477.8
0.0	20.9	681.4	13.9	11.2	477.8
0.0	22.2	511.9	13.9	10.3	477.8
2.3	19.8	198.8	13.9	8.4	477.8
0.5	19.6	255.1	13.9	8.2	477.8
1.6	20.6	230.0	13.9	7.0	477.8
4.9	23.0	412.4	13.9	9.3	477.8
27.4	21.6	53.4	13.9	4.9	477.8
1.1	23.1	286.1	14.0	9.3	476.2
0.2	25.5	641.3	14.0	10.8	476.2
0.2	22.6	453.7	14.0	10.2	476.2
0.0	22.4	613.1	14.0	9.3	476.2
10.6	23.6	541.0	14.0	9.4	476.2
22.0	24.9	442.5	14.0	9.3	476.2
0.2	25.3	515.2	14.0	10.9	476.2
0.6	25.3	687.5	14.0	11.2	476.2
0.1	26.5	555.0	14.0	11.4	476.2
3.7	23.0	135.1	14.0	10.3	476.2
0.3	22.9	544.9	14.1	10.0	476.2
0.0	22.7	623.8	14.1	10.3	476.2
0.3	25.3	584.6	14.1	11.3	476.2
55.2	20.1	89.4	14.1	8.4	476.2
12.3	19.5	89.9	14.1	4.2	476.2
0.7	22.4	477.5	14.1	9.9	476.2
0.1	24.5	566.0	14.1	10.6	476.2
0.4	26.5	548.3	14.1	10.6	476.2
2.5	26.7	603.9	14.1	11.1	476.2
0.0	26.7	602.9	14.1	10.3	476.2
0.5	27.0	577.4	14.1	11.3	476.2
0.7	27.3	532.2	14.1	10.7	476.2
8.4	25.4	217.3	14.1	9.1	476.2
23.1	24.4	113.6	14.1	5.4	476.2
24.3	24.6	162.5	14.1	6.6	476.2
2.0	25.1	330.2	14.1	8.1	476.2
0.4	25.5	421.0	14.1	9.4	476.2
14.6	25.6	409.4	14.1	8.0	476.2
21.3	26.1	504.7	14.1	9.5	476.2
27.7	26.3	434.2	14.1	9.1	476.2
12.5	27.4	540.0	14.0	10.7	473.1
5.2	27.9	568.9	14.0	10.9	473.1
2.3	28.3	612.3	14.0	11.5	473.1
0.0	29.2	659.1	14.0	10.8	473.1
3.8	29.1	637.1	14.0	12.0	473.1
4.7	29.0	566.5	14.0	12.2	473.1
8.3	28.3	634.1	14.0	11.4	473.1
14.2	27.5	532.5	14.0	10.0	473.1
6.0	26.6	509.7	14.0	9.9	473.1
2.2	25.7	294.1	14.0	8.1	473.1
1.1	25.5	412.1	14.0	9.8	473.1
0.1	27.9	649.8	13.9	11.4	473.1
1.8	28.3	644.5	13.9	12.2	473.1
8.4	27.5	543.5	13.9	9.2	473.1
23.2	27.1	425.5	13.9	9.4	473.1
18.7	26.3	427.0	13.9	9.2	473.1
8.5	26.7	565.2	13.9	10.3	473.1
6.3	27.3	632.8	13.9	10.6	473.1
6.9	27.1	619.3	13.8	10.8	473.1
9.3	27.0	532.5	13.8	9.7	473.1
12.3	27.3	524.3	13.8	10.2	473.1
12.5	26.7	415.8	13.8	9.1	473.1
21.9	26.4	368.1	13.8	8.6	473.1
9.1	26.5	555.6	13.7	10.2	473.1
17.2	26.2	455.0	13.7	9.0	473.1
13.4	26.1	407.0	13.7	9.6	473.1
8.4	25.8	261.8	13.7	8.1	473.1
3.7	25.9	269.7	13.7	8.3	473.1
14.4	26.5	407.0	13.6	8.9	473.1
3.4	27.1	477.7	13.6	10.1	473.1
6.0	26.7	551.4	13.6	9.5	473.1
2.5	27.1	496.7	13.6	8.7	471.2
2.5	27.1	557.0	13.6	8.7	471.2
0.3	26.8	559.8	13.5	10.3	471.2
0.4	26.8	555.9	13.5	8.9	471.2
7.6	26.1	496.7	13.5	9.4	471.2
8.4	26.5	590.5	13.5	10.9	471.2
6.7	26.5	600.5	13.4	10.9	471.2
7.2	26.6	525.9	13.4	9.7	471.2
14.2	26.6	443.2	13.4	9.0	471.2
14.6	27.0	469.3	13.4	10.0	471.2
15.5	26.9	538.4	13.3	9.8	471.2
14.8	27.0	374.4	13.3	8.4	471.2
19.7	26.6	323.0	13.3	8.6	471.2
12.0	26.7	350.7	13.3	9.0	471.2
10.8	26.5	396.2	13.2	9.1	471.2
10.9	26.4	410.8	13.2	9.1	471.2
18.9	25.8	407.7	13.2	8.3	471.2
27.0	24.5	275.8	13.2	7.0	471.2
0.9	23.3	44.8	13.1	2.7	471.2
0.5	24.1	147.0	13.1	7.1	471.2
27.9	24.6	464.9	13.1	9.2	471.2
12.1	25.6	512.0	13.0	9.0	471.2
10.7	26.1	444.0	13.0	9.3	471.2
13.9	25.9	467.6	13.0	9.2	471.2
6.6	25.9	458.5	13.0	9.7	471.2
9.8	25.9	339.9	12.9	9.2	471.2
11.4	26.0	354.5	12.9	8.5	471.2
18.6	24.7	360.9	12.9	7.8	471.2
2.5	24.3	334.0	12.9	7.4	471.2
0.0	24.6	387.1	12.8	8.2	471.2
0.8	26.2	442.9	12.8	7.9	471.2
1.7	25.8	154.1	12.8	5.9	470.2
11.6	26.0	339.0	12.7	7.9	470.2
10.6	25.8	400.6	12.7	7.0	470.2
0.9	25.6	448.3	12.7	8.6	470.2
0.8	22.8	152.6	12.6	8.4	470.2
0.0	19.7	558.1	12.6	7.9	470.2
0.0	20.1	526.0	12.6	8.3	470.2
0.0	21.4	571.7	12.6	9.3	470.2
0.0	21.8	570.7	12.5	9.5	470.2
0.0	22.5	563.3	12.5	10.4	470.2
0.0	23.9	550.2	12.5	9.7	470.2
0.0	23.4	520.1	12.4	9.6	470.2
0.0	23.0	491.9	12.4	9.2	470.2
0.0	23.3	530.2	12.4	9.4	470.2
0.0	23.0	511.8	12.4	9.6	470.2
0.0	24.5	498.2	12.3	10.2	470.2
0.0	26.6	512.4	12.3	10.0	470.2
0.1	26.7	288.9	12.3	8.8	470.2
0.0	25.4	490.7	12.2	10.1	470.2
0.0	25.9	500.1	12.2	10.2	470.2
0.0	26.1	505.5	12.2	9.8	470.2
0.0	25.4	499.7	12.1	9.8	470.2
0.0	26.1	501.9	12.1	9.5	470.2
0.0	27.0	480.2	12.1	9.6	470.2
0.0	27.7	492.2	12.0	9.4	470.2
6.5	28.2	450.4	12.0	9.0	470.2
13.5	20.5	135.9	12.0	7.7	470.2
0.0	18.3	298.8	12.0	6.1	470.2
0.0	18.3	274.1	11.9	4.9	470.2
0.0	21.1	329.1	11.9	6.6	470.2
0.5	23.2	263.5	11.9	6.8	470.3
0.2	23.0	282.7	11.8	7.4	470.3
0.0	24.2	449.6	11.8	7.9	470.3
0.0	24.5	305.6	11.8	6.9	470.3
0.1	22.0	336.3	11.7	8.1	470.3
0.6	20.8	460.3	11.7	7.2	470.3
0.0	17.3	310.4	11.7	6.2	470.3
0.0	17.1	460.9	11.7	6.6	470.3
0.0	17.8	463.3	11.6	7.0	470.3
0.0	17.9	413.9	11.6	6.9	470.3
0.0	18.3	447.2	11.6	7.1	470.3
0.0	17.9	458.1	11.5	6.7	470.3
0.0	19.5	430.9	11.5	6.8	470.3
0.0	20.1	423.7	11.5	6.8	470.3
0.1	19.0	291.3	11.5	6.6	470.3
0.0	19.2	424.3	11.4	7.0	470.3
0.8	21.0	400.9	11.4	7.0	470.3
0.2	21.0	233.6	11.4	6.2	470.3
0.0	21.6	416.3	11.3	7.1	470.3
0.0	21.3	413.6	11.3	7.0	470.3
0.1	16.3	276.7	11.3	6.7	470.3
0.0	12.6	442.1	11.2	5.9	470.3
0.0	14.3	435.7	11.2	6.8	470.3
0.0	15.9	434.1	11.2	7.2	470.3
0.1	18.3	418.3	11.2	7.1	470.3
1.5	21.5	244.8	11.1	5.9	470.3
4.4	22.1	167.8	11.1	6.4	470.3
0.0	13.6	174.6	11.1	5.3	470.3
0.0	12.0	417.1	11.1	6.0	470.3
0.0	8.8	418.0	11.0	4.7	470.3
0.0	12.1	404.3	11.0	5.6	470.3
0.0	10.5	411.1	11.0	5.0	471.7
0.0	11.4	345.5	10.9	5.2	471.7
0.0	13.8	386.4	10.9	5.9	471.7
0.0	16.2	374.7	10.9	6.3	471.7
0.0	15.6	377.7	10.9	6.1	471.7
0.0	13.6	380.8	10.8	5.1	471.7
0.1	15.4	322.1	10.8	4.9	471.7
0.1	15.3	294.2	10.8	4.9	471.7
6.8	16.0	296.0	10.8	5.2	471.7
2.0	12.0	41.7	10.7	1.9	471.7
17.7	13.5	72.9	10.7	2.8	471.7
2.9	12.1	48.9	10.7	1.7	471.7
2.2	13.8	38.7	10.7	2.6	471.7
6.2	12.7	48.0	10.7	4.5	471.7
0.0	6.7	244.9	10.6	3.2	471.7
0.3	10.6	349.8	10.6	4.5	471.7
0.0	8.6	339.7	10.6	3.7	471.7
0.0	10.8	322.5	10.6	4.6	471.7
0.0	12.5	341.4	10.5	4.7	471.7
0.0	13.2	326.2	10.5	4.5	471.7
0.0	16.1	327.8	10.5	5.1	471.7
0.7	18.2	286.9	10.5	4.8	471.7
4.0	9.7	31.9	10.5	4.3	471.7
0.0	6.1	214.4	10.4	3.0	471.7
0.1	7.2	182.1	10.4	3.1	471.7
0.3	9.8	195.4	10.4	3.7	471.7
0.0	8.9	180.3	10.4	2.6	471.7
0.0	8.7	116.9	10.4	2.6	471.7
1.0	10.2	141.5	10.4	2.9	471.7
0.2	8.3	152.9	10.3	2.9	471.7
0.0	5.6	274.5	10.3	2.6	473.5
0.0	4.5	328.4	10.3	3.1	473.5
0.0	5.5	271.6	10.3	3.6	473.5
0.0	2.4	327.1	10.3	2.9	473.5
0.0	3.8	329.7	10.3	3.5	473.5
0.0	4.9	324.3	10.3	3.7	473.5
0.0	1.9	316.8	10.3	2.7	473.5
0.0	2.1	327.3	10.2	3.1	473.5
0.0	5.3	317.9	10.2	4.0	473.5
0.0	9.6	290.2	10.2	4.5	473.5
0.0	10.0	183.7	10.2	3.9	473.5
0.0	6.6	254.7	10.2	3.4	473.5
0.9	7.9	265.7	10.2	3.4	473.5
0.0	7.4	190.0	10.2	3.8	473.5
0.0	9.0	309.6	10.2	4.7	473.5
0.0	10.4	311.2	10.2	5.0	473.5
0.0	10.9	296.3	10.2	4.8	473.5
0.0	1.3	265.2	10.2	2.5	473.5
0.0	1.3	324.3	10.2	2.9	473.5
0.0	4.4	213.1	10.2	3.0	473.5
0.0	4.4	316.6	10.2	3.6	473.5
0.0	4.7	319.0	10.2	4.0	473.5
0.0	5.9	317.5	10.2	4.2	473.5
0.0	7.0	314.7	10.2	4.5	473.5
0.0	6.4	308.1	10.2	3.5	473.5
0.0	4.1	271.3	10.2	3.2	473.5
0.0	6.2	307.2	10.2	4.0	473.5
0.0	7.7	263.8	10.2	4.3	473.5
0.0	7.5	311.4	10.2	3.8	473.5
0.0	12.9	298.7	10.2	4.9	473.5
6.5	15.5	228.2	10.2	5.5	473.5
30.8	9.3	150.8	10.2	2.3	475.6
21.0	8.9	27.9	10.2	0.9	475.6
5.4	6.0	18.7	10.2	2.9	475.6
1.0	1.3	97.3	10.3	2.0	475.6
0.4	-0.8	202.7	10.3	1.2	475.6
0.0	-0.8	319.4	10.3	2.1	475.6
0.0	-4.5	330.3	10.3	1.5	475.6
0.0	-2.8	325.7	10.3	2.0	475.6
0.0	-3.1	327.9	10.3	2.0	475.6
0.0	-2.7	333.3	10.3	2.2	475.6
0.0	0.0	333.1	10.3	2.7	475.6
0.1	4.4	329.5	10.4	3.9	475.6
0.0	7.6	291.3	10.4	4.3	475.6
0.0	11.7	307.5	10.4	4.5	475.6
2.8	12.2	53.4	10.4	3.5	475.6
19.7	9.8	74.9	10.4	2.4	475.6
4.3	2.8	44.6	10.4	2.8	475.6
0.1	0.1	201.5	10.5	2.2	475.6
0.0	-1.6	219.9	10.5	2.1	475.6
0.0	-1.7	228.1	10.5	1.9	475.6
0.5	-3.5	218.2	10.5	1.5	475.6
0.0	-3.1	362.1	10.5	2.0	475.6
0.0	-0.6	355.4	10.5	2.3	475.6
0.1	1.7	141.6	10.6	2.0	475.6
0.3	-3.6	166.4	10.6	1.8	475.6
0.0	-5.0	377.2	10.6	1.8	475.6
0.0	-1.6	380.6	10.6	3.0	475.6
0.0	3.4	265.7	10.7	3.5	475.6
0.6	4.4	294.5	10.7	3.1	475.6
5.8	5.1	173.6	10.7	2.9	475.6
3.3	4.3	91.4	10.7	2.5	475.6
0.2	2.6	252.7	10.8	3.5	476.5
0.0	5.4	351.5	10.8	4.5	476.5
5.2	7.4	321.0	10.8	4.5	476.5
0.7	0.5	122.8	10.8	2.0	476.5
0.1	1.6	251.2	10.9	3.1	476.5
0.2	3.7	294.1	10.9	3.9	476.5
0.0	7.2	385.5	10.9	5.0	476.5
0.0	10.7	384.4	10.9	5.8	476.5
3.6	14.2	232.3	11.0	5.9	476.5
3.1	12.9	91.3	11.0	4.0	476.5
5.2	13.2	102.8	11.0	4.7	476.5
23.5	4.1	34.6	11.0	4.6	476.5
13.6	4.3	232.7	11.1	2.9	476.5
2.9	3.8	60.5	11.1	2.0	476.5
0.3	3.9	356.4	11.1	4.1	476.5
0.2	8.3	303.5	11.2	5.0	476.5
0.6	12.4	291.4	11.2	4.9	476.5
0.3	12.4	334.1	11.2	4.6	476.5
0.9	15.2	307.2	11.2	5.7	476.5
11.3	13.2	104.8	11.3	5.5	476.5
1.3	12.9	133.3	11.3	3.9	476.5
25.4	17.6	223.7	11.3	5.7	476.5
3.4	8.6	37.1	11.4	5.8	476.5
0.6	5.7	90.5	11.4	2.9	476.5
3.4	7.9	318.5	11.4	5.5	476.5
34.6	3.0	49.5	11.4	1.8	476.5
0.9	2.8	123.1	11.5	2.4	476.5
0.8	7.0	258.2	11.5	4.7	476.5
1.7	11.9	147.4	11.5	5.0	477.0
2.2	15.9	138.8	11.6	5.2	477.0
8.8	18.4	405.3	11.6	6.8	477.0
5.6	10.0	34.6	11.6	6.2	477.0
10.7	3.8	22.0	11.7	3.0	477.0
5.7	2.4	36.2	11.7	1.8	477.0
25.4	8.0	39.8	11.7	5.5	477.0
16.3	7.3	43.0	11.7	5.8	477.0
2.2	3.6	102.7	11.8	2.0	477.0
10.6	1.7	42.6	11.8	2.1	477.0
20.0	2.8	32.7	11.8	2.5	477.0
46.8	9.7	58.6	11.9	6.3	477.0
12.2	7.8	54.5	11.9	7.6	477.0
0.1	6.0	375.5	11.9	4.7	477.0
5.1	8.6	142.9	12.0	3.7	477.0
14.7	12.5	353.9	12.0	5.8	477.0
13.5	4.0	26.9	12.0	6.1	477.0
0.4	-1.0	214.7	12.1	2.5	477.0
0.9	2.6	361.9	12.1	3.8	477.0
8.9	4.9	73.2	12.1	2.9	477.0
2.4	5.8	82.4	12.1	2.4	477.0
9.5	8.1	208.8	12.2	4.2	477.0
0.7	3.5	247.7	12.2	5.1	477.0
0.0	6.7	557.1	12.2	5.3	477.0
0.5	7.5	537.5	12.3	6.5	477.0
0.0	9.3	554.1	12.3	6.7	477.0
0.0	13.9	518.0	12.3	7.6	477.0
0.0	10.4	562.3	12.4	7.8	477.0
0.0	8.6	494.2	12.4	5.7	477.0
0.0	11.1	583.3	12.4	6.8	477.0
0.0	13.3	586.9	12.4	8.1	477.0
25.2	15.3	428.6	12.5	8.1	477.3
12.2	15.6	54.8	12.5	4.3	477.3
3.5	19.8	184.0	12.5	7.0	477.3
26.8	18.3	188.2	12.6	8.6	477.3
7.2	12.5	95.6	12.6	5.6	477.3
25.4	7.7	54.6	12.6	2.5	477.3
24.4	7.8	49.9	12.7	2.9	477.3
6.6	6.6	83.4	12.7	2.5	477.3
9.5	7.5	57.1	12.7	2.9	477.3
7.6	7.7	49.3	12.7	2.7	477.3
1.1	8.8	213.5	12.8	5.2	477.3
0.1	11.5	556.6	12.8	8.0	477.3
0.3	13.9	553.7	12.8	9.1	477.3
0.0	15.4	584.4	12.9	9.4	477.3
0.0	15.3	271.8	12.9	8.2	477.3
0.1	16.3	598.6	12.9	9.4	477.3
3.2	19.2	570.4	13.0	9.5	477.3
11.7	17.7	66.7	13.0	4.2	477.3
0.2	18.4	421.0	13.0	9.9	477.3
0.0	15.2	476.2	13.0	7.7	477.3
0.0	15.7	623.0	13.1	8.9	477.3
41.6	18.0	479.1	13.1	9.9	477.3
0.1	11.8	144.9	13.1	6.1	477.3
0.0	12.5	479.3	13.1	6.4	477.3
12.5	9.9	131.7	13.2	3.7	477.3
1.3	12.3	130.2	13.2	4.7	477.3
0.8	12.7	257.5	13.2	8.1	477.3
0.0	15.0	576.2	13.3	9.3	477.3
13.7	17.9	545.6	13.3	9.5	477.3
20.5	20.4	249.6	13.3	8.1	477.3
3.2	19.0	125.5	13.3	5.1	477.6
0.2	19.9	406.9	13.4	7.9	477.6
0.0	14.7	343.9	13.4	8.0	477.6
0.1	17.1	541.1	13.4	9.5	477.6
0.0	17.0	367.0	13.4	8.2	477.6
0.0	16.9	366.2	13.5	8.1	477.6
0.0	13.5	309.6	13.5	7.6	477.6
0.0	17.2	659.3	13.5	9.3	477.6
0.0	18.3	623.0	13.5	9.4	477.6
0.0	18.7	641.4	13.6	8.5	477.6
0.0	19.0	558.7	13.6	9.1	477.6
1.7	20.2	391.4	13.6	8.2	477.6
43.4	19.6	72.2	13.6	5.2	477.6
0.3	19.4	402.8	13.6	9.0	477.6
0.0	23.7	606.6	13.7	10.8	477.6
18.9	23.5	441.9	13.7	11.0	477.6
4.0	16.0	219.8	13.7	8.5	477.6
0.1	15.2	667.1	13.7	9.0	477.6
0.0	16.6	653.8	13.7	9.4	477.6
0.0	20.0	633.1	13.8	10.7	477.6
0.1	23.1	639.5	13.8	10.1	477.6
0.0	22.8	429.6	13.8	9.8	477.6
0.0	23.5	423.1	13.8	9.5	477.6
4.6	23.6	270.8	13.8	9.8	477.6
1.9	21.5	119.4	13.9	5.4	477.6
0.1	23.5	359.5	13.9	9.1	477.6
31.9	24.3	342.0	13.9	9.2	477.6
3.4	22.2	65.9	13.9	7.7	477.6
0.2	21.0	414.1	13.9	9.9	477.6
0.2	21.7	461.4	13.9	10.1	477.6
0.0	22.0	384.3	13.9	9.1	477.6
0.6	20.1	297.5	14.0	7.3	475.9
0.6	20.9	210.7	14.0	6.4	475.9
0.3	22.9	417.0	14.0	9.5	475.9
0.3	24.4	444.3	14.0	10.8	475.9
0.5	25.9	520.1	14.0	10.6	475.9
18.1	24.1	77.9	14.0	7.1	475.9
2.6	23.6	93.5	14.0	6.5	475.9
0.2	24.9	554.6	14.0	11.7	475.9
0.0	26.7	635.1	14.0	11.7	475.9
0.2	27.2	541.2	14.0	11.1	475.9
5.9	25.0	159.9	14.1	8.2	475.9
3.4	23.3	68.2	14.1	5.9	475.9
10.1	23.8	325.2	14.1	9.0	475.9
0.6	22.7	549.4	14.1	8.5	475.9
0.0	21.5	680.5	14.1	10.5	475.9
0.0	20.4	501.7	14.1	9.2	475.9
1.6	23.6	337.5	14.1	9.6	475.9
2.4	23.0	124.6	14.1	5.4	475.9
1.8	23.8	226.3	14.1	7.2	475.9
3.0	22.3	93.3	14.1	7.1	475.9
1.5	20.8	73.3	14.1	4.8	475.9
0.8	21.2	484.6	14.1	9.4	475.9
0.2	22.0	573.0	14.1	10.7	475.9
0.0	23.4	662.9	14.1	10.8	475.9
0.0	25.2	596.3	14.1	10.3	475.9
1.9	25.8	308.6	14.1	9.6	475.9
3.0	23.6	81.3	14.1	7.0	475.9
10.7	26.8	516.9	14.1	10.4	475.9
34.2	25.9	300.7	14.1	8.1	475.9
39.4	24.8	199.6	14.1	8.1	475.9
13.5	24.9	197.0	14.1	6.0	472.8
15.2	26.5	565.3	14.0	9.9	472.8
13.2	26.8	444.4	14.0	10.2	472.8
5.7	26.9	309.8	14.0	8.8	472.8
24.6	26.4	352.5	14.0	9.6	472.8
20.7	25.1	211.5	14.0	8.4	472.8
6.1	25.4	392.2	14.0	9.7	472.8
8.6	26.6	556.1	14.0	10.3	472.8
29.3	26.3	325.7	14.0	8.3	472.8
9.5	25.3	268.8	14.0	8.4	472.8
21.8	25.8	404.7	14.0	8.1	472.8
8.5	25.4	432.1	13.9	8.7	472.8
1.7	22.8	69.9	13.9	6.0	472.8
1.0	21.1	174.4	13.9	7.2	472.8
3.1	21.9	278.0	13.9	7.9	472.8
3.6	22.0	48.1	13.9	4.4	472.8
1.4	22.9	114.4	13.9	5.7	472.8
0.9	23.0	114.2	13.9	5.6	472.8
0.9	26.1	543.0	13.8	9.9	472.8
12.4	26.4	409.3	13.8	9.5	472.8
21.2	26.5	450.0	13.8	8.8	472.8
10.1	26.9	523.2	13.8	9.0	472.8
17.1	26.5	382.9	13.8	8.2	472.8
10.4	27.3	575.2	13.7	9.9	472.8
20.0	27.1	558.8	13.7	10.4	472.8
13.4	26.8	577.5	13.7	10.9	472.8
0.4	27.6	580.7	13.7	10.5	472.8
0.4	27.1	566.3	13.7	9.7	472.8
18.7	26.1	546.9	13.6	10.0	472.8
19.7	25.9	489.5	13.6	8.8	472.8
9.9	26.4	422.0	13.6	9.3	472.8
12.2	26.5	405.8	13.6	9.4	471.0
15.7	26.5	411.0	13.6	9.2	471.0
10.1	26.8	328.3	13.5	9.3	471.0
13.3	27.1	480.2	13.5	10.0	471.0
0.1	27.8	600.9	13.5	11.2	471.0
0.0	28.1	623.7	13.5	10.9	471.0
0.0	28.5	622.9	13.4	10.3	471.0
0.0	29.0	594.4	13.4	10.4	471.0
0.5	29.3	599.1	13.4	11.2	471.0
0.0	30.0	597.5	13.4	11.5	471.0
0.0	30.6	600.0	13.3	11.8	471.0
0.0	29.3	621.7	13.3	12.2	471.0
0.0	27.9	626.1	13.3	11.8	471.0
0.5	28.2	574.2	13.3	9.8	471.0
0.8	27.0	106.0	13.2	5.7	471.0
9.5	27.1	382.0	13.2	10.3	471.0
6.8	26.9	516.7	13.2	9.6	471.0
12.8	27.3	471.4	13.2	9.1	471.0
10.7	27.3	488.9	13.1	9.1	471.0
15.6	26.8	425.7	13.1	8.6	471.0
24.9	26.5	433.9	13.1	8.3	471.0
31.2	25.8	330.3	13.1	8.1	471.0
1.6	23.5	356.1	13.0	7.5	471.0
0.1	22.3	416.9	13.0	8.5	471.0
0.1	22.4	417.8	13.0	8.3	471.0
0.0	23.3	539.6	12.9	7.8	471.0
0.2	24.3	478.5	12.9	8.2	471.0
0.1	24.5	559.7	12.9	9.5	471.0
0.0	24.7	589.2	12.9	10.0	471.0
0.0	24.7	566.6	12.8	10.4	471.0
0.0	25.7	570.9	12.8	10.1	471.0
0.1	27.3	539.8	12.8	10.5	470.0
0.0	28.4	566.8	12.7	10.2	470.0
0.1	29.1	539.9	12.7	10.6	470.0
3.7	28.7	526.3	12.7	10.7	470.0
1.8	24.5	133.3	12.7	7.0	470.0
0.0	22.8	505.7	12.6	9.0	470.0
0.0	23.0	568.1	12.6	9.2	470.0
0.0	23.4	560.7	12.6	9.7	470.0
0.3	25.4	531.2	12.5	9.1	470.0
0.6	23.9	171.3	12.5	7.0	470.0
0.3	23.5	390.6	12.5	8.1	470.0
0.1	22.8	264.4	12.4	7.9	470.0
0.3	22.1	361.5	12.4	8.6	470.0
0.0	21.8	481.2	12.4	9.5	470.0
0.0	21.7	558.2	12.4	8.4	470.0
0.0	21.0	547.5	12.3	9.5	470.0
0.0	21.4	545.0	12.3	9.9	470.0
0.0	22.3	539.2	12.3	10.5	470.0
0.0	21.8	541.6	12.2	10.0	470.0
0.0	23.2	529.5	12.2	9.3	470.0
0.1	25.5	482.9	12.2	9.6	470.0
0.0	27.1	491.1	12.1	9.5	470.0
0.0	28.0	491.3	12.1	9.7	470.0
0.0	28.6	484.8	12.1	9.4	470.0
8.9	27.0	448.4	12.1	10.2	470.0
2.2	23.2	90.1	12.0	3.8	470.0
0.8	21.0	80.6	12.0	6.1	470.0
0.0	21.1	412.1	12.0	7.1	470.0
0.0	20.9	416.5	11.9	6.9	470.0
0.0	19.2	394.3	11.9	7.5	470.0
0.0	17.2	403.3	11.9	6.7	470.0
0.0	17.4	440.0	11.8	7.7	470.0
0.0	17.9	503.1	11.8	8.2	470.0
0.0	19.2	492.7	11.8	8.9	470.0
0.0	19.3	495.9	11.8	8.0	470.0
0.0	19.4	466.5	11.7	8.5	470.0
0.0	21.5	476.0	11.7	8.5	470.0
0.0	23.5	451.2	11.7	8.0	470.0
0.0	24.5	445.9	11.6	7.9	470.0
0.1	23.9	301.4	11.6	7.7	470.0
0.0	22.3	450.1	11.6	8.4	470.0
0.0	21.9	450.8	11.5	8.2	470.0
0.0	20.5	451.1	11.5	8.2	470.0
0.0	21.2	435.8	11.5	7.3	470.0
0.0	23.2	435.8	11.5	7.8	470.0
0.8	24.0	416.8	11.4	8.1	470.0
0.0	17.2	115.8	11.4	4.3	470.0
0.0	16.4	394.1	11.4	4.9	470.0
0.0	13.4	255.3	11.3	5.7	470.0
0.0	13.7	450.1	11.3	6.3	470.0
0.0	15.7	423.4	11.3	6.5	470.0
0.0	18.2	266.1	11.3	6.2	470.0
0.0	18.3	415.3	11.2	7.0	470.0
0.0	17.7	362.1	11.2	5.9	470.0
0.0	13.5	436.4	11.2	5.3	470.0
0.0	10.8	426.4	11.1	5.2	470.0
0.0	12.9	287.0	11.1	5.0	470.0
0.0	10.8	429.2	11.1	5.2	470.0
0.0	11.7	422.6	11.1	5.7	470.0
0.0	14.0	412.6	11.0	6.8	470.0
0.0	16.1	406.6	11.0	7.3	470.0
0.0	16.4	406.0	11.0	6.7	471.4
0.0	16.9	392.6	11.0	6.3	471.4
0.0	9.0	387.6	10.9	5.3	471.4
0.0	7.6	403.2	10.9	4.2	471.4
0.0	7.9	400.7	10.9	4.8	471.4
0.0	9.4	399.1	10.8	5.5	471.4
0.0	11.1	390.8	10.8	5.9	471.4
0.0	12.5	383.0	10.8	5.7	471.4
0.0	12.4	357.2	10.8	5.3	471.4
0.0	13.1	358.3	10.7	5.6	471.4
0.0	13.6	362.8	10.7	5.8	471.4
0.0	13.8	326.3	10.7	5.7	471.4
0.0	14.3	345.9	10.7	5.7	471.4
0.0	15.7	349.4	10.7	5.6	471.4
0.0	14.6	345.9	10.6	5.9	471.4
0.0	12.0	359.6	10.6	5.1	471.4
0.0	11.6	359.8	10.6	5.2	471.4
0.0	10.1	354.4	10.6	4.9	471.4
0.0	9.5	362.1	10.5	4.6	471.4
0.0	10.6	358.6	10.5	5.3	471.4
0.0	10.5	235.0	10.5	5.2	471.4
0.0	11.8	355.0	10.5	5.6	471.4
0.0	13.9	340.4	10.5	6.0	471.4
0.0	12.0	328.5	10.5	4.7	471.4
0.0	13.2	328.0	10.4	4.5	471.4
0.7	17.4	239.1	10.4	4.9	471.4
0.2	16.4	283.4	10.4	5.6	471.4
2.7	11.2	164.5	10.4	2.9	471.4
0.6	14.8	292.3	10.4	5.0	471.4
2.9	15.2	74.4	10.4	3.4	471.4
7.0	12.5	38.0	10.3	2.6	473.2
2.8	12.0	32.1	10.3	1.8	473.2
6.0	11.4	20.8	10.3	1.9	473.2
10.5	5.1	10.4	10.3	3.2	473.2
2.4	0.7	33.2	10.3	1.4	473.2
0.1	0.0	205.2	10.3	1.9	473.2
4.3	3.6	253.0	10.3	2.4	473.2
3.8	2.2	23.4	10.3	1.6	473.2
0.3	3.2	242.7	10.2	2.2	473.2
1.2	6.0	257.2	10.2	2.7	473.2
8.2	6.0	32.2	10.2	1.4	473.2
3.2	7.0	55.1	10.2	1.7	473.2
3.5	8.2	116.8	10.2	2.3	473.2
4.8	8.3	38.2	10.2	1.7	473.2
8.7	9.1	37.6	10.2	1.1	473.2
0.4	12.0	82.5	10.2	2.7	473.2
0.5	11.1	72.0	10.2	2.6	473.2
1.6	9.5	82.8	10.2	3.4	473.2
0.3	4.7	109.6	10.2	2.2	473.2
0.3	6.1	275.3	10.2	3.4	473.2
0.4	8.4	235.5	10.2	4.2	473.2
0.8	12.0	207.8	10.2	4.0	473.2
1.0	12.6	101.4	10.2	2.7	473.2
0.8	11.2	49.7	10.2	1.6	473.2
1.4	14.2	108.1	10.2	3.2	473.2
2.1	14.0	26.1	10.2	1.6	473.2
11.0	12.4	70.4	10.2	4.6	473.2
1.1	1.5	88.8	10.2	1.0	473.2
24.5	0.3	32.5	10.2	1.5	473.2
7.5	-5.5	37.2	10.2	1.5	473.2
5.8	-5.7	193.5	10.2	1.0	473.2
0.5	-3.9	89.5	10.2	1.4	475.3
0.1	-1.6	310.7	10.2	2.1	475.3
2.8	2.6	42.0	10.2	2.1	475.3
4.3	1.6	30.3	10.2	1.6	475.3
9.6	0.9	50.9	10.3	1.1	475.3
16.9	-0.6	31.8	10.3	1.1	475.3
0.0	-1.5	110.9	10.3	1.6	475.3
0.1	-0.8	317.2	10.3	2.3	475.3
30.1	5.5	173.5	10.3	3.1	475.3
1.4	1.1	85.6	10.3	1.4	475.3
1.0	0.5	109.3	10.3	1.7	475.3
0.1	1.6	81.9	10.3	1.8	475.3
31.3	6.0	65.9	10.4	2.1	475.3
7.4	4.5	26.7	10.4	2.3	475.3
1.0	1.0	113.9	10.4	1.8	475.3
1.4	-1.5	160.0	10.4	1.7	475.3
0.0	-1.4	345.2	10.4	2.3	475.3
0.2	3.2	342.7	10.4	3.8	475.3
0.2	5.0	301.3	10.5	4.2	475.3
3.6	9.0	290.5	10.5	4.8	475.3
17.3	1.8	19.9	10.5	2.9	475.3
1.1	-7.5	77.5	10.5	1.4	475.3
0.0	-7.5	359.4	10.5	1.5	475.3
0.0	-4.6	318.5	10.6	1.9	475.3
0.4	-1.9	349.6	10.6	2.5	475.3
0.0	-4.8	368.6	10.6	2.0	475.3
0.0	-2.0	298.0	10.6	2.4	475.3
0.0	-0.0	264.7	10.7	2.3	475.3
0.0	0.3	244.9	10.7	3.0	475.3
0.0	2.4	360.8	10.7	3.4	475.3
0.1	1.7	356.7	10.7	3.4	475.3
0.0	4.1	326.2	10.7	3.6	476.3
0.5	3.9	102.6	10.8	2.5	476.3
2.9	5.5	328.2	10.8	3.2	476.3
0.7	4.9	54.5	10.8	1.8	476.3
0.0	4.0	386.8	10.8	3.4	476.3
0.0	5.0	400.3	10.9	4.1	476.3
0.0	7.9	401.3	10.9	5.0	476.3
0.0	7.5	403.4	10.9	5.1	476.3
11.7	11.5	376.6	11.0	5.7	476.3
2.1	8.4	53.1	11.0	3.1	476.3
0.1	8.5	246.1	11.0	4.3	476.3
0.0	8.0	332.4	11.0	5.1	476.3
0.0	8.0	417.3	11.1	4.7	476.3
0.0	6.1	424.1	11.1	4.8	476.3
0.0	6.1	434.8	11.1	4.8	476.3
0.0	11.7	434.3	11.1	6.8	476.3
0.0	14.8	433.2	11.2	7.3	476.3
0.0	16.5	437.7	11.2	7.7	476.3
0.0	17.5	433.4	11.2	8.1	476.3
0.0	19.0	396.6	11.3	8.7	476.3
9.7	11.2	295.3	11.3	7.9	476.3
10.8	-0.4	36.4	11.3	2.3	476.3
5.6	1.4	245.5	11.3	3.0	476.3
4.7	3.2	144.0	11.4	2.6	476.3
7.9	4.0	29.2	11.4	2.2	476.3
16.7	6.3	59.3	11.4	2.0	476.3
14.6	7.0	117.6	11.5	2.3	476.3
24.4	1.8	22.6	11.5	4.1	476.3
0.5	-3.7	207.6	11.5	1.9	476.7
0.1	-0.2	451.8	11.6	2.9	476.7
0.0	1.3	459.9	11.6	3.2	476.7
15.4	1.9	88.5	11.6	2.5	476.7
22.6	5.6	42.2	11.6	2.2	476.7
35.9	6.7	34.1	11.7	1.9	476.7
17.5	8.8	37.8	11.7	2.9	476.7
0.8	10.3	125.2	11.7	4.1	476.7
4.3	13.2	194.8	11.8	5.4	476.7
26.6	15.1	63.0	11.8	6.8	476.7
0.4	8.5	248.9	11.8	4.0	476.7
3.7	10.2	382.0	11.9	5.7	476.7
34.2	8.2	43.5	11.9	5.2	476.7
13.8	-0.6	66.5	11.9	2.4	476.7
0.1	-0.0	474.4	12.0	2.9	476.7
0.6	4.2	445.2	12.0	4.3	476.7
15.0	6.7	77.6	12.0	4.3	476.7
14.3	15.2	136.6	12.0	6.7	476.7
9.3	5.7	55.5	12.1	4.6	476.7
0.0	6.0	276.4	12.1	3.7	476.7
4.1	6.5	209.3	12.1	3.5	476.7
15.6	7.7	194.5	12.2	3.9	476.7
4.4	8.7	84.1	12.2	3.3	476.7
2.9	10.0	105.5	12.2	5.3	476.7
0.1	5.0	233.2	12.3	3.1	476.7
3.5	3.8	169.0	12.3	3.6	476.7
6.1	6.1	353.3	12.3	4.3	476.7
25.6	6.4	67.8	12.4	2.2	476.7
11.1	7.8	68.8	12.4	3.1	476.7
22.4	10.3	71.1	12.4	3.3	476.7
0.7	10.9	272.1	12.4	4.8	476.7
13.8	10.2	99.6	12.5	4.9	477.0
24.0	10.0	50.1	12.5	3.3	477.0
25.8	10.2	79.0	12.5	5.2	477.0
5.5	5.5	65.8	12.6	2.2	477.0
6.1	4.5	104.3	12.6	2.0	477.0
0.1	8.9	493.3	12.6	6.3	477.0
0.2	5.7	607.3	12.7	5.2	477.0
0.0	8.3	601.3	12.7	6.7	477.0
0.0	13.6	575.5	12.7	8.7	477.0
0.2	16.3	214.4	12.7	7.2	477.0
53.6	17.6	394.7	12.8	8.5	477.0
0.9	13.9	186.6	12.8	5.7	477.0
0.3	15.1	397.0	12.8	9.7	477.0
0.0	9.1	605.4	12.9	6.3	477.0
0.0	12.4	628.0	12.9	8.2	477.0
36.8	14.8	371.7	12.9	7.1	477.0
39.6	15.8	75.8	12.9	10.4	477.0
1.4	8.1	71.0	13.0	3.2	477.0
0.0	11.0	562.0	13.0	6.7	477.0
0.0	13.9	627.2	13.0	8.4	477.0
4.9	13.8	229.6	13.1	5.6	477.0
0.9	17.8	478.5	13.1	8.2	477.0
0.0	18.7	540.1	13.1	8.3	477.0
5.6	16.5	105.8	13.1	4.5	477.0
6.5	17.3	160.0	13.2	7.8	477.0
5.7	17.1	106.3	13.2	5.7	477.0
18.5	17.8	72.2	13.2	5.5	477.0
1.2	15.9	159.9	13.2	6.6	477.0
0.1	15.8	525.3	13.3	9.0	477.0
10.7	16.2	234.8	13.3	7.0	477.0
1.1	10.2	146.6	13.3	5.7	477.3
0.1	13.4	542.6	13.4	7.4	477.3
0.1	16.2	303.6	13.4	7.5	477.3
0.3	19.9	576.5	13.4	9.9	477.3
13.9	17.0	129.7	13.4	9.6	477.3
30.7	9.6	38.4	13.5	4.5	477.3
1.2	12.4	403.4	13.5	7.6	477.3
0.0	17.0	585.0	13.5	9.7	477.3
1.5	23.3	620.0	13.5	9.8	477.3
0.1	25.6	620.9	13.5	10.4	477.3
34.1	23.8	382.4	13.6	11.5	477.3
0.8	18.4	189.4	13.6	6.3	477.3
0.2	23.5	525.2	13.6	12.0	477.3
3.3	25.3	573.5	13.6	10.9	477.3
0.8	27.3	507.7	13.7	8.8	477.3
2.2	24.6	161.8	13.7	8.5	477.3
2.0	19.7	53.1	13.7	6.8	477.3
16.5	19.8	122.4	13.7	6.1	477.3
2.1	18.8	348.1	13.7	8.3	477.3
0.0	18.6	547.3	13.8	9.6	477.3
0.0	18.6	628.3	13.8	8.3	477.3
1.9	20.4	176.9	13.8	7.8	477.3
9.3	23.2	293.4	13.8	9.8	477.3
1.7	22.7	149.8	13.8	6.6	477.3
3.8	22.9	342.2	13.8	8.1	477.3
0.7	22.5	501.8	13.9	10.0	477.3
0.0	25.0	602.5	13.9	10.7	477.3
30.4	23.9	341.1	13.9	8.1	477.3
0.8	25.1	495.0	13.9	10.2	477.3
8.3	24.2	517.6	13.9	10.3	477.3
0.1	20.4	602.6	13.9	10.1	477.3
0.1	23.0	656.2	13.9	10.6	475.6
0.0	24.8	575.8	14.0	10.9	475.6
0.1	22.4	491.0	14.0	10.9	475.6
0.0	22.9	672.2	14.0	10.9	475.6
0.0	25.3	669.5	14.0	12.1	475.6
0.0	26.4	651.3	14.0	10.8	475.6
6.1	25.8	224.9	14.0	8.1	475.6
1.6	22.4	177.0	14.0	9.0	475.6
0.0	22.5	436.9	14.0	8.7	475.6
0.0	23.3	529.2	14.0	10.5	475.6
0.0	24.2	673.8	14.0	11.4	475.6
0.0	24.8	651.1	14.1	12.4	475.6
0.0	25.9	587.6	14.1	10.6	475.6
0.0	25.6	592.2	14.1	11.8	475.6
0.0	26.9	633.9	14.1	11.1	475.6
0.4	24.7	219.6	14.1	9.5	475.6
0.2	27.0	666.6	14.1	12.1	475.6
0.0	27.7	487.8	14.1	11.1	475.6
2.8	26.7	551.0	14.1	12.6	475.6
0.0	28.2	638.6	14.1	11.6	475.6
0.8	27.5	637.5	14.1	13.5	475.6
0.5	27.9	679.0	14.1	13.3	475.6
0.0	29.5	662.7	14.1	12.5	475.6
0.0	29.5	532.9	14.1	11.2	475.6
0.6	28.9	432.4	14.1	10.5	475.6
0.1	29.8	639.4	14.1	12.1	475.6
0.0	29.2	617.7	14.1	11.9	475.6
0.1	28.6	396.7	14.1	10.1	475.6
17.6	27.3	320.3	14.1	9.4	475.6
0.1	25.7	584.6	14.1	10.7	475.6
0.0	25.5	677.9	14.1	12.1	472.5
0.0	25.0	686.4	14.0	10.9	472.5
0.0	25.6	684.7	14.0	11.5	472.5
0.0	26.8	674.5	14.0	11.9	472.5
1.1	28.3	575.5	14.0	11.5	472.5
4.9	26.9	557.4	14.0	10.3	472.5
2.0	27.8	646.0	14.0	11.7	472.5
0.2	28.8	658.5	14.0	11.3	472.5
2.6	28.8	653.0	14.0	12.4	472.5
7.2	28.7	593.3	14.0	11.8	472.5
12.5	28.4	600.0	14.0	11.0	472.5
13.3	28.0	404.3	13.9	9.3	472.5
20.0	27.7	343.4	13.9	9.0	472.5
16.1	28.0	532.2	13.9	10.2	472.5
1.5	28.2	574.6	13.9	10.9	472.5
0.0	28.6	641.6	13.9	10.6	472.5
4.6	28.5	591.0	13.9	11.8	472.5
8.4	28.2	529.5	13.9	9.9	472.5
0.1	27.6	424.4	13.8	10.2	472.5
0.6	28.1	602.7	13.8	9.7	472.5
23.2	26.3	374.4	13.8	7.2	472.5
20.0	26.7	570.7	13.8	8.5	472.5
6.4	27.4	581.6	13.8	10.3	472.5
2.6	28.3	618.3	13.8	10.6	472.5
1.6	28.6	489.1	13.7	10.4	472.5
5.0	29.1	517.3	13.7	10.2	472.5
13.4	28.3	430.0	13.7	9.8	472.5
15.4	28.0	536.7	13.7	10.3	472.5
6.6	28.6	606.7	13.7	10.8	472.5
4.6	28.7	616.2	13.6	10.6	472.5
9.2	28.7	497.9	13.6	9.9	472.5
27.3	27.2	322.6	13.6	8.7	470.7
11.1	26.1	328.5	13.6	8.4	470.7
8.5	24.9	282.4	13.5	8.0	470.7
1.2	25.4	297.8	13.5	7.9	470.7
0.9	26.2	409.3	13.5	9.1	470.7
16.3	26.2	458.8	13.5	9.0	470.7
17.1	27.2	432.9	13.4	8.9	470.7
12.7	27.2	396.7	13.4	9.2	470.7
11.8	27.1	370.4	13.4	8.9	470.7
20.3	26.9	375.3	13.4	8.1	470.7
9.7	26.8	180.9	13.4	8.1	470.7
19.2	26.5	442.2	13.3	8.8	470.7
12.4	26.4	304.9	13.3	8.7	470.7
6.8	25.4	172.3	13.3	8.1	470.7
12.4	25.8	536.6	13.2	9.3	470.7
2.1	26.2	573.4	13.2	9.3	470.7
3.4	26.9	536.7	13.2	10.0	470.7
10.9	26.6	576.9	13.2	9.5	470.7
11.8	26.0	558.1	13.1	9.1	470.7
7.2	25.8	541.5	13.1	9.4	470.7
0.1	25.8	525.8	13.1	10.1	470.7
0.0	25.8	601.4	13.1	10.1	470.7
0.2	27.7	535.5	13.0	8.3	470.7
0.5	26.5	124.0	13.0	6.1	470.7
1.4	26.7	196.9	13.0	7.0	470.7
18.9	26.8	496.2	12.9	8.9	470.7
10.6	26.9	523.9	12.9	9.2	470.7
2.9	27.4	499.2	12.9	9.5	470.7
0.5	27.3	509.5	12.9	8.7	470.7
0.1	28.0	518.1	12.8	9.3	470.7
6.6	27.8	505.7	12.8	10.2	470.7
22.5	24.9	360.5	12.8	9.0	469.6
0.2	21.5	320.6	12.7	7.0	469.6
0.5	22.0	238.8	12.7	7.7	469.6
0.0	22.1	470.1	12.7	7.6	469.6
0.0	23.2	532.7	12.7	9.0	469.6
0.1	23.0	362.9	12.6	7.7	469.6
0.7	24.4	372.8	12.6	7.8	469.6
0.2	22.6	126.3	12.6	4.9	469.6
0.2	23.4	124.2	12.5	5.5	469.6
0.6	25.6	377.5	12.5	6.9	469.6
0.4	25.3	61.9	12.5	4.4	469.6
0.5	25.6	94.7	12.5	5.4	469.6
1.0	25.8	251.4	12.4	8.0	469.6
21.0	25.6	468.7	12.4	8.5	469.6
11.8	24.5	291.7	12.4	6.3	469.6
9.1	25.0	354.1	12.3	7.3	469.6
4.9	26.4	450.0	12.3	8.6	469.6
7.5	26.8	462.3	12.3	8.9	469.6
8.6	25.3	334.7	12.2	8.3	469.6
0.0	26.2	442.1	12.2	8.6	469.6
0.3	27.0	497.2	12.2	8.7	469.6
17.9	25.0	434.1	12.2	8.8	469.6
1.7	19.7	52.7	12.1	4.9	469.6
5.4	15.5	54.7	12.1	4.7	469.6
0.0	16.5	414.1	12.1	6.8	469.6
0.0	17.1	508.9	12.0	6.9	469.6
0.2	17.6	455.3	12.0	5.9	469.6
0.0	17.4	247.3	12.0	4.9	469.6
0.0	17.1	274.0	11.9	6.4	469.6
0.0	18.1	498.1	11.9	7.5	469.6
0.0	19.3	496.1	11.9	8.3	469.7
0.0	20.6	490.9	11.9	8.2	469.7
0.0	21.6	485.5	11.8	8.4	469.7
0.0	22.9	479.3	11.8	8.8	469.7
0.0	24.3	467.7	11.8	8.8	469.7
0.5	24.5	447.8	11.7	9.5	469.7
0.0	17.4	446.4	11.7	7.0	469.7
0.0	15.3	488.3	11.7	7.0	469.7
0.0	17.4	477.5	11.6	7.4	469.7
0.0	18.4	471.7	11.6	7.5	469.7
0.0	18.6	466.5	11.6	7.6	469.7
0.0	18.5	462.5	11.6	7.7	469.7
0.0	18.9	450.2	11.5	8.0	469.7
0.0	19.3	455.8	11.5	8.2	469.7
0.0	19.9	450.2	11.5	7.6	469.7
0.0	19.9	294.9	11.4	7.0	469.7
0.0	20.0	438.9	11.4	8.5	469.7
0.0	19.8	442.9	11.4	8.4	469.7
0.0	19.0	446.7	11.3	7.9	469.7
0.0	19.4	425.6	11.3	6.8	469.7
0.0	19.0	191.5	11.3	5.6	469.7
0.0	20.7	323.6	11.3	6.2	469.7
2.0	19.0	175.5	11.2	5.2	469.7
0.0	15.3	255.5	11.2	5.8	469.7
0.0	9.8	423.6	11.2	4.8	469.7
0.0	9.5	435.4	11.1	5.4	469.7
0.0	11.3	430.2	11.1	6.1	469.7
0.0	13.2	424.0	11.1	6.3	469.7
0.0	14.9	405.1	11.1	6.4	469.7
0.0	13.5	400.3	11.0	6.0	469.7
0.0	14.1	394.4	11.0	5.5	469.7
0.0	9.3	397.9	11.0	5.0	471.1
0.0	6.8	416.7	11.0	4.6	471.1
0.0	10.1	402.6	10.9	5.4	471.1
0.0	13.2	287.3	10.9	5.7	471.1
0.0	14.7	366.2	10.9	6.2	471.1
0.0	14.7	387.7	10.9	6.0	471.1
0.0	10.9	386.9	10.8	4.7	471.1
0.0	10.5	284.4	10.8	4.9	471.1
0.0	10.9	382.3	10.8	5.5	471.1
0.0	11.9	380.2	10.8	5.5	471.1
0.0	12.2	300.3	10.7	5.2	471.1
0.0	12.0	370.4	10.7	4.9	471.1
0.1	14.5	352.1	10.7	5.7	471.1
0.0	16.2	322.9	10.7	6.0	471.1
0.0	18.1	325.3	10.6	5.9	471.1
0.1	17.8	213.7	10.6	5.4	471.1
0.0	18.4	336.8	10.6	5.5	471.1
3.3	17.5	213.2	10.6	5.2	471.1
0.2	13.1	94.8	10.6	3.5	471.1
0.0	15.1	346.7	10.5	4.6	471.1
0.0	14.2	348.2	10.5	4.8	471.1
0.0	15.1	346.2	10.5	5.6	471.1
2.0	16.6	187.5	10.5	5.3	471.1
1.5	14.1	51.9	10.5	2.6	471.1
0.0	12.8	215.9	10.4	4.9	471.1
0.0	9.5	339.4	10.4	3.5	471.1
6.0	12.9	199.3	10.4	4.3	471.1
1.3	5.6	21.5	10.4	2.8	471.1
0.0	2.6	328.2	10.4	2.6	471.1
0.0	4.7	332.8	10.4	2.9	471.1
0.0	6.7	157.0	10.3	2.6	472.9
0.3	10.6	238.8	10.3	3.8	472.9
3.1	10.4	71.3	10.3	3.3	472.9
1.4	9.4	294.8	10.3	3.2	472.9
5.0	9.4	28.6	10.3	1.6	472.9
12.0	11.4	112.3	10.3	2.8	472.9
2.5	8.8	62.9	10.3	2.4	472.9
0.0	6.7	305.4	10.3	3.4	472.9
0.0	7.3	298.3	10.2	3.4	472.9
8.4	11.4	241.3	10.2	3.6	472.9
3.9	9.0	51.6	10.2	3.2	472.9
0.0	6.2	314.9	10.2	3.1	472.9
0.0	2.9	318.8	10.2	2.8	472.9
0.0	0.6	311.7	10.2	2.5	472.9
0.0	2.4	306.9	10.2	2.9	472.9
0.0	5.9	286.4	10.2	3.7	472.9
0.0	5.8	308.5	10.2	3.7	472.9
0.0	6.9	308.9	10.2	3.9	472.9
0.0	8.9	306.4	10.2	4.5	472.9
0.0	4.3	310.3	10.2	3.1	472.9
0.0	4.8	308.6	10.2	3.4	472.9
0.0	5.0	303.6	10.2	3.7	472.9
0.0	5.0	313.1	10.2	3.3	472.9
0.0	6.9	304.2	10.2	3.9	472.9
0.0	5.1	299.2	10.2	3.4	472.9
0.0	3.1	313.5	10.2	2.7	472.9
0.0	4.9	167.8	10.2	2.8	472.9
0.0	5.4	149.6	10.2	3.3	472.9
0.0	3.5	304.8	10.2	3.1	472.9
0.0	-0.1	330.2	10.2	2.7	472.9
0.0	3.4	322.7	10.2	3.6	472.9
0.0	6.6	314.9	10.2	4.4	474.9
0.0	9.6	309.7	10.2	4.8	474.9
0.0	14.0	285.2	10.2	5.6	474.9
0.0	15.8	157.9	10.2	4.7	474.9
2.4	16.3	149.2	10.3	5.5	474.9
0.1	5.1	253.5	10.3	3.0	474.9
0.0	3.9	321.8	10.3	2.9	474.9
4.3	2.9	178.7	10.3	2.5	474.9
9.9	2.1	63.5	10.3	1.5	474.9
11.4	5.0	16.7	10.3	2.0	474.9
6.5	1.8	39.4	10.3	2.4	474.9
0.0	0.2	328.0	10.3	2.1	474.9
0.0	0.3	334.5	10.4	2.5	474.9
0.0	3.8	331.8	10.4	3.6	474.9
0.1	4.0	256.6	10.4	3.3	474.9
0.0	7.1	318.3	10.4	4.1	474.9
0.0	7.2	323.7	10.4	3.5	474.9
0.0	6.5	84.0	10.4	3.0	474.9
0.1	8.9	328.4	10.5	3.9	474.9
3.4	9.0	126.2	10.5	3.0	474.9
20.0	8.3	29.2	10.5	2.5	474.9
13.4	5.5	87.7	10.5	1.6	474.9
8.9	5.6	42.7	10.5	1.4	474.9
18.1	5.6	64.3	10.6	1.5	474.9
8.1	3.7	54.1	10.6	1.9	474.9
0.1	2.3	308.4	10.6	3.1	474.9
0.4	4.6	340.6	10.6	3.5	474.9
0.5	5.1	228.2	10.6	3.3	474.9
0.7	4.4	158.7	10.7	2.4	474.9
2.2	7.0	236.9	10.7	3.5	474.9
26.9	9.8	52.9	10.7	2.8	474.9
43.6	6.3	53.3	10.7	2.8	475.9
19.9	4.8	14.7	10.8	1.4	475.9
9.5	2.7	28.9	10.8	2.1	475.9
2.0	1.7	78.4	10.8	1.5	475.9
0.0	-0.2	194.4	10.8	2.3	475.9
0.0	0.3	381.6	10.9	2.5	475.9
0.0	0.9	407.8	10.9	2.9	475.9
2.4	5.0	105.5	10.9	3.0	475.9
8.5	7.4	29.3	10.9	2.9	475.9
11.3	4.2	39.4	11.0	1.9	475.9
2.8	0.4	122.9	11.0	2.7	475.9
0.0	-2.2	156.2	11.0	1.8	475.9
0.0	0.3	423.6	11.1	3.3	475.9
0.0	2.7	402.9	11.1	4.1	475.9
0.2	1.0	97.9	11.1	2.1	475.9
0.0	-3.9	196.6	11.1	2.3	475.9
0.0	-4.1	441.9	11.2	2.2	475.9
0.0	-0.9	455.7	11.2	3.4	475.9
0.0	4.6	400.8	11.2	4.6	475.9
3.0	12.3	263.0	11.3	5.8	475.9
3.4	11.3	55.4	11.3	4.7	475.9
0.1	14.1	385.3	11.3	6.4	475.9
12.5	18.6	400.8	11.3	7.1	475.9
5.8	7.5	35.4	11.4	4.3	475.9
6.8	7.2	39.9	11.4	2.3	475.9
5.7	10.1	63.8	11.4	3.4	475.9
14.8	7.0	53.9	11.5	2.5	475.9
3.0	10.7	158.8	11.5	4.1	475.9
9.4	7.8	47.1	11.5	5.1	476.3
0.8	-2.3	276.5	11.5	3.2	476.3
0.1	-2.2	450.0	11.6	2.6	476.3
0.0	-3.5	90.6	11.6	1.7	476.3
0.0	-0.6	341.2	11.6	3.4	476.3
0.0	3.9	477.6	11.7	4.4	476.3
0.0	6.1	271.6	11.7	4.5	476.3
0.0	6.1	491.5	11.7	6.0	476.3
0.0	5.5	501.6	11.8	4.9	476.3
12.6	6.6	103.0	11.8	3.4	476.3
16.8	7.2	23.4	11.8	2.7	476.3
8.7	6.4	66.0	11.9	3.3	476.3
0.0	1.9	436.6	11.9	3.7	476.3
0.0	6.2	499.6	11.9	5.3	476.3
0.0	11.1	518.9	11.9	6.5	476.3
21.1	11.9	325.0	12.0	4.8	476.3
42.2	12.9	47.3	12.0	3.8	476.3
3.2	10.2	37.3	12.0	4.7	476.3
22.3	10.6	57.2	12.1	5.1	476.3
8.3	13.0	67.6	12.1	6.3	476.3
3.7	9.9	147.7	12.1	3.0	476.3
1.0	8.9	87.9	12.2	3.4	476.3
6.6	8.3	352.5	12.2	4.3	476.3
9.8	5.6	87.7	12.2	2.5	476.3
0.0	6.2	367.4	12.3	4.8	476.3
0.0	5.3	563.7	12.3	5.4	476.3
0.0	8.6	553.9	12.3	5.8	476.3
4.5	10.4	183.7	12.3	5.0	476.3
8.8	11.7	139.8	12.4	4.7	476.3
6.3	12.0	77.6	12.4	2.9	476.3
19.5	13.5	64.8	12.4	4.5	476.3
5.8	10.8	47.1	12.5	3.9	476.7
1.0	9.5	133.2	12.5	4.4	476.7
0.9	10.4	395.2	12.5	6.2	476.7
1.3	10.9	336.7	12.6	5.5	476.7
12.9	9.3	80.3	12.6	3.3	476.7
15.7	13.7	60.1	12.6	5.4	476.7
7.5	14.2	55.1	12.6	5.7	476.7
29.1	11.6	63.6	12.7	2.8	476.7
28.6	14.0	125.0	12.7	5.6	476.7
10.4	12.5	82.5	12.7	4.4	476.7
0.1	11.1	198.6	12.8	6.2	476.7
12.2	13.5	357.4	12.8	6.9	476.7
7.8	14.2	112.8	12.8	4.9	476.7
6.9	17.2	76.1	12.9	5.9	476.7
3.0	18.1	179.4	12.9	7.4	476.7
0.1	17.2	446.7	12.9	8.3	476.7
0.0	14.6	350.6	12.9	7.0	476.7
0.0	17.8	616.6	13.0	9.4	476.7
0.0	19.8	628.1	13.0	10.5	476.7
0.1	20.8	613.8	13.0	11.5	476.7
0.0	20.9	533.6	13.1	10.6	476.7
0.0	20.9	477.3	13.1	10.4	476.7
0.0	18.2	564.9	13.1	9.8	476.7
0.0	19.4	568.4	13.1	9.9	476.7
0.0	21.3	623.5	13.2	10.8	476.7
0.0	24.3	562.7	13.2	10.5	476.7
15.6	22.6	282.2	13.2	12.2	476.7
0.0	12.3	473.7	13.2	7.7	476.7
0.0	14.3	627.5	13.3	6.8	476.7
0.0	17.4	583.8	13.3	9.0	476.7
0.1	18.9	328.6	13.3	9.0	476.9
0.1	20.8	634.5	13.3	10.8	476.9
0.0	21.1	631.9	13.4	11.0	476.9
0.0	22.0	644.3	13.4	11.9	476.9
0.0	22.4	471.1	13.4	10.1	476.9
0.3	21.9	517.7	13.4	10.7	476.9
0.0	19.8	636.6	13.5	10.6	476.9
0.0	22.3	633.4	13.5	10.6	476.9
2.8	20.3	245.2	13.5	7.3	476.9
6.0	21.3	255.8	13.5	8.0	476.9
1.3	17.0	125.4	13.6	9.0	476.9
0.0	16.7	683.1	13.6	9.9	476.9
0.0	18.5	664.8	13.6	10.5	476.9
0.0	20.4	670.4	13.6	11.4	476.9
4.2	21.8	550.5	13.7	10.3	476.9
5.3	22.7	318.7	13.7	10.4	476.9
20.9	24.1	278.3	13.7	7.5	476.9
33.7	22.2	199.4	13.7	9.0	476.9
12.8	21.2	138.5	13.7	5.9	476.9
17.5	19.6	67.5	13.8	8.3	476.9
0.6	18.6	256.2	13.8	8.6	476.9
0.0	21.6	582.7	13.8	11.0	476.9
3.0	23.0	437.1	13.8	9.7	476.9
0.0	21.2	478.9	13.8	10.3	476.9
0.1	19.2	656.7	13.8	9.9	476.9
0.0	20.5	660.6	13.9	9.2	476.9
0.0	21.8	446.0	13.9	8.7	476.9
0.0	22.5	582.4	13.9	10.8	476.9
2.3	24.4	663.2	13.9	11.6	476.9
1.0	25.0	521.9	13.9	10.3	476.9
6.3	23.0	224.4	13.9	8.5	476.9
0.2	20.8	328.0	13.9	9.3	475.3
0.0	22.9	653.2	14.0	10.6	475.3
4.9	23.0	348.0	14.0	9.1	475.3
7.5	23.8	509.5	14.0	9.3	475.3
0.6	23.0	547.6	14.0	9.8	475.3
0.0	23.0	562.5	14.0	9.4	475.3
0.1	23.2	488.3	14.0	9.5	475.3
19.8	19.5	193.6	14.0	7.0	475.3
32.0	19.0	55.5	14.0	5.3	475.3
0.1	19.3	480.2	14.0	8.6	475.3
0.2	23.6	658.9	14.0	10.0	475.3
39.5	24.7	274.7	14.1	7.3	475.3
33.2	22.3	93.4	14.1	8.1	475.3
0.3	23.6	102.0	14.1	7.8	475.3
21.0	26.0	386.1	14.1	8.7	475.3
23.4	25.7	379.1	14.1	8.8	475.3
23.0	26.2	408.7	14.1	9.8	475.3
20.0	25.8	339.6	14.1	9.1	475.3
14.9	25.3	264.3	14.1	7.7	475.3
3.6	22.5	122.6	14.1	7.9	475.3
0.0	22.6	646.4	14.1	9.6	475.3
0.0	22.7	597.4	14.1	9.6	475.3
0.1	20.7	166.3	14.1	7.6	475.3
0.1	24.2	597.0	14.1	11.3	475.3
0.0	25.3	555.9	14.1	11.2	475.3
0.4	26.2	494.0	14.1	10.2	475.3
10.2	26.6	337.7	14.1	10.1	475.3
8.5	24.6	177.4	14.1	6.7	475.3
22.8	25.3	405.4	14.1	8.4	475.3
11.4	26.2	531.5	14.1	9.1	475.3
18.3	26.4	550.4	14.1	8.3	472.2
14.3	25.8	322.9	14.0	7.8	472.2
21.3	25.7	487.2	14.0	9.7	472.2
5.0	26.6	572.9	14.0	10.8	472.2
14.7	26.1	577.2	14.0	9.8	472.2
13.3	25.9	356.1	14.0	9.2	472.2
10.1	26.5	553.2	14.0	11.1	472.2
14.4	26.7	489.3	14.0	9.6	472.2
9.4	26.4	303.9	14.0	9.0	472.2
12.3	26.7	506.8	14.0	10.3	472.2
9.7	26.9	563.7	14.0	9.9	472.2
0.1	27.8	649.0	13.9	10.9	472.2
3.8	27.8	626.5	13.9	11.1	472.2
6.8	27.9	565.6	13.9	10.7	472.2
12.3	27.3	460.9	13.9	10.5	472.2
5.7	27.5	432.9	13.9	11.3	472.2
5.0	28.2	636.7	13.9	11.4	472.2
0.9	28.6	647.4	13.9	11.2	472.2
5.5	28.1	615.9	13.8	10.8	472.2
13.6	27.8	574.9	13.8	10.7	472.2
11.8	27.5	493.4	13.8	9.2	472.2
16.6	27.0	395.3	13.8	8.6	472.2
12.7	25.9	244.1	13.8	7.7	472.2
15.9	27.0	357.9	13.8	8.7	472.2
8.6	27.4	427.9	13.7	8.9	472.2
14.4	27.6	456.5	13.7	9.8	472.2
11.4	28.0	540.6	13.7	10.9	472.2
21.5	27.0	460.5	13.7	9.1	472.2
10.4	26.9	455.6	13.7	9.4	472.2
14.0	27.1	538.2	13.6	9.5	472.2
13.3	27.6	550.2	13.6	9.5	472.2
16.2	27.5	566.2	13.6	10.1	470.3
6.1	28.0	513.7	13.6	9.7	470.3
1.3	28.6	551.0	13.5	10.5	470.3
3.9	28.6	593.9	13.5	10.3	470.3
7.6	27.7	552.2	13.5	10.5	470.3
12.9	27.2	539.4	13.5	9.2	470.3
4.7	27.1	503.1	13.5	8.8	470.3
6.5	27.4	529.7	13.4	9.6	470.3
1.4	27.4	560.1	13.4	9.3	470.3
1.4	27.3	488.0	13.4	8.6	470.3
1.2	27.1	453.9	13.4	9.0	470.3
10.1	26.5	580.1	13.3	8.8	470.3
19.8	26.0	435.3	13.3	8.4	470.3
17.9	25.8	262.1	13.3	7.5	470.3
16.7	25.7	252.8	13.3	7.6	470.3
20.9	25.8	299.1	13.2	8.3	470.3
16.8	25.7	286.4	13.2	7.5	470.3
10.4	25.8	405.7	13.2	8.8	470.3
2.9	26.1	357.4	13.1	8.4	470.3
7.0	26.2	421.2	13.1	8.3	470.3
8.9	26.5	452.0	13.1	9.1	470.3
11.2	27.2	474.4	13.1	8.7	470.3
12.2	27.0	472.2	13.0	8.9	470.3
21.0	26.2	406.6	13.0	7.4	470.3
22.7	25.4	259.1	13.0	7.4	470.3
11.2	25.1	260.0	13.0	7.8	470.3
1.3	24.0	265.9	12.9	8.0	470.3
0.5	24.0	515.0	12.9	7.8	470.3
1.8	23.6	321.9	12.9	7.2	470.3
1.9	22.7	131.9	12.8	4.9	470.3
1.4	22.2	124.5	12.8	5.0	470.3
0.5	21.8	162.5	12.8	6.1	469.3
1.1	23.6	380.5	12.8	7.0	469.3
0.3	23.4	77.4	12.7	4.2	469.3
15.8	24.5	318.6	12.7	7.0	469.3
10.8	24.1	122.9	12.7	5.5	469.3
25.6	25.0	417.7	12.6	8.2	469.3
9.0	25.2	357.9	12.6	7.6	469.3
0.3	25.3	307.9	12.6	7.1	469.3
1.9	25.3	225.7	12.6	6.1	469.3
2.3	25.3	176.5	12.5	6.1	469.3
3.6	24.7	130.5	12.5	5.4	469.3
0.9	23.8	86.9	12.5	5.4	469.3
1.0	24.9	339.5	12.4	6.9	469.3
0.7	24.9	395.7	12.4	7.0	469.3
0.6	24.1	496.7	12.4	6.6	469.3
0.1	22.9	500.8	12.3	8.1	469.3
0.0	21.4	487.3	12.3	8.6	469.3
0.0	20.4	543.6	12.3	8.9	469.3
0.0	20.8	543.0	12.3	9.2	469.3
0.0	21.6	537.3	12.2	9.1	469.3
0.0	22.0	531.1	12.2	8.9	469.3
0.0	22.4	520.2	12.2	8.2	469.3
0.7	23.0	144.7	12.1	5.4	469.3
0.0	23.1	454.2	12.1	8.6	469.3
0.0	22.6	496.8	12.1	8.7	469.3
0.0	21.0	508.0	12.0	7.5	469.3
0.0	20.9	498.1	12.0	8.2	469.3
0.0	20.0	510.4	12.0	8.3	469.3
0.0	20.9	508.7	12.0	8.2	469.3
0.0	20.2	511.5	11.9	8.4	469.3
0.0	19.9	505.6	11.9	8.4	469.3
0.0	19.7	502.5	11.9	8.7	469.3
0.0	20.3	486.5	11.8	8.6	469.3
0.0	20.8	485.5	11.8	8.0	469.3
0.0	21.2	478.6	11.8	8.1	469.3
0.0	17.8	394.2	11.7	6.1	469.3
0.0	17.1	318.9	11.7	7.1	469.3
0.0	18.4	428.9	11.7	7.6	469.3
0.0	17.9	162.8	11.7	5.2	469.3
0.0	20.7	331.4	11.6	6.8	469.3
0.0	21.9	240.3	11.6	7.2	469.3
0.0	22.0	444.1	11.6	8.2	469.3
0.0	21.2	344.6	11.5	8.0	469.3
0.0	21.4	450.5	11.5	7.7	469.3
0.0	21.8	435.5	11.5	7.7	469.3
0.1	22.6	411.0	11.4	7.2	469.3
0.0	18.2	116.3	11.4	5.6	469.3
0.0	16.6	360.9	11.4	5.8	469.3
0.0	16.1	291.8	11.4	5.5	469.3
0.0	17.0	404.2	11.3	6.5	469.3
0.0	17.4	429.5	11.3	6.8	469.3
0.0	18.8	422.0	11.3	7.0	469.3
0.3	22.3	402.2	11.2	7.4	469.3
3.7	22.9	56.4	11.2	3.5	469.3
0.2	23.5	60.1	11.2	4.5	469.3
9.9	23.1	252.4	11.2	5.2	469.3
1.9	19.5	27.0	11.1	3.3	469.3
1.4	22.6	341.0	11.1	5.6	469.3
0.3	22.4	137.1	11.1	4.0	469.3
0.1	21.8	220.5	11.0	5.4	469.3
4.5	21.3	336.2	11.0	6.3	469.3
0.0	14.9	318.6	11.0	5.5	470.7
0.0	12.2	399.5	11.0	4.7	470.7
0.0	15.1	367.6	10.9	4.9	470.7
0.1	14.6	69.8	10.9	4.2	470.7
0.0	14.3	388.2	10.9	4.8	470.7
0.0	14.4	374.7	10.9	5.5	470.7
0.0	9.7	329.6	10.8	4.3	470.7
0.0	11.5	278.0	10.8	4.6	470.7
0.0	14.6	214.5	10.8	4.8	470.7
4.2	14.6	109.4	10.8	4.2	470.7
1.2	11.1	27.7	10.7	2.7	470.7
0.0	9.0	312.6	10.7	4.1	470.7
0.0	12.1	255.3	10.7	4.5	470.7
0.1	15.1	274.4	10.7	5.2	470.7
0.0	16.4	269.1	10.6	5.0	470.7
0.0	17.3	230.1	10.6	5.2	470.7
0.0	17.9	333.0	10.6	5.7	470.7
1.3	16.1	60.6	10.6	3.6	470.7
0.1	12.7	177.4	10.6	4.2	470.7
0.0	9.9	337.1	10.5	4.0	470.7
0.0	11.6	335.2	10.5	4.0	470.7
3.5	10.6	39.1	10.5	2.5	470.7
0.0	10.9	297.0	10.5	4.2	470.7
0.0	11.8	270.6	10.5	4.6	470.7
0.3	13.4	326.6	10.4	4.8	470.7
3.9	13.9	73.5	10.4	2.9	470.7
0.2	11.2	278.6	10.4	4.4	470.7
0.8	14.2	317.0	10.4	5.2	470.7
24.3	10.9	56.4	10.4	3.3	470.7
15.5	6.4	16.8	10.4	2.2	470.7
3.5	4.5	186.1	10.3	2.1	472.5
0.0	2.0	40.9	10.3	1.8	472.5
0.0	1.7	327.1	10.3	2.6	472.5
0.0	1.5	285.4	10.3	2.5	472.5
0.0	9.2	289.6	10.3	4.0	472.5
0.1	14.0	150.0	10.3	4.0	472.5
0.0	16.1	225.0	10.3	4.4	472.5
4.3	13.1	61.6	10.3	3.5	472.5
5.0	10.2	34.6	10.2	3.3	472.5
9.7	2.4	16.3	10.2	2.0	472.5
2.2	0.8	104.3	10.2	1.0	472.5
11.7	0.5	36.3	10.2	0.8	472.5
15.6	-0.5	44.2	10.2	0.9	472.5
5.2	-1.4	28.5	10.2	0.6	472.5
0.2	-1.2	158.0	10.2	1.9	472.5
0.2	2.8	240.1	10.2	2.8	472.5
0.3	6.4	164.7	10.2	2.8	472.5
5.7	6.6	42.9	10.2	2.5	472.5
5.5	4.7	13.3	10.2	1.0	472.5
1.2	3.7	95.3	10.2	2.1	472.5
0.8	2.8	156.8	10.2	2.0	472.5
1.6	3.9	173.6	10.2	2.7	472.5
6.1	4.8	42.0	10.2	2.3	472.5
0.4	4.1	211.0	10.2	2.5	472.5
2.9	5.7	74.8	10.2	2.4	472.5
11.7	13.1	106.1	10.2	4.3	472.5
2.7	4.4	32.4	10.2	3.6	472.5
1.5	2.0	292.7	10.2	1.8	472.5
0.3	5.5	241.4	10.2	3.0	472.5
5.5	8.6	78.1	10.2	2.4	472.5
6.2	7.7	29.0	10.2	1.8	472.5
15.4	6.9	64.6	10.2	2.6	474.6
0.1	4.6	315.5	10.2	2.9	474.6
0.4	1.1	95.0	10.2	1.9	474.6
0.0	-3.1	142.7	10.2	1.7	474.6
0.0	-3.6	315.3	10.3	1.8	474.6
8.2	-0.9	112.3	10.3	1.7	474.6
1.3	-0.6	95.3	10.3	1.8	474.6
0.1	1.3	287.7	10.3	2.9	474.6
0.1	3.8	212.0	10.3	3.1	474.6
0.9	2.5	90.1	10.3	3.2	474.6
0.0	-3.6	334.7	10.3	1.6	474.6
0.0	-0.9	340.8	10.3	2.5	474.6
0.0	2.3	337.0	10.4	3.1	474.6
0.0	6.3	336.8	10.4	4.3	474.6
0.0	5.5	323.6	10.4	3.7	474.6
0.0	9.0	340.3	10.4	4.5	474.6
0.0	13.1	337.0	10.4	5.0	474.6
0.0	13.4	78.1	10.4	4.9	474.6
0.0	7.1	349.5	10.5	4.2	474.6
0.0	7.9	351.1	10.5	4.5	474.6
0.0	11.0	339.4	10.5	5.1	474.6
0.0	14.2	305.3	10.5	6.0	474.6
0.0	17.5	337.3	10.5	6.6	474.6
1.0	18.0	331.8	10.6	6.3	474.6
3.3	6.6	27.9	10.6	4.4	474.6
7.7	2.3	125.2	10.6	1.7	474.6
10.9	1.7	31.0	10.6	1.6	474.6
10.8	1.6	43.7	10.6	1.5	474.6
29.7	6.1	36.5	10.7	2.7	474.6
13.3	8.6	23.9	10.7	1.7	474.6
12.3	5.1	29.0	10.7	2.9	474.6
14.1	-0.9	34.4	10.7	2.0	475.5
0.3	-1.2	140.1	10.8	1.6	475.5
0.1	1.9	321.9	10.8	2.7	475.5
9.2	3.7	121.6	10.8	2.2	475.5
5.5	2.2	29.3	10.8	1.6	475.5
5.5	2.1	53.3	10.9	1.5	475.5
9.7	2.3	21.2	10.9	1.2	475.5
13.6	3.6	50.1	10.9	1.9	475.5
7.8	8.1	68.6	10.9	3.0	475.5
34.8	6.0	33.7	11.0	2.4	475.5
1.3	2.6	32.6	11.0	2.1	475.5
0.0	1.0	175.3	11.0	2.5	475.5
7.2	0.4	145.5	11.0	2.1	475.5
62.3	2.7	76.7	11.1	2.9	475.5
17.7	6.6	40.7	11.1	2.7	475.5
6.5	3.1	42.7	11.1	2.9	475.5
9.2	2.2	254.7	11.2	2.6	475.5
9.7	2.9	58.7	11.2	1.8	475.5
1.0	4.7	110.4	11.2	2.5	475.5
0.9	6.8	156.1	11.2	2.8	475.5
1.0	3.5	115.0	11.3	3.2	475.5
13.8	3.8	279.4	11.3	2.9	475.5
9.3	3.3	58.3	11.3	3.2	475.5
0.1	2.7	150.0	11.4	2.6	475.5
0.0	5.1	186.3	11.4	2.9	475.5
11.3	4.0	44.7	11.4	1.6	475.5
30.5	4.0	56.7	11.5	1.3	475.5
22.0	1.8	44.8	11.5	2.5	475.5
0.7	0.6	191.0	11.5	2.1	475.5
0.2	2.5	400.2	11.5	3.3	475.9
0.1	4.6	463.1	11.6	3.7	475.9
0.0	3.7	225.5	11.6	3.9	475.9
0.6	7.3	465.8	11.6	5.2	475.9
0.0	8.6	490.6	11.7	5.7	475.9
0.0	10.0	497.9	11.7	5.7	475.9
0.0	12.3	499.0	11.7	7.5	475.9
0.0	12.2	511.8	11.8	6.8	475.9
0.0	16.2	479.5	11.8	8.4	475.9
0.0	19.2	481.2	11.8	9.4	475.9
28.4	17.7	183.8	11.8	8.7	475.9
1.0	7.0	83.1	11.9	3.8	475.9
11.8	9.9	241.4	11.9	5.2	475.9
18.4	8.7	41.3	11.9	2.6	475.9
3.7	5.2	96.5	12.0	3.7	475.9
0.0	4.2	418.3	12.0	4.2	475.9
10.8	5.2	147.8	12.0	3.0	475.9
1.1	6.0	126.4	12.1	3.7	475.9
17.5	8.1	272.6	12.1	4.6	475.9
8.8	17.4	130.2	12.1	7.6	475.9
4.8	10.1	197.1	12.2	5.1	475.9
2.4	9.1	133.8	12.2	3.3	475.9
0.1	7.9	233.6	12.2	5.0	475.9
0.0	8.5	329.5	12.2	5.7	475.9
0.3	10.6	506.3	12.3	6.0	475.9
15.6	10.4	197.7	12.3	4.8	475.9
0.6	9.1	176.9	12.3	4.5	475.9
0.0	7.2	280.6	12.4	4.7	475.9
0.0	7.8	566.2	12.4	6.0	475.9
0.0	7.5	358.3	12.4	5.8	475.9
0.0	8.0	537.1	12.5	6.2	475.9
0.0	10.8	297.9	12.5	6.5	476.3
14.2	14.0	280.7	12.5	7.0	476.3
4.3	12.2	32.3	12.5	3.1	476.3
0.9	17.0	118.7	12.6	7.1	476.3
26.5	18.6	120.2	12.6	7.6	476.3
0.0	14.1	455.9	12.6	7.2	476.3
26.0	11.5	121.2	12.7	3.6	476.3
11.2	14.8	59.6	12.7	5.1	476.3
39.4	16.8	200.2	12.7	5.6	476.3
21.9	14.0	32.2	12.8	7.8	476.3
3.1	7.8	61.1	12.8	4.0	476.3
16.2	7.7	74.2	12.8	3.6	476.3
7.7	11.0	250.3	12.8	5.0	476.3
0.8	12.6	330.7	12.9	6.8	476.3
0.1	16.6	578.8	12.9	9.2	476.3
17.5	19.1	400.3	12.9	9.6	476.3
20.2	19.0	109.4	13.0	9.7	476.3
4.4	11.6	145.7	13.0	4.4	476.3
10.0	10.8	71.3	13.0	3.1	476.3
1.0	9.8	166.7	13.0	4.9	476.3
0.1	11.7	630.1	13.1	7.4	476.3
0.0	16.7	603.7	13.1	8.7	476.3
0.1	17.6	569.2	13.1	9.3	476.3
0.0	22.0	619.2	13.2	10.5	476.3
9.8	23.2	286.6	13.2	8.4	476.3
0.6	23.3	520.5	13.2	9.7	476.3
3.3	23.5	557.2	13.2	10.0	476.3
6.2	22.3	510.8	13.3	10.5	476.3
1.3	20.9	386.9	13.3	8.9	476.3
0.7	15.6	148.5	13.3	7.7	476.3
1.2	14.1	515.5	13.3	7.3	476.5
23.3	12.0	64.8	13.4	4.3	476.5
0.6	13.0	448.2	13.4	6.9	476.5
0.0	17.1	651.9	13.4	9.6	476.5
0.0	20.6	654.7	13.4	10.3	476.5
0.7	23.6	619.7	13.5	10.8	476.5
26.1	21.3	221.3	13.5	9.6	476.5
0.5	18.0	377.2	13.5	9.0	476.5
0.1	20.3	602.1	13.5	9.5	476.5
0.0	22.5	523.4	13.6	10.2	476.5
7.4	24.7	527.0	13.6	9.2	476.5
22.8	14.4	75.1	13.6	10.6	476.5
0.0	15.0	613.8	13.6	9.1	476.5
0.0	17.1	633.0	13.6	10.3	476.5
0.0	18.6	675.9	13.7	11.1	476.5
0.0	19.3	676.6	13.7	11.4	476.5
0.0	20.0	681.1	13.7	10.4	476.5
12.8	22.5	554.8	13.7	10.1	476.5
1.2	22.6	329.0	13.7	8.6	476.5
0.2	24.5	567.1	13.8	10.8	476.5
13.0	25.1	352.2	13.8	8.3	476.5
14.2	24.4	332.5	13.8	11.4	476.5
1.0	17.8	114.1	13.8	6.8	476.5
10.3	18.2	144.6	13.8	6.6	476.5
2.6	20.5	172.8	13.9	6.8	476.5
1.6	21.6	232.5	13.9	7.3	476.5
0.7	22.7	336.4	13.9	8.4	476.5
0.1	24.8	536.1	13.9	10.3	476.5
16.9	24.6	299.2	13.9	9.3	476.5
10.7	24.3	223.4	13.9	8.5	476.5
14.6	24.6	435.2	13.9	10.9	476.5
5.7	22.3	300.2	14.0	9.3	474.9
7.2	19.8	79.1	14.0	5.8	474.9
7.6	24.0	222.3	14.0	9.0	474.9
12.0	21.1	110.6	14.0	7.5	474.9
34.6	18.1	39.5	14.0	6.3	474.9
0.4	17.4	252.9	14.0	8.6	474.9
0.0	22.0	586.5	14.0	10.2	474.9
0.7	20.4	326.2	14.0	8.1	474.9
3.5	21.0	88.2	14.0	6.0	474.9
16.7	23.2	78.1	14.0	5.6	474.9
33.6	23.0	44.2	14.1	5.5	474.9
19.6	23.4	41.0	14.1	4.8	474.9
1.0	24.5	118.7	14.1	7.2	474.9
19.9	27.1	505.6	14.1	10.5	474.9
3.5	25.8	103.9	14.1	8.6	474.9
22.6	25.6	335.3	14.1	9.6	474.9
3.7	22.8	97.6	14.1	8.8	474.9
1.3	20.3	91.7	14.1	4.9	474.9
0.9	21.9	446.9	14.1	8.0	474.9
14.8	20.7	67.6	14.1	7.6	474.9
45.6	18.8	57.0	14.1	4.2	474.9
2.3	21.4	156.5	14.1	6.8	474.9
0.2	24.4	537.0	14.1	11.1	474.9
0.0	26.5	651.4	14.1	11.3	474.9
0.0	26.9	647.2	14.1	10.8	474.9
10.7	26.9	600.3	14.1	10.8	474.9
13.4	26.7	495.0	14.1	9.5	474.9
23.8	25.6	227.5	14.1	8.8	474.9
8.1	25.0	337.2	14.1	10.0	474.9
3.7	25.3	595.3	14.1	11.8	474.9
0.2	26.0	630.0	14.0	10.3	471.8
1.7	25.8	547.1	14.0	9.0	471.8
1.0	26.2	485.0	14.0	9.0	471.8
1.5	27.3	607.2	14.0	11.1	471.8
4.1	27.6	535.7	14.0	10.0	471.8
10.7	27.3	531.8	14.0	10.4	471.8
8.4	27.4	520.8	14.0	10.4	471.8
11.8	26.7	239.0	14.0	8.4	471.8
17.5	26.5	296.7	14.0	9.1	471.8
18.4	27.0	406.7	14.0	9.4	471.8
22.0	26.9	505.8	14.0	9.6	471.8
2.6	27.0	570.4	13.9	11.5	471.8
0.2	27.1	623.3	13.9	10.9	471.8
0.0	25.7	623.6	13.9	10.7	471.8
1.6	25.9	424.6	13.9	8.2	471.8
1.0	26.5	280.5	13.9	8.4	471.8
5.8	27.1	580.2	13.9	9.5	471.8
0.4	28.1	632.1	13.8	10.4	471.8
5.7	27.9	577.4	13.8	11.1	471.8
9.4	27.6	521.5	13.8	9.7	471.8
7.8	27.4	525.7	13.8	10.5	471.8
15.1	27.1	569.9	13.8	9.7	471.8
21.3	26.6	426.1	13.8	8.6	471.8
19.5	26.0	330.1	13.7	8.5	471.8
21.8	26.4	417.8	13.7	8.7	471.8
16.5	26.1	373.9	13.7	8.9	471.8
3.7	27.1	466.6	13.7	10.1	471.8
6.0	27.4	442.0	13.7	10.2	471.8
19.4	26.0	279.6	13.6	8.5	471.8
22.5	25.0	237.2	13.6	6.6	471.8
10.0	25.4	300.4	13.6	7.9	471.8
22.9	25.9	457.4	13.6	8.7	469.9
12.4	25.7	457.5	13.6	7.9	469.9
3.2	26.2	454.6	13.5	9.0	469.9
0.2	25.4	386.7	13.5	9.3	469.9
0.6	26.4	330.5	13.5	8.3	469.9
1.9	26.6	397.6	13.5	8.6	469.9
4.2	25.8	186.2	13.4	6.7	469.9
9.8	25.9	247.2	13.4	6.4	469.9
10.5	25.8	498.7	13.4	8.4	469.9
4.5	24.5	211.4	13.4	5.4	469.9
0.7	24.7	334.5	13.3	8.6	469.9
0.0	25.5	588.6	13.3	10.3	469.9
0.0	26.8	621.0	13.3	10.7	469.9
0.0	28.2	610.0	13.3	11.1	469.9
0.1	29.3	578.5	13.2	11.1	469.9
14.1	27.3	420.0	13.2	9.6	469.9
43.4	25.3	269.8	13.2	5.9	469.9
12.0	25.2	183.6	13.2	7.1	469.9
6.6	26.5	540.3	13.1	9.8	469.9
3.9	27.0	594.1	13.1	10.2	469.9
0.2	27.3	587.0	13.1	10.0	469.9
1.1	27.2	564.9	13.0	9.4	469.9
1.0	27.3	528.6	13.0	9.2	469.9
0.1	27.9	576.6	13.0	9.7	469.9
5.7	26.8	550.4	13.0	10.5	469.9
5.0	26.0	517.6	12.9	9.2	469.9
0.3	26.3	558.9	12.9	9.3	469.9
0.7	27.0	535.5	12.9	9.9	469.9
0.1	25.9	561.0	12.8	10.3	469.9
0.0	27.4	575.1	12.8	10.1	469.9
0.7	28.0	466.2	12.8	9.5	469.9
0.3	26.0	122.3	12.8	7.4	468.9
0.0	25.6	552.7	12.7	8.5	468.9
1.1	27.0	378.3	12.7	9.0	468.9
0.1	26.3	529.6	12.7	9.4	468.9
0.4	26.7	393.0	12.6	8.2	468.9
0.6	25.9	157.4	12.6	8.6	468.9
0.0	24.5	524.9	12.6	9.0	468.9
0.0	24.6	549.3	12.6	8.9	468.9
2.3	24.8	316.1	12.5	8.5	468.9
0.7	25.2	57.7	12.5	6.8	468.9
8.8	25.9	274.5	12.5	7.8	468.9
49.6	25.8	350.6	12.4	7.6	468.9
18.4	22.5	49.9	12.4	6.1	468.9
0.2	20.5	350.2	12.4	7.6	468.9
0.1	20.4	456.0	12.3	6.7	468.9
0.0	18.7	253.8	12.3	6.8	468.9
0.0	18.6	541.0	12.3	7.7	468.9
0.0	18.8	542.3	12.3	7.9	468.9
0.3	20.0	534.6	12.2	8.4	468.9
0.0	21.2	529.8	12.2	8.9	468.9
0.0	20.8	526.5	12.2	8.8	468.9
0.3	21.3	381.2	12.1	8.6	468.9
0.0	22.7	509.5	12.1	9.0	468.9
0.0	23.3	396.2	12.1	7.6	468.9
0.0	24.6	491.8	12.0	8.5	468.9
0.0	22.6	497.7	12.0	8.6	468.9
0.0	21.1	447.0	12.0	8.5	468.9
0.0	20.1	418.2	12.0	8.6	468.9
0.0	20.6	477.9	11.9	9.2	468.9
0.0	21.2	484.0	11.9	8.4	468.9
0.0	18.6	226.9	11.9	8.6	468.9
0.0	19.6	506.1	11.8	9.5	468.9
0.0	20.7	458.6	11.8	8.6	468.9
0.0	22.9	466.8	11.8	8.8	468.9
0.0	22.0	401.7	11.7	7.0	468.9
0.0	20.1	425.8	11.7	7.0	468.9
0.0	19.2	346.7	11.7	7.5	468.9
0.0	21.3	469.6	11.7	8.2	468.9
0.0	22.4	455.6	11.6	8.3	468.9
0.0	22.2	452.7	11.6	7.7	468.9
0.0	19.4	452.1	11.6	8.2	468.9
0.0	16.7	469.0	11.5	7.2	468.9
0.0	18.1	333.8	11.5	6.9	468.9
0.0	18.8	460.9	11.5	8.4	468.9
0.0	19.1	459.5	11.5	8.1	468.9
0.0	19.1	453.4	11.4	7.7	468.9
0.0	18.3	389.2	11.4	6.5	468.9
0.0	18.9	335.2	11.4	6.1	468.9
0.0	20.1	396.0	11.3	6.6	468.9
0.1	18.5	164.3	11.3	5.2	468.9
0.0	16.6	244.8	11.3	5.4	468.9
0.0	18.3	421.5	11.2	7.3	468.9
0.0	17.5	410.1	11.2	7.0	468.9
0.0	18.0	407.2	11.2	6.9	468.9
0.0	18.7	412.4	11.2	6.8	468.9
0.0	19.1	406.8	11.1	6.8	468.9
0.0	20.0	395.9	11.1	7.1	468.9
0.1	21.3	386.7	11.1	6.9	468.9
0.0	19.6	337.5	11.1	5.4	468.9
0.0	18.4	386.6	11.0	6.2	468.9
0.0	17.6	389.6	11.0	6.2	468.9
0.0	17.8	378.0	11.0	6.3	470.2
0.0	18.2	386.0	10.9	6.2	470.2
0.0	19.4	379.8	10.9	6.3	470.2
0.1	21.2	364.5	10.9	6.5	470.2
0.1	18.9	119.6	10.9	4.9	470.2
0.0	20.5	345.4	10.8	6.1	470.2
0.1	21.6	350.8	10.8	6.1	470.2
0.0	22.6	253.0	10.8	5.7	470.2
7.8	22.4	173.8	10.8	4.7	470.2
17.5	15.0	34.5	10.7	5.3	470.2
0.2	12.5	239.9	10.7	3.3	470.2
16.0	13.2	182.2	10.7	3.4	470.2
12.5	13.3	19.9	10.7	2.3	470.2
18.8	13.3	23.5	10.7	2.8	470.2
5.9	10.8	59.9	10.6	2.5	470.2
0.2	10.6	276.0	10.6	3.4	470.2
0.4	10.8	159.3	10.6	3.3	470.2
0.1	12.3	161.7	10.6	3.7	470.2
2.7	16.4	235.9	10.5	4.6	470.2
13.8	16.8	39.8	10.5	2.7	470.2
0.6	15.0	158.8	10.5	3.4	470.2
0.8	16.4	130.9	10.5	3.6	470.2
2.0	18.5	155.7	10.5	4.0	470.2
29.1	13.8	84.3	10.4	3.7	470.2
3.1	7.6	46.1	10.4	2.6	470.2
0.0	4.3	272.9	10.4	2.6	470.2
0.0	4.0	328.1	10.4	2.8	470.2
0.1	4.3	201.2	10.4	2.4	470.2
0.6	6.9	46.6	10.4	2.1	470.2
0.7	6.4	121.7	10.3	1.7	470.2
6.2	6.3	33.0	10.3	2.1	472.1
0.7	5.5	38.3	10.3	1.8	472.1
0.0	4.1	316.8	10.3	2.6	472.1
0.0	4.7	296.8	10.3	3.0	472.1
0.1	7.1	246.5	10.3	3.5	472.1
21.7	7.2	82.5	10.3	2.4	472.1
6.7	7.1	29.3	10.3	1.1	472.1
2.6	6.7	41.0	10.2	2.6	472.1
0.0	-0.3	304.6	10.2	2.1	472.1
0.0	1.6	314.5	10.2	2.5	472.1
0.1	3.1	268.1	10.2	3.1	472.1
0.2	3.6	282.8	10.2	2.9	472.1
0.3	4.4	191.5	10.2	2.9	472.1
0.3	4.4	133.5	10.2	2.4	472.1
0.0	2.5	315.3	10.2	2.9	472.1
0.1	4.0	271.6	10.2	3.6	472.1
0.0	7.6	289.4	10.2	4.0	472.1
0.5	12.4	203.9	10.2	4.0	472.1
1.6	14.3	118.0	10.2	3.3	472.1
1.5	13.9	68.2	10.2	3.0	472.1
0.2	15.6	241.1	10.2	4.5	472.1
0.6	17.2	231.9	10.2	4.6	472.1
1.8	9.0	54.3	10.2	4.7	472.1
0.2	4.7	130.7	10.2	2.1	472.1
0.0	5.2	304.6	10.2	2.9	472.1
0.0	5.4	283.9	10.2	3.2	472.1
1.1	9.8	302.1	10.2	3.9	472.1
10.1	10.6	37.5	10.2	2.9	472.1
2.7	6.7	156.4	10.2	1.9	472.1
9.6	6.1	15.2	10.2	1.0	472.1
0.6	6.4	71.3	10.2	2.3	472.1
0.0	3.9	314.0	10.2	2.7	474.1
0.0	4.9	313.4	10.2	3.2	474.1
0.1	5.7	287.0	10.2	3.5	474.1
1.4	7.0	176.5	10.3	3.0	474.1
0.1	7.3	293.7	10.3	3.3	474.1
0.2	9.8	226.3	10.3	3.7	474.1
6.4	12.6	83.6	10.3	3.6	474.1
1.1	11.3	157.1	10.3	2.9	474.1
25.1	13.6	48.1	10.3	3.6	474.1
1.3	1.3	48.7	10.3	3.1	474.1
0.3	0.9	150.6	10.3	1.9	474.1
3.4	2.7	197.3	10.4	2.3	474.1
14.0	5.8	12.4	10.4	2.2	474.1
4.2	4.6	31.4	10.4	2.0	474.1
1.2	3.8	112.1	10.4	1.8	474.1
1.1	6.5	229.1	10.4	3.4	474.1
0.2	4.2	262.2	10.4	2.9	474.1
1.6	6.0	121.8	10.5	2.7	474.1
19.7	4.6	12.8	10.5	2.0	474.1
13.0	1.4	17.0	10.5	2.0	474.1
21.1	-0.3	35.8	10.5	0.9	474.1
3.5	-2.0	121.3	10.5	1.5	474.1
0.6	-2.4	241.5	10.6	1.4	474.1
0.5	-3.5	288.7	10.6	1.7	474.1
0.0	-3.5	376.9	10.6	1.9	474.1
0.0	-0.8	370.1	10.6	2.3	474.1
0.6	1.4	206.9	10.6	2.7	474.1
0.0	2.5	309.0	10.7	2.8	474.1
0.0	1.2	377.9	10.7	3.0	474.1
0.0	2.9	380.3	10.7	3.6	474.1
0.0	7.8	380.2	10.7	4.9	474.1
0.0	13.1	384.2	10.8	5.5	475.1
0.0	18.1	367.9	10.8	5.8	475.1
8.4	13.0	97.0	10.8	6.1	475.1
3.4	5.4	59.2	10.8	2.1	475.1
8.6	4.1	20.1	10.9	1.2	475.1
4.8	6.4	133.7	10.9	2.6	475.1
6.6	8.3	180.1	10.9	3.3	475.1
1.5	4.0	109.9	10.9	3.2	475.1
0.1	1.6	359.7	11.0	3.2	475.1
0.1	4.0	184.6	11.0	3.0	475.1
3.2	7.0	47.7	11.0	2.8	475.1
2.3	12.1	145.5	11.0	4.2	475.1
7.7	10.2	41.7	11.1	4.0	475.1
8.6	7.8	124.5	11.1	2.6	475.1
0.5	6.5	112.7	11.1	3.4	475.1
13.7	7.8	222.2	11.2	3.5	475.1
20.8	4.1	44.7	11.2	2.9	475.1
0.9	0.7	132.0	11.2	2.4	475.1
0.1	0.5	339.0	11.2	3.3	475.1
0.0	4.9	381.2	11.3	4.0	475.1
0.2	6.8	401.6	11.3	4.1	475.1
6.7	8.0	131.4	11.3	3.8	475.1
0.0	2.1	386.4	11.4	3.6	475.1
0.0	4.8	465.4	11.4	4.2	475.1
0.0	8.2	454.6	11.4	5.5	475.1
0.0	10.1	465.9	11.4	6.3	475.1
0.0	13.4	460.2	11.5	7.4	475.1
0.0	10.4	324.0	11.5	5.3	475.1
6.9	14.6	426.1	11.5	7.8	475.5
0.0	11.3	469.2	11.6	5.6	475.5
0.0	12.7	478.9	11.6	7.4	475.5
0.0	9.3	498.7	11.6	5.7	475.5
0.0	11.9	496.2	11.7	8.1	475.5
0.0	4.6	510.8	11.7	4.7	475.5
0.0	5.3	510.8	11.7	5.4	475.5
0.0	6.0	518.4	11.7	5.2	475.5
0.0	10.3	437.1	11.8	7.2	475.5
2.7	13.0	405.5	11.8	7.3	475.5
4.2	5.5	45.6	11.8	3.1	475.5
0.0	7.9	486.4	11.9	5.7	475.5
0.0	14.3	501.8	11.9	8.2	475.5
0.0	20.7	281.7	11.9	9.1	475.5
0.9	23.5	254.0	12.0	8.3	475.5
15.4	11.7	85.1	12.0	8.4	475.5
0.2	8.7	377.6	12.0	5.5	475.5
0.0	9.3	540.0	12.1	6.2	475.5
0.0	11.8	397.8	12.1	6.4	475.5
5.8	14.4	227.8	12.1	6.3	475.5
13.1	14.6	70.9	12.1	5.0	475.5
18.9	13.5	49.8	12.2	3.1	475.5
6.3	14.0	98.1	12.2	5.1	475.5
2.9	4.4	112.7	12.2	6.2	475.5
0.0	2.8	564.9	12.3	4.3	475.5
0.2	7.1	234.9	12.3	4.8	475.5
6.1	8.6	98.2	12.3	4.1	475.5
0.9	12.5	471.1	12.4	7.2	475.5
1.1	12.4	128.1	12.4	5.3	475.5
0.7	14.6	428.7	12.4	7.7	475.5
6.8	16.9	187.2	12.4	6.7	475.5
10.6	19.0	272.5	12.5	7.8	475.8
2.3	11.2	101.9	12.5	5.7	475.8
0.0	7.7	236.8	12.5	3.6	475.8
0.0	8.0	204.6	12.6	3.4	475.8
2.3	7.5	193.0	12.6	4.0	475.8
2.1	7.7	260.2	12.6	3.7	475.8
12.6	10.2	74.2	12.7	4.1	475.8
46.8	12.0	75.6	12.7	3.3	475.8
13.1	14.6	130.5	12.7	5.2	475.8
0.9	13.9	233.5	12.7	6.3	475.8
0.7	14.9	463.8	12.8	7.0	475.8
3.1	11.1	104.4	12.8	3.9	475.8
0.4	11.0	146.6	12.8	5.4	475.8
1.7	16.0	441.1	12.9	7.9	475.8
15.2	15.3	55.6	12.9	3.8	475.8
30.4	17.0	73.7	12.9	4.4	475.8
8.2	13.8	64.5	13.0	8.2	475.8
0.0	9.5	464.2	13.0	7.2	475.8
0.0	11.0	634.4	13.0	7.9	475.8
0.0	12.3	345.3	13.0	7.1	475.8
0.1	15.0	488.5	13.1	8.6	475.8
0.0	16.0	559.7	13.1	8.8	475.8
0.3	18.4	588.5	13.1	9.1	475.8
0.0	16.1	619.2	13.1	7.7	475.8
12.3	16.8	240.3	13.2	7.5	475.8
3.7	17.0	91.8	13.2	7.5	475.8
0.7	16.3	418.6	13.2	8.0	475.8
0.0	16.6	550.9	13.3	8.3	475.8
0.0	17.2	641.6	13.3	8.4	475.8
0.0	19.4	640.2	13.3	10.3	475.8
0.0	20.0	528.5	13.3	8.5	476.1
23.7	20.5	208.3	13.4	7.9	476.1
0.2	14.9	373.4	13.4	7.9	476.1
24.6	16.9	396.9	13.4	9.8	476.1
14.4	17.0	82.0	13.4	5.7	476.1
7.5	17.5	64.9	13.5	5.3	476.1
2.5	15.0	79.6	13.5	4.3	476.1
11.6	15.0	67.0	13.5	3.2	476.1
1.1	16.3	113.5	13.5	5.0	476.1
0.7	17.5	231.3	13.6	7.4	476.1
0.1	18.9	292.3	13.6	8.5	476.1
0.0	20.7	570.4	13.6	9.2	476.1
29.8	20.5	203.3	13.6	6.7	476.1
3.3	17.3	51.1	13.6	7.5	476.1
1.3	16.7	121.2	13.7	4.9	476.1
0.7	17.7	399.9	13.7	8.3	476.1
0.0	19.1	464.0	13.7	9.9	476.1
0.1	22.0	579.9	13.7	10.8	476.1
0.8	23.1	537.0	13.7	10.8	476.1
14.9	20.7	62.4	13.8	3.6	476.1
13.5	21.3	468.5	13.8	7.9	476.1
0.0	22.6	568.2	13.8	9.6	476.1
0.0	19.9	118.3	13.8	7.0	476.1
1.3	18.8	245.1	13.8	5.6	476.1
7.0	20.9	119.1	13.9	7.0	476.1
6.8	23.1	409.8	13.9	9.7	476.1
6.4	23.0	501.9	13.9	11.2	476.1
0.1	18.8	340.5	13.9	9.4	476.1
0.0	20.4	500.4	13.9	10.0	476.1
0.0	21.0	653.6	13.9	9.8	476.1
0.0	23.4	580.0	13.9	10.7	476.1
0.0	26.3	585.1	14.0	11.6	474.4
9.3	24.6	480.7	14.0	12.0	474.4
0.0	25.7	649.2	14.0	11.1	474.4
0.0	26.7	638.4	14.0	11.8	474.4
0.3	27.2	621.2	14.0	11.8	474.4
29.7	22.4	248.4	14.0	10.2	474.4
4.2	21.5	166.6	14.0	7.0	474.4
0.2	24.0	593.8	14.0	10.8	474.4
0.0	25.3	653.0	14.0	12.2	474.4
1.2	25.2	657.7	14.0	12.2	474.4
0.2	25.1	598.0	14.1	10.1	474.4
0.1	24.5	559.1	14.1	11.5	474.4
0.0	23.7	581.1	14.1	11.6	474.4
0.0	23.2	555.9	14.1	9.6	474.4
0.0	22.9	486.3	14.1	10.1	474.4
0.1	23.6	677.2	14.1	11.4	474.4
0.0	23.9	674.9	14.1	12.0	474.4
0.0	24.4	658.9	14.1	12.5	474.4
0.5	25.6	688.2	14.1	13.1	474.4
0.4	26.1	653.3	14.1	12.8	474.4
4.0	25.2	577.4	14.1	10.6	474.4
6.9	25.2	649.1	14.1	11.6	474.4
0.2	26.6	628.7	14.1	11.5	474.4
0.1	27.8	662.7	14.1	11.5	474.4
6.2	27.7	506.5	14.1	11.3	474.4
0.0	27.2	323.8	14.1	9.7	474.4
5.5	27.7	561.6	14.1	10.9	474.4
14.8	26.5	297.5	14.1	7.9	474.4
50.4	25.0	141.2	14.1	6.1	474.4
29.6	24.9	338.1	14.1	8.0	474.4
17.1	24.3	142.7	14.1	5.4	471.3
1.5	25.4	299.6	14.0	9.2	471.3
16.6	26.5	565.5	14.0	9.7	471.3
21.8	27.2	591.8	14.0	9.0	471.3
0.8	26.5	284.1	14.0	7.6	471.3
13.2	27.1	533.0	14.0	10.6	471.3
7.7	27.8	522.3	14.0	11.5	471.3
0.0	27.5	593.7	14.0	11.3	471.3
0.4	27.8	642.7	14.0	10.4	471.3
0.7	28.0	640.6	14.0	10.5	471.3
0.9	28.5	591.2	14.0	10.6	471.3
3.5	28.4	637.3	13.9	11.7	471.3
11.3	27.7	558.3	13.9	10.1	471.3
18.0	26.6	429.6	13.9	10.4	471.3
1.1	26.5	340.0	13.9	8.4	471.3
0.8	25.7	386.0	13.9	8.9	471.3
1.1	26.4	521.2	13.9	9.5	471.3
0.8	27.4	511.7	13.9	9.4	471.3
1.0	27.8	609.4	13.8	10.5	471.3
0.3	28.7	611.1	13.8	11.3	471.3
0.1	29.7	589.1	13.8	11.8	471.3
0.1	30.3	619.5	13.8	13.1	471.3
0.6	30.3	616.9	13.8	12.5	471.3
0.0	28.8	379.5	13.7	10.4	471.3
0.1	28.4	528.9	13.7	10.4	471.3
7.0	27.1	570.5	13.7	10.3	471.3
3.8	26.3	241.4	13.7	8.4	471.3
20.7	26.9	434.5	13.7	9.5	471.3
14.2	27.2	502.7	13.6	9.5	471.3
17.2	26.8	477.7	13.6	10.2	471.3
5.3	27.1	554.7	13.6	11.1	471.3
11.6	26.7	451.4	13.6	8.8	469.5
8.3	26.4	246.6	13.6	8.8	469.5
9.3	26.9	439.2	13.5	9.8	469.5
8.5	27.3	549.1	13.5	10.3	469.5
10.1	27.4	542.5	13.5	9.9	469.5
12.5	26.9	487.5	13.5	10.3	469.5
16.4	26.5	374.0	13.4	8.5	469.5
18.5	26.2	358.7	13.4	9.5	469.5
19.0	25.6	318.4	13.4	8.7	469.5
22.1	25.3	365.3	13.4	8.1	469.5
0.1	25.9	444.1	13.3	9.3	469.5
13.4	25.4	534.4	13.3	9.3	469.5
6.7	25.0	550.5	13.3	8.4	469.5
10.3	25.0	497.9	13.3	8.4	469.5
3.5	24.5	137.1	13.2	4.9	469.5
0.6	24.7	63.4	13.2	3.8	469.5
15.0	26.2	461.7	13.2	8.3	469.5
23.6	26.7	412.6	13.2	8.6	469.5
10.6	27.1	539.8	13.1	9.5	469.5
7.0	27.4	546.6	13.1	9.6	469.5
3.3	28.2	536.9	13.1	10.1	469.5
1.2	27.7	527.3	13.1	10.2	469.5
0.1	27.6	554.8	13.0	9.9	469.5
8.8	26.9	472.9	13.0	8.9	469.5
17.2	26.5	476.0	13.0	8.9	469.5
11.8	26.6	526.5	12.9	9.6	469.5
0.2	27.3	554.1	12.9	9.9	469.5
3.0	27.2	570.7	12.9	10.4	469.5
4.5	27.5	567.0	12.9	10.5	469.5
20.4	26.7	539.0	12.8	9.8	469.5
21.4	24.5	360.6	12.8	8.2	469.5
0.0	22.9	400.0	12.8	9.3	468.4
0.0	19.3	592.1	12.7	8.8	468.4
0.0	19.7	596.2	12.7	8.8	468.4
0.0	22.3	582.4	12.7	9.9	468.4
0.0	23.2	578.4	12.7	10.1	468.4
0.0	23.5	574.4	12.6	10.5	468.4
0.0	23.4	577.1	12.6	10.5	468.4
0.0	24.3	567.6	12.6	10.5	468.4
0.0	25.2	558.6	12.5	10.0	468.4
0.4	27.1	522.4	12.5	9.6	468.4
0.0	26.8	541.0	12.5	10.2	468.4
0.2	26.7	450.8	12.4	9.8	468.4
0.0	21.6	564.3	12.4	8.8	468.4
0.0	20.9	564.9	12.4	9.7	468.4
0.0	22.7	541.1	12.4	10.1	468.4
0.0	21.9	307.7	12.3	9.4	468.4
0.0	23.4	542.7	12.3	10.1	468.4
0.0	24.0	534.2	12.3	10.0	468.4
0.0	24.6	511.4	12.2	10.4	468.4
0.0	25.4	421.5	12.2	9.2	468.4
0.0	25.2	346.6	12.2	9.5	468.4
1.7	25.9	492.4	12.1	9.7	468.4
0.0	26.3	470.5	12.1	8.3	468.4
0.0	24.0	241.0	12.1	7.0	468.4
0.0	20.9	167.0	12.1	4.8	468.4
0.0	19.4	303.5	12.0	7.4	468.4
0.0	21.4	511.1	12.0	8.5	468.4
0.0	21.4	462.9	12.0	9.2	468.4
0.0	19.3	511.7	11.9	7.7	468.4
0.0	18.1	286.2	11.9	7.5	468.4
0.0	20.8	465.1	11.9	8.3	468.4
0.0	21.8	486.3	11.8	8.2	468.4
0.0	21.8	341.3	11.8	8.0	468.4
0.0	21.9	420.9	11.8	8.5	468.4
0.0	22.4	476.4	11.8	8.7	468.4
0.0	22.1	469.1	11.7	8.2	468.4
0.0	21.5	352.1	11.7	7.3	468.4
0.0	22.6	383.0	11.7	7.5	468.4
0.0	21.0	242.9	11.6	7.0	468.4
0.0	21.0	461.7	11.6	8.2	468.4
0.0	20.1	466.1	11.6	8.2	468.4
0.0	20.1	460.7	11.5	7.8	468.4
0.0	20.5	418.0	11.5	7.3	468.4
0.0	20.8	445.9	11.5	7.8	468.4
0.0	19.8	450.5	11.5	7.6	468.4
0.0	19.6	440.7	11.4	7.4	468.4
0.0	20.0	433.7	11.4	6.8	468.4
0.0	20.1	351.8	11.4	6.2	468.4
0.4	20.3	122.1	11.3	4.6	468.4
0.0	21.3	194.1	11.3	4.5	468.4
3.7	23.0	386.7	11.3	7.6	468.4
2.1	19.8	220.7	11.3	6.8	468.4
6.1	15.3	21.1	11.2	2.9	468.4
10.6	12.3	23.7	11.2	3.2	468.4
0.8	11.4	88.7	11.2	2.6	468.4
0.1	12.5	351.0	11.1	4.8	468.4
5.6	11.1	284.3	11.1	4.8	468.4
0.0	9.4	361.2	11.1	3.7	468.4
0.0	9.6	339.9	11.1	3.3	468.4
0.0	10.5	229.2	11.0	4.0	468.4
0.0	13.1	393.5	11.0	5.4	468.4
0.0	14.7	395.0	11.0	6.2	469.7
0.0	14.9	394.8	11.0	5.7	469.7
1.4	16.3	205.9	10.9	4.6	469.7
0.3	15.2	314.2	10.9	5.5	469.7
0.0	10.2	367.9	10.9	3.9	469.7
0.0	8.4	222.9	10.8	3.7	469.7
0.1	12.6	262.3	10.8	4.6	469.7
0.0	13.5	221.0	10.8	5.2	469.7
0.0	15.4	364.9	10.8	5.7	469.7
0.0	15.3	359.1	10.7	5.4	469.7
0.0	15.5	355.2	10.7	4.6	469.7
0.0	13.9	303.3	10.7	4.1	469.7
0.0	12.1	181.8	10.7	4.7	469.7
0.0	9.9	373.0	10.7	4.8	469.7
0.0	9.4	368.9	10.6	4.9	469.7
0.0	11.9	361.1	10.6	5.6	469.7
0.0	13.9	328.6	10.6	5.7	469.7
0.1	16.6	310.9	10.6	6.0	469.7
0.0	15.6	335.9	10.5	6.6	469.7
0.0	4.9	368.8	10.5	3.4	469.7
0.0	8.2	360.2	10.5	4.6	469.7
0.3	7.1	133.7	10.5	2.5	469.7
0.0	6.2	217.1	10.5	3.5	469.7
0.0	8.4	321.9	10.5	4.4	469.7
0.0	11.7	191.3	10.4	4.3	469.7
0.0	14.3	303.9	10.4	5.4	469.7
0.1	15.2	172.9	10.4	4.9	469.7
0.0	13.0	323.7	10.4	4.7	469.7
3.8	14.4	243.2	10.4	4.5	469.7
1.0	14.4	41.8	10.4	2.4	469.7
1.5	15.3	34.5	10.3	3.5	471.6
0.0	6.9	194.5	10.3	3.5	471.6
0.0	4.7	325.5	10.3	3.0	471.6
0.2	10.5	275.2	10.3	4.3	471.6
28.4	12.7	26.3	10.3	2.8	471.6
1.9	6.3	76.7	10.3	2.9	471.6
0.3	3.6	188.4	10.3	1.7	471.6
2.3	4.5	84.5	10.3	1.5	471.6
0.0	6.4	121.7	10.2	2.4	471.6
4.0	7.0	55.0	10.2	1.9	471.6
4.4	6.0	27.8	10.2	0.7	471.6
1.4	6.6	69.1	10.2	1.6	471.6
0.7	6.7	165.9	10.2	3.3	471.6
5.6	6.9	118.4	10.2	2.6	471.6
2.5	7.6	37.7	10.2	1.5	471.6
1.6	9.0	94.2	10.2	2.4	471.6
1.6	10.2	118.0	10.2	2.7	471.6
0.9	9.5	83.4	10.2	2.5	471.6
0.0	4.7	255.3	10.2	3.0	471.6
0.0	6.1	303.4	10.2	3.3	471.6
0.0	5.2	69.1	10.2	2.5	471.6
0.0	1.5	294.0	10.2	2.0	471.6
0.0	1.4	76.3	10.2	1.5	471.6
0.0	2.6	309.3	10.2	2.3	471.6
0.0	3.7	315.4	10.2	3.0	471.6
0.0	5.8	317.4	10.2	3.9	471.6
0.5	10.4	306.1	10.2	4.5	471.6
0.1	12.2	159.6	10.2	4.7	471.6
1.2	14.4	278.4	10.2	5.3	471.6
4.7	8.5	40.6	10.2	2.7	471.6
1.4	6.2	39.2	10.2	1.3	471.6
12.7	9.8	44.4	10.2	3.4	473.6
12.1	2.2	37.5	10.2	1.9	473.6
0.5	2.1	94.9	10.2	1.6	473.6
0.5	7.5	141.2	10.2	2.9	473.6
11.1	12.6	205.0	10.3	4.8	473.6
6.5	0.7	27.1	10.3	2.1	473.6
2.1	0.3	217.8	10.3	1.4	473.6
6.5	1.7	26.0	10.3	1.1	473.6
1.3	3.3	94.5	10.3	1.7	473.6
1.5	5.0	61.6	10.3	1.7	473.6
7.2	7.4	62.8	10.3	2.2	473.6
22.7	8.9	31.7	10.3	1.7	473.6
23.9	8.5	25.4	10.4	1.1	473.6
5.6	6.0	37.7	10.4	2.1	473.6
8.0	7.1	40.2	10.4	1.8	473.6
26.3	5.1	25.6	10.4	2.7	473.6
1.0	1.2	72.0	10.4	1.9	473.6
4.0	1.8	196.3	10.4	2.2	473.6
0.8	4.2	101.6	10.5	2.0	473.6
9.1	5.8	54.2	10.5	2.6	473.6
19.4	2.2	16.6	10.5	1.8	473.6
2.0	3.3	69.2	10.5	2.0	473.6
4.7	7.7	37.9	10.5	2.6	473.6
12.4	12.3	226.1	10.6	5.0	473.6
16.4	4.6	23.9	10.6	2.0	473.6
1.1	3.7	90.1	10.6	1.6	473.6
0.3	8.9	120.4	10.6	3.9	473.6
7.0	11.7	180.4	10.7	6.2	473.6
19.3	1.8	44.6	10.7	1.4	473.6
63.7	3.6	29.6	10.7	2.2	473.6
10.0	0.9	49.4	10.7	1.3	473.6
12.1	0.3	58.2	10.7	0.8	474.5
3.4	1.7	96.3	10.8	1.9	474.5
10.1	2.9	98.1	10.8	2.0	474.5
30.9	1.1	34.6	10.8	2.0	474.5
3.3	-2.7	128.6	10.8	1.8	474.5
0.0	-3.0	206.9	10.9	1.6	474.5
13.9	-0.8	124.8	10.9	1.6	474.5
9.0	-0.1	114.8	10.9	1.1	474.5
1.9	2.2	130.6	11.0	2.0	474.5
5.6	2.6	37.0	11.0	2.0	474.5
1.8	0.8	139.2	11.0	2.7	474.5
1.0	1.7	245.3	11.0	3.2	474.5
1.6	2.4	182.4	11.1	3.2	474.5
0.0	3.6	434.0	11.1	3.9	474.5
0.8	9.0	424.1	11.1	4.6	474.5
3.0	10.6	112.9	11.1	5.5	474.5
6.0	3.5	107.0	11.2	3.4	474.5
0.3	-0.2	327.5	11.2	2.8	474.5
0.0	3.3	442.8	11.2	3.8	474.5
0.0	3.8	442.4	11.3	3.8	474.5
0.0	4.1	457.8	11.3	4.2	474.5
0.0	9.2	425.6	11.3	6.2	474.5
0.6	12.1	354.7	11.3	6.3	474.5
0.0	9.9	460.9	11.4	6.0	474.5
0.0	12.7	464.2	11.4	7.3	474.5
0.0	13.8	267.9	11.4	7.4	474.5
0.0	6.6	490.6	11.5	5.3	474.5
3.3	12.0	420.0	11.5	6.9	474.5
9.3	8.6	51.6	11.5	3.6	475.0
0.0	6.9	485.9	11.6	5.0	475.0
0.0	8.1	286.5	11.6	4.1	475.0
6.5	10.3	180.6	11.6	4.3	475.0
20.9	14.0	64.5	11.6	5.9	475.0
1.2	18.3	129.6	11.7	5.4	475.0
9.7	14.1	58.4	11.7	7.4	475.0
7.8	4.9	25.3	11.7	2.7	475.0
7.7	3.7	25.4	11.8	1.3	475.0
6.8	4.6	26.2	11.8	1.9	475.0
0.9	7.9	44.5	11.8	4.0	475.0
1.0	15.5	214.8	11.9	7.7	475.0
8.7	12.7	44.4	11.9	5.0	475.0
11.1	13.8	99.5	11.9	4.2	475.0
7.7	13.8	131.0	12.0	7.4	475.0
5.2	6.0	31.6	12.0	3.0	475.0
7.0	8.1	73.6	12.0	3.5	475.0
0.1	8.3	351.5	12.0	5.5	475.0
3.5	12.3	410.3	12.1	7.0	475.0
3.9	4.5	89.5	12.1	4.7	475.0
0.0	6.6	550.9	12.1	5.3	475.0
0.6	7.9	518.2	12.2	5.4	475.0
0.0	9.0	490.8	12.2	5.2	475.0
0.3	12.8	470.1	12.2	7.0	475.0
25.5	16.2	355.2	12.3	9.3	475.0
0.0	6.4	366.8	12.3	4.9	475.0
0.2	7.6	558.1	12.3	5.8	475.0
0.0	10.7	567.1	12.4	6.7	475.0
10.1	12.1	206.9	12.4	6.1	475.0
1.1	11.1	213.6	12.4	5.4	475.0
0.1	11.4	411.2	12.4	6.9	475.0
0.0	14.6	577.6	12.5	8.0	475.3
0.0	17.0	574.4	12.5	9.0	475.3
0.8	18.6	492.2	12.5	8.2	475.3
6.9	18.6	321.0	12.6	8.1	475.3
39.7	12.9	56.1	12.6	4.3	475.3
14.9	12.0	51.3	12.6	2.8	475.3
7.2	15.0	96.9	12.7	4.7	475.3
8.9	18.9	176.1	12.7	6.5	475.3
7.9	21.1	169.3	12.7	5.5	475.3
8.2	23.0	391.4	12.7	6.6	475.3
8.7	24.4	520.9	12.8	8.9	475.3
0.7	19.1	472.4	12.8	7.6	475.3
1.9	18.5	93.0	12.8	5.2	475.3
0.5	19.6	198.7	12.9	6.9	475.3
0.4	22.8	513.2	12.9	8.6	475.3
21.6	21.7	268.2	12.9	7.4	475.3
18.5	21.5	308.9	12.9	7.8	475.3
24.1	20.9	60.6	13.0	7.2	475.3
10.5	14.5	53.1	13.0	6.8	475.3
30.4	12.4	69.6	13.0	2.7	475.3
4.1	12.6	67.4	13.1	3.1	475.3
1.0	12.7	112.6	13.1	4.8	475.3
7.7	15.1	441.3	13.1	7.1	475.3
1.4	14.3	112.7	13.1	4.4	475.3
0.0	16.1	535.0	13.2	7.1	475.3
0.1	18.0	630.5	13.2	9.8	475.3
0.0	18.9	604.6	13.2	10.7	475.3
2.8	20.4	547.0	13.2	9.5	475.3
1.6	18.3	100.1	13.3	4.0	475.3
11.9	18.9	197.4	13.3	7.4	475.3
5.4	16.4	68.7	13.3	3.9	475.5
1.4	17.8	398.4	13.4	7.8	475.5
0.1	18.0	552.5	13.4	8.7	475.5
0.2	20.8	546.6	13.4	9.9	475.5
0.3	21.9	607.6	13.4	9.6	475.5
0.1	22.8	589.0	13.5	8.9	475.5
5.5	22.6	172.8	13.5	6.3	475.5
0.5	22.0	553.6	13.5	10.6	475.5
0.2	18.9	640.3	13.5	9.6	475.5
0.0	21.0	654.5	13.5	10.6	475.5
0.0	22.3	650.4	13.6	11.0	475.5
3.4	23.2	604.2	13.6	10.1	475.5
0.0	22.9	542.2	13.6	8.9	475.5
5.2	19.0	312.7	13.6	8.4	475.5
12.9	16.8	117.8	13.7	5.6	475.5
23.4	19.8	108.5	13.7	5.9	475.5
15.1	20.6	124.4	13.7	6.2	475.5
12.6	18.7	52.5	13.7	7.4	475.5
13.6	18.5	144.2	13.7	6.0	475.5
0.1	18.6	417.6	13.8	8.7	475.5
0.0	19.3	672.8	13.8	9.9	475.5
1.5	21.2	398.6	13.8	8.5	475.5
53.6	22.6	148.2	13.8	6.9	475.5
11.5	22.9	316.6	13.8	8.6	475.5
11.3	23.0	315.9	13.8	8.4	475.5
25.9	23.6	302.4	13.9	8.2	475.5
65.3	20.5	69.6	13.9	7.2	475.5
7.1	16.7	214.0	13.9	7.8	475.5
0.0	19.2	668.4	13.9	10.0	475.5
0.0	20.3	673.4	13.9	9.9	475.5
0.0	21.7	652.3	13.9	9.6	475.5
0.0	22.8	540.5	14.0	9.3	473.9
0.0	23.6	455.6	14.0	9.0	473.9
17.5	24.7	427.8	14.0	10.3	473.9
29.3	25.1	387.2	14.0	10.6	473.9
1.5	20.8	276.8	14.0	7.6	473.9
0.0	22.8	450.7	14.0	10.1	473.9
0.5	23.5	672.9	14.0	12.7	473.9
0.0	24.4	647.5	14.0	10.7	473.9
0.0	23.1	642.6	14.0	11.2	473.9
0.1	24.3	633.5	14.0	10.0	473.9
1.2	25.2	512.0	14.0	8.9	473.9
6.7	24.5	340.2	14.1	8.9	473.9
7.2	20.5	60.7	14.1	9.3	473.9
0.0	19.8	601.8	14.1	10.1	473.9
0.0	19.6	563.9	14.1	9.5	473.9
0.0	21.1	684.3	14.1	9.6	473.9
0.0	22.6	658.6	14.1	9.4	473.9
0.2	23.4	506.0	14.1	9.3	473.9
0.2	22.1	386.9	14.1	10.0	473.9
0.0	24.3	686.9	14.1	11.2	473.9
0.0	26.8	646.3	14.1	10.9	473.9
6.8	25.2	525.0	14.1	11.0	473.9
13.3	25.1	504.6	14.1	9.8	473.9
24.6	24.6	461.6	14.1	9.5	473.9
6.8	22.3	64.0	14.1	5.5	473.9
0.8	22.3	182.7	14.1	7.0	473.9
0.1	24.0	450.9	14.1	9.6	473.9
0.2	25.9	572.5	14.1	10.5	473.9
0.1	27.6	644.1	14.1	11.2	473.9
7.6	27.6	474.3	14.1	10.5	473.9
14.9	25.4	118.7	14.1	7.0	470.7
2.2	26.7	606.7	14.0	11.0	470.7
10.4	26.8	598.8	14.0	9.8	470.7
21.0	25.4	286.8	14.0	7.9	470.7
12.5	24.8	116.4	14.0	7.1	470.7
5.9	26.6	309.9	14.0	8.9	470.7
2.5	27.0	324.0	14.0	9.2	470.7
1.1	27.6	342.9	14.0	8.5	470.7
3.3	28.1	429.1	14.0	9.1	470.7
6.6	27.2	190.4	14.0	8.7	470.7
25.8	25.6	90.3	14.0	6.5	470.7
21.8	25.2	151.2	13.9	7.7	470.7
1.9	23.4	108.0	13.9	4.6	470.7
0.7	24.2	122.1	13.9	4.9	470.7
27.7	25.6	437.8	13.9	9.0	470.7
19.0	26.4	545.1	13.9	9.4	470.7
17.7	26.6	465.8	13.9	9.7	470.7
9.9	26.2	226.2	13.9	9.0	470.7
14.1	26.2	431.1	13.8	9.6	470.7
8.4	26.2	538.3	13.8	8.4	470.7
1.2	25.0	213.5	13.8	6.9	470.7
17.6	25.8	506.8	13.8	8.4	470.7
17.2	25.7	277.7	13.8	8.7	470.7
14.3	26.0	404.8	13.8	8.3	470.7
0.1	27.1	561.7	13.7	10.1	470.7
7.3	26.7	368.7	13.7	8.7	470.7
15.6	26.9	567.2	13.7	9.5	470.7
10.7	27.4	598.6	13.7	9.9	470.7
13.4	27.2	519.9	13.7	9.7	470.7
14.1	27.1	448.4	13.6	9.8	470.7
11.5	27.0	494.1	13.6	9.3	470.7
15.7	26.6	388.7	13.6	9.0	469.0
10.9	26.8	367.5	13.6	8.3	469.0
1.8	26.4	188.9	13.5	8.4	469.0
9.9	26.7	438.3	13.5	9.3	469.0
8.9	27.7	537.4	13.5	9.8	469.0
10.6	27.5	464.2	13.5	9.4	469.0
4.1	27.8	500.9	13.4	9.1	469.0
9.3	27.5	528.6	13.4	9.4	469.0
21.0	27.4	554.4	13.4	9.2	469.0
10.5	28.1	490.0	13.4	10.0	469.0
3.4	28.8	610.1	13.4	11.0	469.0
0.1	28.1	578.7	13.3	11.1	469.0
0.0	27.4	609.5	13.3	9.8	469.0
1.0	27.9	611.4	13.3	10.5	469.0
0.1	28.6	596.2	13.2	10.8	469.0
9.0	27.1	589.4	13.2	10.9	469.0
23.3	25.9	425.2	13.2	8.4	469.0
26.4	25.3	416.8	13.2	7.5	469.0
17.8	23.7	273.2	13.1	7.0	469.0
0.1	21.5	562.8	13.1	9.4	469.0
0.0	20.8	618.0	13.1	9.1	469.0
0.0	22.2	622.0	13.1	9.7	469.0
0.0	24.0	612.2	13.0	9.8	469.0
2.6	26.8	504.6	13.0	8.8	469.0
2.5	26.0	58.5	13.0	5.5	469.0
3.2	25.0	72.9	12.9	5.3	469.0
1.0	24.8	199.5	12.9	5.9	469.0
0.5	25.1	497.9	12.9	8.4	469.0
0.7	24.4	326.2	12.9	7.8	469.0
0.2	21.9	138.7	12.8	5.7	469.0
0.0	25.6	592.2	12.8	9.7	469.0
0.0	27.3	570.3	12.8	11.6	467.9
0.0	27.4	404.7	12.7	11.3	467.9
0.0	28.9	571.2	12.7	12.6	467.9
0.2	29.0	459.7	12.7	11.4	467.9
0.0	28.2	370.6	12.7	11.6	467.9
0.0	26.1	215.3	12.6	8.8	467.9
0.0	26.3	554.1	12.6	10.4	467.9
0.0	25.9	555.8	12.6	9.4	467.9
0.1	26.5	531.9	12.5	9.3	467.9
0.0	26.6	422.8	12.5	8.7	467.9
0.1	27.1	437.8	12.5	9.0	467.9
18.2	25.5	412.6	12.5	8.6	467.9
14.2	23.2	338.3	12.4	6.8	467.9
0.6	21.8	83.5	12.4	6.0	467.9
0.0	23.1	504.7	12.4	9.0	467.9
0.0	22.8	540.7	12.3	9.4	467.9
0.0	23.3	527.8	12.3	9.9	467.9
0.0	22.3	507.1	12.3	9.9	467.9
1.8	22.5	426.9	12.2	8.8	467.9
0.1	21.5	481.3	12.2	8.4	467.9
0.0	21.5	532.5	12.2	9.5	467.9
0.0	21.4	541.5	12.2	9.9	467.9
0.0	22.5	528.0	12.1	9.5	467.9
0.0	23.6	514.3	12.1	9.9	467.9
0.0	24.8	508.9	12.1	10.0	467.9
0.0	25.6	500.6	12.0	9.3	467.9
0.0	25.5	497.6	12.0	9.4	467.9
0.0	24.2	502.5	12.0	9.2	467.9
0.0	25.4	497.0	11.9	8.8	467.9
0.0	25.5	480.7	11.9	9.4	467.9
1.1	23.6	289.9	11.9	8.0	467.8
0.0	20.2	492.4	11.9	7.9	467.8
0.0	22.6	485.2	11.8	8.4	467.8
0.3	25.5	453.3	11.8	8.4	467.8
10.0	23.4	54.3	11.8	4.4	467.8
0.0	17.8	371.6	11.7	8.8	467.8
0.0	14.8	498.8	11.7	6.4	467.8
0.0	16.8	491.4	11.7	7.9	467.8
0.0	19.1	472.7	11.6	7.7	467.8
0.0	22.0	461.8	11.6	8.2	467.8
0.0	16.8	454.8	11.6	6.4	467.8
0.1	20.1	434.5	11.6	7.9	467.8
0.0	21.7	441.6	11.5	7.3	467.8
0.3	23.9	398.4	11.5	7.6	467.8
0.0	22.4	330.1	11.5	7.6	467.8
0.0	17.2	320.0	11.4	6.3	467.8
0.0	17.1	429.8	11.4	5.6	467.8
0.0	19.3	363.4	11.4	6.6	467.8
0.0	18.5	224.3	11.3	5.7	467.8
0.0	20.3	302.7	11.3	6.5	467.8
0.0	19.6	353.3	11.3	6.2	467.8
0.0	18.2	327.4	11.3	5.6	467.8
0.0	16.0	182.8	11.2	5.0	467.8
0.0	18.8	413.9	11.2	6.9	467.8
0.4	21.5	343.8	11.2	6.6	467.8
0.5	22.0	244.4	11.1	7.0	467.8
0.0	14.5	356.5	11.1	6.4	467.8
0.0	11.2	422.3	11.1	5.4	467.8
0.0	12.9	420.1	11.1	5.9	467.8
0.0	16.7	395.8	11.0	6.8	467.8
0.0	19.7	385.5	11.0	6.7	467.8
4.8	20.9	306.9	11.0	6.2	469.2
23.2	7.6	54.1	11.0	6.5	469.2
0.0	1.4	409.1	10.9	2.7	469.2
0.0	2.1	411.0	10.9	3.2	469.2
0.0	7.7	347.8	10.9	4.5	469.2
0.1	9.5	110.8	10.9	3.8	469.2
0.2	8.5	377.4	10.8	4.0	469.2
0.0	8.9	374.1	10.8	4.3	469.2
0.0	9.8	205.6	10.8	4.1	469.2
0.0	5.3	217.3	10.8	3.6	469.2
0.0	7.4	365.2	10.7	4.3	469.2
0.0	10.5	320.2	10.7	4.7	469.2
0.0	11.7	245.0	10.7	5.1	469.2
0.0	14.4	345.2	10.7	5.5	469.2
0.0	10.4	170.4	10.6	5.2	469.2
0.0	3.6	217.9	10.6	2.5	469.2
0.0	7.6	368.1	10.6	4.4	469.2
0.0	10.4	359.7	10.6	5.1	469.2
0.0	13.1	353.2	10.6	5.7	469.2
0.0	13.9	343.0	10.5	5.1	469.2
0.1	15.9	311.6	10.5	5.6	469.2
0.1	16.6	287.6	10.5	6.0	469.2
0.1	19.3	252.9	10.5	6.1	469.2
5.9	19.8	247.3	10.5	5.1	469.2
6.4	16.7	42.5	10.4	4.2	469.2
8.9	13.4	45.1	10.4	1.5	469.2
29.1	11.9	42.8	10.4	3.2	469.2
0.0	4.3	109.4	10.4	3.0	469.2
0.0	3.4	201.3	10.4	2.0	469.2
0.0	3.3	326.7	10.4	3.0	469.2
0.1	4.9	261.2	10.3	3.4	471.0
0.0	3.5	222.9	10.3	3.0	471.0
0.0	5.7	146.1	10.3	2.7	471.0
0.0	6.8	148.9	10.3	2.3	471.0
0.0	7.2	297.9	10.3	3.3	471.0
0.0	9.2	219.1	10.3	3.5	471.0
0.0	7.2	215.7	10.3	3.2	471.0
0.0	6.1	262.0	10.3	3.0	471.0
0.0	5.5	98.9	10.2	3.3	471.0
0.0	6.7	312.0	10.2	3.9	471.0
0.0	7.6	307.3	10.2	3.7	471.0
0.0	5.5	264.6	10.2	3.3	471.0
0.0	5.6	312.8	10.2	3.7	471.0
0.0	7.4	259.6	10.2	3.4	471.0
0.0	5.7	142.8	10.2	3.3	471.0
0.0	5.4	318.3	10.2	3.9	471.0
0.0	6.6	312.6	10.2	4.0	471.0
0.0	7.2	299.5	10.2	3.9	471.0
0.0	5.0	308.7	10.2	3.4	471.0
0.0	5.1	308.0	10.2	3.0	471.0
0.0	5.1	219.6	10.2	2.5	471.0
0.0	3.8	213.1	10.2	3.0	471.0
0.0	3.5	312.3	10.2	3.1	471.0
1.2	6.0	219.9	10.2	3.1	471.0
3.2	6.5	87.0	10.2	2.2	471.0
0.5	4.8	79.6	10.2	2.8	471.0
0.0	6.9	308.6	10.2	3.9	471.0
0.0	8.3	311.6	10.2	4.3	471.0
7.2	11.7	160.7	10.2	4.1	471.0
1.6	6.2	76.5	10.2	3.2	471.0
0.0	3.1	319.9	10.2	2.6	471.0
4.7	7.0	229.2	10.2	3.2	473.0
0.3	6.7	137.5	10.2	3.0	473.0
0.0	7.5	316.9	10.2	3.7	473.0
0.0	3.6	168.3	10.2	2.0	473.0
0.0	6.8	277.5	10.3	3.4	473.0
0.0	7.9	257.6	10.3	4.1	473.0
0.0	6.8	328.5	10.3	3.6	473.0
0.0	11.1	315.7	10.3	5.0	473.0
6.9	12.1	61.0	10.3	3.6	473.0
11.0	4.6	30.7	10.3	3.5	473.0
0.2	1.7	155.8	10.3	2.3	473.0
0.0	7.1	269.9	10.3	3.8	473.0
0.3	9.5	326.5	10.4	4.1	473.0
8.6	13.9	103.1	10.4	4.3	473.0
5.4	10.7	42.4	10.4	2.1	473.0
4.2	6.3	33.0	10.4	3.6	473.0
4.7	6.2	67.6	10.4	2.0	473.0
0.9	3.6	57.9	10.4	3.0	473.0
0.2	3.2	225.9	10.5	3.2	473.0
1.3	8.2	310.5	10.5	4.4	473.0
5.3	6.3	28.5	10.5	2.6	473.0
0.1	3.5	346.5	10.5	3.2	473.0
0.1	5.2	305.0	10.5	4.0	473.0
0.3	5.6	238.9	10.6	3.1	473.0
0.2	9.0	165.7	10.6	3.6	473.0
6.5	10.4	292.2	10.6	5.6	473.0
3.0	1.7	71.0	10.6	1.9	473.0
0.1	-0.6	50.2	10.6	1.6	473.0
0.0	-2.0	171.2	10.7	2.0	473.0
3.6	0.8	142.2	10.7	2.1	473.0
0.0	2.8	365.8	10.7	3.4	473.0
0.0	1.5	394.0	10.7	3.4	473.9
0.0	5.1	392.5	10.8	4.4	473.9
0.0	8.5	379.2	10.8	5.1	473.9
0.0	8.8	360.5	10.8	3.9	473.9
1.3	8.3	145.8	10.8	4.0	473.9
0.1	5.5	244.8	10.9	3.2	473.9
0.2	6.7	210.6	10.9	3.2	473.9
0.6	11.7	187.7	10.9	4.7	473.9
0.4	15.8	228.2	10.9	5.8	473.9
2.1	17.2	245.0	11.0	5.7	473.9
1.6	6.3	59.2	11.0	4.5	473.9
10.1	4.0	123.0	11.0	2.3	473.9
4.6	0.3	62.3	11.1	2.2	473.9
0.0	1.4	413.3	11.1	2.7	473.9
0.9	4.8	286.6	11.1	3.2	473.9
0.1	4.6	241.5	11.1	3.9	473.9
0.0	3.9	440.6	11.2	4.2	473.9
0.0	8.7	437.0	11.2	5.8	473.9
0.0	13.8	369.8	11.2	6.9	473.9
0.0	16.7	297.3	11.3	7.5	473.9
6.7	18.8	356.9	11.3	8.3	473.9
1.5	4.7	60.8	11.3	4.1	473.9
0.3	3.5	110.1	11.3	2.7	473.9
0.0	4.7	462.6	11.4	4.1	473.9
0.0	7.7	263.9	11.4	4.8	473.9
0.0	7.3	427.2	11.4	5.0	473.9
0.0	9.7	456.8	11.5	6.3	473.9
0.0	12.4	466.6	11.5	6.9	473.9
0.0	15.5	367.7	11.5	7.5	474.4
0.2	18.3	286.7	11.5	7.6	474.4
0.0	17.2	139.2	11.6	6.2	474.4
13.1	19.6	394.9	11.6	9.3	474.4
0.6	8.1	72.0	11.6	4.8	474.4
1.2	7.3	50.2	11.7	3.5	474.4
17.0	16.4	283.5	11.7	7.3	474.4
0.7	10.4	178.4	11.7	3.3	474.4
0.0	11.8	498.8	11.8	6.4	474.4
0.0	14.4	492.4	11.8	7.3	474.4
30.3	13.1	152.2	11.8	4.6	474.4
2.1	13.9	61.8	11.9	3.2	474.4
17.2	14.5	96.5	11.9	5.4	474.4
0.7	8.2	126.0	11.9	5.0	474.4
0.0	5.3	337.7	11.9	3.3	474.4
0.7	8.0	426.2	12.0	4.8	474.4
15.3	12.0	151.8	12.0	5.2	474.4
22.4	12.3	119.6	12.0	8.4	474.4
0.0	7.1	394.9	12.1	4.1	474.4
0.0	8.8	339.6	12.1	5.4	474.4
1.9	8.2	177.4	12.1	4.7	474.4
0.3	9.9	447.8	12.2	6.7	474.4
0.0	13.9	505.8	12.2	7.3	474.4
2.6	12.6	127.1	12.2	4.0	474.4
3.6	14.8	188.6	12.3	5.3	474.4
42.6	16.6	48.7	12.3	4.2	474.4
17.9	17.0	86.6	12.3	6.6	474.4
3.5	16.4	371.6	12.3	6.5	474.4
44.0	18.8	81.2	12.4	6.1	474.4
14.0	14.6	80.2	12.4	7.5	474.4
16.3	11.9	57.7	12.4	3.2	474.4
1.5	11.7	113.4	12.5	5.1	474.7
30.0	17.5	545.8	12.5	8.7	474.7
2.5	12.9	73.5	12.5	6.0	474.7
0.0	12.4	578.4	12.6	6.8	474.7
6.1	15.5	547.9	12.6	7.4	474.7
9.6	15.2	47.1	12.6	4.5	474.7
7.8	18.2	158.9	12.6	5.6	474.7
1.4	18.9	190.8	12.7	6.8	474.7
8.2	22.2	298.3	12.7	7.8	474.7
0.0	24.3	494.5	12.7	9.3	474.7
0.1	24.9	390.6	12.8	7.7	474.7
0.2	20.3	469.2	12.8	10.6	474.7
1.6	23.4	581.8	12.8	10.0	474.7
8.4	21.1	87.3	12.9	6.8	474.7
0.9	20.2	87.8	12.9	5.8	474.7
5.6	15.5	117.3	12.9	9.7	474.7
1.1	10.2	81.3	12.9	3.4	474.7
0.0	14.0	598.5	13.0	7.4	474.7
0.7	18.6	552.2	13.0	8.5	474.7
6.6	15.7	91.1	13.0	5.5	474.7
7.1	22.2	351.3	13.1	9.0	474.7
15.8	17.7	115.6	13.1	9.7	474.7
8.0	13.8	106.0	13.1	4.6	474.7
15.8	15.6	67.6	13.1	6.2	474.7
2.9	15.7	259.1	13.2	6.5	474.7
37.9	17.7	157.4	13.2	6.5	474.7
31.5	20.9	355.7	13.2	6.9	474.7
30.7	21.5	77.8	13.2	6.6	474.7
27.7	22.2	92.7	13.3	7.9	474.7
2.8	15.8	79.6	13.3	7.5	474.7
0.0	15.7	321.9	13.3	6.4	474.9
1.2	16.9	332.7	13.3	6.5	474.9
0.0	19.1	467.4	13.4	9.0	474.9
0.2	16.4	648.6	13.4	9.6	474.9
6.6	18.4	610.1	13.4	8.6	474.9
20.4	19.1	124.9	13.4	7.7	474.9
0.0	22.2	605.3	13.5	8.6	474.9
7.0	23.0	600.9	13.5	10.0	474.9
6.4	25.1	591.0	13.5	9.0	474.9
22.8	20.1	191.4	13.5	9.4	474.9
0.1	19.6	625.7	13.6	9.1	474.9
0.0	20.1	580.8	13.6	10.1	474.9
0.2	22.1	517.5	13.6	9.8	474.9
32.0	20.5	113.7	13.6	9.5	474.9
23.7	23.9	290.9	13.7	8.6	474.9
0.0	22.0	495.7	13.7	8.7	474.9
9.8	23.5	480.9	13.7	8.2	474.9
29.0	21.8	81.7	13.7	10.1	474.9
0.8	18.6	91.8	13.7	5.7	474.9
4.7	15.5	143.3	13.8	7.6	474.9
0.0	18.3	635.3	13.8	8.5	474.9
35.2	20.4	210.0	13.8	7.3	474.9
1.2	23.9	230.2	13.8	8.5	474.9
48.9	22.9	192.7	13.8	9.9	474.9
1.1	16.3	136.1	13.8	6.7	474.9
3.7	14.9	115.6	13.9	5.5	474.9
17.0	13.4	156.2	13.9	5.1	474.9
1.6	13.5	164.4	13.9	5.2	474.9
0.0	15.5	313.5	13.9	7.0	474.9
0.1	16.1	290.0	13.9	7.9	474.9
0.0	18.6	638.4	13.9	8.9	474.9
1.0	19.2	222.4	13.9	6.5	473.3
0.9	21.4	535.1	14.0	10.0	473.3
0.0	22.9	466.1	14.0	9.6	473.3
1.3	23.6	542.3	14.0	10.8	473.3
3.7	24.6	668.6	14.0	10.7	473.3
0.0	26.5	614.9	14.0	10.4	473.3
0.4	23.1	204.1	14.0	10.4	473.3
1.7	21.7	89.9	14.0	5.3	473.3
1.0	23.0	310.8	14.0	7.7	473.3
0.1	25.4	532.2	14.0	10.2	473.3
0.1	26.2	492.1	14.0	9.5	473.3
0.2	27.0	305.8	14.1	7.8	473.3
21.3	26.8	384.5	14.1	9.3	473.3
6.0	26.7	226.6	14.1	9.5	473.3
11.0	26.4	398.0	14.1	9.5	473.3
0.1	26.1	422.5	14.1	11.1	473.3
0.3	24.0	263.3	14.1	9.9	473.3
0.1	23.5	565.4	14.1	9.9	473.3
0.0	22.4	558.9	14.1	10.4	473.3
0.0	23.0	690.3	14.1	11.2	473.3
0.0	23.8	669.7	14.1	11.9	473.3
0.0	23.5	640.9	14.1	11.6	473.3
0.0	26.2	631.3	14.1	11.1	473.3
1.1	25.9	238.6	14.1	9.0	473.3
4.2	24.1	61.0	14.1	5.8	473.3
11.2	23.7	108.8	14.1	5.3	473.3
5.3	25.0	498.6	14.1	10.0	473.3
7.9	25.4	422.7	14.1	9.3	473.3
22.5	25.1	515.0	14.1	9.2	473.3
3.3	23.9	78.1	14.1	4.5	473.3
5.1	24.3	221.1	14.1	7.9	470.1
3.1	26.2	633.7	14.0	10.1	470.1
8.3	27.0	637.9	14.0	10.3	470.1
23.5	26.6	497.6	14.0	8.5	470.1
3.5	26.8	315.9	14.0	8.7	470.1
1.4	26.0	282.3	14.0	7.9	470.1
0.6	26.0	271.4	14.0	7.0	470.1
11.7	26.5	470.8	14.0	9.1	470.1
14.0	26.7	316.7	14.0	7.9	470.1
10.7	26.6	272.6	14.0	8.2	470.1
14.2	27.0	581.7	14.0	10.2	470.1
7.6	26.5	554.4	13.9	10.6	470.1
23.9	25.8	440.7	13.9	9.5	470.1
16.1	24.7	278.3	13.9	8.1	470.1
21.8	25.6	449.4	13.9	8.6	470.1
11.7	26.4	566.2	13.9	10.6	470.1
6.7	26.2	622.7	13.9	10.9	470.1
9.9	26.2	457.7	13.9	10.8	470.1
2.4	27.5	549.6	13.8	10.5	470.1
2.9	28.5	629.9	13.8	11.3	470.1
0.6	28.0	617.1	13.8	11.6	470.1
0.0	27.8	647.4	13.8	10.9	470.1
0.0	28.8	588.3	13.8	10.5	470.1
21.5	26.4	265.3	13.8	9.0	470.1
12.7	25.3	150.6	13.7	6.8	470.1
13.9	26.1	375.1	13.7	8.6	470.1
10.6	26.7	538.9	13.7	9.5	470.1
18.9	26.7	453.4	13.7	9.5	470.1
22.8	26.5	430.3	13.7	9.4	470.1
33.0	25.9	448.5	13.6	8.3	470.1
10.5	26.3	481.0	13.6	8.9	470.1
9.5	26.8	512.9	13.6	9.0	468.4
10.2	27.3	507.4	13.6	10.7	468.4
9.0	27.5	512.8	13.5	9.7	468.4
8.9	27.7	567.5	13.5	10.4	468.4
3.4	27.3	623.8	13.5	10.2	468.4
8.3	26.6	531.9	13.5	8.3	468.4
3.9	26.1	265.4	13.5	7.7	468.4
8.3	26.7	529.5	13.4	9.4	468.4
2.6	27.3	578.5	13.4	9.5	468.4
6.6	27.3	562.7	13.4	10.0	468.4
2.2	27.5	434.0	13.4	9.3	468.4
11.1	27.8	421.3	13.3	9.7	468.4
19.6	27.1	332.4	13.3	8.7	468.4
16.5	26.0	291.9	13.3	7.4	468.4
6.3	26.0	367.6	13.3	8.8	468.4
9.0	26.1	412.5	13.2	8.5	468.4
4.6	26.1	532.8	13.2	8.0	468.4
0.6	26.6	480.6	13.2	8.4	468.4
0.8	27.9	544.4	13.1	9.3	468.4
0.2	28.5	588.7	13.1	10.0	468.4
7.6	27.9	534.0	13.1	10.2	468.4
7.3	27.5	528.9	13.1	9.6	468.4
12.9	26.8	407.2	13.0	8.8	468.4
11.8	26.7	431.7	13.0	9.0	468.4
13.2	26.5	529.4	13.0	9.3	468.4
5.4	26.4	488.9	13.0	9.1	468.4
8.0	26.2	553.5	12.9	9.4	468.4
15.4	25.9	436.5	12.9	8.9	468.4
12.7	25.8	424.6	12.9	8.8	468.4
14.1	26.0	461.5	12.8	8.3	468.4
6.4	26.8	508.7	12.8	9.4	468.4
15.3	26.1	523.0	12.8	8.3	467.3
0.0	24.1	560.6	12.8	10.2	467.3
0.0	24.6	563.1	12.7	9.3	467.3
0.8	24.1	404.0	12.7	7.9	467.3
0.2	23.1	258.2	12.7	8.0	467.3
0.2	23.1	555.2	12.6	8.7	467.3
0.0	23.6	454.3	12.6	7.6	467.3
0.0	24.1	373.6	12.6	8.9	467.3
0.1	24.0	548.1	12.6	9.8	467.3
0.0	23.1	495.8	12.5	9.2	467.3
0.0	23.9	535.8	12.5	9.7	467.3
0.0	24.9	475.4	12.5	9.1	467.3
0.6	25.1	327.3	12.4	8.2	467.3
0.1	24.4	231.6	12.4	6.6	467.3
0.0	22.4	240.5	12.4	8.0	467.3
0.0	21.5	540.7	12.3	8.6	467.3
0.0	21.3	529.9	12.3	9.1	467.3
0.0	21.6	545.9	12.3	9.5	467.3
0.0	22.5	537.6	12.3	9.7	467.3
0.0	22.5	539.8	12.2	10.1	467.3
0.0	23.1	533.0	12.2	10.1	467.3
0.0	22.9	433.8	12.2	9.5	467.3
0.0	23.5	519.7	12.1	9.3	467.3
0.0	21.5	524.2	12.1	8.4	467.3
0.0	22.1	519.5	12.1	9.7	467.3
0.0	21.1	525.6	12.0	9.5	467.3
0.0	21.4	522.7	12.0	9.8	467.3
0.0	21.8	519.8	12.0	9.1	467.3
0.0	22.7	503.7	11.9	8.1	467.3
0.0	25.1	326.7	11.9	7.9	467.3
0.0	25.6	413.4	11.9	8.3	467.2
1.0	25.8	451.8	11.9	8.9	467.2
0.0	21.4	492.3	11.8	8.2	467.2
0.0	20.3	487.7	11.8	8.1	467.2
0.0	20.4	485.3	11.8	7.5	467.2
0.0	22.9	468.2	11.7	8.2	467.2
1.3	24.4	434.2	11.7	8.2	467.2
1.1	18.9	53.1	11.7	5.0	467.2
0.0	19.7	474.7	11.6	7.4	467.2
0.0	19.9	450.9	11.6	7.6	467.2
0.0	19.6	467.9	11.6	8.0	467.2
0.0	20.2	373.8	11.6	8.6	467.2
0.0	16.3	464.7	11.5	5.5	467.2
0.0	18.2	402.0	11.5	7.4	467.2
0.0	16.4	459.0	11.5	7.4	467.2
0.0	16.6	462.3	11.4	6.8	467.2
0.0	18.5	446.4	11.4	6.9	467.2
0.0	20.6	437.0	11.4	7.3	467.2
0.1	21.4	332.0	11.4	7.1	467.2
0.7	21.9	369.4	11.3	7.9	467.2
0.0	14.6	416.7	11.3	6.1	467.2
0.0	14.4	444.4	11.3	6.8	467.2
0.0	16.1	409.1	11.2	6.9	467.2
0.1	20.0	398.4	11.2	7.3	467.2
0.0	21.2	398.3	11.2	6.7	467.2
0.0	19.5	258.0	11.2	6.7	467.2
0.0	19.7	354.0	11.1	6.2	467.2
0.0	20.3	395.3	11.1	7.3	467.2
0.0	20.4	399.9	11.1	7.2	467.2
0.9	20.3	153.0	11.0	5.4	467.2
0.0	15.1	306.3	11.0	6.6	467.2
0.0	15.3	392.5	11.0	5.5	468.5
0.2	16.9	252.4	11.0	5.0	468.5
0.4	15.2	251.1	10.9	6.3	468.5
0.0	10.2	387.5	10.9	4.5	468.5
0.0	11.4	394.0	10.9	5.0	468.5
0.0	9.6	393.2	10.9	4.8	468.5
0.0	9.0	394.6	10.8	4.5	468.5
0.0	11.6	362.3	10.8	4.7	468.5
0.0	9.8	345.0	10.8	4.0	468.5
0.1	11.9	182.4	10.8	4.2	468.5
0.0	13.7	297.7	10.7	5.1	468.5
0.0	10.4	338.4	10.7	5.1	468.5
0.0	8.8	384.3	10.7	4.7	468.5
0.0	12.3	367.1	10.7	5.8	468.5
0.0	12.8	368.1	10.6	6.0	468.5
0.0	14.0	362.8	10.6	5.9	468.5
0.0	14.7	340.1	10.6	5.9	468.5
0.0	16.6	302.7	10.6	5.5	468.5
0.0	16.3	334.9	10.6	5.3	468.5
0.0	15.7	347.6	10.5	5.5	468.5
0.0	14.6	280.2	10.5	5.2	468.5
0.0	16.3	292.4	10.5	5.5	468.5
0.1	16.5	187.2	10.5	4.7	468.5
0.0	10.9	205.8	10.5	3.8	468.5
0.7	10.1	273.3	10.4	3.2	468.5
0.7	6.3	55.0	10.4	2.9	468.5
0.0	8.0	336.6	10.4	4.3	468.5
0.0	11.8	307.4	10.4	4.6	468.5
0.0	11.8	229.2	10.4	4.6	468.5
6.7	13.5	312.3	10.4	4.8	468.5
8.6	8.2	21.8	10.3	3.0	470.3
0.0	2.7	201.6	10.3	2.6	470.3
0.0	3.5	333.0	10.3	3.1	470.3
0.0	7.0	200.7	10.3	3.5	470.3
0.0	8.5	308.4	10.3	3.2	470.3
0.0	10.3	261.7	10.3	3.6	470.3
0.0	9.3	317.6	10.3	4.2	470.3
0.0	9.2	316.6	10.3	4.1	470.3
2.2	12.0	291.3	10.2	4.0	470.3
1.5	8.9	28.7	10.2	2.9	470.3
0.0	8.3	300.9	10.2	3.9	470.3
0.0	11.5	306.8	10.2	4.2	470.3
4.0	14.4	102.1	10.2	4.0	470.3
0.0	8.0	310.4	10.2	3.6	470.3
0.0	10.5	258.9	10.2	3.9	470.3
0.0	11.4	271.7	10.2	4.8	470.3
0.0	11.2	312.4	10.2	4.9	470.3
0.0	12.9	306.0	10.2	5.1	470.3
0.0	14.3	293.7	10.2	5.0	470.3
14.1	16.2	284.5	10.2	5.3	470.3
10.1	1.3	40.1	10.2	3.7	470.3
0.3	-6.1	166.5	10.2	1.0	470.3
0.0	-6.3	325.1	10.2	1.5	470.3
0.0	-1.7	262.4	10.2	2.0	470.3
0.1	2.5	112.2	10.2	2.2	470.3
2.1	8.5	278.3	10.2	3.6	470.3
1.8	6.1	29.4	10.2	2.5	470.3
0.0	1.4	312.8	10.2	2.1	470.3
0.0	5.2	311.4	10.2	3.2	470.3
0.0	1.3	314.3	10.2	2.2	470.3
0.0	8.5	310.5	10.2	4.7	470.3
0.0	4.6	305.9	10.2	3.1	472.4
0.1	-0.6	51.6	10.2	1.9	472.4
0.0	-4.3	214.3	10.2	1.2	472.4
0.0	-3.0	268.2	10.2	1.8	472.4
0.0	-3.0	331.0	10.3	1.9	472.4
0.0	0.3	333.9	10.3	2.9	472.4
0.0	4.1	331.3	10.3	3.5	472.4
0.0	7.3	130.0	10.3	3.3	472.4
0.0	7.2	264.4	10.3	3.8	472.4
0.0	6.9	325.6	10.3	3.9	472.4
0.0	9.3	329.4	10.3	4.5	472.4
0.0	8.5	329.5	10.3	4.6	472.4
0.0	10.6	230.6	10.4	4.4	472.4
4.3	9.2	63.1	10.4	2.2	472.4
1.1	11.3	83.8	10.4	2.9	472.4
3.0	15.1	143.1	10.4	4.3	472.4
0.3	16.3	98.8	10.4	4.0	472.4
8.3	17.4	229.5	10.4	4.7	472.4
2.5	12.6	36.0	10.5	3.2	472.4
0.5	17.7	115.7	10.5	4.3	472.4
3.1	7.4	44.5	10.5	5.7	472.4
2.5	0.9	155.9	10.5	1.5	472.4
1.8	-0.2	54.6	10.5	1.3	472.4
9.6	1.4	219.2	10.6	2.0	472.4
5.7	-0.3	107.2	10.6	0.8	472.4
0.0	0.2	315.6	10.6	2.2	472.4
0.0	-0.6	367.5	10.6	2.6	472.4
0.6	2.3	165.1	10.6	2.4	472.4
6.2	1.9	45.2	10.7	1.3	472.4
3.6	3.1	194.0	10.7	2.3	472.4
5.8	5.0	180.5	10.7	2.6	472.4
32.6	3.2	34.6	10.7	1.9	473.3
1.8	3.8	110.6	10.8	2.8	473.3
0.1	3.7	180.4	10.8	2.3	473.3
0.2	6.5	206.3	10.8	3.5	473.3
1.8	6.6	58.9	10.8	2.1	473.3
5.9	7.2	57.3	10.9	1.9	473.3
20.4	8.0	40.3	10.9	2.1	473.3
3.7	7.7	197.1	10.9	4.8	473.3
1.9	-3.0	119.3	10.9	2.1	473.3
0.0	-3.3	421.7	11.0	2.4	473.3
0.0	1.0	321.4	11.0	3.5	473.3
0.0	-1.4	429.5	11.0	2.6	473.3
0.6	4.4	251.5	11.0	3.7	473.3
0.0	0.9	433.0	11.1	3.5	473.3
0.0	2.7	431.3	11.1	3.7	473.3
0.0	6.9	307.5	11.1	4.3	473.3
19.8	10.5	304.1	11.2	5.2	473.3
0.8	6.5	156.3	11.2	3.3	473.3
0.0	5.3	206.9	11.2	3.8	473.3
0.0	7.1	426.2	11.2	5.2	473.3
0.0	10.2	439.0	11.3	5.6	473.3
0.7	9.6	127.0	11.3	3.5	473.3
0.0	10.0	394.4	11.3	5.4	473.3
0.0	10.9	248.8	11.4	5.5	473.3
0.0	16.6	417.6	11.4	7.6	473.3
18.9	7.0	55.4	11.4	5.9	473.3
1.2	5.5	137.1	11.5	2.7	473.3
0.0	3.2	274.2	11.5	3.4	473.3
0.0	5.5	482.0	11.5	4.4	473.3
8.4	6.6	104.7	11.5	3.5	473.8
3.9	3.3	32.6	11.6	2.7	473.8
19.5	2.4	81.8	11.6	2.9	473.8
24.9	0.1	78.9	11.6	1.2	473.8
17.3	1.4	52.5	11.7	1.8	473.8
34.1	4.7	61.0	11.7	2.7	473.8
0.5	5.4	109.9	11.7	2.6	473.8
6.8	4.7	122.9	11.8	2.9	473.8
20.7	9.6	175.8	11.8	4.3	473.8
17.7	13.7	55.1	11.8	4.5	473.8
10.8	10.1	115.0	11.8	6.1	473.8
35.7	9.2	456.5	11.9	4.6	473.8
24.2	8.1	16.8	11.9	3.7	473.8
14.9	8.2	28.7	11.9	3.6	473.8
4.6	13.4	179.5	12.0	9.2	473.8
4.4	5.4	123.2	12.0	3.0	473.8
10.4	8.1	170.0	12.0	4.4	473.8
30.3	14.1	99.3	12.1	6.0	473.8
6.6	17.1	312.0	12.1	9.8	473.8
0.1	9.5	242.5	12.1	4.6	473.8
3.8	9.8	368.5	12.2	4.9	473.8
3.6	11.1	107.0	12.2	6.5	473.8
14.6	15.4	313.0	12.2	9.9	473.8
5.2	6.8	113.4	12.2	2.6	473.8
10.4	6.8	44.9	12.3	1.8	473.8
0.2	8.4	189.3	12.3	3.8	473.8
0.0	7.7	211.5	12.3	4.2	473.8
0.0	9.6	541.8	12.4	6.4	473.8
0.0	12.6	411.4	12.4	6.2	473.8
0.0	11.9	492.9	12.4	6.8	473.8
2.5	15.0	565.6	12.5	7.6	473.8
0.0	11.9	580.7	12.5	7.4	474.0
0.2	14.0	275.8	12.5	6.7	474.0
0.0	13.3	198.1	12.5	7.0	474.0
2.3	12.3	149.4	12.6	7.6	474.0
0.0	10.1	605.8	12.6	7.2	474.0
0.4	17.6	571.9	12.6	9.5	474.0
0.1	15.2	332.3	12.7	11.3	474.0
0.0	13.7	623.5	12.7	8.6	474.0
4.7	18.9	570.1	12.7	10.7	474.0
41.8	19.5	63.6	12.8	7.6	474.0
36.9	19.3	88.9	12.8	8.0	474.0
5.9	11.1	106.9	12.8	6.5	474.0
0.2	7.9	256.1	12.8	4.4	474.0
0.0	10.7	551.5	12.9	6.5	474.0
0.0	8.8	599.0	12.9	6.1	474.0
2.8	13.9	552.2	12.9	8.3	474.0
0.0	15.1	429.2	13.0	8.7	474.0
0.0	16.2	618.9	13.0	9.2	474.0
37.4	19.4	577.8	13.0	8.8	474.0
37.4	18.5	109.2	13.0	7.6	474.0
0.6	16.1	281.5	13.1	9.7	474.0
0.1	18.9	560.7	13.1	10.1	474.0
0.0	16.4	616.9	13.1	7.6	474.0
4.9	14.6	287.7	13.2	5.5	474.0
36.9	15.8	59.6	13.2	5.4	474.0
30.3	20.0	84.4	13.2	6.8	474.0
20.3	20.9	81.6	13.2	5.5	474.0
0.9	22.5	212.9	13.3	7.3	474.0
5.3	25.4	578.6	13.3	10.2	474.0
0.0	25.6	625.4	13.3	9.5	474.0
4.7	18.5	380.6	13.3	13.6	474.3
0.0	12.3	652.2	13.4	7.6	474.3
0.0	16.1	608.3	13.4	8.3	474.3
0.1	20.9	278.3	13.4	8.8	474.3
3.6	23.5	382.2	13.4	8.1	474.3
8.4	25.0	533.4	13.5	8.4	474.3
7.7	22.2	172.3	13.5	9.8	474.3
1.4	19.8	145.0	13.5	6.3	474.3
4.6	18.7	52.1	13.5	5.2	474.3
1.8	16.0	73.8	13.6	4.9	474.3
0.0	16.1	610.2	13.6	7.7	474.3
7.8	15.5	114.8	13.6	6.1	474.3
1.0	14.5	88.2	13.6	4.3	474.3
0.8	17.9	393.6	13.6	7.9	474.3
0.6	18.2	285.8	13.7	7.1	474.3
1.5	18.2	345.8	13.7	7.4	474.3
28.5	15.7	86.9	13.7	4.7	474.3
7.6	15.0	71.8	13.7	4.0	474.3
0.8	14.2	98.0	13.7	5.3	474.3
0.3	18.2	649.1	13.8	9.6	474.3
0.2	20.9	606.3	13.8	9.9	474.3
2.8	18.9	102.0	13.8	5.3	474.3
0.0	18.8	305.1	13.8	7.8	474.3
0.0	20.1	664.4	13.8	9.3	474.3
1.7	22.0	618.5	13.9	9.9	474.3
10.3	20.8	80.3	13.9	7.3	474.3
1.3	21.4	237.9	13.9	8.5	474.3
0.1	22.1	622.8	13.9	10.0	474.3
7.7	20.6	254.7	13.9	8.2	474.3
13.6	17.8	29.9	13.9	3.3	474.3
6.2	17.7	81.7	13.9	5.2	474.3
1.3	16.8	89.4	14.0	4.4	472.6
0.0	20.1	597.2	14.0	9.7	472.6
0.0	21.9	655.2	14.0	10.5	472.6
10.9	23.4	487.5	14.0	10.6	472.6
1.6	20.9	109.6	14.0	5.6	472.6
0.4	23.9	489.0	14.0	10.8	472.6
0.3	23.3	622.0	14.0	9.5	472.6
0.3	20.9	290.6	14.0	8.4	472.6
0.0	22.0	619.3	14.0	10.1	472.6
0.0	22.7	675.3	14.0	10.7	472.6
0.1	23.0	667.9	14.1	10.2	472.6
0.0	24.1	501.2	14.1	9.6	472.6
0.2	23.9	476.3	14.1	11.1	472.6
4.1	24.0	589.5	14.1	11.2	472.6
0.3	23.8	658.9	14.1	11.6	472.6
0.0	24.7	501.9	14.1	10.3	472.6
1.8	26.2	662.6	14.1	10.4	472.6
4.1	25.9	510.6	14.1	10.2	472.6
3.4	23.9	424.4	14.1	10.6	472.6
0.0	23.8	631.8	14.1	10.4	472.6
1.9	26.4	605.7	14.1	11.1	472.6
3.9	24.1	179.8	14.1	7.2	472.6
0.1	26.0	546.0	14.1	11.0	472.6
0.0	28.8	600.7	14.1	11.9	472.6
2.8	29.8	633.5	14.1	11.5	472.6
17.9	27.6	514.7	14.1	10.0	472.6
21.8	27.0	396.6	14.1	9.5	472.6
11.8	26.3	277.1	14.1	8.1	472.6
2.8	27.3	399.0	14.1	10.3	472.6
22.4	27.3	457.2	14.1	10.1	472.6
16.5	25.0	121.5	14.0	8.8	469.5
2.4	21.5	106.2	14.0	6.7	469.5
0.0	21.5	521.2	14.0	9.3	469.5
0.3	22.7	594.2	14.0	8.9	469.5
56.4	21.1	79.8	14.0	4.5	469.5
9.3	20.3	36.9	14.0	2.1	469.5
24.5	20.9	31.9	14.0	4.2	469.5
8.7	21.9	59.1	14.0	4.4	469.5
0.3	24.5	560.3	14.0	9.9	469.5
0.0	27.0	640.0	14.0	10.8	469.5
0.2	28.1	637.6	14.0	11.4	469.5
10.7	27.4	637.5	13.9	11.4	469.5
7.1	27.8	619.6	13.9	11.4	469.5
0.0	28.4	647.9	13.9	11.0	469.5
0.0	28.9	654.0	13.9	10.9	469.5
0.0	29.7	631.1	13.9	11.1	469.5
0.1	30.6	617.7	13.9	11.6	469.5
7.2	29.1	614.0	13.8	12.5	469.5
10.2	27.2	532.8	13.8	10.7	469.5
22.9	27.0	521.2	13.8	9.8	469.5
6.2	26.8	534.1	13.8	9.1	469.5
2.6	26.2	384.0	13.8	8.1	469.5
2.0	26.5	430.4	13.8	9.0	469.5
6.5	27.5	564.5	13.7	10.7	469.5
4.8	27.9	595.2	13.7	10.2	469.5
3.9	28.5	618.7	13.7	11.6	469.5
13.0	27.7	529.3	13.7	9.6	469.5
21.7	27.4	322.3	13.7	9.6	469.5
16.5	27.4	484.6	13.6	9.3	469.5
0.0	28.8	605.4	13.6	10.3	469.5
5.4	28.3	562.8	13.6	10.5	469.5
1.9	28.1	439.4	13.6	9.5	467.7
8.8	27.8	558.4	13.6	10.2	467.7
9.1	27.1	578.5	13.5	10.2	467.7
8.4	27.0	439.3	13.5	9.1	467.7
13.8	26.9	455.4	13.5	9.3	467.7
22.7	26.6	365.3	13.5	8.5	467.7
18.6	27.0	397.0	13.4	9.2	467.7
11.0	27.1	487.6	13.4	10.4	467.7
11.0	26.8	515.0	13.4	10.0	467.7
14.8	26.7	440.4	13.4	8.8	467.7
21.5	26.5	385.7	13.3	9.5	467.7
16.4	26.3	480.8	13.3	9.1	467.7
7.2	26.5	548.9	13.3	9.6	467.7
0.1	27.1	540.7	13.3	9.9	467.7
0.1	26.7	398.1	13.2	8.7	467.7
0.6	26.8	480.5	13.2	7.6	467.7
3.4	26.3	352.7	13.2	7.5	467.7
6.1	26.6	494.2	13.2	9.0	467.7
11.7	26.0	359.1	13.1	7.9	467.7
10.0	26.2	406.6	13.1	8.0	467.7
5.9	26.3	510.9	13.1	8.8	467.7
15.8	26.0	426.1	13.0	8.2	467.7
15.7	25.6	262.9	13.0	6.4	467.7
1.8	25.7	300.9	13.0	7.7	467.7
0.1	25.2	404.4	13.0	8.8	467.7
0.0	26.4	568.3	12.9	8.9	467.7
0.4	25.5	426.9	12.9	8.9	467.7
0.0	25.2	457.0	12.9	8.9	467.7
3.3	25.5	444.4	12.8	8.0	467.7
10.6	24.9	358.7	12.8	7.8	467.7
21.8	25.9	480.7	12.8	8.2	467.7
13.3	26.3	528.3	12.8	9.0	466.6
13.5	26.2	529.8	12.7	9.0	466.6
9.7	26.6	537.3	12.7	9.1	466.6
6.9	26.6	511.6	12.7	8.4	466.6
2.0	20.9	83.1	12.6	7.7	466.6
0.0	20.4	564.5	12.6	8.0	466.6
0.4	22.3	532.8	12.6	8.9	466.6
0.1	23.1	408.7	12.6	8.3	466.6
0.1	23.9	478.3	12.5	7.9	466.6
0.0	23.1	337.8	12.5	7.7	466.6
0.0	22.5	344.9	12.5	6.8	466.6
0.0	21.9	102.8	12.4	3.7	466.6
0.5	25.1	400.7	12.4	8.9	466.6
12.8	24.4	422.5	12.4	8.3	466.6
10.9	24.0	391.8	12.3	7.2	466.6
14.5	23.7	473.8	12.3	7.2	466.6
7.4	23.8	316.1	12.3	7.3	466.6
10.8	24.5	430.8	12.3	7.4	466.6
26.7	24.6	365.8	12.2	7.8	466.6
19.4	20.4	14.8	12.2	6.3	466.6
3.0	16.1	46.1	12.2	3.7	466.6
0.1	17.4	428.4	12.1	6.6	466.6
0.2	19.1	474.6	12.1	7.2	466.6
0.5	18.3	63.9	12.1	3.8	466.6
0.3	19.0	303.7	12.0	7.2	466.6
0.0	19.4	313.2	12.0	7.5	466.6
0.1	21.4	400.8	12.0	7.2	466.6
0.0	22.2	496.3	12.0	7.9	466.6
0.0	23.6	490.8	11.9	7.6	466.6
2.1	24.6	466.1	11.9	8.1	466.6
7.0	24.0	237.0	11.9	6.9	466.5
13.9	23.9	296.7	11.8	6.6	466.5
0.0	23.7	423.8	11.8	7.6	466.5
0.1	23.9	381.6	11.8	7.6	466.5
0.1	24.4	418.4	11.7	7.7	466.5
5.2	23.6	376.5	11.7	8.7	466.5
4.9	14.8	54.5	11.7	4.5	466.5
0.5	15.6	226.1	11.7	4.4	466.5
0.1	18.6	422.6	11.6	6.3	466.5
0.2	21.0	399.0	11.6	7.1	466.5
0.3	22.6	377.5	11.6	6.6	466.5
0.2	23.7	407.0	11.5	7.1	466.5
0.1	23.9	425.0	11.5	7.3	466.5
11.1	15.9	85.8	11.5	7.9	466.5
0.0	10.7	412.3	11.4	5.3	466.5
0.0	12.6	448.6	11.4	5.7	466.5
0.0	15.5	267.7	11.4	5.6	466.5
0.0	13.3	427.3	11.4	5.7	466.5
0.0	12.3	450.6	11.3	5.7	466.5
0.0	15.2	419.9	11.3	6.1	466.5
0.0	17.9	285.9	11.3	6.5	466.5
0.0	18.5	301.9	11.2	7.4	466.5
0.0	18.7	405.8	11.2	7.3	466.5
0.0	17.4	385.5	11.2	5.7	466.5
1.2	19.4	385.7	11.2	6.3	466.5
14.5	16.9	23.1	11.1	4.1	466.5
29.8	13.3	32.3	11.1	2.6	466.5
0.8	10.9	129.0	11.1	3.8	466.5
0.0	10.9	412.1	11.1	4.8	466.5
0.0	10.2	413.0	11.0	5.2	466.5
0.0	10.6	407.3	11.0	4.8	466.5
0.0	13.9	374.0	11.0	5.7	467.8
0.7	17.3	340.4	10.9	5.6	467.8
0.1	15.5	120.6	10.9	3.7	467.8
1.4	14.1	202.6	10.9	4.7	467.8
0.1	11.1	180.8	10.9	2.9	467.8
0.0	10.1	387.7	10.8	4.8	467.8
0.0	12.4	382.4	10.8	5.0	467.8
0.0	7.9	383.9	10.8	3.7	467.8
0.0	10.4	370.2	10.8	4.9	467.8
0.0	14.1	363.2	10.7	5.6	467.8
0.0	17.9	322.7	10.7	6.2	467.8
0.0	12.5	104.9	10.7	4.5	467.8
0.0	12.5	362.0	10.7	5.0	467.8
0.0	15.0	270.2	10.6	4.9	467.8
0.0	17.6	337.3	10.6	5.2	467.8
1.6	15.5	72.0	10.6	3.9	467.8
0.0	11.8	236.0	10.6	4.0	467.8
2.5	12.2	188.5	10.6	3.5	467.8
1.3	12.6	37.3	10.5	1.9	467.8
6.7	15.4	80.0	10.5	3.7	467.8
0.7	9.8	200.4	10.5	4.3	467.8
0.1	8.4	289.7	10.5	3.5	467.8
0.0	13.1	304.3	10.5	4.5	467.8
9.6	14.2	51.5	10.4	3.6	467.8
2.3	12.7	62.0	10.4	3.4	467.8
3.5	14.5	45.1	10.4	5.0	467.8
0.4	10.6	100.7	10.4	2.3	467.8
1.3	15.8	213.7	10.4	4.2	467.8
11.6	10.2	20.6	10.4	4.4	467.8
19.7	1.4	27.1	10.3	1.8	467.8
26.3	-0.0	34.3	10.3	0.8	469.6
6.2	0.1	72.9	10.3	1.0	469.6
0.1	0.1	69.8	10.3	1.3	469.6
0.4	3.0	165.2	10.3	2.5	469.6
0.5	3.3	40.5	10.3	1.1	469.6
0.0	3.5	92.6	10.3	2.3	469.6
0.2	5.0	287.5	10.3	3.2	469.6
1.1	10.1	157.0	10.2	3.3	469.6
3.9	14.2	46.4	10.2	2.8	469.6
6.0	11.9	72.3	10.2	1.6	469.6
7.0	13.8	50.6	10.2	3.3	469.6
6.0	6.2	21.9	10.2	2.8	469.6
0.2	3.3	105.7	10.2	2.0	469.6
0.8	5.2	134.1	10.2	2.3	469.6
2.1	6.8	87.5	10.2	1.6	469.6
11.7	7.6	41.3	10.2	1.5	469.6
14.5	8.3	21.5	10.2	2.1	469.6
0.9	6.9	83.2	10.2	1.9	469.6
1.2	4.9	112.3	10.2	1.9	469.6
2.5	4.8	106.6	10.2	1.7	469.6
4.7	6.9	50.6	10.2	1.9	469.6
1.1	9.3	94.2	10.2	2.3	469.6
0.6	9.2	85.4	10.2	2.0	469.6
5.6	8.0	65.4	10.2	2.8	469.6
0.4	1.1	124.9	10.2	2.0	469.6
0.0	1.1	319.5	10.2	2.3	469.6
0.2	5.1	313.1	10.2	3.9	469.6
0.7	10.3	258.4	10.2	4.2	469.6
0.3	9.0	115.6	10.2	4.0	469.6
1.5	2.3	299.8	10.2	2.5	469.6
0.8	-3.9	62.2	10.2	1.4	469.6
0.0	-2.2	324.1	10.2	1.8	471.7
0.2	-3.8	291.5	10.2	1.7	471.7
0.0	-2.7	322.1	10.2	1.9	471.7
0.0	0.9	138.5	10.3	1.9	471.7
3.8	4.6	55.6	10.3	2.0	471.7
8.8	5.5	27.4	10.3	1.9	471.7
8.5	5.5	24.8	10.3	1.3	471.7
20.1	5.1	42.8	10.3	1.6	471.7
22.5	1.8	33.7	10.3	1.8	471.7
1.3	0.5	92.8	10.3	1.5	471.7
0.0	0.4	274.9	10.3	2.3	471.7
0.0	1.0	263.6	10.4	2.8	471.7
0.0	-3.3	343.7	10.4	2.0	471.7
0.0	-2.1	333.5	10.4	2.2	471.7
0.1	2.8	306.9	10.4	3.0	471.7
0.8	-0.7	93.6	10.4	1.8	471.7
0.2	-0.3	193.1	10.4	2.3	471.7
0.1	0.2	239.5	10.5	2.7	471.7
0.1	4.0	320.8	10.5	3.6	471.7
0.1	7.4	242.4	10.5	3.7	471.7
2.2	8.7	96.7	10.5	2.5	471.7
28.9	8.9	28.2	10.5	2.4	471.7
30.7	4.5	32.9	10.6	2.4	471.7
1.4	1.7	145.2	10.6	2.1	471.7
1.1	0.8	135.0	10.6	2.0	471.7
0.4	2.1	181.3	10.6	2.8	471.7
4.4	2.8	51.5	10.6	1.9	471.7
1.0	1.9	145.9	10.7	2.1	471.7
0.0	4.9	318.6	10.7	3.2	471.7
0.1	7.2	373.1	10.7	4.6	471.7
0.2	6.7	345.9	10.7	4.6	471.7
0.0	1.4	370.9	10.8	3.1	472.6
0.0	1.2	376.4	10.8	2.5	472.6
0.3	5.4	149.5	10.8	3.1	472.6
5.9	9.4	111.1	10.8	3.6	472.6
15.1	9.0	32.4	10.9	3.2	472.6
0.7	9.0	124.3	10.9	3.5	472.6
0.2	12.5	198.0	10.9	4.5	472.6
0.2	14.8	211.0	10.9	4.9	472.6
12.0	11.6	93.5	11.0	5.7	472.6
0.7	6.3	129.0	11.0	2.2	472.6
2.3	9.8	165.2	11.0	5.1	472.6
3.9	-0.1	165.8	11.0	2.8	472.6
0.1	-4.6	205.9	11.1	1.9	472.6
1.3	0.6	368.6	11.1	2.9	472.6
1.1	5.4	126.7	11.1	3.4	472.6
0.0	2.5	205.9	11.2	2.5	472.6
3.2	3.9	406.5	11.2	3.5	472.6
16.8	4.8	37.9	11.2	2.4	472.6
0.0	2.9	308.3	11.2	3.7	472.6
0.0	7.9	432.8	11.3	5.2	472.6
0.1	4.3	319.1	11.3	3.9	472.6
13.3	1.1	147.3	11.3	1.9	472.6
14.6	2.3	67.2	11.4	1.7	472.6
14.2	3.9	31.7	11.4	1.9	472.6
9.4	4.7	62.4	11.4	2.4	472.6
1.2	4.1	74.0	11.4	1.7	472.6
6.9	4.8	70.1	11.5	2.1	472.6
46.5	8.9	40.9	11.5	5.6	472.6
4.6	10.1	56.8	11.5	5.6	473.0
0.6	7.6	168.5	11.6	3.3	473.0
4.4	5.9	76.8	11.6	3.8	473.0
23.1	5.6	59.0	11.6	3.0	473.0
1.7	6.2	59.0	11.7	2.7	473.0
6.7	8.9	179.8	11.7	3.4	473.0
31.3	8.5	42.6	11.7	1.8	473.0
1.5	9.3	140.0	11.7	3.6	473.0
16.1	13.4	315.8	11.8	5.7	473.0
2.5	16.5	142.1	11.8	6.2	473.0
16.9	18.4	184.3	11.8	6.1	473.0
11.0	9.5	30.8	11.9	6.3	473.0
1.3	8.0	185.3	11.9	3.9	473.0
15.5	17.4	361.5	11.9	9.1	473.0
7.3	16.7	78.9	12.0	3.6	473.0
3.1	20.2	265.4	12.0	7.3	473.0
31.6	13.6	227.9	12.0	9.9	473.0
0.6	3.6	209.5	12.1	2.6	473.0
12.7	3.0	112.0	12.1	2.0	473.0
26.2	6.9	40.0	12.1	3.8	473.0
6.4	6.6	71.4	12.1	2.6	473.0
0.9	2.7	156.0	12.2	4.7	473.0
0.5	3.1	443.3	12.2	3.8	473.0
0.0	8.5	563.3	12.2	6.4	473.0
0.0	13.2	549.0	12.3	7.5	473.0
0.0	19.0	529.1	12.3	9.1	473.0
0.3	19.1	262.3	12.3	9.3	473.0
0.0	20.0	423.3	12.4	9.5	473.0
0.0	23.2	363.7	12.4	8.2	473.0
0.0	26.9	501.3	12.4	9.4	473.0
2.6	26.6	413.3	12.5	11.6	473.0
0.8	23.2	370.4	12.5	8.5	473.3
13.9	23.1	345.4	12.5	9.5	473.3
25.0	12.1	43.1	12.5	9.5	473.3
5.0	5.2	61.8	12.6	2.9	473.3
0.1	6.4	534.7	12.6	5.5	473.3
0.0	10.4	596.1	12.6	6.8	473.3
11.4	12.0	245.7	12.7	5.8	473.3
0.6	11.8	78.8	12.7	3.7	473.3
58.0	18.0	282.4	12.7	8.1	473.3
18.7	17.4	46.1	12.7	6.5	473.3
1.5	15.9	150.3	12.8	4.9	473.3
17.4	15.5	292.2	12.8	7.4	473.3
24.0	13.7	41.4	12.8	3.5	473.3
0.5	12.8	82.4	12.9	3.9	473.3
0.1	21.8	545.3	12.9	10.7	473.3
8.2	20.2	348.2	12.9	11.3	473.3
0.0	16.2	552.3	13.0	7.2	473.3
4.1	17.8	198.7	13.0	6.9	473.3
15.7	20.1	100.2	13.0	5.8	473.3
7.3	12.0	152.5	13.0	9.7	473.3
0.0	11.7	653.0	13.1	6.9	473.3
9.3	19.6	445.8	13.1	9.7	473.3
28.4	19.4	155.5	13.1	7.5	473.3
0.1	19.4	486.4	13.1	10.3	473.3
0.1	19.6	592.6	13.2	9.9	473.3
0.2	21.8	542.1	13.2	10.0	473.3
1.1	23.6	435.9	13.2	9.0	473.3
7.1	23.4	307.5	13.3	6.9	473.3
1.2	23.3	551.5	13.3	10.2	473.3
0.2	23.5	575.6	13.3	9.8	473.3
0.0	25.4	554.4	13.3	10.6	473.5
28.2	23.7	287.7	13.4	7.5	473.5
3.6	22.2	74.1	13.4	5.1	473.5
6.9	23.0	452.3	13.4	8.5	473.5
2.3	17.0	61.3	13.4	7.3	473.5
44.8	16.5	51.5	13.5	4.1	473.5
2.0	17.5	142.0	13.5	6.1	473.5
1.3	21.2	435.6	13.5	8.8	473.5
0.3	23.7	519.5	13.5	10.5	473.5
66.2	21.5	337.8	13.6	12.4	473.5
0.0	14.5	460.5	13.6	8.3	473.5
0.4	17.3	248.4	13.6	7.2	473.5
0.4	22.4	539.0	13.6	10.3	473.5
3.1	24.6	457.2	13.6	9.2	473.5
31.5	19.8	106.4	13.7	9.4	473.5
46.0	18.5	49.2	13.7	8.7	473.5
1.6	14.5	184.1	13.7	7.3	473.5
0.1	17.1	614.3	13.7	10.1	473.5
0.2	19.7	570.7	13.7	10.9	473.5
0.1	22.0	606.4	13.8	11.7	473.5
0.0	23.9	618.9	13.8	11.1	473.5
20.3	22.4	208.9	13.8	7.5	473.5
34.4	22.2	81.8	13.8	5.0	473.5
39.0	23.5	131.6	13.8	6.7	473.5
24.2	23.5	313.8	13.9	8.1	473.5
19.1	19.6	59.2	13.9	9.1	473.5
1.2	17.8	139.8	13.9	5.8	473.5
24.7	17.8	81.0	13.9	4.9	473.5
7.7	15.5	30.0	13.9	4.7	473.5
13.6	15.7	94.3	13.9	4.6	473.5
0.0	17.8	570.4	13.9	9.9	473.5
0.0	21.0	572.9	14.0	10.5	471.9
0.0	21.5	361.2	14.0	9.4	471.9
28.0	23.2	578.8	14.0	10.1	471.9
25.4	21.3	74.1	14.0	6.3	471.9
2.6	17.5	163.3	14.0	7.5	471.9
0.5	17.8	471.7	14.0	9.0	471.9
0.1	21.4	520.5	14.0	9.3	471.9
6.8	23.6	460.2	14.0	10.6	471.9
0.1	20.9	463.0	14.0	9.7	471.9
0.0	23.2	548.1	14.0	10.4	471.9
0.0	24.5	522.1	14.1	10.8	471.9
0.3	23.9	285.3	14.1	10.9	471.9
18.5	21.6	88.2	14.1	8.8	471.9
2.5	20.0	87.4	14.1	4.7	471.9
1.6	19.6	124.4	14.1	5.8	471.9
4.9	23.2	509.2	14.1	10.2	471.9
0.9	22.7	330.8	14.1	8.9	471.9
0.1	23.7	560.9	14.1	9.6	471.9
10.8	21.2	89.3	14.1	5.6	471.9
0.8	20.5	192.5	14.1	6.0	471.9
0.1	22.3	651.0	14.1	9.9	471.9
0.0	23.2	626.1	14.1	10.5	471.9
0.0	24.0	653.0	14.1	10.1	471.9
0.0	21.0	330.1	14.1	10.2	471.9
0.0	22.2	697.1	14.1	11.7	471.9
0.0	23.4	690.2	14.1	11.5	471.9
0.0	24.0	581.2	14.1	11.4	471.9
0.0	25.9	675.6	14.1	12.0	471.9
0.0	27.4	687.4	14.1	12.0	471.9
2.9	28.2	651.1	14.1	12.1	471.9
31.0	26.1	476.5	14.1	9.0	468.7
18.5	24.4	235.8	14.0	7.9	468.7
0.4	26.4	540.5	14.0	9.7	468.7
15.8	26.5	467.6	14.0	9.9	468.7
8.7	26.7	532.0	14.0	10.7	468.7
20.1	26.6	552.7	14.0	10.4	468.7
4.0	27.2	630.3	14.0	11.6	468.7
14.3	26.1	356.6	14.0	8.9	468.7
17.8	26.1	397.8	14.0	9.7	468.7
19.2	26.2	381.8	14.0	9.4	468.7
9.9	26.0	437.0	14.0	10.1	468.7
15.8	25.1	356.8	13.9	8.8	468.7
5.7	24.8	272.9	13.9	8.8	468.7
4.6	25.4	499.9	13.9	9.7	468.7
2.2	25.5	415.5	13.9	9.0	468.7
0.8	25.3	426.9	13.9	9.3	468.7
0.8	25.7	549.4	13.9	9.8	468.7
0.4	27.4	569.6	13.9	9.9	468.7
0.4	28.5	530.0	13.8	10.6	468.7
7.0	28.0	615.3	13.8	11.3	468.7
13.2	27.3	505.7	13.8	10.0	468.7
18.0	27.3	447.7	13.8	9.2	468.7
18.7	26.2	233.8	13.8	8.2	468.7
15.1	25.7	215.1	13.7	8.2	468.7
12.2	27.0	467.4	13.7	10.4	468.7
9.8	27.0	518.3	13.7	10.5	468.7
11.3	26.8	404.4	13.7	9.5	468.7
19.5	26.2	395.5	13.7	9.3	468.7
21.2	25.6	350.2	13.6	8.6	468.7
12.3	26.2	545.0	13.6	9.6	468.7
0.1	26.4	609.5	13.6	10.4	468.7
0.0	26.6	625.6	13.6	10.0	467.0
0.1	27.5	619.0	13.6	10.5	467.0
0.7	28.5	628.1	13.5	11.2	467.0
4.0	28.7	621.0	13.5	11.9	467.0
12.1	28.0	587.2	13.5	10.7	467.0
10.3	27.7	564.3	13.5	10.1	467.0
15.4	27.4	561.4	13.4	9.5	467.0
11.3	27.5	528.1	13.4	9.4	467.0
15.2	27.6	505.1	13.4	9.3	467.0
12.2	27.4	520.2	13.4	9.6	467.0
5.0	27.7	557.1	13.3	11.1	467.0
1.3	28.3	614.0	13.3	11.2	467.0
1.7	28.3	593.8	13.3	10.9	467.0
0.1	27.8	609.2	13.3	10.4	467.0
8.4	26.9	523.3	13.2	10.1	467.0
3.3	26.7	487.1	13.2	10.2	467.0
8.4	26.3	574.5	13.2	9.8	467.0
22.9	26.2	382.1	13.2	8.0	467.0
15.8	27.2	475.3	13.1	9.2	467.0
19.1	27.0	442.5	13.1	8.8	467.0
20.8	26.6	420.3	13.1	8.3	467.0
1.2	27.4	443.9	13.1	8.8	467.0
2.3	26.8	268.2	13.0	9.3	467.0
3.2	22.5	119.5	13.0	6.9	467.0
3.1	23.5	405.4	13.0	6.6	467.0
1.3	23.0	429.0	12.9	8.6	467.0
0.1	21.4	498.0	12.9	8.6	467.0
0.0	21.6	570.9	12.9	9.0	467.0
0.1	23.7	338.9	12.9	8.6	467.0
5.0	24.8	391.9	12.8	8.8	467.0
0.2	25.1	248.4	12.8	7.0	467.0
17.1	24.9	275.7	12.8	7.6	465.9
16.2	25.5	410.0	12.7	8.3	465.9
7.6	25.9	517.1	12.7	8.5	465.9
0.0	26.3	514.2	12.7	9.5	465.9
0.0	27.3	555.6	12.7	9.9	465.9
3.4	27.7	547.6	12.6	10.2	465.9
13.2	27.0	457.9	12.6	8.6	465.9
16.2	26.0	356.0	12.6	8.2	465.9
17.8	25.9	428.5	12.5	8.9	465.9
19.0	25.2	362.7	12.5	7.8	465.9
0.4	23.4	103.3	12.5	5.4	465.9
0.2	22.2	431.3	12.4	7.7	465.9
0.0	21.1	543.7	12.4	8.1	465.9
0.0	21.7	540.3	12.4	7.8	465.9
0.0	21.6	545.6	12.4	8.4	465.9
0.2	22.6	446.2	12.3	7.1	465.9
0.0	22.4	331.3	12.3	7.7	465.9
0.0	22.5	533.2	12.3	7.4	465.9
0.0	22.4	490.3	12.2	9.3	465.9
0.0	21.6	537.0	12.2	9.0	465.9
0.0	21.6	533.9	12.2	9.3	465.9
0.0	22.2	522.2	12.1	9.7	465.9
0.0	23.1	523.1	12.1	9.2	465.9
0.0	21.3	516.2	12.1	9.1	465.9
0.0	20.7	520.0	12.1	8.8	465.9
0.0	22.6	510.6	12.0	9.2	465.9
0.0	21.3	500.3	12.0	9.2	465.9
0.0	17.1	513.9	12.0	7.5	465.9
0.0	16.6	517.8	11.9	8.0	465.9
0.0	17.8	442.1	11.9	7.9	465.9
0.0	19.2	507.6	11.9	9.2	465.7
0.0	20.3	501.8	11.8	9.2	465.7
0.0	21.0	495.5	11.8	8.4	465.7
0.0	23.1	471.3	11.8	8.4	465.7
0.1	24.2	458.7	11.8	8.4	465.7
0.1	24.4	312.7	11.7	7.6	465.7
0.2	24.1	310.4	11.7	7.7	465.7
0.1	25.1	445.1	11.7	8.5	465.7
0.0	25.6	405.5	11.6	8.5	465.7
0.5	26.1	371.6	11.6	8.4	465.7
4.8	17.1	25.6	11.6	7.4	465.7
5.5	7.3	36.0	11.5	3.8	465.7
0.0	8.7	470.7	11.5	4.8	465.7
0.0	10.9	474.6	11.5	6.1	465.7
0.0	15.1	460.0	11.5	6.9	465.7
0.0	16.4	284.3	11.4	6.6	465.7
0.0	17.5	445.8	11.4	6.7	465.7
0.0	17.9	439.3	11.4	7.1	465.7
0.0	18.8	322.2	11.3	6.3	465.7
0.0	20.5	221.8	11.3	6.6	465.7
0.9	19.8	112.7	11.3	4.7	465.7
1.0	18.0	164.7	11.3	4.9	465.7
0.0	16.1	400.1	11.2	6.2	465.7
0.0	13.7	431.7	11.2	6.0	465.7
0.0	13.7	400.0	11.2	6.3	465.7
0.0	14.2	423.6	11.1	6.5	465.7
0.0	14.9	409.3	11.1	6.4	465.7
0.0	16.1	245.1	11.1	5.6	465.7
0.0	14.4	420.4	11.1	6.0	465.7
0.0	14.9	411.2	11.0	6.6	465.7
0.0	17.2	399.4	11.0	7.3	465.7
0.0	17.2	376.4	11.0	7.1	467.1
0.0	17.2	388.2	11.0	7.0	467.1
0.0	16.8	391.6	10.9	6.7	467.1
0.0	17.4	385.6	10.9	6.6	467.1
0.0	19.0	371.4	10.9	7.0	467.1
0.0	19.3	341.9	10.8	6.6	467.1
0.0	16.6	379.1	10.8	6.2	467.1
0.0	15.1	375.1	10.8	5.9	467.1
0.0	15.2	373.7	10.8	6.3	467.1
0.0	17.5	356.9	10.7	6.2	467.1
0.5	18.9	177.4	10.7	4.5	467.1
2.3	19.3	130.3	10.7	4.2	467.1
9.9	19.2	40.9	10.7	2.1	467.1
8.3	18.3	104.7	10.7	5.8	467.1
0.0	7.1	191.6	10.6	3.2	467.1
0.0	7.4	357.4	10.6	3.3	467.1
0.0	10.2	185.3	10.6	3.6	467.1
6.6	13.1	205.8	10.6	4.1	467.1
1.5	11.9	26.5	10.5	1.7	467.1
0.4	16.0	120.7	10.5	4.3	467.1
9.1	12.8	62.3	10.5	4.9	467.1
16.8	2.4	20.1	10.5	2.5	467.1
0.0	0.1	266.2	10.5	2.2	467.1
0.0	1.7	348.7	10.4	2.8	467.1
0.0	5.4	240.0	10.4	3.2	467.1
0.0	9.2	229.5	10.4	3.7	467.1
20.0	12.5	59.8	10.4	3.1	467.1
4.0	16.7	110.3	10.4	3.7	467.1
4.2	8.5	44.4	10.4	4.1	467.1
1.0	5.4	41.7	10.4	1.7	467.1
4.3	9.0	67.1	10.3	2.2	468.9
1.6	9.1	78.9	10.3	2.5	468.9
22.1	7.7	77.5	10.3	1.6	468.9
13.2	5.7	38.3	10.3	1.5	468.9
1.3	4.0	55.7	10.3	1.7	468.9
0.1	2.9	104.5	10.3	2.1	468.9
0.3	5.2	295.4	10.3	3.5	468.9
1.3	8.5	172.2	10.3	3.7	468.9
12.7	12.3	28.5	10.2	2.9	468.9
4.1	15.2	72.9	10.2	3.4	468.9
1.3	7.7	83.7	10.2	3.4	468.9
0.1	4.2	119.1	10.2	1.4	468.9
10.3	4.9	27.7	10.2	1.1	468.9
0.3	5.1	254.6	10.2	3.2	468.9
0.9	6.0	174.3	10.2	3.4	468.9
0.8	4.9	99.9	10.2	2.0	468.9
0.0	3.0	286.8	10.2	3.1	468.9
0.0	3.4	316.9	10.2	2.8	468.9
0.0	-1.2	319.0	10.2	2.2	468.9
0.0	0.3	321.6	10.2	2.7	468.9
0.1	2.3	309.9	10.2	3.1	468.9
0.0	3.0	286.4	10.2	3.4	468.9
0.0	1.1	312.9	10.2	2.3	468.9
0.0	4.6	134.0	10.2	2.6	468.9
17.3	12.8	262.8	10.2	4.6	468.9
20.4	11.9	26.1	10.2	3.7	468.9
0.8	4.3	112.3	10.2	2.3	468.9
0.3	1.4	244.0	10.2	2.4	468.9
0.8	1.3	121.9	10.2	1.8	468.9
2.1	3.3	144.6	10.2	2.0	468.9
1.7	4.9	93.0	10.2	1.6	468.9
0.5	4.8	98.5	10.2	2.3	470.9
0.6	5.3	164.7	10.2	2.6	470.9
0.1	7.8	173.0	10.2	2.9	470.9
1.4	11.0	129.0	10.2	2.5	470.9
1.8	11.8	101.5	10.3	3.0	470.9
0.5	7.7	117.7	10.3	3.0	470.9
0.0	2.9	278.5	10.3	2.7	470.9
0.1	2.0	243.9	10.3	2.5	470.9
1.7	6.3	169.2	10.3	3.0	470.9
12.4	6.8	43.3	10.3	2.9	470.9
2.0	3.1	59.6	10.3	1.7	470.9
0.1	1.0	286.4	10.3	2.6	470.9
0.0	1.3	256.7	10.4	2.5	470.9
1.7	-0.1	205.6	10.4	2.6	470.9
0.0	-4.6	259.7	10.4	1.8	470.9
0.0	-0.5	349.6	10.4	2.7	470.9
0.0	2.6	306.2	10.4	3.2	470.9
0.0	3.5	346.7	10.4	3.5	470.9
0.0	6.7	344.9	10.5	4.1	470.9
0.0	10.3	340.2	10.5	4.9	470.9
0.0	14.0	334.6	10.5	5.5	470.9
4.1	14.4	264.0	10.5	6.2	470.9
1.1	2.0	75.8	10.5	2.3	470.9
0.0	2.4	333.6	10.6	2.6	470.9
0.0	1.9	130.9	10.6	2.9	470.9
0.0	3.7	368.3	10.6	3.6	470.9
4.2	7.8	343.4	10.6	4.4	470.9
2.4	1.9	72.0	10.7	2.2	470.9
0.0	3.4	377.7	10.7	2.9	470.9
0.0	1.8	383.2	10.7	2.8	470.9
0.0	2.0	385.6	10.7	3.3	470.9
0.0	7.6	384.3	10.7	4.9	471.8
0.0	10.7	377.2	10.8	5.1	471.8
0.1	10.0	101.2	10.8	3.9	471.8
0.1	10.9	371.4	10.8	5.5	471.8
1.3	6.6	377.3	10.8	3.6	471.8
21.6	8.4	49.2	10.9	2.8	471.8
1.8	7.8	62.0	10.9	3.1	471.8
1.0	8.0	205.0	10.9	3.3	471.8
18.7	8.6	156.1	11.0	2.9	471.8
3.1	7.2	32.9	11.0	2.1	471.8
4.1	8.0	119.0	11.0	2.8	471.8
28.9	7.0	28.8	11.0	3.6	471.8
1.1	-0.2	181.8	11.1	2.8	471.8
1.1	0.8	260.8	11.1	2.6	471.8
3.0	3.8	75.1	11.1	2.5	471.8
5.2	6.8	307.2	11.1	3.5	471.8
1.8	8.0	64.2	11.2	2.5	471.8
10.4	14.5	132.1	11.2	5.1	471.8
1.1	8.8	56.1	11.2	5.8	471.8
0.0	7.2	422.6	11.3	4.0	471.8
17.8	12.6	118.0	11.3	5.4	471.8
7.6	15.5	280.2	11.3	7.1	471.8
0.5	7.8	187.8	11.3	4.3	471.8
30.8	5.7	108.0	11.4	4.8	471.8
10.1	1.4	66.2	11.4	1.9	471.8
16.8	0.9	50.7	11.4	1.5	471.8
0.8	4.0	230.9	11.5	3.0	471.8
0.0	4.6	237.9	11.5	3.0	471.8
8.3	3.8	73.8	11.5	2.0	472.3
26.9	5.4	40.8	11.6	2.5	472.3
5.9	7.8	165.1	11.6	3.2	472.3
2.4	9.3	64.9	11.6	3.2	472.3
0.5	12.0	197.8	11.6	4.5	472.3
8.5	16.9	321.4	11.7	6.8	472.3
39.8	10.6	57.7	11.7	6.2	472.3
0.1	8.5	322.9	11.7	4.9	472.3
0.5	10.1	175.6	11.8	4.7	472.3
0.2	6.6	110.4	11.8	3.1	472.3
12.7	9.7	304.9	11.8	4.5	472.3
20.7	11.9	59.4	11.9	5.0	472.3
27.0	3.2	40.0	11.9	4.6	472.3
2.3	-0.6	243.2	11.9	2.4	472.3
0.1	3.9	521.0	12.0	4.8	472.3
0.0	8.1	514.3	12.0	6.2	472.3
2.4	12.1	338.0	12.0	6.8	472.3
4.6	11.0	62.5	12.0	4.1	472.3
2.7	16.1	403.4	12.1	7.2	472.3
11.7	18.0	130.8	12.1	4.0	472.3
0.4	18.6	284.2	12.1	7.0	472.3
38.5	13.3	381.7	12.2	10.7	472.3
24.3	3.9	43.4	12.2	2.4	472.3
27.3	6.8	151.4	12.2	4.0	472.3
15.2	8.3	32.3	12.3	2.5	472.3
7.7	8.1	38.6	12.3	2.2	472.3
55.1	10.7	82.4	12.3	3.9	472.3
14.5	12.1	49.3	12.4	7.4	472.3
2.3	12.1	298.0	12.4	6.4	472.3
14.1	13.0	84.1	12.4	7.9	472.3
1.4	7.9	106.2	12.4	3.8	472.3
0.0	7.9	248.1	12.5	5.8	472.5
0.0	9.5	538.9	12.5	7.2	472.5
0.0	13.1	572.4	12.5	7.7	472.5
5.4	13.9	246.5	12.6	5.2	472.5
7.6	14.2	90.7	12.6	5.9	472.5
0.1	15.9	527.7	12.6	8.1	472.5
0.0	15.6	552.4	12.7	8.2	472.5
0.0	15.9	602.1	12.7	9.2	472.5
0.0	20.1	596.9	12.7	9.1	472.5
0.6	22.9	501.3	12.7	8.9	472.5
0.0	21.1	591.1	12.8	11.7	472.5
0.0	22.4	591.6	12.8	9.8	472.5
17.4	20.6	263.1	12.8	13.4	472.5
0.1	15.0	498.2	12.9	7.4	472.5
1.0	17.8	518.2	12.9	7.8	472.5
2.4	21.7	190.9	12.9	9.1	472.5
8.8	25.5	522.0	12.9	9.9	472.5
1.4	15.8	110.0	13.0	9.2	472.5
0.1	13.7	438.0	13.0	7.1	472.5
0.0	13.9	636.2	13.0	8.3	472.5
0.5	17.7	460.9	13.1	7.7	472.5
4.0	18.1	171.2	13.1	6.4	472.5
0.4	19.8	141.9	13.1	7.6	472.5
0.0	21.0	591.0	13.1	8.4	472.5
0.1	22.6	391.3	13.2	9.5	472.5
7.9	22.4	198.5	13.2	6.6	472.5
8.4	24.2	338.9	13.2	8.5	472.5
8.5	24.6	426.4	13.2	8.7	472.5
21.5	24.0	413.5	13.3	8.4	472.5
56.3	18.0	100.6	13.3	10.8	472.5
7.3	11.0	42.7	13.3	5.3	472.7
13.0	8.6	111.3	13.4	3.5	472.7
0.1	11.4	637.2	13.4	7.5	472.7
0.0	14.8	624.2	13.4	8.2	472.7
0.0	13.1	208.0	13.4	6.5	472.7
0.0	15.9	579.2	13.5	8.0	472.7
23.4	14.9	99.2	13.5	4.0	472.7
6.1	18.0	45.2	13.5	5.4	472.7
29.0	21.2	143.7	13.5	6.6	472.7
10.3	19.5	105.3	13.5	9.0	472.7
0.9	17.4	242.7	13.6	6.4	472.7
0.2	20.2	459.1	13.6	9.6	472.7
4.4	22.8	526.2	13.6	8.7	472.7
12.7	23.1	302.5	13.6	8.8	472.7
22.1	17.9	124.7	13.7	11.1	472.7
3.0	15.3	149.8	13.7	6.1	472.7
12.3	16.6	88.1	13.7	4.7	472.7
0.9	17.5	171.1	13.7	7.6	472.7
7.3	21.5	603.1	13.7	9.1	472.7
10.2	21.2	177.4	13.8	6.5	472.7
33.2	23.4	267.9	13.8	8.2	472.7
1.8	19.8	84.1	13.8	6.8	472.7
1.0	19.3	356.9	13.8	7.5	472.7
0.0	19.6	554.9	13.8	9.2	472.7
0.6	20.8	315.5	13.8	7.4	472.7
0.6	21.2	212.1	13.9	6.7	472.7
2.7	22.2	327.6	13.9	8.3	472.7
0.3	23.1	478.9	13.9	9.5	472.7
0.3	25.3	602.0	13.9	10.9	472.7
3.0	26.2	279.8	13.9	8.1	472.7
7.7	20.9	202.4	13.9	10.5	472.7
0.0	19.2	679.0	14.0	9.7	471.1
4.3	19.0	294.5	14.0	7.9	471.1
0.0	19.4	211.7	14.0	6.7	471.1
25.7	20.5	224.7	14.0	7.3	471.1
35.9	20.9	58.6	14.0	5.2	471.1
1.0	22.2	259.2	14.0	8.6	471.1
0.5	25.4	564.8	14.0	10.4	471.1
8.6	25.5	225.9	14.0	8.7	471.1
45.9	25.8	435.9	14.0	8.9	471.1
15.9	24.5	322.8	14.0	8.1	471.1
1.1	22.8	142.6	14.0	7.4	471.1
0.1	24.1	486.6	14.1	9.6	471.1
0.2	22.6	322.9	14.1	9.7	471.1
0.2	23.7	639.9	14.1	11.2	471.1
0.3	24.3	529.3	14.1	10.4	471.1
0.3	20.2	264.2	14.1	10.3	471.1
0.5	21.4	654.2	14.1	9.9	471.1
0.0	23.6	678.1	14.1	10.8	471.1
0.1	26.0	624.5	14.1	10.9	471.1
9.7	23.6	157.3	14.1	8.0	471.1
0.0	22.0	258.1	14.1	10.0	471.1
0.0	23.4	683.6	14.1	10.6	471.1
0.0	24.8	676.0	14.1	10.4	471.1
0.0	25.9	634.2	14.1	10.1	471.1
0.1	26.5	461.0	14.1	9.6	471.1
7.4	26.1	310.1	14.1	8.7	471.1
15.0	24.4	73.6	14.1	4.5	471.1
9.3	24.2	49.3	14.1	3.1	471.1
8.6	24.2	52.4	14.1	3.5	471.1
24.5	25.4	297.2	14.1	7.9	471.1
11.8	25.8	273.3	14.1	7.7	467.9
11.0	26.9	510.9	14.0	10.0	467.9
13.1	25.9	242.9	14.0	8.5	467.9
15.0	27.2	634.8	14.0	11.4	467.9
3.8	26.9	597.7	14.0	11.5	467.9
1.6	27.5	599.6	14.0	10.8	467.9
6.6	27.5	541.3	14.0	10.5	467.9
11.3	27.6	479.2	14.0	10.2	467.9
10.9	27.5	365.2	14.0	9.5	467.9
23.6	27.2	410.6	14.0	9.8	467.9
0.0	27.5	305.3	14.0	9.3	467.9
20.2	27.2	499.9	13.9	9.5	467.9
5.3	28.1	652.7	13.9	10.9	467.9
0.0	28.3	648.0	13.9	11.7	467.9
0.0	28.1	662.1	13.9	10.8	467.9
4.7	28.1	614.3	13.9	10.9	467.9
12.4	28.0	573.2	13.9	9.5	467.9
9.2	27.7	583.2	13.9	10.8	467.9
6.5	28.3	633.9	13.8	10.6	467.9
4.4	28.5	582.9	13.8	11.4	467.9
0.0	28.7	607.7	13.8	11.4	467.9
0.1	28.9	650.2	13.8	11.0	467.9
8.7	27.8	625.7	13.8	11.8	467.9
14.2	26.9	617.8	13.8	9.6	467.9
23.5	27.0	556.9	13.7	9.5	467.9
12.8	26.6	547.8	13.7	9.5	467.9
15.2	26.3	526.8	13.7	9.7	467.9
13.9	26.4	580.6	13.7	9.9	467.9
18.1	25.9	556.1	13.7	8.7	467.9
13.2	25.3	343.8	13.6	8.1	467.9
2.3	25.0	322.1	13.6	8.2	467.9
0.4	24.5	214.9	13.6	7.3	466.2
0.5	24.6	248.4	13.6	6.4	466.2
10.4	26.3	564.5	13.5	9.8	466.2
15.7	26.7	465.4	13.5	9.5	466.2
3.3	26.9	600.3	13.5	10.3	466.2
9.7	26.9	613.3	13.5	11.0	466.2
4.9	26.9	610.4	13.4	11.1	466.2
0.0	27.8	623.1	13.4	10.7	466.2
7.3	27.0	584.6	13.4	9.5	466.2
23.4	25.9	472.4	13.4	8.4	466.2
16.3	25.5	406.2	13.3	8.3	466.2
14.5	25.6	381.9	13.3	8.6	466.2
15.2	26.1	453.4	13.3	9.4	466.2
16.3	26.3	431.6	13.3	9.0	466.2
10.7	26.9	522.8	13.2	9.5	466.2
10.6	26.8	483.3	13.2	9.7	466.2
8.5	27.0	578.6	13.2	10.4	466.2
8.1	26.5	566.5	13.2	9.3	466.2
0.1	26.9	583.1	13.1	9.9	466.2
0.0	27.1	604.5	13.1	10.1	466.2
1.9	27.0	574.1	13.1	9.3	466.2
23.0	25.5	415.5	13.1	8.0	466.2
22.5	25.5	403.2	13.0	8.8	466.2
18.7	25.2	464.4	13.0	9.2	466.2
13.7	25.0	502.5	13.0	8.9	466.2
8.6	25.2	471.9	12.9	7.8	466.2
16.8	24.9	389.3	12.9	8.5	466.2
20.7	25.2	472.6	12.9	8.7	466.2
16.7	25.3	476.2	12.9	8.5	466.2
2.3	25.7	378.7	12.8	8.0	466.2
0.4	25.2	105.2	12.8	4.6	466.2
6.0	26.1	230.7	12.8	6.7	465.1
2.6	26.4	249.3	12.7	6.5	465.1
3.7	27.0	454.2	12.7	7.4	465.1
11.7	25.4	416.2	12.7	8.4	465.1
0.3	21.7	233.9	12.7	7.2	465.1
3.0	24.1	332.1	12.6	7.6	465.1
2.9	24.6	335.9	12.6	6.9	465.1
14.4	24.4	242.0	12.6	6.7	465.1
16.2	24.9	383.9	12.5	7.9	465.1
0.3	24.8	200.3	12.5	5.9	465.1
1.4	24.9	168.3	12.5	6.2	465.1
2.5	25.2	299.0	12.5	7.4	465.1
14.9	24.7	331.7	12.4	8.0	465.1
0.8	18.6	126.5	12.4	6.5	465.1
0.4	20.6	514.3	12.4	7.1	465.1
0.3	20.6	311.2	12.3	7.6	465.1
0.0	21.6	514.9	12.3	8.0	465.1
0.0	21.6	506.1	12.3	8.1	465.1
0.7	23.9	341.1	12.2	8.4	465.1
0.0	23.6	496.9	12.2	8.2	465.1
0.0	23.3	511.6	12.2	8.4	465.1
1.0	23.6	96.9	12.2	5.5	465.1
1.2	26.0	199.0	12.1	7.5	465.1
6.8	26.2	434.5	12.1	8.4	465.1
7.3	26.2	478.0	12.1	8.7	465.1
13.4	25.2	371.1	12.0	8.8	465.1
2.8	17.2	45.0	12.0	6.7	465.1
0.0	11.4	230.1	12.0	5.3	465.1
0.0	14.1	416.6	11.9	6.2	465.1
0.0	15.2	421.2	11.9	6.8	465.1
0.0	17.9	373.6	11.9	6.5	464.9
0.0	17.2	198.9	11.9	6.7	464.9
0.0	18.4	406.1	11.8	6.9	464.9
0.0	17.7	338.9	11.8	5.9	464.9
0.0	16.9	404.3	11.8	7.4	464.9
0.0	17.9	483.9	11.7	7.9	464.9
0.0	18.9	481.0	11.7	8.0	464.9
0.0	18.6	480.3	11.7	8.0	464.9
0.0	17.7	484.0	11.6	8.1	464.9
0.0	18.2	479.6	11.6	8.1	464.9
0.0	19.5	472.6	11.6	8.4	464.9
0.0	20.2	457.5	11.6	7.8	464.9
0.0	17.8	448.1	11.5	7.4	464.9
0.0	18.5	453.3	11.5	7.9	464.9
0.0	19.2	450.0	11.5	7.8	464.9
0.0	20.1	387.6	11.4	8.1	464.9
0.0	16.9	357.7	11.4	6.1	464.9
0.0	19.2	419.2	11.4	7.0	464.9
0.0	21.1	418.8	11.3	7.8	464.9
0.0	21.8	411.9	11.3	8.0	464.9
0.0	18.3	426.9	11.3	6.3	464.9
0.0	19.9	415.9	11.3	7.3	464.9
0.6	20.6	342.4	11.2	6.9	464.9
7.5	15.7	101.2	11.2	4.0	464.9
18.0	14.6	19.1	11.2	2.5	464.9
2.9	13.0	36.0	11.1	4.1	464.9
0.0	9.9	409.3	11.1	4.3	464.9
0.2	12.2	201.9	11.1	4.2	464.9
0.1	16.2	226.3	11.1	4.8	464.9
0.5	18.3	148.5	11.0	4.6	464.9
0.3	16.3	220.8	11.0	5.9	464.9
0.0	11.0	393.8	11.0	4.1	466.2
0.0	11.0	270.7	11.0	3.8	466.2
0.0	8.2	402.7	10.9	4.2	466.2
0.0	8.0	403.4	10.9	4.7	466.2
0.0	10.9	389.8	10.9	4.9	466.2
0.0	10.5	218.8	10.9	4.5	466.2
0.0	13.6	375.6	10.8	5.9	466.2
0.0	16.4	369.4	10.8	6.1	466.2
0.0	18.2	358.7	10.8	6.0	466.2
0.2	18.3	333.7	10.8	6.4	466.2
0.0	12.6	373.4	10.7	4.7	466.2
0.0	9.9	376.9	10.7	4.6	466.2
0.0	10.1	331.7	10.7	5.1	466.2
0.0	12.5	367.0	10.7	5.6	466.2
0.0	14.8	342.8	10.6	6.0	466.2
0.0	18.0	326.4	10.6	6.0	466.2
0.1	17.6	125.2	10.6	4.2	466.2
0.0	15.2	336.0	10.6	5.9	466.2
0.0	13.6	359.0	10.6	5.6	466.2
0.0	14.3	353.9	10.5	6.0	466.2
0.0	14.7	344.7	10.5	5.7	466.2
0.0	15.2	335.9	10.5	5.5	466.2
0.0	13.4	331.3	10.5	4.8	466.2
0.0	14.7	331.0	10.5	5.1	466.2
0.0	15.9	327.0	10.4	5.2	466.2
0.1	16.4	252.3	10.4	5.6	466.2
0.0	9.3	337.4	10.4	3.7	466.2
0.0	11.2	340.2	10.4	4.5	466.2
0.0	10.5	333.7	10.4	4.8	466.2
0.0	11.8	329.9	10.4	4.9	466.2
0.0	12.3	323.7	10.3	5.0	468.1
0.0	12.5	324.2	10.3	4.7	468.1
0.0	12.2	231.9	10.3	4.1	468.1
0.0	12.7	314.4	10.3	4.7	468.1
0.0	13.8	230.1	10.3	4.3	468.1
0.0	13.2	208.5	10.3	4.0	468.1
0.0	10.3	321.8	10.3	3.8	468.1
0.0	7.9	325.2	10.3	3.9	468.1
0.0	9.0	163.9	10.2	3.8	468.1
0.0	10.1	303.5	10.2	4.1	468.1
0.0	8.2	123.6	10.2	3.1	468.1
0.0	3.4	316.0	10.2	2.9	468.1
0.0	3.1	313.9	10.2	2.9	468.1
0.0	6.2	317.5	10.2	4.0	468.1
0.0	2.9	324.1	10.2	3.0	468.1
0.0	6.4	259.5	10.2	3.6	468.1
0.0	10.0	302.7	10.2	4.6	468.1
2.5	13.6	101.8	10.2	4.2	468.1
0.1	8.4	170.5	10.2	3.7	468.1
1.0	11.1	264.2	10.2	4.0	468.1
0.2	13.1	168.4	10.2	3.9	468.1
0.0	14.7	101.0	10.2	3.6	468.1
2.6	19.0	270.5	10.2	5.3	468.1
6.6	17.8	176.4	10.2	4.8	468.1
3.6	12.8	52.9	10.2	3.1	468.1
11.7	11.8	63.1	10.2	2.0	468.1
10.1	9.2	26.0	10.2	3.0	468.1
0.2	4.8	191.7	10.2	2.9	468.1
0.2	6.0	261.8	10.2	3.7	468.1
0.0	8.7	289.5	10.2	4.0	468.1
0.5	12.4	293.6	10.2	4.7	468.1
2.8	13.7	29.0	10.2	2.3	470.1
4.7	7.3	16.7	10.2	3.7	470.1
0.9	4.8	79.1	10.2	1.4	470.1
2.7	5.6	44.6	10.2	1.4	470.1
0.9	6.2	47.2	10.3	1.4	470.1
0.1	10.1	225.3	10.3	3.6	470.1
9.7	10.0	73.3	10.3	3.7	470.1
0.9	3.5	82.3	10.3	1.9	470.1
18.8	1.9	58.1	10.3	2.1	470.1
1.3	-1.4	179.1	10.3	1.8	470.1
0.3	0.2	313.1	10.3	2.0	470.1
0.0	1.1	326.6	10.3	2.1	470.1
0.1	0.4	321.0	10.4	2.4	470.1
0.0	-4.1	347.9	10.4	1.8	470.1
0.0	-0.1	340.2	10.4	2.5	470.1
0.0	1.1	343.9	10.4	2.8	470.1
0.0	-2.7	353.7	10.4	2.0	470.1
0.0	-0.0	354.4	10.4	2.8	470.1
0.0	-1.3	355.1	10.5	2.6	470.1
0.0	2.1	347.0	10.5	3.5	470.1
0.0	6.3	86.8	10.5	3.3	470.1
3.4	10.6	78.2	10.5	3.9	470.1
7.1	12.9	134.2	10.5	5.4	470.1
1.3	5.5	113.6	10.6	3.1	470.1
0.3	5.0	318.0	10.6	2.8	470.1
0.5	7.2	125.8	10.6	3.0	470.1
0.1	9.6	286.6	10.6	4.0	470.1
1.3	14.1	192.4	10.6	4.3	470.1
11.7	15.5	163.6	10.7	4.8	470.1
0.8	11.4	51.8	10.7	3.0	470.1
6.8	16.2	152.4	10.7	5.1	470.1
6.6	6.9	122.5	10.7	3.5	471.0
1.4	3.4	80.7	10.8	1.3	471.0
1.6	4.7	122.4	10.8	2.1	471.0
0.2	7.9	366.9	10.8	3.9	471.0
0.6	10.7	298.1	10.8	5.0	471.0
0.0	8.9	396.1	10.9	4.1	471.0
15.1	13.9	378.3	10.9	5.6	471.0
0.6	6.4	87.9	10.9	2.5	471.0
0.0	6.1	399.3	10.9	3.7	471.0
11.8	9.7	378.0	11.0	4.9	471.0
3.8	8.1	38.7	11.0	2.4	471.0
5.6	8.3	50.3	11.0	2.4	471.0
16.9	10.5	135.5	11.1	3.3	471.0
4.5	12.1	81.4	11.1	3.2	471.0
1.1	12.7	89.2	11.1	3.0	471.0
5.7	17.8	392.5	11.1	6.1	471.0
12.9	4.9	17.5	11.2	5.3	471.0
1.5	-2.3	67.2	11.2	1.5	471.0
0.5	-2.3	271.7	11.2	2.1	471.0
0.0	2.0	455.1	11.3	3.8	471.0
0.0	5.4	447.7	11.3	4.7	471.0
0.0	8.3	404.0	11.3	5.8	471.0
0.0	12.7	452.4	11.3	6.8	471.0
0.0	13.4	454.9	11.4	7.1	471.0
0.0	17.7	466.8	11.4	8.1	471.0
0.0	17.1	306.4	11.4	9.1	471.0
6.5	11.6	366.0	11.5	5.8	471.0
13.6	8.2	50.7	11.5	3.7	471.0
0.2	4.4	168.6	11.5	3.3	471.5
5.0	6.4	372.1	11.6	3.7	471.5
0.2	6.7	166.0	11.6	3.0	471.5
0.0	8.2	380.1	11.6	4.1	471.5
2.2	6.8	92.6	11.6	2.3	471.5
2.6	7.8	61.6	11.7	2.9	471.5
23.7	8.5	47.7	11.7	3.9	471.5
8.3	10.7	415.8	11.7	5.3	471.5
0.8	9.6	280.2	11.8	4.9	471.5
33.6	11.7	92.1	11.8	4.0	471.5
53.5	13.8	73.2	11.8	4.9	471.5
4.6	11.7	24.9	11.9	3.0	471.5
31.1	11.1	156.2	11.9	3.3	471.5
2.5	10.7	48.8	11.9	2.3	471.5
23.2	12.7	90.4	11.9	3.8	471.5
5.6	17.4	101.2	12.0	5.4	471.5
4.1	13.1	83.3	12.0	6.1	471.5
0.1	12.5	458.5	12.0	7.4	471.5
0.0	10.1	525.9	12.1	5.1	471.5
15.4	14.8	251.1	12.1	6.9	471.5
0.0	8.6	235.2	12.1	5.5	471.5
0.0	6.8	565.1	12.2	4.6	471.5
0.0	14.2	535.9	12.2	7.7	471.5
0.6	15.8	173.0	12.2	6.5	471.5
11.8	16.6	107.3	12.3	4.0	471.5
23.8	19.4	286.0	12.3	9.5	471.5
0.3	7.2	221.2	12.3	4.8	471.5
0.0	7.3	513.1	12.3	5.3	471.5
0.1	10.6	557.8	12.4	7.3	471.5
30.6	14.8	442.9	12.4	8.4	471.5
25.3	15.1	100.7	12.4	7.5	471.5
0.0	9.3	561.3	12.5	6.4	471.7
0.0	12.8	554.6	12.5	7.6	471.7
1.2	14.3	432.2	12.5	7.6	471.7
0.2	14.4	564.2	12.6	8.3	471.7
0.2	16.5	499.2	12.6	8.5	471.7
0.3	17.4	524.7	12.6	8.7	471.7
27.2	17.8	493.2	12.6	7.8	471.7
1.6	9.5	110.1	12.7	7.6	471.7
0.0	10.9	608.2	12.7	7.1	471.7
13.6	12.3	375.0	12.7	5.8	471.7
12.1	13.2	53.2	12.8	4.1	471.7
0.8	14.1	263.8	12.8	7.8	471.7
0.2	17.8	558.0	12.8	9.5	471.7
0.0	19.4	545.0	12.9	9.9	471.7
2.8	18.5	327.0	12.9	7.1	471.7
12.7	17.6	77.2	12.9	2.8	471.7
0.2	18.4	67.1	12.9	5.2	471.7
0.1	19.2	435.3	13.0	8.0	471.7
0.1	21.6	569.0	13.0	8.6	471.7
6.5	20.0	117.3	13.0	4.3	471.7
1.8	20.6	493.0	13.1	7.7	471.7
18.2	18.2	65.7	13.1	6.2	471.7
14.4	15.7	93.1	13.1	5.5	471.7
0.4	13.6	114.9	13.1	4.7	471.7
0.7	18.3	559.6	13.2	8.9	471.7
23.1	21.1	466.6	13.2	9.9	471.7
8.4	20.2	147.8	13.2	8.6	471.7
0.0	16.7	582.7	13.2	8.0	471.7
0.2	20.7	518.1	13.3	10.1	471.7
27.3	18.6	199.3	13.3	11.2	471.7
0.0	13.4	309.4	13.3	6.7	471.9
1.0	14.9	362.7	13.3	7.2	471.9
5.9	13.5	115.7	13.4	4.4	471.9
0.7	15.6	529.7	13.4	7.8	471.9
0.1	15.1	248.9	13.4	6.9	471.9
0.0	16.3	647.6	13.4	9.8	471.9
0.0	15.4	520.8	13.5	9.2	471.9
0.0	17.3	660.4	13.5	10.1	471.9
0.0	17.8	629.8	13.5	9.1	471.9
2.2	17.5	143.2	13.5	6.4	471.9
6.4	19.3	149.0	13.6	5.7	471.9
16.5	22.0	88.8	13.6	6.9	471.9
17.8	22.0	150.1	13.6	7.9	471.9
2.3	17.9	109.2	13.6	6.4	471.9
0.9	18.4	412.6	13.7	7.3	471.9
1.7	20.2	142.9	13.7	7.1	471.9
25.4	22.1	150.7	13.7	7.1	471.9
47.3	21.9	238.0	13.7	9.4	471.9
11.7	17.0	77.7	13.7	5.7	471.9
15.2	17.6	280.3	13.8	6.5	471.9
9.1	19.0	42.0	13.8	5.6	471.9
9.6	22.9	379.1	13.8	9.2	471.9
28.5	23.8	253.6	13.8	9.4	471.9
7.8	20.1	77.0	13.8	8.5	471.9
0.9	18.4	65.6	13.8	3.6	471.9
1.1	20.8	121.5	13.9	7.3	471.9
0.8	21.7	108.8	13.9	5.8	471.9
3.6	23.0	357.1	13.9	8.2	471.9
16.6	23.2	429.0	13.9	9.2	471.9
8.3	20.2	123.9	13.9	7.0	471.9
0.1	21.3	663.9	13.9	9.8	471.9
0.0	23.8	662.8	13.9	11.0	470.3
25.5	23.4	239.8	14.0	8.8	470.3
3.8	23.8	202.5	14.0	8.2	470.3
1.6	25.6	447.6	14.0	10.5	470.3
7.2	24.9	422.5	14.0	8.4	470.3
9.8	24.1	414.8	14.0	8.4	470.3
0.6	24.0	377.6	14.0	9.4	470.3
1.4	22.9	172.7	14.0	7.2	470.3
0.7	22.4	195.0	14.0	7.3	470.3
0.0	22.4	530.2	14.0	9.0	470.3
0.0	23.1	547.3	14.0	10.0	470.3
0.0	23.0	477.3	14.1	10.9	470.3
0.0	25.7	645.5	14.1	11.3	470.3
0.1	24.2	556.2	14.1	10.6	470.3
0.0	23.0	553.1	14.1	9.8	470.3
4.0	22.4	116.1	14.1	6.7	470.3
25.6	23.2	59.9	14.1	6.8	470.3
30.0	23.9	96.7	14.1	8.6	470.3
1.0	20.9	321.2	14.1	8.2	470.3
0.3	22.8	570.4	14.1	9.8	470.3
0.4	26.0	579.9	14.1	11.3	470.3
5.1	26.0	253.2	14.1	7.2	470.3
0.2	27.0	373.1	14.1	8.7	470.3
0.3	26.5	388.2	14.1	9.9	470.3
1.3	27.0	637.8	14.1	11.5	470.3
4.4	24.9	307.7	14.1	9.0	470.3
0.6	22.9	123.0	14.1	5.7	470.3
0.5	23.9	381.3	14.1	8.6	470.3
0.1	26.4	538.1	14.1	10.1	470.3
18.7	26.1	313.9	14.1	7.6	470.3
19.2	25.3	240.3	14.1	7.0	467.1
5.3	26.8	495.9	14.0	9.1	467.1
30.0	26.8	462.5	14.0	10.2	467.1
22.3	26.2	455.3	14.0	9.6	467.1
19.6	26.4	410.1	14.0	9.1	467.1
20.8	26.4	448.9	14.0	9.4	467.1
18.9	26.8	412.6	14.0	10.0	467.1
0.6	27.6	475.0	14.0	10.7	467.1
13.1	27.4	602.8	14.0	10.3	467.1
12.0	27.0	491.1	14.0	9.7	467.1
0.2	28.0	635.5	14.0	9.7	467.1
13.6	27.6	495.9	13.9	9.4	467.1
11.4	27.9	502.7	13.9	10.4	467.1
5.5	27.8	525.5	13.9	9.7	467.1
7.3	28.4	581.4	13.9	11.9	467.1
2.7	29.1	653.1	13.9	12.2	467.1
6.8	28.5	653.0	13.9	11.7	467.1
12.4	27.4	549.3	13.9	9.6	467.1
15.1	27.0	486.0	13.8	9.9	467.1
16.3	26.9	521.1	13.8	10.3	467.1
15.4	26.9	527.3	13.8	10.0	467.1
23.0	26.5	447.7	13.8	9.2	467.1
9.5	26.5	550.8	13.8	10.1	467.1
0.3	27.0	609.5	13.8	10.6	467.1
1.7	27.1	597.7	13.7	9.8	467.1
8.3	26.7	539.7	13.7	10.0	467.1
16.5	27.1	482.5	13.7	9.6	467.1
16.8	26.4	425.7	13.7	8.9	467.1
1.1	25.3	294.8	13.7	7.4	467.1
0.4	25.7	541.6	13.6	8.5	467.1
2.0	26.2	342.5	13.6	7.7	467.1
4.9	25.6	61.6	13.6	4.6	465.3
16.8	26.2	255.4	13.6	8.1	465.3
21.9	26.6	311.7	13.5	8.4	465.3
21.3	26.7	454.6	13.5	8.7	465.3
21.9	26.6	508.7	13.5	9.0	465.3
11.9	26.0	237.3	13.5	7.9	465.3
15.8	26.5	305.3	13.5	8.5	465.3
18.1	26.3	380.2	13.4	9.5	465.3
18.0	26.2	381.2	13.4	9.1	465.3
18.8	26.1	395.3	13.4	9.0	465.3
13.8	25.6	316.8	13.4	8.7	465.3
10.4	26.4	531.9	13.3	9.3	465.3
12.8	27.0	561.6	13.3	9.5	465.3
12.8	27.2	587.0	13.3	10.2	465.3
16.0	27.2	505.0	13.3	9.4	465.3
13.3	26.9	535.3	13.2	9.9	465.3
6.8	27.3	562.8	13.2	9.9	465.3
11.2	26.7	486.7	13.2	9.4	465.3
15.7	26.2	424.0	13.1	9.0	465.3
0.3	26.4	562.7	13.1	9.7	465.3
0.0	25.4	475.3	13.1	9.7	465.3
0.0	25.5	573.6	13.1	8.6	465.3
0.3	25.4	544.0	13.0	8.7	465.3
0.1	24.9	558.6	13.0	8.8	465.3
0.0	25.0	602.1	13.0	9.9	465.3
0.0	24.4	606.4	13.0	10.0	465.3
0.0	26.0	576.6	12.9	9.0	465.3
0.8	26.6	424.6	12.9	7.9	465.3
1.1	26.1	143.8	12.9	7.1	465.3
0.5	26.9	225.4	12.8	8.5	465.3
11.9	27.1	440.5	12.8	9.7	465.3
12.7	26.5	488.3	12.8	8.2	464.2
9.3	26.4	507.7	12.8	8.6	464.2
11.6	26.1	505.1	12.7	8.0	464.2
9.6	26.5	399.5	12.7	8.2	464.2
23.1	26.4	396.3	12.7	8.1	464.2
13.3	25.0	269.4	12.6	7.0	464.2
12.9	25.2	331.1	12.6	6.6	464.2
34.8	25.3	206.3	12.6	7.5	464.2
4.0	20.1	33.9	12.5	7.4	464.2
0.0	17.6	352.0	12.5	5.9	464.2
0.0	19.0	130.5	12.5	5.1	464.2
0.5	20.2	72.6	12.5	4.6	464.2
0.9	21.4	135.8	12.4	5.2	464.2
0.6	22.6	78.7	12.4	5.4	464.2
1.4	23.7	214.7	12.4	6.7	464.2
0.3	21.7	220.6	12.3	7.6	464.2
0.1	21.8	524.5	12.3	8.6	464.2
0.0	21.2	534.0	12.3	9.0	464.2
0.8	23.0	507.9	12.3	7.8	464.2
3.5	22.2	25.8	12.2	3.6	464.2
19.9	22.8	125.8	12.2	4.8	464.2
5.7	20.9	27.2	12.2	5.2	464.2
1.1	20.4	264.1	12.1	5.8	464.2
0.2	20.8	402.7	12.1	6.6	464.2
0.1	20.6	499.2	12.1	7.4	464.2
0.1	21.3	471.2	12.0	7.7	464.2
0.2	21.5	427.2	12.0	7.8	464.2
0.1	21.7	489.0	12.0	8.5	464.2
0.0	21.6	502.1	11.9	7.9	464.2
0.0	22.6	489.5	11.9	8.2	464.2
0.0	23.3	488.2	11.9	8.9	464.1
0.1	24.1	477.9	11.9	8.9	464.1
0.1	24.6	411.4	11.8	8.7	464.1
0.3	22.9	344.1	11.8	8.2	464.1
0.0	20.6	371.8	11.8	5.7	464.1
0.0	20.3	336.2	11.7	6.6	464.1
0.0	20.3	449.1	11.7	6.5	464.1
0.0	20.4	398.4	11.7	7.4	464.1
0.0	20.0	468.1	11.6	8.1	464.1
0.0	19.2	472.5	11.6	7.9	464.1
0.0	19.3	468.8	11.6	8.1	464.1
0.0	19.6	466.3	11.6	8.4	464.1
0.0	18.9	467.0	11.5	7.8	464.1
0.0	18.9	453.1	11.5	7.5	464.1
0.0	19.0	452.1	11.5	7.4	464.1
0.0	19.7	440.8	11.4	7.8	464.1
0.0	20.6	396.2	11.4	7.6	464.1
0.0	19.7	436.5	11.4	7.3	464.1
0.0	19.7	436.5	11.4	6.8	464.1
0.0	21.3	426.8	11.3	6.7	464.1
0.0	21.9	415.8	11.3	6.9	464.1
0.0	21.3	349.5	11.3	7.6	464.1
0.0	19.5	432.4	11.2	7.7	464.1
0.0	19.9	366.9	11.2	6.5	464.1
0.0	17.2	425.5	11.2	6.0	464.1
0.0	15.5	430.0	11.2	6.5	464.1
0.0	16.3	423.9	11.1	7.0	464.1
0.0	17.3	411.3	11.1	7.2	464.1
0.0	17.9	410.1	11.1	7.0	464.1
0.0	19.1	399.4	11.0	6.7	464.1
0.0	19.1	368.6	11.0	7.0	464.1
0.0	20.4	387.9	11.0	6.8	465.4
0.0	19.7	379.6	11.0	5.8	465.4
0.1	17.8	198.7	10.9	5.6	465.4
0.0	17.1	381.4	10.9	6.0	465.4
0.0	18.2	377.6	10.9	6.3	465.4
0.0	14.4	383.4	10.9	5.2	465.4
0.0	14.3	383.7	10.8	5.7	465.4
0.0	15.7	378.0	10.8	5.7	465.4
0.0	17.9	362.0	10.8	6.0	465.4
0.0	19.1	296.2	10.8	5.8	465.4
1.5	19.4	128.2	10.7	4.2	465.4
16.8	17.9	30.7	10.7	1.4	465.4
1.5	18.9	185.3	10.7	4.1	465.4
8.5	17.5	122.4	10.7	5.6	465.4
0.8	3.7	70.0	10.6	3.4	465.4
0.0	0.4	372.2	10.6	2.2	465.4
0.0	2.1	371.0	10.6	2.9	465.4
0.0	7.0	336.2	10.6	3.8	465.4
0.1	8.6	161.7	10.6	3.3	465.4
0.0	8.8	349.9	10.5	4.5	465.4
0.0	10.7	348.4	10.5	4.8	465.4
0.0	12.1	245.7	10.5	4.5	465.4
0.0	10.7	305.3	10.5	4.0	465.4
0.0	9.6	247.9	10.5	4.1	465.4
11.0	10.8	130.9	10.4	4.8	465.4
4.7	-0.6	42.1	10.4	1.6	465.4
4.5	-0.2	92.0	10.4	1.4	465.4
1.0	-0.7	24.2	10.4	1.3	465.4
0.0	1.2	334.3	10.4	2.7	465.4
0.1	6.0	246.4	10.4	3.1	465.4
1.1	8.8	140.5	10.3	2.8	467.2
16.7	9.4	26.3	10.3	1.5	467.2
0.6	9.3	116.2	10.3	2.7	467.2
0.2	10.0	136.4	10.3	2.9	467.2
0.2	15.4	262.7	10.3	4.6	467.2
0.9	17.3	118.9	10.3	3.8	467.2
3.1	16.4	225.7	10.3	6.1	467.2
6.8	3.2	40.8	10.3	2.2	467.2
0.8	-0.2	112.2	10.2	1.7	467.2
0.0	-2.0	185.5	10.2	1.8	467.2
14.4	1.6	237.1	10.2	2.3	467.2
4.7	4.8	26.3	10.2	1.8	467.2
0.2	6.0	105.0	10.2	2.2	467.2
8.1	5.8	54.0	10.2	1.7	467.2
7.8	3.4	18.1	10.2	1.7	467.2
6.5	-0.0	30.2	10.2	1.6	467.2
1.0	-3.2	151.2	10.2	1.3	467.2
0.0	-0.3	314.0	10.2	2.0	467.2
0.0	1.7	253.3	10.2	2.1	467.2
0.9	3.0	73.4	10.2	1.9	467.2
0.0	0.8	298.3	10.2	2.4	467.2
0.0	0.5	308.2	10.2	2.3	467.2
5.3	2.8	114.1	10.2	2.2	467.2
0.0	2.4	263.0	10.2	2.5	467.2
0.0	0.0	170.0	10.2	1.8	467.2
0.0	-1.3	314.1	10.2	2.3	467.2
0.0	1.1	300.0	10.2	2.7	467.2
0.0	2.2	179.7	10.2	2.6	467.2
0.0	5.3	301.7	10.2	3.5	467.2
22.0	10.1	177.3	10.2	3.5	467.2
0.7	1.0	69.0	10.2	2.2	467.2
0.0	-2.1	312.9	10.2	1.7	469.2
0.0	-2.6	318.0	10.2	1.4	469.2
0.0	-0.0	323.6	10.2	2.3	469.2
0.0	3.5	324.6	10.2	3.0	469.2
0.0	1.3	327.4	10.3	2.0	469.2
0.0	7.3	321.5	10.3	4.4	469.2
0.0	9.7	296.3	10.3	4.7	469.2
11.7	5.6	40.2	10.3	4.0	469.2
0.0	-2.1	273.4	10.3	2.0	469.2
0.0	-2.0	306.2	10.3	2.1	469.2
0.0	1.5	331.0	10.3	3.1	469.2
0.0	5.8	336.0	10.3	4.0	469.2
1.5	10.6	234.4	10.4	4.2	469.2
16.0	10.0	46.8	10.4	1.9	469.2
8.4	6.4	45.2	10.4	2.7	469.2
2.4	2.3	50.3	10.4	2.1	469.2
1.5	0.9	140.3	10.4	1.4	469.2
1.2	1.6	104.4	10.4	2.2	469.2
0.0	-0.1	259.7	10.5	2.4	469.2
6.4	2.3	229.9	10.5	2.4	469.2
9.9	4.5	50.2	10.5	2.0	469.2
14.3	5.2	103.8	10.5	2.1	469.2
9.8	2.1	40.5	10.5	3.1	469.2
0.0	1.1	365.7	10.6	2.9	469.2
6.6	5.5	260.1	10.6	3.6	469.2
0.5	4.5	92.0	10.6	3.4	469.2
0.4	6.2	171.5	10.6	3.2	469.2
5.6	11.6	171.6	10.6	5.2	469.2
0.9	2.1	103.3	10.7	1.7	469.2
13.2	4.1	126.8	10.7	2.4	469.2
0.8	6.9	154.1	10.7	2.8	469.2
1.5	9.2	135.6	10.7	3.0	470.1
5.8	12.1	52.1	10.8	2.7	470.1
3.0	16.4	322.2	10.8	5.3	470.1
3.5	10.5	42.3	10.8	4.9	470.1
0.3	14.1	173.8	10.8	4.9	470.1
0.2	12.5	375.4	10.9	6.8	470.1
1.9	13.2	392.6	10.9	5.5	470.1
9.5	12.0	119.0	10.9	6.7	470.1
7.5	-1.0	22.7	10.9	2.0	470.1
11.4	-0.5	54.2	11.0	1.5	470.1
4.0	3.2	105.0	11.0	2.5	470.1
15.8	3.1	89.8	11.0	3.1	470.1
0.4	-0.4	308.7	11.1	2.4	470.1
0.0	3.8	339.9	11.1	4.0	470.1
0.0	13.9	367.1	11.1	5.7	470.1
30.9	15.9	103.8	11.1	5.0	470.1
5.8	6.9	51.7	11.2	4.5	470.1
10.0	1.9	83.5	11.2	1.6	470.1
15.4	5.3	41.4	11.2	2.6	470.1
1.3	7.1	65.7	11.2	2.3	470.1
25.7	9.5	151.7	11.3	3.3	470.1
3.6	1.9	89.0	11.3	4.3	470.1
0.1	0.6	366.7	11.3	2.8	470.1
0.0	0.3	425.7	11.4	3.1	470.1
0.6	-3.7	384.2	11.4	2.2	470.1
0.3	-3.7	246.2	11.4	1.6	470.1
6.9	-1.8	250.5	11.5	2.3	470.1
3.9	-1.1	82.9	11.5	1.5	470.1
24.7	2.4	113.6	11.5	3.3	470.1
18.9	4.8	33.2	11.5	3.2	470.6
15.7	4.7	85.0	11.6	2.5	470.6
2.3	5.3	102.7	11.6	2.8	470.6
2.7	1.5	91.3	11.6	2.4	470.6
23.9	5.4	315.6	11.7	4.3	470.6
1.8	6.7	66.0	11.7	2.7	470.6
1.2	3.4	177.2	11.7	3.4	470.6
0.3	3.2	358.6	11.8	4.5	470.6
2.2	8.4	455.6	11.8	6.0	470.6
26.3	4.7	73.1	11.8	3.3	470.6
1.3	6.7	49.4	11.8	5.5	470.6
9.2	15.8	243.8	11.9	6.8	470.6
25.5	6.8	46.5	11.9	4.3	470.6
0.1	9.3	205.1	11.9	4.6	470.6
0.0	16.0	300.7	12.0	7.7	470.6
10.5	10.0	126.5	12.0	9.0	470.6
24.2	2.4	52.3	12.0	2.8	470.6
0.7	4.5	311.6	12.1	3.6	470.6
0.0	5.5	326.5	12.1	4.3	470.6
0.0	6.3	460.1	12.1	5.7	470.6
0.1	9.0	540.2	12.2	6.2	470.6
0.0	11.5	549.4	12.2	6.8	470.6
0.3	16.4	496.4	12.2	8.5	470.6
5.2	17.4	181.6	12.2	9.3	470.6
24.7	7.0	47.0	12.3	4.0	470.6
0.0	8.6	395.9	12.3	5.6	470.6
0.0	9.5	570.0	12.3	6.4	470.6
8.9	11.7	462.0	12.4	6.8	470.6
23.3	10.0	56.4	12.4	3.9	470.6
0.0	11.7	407.9	12.4	7.0	470.6
0.1	10.2	560.0	12.5	5.1	470.6
1.1	10.8	173.8	12.5	4.1	470.8
0.0	14.8	583.1	12.5	7.9	470.8
0.0	16.9	574.9	12.5	9.4	470.8
0.7	19.4	452.7	12.6	8.9	470.8
1.7	18.0	219.1	12.6	7.1	470.8
0.3	14.7	186.9	12.6	7.9	470.8
0.0	16.0	588.5	12.7	9.1	470.8
0.0	18.8	531.4	12.7	9.2	470.8
0.0	18.6	221.7	12.7	8.9	470.8
2.6	16.7	173.9	12.8	4.9	470.8
14.0	16.3	101.7	12.8	6.5	470.8
0.1	17.9	602.4	12.8	9.5	470.8
7.5	19.6	536.2	12.8	9.7	470.8
0.1	16.6	584.3	12.9	6.2	470.8
7.9	18.2	193.3	12.9	8.8	470.8
1.5	18.1	399.5	12.9	7.6	470.8
50.5	14.4	143.9	13.0	6.3	470.8
30.0	16.5	56.8	13.0	6.4	470.8
39.0	19.1	70.7	13.0	5.8	470.8
0.5	20.0	307.0	13.0	7.7	470.8
0.0	24.6	554.7	13.1	9.4	470.8
1.7	24.5	331.0	13.1	8.8	470.8
40.3	22.0	294.2	13.1	11.3	470.8
2.6	12.9	81.7	13.2	6.5	470.8
12.0	9.3	71.0	13.2	3.0	470.8
10.4	11.9	51.5	13.2	5.0	470.8
8.3	16.3	48.4	13.2	6.1	470.8
1.9	13.1	106.0	13.3	3.7	470.8
1.5	15.2	165.3	13.3	5.7	470.8
2.2	14.0	93.2	13.3	4.6	470.8
7.0	17.7	319.3	13.3	7.9	471.0
0.3	18.0	467.2	13.4	9.4	471.0
0.1	17.2	582.0	13.4	9.3	471.0
0.1	19.5	624.5	13.4	10.7	471.0
0.1	20.4	581.3	13.4	10.4	471.0
0.1	22.5	641.6	13.5	10.6	471.0
0.4	24.1	624.0	13.5	11.4	471.0
4.9	24.5	502.9	13.5	11.2	471.0
8.4	24.3	485.4	13.5	11.2	471.0
25.2	22.2	387.1	13.6	11.4	471.0
10.2	21.3	149.5	13.6	6.6	471.0
0.3	22.7	550.9	13.6	10.4	471.0
6.3	24.8	561.0	13.6	10.2	471.0
5.3	24.0	274.7	13.6	7.1	471.0
1.5	19.7	254.2	13.7	9.3	471.0
0.1	16.6	449.2	13.7	9.4	471.0
0.0	18.5	383.8	13.7	8.2	471.0
1.4	20.3	272.1	13.7	8.0	471.0
16.6	19.9	265.9	13.7	6.9	471.0
26.5	20.7	54.3	13.8	6.3	471.0
18.9	21.9	81.0	13.8	4.5	471.0
1.8	23.8	362.1	13.8	9.0	471.0
13.6	25.2	514.1	13.8	9.7	471.0
32.0	26.1	516.0	13.8	9.4	471.0
0.1	19.6	403.5	13.9	12.1	471.0
0.0	18.6	677.7	13.9	9.1	471.0
0.0	21.9	587.5	13.9	9.7	471.0
3.2	23.0	450.6	13.9	9.6	471.0
2.7	22.0	87.1	13.9	5.5	471.0
1.5	23.7	333.2	13.9	9.8	471.0
0.6	24.9	544.2	13.9	10.0	471.0
5.2	25.3	537.5	14.0	10.7	469.4
1.4	23.4	147.7	14.0	6.0	469.4
18.6	20.3	319.6	14.0	12.2	469.4
0.1	19.9	559.9	14.0	9.9	469.4
0.1	22.6	656.3	14.0	11.0	469.4
0.0	25.2	598.4	14.0	10.6	469.4
19.9	25.5	409.7	14.0	9.9	469.4
10.7	23.2	84.4	14.0	5.1	469.4
24.0	24.2	430.7	14.0	8.8	469.4
26.2	23.4	47.0	14.0	4.3	469.4
6.8	25.5	289.1	14.1	9.3	469.4
8.7	26.1	284.9	14.1	8.4	469.4
89.9	26.0	289.2	14.1	7.8	469.4
6.4	21.0	104.9	14.1	8.4	469.4
0.5	23.6	540.1	14.1	9.1	469.4
5.2	25.3	359.0	14.1	9.0	469.4
0.4	25.1	465.0	14.1	10.2	469.4
11.8	20.9	283.6	14.1	10.3	469.4
12.3	19.4	47.2	14.1	7.2	469.4
5.8	21.8	71.8	14.1	5.6	469.4
15.1	25.0	354.5	14.1	9.3	469.4
0.9	24.8	125.5	14.1	6.8	469.4
9.1	26.5	609.4	14.1	10.6	469.4
18.9	26.1	580.9	14.1	10.4	469.4
12.2	25.5	451.6	14.1	8.5	469.4
24.9	25.6	413.4	14.1	8.5	469.4
9.3	25.5	290.8	14.1	8.8	469.4
16.6	26.5	573.7	14.1	10.3	469.4
4.5	27.2	644.6	14.1	11.1	469.4
7.2	27.2	639.4	14.1	11.0	469.4
9.0	27.4	639.0	14.0	11.5	466.2
12.4	27.2	642.3	14.0	10.4	466.2
13.8	26.7	541.4	14.0	9.6	466.2
10.1	26.8	559.3	14.0	10.1	466.2
7.5	26.6	649.4	14.0	10.5	466.2
13.2	26.7	629.6	14.0	10.4	466.2
14.5	26.7	598.0	14.0	9.8	466.2
16.4	26.7	495.9	14.0	9.3	466.2
19.6	27.2	510.2	14.0	9.3	466.2
18.8	26.9	368.0	14.0	9.8	466.2
15.0	26.8	423.2	14.0	9.7	466.2
11.0	26.6	364.6	13.9	8.9	466.2
23.6	26.8	459.6	13.9	10.5	466.2
21.3	25.8	337.5	13.9	9.8	466.2
0.0	25.9	456.7	13.9	8.8	466.2
8.1	25.6	397.0	13.9	7.7	466.2
3.3	25.7	390.4	13.9	9.9	466.2
11.8	26.5	497.5	13.8	8.9	466.2
17.3	25.8	377.4	13.8	8.3	466.2
0.8	26.0	434.0	13.8	8.7	466.2
1.4	26.2	488.2	13.8	9.1	466.2
1.3	26.0	519.7	13.8	9.8	466.2
0.6	27.3	579.0	13.8	9.3	466.2
7.4	27.0	525.9	13.7	9.6	466.2
15.9	26.6	504.9	13.7	9.3	466.2
0.7	27.7	616.5	13.7	9.8	466.2
2.3	27.9	556.2	13.7	10.0	466.2
1.5	28.6	572.5	13.7	10.6	466.2
8.0	28.4	570.6	13.6	11.2	466.2
9.1	27.8	593.0	13.6	11.7	466.2
5.2	27.6	628.0	13.6	10.3	466.2
4.3	27.4	578.4	13.6	10.0	464.4
3.1	28.1	626.7	13.6	10.5	464.4
3.3	28.0	615.7	13.5	11.2	464.4
0.0	28.5	597.1	13.5	10.3	464.4
0.4	29.0	622.3	13.5	10.8	464.4
14.4	28.4	556.3	13.5	11.3	464.4
11.2	27.4	399.6	13.4	9.7	464.4
0.5	28.0	471.8	13.4	9.9	464.4
8.6	27.3	585.1	13.4	10.6	464.4
4.5	27.0	572.7	13.4	10.4	464.4
5.0	27.1	545.2	13.3	10.7	464.4
8.1	27.2	531.5	13.3	10.1	464.4
12.1	26.7	544.6	13.3	9.3	464.4
16.6	25.9	346.1	13.3	8.4	464.4
18.1	24.6	305.4	13.2	7.7	464.4
8.4	24.6	470.2	13.2	8.6	464.4
1.9	25.3	509.8	13.2	9.1	464.4
5.2	25.4	480.4	13.2	9.0	464.4
4.0	26.0	512.3	13.1	8.5	464.4
25.0	25.5	468.1	13.1	8.1	464.4
10.6	26.5	383.3	13.1	8.1	464.4
8.0	26.9	540.9	13.0	10.4	464.4
13.5	26.6	502.0	13.0	9.8	464.4
14.2	27.0	546.3	13.0	9.9	464.4
9.3	26.7	498.0	13.0	9.4	464.4
6.2	26.6	540.3	12.9	9.7	464.4
19.0	25.8	451.1	12.9	8.2	464.4
21.5	25.4	406.4	12.9	8.0	464.4
2.9	23.9	143.4	12.8	5.5	464.4
0.2	23.9	374.2	12.8	8.3	464.4
0.5	25.1	479.3	12.8	7.9	464.4
2.6	24.9	289.3	12.8	7.3	463.3
8.6	24.3	419.6	12.7	8.3	463.3
9.6	24.7	484.7	12.7	8.0	463.3
12.5	24.6	396.5	12.7	7.9	463.3
15.4	25.0	448.1	12.6	8.4	463.3
7.2	26.0	522.7	12.6	8.6	463.3
21.3	24.9	421.9	12.6	9.0	463.3
5.1	19.5	47.9	12.6	5.9	463.3
0.9	22.9	362.3	12.5	7.7	463.3
1.2	25.1	459.8	12.5	8.2	463.3
0.4	25.8	517.6	12.5	8.5	463.3
3.1	25.5	513.4	12.4	8.7	463.3
7.0	23.9	447.7	12.4	6.8	463.3
1.0	24.1	324.4	12.4	7.1	463.3
2.4	23.5	289.9	12.3	8.4	463.3
0.7	19.8	123.9	12.3	5.6	463.3
5.1	21.0	48.4	12.3	4.9	463.3
3.5	21.3	36.1	12.3	3.4	463.3
0.8	21.2	41.1	12.2	2.9	463.3
0.7	21.8	347.5	12.2	7.7	463.3
0.2	23.0	476.5	12.2	8.6	463.3
0.0	23.7	505.9	12.1	8.7	463.3
0.0	24.8	496.7	12.1	8.4	463.3
0.0	25.8	480.7	12.1	8.6	463.3
0.1	27.3	487.5	12.0	8.6	463.3
20.3	25.9	437.4	12.0	8.9	463.3
11.1	19.2	59.2	12.0	7.9	463.3
0.3	14.9	130.8	12.0	4.4	463.3
0.0	15.4	254.9	11.9	5.0	463.3
0.0	17.4	213.6	11.9	4.8	463.3
5.0	18.5	148.2	11.9	4.2	463.2
1.0	17.0	54.9	11.8	3.9	463.2
0.2	17.7	322.1	11.8	7.1	463.2
0.0	18.1	361.7	11.8	7.3	463.2
0.0	18.6	382.4	11.7	7.6	463.2
0.0	16.4	465.5	11.7	7.4	463.2
0.0	14.6	489.8	11.7	6.8	463.2
0.0	16.5	478.4	11.7	7.5	463.2
0.0	18.3	451.6	11.6	7.5	463.2
0.0	18.9	463.4	11.6	8.3	463.2
0.0	17.7	474.4	11.6	7.9	463.2
0.0	18.3	467.8	11.5	8.3	463.2
0.0	19.5	395.9	11.5	8.6	463.2
0.0	21.0	412.3	11.5	7.9	463.2
0.0	20.1	458.5	11.4	8.0	463.2
0.0	20.4	403.0	11.4	7.8	463.2
0.0	19.8	430.7	11.4	7.2	463.2
0.2	17.6	167.7	11.4	5.8	463.2
0.0	13.6	197.0	11.3	4.9	463.2
0.0	14.4	429.6	11.3	5.9	463.2
0.0	15.0	420.9	11.3	6.3	463.2
0.0	15.0	428.9	11.2	6.7	463.2
0.0	17.2	436.7	11.2	6.6	463.2
0.0	15.4	431.7	11.2	6.7	463.2
0.0	17.7	423.2	11.2	7.1	463.2
0.0	18.9	407.3	11.1	6.7	463.2
0.0	19.5	384.9	11.1	6.6	463.2
0.0	18.7	379.3	11.1	6.6	463.2
0.0	18.8	390.6	11.1	6.0	463.2
0.0	19.8	383.9	11.0	6.0	463.2
0.1	20.4	145.5	11.0	4.3	463.2
0.1	23.2	366.4	11.0	6.8	464.4
2.5	23.7	356.0	10.9	6.6	464.4
1.8	18.9	34.7	10.9	3.6	464.4
0.4	17.5	268.1	10.9	4.8	464.4
0.1	14.2	162.6	10.9	4.3	464.4
0.0	14.9	368.6	10.8	5.3	464.4
0.0	15.6	377.7	10.8	5.6	464.4
0.0	17.9	370.4	10.8	6.1	464.4
0.0	20.1	352.5	10.8	6.2	464.4
2.9	17.6	332.2	10.7	7.5	464.4
2.8	10.6	51.3	10.7	2.1	464.4
2.5	11.5	101.9	10.7	2.5	464.4
1.3	11.8	48.2	10.7	2.0	464.4
4.7	13.3	112.6	10.6	3.6	464.4
3.4	6.4	30.2	10.6	3.3	464.4
0.0	4.5	315.8	10.6	3.1	464.4
0.0	5.2	362.4	10.6	3.5	464.4
0.0	7.0	324.3	10.6	4.1	464.4
0.5	10.6	272.1	10.5	4.3	464.4
1.0	10.0	87.5	10.5	2.9	464.4
0.0	8.0	329.9	10.5	3.6	464.4
0.0	6.6	349.6	10.5	3.9	464.4
0.0	8.7	345.6	10.5	4.1	464.4
0.0	7.2	345.0	10.4	3.3	464.4
0.0	6.1	345.4	10.4	3.9	464.4
0.0	7.2	339.9	10.4	4.2	464.4
0.0	7.4	335.7	10.4	4.3	464.4
0.0	7.2	337.5	10.4	4.2	464.4
0.0	9.3	294.5	10.4	4.9	464.4
0.0	12.2	303.4	10.3	5.1	464.4
0.0	14.4	262.4	10.3	5.3	466.2
15.1	4.6	20.5	10.3	4.2	466.2
1.0	-3.0	248.2	10.3	1.7	466.2
0.0	-2.7	333.2	10.3	2.0	466.2
0.1	0.1	319.4	10.3	2.7	466.2
0.1	4.0	154.9	10.3	2.8	466.2
0.3	6.8	76.3	10.3	2.6	466.2
0.0	13.9	250.7	10.2	4.4	466.2
0.0	15.6	164.0	10.2	4.4	466.2
0.0	15.9	263.3	10.2	5.0	466.2
0.3	16.9	281.3	10.2	5.2	466.2
0.6	15.1	46.8	10.2	2.8	466.2
0.2	17.5	176.7	10.2	4.0	466.2
2.2	16.5	133.0	10.2	5.6	466.2
1.8	3.4	77.1	10.2	2.5	466.2
0.0	1.7	315.6	10.2	2.4	466.2
0.0	-0.2	321.3	10.2	2.3	466.2
0.0	3.2	307.6	10.2	3.4	466.2
0.0	5.2	262.4	10.2	3.4	466.2
0.2	5.9	266.7	10.2	3.3	466.2
0.0	1.5	309.0	10.2	2.5	466.2
0.0	2.1	314.2	10.2	3.0	466.2
0.0	4.8	317.4	10.2	3.7	466.2
0.0	7.7	267.8	10.2	4.2	466.2
0.0	9.0	226.9	10.2	4.0	466.2
0.0	11.2	296.1	10.2	4.5	466.2
0.4	13.9	223.6	10.2	4.9	466.2
0.3	11.2	97.2	10.2	4.0	466.2
0.7	9.3	267.1	10.2	3.7	466.2
0.0	9.4	91.0	10.2	3.7	466.2
0.0	12.2	299.2	10.2	4.9	466.2
0.8	10.3	307.2	10.2	3.7	468.2
0.9	3.5	39.1	10.2	3.0	468.2
0.0	-0.5	303.6	10.2	2.1	468.2
0.0	4.1	317.4	10.3	3.1	468.2
1.7	3.3	50.7	10.3	2.1	468.2
0.0	1.3	314.3	10.3	2.7	468.2
0.0	1.6	316.6	10.3	2.6	468.2
0.0	4.3	215.9	10.3	2.9	468.2
0.0	5.1	332.6	10.3	3.6	468.2
0.0	6.3	341.0	10.3	4.5	468.2
0.0	10.7	332.3	10.3	5.3	468.2
1.1	10.4	57.3	10.4	4.1	468.2
8.2	3.3	25.9	10.4	2.4	468.2
0.3	-0.9	136.0	10.4	2.0	468.2
0.0	-2.0	334.4	10.4	2.1	468.2
1.0	1.9	246.9	10.4	2.5	468.2
12.3	1.7	42.4	10.4	1.9	468.2
0.7	-0.8	118.9	10.5	1.7	468.2
0.0	0.0	72.5	10.5	1.6	468.2
7.6	3.8	69.8	10.5	2.1	468.2
34.1	4.4	12.1	10.5	1.6	468.2
6.1	2.7	34.8	10.5	1.1	468.2
11.1	2.4	32.5	10.6	1.3	468.2
2.4	2.4	55.6	10.6	1.3	468.2
0.5	4.4	160.4	10.6	2.4	468.2
32.7	4.9	34.2	10.6	1.4	468.2
24.4	4.5	19.0	10.6	2.5	468.2
2.0	-0.6	51.2	10.7	1.9	468.2
0.7	-0.9	201.3	10.7	2.4	468.2
9.3	1.1	177.2	10.7	2.3	468.2
1.7	1.7	115.1	10.7	2.0	468.2
7.9	0.8	64.5	10.8	1.0	469.1
0.6	4.5	132.5	10.8	2.7	469.1
5.1	12.0	150.7	10.8	4.5	469.1
19.9	9.3	32.0	10.8	4.3	469.1
20.2	6.4	136.6	10.9	3.0	469.1
40.7	2.9	28.4	10.9	2.4	469.1
13.6	1.4	28.3	10.9	1.6	469.1
8.9	-1.1	75.9	10.9	1.8	469.1
0.6	-0.4	331.0	11.0	2.4	469.1
0.2	0.5	301.7	11.0	2.5	469.1
0.7	2.5	265.8	11.0	2.7	469.1
7.5	2.3	175.9	11.0	2.2	469.1
15.5	1.2	44.0	11.1	1.9	469.1
1.0	2.2	238.0	11.1	2.9	469.1
0.0	1.8	341.2	11.1	3.1	469.1
0.0	1.0	198.8	11.2	3.0	469.1
0.0	2.4	294.6	11.2	3.0	469.1
3.8	5.4	336.4	11.2	3.6	469.1
3.6	6.1	83.7	11.2	2.5	469.1
17.5	6.6	33.6	11.3	1.7	469.1
1.7	4.5	58.3	11.3	3.5	469.1
0.0	0.4	457.1	11.3	2.9	469.1
0.0	2.1	471.3	11.4	3.8	469.1
0.0	4.8	461.6	11.4	4.7	469.1
0.0	7.8	392.2	11.4	5.1	469.1
0.0	8.0	466.6	11.4	5.5	469.1
0.0	7.8	479.7	11.5	5.7	469.1
0.0	10.6	473.3	11.5	6.1	469.1
0.0	7.8	485.9	11.5	5.5	469.6
0.0	13.2	486.2	11.6	7.5	469.6
0.0	16.6	436.8	11.6	8.4	469.6
2.1	12.6	85.0	11.6	3.1	469.6
6.1	17.0	172.1	11.7	6.5	469.6
8.5	10.1	66.9	11.7	6.2	469.6
1.0	11.2	464.3	11.7	6.4	469.6
3.9	9.9	75.8	11.7	4.8	469.6
0.1	14.0	456.9	11.8	6.5	469.6
2.0	20.4	456.7	11.8	8.0	469.6
19.2	18.7	184.6	11.8	5.4	469.6
12.4	15.7	94.3	11.9	8.0	469.6
11.9	4.7	38.1	11.9	3.6	469.6
54.7	4.9	37.0	11.9	2.7	469.6
4.9	2.3	34.0	12.0	3.2	469.6
0.1	2.7	393.0	12.0	3.6	469.6
1.6	4.9	332.0	12.0	3.8	469.6
24.4	4.7	60.6	12.1	2.0	469.6
16.2	6.3	50.7	12.1	2.4	469.6
1.9	6.5	128.9	12.1	3.7	469.6
0.0	4.1	168.3	12.1	3.0	469.6
3.7	3.2	155.7	12.2	2.4	469.6
0.0	2.7	233.5	12.2	4.3	469.6
0.8	6.0	437.6	12.2	4.9	469.6
23.1	7.3	50.7	12.3	3.6	469.6
12.4	8.3	109.9	12.3	3.8	469.6
43.4	8.5	57.7	12.3	2.4	469.6
9.2	7.2	48.2	12.4	3.1	469.6
2.3	6.0	128.5	12.4	4.9	469.6
0.0	10.1	541.3	12.4	7.3	469.6
0.1	12.0	452.5	12.5	7.2	469.6
24.4	10.4	113.2	12.5	4.3	469.9
17.3	7.3	55.8	12.5	3.5	469.9
0.0	6.4	274.9	12.5	4.9	469.9
0.1	6.3	320.1	12.6	6.1	469.9
0.0	9.4	526.9	12.6	6.9	469.9
0.0	15.4	573.6	12.6	7.7	469.9
3.1	10.3	340.6	12.7	7.3	469.9
0.0	12.9	600.4	12.7	7.4	469.9
0.3	14.0	563.4	12.7	9.1	469.9
5.9	14.9	436.2	12.8	7.3	469.9
26.7	18.6	192.7	12.8	9.6	469.9
5.6	10.7	168.0	12.8	6.4	469.9
0.1	13.1	543.6	12.8	7.2	469.9
0.0	11.3	477.5	12.9	7.7	469.9
0.1	12.6	439.3	12.9	6.4	469.9
1.9	12.2	273.2	12.9	5.8	469.9
0.0	11.1	544.0	13.0	7.4	469.9
0.0	12.5	604.3	13.0	7.3	469.9
0.1	15.1	551.4	13.0	9.4	469.9
0.0	18.9	592.6	13.0	10.6	469.9
0.0	19.3	348.9	13.1	9.4	469.9
4.0	22.0	601.6	13.1	10.9	469.9
1.5	22.6	612.9	13.1	10.6	469.9
8.7	23.5	578.6	13.1	11.1	469.9
0.2	17.0	469.0	13.2	8.8	469.9
0.0	20.0	616.7	13.2	10.1	469.9
0.0	20.8	467.6	13.2	10.3	469.9
0.0	19.2	643.0	13.3	8.8	469.9
30.1	18.7	509.2	13.3	10.1	469.9
4.4	15.1	65.2	13.3	5.8	469.9
0.1	13.6	305.8	13.3	6.0	470.1
29.5	16.1	595.8	13.4	7.6	470.1
9.8	16.4	140.0	13.4	6.0	470.1
0.0	20.1	384.2	13.4	8.0	470.1
0.0	16.9	537.8	13.4	8.9	470.1
0.0	17.2	641.9	13.5	9.8	470.1
14.4	17.0	452.0	13.5	9.9	470.1
50.6	12.7	54.9	13.5	3.4	470.1
11.3	13.4	69.5	13.5	3.3	470.1
1.1	17.4	493.5	13.6	8.1	470.1
0.4	17.1	628.7	13.6	10.4	470.1
0.0	14.9	669.5	13.6	9.5	470.1
0.0	16.9	493.7	13.6	8.9	470.1
16.2	14.0	111.4	13.6	6.6	470.1
0.5	15.9	206.6	13.7	7.1	470.1
0.4	19.9	559.0	13.7	10.4	470.1
1.6	22.5	353.7	13.7	10.7	470.1
10.6	23.1	294.9	13.7	8.3	470.1
34.4	22.4	180.7	13.7	7.2	470.1
0.2	23.1	580.5	13.8	10.1	470.1
3.8	22.1	366.0	13.8	7.1	470.1
4.0	25.1	315.4	13.8	8.9	470.1
4.8	17.8	78.3	13.8	9.2	470.1
1.4	17.9	369.1	13.8	7.2	470.1
0.0	20.5	443.0	13.9	8.7	470.1
0.1	21.3	533.1	13.9	8.9	470.1
0.3	19.6	267.5	13.9	7.9	470.1
0.5	21.6	606.5	13.9	10.5	470.1
10.2	22.3	320.5	13.9	8.2	470.1
11.3	20.1	87.4	13.9	4.9	470.1
1.5	23.6	434.3	13.9	8.4	470.1
22.4	21.4	95.1	14.0	7.8	468.4
2.1	18.2	212.0	14.0	7.7	468.4
0.0	20.3	615.7	14.0	9.7	468.4
0.0	20.8	649.2	14.0	9.8	468.4
0.0	21.0	579.9	14.0	9.8	468.4
0.1	21.4	490.5	14.0	9.0	468.4
0.5	23.3	280.5	14.0	9.1	468.4
15.3	24.4	377.6	14.0	9.8	468.4
18.8	24.9	406.0	14.0	10.0	468.4
29.2	22.8	184.7	14.0	7.0	468.4
3.0	20.9	88.2	14.1	4.6	468.4
1.6	23.1	359.4	14.1	8.7	468.4
1.1	23.9	358.6	14.1	8.4	468.4
1.1	24.5	474.7	14.1	9.3	468.4
0.1	25.0	278.5	14.1	7.9	468.4
1.6	25.5	192.5	14.1	7.4	468.4
26.0	26.2	388.4	14.1	9.5	468.4
19.5	25.3	109.7	14.1	6.9	468.4
22.6	25.2	73.2	14.1	6.1	468.4
24.9	24.7	251.1	14.1	8.3	468.4
0.3	25.4	422.1	14.1	10.0	468.4
21.6	25.1	148.0	14.1	6.2	468.4
4.4	25.1	183.5	14.1	7.8	468.4
15.6	25.8	253.9	14.1	8.2	468.4
6.9	27.0	469.0	14.1	10.1	468.4
21.4	26.9	493.9	14.1	9.1	468.4
28.7	26.1	316.5	14.1	8.5	468.4
20.2	26.0	213.5	14.1	7.7	468.4
3.2	26.4	194.1	14.1	7.0	468.4
0.7	27.5	444.1	14.1	9.6	468.4
0.0	28.3	513.3	14.1	10.6	465.3
0.0	27.4	471.0	14.0	11.4	465.3
1.2	27.2	525.5	14.0	10.9	465.3
8.4	25.7	283.0	14.0	8.7	465.3
10.7	25.4	223.0	14.0	8.1	465.3
10.9	26.0	308.1	14.0	9.1	465.3
5.3	25.5	211.0	14.0	8.5	465.3
9.3	26.1	494.2	14.0	9.6	465.3
11.8	26.6	438.8	14.0	9.6	465.3
10.9	27.1	467.1	14.0	10.0	465.3
10.2	27.0	520.7	14.0	9.8	465.3
18.4	27.2	596.9	13.9	10.0	465.3
25.3	26.1	428.3	13.9	9.1	465.3
9.2	26.0	489.0	13.9	9.5	465.3
3.0	26.9	583.6	13.9	10.1	465.3
5.7	27.0	469.7	13.9	10.1	465.3
3.7	27.6	516.1	13.9	10.8	465.3
5.4	27.3	432.5	13.9	10.9	465.3
9.7	26.3	294.7	13.8	9.1	465.3
10.5	27.1	468.8	13.8	10.5	465.3
11.4	27.2	438.6	13.8	10.0	465.3
9.3	27.8	469.4	13.8	9.5	465.3
21.2	27.7	517.4	13.8	8.8	465.3
14.8	28.0	541.7	13.7	9.3	465.3
11.5	28.0	440.8	13.7	8.9	465.3
23.7	27.7	416.4	13.7	8.8	465.3
17.1	27.3	402.6	13.7	9.4	465.3
23.4	26.1	500.9	13.7	8.3	465.3
16.4	26.2	445.4	13.6	8.8	465.3
31.1	25.8	383.4	13.6	9.1	465.3
21.6	24.5	387.5	13.6	7.3	465.3
0.7	24.3	264.9	13.6	7.5	463.5
3.5	25.0	486.2	13.6	8.7	463.5
3.7	25.1	306.7	13.5	8.1	463.5
18.1	26.3	532.4	13.5	8.9	463.5
6.2	27.2	618.3	13.5	10.2	463.5
5.8	27.4	597.4	13.5	9.9	463.5
0.9	28.0	542.0	13.4	10.0	463.5
0.0	28.3	576.9	13.4	10.1	463.5
0.2	28.6	619.6	13.4	10.6	463.5
0.0	28.4	625.1	13.4	10.9	463.5
2.3	29.0	611.3	13.3	11.8	463.5
12.9	27.2	487.0	13.3	9.5	463.5
29.7	26.1	356.2	13.3	7.6	463.5
23.6	26.1	478.2	13.3	7.8	463.5
5.5	27.0	537.9	13.2	9.7	463.5
17.5	26.1	422.1	13.2	8.5	463.5
8.0	26.0	357.1	13.2	8.1	463.5
16.8	26.2	442.5	13.2	9.0	463.5
2.7	26.9	582.3	13.1	9.5	463.5
6.4	26.9	541.7	13.1	9.2	463.5
0.3	26.9	456.1	13.1	9.8	463.5
0.0	27.0	580.5	13.1	9.1	463.5
0.3	27.4	543.7	13.0	9.6	463.5
2.3	26.9	574.0	13.0	10.3	463.5
0.4	26.7	577.3	13.0	8.9	463.5
1.0	27.1	481.6	12.9	8.4	463.5
0.6	27.7	467.6	12.9	9.3	463.5
0.9	28.1	496.3	12.9	9.7	463.5
11.9	26.2	450.6	12.9	9.1	463.5
0.6	24.2	253.6	12.8	8.6	463.5
0.0	24.1	565.0	12.8	8.6	463.5
0.0	24.5	571.9	12.8	9.7	462.3
0.4	25.4	347.2	12.7	7.9	462.3
1.2	23.8	172.3	12.7	6.2	462.3
2.1	22.8	53.1	12.7	4.5	462.3
1.1	23.3	57.6	12.7	4.6	462.3
1.1	24.8	115.4	12.6	5.3	462.3
5.2	25.8	293.4	12.6	8.3	462.3
18.5	26.5	513.2	12.6	8.2	462.3
9.6	26.8	473.5	12.5	9.3	462.3
16.1	26.5	453.7	12.5	9.1	462.3
15.5	25.1	419.6	12.5	9.0	462.3
5.5	19.6	60.9	12.4	5.7	462.3
0.3	18.4	66.8	12.4	4.3	462.3
0.1	19.7	532.7	12.4	7.9	462.3
0.1	20.9	527.8	12.4	8.3	462.3
0.0	21.7	528.2	12.3	8.4	462.3
0.0	21.8	528.3	12.3	8.5	462.3
0.0	22.0	518.2	12.3	9.1	462.3
0.1	22.4	525.9	12.2	9.3	462.3
0.0	21.4	517.7	12.2	9.3	462.3
0.0	20.9	535.4	12.2	9.6	462.3
0.0	20.1	541.2	12.1	9.5	462.3
0.0	21.2	529.2	12.1	9.6	462.3
0.0	22.5	506.7	12.1	9.2	462.3
0.0	23.1	481.8	12.1	9.3	462.3
0.0	21.8	524.5	12.0	8.9	462.3
0.1	23.0	488.7	12.0	8.4	462.3
0.0	22.2	503.3	12.0	9.5	462.3
0.0	22.7	498.5	11.9	9.9	462.3
0.0	21.5	484.6	11.9	9.8	462.3
0.0	21.0	507.8	11.9	9.7	462.1
0.0	22.3	495.5	11.8	9.6	462.1
0.0	21.0	503.4	11.8	9.2	462.1
0.0	21.0	491.8	11.8	9.2	462.1
0.0	21.5	492.1	11.8	9.5	462.1
0.0	22.2	485.4	11.7	9.1	462.1
0.0	21.4	481.5	11.7	8.8	462.1
0.0	22.7	468.3	11.7	8.4	462.1
0.1	23.2	419.7	11.6	8.4	462.1
0.0	23.9	459.1	11.6	8.4	462.1
0.0	18.3	471.6	11.6	7.6	462.1
0.0	17.8	470.4	11.5	7.4	462.1
0.0	15.7	459.4	11.5	7.3	462.1
0.0	13.2	475.8	11.5	6.4	462.1
0.0	14.8	461.6	11.5	7.4	462.1
0.0	16.5	447.1	11.4	7.8	462.1
0.0	17.1	449.4	11.4	7.8	462.1
0.0	18.0	446.2	11.4	7.7	462.1
0.0	18.4	439.8	11.3	7.7	462.1
0.0	19.7	425.9	11.3	7.7	462.1
0.0	19.9	409.3	11.3	6.9	462.1
0.0	18.2	299.2	11.3	6.0	462.1
0.0	19.0	412.8	11.2	6.8	462.1
0.0	19.7	401.6	11.2	6.9	462.1
0.1	19.5	275.1	11.2	6.0	462.1
4.5	17.9	227.5	11.1	5.9	462.1
0.0	18.7	395.2	11.1	6.5	462.1
0.0	17.5	308.4	11.1	4.9	462.1
0.0	16.0	244.8	11.1	6.1	462.1
0.0	17.7	396.0	11.0	6.7	462.1
0.0	16.6	402.7	11.0	6.2	462.1
0.0	17.0	394.7	11.0	6.1	463.5
0.0	18.6	377.7	10.9	6.8	463.5
0.0	20.1	281.8	10.9	6.0	463.5
0.0	19.7	334.8	10.9	6.5	463.5
1.3	21.0	353.1	10.9	6.7	463.5
1.6	16.7	42.5	10.8	3.5	463.5
0.5	15.0	108.4	10.8	3.9	463.5
0.1	10.7	138.6	10.8	3.9	463.5
0.0	10.0	368.3	10.8	4.2	463.5
0.0	11.9	360.3	10.7	4.8	463.5
0.0	13.6	356.9	10.7	5.4	463.5
0.0	13.7	364.9	10.7	5.5	463.5
0.0	16.0	352.2	10.7	5.5	463.5
0.0	18.9	288.7	10.7	5.6	463.5
5.9	17.0	111.2	10.6	5.0	463.5
14.4	13.8	37.3	10.6	1.2	463.5
4.7	13.2	62.1	10.6	1.8	463.5
10.7	13.1	45.7	10.6	1.9	463.5
6.8	14.0	51.6	10.5	2.9	463.5
1.1	11.7	101.5	10.5	2.8	463.5
7.7	11.7	232.4	10.5	2.9	463.5
0.6	10.9	152.8	10.5	3.3	463.5
0.1	9.9	204.3	10.5	2.8	463.5
0.0	13.6	118.2	10.4	3.5	463.5
7.6	17.2	229.5	10.4	4.6	463.5
33.0	13.8	22.7	10.4	1.8	463.5
22.6	12.6	27.5	10.4	2.5	463.5
6.6	9.2	74.7	10.4	3.2	463.5
0.1	4.4	222.3	10.4	2.4	463.5
0.1	5.3	237.4	10.3	2.6	463.5
2.7	6.8	150.4	10.3	2.0	465.3
0.2	7.4	27.8	10.3	2.4	465.3
4.4	2.1	171.3	10.3	2.5	465.3
7.9	-4.2	21.8	10.3	1.3	465.3
0.0	-5.7	307.9	10.3	1.2	465.3
0.0	-5.7	329.2	10.3	1.4	465.3
0.0	-4.9	328.5	10.3	1.8	465.3
0.0	-0.4	280.4	10.3	2.2	465.3
0.1	3.9	228.6	10.2	3.0	465.3
0.1	7.8	267.4	10.2	3.9	465.3
7.9	12.0	291.6	10.2	4.0	465.3
14.1	12.7	29.6	10.2	1.7	465.3
2.3	11.7	63.6	10.2	3.0	465.3
1.2	9.2	145.4	10.2	2.2	465.3
1.2	5.4	99.3	10.2	3.4	465.3
0.0	-1.0	320.3	10.2	1.9	465.3
0.0	1.8	314.0	10.2	2.8	465.3
0.0	5.6	307.8	10.2	3.6	465.3
0.1	5.3	312.2	10.2	3.3	465.3
0.2	6.9	255.7	10.2	3.7	465.3
0.4	9.2	236.4	10.2	3.4	465.3
8.6	10.3	85.6	10.2	3.4	465.3
4.3	5.3	38.8	10.2	2.0	465.3
0.8	3.7	88.2	10.2	1.4	465.3
2.7	3.1	40.7	10.2	1.2	465.3
0.8	5.5	133.1	10.2	2.4	465.3
4.6	5.7	76.3	10.2	2.1	465.3
1.1	3.8	40.2	10.2	1.4	465.3
3.4	5.4	190.7	10.2	2.5	465.3
0.6	4.5	56.8	10.2	2.3	465.3
0.0	3.2	314.5	10.2	2.7	465.3
0.4	2.5	244.3	10.2	2.4	467.3
0.0	2.1	286.0	10.2	2.3	467.3
10.7	2.3	60.6	10.2	1.8	467.3
0.7	1.7	144.6	10.3	1.6	467.3
0.5	1.9	93.1	10.3	1.7	467.3
19.0	3.7	141.2	10.3	2.3	467.3
0.3	-0.5	160.8	10.3	2.5	467.3
0.0	-4.0	332.2	10.3	1.7	467.3
2.4	0.6	286.0	10.3	2.5	467.3
11.8	1.1	36.3	10.3	1.3	467.3
6.0	1.3	32.7	10.3	1.0	467.3
0.3	1.7	59.1	10.3	1.5	467.3
0.3	1.5	152.1	10.4	2.6	467.3
0.0	-3.2	339.4	10.4	2.1	467.3
0.0	-4.9	332.5	10.4	1.6	467.3
0.0	-3.4	301.3	10.4	2.2	467.3
0.0	-0.5	342.0	10.4	2.9	467.3
0.0	1.9	194.7	10.4	2.9	467.3
0.0	2.8	346.4	10.5	3.4	467.3
0.6	6.9	339.6	10.5	4.1	467.3
0.0	7.9	351.7	10.5	4.1	467.3
0.0	3.9	362.6	10.5	3.3	467.3
0.0	5.6	345.7	10.5	4.4	467.3
0.0	8.8	360.2	10.6	5.0	467.3
2.5	9.4	310.7	10.6	5.4	467.3
0.0	4.9	369.3	10.6	3.8	467.3
0.0	9.5	333.8	10.6	4.8	467.3
0.3	12.6	362.3	10.7	5.9	467.3
0.0	7.7	377.2	10.7	4.2	467.3
12.5	11.7	326.4	10.7	5.4	467.3
0.1	6.1	195.1	10.7	4.0	467.3
0.0	5.7	386.4	10.8	3.5	468.2
18.0	9.7	46.3	10.8	3.3	468.2
39.3	10.8	55.5	10.8	4.0	468.2
25.4	5.2	28.4	10.8	1.9	468.2
8.7	5.6	33.4	10.9	1.8	468.2
14.1	7.7	157.8	10.9	2.8	468.2
35.2	8.7	43.4	10.9	1.9	468.2
17.3	6.6	34.6	10.9	2.9	468.2
3.0	5.1	89.7	11.0	1.9	468.2
0.3	5.3	134.8	11.0	2.3	468.2
16.0	7.2	79.3	11.0	3.3	468.2
0.5	0.5	146.9	11.0	2.5	468.2
0.1	0.8	415.7	11.1	3.3	468.2
0.1	3.9	414.8	11.1	3.5	468.2
0.0	7.7	432.0	11.1	4.4	468.2
0.0	9.1	426.7	11.1	5.6	468.2
0.0	11.9	418.6	11.2	5.8	468.2
0.0	6.5	207.7	11.2	2.9	468.2
0.5	7.8	216.3	11.2	3.2	468.2
12.7	14.4	228.5	11.3	5.8	468.2
15.7	15.3	105.3	11.3	4.0	468.2
40.1	9.4	42.6	11.3	6.3	468.2
3.9	1.5	67.2	11.4	1.3	468.2
12.8	3.4	53.4	11.4	2.3	468.2
8.9	4.7	49.1	11.4	2.2	468.2
1.6	3.9	72.9	11.4	2.4	468.2
0.5	4.0	346.5	11.5	4.0	468.2
0.1	7.2	399.1	11.5	5.5	468.2
0.4	0.5	412.9	11.5	3.3	468.6
0.0	-4.4	78.6	11.6	1.5	468.6
0.0	0.4	488.2	11.6	3.4	468.6
1.5	2.8	101.5	11.6	2.6	468.6
0.0	5.7	481.6	11.6	4.8	468.6
0.0	7.2	259.2	11.7	4.0	468.6
0.0	5.4	252.1	11.7	3.9	468.6
0.0	8.2	442.9	11.7	5.9	468.6
3.3	13.1	481.3	11.8	7.5	468.6
0.8	14.6	226.7	11.8	6.2	468.6
99.7	14.4	58.3	11.8	4.6	468.6
5.7	16.5	118.3	11.9	6.7	468.6
0.6	11.6	129.3	11.9	4.0	468.6
10.8	12.7	143.5	11.9	4.5	468.6
2.9	11.9	202.3	12.0	4.9	468.6
0.9	11.1	178.3	12.0	4.1	468.6
0.0	7.1	310.6	12.0	6.8	468.6
0.0	4.4	533.8	12.0	4.1	468.6
12.0	7.5	441.2	12.1	4.8	468.6
5.6	7.4	74.6	12.1	3.4	468.6
12.2	8.6	143.9	12.1	3.9	468.6
28.8	8.9	33.7	12.2	2.7	468.6
2.2	10.7	111.3	12.2	3.6	468.6
30.2	11.8	127.7	12.2	3.8	468.6
2.9	11.0	78.4	12.3	2.9	468.6
4.7	11.6	211.4	12.3	6.2	468.6
0.0	6.7	553.7	12.3	4.5	468.6
0.0	9.5	579.7	12.4	6.3	468.6
0.0	12.0	570.8	12.4	8.0	468.6
0.0	13.9	562.4	12.4	8.9	468.6
0.0	17.5	552.7	12.4	9.5	468.6
0.0	18.8	405.2	12.5	9.0	468.9
0.0	17.9	343.8	12.5	8.4	468.9
0.6	16.3	490.9	12.5	9.0	468.9
0.0	18.5	575.7	12.6	10.3	468.9
0.0	21.7	591.7	12.6	10.0	468.9
0.0	20.2	580.9	12.6	9.8	468.9
0.0	23.6	540.7	12.7	10.8	468.9
31.0	23.0	385.5	12.7	11.2	468.9
17.4	8.9	50.9	12.7	7.5	468.9
18.2	6.9	45.5	12.7	1.7	468.9
10.2	8.0	48.8	12.8	3.1	468.9
1.3	9.9	246.3	12.8	4.9	468.9
0.0	10.4	592.4	12.8	6.7	468.9
0.5	14.0	581.1	12.9	7.2	468.9
3.9	14.1	605.3	12.9	8.6	468.9
0.0	12.5	608.5	12.9	7.7	468.9
25.4	12.8	205.3	12.9	6.8	468.9
35.8	12.6	53.0	13.0	4.2	468.9
0.5	11.9	142.5	13.0	5.7	468.9
1.7	13.3	540.7	13.0	6.9	468.9
1.8	14.4	220.7	13.1	6.7	468.9
6.7	12.2	55.5	13.1	4.6	468.9
0.2	14.5	596.0	13.1	7.7	468.9
16.5	13.5	491.2	13.1	8.2	468.9
9.0	10.3	38.4	13.2	3.8	468.9
0.1	13.9	400.5	13.2	7.6	468.9
0.0	18.3	545.2	13.2	9.0	468.9
0.8	16.9	444.5	13.3	7.9	468.9
8.3	17.6	380.6	13.3	8.2	468.9
1.6	16.0	87.6	13.3	5.1	468.9
1.9	15.2	355.4	13.3	8.3	469.1
0.1	17.9	575.2	13.4	8.8	469.1
3.9	16.0	420.2	13.4	8.2	469.1
0.0	18.3	583.3	13.4	8.9	469.1
0.9	18.5	330.9	13.4	8.9	469.1
0.0	21.7	619.4	13.5	9.7	469.1
10.8	21.1	172.2	13.5	8.7	469.1
0.5	18.2	458.6	13.5	7.6	469.1
0.0	16.8	656.3	13.5	9.1	469.1
0.0	17.1	421.2	13.5	9.9	469.1
0.0	19.2	582.0	13.6	9.9	469.1
0.0	20.0	625.7	13.6	11.1	469.1
2.9	17.8	147.9	13.6	7.6	469.1
0.8	17.9	153.0	13.6	7.3	469.1
2.7	22.3	564.0	13.7	9.7	469.1
0.1	20.1	417.3	13.7	10.2	469.1
0.0	19.7	345.7	13.7	8.0	469.1
0.2	20.3	647.7	13.7	8.5	469.1
3.0	21.1	230.9	13.7	7.0	469.1
1.5	21.5	231.7	13.8	8.0	469.1
0.7	19.4	310.4	13.8	7.8	469.1
2.7	21.7	516.8	13.8	9.0	469.1
54.2	19.8	86.0	13.8	4.5	469.1
9.5	19.3	128.1	13.8	7.6	469.1
0.0	19.1	538.5	13.8	8.5	469.1
2.0	20.8	317.8	13.9	7.6	469.1
4.5	21.8	199.4	13.9	7.6	469.1
1.4	20.8	132.0	13.9	8.6	469.1
0.1	21.6	633.3	13.9	10.1	469.1
0.1	21.9	436.1	13.9	10.3	469.1
0.7	22.8	584.1	13.9	12.0	469.1
0.1	21.5	443.5	14.0	10.4	467.4
0.1	22.5	563.6	14.0	11.4	467.4
0.0	24.0	500.5	14.0	9.9	467.4
1.2	23.2	402.7	14.0	10.6	467.4
0.3	21.2	93.5	14.0	6.8	467.4
15.6	24.7	429.3	14.0	9.5	467.4
0.0	26.2	640.9	14.0	11.3	467.4
0.8	24.8	530.4	14.0	10.6	467.4
16.2	21.0	174.6	14.0	7.7	467.4
1.5	18.9	97.8	14.0	5.0	467.4
0.7	20.4	345.9	14.0	8.9	467.4
0.1	21.2	597.4	14.1	10.2	467.4
0.0	21.7	593.9	14.1	9.1	467.4
0.1	22.5	370.5	14.1	8.0	467.4
7.6	22.3	157.2	14.1	5.9	467.4
30.9	23.3	65.8	14.1	5.8	467.4
0.7	20.1	243.4	14.1	7.6	467.4
0.0	23.0	672.8	14.1	10.7	467.4
0.0	24.3	576.1	14.1	10.7	467.4
0.0	26.1	606.9	14.1	9.8	467.4
0.5	26.8	621.7	14.1	11.4	467.4
0.0	27.8	563.7	14.1	10.3	467.4
4.2	25.2	207.2	14.1	7.6	467.4
6.6	25.8	563.5	14.1	10.0	467.4
0.3	27.4	636.5	14.1	11.2	467.4
2.5	27.9	627.5	14.1	11.0	467.4
12.6	26.6	449.9	14.1	9.4	467.4
23.1	26.5	457.7	14.1	9.1	467.4
12.2	25.6	156.5	14.1	8.6	467.4
23.2	25.3	357.5	14.1	8.2	467.4
29.6	25.1	271.2	14.1	5.6	464.3
23.3	25.6	337.9	14.0	7.6	464.3
22.3	25.2	210.8	14.0	8.3	464.3
9.6	26.2	536.7	14.0	9.9	464.3
13.1	26.3	582.0	14.0	10.2	464.3
3.1	26.6	599.3	14.0	10.8	464.3
0.3	27.4	599.7	14.0	10.5	464.3
0.4	27.6	547.6	14.0	10.4	464.3
0.5	28.3	582.9	14.0	10.3	464.3
0.1	28.8	618.3	14.0	10.5	464.3
0.0	28.8	479.6	14.0	10.2	464.3
0.3	29.7	626.3	13.9	11.5	464.3
0.2	30.4	614.1	13.9	11.3	464.3
0.1	30.6	558.7	13.9	11.6	464.3
0.2	30.7	553.4	13.9	11.0	464.3
0.1	30.6	438.5	13.9	11.9	464.3
20.4	27.1	323.6	13.9	9.5	464.3
18.7	26.4	471.9	13.9	9.2	464.3
21.8	26.4	377.7	13.8	8.9	464.3
8.5	27.8	524.3	13.8	10.5	464.3
0.0	28.2	477.5	13.8	10.3	464.3
8.2	27.6	538.8	13.8	9.6	464.3
16.0	28.2	548.7	13.8	10.1	464.3
11.8	27.8	507.7	13.8	11.0	464.3
5.2	27.5	574.6	13.7	11.0	464.3
22.3	26.6	441.1	13.7	8.6	464.3
15.3	26.8	494.3	13.7	10.1	464.3
12.6	26.9	601.8	13.7	10.3	464.3
5.3	27.1	609.5	13.7	10.8	464.3
3.5	27.6	576.2	13.6	10.2	464.3
3.1	27.7	573.9	13.6	10.3	464.3
4.4	27.3	469.7	13.6	9.8	462.5
12.4	26.8	473.3	13.6	10.3	462.5
10.5	26.7	579.6	13.5	11.0	462.5
2.4	27.7	615.9	13.5	11.0	462.5
3.5	27.8	621.4	13.5	11.5	462.5
0.0	28.4	626.8	13.5	11.4	462.5
2.5	28.4	614.1	13.4	10.9	462.5
0.0	28.9	620.8	13.4	10.6	462.5
3.8	28.6	614.2	13.4	10.8	462.5
6.7	27.4	618.6	13.4	11.3	462.5
9.3	26.7	596.0	13.3	11.1	462.5
7.6	26.6	616.0	13.3	10.4	462.5
5.3	26.8	577.0	13.3	11.0	462.5
9.9	27.0	526.9	13.3	9.6	462.5
19.0	25.4	349.0	13.2	8.2	462.5
10.6	25.0	248.1	13.2	7.2	462.5
15.1	25.5	397.4	13.2	8.4	462.5
13.3	25.7	471.3	13.2	8.5	462.5
7.8	26.3	458.0	13.1	8.5	462.5
6.6	27.1	538.5	13.1	10.0	462.5
10.5	26.7	539.0	13.1	9.4	462.5
13.1	26.6	514.2	13.1	9.8	462.5
0.0	25.6	585.6	13.0	9.6	462.5
0.1	26.3	589.1	13.0	8.9	462.5
0.1	28.0	585.4	13.0	9.4	462.5
0.4	28.1	518.3	12.9	10.1	462.5
0.0	28.0	575.1	12.9	10.0	462.5
0.9	28.6	530.2	12.9	10.2	462.5
0.8	28.7	513.4	12.9	9.7	462.5
18.4	26.8	463.5	12.8	9.4	462.5
16.0	25.5	389.7	12.8	7.6	462.5
16.1	25.1	363.8	12.8	7.1	461.3
7.1	25.5	406.0	12.7	7.9	461.3
10.6	25.6	430.6	12.7	8.5	461.3
14.9	25.8	480.8	12.7	8.5	461.3
8.7	26.3	510.1	12.7	8.3	461.3
13.8	26.4	497.3	12.6	8.3	461.3
13.5	26.1	356.5	12.6	8.4	461.3
23.3	25.6	441.0	12.6	7.9	461.3
0.5	25.3	413.9	12.5	7.0	461.3
2.3	24.7	397.5	12.5	7.7	461.3
1.5	21.8	144.9	12.5	6.4	461.3
0.6	21.1	353.1	12.5	6.6	461.3
0.2	22.1	331.8	12.4	6.5	461.3
0.9	23.6	480.3	12.4	7.3	461.3
1.9	23.4	61.7	12.4	4.4	461.3
2.9	24.9	95.6	12.3	4.4	461.3
0.4	25.6	218.4	12.3	5.9	461.3
1.4	25.8	197.7	12.3	6.0	461.3
0.9	25.9	263.2	12.2	6.0	461.3
3.0	24.2	110.2	12.2	5.5	461.3
0.7	23.0	36.4	12.2	2.7	461.3
10.4	24.6	186.7	12.2	6.2	461.3
3.9	25.3	264.6	12.1	7.4	461.3
4.2	26.2	467.1	12.1	8.6	461.3
10.2	25.7	468.6	12.1	8.7	461.3
9.3	25.0	399.3	12.0	7.9	461.3
3.4	20.4	33.4	12.0	5.6	461.3
0.0	17.0	179.7	12.0	5.5	461.3
0.0	16.0	100.7	11.9	3.8	461.3
0.0	16.5	115.4	11.9	4.9	461.3
0.0	16.3	296.2	11.9	5.2	461.1
0.0	17.5	473.1	11.8	6.7	461.1
0.0	17.8	491.9	11.8	7.1	461.1
0.0	18.1	490.6	11.8	7.4	461.1
0.0	19.0	485.5	11.8	7.6	461.1
0.0	19.4	481.0	11.7	8.6	461.1
0.0	18.8	483.0	11.7	7.6	461.1
0.0	19.7	476.9	11.7	7.9	461.1
0.0	22.5	436.0	11.6	8.1	461.1
1.9	24.5	322.2	11.6	7.4	461.1
7.9	22.6	50.1	11.6	4.9	461.1
0.1	19.8	110.7	11.6	5.1	461.1
0.0	21.2	329.5	11.5	6.0	461.1
0.3	23.6	384.2	11.5	7.1	461.1
2.8	23.9	358.9	11.5	7.4	461.1
5.7	20.0	77.6	11.4	5.8	461.1
0.0	16.1	366.0	11.4	5.7	461.1
0.0	17.4	438.0	11.4	6.2	461.1
0.0	19.1	427.2	11.3	6.5	461.1
0.1	20.8	250.6	11.3	6.4	461.1
0.3	23.0	296.8	11.3	6.1	461.1
4.2	22.2	98.7	11.3	3.4	461.1
4.6	22.4	49.0	11.2	3.6	461.1
39.8	20.3	25.7	11.2	4.0	461.1
21.1	16.9	25.0	11.2	3.4	461.1
0.4	17.3	136.4	11.1	3.7	461.1
0.1	15.5	312.4	11.1	5.6	461.1
0.1	14.7	296.8	11.1	4.6	461.1
0.0	15.8	350.3	11.1	5.2	461.1
3.6	16.1	127.2	11.0	4.4	461.1
1.2	14.4	69.5	11.0	3.9	461.1
0.5	15.3	265.0	11.0	5.4	462.5
0.3	16.4	329.9	11.0	5.6	462.5
0.3	16.5	333.0	10.9	6.1	462.5
0.3	16.5	252.9	10.9	5.9	462.5
0.3	16.2	332.3	10.9	6.3	462.5
0.1	16.9	364.2	10.9	6.4	462.5
0.0	17.6	371.1	10.8	6.2	462.5
0.1	18.1	362.4	10.8	5.6	462.5
0.1	18.1	246.8	10.8	5.3	462.5
1.4	19.2	341.1	10.8	6.6	462.5
0.3	9.0	40.7	10.7	3.3	462.5
0.2	7.7	177.4	10.7	3.3	462.5
0.0	6.3	367.6	10.7	3.5	462.5
0.0	9.0	355.9	10.7	4.4	462.5
0.0	4.3	370.6	10.6	3.3	462.5
0.0	6.2	365.8	10.6	3.9	462.5
1.0	13.8	306.5	10.6	5.5	462.5
0.3	11.5	80.5	10.6	3.5	462.5
1.1	14.2	170.7	10.6	4.1	462.5
0.0	7.5	278.5	10.5	4.3	462.5
0.0	3.2	322.5	10.5	2.5	462.5
0.0	6.1	334.4	10.5	3.5	462.5
0.0	7.7	354.5	10.5	4.4	462.5
0.0	10.1	347.0	10.5	5.1	462.5
0.0	9.8	332.3	10.4	4.8	462.5
0.0	9.1	337.7	10.4	4.1	462.5
0.1	12.3	313.9	10.4	4.7	462.5
0.1	13.9	267.3	10.4	4.9	462.5
0.1	15.1	312.7	10.4	5.4	462.5
0.6	16.7	286.8	10.4	5.2	462.5
1.8	13.2	48.5	10.3	2.7	464.3
0.0	12.5	118.9	10.3	3.8	464.3
0.0	14.9	307.5	10.3	5.1	464.3
0.0	16.9	295.9	10.3	5.5	464.3
1.6	13.0	114.4	10.3	4.2	464.3
0.0	8.8	324.2	10.3	3.9	464.3
0.0	12.0	318.3	10.3	4.4	464.3
3.2	13.7	169.6	10.3	3.8	464.3
1.1	9.7	46.9	10.2	2.4	464.3
0.0	6.1	228.8	10.2	2.6	464.3
5.1	4.6	68.3	10.2	1.9	464.3
23.7	4.8	16.1	10.2	1.0	464.3
1.0	3.8	83.4	10.2	2.0	464.3
0.0	4.3	306.2	10.2	2.8	464.3
0.0	0.9	285.7	10.2	2.2	464.3
0.0	1.8	293.3	10.2	2.3	464.3
0.1	4.5	90.9	10.2	2.3	464.3
0.2	4.4	305.9	10.2	3.2	464.3
0.0	5.9	292.6	10.2	3.7	464.3
12.5	8.1	113.2	10.2	3.0	464.3
2.8	6.9	100.7	10.2	1.9	464.3
0.9	8.0	153.6	10.2	3.0	464.3
7.1	6.9	92.1	10.2	1.9	464.3
7.2	7.1	27.4	10.2	2.4	464.3
22.9	0.6	19.4	10.2	1.9	464.3
1.3	0.5	130.0	10.2	1.3	464.3
0.7	2.8	108.0	10.2	2.2	464.3
1.6	10.5	231.8	10.2	4.4	464.3
6.3	7.4	59.3	10.2	2.5	464.3
2.1	4.8	70.0	10.2	1.2	464.3
0.0	6.7	183.6	10.2	2.3	464.3
10.0	6.2	82.7	10.2	3.4	466.2
0.0	1.0	322.3	10.2	2.1	466.2
0.1	1.9	320.8	10.2	2.8	466.2
0.0	-0.2	318.4	10.2	2.5	466.2
0.0	0.1	327.1	10.3	2.5	466.2
0.0	3.0	312.5	10.3	3.2	466.2
0.0	2.1	296.9	10.3	3.1	466.2
0.0	3.3	329.1	10.3	3.6	466.2
0.0	4.7	326.9	10.3	3.8	466.2
0.0	5.3	328.3	10.3	4.0	466.2
0.0	6.8	330.1	10.3	4.2	466.2
0.0	1.0	343.3	10.3	2.8	466.2
0.0	3.3	346.7	10.4	3.9	466.2
0.0	5.9	343.1	10.4	4.2	466.2
0.0	9.0	340.5	10.4	4.6	466.2
0.0	10.8	333.1	10.4	5.2	466.2
0.0	14.8	325.4	10.4	5.5	466.2
0.2	13.6	305.0	10.4	5.6	466.2
0.0	14.6	339.8	10.5	5.5	466.2
0.0	10.7	342.9	10.5	5.1	466.2
0.0	6.4	353.8	10.5	3.9	466.2
0.0	6.8	357.0	10.5	3.9	466.2
0.9	13.7	342.8	10.5	5.8	466.2
10.5	6.0	28.6	10.6	4.3	466.2
0.0	1.5	232.7	10.6	1.8	466.2
0.0	0.9	356.1	10.6	2.8	466.2
0.0	1.9	367.2	10.6	3.2	466.2
0.0	5.5	248.6	10.7	3.5	466.2
0.0	2.1	379.8	10.7	3.3	466.2
0.0	3.7	183.2	10.7	3.0	466.2
0.0	5.3	298.9	10.7	3.9	466.2
1.7	9.0	359.5	10.7	4.7	467.2
0.0	9.8	349.8	10.8	4.5	467.2
18.7	10.2	76.3	10.8	3.3	467.2
19.4	8.5	16.3	10.8	2.5	467.2
11.1	4.7	15.9	10.8	2.2	467.2
9.7	4.7	22.8	10.9	1.9	467.2
6.2	4.3	32.9	10.9	2.7	467.2
0.7	1.2	77.5	10.9	1.9	467.2
0.0	2.1	264.3	10.9	2.2	467.2
9.5	1.5	78.1	11.0	1.1	467.2
25.9	4.1	37.3	11.0	2.2	467.2
26.8	6.5	33.5	11.0	1.9	467.2
8.7	6.7	44.0	11.1	1.9	467.2
0.9	6.9	113.0	11.1	2.2	467.2
12.4	7.8	65.9	11.1	2.0	467.2
2.3	6.8	96.5	11.1	3.2	467.2
8.4	5.6	118.3	11.2	2.2	467.2
13.3	5.1	36.5	11.2	2.7	467.2
0.0	4.6	291.0	11.2	4.1	467.2
0.0	3.7	450.7	11.3	3.9	467.2
11.0	7.7	349.6	11.3	4.4	467.2
1.3	8.2	40.9	11.3	3.1	467.2
0.2	9.4	287.0	11.3	4.3	467.2
0.0	10.6	409.3	11.4	5.5	467.2
17.9	12.2	345.5	11.4	5.2	467.2
28.5	14.6	58.0	11.4	4.9	467.2
10.2	3.8	89.2	11.5	4.8	467.2
0.0	1.5	483.6	11.5	3.0	467.2
0.0	5.9	457.5	11.5	4.5	467.6
0.0	4.8	484.5	11.6	4.9	467.6
0.0	1.4	494.3	11.6	3.6	467.6
0.0	3.3	501.5	11.6	4.7	467.6
0.0	6.2	501.8	11.6	5.3	467.6
0.0	9.4	331.5	11.7	6.0	467.6
0.0	12.9	393.5	11.7	7.1	467.6
0.0	14.4	499.1	11.7	8.1	467.6
0.1	17.9	456.5	11.8	8.6	467.6
7.3	12.3	55.9	11.8	3.6	467.6
0.3	14.7	162.5	11.8	5.7	467.6
0.0	13.8	269.3	11.9	6.5	467.6
0.0	13.6	524.3	11.9	7.5	467.6
0.0	15.5	513.7	11.9	8.9	467.6
0.0	13.0	534.6	11.9	7.4	467.6
0.0	16.0	506.6	12.0	8.8	467.6
0.0	18.8	525.1	12.0	10.2	467.6
0.0	22.1	495.0	12.0	10.7	467.6
0.7	19.8	119.5	12.1	4.2	467.6
0.4	22.8	354.8	12.1	8.4	467.6
1.5	23.9	264.6	12.1	8.2	467.6
1.7	24.2	399.0	12.2	9.2	467.6
0.1	27.3	500.4	12.2	10.6	467.6
5.0	20.6	306.3	12.2	12.9	467.6
17.0	7.8	29.6	12.3	3.8	467.6
20.5	6.8	52.8	12.3	2.3	467.6
25.6	10.3	44.7	12.3	4.3	467.6
0.9	15.9	92.2	12.3	6.8	467.6
0.0	21.2	535.7	12.4	7.9	467.6
0.1	21.4	389.7	12.4	8.8	467.6
33.2	19.1	463.5	12.4	12.3	467.6
22.6	14.0	385.8	12.5	6.2	467.9
4.2	13.7	56.6	12.5	3.9	467.9
6.6	11.2	111.7	12.5	5.2	467.9
2.8	10.4	156.6	12.6	4.0	467.9
12.9	11.1	96.9	12.6	3.7	467.9
0.4	12.5	355.3	12.6	6.3	467.9
0.0	16.2	530.5	12.6	8.2	467.9
15.0	20.1	491.1	12.7	8.8	467.9
46.5	13.1	57.8	12.7	6.9	467.9
1.3	7.4	75.6	12.7	4.4	467.9
0.0	9.0	620.0	12.8	6.7	467.9
3.1	11.5	535.8	12.8	6.5	467.9
24.8	11.0	60.3	12.8	4.1	467.9
2.5	9.7	86.8	12.9	5.4	467.9
0.2	9.7	550.1	12.9	7.0	467.9
0.1	12.9	589.3	12.9	8.7	467.9
0.0	15.3	612.4	12.9	9.8	467.9
0.0	16.9	604.8	13.0	9.5	467.9
2.5	16.4	239.8	13.0	8.3	467.9
1.7	14.2	64.1	13.0	4.8	467.9
8.1	17.0	470.2	13.1	8.6	467.9
28.1	17.8	89.6	13.1	5.9	467.9
0.2	16.7	421.5	13.1	8.9	467.9
9.9	15.6	373.3	13.1	7.8	467.9
30.7	12.2	53.8	13.2	4.7	467.9
13.5	13.8	74.3	13.2	6.8	467.9
0.0	14.6	396.7	13.2	7.3	467.9
13.3	15.0	79.5	13.2	4.7	467.9
12.3	15.3	52.8	13.3	3.3	467.9
0.8	17.0	301.6	13.3	8.3	467.9
0.2	19.5	423.5	13.3	9.0	468.1
6.9	20.9	156.5	13.3	6.9	468.1
16.1	21.9	183.1	13.4	7.4	468.1
6.2	23.8	417.1	13.4	9.1	468.1
31.8	19.3	81.6	13.4	8.7	468.1
14.6	16.5	216.5	13.4	5.7	468.1
22.6	21.2	135.1	13.5	8.3	468.1
15.0	19.3	139.1	13.5	9.1	468.1
5.9	15.5	95.9	13.5	3.8	468.1
3.8	18.2	337.7	13.5	7.6	468.1
2.5	17.8	141.8	13.6	6.5	468.1
0.0	16.7	668.2	13.6	10.2	468.1
0.0	15.8	684.0	13.6	9.7	468.1
0.0	18.5	679.8	13.6	11.0	468.1
0.0	21.3	604.6	13.7	11.2	468.1
0.0	22.7	643.1	13.7	11.5	468.1
0.0	23.6	636.9	13.7	11.8	468.1
1.1	25.4	606.8	13.7	10.1	468.1
6.3	19.7	191.5	13.7	10.7	468.1
0.0	17.8	602.9	13.8	9.5	468.1
0.0	19.9	548.6	13.8	8.6	468.1
20.3	19.3	123.9	13.8	4.5	468.1
36.6	20.7	35.0	13.8	4.4	468.1
16.9	21.8	92.5	13.8	9.6	468.1
1.5	16.3	154.9	13.8	6.4	468.1
0.0	16.7	652.5	13.9	8.7	468.1
0.7	16.8	205.0	13.9	5.7	468.1
0.5	17.8	90.2	13.9	5.0	468.1
0.2	21.2	518.8	13.9	10.1	468.1
0.8	22.0	485.6	13.9	10.2	468.1
0.0	22.9	662.3	13.9	9.2	468.1
0.1	21.2	654.3	13.9	10.8	466.4
0.0	23.1	637.0	14.0	10.6	466.4
4.4	22.8	467.0	14.0	9.9	466.4
3.5	23.3	425.5	14.0	10.0	466.4
6.7	22.6	193.5	14.0	7.1	466.4
33.0	21.7	50.3	14.0	4.7	466.4
0.3	23.2	342.6	14.0	9.0	466.4
4.3	23.6	568.4	14.0	11.1	466.4
0.0	25.3	641.2	14.0	10.2	466.4
9.6	23.7	332.9	14.0	8.7	466.4
19.7	20.6	247.1	14.0	7.7	466.4
1.0	20.7	575.0	14.1	9.7	466.4
3.0	20.5	606.0	14.1	10.2	466.4
0.0	22.4	674.8	14.1	11.1	466.4
2.1	24.9	560.7	14.1	10.5	466.4
25.1	24.2	153.0	14.1	7.3	466.4
0.9	22.9	262.4	14.1	8.3	466.4
0.1	25.3	568.1	14.1	11.4	466.4
0.8	25.7	639.8	14.1	11.0	466.4
0.7	25.7	603.1	14.1	11.4	466.4
0.2	26.7	635.8	14.1	11.2	466.4
0.0	27.3	660.6	14.1	12.7	466.4
21.5	25.1	433.6	14.1	9.8	466.4
2.0	25.7	464.2	14.1	10.1	466.4
19.4	23.2	163.0	14.1	7.4	466.4
0.9	23.3	229.9	14.1	7.3	466.4
7.8	23.9	376.7	14.1	9.3	466.4
7.8	24.6	351.5	14.1	9.1	466.4
45.9	23.8	58.8	14.1	4.2	466.4
0.4	24.6	198.9	14.1	7.9	466.4
3.4	26.8	531.6	14.1	9.7	463.3
18.4	25.5	281.9	14.0	8.3	463.3
9.7	25.6	277.9	14.0	8.3	463.3
26.5	26.0	471.7	14.0	9.8	463.3
12.6	26.2	453.4	14.0	9.5	463.3
10.4	27.2	472.8	14.0	10.1	463.3
0.3	27.5	464.8	14.0	11.4	463.3
1.4	28.0	576.0	14.0	11.2	463.3
0.0	27.6	388.3	14.0	9.8	463.3
2.6	28.2	639.1	14.0	11.2	463.3
0.1	29.1	618.0	14.0	10.4	463.3
7.8	28.2	609.4	13.9	12.0	463.3
13.6	27.5	558.0	13.9	9.5	463.3
15.4	27.3	599.6	13.9	10.6	463.3
6.3	27.3	639.8	13.9	10.7	463.3
2.0	27.4	647.1	13.9	10.3	463.3
9.5	26.9	623.5	13.9	10.8	463.3
5.4	27.4	597.2	13.9	10.8	463.3
10.4	27.6	555.8	13.8	10.4	463.3
11.7	27.2	613.7	13.8	9.8	463.3
12.6	27.1	595.3	13.8	9.6	463.3
11.0	27.1	591.8	13.8	10.4	463.3
9.6	27.1	610.5	13.8	10.3	463.3
2.7	27.9	613.1	13.8	11.7	463.3
4.7	27.7	646.7	13.7	11.2	463.3
10.4	27.4	582.2	13.7	10.5	463.3
6.8	26.9	574.1	13.7	11.1	463.3
0.0	26.7	528.9	13.7	9.9	463.3
0.0	27.1	626.9	13.7	10.5	463.3
11.5	26.2	629.5	13.6	10.2	463.3
9.8	26.5	602.1	13.6	10.2	463.3
9.4	26.4	564.6	13.6	10.0	461.4
17.3	26.0	460.7	13.6	9.4	461.4
21.0	25.9	488.1	13.5	9.0	461.4
16.7	26.3	484.8	13.5	8.8	461.4
12.0	26.3	542.8	13.5	9.6	461.4
12.6	26.7	466.1	13.5	8.6	461.4
11.8	26.5	348.5	13.5	8.6	461.4
8.7	26.6	374.7	13.4	9.1	461.4
10.5	26.3	360.5	13.4	9.6	461.4
11.5	26.6	460.1	13.4	10.5	461.4
7.0	27.0	536.8	13.4	10.7	461.4
9.3	26.9	572.1	13.3	10.1	461.4
12.4	26.7	526.5	13.3	9.6	461.4
14.5	26.6	521.5	13.3	9.4	461.4
16.3	26.5	481.9	13.3	8.9	461.4
6.4	26.8	535.4	13.2	9.4	461.4
6.1	26.5	486.9	13.2	8.4	461.4
4.2	26.3	422.1	13.2	7.5	461.4
5.6	25.9	388.2	13.1	7.7	461.4
8.2	25.6	357.6	13.1	7.3	461.4
2.6	25.5	377.1	13.1	8.1	461.4
1.2	26.0	438.9	13.1	8.5	461.4
9.3	25.9	477.5	13.0	9.3	461.4
8.1	25.8	438.4	13.0	8.6	461.4
15.3	24.8	357.4	13.0	8.1	461.4
5.8	24.2	465.9	13.0	8.0	461.4
4.9	24.8	346.6	12.9	6.9	461.4
0.8	25.4	169.0	12.9	5.9	461.4
0.7	25.8	191.8	12.9	6.3	461.4
1.7	25.4	129.1	12.8	5.9	461.4
1.5	25.7	172.0	12.8	6.3	461.4
3.5	25.7	214.1	12.8	7.0	460.3
3.9	25.6	347.7	12.8	8.0	460.3
8.1	25.8	508.0	12.7	8.2	460.3
9.2	25.8	457.0	12.7	7.1	460.3
0.4	26.0	211.5	12.7	6.8	460.3
3.2	24.3	356.8	12.6	8.3	460.3
0.1	24.4	529.6	12.6	8.4	460.3
0.0	25.0	488.7	12.6	9.2	460.3
0.0	24.2	557.2	12.5	9.2	460.3
0.0	24.7	547.6	12.5	8.3	460.3
1.4	26.3	281.6	12.5	7.2	460.3
1.3	27.0	296.1	12.5	7.1	460.3
1.7	26.3	269.8	12.4	7.0	460.3
7.4	24.1	353.3	12.4	9.7	460.3
0.0	19.4	553.4	12.4	7.4	460.3
0.0	21.2	523.5	12.3	9.1	460.3
0.0	21.4	545.9	12.3	9.4	460.3
0.0	21.5	528.4	12.3	9.4	460.3
0.0	23.1	546.1	12.2	9.1	460.3
0.4	24.2	513.0	12.2	8.7	460.3
0.7	21.6	33.1	12.2	3.9	460.3
1.6	24.4	174.3	12.2	6.4	460.3
0.7	24.4	149.8	12.1	5.6	460.3
0.5	24.6	138.6	12.1	6.2	460.3
0.1	23.7	383.0	12.1	8.0	460.3
0.0	23.5	496.4	12.0	8.6	460.3
0.1	24.7	464.3	12.0	8.2	460.3
8.4	24.9	365.8	12.0	8.0	460.3
21.1	22.9	194.0	11.9	6.2	460.3
8.4	17.8	20.5	11.9	5.5	460.3
1.5	16.4	33.9	11.9	2.5	460.1
0.2	20.2	263.5	11.9	6.1	460.1
5.6	18.1	64.2	11.8	4.8	460.1
1.2	17.8	229.2	11.8	5.3	460.1
0.2	17.7	402.8	11.8	6.5	460.1
0.1	19.0	274.5	11.7	6.3	460.1
0.1	18.8	342.4	11.7	6.0	460.1
0.0	19.0	448.6	11.7	6.4	460.1
0.1	20.5	299.5	11.6	6.3	460.1
0.2	21.0	233.4	11.6	6.3	460.1
1.6	20.1	89.7	11.6	4.7	460.1
1.3	21.4	319.3	11.6	6.2	460.1
1.2	22.2	303.8	11.5	5.6	460.1
2.1	20.4	97.0	11.5	3.6	460.1
0.4	20.7	169.2	11.5	5.5	460.1
0.6	20.0	173.5	11.4	5.7	460.1
1.1	18.3	89.0	11.4	3.7	460.1
0.1	17.5	315.7	11.4	6.0	460.1
0.0	16.0	396.8	11.4	6.2	460.1
0.0	15.4	350.8	11.3	5.1	460.1
0.0	18.4	310.5	11.3	6.1	460.1
0.0	19.0	418.3	11.3	6.8	460.1
0.0	18.9	414.8	11.2	6.6	460.1
4.9	19.8	152.4	11.2	5.1	460.1
1.0	17.9	146.4	11.2	4.0	460.1
0.2	16.6	267.7	11.2	4.9	460.1
0.1	16.8	356.2	11.1	5.7	460.1
0.0	18.7	399.0	11.1	6.0	460.1
0.4	20.2	315.4	11.1	6.0	460.1
0.1	21.1	365.4	11.0	6.0	460.1
2.0	19.2	123.0	11.0	4.3	460.1
0.6	15.7	102.3	11.0	4.1	461.4
0.4	16.8	253.2	11.0	4.7	461.4
10.1	18.8	175.0	10.9	4.4	461.4
11.3	19.9	53.1	10.9	4.0	461.4
4.4	16.6	78.5	10.9	3.0	461.4
0.5	14.7	149.9	10.9	3.5	461.4
0.8	14.7	299.3	10.8	3.3	461.4
0.7	14.7	181.0	10.8	4.2	461.4
0.1	17.1	340.1	10.8	5.2	461.4
0.7	17.2	119.9	10.8	4.1	461.4
0.3	14.2	52.1	10.7	2.6	461.4
0.2	16.2	255.3	10.7	4.0	461.4
12.3	17.0	95.7	10.7	4.4	461.4
0.3	11.3	209.1	10.7	3.2	461.4
0.2	9.1	197.0	10.6	3.5	461.4
0.1	10.9	304.0	10.6	4.3	461.4
0.4	12.2	229.4	10.6	4.0	461.4
0.1	11.1	286.0	10.6	3.9	461.4
0.1	12.9	273.0	10.6	4.1	461.4
0.7	11.0	58.0	10.5	4.1	461.4
0.0	8.1	352.3	10.5	3.7	461.4
0.0	9.1	306.7	10.5	4.1	461.4
0.0	11.3	310.0	10.5	4.6	461.4
0.1	11.5	322.3	10.5	4.6	461.4
0.0	12.8	325.2	10.4	5.2	461.4
0.1	14.1	327.8	10.4	5.1	461.4
0.0	14.8	315.5	10.4	5.4	461.4
2.4	10.9	89.8	10.4	4.7	461.4
0.0	5.8	184.0	10.4	1.8	461.4
1.0	10.1	87.6	10.4	2.7	461.4
27.0	14.2	73.2	10.3	3.4	463.2
10.0	7.6	23.2	10.3	3.1	463.2
3.4	2.5	25.4	10.3	1.3	463.2
0.1	3.1	275.9	10.3	2.6	463.2
0.2	4.4	260.5	10.3	3.2	463.2
0.6	9.2	228.7	10.3	4.4	463.2
8.1	11.8	43.8	10.3	2.6	463.2
3.2	10.9	64.9	10.3	2.2	463.2
10.9	10.0	37.4	10.2	2.7	463.2
0.0	1.2	314.2	10.2	3.1	463.2
0.0	-3.7	308.9	10.2	1.4	463.2
0.7	-4.0	31.4	10.2	1.1	463.2
0.0	-3.5	312.9	10.2	1.6	463.2
0.0	-1.0	308.7	10.2	2.2	463.2
0.1	1.6	242.0	10.2	2.4	463.2
0.6	3.8	187.5	10.2	2.7	463.2
2.7	2.5	48.4	10.2	1.4	463.2
0.1	7.4	155.1	10.2	2.7	463.2
15.0	10.3	83.4	10.2	2.9	463.2
12.4	2.3	23.9	10.2	3.0	463.2
0.9	-0.9	177.2	10.2	1.5	463.2
0.0	-1.9	308.7	10.2	2.1	463.2
0.1	0.0	260.0	10.2	2.5	463.2
0.3	3.3	260.9	10.2	3.1	463.2
3.0	3.8	89.2	10.2	1.8	463.2
5.5	5.1	18.8	10.2	1.6	463.2
6.8	7.3	25.8	10.2	1.8	463.2
0.4	10.3	88.0	10.2	2.3	463.2
23.0	12.0	34.0	10.2	2.7	463.2
13.6	7.3	31.7	10.2	2.9	463.2
2.8	8.1	51.1	10.2	2.0	463.2
8.4	4.9	19.2	10.2	3.0	465.2
6.6	-2.6	19.9	10.2	1.7	465.2
0.1	-5.8	101.9	10.2	0.8	465.2
0.0	-5.7	237.8	10.2	1.4	465.2
0.0	-4.5	324.9	10.3	1.8	465.2
0.1	-1.5	305.2	10.3	2.6	465.2
0.2	0.1	279.7	10.3	2.8	465.2
5.6	2.9	108.7	10.3	2.4	465.2
0.7	3.8	183.9	10.3	2.8	465.2
0.8	2.8	189.5	10.3	3.3	465.2
0.1	5.3	256.5	10.3	3.6	465.2
0.4	14.6	272.0	10.3	5.3	465.2
25.0	13.9	22.3	10.4	4.6	465.2
3.0	3.8	46.8	10.4	2.0	465.2
7.3	3.3	118.0	10.4	1.6	465.2
5.1	4.7	46.5	10.4	2.2	465.2
7.8	9.5	36.6	10.4	2.8	465.2
22.9	1.7	18.8	10.4	2.7	465.2
1.0	0.8	105.9	10.5	1.6	465.2
0.9	1.2	119.5	10.5	1.8	465.2
0.4	0.9	191.0	10.5	2.1	465.2
0.0	-0.5	355.6	10.5	2.5	465.2
0.0	0.8	356.6	10.5	2.8	465.2
0.0	1.7	357.9	10.6	3.0	465.2
0.0	3.4	354.7	10.6	3.6	465.2
2.5	6.6	158.5	10.6	3.3	465.2
1.2	7.0	156.0	10.6	3.2	465.2
0.1	5.3	365.7	10.6	3.8	465.2
2.7	6.7	344.4	10.7	3.8	465.2
2.0	5.7	43.8	10.7	2.7	465.2
0.0	0.6	385.2	10.7	2.8	465.2
1.2	3.2	382.3	10.7	3.3	466.1
0.9	2.8	64.0	10.8	2.8	466.1
0.2	3.7	303.3	10.8	3.8	466.1
0.0	5.9	386.6	10.8	4.6	466.1
1.0	10.1	383.3	10.8	5.2	466.1
18.4	5.6	29.6	10.9	4.0	466.1
2.5	-1.4	241.8	10.9	2.0	466.1
0.0	-1.6	313.7	10.9	2.7	466.1
0.0	3.3	416.1	10.9	4.2	466.1
0.0	7.1	384.2	11.0	5.0	466.1
0.0	12.0	365.0	11.0	6.2	466.1
14.0	10.1	122.1	11.0	6.1	466.1
6.8	0.2	20.8	11.1	1.7	466.1
0.3	1.1	189.8	11.1	2.5	466.1
3.2	1.3	159.1	11.1	3.3	466.1
0.4	-2.7	248.7	11.1	2.4	466.1
0.0	-0.4	445.2	11.2	3.2	466.1
0.0	7.1	425.8	11.2	5.3	466.1
11.3	12.1	209.5	11.2	5.2	466.1
39.1	13.2	45.8	11.2	5.4	466.1
4.7	3.3	68.9	11.3	2.6	466.1
0.2	3.8	215.6	11.3	2.4	466.1
0.3	2.9	355.8	11.3	3.5	466.1
0.0	5.9	339.3	11.4	4.3	466.1
0.0	0.6	468.9	11.4	3.2	466.1
0.0	-0.5	472.6	11.4	3.2	466.1
0.0	1.2	468.9	11.5	3.7	466.1
4.9	3.9	154.7	11.5	3.4	466.1
1.3	5.6	50.8	11.5	2.5	466.1
0.5	9.1	184.1	11.5	4.4	466.6
0.1	3.5	236.0	11.6	3.2	466.6
0.0	4.6	190.0	11.6	3.9	466.6
0.2	5.3	329.3	11.6	4.8	466.6
0.0	6.2	431.3	11.7	4.8	466.6
2.7	10.0	474.6	11.7	5.7	466.6
10.7	13.9	115.9	11.7	5.9	466.6
13.5	17.6	88.0	11.8	4.2	466.6
8.6	16.6	268.5	11.8	8.8	466.6
7.7	4.8	51.1	11.8	2.0	466.6
0.3	5.0	154.8	11.8	3.7	466.6
0.0	4.9	153.5	11.9	4.4	466.6
7.6	6.2	97.5	11.9	3.7	466.6
8.3	5.6	42.8	11.9	2.0	466.6
14.1	6.6	53.3	12.0	2.6	466.6
6.5	6.6	88.9	12.0	2.7	466.6
0.0	7.4	539.0	12.0	5.5	466.6
0.0	10.7	529.4	12.1	6.9	466.6
0.0	13.7	368.4	12.1	7.2	466.6
0.1	15.0	330.3	12.1	6.9	466.6
10.4	14.8	67.9	12.2	4.3	466.6
3.7	15.4	81.1	12.2	4.1	466.6
25.6	16.9	236.4	12.2	6.3	466.6
0.9	12.6	111.9	12.2	4.4	466.6
16.2	16.2	116.8	12.3	8.0	466.6
0.6	10.7	435.9	12.3	6.0	466.6
0.0	12.1	455.5	12.3	5.3	466.6
0.1	13.7	375.6	12.4	7.1	466.6
0.0	11.5	455.8	12.4	5.3	466.6
9.2	9.1	101.8	12.4	3.7	466.6
0.7	10.1	211.3	12.5	5.8	466.6
0.2	12.2	464.0	12.5	7.9	466.8
0.0	14.2	569.3	12.5	8.7	466.8
14.5	16.5	510.3	12.6	8.5	466.8
0.2	11.5	259.6	12.6	7.0	466.8
0.0	13.3	585.0	12.6	7.2	466.8
6.9	12.9	143.0	12.6	5.3	466.8
1.0	14.1	506.6	12.7	6.9	466.8
0.1	14.6	411.1	12.7	7.1	466.8
4.2	16.8	375.0	12.7	7.3	466.8
10.4	17.3	83.2	12.8	5.5	466.8
1.0	21.3	467.7	12.8	8.3	466.8
31.0	20.8	264.1	12.8	5.9	466.8
1.7	13.9	87.0	12.8	8.9	466.8
0.2	13.6	542.7	12.9	6.9	466.8
0.9	14.1	230.0	12.9	7.8	466.8
0.2	7.5	322.5	12.9	5.4	466.8
0.0	13.3	534.9	13.0	8.2	466.8
0.0	17.9	540.2	13.0	8.9	466.8
0.0	20.0	465.6	13.0	8.6	466.8
11.4	17.8	133.2	13.0	5.0	466.8
0.5	18.6	238.3	13.1	7.2	466.8
8.9	16.7	352.2	13.1	6.4	466.8
1.0	21.2	223.6	13.1	10.1	466.8
6.6	24.8	540.2	13.2	11.5	466.8
18.0	11.6	65.3	13.2	8.6	466.8
11.3	9.0	55.7	13.2	2.5	466.8
0.1	10.1	183.1	13.2	5.0	466.8
10.2	11.4	104.2	13.3	4.4	466.8
1.3	11.5	137.3	13.3	5.9	466.8
0.1	16.7	454.8	13.3	8.7	466.8
4.9	20.9	196.5	13.3	8.0	467.0
26.2	21.0	172.8	13.4	8.3	467.0
0.0	18.8	366.9	13.4	8.6	467.0
0.1	18.4	305.9	13.4	9.3	467.0
29.5	15.1	64.2	13.4	3.3	467.0
2.7	13.4	148.0	13.5	5.6	467.0
0.0	16.4	646.4	13.5	9.9	467.0
0.1	19.0	648.0	13.5	10.3	467.0
53.4	20.5	317.2	13.5	9.2	467.0
14.3	16.0	96.2	13.6	5.7	467.0
4.2	15.5	141.6	13.6	4.4	467.0
1.1	17.7	288.9	13.6	7.6	467.0
18.6	21.2	547.0	13.6	9.5	467.0
9.9	21.4	107.0	13.6	6.5	467.0
21.0	22.5	386.5	13.7	9.9	467.0
0.4	18.7	416.6	13.7	9.0	467.0
0.0	22.1	615.4	13.7	11.1	467.0
0.4	22.4	396.3	13.7	9.6	467.0
2.1	22.4	153.4	13.7	7.4	467.0
10.7	20.7	169.8	13.8	10.0	467.0
0.1	19.3	652.5	13.8	11.1	467.0
0.0	20.2	662.0	13.8	9.6	467.0
5.8	22.3	545.0	13.8	9.8	467.0
12.2	22.4	107.1	13.8	6.6	467.0
2.6	20.1	425.0	13.9	9.5	467.0
1.1	19.0	429.2	13.9	7.7	467.0
33.0	16.7	58.9	13.9	4.1	467.0
4.3	15.9	59.2	13.9	4.6	467.0
1.3	16.8	231.0	13.9	6.6	467.0
8.2	17.9	226.9	13.9	7.2	467.0
1.4	19.5	276.5	13.9	7.6	467.0
0.1	22.5	478.6	14.0	10.6	465.4
5.6	23.6	319.9	14.0	10.3	465.4
23.9	22.1	71.1	14.0	4.6	465.4
24.7	22.8	45.9	14.0	4.0	465.4
0.9	22.7	378.2	14.0	9.3	465.4
0.2	24.5	622.1	14.0	11.0	465.4
0.1	24.3	373.9	14.0	9.5	465.4
15.6	25.1	302.5	14.0	9.4	465.4
6.9	23.1	50.5	14.0	5.3	465.4
0.7	22.0	97.6	14.0	5.6	465.4
0.8	22.7	485.2	14.1	8.5	465.4
0.7	22.1	465.1	14.1	8.9	465.4
3.6	20.3	172.2	14.1	7.3	465.4
54.6	18.9	81.0	14.1	3.9	465.4
14.5	19.0	84.4	14.1	2.9	465.4
3.6	20.4	43.6	14.1	4.3	465.4
0.1	21.0	134.4	14.1	5.8	465.4
10.1	23.1	281.4	14.1	9.1	465.4
2.8	20.6	118.6	14.1	7.8	465.4
0.0	22.1	649.8	14.1	9.9	465.4
0.0	21.7	486.9	14.1	9.1	465.4
2.1	22.1	127.7	14.1	7.0	465.4
0.7	24.6	198.1	14.1	6.8	465.4
19.9	25.0	378.3	14.1	8.8	465.4
10.7	25.0	334.3	14.1	9.5	465.4
15.0	26.2	533.8	14.1	10.2	465.4
15.5	25.3	350.0	14.1	9.6	465.4
15.0	24.9	386.3	14.1	10.2	465.4
1.0	25.0	358.0	14.1	10.8	465.4
0.0	25.6	471.0	14.1	9.8	465.4
18.2	24.6	279.7	14.0	8.7	462.2
51.7	23.4	70.0	14.0	4.1	462.2
31.4	23.8	126.1	14.0	5.5	462.2
24.7	23.9	134.1	14.0	6.0	462.2
4.5	25.4	543.8	14.0	10.3	462.2
8.6	26.2	574.3	14.0	9.8	462.2
12.5	26.4	451.3	14.0	9.5	462.2
14.1	26.8	509.7	14.0	10.3	462.2
19.9	26.8	516.1	14.0	9.7	462.2
14.4	26.4	476.1	14.0	9.6	462.2
1.8	26.3	383.9	14.0	8.3	462.2
13.7	26.6	410.7	13.9	9.0	462.2
13.1	27.2	522.8	13.9	9.7	462.2
12.4	27.2	500.3	13.9	9.9	462.2
16.2	27.4	498.1	13.9	9.7	462.2
8.8	27.2	310.6	13.9	8.3	462.2
12.3	27.1	472.4	13.9	9.4	462.2
13.2	27.2	544.0	13.8	10.1	462.2
8.4	27.3	494.2	13.8	9.6	462.2
8.8	27.8	527.6	13.8	10.0	462.2
6.3	28.0	576.0	13.8	10.8	462.2
3.8	28.1	611.5	13.8	11.1	462.2
5.9	27.2	439.2	13.8	10.7	462.2
11.7	27.0	534.7	13.7	10.0	462.2
5.5	25.2	111.2	13.7	6.5	462.2
15.4	23.4	45.1	13.7	5.2	462.2
7.7	23.1	72.7	13.7	3.2	462.2
1.1	24.1	115.2	13.7	5.4	462.2
20.5	25.5	412.7	13.6	8.9	462.2
4.7	25.9	512.1	13.6	9.3	462.2
3.3	25.2	303.7	13.6	8.2	462.2
2.6	24.8	239.8	13.6	7.9	460.4
2.3	24.9	420.5	13.6	8.5	460.4
0.9	24.9	383.5	13.5	8.7	460.4
2.4	25.1	371.7	13.5	7.2	460.4
3.1	25.3	300.6	13.5	7.3	460.4
7.1	25.7	399.2	13.5	8.3	460.4
2.7	25.3	194.4	13.4	6.8	460.4
11.9	26.2	440.4	13.4	8.7	460.4
3.9	26.2	463.3	13.4	8.8	460.4
1.4	26.0	354.7	13.4	7.8	460.4
0.7	26.2	439.2	13.3	9.0	460.4
0.0	26.7	555.1	13.3	10.0	460.4
0.0	27.8	616.3	13.3	10.6	460.4
0.0	29.0	610.0	13.3	11.0	460.4
0.0	29.7	604.5	13.2	11.0	460.4
0.1	29.8	528.2	13.2	10.7	460.4
0.1	29.9	533.5	13.2	11.0	460.4
0.1	30.0	510.3	13.2	11.4	460.4
26.4	27.5	510.1	13.1	9.8	460.4
24.2	26.1	546.3	13.1	9.1	460.4
5.3	26.2	481.9	13.1	9.1	460.4
14.1	26.6	538.4	13.0	9.9	460.4
25.7	25.5	440.4	13.0	8.3	460.4
13.6	25.2	406.0	13.0	7.0	460.4
1.5	25.6	273.9	13.0	6.4	460.4
1.1	25.5	337.4	12.9	7.2	460.4
5.6	25.5	470.4	12.9	8.6	460.4
1.3	25.8	492.7	12.9	8.9	460.4
1.5	25.3	441.1	12.8	9.0	460.4
1.5	25.7	480.7	12.8	8.7	460.4
7.4	25.6	445.7	12.8	8.3	460.4
12.2	25.6	495.5	12.8	9.4	459.2
3.1	25.8	528.8	12.7	9.1	459.2
0.3	26.1	482.6	12.7	8.7	459.2
0.3	26.1	475.1	12.7	8.2	459.2
12.5	26.6	417.2	12.6	8.4	459.2
15.5	25.4	379.3	12.6	8.1	459.2
1.3	24.5	140.7	12.6	6.0	459.2
13.2	24.7	263.5	12.6	6.1	459.2
10.7	24.2	476.6	12.5	10.2	459.2
2.1	20.6	113.7	12.5	6.0	459.2
0.6	21.4	483.4	12.5	7.0	459.2
0.3	22.9	58.1	12.4	5.5	459.2
2.3	23.1	49.3	12.4	4.5	459.2
0.2	22.2	226.6	12.4	5.9	459.2
0.5	21.7	277.5	12.3	6.6	459.2
0.0	20.4	547.1	12.3	7.8	459.2
0.0	19.9	548.2	12.3	8.2	459.2
0.0	21.3	536.5	12.3	8.6	459.2
0.0	21.6	526.4	12.2	8.2	459.2
0.1	23.1	405.2	12.2	7.7	459.2
3.9	21.1	37.4	12.2	3.0	459.2
1.1	22.8	129.2	12.1	6.3	459.2
1.1	24.5	378.8	12.1	7.0	459.2
2.7	23.7	239.8	12.1	5.5	459.2
1.2	22.5	36.1	12.0	2.7	459.2
0.7	23.9	203.6	12.0	6.2	459.2
8.3	24.6	369.1	12.0	7.0	459.2
9.0	23.6	397.4	12.0	9.0	459.2
2.9	20.0	297.0	11.9	5.2	459.2
0.0	17.6	248.8	11.9	7.1	459.2
0.0	14.7	489.1	11.9	6.5	459.0
0.0	15.2	504.2	11.8	6.6	459.0
0.0	18.0	495.9	11.8	7.5	459.0
0.0	16.3	490.8	11.8	7.2	459.0
0.0	17.3	481.3	11.7	7.8	459.0
0.0	18.7	484.0	11.7	7.8	459.0
0.0	16.4	451.5	11.7	7.7	459.0
0.0	15.1	489.2	11.7	7.0	459.0
0.0	17.2	475.9	11.6	7.9	459.0
0.0	17.8	471.3	11.6	8.2	459.0
0.0	18.4	467.0	11.6	8.4	459.0
0.0	18.3	464.4	11.5	8.2	459.0
0.0	20.0	452.6	11.5	8.1	459.0
0.0	14.1	453.4	11.5	6.2	459.0
0.0	14.6	460.2	11.4	6.1	459.0
0.0	18.5	431.4	11.4	7.1	459.0
0.0	19.4	388.5	11.4	7.2	459.0
0.0	19.7	420.1	11.4	6.7	459.0
0.0	18.9	366.3	11.3	6.7	459.0
0.0	19.5	422.7	11.3	7.3	459.0
0.0	19.6	426.4	11.3	7.8	459.0
0.0	20.1	427.6	11.2	7.2	459.0
0.0	20.8	380.7	11.2	6.7	459.0
0.0	20.4	349.8	11.2	8.0	459.0
0.0	20.3	418.0	11.2	7.7	459.0
0.0	19.8	412.4	11.1	8.1	459.0
0.0	17.3	420.6	11.1	7.1	459.0
0.0	18.4	413.0	11.1	7.6	459.0
0.0	19.2	399.1	11.0	7.0	459.0
0.0	19.6	315.4	11.0	6.5	459.0
0.0	18.3	328.4	11.0	5.4	459.0
0.0	17.0	203.1	11.0	5.0	460.4
0.0	19.4	302.3	10.9	5.7	460.4
1.4	19.5	234.6	10.9	6.0	460.4
0.4	16.2	209.3	10.9	4.6	460.4
4.2	16.8	245.5	10.9	4.5	460.4
5.9	15.3	24.1	10.8	2.3	460.4
1.6	15.2	29.0	10.8	2.7	460.4
1.9	11.7	102.6	10.8	3.5	460.4
1.8	12.9	42.2	10.8	3.6	460.4
4.4	16.1	63.7	10.7	3.9	460.4
4.4	12.1	35.0	10.7	2.1	460.4
4.1	13.1	35.1	10.7	2.0	460.4
4.1	15.3	60.6	10.7	3.8	460.4
1.8	10.7	51.9	10.6	2.5	460.4
4.2	15.6	103.6	10.6	3.8	460.4
13.1	5.2	31.5	10.6	4.2	460.4
7.3	1.1	19.8	10.6	1.3	460.4
10.7	1.9	137.2	10.6	1.7	460.4
3.3	4.3	59.6	10.5	1.7	460.4
10.2	1.6	19.7	10.5	2.5	460.4
0.0	-1.3	350.8	10.5	1.9	460.4
0.1	-0.9	349.0	10.5	2.1	460.4
0.0	1.5	342.8	10.5	3.0	460.4
0.0	6.4	264.5	10.4	3.8	460.4
0.1	6.4	48.0	10.4	2.9	460.4
0.0	6.7	204.3	10.4	3.0	460.4
1.8	9.3	142.3	10.4	3.3	460.4
1.3	10.2	27.2	10.4	2.5	460.4
0.8	14.1	147.7	10.4	3.8	460.4
0.3	16.3	181.5	10.3	4.5	460.4
2.8	16.0	143.9	10.3	5.1	462.2
0.5	6.0	63.1	10.3	2.7	462.2
0.0	3.9	271.5	10.3	2.5	462.2
8.3	9.3	190.4	10.3	3.3	462.2
11.9	9.6	40.6	10.3	2.3	462.2
13.5	11.1	83.6	10.3	2.8	462.2
1.0	4.8	66.4	10.3	2.6	462.2
8.0	-0.2	29.8	10.2	1.4	462.2
0.0	-0.4	281.8	10.2	1.9	462.2
0.0	2.8	294.9	10.2	2.5	462.2
0.4	1.3	187.5	10.2	2.3	462.2
0.0	-1.5	298.5	10.2	1.5	462.2
6.2	-2.9	39.1	10.2	0.8	462.2
0.1	-2.6	314.9	10.2	2.1	462.2
0.0	-0.0	226.1	10.2	2.3	462.2
8.4	4.4	133.7	10.2	2.4	462.2
7.7	5.4	21.7	10.2	1.3	462.2
13.4	2.8	28.4	10.2	2.2	462.2
0.0	-1.7	259.0	10.2	2.0	462.2
0.0	1.0	290.1	10.2	2.7	462.2
0.2	4.0	274.2	10.2	3.4	462.2
0.8	4.4	96.3	10.2	2.3	462.2
0.2	1.7	93.9	10.2	2.0	462.2
0.0	0.2	311.3	10.2	2.2	462.2
0.0	-0.1	320.2	10.2	2.3	462.2
0.0	1.7	314.9	10.2	2.7	462.2
0.0	3.4	310.1	10.2	3.0	462.2
0.0	3.3	320.1	10.2	3.2	462.2
0.0	5.2	315.4	10.2	3.7	462.2
0.0	3.1	318.8	10.2	2.7	462.2
0.0	6.5	309.3	10.2	3.9	462.2
0.3	9.2	288.3	10.2	3.9	464.2
6.0	9.2	133.0	10.2	3.1	464.2
0.5	5.1	86.3	10.2	1.7	464.2
16.3	5.8	58.7	10.3	1.8	464.2
0.2	3.6	139.2	10.3	2.7	464.2
0.0	3.6	328.3	10.3	2.9	464.2
0.0	2.9	326.8	10.3	3.0	464.2
0.0	5.0	128.5	10.3	3.3	464.2
0.1	6.1	317.4	10.3	3.8	464.2
0.0	7.1	301.0	10.3	4.5	464.2
0.0	12.3	301.9	10.3	5.0	464.2
0.0	14.0	314.9	10.4	5.0	464.2
0.1	10.6	318.7	10.4	3.9	464.2
0.0	11.6	279.5	10.4	4.2	464.2
3.2	13.9	181.8	10.4	4.5	464.2
1.1	11.5	65.8	10.4	3.2	464.2
18.1	8.2	86.9	10.4	2.0	464.2
22.6	2.9	21.9	10.5	3.0	464.2
0.4	-1.2	201.0	10.5	1.6	464.2
0.0	-0.2	328.6	10.5	2.7	464.2
0.0	2.4	286.3	10.5	2.6	464.2
0.1	2.3	332.1	10.5	3.2	464.2
0.1	4.8	323.3	10.6	3.8	464.2
1.2	5.1	292.5	10.6	3.6	464.2
0.7	3.3	153.7	10.6	1.9	464.2
12.7	5.7	89.3	10.6	2.1	464.2
8.2	5.4	43.5	10.6	2.0	464.2
0.4	3.7	84.1	10.7	1.7	464.2
3.0	5.1	99.2	10.7	2.5	464.2
0.4	6.4	155.2	10.7	2.5	464.2
1.0	7.7	234.8	10.7	3.2	464.2
0.9	7.2	207.5	10.8	4.2	465.1
0.3	5.6	322.9	10.8	4.2	465.1
0.6	6.6	188.9	10.8	3.3	465.1
17.7	8.2	30.1	10.8	3.4	465.1
0.2	2.7	245.7	10.9	3.2	465.1
0.0	0.9	347.7	10.9	2.2	465.1
0.0	1.5	373.5	10.9	3.1	465.1
0.0	3.8	264.8	10.9	3.3	465.1
6.2	6.1	147.7	11.0	2.9	465.1
0.7	7.2	260.2	11.0	3.9	465.1
0.2	5.8	383.9	11.0	4.3	465.1
0.4	6.1	404.6	11.0	3.9	465.1
0.3	9.8	166.1	11.1	4.3	465.1
14.4	14.2	196.0	11.1	5.5	465.1
22.6	15.3	68.5	11.1	3.6	465.1
28.3	7.9	51.0	11.2	6.0	465.1
4.6	2.0	188.8	11.2	2.2	465.1
11.4	3.0	52.2	11.2	2.1	465.1
2.2	5.3	118.1	11.2	2.2	465.1
28.9	5.9	75.8	11.3	2.0	465.1
0.5	5.6	138.8	11.3	3.2	465.1
0.0	4.0	458.9	11.3	4.0	465.1
0.0	5.5	457.2	11.4	4.6	465.1
6.3	9.6	262.4	11.4	5.6	465.1
7.0	10.3	70.1	11.4	3.5	465.1
1.6	13.1	219.8	11.4	4.9	465.1
23.3	4.7	56.3	11.5	4.3	465.1
5.4	3.8	28.9	11.5	2.0	465.1
1.5	5.7	71.4	11.5	2.5	465.5
0.9	6.5	286.4	11.6	4.0	465.5
11.0	6.7	93.1	11.6	2.5	465.5
20.6	7.2	117.8	11.6	3.7	465.5
24.1	2.5	51.2	11.7	2.7	465.5
7.4	3.0	130.4	11.7	2.6	465.5
0.0	3.7	412.2	11.7	3.9	465.5
2.8	5.3	279.1	11.7	3.7	465.5
20.1	2.6	67.4	11.8	1.3	465.5
4.3	2.3	71.4	11.8	2.6	465.5
0.3	5.7	399.8	11.8	5.2	465.5
0.1	9.4	509.9	11.9	6.4	465.5
0.0	9.2	385.2	11.9	6.4	465.5
0.0	12.0	522.0	11.9	6.9	465.5
4.0	14.4	426.3	12.0	7.1	465.5
1.3	10.2	272.9	12.0	5.5	465.5
0.0	12.9	532.5	12.0	6.5	465.5
0.0	12.0	544.0	12.1	6.3	465.5
0.0	13.7	462.5	12.1	7.1	465.5
0.1	18.0	414.2	12.1	8.4	465.5
19.5	14.1	58.5	12.1	5.2	465.5
14.7	12.3	240.4	12.2	5.1	465.5
11.9	14.3	63.4	12.2	5.1	465.5
32.1	17.8	161.3	12.2	5.8	465.5
15.1	12.1	56.0	12.3	6.8	465.5
29.7	7.9	31.0	12.3	2.7	465.5
9.3	8.2	54.1	12.3	2.9	465.5
9.2	9.3	38.5	12.4	2.6	465.5
11.9	8.9	42.0	12.4	2.8	465.5
12.4	7.2	36.7	12.4	2.7	465.5
13.7	7.2	117.0	12.5	2.9	465.5
15.5	7.7	84.1	12.5	4.9	465.7
0.0	5.9	579.0	12.5	4.2	465.7
0.2	6.3	476.4	12.5	5.5	465.7
0.0	9.7	405.9	12.6	5.7	465.7
0.0	9.8	269.7	12.6	6.1	465.7
27.3	9.6	195.5	12.6	4.3	465.7
1.7	8.5	153.3	12.7	5.3	465.7
0.1	9.9	597.1	12.7	6.7	465.7
2.8	11.2	303.8	12.7	6.8	465.7
0.0	9.3	611.2	12.8	6.1	465.7
0.0	12.7	612.0	12.8	8.2	465.7
0.8	16.3	612.4	12.8	10.4	465.7
0.0	12.3	621.0	12.8	7.9	465.7
0.0	16.2	464.7	12.9	9.5	465.7
1.2	21.6	565.3	12.9	11.6	465.7
6.5	9.6	37.4	12.9	7.6	465.7
0.3	10.5	357.0	13.0	6.6	465.7
0.0	13.5	609.1	13.0	8.7	465.7
0.0	17.6	606.6	13.0	9.7	465.7
14.8	14.6	128.7	13.0	5.7	465.7
0.7	19.4	561.4	13.1	9.7	465.7
2.2	22.8	590.0	13.1	10.9	465.7
42.6	21.9	305.9	13.1	11.0	465.7
2.2	10.7	71.2	13.2	5.9	465.7
0.0	11.1	372.3	13.2	6.8	465.7
4.2	15.7	431.1	13.2	8.0	465.7
9.7	15.4	89.0	13.2	4.5	465.7
3.5	17.7	138.8	13.3	6.0	465.7
1.2	18.6	99.4	13.3	5.8	465.7
8.4	18.5	103.8	13.3	5.8	465.7
9.9	18.0	61.3	13.3	5.2	465.9
1.0	17.3	202.6	13.4	7.4	465.9
3.2	18.7	297.2	13.4	8.0	465.9
1.1	15.5	100.7	13.4	4.4	465.9
0.6	20.3	464.0	13.4	9.9	465.9
12.2	21.7	375.9	13.5	8.6	465.9
11.0	21.2	88.8	13.5	6.0	465.9
13.1	23.8	249.1	13.5	9.3	465.9
28.6	22.7	255.0	13.5	8.7	465.9
16.0	21.7	123.3	13.6	7.5	465.9
9.2	23.6	264.6	13.6	8.2	465.9
25.6	23.0	222.3	13.6	7.9	465.9
23.0	20.3	98.8	13.6	9.4	465.9
0.1	18.4	492.4	13.6	9.3	465.9
0.0	20.1	572.3	13.7	10.2	465.9
30.6	19.0	408.1	13.7	9.9	465.9
1.0	13.5	79.1	13.7	5.6	465.9
0.2	18.2	637.5	13.7	10.2	465.9
0.0	20.3	591.6	13.7	11.0	465.9
10.4	20.5	335.5	13.8	7.9	465.9
6.1	19.7	94.9	13.8	5.2	465.9
0.1	22.9	606.5	13.8	9.8	465.9
0.6	24.4	643.6	13.8	11.2	465.9
0.2	22.9	571.7	13.8	10.6	465.9
0.0	22.0	639.3	13.9	10.9	465.9
0.1	23.9	607.9	13.9	10.8	465.9
15.9	24.9	561.1	13.9	11.5	465.9
36.5	16.5	73.9	13.9	8.0	465.9
0.1	17.8	586.2	13.9	9.0	465.9
0.0	19.6	648.9	13.9	9.8	465.9
0.0	22.1	679.2	13.9	10.2	465.9
2.2	24.0	633.3	14.0	10.8	464.3
18.9	24.0	289.9	14.0	10.0	464.3
23.6	24.1	146.1	14.0	8.2	464.3
14.4	18.5	46.6	14.0	7.9	464.3
0.7	17.5	199.8	14.0	5.5	464.3
0.1	20.5	427.1	14.0	9.1	464.3
0.1	22.2	627.3	14.0	10.9	464.3
0.1	23.9	670.6	14.0	11.4	464.3
0.0	20.8	703.3	14.0	11.7	464.3
0.0	21.3	666.4	14.0	10.7	464.3
0.0	23.6	697.8	14.1	12.5	464.3
0.0	24.8	695.4	14.1	11.8	464.3
0.1	25.7	680.8	14.1	11.1	464.3
3.7	26.1	602.2	14.1	10.3	464.3
7.8	26.0	411.4	14.1	9.1	464.3
35.2	24.9	142.1	14.1	6.9	464.3
24.0	24.1	218.2	14.1	8.3	464.3
1.9	25.5	415.4	14.1	8.8	464.3
1.1	26.1	474.1	14.1	10.5	464.3
16.8	26.0	581.3	14.1	11.0	464.3
9.3	26.7	604.1	14.1	10.7	464.3
21.0	24.6	77.5	14.1	5.6	464.3
34.6	22.1	55.5	14.1	6.1	464.3
0.4	20.8	151.1	14.1	7.1	464.3
0.8	21.2	609.3	14.1	9.9	464.3
0.0	21.8	654.0	14.1	11.1	464.3
0.0	22.9	585.8	14.1	11.2	464.3
0.0	24.3	591.9	14.1	10.1	464.3
3.1	24.1	375.9	14.1	10.2	464.3
54.9	19.9	73.7	14.1	4.4	464.3
7.5	18.5	124.8	14.1	5.2	461.1
1.5	19.5	520.1	14.0	9.3	461.1
0.8	21.6	559.9	14.0	9.3	461.1
9.2	23.6	502.0	14.0	9.6	461.1
38.4	21.0	45.6	14.0	4.7	461.1
6.3	23.9	167.2	14.0	7.0	461.1
4.2	26.0	497.9	14.0	9.0	461.1
7.4	27.1	536.4	14.0	9.2	461.1
13.8	26.2	461.3	14.0	9.7	461.1
14.1	25.9	276.1	14.0	8.0	461.1
0.1	26.6	561.6	14.0	10.6	461.1
0.8	26.5	449.8	13.9	9.8	461.1
11.2	25.3	398.3	13.9	9.0	461.1
10.3	25.3	341.6	13.9	8.5	461.1
11.2	25.6	311.7	13.9	9.1	461.1
7.3	26.4	398.3	13.9	10.0	461.1
0.0	25.6	225.1	13.9	8.0	461.1
0.5	25.7	149.2	13.9	8.0	461.1
12.3	26.2	351.4	13.8	8.5	461.1
6.6	26.1	280.0	13.8	8.4	461.1
20.9	26.3	431.5	13.8	9.0	461.1
25.7	25.9	382.5	13.8	8.7	461.1
3.9	26.2	487.6	13.8	10.1	461.1
0.6	27.2	573.0	13.7	10.2	461.1
10.5	26.3	444.6	13.7	9.2	461.1
7.1	26.8	536.7	13.7	10.1	461.1
0.0	26.9	628.8	13.7	10.6	461.1
2.7	27.6	613.6	13.7	10.1	461.1
7.5	27.6	581.7	13.6	11.4	461.1
5.2	28.2	627.6	13.6	11.8	461.1
4.6	28.3	631.3	13.6	11.8	461.1
3.6	28.3	616.1	13.6	10.9	459.3
12.6	27.3	429.8	13.6	9.3	459.3
16.9	26.5	472.1	13.5	10.1	459.3
0.1	26.1	504.1	13.5	10.1	459.3
0.9	27.3	611.6	13.5	9.3	459.3
13.9	26.3	523.8	13.5	8.6	459.3
0.2	26.3	520.6	13.4	9.3	459.3
0.1	25.8	598.6	13.4	10.2	459.3
0.0	26.0	620.5	13.4	10.4	459.3
0.0	26.5	628.5	13.4	11.1	459.3
0.0	28.0	546.2	13.3	10.3	459.3
0.0	28.4	487.6	13.3	10.6	459.3
1.1	28.2	528.2	13.3	9.7	459.3
0.3	27.0	464.0	13.3	9.5	459.3
0.1	26.9	448.9	13.2	9.9	459.3
0.0	26.3	520.5	13.2	10.2	459.3
0.4	27.3	518.6	13.2	8.5	459.3
5.7	26.3	462.1	13.2	9.8	459.3
1.0	26.5	324.8	13.1	8.0	459.3
0.9	27.5	478.7	13.1	9.2	459.3
0.9	27.4	421.5	13.1	8.3	459.3
1.2	27.6	346.2	13.1	7.5	459.3
0.5	28.3	428.3	13.0	9.2	459.3
13.6	27.1	474.5	13.0	10.2	459.3
24.6	26.1	373.4	13.0	8.2	459.3
23.3	25.3	275.0	12.9	7.6	459.3
26.3	24.2	214.6	12.9	6.5	459.3
33.9	22.4	26.3	12.9	3.5	459.3
3.0	22.7	88.4	12.9	3.5	459.3
1.5	24.0	184.5	12.8	6.0	459.3
0.6	24.7	79.3	12.8	4.9	459.3
0.4	25.0	326.7	12.8	7.9	458.2
0.8	24.5	310.2	12.7	7.9	458.2
0.2	25.4	533.7	12.7	9.1	458.2
0.1	25.7	528.2	12.7	9.3	458.2
2.3	25.4	403.9	12.7	7.8	458.2
0.5	25.0	384.8	12.6	7.5	458.2
0.1	23.8	398.9	12.6	8.6	458.2
0.0	24.3	556.6	12.6	9.2	458.2
0.1	24.6	546.4	12.5	9.2	458.2
0.2	25.7	498.0	12.5	8.2	458.2
0.3	25.4	310.3	12.5	8.1	458.2
1.4	25.4	338.7	12.4	8.0	458.2
0.2	25.2	403.1	12.4	7.3	458.2
0.2	23.7	369.1	12.4	8.6	458.2
0.0	23.4	535.8	12.4	9.4	458.2
0.1	23.4	525.1	12.3	9.5	458.2
0.0	23.8	517.6	12.3	9.3	458.2
0.0	23.8	446.6	12.3	9.8	458.2
0.0	24.4	531.7	12.2	9.9	458.2
0.0	23.9	502.1	12.2	9.3	458.2
0.9	25.1	470.7	12.2	8.4	458.2
0.2	25.6	354.1	12.1	7.5	458.2
0.3	23.3	97.7	12.1	4.5	458.2
0.4	22.5	101.3	12.1	7.5	458.2
0.0	22.2	514.2	12.1	9.3	458.2
0.0	22.4	516.3	12.0	9.4	458.2
0.0	22.3	511.8	12.0	9.1	458.2
0.0	23.2	505.5	12.0	8.8	458.2
0.0	22.8	490.4	11.9	8.9	458.2
0.0	20.8	496.7	11.9	8.2	458.2
0.0	20.1	501.8	11.9	8.3	458.0
0.0	21.0	493.9	11.8	7.9	458.0
0.0	21.7	483.8	11.8	8.1	458.0
0.0	21.9	468.4	11.8	8.0	458.0
0.0	22.0	469.6	11.8	7.6	458.0
0.0	23.1	459.7	11.7	7.9	458.0
0.0	23.6	382.9	11.7	9.0	458.0
0.0	22.8	465.0	11.7	9.1	458.0
0.0	16.8	483.3	11.6	6.7	458.0
0.0	17.3	372.0	11.6	6.5	458.0
0.0	18.2	458.6	11.6	6.8	458.0
0.0	18.1	313.0	11.5	6.1	458.0
0.0	17.5	160.6	11.5	6.6	458.0
0.0	12.0	477.1	11.5	5.3	458.0
0.0	14.3	469.4	11.5	7.0	458.0
0.0	14.7	455.0	11.4	6.8	458.0
0.0	16.8	397.5	11.4	6.7	458.0
0.0	17.1	448.4	11.4	7.3	458.0
0.0	13.5	457.3	11.3	6.5	458.0
0.0	15.2	447.9	11.3	7.3	458.0
0.0	17.1	435.0	11.3	7.5	458.0
0.0	16.7	428.0	11.3	7.2	458.0
0.0	16.7	427.2	11.2	7.2	458.0
0.0	17.6	421.6	11.2	7.5	458.0
0.0	11.5	441.1	11.2	5.6	458.0
0.0	13.7	425.8	11.1	6.6	458.0
0.0	15.2	414.3	11.1	7.0	458.0
0.0	15.7	412.9	11.1	7.0	458.0
0.0	16.7	401.7	11.1	6.9	458.0
0.0	16.4	413.4	11.0	7.1	458.0
0.0	17.0	400.1	11.0	7.1	458.0
0.0	18.8	382.7	11.0	7.1	459.3
0.0	11.9	394.4	10.9	4.5	459.3
0.0	13.3	206.4	10.9	4.4	459.3
0.0	16.4	244.6	10.9	5.6	459.3
0.0	18.3	242.7	10.9	5.8	459.3
0.0	15.4	332.7	10.8	4.9	459.3
0.0	15.6	366.4	10.8	5.4	459.3
0.0	15.4	356.5	10.8	5.7	459.3
0.0	15.6	306.0	10.8	5.7	459.3
5.2	14.7	334.3	10.7	5.8	459.3
1.0	8.6	53.3	10.7	3.4	459.3
0.0	8.6	301.4	10.7	3.9	459.3
0.1	11.2	353.4	10.7	4.9	459.3
0.0	12.5	250.1	10.7	4.8	459.3
1.6	10.9	137.7	10.6	4.4	459.3
0.0	10.2	360.4	10.6	4.6	459.3
4.2	13.2	349.5	10.6	5.1	459.3
7.3	7.5	57.2	10.6	3.8	459.3
0.0	4.3	361.9	10.5	3.0	459.3
0.0	4.0	358.7	10.5	3.3	459.3
0.1	5.9	334.3	10.5	3.4	459.3
0.1	9.0	242.8	10.5	4.1	459.3
1.1	14.0	194.2	10.5	4.8	459.3
0.5	17.8	248.7	10.4	5.4	459.3
0.5	11.1	110.2	10.4	3.8	459.3
0.4	10.9	302.7	10.4	3.3	459.3
0.1	9.5	115.7	10.4	2.4	459.3
0.1	12.2	198.6	10.4	3.8	459.3
0.1	15.3	87.1	10.4	3.7	459.3
1.9	19.8	216.2	10.3	5.4	459.3
2.2	14.5	102.3	10.3	3.4	461.1
5.9	11.6	28.4	10.3	1.4	461.1
4.7	15.4	82.9	10.3	3.2	461.1
9.8	17.6	218.0	10.3	4.5	461.1
1.5	10.2	79.2	10.3	3.4	461.1
0.2	6.5	141.4	10.3	2.6	461.1
0.1	9.6	302.9	10.3	3.6	461.1
0.9	10.9	97.9	10.3	2.8	461.1
0.5	15.8	276.2	10.2	4.3	461.1
1.6	18.5	64.9	10.2	3.2	461.1
1.0	9.4	67.7	10.2	4.0	461.1
37.8	8.0	27.5	10.2	1.7	461.1
2.3	6.3	37.4	10.2	2.1	461.1
0.8	4.4	70.7	10.2	1.8	461.1
0.0	3.2	278.6	10.2	2.3	461.1
0.4	-2.8	242.6	10.2	1.9	461.1
0.0	-3.9	284.7	10.2	1.5	461.1
0.0	-0.3	168.7	10.2	2.0	461.1
0.4	2.3	159.3	10.2	2.2	461.1
0.0	-1.3	153.2	10.2	1.5	461.1
0.0	-3.2	310.3	10.2	1.9	461.1
0.0	-6.4	324.5	10.2	1.5	461.1
0.0	-4.4	248.1	10.2	1.7	461.1
0.0	-3.2	317.2	10.2	2.2	461.1
0.0	-0.2	315.8	10.2	2.8	461.1
0.0	2.9	272.3	10.2	3.3	461.1
0.0	4.3	209.2	10.2	3.3	461.1
0.0	4.4	314.8	10.2	3.4	461.1
0.0	5.4	311.6	10.2	3.5	461.1
0.0	0.8	318.4	10.2	2.6	461.1
0.0	1.3	310.8	10.2	2.9	461.1
0.1	4.1	316.6	10.2	3.7	463.1
0.0	-1.1	322.5	10.2	2.2	463.1
0.0	-1.4	324.6	10.2	2.5	463.1
0.0	0.8	321.3	10.3	3.0	463.1
0.0	3.5	324.3	10.3	3.7	463.1
0.0	7.3	283.0	10.3	4.3	463.1
0.4	11.4	311.0	10.3	5.0	463.1
1.6	10.3	26.7	10.3	1.8	463.1
3.7	15.6	263.6	10.3	5.9	463.1
7.5	6.2	264.9	10.3	3.5	463.1
0.7	1.3	79.9	10.3	1.7	463.1
8.8	-0.7	26.5	10.3	0.6	463.1
2.4	-0.9	83.7	10.4	1.1	463.1
0.0	-1.5	150.1	10.4	1.7	463.1
0.0	-3.4	345.4	10.4	1.8	463.1
0.0	-0.2	345.9	10.4	2.5	463.1
0.0	2.9	345.6	10.4	3.3	463.1
0.4	4.6	323.5	10.4	3.7	463.1
0.0	-0.5	354.0	10.5	2.5	463.1
0.0	-1.4	356.4	10.5	2.6	463.1
0.0	2.2	354.2	10.5	3.5	463.1
0.0	0.1	350.5	10.5	2.4	463.1
0.0	4.3	365.9	10.5	3.2	463.1
0.0	5.7	363.5	10.6	4.2	463.1
0.0	7.4	367.4	10.6	4.7	463.1
0.0	11.3	363.3	10.6	5.5	463.1
6.8	6.6	73.2	10.6	4.8	463.1
0.0	0.5	287.7	10.7	2.3	463.1
0.0	2.9	377.7	10.7	3.2	463.1
0.0	5.7	385.8	10.7	3.3	463.1
0.0	9.6	384.2	10.7	4.9	463.1
0.0	8.3	389.9	10.8	4.8	464.0
0.0	5.5	394.8	10.8	3.7	464.0
0.0	11.5	375.9	10.8	6.8	464.0
0.0	8.3	310.0	10.8	4.5	464.0
0.0	6.7	406.5	10.9	4.5	464.0
0.0	10.1	407.4	10.9	6.1	464.0
0.0	12.2	397.7	10.9	6.7	464.0
0.0	14.3	348.6	10.9	6.3	464.0
0.0	13.5	402.4	11.0	6.7	464.0
0.0	9.8	424.1	11.0	4.8	464.0
0.0	15.9	396.5	11.0	7.2	464.0
0.1	17.4	212.1	11.0	6.6	464.0
0.0	17.8	177.5	11.1	5.7	464.0
2.8	15.3	128.6	11.1	6.9	464.0
22.0	3.8	37.8	11.1	2.3	464.0
33.0	3.5	61.3	11.1	1.7	464.0
11.0	4.3	35.0	11.2	2.0	464.0
15.7	6.8	38.6	11.2	2.2	464.0
26.4	7.6	50.7	11.2	3.4	464.0
0.9	2.5	70.0	11.3	1.7	464.0
2.8	3.1	92.5	11.3	2.1	464.0
0.1	1.7	299.4	11.3	3.6	464.0
0.0	3.7	331.8	11.4	4.0	464.0
5.1	10.0	386.1	11.4	5.7	464.0
15.6	9.0	25.7	11.4	3.4	464.0
2.6	6.0	68.4	11.4	2.7	464.0
0.0	6.2	357.3	11.5	4.3	464.0
0.3	5.7	443.1	11.5	4.8	464.0
0.0	8.2	463.2	11.5	5.5	464.5
0.1	10.7	295.3	11.6	6.1	464.5
4.6	14.6	84.0	11.6	5.9	464.5
7.5	17.3	190.2	11.6	6.2	464.5
5.0	7.5	64.3	11.7	5.6	464.5
0.0	5.0	502.2	11.7	4.1	464.5
0.0	8.0	502.4	11.7	5.5	464.5
0.0	11.9	493.8	11.7	6.7	464.5
0.0	13.4	478.6	11.8	6.5	464.5
0.1	14.9	292.4	11.8	6.4	464.5
0.0	16.7	405.6	11.8	7.5	464.5
0.0	21.0	450.7	11.9	8.9	464.5
1.2	16.0	254.2	11.9	9.9	464.5
0.1	8.4	291.0	11.9	4.0	464.5
19.0	5.5	70.8	12.0	2.4	464.5
0.5	3.6	195.2	12.0	3.6	464.5
0.1	6.2	253.7	12.0	5.1	464.5
0.1	7.1	304.6	12.0	5.4	464.5
0.6	10.4	488.6	12.1	6.5	464.5
3.1	8.8	192.6	12.1	4.1	464.5
27.0	6.8	58.1	12.1	2.3	464.5
0.6	6.3	171.8	12.2	4.9	464.5
1.2	11.1	420.0	12.2	6.8	464.5
1.9	11.1	93.1	12.2	3.8	464.5
6.9	16.2	442.6	12.3	7.4	464.5
55.4	18.2	108.0	12.3	4.7	464.5
2.2	17.0	109.4	12.3	6.2	464.5
1.8	18.1	409.6	12.4	7.4	464.5
0.3	17.9	210.5	12.4	6.8	464.5
0.5	17.5	184.2	12.4	5.1	464.5
51.1	17.1	76.9	12.4	5.4	464.5
4.2	16.4	82.9	12.5	8.8	464.6
7.7	8.5	62.0	12.5	5.3	464.6
1.0	4.4	116.7	12.5	2.8	464.6
4.4	8.4	518.8	12.6	5.2	464.6
0.7	9.0	113.2	12.6	3.4	464.6
1.1	9.2	234.3	12.6	5.3	464.6
6.5	12.4	532.4	12.7	6.9	464.6
19.4	8.9	55.6	12.7	3.5	464.6
0.1	10.7	478.0	12.7	7.6	464.6
0.0	12.9	256.0	12.7	6.7	464.6
0.3	15.6	454.8	12.8	7.3	464.6
0.0	15.5	454.1	12.8	8.8	464.6
0.2	14.9	586.9	12.8	9.0	464.6
0.0	16.3	595.3	12.9	8.5	464.6
0.0	16.8	305.2	12.9	9.0	464.6
19.8	12.4	283.6	12.9	6.5	464.6
36.3	15.4	178.3	12.9	7.2	464.6
35.7	18.5	52.0	13.0	7.2	464.6
6.5	11.3	103.2	13.0	5.7	464.6
0.1	10.9	356.4	13.0	7.0	464.6
0.2	14.6	611.0	13.1	8.7	464.6
0.0	15.3	587.2	13.1	8.2	464.6
0.0	17.8	578.7	13.1	9.0	464.6
1.2	15.5	180.1	13.1	5.6	464.6
1.3	16.9	356.8	13.2	7.2	464.6
0.1	19.0	560.9	13.2	9.5	464.6
12.2	20.7	554.6	13.2	9.0	464.6
0.1	19.7	559.8	13.3	10.1	464.6
0.0	20.5	561.0	13.3	10.3	464.6
0.5	21.2	606.8	13.3	11.8	464.6
0.6	15.3	310.5	13.3	6.1	464.8
0.3	17.2	487.5	13.4	9.5	464.8
5.0	20.6	488.2	13.4	9.7	464.8
2.7	21.9	97.2	13.4	7.6	464.8
143.7	20.1	91.1	13.4	10.0	464.8
28.9	12.9	70.5	13.5	5.3	464.8
0.1	15.3	644.1	13.5	8.1	464.8
0.1	19.7	596.2	13.5	10.6	464.8
6.9	20.7	346.7	13.5	7.6	464.8
67.0	20.6	70.6	13.5	4.3	464.8
18.8	17.6	57.3	13.6	9.0	464.8
13.6	13.4	69.9	13.6	3.1	464.8
6.0	14.7	133.1	13.6	5.8	464.8
39.0	17.0	94.7	13.6	5.2	464.8
0.4	15.7	263.7	13.7	7.9	464.8
0.2	16.8	331.1	13.7	8.4	464.8
0.4	19.4	580.3	13.7	10.3	464.8
0.0	19.5	604.7	13.7	9.8	464.8
44.9	18.2	169.3	13.7	7.0	464.8
1.0	16.2	77.9	13.8	5.2	464.8
0.0	18.9	497.8	13.8	10.0	464.8
0.1	21.1	654.6	13.8	10.7	464.8
0.1	18.9	265.6	13.8	10.2	464.8
0.0	18.9	604.3	13.8	9.8	464.8
0.3	21.4	508.2	13.8	9.5	464.8
0.7	24.9	577.2	13.9	10.6	464.8
4.5	25.7	600.3	13.9	10.1	464.8
14.3	25.5	505.0	13.9	10.0	464.8
0.1	24.2	540.6	13.9	11.3	464.8
0.5	25.7	350.9	13.9	9.4	464.8
1.0	25.5	243.0	13.9	8.6	464.8
27.6	25.6	452.2	14.0	9.3	463.2
14.9	26.1	554.2	14.0	9.6	463.2
27.7	24.4	361.3	14.0	8.6	463.2
1.6	24.2	201.6	14.0	7.7	463.2
5.3	21.2	124.1	14.0	7.8	463.2
0.8	18.7	92.9	14.0	4.8	463.2
0.5	20.5	406.4	14.0	8.2	463.2
0.2	22.7	556.1	14.0	9.7	463.2
4.7	23.3	562.3	14.0	11.0	463.2
1.6	23.8	519.9	14.0	10.6	463.2
4.8	23.7	635.2	14.0	11.8	463.2
0.2	24.1	655.9	14.1	11.8	463.2
0.0	25.9	660.7	14.1	11.2	463.2
0.1	26.1	328.8	14.1	9.3	463.2
7.7	25.6	172.9	14.1	8.8	463.2
5.4	25.0	146.1	14.1	5.5	463.2
0.1	26.9	542.3	14.1	10.6	463.2
0.0	28.1	643.2	14.1	10.9	463.2
0.3	28.3	369.2	14.1	10.9	463.2
12.3	25.7	253.4	14.1	7.4	463.2
0.0	27.0	498.1	14.1	9.9	463.2
0.0	25.8	334.9	14.1	12.1	463.2
1.0	26.5	647.8	14.1	12.0	463.2
2.1	26.1	673.8	14.1	10.9	463.2
0.2	27.1	597.5	14.1	9.6	463.2
7.8	25.5	181.3	14.1	7.7	463.2
26.5	24.4	99.0	14.1	5.1	463.2
100.2	23.9	35.0	14.1	4.8	463.2
2.5	22.6	163.4	14.1	7.1	463.2
3.9	23.3	246.9	14.1	7.7	463.2
4.8	24.5	137.0	14.1	7.1	460.0
9.4	25.9	373.4	14.0	9.1	460.0
12.4	26.2	374.9	14.0	9.3	460.0
11.5	25.4	205.1	14.0	7.9	460.0
3.1	25.0	76.3	14.0	5.0	460.0
26.9	25.7	309.8	14.0	8.4	460.0
25.2	26.0	391.6	14.0	10.0	460.0
9.2	27.2	483.5	14.0	10.0	460.0
16.2	27.4	393.5	14.0	9.5	460.0
9.4	26.5	174.7	14.0	8.5	460.0
8.8	26.6	414.0	14.0	9.8	460.0
3.5	26.5	499.7	13.9	9.9	460.0
3.5	26.1	339.7	13.9	8.0	460.0
1.9	26.6	300.7	13.9	7.6	460.0
5.7	27.4	572.4	13.9	10.2	460.0
13.3	27.6	604.0	13.9	10.5	460.0
12.5	27.8	610.6	13.9	11.3	460.0
9.8	27.6	484.2	13.9	9.8	460.0
18.6	27.2	440.3	13.8	10.2	460.0
4.9	26.9	579.5	13.8	9.6	460.0
17.5	27.0	535.9	13.8	9.5	460.0
2.4	27.4	576.8	13.8	10.7	460.0
0.0	28.4	644.2	13.8	10.8	460.0
0.0	28.6	650.5	13.8	11.2	460.0
0.0	29.2	648.9	13.7	11.1	460.0
6.0	28.4	633.1	13.7	11.1	460.0
0.0	29.1	638.7	13.7	10.6	460.0
0.0	29.2	644.3	13.7	11.0	460.0
0.0	29.6	633.9	13.6	11.7	460.0
0.0	30.3	640.4	13.6	12.1	460.0
0.0	30.4	635.5	13.6	12.4	460.0
0.0	29.7	641.5	13.6	12.1	458.2
0.1	30.1	625.2	13.6	11.8	458.2
0.2	30.4	558.3	13.5	11.7	458.2
0.0	30.7	630.9	13.5	12.3	458.2
0.1	31.1	601.8	13.5	11.8	458.2
0.3	31.1	579.7	13.5	12.2	458.2
0.0	30.2	625.6	13.4	12.1	458.2
0.0	29.8	619.3	13.4	11.4	458.2
10.3	28.1	600.7	13.4	12.2	458.2
13.0	26.9	499.4	13.4	9.2	458.2
18.4	26.5	413.6	13.3	8.5	458.2
14.9	26.4	551.0	13.3	10.0	458.2
0.3	26.7	541.3	13.3	9.6	458.2
8.5	26.0	414.5	13.3	9.5	458.2
1.7	26.4	483.2	13.2	9.1	458.2
9.3	26.4	399.3	13.2	8.7	458.2
7.5	26.7	442.8	13.2	9.3	458.2
9.3	26.9	528.4	13.2	10.0	458.2
2.7	27.2	548.3	13.1	10.1	458.2
7.2	27.0	497.4	13.1	10.0	458.2
14.4	26.3	547.5	13.1	9.4	458.2
11.9	26.0	479.1	13.1	8.9	458.2
15.2	25.3	256.3	13.0	7.8	458.2
3.0	25.6	231.9	13.0	6.5	458.2
0.2	26.0	330.9	13.0	8.3	458.2
0.0	26.4	566.1	12.9	9.1	458.2
1.0	26.5	462.6	12.9	8.8	458.2
3.9	27.0	543.9	12.9	9.5	458.2
12.2	25.4	323.6	12.9	8.1	458.2
12.9	24.6	288.0	12.8	7.9	458.2
7.2	25.7	521.3	12.8	8.9	458.2
4.7	26.1	456.8	12.8	8.3	457.1
3.4	26.0	393.7	12.7	7.5	457.1
2.1	25.9	394.5	12.7	8.5	457.1
0.4	26.0	491.4	12.7	9.1	457.1
0.2	26.2	524.9	12.7	8.7	457.1
0.2	25.8	452.8	12.6	9.1	457.1
0.0	26.7	548.5	12.6	9.2	457.1
0.4	27.9	525.1	12.6	9.4	457.1
0.5	27.8	467.1	12.5	9.5	457.1
0.1	28.1	488.0	12.5	9.7	457.1
0.1	28.6	481.3	12.5	9.8	457.1
0.1	29.6	495.7	12.5	9.1	457.1
1.9	28.1	363.8	12.4	9.0	457.1
0.1	26.1	314.7	12.4	7.2	457.1
1.5	25.4	113.6	12.4	5.2	457.1
0.3	26.5	369.7	12.3	7.6	457.1
18.2	26.6	433.5	12.3	10.1	457.1
0.4	17.7	107.6	12.3	7.4	457.1
0.0	18.5	541.7	12.2	7.5	457.1
0.0	21.2	519.9	12.2	7.8	457.1
0.0	22.7	419.3	12.2	7.4	457.1
0.0	22.0	233.6	12.2	6.9	457.1
0.0	22.4	352.6	12.1	7.7	457.1
0.0	22.3	497.1	12.1	8.6	457.1
0.0	23.0	455.9	12.1	7.9	457.1
0.0	23.3	353.5	12.0	8.4	457.1
0.0	22.7	431.2	12.0	9.1	457.1
0.0	22.9	493.9	12.0	8.0	457.1
0.1	22.7	469.2	11.9	8.6	457.1
0.0	21.7	503.4	11.9	9.1	457.1
0.0	20.4	516.6	11.9	9.0	456.9
0.0	21.4	502.1	11.8	9.8	456.9
0.0	22.1	445.4	11.8	8.5	456.9
0.0	19.3	491.4	11.8	8.3	456.9
0.0	16.3	509.3	11.8	7.3	456.9
0.0	18.8	486.9	11.7	8.0	456.9
0.0	19.7	458.2	11.7	7.6	456.9
0.0	19.7	472.9	11.7	7.6	456.9
0.0	19.7	451.6	11.6	7.0	456.9
0.0	21.4	401.6	11.6	6.9	456.9
0.0	22.2	452.1	11.6	6.7	456.9
0.0	21.6	435.7	11.5	7.4	456.9
0.0	19.4	473.4	11.5	7.2	456.9
0.0	18.1	463.7	11.5	7.5	456.9
0.0	17.9	460.6	11.5	7.5	456.9
0.0	19.1	448.2	11.4	7.8	456.9
0.0	20.2	431.0	11.4	8.1	456.9
0.0	20.5	377.3	11.4	7.7	456.9
0.0	22.0	425.7	11.3	7.5	456.9
0.5	22.3	330.0	11.3	7.1	456.9
0.0	23.0	392.6	11.3	7.5	456.9
0.0	22.8	412.6	11.3	7.6	456.9
0.0	22.3	407.6	11.2	7.0	456.9
0.0	21.5	360.7	11.2	6.8	456.9
0.0	22.1	405.0	11.2	7.1	456.9
0.0	22.7	397.7	11.1	6.8	456.9
0.1	22.6	321.7	11.1	6.7	456.9
1.5	15.7	69.1	11.1	5.6	456.9
0.0	12.6	120.6	11.1	4.0	456.9
0.0	13.1	401.6	11.0	5.4	456.9
0.0	14.2	399.1	11.0	5.9	456.9
0.0	15.8	392.7	11.0	6.2	458.2
0.0	17.0	383.0	11.0	5.6	458.2
0.0	18.2	246.8	10.9	4.8	458.2
1.5	20.9	138.1	10.9	5.3	458.2
1.3	17.5	50.2	10.9	4.5	458.2
1.1	16.6	139.4	10.9	3.6	458.2
0.4	10.6	62.1	10.8	4.7	458.2
0.0	8.2	328.6	10.8	3.2	458.2
0.0	9.6	296.9	10.8	3.9	458.2
0.0	12.9	365.7	10.8	4.9	458.2
18.8	15.3	71.3	10.7	3.7	458.2
0.7	12.3	44.0	10.7	3.8	458.2
0.1	10.4	169.0	10.7	3.3	458.2
0.0	15.3	320.2	10.7	4.9	458.2
15.7	16.2	176.8	10.6	5.1	458.2
0.1	9.3	289.7	10.6	3.5	458.2
2.4	11.2	172.1	10.6	3.1	458.2
17.0	13.1	40.5	10.6	2.5	458.2
9.9	7.9	22.4	10.6	3.5	458.2
0.0	2.6	62.9	10.5	1.8	458.2
0.0	2.4	332.7	10.5	2.6	458.2
0.0	2.4	332.1	10.5	2.8	458.2
0.0	2.4	335.1	10.5	2.5	458.2
0.0	4.3	97.0	10.5	2.2	458.2
0.2	8.1	323.0	10.4	3.9	458.2
0.1	11.4	226.5	10.4	4.0	458.2
2.1	13.3	293.7	10.4	5.6	458.2
0.0	3.0	341.5	10.4	2.4	458.2
0.0	5.7	334.2	10.4	3.4	458.2
0.0	8.0	211.4	10.4	3.3	458.2
0.0	9.9	274.7	10.3	4.1	460.0
0.5	11.9	231.4	10.3	4.3	460.0
3.9	11.1	68.5	10.3	3.0	460.0
2.5	7.8	72.9	10.3	3.2	460.0
0.0	4.6	182.0	10.3	1.8	460.0
0.1	4.2	204.4	10.3	2.7	460.0
0.0	-1.0	327.7	10.3	1.6	460.0
0.0	0.5	323.6	10.3	2.5	460.0
0.0	2.4	320.9	10.2	3.2	460.0
0.0	5.0	320.0	10.2	3.8	460.0
0.0	5.8	316.8	10.2	3.9	460.0
0.0	3.9	132.5	10.2	2.5	460.0
0.0	5.6	320.5	10.2	3.6	460.0
0.0	7.7	256.8	10.2	4.1	460.0
1.4	11.7	300.1	10.2	5.3	460.0
4.5	5.0	28.2	10.2	3.2	460.0
0.0	2.4	252.6	10.2	2.4	460.0
0.0	-0.8	322.1	10.2	2.2	460.0
0.0	0.5	320.3	10.2	2.8	460.0
0.0	3.5	229.9	10.2	3.5	460.0
0.0	3.0	160.1	10.2	2.0	460.0
3.7	4.4	219.6	10.2	2.7	460.0
0.1	3.3	97.7	10.2	2.0	460.0
19.1	3.8	32.8	10.2	2.2	460.0
0.1	-2.5	153.4	10.2	1.7	460.0
0.0	-2.1	246.7	10.2	1.5	460.0
1.4	-1.7	64.4	10.2	1.0	460.0
0.4	-2.3	174.2	10.2	1.8	460.0
0.0	-0.2	308.4	10.2	2.5	460.0
1.4	3.5	55.0	10.2	2.2	460.0
2.0	2.2	83.7	10.2	1.7	460.0
0.4	0.6	73.7	10.2	2.0	462.0
0.0	0.1	320.9	10.2	2.7	462.0
0.0	2.4	321.4	10.2	2.9	462.0
1.6	5.1	143.3	10.2	3.1	462.0
0.0	0.7	318.2	10.3	2.6	462.0
0.0	-1.0	321.4	10.3	2.4	462.0
0.0	-0.8	322.3	10.3	2.3	462.0
0.0	-0.5	184.8	10.3	2.4	462.0
0.0	0.8	336.7	10.3	2.6	462.0
0.0	2.2	338.7	10.3	2.9	462.0
0.0	5.0	340.8	10.3	3.6	462.0
0.0	7.3	339.1	10.3	4.6	462.0
0.0	9.3	290.7	10.4	5.0	462.0
0.0	5.8	350.4	10.4	3.6	462.0
0.0	8.7	339.6	10.4	5.2	462.0
0.0	12.2	340.3	10.4	6.1	462.0
0.0	7.7	346.8	10.4	5.8	462.0
0.0	0.3	350.1	10.4	2.8	462.0
0.0	5.7	305.8	10.5	4.0	462.0
0.0	8.4	349.0	10.5	5.2	462.0
0.0	12.0	305.2	10.5	5.5	462.0
0.7	11.0	238.6	10.5	4.9	462.0
24.3	11.9	54.3	10.5	3.1	462.0
1.0	9.8	89.9	10.6	2.2	462.0
0.5	7.9	175.8	10.6	3.5	462.0
23.0	6.7	100.4	10.6	3.0	462.0
27.5	3.8	46.0	10.6	1.4	462.0
15.8	6.0	37.3	10.7	2.1	462.0
1.9	6.9	63.6	10.7	2.3	462.0
0.1	6.2	232.9	10.7	3.0	462.0
4.3	5.1	95.1	10.7	1.6	462.0
7.5	6.4	129.3	10.7	2.6	462.9
0.1	4.4	251.0	10.8	3.4	462.9
0.2	5.8	332.0	10.8	4.2	462.9
1.0	6.4	263.3	10.8	4.2	462.9
0.2	5.4	216.8	10.8	3.6	462.9
0.0	8.9	366.1	10.9	5.0	462.9
0.0	11.6	397.5	10.9	5.6	462.9
0.2	16.0	235.9	10.9	5.6	462.9
2.8	7.0	51.9	10.9	5.5	462.9
0.0	5.3	265.4	11.0	3.6	462.9
13.7	8.5	227.3	11.0	3.9	462.9
26.7	0.9	27.3	11.0	2.6	462.9
8.1	-0.3	96.1	11.1	1.1	462.9
1.0	1.3	237.6	11.1	2.1	462.9
0.7	2.1	151.3	11.1	2.4	462.9
0.2	1.1	214.0	11.1	2.6	462.9
7.6	3.4	257.4	11.2	2.8	462.9
1.4	6.1	132.2	11.2	3.0	462.9
4.2	10.6	161.2	11.2	4.0	462.9
22.7	8.0	41.4	11.3	4.9	462.9
0.5	4.6	167.8	11.3	2.7	462.9
1.5	7.6	145.0	11.3	3.4	462.9
6.7	10.3	145.2	11.3	5.9	462.9
0.2	6.5	164.4	11.4	3.4	462.9
25.7	10.0	133.3	11.4	4.9	462.9
2.4	2.7	39.6	11.4	3.1	462.9
0.0	-0.1	463.2	11.5	3.1	462.9
0.0	0.1	459.0	11.5	3.3	462.9
0.0	3.4	185.4	11.5	3.4	463.3
0.0	5.5	415.0	11.6	4.5	463.3
0.0	7.1	487.6	11.6	5.2	463.3
0.0	11.2	476.5	11.6	6.9	463.3
3.3	7.4	50.2	11.6	4.9	463.3
0.0	3.4	507.6	11.7	4.2	463.3
0.0	5.3	517.5	11.7	5.0	463.3
0.0	8.2	513.5	11.7	6.5	463.3
0.0	11.2	332.1	11.8	7.1	463.3
0.0	15.1	511.1	11.8	8.4	463.3
1.4	17.3	330.3	11.8	8.1	463.3
12.8	14.8	38.0	11.9	4.5	463.3
20.2	13.8	181.8	11.9	7.3	463.3
2.2	9.4	213.0	11.9	4.2	463.3
0.0	14.3	494.7	11.9	6.8	463.3
24.1	13.9	148.1	12.0	4.3	463.3
0.7	12.2	136.4	12.0	5.3	463.3
3.6	10.4	76.0	12.0	3.5	463.3
0.4	11.3	440.4	12.1	6.0	463.3
3.2	11.5	180.7	12.1	5.0	463.3
7.3	11.8	92.1	12.1	3.9	463.3
0.2	12.6	397.6	12.2	6.7	463.3
26.3	17.0	444.0	12.2	7.9	463.3
1.5	19.8	213.0	12.2	6.7	463.3
17.9	18.5	416.8	12.3	10.3	463.3
29.6	5.7	47.9	12.3	4.5	463.3
0.0	5.7	335.7	12.3	4.3	463.3
0.1	6.4	298.9	12.3	3.7	463.3
0.0	6.0	183.5	12.4	4.2	463.3
0.0	7.8	462.5	12.4	6.3	463.3
0.0	11.3	561.3	12.4	7.3	463.3
0.0	15.9	575.3	12.5	8.8	463.5
10.2	19.6	541.0	12.5	10.3	463.5
28.3	15.5	53.6	12.5	4.2	463.5
3.6	16.4	86.8	12.6	4.9	463.5
5.3	17.7	113.1	12.6	5.4	463.5
19.8	19.4	147.7	12.6	8.4	463.5
0.0	17.0	554.9	12.6	8.7	463.5
5.1	19.9	523.6	12.7	9.1	463.5
0.4	19.7	230.8	12.7	8.2	463.5
3.0	19.5	387.9	12.7	8.8	463.5
17.5	20.8	497.5	12.8	8.7	463.5
20.4	20.7	113.2	12.8	5.9	463.5
42.4	20.8	65.2	12.8	5.7	463.5
1.0	20.1	242.1	12.9	6.4	463.5
34.8	22.0	189.6	12.9	8.2	463.5
23.3	9.6	80.8	12.9	8.6	463.5
17.7	6.7	45.6	12.9	2.6	463.5
2.8	7.2	131.4	13.0	4.5	463.5
0.0	10.6	562.6	13.0	6.5	463.5
10.5	11.1	266.9	13.0	5.2	463.5
0.5	14.6	433.9	13.1	7.6	463.5
25.9	14.8	231.2	13.1	7.5	463.5
4.8	14.8	132.8	13.1	5.8	463.5
14.1	19.6	309.1	13.1	8.4	463.5
2.4	18.8	54.6	13.2	4.2	463.5
23.3	18.3	89.6	13.2	3.5	463.5
33.7	16.4	38.8	13.2	4.9	463.5
4.5	17.1	73.3	13.2	5.3	463.5
0.7	19.0	182.1	13.3	7.2	463.5
0.3	23.1	321.0	13.3	9.0	463.5
0.0	26.4	591.2	13.3	10.5	463.7
0.0	25.8	377.1	13.3	9.7	463.7
18.1	24.7	446.5	13.4	9.5	463.7
21.7	23.6	287.6	13.4	9.0	463.7
21.5	21.1	293.7	13.4	10.9	463.7
5.5	16.9	173.6	13.4	5.5	463.7
18.0	14.0	64.2	13.5	5.2	463.7
21.1	13.6	75.6	13.5	3.0	463.7
15.8	14.2	138.8	13.5	5.4	463.7
0.6	14.6	358.1	13.5	7.6	463.7
0.0	17.5	599.9	13.6	9.1	463.7
1.4	19.0	218.4	13.6	6.4	463.7
3.2	22.2	390.5	13.6	8.5	463.7
9.9	23.3	333.3	13.6	9.2	463.7
12.6	22.2	302.8	13.7	8.7	463.7
0.1	21.2	566.5	13.7	10.8	463.7
3.7	23.6	547.6	13.7	10.0	463.7
26.7	23.2	337.9	13.7	10.0	463.7
0.3	22.2	523.1	13.7	9.0	463.7
43.7	23.5	445.7	13.8	10.0	463.7
16.3	19.0	51.3	13.8	7.5	463.7
0.2	19.1	442.3	13.8	8.7	463.7
0.1	17.7	546.6	13.8	9.3	463.7
0.0	20.3	441.3	13.8	9.0	463.7
63.8	21.7	547.5	13.8	10.2	463.7
15.7	22.1	129.1	13.9	9.5	463.7
3.2	17.0	165.3	13.9	5.5	463.7
0.3	17.8	534.8	13.9	9.6	463.7
0.0	21.3	567.6	13.9	10.4	463.7
1.4	23.0	329.0	13.9	8.7	463.7
3.2	25.4	594.6	13.9	10.7	463.7
2.7	25.3	480.3	13.9	10.8	462.1
0.0	24.1	545.0	14.0	10.9	462.1
0.1	24.4	623.0	14.0	10.0	462.1
0.0	25.4	547.2	14.0	10.5	462.1
5.7	24.2	284.7	14.0	8.2	462.1
8.6	22.9	61.3	14.0	4.2	462.1
4.4	22.5	126.8	14.0	6.8	462.1
0.0	20.9	624.9	14.0	8.7	462.1
0.1	20.8	692.1	14.0	8.8	462.1
0.3	22.3	601.8	14.0	11.7	462.1
0.2	20.6	574.2	14.0	9.9	462.1
0.0	21.6	574.4	14.1	9.9	462.1
0.1	21.2	285.3	14.1	9.7	462.1
0.0	24.5	632.7	14.1	11.1	462.1
0.7	24.9	259.3	14.1	9.7	462.1
3.2	22.2	80.7	14.1	6.2	462.1
6.7	25.8	203.4	14.1	8.7	462.1
27.5	24.1	113.0	14.1	7.0	462.1
3.4	25.5	389.5	14.1	9.5	462.1
5.4	26.2	516.4	14.1	10.5	462.1
33.6	25.9	412.2	14.1	7.0	462.1
12.4	25.4	254.3	14.1	7.0	462.1
0.3	27.2	587.1	14.1	10.4	462.1
17.8	26.8	457.3	14.1	10.1	462.1
19.3	25.9	158.9	14.1	6.7	462.1
0.7	22.8	382.1	14.1	10.1	462.1
0.0	24.1	634.4	14.1	9.4	462.1
0.3	21.3	234.3	14.1	8.7	462.1
0.1	20.7	427.1	14.1	8.8	462.1
0.7	22.5	556.4	14.1	9.5	462.1
0.8	21.7	247.4	14.1	7.5	458.9
0.2	22.7	294.6	14.0	8.2	458.9
0.4	24.3	465.6	14.0	8.8	458.9
0.4	25.3	394.5	14.0	8.9	458.9
3.4	26.8	431.9	14.0	9.3	458.9
31.9	25.8	238.3	14.0	8.6	458.9
2.3	25.0	133.2	14.0	5.3	458.9
18.9	25.3	161.0	14.0	6.7	458.9
15.7	25.4	269.8	14.0	8.6	458.9
16.6	26.1	421.4	14.0	9.0	458.9
10.5	26.7	335.0	14.0	10.2	458.9
0.1	28.0	634.1	13.9	10.4	458.9
0.2	28.5	639.6	13.9	10.9	458.9
0.9	28.9	583.4	13.9	10.9	458.9
0.0	29.5	620.4	13.9	11.4	458.9
0.0	29.2	503.1	13.9	11.4	458.9
0.0	29.6	647.2	13.9	11.0	458.9
0.1	29.0	608.7	13.9	11.3	458.9
0.5	29.3	583.1	13.8	10.8	458.9
10.8	28.2	346.6	13.8	10.3	458.9
0.6	26.3	302.9	13.8	8.3	458.9
0.6	25.9	198.3	13.8	7.6	458.9
7.0	25.9	376.2	13.8	9.8	458.9
24.4	25.9	387.1	13.8	9.2	458.9
10.8	25.5	273.2	13.7	8.2	458.9
23.3	25.8	308.7	13.7	8.2	458.9
1.0	23.7	254.1	13.7	8.4	458.9
0.2	24.2	566.6	13.7	10.2	458.9
0.0	25.2	622.5	13.7	10.6	458.9
0.0	27.2	602.6	13.6	10.8	458.9
2.1	26.8	182.9	13.6	8.9	458.9
8.3	24.3	76.5	13.6	4.3	457.1
10.5	24.6	348.4	13.6	8.5	457.1
0.1	26.1	502.5	13.5	10.0	457.1
8.4	26.7	455.6	13.5	10.2	457.1
12.5	26.9	558.5	13.5	9.7	457.1
3.7	27.4	619.3	13.5	10.6	457.1
0.1	28.5	622.7	13.5	10.4	457.1
3.7	28.3	565.3	13.4	11.0	457.1
7.4	27.4	466.9	13.4	10.3	457.1
15.5	26.7	385.8	13.4	9.3	457.1
13.8	26.4	561.8	13.4	9.5	457.1
7.7	26.3	592.5	13.3	10.0	457.1
0.1	25.7	581.1	13.3	10.0	457.1
9.8	25.0	505.3	13.3	8.4	457.1
0.4	26.7	464.6	13.3	9.8	457.1
0.2	27.2	540.8	13.2	10.1	457.1
0.0	26.8	594.9	13.2	10.6	457.1
0.0	27.3	610.6	13.2	10.4	457.1
0.1	28.7	587.2	13.1	11.2	457.1
3.4	28.1	504.8	13.1	11.0	457.1
0.3	29.1	497.6	13.1	10.3	457.1
0.1	29.6	575.8	13.1	10.8	457.1
0.2	28.9	494.2	13.0	10.3	457.1
4.1	28.3	573.3	13.0	10.4	457.1
13.6	26.9	556.8	13.0	9.0	457.1
0.2	27.7	558.9	13.0	9.6	457.1
4.0	27.6	509.0	12.9	8.7	457.1
1.5	27.8	307.7	12.9	6.9	457.1
1.3	28.5	417.8	12.9	7.9	457.1
1.4	28.5	436.6	12.8	7.7	457.1
0.5	28.9	487.9	12.8	9.8	457.1
0.0	29.1	566.7	12.8	10.3	455.9
0.0	28.0	568.2	12.8	10.5	455.9
0.0	27.6	558.2	12.7	9.9	455.9
0.1	27.7	514.1	12.7	9.7	455.9
0.6	27.8	274.1	12.7	8.8	455.9
0.7	28.0	263.8	12.6	8.4	455.9
7.1	28.3	523.9	12.6	10.3	455.9
6.1	28.1	520.8	12.6	9.9	455.9
7.7	27.7	486.1	12.5	8.9	455.9
28.2	26.0	328.0	12.5	8.3	455.9
0.3	22.3	217.0	12.5	7.5	455.9
0.1	23.4	544.1	12.5	7.9	455.9
0.0	24.1	470.7	12.4	8.6	455.9
0.0	24.5	530.3	12.4	8.6	455.9
0.0	24.8	509.8	12.4	8.1	455.9
0.0	25.3	436.5	12.3	7.7	455.9
0.2	25.7	378.9	12.3	8.8	455.9
0.0	26.6	509.6	12.3	9.0	455.9
0.4	27.5	464.9	12.2	8.9	455.9
23.3	25.2	358.4	12.2	7.5	455.9
16.8	24.4	427.2	12.2	6.3	455.9
0.7	25.5	446.8	12.2	7.7	455.9
2.9	24.0	192.2	12.1	6.7	455.9
0.3	22.9	409.4	12.1	6.4	455.9
6.8	24.8	439.8	12.1	8.2	455.9
0.7	21.5	74.3	12.0	5.3	455.9
1.7	22.7	364.5	12.0	6.2	455.9
0.7	21.8	94.1	12.0	5.4	455.9
0.2	22.9	443.0	11.9	6.2	455.9
0.0	24.4	200.1	11.9	6.9	455.9
0.5	26.1	439.0	11.9	8.0	455.7
1.1	19.9	88.3	11.9	6.1	455.7
0.0	17.5	410.0	11.8	6.1	455.7
0.0	18.7	457.3	11.8	6.8	455.7
0.0	19.1	462.0	11.8	7.2	455.7
0.0	19.4	458.9	11.7	7.5	455.7
0.0	19.3	485.3	11.7	7.5	455.7
0.0	19.1	482.0	11.7	7.9	455.7
0.0	18.6	483.4	11.6	7.9	455.7
0.0	19.4	466.2	11.6	8.1	455.7
0.0	20.1	460.7	11.6	8.3	455.7
0.0	20.1	462.0	11.6	8.1	455.7
0.0	21.1	457.4	11.5	8.0	455.7
0.9	21.6	262.1	11.5	7.3	455.7
0.0	15.6	376.5	11.5	6.4	455.7
0.0	12.0	458.1	11.4	5.7	455.7
0.0	15.1	265.6	11.4	5.7	455.7
0.0	16.3	145.8	11.4	5.9	455.7
0.0	19.6	423.0	11.4	7.2	455.7
0.0	18.9	156.8	11.3	4.9	455.7
0.0	20.7	234.0	11.3	6.1	455.7
0.0	21.3	400.5	11.3	7.0	455.7
1.8	20.6	372.3	11.2	6.6	455.7
9.5	14.6	67.9	11.2	4.1	455.7
0.4	13.8	231.5	11.2	5.3	455.7
0.0	15.4	336.9	11.2	5.5	455.7
0.0	15.9	413.8	11.1	6.6	455.7
0.0	17.6	375.2	11.1	6.5	455.7
1.9	19.1	378.6	11.1	6.6	455.7
0.3	15.6	241.1	11.0	5.7	455.7
0.0	16.8	398.8	11.0	6.6	455.7
0.0	17.9	384.5	11.0	7.0	457.0
0.3	19.4	246.3	11.0	6.0	457.0
0.0	14.0	371.2	10.9	5.1	457.0
0.0	13.2	383.7	10.9	5.2	457.0
2.9	12.0	106.6	10.9	3.7	457.0
0.1	13.0	307.1	10.9	4.7	457.0
0.0	12.2	310.2	10.8	5.0	457.0
0.0	12.5	381.9	10.8	5.1	457.0
0.0	12.7	346.9	10.8	5.3	457.0
0.0	12.8	377.3	10.8	5.3	457.0
0.0	15.4	346.1	10.7	5.7	457.0
0.4	16.4	159.5	10.7	5.0	457.0
0.1	15.2	294.8	10.7	5.3	457.0
0.1	14.5	270.8	10.7	5.5	457.0
0.0	15.1	336.9	10.6	5.4	457.0
0.0	17.4	346.1	10.6	5.9	457.0
0.7	18.6	335.0	10.6	5.6	457.0
2.4	9.9	31.3	10.6	4.4	457.0
0.0	4.5	165.8	10.6	2.7	457.0
0.0	4.0	359.2	10.5	3.4	457.0
0.0	6.8	354.1	10.5	4.1	457.0
0.0	10.5	340.6	10.5	4.7	457.0
0.0	9.4	205.5	10.5	4.4	457.0
0.0	4.3	351.0	10.5	3.3	457.0
0.0	7.4	325.1	10.4	4.4	457.0
0.0	10.7	331.0	10.4	4.8	457.0
0.1	13.0	206.1	10.4	4.4	457.0
0.0	16.0	278.0	10.4	5.4	457.0
0.0	16.9	298.8	10.4	5.3	457.0
0.1	18.4	305.3	10.4	5.3	457.0
0.1	17.0	303.1	10.3	5.3	458.8
0.0	15.6	304.4	10.3	5.5	458.8
0.0	16.5	311.7	10.3	5.3	458.8
0.6	17.0	287.3	10.3	4.8	458.8
5.2	15.8	88.6	10.3	3.3	458.8
3.0	14.1	30.3	10.3	1.9	458.8
4.0	17.8	102.6	10.3	3.3	458.8
1.2	17.4	153.3	10.3	4.4	458.8
0.9	7.5	70.3	10.2	3.8	458.8
0.0	3.3	321.5	10.2	2.1	458.8
0.0	3.3	325.1	10.2	2.8	458.8
0.0	6.4	213.2	10.2	3.4	458.8
0.0	-0.5	317.2	10.2	2.2	458.8
0.0	-0.8	327.0	10.2	2.4	458.8
0.0	1.8	328.1	10.2	3.3	458.8
0.0	5.3	321.7	10.2	4.1	458.8
0.0	8.2	310.3	10.2	4.8	458.8
0.0	11.1	293.2	10.2	4.9	458.8
0.1	14.0	185.8	10.2	4.6	458.8
0.0	14.2	91.5	10.2	3.7	458.8
0.3	16.4	108.0	10.2	4.1	458.8
0.8	16.7	71.8	10.2	3.3	458.8
0.0	15.3	271.5	10.2	5.5	458.8
0.0	4.6	287.6	10.2	2.7	458.8
0.0	4.8	314.0	10.2	3.0	458.8
0.0	5.0	317.9	10.2	3.7	458.8
0.0	7.5	318.3	10.2	4.0	458.8
0.0	8.6	313.6	10.2	4.4	458.8
0.0	10.1	304.0	10.2	4.9	458.8
0.0	12.6	317.1	10.2	5.1	458.8
0.0	9.9	315.0	10.2	4.5	458.8
0.0	12.6	312.5	10.2	5.1	460.8
33.5	14.2	78.7	10.2	3.1	460.8
2.4	10.1	79.5	10.2	4.3	460.8
0.2	1.3	119.0	10.2	2.0	460.8
0.0	0.1	310.1	10.3	2.2	460.8
0.0	1.9	231.2	10.3	2.9	460.8
0.0	4.3	135.4	10.3	2.8	460.8
0.0	2.2	332.9	10.3	2.5	460.8
0.0	2.1	334.3	10.3	3.1	460.8
0.0	4.6	335.5	10.3	3.8	460.8
0.0	7.3	328.4	10.3	4.7	460.8
0.0	9.6	329.4	10.3	5.0	460.8
0.0	7.8	344.0	10.4	4.2	460.8
0.0	10.8	329.9	10.4	5.5	460.8
0.2	15.0	263.5	10.4	5.8	460.8
0.7	15.1	256.2	10.4	6.1	460.8
0.1	9.1	149.1	10.4	3.2	460.8
17.8	11.1	168.5	10.4	5.4	460.8
0.0	5.8	330.4	10.5	3.0	460.8
0.0	3.5	336.7	10.5	2.9	460.8
0.1	3.9	351.3	10.5	2.9	460.8
0.5	4.8	98.1	10.5	3.2	460.8
11.9	6.7	163.7	10.5	4.1	460.8
0.5	1.0	157.4	10.6	2.2	460.8
0.1	2.1	278.3	10.6	2.8	460.8
0.0	4.5	299.5	10.6	2.9	460.8
0.0	4.1	98.7	10.6	2.6	460.8
0.0	4.2	357.8	10.6	3.0	460.8
0.2	5.1	165.6	10.7	3.4	460.8
0.0	5.6	367.2	10.7	4.1	460.8
0.0	9.8	340.8	10.7	4.7	460.8
0.0	5.2	335.4	10.7	3.9	461.7
0.0	6.6	373.5	10.8	3.8	461.7
1.6	6.9	64.5	10.8	2.0	461.7
0.8	11.8	201.4	10.8	5.1	461.7
3.8	14.2	111.9	10.8	4.2	461.7
5.8	13.8	40.4	10.9	4.2	461.7
4.9	10.4	26.4	10.9	3.4	461.7
2.5	15.1	134.0	10.9	4.6	461.7
16.6	8.2	22.6	10.9	4.5	461.7
0.6	1.1	90.4	11.0	1.7	461.7
0.1	2.9	325.5	11.0	3.3	461.7
0.0	5.3	288.2	11.0	3.6	461.7
0.8	6.3	356.1	11.1	3.4	461.7
4.9	9.3	224.3	11.1	3.6	461.7
19.5	13.5	57.8	11.1	3.6	461.7
6.9	15.5	253.8	11.1	5.1	461.7
1.3	17.5	282.4	11.2	5.8	461.7
29.8	11.3	44.2	11.2	6.9	461.7
6.5	1.8	131.7	11.2	2.5	461.7
14.0	0.3	61.3	11.3	1.5	461.7
8.0	0.5	64.6	11.3	1.1	461.7
7.7	1.8	83.5	11.3	1.7	461.7
0.5	3.0	183.3	11.3	3.6	461.7
0.9	6.6	270.8	11.4	3.9	461.7
29.9	6.2	64.2	11.4	1.9	461.7
2.7	5.6	47.3	11.4	2.6	461.7
1.6	5.1	189.2	11.5	2.4	461.7
6.8	5.7	94.1	11.5	2.0	461.7
9.7	7.0	109.5	11.5	2.7	461.7
8.5	7.8	64.2	11.5	2.2	462.2
0.3	8.2	128.2	11.6	3.8	462.2
13.6	7.1	133.0	11.6	2.4	462.2
15.8	9.5	30.6	11.6	2.8	462.2
3.6	7.4	62.6	11.7	3.5	462.2
0.2	7.3	385.1	11.7	4.3	462.2
0.0	10.2	485.2	11.7	5.3	462.2
3.9	10.8	241.0	11.8	4.4	462.2
49.9	12.9	105.5	11.8	4.3	462.2
41.2	10.5	21.0	11.8	4.7	462.2
20.3	8.7	37.3	11.8	2.5	462.2
1.4	5.1	105.3	11.9	3.5	462.2
0.3	7.6	260.5	11.9	4.1	462.2
0.1	9.6	506.8	11.9	5.5	462.2
16.8	10.7	102.0	12.0	4.2	462.2
0.6	14.1	297.5	12.0	5.5	462.2
1.2	18.4	353.3	12.0	8.2	462.2
0.7	19.7	454.0	12.1	8.2	462.2
0.0	22.0	506.3	12.1	8.1	462.2
0.0	24.6	490.8	12.1	8.9	462.2
0.9	18.7	416.7	12.2	12.9	462.2
0.0	10.3	523.3	12.2	5.1	462.2
5.2	12.6	499.9	12.2	6.9	462.2
25.4	9.8	47.2	12.2	3.6	462.2
21.7	13.2	53.2	12.3	3.9	462.2
17.7	12.7	43.7	12.3	5.3	462.2
45.4	11.3	55.1	12.3	2.3	462.2
10.9	11.5	54.5	12.4	3.0	462.2
20.3	14.6	47.4	12.4	5.4	462.2
33.6	18.4	72.1	12.4	5.1	462.2
2.3	13.1	149.5	12.5	7.6	462.2
2.1	10.8	206.7	12.5	4.1	462.3
2.1	11.5	287.0	12.5	5.4	462.3
1.5	10.5	261.6	12.6	6.5	462.3
0.0	12.4	515.4	12.6	6.5	462.3
17.5	11.8	238.6	12.6	4.9	462.3
27.5	12.0	39.5	12.6	2.8	462.3
5.5	11.7	25.8	12.7	2.4	462.3
1.2	12.9	138.4	12.7	4.4	462.3
0.6	13.9	245.8	12.7	7.2	462.3
4.0	17.5	388.3	12.8	8.6	462.3
1.7	17.6	128.5	12.8	5.7	462.3
1.3	19.1	197.9	12.8	7.0	462.3
0.8	21.2	391.0	12.8	8.6	462.3
0.1	22.2	514.3	12.9	10.1	462.3
9.2	21.3	412.5	12.9	9.5	462.3
5.1	17.1	174.6	12.9	8.1	462.3
0.1	14.9	263.6	13.0	5.1	462.3
5.4	16.2	125.7	13.0	5.1	462.3
16.4	12.4	67.3	13.0	7.3	462.3
6.1	9.1	155.4	13.0	3.8	462.3
1.6	11.1	255.2	13.1	5.6	462.3
9.3	11.9	89.1	13.1	3.7	462.3
24.3	14.4	73.1	13.1	4.8	462.3
0.9	14.2	167.4	13.2	5.4	462.3
0.1	15.0	291.9	13.2	6.9	462.3
0.1	17.5	613.7	13.2	9.4	462.3
3.1	17.9	441.5	13.2	8.8	462.3
26.8	14.3	45.4	13.3	4.2	462.3
13.2	17.2	163.1	13.3	6.0	462.3
33.6	19.2	65.3	13.3	5.4	462.3
3.0	18.7	177.2	13.3	6.3	462.5
26.0	19.5	110.0	13.4	6.4	462.5
0.0	19.4	503.6	13.4	9.6	462.5
0.0	19.2	549.5	13.4	9.4	462.5
2.3	19.3	403.1	13.4	7.7	462.5
7.4	18.8	120.2	13.5	6.4	462.5
49.0	21.9	402.1	13.5	11.1	462.5
0.2	18.1	558.0	13.5	8.8	462.5
0.0	20.6	618.8	13.5	10.1	462.5
0.6	20.2	372.6	13.6	9.1	462.5
0.0	19.6	660.9	13.6	9.5	462.5
39.0	21.0	249.2	13.6	7.7	462.5
0.5	18.6	225.4	13.6	7.5	462.5
0.4	21.5	622.1	13.6	9.8	462.5
5.2	22.2	235.3	13.7	8.9	462.5
26.7	21.2	186.0	13.7	8.9	462.5
0.0	19.8	586.6	13.7	9.4	462.5
0.0	21.9	656.2	13.7	10.7	462.5
7.5	23.5	604.0	13.8	11.9	462.5
0.6	19.4	128.5	13.8	5.5	462.5
1.7	17.2	423.4	13.8	9.5	462.5
0.0	18.0	692.4	13.8	9.1	462.5
0.0	20.7	681.7	13.8	10.9	462.5
0.1	22.9	652.9	13.8	11.7	462.5
15.4	24.4	591.3	13.9	11.6	462.5
2.4	21.3	58.1	13.9	5.3	462.5
0.3	23.3	406.0	13.9	9.5	462.5
0.3	24.7	515.3	13.9	9.9	462.5
11.7	24.0	337.3	13.9	9.2	462.5
0.3	23.0	516.1	13.9	11.7	462.5
0.1	23.8	656.3	13.9	12.1	462.5
0.0	23.8	664.3	14.0	12.3	460.9
10.8	25.0	515.3	14.0	10.3	460.9
1.1	20.2	92.9	14.0	8.7	460.9
0.2	22.4	583.6	14.0	10.8	460.9
0.4	22.1	266.7	14.0	9.9	460.9
0.3	22.2	370.4	14.0	9.0	460.9
0.0	20.8	440.6	14.0	9.9	460.9
0.0	22.3	683.3	14.0	10.9	460.9
0.0	22.9	645.5	14.0	10.3	460.9
0.0	25.2	609.2	14.0	10.2	460.9
4.9	26.0	305.3	14.1	9.8	460.9
30.5	24.2	65.3	14.1	7.1	460.9
1.9	20.7	102.5	14.1	5.5	460.9
0.2	22.7	483.9	14.1	10.1	460.9
0.5	23.7	592.6	14.1	10.8	460.9
5.2	23.6	648.1	14.1	11.6	460.9
6.6	23.5	615.4	14.1	10.0	460.9
1.3	24.5	600.4	14.1	10.4	460.9
6.8	23.7	653.0	14.1	10.7	460.9
0.0	24.2	630.0	14.1	10.1	460.9
6.5	25.1	520.2	14.1	10.8	460.9
25.5	25.8	477.5	14.1	10.1	460.9
25.0	24.6	164.5	14.1	6.7	460.9
3.3	24.6	215.1	14.1	8.8	460.9
9.0	24.4	131.8	14.1	7.3	460.9
9.6	24.4	121.7	14.1	7.2	460.9
12.6	26.1	527.6	14.1	10.4	460.9
7.9	26.2	422.4	14.1	10.6	460.9
10.5	26.8	604.9	14.1	10.7	460.9
4.8	27.4	637.9	14.1	11.3	460.9
14.9	26.9	553.7	14.0	9.9	457.8
19.7	26.7	450.0	14.0	9.1	457.8
22.2	27.1	484.1	14.0	8.7	457.8
0.0	27.6	497.4	14.0	10.1	457.8
0.0	27.3	390.8	14.0	8.9	457.8
0.0	27.6	337.9	14.0	8.9	457.8
0.5	27.9	343.0	14.0	9.3	457.8
20.5	27.2	465.6	14.0	9.3	457.8
14.8	27.0	402.0	14.0	8.8	457.8
9.4	28.1	547.3	14.0	10.3	457.8
3.1	27.6	591.8	14.0	11.1	457.8
4.0	27.5	611.8	13.9	10.0	457.8
11.9	26.9	555.3	13.9	9.9	457.8
12.9	26.8	584.2	13.9	10.4	457.8
10.9	26.8	464.6	13.9	8.9	457.8
15.0	26.6	325.0	13.9	8.6	457.8
13.2	26.8	369.7	13.9	9.8	457.8
10.1	27.8	456.4	13.8	9.2	457.8
8.4	28.2	507.5	13.8	10.5	457.8
21.1	27.6	391.0	13.8	9.9	457.8
24.0	27.0	373.7	13.8	10.1	457.8
9.1	26.7	301.5	13.8	8.5	457.8
13.8	26.8	506.6	13.8	9.3	457.8
12.4	27.2	568.8	13.7	9.6	457.8
7.2	27.3	586.4	13.7	10.6	457.8
0.8	27.6	597.7	13.7	10.1	457.8
2.8	28.0	622.1	13.7	10.2	457.8
6.1	27.5	626.9	13.7	10.8	457.8
23.1	27.1	550.0	13.6	9.2	457.8
11.8	27.6	590.7	13.6	9.8	457.8
1.0	28.1	524.2	13.6	11.0	457.8
4.6	27.6	637.0	13.6	11.2	455.9
6.5	27.1	623.9	13.6	9.9	455.9
2.2	27.9	614.5	13.5	10.5	455.9
0.1	28.6	617.2	13.5	10.6	455.9
0.0	28.8	632.0	13.5	10.9	455.9
0.0	28.0	636.4	13.5	11.3	455.9
4.1	27.7	601.1	13.4	11.7	455.9
8.9	27.0	537.4	13.4	10.4	455.9
20.4	25.9	474.1	13.4	9.4	455.9
17.7	26.2	526.8	13.4	9.3	455.9
8.6	26.7	586.0	13.3	9.7	455.9
8.9	26.9	600.6	13.3	10.1	455.9
14.4	26.6	515.5	13.3	8.9	455.9
17.0	26.0	475.2	13.3	8.6	455.9
16.3	25.1	506.5	13.2	8.5	455.9
4.2	25.5	573.4	13.2	9.8	455.9
11.8	25.8	542.2	13.2	9.4	455.9
12.1	26.3	467.3	13.2	9.2	455.9
16.0	26.6	532.8	13.1	9.5	455.9
10.6	26.7	545.2	13.1	8.9	455.9
14.9	26.6	480.1	13.1	8.8	455.9
13.9	26.4	436.5	13.0	8.5	455.9
16.1	25.4	375.5	13.0	7.3	455.9
13.3	24.3	172.2	13.0	5.8	455.9
5.8	24.0	139.6	13.0	5.7	455.9
1.5	25.0	352.5	12.9	7.5	455.9
0.8	24.5	484.5	12.9	8.0	455.9
0.4	24.8	540.5	12.9	8.6	455.9
0.0	24.0	492.4	12.8	9.2	455.9
0.0	24.6	559.4	12.8	10.8	455.9
0.0	24.0	586.5	12.8	11.0	455.9
0.0	24.4	588.4	12.8	11.2	454.7
0.0	24.8	577.3	12.7	11.3	454.7
0.0	24.7	419.0	12.7	9.1	454.7
0.7	26.3	338.8	12.7	8.2	454.7
1.4	24.9	79.5	12.6	5.1	454.7
0.2	25.9	463.3	12.6	8.5	454.7
0.0	24.8	445.0	12.6	9.5	454.7
0.0	25.1	549.6	12.6	9.0	454.7
0.0	25.2	535.4	12.5	8.7	454.7
0.1	24.5	273.5	12.5	9.0	454.7
0.0	22.9	554.6	12.5	9.5	454.7
0.0	23.0	539.4	12.4	10.1	454.7
0.0	22.9	559.0	12.4	9.8	454.7
0.0	22.8	552.5	12.4	9.8	454.7
0.1	23.3	534.3	12.3	9.1	454.7
0.5	22.6	365.4	12.3	8.5	454.7
0.0	23.7	513.8	12.3	8.1	454.7
0.1	23.8	439.0	12.3	8.9	454.7
0.0	24.3	341.7	12.2	8.0	454.7
0.0	24.0	303.0	12.2	8.1	454.7
0.9	24.1	513.1	12.2	9.7	454.7
0.0	24.5	512.5	12.1	9.9	454.7
0.0	24.7	514.8	12.1	9.9	454.7
0.0	24.2	514.8	12.1	9.9	454.7
0.0	25.0	506.6	12.0	8.9	454.7
0.5	23.6	423.8	12.0	8.4	454.7
0.0	21.0	510.1	12.0	8.9	454.7
0.0	20.7	504.5	12.0	8.7	454.7
0.0	21.9	498.2	11.9	8.1	454.7
0.0	22.5	333.1	11.9	7.9	454.7
0.0	20.5	427.8	11.9	9.4	454.6
0.0	21.3	502.0	11.8	9.3	454.6
0.0	21.2	496.8	11.8	9.3	454.6
0.0	21.3	493.6	11.8	9.2	454.6
0.0	21.5	482.3	11.7	8.7	454.6
0.0	21.5	480.2	11.7	7.8	454.6
0.0	20.1	434.7	11.7	8.7	454.6
0.0	20.6	477.6	11.7	8.7	454.6
0.0	21.2	463.9	11.6	8.4	454.6
0.0	20.7	466.2	11.6	8.5	454.6
0.0	20.5	391.3	11.6	7.4	454.6
0.0	21.2	356.5	11.5	6.8	454.6
0.0	20.4	200.3	11.5	5.7	454.6
0.0	21.6	219.2	11.5	6.3	454.6
0.4	21.7	88.6	11.4	4.8	454.6
0.0	21.1	173.6	11.4	7.0	454.6
0.0	21.4	433.2	11.4	8.1	454.6
0.0	19.9	446.8	11.4	8.1	454.6
0.0	20.3	436.0	11.3	7.9	454.6
0.0	20.8	434.0	11.3	7.8	454.6
0.1	19.7	422.4	11.3	8.4	454.6
0.0	11.3	445.2	11.2	5.4	454.6
0.0	12.2	445.9	11.2	5.7	454.6
0.4	17.4	405.8	11.2	7.1	454.6
0.0	17.1	375.7	11.2	6.0	454.6
0.0	15.5	417.9	11.1	5.6	454.6
0.0	15.9	387.1	11.1	5.5	454.6
0.0	17.2	387.8	11.1	6.2	454.6
0.0	17.6	399.2	11.0	6.4	454.6
0.0	19.5	361.3	11.0	6.4	454.6
0.7	19.2	109.8	11.0	3.9	454.6
0.1	18.9	77.3	11.0	3.9	455.9
0.3	18.5	127.6	10.9	4.5	455.9
0.0	18.9	371.5	10.9	6.4	455.9
0.2	15.5	362.8	10.9	4.5	455.9
0.0	16.2	230.0	10.9	4.8	455.9
0.0	16.1	380.9	10.8	5.0	455.9
0.0	13.9	378.1	10.8	5.3	455.9
0.0	13.0	378.4	10.8	5.3	455.9
0.0	15.0	368.5	10.8	5.8	455.9
0.0	15.5	368.0	10.7	6.0	455.9
0.0	15.1	369.8	10.7	6.1	455.9
0.0	15.9	367.6	10.7	6.1	455.9
0.0	11.9	379.1	10.7	4.6	455.9
0.0	12.7	372.5	10.6	5.6	455.9
0.0	11.8	360.4	10.6	5.3	455.9
0.0	12.7	356.4	10.6	5.6	455.9
0.0	13.9	350.9	10.6	5.2	455.9
0.0	14.8	343.1	10.6	5.4	455.9
0.0	16.8	315.1	10.5	5.5	455.9
0.0	12.9	334.8	10.5	5.0	455.9
0.0	11.5	353.6	10.5	4.8	455.9
0.0	6.6	353.0	10.5	3.6	455.9
0.0	9.5	347.9	10.5	4.9	455.9
0.0	11.5	342.7	10.4	5.4	455.9
0.0	12.3	340.5	10.4	5.5	455.9
0.0	13.7	332.2	10.4	5.8	455.9
0.1	15.7	314.0	10.4	6.0	455.9
0.1	16.4	284.6	10.4	5.8	455.9
0.0	16.4	311.5	10.4	5.9	455.9
0.1	16.6	139.4	10.3	4.5	455.9
0.0	14.9	253.2	10.3	4.3	457.7
0.5	18.7	210.8	10.3	5.2	457.7
11.1	10.2	62.1	10.3	4.8	457.7
18.0	5.4	14.3	10.3	1.9	457.7
4.2	3.1	31.2	10.3	1.2	457.7
1.0	4.7	95.2	10.3	1.9	457.7
4.6	7.6	59.1	10.3	2.2	457.7
0.5	10.2	88.9	10.2	2.7	457.7
0.1	14.7	272.5	10.2	4.1	457.7
2.7	13.2	181.0	10.2	5.1	457.7
21.5	5.3	117.4	10.2	1.7	457.7
0.4	2.4	31.2	10.2	2.4	457.7
0.1	-2.5	300.2	10.2	1.6	457.7
0.0	-1.6	321.6	10.2	2.0	457.7
0.0	2.5	304.7	10.2	2.7	457.7
0.0	1.2	311.3	10.2	2.8	457.7
0.0	-1.1	323.1	10.2	2.2	457.7
0.0	3.5	305.4	10.2	3.2	457.7
0.0	5.1	134.7	10.2	3.2	457.7
0.0	5.7	308.2	10.2	3.6	457.7
0.0	6.9	183.2	10.2	2.9	457.7
0.0	6.7	234.1	10.2	3.5	457.7
0.0	7.4	296.7	10.2	3.8	457.7
2.4	12.8	301.0	10.2	4.8	457.7
41.9	15.8	81.1	10.2	3.1	457.7
15.4	15.6	31.1	10.2	2.6	457.7
1.4	14.1	88.8	10.2	2.6	457.7
0.1	14.5	105.6	10.2	2.5	457.7
1.6	16.2	245.3	10.2	4.3	457.7
5.1	14.2	139.5	10.2	4.7	457.7
6.6	6.9	38.8	10.2	1.5	457.7
5.6	7.6	44.7	10.2	1.8	459.6
1.3	7.1	100.8	10.2	1.7	459.6
8.4	7.9	45.8	10.2	2.3	459.6
1.1	6.7	97.6	10.3	1.8	459.6
4.5	14.3	177.1	10.3	4.3	459.6
3.0	5.6	48.2	10.3	4.7	459.6
2.5	4.5	92.9	10.3	1.9	459.6
6.0	4.3	16.3	10.3	1.6	459.6
6.1	4.3	26.1	10.3	1.9	459.6
26.2	8.2	51.1	10.3	2.1	459.6
4.7	6.4	33.1	10.3	1.8	459.6
6.7	7.1	27.6	10.4	1.6	459.6
13.2	6.2	22.5	10.4	2.9	459.6
0.8	-0.4	80.2	10.4	1.7	459.6
0.2	-0.4	216.9	10.4	1.6	459.6
16.6	-0.7	93.7	10.4	1.4	459.6
0.9	-1.5	165.7	10.4	1.2	459.6
0.4	-0.8	152.6	10.5	2.1	459.6
0.0	-1.6	333.6	10.5	2.1	459.6
0.0	0.9	348.2	10.5	2.9	459.6
1.8	2.9	159.5	10.5	2.5	459.6
0.1	2.9	268.5	10.5	3.0	459.6
0.0	5.2	343.7	10.6	3.7	459.6
10.1	8.5	113.4	10.6	2.9	459.6
3.9	5.0	102.8	10.6	2.8	459.6
0.0	3.0	186.4	10.6	2.0	459.6
9.1	5.2	150.2	10.6	2.8	459.6
2.9	4.0	32.7	10.7	1.3	459.6
1.9	5.1	81.9	10.7	2.4	459.6
1.1	3.9	164.3	10.7	2.9	459.6
0.0	2.8	325.1	10.7	2.8	459.6
0.2	5.7	343.7	10.8	4.2	460.5
1.4	10.2	335.4	10.8	4.9	460.5
0.3	9.5	219.1	10.8	3.3	460.5
1.7	8.8	235.4	10.8	4.2	460.5
0.2	4.6	94.4	10.9	1.9	460.5
22.3	9.5	182.7	10.9	4.9	460.5
3.8	1.4	36.1	10.9	2.3	460.5
0.0	0.9	213.2	10.9	2.3	460.5
5.6	4.5	92.0	11.0	2.5	460.5
8.1	3.6	23.5	11.0	2.7	460.5
2.2	1.7	136.3	11.0	2.5	460.5
5.2	2.6	153.8	11.0	2.7	460.5
0.2	3.3	196.8	11.1	2.3	460.5
0.0	1.6	339.7	11.1	3.2	460.5
0.0	1.9	209.3	11.1	2.4	460.5
0.2	2.4	372.4	11.2	3.6	460.5
0.1	4.1	379.3	11.2	4.1	460.5
0.0	5.3	451.0	11.2	3.9	460.5
0.0	3.8	450.8	11.2	4.0	460.5
0.0	4.2	451.9	11.3	4.1	460.5
0.0	0.3	471.2	11.3	3.7	460.5
0.1	4.4	461.2	11.3	4.7	460.5
1.1	9.4	233.5	11.4	5.4	460.5
0.0	13.9	428.3	11.4	6.6	460.5
24.8	11.3	61.0	11.4	4.8	460.5
4.1	13.7	50.2	11.4	3.9	460.5
10.0	12.2	48.3	11.5	3.1	460.5
10.6	8.5	51.3	11.5	5.1	460.5
0.0	2.8	305.3	11.5	3.4	461.0
0.0	3.8	477.2	11.6	4.2	461.0
16.6	8.8	234.1	11.6	5.0	461.0
11.9	10.6	44.9	11.6	3.1	461.0
0.1	9.2	269.9	11.7	5.4	461.0
0.0	4.9	493.3	11.7	3.7	461.0
24.0	6.2	376.0	11.7	4.2	461.0
1.3	4.1	104.3	11.8	2.8	461.0
0.1	5.8	276.2	11.8	4.3	461.0
0.6	4.9	224.2	11.8	4.8	461.0
0.1	6.5	488.7	11.8	4.9	461.0
2.7	12.0	479.9	11.9	6.9	461.0
0.1	1.1	85.5	11.9	4.2	461.0
0.0	2.1	517.5	11.9	4.2	461.0
0.0	6.8	473.4	12.0	5.2	461.0
0.0	8.6	208.3	12.0	5.6	461.0
0.0	11.8	533.8	12.0	7.1	461.0
2.0	19.0	277.5	12.1	8.1	461.0
12.6	17.6	158.6	12.1	6.0	461.0
1.2	12.9	308.6	12.1	5.2	461.0
33.5	9.9	67.6	12.1	4.6	461.0
4.3	18.5	269.6	12.2	7.9	461.0
10.6	12.3	75.5	12.2	8.4	461.0
3.2	12.4	86.4	12.2	7.0	461.0
37.1	17.9	186.5	12.3	9.4	461.0
12.4	8.1	47.8	12.3	2.3	461.0
50.5	9.9	56.5	12.3	4.2	461.0
0.4	8.0	258.8	12.4	5.1	461.0
19.4	12.1	138.2	12.4	6.2	461.0
0.1	20.8	366.2	12.4	8.6	461.0
9.0	16.5	268.4	12.5	10.3	461.0
13.0	8.0	202.3	12.5	5.0	461.1
3.1	10.1	86.2	12.5	6.1	461.1
0.0	19.4	455.2	12.5	9.4	461.1
19.1	15.5	90.5	12.6	8.8	461.1
15.7	9.6	48.2	12.6	3.0	461.1
31.0	18.1	206.7	12.6	8.2	461.1
0.4	12.9	150.9	12.7	6.8	461.1
0.4	19.2	321.6	12.7	9.1	461.1
9.5	22.2	401.4	12.7	8.7	461.1
8.6	17.6	381.8	12.8	11.8	461.1
22.6	10.3	55.3	12.8	2.2	461.1
14.0	14.5	79.2	12.8	7.7	461.1
0.0	22.1	349.0	12.8	9.6	461.1
0.0	23.7	445.1	12.9	9.4	461.1
1.3	21.5	435.0	12.9	11.9	461.1
18.7	11.1	87.3	12.9	4.9	461.1
25.2	7.5	77.3	13.0	2.8	461.1
4.0	10.5	512.8	13.0	5.9	461.1
1.3	11.4	338.5	13.0	6.3	461.1
0.0	15.4	589.5	13.0	8.0	461.1
15.5	19.6	184.2	13.1	8.8	461.1
4.4	21.9	228.9	13.1	8.6	461.1
25.1	21.4	100.4	13.1	10.2	461.1
14.5	7.9	44.0	13.2	6.0	461.1
0.7	9.0	170.8	13.2	4.5	461.1
6.1	9.1	75.8	13.2	4.1	461.1
26.1	13.6	78.0	13.2	5.3	461.1
11.5	10.5	50.1	13.3	4.3	461.1
0.7	10.5	170.2	13.3	4.8	461.1
3.9	11.4	46.1	13.3	4.5	461.1
11.6	13.5	83.9	13.3	4.2	461.3
1.0	11.7	71.7	13.4	3.9	461.3
0.0	15.0	654.0	13.4	9.5	461.3
0.0	16.8	487.9	13.4	9.2	461.3
1.0	16.8	489.7	13.4	8.9	461.3
0.0	18.3	631.0	13.5	10.0	461.3
0.0	20.6	625.1	13.5	8.9	461.3
0.3	21.5	470.7	13.5	9.2	461.3
32.3	22.2	491.4	13.5	8.5	461.3
21.2	21.8	152.0	13.6	6.7	461.3
2.0	20.5	388.4	13.6	9.2	461.3
0.0	18.7	641.3	13.6	9.3	461.3
0.0	20.7	660.5	13.6	11.0	461.3
0.0	21.7	660.8	13.6	11.3	461.3
0.0	23.7	635.6	13.7	11.2	461.3
3.3	21.9	131.7	13.7	7.3	461.3
0.9	21.0	335.8	13.7	7.9	461.3
0.0	18.0	540.4	13.7	9.4	461.3
0.0	17.8	687.6	13.7	9.9	461.3
0.0	20.8	618.8	13.8	9.6	461.3
0.0	22.1	569.9	13.8	9.6	461.3
1.6	23.4	389.3	13.8	9.6	461.3
7.0	21.4	44.6	13.8	3.7	461.3
11.3	22.0	81.4	13.8	5.1	461.3
9.1	21.1	170.1	13.9	9.9	461.3
0.7	18.9	478.6	13.9	7.0	461.3
0.5	18.9	591.0	13.9	8.9	461.3
0.1	19.8	482.7	13.9	9.0	461.3
0.0	17.8	338.3	13.9	9.0	461.3
0.0	20.2	690.1	13.9	10.4	461.3
0.0	22.4	525.6	13.9	9.6	461.3
0.0	21.7	409.3	14.0	9.8	459.8
0.0	24.5	650.0	14.0	11.8	459.8
0.7	26.1	678.4	14.0	12.3	459.8
0.0	26.4	680.0	14.0	12.5	459.8
0.0	25.5	691.6	14.0	11.3	459.8
0.0	25.8	664.0	14.0	11.3	459.8
3.9	26.0	622.8	14.0	10.9	459.8
21.4	22.2	31.7	14.0	5.8	459.8
0.6	21.5	192.9	14.0	6.6	459.8
0.6	24.6	438.5	14.0	10.3	459.8
6.0	25.9	510.4	14.1	11.0	459.8
12.4	21.8	86.5	14.1	7.4	459.8
0.9	21.6	177.8	14.1	6.5	459.8
0.0	21.1	328.7	14.1	8.1	459.8
0.0	21.3	530.3	14.1	10.0	459.8
0.1	21.7	513.7	14.1	10.2	459.8
3.2	23.4	607.9	14.1	9.6	459.8
15.3	23.2	88.4	14.1	5.6	459.8
0.6	24.0	215.9	14.1	9.5	459.8
11.4	25.8	517.2	14.1	10.9	459.8
0.9	21.0	145.7	14.1	6.8	459.8
0.0	23.2	645.5	14.1	10.3	459.8
4.1	21.8	215.5	14.1	7.5	459.8
8.8	19.1	30.7	14.1	3.7	459.8
0.0	21.0	371.0	14.1	8.1	459.8
0.5	22.7	516.0	14.1	9.3	459.8
0.0	22.5	234.2	14.1	7.9	459.8
1.1	21.4	126.6	14.1	5.1	459.8
17.5	21.9	111.1	14.1	4.1	459.8
15.8	22.1	29.2	14.1	4.4	459.8
1.6	21.7	135.8	14.0	5.5	456.6
0.1	22.7	424.4	14.0	9.0	456.6
0.0	22.0	487.1	14.0	9.2	456.6
0.0	20.6	377.1	14.0	9.3	456.6
0.5	21.9	587.0	14.0	9.5	456.6
0.1	21.9	407.9	14.0	8.1	456.6
0.5	22.7	344.5	14.0	7.6	456.6
15.8	21.5	113.9	14.0	6.0	456.6
8.7	20.0	27.8	14.0	3.2	456.6
1.3	23.5	129.7	14.0	8.0	456.6
1.6	25.2	245.1	14.0	8.6	456.6
11.4	25.6	297.1	13.9	8.6	456.6
19.2	25.8	390.0	13.9	9.2	456.6
17.6	26.1	501.2	13.9	9.4	456.6
0.3	27.4	634.7	13.9	10.5	456.6
1.3	27.5	578.9	13.9	10.6	456.6
4.2	27.2	571.6	13.9	10.5	456.6
10.4	26.6	514.6	13.9	10.6	456.6
9.5	26.5	630.2	13.8	10.3	456.6
3.2	26.7	619.0	13.8	10.1	456.6
0.4	27.8	623.9	13.8	10.4	456.6
0.2	28.0	619.4	13.8	10.8	456.6
0.1	28.3	567.8	13.8	10.8	456.6
0.3	29.1	613.6	13.7	11.2	456.6
0.0	29.9	641.5	13.7	12.0	456.6
0.1	30.1	611.7	13.7	12.1	456.6
0.0	30.2	645.1	13.7	12.0	456.6
0.0	30.3	635.3	13.7	11.8	456.6
7.2	28.5	565.8	13.6	12.9	456.6
5.9	27.8	534.6	13.6	11.1	456.6
6.9	27.2	479.9	13.6	9.9	456.6
7.1	27.2	622.6	13.6	10.6	454.7
3.8	27.7	622.0	13.6	10.8	454.7
7.2	26.9	544.5	13.5	10.3	454.7
10.4	27.2	581.3	13.5	10.8	454.7
2.6	27.9	620.7	13.5	11.6	454.7
0.1	28.9	629.5	13.5	12.0	454.7
0.0	29.6	624.1	13.4	11.8	454.7
0.0	30.0	619.9	13.4	12.3	454.7
0.0	30.3	582.3	13.4	12.0	454.7
0.0	30.5	551.6	13.4	11.8	454.7
0.4	31.3	618.9	13.3	12.8	454.7
11.6	28.5	530.3	13.3	12.1	454.7
10.9	27.2	460.9	13.3	9.1	454.7
13.2	26.0	336.4	13.3	8.1	454.7
13.9	25.5	347.9	13.2	7.7	454.7
2.9	25.0	162.6	13.2	6.3	454.7
0.7	25.6	272.2	13.2	8.0	454.7
2.6	25.8	534.2	13.2	9.3	454.7
1.9	26.5	551.8	13.1	9.6	454.7
6.1	26.6	569.1	13.1	10.5	454.7
14.1	26.5	573.4	13.1	10.0	454.7
8.5	26.8	565.2	13.0	10.3	454.7
12.0	26.7	555.9	13.0	10.0	454.7
11.3	26.7	524.8	13.0	9.4	454.7
13.9	26.7	447.6	13.0	8.2	454.7
12.6	24.8	437.0	12.9	10.9	454.7
0.1	20.6	478.3	12.9	9.1	454.7
0.1	22.4	593.5	12.9	10.0	454.7
0.0	24.0	585.5	12.9	10.2	454.7
0.0	25.2	579.2	12.8	11.4	454.7
0.0	23.9	584.4	12.8	10.2	454.7
0.0	25.4	571.6	12.8	9.8	453.6
0.0	25.4	411.6	12.7	10.1	453.6
0.1	26.3	570.1	12.7	10.3	453.6
0.1	25.5	569.4	12.7	10.7	453.6
0.0	25.8	574.0	12.6	11.0	453.6
0.0	26.0	570.8	12.6	10.5	453.6
0.0	26.8	543.3	12.6	10.5	453.6
0.0	26.8	556.2	12.6	10.7	453.6
0.0	26.9	547.4	12.5	10.5	453.6
0.2	27.7	516.6	12.5	10.1	453.6
3.7	23.5	104.5	12.5	6.3	453.6
0.0	22.2	404.0	12.4	7.3	453.6
0.4	23.1	276.1	12.4	7.4	453.6
0.0	23.6	486.6	12.4	8.7	453.6
0.0	23.0	535.1	12.4	8.3	453.6
0.0	21.7	477.2	12.3	8.6	453.6
0.0	22.0	519.5	12.3	8.5	453.6
0.0	20.6	207.3	12.3	8.1	453.6
0.0	21.1	365.9	12.2	9.6	453.6
0.0	22.5	526.5	12.2	10.2	453.6
0.0	22.4	358.5	12.2	8.5	453.6
0.0	20.7	123.6	12.1	6.3	453.6
0.0	24.6	483.3	12.1	9.2	453.6
0.1	22.6	130.4	12.1	7.3	453.6
0.0	23.1	502.6	12.1	9.4	453.6
0.0	23.5	416.5	12.0	9.1	453.6
0.0	20.3	465.1	12.0	8.0	453.6
0.0	21.4	512.6	12.0	8.7	453.6
0.0	22.9	500.0	11.9	9.0	453.6
0.0	19.4	517.2	11.9	8.8	453.6
0.0	17.7	517.5	11.9	8.5	453.3
0.0	18.7	509.6	11.8	8.9	453.3
0.0	19.2	504.3	11.8	8.6	453.3
0.0	20.3	497.4	11.8	9.0	453.3
0.0	20.6	493.4	11.8	8.4	453.3
0.0	19.8	480.7	11.7	8.2	453.3
0.0	18.9	481.8	11.7	7.0	453.3
0.0	19.7	474.6	11.7	8.1	453.3
0.0	19.7	465.2	11.6	8.1	453.3
0.0	19.9	468.2	11.6	7.0	453.3
0.0	18.7	457.5	11.6	7.4	453.3
0.3	17.3	454.9	11.5	5.6	453.3
0.1	17.4	229.8	11.5	7.0	453.3
0.0	18.9	453.7	11.5	7.1	453.3
0.0	19.5	441.6	11.5	7.6	453.3
0.0	18.0	452.2	11.4	7.8	453.3
0.0	16.2	411.3	11.4	7.4	453.3
0.0	17.0	451.7	11.4	7.6	453.3
0.0	17.8	441.2	11.3	7.9	453.3
0.0	17.3	440.5	11.3	7.8	453.3
0.0	13.0	453.1	11.3	5.4	453.3
0.0	13.2	446.3	11.3	6.1	453.3
0.0	17.1	436.2	11.2	7.2	453.3
0.0	17.8	422.1	11.2	7.6	453.3
0.0	18.8	412.3	11.2	7.8	453.3
0.0	19.3	403.1	11.1	7.5	453.3
0.0	12.4	427.6	11.1	5.8	453.3
0.0	13.3	417.4	11.1	6.0	453.3
0.0	16.1	407.3	11.1	6.6	453.3
0.0	18.4	396.9	11.0	6.8	453.3
0.0	19.0	391.9	11.0	6.9	453.3
0.0	19.5	383.5	11.0	6.8	454.6
0.0	20.1	367.6	10.9	7.0	454.6
0.0	20.5	340.5	10.9	6.7	454.6
4.7	17.0	239.0	10.9	7.7	454.6
0.9	8.1	48.0	10.9	3.1	454.6
0.0	9.3	388.3	10.8	4.9	454.6
0.0	12.0	210.4	10.8	4.9	454.6
0.1	16.2	352.9	10.8	6.4	454.6
0.4	16.3	208.3	10.8	5.2	454.6
0.0	17.1	307.0	10.7	5.3	454.6
0.0	16.4	325.7	10.7	5.6	454.6
1.6	15.1	72.4	10.7	3.5	454.6
0.7	15.5	99.2	10.7	3.5	454.6
18.2	16.5	91.8	10.7	3.8	454.6
2.9	14.6	69.1	10.6	3.2	454.6
0.8	12.7	167.4	10.6	3.5	454.6
4.0	12.5	225.6	10.6	3.8	454.6
0.1	12.5	329.5	10.6	4.2	454.6
5.2	11.7	53.9	10.5	2.7	454.6
1.2	11.7	171.6	10.5	4.3	454.6
0.2	12.1	221.3	10.5	4.0	454.6
20.2	13.8	110.3	10.5	4.4	454.6
10.2	5.9	23.5	10.5	3.0	454.6
0.0	0.9	341.4	10.4	2.5	454.6
0.0	2.6	348.3	10.4	3.0	454.6
6.0	4.3	107.8	10.4	2.5	454.6
2.7	8.0	169.8	10.4	3.5	454.6
0.5	9.9	147.8	10.4	3.4	454.6
0.1	4.4	223.1	10.4	3.0	454.6
6.7	2.7	169.7	10.3	1.9	454.6
36.8	2.0	21.9	10.3	1.1	456.5
0.8	3.8	124.6	10.3	1.9	456.5
6.8	6.9	78.6	10.3	2.6	456.5
11.4	4.3	24.4	10.3	2.9	456.5
0.4	3.7	107.4	10.3	2.9	456.5
0.1	4.2	280.1	10.3	3.6	456.5
0.0	3.8	294.4	10.3	2.6	456.5
3.4	3.9	61.1	10.3	1.8	456.5
0.5	3.8	143.9	10.2	2.8	456.5
0.4	4.3	193.9	10.2	3.2	456.5
0.1	6.3	92.7	10.2	2.6	456.5
1.1	1.5	61.3	10.2	2.4	456.5
0.0	-2.2	235.2	10.2	1.8	456.5
0.0	-1.5	259.3	10.2	1.9	456.5
0.0	-0.6	75.6	10.2	1.4	456.5
0.0	-0.0	318.6	10.2	2.3	456.5
0.0	1.7	315.6	10.2	3.0	456.5
0.0	2.9	129.8	10.2	3.0	456.5
0.1	5.3	258.5	10.2	3.9	456.5
0.0	7.2	269.8	10.2	4.3	456.5
0.1	6.1	151.6	10.2	3.9	456.5
0.0	2.5	316.2	10.2	2.5	456.5
0.0	6.3	304.5	10.2	3.5	456.5
6.6	5.6	38.9	10.2	1.8	456.5
0.3	7.4	217.2	10.2	3.2	456.5
0.0	4.8	170.8	10.2	3.6	456.5
0.3	-0.5	309.1	10.2	1.9	456.5
13.9	1.0	54.3	10.2	1.6	456.5
8.7	2.9	51.9	10.2	1.3	456.5
2.8	0.9	25.6	10.2	1.8	456.5
0.2	1.2	220.7	10.2	2.5	456.5
2.1	5.0	161.9	10.2	2.8	458.4
0.9	6.8	38.2	10.2	1.9	458.4
0.7	12.0	93.3	10.2	3.2	458.4
1.1	13.0	151.0	10.3	4.4	458.4
6.0	9.4	76.3	10.3	2.8	458.4
6.0	3.1	42.4	10.3	2.5	458.4
0.8	-4.4	67.9	10.3	1.3	458.4
6.9	-3.6	82.3	10.3	1.0	458.4
1.9	-3.7	57.5	10.3	1.5	458.4
0.0	-7.6	161.3	10.3	1.2	458.4
0.0	-6.9	340.7	10.3	1.6	458.4
0.0	-8.2	346.7	10.4	1.4	458.4
0.0	-5.5	337.7	10.4	1.6	458.4
0.0	-6.8	347.3	10.4	1.5	458.4
1.5	-4.4	268.4	10.4	1.6	458.4
0.1	-4.7	299.1	10.4	1.8	458.4
2.4	-0.9	309.2	10.4	2.1	458.4
3.6	-1.1	28.9	10.5	1.0	458.4
10.5	-1.5	48.7	10.5	1.1	458.4
12.2	-2.1	68.0	10.5	1.3	458.4
0.0	-2.5	353.1	10.5	1.7	458.4
0.3	0.4	301.3	10.5	2.3	458.4
0.0	-0.7	149.4	10.5	1.7	458.4
0.1	-1.2	290.6	10.6	2.7	458.4
0.0	1.7	359.1	10.6	2.9	458.4
4.8	3.6	135.1	10.6	2.3	458.4
1.0	4.3	113.2	10.6	2.0	458.4
0.3	2.8	206.5	10.7	3.1	458.4
0.1	4.0	317.2	10.7	3.8	458.4
0.0	5.9	189.3	10.7	3.6	458.4
0.0	4.0	381.9	10.7	3.6	458.4
0.0	5.4	331.5	10.8	4.0	459.3
0.0	6.9	291.5	10.8	4.4	459.3
0.0	6.0	396.8	10.8	3.7	459.3
0.0	3.7	400.4	10.8	3.8	459.3
0.0	9.6	325.5	10.9	5.5	459.3
0.0	11.9	393.9	10.9	6.3	459.3
2.0	11.0	193.1	10.9	3.6	459.3
4.5	6.8	37.9	10.9	4.1	459.3
0.1	3.5	191.1	11.0	2.8	459.3
0.0	4.8	390.1	11.0	3.6	459.3
5.3	5.7	121.3	11.0	2.9	459.3
9.7	3.6	33.7	11.0	1.5	459.3
10.8	4.6	74.8	11.1	1.6	459.3
25.1	5.2	60.9	11.1	2.0	459.3
41.0	7.1	31.5	11.1	2.5	459.3
5.9	4.9	30.9	11.2	2.7	459.3
15.8	4.5	26.7	11.2	2.5	459.3
7.8	6.1	31.5	11.2	3.5	459.3
5.5	0.9	22.9	11.2	1.8	459.3
23.0	-0.7	29.3	11.3	1.1	459.3
1.0	0.4	230.8	11.3	2.0	459.3
1.2	2.1	168.3	11.3	2.7	459.3
1.5	1.8	148.0	11.4	2.7	459.3
17.6	1.1	130.1	11.4	2.2	459.3
0.5	2.0	278.5	11.4	3.3	459.3
0.1	4.3	428.8	11.4	4.4	459.3
0.4	6.6	443.4	11.5	5.0	459.3
0.0	4.7	480.7	11.5	4.6	459.3
0.0	1.8	480.2	11.5	4.0	459.8
3.7	4.5	292.1	11.6	3.8	459.8
16.9	1.8	67.0	11.6	2.1	459.8
0.8	3.1	128.4	11.6	2.5	459.8
0.2	3.4	437.8	11.7	4.2	459.8
0.0	2.4	509.5	11.7	3.9	459.8
0.0	4.6	506.0	11.7	5.2	459.8
0.0	4.9	508.1	11.7	5.4	459.8
0.0	5.2	519.0	11.8	5.2	459.8
0.0	10.6	521.5	11.8	7.2	459.8
0.0	14.6	524.5	11.8	8.7	459.8
0.0	16.9	501.2	11.9	9.2	459.8
1.8	13.4	125.6	11.9	5.2	459.8
12.2	15.3	70.0	11.9	7.1	459.8
2.6	3.9	69.9	12.0	3.6	459.8
0.0	8.2	513.5	12.0	5.4	459.8
0.0	9.5	118.5	12.0	4.3	459.8
1.7	16.2	169.7	12.0	7.0	459.8
12.3	16.7	160.8	12.1	6.5	459.8
0.4	17.8	259.4	12.1	6.9	459.8
2.5	22.2	431.8	12.1	9.6	459.8
4.5	23.6	413.0	12.2	8.4	459.8
12.8	23.0	303.4	12.2	8.3	459.8
16.0	16.9	285.6	12.2	9.5	459.8
1.2	8.2	73.3	12.3	4.4	459.8
6.0	10.7	513.1	12.3	5.9	459.8
9.1	9.8	71.2	12.3	3.2	459.8
1.7	8.1	42.1	12.4	2.5	459.8
3.6	7.7	88.9	12.4	3.0	459.8
22.7	7.7	50.9	12.4	3.2	459.8
2.1	14.0	131.2	12.4	7.0	459.8
1.6	20.7	459.9	12.5	8.4	459.9
4.9	19.1	113.0	12.5	4.1	459.9
19.2	21.2	474.2	12.5	8.5	459.9
4.4	22.0	493.9	12.6	7.3	459.9
1.4	18.3	255.3	12.6	9.0	459.9
0.0	17.7	456.0	12.6	7.5	459.9
10.6	19.7	219.5	12.7	6.7	459.9
0.0	21.7	317.6	12.7	7.4	459.9
8.8	17.1	326.7	12.7	11.1	459.9
17.5	7.9	33.8	12.7	2.5	459.9
3.9	8.3	72.0	12.8	2.7	459.9
2.2	14.4	102.1	12.8	6.8	459.9
0.0	20.5	290.5	12.8	9.2	459.9
0.1	22.0	504.2	12.9	7.3	459.9
28.3	21.9	363.0	12.9	8.8	459.9
10.8	20.2	144.1	12.9	4.9	459.9
6.3	19.2	161.0	12.9	9.7	459.9
0.6	12.0	267.2	13.0	6.2	459.9
15.9	13.4	414.3	13.0	6.3	459.9
31.1	15.4	85.5	13.0	8.3	459.9
13.4	22.0	247.5	13.1	8.0	459.9
19.7	21.6	193.9	13.1	7.2	459.9
1.1	21.6	222.7	13.1	5.1	459.9
11.2	20.9	216.7	13.1	8.6	459.9
17.4	16.0	112.9	13.2	5.1	459.9
19.9	14.4	62.4	13.2	3.6	459.9
0.5	14.2	209.1	13.2	6.6	459.9
38.3	17.8	416.0	13.3	8.0	459.9
44.1	17.2	82.5	13.3	7.0	459.9
2.2	13.7	154.8	13.3	5.0	459.9
0.7	14.7	269.4	13.3	7.6	460.1
2.2	16.0	445.2	13.4	10.0	460.1
0.0	12.8	433.6	13.4	6.4	460.1
0.0	11.2	276.0	13.4	7.8	460.1
0.0	14.1	677.8	13.4	9.4	460.1
0.0	15.7	654.3	13.5	8.3	460.1
7.9	15.6	94.6	13.5	4.5	460.1
2.4	15.3	368.7	13.5	7.2	460.1
0.5	13.7	157.8	13.5	5.9	460.1
2.8	16.6	462.0	13.5	7.7	460.1
0.9	17.6	187.0	13.6	6.6	460.1
20.4	20.2	165.1	13.6	7.9	460.1
3.3	19.5	120.5	13.6	6.1	460.1
0.0	21.0	385.2	13.6	7.6	460.1
3.9	22.6	219.6	13.7	7.1	460.1
11.7	22.8	62.6	13.7	6.6	460.1
0.3	20.4	358.4	13.7	7.5	460.1
0.8	19.8	403.7	13.7	8.5	460.1
3.2	17.0	148.3	13.7	6.6	460.1
0.2	19.4	660.7	13.8	10.2	460.1
0.0	21.9	534.1	13.8	10.2	460.1
6.1	21.2	189.4	13.8	7.2	460.1
1.7	22.6	230.4	13.8	7.5	460.1
0.3	22.1	610.3	13.8	10.4	460.1
0.0	22.6	639.6	13.8	10.8	460.1
16.5	23.2	371.3	13.9	10.3	460.1
17.9	22.2	95.8	13.9	9.6	460.1
0.9	16.8	238.3	13.9	7.2	460.1
0.0	20.7	685.5	13.9	10.9	460.1
0.1	22.2	649.1	13.9	11.0	460.1
0.0	22.6	436.3	13.9	9.8	460.1
0.1	23.3	381.1	14.0	10.2	458.5
1.7	22.2	244.8	14.0	7.3	458.5
3.7	21.9	168.6	14.0	6.2	458.5
1.3	21.3	392.4	14.0	8.9	458.5
0.1	21.3	573.7	14.0	10.0	458.5
0.2	23.4	510.8	14.0	10.6	458.5
15.9	21.8	586.2	14.0	9.3	458.5
1.0	20.3	329.5	14.0	8.0	458.5
0.0	21.7	523.7	14.0	9.6	458.5
49.3	21.6	196.3	14.0	8.2	458.5
18.5	17.9	41.0	14.0	5.1	458.5
1.5	18.1	108.0	14.1	4.7	458.5
1.7	19.7	289.2	14.1	7.9	458.5
0.4	21.0	539.8	14.1	9.6	458.5
0.0	23.2	597.7	14.1	9.8	458.5
0.1	24.3	371.3	14.1	7.9	458.5
0.5	25.8	390.0	14.1	9.7	458.5
33.2	25.8	340.9	14.1	8.5	458.5
4.4	24.9	497.3	14.1	10.5	458.5
0.5	25.1	542.9	14.1	9.6	458.5
4.7	26.1	477.9	14.1	9.5	458.5
22.8	24.4	98.1	14.1	7.8	458.5
44.6	23.9	64.8	14.1	5.4	458.5
9.4	23.4	39.5	14.1	4.6	458.5
26.6	21.9	39.4	14.1	6.4	458.5
1.1	21.5	256.2	14.1	6.8	458.5
2.4	23.4	611.6	14.1	10.1	458.5
0.4	25.0	617.6	14.1	11.0	458.5
5.5	25.1	613.5	14.1	10.9	458.5
4.3	25.1	516.1	14.1	9.8	458.5
22.8	24.6	277.7	14.1	7.7	455.4
12.6	24.7	242.1	14.0	6.9	455.4
18.2	25.9	374.2	14.0	9.1	455.4
14.9	26.9	529.6	14.0	10.8	455.4
13.7	27.4	576.7	14.0	10.3	455.4
15.5	27.4	478.6	14.0	9.5	455.4
14.0	27.6	439.9	14.0	10.2	455.4
3.7	27.8	431.7	14.0	10.0	455.4
11.9	27.7	543.0	14.0	10.5	455.4
5.8	27.5	421.1	14.0	10.8	455.4
0.1	28.4	609.0	14.0	10.7	455.4
0.1	28.4	508.3	13.9	9.7	455.4
7.0	28.3	563.9	13.9	9.8	455.4
0.6	28.5	565.9	13.9	10.7	455.4
0.0	28.8	631.0	13.9	11.4	455.4
0.3	29.2	544.9	13.9	10.3	455.4
4.1	28.5	628.6	13.9	11.6	455.4
0.0	28.4	656.0	13.9	10.5	455.4
0.0	29.0	653.1	13.8	11.7	455.4
1.1	29.7	645.5	13.8	11.5	455.4
7.9	28.6	603.4	13.8	12.7	455.4
18.2	26.8	420.4	13.8	9.9	455.4
17.5	25.9	437.2	13.8	9.9	455.4
9.6	25.8	474.3	13.7	10.7	455.4
0.2	27.0	646.4	13.7	9.9	455.4
0.6	27.5	584.6	13.7	9.9	455.4
4.7	27.0	608.4	13.7	10.0	455.4
0.6	26.9	615.2	13.7	10.6	455.4
0.1	26.6	641.3	13.6	10.9	455.4
11.1	25.7	408.8	13.6	8.9	455.4
7.7	25.8	217.8	13.6	7.3	455.4
0.3	26.9	466.0	13.6	9.9	453.5
8.3	26.4	557.4	13.6	9.5	453.5
1.7	26.7	468.7	13.5	8.6	453.5
0.8	27.3	478.3	13.5	9.0	453.5
0.1	27.1	479.8	13.5	9.4	453.5
0.0	26.3	440.2	13.5	10.3	453.5
0.0	26.7	646.3	13.4	10.2	453.5
0.1	28.1	620.3	13.4	11.0	453.5
0.0	28.4	603.0	13.4	11.2	453.5
0.1	29.1	566.4	13.4	10.7	453.5
0.1	29.6	505.9	13.3	11.2	453.5
15.6	28.5	495.4	13.3	12.0	453.5
17.2	27.3	492.1	13.3	9.1	453.5
27.7	26.7	382.8	13.3	8.4	453.5
25.3	25.7	217.8	13.2	7.0	453.5
24.7	25.5	353.6	13.2	8.4	453.5
3.6	25.6	522.7	13.2	9.5	453.5
0.8	26.0	497.4	13.2	9.0	453.5
12.9	25.3	501.4	13.1	9.6	453.5
16.6	24.9	437.4	13.1	7.9	453.5
0.0	24.7	410.5	13.1	8.3	453.5
0.7	25.0	470.8	13.1	9.0	453.5
0.4	26.2	518.8	13.0	8.9	453.5
7.3	26.1	371.5	13.0	8.9	453.5
24.5	25.3	378.1	13.0	9.4	453.5
17.3	25.4	341.3	12.9	8.1	453.5
16.1	26.1	357.0	12.9	8.0	453.5
15.7	26.3	447.8	12.9	8.6	453.5
17.4	25.9	333.2	12.9	8.6	453.5
0.5	26.7	526.3	12.8	9.2	453.5
8.6	26.5	530.6	12.8	9.1	453.5
11.7	26.6	500.0	12.8	9.4	452.3
12.5	26.4	319.7	12.7	8.8	452.3
7.5	26.9	471.6	12.7	9.4	452.3
7.8	27.1	476.8	12.7	8.7	452.3
15.6	26.4	406.8	12.7	8.2	452.3
27.0	24.9	260.3	12.6	6.4	452.3
1.6	24.5	243.5	12.6	6.4	452.3
3.9	24.0	315.0	12.6	8.0	452.3
0.4	22.4	264.3	12.5	6.4	452.3
0.6	22.3	58.7	12.5	5.1	452.3
1.4	22.7	33.2	12.5	3.4	452.3
0.4	22.3	169.3	12.4	6.7	452.3
2.0	23.3	360.3	12.4	5.9	452.3
0.3	23.1	89.3	12.4	4.1	452.3
5.3	25.2	359.0	12.4	7.2	452.3
17.4	24.9	388.5	12.3	7.9	452.3
0.4	20.2	98.0	12.3	6.6	452.3
0.1	19.8	521.2	12.3	8.0	452.3
0.1	19.6	514.0	12.2	7.9	452.3
0.1	20.2	518.6	12.2	8.7	452.3
0.0	20.8	518.6	12.2	8.8	452.3
0.0	20.3	392.7	12.1	7.2	452.3
0.0	19.1	455.2	12.1	8.8	452.3
0.0	19.4	532.6	12.1	9.3	452.3
0.0	20.5	526.2	12.1	8.9	452.3
0.0	20.4	521.6	12.0	9.0	452.3
0.0	22.1	515.3	12.0	9.1	452.3
0.4	24.2	470.6	12.0	9.1	452.3
0.1	24.4	453.9	11.9	9.2	452.3
0.0	24.2	479.5	11.9	9.0	452.3
0.0	23.1	483.2	11.9	8.9	452.1
0.0	21.1	377.3	11.8	7.1	452.1
0.0	21.2	294.6	11.8	6.6	452.1
0.0	22.1	481.9	11.8	8.9	452.1
0.0	21.4	481.3	11.8	8.0	452.1
0.0	21.6	463.0	11.7	8.5	452.1
0.0	20.4	408.2	11.7	8.3	452.1
0.0	20.0	420.8	11.7	7.8	452.1
0.0	19.9	393.5	11.6	8.6	452.1
0.0	16.4	469.3	11.6	7.1	452.1
0.0	16.4	478.5	11.6	7.6	452.1
0.0	17.6	471.1	11.5	7.4	452.1
0.0	18.0	365.6	11.5	6.7	452.1
0.0	19.2	354.8	11.5	6.7	452.1
0.0	19.8	343.6	11.5	6.2	452.1
0.0	18.3	400.1	11.4	5.9	452.1
0.0	17.3	363.8	11.4	5.3	452.1
0.0	17.6	394.2	11.4	6.7	452.1
0.0	13.8	441.9	11.3	6.1	452.1
0.0	12.5	449.9	11.3	6.3	452.1
0.0	13.3	446.9	11.3	6.7	452.1
0.0	15.0	428.6	11.3	7.2	452.1
0.0	14.9	393.2	11.2	6.7	452.1
0.0	15.7	429.1	11.2	6.9	452.1
0.0	16.8	419.3	11.2	6.7	452.1
0.0	17.7	375.8	11.1	6.5	452.1
0.5	18.3	322.2	11.1	6.0	452.1
0.2	13.5	299.7	11.1	6.0	452.1
0.0	10.6	422.3	11.1	5.3	452.1
0.0	11.1	420.9	11.0	5.6	452.1
0.0	13.5	412.4	11.0	6.1	452.1
0.0	15.5	353.5	11.0	6.2	453.4
0.0	16.9	393.9	11.0	6.4	453.4
0.0	17.7	389.4	10.9	6.5	453.4
1.3	20.0	328.3	10.9	6.4	453.4
1.1	15.9	113.5	10.9	5.8	453.4
0.0	11.0	385.0	10.9	4.7	453.4
0.0	10.1	386.3	10.8	4.6	453.4
0.0	12.6	375.2	10.8	5.4	453.4
0.0	15.1	356.8	10.8	5.5	453.4
0.3	14.2	132.7	10.8	4.1	453.4
0.0	11.1	191.5	10.7	4.5	453.4
0.0	8.5	355.4	10.7	4.2	453.4
0.0	9.7	363.5	10.7	4.9	453.4
0.0	12.2	367.5	10.7	5.5	453.4
0.0	9.4	347.1	10.6	4.6	453.4
0.0	8.8	364.7	10.6	4.6	453.4
0.0	10.3	359.1	10.6	4.8	453.4
0.0	13.1	277.0	10.6	4.8	453.4
1.0	14.7	304.4	10.6	4.5	453.4
0.0	12.3	103.7	10.5	4.0	453.4
0.0	7.5	355.1	10.5	4.0	453.4
0.0	8.5	285.4	10.5	4.0	453.4
0.0	11.7	246.9	10.5	4.0	453.4
15.3	8.6	104.1	10.5	2.9	453.4
2.7	6.4	54.0	10.4	1.5	453.4
0.4	6.8	249.4	10.4	3.6	453.4
0.2	7.5	286.2	10.4	3.9	453.4
0.0	9.3	273.3	10.4	4.4	453.4
0.0	7.5	332.8	10.4	3.6	453.4
0.0	10.7	258.4	10.4	4.5	453.4
0.0	11.7	318.5	10.3	4.6	455.2
0.0	13.7	318.2	10.3	4.5	455.2
0.1	15.3	314.3	10.3	5.2	455.2
0.0	16.1	312.5	10.3	5.3	455.2
0.0	9.6	235.5	10.3	3.8	455.2
0.0	5.5	325.9	10.3	3.5	455.2
0.0	5.9	322.0	10.3	3.0	455.2
0.0	5.4	170.4	10.3	3.0	455.2
0.0	8.4	313.9	10.2	4.1	455.2
0.2	12.0	238.6	10.2	4.4	455.2
19.9	11.4	121.7	10.2	3.2	455.2
7.3	7.5	59.3	10.2	2.6	455.2
0.0	6.6	310.3	10.2	3.1	455.2
0.0	6.8	140.0	10.2	2.2	455.2
0.4	9.9	279.5	10.2	3.5	455.2
17.6	8.9	37.0	10.2	2.8	455.2
0.1	4.1	318.0	10.2	2.8	455.2
0.3	3.6	173.2	10.2	2.5	455.2
0.1	3.0	190.6	10.2	2.5	455.2
0.8	3.7	121.1	10.2	2.0	455.2
0.1	-0.3	157.2	10.2	2.1	455.2
0.0	0.6	317.9	10.2	2.2	455.2
0.0	0.9	190.8	10.2	2.5	455.2
0.0	2.0	321.6	10.2	3.1	455.2
0.0	4.5	311.9	10.2	3.5	455.2
0.0	6.1	176.9	10.2	2.9	455.2
3.1	7.6	171.6	10.2	2.9	455.2
1.3	2.1	36.2	10.2	2.0	455.2
0.0	2.7	213.4	10.2	2.2	455.2
0.0	3.7	235.3	10.2	3.3	455.2
0.0	6.9	295.8	10.2	3.6	455.2
0.0	7.8	212.3	10.2	3.4	457.2
0.0	10.8	265.2	10.2	4.0	457.2
14.6	9.4	115.8	10.2	4.3	457.2
1.3	2.2	59.4	10.2	1.1	457.2
4.9	4.5	119.1	10.3	2.0	457.2
17.1	8.9	36.7	10.3	2.4	457.2
22.1	6.4	23.4	10.3	3.3	457.2
0.3	2.6	181.0	10.3	2.3	457.2
0.4	2.5	131.1	10.3	2.2	457.2
0.3	3.2	155.6	10.3	2.7	457.2
0.4	3.8	258.1	10.3	2.7	457.2
0.6	-0.4	88.3	10.3	2.0	457.2
0.0	-3.0	334.1	10.4	1.9	457.2
0.0	-1.5	293.7	10.4	2.0	457.2
0.1	0.8	307.0	10.4	2.1	457.2
0.4	3.6	140.2	10.4	2.6	457.2
1.7	6.6	134.0	10.4	2.9	457.2
0.2	11.5	304.3	10.4	4.1	457.2
6.4	15.2	218.5	10.5	4.4	457.2
11.8	5.4	36.1	10.5	4.6	457.2
5.5	3.9	152.9	10.5	2.8	457.2
1.2	-2.8	192.2	10.5	2.1	457.2
0.0	-5.3	356.2	10.5	1.6	457.2
0.0	-3.2	361.4	10.6	1.9	457.2
0.0	-2.5	373.2	10.6	1.9	457.2
0.0	0.6	373.3	10.6	3.2	457.2
0.0	4.9	357.4	10.6	3.9	457.2
0.0	5.7	369.0	10.7	4.4	457.2
0.0	7.8	376.4	10.7	5.1	457.2
0.0	9.3	375.9	10.7	5.4	457.2
0.0	11.3	377.8	10.7	5.9	457.2
0.0	15.2	305.7	10.7	6.2	458.1
0.5	17.8	320.7	10.8	6.3	458.1
3.6	7.7	36.9	10.8	5.4	458.1
0.0	2.1	239.2	10.8	2.1	458.1
0.0	1.1	405.4	10.8	3.0	458.1
0.0	5.2	404.4	10.9	4.1	458.1
0.0	5.3	409.2	10.9	4.4	458.1
0.0	9.8	408.1	10.9	5.6	458.1
0.0	11.9	408.8	11.0	6.4	458.1
0.0	14.5	327.6	11.0	7.6	458.1
0.0	11.3	413.7	11.0	5.1	458.1
16.5	16.8	368.2	11.0	7.5	458.1
12.1	9.4	29.4	11.1	4.6	458.1
31.9	2.6	32.4	11.1	2.1	458.1
0.2	4.4	160.4	11.1	2.7	458.1
10.4	12.1	294.4	11.1	5.2	458.1
4.5	6.6	44.6	11.2	3.9	458.1
8.2	3.7	117.7	11.2	1.9	458.1
2.9	4.2	65.9	11.2	2.0	458.1
1.3	9.1	222.0	11.3	4.3	458.1
0.1	14.1	271.0	11.3	5.8	458.1
4.4	17.1	375.1	11.3	6.0	458.1
11.9	6.1	29.6	11.3	6.0	458.1
0.0	1.8	165.8	11.4	2.6	458.1
9.1	6.0	357.4	11.4	3.6	458.1
0.6	6.5	73.8	11.4	3.3	458.1
0.4	8.7	271.6	11.5	4.2	458.1
0.1	9.4	312.0	11.5	5.2	458.1
2.8	5.5	170.3	11.5	5.3	458.5
10.5	4.8	95.1	11.6	3.1	458.5
0.7	7.0	165.8	11.6	3.0	458.5
31.2	13.1	199.8	11.6	5.7	458.5
8.5	13.6	65.1	11.6	5.6	458.5
0.6	17.0	303.7	11.7	7.5	458.5
0.0	12.7	389.0	11.7	6.2	458.5
0.0	10.9	504.0	11.7	5.9	458.5
12.2	16.1	473.7	11.8	7.8	458.5
0.0	11.4	477.1	11.8	5.8	458.5
0.0	9.6	483.8	11.8	5.6	458.5
0.1	12.7	431.1	11.9	7.0	458.5
0.0	15.4	495.1	11.9	7.7	458.5
0.0	13.5	501.7	11.9	7.5	458.5
0.0	13.5	396.1	11.9	6.6	458.5
0.0	15.8	519.2	12.0	8.1	458.5
20.8	18.1	364.3	12.0	8.4	458.5
3.3	8.6	243.9	12.0	6.3	458.5
4.9	7.7	418.3	12.1	4.6	458.5
3.1	7.8	103.8	12.1	2.9	458.5
17.1	11.6	129.9	12.1	4.7	458.5
1.2	14.8	372.4	12.2	6.2	458.5
70.8	11.5	39.9	12.2	6.1	458.5
9.1	7.1	32.4	12.2	1.6	458.5
26.6	11.2	268.7	12.3	5.4	458.5
8.4	9.7	77.8	12.3	4.5	458.5
0.0	7.9	470.0	12.3	5.0	458.5
0.0	7.8	375.5	12.3	5.6	458.5
0.0	8.5	515.2	12.4	6.6	458.5
0.0	10.9	579.1	12.4	7.3	458.5
0.0	13.0	575.9	12.4	8.3	458.5
0.0	15.0	563.8	12.5	8.7	458.7
0.0	16.3	455.6	12.5	9.1	458.7
0.1	20.9	546.5	12.5	10.1	458.7
4.3	22.0	297.3	12.6	9.2	458.7
28.2	20.8	467.1	12.6	9.0	458.7
28.4	11.8	48.4	12.6	7.4	458.7
0.8	8.6	107.7	12.6	4.7	458.7
0.0	14.6	559.5	12.7	8.8	458.7
5.1	14.0	201.8	12.7	7.2	458.7
1.2	12.3	176.8	12.7	6.0	458.7
0.2	13.6	570.3	12.8	7.3	458.7
0.0	12.1	344.3	12.8	6.7	458.7
1.6	15.7	408.0	12.8	7.7	458.7
0.0	17.1	613.3	12.9	9.5	458.7
0.0	20.3	364.6	12.9	8.6	458.7
27.4	18.0	145.0	12.9	9.8	458.7
0.2	12.3	325.3	12.9	5.9	458.7
0.0	12.7	408.3	13.0	6.6	458.7
0.0	13.6	625.3	13.0	9.4	458.7
0.0	9.7	649.7	13.0	6.7	458.7
0.0	11.6	355.1	13.1	6.6	458.7
8.3	13.4	158.2	13.1	5.7	458.7
0.4	17.1	492.2	13.1	9.1	458.7
8.3	18.4	240.1	13.1	7.2	458.7
0.0	18.2	549.1	13.2	8.5	458.7
0.0	16.6	480.8	13.2	8.9	458.7
0.0	20.1	619.3	13.2	9.6	458.7
0.6	20.1	569.1	13.2	10.4	458.7
0.7	18.2	596.5	13.3	10.8	458.7
0.0	16.8	638.3	13.3	8.3	458.7
0.2	20.3	300.5	13.3	9.1	458.9
0.2	19.8	376.7	13.3	8.6	458.9
11.3	22.1	311.2	13.4	9.0	458.9
0.2	18.0	610.1	13.4	10.0	458.9
0.0	16.6	643.5	13.4	9.1	458.9
0.0	17.7	437.3	13.4	9.4	458.9
0.0	20.1	648.8	13.5	10.2	458.9
0.2	22.3	531.9	13.5	11.0	458.9
1.8	23.0	584.7	13.5	11.1	458.9
5.2	15.6	204.5	13.5	7.5	458.9
2.5	13.0	79.4	13.6	3.6	458.9
15.4	13.1	62.9	13.6	3.1	458.9
1.0	13.2	182.8	13.6	5.5	458.9
0.2	18.8	641.3	13.6	10.2	458.9
0.2	20.2	369.3	13.7	9.6	458.9
27.4	22.0	400.0	13.7	8.6	458.9
2.3	20.6	312.9	13.7	8.2	458.9
1.5	22.6	604.3	13.7	10.2	458.9
3.9	22.6	616.0	13.7	10.9	458.9
0.0	19.2	656.2	13.8	11.2	458.9
0.0	21.4	694.2	13.8	11.3	458.9
0.1	25.1	609.5	13.8	11.3	458.9
10.6	25.4	415.5	13.8	9.3	458.9
11.8	24.3	356.1	13.8	11.5	458.9
0.2	18.5	276.9	13.8	8.6	458.9
0.6	19.8	448.8	13.9	7.0	458.9
0.8	22.1	145.5	13.9	7.3	458.9
18.9	24.7	226.4	13.9	8.4	458.9
14.1	24.3	193.8	13.9	9.0	458.9
1.9	23.7	155.9	13.9	6.1	458.9
12.5	23.5	188.3	13.9	8.0	458.9
15.1	17.3	46.1	13.9	8.3	457.3
0.0	18.9	530.1	14.0	8.5	457.3
0.0	19.5	222.3	14.0	7.3	457.3
0.9	20.9	324.7	14.0	8.1	457.3
0.2	21.1	232.7	14.0	8.1	457.3
3.1	22.4	652.0	14.0	10.9	457.3
0.0	24.1	628.0	14.0	10.5	457.3
0.0	22.8	268.1	14.0	10.3	457.3
0.0	24.4	624.8	14.0	11.2	457.3
0.0	24.4	640.9	14.0	12.6	457.3
0.0	24.0	672.8	14.0	10.7	457.3
0.0	25.0	527.2	14.1	9.6	457.3
28.1	21.5	97.5	14.1	9.0	457.3
2.7	20.1	221.9	14.1	6.1	457.3
2.3	20.9	440.5	14.1	10.4	457.3
0.5	22.4	608.9	14.1	9.3	457.3
0.0	24.2	574.4	14.1	9.7	457.3
9.5	23.1	193.5	14.1	8.2	457.3
23.5	19.6	41.4	14.1	4.5	457.3
2.1	21.0	78.9	14.1	4.7	457.3
1.3	23.6	221.0	14.1	7.5	457.3
5.9	25.2	449.4	14.1	10.3	457.3
0.8	24.1	564.8	14.1	10.1	457.3
0.0	23.5	365.2	14.1	7.2	457.3
3.5	25.1	208.4	14.1	9.0	457.3
1.4	23.4	267.3	14.1	8.9	457.3
0.2	25.7	605.2	14.1	10.1	457.3
14.2	25.6	485.7	14.1	9.5	457.3
10.2	25.1	157.3	14.1	7.4	457.3
39.1	25.0	170.3	14.1	6.8	457.3
5.0	24.0	97.4	14.1	7.2	454.2
2.3	24.9	333.7	14.0	8.3	454.2
3.7	25.2	407.7	14.0	8.7	454.2
20.1	25.1	430.8	14.0	8.1	454.2
27.3	24.2	293.8	14.0	6.7	454.2
3.4	23.9	116.6	14.0	4.8	454.2
17.9	24.9	302.7	14.0	7.8	454.2
12.4	24.9	197.4	14.0	7.4	454.2
1.6	25.5	448.5	14.0	10.0	454.2
22.0	25.8	355.3	14.0	8.7	454.2
14.8	25.8	498.2	14.0	10.4	454.2
11.6	25.2	554.5	13.9	8.9	454.2
1.0	25.2	417.2	13.9	7.6	454.2
19.4	25.9	449.6	13.9	9.6	454.2
20.2	25.5	296.7	13.9	7.7	454.2
11.7	25.9	238.2	13.9	8.4	454.2
19.5	26.5	400.3	13.9	9.3	454.2
25.9	25.6	235.5	13.9	8.2	454.2
8.4	25.1	191.6	13.8	7.1	454.2
5.7	25.7	449.0	13.8	8.6	454.2
9.2	25.6	409.7	13.8	8.2	454.2
1.7	25.5	412.3	13.8	8.8	454.2
0.9	26.0	521.2	13.8	8.7	454.2
6.3	26.1	458.4	13.8	9.8	454.2
15.9	26.2	401.5	13.7	8.6	454.2
21.2	25.7	421.4	13.7	9.0	454.2
1.4	26.1	580.2	13.7	10.0	454.2
0.5	26.9	599.3	13.7	10.8	454.2
13.7	26.3	449.6	13.7	9.3	454.2
16.7	26.1	272.1	13.6	8.1	454.2
4.6	26.7	292.3	13.6	8.6	454.2
7.3	27.2	578.3	13.6	10.0	452.2
16.4	26.9	508.6	13.6	9.8	452.2
13.7	26.2	444.9	13.5	9.5	452.2
3.8	26.3	546.8	13.5	9.3	452.2
17.0	25.2	533.9	13.5	9.0	452.2
7.5	25.3	513.9	13.5	9.2	452.2
4.6	25.8	533.3	13.5	9.7	452.2
6.9	25.6	377.1	13.4	8.9	452.2
5.5	25.5	280.7	13.4	9.1	452.2
18.0	26.2	485.9	13.4	9.6	452.2
16.3	26.6	416.6	13.4	8.9	452.2
15.5	26.5	431.7	13.3	8.8	452.2
15.4	26.7	430.5	13.3	9.1	452.2
19.5	26.2	386.9	13.3	9.3	452.2
0.3	26.5	539.5	13.3	9.9	452.2
0.1	27.0	601.1	13.2	9.8	452.2
15.1	26.5	525.0	13.2	9.7	452.2
15.5	26.0	477.7	13.2	8.9	452.2
10.7	25.9	449.9	13.1	8.4	452.2
9.8	25.6	380.2	13.1	8.5	452.2
15.4	25.9	469.6	13.1	8.9	452.2
8.6	26.0	506.2	13.1	9.1	452.2
0.0	26.4	566.7	13.0	9.6	452.2
0.6	27.1	553.8	13.0	9.0	452.2
11.0	27.1	533.8	13.0	9.7	452.2
33.4	25.6	345.0	13.0	7.9	452.2
22.6	24.2	91.7	12.9	6.2	452.2
2.5	24.6	282.7	12.9	7.6	452.2
9.5	24.8	412.0	12.9	7.7	452.2
15.0	25.4	491.6	12.8	9.0	452.2
11.3	25.5	450.0	12.8	9.1	452.2
14.4	25.3	515.3	12.8	9.6	451.1
13.3	25.5	480.6	12.8	8.8	451.1
1.2	23.9	463.0	12.7	8.8	451.1
0.8	21.1	313.7	12.7	6.9	451.1
0.0	22.9	523.0	12.7	9.2	451.1
0.0	24.6	547.6	12.6	9.8	451.1
0.0	25.4	536.4	12.6	10.4	451.1
0.0	25.9	419.6	12.6	9.2	451.1
0.0	24.5	460.3	12.5	9.4	451.1
0.6	26.3	463.3	12.5	8.4	451.1
1.7	26.0	243.9	12.5	6.8	451.1
1.2	25.9	137.6	12.5	5.8	451.1
8.9	25.2	247.6	12.4	7.0	451.1
0.6	24.3	95.8	12.4	5.6	451.1
0.0	25.0	522.2	12.4	8.5	451.1
0.3	26.1	517.6	12.3	9.1	451.1
0.0	25.5	499.7	12.3	8.1	451.1
16.7	26.0	407.0	12.3	9.1	451.1
8.1	25.2	402.9	12.2	7.7	451.1
1.3	23.5	313.2	12.2	7.6	451.1
0.0	19.6	280.1	12.2	6.6	451.1
0.0	20.0	521.2	12.2	7.8	451.1
0.0	20.7	515.3	12.1	7.9	451.1
0.0	22.7	503.1	12.1	8.1	451.1
0.7	23.4	254.7	12.1	6.4	451.1
0.0	24.4	395.7	12.0	8.3	451.1
0.0	25.3	488.9	12.0	8.9	451.1
0.0	25.7	477.2	12.0	8.3	451.1
0.0	24.5	403.7	11.9	8.2	451.1
0.0	24.9	472.8	11.9	8.0	451.1
0.4	26.3	404.2	11.9	8.1	450.9
1.1	24.8	287.0	11.9	9.2	450.9
0.3	17.7	278.1	11.8	7.3	450.9
0.0	16.4	504.7	11.8	6.8	450.9
0.0	18.5	493.8	11.8	7.9	450.9
0.0	18.8	490.2	11.7	7.7	450.9
0.0	19.4	485.8	11.7	7.9	450.9
0.0	19.7	466.5	11.7	7.7	450.9
0.0	14.8	319.7	11.6	5.9	450.9
0.0	14.3	486.6	11.6	7.0	450.9
0.0	17.0	480.6	11.6	7.8	450.9
0.0	19.0	327.0	11.6	6.9	450.9
0.0	17.2	381.8	11.5	6.8	450.9
0.0	16.8	392.3	11.5	6.8	450.9
0.0	17.1	459.9	11.5	7.2	450.9
0.0	17.5	458.7	11.4	7.4	450.9
0.0	18.3	453.6	11.4	7.3	450.9
0.0	18.9	447.9	11.4	7.2	450.9
0.0	19.2	438.6	11.4	7.5	450.9
0.0	20.0	435.9	11.3	7.4	450.9
0.4	20.1	116.2	11.3	5.0	450.9
1.0	19.7	289.0	11.3	5.4	450.9
0.0	17.0	200.2	11.2	6.0	450.9
0.0	12.1	425.6	11.2	5.0	450.9
0.0	12.2	426.6	11.2	5.4	450.9
0.0	13.6	416.3	11.2	5.8	450.9
0.0	14.4	416.3	11.1	6.4	450.9
0.0	14.7	421.0	11.1	6.8	450.9
0.0	16.1	419.5	11.1	6.9	450.9
3.4	19.7	359.9	11.0	7.0	450.9
7.2	16.1	53.8	11.0	4.7	450.9
0.0	14.5	329.7	11.0	4.2	452.2
8.6	13.0	99.2	11.0	3.3	452.2
0.7	15.1	55.0	10.9	3.5	452.2
1.3	14.6	87.8	10.9	4.9	452.2
0.2	12.9	285.2	10.9	3.3	452.2
0.3	12.2	125.6	10.9	3.6	452.2
0.0	11.9	308.8	10.8	4.7	452.2
0.0	13.8	377.2	10.8	5.2	452.2
0.0	16.0	361.7	10.8	5.8	452.2
0.0	18.9	355.7	10.8	6.2	452.2
0.3	19.6	149.6	10.7	4.8	452.2
1.7	18.8	323.7	10.7	7.5	452.2
0.0	6.5	373.6	10.7	3.4	452.2
0.0	6.4	378.5	10.7	4.1	452.2
0.0	10.0	367.1	10.6	5.2	452.2
0.0	12.6	354.7	10.6	5.6	452.2
0.0	13.7	353.4	10.6	5.6	452.2
0.0	13.0	344.9	10.6	5.3	452.2
0.0	13.0	327.6	10.6	4.7	452.2
0.3	16.6	235.6	10.5	5.3	452.2
0.1	9.7	73.8	10.5	4.7	452.2
0.0	5.3	360.4	10.5	3.4	452.2
0.0	8.2	343.8	10.5	4.5	452.2
0.0	10.8	331.8	10.5	4.6	452.2
1.0	14.0	217.2	10.4	4.4	452.2
0.0	13.0	216.7	10.4	4.8	452.2
0.0	13.1	315.2	10.4	5.0	452.2
0.0	14.4	321.1	10.4	5.4	452.2
0.1	17.0	312.7	10.4	5.9	452.2
3.1	17.4	69.5	10.4	3.7	452.2
2.0	11.0	91.2	10.3	3.0	454.0
3.0	11.2	106.0	10.3	3.0	454.0
0.2	6.1	108.7	10.3	2.9	454.0
3.3	4.3	274.4	10.3	2.5	454.0
0.1	2.4	165.1	10.3	2.3	454.0
0.0	3.8	323.2	10.3	2.7	454.0
2.1	12.3	168.5	10.3	4.1	454.0
0.2	7.2	105.3	10.3	2.8	454.0
0.2	10.8	280.4	10.2	4.2	454.0
5.8	7.2	46.0	10.2	3.0	454.0
8.1	3.7	17.6	10.2	1.2	454.0
5.1	4.3	47.8	10.2	1.3	454.0
7.8	5.9	35.5	10.2	1.4	454.0
2.0	2.0	18.7	10.2	2.1	454.0
0.1	0.4	203.8	10.2	2.2	454.0
1.4	5.6	261.6	10.2	3.3	454.0
0.3	4.5	69.3	10.2	2.5	454.0
0.1	2.6	303.3	10.2	2.9	454.0
0.1	4.5	265.1	10.2	3.0	454.0
0.1	9.7	73.5	10.2	2.8	454.0
0.0	13.1	294.7	10.2	4.3	454.0
2.1	13.4	206.3	10.2	4.4	454.0
1.1	6.3	42.5	10.2	2.0	454.0
0.1	4.5	297.5	10.2	2.9	454.0
5.3	6.6	134.9	10.2	2.6	454.0
0.6	5.9	50.1	10.2	2.6	454.0
0.2	6.1	222.6	10.2	3.0	454.0
0.1	9.8	281.5	10.2	4.0	454.0
0.1	13.4	206.5	10.2	4.6	454.0
11.9	14.5	137.7	10.2	4.3	454.0
1.4	6.5	63.9	10.2	2.8	454.0
0.0	4.2	110.2	10.2	1.4	455.9
0.0	3.2	65.8	10.2	1.6	455.9
0.0	3.7	298.9	10.2	2.8	455.9
0.1	8.0	283.5	10.2	3.8	455.9
0.2	10.9	300.4	10.3	3.9	455.9
0.6	9.1	98.6	10.3	2.7	455.9
0.2	8.0	107.3	10.3	2.5	455.9
0.8	10.1	71.4	10.3	2.7	455.9
8.3	10.6	35.3	10.3	3.0	455.9
7.8	5.7	35.6	10.3	1.8	455.9
12.1	5.4	38.3	10.3	1.8	455.9
0.4	3.3	291.7	10.3	2.8	455.9
3.3	6.5	182.1	10.4	3.0	455.9
4.0	11.3	27.3	10.4	2.8	455.9
10.3	9.3	38.0	10.4	4.8	455.9
0.7	0.6	74.2	10.4	1.8	455.9
6.8	0.3	108.9	10.4	1.4	455.9
0.7	1.2	246.3	10.4	1.7	455.9
4.2	0.9	24.0	10.5	1.0	455.9
0.4	2.5	189.9	10.5	2.5	455.9
1.1	2.6	143.4	10.5	2.3	455.9
0.8	2.3	107.5	10.5	1.8	455.9
10.7	4.8	38.6	10.5	2.0	455.9
11.2	4.1	42.6	10.6	1.7	455.9
0.8	3.6	131.2	10.6	2.0	455.9
11.7	5.8	81.8	10.6	2.5	455.9
1.2	5.5	121.7	10.6	2.0	455.9
5.9	10.5	84.8	10.6	3.3	455.9
14.1	5.5	27.1	10.7	3.6	455.9
12.6	0.9	26.8	10.7	1.2	455.9
20.4	3.5	27.4	10.7	1.8	455.9
15.1	-0.0	34.7	10.7	2.2	456.9
0.0	-1.2	393.1	10.8	2.3	456.9
0.0	-0.3	270.2	10.8	2.3	456.9
0.0	-1.1	379.4	10.8	2.6	456.9
0.0	-1.6	403.7	10.8	2.7	456.9
0.6	2.6	324.3	10.9	3.3	456.9
1.5	3.3	130.9	10.9	3.2	456.9
0.0	1.9	412.1	10.9	3.3	456.9
2.8	4.8	353.8	10.9	3.7	456.9
29.0	8.7	25.2	11.0	4.4	456.9
15.8	0.3	41.5	11.0	2.6	456.9
0.0	-0.1	415.3	11.0	3.2	456.9
0.2	5.3	394.1	11.1	4.4	456.9
0.0	6.3	422.0	11.1	4.0	456.9
0.1	8.0	227.8	11.1	4.7	456.9
12.8	9.7	241.5	11.1	4.3	456.9
2.0	7.5	64.2	11.2	3.8	456.9
0.0	3.7	436.6	11.2	4.0	456.9
0.0	2.8	406.7	11.2	3.3	456.9
0.0	5.2	447.2	11.3	4.6	456.9
0.0	8.5	452.1	11.3	5.6	456.9
11.6	14.5	403.0	11.3	7.1	456.9
0.2	4.0	136.2	11.3	3.9	456.9
0.0	5.4	467.8	11.4	4.1	456.9
0.0	8.7	466.2	11.4	5.6	456.9
0.0	9.7	466.1	11.4	5.7	456.9
0.0	11.9	471.6	11.5	7.2	456.9
0.0	14.0	481.7	11.5	7.8	456.9
0.0	16.9	471.9	11.5	8.3	456.9
0.0	12.3	295.2	11.5	5.7	457.3
0.0	9.9	430.0	11.6	6.4	457.3
0.0	13.2	506.9	11.6	8.0	457.3
0.0	16.2	503.3	11.6	9.2	457.3
0.0	19.7	481.5	11.7	9.0	457.3
0.0	12.9	195.5	11.7	6.0	457.3
0.0	14.2	362.8	11.7	7.3	457.3
0.0	12.8	473.2	11.8	6.0	457.3
12.5	7.1	79.5	11.8	4.1	457.3
0.0	8.6	452.0	11.8	5.7	457.3
0.0	11.4	526.1	11.8	7.4	457.3
0.0	13.8	524.0	11.9	7.9	457.3
10.7	19.1	406.6	11.9	9.1	457.3
1.1	15.0	76.7	11.9	5.1	457.3
0.0	13.1	525.2	12.0	6.6	457.3
1.4	15.1	348.1	12.0	6.4	457.3
1.2	19.2	122.0	12.0	7.0	457.3
0.1	24.7	410.3	12.1	7.8	457.3
0.0	25.2	433.5	12.1	8.2	457.3
5.6	23.8	476.6	12.1	10.9	457.3
20.2	11.0	102.5	12.2	7.4	457.3
0.1	8.0	489.0	12.2	4.5	457.3
36.8	11.4	80.2	12.2	4.9	457.3
15.9	10.4	36.1	12.2	4.2	457.3
10.2	9.8	82.6	12.3	3.5	457.3
0.2	7.1	334.7	12.3	5.5	457.3
0.1	9.2	516.4	12.3	6.7	457.3
0.0	12.4	564.1	12.4	7.8	457.3
19.8	17.6	546.5	12.4	8.4	457.3
16.5	16.5	66.3	12.4	4.0	457.3
6.1	13.5	378.6	12.5	7.5	457.3
11.9	10.9	50.4	12.5	4.1	457.5
11.6	9.7	89.6	12.5	3.4	457.5
0.0	11.6	494.8	12.6	6.5	457.5
3.0	11.1	188.1	12.6	6.9	457.5
0.0	11.3	613.0	12.6	7.2	457.5
0.0	13.8	447.5	12.6	6.6	457.5
0.0	15.9	561.7	12.7	9.0	457.5
19.1	14.5	316.9	12.7	8.8	457.5
16.3	11.4	91.4	12.7	3.9	457.5
2.1	12.9	154.2	12.8	5.6	457.5
0.6	20.1	388.7	12.8	8.9	457.5
26.4	19.9	237.0	12.8	8.7	457.5
25.4	10.6	65.6	12.8	7.8	457.5
0.1	10.8	441.4	12.9	7.0	457.5
0.0	14.5	538.7	12.9	8.1	457.5
0.0	16.5	573.4	12.9	7.7	457.5
13.4	13.9	118.9	13.0	4.4	457.5
0.3	16.4	371.2	13.0	8.7	457.5
32.0	21.5	382.0	13.0	10.4	457.5
23.2	22.0	97.6	13.0	5.0	457.5
3.9	25.3	539.4	13.1	9.1	457.5
1.5	16.1	199.9	13.1	9.7	457.5
0.5	14.5	473.8	13.1	7.7	457.5
0.0	12.8	625.9	13.2	7.3	457.5
0.0	14.0	383.2	13.2	7.7	457.5
1.7	17.6	547.7	13.2	8.5	457.5
3.8	16.5	103.1	13.2	6.4	457.5
0.2	16.1	527.8	13.3	9.2	457.5
0.0	18.0	634.9	13.3	9.5	457.5
0.0	21.4	628.0	13.3	9.0	457.5
0.2	17.3	317.3	13.3	11.1	457.7
11.4	17.7	630.3	13.4	7.8	457.7
14.2	21.0	101.6	13.4	8.7	457.7
0.5	20.3	403.2	13.4	7.7	457.7
2.1	22.6	537.3	13.4	10.5	457.7
15.8	23.1	424.7	13.5	9.4	457.7
11.7	22.2	150.3	13.5	5.4	457.7
32.2	20.3	448.5	13.5	13.0	457.7
1.6	13.9	193.0	13.5	5.8	457.7
0.2	19.0	510.9	13.6	9.2	457.7
0.1	20.7	640.5	13.6	10.0	457.7
20.0	19.1	390.8	13.6	9.2	457.7
6.5	15.5	94.5	13.6	5.5	457.7
0.3	18.4	577.4	13.6	9.4	457.7
0.1	19.2	414.5	13.7	10.1	457.7
0.6	21.2	646.8	13.7	10.8	457.7
9.7	21.8	490.1	13.7	8.7	457.7
5.6	20.1	105.1	13.7	6.1	457.7
0.1	22.8	545.5	13.8	10.1	457.7
42.2	20.9	178.4	13.8	8.1	457.7
1.1	19.4	355.2	13.8	9.0	457.7
0.0	21.0	545.6	13.8	9.6	457.7
0.1	19.7	373.1	13.8	9.5	457.7
0.0	21.8	654.6	13.8	10.4	457.7
0.1	22.6	614.5	13.9	10.4	457.7
2.6	22.1	259.8	13.9	6.5	457.7
4.0	23.0	255.4	13.9	9.0	457.7
3.6	23.9	302.1	13.9	8.1	457.7
0.1	24.4	573.8	13.9	9.5	457.7
0.0	22.5	442.0	13.9	9.0	457.7
0.0	19.9	81.3	13.9	5.9	457.7
0.1	17.9	106.7	14.0	5.9	456.1
6.9	18.5	127.5	14.0	4.8	456.1
2.0	20.0	147.7	14.0	6.5	456.1
1.3	22.6	310.1	14.0	8.9	456.1
0.0	25.1	647.0	14.0	10.4	456.1
0.0	25.3	384.5	14.0	9.6	456.1
56.8	24.6	298.9	14.0	7.8	456.1
24.6	23.7	150.7	14.0	6.4	456.1
0.2	22.6	525.1	14.0	9.4	456.1
0.6	23.7	368.3	14.0	9.4	456.1
0.9	25.8	336.8	14.1	8.4	456.1
17.4	25.5	344.2	14.1	8.3	456.1
0.3	25.7	446.8	14.1	10.5	456.1
7.5	25.5	374.2	14.1	10.3	456.1
7.2	23.0	32.5	14.1	2.6	456.1
3.9	22.5	66.6	14.1	4.7	456.1
2.5	23.1	70.5	14.1	5.4	456.1
1.5	22.7	178.8	14.1	7.4	456.1
1.3	22.3	356.8	14.1	7.9	456.1
10.3	20.9	75.9	14.1	4.6	456.1
9.2	19.2	43.9	14.1	4.3	456.1
0.6	22.4	542.4	14.1	9.7	456.1
0.8	22.4	366.8	14.1	8.6	456.1
1.1	22.0	264.9	14.1	7.7	456.1
0.3	23.1	466.3	14.1	8.5	456.1
10.3	24.8	320.5	14.1	8.9	456.1
23.4	25.7	539.6	14.1	10.7	456.1
22.1	26.1	586.2	14.1	9.5	456.1
9.6	26.6	502.7	14.1	9.8	456.1
0.2	27.8	611.0	14.1	10.6	456.1
0.0	28.3	661.8	14.0	11.1	453.0
2.0	28.6	643.9	14.0	11.3	453.0
2.3	28.8	599.8	14.0	11.2	453.0
4.4	28.3	492.3	14.0	10.7	453.0
1.2	28.7	512.4	14.0	10.6	453.0
0.3	29.5	526.9	14.0	9.5	453.0
24.4	27.5	388.4	14.0	8.9	453.0
11.9	25.9	234.4	14.0	7.5	453.0
7.5	26.5	372.5	14.0	8.7	453.0
10.1	26.5	292.1	14.0	8.6	453.0
15.1	26.7	444.3	13.9	9.4	453.0
10.3	26.6	538.2	13.9	10.3	453.0
4.0	26.5	501.5	13.9	10.4	453.0
0.0	26.3	573.6	13.9	10.3	453.0
1.1	27.2	599.2	13.9	10.0	453.0
6.6	27.0	642.7	13.9	11.2	453.0
9.7	27.0	604.7	13.9	10.7	453.0
10.0	27.3	585.5	13.8	11.1	453.0
12.1	27.2	590.5	13.8	10.3	453.0
1.1	27.8	629.8	13.8	10.6	453.0
0.0	28.1	534.7	13.8	10.4	453.0
0.1	28.3	506.4	13.8	10.7	453.0
1.6	28.7	573.8	13.8	11.1	453.0
7.2	27.6	479.1	13.7	10.7	453.0
10.3	27.4	494.3	13.7	9.7	453.0
13.0	27.3	476.6	13.7	9.8	453.0
21.3	26.4	303.5	13.7	9.3	453.0
18.9	25.4	232.8	13.7	8.2	453.0
14.7	25.1	300.2	13.6	7.1	453.0
11.1	25.7	237.1	13.6	7.5	453.0
7.7	26.5	510.3	13.6	9.2	453.0
16.4	26.6	481.5	13.6	9.6	451.1
6.6	26.3	554.8	13.6	9.6	451.1
0.4	26.4	610.6	13.5	10.0	451.1
0.1	26.7	603.9	13.5	10.1	451.1
0.5	27.4	582.3	13.5	9.2	451.1
9.9	25.7	501.0	13.5	10.2	451.1
1.0	25.5	539.8	13.4	9.0	451.1
0.8	25.8	557.8	13.4	9.3	451.1
0.3	26.5	586.0	13.4	10.0	451.1
0.5	26.8	485.5	13.4	9.4	451.1
0.5	26.9	470.5	13.3	9.3	451.1
0.7	27.1	555.8	13.3	10.1	451.1
0.1	28.7	597.3	13.3	11.5	451.1
0.0	29.5	601.0	13.3	11.8	451.1
9.0	28.0	523.7	13.2	11.8	451.1
26.1	26.0	362.8	13.2	8.3	451.1
9.2	25.6	273.0	13.2	8.0	451.1
13.0	26.2	476.6	13.2	9.2	451.1
10.0	26.2	521.7	13.1	10.0	451.1
17.9	25.8	538.9	13.1	9.2	451.1
12.7	25.3	506.9	13.1	7.3	451.1
2.2	24.9	439.4	13.0	8.1	451.1
1.4	24.4	412.4	13.0	8.0	451.1
1.7	24.6	427.8	13.0	7.6	451.1
0.4	24.7	445.7	13.0	8.8	451.1
0.2	25.8	527.8	12.9	10.0	451.1
0.0	26.5	537.8	12.9	9.9	451.1
0.6	25.5	353.9	12.9	8.9	451.1
0.0	25.3	556.8	12.8	8.6	451.1
0.0	24.6	441.2	12.8	8.0	451.1
0.0	24.5	354.5	12.8	7.6	451.1
0.0	25.3	310.5	12.8	7.1	449.9
0.0	26.2	183.6	12.7	7.5	449.9
6.3	27.1	530.0	12.7	10.6	449.9
5.4	26.5	555.1	12.7	10.2	449.9
6.4	26.5	534.4	12.6	9.6	449.9
17.1	25.7	462.9	12.6	8.8	449.9
7.6	25.3	487.6	12.6	8.9	449.9
7.7	24.5	339.4	12.6	8.0	449.9
7.6	24.8	241.8	12.5	7.4	449.9
9.8	24.1	294.6	12.5	7.4	449.9
4.8	24.2	430.3	12.5	7.4	449.9
1.4	24.3	304.8	12.4	6.8	449.9
1.1	23.4	203.9	12.4	6.7	449.9
0.0	23.1	452.7	12.4	7.9	449.9
0.1	23.9	518.7	12.3	8.4	449.9
0.4	23.6	504.1	12.3	8.4	449.9
0.0	23.3	527.9	12.3	8.5	449.9
0.4	24.0	437.1	12.3	8.7	449.9
0.1	25.1	483.7	12.2	9.4	449.9
0.0	25.5	514.2	12.2	9.5	449.9
0.0	25.4	512.3	12.2	9.2	449.9
0.0	26.0	508.3	12.1	9.7	449.9
0.3	27.2	488.9	12.1	9.1	449.9
0.4	26.4	464.1	12.1	8.6	449.9
6.3	21.9	281.0	12.0	11.1	449.9
0.0	14.0	159.7	12.0	5.4	449.9
0.0	17.3	512.9	12.0	7.2	449.9
0.0	19.7	345.6	12.0	6.6	449.9
0.3	22.1	370.0	11.9	7.9	449.9
0.1	21.3	165.4	11.9	5.2	449.9
2.8	21.6	100.4	11.9	5.3	449.7
0.5	20.1	66.7	11.8	5.9	449.7
0.0	15.9	185.7	11.8	5.6	449.7
0.0	14.8	495.0	11.8	7.1	449.7
0.0	15.9	500.5	11.7	7.2	449.7
0.0	18.4	472.4	11.7	7.8	449.7
0.0	18.4	312.8	11.7	7.1	449.7
0.0	18.6	478.8	11.7	8.0	449.7
0.0	18.4	480.6	11.6	8.1	449.7
0.0	18.7	474.7	11.6	8.1	449.7
0.0	20.1	465.5	11.6	8.0	449.7
0.0	16.7	477.6	11.5	7.1	449.7
0.0	14.8	480.1	11.5	7.0	449.7
0.0	16.7	466.0	11.5	7.5	449.7
0.0	18.3	459.4	11.4	7.6	449.7
0.0	18.6	453.3	11.4	7.5	449.7
0.0	17.9	452.1	11.4	7.9	449.7
0.0	17.4	454.8	11.4	8.0	449.7
0.0	17.3	452.3	11.3	8.2	449.7
0.0	18.4	437.8	11.3	8.0	449.7
0.0	19.3	430.6	11.3	7.8	449.7
0.0	18.9	427.1	11.2	7.7	449.7
0.0	16.8	433.0	11.2	6.8	449.7
0.0	17.3	431.2	11.2	7.1	449.7
0.0	16.2	433.4	11.2	7.1	449.7
0.0	18.4	420.0	11.1	7.2	449.7
0.0	19.6	407.0	11.1	7.1	449.7
0.0	19.8	388.2	11.1	5.9	449.7
0.0	19.0	134.9	11.0	3.8	449.7
1.6	20.8	161.2	11.0	5.0	449.7
5.0	17.9	19.3	11.0	2.9	449.7
0.4	17.9	133.3	11.0	4.0	451.0
0.5	16.2	165.7	10.9	4.0	451.0
2.1	11.9	183.3	10.9	5.6	451.0
0.0	7.1	388.6	10.9	3.9	451.0
0.0	8.7	396.7	10.9	4.5	451.0
0.0	14.3	376.3	10.8	6.4	451.0
0.0	15.2	127.1	10.8	4.0	451.0
0.0	15.4	211.9	10.8	4.0	451.0
0.1	16.5	226.4	10.8	5.2	451.0
0.0	12.9	301.5	10.7	5.1	451.0
0.0	10.8	370.6	10.7	4.4	451.0
0.0	13.2	358.0	10.7	5.0	451.0
0.0	16.9	354.9	10.7	5.8	451.0
1.6	21.4	296.1	10.6	6.2	451.0
5.4	21.5	226.0	10.6	5.0	451.0
1.2	16.6	76.0	10.6	4.0	451.0
2.4	15.0	170.5	10.6	3.1	451.0
3.3	13.4	30.5	10.6	2.1	451.0
0.0	12.8	268.4	10.5	3.7	451.0
0.0	15.4	327.2	10.5	4.4	451.0
0.0	18.5	271.3	10.5	5.2	451.0
0.8	20.2	256.1	10.5	5.1	451.0
20.6	16.4	89.3	10.5	5.7	451.0
1.7	9.5	57.0	10.4	1.7	451.0
0.4	10.4	93.2	10.4	2.3	451.0
0.5	12.1	105.6	10.4	2.5	451.0
4.1	15.5	141.1	10.4	4.0	451.0
11.3	6.7	26.8	10.4	4.1	451.0
0.0	-1.0	278.8	10.4	1.9	451.0
0.0	1.7	334.0	10.3	2.8	451.0
0.1	4.0	290.4	10.3	3.7	452.8
0.1	6.2	318.8	10.3	4.0	452.8
0.2	7.1	292.4	10.3	3.8	452.8
0.3	6.8	238.1	10.3	2.8	452.8
0.3	6.6	154.5	10.3	2.4	452.8
0.1	7.1	163.5	10.3	3.0	452.8
0.1	6.7	300.1	10.3	3.4	452.8
0.0	8.5	188.5	10.2	3.6	452.8
0.0	5.8	220.6	10.2	3.0	452.8
0.0	6.4	316.4	10.2	3.8	452.8
0.0	9.9	308.8	10.2	4.2	452.8
0.1	11.4	79.2	10.2	3.2	452.8
0.0	13.8	301.0	10.2	5.0	452.8
0.0	9.4	302.7	10.2	4.9	452.8
0.0	2.0	314.5	10.2	2.6	452.8
0.0	4.1	321.5	10.2	3.4	452.8
0.0	10.3	298.7	10.2	4.7	452.8
0.0	14.3	295.2	10.2	4.9	452.8
0.2	14.3	147.2	10.2	4.3	452.8
0.1	16.2	250.7	10.2	5.2	452.8
0.5	17.3	289.5	10.2	6.0	452.8
0.5	6.9	113.0	10.2	2.4	452.8
0.0	4.5	212.6	10.2	3.0	452.8
9.3	6.8	264.9	10.2	3.1	452.8
1.8	5.1	48.7	10.2	2.1	452.8
0.0	1.6	280.7	10.2	2.4	452.8
0.0	1.6	323.7	10.2	2.6	452.8
0.1	5.2	313.6	10.2	3.7	452.8
0.0	4.6	172.6	10.2	2.5	452.8
0.0	4.3	260.5	10.2	3.0	452.8
0.3	6.7	266.7	10.2	3.4	452.8
5.4	7.2	115.4	10.2	2.4	454.7
14.7	6.6	14.2	10.2	0.9	454.7
3.7	5.5	52.8	10.2	1.9	454.7
1.3	3.1	80.6	10.3	1.7	454.7
0.3	2.7	100.2	10.3	1.5	454.7
0.4	3.4	287.9	10.3	2.5	454.7
0.2	0.6	113.9	10.3	2.1	454.7
0.0	-2.7	333.1	10.3	1.9	454.7
0.0	-1.2	274.1	10.3	1.9	454.7
0.0	-1.2	139.1	10.3	2.0	454.7
0.0	-1.4	337.5	10.3	2.5	454.7
0.0	1.1	338.6	10.4	3.2	454.7
0.0	4.8	332.7	10.4	3.6	454.7
0.0	5.8	230.5	10.4	3.1	454.7
0.1	1.8	117.3	10.4	2.5	454.7
0.0	-1.8	349.4	10.4	2.4	454.7
0.0	0.0	351.0	10.4	2.9	454.7
0.0	4.9	331.6	10.5	3.9	454.7
0.0	7.2	334.7	10.5	4.5	454.7
0.0	7.4	295.7	10.5	4.2	454.7
0.0	9.4	292.0	10.5	4.5	454.7
0.0	7.2	322.3	10.5	3.8	454.7
4.2	8.8	326.8	10.6	4.1	454.7
9.5	9.6	111.0	10.6	3.1	454.7
11.0	7.3	24.9	10.6	1.2	454.7
48.0	5.4	25.8	10.6	2.4	454.7
6.1	3.4	32.1	10.6	1.1	454.7
0.6	4.8	162.5	10.7	2.4	454.7
9.2	4.9	103.5	10.7	2.9	454.7
0.0	4.0	380.0	10.7	2.8	454.7
0.0	4.7	224.9	10.7	3.1	454.7
0.0	2.8	377.2	10.8	3.2	455.7
0.0	4.1	365.2	10.8	3.5	455.7
0.1	5.6	387.4	10.8	3.7	455.7
0.0	4.2	345.9	10.8	3.6	455.7
0.1	8.4	364.9	10.9	4.4	455.7
5.4	9.1	119.6	10.9	3.3	455.7
0.3	8.5	145.7	10.9	3.7	455.7
1.2	12.2	113.0	10.9	4.2	455.7
27.1	9.9	41.6	11.0	4.1	455.7
2.0	6.3	130.0	11.0	3.1	455.7
0.2	5.8	391.8	11.0	4.3	455.7
0.1	7.6	363.0	11.0	5.1	455.7
0.0	10.7	422.2	11.1	5.0	455.7
16.5	15.2	204.0	11.1	4.9	455.7
1.7	8.8	65.2	11.1	4.9	455.7
0.2	7.7	249.2	11.2	3.7	455.7
27.6	4.6	62.9	11.2	2.5	455.7
4.1	3.7	29.1	11.2	1.3	455.7
6.9	6.2	147.4	11.2	2.6	455.7
26.8	7.0	32.8	11.3	2.3	455.7
6.6	5.0	61.0	11.3	2.4	455.7
22.8	5.7	59.1	11.3	2.4	455.7
0.9	4.6	116.5	11.4	2.1	455.7
1.9	0.6	170.8	11.4	3.2	455.7
0.0	0.8	321.6	11.4	2.7	455.7
1.9	3.8	120.8	11.4	2.5	455.7
1.4	6.9	379.8	11.5	4.1	455.7
10.7	7.7	49.8	11.5	3.0	455.7
0.5	10.1	181.3	11.5	4.5	456.1
1.7	5.7	93.8	11.6	4.0	456.1
0.7	6.0	304.2	11.6	3.5	456.1
0.5	4.8	126.3	11.6	4.3	456.1
0.1	8.5	396.1	11.7	5.8	456.1
0.1	8.8	495.5	11.7	6.3	456.1
0.0	5.1	514.7	11.7	4.6	456.1
0.0	9.1	510.4	11.8	6.3	456.1
5.2	11.1	197.6	11.8	5.9	456.1
1.8	7.0	73.7	11.8	4.4	456.1
0.0	6.3	513.0	11.8	4.4	456.1
0.0	8.8	524.8	11.9	6.5	456.1
0.0	9.4	471.3	11.9	5.6	456.1
2.3	8.9	120.1	11.9	2.8	456.1
0.1	10.6	337.3	12.0	6.9	456.1
0.0	12.9	515.4	12.0	8.2	456.1
0.0	15.7	537.8	12.0	8.9	456.1
23.2	18.2	517.0	12.1	9.2	456.1
8.3	15.0	51.1	12.1	4.3	456.1
0.3	14.5	254.7	12.1	6.9	456.1
0.0	11.2	558.2	12.1	6.6	456.1
0.0	15.8	520.0	12.2	7.8	456.1
19.8	15.2	113.5	12.2	6.1	456.1
0.5	6.6	128.5	12.2	5.3	456.1
0.0	7.7	576.6	12.3	6.1	456.1
0.0	10.3	573.4	12.3	7.0	456.1
0.0	13.7	580.2	12.3	8.7	456.1
0.0	18.1	371.7	12.4	9.4	456.1
0.8	18.7	292.1	12.4	9.3	456.1
1.8	15.5	103.5	12.4	7.5	456.1
6.2	17.5	528.6	12.5	8.2	456.1
12.6	14.4	65.9	12.5	6.3	456.3
10.9	13.5	114.6	12.5	4.5	456.3
31.7	13.6	37.8	12.5	3.6	456.3
13.7	12.3	81.3	12.6	4.3	456.3
0.2	12.8	294.5	12.6	5.6	456.3
3.2	12.9	119.5	12.6	3.8	456.3
4.0	16.8	216.8	12.7	6.7	456.3
42.3	16.8	42.9	12.7	5.7	456.3
10.8	13.2	109.6	12.7	5.8	456.3
0.5	15.2	462.6	12.8	7.0	456.3
0.3	18.6	214.0	12.8	8.2	456.3
17.3	19.9	336.9	12.8	10.7	456.3
4.7	12.7	82.9	12.8	5.2	456.3
0.0	14.8	590.6	12.9	7.3	456.3
0.0	14.9	465.5	12.9	6.6	456.3
0.0	18.4	600.6	12.9	8.8	456.3
0.1	22.0	355.6	13.0	9.0	456.3
18.9	20.7	192.8	13.0	7.2	456.3
3.3	18.8	196.8	13.0	6.3	456.3
0.0	20.4	476.8	13.0	8.3	456.3
0.0	21.4	572.0	13.1	9.1	456.3
38.7	21.8	507.5	13.1	10.0	456.3
0.5	12.7	352.7	13.1	8.7	456.3
0.7	13.4	498.2	13.2	5.9	456.3
14.1	18.4	121.4	13.2	7.8	456.3
0.8	15.2	221.9	13.2	6.5	456.3
7.6	19.5	540.0	13.2	9.4	456.3
5.2	17.2	81.7	13.3	5.7	456.3
7.7	18.3	379.9	13.3	7.8	456.3
9.0	18.4	76.5	13.3	4.4	456.3
0.3	20.1	427.1	13.3	10.5	456.5
0.0	21.8	516.9	13.4	9.1	456.5
3.5	22.0	266.7	13.4	8.2	456.5
25.9	22.6	152.8	13.4	7.3	456.5
0.2	16.8	459.3	13.4	9.4	456.5
0.0	16.0	612.4	13.5	9.1	456.5
0.7	18.7	560.3	13.5	9.0	456.5
0.4	17.8	141.3	13.5	7.8	456.5
0.0	20.6	550.6	13.5	8.9	456.5
5.9	16.6	122.9	13.6	6.5	456.5
3.7	17.4	150.3	13.6	6.2	456.5
0.6	22.3	479.7	13.6	10.1	456.5
18.8	23.8	399.8	13.6	9.7	456.5
24.4	23.4	250.0	13.6	8.7	456.5
15.1	22.7	370.2	13.7	9.8	456.5
4.1	23.1	628.4	13.7	10.7	456.5
0.1	23.0	408.2	13.7	8.9	456.5
0.2	20.8	388.4	13.7	10.8	456.5
0.0	21.1	654.2	13.7	10.1	456.5
0.1	23.7	579.6	13.8	11.2	456.5
0.6	24.5	421.8	13.8	10.0	456.5
0.4	23.9	343.6	13.8	9.7	456.5
0.3	25.8	622.5	13.8	11.0	456.5
4.8	26.6	598.6	13.8	10.6	456.5
57.0	25.1	343.2	13.9	8.4	456.5
19.1	23.2	277.2	13.9	8.4	456.5
0.1	19.5	137.2	13.9	6.5	456.5
0.0	20.1	663.6	13.9	9.3	456.5
0.0	19.6	590.0	13.9	9.0	456.5
27.3	18.5	154.0	13.9	4.8	456.5
32.0	20.4	31.4	13.9	5.0	456.5
1.8	19.5	220.8	14.0	7.4	455.0
0.0	23.6	607.7	14.0	10.8	455.0
0.2	23.3	534.4	14.0	12.2	455.0
0.0	24.1	648.8	14.0	12.5	455.0
0.0	25.4	595.6	14.0	11.4	455.0
40.1	23.8	177.2	14.0	8.2	455.0
2.4	22.5	216.3	14.0	8.7	455.0
4.4	23.7	584.5	14.0	11.1	455.0
5.8	21.6	581.2	14.0	8.4	455.0
0.7	22.1	499.8	14.0	9.3	455.0
0.2	23.9	539.4	14.1	9.8	455.0
0.0	25.4	585.0	14.1	10.5	455.0
5.8	26.2	624.6	14.1	10.3	455.0
21.3	25.0	281.1	14.1	9.7	455.0
51.8	23.6	33.9	14.1	5.8	455.0
0.9	22.2	99.2	14.1	5.9	455.0
5.9	23.5	636.9	14.1	11.0	455.0
10.3	24.1	645.8	14.1	10.8	455.0
10.3	23.8	535.7	14.1	9.8	455.0
1.6	25.4	551.8	14.1	10.9	455.0
19.1	25.4	416.1	14.1	8.8	455.0
15.0	24.5	126.6	14.1	5.4	455.0
16.9	25.0	240.2	14.1	7.7	455.0
14.1	25.8	377.3	14.1	8.2	455.0
15.7	25.6	347.0	14.1	8.9	455.0
36.5	24.9	101.7	14.1	5.3	455.0
5.7	23.5	89.1	14.1	6.3	455.0
0.3	26.1	576.7	14.1	10.5	455.0
21.2	25.4	442.6	14.1	9.5	455.0
9.4	26.2	462.7	14.1	10.2	455.0
4.2	26.8	626.1	14.0	10.4	451.8
16.2	27.1	625.9	14.0	9.8	451.8
0.2	27.7	588.1	14.0	9.9	451.8
18.4	26.6	457.4	14.0	9.1	451.8
34.5	25.3	109.6	14.0	6.8	451.8
24.8	24.8	200.0	14.0	8.1	451.8
7.3	26.1	448.4	14.0	10.4	451.8
16.5	25.3	234.9	14.0	7.4	451.8
9.1	26.4	449.6	14.0	10.1	451.8
0.1	27.6	654.2	14.0	10.8	451.8
9.8	27.3	617.1	14.0	10.4	451.8
13.4	27.2	518.7	13.9	9.6	451.8
0.5	27.6	464.6	13.9	10.5	451.8
4.5	27.5	512.2	13.9	10.1	451.8
15.9	26.4	294.3	13.9	8.4	451.8
16.1	26.3	398.1	13.9	9.8	451.8
10.5	26.9	548.0	13.9	10.1	451.8
14.5	26.6	442.0	13.9	9.6	451.8
11.1	26.8	392.4	13.8	9.3	451.8
13.2	26.5	365.2	13.8	9.0	451.8
13.7	26.4	400.1	13.8	9.2	451.8
14.3	26.0	311.4	13.8	9.2	451.8
14.5	25.6	383.7	13.8	10.4	451.8
0.6	26.7	497.1	13.7	9.9	451.8
0.0	27.5	626.8	13.7	10.4	451.8
3.4	27.7	641.8	13.7	12.0	451.8
1.8	28.1	629.2	13.7	11.0	451.8
4.4	27.9	626.6	13.7	11.2	451.8
2.0	28.2	616.2	13.6	11.1	451.8
0.0	28.7	638.6	13.6	11.0	451.8
0.2	29.4	604.7	13.6	10.9	451.8
0.2	29.8	604.4	13.6	10.9	449.9
0.2	30.2	603.9	13.6	11.0	449.9
0.1	30.5	624.5	13.5	11.2	449.9
2.8	29.3	625.8	13.5	11.9	449.9
12.6	26.6	466.5	13.5	9.3	449.9
22.1	25.7	346.2	13.5	7.3	449.9
26.6	25.8	349.4	13.4	8.3	449.9
16.6	26.1	485.9	13.4	10.2	449.9
12.5	26.4	589.7	13.4	9.2	449.9
4.5	26.6	572.1	13.4	9.9	449.9
9.8	26.2	528.1	13.3	8.1	449.9
10.9	26.2	456.1	13.3	8.9	449.9
5.6	26.9	525.7	13.3	10.1	449.9
5.2	26.8	537.0	13.3	10.4	449.9
2.3	27.3	548.9	13.2	10.1	449.9
7.2	26.8	477.8	13.2	9.8	449.9
10.7	26.3	422.2	13.2	8.9	449.9
16.2	26.1	423.9	13.2	9.0	449.9
12.0	26.4	499.3	13.1	9.1	449.9
8.7	26.5	513.6	13.1	9.6	449.9
8.1	26.7	564.8	13.1	9.7	449.9
12.1	26.1	544.9	13.0	9.2	449.9
14.7	25.8	510.4	13.0	7.6	449.9
1.5	25.9	432.9	13.0	8.9	449.9
4.3	25.4	353.6	13.0	7.8	449.9
2.4	25.0	123.5	12.9	5.8	449.9
3.1	24.7	205.9	12.9	6.3	449.9
6.4	24.9	34.5	12.9	3.9	449.9
1.8	25.4	52.7	12.9	3.8	449.9
12.9	25.8	251.5	12.8	6.5	449.9
6.6	25.8	278.3	12.8	6.7	449.9
3.1	25.3	103.1	12.8	5.1	448.7
1.0	25.4	104.1	12.7	5.1	448.7
20.5	26.1	295.9	12.7	7.3	448.7
16.3	26.1	362.6	12.7	7.4	448.7
3.5	26.7	432.6	12.6	8.2	448.7
15.6	26.0	453.4	12.6	7.8	448.7
3.1	24.2	108.9	12.6	4.9	448.7
12.3	24.3	473.6	12.6	7.6	448.7
14.9	24.5	281.3	12.5	7.2	448.7
10.1	23.4	95.4	12.5	4.7	448.7
1.8	24.0	368.3	12.5	7.5	448.7
0.7	24.5	350.6	12.4	8.1	448.7
13.4	24.2	452.0	12.4	8.1	448.7
4.9	22.0	116.1	12.4	4.4	448.7
0.1	21.8	395.0	12.4	7.6	448.7
0.0	21.0	535.8	12.3	7.9	448.7
0.0	21.6	520.8	12.3	8.5	448.7
0.2	22.1	492.2	12.3	8.5	448.7
0.1	22.5	490.3	12.2	8.4	448.7
0.0	22.5	443.0	12.2	8.5	448.7
0.0	23.5	521.2	12.2	9.2	448.7
0.0	25.2	493.3	12.1	8.8	448.7
0.3	23.8	395.0	12.1	8.7	448.7
0.0	20.7	512.1	12.1	7.5	448.7
0.0	20.5	433.5	12.1	6.9	448.7
0.0	20.3	460.9	12.0	7.3	448.7
0.1	21.5	451.3	12.0	8.3	448.7
0.0	21.0	439.1	12.0	7.7	448.7
0.1	20.8	461.6	11.9	7.9	448.7
0.0	20.8	499.5	11.9	8.4	448.7
0.0	20.9	497.9	11.9	8.8	448.5
0.0	20.8	496.7	11.8	8.9	448.5
0.0	20.5	490.5	11.8	8.5	448.5
0.0	21.3	485.3	11.8	8.7	448.5
0.0	22.0	477.2	11.7	8.7	448.5
0.0	23.0	464.5	11.7	8.9	448.5
0.0	22.7	342.1	11.7	8.3	448.5
0.0	21.3	468.7	11.7	7.7	448.5
0.0	20.9	430.6	11.6	7.4	448.5
0.0	22.1	455.1	11.6	8.3	448.5
0.0	22.2	448.5	11.6	8.7	448.5
0.0	15.8	436.6	11.5	5.9	448.5
0.0	13.2	476.2	11.5	6.4	448.5
0.0	14.0	463.9	11.5	6.6	448.5
0.0	16.9	455.4	11.5	6.8	448.5
0.0	18.4	433.4	11.4	6.9	448.5
0.0	18.3	335.2	11.4	6.5	448.5
0.0	18.7	364.9	11.4	5.9	448.5
0.0	16.4	162.2	11.3	5.6	448.5
0.0	17.5	400.2	11.3	7.1	448.5
0.0	17.7	429.3	11.3	7.2	448.5
0.0	19.0	401.7	11.3	7.1	448.5
0.0	17.2	372.3	11.2	7.6	448.5
0.0	16.4	434.0	11.2	7.4	448.5
0.0	16.4	426.8	11.2	7.0	448.5
0.0	16.7	421.8	11.1	7.1	448.5
0.0	16.6	416.1	11.1	7.2	448.5
0.0	17.1	409.8	11.1	6.7	448.5
0.0	17.1	334.9	11.1	5.7	448.5
0.0	13.1	422.1	11.0	5.8	448.5
0.0	15.2	269.9	11.0	5.5	448.5
0.0	15.8	98.0	11.0	4.2	449.8
2.0	14.7	42.0	10.9	2.4	449.8
0.1	16.4	334.9	10.9	5.8	449.8
0.0	18.2	373.3	10.9	6.2	449.8
0.4	18.8	233.4	10.9	5.2	449.8
0.2	19.7	264.1	10.8	5.3	449.8
0.6	20.0	290.2	10.8	6.9	449.8
0.1	11.5	205.3	10.8	4.1	449.8
0.0	10.6	382.3	10.8	4.8	449.8
0.0	13.1	261.2	10.7	5.2	449.8
0.0	15.7	215.8	10.7	5.4	449.8
1.5	19.7	217.0	10.7	5.1	449.8
3.4	17.7	89.7	10.7	4.3	449.8
0.4	16.2	256.5	10.7	3.5	449.8
0.7	15.4	66.7	10.6	3.6	449.8
0.2	14.6	148.1	10.6	4.4	449.8
2.0	11.9	122.9	10.6	2.9	449.8
0.0	8.0	175.7	10.6	2.8	449.8
0.0	8.1	355.8	10.5	3.6	449.8
0.0	9.0	355.7	10.5	4.0	449.8
0.0	10.2	351.9	10.5	4.4	449.8
0.0	11.3	344.1	10.5	5.0	449.8
0.0	14.0	323.5	10.5	5.0	449.8
0.0	13.6	292.7	10.4	5.0	449.8
3.4	15.4	169.3	10.4	4.7	449.8
0.0	13.7	164.6	10.4	4.8	449.8
0.0	13.8	321.5	10.4	4.9	449.8
0.0	13.7	316.8	10.4	4.8	449.8
0.0	9.8	278.5	10.4	2.8	449.8
0.0	10.3	162.4	10.3	3.0	449.8
0.0	13.3	301.6	10.3	5.0	451.7
1.4	16.1	226.0	10.3	4.9	451.7
7.0	13.8	137.3	10.3	5.7	451.7
0.0	10.8	315.4	10.3	4.1	451.7
0.1	12.2	316.3	10.3	4.7	451.7
0.1	11.8	195.1	10.3	3.2	451.7
25.1	14.7	182.7	10.3	4.3	451.7
55.2	10.2	18.2	10.3	2.3	451.7
0.0	5.5	258.0	10.2	2.8	451.7
0.4	5.3	174.8	10.2	3.1	451.7
0.4	7.1	179.4	10.2	3.5	451.7
0.1	5.1	316.0	10.2	3.2	451.7
0.1	6.6	237.6	10.2	3.2	451.7
2.6	7.0	61.9	10.2	1.8	451.7
2.4	8.3	159.5	10.2	2.4	451.7
4.1	9.3	53.6	10.2	2.1	451.7
0.1	7.3	181.3	10.2	2.6	451.7
0.0	4.9	314.9	10.2	2.8	451.7
0.0	3.3	315.5	10.2	3.0	451.7
0.0	5.7	253.6	10.2	3.5	451.7
3.0	11.2	109.8	10.2	3.4	451.7
0.6	11.2	74.5	10.2	3.6	451.7
8.1	7.9	109.3	10.2	1.9	451.7
36.0	7.8	22.8	10.2	1.9	451.7
4.3	9.9	28.5	10.2	2.0	451.7
9.1	10.1	79.1	10.2	1.9	451.7
5.6	9.9	21.4	10.2	1.8	451.7
1.1	6.9	41.7	10.2	2.0	451.7
0.9	8.1	83.3	10.2	2.1	451.7
15.5	8.4	44.4	10.2	2.8	451.7
0.4	2.0	172.8	10.2	2.4	451.7
0.9	1.4	104.9	10.2	1.7	453.6
0.2	1.5	278.7	10.2	2.6	453.6
0.2	2.6	209.2	10.2	2.6	453.6
0.5	4.7	123.1	10.3	2.6	453.6
0.1	3.1	133.7	10.3	2.6	453.6
0.0	-2.8	333.6	10.3	1.7	453.6
0.0	0.7	328.0	10.3	2.8	453.6
0.0	-0.8	336.2	10.3	2.3	453.6
0.0	2.9	326.9	10.3	3.5	453.6
0.0	6.3	313.0	10.3	3.8	453.6
6.5	3.7	147.1	10.3	2.0	453.6
2.3	2.7	39.8	10.4	1.6	453.6
0.1	1.2	106.5	10.4	1.8	453.6
2.1	-1.0	201.3	10.4	2.0	453.6
9.0	-3.7	88.6	10.4	0.9	453.6
0.7	0.0	144.3	10.4	1.8	453.6
10.0	3.5	31.0	10.4	1.5	453.6
14.4	6.5	73.6	10.5	2.1	453.6
0.7	3.5	194.9	10.5	2.1	453.6
0.4	3.6	125.4	10.5	1.8	453.6
1.2	3.5	148.7	10.5	3.2	453.6
9.0	0.8	151.4	10.5	1.8	453.6
19.9	0.3	17.9	10.5	1.0	453.6
1.4	1.5	106.7	10.6	1.5	453.6
1.2	2.6	139.6	10.6	1.9	453.6
3.6	4.8	113.5	10.6	2.3	453.6
4.0	7.4	45.8	10.6	2.6	453.6
26.1	9.7	48.6	10.7	2.9	453.6
1.5	8.0	127.3	10.7	2.6	453.6
1.4	10.6	186.9	10.7	3.8	453.6
26.0	10.2	49.4	10.7	4.6	453.6
40.8	0.4	18.3	10.8	1.9	454.5
0.7	-3.0	79.1	10.8	1.3	454.5
0.1	-3.3	121.6	10.8	1.8	454.5
11.2	2.0	336.5	10.8	2.9	454.5
5.7	2.9	54.8	10.9	2.4	454.5
0.1	0.4	404.5	10.9	3.0	454.5
0.0	-2.4	408.1	10.9	2.6	454.5
0.0	1.3	304.1	10.9	2.9	454.5
0.0	1.8	218.2	11.0	3.5	454.5
0.1	3.3	383.9	11.0	3.8	454.5
0.2	5.4	246.8	11.0	3.8	454.5
0.4	5.3	317.2	11.0	4.3	454.5
0.1	7.2	404.7	11.1	4.9	454.5
0.0	9.6	407.6	11.1	5.3	454.5
3.5	9.9	132.4	11.1	4.1	454.5
0.0	6.6	428.0	11.2	4.0	454.5
4.0	5.4	37.2	11.2	1.9	454.5
2.0	10.1	136.8	11.2	4.0	454.5
0.5	11.1	223.8	11.2	4.2	454.5
9.5	7.8	134.6	11.3	2.8	454.5
10.9	8.2	33.3	11.3	2.9	454.5
0.5	4.8	127.5	11.3	2.4	454.5
0.1	8.7	450.2	11.4	5.1	454.5
4.8	6.7	256.4	11.4	6.3	454.5
0.0	0.8	320.7	11.4	3.0	454.5
0.2	2.5	201.0	11.4	3.7	454.5
0.4	10.5	414.2	11.5	5.9	454.5
0.4	11.3	73.2	11.5	6.1	454.5
0.2	8.7	466.7	11.5	4.3	454.9
0.4	15.6	231.1	11.6	6.9	454.9
0.0	21.3	396.1	11.6	7.5	454.9
4.6	9.0	99.7	11.6	8.9	454.9
0.0	4.6	495.8	11.7	4.4	454.9
0.0	9.1	463.2	11.7	5.4	454.9
14.6	8.3	63.0	11.7	2.2	454.9
1.6	8.8	281.0	11.7	5.2	454.9
0.6	5.4	228.9	11.8	3.1	454.9
3.8	12.7	160.5	11.8	6.2	454.9
15.0	17.0	160.4	11.8	5.6	454.9
11.5	14.1	38.8	11.9	6.0	454.9
1.4	14.5	65.0	11.9	5.3	454.9
10.7	19.0	416.9	11.9	9.5	454.9
11.0	10.7	47.2	12.0	5.9	454.9
0.7	6.2	134.9	12.0	2.9	454.9
20.6	6.3	182.5	12.0	3.3	454.9
39.2	7.4	36.0	12.0	3.1	454.9
12.2	7.3	36.2	12.1	1.6	454.9
14.7	6.9	33.3	12.1	3.1	454.9
0.0	6.4	86.4	12.1	2.7	454.9
0.2	5.3	70.6	12.2	3.6	454.9
0.1	8.8	485.3	12.2	5.7	454.9
15.6	8.5	64.8	12.2	1.9	454.9
0.6	9.6	131.9	12.3	4.4	454.9
0.0	13.2	494.1	12.3	6.7	454.9
0.6	15.1	378.3	12.3	6.2	454.9
36.0	16.2	160.5	12.4	5.5	454.9
1.9	16.4	185.2	12.4	5.7	454.9
0.5	17.1	388.3	12.4	6.9	454.9
3.1	21.0	351.7	12.4	9.2	454.9
19.4	11.7	86.7	12.5	6.5	455.1
41.1	10.1	44.2	12.5	4.9	455.1
30.4	12.1	150.7	12.5	4.9	455.1
14.3	14.0	71.7	12.6	7.2	455.1
29.0	18.6	382.5	12.6	12.0	455.1
6.8	5.5	30.5	12.6	4.0	455.1
0.6	4.9	125.3	12.7	4.2	455.1
0.0	10.4	547.3	12.7	7.2	455.1
4.0	16.6	522.4	12.7	8.6	455.1
29.5	11.7	42.8	12.7	5.8	455.1
37.5	7.6	54.8	12.8	3.7	455.1
9.9	9.5	229.4	12.8	4.2	455.1
6.7	7.6	63.9	12.8	2.5	455.1
0.2	10.4	424.2	12.9	6.0	455.1
0.3	13.0	428.9	12.9	6.5	455.1
50.5	13.5	225.4	12.9	5.5	455.1
27.1	15.8	67.5	12.9	6.3	455.1
3.3	15.0	220.7	13.0	6.0	455.1
1.7	18.2	125.8	13.0	9.3	455.1
5.2	24.9	551.8	13.0	8.2	455.1
14.8	22.7	254.6	13.1	7.0	455.1
37.2	21.5	75.0	13.1	5.5	455.1
28.1	15.7	92.5	13.1	8.5	455.1
0.8	16.2	505.1	13.1	8.4	455.1
31.6	15.0	179.0	13.2	7.6	455.1
0.4	15.2	352.8	13.2	6.8	455.1
0.0	15.5	597.6	13.2	8.6	455.1
18.4	16.9	533.1	13.3	7.8	455.1
1.0	18.1	94.5	13.3	5.6	455.1
0.2	19.6	475.2	13.3	9.2	455.1
7.1	20.2	283.2	13.3	8.2	455.3
22.3	18.6	118.0	13.4	4.8	455.3
14.6	18.7	105.5	13.4	7.8	455.3
1.6	16.1	217.3	13.4	7.3	455.3
0.1	17.1	571.4	13.4	8.4	455.3
0.5	20.5	472.8	13.5	10.0	455.3
0.7	21.5	585.6	13.5	9.4	455.3
0.0	23.9	511.2	13.5	10.0	455.3
1.5	23.0	148.2	13.5	6.9	455.3
46.0	20.6	424.4	13.6	13.8	455.3
31.1	9.9	45.3	13.6	3.6	455.3
7.0	10.0	49.7	13.6	3.3	455.3
38.4	9.0	28.4	13.6	1.8	455.3
20.3	10.2	48.9	13.6	3.3	455.3
1.6	11.8	95.6	13.7	3.8	455.3
0.9	14.1	272.7	13.7	6.6	455.3
0.6	15.8	147.0	13.7	7.0	455.3
3.1	19.8	225.9	13.7	8.2	455.3
4.1	21.9	298.8	13.7	8.5	455.3
7.4	21.0	78.8	13.8	3.9	455.3
10.3	21.6	54.1	13.8	4.4	455.3
21.7	21.4	104.7	13.8	6.7	455.3
3.2	21.9	178.8	13.8	6.8	455.3
2.9	22.8	467.7	13.8	9.2	455.3
0.5	23.3	420.5	13.8	9.2	455.3
0.1	25.2	565.8	13.9	10.2	455.3
14.3	23.5	362.1	13.9	10.1	455.3
0.0	20.9	647.4	13.9	9.4	455.3
1.1	22.5	577.5	13.9	10.1	455.3
9.4	19.0	615.8	13.9	10.4	455.3
0.0	19.1	616.3	13.9	9.8	455.3
0.0	21.2	480.9	14.0	9.0	453.8
38.9	17.7	93.9	14.0	7.0	453.8
0.8	18.5	294.0	14.0	7.7	453.8
0.1	20.2	400.0	14.0	9.3	453.8
0.1	21.1	654.6	14.0	11.0	453.8
0.0	21.2	669.9	14.0	9.6	453.8
0.0	21.8	648.4	14.0	10.9	453.8
0.6	22.8	602.1	14.0	9.7	453.8
0.1	23.9	355.8	14.0	8.4	453.8
24.4	25.0	516.5	14.0	8.7	453.8
20.9	24.8	439.4	14.0	9.0	453.8
17.9	22.3	110.5	14.1	8.0	453.8
0.1	23.6	636.4	14.1	10.1	453.8
0.0	22.5	593.6	14.1	10.9	453.8
0.0	23.0	603.2	14.1	11.2	453.8
0.0	24.2	680.2	14.1	12.1	453.8
0.0	26.1	627.4	14.1	10.9	453.8
0.3	23.8	205.8	14.1	9.3	453.8
0.0	23.4	353.2	14.1	8.6	453.8
0.0	23.0	554.1	14.1	11.4	453.8
0.0	23.2	571.0	14.1	10.3	453.8
5.6	20.3	178.0	14.1	7.9	453.8
0.2	20.7	586.8	14.1	9.9	453.8
0.1	21.2	664.4	14.1	10.8	453.8
0.0	23.3	671.2	14.1	11.0	453.8
0.0	23.8	526.8	14.1	10.2	453.8
0.0	23.7	481.4	14.1	11.3	453.8
4.4	24.2	354.3	14.1	10.2	453.8
84.8	18.8	60.5	14.1	5.0	453.8
4.8	19.0	28.1	14.1	4.2	453.8
0.5	19.2	206.3	14.1	7.5	450.7
4.9	20.9	342.5	14.0	7.5	450.7
7.1	20.6	97.2	14.0	4.8	450.7
0.3	21.6	156.0	14.0	6.5	450.7
0.5	21.9	341.1	14.0	8.8	450.7
0.0	21.6	568.9	14.0	9.4	450.7
0.0	21.9	604.5	14.0	9.4	450.7
0.8	22.9	402.0	14.0	8.4	450.7
3.9	23.9	476.1	14.0	8.6	450.7
2.5	24.1	255.3	14.0	7.1	450.7
0.8	24.2	137.9	14.0	6.3	450.7
12.8	23.6	56.3	13.9	4.1	450.7
7.2	24.2	190.3	13.9	7.5	450.7
12.8	25.7	395.8	13.9	9.5	450.7
18.6	25.5	309.0	13.9	7.5	450.7
1.6	24.5	115.3	13.9	6.1	450.7
1.2	24.6	114.5	13.9	5.2	450.7
12.9	25.5	398.5	13.9	8.2	450.7
20.0	25.3	211.2	13.8	6.9	450.7
16.3	25.8	486.4	13.8	8.3	450.7
0.8	26.1	449.4	13.8	9.6	450.7
2.7	26.2	580.4	13.8	10.3	450.7
6.9	24.5	266.4	13.8	8.8	450.7
9.9	24.6	527.1	13.7	8.0	450.7
18.6	24.7	425.5	13.7	9.0	450.7
0.2	26.2	574.9	13.7	9.8	450.7
7.9	25.6	358.3	13.7	8.9	450.7
10.3	25.2	424.1	13.7	9.1	450.7
18.8	25.5	416.5	13.6	8.2	450.7
18.3	26.0	483.5	13.6	9.2	450.7
17.1	26.6	424.5	13.6	9.2	450.7
17.7	25.6	287.8	13.6	8.5	448.8
13.5	25.8	434.8	13.6	9.8	448.8
5.4	26.6	525.5	13.5	10.6	448.8
5.2	26.8	536.6	13.5	9.5	448.8
12.5	26.7	602.2	13.5	10.1	448.8
4.1	26.4	528.6	13.5	10.2	448.8
0.7	27.2	591.9	13.4	10.1	448.8
6.9	26.8	566.2	13.4	10.3	448.8
21.9	26.5	582.2	13.4	9.7	448.8
12.2	26.6	573.9	13.4	9.2	448.8
13.0	26.7	502.3	13.3	9.2	448.8
19.7	26.6	489.7	13.3	9.5	448.8
11.4	26.0	377.6	13.3	8.8	448.8
14.5	26.2	506.4	13.3	9.1	448.8
6.9	26.1	404.7	13.2	9.0	448.8
10.4	27.2	460.0	13.2	9.7	448.8
26.3	27.2	470.9	13.2	9.2	448.8
6.1	24.9	151.3	13.2	5.8	448.8
0.0	24.4	555.1	13.1	9.1	448.8
0.0	24.9	563.5	13.1	9.1	448.8
0.0	23.7	562.4	13.1	9.7	448.8
0.0	23.2	614.3	13.1	10.0	448.8
0.2	24.9	258.7	13.0	7.6	448.8
1.1	25.6	141.3	13.0	6.2	448.8
1.0	25.2	115.3	13.0	5.6	448.8
0.7	25.5	263.6	12.9	6.8	448.8
0.9	26.7	476.2	12.9	8.0	448.8
3.5	25.9	321.9	12.9	7.0	448.8
0.8	25.1	98.6	12.9	5.6	448.8
2.3	24.4	62.5	12.8	4.6	448.8
3.1	23.6	31.6	12.8	3.5	448.8
1.6	23.2	42.7	12.8	2.8	447.6
3.4	23.5	68.6	12.7	4.9	447.6
4.9	24.6	369.9	12.7	8.2	447.6
7.2	25.4	461.9	12.7	8.9	447.6
19.1	25.4	326.5	12.7	8.0	447.6
18.9	25.4	314.1	12.6	8.0	447.6
4.4	25.3	390.2	12.6	7.3	447.6
2.0	24.6	267.6	12.6	6.2	447.6
0.7	25.2	460.6	12.5	7.4	447.6
0.1	24.9	418.0	12.5	8.6	447.6
1.3	25.1	451.4	12.5	7.2	447.6
0.1	23.0	200.7	12.4	7.3	447.6
0.2	24.2	497.4	12.4	8.7	447.6
0.6	25.4	451.5	12.4	7.5	447.6
9.5	25.3	140.3	12.4	7.9	447.6
10.4	16.8	15.1	12.3	7.9	447.6
0.1	16.4	94.2	12.3	4.8	447.6
0.0	19.1	149.9	12.3	5.8	447.6
0.0	21.6	243.8	12.2	6.1	447.6
0.0	21.7	256.0	12.2	7.4	447.6
0.0	21.8	457.0	12.2	8.1	447.6
0.0	22.3	497.7	12.1	8.5	447.6
0.0	22.4	485.7	12.1	8.4	447.6
0.3	24.3	492.4	12.1	8.6	447.6
0.5	23.1	116.9	12.1	7.1	447.6
0.0	23.0	484.3	12.0	7.4	447.6
1.7	22.8	173.0	12.0	5.5	447.6
1.9	23.3	146.1	12.0	5.7	447.6
1.1	22.7	92.6	11.9	4.8	447.6
0.0	22.7	341.9	11.9	6.1	447.6
0.2	23.8	415.3	11.9	7.2	447.4
0.3	23.3	370.2	11.8	8.1	447.4
0.0	23.2	464.2	11.8	7.6	447.4
0.0	21.6	444.5	11.8	9.2	447.4
0.0	16.4	504.5	11.8	7.2	447.4
0.0	16.5	501.1	11.7	7.6	447.4
0.0	18.7	485.0	11.7	8.0	447.4
0.0	17.4	437.6	11.7	8.7	447.4
0.0	15.0	446.0	11.6	5.6	447.4
0.0	15.4	398.0	11.6	7.6	447.4
0.0	16.6	477.0	11.6	8.1	447.4
0.0	16.7	474.3	11.5	7.5	447.4
0.0	17.8	396.0	11.5	7.5	447.4
0.0	18.4	445.7	11.5	8.0	447.4
0.0	17.4	461.5	11.5	6.9	447.4
0.0	15.8	459.6	11.4	7.1	447.4
0.0	16.0	418.8	11.4	6.8	447.4
0.0	16.8	442.9	11.4	6.9	447.4
0.0	17.9	436.3	11.3	7.5	447.4
0.0	18.1	441.8	11.3	7.6	447.4
0.0	17.9	438.9	11.3	7.6	447.4
0.0	19.8	422.8	11.3	7.4	447.4
5.8	20.7	195.7	11.2	5.6	447.4
0.3	18.1	52.7	11.2	4.7	447.4
0.0	18.3	400.6	11.2	5.6	447.4
0.2	16.6	98.6	11.1	2.8	447.4
0.3	16.0	49.5	11.1	2.9	447.4
0.3	15.1	80.0	11.1	3.6	447.4
0.0	13.9	365.8	11.1	5.4	447.4
1.0	16.1	293.5	11.0	5.3	447.4
0.3	14.6	119.2	11.0	3.4	447.4
0.5	15.7	110.1	11.0	3.9	448.7
13.1	17.5	99.6	11.0	3.6	448.7
23.7	18.1	28.2	10.9	2.3	448.7
3.4	18.2	71.8	10.9	3.8	448.7
5.1	15.6	66.9	10.9	2.5	448.7
0.2	14.1	137.9	10.9	4.1	448.7
0.1	15.3	294.8	10.8	4.7	448.7
0.3	15.8	101.9	10.8	3.5	448.7
0.1	17.4	218.2	10.8	4.1	448.7
7.1	19.3	255.5	10.8	4.8	448.7
0.6	10.3	57.9	10.7	5.0	448.7
0.0	8.0	372.0	10.7	3.4	448.7
0.0	11.0	292.0	10.7	4.5	448.7
0.0	13.2	198.3	10.7	4.1	448.7
0.0	12.8	109.6	10.6	4.5	448.7
0.2	14.6	346.5	10.6	5.2	448.7
0.0	16.3	305.2	10.6	5.4	448.7
0.3	18.8	261.8	10.6	5.1	448.7
1.3	19.1	125.1	10.5	4.0	448.7
0.9	17.4	70.0	10.5	2.8	448.7
0.1	20.0	278.3	10.5	4.5	448.7
0.1	19.9	180.6	10.5	4.6	448.7
10.1	20.1	289.7	10.5	6.0	448.7
3.4	7.4	76.8	10.5	3.9	448.7
6.2	5.4	49.0	10.4	1.4	448.7
11.0	6.3	24.9	10.4	1.9	448.7
9.4	14.6	93.0	10.4	4.8	448.7
1.8	5.5	60.6	10.4	2.6	448.7
0.2	6.1	334.4	10.4	3.6	448.7
0.1	7.3	285.8	10.4	3.7	448.7
3.1	15.2	219.7	10.3	4.6	450.5
74.1	16.3	23.6	10.3	2.3	450.5
2.1	18.9	119.7	10.3	4.1	450.5
6.6	13.2	25.5	10.3	4.5	450.5
1.2	7.0	59.3	10.3	1.6	450.5
0.5	8.3	110.5	10.3	2.3	450.5
1.0	8.8	83.5	10.3	2.9	450.5
1.3	5.5	88.3	10.3	1.4	450.5
1.1	7.4	57.1	10.2	1.8	450.5
2.3	5.8	58.1	10.2	3.2	450.5
0.0	-0.5	256.6	10.2	1.6	450.5
6.7	0.8	102.4	10.2	1.5	450.5
21.7	2.5	25.4	10.2	1.3	450.5
0.9	2.0	115.8	10.2	1.3	450.5
8.1	2.6	95.8	10.2	1.5	450.5
0.6	2.6	182.6	10.2	2.0	450.5
0.0	1.5	261.3	10.2	2.4	450.5
0.1	3.1	311.1	10.2	3.1	450.5
0.8	4.8	284.1	10.2	3.3	450.5
0.5	0.3	178.4	10.2	1.8	450.5
0.1	-1.0	110.9	10.2	1.6	450.5
0.0	2.4	260.9	10.2	3.0	450.5
0.1	5.4	184.9	10.2	3.0	450.5
0.2	4.9	192.4	10.2	2.9	450.5
0.1	8.0	107.3	10.2	3.3	450.5
1.6	12.9	261.8	10.2	3.8	450.5
0.9	15.5	69.4	10.2	2.9	450.5
27.3	14.0	131.4	10.2	5.0	450.5
2.2	5.7	291.2	10.2	2.6	450.5
9.7	3.7	28.8	10.2	1.6	450.5
11.1	2.2	39.7	10.2	1.2	450.5
13.5	1.6	41.2	10.2	1.2	452.4
6.3	0.3	36.1	10.2	1.3	452.4
0.3	-0.4	177.4	10.2	2.0	452.4
0.0	1.1	319.3	10.2	2.5	452.4
1.9	2.9	132.5	10.3	2.0	452.4
20.8	3.1	42.9	10.3	1.3	452.4
0.5	3.3	58.3	10.3	1.7	452.4
9.9	2.1	101.3	10.3	1.4	452.4
14.9	0.7	46.0	10.3	1.3	452.4
0.1	-1.1	316.6	10.3	2.0	452.4
0.1	1.5	286.6	10.3	2.4	452.4
0.2	2.6	141.2	10.3	1.7	452.4
0.0	2.7	322.2	10.4	2.8	452.4
0.0	1.9	342.0	10.4	2.3	452.4
0.0	5.2	338.8	10.4	2.9	452.4
0.0	4.7	340.0	10.4	3.1	452.4
0.1	2.8	340.5	10.4	3.4	452.4
0.0	2.6	315.6	10.4	3.3	452.4
0.1	4.1	146.3	10.5	3.4	452.4
0.0	6.3	352.5	10.5	4.1	452.4
1.0	5.1	145.2	10.5	3.8	452.4
0.0	-3.1	364.6	10.5	2.0	452.4
0.0	-3.1	358.0	10.5	2.1	452.4
0.0	-1.9	183.7	10.6	2.5	452.4
0.0	1.5	360.5	10.6	3.2	452.4
0.1	2.5	305.4	10.6	3.1	452.4
0.0	-0.8	375.5	10.6	2.6	452.4
0.3	0.8	274.5	10.7	2.4	452.4
0.0	2.7	353.6	10.7	2.9	452.4
0.0	-2.1	385.8	10.7	2.7	452.4
0.0	-0.9	388.7	10.7	3.1	452.4
0.0	0.7	328.0	10.7	3.4	453.4
0.0	2.3	379.8	10.8	3.7	453.4
4.0	4.0	133.1	10.8	3.2	453.4
0.0	4.9	225.6	10.8	3.9	453.4
0.0	3.6	391.9	10.8	4.7	453.4
0.0	-3.0	416.6	10.9	2.2	453.4
0.0	-2.6	419.8	10.9	2.7	453.4
0.0	2.1	419.2	10.9	4.4	453.4
0.0	7.9	411.8	11.0	6.0	453.4
5.0	11.9	284.4	11.0	6.5	453.4
0.8	3.3	160.3	11.0	3.1	453.4
0.0	3.7	316.6	11.0	3.5	453.4
0.0	5.2	396.8	11.1	4.8	453.4
0.0	5.1	433.3	11.1	4.7	453.4
0.2	6.0	173.3	11.1	3.8	453.4
11.4	5.3	59.8	11.1	2.3	453.4
0.2	4.6	217.0	11.2	3.2	453.4
2.8	9.1	369.3	11.2	5.2	453.4
0.0	-1.6	329.5	11.2	2.7	453.4
0.0	0.8	462.1	11.3	3.5	453.4
0.0	6.4	419.9	11.3	4.8	453.4
0.4	7.1	107.4	11.3	3.2	453.4
0.1	5.4	167.8	11.3	4.0	453.4
0.0	11.5	405.6	11.4	6.6	453.4
0.0	16.0	441.2	11.4	7.6	453.4
0.2	17.8	417.2	11.4	7.7	453.4
19.6	18.2	189.5	11.5	6.9	453.4
23.4	14.1	53.8	11.5	6.1	453.4
0.8	7.3	90.6	11.5	2.5	453.8
7.7	8.2	161.8	11.6	3.0	453.8
47.4	7.6	65.4	11.6	5.4	453.8
6.4	10.7	44.9	11.6	6.1	453.8
8.0	9.7	249.3	11.6	5.2	453.8
5.1	-1.2	58.9	11.7	3.5	453.8
0.0	-0.4	245.7	11.7	2.4	453.8
3.2	2.9	206.5	11.7	3.1	453.8
21.5	3.9	120.5	11.8	3.0	453.8
24.3	4.7	79.1	11.8	2.3	453.8
24.8	3.8	48.8	11.8	2.5	453.8
14.7	2.4	44.0	11.9	1.6	453.8
3.9	5.8	289.9	11.9	3.9	453.8
14.1	7.2	65.7	11.9	2.5	453.8
4.1	7.5	91.4	12.0	3.4	453.8
1.4	5.6	118.6	12.0	2.8	453.8
0.1	10.1	524.7	12.0	5.5	453.8
0.0	9.6	538.3	12.0	6.7	453.8
0.0	13.0	473.8	12.1	6.8	453.8
1.9	13.0	251.4	12.1	5.4	453.8
2.3	15.3	132.5	12.1	5.4	453.8
19.7	16.4	44.6	12.2	5.3	453.8
0.5	15.3	335.5	12.2	6.1	453.8
9.7	14.9	144.8	12.2	6.2	453.8
5.8	13.0	38.1	12.3	3.4	453.8
7.0	18.5	111.2	12.3	6.3	453.8
2.8	13.4	80.6	12.3	7.6	453.8
0.0	11.4	542.7	12.3	5.1	453.8
0.0	11.3	436.8	12.4	5.1	453.8
0.0	10.3	235.1	12.4	5.6	453.8
0.0	10.9	271.3	12.4	6.5	453.8
0.0	13.4	567.6	12.5	8.1	454.0
0.0	16.2	572.9	12.5	8.8	454.0
0.0	17.3	452.6	12.5	9.0	454.0
0.0	18.3	580.1	12.6	9.2	454.0
0.2	19.0	422.7	12.6	9.3	454.0
0.6	19.4	428.6	12.6	8.8	454.0
14.5	18.3	177.5	12.7	6.6	454.0
54.8	18.5	66.0	12.7	4.7	454.0
1.3	15.1	109.3	12.7	5.0	454.0
0.1	15.9	479.4	12.7	7.9	454.0
20.6	18.4	509.6	12.8	7.9	454.0
48.2	17.9	54.8	12.8	5.4	454.0
7.0	12.0	57.6	12.8	7.2	454.0
21.5	7.5	29.2	12.9	4.9	454.0
2.0	4.3	87.5	12.9	2.7	454.0
0.0	5.3	564.3	12.9	5.5	454.0
0.3	8.9	608.2	12.9	6.2	454.0
0.0	13.0	608.7	13.0	8.1	454.0
5.4	12.7	110.0	13.0	4.2	454.0
31.6	17.6	134.6	13.0	7.7	454.0
51.5	21.6	430.7	13.1	8.5	454.0
26.4	17.9	321.8	13.1	9.3	454.0
0.0	13.6	584.8	13.1	7.8	454.0
4.0	13.1	581.3	13.1	7.7	454.0
66.4	10.6	48.3	13.2	3.2	454.0
7.8	8.8	69.9	13.2	4.8	454.0
0.0	11.0	649.6	13.2	6.4	454.0
3.0	13.8	494.9	13.2	7.1	454.0
16.8	13.6	78.3	13.3	4.5	454.0
1.2	13.5	159.4	13.3	6.0	454.0
0.0	13.9	667.7	13.3	6.0	454.2
0.2	16.9	658.3	13.4	8.3	454.2
0.0	19.7	657.9	13.4	10.7	454.2
0.0	19.8	651.5	13.4	10.2	454.2
0.0	20.8	650.1	13.4	11.0	454.2
5.1	22.0	499.6	13.5	10.0	454.2
7.6	19.3	110.4	13.5	5.5	454.2
6.4	20.6	226.1	13.5	6.7	454.2
1.1	21.4	160.3	13.5	6.9	454.2
14.2	24.5	398.0	13.5	10.2	454.2
21.3	22.4	286.1	13.6	9.1	454.2
0.2	22.8	548.8	13.6	8.8	454.2
22.5	23.2	285.3	13.6	9.2	454.2
29.3	19.7	100.9	13.6	9.0	454.2
0.0	16.5	176.0	13.7	6.1	454.2
4.0	14.1	82.5	13.7	4.5	454.2
10.5	17.1	56.9	13.7	5.5	454.2
0.2	20.0	434.5	13.7	8.9	454.2
0.1	22.8	424.9	13.7	9.2	454.2
0.1	24.4	597.4	13.8	10.4	454.2
14.6	24.0	211.0	13.8	9.3	454.2
0.0	22.8	480.8	13.8	10.1	454.2
0.1	18.6	341.2	13.8	8.8	454.2
23.1	21.4	556.7	13.8	10.1	454.2
0.1	20.8	550.6	13.8	10.3	454.2
0.0	21.6	621.0	13.9	10.3	454.2
0.0	23.6	607.8	13.9	10.9	454.2
44.6	19.6	121.2	13.9	6.6	454.2
7.2	23.3	55.1	13.9	6.4	454.2
7.3	21.8	68.1	13.9	6.0	454.2
0.5	21.3	116.9	13.9	6.9	454.2
4.2	24.6	324.4	13.9	9.0	452.7
31.7	25.2	355.9	14.0	10.4	452.7
0.4	22.7	509.8	14.0	10.1	452.7
0.2	23.7	618.0	14.0	10.1	452.7
10.2	22.6	157.3	14.0	4.9	452.7
2.1	23.8	334.2	14.0	9.1	452.7
0.6	26.3	631.7	14.0	11.2	452.7
4.7	26.3	594.3	14.0	11.4	452.7
6.8	25.2	426.0	14.0	9.7	452.7
2.6	22.8	57.5	14.0	3.5	452.7
0.8	23.8	168.8	14.0	6.5	452.7
14.6	25.6	499.0	14.1	9.7	452.7
25.9	26.3	417.3	14.1	9.5	452.7
8.8	25.8	389.2	14.1	8.7	452.7
0.0	27.4	643.5	14.1	10.8	452.7
0.0	26.4	588.6	14.1	10.8	452.7
2.0	26.7	653.1	14.1	12.4	452.7
0.1	27.5	488.2	14.1	11.3	452.7
34.6	25.6	127.3	14.1	7.2	452.7
11.4	24.3	189.0	14.1	7.1	452.7
0.2	23.6	467.6	14.1	9.9	452.7
0.1	24.5	524.9	14.1	10.3	452.7
0.1	27.0	575.1	14.1	10.6	452.7
23.1	25.9	306.2	14.1	8.8	452.7
16.9	25.8	381.2	14.1	8.3	452.7
0.3	26.4	380.6	14.1	8.6	452.7
3.2	27.7	628.7	14.1	10.7	452.7
12.9	27.4	585.9	14.1	10.6	452.7
17.9	26.2	390.8	14.1	10.0	452.7
2.7	27.1	451.6	14.1	10.0	452.7
5.8	26.7	370.5	14.1	9.4	449.5
15.6	25.3	72.5	14.0	4.1	449.5
19.4	26.0	221.0	14.0	6.4	449.5
18.3	26.5	229.1	14.0	7.3	449.5
7.0	26.5	190.1	14.0	8.3	449.5
15.1	27.3	340.9	14.0	9.5	449.5
20.0	27.7	413.0	14.0	9.4	449.5
0.0	27.4	125.9	14.0	8.7	449.5
13.1	27.7	423.6	14.0	11.3	449.5
8.7	27.8	592.1	14.0	10.8	449.5
0.7	27.9	591.4	14.0	10.1	449.5
27.7	27.6	513.2	13.9	9.6	449.5
17.7	26.4	247.0	13.9	8.0	449.5
16.6	26.7	211.8	13.9	9.1	449.5
13.5	26.6	234.9	13.9	8.2	449.5
32.0	27.2	336.9	13.9	8.9	449.5
19.3	26.4	184.9	13.9	7.9	449.5
29.9	24.9	330.5	13.9	8.5	449.5
4.4	22.3	56.2	13.8	4.9	449.5
1.3	23.2	214.7	13.8	7.4	449.5
2.4	23.2	398.2	13.8	8.0	449.5
1.4	22.5	180.1	13.8	5.6	449.5
0.7	22.7	140.5	13.8	5.1	449.5
0.2	23.5	208.8	13.8	6.8	449.5
0.6	24.7	448.0	13.7	8.6	449.5
0.3	26.4	547.6	13.7	9.2	449.5
28.5	25.9	453.9	13.7	9.3	449.5
0.1	26.8	492.0	13.7	9.6	449.5
14.1	27.0	496.6	13.7	8.8	449.5
6.1	27.0	474.2	13.6	8.8	449.5
0.4	27.2	491.5	13.6	9.5	449.5
0.1	28.2	546.6	13.6	9.1	447.6
17.8	27.6	530.8	13.6	10.7	447.6
19.9	26.7	373.3	13.5	8.7	447.6
12.4	26.6	504.7	13.5	9.5	447.6
15.2	25.8	396.2	13.5	7.1	447.6
0.4	25.5	95.2	13.5	5.4	447.6
17.4	26.2	338.5	13.5	7.4	447.6
15.4	27.0	398.8	13.4	8.7	447.6
9.4	26.7	222.5	13.4	7.4	447.6
4.4	26.7	318.2	13.4	8.5	447.6
14.4	26.5	308.6	13.4	8.1	447.6
18.1	26.0	492.2	13.3	9.3	447.6
12.8	26.1	414.6	13.3	8.9	447.6
26.0	25.7	460.6	13.3	8.3	447.6
0.2	23.6	160.1	13.2	5.7	447.6
0.1	24.8	459.0	13.2	8.3	447.6
0.7	26.3	378.7	13.2	8.4	447.6
16.8	25.9	384.1	13.2	8.8	447.6
0.1	25.1	241.1	13.1	8.0	447.6
1.4	25.2	483.1	13.1	8.6	447.6
0.5	23.6	472.8	13.1	8.3	447.6
0.9	24.5	455.4	13.1	8.4	447.6
0.0	23.8	518.4	13.0	9.3	447.6
0.2	24.4	589.5	13.0	9.2	447.6
0.4	24.4	518.1	13.0	9.3	447.6
0.2	25.8	535.5	13.0	8.9	447.6
6.8	26.0	427.7	12.9	10.7	447.6
0.5	27.2	503.2	12.9	9.8	447.6
0.2	27.8	519.0	12.9	10.0	447.6
0.0	28.2	454.4	12.8	10.8	447.6
0.1	24.7	503.0	12.8	8.7	447.6
0.1	24.2	572.5	12.8	9.9	446.4
0.3	24.5	411.4	12.8	9.7	446.4
0.0	25.3	518.4	12.7	9.9	446.4
0.0	26.4	522.0	12.7	10.6	446.4
0.0	27.1	416.7	12.7	9.9	446.4
0.0	25.7	243.0	12.6	8.8	446.4
0.0	26.6	395.7	12.6	9.0	446.4
0.0	27.1	365.9	12.6	8.8	446.4
0.5	26.7	274.5	12.5	9.0	446.4
0.3	27.7	380.5	12.5	9.7	446.4
0.1	28.9	486.0	12.5	10.1	446.4
14.4	26.1	409.7	12.5	8.8	446.4
0.0	25.2	472.8	12.4	9.0	446.4
0.0	25.5	518.5	12.4	8.5	446.4
0.6	26.4	238.7	12.4	7.8	446.4
26.8	26.8	323.8	12.3	10.1	446.4
3.3	18.6	77.1	12.3	7.5	446.4
0.2	18.0	486.8	12.3	6.0	446.4
0.0	17.6	316.6	12.2	6.0	446.4
0.4	20.1	485.1	12.2	7.1	446.4
0.4	17.7	67.3	12.2	5.6	446.4
0.0	19.3	380.3	12.2	9.3	446.4
0.0	17.2	543.7	12.1	6.8	446.4
0.0	18.2	513.9	12.1	8.6	446.4
0.0	20.2	472.5	12.1	8.1	446.4
0.0	19.9	340.0	12.0	8.2	446.4
0.0	21.0	369.7	12.0	8.2	446.4
0.0	20.9	459.3	12.0	9.0	446.4
0.0	21.4	455.3	11.9	9.0	446.4
0.0	21.4	310.6	11.9	7.5	446.4
0.0	22.7	476.5	11.9	9.0	446.2
0.0	23.2	488.8	11.9	9.4	446.2
0.0	22.8	485.0	11.8	9.2	446.2
0.0	20.7	308.3	11.8	7.9	446.2
0.1	22.8	341.7	11.8	7.7	446.2
5.0	21.8	34.9	11.7	3.6	446.2
3.8	22.8	28.1	11.7	3.0	446.2
12.8	23.0	22.6	11.7	1.7	446.2
6.1	22.6	15.9	11.6	2.5	446.2
4.1	21.8	115.7	11.6	5.7	446.2
0.2	18.9	340.6	11.6	6.3	446.2
0.5	20.7	245.4	11.6	6.4	446.2
0.7	21.9	418.1	11.5	6.0	446.2
0.6	23.7	294.7	11.5	5.9	446.2
0.1	24.3	358.6	11.5	6.7	446.2
0.6	24.5	234.4	11.4	6.3	446.2
14.7	20.4	30.4	11.4	4.8	446.2
3.2	19.9	73.0	11.4	2.7	446.2
0.8	21.6	282.1	11.4	5.3	446.2
6.5	18.5	98.4	11.3	6.7	446.2
1.1	11.5	35.2	11.3	2.7	446.2
2.2	11.7	133.4	11.3	3.2	446.2
4.1	11.2	68.2	11.2	3.2	446.2
0.1	11.5	414.4	11.2	5.2	446.2
0.1	13.2	361.7	11.2	5.7	446.2
0.0	17.2	237.4	11.2	6.2	446.2
7.4	15.0	193.2	11.1	7.2	446.2
0.1	3.5	41.9	11.1	3.2	446.2
0.0	5.9	360.3	11.1	3.4	446.2
2.3	8.3	32.9	11.0	2.5	446.2
0.1	10.1	277.8	11.0	4.3	446.2
0.0	11.0	404.1	11.0	5.3	447.6
0.0	14.1	397.7	11.0	5.9	447.6
0.0	18.6	377.3	10.9	6.6	447.6
8.2	20.2	116.8	10.9	5.2	447.6
6.0	8.2	35.0	10.9	5.7	447.6
0.0	4.8	382.9	10.9	3.1	447.6
0.0	5.5	386.0	10.8	3.7	447.6
0.0	8.3	378.3	10.8	4.5	447.6
0.0	11.7	359.0	10.8	4.9	447.6
0.0	15.9	231.1	10.8	5.2	447.6
0.0	18.4	283.3	10.7	5.5	447.6
0.3	19.0	272.8	10.7	5.9	447.6
2.1	20.6	291.4	10.7	6.1	447.6
4.8	20.8	157.3	10.7	4.9	447.6
12.2	18.9	124.8	10.6	5.4	447.6
3.9	9.8	42.3	10.6	4.2	447.6
0.2	9.5	283.8	10.6	3.5	447.6
0.4	15.4	200.3	10.6	4.4	447.6
5.6	15.5	81.0	10.6	4.6	447.6
6.4	10.5	18.0	10.5	2.6	447.6
0.2	10.6	34.0	10.5	2.6	447.6
1.3	16.9	110.3	10.5	4.0	447.6
34.1	18.6	61.8	10.5	3.6	447.6
3.9	16.6	23.5	10.5	2.2	447.6
14.5	19.4	48.5	10.4	2.8	447.6
24.1	12.9	65.9	10.4	6.0	447.6
0.9	3.0	94.7	10.4	1.7	447.6
1.8	4.8	122.6	10.4	2.3	447.6
8.1	8.2	24.8	10.4	1.9	447.6
6.7	9.8	25.9	10.4	1.5	447.6
22.9	9.5	34.0	10.3	1.2	449.4
5.6	8.8	27.3	10.3	1.2	449.4
2.1	9.8	40.6	10.3	1.6	449.4
2.5	10.5	58.4	10.3	1.9	449.4
4.3	8.1	24.1	10.3	3.4	449.4
0.1	1.4	233.9	10.3	2.2	449.4
0.1	2.4	196.6	10.3	2.3	449.4
0.1	2.7	257.6	10.3	2.8	449.4
0.2	4.3	255.9	10.2	3.4	449.4
0.3	9.0	258.3	10.2	4.1	449.4
1.7	10.5	67.1	10.2	3.2	449.4
2.2	7.3	33.5	10.2	1.8	449.4
0.9	8.3	74.1	10.2	2.6	449.4
5.0	13.9	131.9	10.2	4.7	449.4
1.1	5.0	45.8	10.2	2.2	449.4
0.1	4.0	187.1	10.2	2.5	449.4
0.1	5.0	161.9	10.2	2.7	449.4
0.1	3.9	217.9	10.2	2.8	449.4
0.4	7.4	95.0	10.2	3.1	449.4
4.4	8.3	187.1	10.2	2.5	449.4
1.8	7.4	54.2	10.2	2.0	449.4
0.7	8.1	95.6	10.2	2.1	449.4
0.3	11.5	68.2	10.2	2.7	449.4
2.4	16.1	141.4	10.2	4.0	449.4
1.7	12.5	104.5	10.2	2.7	449.4
3.3	9.4	33.3	10.2	2.1	449.4
10.7	15.2	86.4	10.2	3.9	449.4
4.8	9.9	26.7	10.2	3.0	449.4
13.4	11.0	86.8	10.2	2.4	449.4
1.3	14.1	76.7	10.2	2.9	449.4
1.2	19.1	208.2	10.2	4.6	449.4
8.9	14.8	174.1	10.2	5.4	451.3
1.4	5.2	55.4	10.2	2.3	451.3
7.4	2.8	59.3	10.2	0.8	451.3
1.1	5.0	38.8	10.2	1.7	451.3
10.2	5.9	32.2	10.3	1.8	451.3
11.0	8.2	30.3	10.3	2.5	451.3
4.7	11.1	22.7	10.3	2.3	451.3
3.8	6.0	32.5	10.3	3.1	451.3
1.1	3.9	77.2	10.3	2.0	451.3
4.2	2.3	49.8	10.3	1.6	451.3
2.7	8.1	33.8	10.3	3.2	451.3
4.0	14.0	101.6	10.3	4.8	451.3
1.2	11.0	52.6	10.4	3.0	451.3
4.9	9.6	54.7	10.4	3.6	451.3
34.7	9.2	85.0	10.4	2.1	451.3
6.8	2.7	36.8	10.4	3.0	451.3
0.9	-1.0	200.4	10.4	1.5	451.3
0.2	-0.3	136.0	10.4	1.6	451.3
0.0	-1.2	340.2	10.5	2.0	451.3
1.4	0.1	275.5	10.5	2.1	451.3
4.2	1.3	66.5	10.5	1.2	451.3
9.9	2.9	101.2	10.5	1.9	451.3
5.4	0.8	40.7	10.5	1.4	451.3
9.5	1.5	125.2	10.6	1.6	451.3
6.5	1.9	67.9	10.6	1.3	451.3
9.0	0.3	55.0	10.6	1.3	451.3
0.5	0.3	162.4	10.6	2.0	451.3
0.0	2.3	332.6	10.6	2.6	451.3
0.0	0.4	379.4	10.7	2.5	451.3
0.3	3.7	367.4	10.7	3.6	451.3
1.0	2.7	327.4	10.7	2.8	451.3
0.5	4.7	153.1	10.7	3.1	452.2
0.1	2.1	223.8	10.8	3.0	452.2
0.0	8.2	365.5	10.8	4.7	452.2
9.0	9.0	96.0	10.8	3.0	452.2
1.3	10.2	105.6	10.8	3.1	452.2
1.5	6.4	56.3	10.9	3.0	452.2
0.1	7.0	237.8	10.9	3.6	452.2
4.6	8.5	73.1	10.9	3.7	452.2
8.1	4.3	146.2	10.9	1.7	452.2
4.3	8.1	98.9	11.0	3.0	452.2
5.8	10.2	82.0	11.0	3.2	452.2
0.3	12.5	231.8	11.0	4.4	452.2
22.0	12.4	182.2	11.1	6.3	452.2
27.2	0.3	30.6	11.1	3.0	452.2
7.0	-1.9	94.4	11.1	1.7	452.2
0.0	-3.9	261.9	11.1	1.7	452.2
0.0	-2.7	440.1	11.2	2.1	452.2
1.8	0.5	197.8	11.2	2.4	452.2
7.7	3.5	156.6	11.2	2.6	452.2
5.6	0.9	178.0	11.3	2.6	452.2
0.2	-2.6	402.0	11.3	2.5	452.2
0.0	-3.7	469.8	11.3	2.6	452.2
0.0	1.2	407.3	11.3	3.9	452.2
0.1	9.0	449.7	11.4	6.4	452.2
0.1	14.1	311.4	11.4	6.5	452.2
3.7	18.3	403.8	11.4	6.7	452.2
17.6	4.4	70.7	11.5	6.3	452.2
1.1	0.5	140.7	11.5	2.1	452.2
0.9	3.8	185.9	11.5	3.0	452.2
36.6	7.9	102.4	11.5	3.4	452.7
35.6	1.5	42.7	11.6	3.4	452.7
0.1	-0.3	224.3	11.6	2.0	452.7
0.0	1.3	433.6	11.6	2.8	452.7
0.0	0.5	187.4	11.7	2.7	452.7
7.0	1.8	233.5	11.7	2.8	452.7
1.6	2.6	177.3	11.7	3.3	452.7
0.0	7.1	505.5	11.8	5.4	452.7
0.0	11.9	479.9	11.8	7.3	452.7
0.4	15.5	279.2	11.8	6.5	452.7
0.9	19.5	268.2	11.9	5.6	452.7
0.5	21.0	231.3	11.9	6.1	452.7
5.0	20.1	347.6	11.9	7.2	452.7
21.7	16.6	147.6	11.9	8.6	452.7
1.2	8.1	65.7	12.0	3.2	452.7
17.7	10.5	307.0	12.0	5.3	452.7
62.8	9.2	55.2	12.0	3.6	452.7
13.8	4.1	40.0	12.1	3.3	452.7
17.8	4.0	27.3	12.1	1.8	452.7
17.1	3.7	41.1	12.1	2.4	452.7
4.2	3.0	58.5	12.2	1.8	452.7
33.5	2.7	48.4	12.2	2.0	452.7
9.2	5.7	31.5	12.2	3.3	452.7
9.3	5.6	53.2	12.2	3.6	452.7
3.4	5.8	202.4	12.3	3.4	452.7
32.4	6.7	99.0	12.3	2.9	452.7
21.0	6.9	45.0	12.3	1.4	452.7
1.9	7.9	198.0	12.4	4.6	452.7
46.3	12.0	290.3	12.4	6.3	452.7
1.8	8.0	99.5	12.4	4.4	452.7
49.6	10.3	124.2	12.5	4.7	452.7
11.0	12.6	239.4	12.5	5.1	452.9
1.3	17.2	118.2	12.5	8.3	452.9
0.2	22.5	422.6	12.6	8.0	452.9
2.9	22.0	505.4	12.6	10.1	452.9
15.0	12.8	133.5	12.6	7.1	452.9
18.1	8.1	74.0	12.6	3.1	452.9
0.2	16.4	282.0	12.7	8.3	452.9
0.1	22.3	529.8	12.7	9.7	452.9
0.0	23.4	575.0	12.7	10.2	452.9
0.0	22.9	557.5	12.8	8.8	452.9
24.5	14.3	99.5	12.8	11.2	452.9
34.5	7.4	267.7	12.8	5.3	452.9
77.2	5.0	35.7	12.8	2.2	452.9
31.4	5.8	45.7	12.9	2.5	452.9
10.7	7.8	77.9	12.9	3.5	452.9
0.1	7.9	184.0	12.9	4.2	452.9
2.6	8.9	269.1	13.0	4.5	452.9
9.1	9.2	114.2	13.0	3.3	452.9
1.2	9.7	136.2	13.0	5.6	452.9
0.0	14.1	434.1	13.0	8.1	452.9
0.0	13.8	624.7	13.1	8.5	452.9
0.0	15.2	602.0	13.1	8.7	452.9
11.8	17.5	541.8	13.1	9.0	452.9
7.5	17.5	143.3	13.2	6.1	452.9
4.4	21.2	381.3	13.2	8.5	452.9
12.6	21.3	224.7	13.2	7.7	452.9
32.8	22.8	440.2	13.2	7.2	452.9
0.8	21.8	210.4	13.3	7.1	452.9
18.6	21.9	110.9	13.3	5.9	452.9
40.3	23.8	293.5	13.3	8.1	452.9
2.4	23.3	490.8	13.3	9.1	453.1
53.0	18.6	109.9	13.4	10.3	453.1
0.0	15.3	660.7	13.4	8.4	453.1
0.0	18.4	603.3	13.4	8.9	453.1
0.6	17.7	279.8	13.4	6.7	453.1
2.5	21.7	478.6	13.5	9.3	453.1
12.9	21.9	391.4	13.5	9.4	453.1
7.0	21.4	477.9	13.5	10.8	453.1
0.4	21.2	369.2	13.5	7.7	453.1
11.0	22.4	573.1	13.6	9.1	453.1
1.2	23.6	510.7	13.6	9.3	453.1
11.9	17.0	136.1	13.6	8.6	453.1
0.1	17.6	652.8	13.6	8.5	453.1
0.3	18.4	633.0	13.7	10.3	453.1
0.0	15.2	688.1	13.7	8.3	453.1
16.0	19.0	460.9	13.7	9.5	453.1
25.3	18.6	36.9	13.7	6.2	453.1
0.2	19.5	220.4	13.7	8.0	453.1
0.2	21.6	559.5	13.8	11.1	453.1
0.0	22.7	507.3	13.8	9.6	453.1
0.0	21.8	515.8	13.8	10.8	453.1
0.0	20.8	581.9	13.8	8.5	453.1
0.0	20.7	397.7	13.8	10.1	453.1
0.1	23.5	604.7	13.8	11.0	453.1
2.6	21.1	113.7	13.9	6.6	453.1
0.0	24.1	637.3	13.9	11.4	453.1
0.2	18.6	424.7	13.9	8.3	453.1
0.0	21.3	687.2	13.9	9.7	453.1
0.0	24.0	627.2	13.9	11.5	453.1
11.2	19.1	102.1	13.9	8.5	453.1
0.6	21.6	493.3	13.9	10.0	453.1
0.0	24.5	644.6	14.0	10.7	451.6
17.8	25.5	518.6	14.0	10.9	451.6
0.1	23.2	561.9	14.0	10.1	451.6
0.0	22.0	676.4	14.0	11.5	451.6
0.0	23.2	660.7	14.0	8.9	451.6
1.7	24.7	463.7	14.0	9.5	451.6
2.1	22.6	166.5	14.0	8.4	451.6
0.2	21.7	539.9	14.0	9.8	451.6
0.0	21.7	690.9	14.0	9.9	451.6
0.0	22.8	691.2	14.0	11.4	451.6
0.1	24.1	665.6	14.1	10.9	451.6
0.0	25.8	664.4	14.1	11.9	451.6
0.3	27.3	680.1	14.1	11.9	451.6
0.2	26.6	618.6	14.1	12.3	451.6
0.1	23.8	638.8	14.1	9.2	451.6
0.6	25.5	568.1	14.1	10.5	451.6
0.4	23.5	203.2	14.1	8.1	451.6
4.3	24.5	520.5	14.1	10.7	451.6
3.5	23.6	416.0	14.1	10.1	451.6
0.7	24.1	560.5	14.1	8.7	451.6
0.2	24.5	495.7	14.1	9.3	451.6
2.0	23.8	319.5	14.1	8.7	451.6
31.7	19.0	47.4	14.1	6.3	451.6
6.8	18.6	39.2	14.1	2.4	451.6
1.1	20.5	153.3	14.1	7.2	451.6
2.0	23.6	313.5	14.1	9.0	451.6
5.6	25.5	265.1	14.1	9.2	451.6
31.0	25.0	154.4	14.1	7.5	451.6
22.2	25.0	134.8	14.1	7.5	451.6
21.1	25.1	266.3	14.1	8.6	451.6
9.1	23.7	56.8	14.0	5.0	448.4
4.8	23.0	88.3	14.0	5.8	448.4
6.9	21.6	47.5	14.0	4.3	448.4
13.9	24.9	332.6	14.0	9.3	448.4
2.2	25.0	316.7	14.0	8.5	448.4
18.1	24.3	145.8	14.0	6.7	448.4
15.2	25.6	438.9	14.0	8.8	448.4
20.8	25.6	461.1	14.0	10.7	448.4
1.8	26.6	408.3	14.0	9.8	448.4
0.3	25.7	367.6	14.0	9.7	448.4
0.4	25.5	423.8	13.9	9.5	448.4
0.2	25.7	374.9	13.9	9.2	448.4
1.5	27.1	380.1	13.9	9.9	448.4
23.0	26.1	127.4	13.9	8.3	448.4
6.7	23.9	47.3	13.9	3.6	448.4
2.1	24.7	85.0	13.9	5.9	448.4
28.3	26.4	414.2	13.9	9.9	448.4
22.3	26.5	478.4	13.8	9.3	448.4
13.7	27.4	406.7	13.8	9.2	448.4
9.4	23.8	157.3	13.8	8.8	448.4
13.2	24.6	523.6	13.8	9.1	448.4
22.0	24.3	123.0	13.8	5.3	448.4
1.1	26.4	452.0	13.8	8.9	448.4
24.4	26.8	352.0	13.7	8.9	448.4
4.7	26.5	190.4	13.7	8.3	448.4
2.3	25.4	78.8	13.7	5.0	448.4
7.2	25.9	212.3	13.7	7.9	448.4
9.2	26.4	324.7	13.7	9.2	448.4
11.2	26.9	423.1	13.6	9.5	448.4
10.8	27.2	489.6	13.6	9.7	448.4
9.1	27.6	544.0	13.6	10.9	448.4
8.4	27.3	546.3	13.6	10.0	446.5
8.7	27.4	566.7	13.5	10.8	446.5
7.6	26.9	610.0	13.5	10.0	446.5
10.3	27.2	580.8	13.5	9.4	446.5
21.5	27.0	473.4	13.5	9.2	446.5
19.8	26.8	414.0	13.5	9.2	446.5
16.8	26.2	313.4	13.4	8.7	446.5
27.1	25.1	351.1	13.4	7.4	446.5
10.6	24.6	268.5	13.4	7.3	446.5
3.3	25.3	361.1	13.4	8.1	446.5
5.0	25.5	299.9	13.3	7.8	446.5
19.6	26.0	390.8	13.3	8.7	446.5
22.4	25.9	323.9	13.3	8.5	446.5
14.9	25.7	218.1	13.3	7.6	446.5
11.8	26.4	424.1	13.2	9.5	446.5
8.7	26.6	407.0	13.2	8.7	446.5
15.7	26.6	372.4	13.2	8.6	446.5
15.9	26.3	382.6	13.2	7.9	446.5
20.6	25.6	256.0	13.1	7.4	446.5
12.5	26.3	458.2	13.1	8.5	446.5
20.0	25.2	266.6	13.1	7.2	446.5
4.1	23.5	145.2	13.0	6.5	446.5
20.8	22.1	51.2	13.0	3.5	446.5
7.1	22.2	29.1	13.0	2.7	446.5
4.1	22.5	51.8	13.0	3.3	446.5
0.9	22.3	59.4	12.9	5.2	446.5
0.2	21.7	473.8	12.9	8.6	446.5
0.0	20.8	591.6	12.9	9.0	446.5
0.0	21.2	599.6	12.8	9.3	446.5
0.0	21.4	599.3	12.8	9.6	446.5
0.1	23.0	567.4	12.8	8.6	446.5
1.1	24.4	145.8	12.8	7.4	445.3
0.4	26.3	230.0	12.7	8.5	445.3
2.6	26.0	358.0	12.7	9.0	445.3
0.6	26.4	428.0	12.7	7.8	445.3
0.1	23.8	361.7	12.6	9.4	445.3
0.0	22.9	567.5	12.6	9.3	445.3
0.0	24.3	560.8	12.6	9.6	445.3
0.0	24.0	564.0	12.6	9.8	445.3
0.0	24.7	559.5	12.5	9.8	445.3
0.0	24.9	542.8	12.5	10.1	445.3
0.1	24.8	499.0	12.5	9.1	445.3
0.2	25.4	430.0	12.4	8.2	445.3
0.0	24.4	516.4	12.4	9.4	445.3
0.0	22.7	542.2	12.4	8.9	445.3
0.0	23.4	528.9	12.3	8.3	445.3
0.1	23.7	437.6	12.3	7.3	445.3
0.0	22.1	439.2	12.3	9.0	445.3
0.0	21.6	533.4	12.3	8.6	445.3
0.0	21.4	529.1	12.2	9.2	445.3
0.0	22.0	538.6	12.2	9.7	445.3
0.0	23.0	531.5	12.2	10.4	445.3
0.0	23.5	532.5	12.1	9.1	445.3
0.0	24.1	508.3	12.1	9.4	445.3
0.0	23.2	515.5	12.1	9.3	445.3
0.0	24.4	436.8	12.0	8.6	445.3
0.0	24.8	474.3	12.0	8.7	445.3
0.0	22.7	480.0	12.0	8.4	445.3
0.0	20.5	390.9	12.0	8.2	445.3
0.0	20.6	457.3	11.9	8.6	445.3
0.0	21.8	479.1	11.9	8.7	445.3
0.0	22.4	487.3	11.9	8.9	445.1
0.0	22.8	484.3	11.8	9.1	445.1
0.0	23.0	479.7	11.8	8.7	445.1
0.0	22.9	472.3	11.8	8.4	445.1
0.0	21.6	453.7	11.7	8.0	445.1
0.0	19.5	351.5	11.7	7.3	445.1
0.0	18.2	478.5	11.7	7.8	445.1
0.0	16.5	491.3	11.7	7.4	445.1
0.0	17.7	481.4	11.6	7.3	445.1
0.0	17.2	472.8	11.6	6.7	445.1
0.0	18.3	465.7	11.6	7.6	445.1
0.0	17.8	467.6	11.5	7.6	445.1
0.0	18.5	437.7	11.5	7.8	445.1
0.0	18.4	456.7	11.5	7.8	445.1
0.0	18.5	432.9	11.4	7.8	445.1
0.0	19.0	450.4	11.4	7.5	445.1
0.0	15.7	414.5	11.4	6.0	445.1
0.0	15.0	312.3	11.4	5.5	445.1
0.0	15.5	435.4	11.3	6.3	445.1
0.0	16.8	323.2	11.3	6.3	445.1
6.1	18.6	405.8	11.3	6.6	445.1
50.3	18.4	11.4	11.2	3.9	445.1
27.6	18.6	13.2	11.2	1.6	445.1
27.2	18.0	17.6	11.2	3.0	445.1
0.5	16.4	83.4	11.2	5.2	445.1
0.0	10.8	425.7	11.1	4.6	445.1
0.0	11.4	422.0	11.1	5.1	445.1
0.1	13.7	411.0	11.1	5.9	445.1
0.0	14.8	395.1	11.0	5.5	445.1
0.1	15.7	360.4	11.0	6.0	445.1
0.1	16.2	368.4	11.0	5.6	445.1
0.0	13.6	388.7	11.0	5.9	446.5
0.0	9.3	401.9	10.9	4.3	446.5
0.0	10.8	395.1	10.9	4.8	446.5
0.0	12.1	390.4	10.9	5.4	446.5
0.0	13.5	384.4	10.9	5.9	446.5
0.0	13.7	387.4	10.8	6.0	446.5
0.0	13.4	389.5	10.8	6.0	446.5
0.0	14.2	383.2	10.8	6.1	446.5
0.2	15.6	366.8	10.8	5.9	446.5
0.0	12.6	164.0	10.7	3.6	446.5
0.0	8.8	239.5	10.7	4.3	446.5
0.0	7.6	318.1	10.7	4.0	446.5
0.0	7.2	371.2	10.7	4.3	446.5
0.0	7.2	332.8	10.6	4.0	446.5
0.0	3.7	375.2	10.6	3.4	446.5
0.0	4.4	352.6	10.6	3.8	446.5
0.0	7.1	357.6	10.6	4.6	446.5
0.0	9.1	359.7	10.6	5.0	446.5
0.0	8.6	360.0	10.5	4.8	446.5
0.0	11.3	357.7	10.5	5.0	446.5
0.0	14.8	336.1	10.5	5.4	446.5
0.1	16.0	327.8	10.5	5.8	446.5
0.0	12.3	268.5	10.5	4.7	446.5
0.0	10.0	336.9	10.4	4.5	446.5
0.0	10.3	336.7	10.4	5.0	446.5
0.0	9.0	271.8	10.4	4.1	446.5
0.0	10.0	323.0	10.4	4.9	446.5
0.0	11.3	333.5	10.4	4.5	446.5
0.0	15.8	292.0	10.4	4.9	446.5
0.0	16.2	174.5	10.3	5.2	446.5
0.0	13.6	322.9	10.3	5.2	448.3
0.0	13.8	321.4	10.3	5.1	448.3
0.0	14.7	317.8	10.3	5.3	448.3
0.0	17.4	306.9	10.3	5.5	448.3
1.1	16.6	183.4	10.3	4.3	448.3
0.5	16.9	246.6	10.3	4.3	448.3
11.1	15.3	119.0	10.3	4.2	448.3
12.3	9.3	18.8	10.2	1.6	448.3
13.1	6.9	20.2	10.2	2.7	448.3
1.5	1.7	68.5	10.2	1.3	448.3
1.4	1.7	62.1	10.2	1.1	448.3
0.5	0.5	185.5	10.2	2.1	448.3
0.0	-3.0	246.4	10.2	1.8	448.3
0.0	-5.3	322.2	10.2	1.5	448.3
0.0	-0.8	323.8	10.2	2.5	448.3
0.0	-3.2	322.8	10.2	1.7	448.3
0.0	-0.6	305.8	10.2	2.4	448.3
0.0	3.4	313.7	10.2	3.5	448.3
0.0	1.7	218.8	10.2	2.3	448.3
0.0	1.7	312.5	10.2	2.7	448.3
0.0	4.7	310.0	10.2	3.5	448.3
0.0	6.9	301.7	10.2	4.1	448.3
0.0	8.0	310.7	10.2	4.3	448.3
0.0	5.3	278.1	10.2	3.3	448.3
0.0	6.9	304.2	10.2	3.5	448.3
1.2	2.6	67.8	10.2	3.1	448.3
0.0	-3.9	315.8	10.2	1.9	448.3
0.0	-3.6	330.7	10.2	1.5	448.3
0.0	-0.1	318.1	10.2	2.7	448.3
0.0	1.7	320.5	10.2	3.2	448.3
0.0	5.7	323.9	10.2	4.3	448.3
0.0	5.7	322.0	10.2	4.1	450.2
0.0	7.2	317.9	10.2	3.9	450.2
0.0	9.6	302.1	10.2	4.5	450.2
0.0	5.1	309.4	10.3	3.6	450.2
0.0	3.8	327.1	10.3	3.4	450.2
0.0	6.7	323.4	10.3	4.0	450.2
0.0	9.5	315.8	10.3	4.8	450.2
0.0	11.2	309.9	10.3	4.7	450.2
6.3	8.3	60.0	10.3	2.7	450.2
0.0	4.4	200.1	10.3	3.3	450.2
0.0	1.6	342.3	10.3	3.1	450.2
0.0	4.4	315.0	10.4	3.2	450.2
0.0	3.8	235.0	10.4	3.0	450.2
0.0	2.4	296.1	10.4	3.3	450.2
0.0	4.1	274.0	10.4	3.1	450.2
0.2	4.7	204.7	10.4	2.8	450.2
0.1	2.1	166.2	10.4	2.8	450.2
2.3	4.7	344.4	10.5	3.4	450.2
11.6	2.5	54.5	10.5	2.2	450.2
0.4	0.2	185.6	10.5	2.0	450.2
0.0	-1.0	332.9	10.5	3.0	450.2
0.0	-4.9	369.3	10.5	1.6	450.2
0.0	-1.9	371.5	10.6	2.6	450.2
0.0	2.1	368.7	10.6	3.5	450.2
0.0	3.4	358.8	10.6	3.5	450.2
39.9	4.2	31.5	10.6	2.2	450.2
2.4	2.7	64.1	10.6	1.7	450.2
9.3	0.8	60.6	10.7	1.5	450.2
20.3	1.2	38.1	10.7	1.8	450.2
6.5	5.0	18.3	10.7	1.9	450.2
12.6	2.3	40.6	10.7	1.9	450.2
17.4	0.4	59.1	10.8	1.5	451.1
0.9	1.6	167.5	10.8	2.0	451.1
10.8	5.8	202.4	10.8	3.2	451.1
8.4	-1.3	40.6	10.8	3.0	451.1
0.0	-5.8	388.3	10.9	1.7	451.1
0.0	-2.9	401.2	10.9	2.2	451.1
0.0	-3.9	414.2	10.9	2.0	451.1
0.0	-3.1	408.7	10.9	2.6	451.1
0.0	0.4	417.6	11.0	3.2	451.1
0.2	6.3	313.1	11.0	3.8	451.1
1.0	14.0	382.4	11.0	6.0	451.1
7.4	8.9	74.5	11.0	5.1	451.1
3.6	7.7	248.6	11.1	3.5	451.1
0.4	8.5	111.1	11.1	4.0	451.1
13.2	-0.6	38.0	11.1	2.9	451.1
13.0	-1.4	252.6	11.2	1.7	451.1
5.3	-3.7	78.5	11.2	1.8	451.1
0.0	-3.7	392.2	11.2	2.3	451.1
0.0	0.5	446.8	11.2	3.4	451.1
0.0	1.6	458.2	11.3	3.5	451.1
0.0	5.4	460.9	11.3	4.6	451.1
0.0	7.5	457.7	11.3	4.8	451.1
0.0	7.3	428.1	11.4	5.3	451.1
0.0	8.4	469.4	11.4	5.9	451.1
0.0	12.3	468.1	11.4	6.7	451.1
0.0	12.6	246.2	11.4	6.5	451.1
0.0	17.5	423.7	11.5	8.5	451.1
0.0	19.7	465.4	11.5	9.1	451.1
1.5	19.0	455.0	11.5	9.8	451.6
0.0	6.5	305.7	11.6	4.8	451.6
0.0	9.6	417.4	11.6	5.7	451.6
1.7	16.4	431.9	11.6	8.3	451.6
7.6	12.5	62.7	11.7	6.3	451.6
0.1	10.5	387.7	11.7	5.3	451.6
0.0	6.5	365.1	11.7	4.7	451.6
0.0	12.0	511.9	11.8	7.2	451.6
0.9	16.9	325.5	11.8	7.7	451.6
21.4	16.6	81.8	11.8	5.3	451.6
0.7	15.9	156.9	11.8	6.8	451.6
0.8	11.1	117.1	11.9	6.3	451.6
0.1	12.0	290.1	11.9	6.3	451.6
3.4	9.8	120.8	11.9	4.8	451.6
4.6	6.5	59.3	12.0	3.4	451.6
11.2	7.2	61.6	12.0	3.0	451.6
20.5	8.6	46.4	12.0	3.2	451.6
3.8	5.7	41.9	12.1	3.4	451.6
0.2	4.4	242.5	12.1	3.9	451.6
0.0	5.0	380.1	12.1	5.0	451.6
0.4	8.8	520.8	12.2	6.4	451.6
11.0	4.0	390.0	12.2	4.7	451.6
4.3	1.7	118.4	12.2	2.6	451.6
0.0	4.4	565.9	12.2	4.6	451.6
0.0	6.9	562.3	12.3	5.6	451.6
0.0	7.6	290.3	12.3	5.6	451.6
0.0	11.4	548.7	12.3	7.4	451.6
4.3	16.0	538.6	12.4	8.8	451.6
12.8	15.9	80.7	12.4	5.5	451.6
18.7	10.3	39.2	12.4	8.3	451.6
0.0	3.0	232.1	12.5	4.3	451.6
0.0	6.2	595.1	12.5	6.2	451.8
0.0	12.6	528.2	12.5	7.5	451.8
0.1	10.6	145.4	12.5	4.7	451.8
4.2	13.7	407.4	12.6	7.5	451.8
0.3	13.8	434.8	12.6	6.6	451.8
16.4	14.0	115.9	12.6	4.5	451.8
18.2	15.8	137.4	12.7	5.9	451.8
0.0	13.5	598.8	12.7	7.6	451.8
0.0	17.5	419.6	12.7	8.4	451.8
12.5	18.1	203.5	12.8	7.2	451.8
10.0	14.4	70.9	12.8	6.1	451.8
0.1	14.5	536.9	12.8	8.5	451.8
0.0	16.4	592.7	12.8	8.6	451.8
0.1	18.2	530.7	12.9	8.4	451.8
0.1	17.0	291.4	12.9	8.4	451.8
8.1	20.0	556.9	12.9	8.5	451.8
9.7	18.1	94.9	13.0	4.7	451.8
5.1	17.8	56.6	13.0	2.9	451.8
42.3	19.3	81.4	13.0	6.5	451.8
0.2	16.8	315.7	13.0	7.0	451.8
22.4	18.4	205.5	13.1	6.9	451.8
4.2	22.2	245.5	13.1	8.9	451.8
0.0	17.7	518.9	13.1	7.1	451.8
0.9	17.2	234.3	13.2	7.5	451.8
0.0	14.7	309.1	13.2	6.9	451.8
0.0	16.7	634.2	13.2	8.9	451.8
0.0	19.7	617.0	13.2	9.1	451.8
0.3	18.5	532.0	13.3	10.1	451.8
0.0	19.0	633.1	13.3	10.0	451.8
0.3	21.0	591.6	13.3	8.9	451.8
82.7	17.8	56.3	13.3	2.3	452.0
21.0	17.0	42.2	13.4	4.4	452.0
1.6	17.4	128.3	13.4	4.6	452.0
1.6	19.3	472.2	13.4	7.7	452.0
0.2	20.4	631.6	13.4	10.2	452.0
5.2	20.8	556.8	13.5	9.9	452.0
2.9	15.2	99.0	13.5	6.5	452.0
0.8	17.6	590.5	13.5	9.1	452.0
1.2	12.6	186.5	13.5	5.8	452.0
0.0	12.5	496.9	13.6	7.8	452.0
0.1	14.2	673.0	13.6	9.1	452.0
0.0	15.9	669.4	13.6	9.7	452.0
0.0	18.8	671.9	13.6	10.6	452.0
0.0	19.9	655.9	13.6	10.5	452.0
0.0	21.1	448.7	13.7	9.9	452.0
15.9	22.5	297.7	13.7	9.2	452.0
0.3	22.3	259.8	13.7	8.9	452.0
9.5	24.4	541.0	13.7	10.1	452.0
13.7	22.9	143.0	13.7	5.6	452.0
0.0	21.0	371.8	13.8	11.6	452.0
0.0	18.6	667.9	13.8	10.1	452.0
0.0	20.5	681.8	13.8	11.5	452.0
0.3	21.8	674.3	13.8	10.7	452.0
0.0	22.5	670.1	13.8	11.2	452.0
0.0	21.2	471.7	13.9	9.7	452.0
0.1	21.2	202.5	13.9	7.3	452.0
20.4	20.6	65.5	13.9	6.4	452.0
30.1	18.9	61.4	13.9	5.2	452.0
35.5	23.1	201.9	13.9	8.2	452.0
13.7	23.4	115.2	13.9	5.3	452.0
15.5	24.6	299.2	13.9	9.0	452.0
0.8	22.6	528.2	14.0	10.9	450.5
1.6	21.7	457.3	14.0	9.2	450.5
21.4	17.9	65.2	14.0	4.7	450.5
0.2	20.5	430.1	14.0	9.6	450.5
0.2	19.6	385.4	14.0	10.1	450.5
0.0	20.7	627.0	14.0	10.9	450.5
0.0	21.2	448.9	14.0	8.4	450.5
26.2	19.7	202.6	14.0	6.6	450.5
15.4	19.3	30.3	14.0	3.1	450.5
4.6	19.3	78.4	14.0	4.9	450.5
1.5	18.8	128.3	14.1	6.1	450.5
0.2	22.6	615.5	14.1	10.2	450.5
0.5	24.7	588.8	14.1	10.5	450.5
5.5	24.8	276.2	14.1	8.7	450.5
14.0	23.9	185.9	14.1	7.4	450.5
8.7	24.7	309.3	14.1	8.2	450.5
7.8	26.0	499.9	14.1	10.3	450.5
13.9	23.0	33.0	14.1	4.3	450.5
2.3	23.9	140.2	14.1	6.9	450.5
2.9	25.7	489.3	14.1	9.5	450.5
8.2	26.2	565.2	14.1	9.4	450.5
19.2	25.8	327.3	14.1	9.8	450.5
10.8	24.7	225.1	14.1	8.8	450.5
0.4	26.2	614.7	14.1	11.2	450.5
10.8	25.7	625.6	14.1	11.2	450.5
3.4	25.8	485.4	14.1	9.7	450.5
19.8	24.4	198.3	14.1	7.9	450.5
12.0	24.8	316.8	14.1	7.8	450.5
13.2	25.6	538.4	14.1	10.2	450.5
0.1	26.3	522.8	14.1	10.4	450.5
0.2	26.8	542.4	14.0	9.8	447.4
10.2	27.2	561.6	14.0	11.2	447.4
13.7	27.3	492.7	14.0	9.8	447.4
19.0	27.3	363.2	14.0	9.0	447.4
9.0	27.2	316.1	14.0	9.8	447.4
12.2	27.2	395.8	14.0	9.8	447.4
12.2	27.2	525.6	14.0	10.6	447.4
10.1	26.3	554.4	14.0	10.3	447.4
11.2	25.6	587.2	14.0	9.6	447.4
14.4	25.6	469.9	14.0	9.3	447.4
6.8	26.6	622.5	14.0	10.9	447.4
5.1	27.2	605.6	13.9	11.3	447.4
3.3	27.6	540.3	13.9	10.7	447.4
12.4	26.7	454.8	13.9	9.8	447.4
9.3	27.0	637.1	13.9	11.3	447.4
0.2	27.6	622.1	13.9	11.3	447.4
1.7	28.0	619.6	13.9	10.9	447.4
12.8	27.1	478.5	13.9	9.6	447.4
6.9	26.7	424.3	13.8	10.4	447.4
10.9	26.2	274.0	13.8	8.1	447.4
23.6	25.5	437.6	13.8	9.4	447.4
13.1	25.3	314.3	13.8	8.7	447.4
8.1	26.5	559.6	13.8	9.9	447.4
8.0	27.1	596.4	13.7	10.1	447.4
9.7	27.5	548.2	13.7	10.1	447.4
12.3	27.1	449.4	13.7	9.7	447.4
17.1	27.0	507.8	13.7	11.0	447.4
26.3	25.6	394.5	13.7	8.6	447.4
29.0	24.4	218.1	13.6	6.4	447.4
24.0	24.8	369.3	13.6	8.7	447.4
8.1	25.6	529.1	13.6	8.8	447.4
0.6	26.2	560.7	13.6	10.1	445.5
6.8	26.6	488.6	13.6	9.8	445.5
13.9	26.8	494.5	13.5	10.4	445.5
11.8	26.9	406.6	13.5	9.1	445.5
15.2	25.4	310.2	13.5	8.4	445.5
0.3	25.5	374.4	13.5	9.4	445.5
2.0	25.6	604.2	13.4	9.5	445.5
2.6	25.8	468.0	13.4	9.4	445.5
13.0	25.8	524.5	13.4	9.4	445.5
21.0	25.0	416.1	13.4	9.0	445.5
16.1	25.1	458.8	13.3	8.3	445.5
0.8	25.2	461.7	13.3	9.1	445.5
0.0	24.9	579.2	13.3	9.1	445.5
0.0	26.0	588.7	13.3	9.8	445.5
0.2	26.4	589.4	13.2	9.8	445.5
0.5	26.7	536.2	13.2	9.6	445.5
0.0	27.1	497.2	13.2	9.1	445.5
1.8	26.8	244.1	13.2	8.5	445.5
8.9	25.2	116.5	13.1	8.2	445.5
7.4	23.6	61.3	13.1	4.8	445.5
0.1	23.8	178.3	13.1	8.0	445.5
0.0	25.2	446.9	13.0	9.0	445.5
8.2	25.1	431.7	13.0	8.1	445.5
0.8	24.9	518.4	13.0	9.2	445.5
0.0	23.9	608.0	13.0	10.6	445.5
0.0	24.2	610.3	12.9	10.6	445.5
0.4	26.2	551.2	12.9	9.8	445.5
1.0	26.2	401.6	12.9	8.5	445.5
1.1	26.2	317.7	12.9	8.0	445.5
10.6	25.2	267.0	12.8	7.9	445.5
17.1	25.5	376.7	12.8	8.4	445.5
23.1	25.6	386.1	12.8	8.1	444.2
17.5	25.7	386.6	12.7	8.4	444.2
12.1	25.8	436.3	12.7	8.6	444.2
21.7	24.8	344.1	12.7	7.3	444.2
3.7	24.3	299.0	12.6	7.0	444.2
0.1	23.5	367.6	12.6	7.9	444.2
0.0	22.4	568.8	12.6	8.3	444.2
0.1	22.6	555.8	12.6	8.9	444.2
0.1	23.2	548.1	12.5	9.2	444.2
0.0	23.1	559.8	12.5	10.1	444.2
0.0	23.1	564.0	12.5	10.2	444.2
0.0	23.4	564.5	12.4	10.7	444.2
0.0	24.7	542.7	12.4	9.8	444.2
0.3	26.2	488.4	12.4	9.9	444.2
0.1	27.0	508.1	12.4	10.0	444.2
13.4	25.2	444.7	12.3	9.3	444.2
32.8	22.4	296.9	12.3	5.1	444.2
0.2	22.9	262.9	12.3	6.8	444.2
0.3	24.2	461.8	12.2	8.1	444.2
2.0	24.9	495.1	12.2	8.9	444.2
8.2	24.1	337.0	12.2	7.6	444.2
21.8	22.7	223.7	12.1	5.7	444.2
0.5	21.3	417.4	12.1	7.3	444.2
0.0	18.1	450.7	12.1	7.6	444.2
0.0	16.9	526.7	12.1	7.2	444.2
0.0	17.7	525.2	12.0	7.6	444.2
0.0	18.8	518.2	12.0	8.2	444.2
0.0	19.8	514.2	12.0	8.7	444.2
0.0	20.7	473.5	11.9	8.2	444.2
0.0	20.7	463.5	11.9	8.5	444.2
0.0	20.6	452.5	11.9	8.3	444.1
0.0	21.6	490.8	11.8	8.9	444.1
0.0	22.7	472.8	11.8	9.0	444.1
0.0	21.5	478.3	11.8	9.5	444.1
0.0	15.8	506.6	11.7	7.6	444.1
0.0	17.3	501.5	11.7	8.0	444.1
0.0	20.1	479.8	11.7	8.6	444.1
0.0	18.7	476.1	11.7	7.8	444.1
0.0	19.2	469.9	11.6	7.9	444.1
0.0	16.2	469.2	11.6	8.5	444.1
0.0	12.7	495.7	11.6	6.8	444.1
0.0	16.2	467.6	11.5	7.6	444.1
0.0	19.4	454.6	11.5	8.6	444.1
0.0	20.4	435.0	11.5	8.0	444.1
0.4	17.4	124.1	11.5	5.6	444.1
0.0	15.2	262.5	11.4	5.6	444.1
0.0	16.3	436.2	11.4	6.4	444.1
0.0	17.6	431.5	11.4	7.1	444.1
0.0	18.5	383.0	11.3	6.5	444.1
0.8	21.5	408.4	11.3	7.3	444.1
10.7	19.7	127.6	11.3	7.2	444.1
6.9	11.4	47.4	11.2	3.4	444.1
0.0	14.2	417.2	11.2	4.8	444.1
0.0	15.7	409.8	11.2	5.2	444.1
0.7	16.0	78.7	11.2	3.8	444.1
0.0	16.4	316.4	11.1	4.7	444.1
0.0	15.2	412.4	11.1	6.3	444.1
0.0	15.6	414.5	11.1	6.5	444.1
0.0	15.7	414.0	11.1	6.4	444.1
0.0	16.4	412.3	11.0	6.4	444.1
0.0	17.1	390.8	11.0	6.5	444.1
0.0	18.7	361.3	11.0	6.8	445.4
0.0	19.4	273.4	10.9	6.4	445.4
0.7	21.4	361.8	10.9	6.4	445.4
0.7	19.7	105.8	10.9	6.0	445.4
0.0	13.0	382.0	10.9	5.2	445.4
0.0	11.0	400.9	10.8	5.3	445.4
0.0	14.8	394.8	10.8	5.9	445.4
0.0	15.3	382.9	10.8	5.7	445.4
0.0	13.9	357.1	10.8	4.2	445.4
0.0	11.2	327.7	10.7	4.8	445.4
0.0	9.4	379.9	10.7	4.8	445.4
0.0	11.1	370.2	10.7	5.2	445.4
0.0	13.5	376.0	10.7	5.7	445.4
0.0	15.4	365.9	10.7	5.9	445.4
0.0	11.1	367.1	10.6	5.0	445.4
0.0	12.3	363.0	10.6	5.6	445.4
0.1	14.6	340.9	10.6	6.0	445.4
0.0	15.9	196.0	10.6	4.7	445.4
0.0	17.1	270.2	10.5	4.7	445.4
0.2	18.8	306.0	10.5	5.3	445.4
1.1	15.5	62.7	10.5	4.7	445.4
0.6	12.3	61.1	10.5	2.8	445.4
0.0	12.9	329.1	10.5	4.3	445.4
2.1	13.3	163.6	10.4	4.2	445.4
1.4	9.5	29.9	10.4	1.5	445.4
9.1	10.2	43.7	10.4	1.9	445.4
3.7	6.8	42.6	10.4	3.4	445.4
0.1	1.4	122.5	10.4	1.9	445.4
0.0	1.9	329.7	10.4	2.7	445.4
0.0	5.6	299.4	10.3	3.8	445.4
0.0	11.6	225.1	10.3	4.3	447.2
0.8	13.2	82.0	10.3	3.0	447.2
2.1	10.7	28.4	10.3	2.9	447.2
4.3	8.5	18.5	10.3	1.0	447.2
4.6	8.3	26.9	10.3	1.2	447.2
2.3	7.7	36.7	10.3	1.7	447.2
1.9	7.3	71.8	10.3	1.4	447.2
0.9	9.6	111.8	10.3	2.4	447.2
1.8	8.7	31.4	10.2	1.8	447.2
0.5	8.3	127.5	10.2	2.3	447.2
0.1	4.4	177.1	10.2	2.6	447.2
0.1	6.1	162.1	10.2	2.8	447.2
12.5	8.5	63.9	10.2	2.2	447.2
1.2	9.8	65.6	10.2	2.2	447.2
3.1	8.4	66.1	10.2	1.2	447.2
7.1	7.9	16.4	10.2	2.1	447.2
22.2	5.7	19.3	10.2	0.7	447.2
10.7	4.2	34.4	10.2	2.3	447.2
0.4	1.4	124.3	10.2	1.4	447.2
0.3	0.9	173.1	10.2	1.9	447.2
0.0	-0.9	249.4	10.2	2.0	447.2
0.1	0.7	224.9	10.2	2.4	447.2
0.0	3.2	274.9	10.2	2.8	447.2
0.0	4.6	314.3	10.2	2.8	447.2
0.0	6.0	314.9	10.2	3.6	447.2
0.0	7.1	316.5	10.2	4.1	447.2
0.0	10.0	307.9	10.2	4.5	447.2
0.0	11.4	286.9	10.2	4.4	447.2
0.8	7.2	62.2	10.2	2.2	447.2
0.2	8.3	254.0	10.2	3.2	447.2
0.1	9.3	210.9	10.2	4.0	447.2
0.0	4.4	306.6	10.2	3.1	449.1
0.0	5.9	316.1	10.2	3.8	449.1
0.0	7.6	319.8	10.2	4.6	449.1
0.0	9.5	319.2	10.3	4.3	449.1
0.0	10.5	319.5	10.3	4.7	449.1
0.0	4.8	328.5	10.3	2.9	449.1
0.0	6.5	331.4	10.3	3.7	449.1
0.0	6.4	329.1	10.3	4.2	449.1
0.0	7.0	334.8	10.3	4.2	449.1
0.0	8.9	333.2	10.3	5.0	449.1
0.0	7.7	322.0	10.3	4.4	449.1
0.0	6.4	327.7	10.4	3.7	449.1
0.0	8.5	332.8	10.4	4.4	449.1
0.0	7.7	238.9	10.4	3.8	449.1
0.0	4.1	319.3	10.4	3.3	449.1
0.0	4.4	336.4	10.4	3.4	449.1
0.0	6.2	297.9	10.4	3.7	449.1
0.0	8.2	196.8	10.5	3.9	449.1
5.9	11.1	131.0	10.5	3.7	449.1
1.2	13.7	196.5	10.5	4.3	449.1
1.2	14.2	85.0	10.5	3.9	449.1
0.6	13.2	157.0	10.5	4.8	449.1
2.7	7.9	43.3	10.5	1.6	449.1
6.3	8.1	85.9	10.6	3.0	449.1
1.0	5.1	89.7	10.6	2.4	449.1
0.2	5.5	260.7	10.6	3.7	449.1
0.0	8.1	326.7	10.6	4.5	449.1
0.0	7.8	347.9	10.7	3.9	449.1
0.0	9.5	371.5	10.7	4.7	449.1
0.0	11.2	378.7	10.7	5.2	449.1
0.0	13.3	381.6	10.7	6.2	449.1
0.1	16.0	364.1	10.8	6.7	450.0
1.4	10.9	148.2	10.8	3.7	450.0
0.6	10.5	76.2	10.8	3.2	450.0
20.8	6.9	36.9	10.8	2.9	450.0
1.7	4.4	48.2	10.9	1.5	450.0
0.3	5.2	225.1	10.9	3.4	450.0
0.0	3.3	411.8	10.9	3.3	450.0
0.0	6.2	322.7	10.9	4.2	450.0
2.9	7.0	97.7	11.0	2.6	450.0
0.7	6.9	116.3	11.0	2.7	450.0
7.2	11.0	79.9	11.0	4.0	450.0
33.5	15.8	49.9	11.0	3.4	450.0
6.2	15.3	35.1	11.1	2.9	450.0
29.3	13.8	29.9	11.1	4.5	450.0
59.1	13.3	45.0	11.1	5.1	450.0
1.9	1.5	94.7	11.2	3.6	450.0
1.7	0.2	341.6	11.2	2.4	450.0
0.2	3.2	375.1	11.2	3.3	450.0
0.0	8.9	435.6	11.2	5.1	450.0
4.2	11.9	141.8	11.3	5.3	450.0
5.7	5.2	54.9	11.3	2.6	450.0
9.9	2.8	54.4	11.3	2.5	450.0
1.0	3.9	259.1	11.4	4.2	450.0
0.1	6.9	406.8	11.4	5.4	450.0
0.0	11.2	461.5	11.4	6.9	450.0
16.8	8.6	270.5	11.4	6.5	450.0
0.9	4.0	102.5	11.5	3.0	450.0
0.0	4.2	463.1	11.5	4.5	450.0
0.0	7.4	462.3	11.5	5.3	450.5
0.0	9.3	438.3	11.6	5.4	450.5
4.3	7.2	145.8	11.6	4.9	450.5
0.0	-0.4	318.0	11.6	2.8	450.5
0.0	4.7	505.1	11.7	5.0	450.5
0.0	8.3	502.9	11.7	6.1	450.5
0.0	10.2	505.8	11.7	6.3	450.5
0.6	13.9	481.9	11.7	7.4	450.5
32.4	11.5	39.7	11.8	3.5	450.5
0.6	7.5	115.6	11.8	4.7	450.5
0.0	8.8	339.8	11.8	4.4	450.5
0.0	11.7	319.8	11.9	5.6	450.5
7.4	15.3	478.2	11.9	6.7	450.5
13.4	16.4	53.9	11.9	4.9	450.5
1.7	16.8	298.1	12.0	7.2	450.5
0.0	8.3	322.8	12.0	6.2	450.5
0.0	5.8	311.7	12.0	4.5	450.5
1.9	12.9	506.7	12.1	7.2	450.5
3.1	11.8	68.9	12.1	3.7	450.5
0.2	15.1	533.3	12.1	8.3	450.5
3.3	9.8	402.8	12.1	8.9	450.5
0.2	8.9	370.0	12.2	5.6	450.5
0.6	10.5	426.6	12.2	6.9	450.5
0.0	9.3	571.7	12.2	6.6	450.5
0.1	13.7	374.5	12.3	6.9	450.5
4.8	18.3	224.3	12.3	7.6	450.5
0.2	17.2	366.7	12.3	8.4	450.5
4.9	19.8	500.7	12.4	9.5	450.5
3.9	20.9	285.8	12.4	8.5	450.5
4.1	21.1	267.0	12.4	9.3	450.5
9.2	21.6	313.9	12.4	6.9	450.5
11.2	11.7	75.3	12.5	9.0	450.7
0.0	10.9	578.2	12.5	6.9	450.7
0.1	13.5	552.0	12.5	8.0	450.7
0.0	16.7	545.0	12.6	8.5	450.7
0.0	20.0	514.1	12.6	9.2	450.7
11.1	20.9	327.5	12.6	6.0	450.7
13.9	21.4	298.7	12.7	6.8	450.7
16.5	19.9	233.5	12.7	7.5	450.7
7.5	22.2	524.2	12.7	8.4	450.7
33.0	23.3	525.7	12.7	8.2	450.7
12.0	11.2	107.6	12.8	9.5	450.7
1.8	7.3	71.4	12.8	2.2	450.7
3.5	10.3	351.2	12.8	5.7	450.7
0.9	11.9	318.1	12.9	5.7	450.7
1.1	15.7	533.5	12.9	7.7	450.7
42.9	18.6	158.5	12.9	7.6	450.7
5.2	13.6	84.2	13.0	6.8	450.7
0.2	17.8	533.4	13.0	8.8	450.7
27.7	21.2	265.3	13.0	9.3	450.7
12.6	21.1	118.4	13.0	4.4	450.7
6.3	18.0	67.7	13.1	7.8	450.7
0.0	18.9	451.9	13.1	8.0	450.7
0.2	19.9	235.8	13.1	6.7	450.7
0.0	24.0	623.2	13.1	10.2	450.7
2.4	25.3	536.6	13.2	10.2	450.7
5.1	18.8	127.9	13.2	8.6	450.7
0.5	14.8	438.7	13.2	7.9	450.7
0.2	20.3	611.3	13.3	10.0	450.7
8.2	22.1	386.8	13.3	9.8	450.7
1.1	18.9	323.6	13.3	10.6	450.7
1.8	14.1	150.5	13.3	4.8	450.9
11.3	13.5	93.8	13.4	6.7	450.9
0.7	10.2	195.1	13.4	5.0	450.9
0.1	13.1	311.9	13.4	6.6	450.9
0.1	16.0	621.9	13.4	9.3	450.9
0.0	17.8	498.4	13.5	8.3	450.9
0.1	18.9	602.5	13.5	10.8	450.9
0.1	20.1	656.5	13.5	11.4	450.9
0.0	21.1	395.4	13.5	9.3	450.9
0.0	20.9	648.1	13.6	10.8	450.9
0.0	22.3	648.4	13.6	11.0	450.9
0.0	24.3	661.1	13.6	10.6	450.9
0.2	25.4	639.6	13.6	11.6	450.9
45.2	23.8	274.2	13.6	9.4	450.9
46.7	16.2	81.3	13.7	11.7	450.9
0.2	13.6	274.2	13.7	5.8	450.9
17.5	13.0	36.3	13.7	2.2	450.9
9.9	13.4	83.5	13.7	4.5	450.9
0.0	16.8	549.3	13.7	8.7	450.9
5.3	17.8	385.1	13.8	8.6	450.9
3.5	15.7	61.0	13.8	4.9	450.9
0.3	16.1	341.9	13.8	7.7	450.9
1.7	17.7	441.8	13.8	7.5	450.9
0.3	17.8	131.1	13.8	5.8	450.9
0.2	21.0	505.8	13.9	9.8	450.9
0.0	21.9	517.9	13.9	9.6	450.9
0.3	21.0	621.3	13.9	8.9	450.9
0.4	21.3	537.2	13.9	10.2	450.9
0.1	21.5	571.4	13.9	9.7	450.9
0.0	23.1	605.9	13.9	9.1	450.9
17.4	22.3	238.9	13.9	9.3	450.9
10.0	19.0	67.6	14.0	5.0	449.4
0.9	18.4	154.2	14.0	6.3	449.4
0.0	22.8	647.0	14.0	10.6	449.4
0.0	22.6	458.1	14.0	10.8	449.4
0.2	24.3	653.0	14.0	11.9	449.4
0.4	24.4	671.2	14.0	12.7	449.4
2.1	25.0	510.2	14.0	11.3	449.4
1.6	24.7	663.2	14.0	12.8	449.4
0.1	24.1	641.3	14.0	11.0	449.4
0.0	23.5	396.9	14.0	9.4	449.4
0.5	24.1	456.8	14.1	11.1	449.4
1.5	25.5	541.3	14.1	10.4	449.4
5.9	23.0	93.1	14.1	5.2	449.4
57.1	22.4	43.0	14.1	5.3	449.4
5.2	20.9	70.7	14.1	4.4	449.4
1.0	22.2	84.2	14.1	6.3	449.4
7.7	25.3	337.2	14.1	9.3	449.4
2.9	25.8	321.3	14.1	8.6	449.4
0.6	26.3	570.3	14.1	10.1	449.4
0.2	25.3	421.4	14.1	10.7	449.4
4.1	25.1	627.9	14.1	10.9	449.4
0.1	24.9	390.6	14.1	9.5	449.4
0.0	26.5	458.1	14.1	10.4	449.4
42.1	26.5	508.0	14.1	9.4	449.4
17.4	25.5	131.1	14.1	6.0	449.4
27.9	25.5	120.7	14.1	4.6	449.4
31.7	25.2	79.0	14.1	4.6	449.4
23.6	25.4	87.9	14.1	4.4	449.4
8.7	25.8	114.9	14.1	4.5	449.4
13.3	25.9	118.9	14.1	6.4	449.4
64.3	25.5	198.1	14.1	7.1	446.3
34.9	24.6	117.4	14.0	5.7	446.3
4.2	25.1	138.1	14.0	7.0	446.3
45.9	25.1	239.1	14.0	6.7	446.3
27.8	24.1	37.7	14.0	2.8	446.3
2.3	25.3	218.7	14.0	7.7	446.3
0.3	26.0	192.0	14.0	8.4	446.3
5.0	26.6	301.4	14.0	9.4	446.3
4.4	26.5	349.2	14.0	9.5	446.3
15.6	24.3	123.6	14.0	6.1	446.3
16.4	25.1	261.2	14.0	7.7	446.3
1.0	24.3	87.1	13.9	6.1	446.3
2.6	26.0	548.1	13.9	9.2	446.3
7.9	25.3	269.0	13.9	6.9	446.3
19.6	26.2	355.3	13.9	8.8	446.3
21.8	26.5	330.1	13.9	9.0	446.3
12.5	27.3	519.9	13.9	9.5	446.3
13.5	27.6	574.1	13.9	9.9	446.3
6.3	27.6	627.0	13.8	10.3	446.3
8.8	27.3	524.3	13.8	9.9	446.3
8.7	27.7	607.6	13.8	9.8	446.3
3.6	27.6	538.8	13.8	9.5	446.3
10.8	27.8	504.4	13.8	10.1	446.3
10.1	28.0	625.5	13.7	10.5	446.3
0.0	28.4	645.9	13.7	11.1	446.3
0.2	29.1	628.9	13.7	11.2	446.3
0.0	28.6	638.4	13.7	11.2	446.3
0.4	28.4	592.9	13.7	10.2	446.3
1.5	27.7	311.6	13.6	7.9	446.3
14.5	27.2	479.2	13.6	10.1	446.3
14.6	27.2	539.0	13.6	9.9	446.3
18.2	27.2	504.6	13.6	8.8	444.4
17.8	27.2	361.1	13.6	8.7	444.4
7.6	26.8	383.1	13.5	9.8	444.4
5.9	26.6	592.3	13.5	10.9	444.4
6.0	25.7	557.4	13.5	10.4	444.4
13.2	26.1	590.3	13.5	9.5	444.4
14.2	26.3	503.1	13.4	9.6	444.4
5.7	26.9	582.6	13.4	10.3	444.4
7.1	27.3	617.6	13.4	10.6	444.4
1.5	27.8	614.0	13.4	10.8	444.4
0.2	28.2	613.1	13.3	10.9	444.4
0.1	28.8	621.0	13.3	11.0	444.4
0.0	29.3	619.6	13.3	11.2	444.4
0.0	29.5	609.7	13.3	11.1	444.4
19.7	26.6	497.4	13.2	10.5	444.4
25.4	25.7	343.7	13.2	8.9	444.4
25.4	24.6	361.8	13.2	7.0	444.4
2.7	23.9	113.4	13.2	6.0	444.4
7.9	25.1	310.9	13.1	8.5	444.4
18.1	25.6	361.5	13.1	9.3	444.4
14.9	25.9	436.1	13.1	9.5	444.4
10.7	26.5	514.9	13.1	9.2	444.4
11.4	26.1	548.1	13.0	9.7	444.4
5.5	26.1	542.9	13.0	9.2	444.4
12.5	26.0	492.9	13.0	9.1	444.4
0.2	26.4	451.3	12.9	8.4	444.4
2.7	25.8	349.6	12.9	8.2	444.4
11.4	25.8	417.1	12.9	8.4	444.4
21.7	24.5	270.7	12.9	9.3	444.4
0.4	19.5	75.0	12.8	5.2	444.4
0.0	19.5	276.1	12.8	6.1	444.4
0.3	21.7	469.6	12.8	7.7	443.2
1.3	22.1	245.1	12.7	8.2	443.2
0.0	21.3	564.2	12.7	8.4	443.2
1.7	23.8	427.0	12.7	8.1	443.2
0.7	23.8	87.0	12.7	4.8	443.2
5.8	24.1	218.3	12.6	7.2	443.2
1.5	22.1	178.4	12.6	5.8	443.2
0.0	21.8	543.1	12.6	8.7	443.2
0.1	22.3	546.9	12.5	8.7	443.2
0.0	23.2	554.9	12.5	10.0	443.2
0.0	23.7	552.4	12.5	9.9	443.2
0.0	24.6	550.9	12.4	9.3	443.2
0.5	24.7	211.9	12.4	7.2	443.2
9.4	25.4	342.9	12.4	8.3	443.2
13.0	25.2	427.2	12.4	6.9	443.2
8.4	24.5	402.6	12.3	7.5	443.2
0.6	25.2	357.2	12.3	7.7	443.2
15.7	26.0	455.0	12.3	8.2	443.2
10.3	25.9	469.3	12.2	8.0	443.2
4.2	26.2	486.9	12.2	8.6	443.2
14.8	25.2	413.1	12.2	7.8	443.2
0.2	20.0	231.5	12.1	6.9	443.2
0.0	20.0	186.7	12.1	5.3	443.2
0.0	20.8	396.1	12.1	7.3	443.2
0.0	20.9	453.9	12.1	6.1	443.2
0.0	21.2	267.4	12.0	6.4	443.2
1.9	20.0	272.9	12.0	5.5	443.2
0.0	18.5	320.2	12.0	6.4	443.2
0.0	18.0	467.2	11.9	6.7	443.2
0.0	19.3	383.4	11.9	6.9	443.2
0.0	18.3	190.5	11.9	7.3	443.0
0.0	19.7	496.7	11.8	7.8	443.0
0.0	20.9	489.8	11.8	8.5	443.0
0.0	20.9	490.6	11.8	8.0	443.0
0.0	19.1	486.5	11.8	7.6	443.0
0.0	19.4	482.6	11.7	8.0	443.0
0.0	19.2	482.3	11.7	8.3	443.0
0.0	19.5	483.4	11.7	8.4	443.0
0.0	20.6	472.7	11.6	8.8	443.0
0.0	20.0	474.8	11.6	8.7	443.0
0.0	20.7	467.9	11.6	8.1	443.0
0.0	22.3	270.6	11.5	7.5	443.0
0.0	23.5	447.7	11.5	8.2	443.0
0.0	19.7	436.6	11.5	7.5	443.0
0.0	16.6	463.4	11.5	7.2	443.0
0.0	12.7	473.9	11.4	6.4	443.0
0.0	14.3	464.8	11.4	7.1	443.0
0.0	16.5	454.5	11.4	7.8	443.0
0.0	18.2	424.5	11.3	7.8	443.0
0.0	19.5	425.1	11.3	7.8	443.0
0.0	19.6	412.7	11.3	7.5	443.0
0.0	20.4	419.7	11.3	7.9	443.0
0.0	21.3	419.7	11.2	7.8	443.0
0.0	20.0	421.8	11.2	7.9	443.0
0.0	19.2	431.1	11.2	7.7	443.0
0.0	18.7	428.0	11.1	7.9	443.0
0.0	20.1	412.7	11.1	7.5	443.0
0.0	15.8	405.6	11.1	6.1	443.0
0.0	16.0	408.0	11.1	6.0	443.0
0.0	18.3	346.1	11.0	6.4	443.0
0.1	19.2	326.3	11.0	6.2	443.0
0.0	15.9	393.5	11.0	6.6	444.3
0.0	15.8	402.1	11.0	6.3	444.3
0.0	17.9	387.8	10.9	6.6	444.3
0.0	19.0	376.6	10.9	7.3	444.3
0.0	13.2	375.1	10.9	4.3	444.3
0.0	11.4	165.4	10.8	4.5	444.3
0.0	9.3	403.3	10.8	5.0	444.3
0.0	11.0	392.3	10.8	5.6	444.3
0.0	12.4	378.6	10.8	5.7	444.3
0.1	11.3	171.5	10.8	4.8	444.3
0.0	8.6	312.2	10.7	3.9	444.3
0.0	10.3	355.2	10.7	4.6	444.3
0.1	14.2	350.7	10.7	5.4	444.3
0.1	14.7	189.8	10.7	4.5	444.3
0.0	17.5	339.5	10.6	5.9	444.3
0.5	16.4	164.8	10.6	5.0	444.3
0.0	12.5	293.2	10.6	4.9	444.3
0.0	10.2	357.6	10.6	4.5	444.3
0.0	11.0	351.4	10.5	5.2	444.3
0.0	10.7	355.5	10.5	5.1	444.3
0.0	11.6	350.7	10.5	5.3	444.3
0.0	11.5	347.3	10.5	5.5	444.3
0.0	11.2	228.3	10.5	5.1	444.3
0.0	13.0	296.9	10.5	5.2	444.3
0.0	16.4	306.0	10.4	5.6	444.3
1.2	15.2	166.5	10.4	4.1	444.3
0.0	13.4	70.0	10.4	2.5	444.3
0.0	9.9	46.9	10.4	3.2	444.3
0.0	9.4	311.7	10.4	3.8	444.3
0.0	13.3	321.1	10.4	5.1	444.3
0.2	15.8	291.0	10.3	5.4	446.1
0.0	12.0	321.3	10.3	4.6	446.1
0.0	13.8	302.7	10.3	4.9	446.1
0.1	12.9	115.4	10.3	3.8	446.1
0.3	13.4	147.6	10.3	3.8	446.1
0.6	9.9	89.5	10.3	2.6	446.1
0.2	5.9	149.8	10.3	3.2	446.1
0.0	6.4	318.0	10.3	3.6	446.1
0.0	7.6	285.0	10.2	3.8	446.1
0.0	8.9	254.4	10.2	4.2	446.1
0.0	12.7	312.0	10.2	5.3	446.1
0.2	14.6	153.1	10.2	4.3	446.1
5.4	15.3	108.6	10.2	3.4	446.1
6.7	10.4	31.6	10.2	3.1	446.1
6.9	8.4	27.0	10.2	1.4	446.1
10.4	8.8	19.6	10.2	1.6	446.1
19.9	5.6	92.0	10.2	2.5	446.1
0.1	2.2	117.6	10.2	1.9	446.1
0.8	-0.5	122.7	10.2	1.4	446.1
0.1	-0.4	199.9	10.2	2.3	446.1
0.3	2.9	272.0	10.2	3.7	446.1
0.3	5.4	264.6	10.2	3.6	446.1
0.1	3.9	233.5	10.2	2.9	446.1
0.0	5.3	234.8	10.2	3.0	446.1
0.0	3.5	205.8	10.2	2.9	446.1
0.0	2.9	308.6	10.2	2.6	446.1
0.0	3.0	256.6	10.2	3.0	446.1
0.0	-2.4	317.5	10.2	1.9	446.1
0.0	-0.3	320.8	10.2	2.6	446.1
0.0	3.0	317.3	10.2	3.3	446.1
0.0	4.0	326.8	10.2	3.6	446.1
0.0	6.9	325.2	10.2	4.6	448.0
0.0	9.4	294.0	10.2	4.7	448.0
0.0	9.5	157.3	10.2	4.0	448.0
0.0	9.8	309.0	10.2	4.4	448.0
8.2	5.7	220.9	10.3	3.4	448.0
0.2	2.7	116.8	10.3	1.8	448.0
0.0	1.1	261.6	10.3	2.6	448.0
0.0	1.8	328.6	10.3	2.9	448.0
0.1	1.8	330.8	10.3	2.4	448.0
4.8	1.7	86.0	10.3	1.4	448.0
0.3	0.0	97.6	10.3	1.9	448.0
0.0	1.2	333.2	10.3	2.9	448.0
0.0	3.5	333.4	10.4	3.3	448.0
0.0	0.2	344.1	10.4	2.8	448.0
0.0	0.3	348.4	10.4	3.0	448.0
0.0	5.9	348.1	10.4	4.1	448.0
0.0	4.9	350.5	10.4	3.8	448.0
0.0	7.9	347.1	10.4	4.8	448.0
0.0	10.9	280.4	10.5	5.4	448.0
0.1	13.4	253.9	10.5	5.5	448.0
0.0	18.0	299.4	10.5	6.2	448.0
18.2	18.3	178.2	10.5	6.0	448.0
4.0	12.6	137.9	10.5	2.8	448.0
7.2	6.9	46.3	10.6	3.9	448.0
2.1	3.3	90.7	10.6	1.2	448.0
16.2	3.7	96.7	10.6	2.6	448.0
0.1	1.3	182.4	10.6	1.8	448.0
0.0	1.1	166.3	10.7	2.4	448.0
6.6	5.7	312.9	10.7	3.5	448.0
0.7	5.1	77.9	10.7	2.5	448.0
0.2	4.7	244.9	10.7	3.4	448.0
1.7	5.9	212.2	10.7	4.1	449.0
0.3	-0.4	252.3	10.8	2.5	449.0
0.0	0.8	372.4	10.8	2.9	449.0
0.0	-1.5	400.8	10.8	2.7	449.0
0.0	-1.2	400.3	10.8	3.0	449.0
0.0	0.0	403.4	10.9	3.4	449.0
0.0	2.3	409.3	10.9	3.9	449.0
0.0	4.9	411.5	10.9	4.6	449.0
0.0	9.0	378.2	11.0	5.7	449.0
0.1	8.0	216.7	11.0	5.6	449.0
0.0	8.1	429.8	11.0	5.1	449.0
0.0	14.8	387.4	11.0	7.4	449.0
0.2	18.2	390.0	11.1	7.8	449.0
0.2	15.9	229.8	11.1	6.9	449.0
0.4	12.1	190.9	11.1	4.1	449.0
6.1	11.2	69.1	11.1	4.6	449.0
0.6	6.5	159.1	11.2	3.2	449.0
0.0	9.5	427.8	11.2	5.1	449.0
10.0	6.6	73.7	11.2	3.9	449.0
0.0	3.2	451.2	11.3	3.5	449.0
0.0	6.3	449.8	11.3	4.7	449.0
0.0	4.1	337.5	11.3	3.2	449.0
3.3	8.3	414.5	11.3	4.8	449.0
29.9	8.3	27.1	11.4	3.0	449.0
6.6	7.8	54.8	11.4	2.1	449.0
6.9	12.1	50.4	11.4	5.2	449.0
39.8	14.0	84.3	11.5	6.3	449.0
7.7	4.4	43.2	11.5	3.1	449.0
4.2	4.7	131.7	11.5	2.4	449.4
10.4	4.6	73.1	11.6	1.9	449.4
26.3	4.2	53.1	11.6	2.5	449.4
21.0	3.3	49.0	11.6	1.2	449.4
0.0	3.3	441.8	11.6	4.1	449.4
5.6	7.3	482.7	11.7	4.7	449.4
7.8	7.1	53.8	11.7	3.1	449.4
0.8	6.6	374.5	11.7	4.5	449.4
0.0	8.5	489.8	11.8	6.3	449.4
15.6	4.1	133.0	11.8	5.3	449.4
24.5	-0.0	55.4	11.8	1.2	449.4
10.3	0.0	65.1	11.9	0.7	449.4
46.7	3.9	42.1	11.9	3.4	449.4
2.2	5.1	62.7	11.9	2.6	449.4
0.1	3.7	513.8	12.0	4.4	449.4
0.0	3.8	517.2	12.0	4.3	449.4
0.1	7.0	442.9	12.0	5.2	449.4
2.2	5.6	117.7	12.0	4.2	449.4
0.0	7.7	467.2	12.1	6.0	449.4
0.1	11.5	529.4	12.1	6.5	449.4
0.0	13.8	518.2	12.1	7.9	449.4
7.2	10.5	297.0	12.2	7.5	449.4
0.0	9.6	521.1	12.2	6.3	449.4
0.0	14.4	538.5	12.2	8.3	449.4
0.0	14.6	558.9	12.3	8.0	449.4
35.9	16.5	512.4	12.3	9.3	449.4
0.1	14.7	179.6	12.3	5.4	449.4
29.3	6.7	65.8	12.3	5.7	449.4
10.1	5.7	124.8	12.4	3.4	449.4
9.8	3.7	94.1	12.4	2.4	449.4
0.6	5.5	127.8	12.4	3.8	449.4
0.4	9.0	453.7	12.5	6.2	449.6
0.3	19.2	487.5	12.5	10.0	449.6
0.2	23.9	550.4	12.5	8.3	449.6
0.1	24.3	547.6	12.6	11.0	449.6
0.0	24.6	564.4	12.6	10.6	449.6
4.7	19.9	435.0	12.6	14.4	449.6
6.4	6.9	58.7	12.7	2.1	449.6
3.3	8.9	203.9	12.7	3.5	449.6
17.8	9.2	46.3	12.7	2.7	449.6
28.4	10.0	65.9	12.7	2.8	449.6
0.7	12.0	430.1	12.8	7.0	449.6
0.2	18.3	225.1	12.8	9.0	449.6
8.5	19.9	250.7	12.8	9.1	449.6
6.5	22.0	496.8	12.9	8.8	449.6
0.0	24.2	567.5	12.9	8.3	449.6
8.5	15.7	92.2	12.9	11.3	449.6
11.7	11.5	76.6	12.9	4.9	449.6
4.8	10.2	67.6	13.0	2.3	449.6
8.3	13.2	89.2	13.0	5.8	449.6
6.3	20.5	275.2	13.0	10.1	449.6
15.7	16.3	188.7	13.1	11.7	449.6
18.9	7.6	42.6	13.1	2.1	449.6
0.4	12.5	138.3	13.1	6.9	449.6
0.2	20.5	410.5	13.1	10.1	449.6
15.9	16.5	356.6	13.2	11.8	449.6
0.0	10.2	310.5	13.2	7.1	449.6
0.1	11.1	356.1	13.2	7.0	449.6
0.2	13.2	321.9	13.2	7.1	449.6
0.1	16.8	564.2	13.3	9.3	449.6
17.9	20.3	451.2	13.3	9.2	449.6
2.2	17.4	152.0	13.3	7.3	449.9
0.9	15.1	167.8	13.4	7.3	449.9
0.0	16.5	634.4	13.4	9.6	449.9
0.0	15.4	680.7	13.4	9.2	449.9
0.0	19.1	639.9	13.4	10.0	449.9
0.0	18.8	647.3	13.5	10.9	449.9
0.0	19.7	653.7	13.5	10.7	449.9
0.0	21.7	658.9	13.5	11.5	449.9
0.0	22.9	632.9	13.5	10.3	449.9
4.8	20.7	113.1	13.5	4.8	449.9
0.0	22.8	244.0	13.6	7.9	449.9
5.5	20.1	118.3	13.6	8.2	449.9
0.1	19.3	427.6	13.6	9.9	449.9
0.0	22.1	607.3	13.6	9.9	449.9
7.8	23.7	515.4	13.7	9.5	449.9
27.1	22.7	118.0	13.7	3.8	449.9
6.3	24.6	205.1	13.7	6.8	449.9
30.5	24.5	476.6	13.7	8.3	449.9
16.1	24.2	398.3	13.7	8.2	449.9
0.0	23.7	548.4	13.8	10.4	449.9
25.8	21.1	279.8	13.8	7.5	449.9
50.2	22.8	137.6	13.8	7.1	449.9
43.5	21.1	36.5	13.8	6.9	449.9
1.3	18.3	154.3	13.8	6.7	449.9
0.0	17.6	666.0	13.8	10.0	449.9
0.0	19.8	640.9	13.9	9.9	449.9
1.1	20.6	420.7	13.9	8.4	449.9
6.5	20.3	531.9	13.9	9.7	449.9
0.1	19.8	640.0	13.9	10.1	449.9
0.0	18.3	517.7	13.9	8.4	449.9
0.0	20.8	658.6	13.9	10.3	449.9
0.0	23.1	630.1	13.9	10.6	448.4
5.8	22.2	126.6	14.0	7.6	448.4
5.1	20.3	46.3	14.0	2.5	448.4
8.4	21.6	108.7	14.0	6.1	448.4
0.0	22.2	590.9	14.0	11.0	448.4
0.0	22.6	374.8	14.0	10.4	448.4
0.0	23.3	537.2	14.0	11.7	448.4
0.2	21.8	650.3	14.0	10.6	448.4
0.0	22.6	679.5	14.0	10.6	448.4
0.0	23.8	468.9	14.0	9.0	448.4
25.7	22.4	157.2	14.0	8.2	448.4
16.5	21.1	82.0	14.1	5.4	448.4
0.1	23.3	585.1	14.1	10.1	448.4
0.1	23.3	654.8	14.1	11.3	448.4
0.1	23.0	620.1	14.1	11.2	448.4
0.0	24.0	533.2	14.1	11.7	448.4
0.0	25.0	629.8	14.1	11.5	448.4
5.9	24.2	417.3	14.1	9.8	448.4
8.9	22.4	48.2	14.1	4.3	448.4
5.1	22.7	88.2	14.1	7.3	448.4
0.7	24.3	483.4	14.1	9.8	448.4
0.1	25.0	583.8	14.1	10.2	448.4
5.2	26.7	638.0	14.1	11.2	448.4
28.4	26.0	527.2	14.1	8.7	448.4
2.7	26.8	577.1	14.1	9.3	448.4
0.7	27.7	620.5	14.1	9.8	448.4
4.5	27.8	618.9	14.1	11.2	448.4
9.5	27.5	658.9	14.1	10.9	448.4
8.5	27.6	652.6	14.1	11.3	448.4
20.8	26.0	524.0	14.1	9.8	448.4
6.6	27.0	606.1	14.1	10.5	445.3
20.6	26.8	388.4	14.0	9.3	445.3
7.6	27.3	577.0	14.0	10.9	445.3
0.2	27.3	488.4	14.0	10.2	445.3
10.7	27.1	477.7	14.0	9.9	445.3
15.2	27.3	537.9	14.0	10.1	445.3
22.0	26.3	331.7	14.0	9.2	445.3
10.1	25.2	271.0	14.0	8.9	445.3
1.7	24.9	147.9	14.0	7.8	445.3
11.5	26.4	624.7	14.0	11.3	445.3
0.1	26.7	653.5	14.0	10.4	445.3
4.3	27.0	603.9	13.9	11.3	445.3
6.1	26.8	651.5	13.9	10.8	445.3
9.8	26.3	528.0	13.9	9.9	445.3
11.0	26.1	464.6	13.9	9.5	445.3
11.7	26.5	515.4	13.9	9.7	445.3
17.3	26.5	544.3	13.9	9.6	445.3
11.0	26.8	464.3	13.9	9.4	445.3
12.5	27.0	496.5	13.8	9.5	445.3
9.7	26.8	434.9	13.8	10.2	445.3
3.6	27.1	602.5	13.8	11.3	445.3
1.9	27.5	637.0	13.8	11.4	445.3
2.7	27.6	645.2	13.8	11.0	445.3
2.0	28.5	640.1	13.8	12.0	445.3
3.3	28.7	572.5	13.7	11.0	445.3
0.0	28.4	596.8	13.7	11.1	445.3
0.0	27.9	575.3	13.7	10.6	445.3
0.7	28.3	514.7	13.7	10.0	445.3
9.3	27.2	501.6	13.7	10.6	445.3
24.3	26.3	357.9	13.6	8.3	445.3
16.9	26.0	210.2	13.6	8.3	445.3
7.9	25.8	276.4	13.6	7.9	443.3
3.3	26.2	583.2	13.6	9.5	443.3
12.8	25.1	477.6	13.5	8.7	443.3
14.3	25.1	440.5	13.5	8.6	443.3
1.2	24.6	211.4	13.5	7.4	443.3
0.0	25.5	389.1	13.5	8.7	443.3
12.0	25.3	303.8	13.4	8.4	443.3
12.6	25.2	292.3	13.4	8.3	443.3
0.0	26.0	600.4	13.4	10.3	443.3
0.0	26.7	621.6	13.4	9.7	443.3
17.4	25.8	589.9	13.4	10.0	443.3
12.3	26.1	579.8	13.3	9.6	443.3
1.2	26.4	552.9	13.3	10.2	443.3
0.0	26.1	613.3	13.3	9.8	443.3
1.0	26.7	443.6	13.2	9.1	443.3
6.1	26.3	510.1	13.2	10.4	443.3
1.4	26.3	532.1	13.2	10.4	443.3
0.0	27.0	607.6	13.2	10.2	443.3
0.0	26.8	596.1	13.1	10.0	443.3
1.4	27.6	450.7	13.1	8.4	443.3
1.3	27.2	186.0	13.1	7.1	443.3
4.1	26.4	284.7	13.1	8.6	443.3
11.5	25.8	475.0	13.0	9.3	443.3
16.7	25.5	396.6	13.0	8.3	443.3
1.7	24.8	426.9	13.0	7.8	443.3
0.5	24.9	513.2	12.9	9.3	443.3
0.2	26.2	572.6	12.9	10.0	443.3
0.0	26.5	505.9	12.9	9.9	443.3
0.1	26.6	355.0	12.9	8.1	443.3
16.7	25.3	275.2	12.8	8.7	443.3
16.0	25.8	419.6	12.8	9.4	443.3
12.1	25.9	420.7	12.8	9.1	442.1
15.2	25.9	402.7	12.7	9.2	442.1
0.0	26.2	520.1	12.7	9.0	442.1
0.3	26.2	556.0	12.7	8.5	442.1
0.5	25.8	543.8	12.7	9.0	442.1
7.0	25.2	534.5	12.6	9.9	442.1
7.3	24.7	498.5	12.6	8.5	442.1
2.2	19.5	89.0	12.6	6.0	442.1
0.0	19.3	563.7	12.5	7.8	442.1
0.0	19.9	433.7	12.5	8.1	442.1
0.0	21.2	560.5	12.5	8.6	442.1
0.5	24.1	352.4	12.5	8.7	442.1
0.0	24.2	410.7	12.4	9.3	442.1
0.0	24.6	522.0	12.4	10.1	442.1
0.0	24.3	543.3	12.4	9.4	442.1
0.0	23.7	537.4	12.3	9.6	442.1
0.0	24.2	524.8	12.3	9.6	442.1
0.0	25.0	521.0	12.3	10.3	442.1
0.0	25.9	517.6	12.2	9.1	442.1
0.0	25.8	478.6	12.2	9.1	442.1
0.1	27.1	464.5	12.2	8.9	442.1
14.0	25.8	434.0	12.2	8.5	442.1
6.3	24.1	261.9	12.1	7.5	442.1
0.0	22.0	459.1	12.1	7.8	442.1
0.0	22.1	495.8	12.1	7.7	442.1
0.0	22.4	293.8	12.0	6.4	442.1
0.0	21.7	302.9	12.0	6.9	442.1
0.0	20.0	236.3	12.0	7.7	442.1
0.0	20.8	512.0	11.9	9.0	442.1
0.0	21.8	509.5	11.9	9.1	442.1
0.0	23.1	498.8	11.9	9.1	441.9
0.0	24.4	480.0	11.9	8.9	441.9
0.0	19.9	463.4	11.8	8.0	441.9
0.0	20.0	495.5	11.8	7.7	441.9
0.1	23.7	462.3	11.8	8.7	441.9
0.0	23.4	353.4	11.7	8.9	441.9
0.0	23.7	476.9	11.7	9.1	441.9
0.0	21.4	436.8	11.7	8.3	441.9
0.0	22.3	468.1	11.6	8.4	441.9
0.0	22.5	465.1	11.6	8.6	441.9
0.0	23.6	464.4	11.6	8.3	441.9
0.2	24.8	437.4	11.6	7.8	441.9
1.0	24.0	232.1	11.5	6.8	441.9
0.0	23.0	198.9	11.5	6.8	441.9
0.0	20.2	440.3	11.5	7.8	441.9
0.0	16.0	455.6	11.4	6.4	441.9
0.0	16.4	451.8	11.4	6.7	441.9
0.0	19.0	379.6	11.4	7.0	441.9
0.0	19.3	335.6	11.3	7.1	441.9
0.0	19.4	430.3	11.3	7.5	441.9
0.0	20.2	364.4	11.3	7.0	441.9
0.0	19.6	389.5	11.3	8.1	441.9
0.0	10.2	439.7	11.2	4.7	441.9
0.0	10.0	442.7	11.2	5.1	441.9
0.0	14.8	431.6	11.2	7.0	441.9
0.0	10.5	429.6	11.2	5.5	441.9
0.0	7.4	439.8	11.1	4.7	441.9
0.0	8.8	433.0	11.1	5.1	441.9
0.0	11.0	424.4	11.1	6.1	441.9
0.0	13.0	418.8	11.0	6.4	441.9
0.0	15.9	406.3	11.0	6.5	441.9
0.0	15.7	349.8	11.0	5.0	443.3
0.0	16.4	325.4	11.0	5.9	443.3
0.0	17.3	388.4	10.9	6.2	443.3
0.0	17.5	200.7	10.9	5.0	443.3
0.1	18.0	277.3	10.9	5.1	443.3
0.2	17.8	213.9	10.9	6.1	443.3
0.0	19.3	347.2	10.8	6.1	443.3
0.1	17.9	307.6	10.8	5.7	443.3
0.0	18.9	359.8	10.8	5.7	443.3
0.4	17.3	355.3	10.8	6.1	443.3
0.0	10.5	352.6	10.7	4.6	443.3
0.0	9.1	381.6	10.7	4.6	443.3
0.0	11.1	373.7	10.7	5.3	443.3
0.0	13.2	368.1	10.7	5.1	443.3
0.0	12.1	361.7	10.6	5.0	443.3
0.0	11.7	352.2	10.6	4.7	443.3
0.0	12.0	352.5	10.6	4.9	443.3
0.0	14.3	348.0	10.6	5.1	443.3
0.2	14.8	178.6	10.6	4.6	443.3
0.0	16.0	313.2	10.5	5.5	443.3
0.0	17.8	333.7	10.5	6.0	443.3
1.3	20.2	317.9	10.5	6.0	443.3
9.9	18.7	67.5	10.5	2.5	443.3
5.0	18.8	126.3	10.5	4.4	443.3
10.6	16.1	56.8	10.4	5.6	443.3
0.2	6.4	180.2	10.4	2.6	443.3
0.0	7.0	309.0	10.4	3.0	443.3
0.0	8.2	313.2	10.4	3.4	443.3
0.0	5.5	338.7	10.4	3.4	443.3
0.0	9.4	328.7	10.4	4.3	443.3
0.0	11.6	259.1	10.3	4.1	445.1
0.0	13.2	199.2	10.3	4.0	445.1
0.1	16.4	187.5	10.3	4.1	445.1
2.6	16.5	87.1	10.3	2.9	445.1
1.4	13.1	145.9	10.3	4.2	445.1
0.0	10.1	294.3	10.3	3.2	445.1
0.1	8.8	260.7	10.3	3.3	445.1
0.8	10.1	259.7	10.3	3.9	445.1
0.0	5.8	319.3	10.2	3.2	445.1
0.0	6.6	315.4	10.2	2.9	445.1
0.6	8.9	99.9	10.2	2.6	445.1
18.8	8.8	53.9	10.2	2.5	445.1
7.1	6.4	58.1	10.2	1.8	445.1
0.5	4.4	95.9	10.2	2.3	445.1
0.0	5.0	251.1	10.2	2.9	445.1
0.0	6.1	311.6	10.2	2.7	445.1
0.1	8.5	306.7	10.2	4.0	445.1
0.5	9.4	301.0	10.2	4.1	445.1
0.0	5.4	308.2	10.2	3.0	445.1
0.0	2.2	288.8	10.2	2.9	445.1
0.0	-1.4	318.7	10.2	2.1	445.1
0.0	3.8	312.1	10.2	3.1	445.1
0.4	10.4	301.7	10.2	4.5	445.1
2.6	11.3	302.6	10.2	3.7	445.1
8.1	9.7	84.3	10.2	4.5	445.1
9.4	-1.3	30.4	10.2	1.5	445.1
9.4	-0.1	35.6	10.2	1.0	445.1
0.3	0.9	115.7	10.2	1.7	445.1
0.0	2.8	58.1	10.2	1.8	445.1
0.0	3.3	308.9	10.2	3.1	445.1
0.1	3.0	315.8	10.2	3.1	445.1
0.1	4.6	311.0	10.2	3.7	447.0
0.0	4.1	270.9	10.2	3.0	447.0
3.2	9.3	236.2	10.2	3.6	447.0
1.4	7.8	76.5	10.2	2.6	447.0
0.2	6.9	115.6	10.3	1.8	447.0
0.1	8.3	140.3	10.3	2.5	447.0
0.0	12.7	208.9	10.3	3.9	447.0
1.3	17.5	188.3	10.3	4.0	447.0
1.2	17.6	261.8	10.3	4.6	447.0
3.5	12.9	45.9	10.3	4.0	447.0
4.0	9.7	52.2	10.3	2.9	447.0
9.2	2.0	15.7	10.3	2.9	447.0
10.1	-3.2	88.6	10.4	1.0	447.0
2.1	-1.4	59.1	10.4	1.3	447.0
0.5	-0.5	186.1	10.4	1.5	447.0
2.1	2.2	91.6	10.4	1.7	447.0
5.3	5.4	74.5	10.4	2.1	447.0
2.6	5.6	81.9	10.4	1.5	447.0
3.3	8.0	63.4	10.5	2.3	447.0
3.6	10.1	58.8	10.5	3.0	447.0
32.2	11.7	54.9	10.5	4.6	447.0
2.7	0.3	40.4	10.5	2.4	447.0
0.3	-0.8	281.6	10.5	2.0	447.0
0.1	1.4	302.2	10.6	2.7	447.0
0.0	1.5	184.3	10.6	2.3	447.0
3.4	1.4	232.1	10.6	1.9	447.0
9.3	1.1	65.0	10.6	1.6	447.0
2.1	0.2	87.9	10.6	1.7	447.0
0.1	0.1	219.7	10.7	2.5	447.0
3.0	3.3	351.1	10.7	2.9	447.0
10.4	5.6	52.4	10.7	2.1	447.0
11.6	7.9	63.0	10.7	2.4	447.9
12.4	11.1	94.6	10.8	3.2	447.9
2.8	11.7	86.2	10.8	3.1	447.9
10.6	10.6	41.7	10.8	3.6	447.9
10.8	-0.5	22.9	10.8	3.2	447.9
0.7	0.9	323.5	10.9	2.8	447.9
15.9	2.7	107.5	10.9	2.2	447.9
17.6	5.4	141.2	10.9	2.8	447.9
7.6	7.5	119.3	10.9	2.5	447.9
12.7	8.4	28.9	11.0	1.5	447.9
14.5	10.7	107.4	11.0	4.1	447.9
26.3	9.6	49.6	11.0	4.3	447.9
0.7	2.6	224.6	11.1	2.6	447.9
0.3	8.5	173.8	11.1	5.2	447.9
4.0	13.4	204.9	11.1	7.3	447.9
2.9	8.1	29.0	11.1	3.4	447.9
16.4	3.5	41.9	11.2	5.1	447.9
0.2	1.3	245.2	11.2	3.0	447.9
0.5	10.0	253.9	11.2	5.1	447.9
0.1	17.2	278.7	11.3	6.4	447.9
11.6	11.8	110.9	11.3	6.7	447.9
12.7	-2.7	40.4	11.3	3.4	447.9
0.2	-1.4	354.7	11.3	2.7	447.9
8.7	-0.8	70.3	11.4	1.5	447.9
0.4	-2.2	202.8	11.4	2.6	447.9
6.5	3.7	293.3	11.4	3.8	447.9
27.7	3.5	42.3	11.5	1.2	447.9
5.4	4.0	68.8	11.5	1.9	447.9
10.6	4.6	62.8	11.5	2.3	448.4
0.3	3.6	211.9	11.5	3.3	448.4
32.7	6.4	98.7	11.6	3.3	448.4
10.6	5.6	54.3	11.6	1.8	448.4
14.4	8.1	73.8	11.6	2.6	448.4
24.6	9.6	69.5	11.7	3.4	448.4
1.1	7.4	135.5	11.7	4.2	448.4
0.1	9.7	436.4	11.7	6.0	448.4
18.1	12.8	346.6	11.8	6.1	448.4
54.1	14.9	48.1	11.8	7.3	448.4
2.8	3.3	88.7	11.8	3.3	448.4
0.0	3.9	392.9	11.9	3.8	448.4
0.2	5.1	456.1	11.9	5.0	448.4
1.3	7.4	434.1	11.9	5.4	448.4
6.3	9.0	299.7	11.9	5.6	448.4
0.0	3.6	262.0	12.0	3.5	448.4
0.0	0.4	257.8	12.0	2.7	448.4
0.0	3.0	439.2	12.0	4.1	448.4
15.7	8.2	383.5	12.1	5.6	448.4
1.4	7.6	114.5	12.1	3.4	448.4
0.0	7.7	417.0	12.1	5.2	448.4
0.0	8.3	447.5	12.2	6.1	448.4
0.0	10.5	550.8	12.2	6.9	448.4
0.3	9.7	176.8	12.2	5.5	448.4
51.6	15.7	259.8	12.3	9.2	448.4
23.7	6.8	137.7	12.3	3.0	448.4
56.1	6.1	55.8	12.3	3.1	448.4
0.0	7.2	405.3	12.3	5.4	448.4
9.7	7.9	98.7	12.4	3.6	448.4
0.2	9.0	367.6	12.4	6.7	448.4
1.5	12.6	291.3	12.4	7.5	448.4
0.0	21.6	295.9	12.5	8.6	448.6
16.5	22.0	328.1	12.5	7.8	448.6
30.1	16.2	55.9	12.5	8.1	448.6
38.2	8.4	56.1	12.6	4.7	448.6
11.7	5.6	44.0	12.6	1.6	448.6
3.5	8.3	42.2	12.6	5.7	448.6
40.3	19.3	336.4	12.6	9.2	448.6
30.9	17.9	57.8	12.7	8.8	448.6
0.8	12.5	270.5	12.7	5.4	448.6
3.9	7.7	59.9	12.7	4.2	448.6
11.3	7.0	91.4	12.8	2.3	448.6
11.9	9.3	85.4	12.8	4.1	448.6
6.2	13.8	338.8	12.8	7.6	448.6
30.3	8.6	48.0	12.9	4.1	448.6
24.4	8.0	39.2	12.9	2.0	448.6
3.3	9.2	133.3	12.9	5.4	448.6
0.0	11.9	435.0	12.9	6.3	448.6
0.0	12.7	572.8	13.0	8.4	448.6
0.3	13.2	584.6	13.0	8.3	448.6
0.0	16.0	617.1	13.0	9.6	448.6
0.0	18.8	601.7	13.1	9.8	448.6
0.0	17.9	297.3	13.1	8.8	448.6
33.1	15.4	222.9	13.1	7.7	448.6
57.6	14.4	45.2	13.1	4.8	448.6
1.5	14.0	83.6	13.2	5.7	448.6
17.0	14.4	265.4	13.2	6.7	448.6
5.9	11.2	112.6	13.2	6.4	448.6
0.0	10.5	581.8	13.2	7.7	448.6
0.0	12.2	566.2	13.3	7.1	448.6
14.2	15.7	261.2	13.3	7.0	448.6
20.0	18.2	79.3	13.3	6.0	448.8
9.7	19.5	76.3	13.3	4.6	448.8
6.0	19.9	137.8	13.4	6.2	448.8
4.8	20.8	387.3	13.4	8.1	448.8
57.9	19.7	191.0	13.4	10.3	448.8
0.8	15.2	190.2	13.4	6.8	448.8
0.0	17.8	642.3	13.5	10.1	448.8
0.0	19.5	637.8	13.5	9.7	448.8
0.0	20.5	523.4	13.5	11.0	448.8
0.1	21.5	634.9	13.5	10.8	448.8
0.3	19.7	479.7	13.6	9.1	448.8
0.0	20.4	654.9	13.6	9.6	448.8
3.6	23.0	597.6	13.6	9.9	448.8
14.0	20.6	77.8	13.6	5.2	448.8
4.4	17.6	57.1	13.7	5.9	448.8
1.1	16.5	136.7	13.7	4.9	448.8
0.2	18.0	552.8	13.7	9.3	448.8
0.1	18.4	557.4	13.7	9.3	448.8
0.0	19.7	529.3	13.7	10.1	448.8
0.1	20.2	193.2	13.8	6.7	448.8
6.0	20.7	352.0	13.8	10.2	448.8
0.0	20.2	641.0	13.8	9.5	448.8
0.0	23.6	575.5	13.8	10.7	448.8
8.0	24.2	512.1	13.8	9.6	448.8
1.7	23.7	308.7	13.8	7.5	448.8
0.0	21.2	650.9	13.9	10.9	448.8
0.0	21.5	669.7	13.9	10.2	448.8
0.0	20.0	330.5	13.9	8.0	448.8
0.0	19.8	664.3	13.9	10.1	448.8
0.3	18.7	633.8	13.9	9.6	448.8
0.0	19.4	554.3	13.9	9.5	448.8
0.0	19.8	491.5	13.9	9.3	447.3
0.3	21.4	575.7	14.0	9.3	447.3
0.4	20.6	169.7	14.0	7.9	447.3
0.3	23.8	588.7	14.0	10.5	447.3
0.0	22.3	287.8	14.0	10.2	447.3
0.0	24.2	657.6	14.0	10.2	447.3
26.3	22.7	103.6	14.0	6.6	447.3
0.3	22.3	329.2	14.0	8.8	447.3
2.4	22.4	656.5	14.0	11.5	447.3
4.5	22.4	656.8	14.0	10.8	447.3
5.3	22.8	638.2	14.0	12.0	447.3
0.0	24.8	650.8	14.1	12.3	447.3
2.0	25.8	598.5	14.1	10.4	447.3
6.7	25.8	571.9	14.1	9.9	447.3
13.8	25.1	181.5	14.1	8.9	447.3
32.0	24.6	239.6	14.1	7.7	447.3
12.8	24.6	303.0	14.1	7.7	447.3
1.1	23.9	235.0	14.1	8.1	447.3
1.2	20.5	73.9	14.1	6.5	447.3
0.3	21.9	406.5	14.1	9.0	447.3
0.0	20.8	668.2	14.1	9.3	447.3
0.0	22.3	499.9	14.1	9.1	447.3
9.2	20.8	114.2	14.1	6.8	447.3
12.4	20.8	57.0	14.1	5.1	447.3
2.5	21.8	194.8	14.1	8.1	447.3
0.1	24.3	579.9	14.1	10.5	447.3
4.8	24.7	560.7	14.1	11.1	447.3
0.2	25.8	517.9	14.1	10.3	447.3
8.0	25.4	441.2	14.1	11.3	447.3
9.8	25.0	561.7	14.1	11.2	447.3
4.0	25.8	592.1	14.1	11.3	444.2
8.8	25.8	483.1	14.0	10.0	444.2
17.0	25.2	334.7	14.0	8.9	444.2
4.6	24.3	175.5	14.0	6.7	444.2
0.9	26.2	514.0	14.0	9.7	444.2
7.5	25.7	225.9	14.0	7.8	444.2
18.0	25.6	263.7	14.0	8.3	444.2
16.9	25.4	326.2	14.0	8.5	444.2
6.5	25.2	183.5	14.0	8.2	444.2
7.0	25.9	400.9	14.0	10.4	444.2
12.1	26.1	549.2	14.0	10.3	444.2
8.6	26.3	631.4	13.9	11.0	444.2
8.5	27.0	636.5	13.9	11.1	444.2
10.2	27.0	583.6	13.9	10.7	444.2
8.4	27.1	538.0	13.9	11.1	444.2
5.7	27.1	629.8	13.9	11.7	444.2
3.5	27.0	656.5	13.9	10.3	444.2
10.0	26.7	570.2	13.9	9.4	444.2
19.0	26.3	506.5	13.8	9.7	444.2
17.6	25.9	516.1	13.8	9.8	444.2
17.7	24.9	418.5	13.8	8.5	444.2
1.0	25.5	451.4	13.8	9.1	444.2
15.4	25.1	513.7	13.8	9.2	444.2
7.8	26.1	598.2	13.8	9.3	444.2
14.4	26.7	578.3	13.7	9.4	444.2
12.6	27.6	596.0	13.7	10.1	444.2
16.4	27.3	558.0	13.7	10.4	444.2
15.0	27.1	516.8	13.7	10.0	444.2
10.9	27.2	514.5	13.7	9.0	444.2
15.6	27.2	473.1	13.6	10.2	444.2
0.0	27.6	594.5	13.6	10.6	444.2
5.0	27.5	606.6	13.6	10.5	442.2
12.4	26.8	517.0	13.6	9.4	442.2
9.7	26.4	555.8	13.5	9.4	442.2
8.7	26.4	455.3	13.5	8.5	442.2
0.7	26.7	493.6	13.5	9.2	442.2
8.4	26.9	560.0	13.5	10.0	442.2
10.1	26.7	526.2	13.5	8.5	442.2
9.0	26.5	421.1	13.4	8.7	442.2
2.3	27.1	473.6	13.4	7.6	442.2
1.1	26.7	474.6	13.4	8.2	442.2
6.5	26.1	357.3	13.4	7.8	442.2
7.5	25.9	383.8	13.3	7.5	442.2
4.4	25.7	256.4	13.3	6.1	442.2
1.3	26.5	368.2	13.3	7.3	442.2
1.8	26.8	343.5	13.3	7.6	442.2
2.8	26.2	277.5	13.2	7.5	442.2
5.0	26.0	303.5	13.2	7.4	442.2
5.7	25.8	268.8	13.2	8.1	442.2
16.8	26.3	555.3	13.1	8.0	442.2
14.8	26.3	498.2	13.1	7.6	442.2
0.6	26.4	442.5	13.1	8.1	442.2
0.9	26.2	258.3	13.1	6.6	442.2
23.7	26.1	414.8	13.0	8.4	442.2
1.2	26.9	451.4	13.0	8.6	442.2
0.1	26.4	586.6	13.0	9.2	442.2
0.0	27.6	582.2	13.0	9.9	442.2
9.1	26.3	548.8	12.9	10.2	442.2
21.4	25.2	511.6	12.9	8.6	442.2
15.7	24.3	406.2	12.9	8.8	442.2
0.8	22.9	444.7	12.8	7.2	442.2
0.1	23.9	531.8	12.8	9.0	442.2
0.0	25.2	571.4	12.8	9.9	441.1
0.0	26.3	496.9	12.8	9.1	441.1
0.0	26.6	540.9	12.7	9.1	441.1
12.3	26.2	488.3	12.7	9.9	441.1
15.7	25.8	458.8	12.7	8.3	441.1
5.0	25.8	548.9	12.6	9.7	441.1
7.1	25.7	535.9	12.6	9.3	441.1
14.9	25.9	494.9	12.6	8.2	441.1
13.3	25.1	399.4	12.6	8.6	441.1
12.8	24.4	358.7	12.5	7.0	441.1
1.4	22.9	80.3	12.5	4.8	441.1
1.0	23.5	375.0	12.5	7.3	441.1
0.4	22.8	417.6	12.4	7.1	441.1
0.1	20.4	301.1	12.4	7.7	441.1
0.1	20.4	210.1	12.4	6.4	441.1
0.1	22.0	535.5	12.3	9.2	441.1
0.0	21.9	540.2	12.3	9.2	441.1
0.0	23.1	530.8	12.3	9.3	441.1
0.0	23.3	527.7	12.3	8.9	441.1
0.0	25.9	274.0	12.2	8.8	441.1
25.9	26.1	405.8	12.2	8.6	441.1
27.9	23.0	237.2	12.2	7.3	441.1
0.0	19.4	521.5	12.1	7.2	441.1
0.0	20.4	514.9	12.1	6.9	441.1
0.0	21.3	504.4	12.1	8.3	441.1
0.1	21.7	501.5	12.0	8.2	441.1
0.6	22.0	479.7	12.0	7.2	441.1
1.0	21.8	34.6	12.0	3.9	441.1
1.5	22.1	37.7	12.0	4.2	441.1
5.6	22.4	246.4	11.9	7.3	441.1
0.9	23.4	380.0	11.9	6.7	440.9
0.0	22.1	411.9	11.9	8.5	440.9
0.0	19.9	503.2	11.8	8.6	440.9
0.0	21.0	448.9	11.8	8.7	440.9
0.0	21.6	334.2	11.8	8.1	440.9
0.0	21.7	464.1	11.7	8.8	440.9
0.0	22.0	476.2	11.7	7.8	440.9
0.0	19.3	472.4	11.7	7.7	440.9
0.0	19.6	471.3	11.7	7.4	440.9
0.0	18.8	469.1	11.6	7.0	440.9
0.0	20.5	457.7	11.6	7.8	440.9
0.0	22.7	441.2	11.6	7.9	440.9
2.0	21.7	274.1	11.5	7.1	440.9
0.3	17.8	131.7	11.5	5.6	440.9
0.0	15.8	463.5	11.5	6.4	440.9
0.0	17.4	457.4	11.4	7.0	440.9
0.0	18.2	452.0	11.4	7.4	440.9
0.0	18.2	445.7	11.4	7.0	440.9
0.0	18.4	392.5	11.4	7.2	440.9
0.0	17.7	437.9	11.3	6.4	440.9
0.7	19.3	218.8	11.3	6.3	440.9
0.2	21.1	409.3	11.3	7.0	440.9
1.2	21.3	151.3	11.2	5.3	440.9
0.0	18.5	374.2	11.2	7.0	440.9
0.0	16.0	430.9	11.2	6.9	440.9
0.0	15.8	430.1	11.2	7.1	440.9
0.0	16.7	425.3	11.1	6.9	440.9
0.0	17.8	408.8	11.1	6.8	440.9
0.0	17.8	352.1	11.1	6.2	440.9
0.0	18.4	398.5	11.0	6.9	440.9
0.0	17.2	396.3	11.0	7.1	440.9
0.0	17.3	402.7	11.0	7.1	442.2
0.0	17.8	399.7	11.0	6.9	442.2
0.0	17.9	397.1	10.9	6.8	442.2
0.2	15.0	166.8	10.9	5.0	442.2
0.0	13.2	377.2	10.9	4.9	442.2
0.0	13.4	387.7	10.9	5.4	442.2
0.0	12.1	381.0	10.8	4.7	442.2
0.0	13.3	352.1	10.8	4.7	442.2
0.0	11.5	301.0	10.8	4.2	442.2
0.0	11.4	335.6	10.8	4.7	442.2
0.0	12.6	366.3	10.7	5.2	442.2
0.0	14.6	358.7	10.7	5.4	442.2
0.0	12.4	368.0	10.7	4.7	442.2
0.0	10.9	372.3	10.7	5.1	442.2
0.0	10.8	371.0	10.6	5.4	442.2
0.0	11.3	368.4	10.6	5.4	442.2
0.0	12.1	363.5	10.6	5.2	442.2
0.0	14.4	351.4	10.6	5.4	442.2
0.2	16.4	336.3	10.6	5.4	442.2
0.0	16.5	142.3	10.5	4.3	442.2
0.3	17.1	214.8	10.5	4.9	442.2
0.3	18.5	190.4	10.5	4.5	442.2
0.6	18.9	157.0	10.5	4.2	442.2
0.7	19.2	283.7	10.5	5.4	442.2
1.1	8.9	33.0	10.4	3.9	442.2
0.0	5.3	131.8	10.4	2.4	442.2
0.0	6.2	345.9	10.4	3.4	442.2
0.0	8.5	341.2	10.4	4.4	442.2
0.0	10.4	330.1	10.4	4.9	442.2
0.0	10.8	234.6	10.4	4.6	442.2
0.0	10.3	327.0	10.3	4.6	444.0
0.0	11.8	291.3	10.3	4.8	444.0
0.0	12.4	307.8	10.3	5.1	444.0
0.0	9.0	322.1	10.3	3.4	444.0
0.0	13.4	290.9	10.3	4.9	444.0
1.9	14.8	144.2	10.3	4.2	444.0
5.9	8.6	34.9	10.3	3.1	444.0
0.0	5.6	322.1	10.3	3.4	444.0
0.0	6.6	310.6	10.2	3.4	444.0
0.0	8.2	89.4	10.2	3.2	444.0
0.0	13.0	202.5	10.2	4.2	444.0
0.1	15.2	280.5	10.2	4.9	444.0
0.3	15.6	157.9	10.2	4.4	444.0
5.0	11.2	39.2	10.2	2.5	444.0
12.0	5.8	16.5	10.2	2.6	444.0
0.2	2.4	136.7	10.2	2.0	444.0
0.1	3.8	302.5	10.2	3.0	444.0
0.0	4.3	259.2	10.2	3.1	444.0
0.0	6.2	307.0	10.2	3.7	444.0
0.1	8.4	297.2	10.2	4.3	444.0
0.5	8.3	271.8	10.2	3.3	444.0
0.0	4.0	303.9	10.2	2.9	444.0
0.0	3.0	322.4	10.2	2.7	444.0
0.0	5.1	265.3	10.2	3.5	444.0
0.0	6.4	252.3	10.2	2.9	444.0
5.1	5.8	34.1	10.2	1.3	444.0
4.5	6.5	53.4	10.2	2.0	444.0
0.7	4.4	87.8	10.2	2.0	444.0
0.0	4.3	238.0	10.2	2.8	444.0
0.0	3.4	319.7	10.2	2.8	444.0
0.0	-0.6	324.3	10.2	1.8	444.0
0.0	2.2	324.8	10.2	2.6	445.9
