rain[mm]	temperature[°C]	irradiance[μmol/s/m2]	day_length[h]	PET[mm]	co2[ppm]
0.9	10.0	99.7	10.2	2.8	403.8
0.1	12.6	171.0	10.2	3.6	403.8
0.1	14.5	188.7	10.2	4.4	403.8
3.9	14.7	89.9	10.3	4.1	403.8
0.1	6.3	274.1	10.3	3.4	403.8
0.0	1.8	110.9	10.3	2.2	403.8
0.0	3.7	289.7	10.3	3.2	403.8
0.2	7.5	283.5	10.3	3.5	403.8
17.4	11.6	72.4	10.3	3.5	403.8
11.6	6.2	29.4	10.3	3.9	403.8
0.1	3.5	209.1	10.3	2.3	403.8
0.1	3.3	297.1	10.4	3.0	403.8
0.0	0.3	247.0	10.4	1.9	403.8
0.0	0.6	299.3	10.4	2.2	403.8
0.0	4.4	305.2	10.4	3.3	403.8
0.0	6.0	309.3	10.4	4.0	403.8
0.0	0.5	272.4	10.4	3.0	403.8
0.0	-1.4	306.5	10.5	2.3	403.8
0.0	-1.3	310.8	10.5	2.6	403.8
0.0	0.9	262.6	10.5	2.7	403.8
0.0	3.8	218.7	10.5	3.2	403.8
1.7	8.7	130.2	10.5	3.7	403.8
12.7	10.9	227.7	10.6	4.0	403.8
14.0	7.2	29.7	10.6	1.6	403.8
0.7	6.7	193.6	10.6	3.2	403.8
0.0	4.3	293.4	10.6	3.3	403.8
3.4	4.2	275.6	10.6	2.7	403.8
12.7	6.1	38.5	10.7	3.0	403.8
2.8	5.0	109.1	10.7	2.3	403.8
3.5	8.7	68.6	10.7	2.3	403.8
1.1	7.9	126.9	10.7	2.9	403.8
6.2	7.3	74.7	10.8	2.4	403.8
5.7	5.0	17.4	10.8	2.0	403.8
2.2	4.9	46.6	10.8	2.2	403.8
6.3	6.8	44.2	10.8	3.1	403.8
3.6	4.2	55.9	10.9	2.2	403.8
6.2	3.1	52.4	10.9	1.4	403.8
24.1	4.1	40.1	10.9	1.7	403.8
1.3	3.9	64.1	10.9	1.7	403.8
11.3	9.3	91.2	11.0	3.4	403.8
6.1	4.5	25.3	11.0	3.5	403.8
0.3	1.5	177.1	11.0	3.1	403.8
0.6	4.6	223.7	11.0	4.1	403.8
0.6	3.1	42.0	11.1	1.8	403.8
21.9	6.0	82.6	11.1	3.0	403.8
12.1	8.5	118.6	11.1	2.8	403.8
2.4	5.3	73.9	11.2	3.7	403.8
0.3	1.3	69.0	11.2	1.3	403.8
8.6	3.0	175.6	11.2	2.6	403.8
19.0	0.7	42.6	11.2	1.2	403.8
7.2	-0.7	57.3	11.3	1.8	403.8
0.0	0.8	319.5	11.3	3.4	403.8
0.0	4.6	401.5	11.3	4.4	403.8
12.6	7.6	301.1	11.4	4.6	403.8
20.9	8.1	25.3	11.4	3.0	403.8
0.8	6.5	106.4	11.4	2.3	403.8
18.3	5.7	73.5	11.4	3.3	403.8
0.4	6.3	167.3	11.5	3.9	403.8
17.7	3.7	43.4	11.5	2.5	404.4
6.9	5.7	81.6	11.5	2.6	404.4
9.0	3.3	37.4	11.6	3.8	404.4
0.0	-0.4	441.9	11.6	2.9	404.4
0.0	2.0	425.1	11.6	3.8	404.4
0.0	2.3	117.1	11.7	3.6	404.4
0.9	6.5	330.3	11.7	5.1	404.4
21.4	6.9	46.5	11.7	2.9	404.4
0.6	5.3	38.7	11.7	2.5	404.4
0.0	7.5	446.3	11.8	5.5	404.4
0.4	7.7	413.1	11.8	5.0	404.4
14.8	3.3	36.9	11.8	1.5	404.4
17.1	4.6	31.1	11.9	1.9	404.4
3.2	6.2	97.5	11.9	2.7	404.4
0.6	8.0	121.7	11.9	4.3	404.4
0.2	10.0	181.0	12.0	5.2	404.4
0.3	14.9	383.8	12.0	7.8	404.4
2.0	17.0	147.3	12.0	5.9	404.4
11.7	19.1	270.3	12.1	8.0	404.4
22.2	3.5	19.9	12.1	6.8	404.4
0.1	1.8	319.8	12.1	4.0	404.4
0.2	7.2	471.6	12.1	5.6	404.4
6.3	14.1	77.8	12.2	7.2	404.4
5.1	16.6	134.4	12.2	7.8	404.4
2.4	8.9	351.4	12.2	5.6	404.4
6.3	5.2	138.4	12.3	2.7	404.4
1.4	7.6	83.1	12.3	3.3	404.4
0.0	5.7	515.5	12.3	5.4	404.4
0.7	10.3	484.2	12.4	6.6	404.4
0.3	12.2	319.1	12.4	7.3	404.4
0.8	15.3	76.4	12.4	7.2	404.4
1.0	17.3	76.2	12.5	5.5	404.8
0.7	20.8	363.0	12.5	9.5	404.8
0.0	24.3	487.5	12.5	9.3	404.8
0.3	27.0	491.1	12.5	9.4	404.8
7.0	25.4	414.5	12.6	9.1	404.8
18.8	23.3	315.4	12.6	10.1	404.8
2.5	21.4	168.3	12.6	5.4	404.8
0.6	23.3	472.0	12.7	11.9	404.8
6.5	9.3	37.2	12.7	6.8	404.8
0.8	7.3	118.4	12.7	3.2	404.8
14.6	8.3	228.0	12.8	4.8	404.8
3.3	8.9	124.9	12.8	3.9	404.8
0.0	9.2	535.3	12.8	6.0	404.8
7.2	9.0	161.5	12.8	5.3	404.8
0.2	13.2	420.8	12.9	7.7	404.8
3.3	16.6	133.5	12.9	6.6	404.8
0.1	22.3	422.8	12.9	9.3	404.8
7.4	21.8	188.6	13.0	7.0	404.8
34.1	14.3	43.9	13.0	10.1	404.8
0.6	10.5	394.8	13.0	5.9	404.8
1.2	7.7	114.0	13.0	4.2	404.8
1.2	12.0	416.7	13.1	6.2	404.8
0.7	14.6	372.7	13.1	7.3	404.8
0.0	17.1	447.2	13.1	8.0	404.8
0.0	18.1	487.2	13.1	8.9	404.8
3.8	20.4	499.1	13.2	8.9	404.8
2.2	21.9	248.7	13.2	9.2	404.8
0.5	24.4	348.6	13.2	7.8	404.8
12.3	24.5	322.2	13.3	8.9	404.8
2.1	26.1	441.8	13.3	9.1	404.8
1.0	22.9	195.8	13.3	8.7	405.3
3.7	24.3	337.9	13.3	8.1	405.3
2.0	24.9	501.3	13.4	11.0	405.3
13.3	19.5	429.3	13.4	12.6	405.3
0.3	14.9	161.1	13.4	5.4	405.3
0.1	17.6	381.9	13.4	7.3	405.3
0.2	22.7	486.2	13.5	10.6	405.3
1.1	24.1	454.8	13.5	9.7	405.3
3.6	23.2	196.5	13.5	7.9	405.3
8.3	21.8	98.1	13.5	5.2	405.3
15.7	18.6	271.5	13.6	10.8	405.3
0.0	17.9	599.9	13.6	8.4	405.3
0.0	19.2	399.6	13.6	8.7	405.3
9.5	17.8	302.6	13.6	6.5	405.3
0.5	19.7	473.2	13.6	9.4	405.3
0.0	21.1	576.8	13.7	10.8	405.3
0.0	19.6	600.5	13.7	10.3	405.3
0.0	21.8	500.1	13.7	10.6	405.3
0.0	20.4	208.5	13.7	9.3	405.3
0.0	22.3	605.6	13.7	10.9	405.3
0.0	24.5	535.0	13.8	10.2	405.3
28.8	23.1	276.8	13.8	10.1	405.3
0.0	19.0	592.1	13.8	10.6	405.3
0.0	20.7	616.6	13.8	9.6	405.3
0.0	23.6	467.3	13.8	10.0	405.3
26.0	23.3	451.5	13.9	13.4	405.3
5.2	12.8	44.2	13.9	4.0	405.3
0.0	14.0	160.0	13.9	5.4	405.3
0.1	14.8	368.1	13.9	7.9	405.3
0.0	17.9	563.7	13.9	9.9	405.3
0.0	18.3	345.2	13.9	7.9	405.3
0.0	18.2	273.2	13.9	6.7	404.4
3.5	20.0	214.0	14.0	7.4	404.4
2.6	23.0	315.6	14.0	10.3	404.4
11.1	24.2	194.4	14.0	8.7	404.4
3.9	20.5	134.2	14.0	8.1	404.4
0.0	21.8	388.1	14.0	9.3	404.4
2.5	22.9	508.8	14.0	10.8	404.4
0.8	23.8	332.3	14.0	8.6	404.4
1.6	21.3	107.0	14.0	6.8	404.4
0.0	21.1	426.7	14.0	8.3	404.4
0.5	22.9	389.0	14.0	8.6	404.4
19.7	21.1	38.3	14.1	3.3	404.4
0.3	21.5	85.3	14.1	6.3	404.4
0.0	22.7	391.1	14.1	9.5	404.4
1.3	23.9	557.7	14.1	10.3	404.4
0.0	22.3	300.1	14.1	9.3	404.4
1.5	23.9	615.3	14.1	12.2	404.4
0.8	24.9	597.5	14.1	11.0	404.4
0.0	25.6	564.7	14.1	11.4	404.4
0.0	27.0	549.9	14.1	11.5	404.4
17.2	26.3	451.1	14.1	9.6	404.4
13.2	23.3	292.2	14.1	8.6	404.4
0.1	24.3	435.3	14.1	10.5	404.4
0.5	24.5	346.3	14.1	11.4	404.4
1.3	24.7	538.2	14.1	10.1	404.4
50.4	22.2	37.2	14.1	4.0	404.4
6.1	21.9	156.9	14.1	7.3	404.4
0.7	21.3	430.5	14.1	7.9	404.4
0.0	23.7	396.2	14.1	8.8	404.4
3.2	25.7	426.4	14.1	11.3	404.4
38.2	24.1	76.9	14.1	4.5	401.7
1.2	24.3	293.8	14.1	9.3	401.7
1.7	26.1	388.4	14.0	9.6	401.7
7.5	26.4	394.1	14.0	9.9	401.7
3.9	26.8	526.1	14.0	11.1	401.7
8.8	26.7	478.0	14.0	10.2	401.7
18.6	26.7	442.5	14.0	9.6	401.7
6.7	26.8	389.4	14.0	9.0	401.7
8.4	27.1	584.9	14.0	11.1	401.7
14.2	26.8	480.4	14.0	10.2	401.7
1.4	26.5	559.8	14.0	10.4	401.7
15.9	25.8	503.2	14.0	9.1	401.7
12.4	25.5	459.3	13.9	8.7	401.7
11.7	26.1	462.9	13.9	9.6	401.7
15.3	26.3	424.2	13.9	10.2	401.7
1.9	26.9	532.3	13.9	9.9	401.7
3.9	26.4	428.0	13.9	8.7	401.7
4.5	25.9	303.1	13.9	7.6	401.7
2.2	26.4	378.8	13.9	8.1	401.7
3.6	26.3	363.2	13.8	8.5	401.7
1.3	26.2	379.3	13.8	8.2	401.7
12.0	25.8	381.8	13.8	8.9	401.7
16.8	25.3	323.0	13.8	7.6	401.7
11.0	25.1	247.3	13.8	7.3	401.7
7.9	24.8	95.1	13.7	5.4	401.7
8.8	24.7	153.4	13.7	5.5	401.7
6.1	25.4	202.9	13.7	7.3	401.7
11.8	25.9	282.4	13.7	9.3	401.7
6.6	25.8	407.2	13.7	9.3	401.7
0.9	25.1	270.1	13.6	7.7	401.7
0.3	25.4	480.7	13.6	8.9	401.7
0.3	25.9	505.5	13.6	9.6	399.3
1.2	26.4	571.6	13.6	10.0	399.3
1.9	26.8	552.2	13.6	10.9	399.3
6.5	26.6	576.2	13.5	11.0	399.3
0.2	26.8	521.2	13.5	10.3	399.3
2.7	26.2	512.8	13.5	9.8	399.3
1.9	26.5	514.2	13.5	9.9	399.3
14.5	23.7	124.5	13.4	6.0	399.3
27.1	22.9	36.3	13.4	2.4	399.3
14.9	23.7	102.9	13.4	5.3	399.3
15.2	24.0	204.6	13.4	7.6	399.3
12.9	24.9	360.3	13.3	8.3	399.3
2.7	26.0	483.8	13.3	9.9	399.3
5.6	25.8	541.5	13.3	9.9	399.3
8.2	25.9	507.8	13.3	9.5	399.3
17.9	25.6	454.0	13.2	8.8	399.3
13.0	25.5	379.7	13.2	8.6	399.3
5.2	25.7	272.2	13.2	8.3	399.3
13.3	25.7	291.2	13.2	8.7	399.3
10.9	25.7	461.8	13.1	9.3	399.3
15.8	25.6	441.5	13.1	9.1	399.3
12.2	25.4	480.9	13.1	9.4	399.3
11.3	24.4	481.0	13.1	8.8	399.3
0.5	23.1	127.1	13.0	5.5	399.3
1.4	24.3	295.5	13.0	7.6	399.3
12.3	24.8	402.4	13.0	8.4	399.3
4.2	25.3	512.0	12.9	8.6	399.3
13.4	25.1	353.7	12.9	8.3	399.3
13.4	24.2	216.5	12.9	7.7	399.3
7.1	24.5	327.5	12.9	7.7	399.3
4.7	24.9	302.8	12.8	7.7	399.3
14.9	25.5	285.4	12.8	7.9	398.5
15.0	24.3	214.7	12.8	6.6	398.5
0.6	22.9	227.1	12.7	7.0	398.5
0.0	22.0	410.9	12.7	7.0	398.5
0.2	20.8	197.7	12.7	8.2	398.5
0.1	21.1	498.5	12.7	9.2	398.5
0.0	20.9	505.1	12.6	8.7	398.5
0.0	21.2	501.8	12.6	8.1	398.5
0.3	21.9	403.6	12.6	7.6	398.5
0.0	21.6	491.9	12.5	7.9	398.5
0.0	21.6	431.7	12.5	7.8	398.5
0.0	22.5	452.3	12.5	8.7	398.5
0.0	23.0	439.9	12.4	9.3	398.5
0.0	24.0	483.2	12.4	9.9	398.5
0.0	25.4	468.8	12.4	9.8	398.5
14.8	24.0	229.7	12.4	8.1	398.5
2.1	22.0	115.5	12.3	4.7	398.5
1.8	20.9	103.8	12.3	5.8	398.5
0.5	19.9	53.8	12.3	3.5	398.5
0.0	20.8	77.8	12.2	4.9	398.5
0.1	21.7	426.3	12.2	7.7	398.5
0.2	22.6	436.8	12.2	7.1	398.5
0.9	22.7	357.0	12.1	6.3	398.5
0.7	22.5	336.1	12.1	6.2	398.5
0.1	22.3	201.9	12.1	6.7	398.5
0.4	23.4	382.3	12.1	7.6	398.5
1.8	23.6	340.1	12.0	6.4	398.5
1.1	23.2	91.1	12.0	4.3	398.5
2.3	23.0	109.9	12.0	5.1	398.5
1.1	22.4	102.6	11.9	5.5	398.5
0.0	20.6	436.6	11.9	9.2	398.9
0.0	15.3	454.7	11.9	6.6	398.9
0.0	16.0	440.2	11.8	7.3	398.9
0.0	17.3	432.9	11.8	7.9	398.9
0.0	18.6	422.7	11.8	7.5	398.9
0.0	19.1	414.7	11.8	7.1	398.9
0.0	19.9	401.8	11.7	8.3	398.9
0.0	21.9	271.6	11.7	7.5	398.9
0.0	19.1	52.3	11.7	3.3	398.9
0.2	22.9	291.6	11.6	7.2	398.9
6.8	20.4	29.3	11.6	3.9	398.9
3.4	21.8	194.3	11.6	6.3	398.9
28.4	16.3	14.7	11.5	5.4	398.9
17.3	14.3	17.9	11.5	2.4	398.9
0.2	15.4	143.2	11.5	4.1	398.9
14.6	13.6	32.1	11.5	2.7	398.9
8.2	12.2	18.2	11.4	2.2	398.9
1.2	13.0	230.2	11.4	5.5	398.9
0.3	13.5	325.9	11.4	5.6	398.9
0.1	14.2	173.6	11.3	4.7	398.9
0.1	13.5	332.9	11.3	6.2	398.9
0.0	8.8	395.4	11.3	4.6	398.9
0.0	10.4	385.8	11.3	5.0	398.9
0.0	10.5	373.8	11.2	4.9	398.9
0.0	10.9	360.1	11.2	4.9	398.9
0.0	13.0	351.1	11.2	5.4	398.9
0.2	14.1	268.2	11.1	5.1	398.9
0.0	14.6	355.6	11.1	5.3	398.9
0.1	12.0	347.1	11.1	5.0	398.9
0.2	12.5	346.3	11.1	5.3	398.9
0.0	11.5	358.0	11.0	5.5	398.9
0.0	9.8	363.1	11.0	5.1	401.2
0.0	10.7	359.6	11.0	5.3	401.2
0.0	11.0	346.8	10.9	5.2	401.2
0.0	11.5	345.9	10.9	5.1	401.2
0.0	12.6	346.6	10.9	5.5	401.2
0.0	14.2	346.4	10.9	5.5	401.2
0.0	9.2	349.3	10.8	4.5	401.2
0.0	10.2	285.5	10.8	5.0	401.2
0.0	12.3	332.1	10.8	5.8	401.2
0.0	10.5	331.5	10.8	4.8	401.2
0.0	12.2	316.4	10.7	5.6	401.2
0.0	11.5	319.5	10.7	5.6	401.2
0.0	7.3	338.4	10.7	4.3	401.2
0.0	9.8	331.1	10.7	4.8	401.2
0.0	12.0	308.2	10.7	5.5	401.2
0.0	12.5	311.9	10.6	5.3	401.2
0.0	14.6	309.2	10.6	5.1	401.2
4.3	18.9	283.2	10.6	5.5	401.2
12.4	10.9	32.7	10.6	5.4	401.2
0.0	2.6	316.2	10.5	2.9	401.2
0.0	5.1	320.2	10.5	3.5	401.2
0.0	10.7	205.6	10.5	4.3	401.2
0.1	12.0	63.9	10.5	2.5	401.2
0.1	13.7	181.5	10.5	3.6	401.2
0.3	15.2	257.1	10.4	4.6	401.2
0.0	11.6	256.2	10.4	3.6	401.2
0.3	15.0	273.4	10.4	4.3	401.2
9.6	15.9	108.3	10.4	3.2	401.2
20.8	13.2	87.8	10.4	5.1	401.2
0.0	0.8	295.9	10.4	2.4	401.2
0.0	2.7	293.6	10.3	2.8	403.4
0.0	5.8	274.1	10.3	3.6	403.4
0.0	5.1	186.4	10.3	3.1	403.4
0.0	3.6	253.3	10.3	2.6	403.4
0.0	3.5	289.7	10.3	2.7	403.4
0.0	6.5	279.9	10.3	3.6	403.4
0.0	5.1	160.8	10.3	2.3	403.4
0.0	6.3	250.8	10.3	3.2	403.4
0.0	7.2	238.4	10.3	3.5	403.4
0.5	10.5	156.0	10.2	3.7	403.4
0.6	11.5	132.1	10.2	2.8	403.4
0.9	13.5	106.6	10.2	3.2	403.4
0.4	14.7	94.4	10.2	2.8	403.4
2.6	10.7	73.0	10.2	4.3	403.4
0.5	4.2	102.7	10.2	1.6	403.4
0.4	5.7	119.8	10.2	2.3	403.4
3.6	8.3	33.3	10.2	2.3	403.4
0.3	13.5	125.0	10.2	3.7	403.4
5.6	14.7	205.8	10.2	4.8	403.4
4.1	3.3	20.1	10.2	3.2	403.4
0.8	0.2	129.9	10.2	1.5	403.4
1.0	1.1	127.1	10.2	1.7	403.4
0.1	0.3	122.5	10.2	1.5	403.4
1.3	5.4	239.7	10.2	3.0	403.4
0.7	5.0	95.0	10.2	2.2	403.4
0.3	9.1	101.5	10.2	3.0	403.4
7.1	10.6	16.8	10.2	2.9	403.4
0.2	3.6	36.2	10.2	2.7	403.4
0.0	-3.0	273.3	10.2	1.8	403.4
0.0	-0.1	282.4	10.2	2.5	403.4
0.0	2.3	252.5	10.2	3.2	403.4
0.1	3.3	248.0	10.2	3.2	405.5
0.0	3.2	251.6	10.2	3.5	405.5
0.0	2.1	286.2	10.2	3.1	405.5
0.0	2.0	290.0	10.2	3.1	405.5
0.0	5.7	288.0	10.3	4.3	405.5
0.1	7.0	286.9	10.3	4.4	405.5
0.1	3.8	199.9	10.3	3.5	405.5
0.0	6.4	287.8	10.3	3.9	405.5
0.0	10.0	278.7	10.3	4.9	405.5
0.4	13.1	270.7	10.3	5.4	405.5
1.1	8.3	51.6	10.3	2.9	405.5
0.1	9.0	284.4	10.3	3.9	405.5
0.2	6.9	129.6	10.3	3.8	405.5
0.0	6.6	284.6	10.4	3.7	405.5
0.0	8.7	292.5	10.4	4.7	405.5
0.1	10.7	153.4	10.4	4.3	405.5
2.3	6.6	40.9	10.4	3.2	405.5
0.0	2.9	309.1	10.4	3.1	405.5
0.0	5.7	202.0	10.4	3.3	405.5
2.5	11.1	279.2	10.5	5.2	405.5
2.3	4.1	38.1	10.5	3.0	405.5
0.0	0.7	321.7	10.5	2.3	405.5
0.0	3.1	315.5	10.5	3.9	405.5
0.0	-4.6	324.2	10.5	1.7	405.5
0.0	-2.3	335.5	10.6	2.6	405.5
0.0	2.7	333.6	10.6	4.1	405.5
0.0	8.2	331.8	10.6	5.6	405.5
1.9	11.1	314.5	10.6	6.1	405.5
0.3	2.6	79.9	10.7	2.6	405.5
0.0	8.0	335.2	10.7	5.2	405.5
6.3	5.5	86.5	10.7	3.3	405.5
0.3	4.8	158.8	10.7	3.3	406.7
0.3	8.7	320.7	10.8	5.1	406.7
5.0	6.9	71.5	10.8	2.8	406.7
2.5	14.1	250.9	10.8	4.4	406.7
0.8	6.6	131.1	10.8	4.7	406.7
6.1	7.0	49.5	10.9	3.0	406.7
27.0	5.5	30.3	10.9	2.6	406.7
1.5	1.1	58.4	10.9	2.2	406.7
8.3	0.3	109.6	10.9	1.6	406.7
1.8	-2.1	241.7	11.0	2.1	406.7
0.0	-0.0	369.5	11.0	2.8	406.7
0.0	-0.3	325.3	11.0	3.0	406.7
0.0	5.5	369.1	11.0	4.4	406.7
0.0	6.6	197.5	11.1	4.6	406.7
0.1	11.2	265.5	11.1	5.9	406.7
3.6	15.3	197.4	11.1	5.4	406.7
11.5	8.7	46.6	11.1	2.7	406.7
0.0	12.8	371.5	11.2	4.6	406.7
5.4	9.0	87.6	11.2	6.4	406.7
24.2	4.1	172.1	11.2	2.3	406.7
10.0	3.9	57.9	11.3	2.9	406.7
0.1	1.1	147.0	11.3	2.0	406.7
5.1	1.2	149.0	11.3	2.0	406.7
12.3	0.1	39.3	11.4	1.4	406.7
21.0	3.4	49.0	11.4	2.6	406.7
2.7	6.8	47.0	11.4	2.7	406.7
23.7	9.6	144.5	11.4	4.0	406.7
0.0	3.1	170.8	11.5	3.7	406.7
0.8	1.2	97.3	11.5	2.2	406.7
8.1	3.1	18.3	11.5	2.9	407.5
1.9	1.5	49.0	11.6	1.8	407.5
0.1	5.7	401.0	11.6	4.5	407.5
32.7	9.5	159.4	11.6	4.9	407.5
2.2	4.4	78.3	11.6	3.2	407.5
12.5	5.2	167.7	11.7	3.2	407.5
12.3	6.5	24.1	11.7	1.9	407.5
5.3	2.7	28.4	11.7	3.4	407.5
2.4	3.8	117.7	11.8	4.0	407.5
6.0	11.7	138.9	11.8	6.0	407.5
6.1	6.1	42.7	11.8	3.2	407.5
2.6	9.0	80.0	11.9	4.2	407.5
0.9	13.2	122.4	11.9	5.8	407.5
4.4	16.1	188.7	11.9	6.3	407.5
10.0	19.4	420.7	12.0	9.5	407.5
9.0	6.4	15.4	12.0	6.0	407.5
44.1	5.0	30.3	12.0	3.2	407.5
22.1	8.0	24.3	12.0	3.3	407.5
6.2	15.3	48.4	12.1	6.1	407.5
2.9	7.4	64.1	12.1	7.2	407.5
0.1	6.5	318.9	12.1	4.0	407.5
33.6	6.6	67.1	12.2	3.2	407.5
15.0	3.0	41.4	12.2	3.1	407.5
24.8	1.5	50.5	12.2	1.6	407.5
10.8	3.9	92.0	12.3	2.8	407.5
4.0	5.1	45.5	12.3	2.3	407.5
3.1	5.3	95.0	12.3	3.1	407.5
10.7	3.8	128.4	12.4	3.1	407.5
0.4	6.2	273.2	12.4	5.3	407.5
0.1	9.1	438.8	12.4	7.0	407.5
0.6	8.2	226.1	12.4	6.8	407.5
0.0	6.9	500.8	12.5	5.2	408.2
0.0	7.3	529.7	12.5	6.5	408.2
0.3	11.8	518.9	12.5	9.1	408.2
0.0	7.8	540.0	12.6	6.5	408.2
0.1	11.6	525.1	12.6	7.5	408.2
0.9	16.4	336.9	12.6	9.2	408.2
28.7	13.6	49.8	12.7	3.2	408.2
4.0	13.2	391.4	12.7	7.9	408.2
0.0	11.5	450.2	12.7	6.7	408.2
0.5	15.6	445.1	12.7	8.4	408.2
1.7	16.3	128.2	12.8	5.5	408.2
21.1	18.9	180.9	12.8	7.6	408.2
6.6	11.8	79.3	12.8	6.5	408.2
0.1	13.7	439.0	12.9	8.0	408.2
0.0	16.6	531.3	12.9	8.6	408.2
0.1	17.7	413.4	12.9	9.2	408.2
0.0	21.7	512.5	12.9	11.1	408.2
7.2	22.4	443.6	13.0	9.0	408.2
0.8	24.7	473.5	13.0	8.4	408.2
16.0	17.3	45.3	13.0	9.7	408.2
0.0	15.0	374.0	13.1	8.7	408.2
40.1	13.7	173.0	13.1	7.3	408.2
50.2	12.1	32.1	13.1	3.3	408.2
20.8	13.6	53.9	13.1	3.9	408.2
3.5	12.8	115.8	13.2	4.0	408.2
1.0	14.8	358.1	13.2	7.2	408.2
0.0	17.2	571.9	13.2	9.5	408.2
0.0	19.8	581.2	13.3	11.2	408.2
36.5	21.4	483.9	13.3	9.1	408.2
10.4	21.0	194.3	13.3	6.9	408.2
40.9	21.3	117.3	13.3	6.8	408.9
5.8	22.0	315.2	13.4	9.9	408.9
12.5	23.3	405.2	13.4	8.7	408.9
30.8	20.5	217.6	13.4	12.7	408.9
21.0	11.3	34.8	13.4	3.8	408.9
2.9	10.7	41.6	13.5	4.0	408.9
3.5	11.5	46.6	13.5	3.1	408.9
7.4	13.6	48.3	13.5	4.6	408.9
1.1	15.9	194.4	13.5	6.0	408.9
1.4	15.9	85.3	13.5	4.2	408.9
1.0	17.0	141.4	13.6	6.0	408.9
1.0	18.6	174.4	13.6	7.5	408.9
1.6	21.0	154.4	13.6	8.1	408.9
10.7	23.8	293.3	13.6	8.0	408.9
5.9	21.5	70.2	13.7	9.6	408.9
3.7	15.6	150.7	13.7	7.4	408.9
0.0	15.2	498.1	13.7	8.3	408.9
1.3	17.7	546.3	13.7	9.0	408.9
22.1	14.8	91.2	13.7	4.8	408.9
1.5	15.8	208.0	13.8	6.4	408.9
0.3	19.1	490.5	13.8	9.8	408.9
0.1	23.0	561.2	13.8	11.8	408.9
0.1	23.3	446.8	13.8	10.9	408.9
4.5	24.1	355.8	13.8	10.4	408.9
1.3	25.7	554.6	13.8	10.6	408.9
14.2	25.4	475.5	13.9	9.3	408.9
7.2	24.3	262.4	13.9	8.3	408.9
0.1	22.3	436.3	13.9	9.1	408.9
35.1	20.9	216.2	13.9	8.8	408.9
0.4	19.5	159.5	13.9	6.2	408.9
0.2	22.3	538.6	13.9	10.1	408.9
0.0	20.4	227.3	14.0	7.1	408.2
2.1	19.4	80.5	14.0	3.8	408.2
0.4	20.3	106.0	14.0	5.1	408.2
0.8	21.3	294.7	14.0	9.4	408.2
0.1	23.7	606.6	14.0	10.8	408.2
5.1	24.5	401.2	14.0	10.7	408.2
0.5	23.3	345.4	14.0	11.3	408.2
0.3	20.1	595.9	14.0	8.4	408.2
1.5	18.5	452.5	14.0	9.3	408.2
0.0	21.6	606.5	14.0	9.7	408.2
0.0	22.6	441.1	14.0	8.9	408.2
0.0	22.3	586.5	14.1	10.8	408.2
0.0	23.2	589.7	14.1	10.4	408.2
5.1	25.2	488.2	14.1	10.7	408.2
28.3	24.1	265.6	14.1	7.6	408.2
0.3	23.1	100.1	14.1	6.2	408.2
0.1	24.7	539.1	14.1	11.5	408.2
1.5	23.4	393.5	14.1	10.0	408.2
10.6	23.8	586.5	14.1	11.4	408.2
1.0	25.1	528.2	14.1	10.1	408.2
2.9	25.7	503.6	14.1	10.1	408.2
2.6	25.9	426.5	14.1	9.9	408.2
17.4	24.1	94.2	14.1	4.3	408.2
0.6	25.8	318.7	14.1	8.2	408.2
0.1	26.0	521.6	14.1	10.4	408.2
0.2	25.4	265.4	14.1	8.9	408.2
4.2	24.7	241.6	14.1	8.3	408.2
13.2	26.7	509.5	14.1	10.2	408.2
24.5	24.7	102.4	14.1	5.4	408.2
4.2	25.9	361.0	14.1	8.9	408.2
10.4	26.0	311.9	14.1	8.7	405.4
46.8	24.7	232.9	14.0	8.3	405.4
1.2	24.2	121.0	14.0	5.3	405.4
0.3	24.6	305.8	14.0	9.2	405.4
2.2	26.1	514.0	14.0	10.6	405.4
11.4	26.9	473.6	14.0	9.7	405.4
5.2	27.0	600.9	14.0	10.1	405.4
10.4	27.2	549.4	14.0	11.0	405.4
0.9	28.1	576.0	14.0	11.5	405.4
3.1	28.1	532.0	14.0	10.8	405.4
1.1	28.5	609.6	14.0	12.0	405.4
0.0	28.5	612.1	13.9	12.0	405.4
0.0	28.6	608.6	13.9	11.4	405.4
0.0	28.3	597.4	13.9	10.8	405.4
0.5	27.4	507.2	13.9	10.0	405.4
4.3	26.7	459.4	13.9	9.9	405.4
17.4	24.9	162.6	13.9	6.2	405.4
21.9	24.3	38.7	13.9	3.3	405.4
28.6	24.1	115.8	13.8	5.4	405.4
13.1	24.3	172.6	13.8	7.0	405.4
18.5	25.7	470.8	13.8	9.1	405.4
8.4	26.1	506.8	13.8	10.1	405.4
9.3	26.8	544.8	13.8	10.4	405.4
4.7	27.0	558.2	13.8	11.9	405.4
1.5	26.9	582.0	13.7	11.5	405.4
1.2	27.2	585.3	13.7	10.7	405.4
12.4	26.6	495.3	13.7	9.5	405.4
7.3	26.9	433.4	13.7	9.8	405.4
5.4	27.2	384.0	13.7	9.2	405.4
8.6	27.2	392.5	13.6	10.2	405.4
0.1	27.7	569.1	13.6	10.9	405.4
2.7	27.3	482.7	13.6	10.0	403.0
9.9	26.6	408.2	13.6	9.9	403.0
7.9	25.6	291.1	13.5	8.4	403.0
11.7	24.5	244.7	13.5	7.6	403.0
1.2	24.6	275.8	13.5	8.3	403.0
0.3	23.8	476.7	13.5	8.7	403.0
0.1	24.1	553.8	13.4	9.7	403.0
0.0	24.8	566.4	13.4	10.5	403.0
0.2	26.3	548.8	13.4	10.4	403.0
3.5	25.7	282.1	13.4	8.5	403.0
8.3	25.2	309.8	13.4	8.2	403.0
13.5	25.1	356.4	13.3	7.7	403.0
12.3	25.8	461.9	13.3	9.3	403.0
5.5	26.0	426.6	13.3	9.0	403.0
0.4	26.4	514.0	13.2	9.3	403.0
0.8	26.7	473.4	13.2	8.7	403.0
0.5	25.9	442.2	13.2	9.2	403.0
0.0	25.5	551.6	13.2	9.8	403.0
0.0	25.0	555.5	13.1	9.8	403.0
0.0	26.2	542.6	13.1	9.9	403.0
7.2	25.7	447.5	13.1	9.9	403.0
0.6	26.0	411.9	13.1	8.5	403.0
1.0	25.7	283.0	13.0	7.2	403.0
0.1	28.1	487.4	13.0	9.9	403.0
0.1	28.4	527.9	13.0	10.4	403.0
2.6	28.1	523.4	12.9	10.4	403.0
4.7	27.3	476.5	12.9	9.4	403.0
10.1	26.4	453.5	12.9	9.3	403.0
11.9	25.7	441.7	12.9	8.4	403.0
3.2	26.0	466.4	12.8	9.4	403.0
7.5	25.6	449.3	12.8	8.5	403.0
7.4	25.6	379.9	12.8	8.4	402.4
7.7	25.7	410.6	12.7	8.6	402.4
16.7	24.7	291.1	12.7	8.1	402.4
0.1	25.2	443.0	12.7	8.6	402.4
0.2	25.4	415.4	12.7	8.7	402.4
1.4	25.8	485.1	12.6	9.6	402.4
0.1	26.5	474.5	12.6	10.2	402.4
0.0	27.1	481.4	12.6	9.7	402.4
2.1	27.2	461.4	12.5	9.7	402.4
1.1	20.2	117.4	12.5	7.5	402.4
0.0	19.3	370.8	12.5	6.0	402.4
2.7	18.0	37.5	12.5	4.3	402.4
0.7	17.4	61.1	12.4	3.4	402.4
0.0	21.3	342.4	12.4	7.1	402.4
0.0	21.7	422.5	12.4	8.4	402.4
0.1	23.1	472.5	12.3	8.6	402.4
0.1	24.5	454.3	12.3	8.7	402.4
0.1	23.4	187.9	12.3	6.3	402.4
0.1	21.4	202.7	12.2	7.7	402.4
0.0	20.7	469.5	12.2	8.1	402.4
0.0	21.2	400.7	12.2	8.5	402.4
0.0	19.0	470.7	12.2	8.4	402.4
0.0	20.0	467.4	12.1	8.6	402.4
0.0	20.5	415.3	12.1	8.9	402.4
0.0	21.1	448.9	12.1	8.6	402.4
0.0	21.7	442.7	12.0	8.6	402.4
0.0	21.4	375.1	12.0	8.8	402.4
0.0	21.2	448.2	12.0	9.0	402.4
0.0	22.4	436.3	11.9	8.6	402.4
0.0	22.3	325.6	11.9	7.9	402.4
0.0	23.3	382.0	11.9	8.1	402.7
0.0	23.9	426.3	11.9	8.0	402.7
0.2	24.6	352.0	11.8	8.0	402.7
0.1	24.1	259.1	11.8	8.1	402.7
0.0	22.4	421.1	11.8	8.9	402.7
0.0	19.4	428.1	11.7	7.9	402.7
0.0	17.2	434.9	11.7	7.4	402.7
0.0	18.8	427.8	11.7	8.1	402.7
0.0	19.9	422.8	11.6	8.2	402.7
0.0	20.8	320.7	11.6	7.3	402.7
0.0	20.1	168.8	11.6	6.1	402.7
0.0	19.8	178.6	11.6	7.0	402.7
0.0	20.1	384.8	11.5	6.3	402.7
0.0	20.6	323.5	11.5	6.6	402.7
0.8	21.7	375.6	11.5	7.6	402.7
0.4	14.0	60.5	11.4	5.3	402.7
0.0	12.9	400.4	11.4	5.0	402.7
0.0	15.3	389.2	11.4	6.2	402.7
0.0	17.3	379.0	11.3	6.7	402.7
0.0	17.7	375.2	11.3	6.6	402.7
0.0	16.9	377.8	11.3	6.7	402.7
0.0	18.5	367.5	11.3	6.5	402.7
0.0	13.7	319.7	11.2	5.7	402.7
0.0	10.6	385.6	11.2	5.3	402.7
0.0	10.7	380.6	11.2	5.5	402.7
0.0	12.7	361.1	11.1	6.2	402.7
0.0	14.6	335.4	11.1	6.2	402.7
0.0	15.0	362.3	11.1	6.4	402.7
0.0	14.7	363.5	11.1	6.4	402.7
0.0	16.0	356.7	11.0	6.7	402.7
0.0	15.5	354.3	11.0	6.6	402.7
0.0	15.5	352.4	11.0	6.4	404.8
0.0	14.8	352.8	11.0	6.1	404.8
0.0	16.1	340.8	10.9	6.2	404.8
0.0	17.0	329.9	10.9	6.6	404.8
0.0	16.0	285.8	10.9	6.4	404.8
0.0	11.1	333.4	10.9	4.1	404.8
0.0	12.3	324.1	10.8	4.6	404.8
0.1	13.5	215.9	10.8	3.9	404.8
0.0	12.0	244.0	10.8	4.6	404.8
0.0	13.6	319.1	10.8	4.9	404.8
0.0	15.2	303.5	10.7	5.0	404.8
0.0	16.8	260.0	10.7	5.2	404.8
0.0	18.7	302.1	10.7	5.9	404.8
0.0	19.9	297.3	10.7	5.6	404.8
1.4	20.0	240.4	10.6	5.0	404.8
13.1	13.4	14.4	10.6	4.0	404.8
0.1	11.8	146.4	10.6	2.8	404.8
4.7	11.3	98.5	10.6	2.2	404.8
5.6	11.9	15.0	10.6	1.8	404.8
3.6	8.7	48.6	10.5	3.2	404.8
5.0	5.6	25.0	10.5	1.0	404.8
2.5	8.6	76.5	10.5	2.3	404.8
1.1	9.2	35.2	10.5	1.7	404.8
0.8	12.6	146.4	10.5	3.5	404.8
8.6	16.4	45.6	10.4	2.8	404.8
1.8	13.7	44.5	10.4	2.9	404.8
0.3	17.1	87.4	10.4	3.8	404.8
0.1	19.9	264.7	10.4	4.2	404.8
7.4	10.7	13.5	10.4	5.3	404.8
0.0	4.2	69.1	10.4	1.1	404.8
0.6	3.3	24.1	10.3	2.0	406.9
0.0	4.3	250.7	10.3	3.3	406.9
0.1	8.4	258.0	10.3	4.1	406.9
0.9	14.9	195.5	10.3	4.7	406.9
9.3	13.3	62.5	10.3	5.1	406.9
0.0	7.0	263.1	10.3	2.7	406.9
0.1	4.7	248.0	10.3	2.7	406.9
0.6	5.0	246.1	10.3	3.1	406.9
0.1	-2.4	70.1	10.2	1.9	406.9
0.0	-0.9	214.8	10.2	1.6	406.9
0.3	2.8	171.6	10.2	2.2	406.9
0.6	2.4	46.0	10.2	1.7	406.9
0.0	5.6	226.3	10.2	3.1	406.9
1.5	12.1	238.2	10.2	4.4	406.9
0.5	4.7	149.8	10.2	2.5	406.9
0.1	4.4	232.7	10.2	2.2	406.9
0.7	8.4	152.2	10.2	3.1	406.9
3.2	9.4	121.0	10.2	2.8	406.9
2.2	6.5	38.4	10.2	2.1	406.9
0.7	3.2	62.9	10.2	2.0	406.9
0.0	-1.2	99.7	10.2	1.7	406.9
0.0	-2.8	277.9	10.2	1.8	406.9
0.0	0.6	241.9	10.2	2.3	406.9
22.3	4.5	48.6	10.2	2.2	406.9
10.4	6.5	26.8	10.2	1.5	406.9
0.2	11.2	101.5	10.2	3.5	406.9
9.4	7.9	23.0	10.2	2.9	406.9
1.1	2.7	29.9	10.2	1.7	406.9
0.3	0.2	64.5	10.2	0.8	406.9
0.2	1.1	133.5	10.2	1.8	406.9
0.0	-1.1	188.5	10.2	2.1	406.9
0.1	-0.9	268.4	10.2	2.2	408.8
0.0	1.7	159.8	10.2	2.2	408.8
4.6	7.8	75.1	10.2	2.7	408.8
28.3	7.7	28.6	10.2	3.1	408.8
7.0	4.6	25.2	10.3	1.6	408.8
4.2	1.5	31.3	10.3	1.4	408.8
0.7	1.3	156.6	10.3	1.9	408.8
0.4	0.4	91.7	10.3	1.8	408.8
0.1	-2.1	290.1	10.3	2.1	408.8
0.0	0.3	156.6	10.3	2.0	408.8
1.6	4.6	43.8	10.3	2.0	408.8
9.0	10.0	89.4	10.3	3.3	408.8
0.9	11.4	24.3	10.4	2.0	408.8
5.4	14.5	134.2	10.4	3.8	408.8
5.8	13.2	46.4	10.4	4.5	408.8
5.1	7.1	27.4	10.4	1.3	408.8
3.0	3.3	21.7	10.4	2.6	408.8
1.1	-0.2	66.0	10.4	1.6	408.8
1.0	0.4	86.4	10.5	1.7	408.8
1.8	2.4	29.0	10.5	1.7	408.8
1.4	0.6	64.6	10.5	1.3	408.8
0.9	1.1	109.0	10.5	1.9	408.8
0.7	2.0	132.8	10.5	2.0	408.8
0.0	6.1	296.9	10.6	3.8	408.8
0.1	11.9	258.7	10.6	5.3	408.8
0.8	11.7	85.6	10.6	2.9	408.8
2.7	13.9	153.0	10.6	5.4	408.8
1.8	5.5	73.8	10.7	2.2	408.8
5.1	8.8	93.8	10.7	3.2	408.8
3.4	6.1	48.4	10.7	2.2	408.8
0.3	7.7	194.5	10.7	2.8	408.8
5.9	11.2	90.8	10.7	3.9	409.9
26.2	8.8	24.0	10.8	1.9	409.9
2.2	6.1	37.1	10.8	3.0	409.9
1.7	4.7	61.6	10.8	2.1	409.9
0.0	3.3	348.8	10.8	3.1	409.9
0.0	4.1	345.8	10.9	4.3	409.9
0.0	-1.5	364.5	10.9	2.3	409.9
0.0	1.7	210.3	10.9	3.2	409.9
0.1	4.8	319.9	10.9	4.2	409.9
0.0	8.2	343.4	11.0	5.3	409.9
0.0	11.5	353.9	11.0	5.3	409.9
0.0	9.4	368.7	11.0	5.5	409.9
0.0	5.5	375.3	11.1	4.1	409.9
0.0	15.9	365.8	11.1	7.9	409.9
0.0	17.5	365.8	11.1	7.5	409.9
9.9	17.8	317.7	11.1	7.2	409.9
9.9	16.2	84.4	11.2	5.1	409.9
1.2	3.4	65.0	11.2	4.9	409.9
0.0	2.6	350.6	11.2	3.5	409.9
0.0	9.0	400.9	11.3	5.6	409.9
0.0	11.6	391.3	11.3	6.2	409.9
0.1	16.2	242.9	11.3	6.7	409.9
28.7	18.0	149.5	11.3	5.4	409.9
2.7	8.5	85.8	11.4	5.0	409.9
1.7	11.9	191.0	11.4	4.8	409.9
3.8	9.9	100.3	11.4	4.5	409.9
34.1	4.5	28.1	11.5	2.9	409.9
13.1	5.1	29.9	11.5	2.1	409.9
1.3	4.0	63.9	11.5	2.5	410.5
0.1	4.8	334.4	11.6	4.0	410.5
0.1	7.5	352.1	11.6	5.2	410.5
0.4	9.8	335.8	11.6	5.0	410.5
4.2	8.5	67.2	11.6	4.1	410.5
0.2	6.5	234.2	11.7	4.1	410.5
2.8	12.3	432.9	11.7	6.5	410.5
0.7	8.2	105.5	11.7	5.6	410.5
0.0	6.7	347.9	11.8	4.5	410.5
15.4	9.7	333.4	11.8	5.1	410.5
0.0	3.4	249.8	11.8	4.5	410.5
0.7	6.6	451.0	11.9	5.1	410.5
1.4	8.2	140.6	11.9	4.7	410.5
0.4	11.6	282.6	11.9	5.9	410.5
51.3	11.5	38.8	11.9	3.9	410.5
1.6	10.0	162.6	12.0	3.7	410.5
12.5	9.7	64.7	12.0	4.3	410.5
18.4	13.9	435.8	12.0	6.4	410.5
2.0	18.3	214.6	12.1	7.3	410.5
13.4	7.0	38.1	12.1	8.4	410.5
0.1	0.7	146.2	12.1	3.4	410.5
0.0	1.0	500.7	12.2	4.4	410.5
0.0	4.8	451.7	12.2	4.5	410.5
9.4	11.5	250.5	12.2	5.8	410.5
28.3	16.0	41.6	12.3	5.5	410.5
26.3	11.8	34.2	12.3	6.4	410.5
1.0	9.3	327.5	12.3	5.9	410.5
33.3	10.5	80.3	12.3	3.7	410.5
3.5	16.7	68.4	12.4	7.5	410.5
5.0	10.8	52.7	12.4	8.3	410.5
6.9	7.0	91.1	12.4	3.0	410.5
15.6	8.4	24.4	12.5	3.5	411.1
9.4	7.3	35.0	12.5	3.4	411.1
55.4	9.0	36.5	12.5	3.8	411.1
27.4	10.0	37.5	12.6	2.9	411.1
3.5	9.0	78.3	12.6	3.8	411.1
16.5	14.0	83.2	12.6	8.1	411.1
5.6	14.2	60.5	12.6	8.4	411.1
3.7	8.2	155.9	12.7	2.8	411.1
6.5	8.0	96.8	12.7	3.0	411.1
7.0	8.5	42.7	12.7	2.8	411.1
1.5	9.3	61.5	12.8	2.7	411.1
0.0	7.7	527.7	12.8	6.4	411.1
0.0	8.8	537.4	12.8	7.0	411.1
3.6	12.3	526.2	12.9	7.3	411.1
8.1	9.6	51.5	12.9	2.8	411.1
6.6	10.8	96.2	12.9	3.5	411.1
0.1	11.3	387.2	12.9	8.0	411.1
0.0	12.0	289.8	13.0	7.5	411.1
0.1	15.5	568.4	13.0	9.2	411.1
0.0	16.2	558.7	13.0	9.5	411.1
1.2	17.2	528.3	13.1	8.6	411.1
4.7	15.5	124.3	13.1	3.8	411.1
12.2	19.0	315.5	13.1	8.0	411.1
21.4	18.7	165.2	13.1	6.1	411.1
1.4	16.1	76.2	13.2	6.0	411.1
0.0	16.8	382.7	13.2	7.9	411.1
0.1	14.6	165.2	13.2	8.0	411.1
0.0	11.1	591.6	13.2	7.8	411.1
8.3	14.8	504.7	13.3	8.0	411.1
2.8	11.5	55.1	13.3	3.7	411.1
0.1	14.0	449.3	13.3	7.7	411.7
0.7	19.5	447.5	13.3	10.3	411.7
3.1	20.8	170.0	13.4	5.7	411.7
1.1	18.4	376.3	13.4	8.6	411.7
1.7	20.1	164.6	13.4	9.4	411.7
50.0	24.8	483.0	13.4	10.4	411.7
15.5	12.6	82.2	13.5	10.0	411.7
0.1	11.8	324.2	13.5	7.1	411.7
0.0	15.2	457.1	13.5	8.9	411.7
2.5	13.1	108.0	13.5	4.1	411.7
0.4	16.5	365.9	13.6	8.2	411.7
0.2	19.7	567.7	13.6	10.5	411.7
13.9	22.3	450.7	13.6	10.8	411.7
90.6	21.2	64.9	13.6	5.2	411.7
3.2	14.5	116.8	13.7	9.3	411.7
0.0	13.6	578.0	13.7	8.9	411.7
0.0	16.2	544.2	13.7	8.4	411.7
13.0	19.3	99.0	13.7	6.4	411.7
23.3	19.9	62.0	13.7	4.5	411.7
15.2	19.9	130.7	13.8	7.8	411.7
0.6	20.8	304.7	13.8	8.7	411.7
0.2	22.0	338.8	13.8	9.0	411.7
0.1	22.3	570.0	13.8	9.9	411.7
0.1	24.0	573.6	13.8	11.3	411.7
1.3	24.5	514.4	13.8	9.7	411.7
4.9	23.5	331.9	13.9	8.2	411.7
14.4	23.4	242.1	13.9	8.7	411.7
6.9	23.5	266.1	13.9	7.2	411.7
43.3	23.2	161.9	13.9	6.1	411.7
0.1	19.9	244.8	13.9	10.7	411.7
0.3	16.7	582.9	13.9	8.5	411.7
0.2	17.6	614.1	13.9	9.4	410.8
0.0	20.7	590.7	14.0	10.4	410.8
0.1	20.3	624.5	14.0	10.6	410.8
0.1	21.2	565.6	14.0	9.0	410.8
0.0	21.4	211.6	14.0	8.1	410.8
0.2	21.2	454.5	14.0	10.4	410.8
0.1	22.9	599.5	14.0	11.0	410.8
0.0	24.0	567.8	14.0	11.6	410.8
0.4	24.7	266.1	14.0	9.6	410.8
7.6	23.5	76.8	14.0	6.1	410.8
23.1	23.7	254.6	14.0	7.8	410.8
0.3	23.8	500.6	14.1	10.7	410.8
0.0	22.8	466.6	14.1	10.6	410.8
17.8	22.2	154.9	14.1	6.3	410.8
0.2	24.7	369.7	14.1	9.8	410.8
1.2	24.6	146.4	14.1	7.4	410.8
2.2	25.1	355.4	14.1	9.8	410.8
4.9	26.4	544.2	14.1	10.3	410.8
0.1	27.3	539.8	14.1	9.0	410.8
0.0	28.2	602.9	14.1	8.4	410.8
5.5	27.7	544.2	14.1	10.2	410.8
1.9	27.9	568.0	14.1	10.2	410.8
15.1	26.0	434.9	14.1	8.9	410.8
0.6	25.6	248.8	14.1	8.9	410.8
0.2	24.8	415.5	14.1	9.9	410.8
0.5	22.8	247.0	14.1	8.1	410.8
87.7	22.5	32.8	14.1	4.0	410.8
22.0	23.0	35.5	14.1	4.3	410.8
5.9	22.9	52.0	14.1	4.7	410.8
14.1	23.3	51.0	14.1	4.0	410.8
2.6	25.0	121.2	14.1	6.0	407.8
0.6	23.3	123.0	14.0	6.7	407.8
2.6	25.9	382.0	14.0	10.2	407.8
9.4	27.4	533.9	14.0	11.5	407.8
10.0	26.7	392.0	14.0	9.1	407.8
20.3	26.0	344.4	14.0	8.4	407.8
12.6	25.7	282.6	14.0	9.0	407.8
16.2	25.5	304.0	14.0	9.2	407.8
6.0	25.5	210.5	14.0	6.7	407.8
38.2	25.0	400.6	14.0	7.7	407.8
31.2	25.8	382.2	14.0	9.2	407.8
6.9	25.9	381.4	13.9	9.0	407.8
12.7	25.6	291.5	13.9	9.5	407.8
16.1	25.8	324.8	13.9	8.7	407.8
0.2	26.0	254.7	13.9	9.0	407.8
12.0	23.3	121.1	13.9	6.9	407.8
0.3	24.5	227.8	13.9	7.7	407.8
13.9	25.4	435.3	13.9	9.7	407.8
9.4	25.8	531.8	13.8	9.7	407.8
10.0	26.4	571.1	13.8	10.2	407.8
9.4	26.2	491.6	13.8	10.9	407.8
0.0	26.8	599.5	13.8	10.9	407.8
1.0	26.8	595.1	13.8	10.6	407.8
0.6	27.4	595.8	13.8	10.5	407.8
0.0	27.9	597.2	13.7	11.0	407.8
0.0	28.5	597.5	13.7	11.4	407.8
0.0	28.5	551.0	13.7	11.1	407.8
11.2	26.7	367.4	13.7	10.6	407.8
13.1	26.3	555.5	13.7	10.1	407.8
3.9	26.5	583.8	13.6	11.0	407.8
13.6	25.9	524.9	13.6	9.3	407.8
22.5	25.7	427.9	13.6	8.1	405.5
20.0	25.9	443.6	13.6	10.0	405.5
0.2	26.5	543.1	13.5	9.4	405.5
13.5	26.0	528.4	13.5	9.5	405.5
11.1	25.7	499.8	13.5	9.4	405.5
1.2	25.9	508.6	13.5	10.5	405.5
0.7	25.4	429.8	13.5	9.0	405.5
11.5	25.2	473.6	13.4	9.3	405.5
4.5	26.4	545.7	13.4	10.5	405.5
8.7	26.3	511.8	13.4	10.8	405.5
0.2	26.3	526.5	13.4	10.1	405.5
0.6	26.1	416.8	13.3	9.3	405.5
0.7	26.3	415.1	13.3	9.4	405.5
0.8	26.9	456.5	13.3	9.8	405.5
0.3	27.4	528.1	13.3	10.4	405.5
0.6	27.7	456.6	13.2	9.3	405.5
4.8	26.3	323.4	13.2	8.5	405.5
0.5	26.7	325.0	13.2	8.6	405.5
10.6	26.4	402.4	13.1	9.1	405.5
2.1	26.5	474.0	13.1	9.4	405.5
0.7	26.4	412.8	13.1	8.5	405.5
0.9	26.5	388.4	13.1	7.9	405.5
2.0	26.3	305.8	13.0	6.6	405.5
36.4	25.0	316.3	13.0	6.5	405.5
17.8	25.0	210.1	13.0	5.6	405.5
2.6	25.9	369.4	13.0	7.1	405.5
0.9	25.6	217.0	12.9	7.0	405.5
1.1	25.3	242.8	12.9	7.7	405.5
0.5	25.0	413.0	12.9	9.2	405.5
0.0	26.7	514.3	12.8	9.3	405.5
0.1	27.4	494.7	12.8	9.0	405.5
0.3	27.7	455.2	12.8	9.2	404.9
0.3	28.1	469.3	12.8	9.1	404.9
0.2	28.3	461.5	12.7	9.5	404.9
0.1	28.5	499.2	12.7	10.1	404.9
0.0	28.5	499.4	12.7	9.8	404.9
0.0	28.4	491.7	12.6	9.6	404.9
0.1	28.2	492.5	12.6	10.0	404.9
2.6	27.5	482.7	12.6	10.4	404.9
12.8	26.8	446.3	12.5	8.8	404.9
12.0	25.5	430.1	12.5	9.0	404.9
1.5	25.3	458.5	12.5	7.1	404.9
1.8	23.8	50.3	12.5	4.6	404.9
21.4	23.6	190.3	12.4	5.2	404.9
1.7	23.0	55.8	12.4	4.0	404.9
14.6	24.0	324.2	12.4	6.5	404.9
3.0	24.2	379.8	12.3	7.3	404.9
4.1	24.2	370.9	12.3	7.7	404.9
3.2	23.0	190.1	12.3	5.9	404.9
0.9	19.7	105.0	12.3	6.5	404.9
0.3	18.4	381.3	12.2	6.6	404.9
0.0	17.5	461.6	12.2	6.8	404.9
0.0	17.5	294.2	12.2	5.9	404.9
0.0	18.0	469.0	12.1	7.5	404.9
0.0	15.8	472.6	12.1	7.7	404.9
0.0	16.8	478.3	12.1	8.3	404.9
0.0	17.8	473.1	12.0	8.8	404.9
0.0	19.6	449.4	12.0	8.1	404.9
0.0	19.8	329.6	12.0	7.4	404.9
0.0	22.1	380.8	11.9	8.3	404.9
0.0	24.2	407.4	11.9	8.7	404.9
0.0	24.2	308.2	11.9	8.8	405.3
1.7	21.7	200.5	11.9	6.7	405.3
0.5	20.4	145.2	11.8	6.5	405.3
0.0	21.3	409.3	11.8	7.7	405.3
0.0	22.1	409.0	11.8	7.7	405.3
0.2	23.5	341.4	11.7	7.5	405.3
0.1	24.0	344.7	11.7	7.8	405.3
0.8	25.5	392.1	11.7	7.8	405.3
0.0	20.9	346.1	11.6	9.3	405.3
0.0	15.9	297.9	11.6	6.3	405.3
0.0	14.8	426.6	11.6	6.9	405.3
0.0	14.5	429.0	11.6	7.2	405.3
0.0	15.9	423.2	11.5	7.4	405.3
0.0	16.7	407.2	11.5	7.0	405.3
0.0	17.7	300.9	11.5	5.8	405.3
0.0	13.9	405.6	11.4	6.0	405.3
0.0	12.8	404.7	11.4	5.9	405.3
0.0	14.2	398.7	11.4	6.7	405.3
0.0	15.7	389.0	11.4	6.8	405.3
0.0	17.2	369.5	11.3	6.6	405.3
0.0	16.0	390.1	11.3	7.0	405.3
0.0	15.6	390.9	11.3	7.1	405.3
0.0	17.2	324.3	11.2	7.7	405.3
0.0	18.5	375.9	11.2	7.6	405.3
0.0	20.1	361.9	11.2	7.2	405.3
0.1	21.9	246.5	11.2	6.4	405.3
0.1	22.2	202.1	11.1	5.8	405.3
2.7	19.8	320.6	11.1	8.0	405.3
0.1	9.4	139.4	11.1	5.0	405.3
0.0	7.2	370.8	11.0	4.1	405.3
0.0	7.5	371.8	11.0	4.7	405.3
0.0	9.7	263.7	11.0	4.6	407.4
0.0	12.9	222.4	11.0	5.5	407.4
0.0	15.0	265.4	10.9	5.3	407.4
0.0	13.0	216.9	10.9	4.2	407.4
0.0	8.3	351.3	10.9	4.4	407.4
0.0	8.9	333.9	10.9	4.5	407.4
0.0	11.3	342.1	10.8	4.9	407.4
0.0	12.2	333.2	10.8	5.3	407.4
0.0	15.5	329.3	10.8	5.8	407.4
0.3	18.4	309.4	10.8	6.0	407.4
0.7	11.9	32.8	10.7	5.0	407.4
0.0	4.6	344.3	10.7	3.3	407.4
0.0	5.2	342.2	10.7	3.7	407.4
0.0	6.7	334.8	10.7	4.5	407.4
0.0	9.6	278.9	10.6	4.9	407.4
0.0	12.7	294.6	10.6	5.6	407.4
0.0	15.5	292.8	10.6	5.8	407.4
0.0	9.0	310.6	10.6	4.2	407.4
0.0	7.1	315.1	10.6	3.8	407.4
0.0	9.7	303.1	10.5	5.0	407.4
0.0	11.7	300.1	10.5	5.0	407.4
0.0	12.8	296.8	10.5	4.6	407.4
0.0	13.5	292.5	10.5	4.8	407.4
0.0	15.0	215.2	10.5	4.6	407.4
0.8	16.0	162.7	10.4	4.4	407.4
4.2	11.9	78.2	10.4	4.0	407.4
0.0	6.4	288.4	10.4	3.3	407.4
0.0	4.3	305.5	10.4	3.0	407.4
0.0	5.0	299.9	10.4	3.3	407.4
0.0	5.6	280.5	10.4	3.3	407.4
0.0	5.0	291.1	10.3	3.7	409.5
0.0	5.1	295.5	10.3	4.0	409.5
0.0	6.3	288.5	10.3	4.2	409.5
0.0	6.8	178.3	10.3	3.9	409.5
0.0	7.5	281.4	10.3	4.0	409.5
0.0	9.6	279.2	10.3	4.7	409.5
0.0	9.1	277.4	10.3	3.8	409.5
0.0	10.3	248.3	10.3	4.1	409.5
4.5	12.4	94.5	10.2	3.6	409.5
0.1	11.6	231.6	10.2	4.8	409.5
0.4	13.7	263.5	10.2	4.7	409.5
2.6	14.8	126.8	10.2	3.3	409.5
10.9	13.6	28.0	10.2	2.9	409.5
1.3	10.6	72.4	10.2	1.9	409.5
1.5	9.5	97.5	10.2	2.3	409.5
0.3	8.0	173.1	10.2	3.4	409.5
0.0	0.9	281.3	10.2	2.2	409.5
0.0	-0.1	224.9	10.2	1.6	409.5
0.0	2.0	118.9	10.2	1.7	409.5
0.0	4.9	271.1	10.2	2.6	409.5
0.0	3.2	284.6	10.2	2.5	409.5
0.0	7.1	275.8	10.2	3.9	409.5
0.0	0.7	288.1	10.2	2.6	409.5
0.0	2.1	237.6	10.2	2.8	409.5
0.0	2.8	284.9	10.2	3.3	409.5
0.0	2.8	280.4	10.2	2.9	409.5
0.0	0.6	283.0	10.2	2.8	409.5
0.0	-2.3	290.0	10.2	2.2	409.5
0.0	-2.9	218.4	10.2	2.1	409.5
0.0	-2.0	288.3	10.2	2.7	409.5
0.0	0.1	292.9	10.2	3.4	409.5
1.4	3.9	171.5	10.2	3.3	411.5
0.0	1.0	249.9	10.2	2.5	411.5
0.0	0.4	290.0	10.2	2.9	411.5
0.0	2.9	295.6	10.2	3.9	411.5
0.0	3.7	295.5	10.3	4.1	411.5
0.0	5.5	284.3	10.3	4.1	411.5
0.0	2.8	286.6	10.3	3.4	411.5
0.0	0.8	292.0	10.3	2.4	411.5
0.0	0.8	240.5	10.3	3.2	411.5
0.0	1.2	297.4	10.3	2.9	411.5
0.0	0.1	296.9	10.3	2.7	411.5
0.0	-0.2	308.7	10.3	2.4	411.5
0.0	-0.6	312.0	10.4	2.9	411.5
0.0	0.5	309.5	10.4	3.2	411.5
0.0	3.9	193.8	10.4	3.2	411.5
0.0	2.9	301.6	10.4	3.4	411.5
0.0	3.1	307.6	10.4	3.4	411.5
0.0	-0.4	269.6	10.4	2.8	411.5
0.0	-1.8	322.8	10.5	2.5	411.5
0.0	-0.5	297.4	10.5	2.6	411.5
0.0	-0.1	324.1	10.5	2.7	411.5
0.0	0.2	326.2	10.5	3.0	411.5
0.0	1.6	327.5	10.5	3.7	411.5
0.0	4.2	197.7	10.6	3.8	411.5
0.0	4.6	282.4	10.6	4.4	411.5
0.0	4.5	331.1	10.6	4.3	411.5
0.0	6.0	315.4	10.6	4.5	411.5
0.0	5.0	242.4	10.6	3.7	411.5
0.0	5.5	326.5	10.7	4.1	411.5
0.0	6.4	260.7	10.7	3.6	411.5
2.1	7.5	107.2	10.7	3.0	411.5
14.2	6.7	23.8	10.7	1.6	412.6
7.7	3.6	49.6	10.8	2.1	412.6
0.0	3.8	290.8	10.8	3.9	412.6
0.0	1.0	348.8	10.8	2.5	412.6
0.0	-1.4	364.8	10.8	2.1	412.6
0.0	4.0	359.8	10.9	3.9	412.6
0.0	9.0	358.3	10.9	5.3	412.6
0.0	10.5	363.0	10.9	5.6	412.6
0.0	12.2	356.5	10.9	6.3	412.6
0.0	6.0	352.1	11.0	4.4	412.6
0.0	2.8	383.4	11.0	3.7	412.6
0.0	7.8	376.0	11.0	5.4	412.6
0.0	7.1	168.4	11.1	4.7	412.6
0.0	11.8	376.6	11.1	6.4	412.6
0.0	11.9	210.0	11.1	6.4	412.6
6.2	9.1	169.2	11.1	6.6	412.6
0.0	5.7	397.4	11.2	4.4	412.6
0.0	8.7	386.4	11.2	5.6	412.6
1.1	8.2	134.8	11.2	3.9	412.6
14.8	4.3	51.2	11.2	2.6	412.6
9.9	0.5	36.4	11.3	2.0	412.6
0.1	3.4	290.7	11.3	3.5	412.6
0.0	4.8	218.0	11.3	3.5	412.6
3.0	7.9	324.6	11.4	4.3	412.6
18.9	8.3	24.2	11.4	3.0	412.6
0.8	9.2	58.1	11.4	2.6	412.6
0.4	14.5	175.3	11.5	5.9	412.6
10.3	13.9	96.1	11.5	6.4	412.6
15.0	8.5	166.3	11.5	3.0	413.3
1.6	13.7	102.3	11.5	5.2	413.3
2.4	19.3	339.0	11.6	6.4	413.3
22.5	13.1	54.6	11.6	7.0	413.3
0.2	6.9	138.0	11.6	3.0	413.3
0.2	7.0	357.4	11.7	4.4	413.3
8.2	6.8	120.6	11.7	3.6	413.3
1.1	4.8	35.5	11.7	2.4	413.3
0.5	6.6	423.2	11.8	5.2	413.3
1.4	9.1	448.5	11.8	6.1	413.3
0.0	4.4	460.2	11.8	3.7	413.3
0.1	4.8	456.9	11.8	3.8	413.3
0.0	6.5	469.2	11.9	5.0	413.3
0.0	5.4	450.9	11.9	5.1	413.3
0.0	8.4	470.8	11.9	6.3	413.3
0.0	9.0	473.5	12.0	6.2	413.3
7.5	10.4	131.8	12.0	4.4	413.3
3.6	10.5	91.4	12.0	4.4	413.3
18.2	14.4	168.2	12.1	6.3	413.3
0.4	10.0	231.4	12.1	5.5	413.3
7.2	0.7	122.5	12.1	5.5	413.3
13.1	4.5	455.5	12.2	4.4	413.3
7.3	3.7	94.8	12.2	3.7	413.3
0.0	3.7	258.9	12.2	3.1	413.3
0.0	6.1	504.6	12.2	5.7	413.3
0.0	7.7	379.7	12.3	6.3	413.3
0.0	9.0	465.0	12.3	6.1	413.3
17.1	10.8	476.7	12.3	6.5	413.3
7.1	8.9	51.4	12.4	3.0	413.3
1.3	10.9	213.5	12.4	5.1	413.3
11.6	11.7	185.4	12.4	4.8	413.3
33.4	10.6	49.6	12.5	4.2	413.9
0.0	8.9	307.8	12.5	6.2	413.9
9.0	9.4	387.1	12.5	4.9	413.9
0.9	9.7	187.1	12.6	5.0	413.9
0.3	11.0	404.8	12.6	7.5	413.9
0.0	9.1	542.6	12.6	6.5	413.9
0.0	11.3	540.8	12.6	7.5	413.9
0.2	13.2	504.0	12.7	7.9	413.9
0.0	10.5	551.2	12.7	6.3	413.9
0.0	14.8	553.2	12.7	8.1	413.9
0.0	16.5	545.1	12.8	9.9	413.9
0.0	18.9	462.0	12.8	10.1	413.9
0.0	19.9	546.9	12.8	9.2	413.9
0.0	23.1	537.4	12.8	9.9	413.9
0.0	24.0	288.6	12.9	7.5	413.9
12.2	22.0	493.1	12.9	12.5	413.9
0.6	19.3	282.4	12.9	8.8	413.9
12.6	17.0	51.3	13.0	3.8	413.9
0.2	20.1	295.3	13.0	8.6	413.9
0.0	23.0	438.7	13.0	10.2	413.9
0.1	21.5	461.6	13.0	11.4	413.9
5.4	12.9	100.9	13.1	6.1	413.9
14.9	12.1	92.4	13.1	4.7	413.9
0.0	18.9	302.3	13.1	8.9	413.9
1.4	21.7	451.3	13.2	9.8	413.9
6.6	22.5	411.6	13.2	9.7	413.9
29.7	14.7	46.5	13.2	9.9	413.9
16.4	10.4	34.8	13.2	2.9	413.9
1.0	11.5	59.2	13.3	3.3	413.9
8.4	12.1	101.4	13.3	3.6	413.9
0.0	14.6	441.2	13.3	7.2	414.5
0.0	13.1	556.4	13.3	7.7	414.5
0.1	17.2	560.8	13.4	8.8	414.5
22.2	21.6	284.7	13.4	10.5	414.5
3.3	18.8	98.3	13.4	7.6	414.5
0.1	16.1	330.7	13.4	7.8	414.5
0.0	16.9	565.5	13.5	9.2	414.5
0.0	17.0	589.5	13.5	8.8	414.5
0.1	19.0	341.3	13.5	8.4	414.5
0.2	17.6	215.9	13.5	5.8	414.5
4.7	19.7	166.8	13.6	6.7	414.5
0.1	17.6	266.3	13.6	6.8	414.5
23.5	20.2	323.3	13.6	9.6	414.5
5.1	14.5	112.3	13.6	6.8	414.5
0.0	16.9	596.2	13.6	10.5	414.5
0.0	18.4	592.6	13.7	10.4	414.5
0.1	19.4	519.2	13.7	8.5	414.5
9.7	20.1	167.2	13.7	6.6	414.5
0.0	19.9	482.0	13.7	9.7	414.5
0.0	19.6	453.7	13.7	10.4	414.5
3.4	20.3	264.6	13.8	10.4	414.5
11.5	14.7	97.4	13.8	4.0	414.5
1.0	17.0	238.8	13.8	5.6	414.5
0.6	18.8	273.4	13.8	8.4	414.5
0.0	20.5	547.0	13.8	10.1	414.5
13.8	20.8	223.9	13.9	7.1	414.5
9.8	19.1	58.1	13.9	5.6	414.5
6.8	23.3	344.7	13.9	8.5	414.5
4.8	22.8	161.2	13.9	7.1	414.5
28.5	23.5	282.2	13.9	7.6	414.5
2.7	22.5	91.4	13.9	6.5	414.5
1.6	22.8	155.2	13.9	5.6	413.6
0.1	23.9	384.3	14.0	8.8	413.6
6.4	24.0	230.1	14.0	8.5	413.6
0.0	25.9	607.4	14.0	10.6	413.6
0.1	26.2	596.6	14.0	10.4	413.6
20.8	25.2	364.8	14.0	9.3	413.6
3.5	26.4	424.9	14.0	9.9	413.6
29.4	25.1	447.3	14.0	9.1	413.6
3.3	23.4	92.1	14.0	6.4	413.6
25.6	24.1	178.0	14.0	7.3	413.6
1.5	24.0	193.8	14.0	8.1	413.6
0.4	22.3	402.9	14.1	9.1	413.6
0.9	20.0	92.1	14.1	5.4	413.6
0.6	20.4	337.0	14.1	8.6	413.6
53.1	19.4	101.4	14.1	4.5	413.6
30.7	19.8	34.2	14.1	4.0	413.6
1.7	20.9	64.8	14.1	5.0	413.6
2.0	20.4	194.1	14.1	7.0	413.6
2.3	19.6	165.3	14.1	6.4	413.6
31.5	19.2	144.0	14.1	6.5	413.6
8.5	19.1	104.6	14.1	4.7	413.6
1.1	21.5	324.0	14.1	8.5	413.6
4.5	22.0	97.9	14.1	6.0	413.6
12.8	22.3	56.4	14.1	4.3	413.6
13.7	24.7	199.8	14.1	8.5	413.6
6.3	25.2	313.5	14.1	9.4	413.6
12.5	25.2	367.3	14.1	8.8	413.6
10.6	25.3	259.0	14.1	8.5	413.6
13.1	26.4	421.1	14.1	10.1	413.6
15.9	26.3	466.0	14.1	10.8	413.6
9.5	25.8	486.2	14.1	10.9	410.7
0.6	25.2	475.9	14.0	10.5	410.7
1.0	21.5	175.1	14.0	7.2	410.7
1.0	21.0	362.1	14.0	8.9	410.7
0.0	22.4	560.4	14.0	10.2	410.7
0.0	24.4	549.2	14.0	10.7	410.7
0.0	26.8	557.1	14.0	10.8	410.7
6.7	27.0	548.3	14.0	10.4	410.7
12.3	26.9	466.2	14.0	10.7	410.7
12.7	26.9	488.9	14.0	10.3	410.7
12.3	26.7	415.1	14.0	8.7	410.7
15.3	27.2	388.0	14.0	8.7	410.7
1.5	27.6	432.7	13.9	8.7	410.7
8.2	27.1	313.9	13.9	9.2	410.7
49.9	26.0	261.5	13.9	8.0	410.7
12.6	25.9	253.2	13.9	7.8	410.7
7.1	26.4	281.0	13.9	8.6	410.7
3.8	27.2	315.3	13.9	9.6	410.7
0.3	27.2	511.0	13.8	10.7	410.7
0.8	28.0	588.9	13.8	11.4	410.7
0.0	28.4	571.0	13.8	11.1	410.7
0.0	27.0	495.5	13.8	10.2	410.7
0.0	27.7	601.5	13.8	10.8	410.7
1.1	27.2	579.1	13.8	10.6	410.7
0.2	27.1	548.1	13.7	10.3	410.7
6.5	25.6	378.7	13.7	9.9	410.7
1.2	25.0	178.9	13.7	7.0	410.7
1.3	24.6	106.6	13.7	5.6	410.7
3.0	24.4	129.5	13.7	6.7	410.7
7.6	24.5	296.0	13.6	8.6	410.7
0.6	24.7	387.4	13.6	9.2	410.7
1.3	26.0	560.1	13.6	9.9	408.4
0.9	26.5	549.4	13.6	9.9	408.4
0.9	27.1	557.6	13.6	9.7	408.4
1.1	27.5	437.2	13.5	9.7	408.4
0.5	27.6	402.7	13.5	9.9	408.4
1.3	27.1	499.3	13.5	9.3	408.4
0.8	26.8	417.9	13.5	9.6	408.4
0.9	26.2	291.1	13.4	8.5	408.4
16.5	24.8	245.6	13.4	5.8	408.4
0.9	25.0	207.5	13.4	7.4	408.4
0.8	25.7	416.6	13.4	8.6	408.4
0.1	25.6	402.1	13.3	9.2	408.4
0.0	25.8	444.4	13.3	9.9	408.4
0.0	23.9	258.6	13.3	9.5	408.4
0.0	25.7	517.3	13.3	9.8	408.4
0.0	24.7	137.3	13.2	7.3	408.4
0.0	25.0	228.9	13.2	9.6	408.4
5.7	26.2	548.6	13.2	11.4	408.4
7.9	25.5	532.8	13.2	10.1	408.4
3.7	25.9	343.3	13.1	8.7	408.4
7.7	25.4	393.9	13.1	8.9	408.4
12.5	25.8	476.3	13.1	9.1	408.4
9.7	26.4	487.6	13.0	10.4	408.4
6.6	26.9	501.0	13.0	9.8	408.4
3.1	27.8	522.3	13.0	10.0	408.4
2.0	28.1	492.5	13.0	10.7	408.4
2.5	28.4	512.4	12.9	10.8	408.4
3.9	28.4	510.5	12.9	10.3	408.4
13.0	26.9	458.4	12.9	9.7	408.4
24.7	25.2	419.1	12.8	8.5	408.4
13.2	24.4	387.2	12.8	7.5	408.4
6.6	24.3	298.2	12.8	7.2	407.9
10.3	24.7	421.9	12.8	7.7	407.9
9.8	25.0	416.5	12.7	9.3	407.9
2.8	25.0	408.0	12.7	8.3	407.9
0.0	24.8	442.2	12.7	8.4	407.9
0.0	22.9	207.9	12.6	6.3	407.9
10.4	19.0	54.6	12.6	6.3	407.9
0.1	19.0	175.7	12.6	6.0	407.9
0.0	23.1	458.1	12.6	8.5	407.9
0.3	24.9	381.9	12.5	8.4	407.9
1.3	23.1	93.7	12.5	7.0	407.9
0.1	21.6	409.3	12.5	7.8	407.9
0.0	23.3	466.0	12.4	8.6	407.9
0.0	24.7	361.2	12.4	8.2	407.9
0.0	22.8	86.0	12.4	5.8	407.9
0.0	21.6	180.2	12.3	6.4	407.9
0.0	21.4	227.6	12.3	7.7	407.9
0.0	22.2	462.4	12.3	9.0	407.9
0.0	22.1	475.5	12.3	9.2	407.9
0.0	22.0	470.2	12.2	9.3	407.9
0.0	21.9	475.0	12.2	9.3	407.9
0.0	22.7	435.0	12.2	8.2	407.9
0.5	21.7	202.4	12.1	8.0	407.9
0.0	19.8	473.1	12.1	8.6	407.9
0.0	19.7	469.3	12.1	8.3	407.9
0.0	20.7	464.0	12.0	8.7	407.9
0.0	19.2	472.7	12.0	9.0	407.9
0.0	19.5	462.8	12.0	9.2	407.9
0.0	19.9	457.4	12.0	9.3	407.9
0.0	20.9	439.6	11.9	9.3	407.9
0.0	20.7	420.1	11.9	9.0	408.2
0.0	21.0	445.9	11.9	9.0	408.2
0.0	22.0	440.3	11.8	8.7	408.2
0.0	23.5	421.9	11.8	8.8	408.2
0.0	21.6	408.6	11.8	7.8	408.2
0.2	22.9	189.7	11.7	7.2	408.2
0.0	23.1	241.8	11.7	7.1	408.2
15.3	20.9	130.3	11.7	7.7	408.2
0.3	18.0	279.0	11.7	5.9	408.2
5.3	16.8	210.5	11.6	4.1	408.2
0.5	17.7	217.5	11.6	5.7	408.2
0.0	18.9	403.6	11.6	6.7	408.2
0.0	20.7	386.3	11.5	7.0	408.2
1.2	22.8	276.3	11.5	6.7	408.2
4.8	18.3	56.8	11.5	4.5	408.2
0.0	15.6	356.8	11.4	6.1	408.2
0.0	14.5	396.7	11.4	5.8	408.2
0.0	14.8	239.1	11.4	5.7	408.2
0.0	13.1	396.8	11.4	6.3	408.2
0.0	13.2	397.9	11.3	6.4	408.2
0.0	14.5	390.8	11.3	6.6	408.2
0.0	15.9	381.7	11.3	7.1	408.2
0.0	16.7	375.4	11.2	6.8	408.2
0.0	18.0	369.3	11.2	7.2	408.2
0.0	11.8	387.5	11.2	5.1	408.2
0.0	10.3	389.4	11.2	4.5	408.2
0.0	12.4	379.1	11.1	5.8	408.2
0.0	14.7	365.5	11.1	6.8	408.2
0.0	14.9	362.6	11.1	6.4	408.2
0.0	13.9	364.2	11.0	6.0	408.2
0.0	15.5	354.7	11.0	5.9	408.2
3.8	16.7	139.2	11.0	4.5	410.3
3.0	16.4	29.3	11.0	2.4	410.3
2.3	18.5	100.1	10.9	3.8	410.3
35.4	18.5	22.0	10.9	2.7	410.3
11.1	17.4	10.1	10.9	1.7	410.3
6.2	18.7	76.0	10.9	2.7	410.3
1.6	17.3	100.9	10.8	3.3	410.3
0.7	14.4	39.2	10.8	3.3	410.3
0.5	13.6	99.4	10.8	2.8	410.3
31.9	14.3	36.6	10.8	2.9	410.3
0.9	12.7	104.7	10.7	3.8	410.3
0.0	12.9	317.0	10.7	3.9	410.3
0.4	12.1	79.9	10.7	3.6	410.3
1.7	12.4	283.7	10.7	3.9	410.3
7.3	13.3	24.2	10.6	2.9	410.3
0.8	10.7	126.4	10.6	3.2	410.3
0.0	8.3	198.5	10.6	3.3	410.3
0.5	6.6	98.9	10.6	2.8	410.3
0.0	6.4	227.9	10.6	2.7	410.3
0.0	5.8	311.9	10.5	3.5	410.3
0.0	1.8	311.8	10.5	2.5	410.3
0.0	3.6	306.2	10.5	3.2	410.3
0.0	6.3	301.6	10.5	4.2	410.3
0.0	7.7	196.9	10.5	3.9	410.3
0.1	9.0	216.9	10.4	4.0	410.3
0.6	12.6	191.1	10.4	4.5	410.3
0.6	15.0	102.3	10.4	3.7	410.3
6.8	12.4	65.1	10.4	2.6	410.3
4.2	9.8	39.5	10.4	1.8	410.3
0.5	11.3	135.3	10.4	2.8	410.3
1.1	13.6	109.6	10.3	3.4	412.5
1.9	11.8	16.5	10.3	1.9	412.5
4.4	9.0	45.8	10.3	2.7	412.5
0.8	8.8	66.5	10.3	2.0	412.5
1.1	11.7	160.6	10.3	3.2	412.5
0.7	11.5	98.3	10.3	2.2	412.5
0.0	13.7	195.3	10.3	3.6	412.5
1.3	14.5	84.9	10.3	2.8	412.5
2.3	15.7	238.3	10.2	4.0	412.5
8.5	11.3	28.2	10.2	3.8	412.5
0.9	8.0	127.7	10.2	2.2	412.5
0.2	10.5	157.6	10.2	3.2	412.5
0.7	15.6	128.5	10.2	4.2	412.5
3.1	13.0	193.6	10.2	5.2	412.5
10.3	6.6	57.9	10.2	1.9	412.5
0.2	2.8	123.8	10.2	2.3	412.5
5.4	1.8	256.6	10.2	2.0	412.5
18.2	2.6	37.1	10.2	1.7	412.5
1.1	2.8	76.9	10.2	1.1	412.5
7.2	2.6	38.2	10.2	0.9	412.5
46.7	4.9	15.3	10.2	2.3	412.5
13.3	8.1	20.9	10.2	1.3	412.5
6.7	8.6	33.4	10.2	2.7	412.5
2.0	3.8	82.3	10.2	1.6	412.5
3.1	8.8	21.1	10.2	2.8	412.5
3.6	5.1	29.7	10.2	2.2	412.5
5.9	6.1	46.7	10.2	1.5	412.5
9.8	2.8	35.9	10.2	2.1	412.5
21.9	0.6	44.4	10.2	0.9	412.5
8.6	0.3	17.5	10.2	1.0	412.5
8.8	2.5	12.2	10.2	1.2	412.5
6.1	2.6	18.2	10.2	1.2	414.5
21.1	1.6	27.7	10.2	1.8	414.5
0.0	-1.6	140.5	10.2	2.0	414.5
0.0	-4.7	280.6	10.2	1.6	414.5
0.6	-8.6	42.4	10.3	0.6	414.5
0.0	-7.9	210.0	10.3	1.1	414.5
0.0	-6.8	292.8	10.3	1.4	414.5
0.0	-4.2	294.0	10.3	2.1	414.5
0.0	-0.5	297.7	10.3	2.9	414.5
0.0	-3.5	160.5	10.3	1.7	414.5
0.0	-1.7	299.3	10.3	2.1	414.5
0.0	1.6	257.2	10.3	2.9	414.5
0.0	-2.7	257.3	10.4	2.0	414.5
0.0	-3.9	304.3	10.4	1.8	414.5
1.9	-5.6	88.6	10.4	1.2	414.5
0.0	-3.2	257.7	10.4	2.1	414.5
0.2	1.2	251.5	10.4	3.0	414.5
14.7	-0.5	41.4	10.4	0.8	414.5
5.6	-0.3	52.9	10.5	0.8	414.5
4.0	0.5	36.7	10.5	0.9	414.5
16.5	3.9	117.0	10.5	2.1	414.5
34.5	4.6	21.7	10.5	2.2	414.5
9.8	1.6	23.0	10.5	1.5	414.5
1.7	0.4	143.1	10.6	2.2	414.5
2.6	-0.6	114.1	10.6	1.6	414.5
1.3	-1.2	72.6	10.6	1.1	414.5
23.3	-0.1	37.3	10.6	1.2	414.5
23.1	0.3	64.3	10.6	1.4	414.5
1.6	-3.8	181.2	10.7	1.9	414.5
0.3	-4.4	308.1	10.7	1.7	414.5
0.0	-4.6	350.3	10.7	1.9	414.5
0.0	-2.6	341.6	10.7	2.2	415.5
0.5	-4.3	320.7	10.8	2.2	415.5
0.0	-6.4	359.5	10.8	1.6	415.5
0.3	-5.7	333.6	10.8	1.6	415.5
0.0	-3.3	364.4	10.8	2.4	415.5
0.0	-1.4	361.7	10.9	2.8	415.5
0.0	3.4	350.4	10.9	3.9	415.5
0.0	2.3	363.3	10.9	3.7	415.5
0.0	3.8	365.3	10.9	4.4	415.5
0.0	5.4	368.2	11.0	4.4	415.5
0.0	7.1	297.5	11.0	4.5	415.5
1.6	10.7	212.0	11.0	5.0	415.5
1.6	10.2	78.7	11.0	2.8	415.5
3.7	15.1	198.7	11.1	5.7	415.5
1.0	2.9	141.1	11.1	3.7	415.5
5.6	2.5	94.1	11.1	2.0	415.5
14.3	0.9	37.8	11.2	1.7	415.5
20.7	0.0	38.9	11.2	0.8	415.5
12.8	0.0	44.7	11.2	0.6	415.5
22.4	1.2	114.9	11.2	1.9	415.5
2.5	-0.1	87.3	11.3	2.3	415.5
0.1	0.0	292.3	11.3	2.7	415.5
5.9	1.3	92.6	11.3	1.8	415.5
6.9	3.2	114.3	11.4	2.2	415.5
0.3	3.3	192.7	11.4	2.4	415.5
0.3	4.9	113.3	11.4	2.9	415.5
0.5	7.0	134.6	11.4	3.2	415.5
26.9	7.4	35.4	11.5	2.3	415.5
3.1	4.1	24.9	11.5	3.6	416.2
5.8	-0.3	118.8	11.5	2.2	416.2
0.0	-0.7	438.4	11.6	3.0	416.2
0.0	2.1	441.3	11.6	3.8	416.2
0.0	2.1	435.2	11.6	4.4	416.2
0.0	5.4	451.0	11.7	4.9	416.2
0.0	7.4	430.9	11.7	5.8	416.2
0.6	8.6	359.5	11.7	5.8	416.2
3.2	9.1	103.8	11.7	3.8	416.2
0.2	8.3	309.7	11.8	5.5	416.2
0.0	11.5	422.4	11.8	6.8	416.2
0.1	12.5	197.9	11.8	5.1	416.2
0.5	15.1	116.5	11.9	4.9	416.2
0.0	15.2	360.2	11.9	8.1	416.2
0.0	13.1	450.7	11.9	5.5	416.2
0.6	19.3	213.6	12.0	8.0	416.2
8.3	17.2	262.7	12.0	10.5	416.2
0.5	4.4	202.4	12.0	4.0	416.2
11.9	7.8	303.0	12.1	4.3	416.2
7.5	10.7	60.8	12.1	4.6	416.2
1.2	19.0	242.9	12.1	7.8	416.2
23.6	17.9	204.7	12.1	6.7	416.2
7.1	17.0	92.8	12.2	6.3	416.2
51.9	15.3	104.5	12.2	8.2	416.2
41.1	4.2	17.4	12.2	2.7	416.2
22.5	2.7	29.6	12.3	1.8	416.2
0.1	3.9	223.5	12.3	3.5	416.2
0.0	5.1	423.3	12.3	4.1	416.2
0.6	6.3	212.4	12.4	3.5	416.2
14.8	8.3	69.1	12.4	3.2	416.2
0.6	9.4	80.8	12.4	3.8	416.2
17.0	10.1	78.8	12.5	3.2	416.8
8.7	12.4	80.3	12.5	4.7	416.8
0.2	15.1	473.3	12.5	7.3	416.8
0.3	17.5	397.3	12.5	8.6	416.8
23.6	17.5	464.2	12.6	11.4	416.8
17.6	5.5	28.6	12.6	1.9	416.8
7.7	10.7	244.4	12.6	5.7	416.8
11.0	15.9	147.7	12.7	8.2	416.8
0.5	11.3	253.9	12.7	6.5	416.8
0.4	16.8	475.0	12.7	9.7	416.8
0.7	16.6	298.6	12.8	6.1	416.8
8.0	22.7	447.2	12.8	11.7	416.8
6.0	10.0	54.3	12.8	6.4	416.8
0.4	9.6	262.8	12.8	6.5	416.8
0.0	13.9	509.1	12.9	8.3	416.8
0.6	11.7	70.3	12.9	4.8	416.8
0.1	12.3	467.0	12.9	7.2	416.8
0.7	15.4	314.1	13.0	7.1	416.8
0.9	17.8	471.5	13.0	7.9	416.8
29.7	18.8	73.5	13.0	5.6	416.8
24.9	19.6	113.9	13.0	6.2	416.8
5.2	13.7	79.0	13.1	8.6	416.8
3.3	13.5	449.3	13.1	6.0	416.8
0.3	12.7	335.2	13.1	7.1	416.8
19.2	16.3	454.3	13.1	8.3	416.8
3.0	11.8	63.8	13.2	4.0	416.8
0.2	12.8	570.2	13.2	7.9	416.8
6.8	16.8	485.6	13.2	9.4	416.8
11.1	18.1	174.6	13.3	7.6	416.8
10.1	19.1	49.5	13.3	4.5	416.8
32.2	17.5	72.6	13.3	7.0	417.4
0.4	18.2	434.4	13.3	7.7	417.4
0.0	19.7	287.7	13.4	8.4	417.4
0.2	19.5	368.7	13.4	10.1	417.4
0.5	19.9	557.0	13.4	11.2	417.4
0.0	18.9	229.1	13.4	7.4	417.4
2.3	17.9	72.2	13.5	3.8	417.4
0.6	20.2	442.9	13.5	9.0	417.4
1.4	21.6	484.9	13.5	12.5	417.4
3.8	14.5	526.6	13.5	8.8	417.4
1.9	11.0	96.3	13.6	4.4	417.4
0.0	15.6	580.0	13.6	9.6	417.4
7.4	16.4	483.5	13.6	7.4	417.4
70.7	19.3	71.7	13.6	9.7	417.4
9.8	23.6	284.5	13.6	8.1	417.4
88.9	22.1	61.5	13.7	5.1	417.4
7.9	15.6	97.9	13.7	9.6	417.4
0.0	17.7	619.1	13.7	10.5	417.4
0.0	18.8	395.5	13.7	9.2	417.4
0.0	17.8	605.6	13.7	9.3	417.4
0.6	21.8	581.2	13.8	10.4	417.4
0.6	19.2	266.3	13.8	10.0	417.4
0.0	20.3	477.8	13.8	8.3	417.4
0.2	23.1	402.5	13.8	9.8	417.4
0.0	20.3	342.7	13.8	9.6	417.4
0.0	21.9	593.7	13.9	10.1	417.4
13.7	21.3	167.6	13.9	7.7	417.4
2.8	19.1	46.9	13.9	2.7	417.4
0.4	20.3	449.2	13.9	9.1	417.4
2.6	21.4	484.9	13.9	9.1	417.4
5.9	18.6	49.8	13.9	4.8	417.4
0.4	18.0	193.6	13.9	6.8	416.5
0.2	18.1	260.4	14.0	8.1	416.5
0.1	21.1	600.8	14.0	10.7	416.5
0.0	22.9	547.1	14.0	11.1	416.5
0.0	23.3	279.3	14.0	9.6	416.5
8.5	21.7	66.7	14.0	8.7	416.5
18.4	18.1	73.5	14.0	4.8	416.5
0.1	17.7	187.7	14.0	6.4	416.5
0.1	17.4	282.4	14.0	8.3	416.5
0.1	17.9	161.5	14.0	6.3	416.5
0.2	19.5	371.2	14.0	6.9	416.5
0.6	21.7	414.0	14.1	8.1	416.5
0.7	20.9	135.5	14.1	5.2	416.5
4.0	21.7	149.0	14.1	5.9	416.5
25.4	21.6	57.7	14.1	4.2	416.5
8.0	23.2	98.0	14.1	5.7	416.5
9.8	24.8	423.9	14.1	10.4	416.5
5.8	25.6	524.0	14.1	11.3	416.5
10.5	25.4	544.5	14.1	11.1	416.5
1.0	26.1	541.9	14.1	10.6	416.5
0.6	25.2	238.6	14.1	8.2	416.5
0.9	25.3	378.8	14.1	9.0	416.5
13.5	24.1	87.9	14.1	5.1	416.5
12.6	23.5	96.0	14.1	4.9	416.5
1.3	24.0	310.4	14.1	8.4	416.5
0.6	23.5	308.8	14.1	8.4	416.5
2.3	23.6	473.0	14.1	10.3	416.5
0.1	24.3	581.8	14.1	10.6	416.5
0.0	26.6	591.5	14.1	10.5	416.5
1.7	26.5	309.0	14.1	9.6	416.5
2.0	26.5	177.2	14.1	8.2	413.6
27.8	24.5	65.1	14.1	5.5	413.6
3.3	25.7	245.4	14.0	8.0	413.6
16.6	25.3	573.9	14.0	10.6	413.6
10.6	25.9	445.1	14.0	9.6	413.6
15.4	23.9	66.0	14.0	5.3	413.6
30.0	23.4	73.3	14.0	4.0	413.6
13.5	23.4	43.2	14.0	3.4	413.6
2.5	23.8	82.0	14.0	4.3	413.6
7.8	25.1	171.6	14.0	6.9	413.6
4.6	23.9	59.8	14.0	3.9	413.6
1.1	25.0	277.5	14.0	8.2	413.6
3.5	25.9	369.5	13.9	9.1	413.6
16.2	26.2	387.1	13.9	9.1	413.6
7.5	26.1	256.4	13.9	8.4	413.6
5.4	26.4	301.9	13.9	9.2	413.6
14.4	27.0	441.0	13.9	8.8	413.6
0.3	27.7	425.7	13.9	8.5	413.6
1.4	27.4	352.6	13.9	6.8	413.6
0.1	27.4	262.2	13.8	7.6	413.6
8.2	27.5	475.9	13.8	10.5	413.6
7.9	27.5	548.4	13.8	10.9	413.6
4.0	27.8	588.0	13.8	11.7	413.6
0.0	28.4	583.6	13.8	11.7	413.6
0.7	29.0	589.4	13.7	11.6	413.6
13.6	27.3	469.1	13.7	11.0	413.6
4.0	27.4	555.6	13.7	10.8	413.6
0.0	27.2	550.2	13.7	10.6	413.6
0.0	26.9	594.3	13.7	11.0	413.6
0.0	26.8	593.4	13.6	11.3	413.6
0.0	27.6	541.6	13.6	10.0	413.6
1.3	28.1	458.1	13.6	10.0	411.3
14.2	26.9	486.3	13.6	10.0	411.3
19.6	26.1	484.2	13.6	9.3	411.3
15.0	26.3	494.3	13.5	9.4	411.3
13.1	26.2	394.3	13.5	9.2	411.3
0.5	26.1	437.7	13.5	11.0	411.3
0.0	26.8	565.2	13.5	10.4	411.3
0.2	27.0	534.2	13.4	10.6	411.3
0.0	26.4	460.6	13.4	9.5	411.3
0.2	26.1	371.1	13.4	8.0	411.3
5.0	25.6	382.1	13.4	9.0	411.3
18.5	24.3	205.7	13.3	6.1	411.3
1.0	24.5	156.7	13.3	7.2	411.3
9.0	25.0	315.8	13.3	9.5	411.3
9.9	25.6	463.6	13.3	9.6	411.3
7.9	26.5	524.6	13.2	9.4	411.3
5.6	26.6	512.9	13.2	9.3	411.3
0.7	26.9	462.7	13.2	9.4	411.3
0.5	27.2	502.3	13.2	9.7	411.3
10.0	26.5	483.7	13.1	9.6	411.3
26.8	25.1	371.1	13.1	7.8	411.3
32.6	25.4	286.9	13.1	7.1	411.3
0.5	25.4	431.4	13.1	8.3	411.3
0.4	24.9	399.0	13.0	8.0	411.3
2.2	25.2	309.2	13.0	7.0	411.3
5.4	24.3	24.0	13.0	2.6	411.3
7.1	23.9	16.2	12.9	2.4	411.3
1.4	23.6	30.1	12.9	3.5	411.3
1.5	23.4	121.7	12.9	5.1	411.3
1.3	23.8	379.6	12.9	7.7	411.3
1.4	23.2	318.6	12.8	7.0	411.3
1.6	22.4	314.1	12.8	7.0	410.8
2.6	22.1	50.4	12.8	3.2	410.8
0.4	23.6	63.9	12.7	5.5	410.8
14.6	25.3	371.9	12.7	8.5	410.8
16.3	25.7	411.7	12.7	8.6	410.8
12.3	25.8	375.9	12.7	8.2	410.8
10.1	25.7	437.9	12.6	8.4	410.8
8.9	25.5	419.1	12.6	8.6	410.8
3.1	25.9	435.6	12.6	8.2	410.8
0.9	25.1	425.6	12.5	7.8	410.8
4.6	24.2	299.0	12.5	7.2	410.8
3.3	21.2	35.3	12.5	4.3	410.8
0.1	21.8	279.1	12.4	7.0	410.8
8.7	21.1	142.8	12.4	4.6	410.8
1.6	19.7	43.2	12.4	5.0	410.8
0.3	20.9	434.8	12.4	7.4	410.8
0.2	21.1	463.8	12.3	7.5	410.8
0.0	21.1	470.9	12.3	7.4	410.8
0.0	22.3	475.9	12.3	8.3	410.8
0.0	21.7	476.6	12.2	9.2	410.8
0.0	21.8	399.2	12.2	8.9	410.8
0.1	21.9	455.2	12.2	8.1	410.8
0.1	20.7	348.4	12.1	7.7	410.8
0.0	21.7	459.3	12.1	8.3	410.8
0.0	22.1	450.9	12.1	8.1	410.8
0.0	21.0	458.0	12.1	8.8	410.8
0.0	19.3	465.7	12.0	8.1	410.8
0.0	19.6	462.9	12.0	8.6	410.8
0.0	19.5	448.7	12.0	8.7	410.8
0.0	20.6	287.2	11.9	8.0	410.8
0.0	21.5	342.1	11.9	7.3	411.2
0.0	22.0	311.4	11.9	7.3	411.2
0.0	19.8	405.5	11.8	7.5	411.2
0.0	19.1	443.3	11.8	8.2	411.2
0.0	19.0	440.1	11.8	7.9	411.2
0.0	19.4	403.1	11.8	7.2	411.2
0.0	20.6	426.8	11.7	8.1	411.2
0.0	21.0	422.1	11.7	8.4	411.2
0.0	22.2	422.4	11.7	8.3	411.2
0.0	22.3	410.0	11.6	7.9	411.2
0.1	19.6	285.9	11.6	8.7	411.2
0.0	13.6	432.6	11.6	6.5	411.2
0.0	14.5	421.3	11.5	6.9	411.2
0.0	18.1	365.9	11.5	7.2	411.2
0.0	17.7	295.4	11.5	5.7	411.2
0.0	17.1	386.1	11.5	6.7	411.2
0.0	15.6	402.8	11.4	6.5	411.2
0.0	16.1	399.1	11.4	6.4	411.2
0.0	16.8	391.8	11.4	6.7	411.2
0.0	16.8	384.1	11.3	6.7	411.2
0.0	16.5	381.5	11.3	6.5	411.2
0.0	15.6	386.3	11.3	7.1	411.2
0.0	16.0	388.3	11.3	6.9	411.2
0.0	17.0	380.6	11.2	6.6	411.2
0.0	18.1	368.5	11.2	6.6	411.2
0.0	18.4	363.7	11.2	6.8	411.2
0.0	19.9	355.3	11.1	6.8	411.2
0.0	19.7	339.5	11.1	6.7	411.2
0.0	11.2	356.5	11.1	5.1	411.2
0.0	10.3	376.5	11.1	4.7	411.2
0.0	13.3	362.0	11.0	5.9	411.2
0.0	14.9	319.9	11.0	6.0	413.2
0.0	16.0	224.7	11.0	5.3	413.2
0.0	18.2	231.7	10.9	5.2	413.2
0.4	19.6	270.8	10.9	5.6	413.2
0.0	14.7	310.7	10.9	5.3	413.2
0.0	8.3	356.8	10.9	4.2	413.2
0.0	7.8	356.4	10.8	4.2	413.2
0.0	9.6	247.3	10.8	4.7	413.2
0.0	10.1	327.1	10.8	5.2	413.2
0.0	10.0	339.3	10.8	5.1	413.2
0.0	11.1	327.4	10.7	5.2	413.2
0.0	13.3	323.7	10.7	5.8	413.2
0.0	13.5	322.9	10.7	5.1	413.2
0.0	14.6	222.6	10.7	4.4	413.2
0.0	16.8	190.1	10.7	4.9	413.2
0.0	16.0	266.9	10.6	5.7	413.2
0.0	13.6	320.2	10.6	5.6	413.2
0.0	11.9	324.4	10.6	5.2	413.2
0.0	13.7	220.3	10.6	5.1	413.2
0.1	15.8	292.2	10.5	5.7	413.2
0.0	15.7	192.7	10.5	5.3	413.2
0.0	11.6	296.0	10.5	3.7	413.2
0.0	11.6	172.2	10.5	3.2	413.2
0.0	11.4	117.2	10.5	3.5	413.2
0.2	13.6	58.2	10.4	3.3	413.2
0.0	14.4	76.3	10.4	3.2	413.2
0.0	14.1	118.6	10.4	3.6	413.2
12.8	15.6	121.0	10.4	3.6	413.2
6.9	15.4	25.1	10.4	2.4	413.2
1.5	13.6	37.7	10.4	1.6	413.2
0.1	16.2	182.6	10.3	3.5	415.4
6.9	16.2	78.9	10.3	2.6	415.4
1.1	16.6	132.5	10.3	3.1	415.4
4.3	16.8	30.4	10.3	2.0	415.4
29.4	15.3	50.8	10.3	4.5	415.4
1.8	5.0	16.1	10.3	2.6	415.4
0.1	4.9	171.7	10.3	2.1	415.4
0.0	4.4	279.9	10.3	2.7	415.4
3.8	5.0	226.4	10.3	2.4	415.4
10.6	5.6	17.9	10.2	1.3	415.4
0.0	-0.9	86.5	10.2	2.4	415.4
0.0	-2.0	288.8	10.2	1.9	415.4
0.0	1.9	281.2	10.2	2.9	415.4
0.0	4.7	119.1	10.2	2.9	415.4
0.0	-3.9	287.6	10.2	1.5	415.4
0.0	-2.9	285.8	10.2	1.9	415.4
0.0	2.9	241.8	10.2	2.9	415.4
0.0	0.3	198.1	10.2	2.2	415.4
0.0	-1.4	204.1	10.2	2.2	415.4
0.0	2.4	253.2	10.2	2.5	415.4
13.9	6.9	56.1	10.2	2.2	415.4
7.3	5.0	16.5	10.2	1.9	415.4
10.8	4.2	34.0	10.2	1.0	415.4
17.8	3.6	14.1	10.2	1.4	415.4
18.5	5.1	15.3	10.2	2.2	415.4
2.1	-0.5	39.5	10.2	1.9	415.4
0.3	-2.6	127.3	10.2	1.2	415.4
0.0	-2.0	221.6	10.2	1.9	415.4
0.0	-2.4	286.3	10.2	2.0	415.4
0.0	1.3	286.4	10.2	2.6	415.4
0.0	-0.1	285.9	10.2	2.5	415.4
0.0	1.6	249.2	10.2	3.1	417.4
2.1	5.7	272.7	10.2	3.7	417.4
1.1	3.5	58.8	10.2	2.6	417.4
1.3	-0.5	140.3	10.2	1.5	417.4
0.3	-3.8	82.2	10.3	1.5	417.4
0.0	-1.6	269.4	10.3	1.9	417.4
0.0	-2.2	265.1	10.3	1.9	417.4
0.0	-3.9	284.4	10.3	1.7	417.4
3.8	-1.8	243.5	10.3	1.8	417.4
0.6	-1.6	152.2	10.3	1.4	417.4
0.4	-1.2	219.3	10.3	1.7	417.4
4.0	-0.4	49.2	10.3	1.4	417.4
0.6	-1.4	104.4	10.3	1.7	417.4
1.0	-0.7	142.9	10.4	1.8	417.4
1.3	1.2	50.1	10.4	1.4	417.4
1.3	1.8	36.9	10.4	1.2	417.4
0.1	3.6	141.8	10.4	2.3	417.4
1.1	8.8	282.8	10.4	3.8	417.4
9.8	9.7	42.4	10.4	2.2	417.4
33.9	9.2	30.2	10.5	3.7	417.4
1.7	2.5	29.0	10.5	2.0	417.4
1.6	1.7	148.3	10.5	2.0	417.4
0.7	2.2	150.1	10.5	2.6	417.4
4.0	4.8	161.3	10.5	2.9	417.4
0.8	5.4	145.0	10.6	2.1	417.4
4.3	10.9	169.7	10.6	4.0	417.4
12.3	6.4	28.6	10.6	3.8	417.4
0.2	-0.9	160.8	10.6	1.9	417.4
0.0	1.0	277.7	10.7	2.4	417.4
3.2	3.2	69.2	10.7	2.1	417.4
0.7	2.2	124.6	10.7	2.6	417.4
0.1	1.9	198.5	10.7	2.5	418.5
0.0	2.0	347.8	10.8	3.2	418.5
0.0	2.4	349.9	10.8	3.6	418.5
0.0	5.9	327.2	10.8	4.5	418.5
0.0	8.9	337.5	10.8	5.3	418.5
0.3	11.3	148.8	10.9	4.3	418.5
1.8	13.5	120.4	10.9	4.1	418.5
2.0	13.1	31.7	10.9	2.5	418.5
0.3	14.9	189.2	10.9	4.8	418.5
0.0	16.1	312.5	11.0	5.0	418.5
7.6	16.8	234.8	11.0	5.1	418.5
3.4	15.4	48.5	11.0	3.7	418.5
4.9	12.3	56.1	11.0	4.6	418.5
11.7	5.7	34.7	11.1	2.7	418.5
0.2	5.5	86.5	11.1	1.9	418.5
0.0	5.3	297.8	11.1	4.0	418.5
0.1	8.7	299.7	11.1	5.1	418.5
14.1	10.7	133.3	11.2	3.4	418.5
15.7	12.9	44.3	11.2	4.9	418.5
1.3	5.6	105.8	11.2	2.8	418.5
2.8	4.2	25.7	11.3	1.5	418.5
3.0	6.1	28.0	11.3	2.0	418.5
7.4	7.8	28.5	11.3	1.8	418.5
13.6	7.5	12.8	11.4	1.6	418.5
22.2	7.4	25.7	11.4	2.4	418.5
7.8	4.5	48.4	11.4	2.4	418.5
0.5	6.0	171.2	11.4	3.3	418.5
0.5	2.5	94.1	11.5	3.2	418.5
0.0	2.2	428.3	11.5	3.8	418.5
0.0	4.3	243.6	11.5	4.0	419.1
0.0	7.0	363.3	11.6	5.0	419.1
0.0	9.6	425.5	11.6	5.3	419.1
0.0	11.2	428.3	11.6	6.0	419.1
5.5	11.8	79.8	11.7	4.7	419.1
1.2	17.8	240.1	11.7	6.0	419.1
6.4	12.7	115.8	11.7	7.0	419.1
2.1	10.3	234.9	11.7	4.2	419.1
2.5	12.3	124.6	11.8	4.4	419.1
0.2	17.7	317.2	11.8	7.6	419.1
0.0	19.9	442.3	11.8	7.1	419.1
4.8	20.2	401.2	11.9	8.8	419.1
24.9	12.2	253.9	11.9	6.6	419.1
26.9	6.5	31.4	11.9	3.4	419.1
0.0	8.3	427.3	12.0	5.2	419.1
12.0	13.6	421.4	12.0	7.2	419.1
1.4	10.1	81.6	12.0	5.4	419.1
0.1	18.3	414.1	12.0	8.8	419.1
2.7	11.9	65.2	12.1	7.9	419.1
11.9	9.0	302.6	12.1	5.8	419.1
38.7	4.0	32.9	12.1	3.4	419.1
27.0	1.6	43.2	12.2	2.0	419.1
14.2	2.7	49.6	12.2	1.9	419.1
30.8	6.4	113.1	12.2	3.6	419.1
24.6	6.8	36.6	12.3	2.0	419.1
2.1	6.5	21.7	12.3	1.6	419.1
0.8	7.9	346.7	12.3	6.0	419.1
15.5	12.3	434.4	12.4	7.6	419.1
3.3	10.2	76.8	12.4	6.0	419.1
1.1	7.1	311.7	12.4	4.1	419.1
11.5	7.6	88.8	12.4	3.7	419.1
17.6	8.4	66.5	12.5	4.1	419.7
0.3	12.3	515.2	12.5	7.8	419.7
4.5	13.1	278.8	12.5	8.0	419.7
0.0	14.4	433.7	12.6	8.6	419.7
0.1	11.5	388.2	12.6	4.5	419.7
7.0	12.5	213.8	12.6	4.6	419.7
24.9	15.4	211.6	12.7	6.9	419.7
1.7	17.0	181.5	12.7	7.7	419.7
0.0	14.3	447.3	12.7	7.0	419.7
0.1	11.4	206.5	12.7	6.1	419.7
0.5	13.5	479.0	12.8	8.5	419.7
47.3	17.7	372.9	12.8	8.2	419.7
30.7	17.7	34.6	12.8	6.2	419.7
3.1	15.0	234.2	12.9	7.4	419.7
0.0	11.3	465.9	12.9	6.1	419.7
0.0	10.9	335.2	12.9	5.0	419.7
48.1	13.6	219.7	12.9	5.9	419.7
5.7	17.2	42.9	13.0	7.1	419.7
4.9	17.3	185.3	13.0	11.1	419.7
0.7	10.3	161.7	13.0	4.0	419.7
0.1	11.7	522.6	13.1	7.5	419.7
0.0	12.7	536.2	13.1	7.8	419.7
0.0	14.7	564.7	13.1	8.5	419.7
0.0	15.8	547.8	13.1	9.1	419.7
0.1	18.0	533.0	13.2	10.0	419.7
2.7	20.2	473.7	13.2	10.2	419.7
27.4	19.0	64.5	13.2	6.5	419.7
4.2	21.2	323.4	13.3	7.9	419.7
3.5	23.9	377.7	13.3	9.1	419.7
0.9	20.8	163.1	13.3	7.4	419.7
11.1	23.4	526.2	13.3	12.6	420.3
1.1	12.3	170.9	13.4	5.6	420.3
4.4	12.5	169.6	13.4	5.0	420.3
16.2	15.7	383.8	13.4	7.4	420.3
53.4	19.1	62.7	13.4	7.3	420.3
11.7	17.1	175.3	13.5	8.7	420.3
0.0	19.2	595.8	13.5	8.9	420.3
0.3	18.0	278.8	13.5	9.2	420.3
0.1	19.6	545.0	13.5	9.7	420.3
0.0	22.1	475.0	13.5	11.2	420.3
0.0	22.9	212.0	13.6	8.1	420.3
2.8	24.1	187.9	13.6	7.1	420.3
85.9	22.3	147.2	13.6	11.0	420.3
16.0	13.0	40.5	13.6	6.0	420.3
3.5	15.1	117.5	13.7	5.0	420.3
2.0	16.1	143.3	13.7	6.3	420.3
0.9	20.5	458.2	13.7	8.9	420.3
8.4	23.5	492.3	13.7	10.8	420.3
14.4	22.9	153.3	13.7	5.9	420.3
13.8	22.8	323.3	13.8	9.4	420.3
0.1	22.9	161.6	13.8	6.8	420.3
7.5	24.8	340.5	13.8	8.6	420.3
0.0	23.1	441.6	13.8	9.2	420.3
11.7	23.2	334.3	13.8	7.5	420.3
32.0	22.7	56.2	13.8	7.3	420.3
1.8	17.8	232.0	13.9	7.2	420.3
0.2	18.7	533.0	13.9	8.6	420.3
63.3	21.8	436.9	13.9	10.7	420.3
6.1	21.7	33.1	13.9	5.4	420.3
12.4	21.3	55.5	13.9	6.6	420.3
0.2	21.2	532.1	13.9	9.4	420.3
0.0	20.6	575.1	14.0	9.3	419.4
0.0	22.0	470.9	14.0	9.5	419.4
0.7	20.4	154.2	14.0	6.5	419.4
0.2	24.0	552.6	14.0	9.5	419.4
0.9	23.3	496.1	14.0	8.9	419.4
11.2	22.4	343.8	14.0	8.3	419.4
10.7	22.7	467.7	14.0	8.9	419.4
1.4	23.3	353.4	14.0	8.9	419.4
0.4	22.1	163.5	14.0	6.7	419.4
0.4	25.2	560.1	14.0	10.5	419.4
0.0	27.0	581.5	14.0	10.9	419.4
4.7	27.4	579.6	14.1	10.3	419.4
8.6	27.0	562.2	14.1	10.5	419.4
7.5	26.0	529.4	14.1	10.8	419.4
0.0	19.9	122.9	14.1	8.4	419.4
0.0	22.5	529.3	14.1	10.4	419.4
1.4	22.5	260.1	14.1	9.0	419.4
51.5	20.0	58.3	14.1	4.2	419.4
53.1	21.4	42.5	14.1	7.3	419.4
0.4	21.0	351.1	14.1	8.2	419.4
0.0	22.5	511.2	14.1	9.4	419.4
0.2	23.1	463.8	14.1	9.7	419.4
3.0	22.1	181.0	14.1	6.7	419.4
1.3	21.6	97.5	14.1	5.4	419.4
0.8	21.8	255.3	14.1	7.0	419.4
0.6	23.8	365.4	14.1	9.3	419.4
0.5	25.7	485.8	14.1	10.4	419.4
12.2	24.9	351.9	14.1	8.9	419.4
12.6	25.8	495.9	14.1	9.4	419.4
35.3	24.8	328.9	14.1	8.5	419.4
25.6	24.9	338.7	14.1	8.5	416.5
11.5	26.1	442.1	14.0	8.0	416.5
1.4	26.1	207.8	14.0	7.5	416.5
9.5	26.5	237.3	14.0	9.1	416.5
9.4	27.2	444.4	14.0	10.5	416.5
7.3	27.2	495.7	14.0	10.2	416.5
9.2	26.2	234.8	14.0	8.3	416.5
28.3	25.3	338.1	14.0	7.8	416.5
1.6	24.3	152.4	14.0	6.0	416.5
0.9	24.6	380.1	14.0	8.2	416.5
19.7	24.9	464.1	14.0	9.0	416.5
4.6	23.6	177.6	13.9	6.2	416.5
0.1	25.9	524.8	13.9	10.3	416.5
5.1	26.2	526.2	13.9	9.9	416.5
9.8	25.9	354.9	13.9	8.7	416.5
1.0	26.4	325.4	13.9	8.0	416.5
16.2	26.8	444.2	13.9	9.2	416.5
0.0	27.6	406.8	13.9	10.6	416.5
0.0	28.0	590.8	13.8	11.1	416.5
0.2	28.6	567.1	13.8	11.2	416.5
0.0	29.1	604.8	13.8	12.5	416.5
0.9	29.2	598.2	13.8	11.3	416.5
0.0	29.5	596.8	13.8	11.5	416.5
0.0	29.6	590.8	13.8	11.5	416.5
8.5	28.4	560.9	13.7	11.7	416.5
12.2	27.5	485.5	13.7	11.1	416.5
13.4	27.4	529.7	13.7	10.8	416.5
17.6	26.7	455.5	13.7	10.2	416.5
7.4	26.3	373.4	13.7	9.6	416.5
5.3	27.0	554.7	13.6	10.6	416.5
0.1	27.6	577.4	13.6	10.8	416.5
0.3	27.9	546.9	13.6	10.5	414.2
16.7	27.0	495.8	13.6	10.5	414.2
0.8	27.0	506.9	13.5	10.0	414.2
0.5	27.1	526.4	13.5	9.6	414.2
1.2	27.4	474.3	13.5	9.1	414.2
1.8	26.6	285.6	13.5	7.9	414.2
4.0	25.6	277.1	13.4	7.5	414.2
1.6	26.0	351.2	13.4	8.6	414.2
1.6	25.9	354.7	13.4	8.7	414.2
3.2	25.6	389.1	13.4	10.0	414.2
7.4	25.5	512.0	13.3	9.2	414.2
2.6	25.7	494.8	13.3	8.5	414.2
3.9	25.8	468.3	13.3	9.9	414.2
9.1	26.7	526.6	13.3	10.5	414.2
9.8	26.3	545.2	13.2	10.6	414.2
6.9	26.3	533.8	13.2	9.8	414.2
9.5	26.1	472.7	13.2	9.2	414.2
8.7	26.5	470.1	13.2	9.0	414.2
11.8	26.4	415.8	13.1	9.0	414.2
10.5	26.4	348.8	13.1	8.5	414.2
13.5	26.8	513.0	13.1	9.7	414.2
5.5	27.0	532.3	13.1	9.8	414.2
2.2	27.1	534.4	13.0	10.5	414.2
4.8	27.1	522.1	13.0	10.7	414.2
8.9	26.7	503.5	13.0	9.3	414.2
16.0	26.3	500.5	12.9	8.8	414.2
7.5	26.7	471.7	12.9	9.0	414.2
11.9	25.9	408.4	12.9	7.8	414.2
0.8	24.4	184.7	12.9	6.8	414.2
1.3	24.5	373.2	12.8	8.0	414.2
0.3	24.2	411.4	12.8	8.4	414.2
0.8	25.0	457.5	12.8	7.9	413.7
11.6	24.7	374.5	12.7	9.0	413.7
13.7	25.4	436.8	12.7	8.2	413.7
13.2	25.4	398.1	12.7	8.3	413.7
14.3	25.1	327.6	12.7	8.1	413.7
19.0	24.4	296.7	12.6	7.7	413.7
14.3	24.6	347.5	12.6	8.1	413.7
19.6	24.9	421.1	12.6	8.0	413.7
0.1	25.5	455.6	12.5	8.4	413.7
0.2	25.3	411.1	12.5	8.6	413.7
0.1	25.3	462.4	12.5	8.1	413.7
0.7	25.5	414.9	12.5	7.7	413.7
1.6	24.6	284.6	12.4	7.7	413.7
0.4	24.0	316.9	12.4	7.8	413.7
0.2	24.9	442.5	12.4	8.0	413.7
1.0	25.0	287.5	12.3	6.6	413.7
1.6	22.2	65.4	12.3	5.5	413.7
0.7	22.1	346.9	12.3	6.3	413.7
1.2	21.9	338.4	12.2	6.9	413.7
0.0	21.5	467.1	12.2	7.8	413.7
0.0	22.0	456.8	12.2	7.2	413.7
1.6	21.7	54.5	12.2	4.7	413.7
0.6	21.2	43.0	12.1	4.9	413.7
0.0	21.1	436.9	12.1	8.3	413.7
0.0	22.1	465.2	12.1	9.0	413.7
0.0	19.8	464.2	12.0	8.8	413.7
0.0	19.7	455.3	12.0	8.8	413.7
0.0	19.9	467.6	12.0	8.2	413.7
0.0	20.7	463.3	11.9	8.5	413.7
0.0	22.4	446.6	11.9	8.7	413.7
0.0	22.4	444.5	11.9	9.2	414.1
0.0	22.6	447.7	11.8	9.2	414.1
0.0	23.3	433.8	11.8	9.4	414.1
0.2	21.3	417.2	11.8	6.2	414.1
0.1	20.3	385.3	11.8	7.0	414.1
0.0	22.3	412.5	11.7	7.6	414.1
0.9	22.9	168.3	11.7	6.2	414.1
1.0	22.8	240.5	11.7	6.8	414.1
0.0	18.4	246.7	11.6	6.7	414.1
0.0	18.5	319.1	11.6	5.9	414.1
0.0	16.9	274.1	11.6	6.5	414.1
0.0	12.3	397.3	11.6	5.6	414.1
0.0	10.6	430.3	11.5	5.2	414.1
0.0	12.3	420.5	11.5	6.0	414.1
0.0	13.4	376.8	11.5	6.3	414.1
0.0	13.7	237.7	11.4	6.3	414.1
0.0	15.5	401.8	11.4	7.2	414.1
0.0	16.7	399.4	11.4	7.0	414.1
0.0	16.1	388.9	11.3	6.6	414.1
0.0	15.9	380.7	11.3	6.8	414.1
0.0	16.1	380.0	11.3	7.1	414.1
0.0	17.1	380.3	11.3	7.4	414.1
0.0	14.6	378.2	11.2	6.8	414.1
0.0	16.5	379.7	11.2	6.5	414.1
0.0	14.5	343.0	11.2	5.3	414.1
0.0	15.5	350.9	11.1	6.1	414.1
0.0	14.9	364.2	11.1	6.3	414.1
0.0	15.0	367.8	11.1	6.6	414.1
0.0	16.0	369.3	11.1	6.5	414.1
0.0	15.6	356.4	11.0	5.9	414.1
0.0	9.0	363.7	11.0	4.7	414.1
0.0	9.8	371.2	11.0	5.4	416.1
0.0	11.9	361.3	11.0	6.1	416.1
0.1	15.2	343.8	10.9	6.9	416.1
0.0	16.5	337.1	10.9	6.8	416.1
0.0	17.9	337.3	10.9	6.4	416.1
0.0	18.5	330.7	10.9	6.3	416.1
9.0	16.5	172.7	10.8	6.3	416.1
0.0	10.3	305.8	10.8	4.0	416.1
0.0	9.7	82.9	10.8	2.7	416.1
0.0	9.6	318.2	10.8	4.4	416.1
0.0	11.7	317.9	10.7	4.9	416.1
0.0	12.8	322.4	10.7	5.3	416.1
0.1	14.5	320.1	10.7	5.8	416.1
0.0	14.8	283.6	10.7	5.9	416.1
0.1	16.0	251.0	10.6	5.9	416.1
0.1	17.7	297.0	10.6	6.0	416.1
2.8	19.4	85.4	10.6	4.1	416.1
0.9	20.1	73.8	10.6	3.9	416.1
0.0	20.4	206.6	10.5	5.4	416.1
0.0	20.3	186.3	10.5	4.9	416.1
4.6	13.1	39.3	10.5	5.1	416.1
0.5	7.5	101.7	10.5	2.6	416.1
0.0	7.0	187.2	10.5	3.2	416.1
0.9	8.7	247.7	10.5	3.2	416.1
0.0	7.4	269.3	10.4	3.7	416.1
0.0	7.8	274.8	10.4	3.9	416.1
0.8	12.4	189.2	10.4	4.0	416.1
3.6	14.0	46.5	10.4	2.2	416.1
1.0	15.6	148.5	10.4	4.4	416.1
14.1	6.6	13.2	10.4	3.5	416.1
0.4	3.5	80.2	10.3	1.8	418.3
0.0	4.3	287.2	10.3	2.7	418.3
0.0	2.1	289.2	10.3	2.8	418.3
0.0	4.4	266.0	10.3	3.4	418.3
0.0	7.2	286.7	10.3	3.8	418.3
0.0	11.2	276.4	10.3	4.6	418.3
5.1	14.0	224.1	10.3	4.7	418.3
6.1	3.9	22.8	10.3	3.5	418.3
0.9	1.7	100.7	10.2	1.4	418.3
0.0	5.9	234.8	10.2	3.3	418.3
0.7	9.3	154.2	10.2	3.5	418.3
0.5	7.5	52.0	10.2	1.9	418.3
0.1	10.8	182.8	10.2	3.2	418.3
4.2	12.4	248.2	10.2	5.1	418.3
0.4	5.3	104.2	10.2	1.9	418.3
0.2	8.9	122.4	10.2	3.0	418.3
13.8	4.7	22.3	10.2	2.8	418.3
47.6	3.3	18.8	10.2	1.0	418.3
5.9	3.3	33.8	10.2	1.0	418.3
4.0	6.1	72.7	10.2	2.0	418.3
1.3	6.9	80.6	10.2	2.0	418.3
0.5	7.3	223.6	10.2	2.7	418.3
4.1	13.3	207.9	10.2	4.1	418.3
5.0	11.6	30.1	10.2	3.8	418.3
4.6	3.0	27.7	10.2	2.5	418.3
0.2	-2.5	155.3	10.2	1.8	418.3
1.5	-7.3	70.4	10.2	0.7	418.3
0.0	-7.3	270.0	10.2	1.1	418.3
0.0	-4.1	255.6	10.2	1.5	418.3
2.2	-0.1	215.1	10.2	1.7	418.3
7.6	5.1	118.9	10.2	2.7	418.3
7.2	6.5	68.0	10.2	2.1	420.3
8.8	10.0	54.1	10.2	3.8	420.3
15.0	7.5	36.4	10.2	1.9	420.3
16.3	6.0	26.2	10.2	2.7	420.3
4.0	1.0	63.4	10.3	0.9	420.3
3.0	-1.1	62.3	10.3	1.6	420.3
0.5	-4.4	261.3	10.3	1.6	420.3
0.2	-4.9	291.3	10.3	1.8	420.3
0.1	-2.9	207.3	10.3	1.6	420.3
7.3	-0.6	132.0	10.3	1.5	420.3
9.2	-0.5	45.0	10.3	0.8	420.3
3.3	-0.3	62.4	10.3	1.1	420.3
0.4	-2.7	122.1	10.4	1.6	420.3
0.3	-4.8	144.2	10.4	1.2	420.3
0.4	-5.4	125.8	10.4	1.0	420.3
6.4	-3.5	66.5	10.4	1.1	420.3
0.3	-5.0	119.5	10.4	1.2	420.3
12.4	-2.7	75.8	10.4	1.4	420.3
2.6	-1.5	57.2	10.5	1.2	420.3
0.9	-0.6	127.0	10.5	1.2	420.3
0.5	-0.7	63.1	10.5	1.3	420.3
0.3	-3.7	205.0	10.5	1.8	420.3
0.0	-5.1	328.1	10.5	1.9	420.3
0.0	-3.0	321.3	10.6	2.2	420.3
0.2	1.4	318.6	10.6	3.2	420.3
0.3	2.4	234.0	10.6	3.5	420.3
5.2	6.6	232.0	10.6	3.8	420.3
4.3	7.3	25.9	10.7	2.0	420.3
39.9	6.7	34.6	10.7	1.7	420.3
5.7	4.4	34.1	10.7	2.7	420.3
0.8	2.8	152.4	10.7	2.1	420.3
4.3	4.0	98.1	10.7	2.2	421.5
2.9	4.3	50.0	10.8	1.8	421.5
0.0	5.4	217.9	10.8	3.2	421.5
17.1	9.1	219.7	10.8	3.8	421.5
2.7	6.2	58.3	10.8	1.7	421.5
1.7	4.7	92.8	10.9	2.7	421.5
3.7	0.4	89.7	10.9	1.9	421.5
0.4	0.6	161.2	10.9	2.0	421.5
12.5	1.2	80.7	10.9	1.5	421.5
2.2	-0.2	108.0	11.0	2.4	421.5
0.0	-1.2	363.4	11.0	2.5	421.5
0.0	1.2	378.5	11.0	3.2	421.5
0.0	1.2	129.4	11.1	2.0	421.5
0.0	1.7	263.1	11.1	3.0	421.5
20.9	1.4	151.4	11.1	2.4	421.5
3.5	0.7	72.4	11.1	1.4	421.5
0.4	2.7	271.8	11.2	2.9	421.5
0.0	1.4	373.8	11.2	3.7	421.5
0.0	-1.1	170.5	11.2	2.3	421.5
0.0	-2.2	410.0	11.3	2.8	421.5
0.4	2.5	226.8	11.3	3.3	421.5
0.7	3.2	178.7	11.3	3.8	421.5
0.2	4.9	389.6	11.3	4.7	421.5
0.3	4.8	315.7	11.4	4.7	421.5
0.0	5.4	387.1	11.4	4.5	421.5
6.4	6.2	108.9	11.4	2.9	421.5
28.8	8.2	20.3	11.5	2.8	421.5
9.9	15.0	52.5	11.5	5.7	421.5
11.4	5.6	30.5	11.5	5.0	422.1
4.4	4.7	64.9	11.6	2.2	422.1
5.1	5.4	48.4	11.6	1.7	422.1
10.6	1.2	30.6	11.6	3.2	422.1
0.0	-1.3	420.6	11.6	2.9	422.1
0.0	1.8	440.9	11.7	4.1	422.1
0.2	4.3	225.2	11.7	3.9	422.1
0.0	7.5	433.5	11.7	5.6	422.1
25.4	11.6	301.3	11.8	5.9	422.1
0.0	7.2	226.6	11.8	5.0	422.1
0.0	2.0	298.9	11.8	3.5	422.1
0.0	0.8	452.3	11.9	3.9	422.1
0.0	0.6	473.9	11.9	4.1	422.1
0.0	0.6	436.0	11.9	3.4	422.1
5.1	5.7	300.0	11.9	5.2	422.1
0.1	7.6	315.9	12.0	5.0	422.1
2.3	13.9	143.2	12.0	7.2	422.1
9.5	18.3	124.1	12.0	6.4	422.1
8.1	9.0	18.7	12.1	7.1	422.1
21.7	5.2	40.3	12.1	2.8	422.1
17.3	4.2	32.2	12.1	1.6	422.1
26.7	5.9	73.0	12.2	2.6	422.1
0.7	6.7	165.6	12.2	4.1	422.1
17.7	2.5	65.7	12.2	2.4	422.1
51.5	7.1	40.5	12.3	4.9	422.1
0.9	5.3	156.1	12.3	4.2	422.1
47.4	13.8	92.0	12.3	8.4	422.1
7.8	6.2	85.3	12.3	8.0	422.1
0.1	5.0	257.1	12.4	4.5	422.1
0.1	8.0	317.0	12.4	5.4	422.1
0.3	7.8	406.2	12.4	6.3	422.1
0.0	9.9	489.7	12.5	6.4	422.7
12.1	8.7	139.9	12.5	3.7	422.7
0.1	9.7	124.5	12.5	4.9	422.7
0.4	13.3	243.9	12.6	6.5	422.7
3.3	10.3	42.9	12.6	2.2	422.7
0.6	10.1	268.3	12.6	5.7	422.7
9.7	14.7	367.5	12.6	7.1	422.7
0.4	12.4	292.1	12.7	5.6	422.7
1.0	13.4	331.8	12.7	6.4	422.7
2.9	16.2	139.5	12.7	6.2	422.7
0.0	21.8	352.3	12.8	9.2	422.7
0.0	23.9	311.3	12.8	9.1	422.7
21.7	22.2	342.8	12.8	9.7	422.7
39.5	20.8	212.2	12.9	4.9	422.7
39.9	20.5	253.3	12.9	9.8	422.7
0.5	13.8	202.6	12.9	4.8	422.7
0.2	13.7	277.0	12.9	7.5	422.7
0.3	13.9	524.4	13.0	6.5	422.7
4.3	12.6	102.0	13.0	4.1	422.7
1.0	13.8	237.2	13.0	7.1	422.7
0.5	16.3	304.6	13.1	8.1	422.7
1.4	16.2	169.5	13.1	5.3	422.7
22.7	16.9	58.6	13.1	3.2	422.7
20.9	18.5	76.3	13.1	6.0	422.7
3.0	13.7	112.6	13.2	9.0	422.7
0.3	13.9	322.0	13.2	5.7	422.7
30.8	14.8	55.2	13.2	6.9	422.7
8.4	20.7	160.9	13.2	8.4	422.7
19.0	23.4	353.0	13.3	10.5	422.7
45.5	20.8	78.3	13.3	9.4	422.7
0.8	15.7	163.4	13.3	5.0	423.2
4.3	18.2	171.9	13.3	5.8	423.2
1.1	17.1	104.8	13.4	6.1	423.2
0.2	19.3	472.7	13.4	8.3	423.2
8.5	21.6	399.9	13.4	9.5	423.2
17.9	22.8	304.3	13.4	9.2	423.2
3.1	23.6	314.5	13.5	8.5	423.2
0.2	24.9	477.2	13.5	8.5	423.2
2.2	25.8	431.7	13.5	8.6	423.2
9.7	23.4	361.5	13.5	9.1	423.2
15.0	21.8	395.3	13.6	9.5	423.2
13.3	23.2	458.7	13.6	9.1	423.2
36.8	24.2	266.1	13.6	7.2	423.2
29.8	20.7	192.0	13.6	10.5	423.2
3.4	14.9	52.9	13.7	3.6	423.2
1.5	14.5	79.9	13.7	4.1	423.2
0.8	16.8	373.3	13.7	7.6	423.2
0.2	18.7	531.6	13.7	9.7	423.2
0.1	22.1	526.7	13.7	11.5	423.2
3.4	24.2	441.5	13.8	10.4	423.2
0.0	25.6	559.5	13.8	8.7	423.2
14.5	23.6	163.0	13.8	9.4	423.2
0.5	19.0	323.1	13.8	8.3	423.2
4.0	20.9	513.6	13.8	9.1	423.2
6.6	14.9	64.2	13.8	7.3	423.2
4.4	15.4	103.6	13.9	4.7	423.2
0.0	16.6	507.7	13.9	8.0	423.2
0.2	16.5	581.6	13.9	9.6	423.2
0.0	16.1	625.2	13.9	9.9	423.2
0.1	17.6	627.9	13.9	10.3	423.2
0.3	19.9	518.2	13.9	9.7	423.2
0.8	19.0	350.8	13.9	10.2	422.3
0.0	20.0	595.0	14.0	8.9	422.3
0.6	20.9	230.9	14.0	8.5	422.3
2.1	20.9	192.8	14.0	8.1	422.3
1.6	22.0	385.3	14.0	8.3	422.3
0.1	21.1	406.1	14.0	9.1	422.3
0.0	21.7	518.9	14.0	10.6	422.3
1.0	23.5	564.7	14.0	11.0	422.3
8.9	21.8	53.1	14.0	5.5	422.3
0.3	23.5	365.5	14.0	10.8	422.3
0.2	25.4	576.3	14.0	11.0	422.3
29.2	23.4	243.2	14.1	9.3	422.3
15.2	20.0	64.5	14.1	4.4	422.3
0.7	21.9	225.3	14.1	7.9	422.3
0.4	24.7	467.8	14.1	9.8	422.3
2.2	25.6	496.7	14.1	9.8	422.3
4.5	25.9	427.2	14.1	10.2	422.3
24.8	24.0	120.2	14.1	5.8	422.3
20.2	23.3	133.2	14.1	5.5	422.3
2.7	23.3	503.6	14.1	11.2	422.3
0.0	24.8	601.0	14.1	10.1	422.3
0.2	25.1	290.7	14.1	9.4	422.3
0.2	23.4	275.2	14.1	7.9	422.3
5.6	24.3	419.3	14.1	11.7	422.3
1.1	23.8	619.7	14.1	10.8	422.3
0.0	24.7	548.5	14.1	9.3	422.3
11.5	25.5	381.3	14.1	10.0	422.3
8.5	22.5	97.7	14.1	5.6	422.3
0.1	24.4	474.8	14.1	9.4	422.3
1.6	24.8	250.6	14.1	8.4	422.3
15.2	24.4	100.8	14.1	6.1	419.4
0.2	25.0	111.5	14.0	6.6	419.4
3.1	27.1	427.9	14.0	7.6	419.4
22.3	26.3	372.9	14.0	8.6	419.4
6.8	27.5	560.6	14.0	11.0	419.4
20.8	26.8	326.6	14.0	9.2	419.4
20.2	27.1	411.1	14.0	9.4	419.4
16.6	26.5	264.7	14.0	8.4	419.4
19.3	26.7	354.6	14.0	8.5	419.4
30.3	26.6	376.3	14.0	8.7	419.4
13.7	25.9	256.0	14.0	7.8	419.4
3.9	26.0	289.1	13.9	9.0	419.4
12.6	25.6	471.9	13.9	9.7	419.4
0.3	24.7	289.1	13.9	7.4	419.4
1.7	24.6	140.4	13.9	5.7	419.4
0.9	25.4	215.4	13.9	7.0	419.4
2.3	26.3	246.4	13.9	8.7	419.4
17.6	26.6	429.0	13.9	9.9	419.4
12.9	26.2	266.2	13.8	9.1	419.4
0.8	24.8	173.7	13.8	7.5	419.4
1.2	23.8	182.7	13.8	6.0	419.4
0.6	24.4	70.8	13.8	5.3	419.4
9.7	26.1	277.8	13.8	8.3	419.4
12.1	27.0	474.3	13.8	10.2	419.4
0.2	27.9	518.6	13.7	9.9	419.4
0.0	28.0	475.4	13.7	10.1	419.4
0.0	28.6	425.3	13.7	10.3	419.4
0.0	28.9	569.9	13.7	11.3	419.4
0.0	29.3	585.7	13.7	11.2	419.4
0.0	29.5	456.7	13.6	10.5	419.4
0.1	29.5	430.1	13.6	11.2	419.4
5.5	28.5	496.6	13.6	11.8	417.1
0.1	28.3	524.9	13.6	10.5	417.1
0.3	28.5	546.0	13.5	10.0	417.1
0.3	28.4	470.9	13.5	10.2	417.1
0.6	27.1	496.7	13.5	9.4	417.1
1.7	25.2	57.1	13.5	4.7	417.1
2.9	25.6	95.2	13.5	6.3	417.1
4.0	25.9	303.3	13.4	7.0	417.1
0.7	26.0	159.9	13.4	6.2	417.1
9.6	26.0	306.7	13.4	8.1	417.1
6.7	25.8	281.8	13.4	6.9	417.1
2.0	25.8	280.3	13.3	7.5	417.1
0.1	25.7	489.0	13.3	8.8	417.1
0.2	26.2	509.0	13.3	9.9	417.1
0.0	26.1	556.6	13.3	10.1	417.1
0.2	26.9	554.6	13.2	10.3	417.1
0.2	27.5	471.1	13.2	10.0	417.1
0.5	27.9	494.4	13.2	10.2	417.1
15.3	24.5	123.3	13.1	6.2	417.1
1.1	24.5	304.1	13.1	8.1	417.1
4.7	26.3	498.5	13.1	9.2	417.1
0.0	24.8	93.9	13.1	6.9	417.1
0.0	25.9	505.9	13.0	9.8	417.1
0.0	26.2	539.4	13.0	10.3	417.1
0.0	26.8	541.4	13.0	10.7	417.1
0.0	27.3	539.1	13.0	11.1	417.1
0.0	28.6	531.6	12.9	11.2	417.1
0.0	29.0	522.8	12.9	11.2	417.1
14.0	27.3	463.3	12.9	10.2	417.1
12.2	26.0	240.2	12.8	8.1	417.1
7.3	26.6	496.0	12.8	9.3	417.1
3.2	27.1	488.8	12.8	10.1	416.7
4.7	27.5	492.2	12.8	9.9	416.7
8.3	27.6	473.2	12.7	8.9	416.7
7.1	27.7	452.9	12.7	9.2	416.7
3.1	27.2	405.8	12.7	8.5	416.7
2.7	25.2	284.9	12.6	8.3	416.7
0.0	22.3	186.6	12.6	6.7	416.7
0.0	21.9	473.3	12.6	8.4	416.7
0.0	22.3	478.4	12.5	8.9	416.7
0.0	22.7	507.5	12.5	9.0	416.7
0.5	24.7	446.0	12.5	8.5	416.7
0.2	24.3	186.6	12.5	7.6	416.7
0.0	23.8	237.6	12.4	8.7	416.7
0.0	23.3	491.0	12.4	9.0	416.7
0.0	22.9	491.3	12.4	9.0	416.7
0.0	20.8	500.6	12.3	9.4	416.7
0.0	22.2	486.7	12.3	8.7	416.7
0.0	21.1	364.6	12.3	8.6	416.7
0.0	21.4	373.3	12.2	8.9	416.7
0.8	22.8	457.7	12.2	8.1	416.7
1.2	22.3	32.4	12.2	4.7	416.7
0.4	22.8	47.9	12.2	5.8	416.7
0.0	22.1	400.9	12.1	7.4	416.7
0.0	21.5	418.7	12.1	8.4	416.7
0.0	20.7	462.8	12.1	8.8	416.7
0.0	20.8	460.2	12.0	8.4	416.7
0.0	21.7	411.2	12.0	9.0	416.7
0.0	18.4	470.8	12.0	6.8	416.7
0.0	19.4	453.7	11.9	7.8	416.7
0.0	21.0	417.4	11.9	7.7	416.7
0.0	20.0	373.3	11.9	7.7	417.0
0.0	20.2	444.0	11.9	8.0	417.0
0.0	21.8	440.4	11.8	8.3	417.0
0.0	19.4	438.0	11.8	7.8	417.0
0.0	18.1	437.8	11.8	7.5	417.0
0.0	17.7	434.5	11.7	7.7	417.0
0.0	18.0	435.8	11.7	7.7	417.0
0.0	18.7	425.8	11.7	7.9	417.0
0.0	18.7	419.7	11.6	7.6	417.0
0.0	18.9	423.9	11.6	7.5	417.0
0.0	20.8	402.0	11.6	7.8	417.0
0.0	20.1	382.8	11.6	7.6	417.0
0.0	19.5	407.4	11.5	7.3	417.0
0.0	20.5	389.6	11.5	7.8	417.0
0.2	21.0	341.3	11.5	7.1	417.0
0.0	16.5	401.9	11.4	6.1	417.0
0.0	18.0	394.0	11.4	7.1	417.0
0.0	18.3	388.5	11.4	7.4	417.0
0.0	18.8	389.3	11.4	7.2	417.0
0.0	19.9	378.7	11.3	7.5	417.0
0.0	19.4	378.3	11.3	7.3	417.0
0.0	19.5	374.6	11.3	7.3	417.0
0.0	19.2	379.7	11.2	7.4	417.0
0.0	17.1	377.4	11.2	6.6	417.0
0.0	19.0	369.0	11.2	7.3	417.0
0.0	18.7	312.5	11.2	6.1	417.0
0.0	19.8	350.5	11.1	6.6	417.0
0.0	20.0	344.5	11.1	7.3	417.0
0.0	18.8	333.0	11.1	6.4	417.0
0.8	16.0	106.0	11.0	3.4	417.0
0.1	14.0	144.5	11.0	4.7	417.0
0.0	12.3	366.7	11.0	5.4	419.1
0.0	13.8	342.5	11.0	5.6	419.1
0.0	14.5	345.7	10.9	6.0	419.1
0.0	15.5	349.2	10.9	6.4	419.1
0.0	12.2	348.3	10.9	5.2	419.1
0.0	15.1	340.1	10.9	6.4	419.1
0.0	17.0	328.7	10.8	6.7	419.1
0.0	15.6	313.0	10.8	6.9	419.1
0.0	8.8	341.5	10.8	4.0	419.1
0.0	9.4	255.2	10.8	4.8	419.1
0.0	13.6	288.6	10.7	5.7	419.1
0.3	12.4	144.8	10.7	3.0	419.1
0.0	10.6	149.1	10.7	4.2	419.1
0.0	13.3	318.1	10.7	5.2	419.1
0.3	15.3	305.1	10.6	5.5	419.1
0.0	9.7	221.6	10.6	4.8	419.1
0.0	5.9	234.4	10.6	3.4	419.1
0.0	8.9	290.4	10.6	4.9	419.1
0.0	10.7	315.7	10.6	5.5	419.1
0.8	15.4	306.9	10.5	5.7	419.1
1.4	14.0	63.7	10.5	4.1	419.1
0.0	10.1	144.8	10.5	3.9	419.1
0.1	13.1	292.5	10.5	4.6	419.1
2.9	18.1	144.8	10.5	5.4	419.1
1.3	9.9	77.3	10.4	2.6	419.1
0.1	8.7	263.0	10.4	3.5	419.1
6.3	12.6	196.3	10.4	4.2	419.1
2.6	11.5	38.3	10.4	2.8	419.1
1.1	9.5	81.7	10.4	2.2	419.1
13.9	9.1	15.3	10.4	1.8	419.1
1.1	4.5	31.1	10.3	2.8	421.2
0.0	4.3	294.1	10.3	3.2	421.2
0.0	7.2	238.0	10.3	3.8	421.2
0.0	7.3	273.7	10.3	3.9	421.2
0.0	2.5	292.4	10.3	2.6	421.2
0.4	6.4	185.2	10.3	3.1	421.2
25.5	6.5	32.3	10.3	1.5	421.2
2.2	5.3	38.8	10.3	2.2	421.2
0.2	4.1	183.1	10.2	2.6	421.2
0.0	5.4	284.4	10.2	3.4	421.2
0.0	5.3	283.2	10.2	3.4	421.2
0.1	6.3	275.3	10.2	3.8	421.2
0.1	6.8	266.0	10.2	3.9	421.2
0.1	7.3	242.1	10.2	4.2	421.2
0.0	10.1	209.8	10.2	4.2	421.2
0.0	8.7	268.2	10.2	4.1	421.2
0.0	6.1	213.7	10.2	2.5	421.2
0.0	9.2	270.0	10.2	4.1	421.2
1.2	13.6	160.5	10.2	4.4	421.2
0.1	15.7	217.2	10.2	4.6	421.2
6.7	8.3	70.2	10.2	4.9	421.2
0.3	2.8	96.0	10.2	1.3	421.2
0.3	6.8	209.2	10.2	2.6	421.2
1.3	9.0	33.9	10.2	2.6	421.2
0.0	3.9	267.3	10.2	2.5	421.2
0.0	1.6	218.2	10.2	2.7	421.2
0.0	3.8	199.7	10.2	2.8	421.2
1.1	4.1	63.7	10.2	2.3	421.2
0.1	2.2	282.8	10.2	2.9	421.2
0.0	4.6	277.4	10.2	3.3	421.2
11.4	7.1	152.8	10.2	3.5	421.2
2.2	1.0	57.5	10.2	1.8	423.3
0.0	1.7	291.6	10.2	2.4	423.3
0.0	5.3	287.5	10.2	3.5	423.3
0.0	4.5	289.6	10.2	3.4	423.3
0.0	6.7	263.4	10.3	4.2	423.3
0.1	4.6	264.1	10.3	3.3	423.3
0.0	5.9	275.8	10.3	3.6	423.3
2.5	10.9	220.0	10.3	4.1	423.3
29.6	12.3	28.6	10.3	2.2	423.3
1.5	10.2	22.7	10.3	1.9	423.3
0.5	12.3	122.3	10.3	2.9	423.3
11.6	14.2	211.4	10.3	4.6	423.3
22.0	4.5	40.4	10.4	2.7	423.3
14.0	-0.5	26.2	10.4	1.4	423.3
6.5	-1.4	91.1	10.4	1.0	423.3
4.7	0.7	129.1	10.4	1.4	423.3
12.0	2.7	48.2	10.4	1.2	423.3
4.7	2.3	34.6	10.4	1.6	423.3
0.8	1.1	179.1	10.5	2.8	423.3
0.1	2.7	177.3	10.5	2.6	423.3
0.4	2.5	306.8	10.5	2.8	423.3
0.0	1.6	216.9	10.5	2.5	423.3
0.0	1.0	290.1	10.5	2.4	423.3
0.0	2.1	323.7	10.6	3.0	423.3
0.0	2.9	310.6	10.6	3.3	423.3
0.6	2.7	235.2	10.6	2.6	423.3
0.3	2.2	111.6	10.6	1.9	423.3
10.4	1.3	28.7	10.6	1.0	423.3
11.3	1.7	52.2	10.7	1.8	423.3
0.8	-0.7	180.6	10.7	2.3	423.3
0.0	1.4	345.4	10.7	3.0	423.3
0.0	-4.3	352.5	10.7	2.0	424.4
0.0	-2.8	350.5	10.8	2.4	424.4
0.0	-2.3	340.1	10.8	2.4	424.4
7.5	-0.6	90.8	10.8	1.8	424.4
18.7	-0.9	26.4	10.8	1.7	424.4
0.6	-2.2	241.2	10.9	1.8	424.4
0.9	0.4	177.0	10.9	2.5	424.4
31.9	0.6	44.1	10.9	1.4	424.4
1.0	0.8	148.1	10.9	1.9	424.4
0.6	3.2	202.0	11.0	3.5	424.4
9.3	7.9	165.1	11.0	3.4	424.4
0.6	1.1	124.6	11.0	3.4	424.4
0.0	0.7	385.5	11.1	3.0	424.4
0.0	4.7	367.8	11.1	4.0	424.4
0.0	5.9	352.5	11.1	4.7	424.4
0.0	5.4	387.8	11.1	4.3	424.4
0.0	5.4	175.9	11.2	4.2	424.4
0.0	5.3	338.4	11.2	4.2	424.4
0.2	2.8	178.1	11.2	2.8	424.4
6.9	1.9	103.2	11.2	2.0	424.4
11.1	0.7	53.6	11.3	2.3	424.4
0.2	4.2	404.5	11.3	4.4	424.4
5.3	7.3	156.9	11.3	3.5	424.4
0.2	7.8	399.3	11.4	5.2	424.4
2.0	9.7	347.0	11.4	6.0	424.4
40.3	4.2	40.4	11.4	4.9	424.4
13.5	-0.1	39.4	11.5	1.2	424.4
2.5	1.0	118.8	11.5	1.7	424.4
0.6	2.7	147.8	11.5	2.9	425.0
0.0	1.1	402.8	11.5	3.2	425.0
0.0	1.7	417.8	11.6	3.3	425.0
0.0	1.6	406.6	11.6	3.9	425.0
0.0	5.5	395.9	11.6	4.7	425.0
0.0	6.3	145.2	11.7	4.6	425.0
1.4	7.1	162.8	11.7	3.9	425.0
37.3	7.8	85.8	11.7	3.0	425.0
2.0	5.4	70.9	11.8	2.8	425.0
0.0	5.8	330.4	11.8	4.2	425.0
2.0	10.1	105.2	11.8	6.0	425.0
6.7	14.9	68.3	11.8	5.0	425.0
2.4	13.9	340.1	11.9	6.6	425.0
4.4	16.4	132.6	11.9	6.4	425.0
7.6	12.2	113.8	11.9	7.6	425.0
5.7	8.5	133.9	12.0	3.7	425.0
2.1	11.0	340.4	12.0	5.6	425.0
26.6	15.3	227.5	12.0	7.5	425.0
29.3	5.7	81.0	12.1	6.1	425.0
0.9	2.3	151.2	12.1	2.9	425.0
36.8	4.2	84.3	12.1	3.2	425.0
1.5	6.1	245.1	12.2	4.2	425.0
17.7	4.7	250.8	12.2	4.6	425.0
16.4	1.3	65.3	12.2	1.6	425.0
0.0	1.6	216.2	12.2	3.8	425.0
0.0	4.6	439.5	12.3	4.9	425.0
3.4	7.5	282.6	12.3	4.8	425.0
1.1	8.5	242.7	12.3	4.9	425.0
0.1	11.7	325.4	12.4	6.7	425.0
21.7	10.5	58.5	12.4	3.2	425.0
11.8	11.0	50.5	12.4	2.9	425.0
8.6	12.8	49.8	12.5	4.6	425.6
5.1	18.2	154.4	12.5	6.4	425.6
0.7	11.1	114.4	12.5	6.6	425.6
1.2	10.3	105.9	12.6	3.4	425.6
9.5	9.8	69.6	12.6	3.8	425.6
0.0	14.8	532.9	12.6	8.4	425.6
37.1	17.3	268.1	12.6	7.4	425.6
6.9	17.1	63.5	12.7	4.7	425.6
3.6	16.3	138.9	12.7	8.2	425.6
51.3	10.5	44.5	12.7	3.0	425.6
46.4	10.9	64.4	12.8	3.2	425.6
4.8	9.9	41.0	12.8	2.2	425.6
10.7	14.2	86.4	12.8	6.0	425.6
10.1	21.0	203.2	12.8	8.9	425.6
18.8	14.0	365.9	12.9	8.9	425.6
23.5	8.4	32.6	12.9	4.3	425.6
9.4	8.3	66.0	12.9	2.5	425.6
14.0	10.8	49.2	13.0	4.1	425.6
65.8	12.6	41.8	13.0	4.4	425.6
16.1	12.6	144.6	13.0	4.1	425.6
0.0	15.1	552.0	13.0	7.9	425.6
2.4	15.3	196.0	13.1	7.2	425.6
5.6	20.4	211.3	13.1	9.0	425.6
0.1	18.1	392.9	13.1	7.9	425.6
0.4	22.0	300.6	13.2	8.4	425.6
0.0	24.1	543.0	13.2	8.8	425.6
1.4	20.0	386.1	13.2	12.6	425.6
1.4	11.9	136.1	13.2	5.1	425.6
13.9	9.9	57.7	13.3	3.7	425.6
42.2	12.2	49.8	13.3	3.4	425.6
12.8	14.1	63.1	13.3	5.5	426.2
0.9	10.5	146.7	13.3	5.7	426.2
5.0	15.6	541.4	13.4	8.9	426.2
28.5	11.2	58.3	13.4	4.6	426.2
5.4	10.2	53.8	13.4	4.0	426.2
0.5	14.7	588.2	13.4	7.2	426.2
0.7	17.8	590.1	13.5	8.5	426.2
0.0	18.1	581.1	13.5	9.1	426.2
0.0	19.5	526.1	13.5	10.0	426.2
0.8	20.0	549.8	13.5	10.4	426.2
11.2	21.1	404.7	13.6	9.9	426.2
4.9	17.3	64.3	13.6	7.4	426.2
0.0	16.0	599.4	13.6	7.7	426.2
0.1	14.9	370.2	13.6	8.6	426.2
0.1	15.7	486.7	13.6	9.2	426.2
0.0	17.7	602.8	13.7	10.0	426.2
0.0	20.5	577.8	13.7	9.6	426.2
52.3	16.2	49.9	13.7	4.8	426.2
3.5	14.9	30.1	13.7	4.4	426.2
1.7	16.0	148.0	13.8	5.5	426.2
0.3	17.5	448.1	13.8	9.2	426.2
22.3	18.3	379.2	13.8	8.6	426.2
1.2	16.5	188.6	13.8	8.2	426.2
0.2	18.1	551.0	13.8	9.6	426.2
0.0	19.7	620.7	13.8	10.7	426.2
0.2	21.4	619.7	13.9	11.7	426.2
0.1	21.0	484.8	13.9	11.1	426.2
0.0	22.1	487.9	13.9	11.4	426.2
0.0	24.7	578.3	13.9	11.3	426.2
13.7	24.8	527.1	13.9	10.9	426.2
3.6	23.7	349.4	13.9	8.6	426.2
37.6	24.1	388.4	13.9	9.0	425.2
46.1	19.9	16.0	14.0	7.6	425.2
7.0	16.6	80.4	14.0	6.7	425.2
10.3	18.5	297.9	14.0	8.8	425.2
9.1	14.8	71.1	14.0	5.8	425.2
0.2	19.6	608.7	14.0	9.8	425.2
0.2	23.1	581.5	14.0	11.6	425.2
0.3	24.9	501.2	14.0	11.0	425.2
12.8	26.1	548.3	14.0	10.4	425.2
10.4	25.4	128.4	14.0	7.8	425.2
18.9	25.6	292.0	14.0	8.8	425.2
7.0	26.0	431.4	14.1	9.5	425.2
25.8	23.2	192.5	14.1	12.4	425.2
0.3	21.2	532.2	14.1	9.9	425.2
0.1	24.6	605.6	14.1	11.8	425.2
1.1	24.6	441.0	14.1	10.4	425.2
1.3	20.2	112.3	14.1	7.3	425.2
0.3	19.0	405.1	14.1	8.9	425.2
0.0	18.6	601.3	14.1	9.3	425.2
0.0	20.8	611.7	14.1	9.4	425.2
0.0	24.2	485.3	14.1	11.2	425.2
0.6	25.5	379.0	14.1	9.1	425.2
0.3	26.7	330.4	14.1	8.2	425.2
29.7	25.3	207.6	14.1	7.5	425.2
37.4	23.7	21.0	14.1	3.2	425.2
33.9	22.6	29.2	14.1	6.5	425.2
0.6	22.5	234.8	14.1	8.4	425.2
0.6	22.0	216.2	14.1	6.1	425.2
50.6	23.0	82.5	14.1	6.2	425.2
3.7	22.6	114.0	14.1	7.1	425.2
0.7	21.7	333.8	14.1	7.7	422.3
0.0	22.7	414.1	14.0	8.4	422.3
42.6	20.7	95.2	14.0	5.4	422.3
19.0	21.0	44.0	14.0	5.1	422.3
1.6	18.8	197.1	14.0	7.2	422.3
1.1	18.3	304.8	14.0	7.9	422.3
0.1	21.4	564.9	14.0	9.9	422.3
0.2	23.4	536.0	14.0	10.4	422.3
0.1	22.5	221.1	14.0	8.2	422.3
0.1	20.1	222.1	14.0	7.8	422.3
0.1	21.5	337.4	14.0	7.6	422.3
1.5	23.1	559.0	14.0	9.1	422.3
7.4	24.3	245.5	13.9	8.7	422.3
14.5	24.3	204.1	13.9	6.6	422.3
1.3	26.5	446.3	13.9	9.2	422.3
23.7	25.3	188.5	13.9	7.2	422.3
14.3	24.7	59.6	13.9	4.4	422.3
3.7	26.8	406.8	13.9	9.2	422.3
18.5	26.4	447.4	13.8	10.0	422.3
15.2	26.1	389.9	13.8	8.9	422.3
14.6	26.1	352.3	13.8	10.8	422.3
21.5	26.2	458.1	13.8	8.9	422.3
21.4	25.8	280.5	13.8	7.9	422.3
13.1	26.4	403.1	13.8	10.0	422.3
3.2	27.5	588.8	13.7	11.3	422.3
0.0	27.7	582.7	13.7	11.2	422.3
0.0	28.3	593.8	13.7	11.1	422.3
0.0	28.9	595.5	13.7	11.4	422.3
0.0	28.9	587.9	13.7	11.7	422.3
0.0	28.4	425.7	13.6	10.8	422.3
0.0	29.4	588.6	13.6	11.8	422.3
3.1	29.3	587.7	13.6	11.1	420.0
0.0	29.2	596.3	13.6	12.5	420.0
0.0	28.8	590.9	13.6	11.0	420.0
0.0	28.3	588.0	13.5	11.6	420.0
0.0	27.8	586.7	13.5	11.4	420.0
0.0	27.9	587.1	13.5	11.5	420.0
0.0	27.6	581.3	13.5	11.3	420.0
0.0	27.1	580.0	13.4	10.9	420.0
0.0	27.0	567.6	13.4	10.7	420.0
0.3	26.9	264.9	13.4	7.7	420.0
0.7	26.7	121.0	13.4	6.4	420.0
18.4	26.2	386.4	13.3	7.8	420.0
9.6	26.8	462.5	13.3	10.0	420.0
3.0	27.1	491.0	13.3	9.6	420.0
4.0	27.3	526.8	13.3	9.7	420.0
9.0	27.5	450.6	13.2	9.4	420.0
3.9	27.2	408.1	13.2	10.0	420.0
7.7	27.0	397.1	13.2	9.7	420.0
15.1	26.2	258.3	13.2	8.5	420.0
23.2	22.1	68.8	13.1	6.7	420.0
35.6	21.0	36.5	13.1	3.0	420.0
1.2	21.9	55.0	13.1	4.0	420.0
0.6	21.7	265.4	13.0	7.2	420.0
0.8	22.2	451.9	13.0	9.0	420.0
0.0	25.8	545.5	13.0	9.8	420.0
4.1	26.6	528.8	13.0	10.1	420.0
0.1	27.8	528.3	12.9	10.3	420.0
0.0	28.2	531.2	12.9	10.4	420.0
0.0	28.2	519.6	12.9	10.9	420.0
9.5	26.5	495.9	12.8	10.1	420.0
19.0	25.5	371.1	12.8	7.8	420.0
11.2	25.3	258.9	12.8	7.5	419.6
18.0	25.7	343.7	12.8	8.2	419.6
17.4	25.7	351.0	12.7	8.7	419.6
14.5	25.8	289.5	12.7	7.9	419.6
13.4	24.8	186.3	12.7	6.8	419.6
10.6	24.8	263.0	12.6	6.8	419.6
24.1	24.5	291.9	12.6	8.0	419.6
7.7	24.1	406.3	12.6	7.9	419.6
0.0	23.1	484.4	12.6	9.1	419.6
0.1	23.7	503.0	12.5	9.4	419.6
0.0	23.4	439.6	12.5	8.2	419.6
1.7	24.9	355.1	12.5	7.7	419.6
9.4	24.4	359.3	12.4	6.5	419.6
6.7	24.0	218.1	12.4	6.4	419.6
11.1	24.8	405.1	12.4	7.9	419.6
11.9	24.5	365.0	12.3	7.8	419.6
6.5	24.5	434.7	12.3	9.1	419.6
0.6	22.2	214.9	12.3	7.0	419.6
0.2	21.9	291.1	12.3	6.7	419.6
0.3	22.4	267.4	12.2	6.9	419.6
0.5	24.5	332.7	12.2	7.4	419.6
0.5	25.4	372.2	12.2	7.7	419.6
0.3	26.0	396.4	12.1	7.8	419.6
0.2	22.0	159.8	12.1	6.2	419.6
0.0	23.0	444.7	12.1	7.5	419.6
0.3	24.6	409.0	12.0	8.0	419.6
1.2	23.6	147.4	12.0	5.2	419.6
1.0	24.3	268.6	12.0	6.5	419.6
0.7	24.2	152.1	12.0	5.9	419.6
1.7	24.6	95.6	11.9	5.0	419.6
4.6	24.2	50.4	11.9	5.0	420.0
1.9	17.8	22.9	11.9	6.5	420.0
0.0	17.7	353.7	11.8	5.2	420.0
4.2	18.3	265.7	11.8	5.7	420.0
2.7	15.4	54.1	11.8	1.9	420.0
0.0	18.0	206.0	11.7	5.5	420.0
0.1	18.7	215.2	11.7	5.2	420.0
0.1	17.2	223.8	11.7	5.3	420.0
0.0	15.6	399.6	11.7	5.4	420.0
0.2	16.4	401.1	11.6	5.5	420.0
0.0	15.4	413.5	11.6	5.9	420.0
0.0	14.3	426.4	11.6	6.6	420.0
0.0	15.6	303.4	11.5	6.0	420.0
0.0	16.5	414.1	11.5	7.3	420.0
0.0	17.6	406.5	11.5	7.8	420.0
0.0	18.3	406.4	11.4	8.0	420.0
0.0	18.8	395.0	11.4	7.7	420.0
0.0	18.9	387.9	11.4	7.4	420.0
0.0	17.6	385.9	11.4	7.1	420.0
0.0	19.1	382.3	11.3	6.9	420.0
0.0	19.0	355.3	11.3	6.9	420.0
0.0	17.8	339.6	11.3	7.0	420.0
0.0	17.2	381.9	11.2	7.3	420.0
0.0	17.6	376.9	11.2	7.4	420.0
0.0	17.8	379.0	11.2	7.2	420.0
0.0	17.7	374.4	11.2	6.5	420.0
0.0	18.5	361.3	11.1	6.5	420.0
0.0	17.4	358.2	11.1	6.4	420.0
0.0	15.6	358.8	11.1	6.1	420.0
0.0	16.3	353.3	11.0	6.6	420.0
0.0	16.5	366.5	11.0	6.2	420.0
0.0	15.7	363.2	11.0	6.7	422.0
0.0	15.0	364.2	11.0	6.9	422.0
0.0	17.0	358.3	10.9	6.9	422.0
0.0	15.3	349.4	10.9	5.8	422.0
0.8	16.9	331.6	10.9	5.9	422.0
0.5	15.4	192.9	10.9	5.5	422.0
0.0	11.7	344.9	10.8	4.4	422.0
0.0	12.0	330.4	10.8	4.9	422.0
0.0	13.8	320.0	10.8	5.2	422.0
0.0	15.8	308.9	10.8	5.5	422.0
0.0	15.6	318.5	10.7	5.6	422.0
0.0	15.4	316.3	10.7	5.4	422.0
0.0	14.9	311.3	10.7	5.3	422.0
0.0	15.8	311.5	10.7	5.6	422.0
0.0	17.1	304.5	10.6	5.9	422.0
0.0	11.1	309.4	10.6	3.7	422.0
0.0	11.5	295.2	10.6	4.5	422.0
0.0	16.8	281.1	10.6	5.8	422.0
0.9	18.4	164.9	10.6	4.6	422.0
4.7	11.6	41.0	10.5	4.8	422.0
0.0	6.7	314.5	10.5	3.4	422.0
0.0	8.6	316.6	10.5	4.4	422.0
0.0	5.9	308.2	10.5	3.6	422.0
0.0	6.5	307.1	10.5	3.9	422.0
0.0	9.6	241.6	10.4	4.4	422.0
0.0	6.8	308.0	10.4	3.6	422.0
0.0	9.9	277.1	10.4	3.9	422.0
0.6	14.6	254.8	10.4	5.2	422.0
3.2	14.6	28.7	10.4	2.9	422.0
0.4	14.5	64.7	10.4	2.5	422.0
6.6	12.9	162.3	10.3	5.4	424.2
0.3	8.4	263.2	10.3	2.9	424.2
0.0	7.3	160.6	10.3	3.2	424.2
0.0	6.5	282.7	10.3	3.2	424.2
0.0	7.8	272.4	10.3	3.5	424.2
0.0	3.1	294.1	10.3	2.5	424.2
0.0	3.4	290.3	10.3	3.0	424.2
0.0	2.8	290.0	10.3	3.1	424.2
0.0	5.6	291.9	10.2	3.7	424.2
0.0	11.8	272.4	10.2	4.8	424.2
0.2	14.5	198.4	10.2	4.4	424.2
3.1	7.5	41.2	10.2	3.7	424.2
0.0	2.0	277.6	10.2	2.4	424.2
0.0	0.9	288.3	10.2	2.4	424.2
0.0	2.4	289.4	10.2	3.0	424.2
0.0	2.1	285.2	10.2	3.0	424.2
0.0	3.5	259.9	10.2	3.3	424.2
0.0	1.8	281.6	10.2	2.4	424.2
0.0	0.7	285.0	10.2	2.7	424.2
0.0	3.8	280.2	10.2	3.3	424.2
0.0	4.1	283.5	10.2	3.1	424.2
0.0	6.4	281.0	10.2	3.7	424.2
0.0	7.4	263.2	10.2	3.9	424.2
0.0	5.9	282.1	10.2	3.8	424.2
0.0	7.4	271.0	10.2	4.1	424.2
0.0	8.9	272.0	10.2	4.9	424.2
0.0	12.4	273.5	10.2	5.3	424.2
2.3	13.5	221.6	10.2	4.9	424.2
0.1	9.1	241.9	10.2	3.8	424.2
1.3	5.9	208.0	10.2	4.4	424.2
0.0	-2.0	271.9	10.2	1.8	424.2
0.0	-2.9	144.6	10.2	1.3	426.3
0.9	1.4	129.6	10.2	2.0	426.3
2.8	2.3	65.2	10.2	1.7	426.3
8.1	3.2	28.6	10.2	1.2	426.3
7.6	4.7	43.6	10.3	1.8	426.3
5.0	5.7	16.2	10.3	0.9	426.3
18.6	6.8	55.7	10.3	1.6	426.3
0.9	7.9	73.7	10.3	2.0	426.3
11.2	9.5	32.6	10.3	1.9	426.3
1.1	8.4	154.5	10.3	2.5	426.3
25.5	5.5	16.1	10.3	2.5	426.3
20.2	-1.1	13.3	10.3	2.0	426.3
1.3	-5.1	225.0	10.4	1.3	426.3
0.5	-4.2	183.6	10.4	1.3	426.3
12.6	-3.0	37.5	10.4	1.1	426.3
0.0	-6.7	172.2	10.4	1.5	426.3
0.0	-6.3	280.1	10.4	1.6	426.3
0.0	-6.5	321.1	10.4	1.8	426.3
0.1	-4.5	239.8	10.5	2.0	426.3
0.0	-0.6	286.1	10.5	2.5	426.3
0.0	-0.9	322.7	10.5	2.0	426.3
0.0	0.5	320.0	10.5	3.2	426.3
0.0	-2.8	330.4	10.5	2.3	426.3
0.0	1.5	309.3	10.6	3.4	426.3
0.7	3.7	82.1	10.6	2.4	426.3
0.3	1.0	308.2	10.6	2.9	426.3
0.0	0.6	322.1	10.6	2.5	426.3
3.4	2.8	139.8	10.6	2.4	426.3
1.6	1.5	77.2	10.7	2.1	426.3
0.8	0.4	156.5	10.7	2.1	426.3
0.9	0.8	124.8	10.7	2.0	426.3
1.3	0.9	150.8	10.7	2.2	427.4
0.3	-1.3	128.8	10.8	1.9	427.4
0.0	-1.4	238.0	10.8	2.5	427.4
0.1	3.5	319.8	10.8	3.7	427.4
0.7	6.6	92.3	10.8	3.0	427.4
2.0	7.1	131.6	10.9	3.5	427.4
0.2	3.7	248.4	10.9	3.8	427.4
0.0	8.5	322.7	10.9	5.4	427.4
0.0	13.9	353.5	10.9	5.8	427.4
1.0	13.6	332.8	11.0	5.5	427.4
6.6	14.4	284.2	11.0	5.8	427.4
29.6	8.4	37.6	11.0	3.2	427.4
8.0	6.0	37.5	11.0	2.8	427.4
21.5	4.7	44.2	11.1	1.4	427.4
3.7	5.5	69.8	11.1	1.9	427.4
0.6	4.2	105.0	11.1	2.4	427.4
10.1	8.2	193.5	11.2	4.1	427.4
0.4	0.1	168.5	11.2	3.4	427.4
0.0	0.6	401.8	11.2	3.2	427.4
1.2	5.7	335.8	11.2	4.3	427.4
1.8	5.0	59.3	11.3	2.8	427.4
5.2	8.2	275.6	11.3	4.7	427.4
7.5	4.3	56.4	11.3	1.5	427.4
0.6	6.7	253.1	11.4	4.4	427.4
0.5	8.0	162.1	11.4	4.4	427.4
20.8	8.2	42.3	11.4	3.8	427.4
0.0	4.4	420.8	11.4	4.2	427.4
0.0	4.9	382.1	11.5	4.0	427.4
2.4	5.8	114.3	11.5	3.5	428.0
0.0	9.7	388.0	11.5	4.9	428.0
0.0	10.3	246.1	11.6	4.9	428.0
1.4	8.4	158.2	11.6	3.0	428.0
3.6	7.9	68.3	11.6	3.9	428.0
0.1	9.9	282.8	11.7	5.1	428.0
0.3	11.6	315.8	11.7	6.0	428.0
1.0	15.7	358.2	11.7	7.1	428.0
1.2	20.1	240.0	11.7	7.4	428.0
0.0	17.5	355.9	11.8	6.0	428.0
0.2	22.9	394.7	11.8	8.2	428.0
11.5	17.1	59.6	11.8	6.5	428.0
0.6	13.3	90.5	11.9	3.5	428.0
0.1	15.6	327.1	11.9	6.4	428.0
1.4	16.4	382.9	11.9	8.6	428.0
5.9	15.1	363.4	12.0	4.9	428.0
1.9	14.8	81.6	12.0	7.1	428.0
4.7	10.4	79.8	12.0	5.0	428.0
7.3	5.9	25.8	12.1	2.9	428.0
6.6	7.2	28.0	12.1	3.3	428.0
0.1	12.0	61.5	12.1	4.8	428.0
0.8	15.2	204.2	12.1	7.1	428.0
11.5	8.7	43.3	12.2	4.2	428.0
10.2	9.1	47.3	12.2	4.3	428.0
0.7	14.6	147.6	12.2	6.2	428.0
7.7	20.8	440.8	12.3	8.3	428.0
23.7	11.5	59.1	12.3	9.2	428.0
0.2	5.7	169.9	12.3	4.0	428.0
24.5	8.0	297.6	12.4	3.8	428.0
0.4	8.2	210.2	12.4	4.7	428.0
7.8	9.1	56.7	12.4	3.5	428.0
15.2	6.7	59.8	12.5	5.9	428.5
0.0	5.4	420.6	12.5	4.3	428.5
0.0	7.9	521.9	12.5	6.2	428.5
0.0	10.8	538.1	12.5	7.4	428.5
0.0	14.5	520.1	12.6	8.1	428.5
9.4	16.8	307.0	12.6	7.8	428.5
27.9	17.7	100.5	12.6	5.9	428.5
0.1	16.1	296.1	12.7	7.8	428.5
0.1	18.4	430.1	12.7	9.6	428.5
0.0	13.5	242.8	12.7	5.7	428.5
36.1	19.3	255.7	12.8	7.8	428.5
6.5	11.4	65.0	12.8	9.2	428.5
0.0	7.1	577.3	12.8	5.7	428.5
0.0	12.4	548.1	12.8	8.1	428.5
2.2	18.4	507.8	12.9	10.2	428.5
34.1	13.8	78.5	12.9	9.1	428.5
0.0	14.8	574.0	12.9	7.9	428.5
14.1	17.4	138.5	13.0	6.8	428.5
5.1	21.4	235.5	13.0	8.1	428.5
0.1	23.5	449.7	13.0	9.7	428.5
24.8	15.4	151.8	13.0	11.5	428.5
0.4	10.0	308.9	13.1	5.3	428.5
0.0	11.3	347.3	13.1	5.7	428.5
0.0	13.3	573.6	13.1	8.1	428.5
2.5	16.2	428.6	13.2	8.0	428.5
0.2	14.2	323.2	13.2	8.3	428.5
0.0	16.1	531.9	13.2	9.6	428.5
16.6	13.3	71.2	13.2	6.2	428.5
0.7	15.0	357.9	13.3	8.3	428.5
0.1	18.9	500.2	13.3	10.1	428.5
0.0	19.4	500.8	13.3	10.3	429.1
0.6	16.8	588.8	13.3	8.2	429.1
39.8	18.1	120.1	13.4	6.7	429.1
1.7	14.8	107.3	13.4	5.2	429.1
0.1	15.7	519.9	13.4	9.0	429.1
2.5	17.0	521.2	13.4	10.5	429.1
0.1	18.7	544.9	13.5	9.6	429.1
3.0	20.0	503.2	13.5	10.2	429.1
4.6	18.1	179.7	13.5	8.4	429.1
3.2	16.9	96.6	13.5	5.3	429.1
0.4	20.1	423.6	13.6	9.4	429.1
4.4	21.6	343.2	13.6	8.2	429.1
25.8	21.4	168.6	13.6	7.1	429.1
1.7	21.5	121.3	13.6	6.1	429.1
0.4	22.3	416.2	13.6	8.9	429.1
5.4	18.8	117.1	13.7	7.2	429.1
10.2	15.7	78.2	13.7	5.3	429.1
4.3	16.7	238.1	13.7	6.7	429.1
0.0	18.0	609.3	13.7	11.4	429.1
0.0	15.4	616.0	13.7	7.5	429.1
0.3	15.6	284.8	13.8	6.3	429.1
9.3	18.0	114.1	13.8	6.3	429.1
22.1	18.6	33.3	13.8	5.5	429.1
0.4	18.9	393.9	13.8	8.5	429.1
0.1	23.0	568.9	13.8	10.4	429.1
3.9	23.2	286.2	13.9	10.4	429.1
10.9	22.6	458.7	13.9	10.5	429.1
0.7	24.2	501.1	13.9	10.9	429.1
10.5	25.0	573.9	13.9	10.7	429.1
15.1	22.1	36.1	13.9	4.1	429.1
2.2	20.9	170.4	13.9	7.0	429.1
1.2	19.9	132.5	13.9	4.8	428.2
0.5	20.5	217.3	14.0	6.1	428.2
1.5	20.8	138.6	14.0	5.8	428.2
0.4	22.8	215.8	14.0	8.4	428.2
10.6	24.9	394.3	14.0	9.5	428.2
25.7	22.7	344.5	14.0	10.9	428.2
0.1	19.0	403.2	14.0	10.1	428.2
0.0	21.2	615.3	14.0	11.9	428.2
0.1	21.3	614.7	14.0	12.0	428.2
0.0	21.0	621.6	14.0	9.8	428.2
0.0	20.9	505.5	14.0	9.5	428.2
0.1	21.5	572.3	14.1	10.1	428.2
0.0	22.6	549.5	14.1	10.5	428.2
22.8	21.7	148.1	14.1	7.5	428.2
0.1	21.4	348.9	14.1	8.4	428.2
0.1	21.3	375.8	14.1	10.5	428.2
0.5	23.3	634.9	14.1	12.6	428.2
0.0	24.3	478.3	14.1	10.0	428.2
3.4	23.5	476.7	14.1	9.0	428.2
1.8	24.2	446.0	14.1	9.8	428.2
0.9	26.0	517.0	14.1	10.4	428.2
15.8	23.2	160.8	14.1	7.5	428.2
0.1	23.9	503.6	14.1	10.4	428.2
0.0	26.0	462.9	14.1	9.4	428.2
11.0	25.1	285.1	14.1	9.4	428.2
10.5	24.6	90.5	14.1	6.0	428.2
2.0	23.1	42.5	14.1	5.8	428.2
1.5	21.6	76.3	14.1	5.4	428.2
1.1	20.2	77.8	14.1	6.7	428.2
0.3	23.2	369.5	14.1	8.7	428.2
26.9	22.9	59.7	14.1	5.1	425.2
7.5	22.8	73.9	14.1	4.9	425.2
0.6	25.1	346.3	14.0	8.8	425.2
11.6	25.6	273.4	14.0	10.0	425.2
12.2	26.0	464.4	14.0	10.0	425.2
10.7	26.0	488.4	14.0	10.3	425.2
8.4	26.1	555.2	14.0	11.1	425.2
4.8	26.1	570.1	14.0	9.8	425.2
7.2	25.3	335.4	14.0	8.4	425.2
22.4	25.5	335.9	14.0	8.3	425.2
24.0	26.2	372.7	14.0	9.1	425.2
41.2	25.7	408.0	14.0	9.3	425.2
8.2	26.3	520.7	13.9	10.0	425.2
7.0	26.1	453.3	13.9	9.7	425.2
0.1	26.3	599.1	13.9	10.4	425.2
5.8	25.7	552.6	13.9	9.3	425.2
11.2	25.5	408.8	13.9	9.4	425.2
11.7	25.9	435.4	13.9	9.3	425.2
9.4	25.6	454.8	13.9	9.1	425.2
0.1	25.7	533.9	13.8	9.2	425.2
0.6	25.4	469.5	13.8	9.8	425.2
0.8	25.7	513.2	13.8	9.4	425.2
1.3	25.5	361.9	13.8	7.8	425.2
0.4	25.8	404.0	13.8	9.0	425.2
0.8	25.6	141.1	13.7	6.0	425.2
0.9	25.5	168.5	13.7	6.1	425.2
0.3	25.7	336.1	13.7	8.8	425.2
0.4	26.3	558.1	13.7	10.1	425.2
0.6	27.2	513.1	13.7	9.8	425.2
10.6	26.4	524.0	13.6	10.9	425.2
4.0	25.6	263.4	13.6	7.8	425.2
19.9	25.7	345.4	13.6	8.3	422.9
19.5	26.3	407.6	13.6	9.1	422.9
9.3	26.7	328.5	13.6	9.3	422.9
12.7	26.2	438.6	13.5	8.4	422.9
5.6	24.7	315.7	13.5	8.0	422.9
3.3	23.6	165.1	13.5	5.8	422.9
5.2	24.0	196.6	13.5	6.6	422.9
9.0	25.2	356.1	13.4	7.9	422.9
10.0	25.7	434.0	13.4	9.0	422.9
13.5	25.9	472.4	13.4	8.9	422.9
2.3	25.7	429.9	13.4	9.0	422.9
0.7	26.2	495.3	13.3	9.1	422.9
10.8	26.1	513.1	13.3	8.9	422.9
13.4	25.2	338.4	13.3	9.3	422.9
20.7	24.0	244.4	13.3	6.5	422.9
17.4	24.1	295.1	13.2	7.6	422.9
19.1	24.4	420.4	13.2	7.9	422.9
22.0	24.5	413.8	13.2	8.2	422.9
0.0	24.1	350.8	13.2	8.2	422.9
0.1	24.5	486.5	13.1	9.3	422.9
0.0	24.9	544.0	13.1	9.5	422.9
0.3	25.3	520.0	13.1	9.4	422.9
0.2	25.1	548.7	13.1	9.6	422.9
0.4	25.7	505.0	13.0	9.5	422.9
0.3	25.9	503.9	13.0	9.1	422.9
0.1	26.7	381.8	13.0	8.6	422.9
4.2	26.7	470.4	12.9	10.4	422.9
13.5	25.7	432.5	12.9	8.7	422.9
0.8	24.1	268.7	12.9	8.8	422.9
0.0	24.4	463.6	12.9	8.5	422.9
1.3	25.7	465.6	12.8	8.6	422.9
8.6	25.1	465.7	12.8	9.3	422.6
0.6	25.3	384.3	12.8	7.5	422.6
10.4	24.9	284.7	12.7	7.4	422.6
4.2	24.8	306.7	12.7	7.9	422.6
0.9	25.4	399.7	12.7	8.2	422.6
0.6	25.3	438.3	12.7	7.3	422.6
0.0	24.3	508.5	12.6	8.5	422.6
0.1	24.9	512.6	12.6	10.0	422.6
0.0	24.8	507.5	12.6	10.4	422.6
0.0	24.9	503.4	12.5	11.2	422.6
0.1	24.8	476.0	12.5	11.5	422.6
0.0	25.2	341.9	12.5	9.8	422.6
0.0	25.1	479.0	12.4	9.3	422.6
0.0	25.0	487.9	12.4	10.6	422.6
0.0	26.4	400.5	12.4	9.6	422.6
0.0	25.8	216.1	12.4	7.0	422.6
0.0	25.0	156.2	12.3	6.8	422.6
0.0	23.8	252.9	12.3	6.8	422.6
0.0	24.5	449.9	12.3	8.9	422.6
0.0	24.9	415.0	12.2	7.8	422.6
0.0	24.6	249.6	12.2	8.7	422.6
0.0	21.5	475.1	12.2	9.2	422.6
0.0	23.2	477.3	12.1	9.3	422.6
0.0	24.6	453.2	12.1	9.4	422.6
0.0	25.8	452.4	12.1	9.5	422.6
0.0	24.9	436.8	12.1	8.8	422.6
0.0	21.4	135.4	12.0	5.2	422.6
0.0	18.7	95.1	12.0	4.8	422.6
0.0	17.4	111.7	12.0	5.8	422.6
0.0	18.8	460.5	11.9	8.2	422.6
0.0	19.8	458.3	11.9	8.6	423.0
0.0	20.0	456.3	11.9	8.6	423.0
0.0	20.1	447.1	11.8	8.8	423.0
0.0	21.4	428.0	11.8	8.4	423.0
0.0	21.6	228.4	11.8	7.4	423.0
0.0	23.2	360.9	11.8	7.5	423.0
0.0	18.9	415.4	11.7	7.7	423.0
0.0	15.4	441.0	11.7	7.2	423.0
0.0	17.1	437.2	11.7	7.4	423.0
0.0	18.0	422.8	11.6	7.7	423.0
0.0	18.6	416.8	11.6	8.1	423.0
0.0	18.8	421.9	11.6	8.4	423.0
0.0	19.3	419.3	11.5	8.7	423.0
0.0	15.3	427.7	11.5	7.5	423.0
0.0	17.6	417.6	11.5	7.5	423.0
0.0	20.5	398.7	11.5	7.5	423.0
0.0	23.7	386.3	11.4	7.8	423.0
0.7	24.9	340.7	11.4	7.1	423.0
4.3	19.8	49.8	11.4	5.6	423.0
40.2	14.5	16.9	11.3	3.8	423.0
0.3	10.6	89.1	11.3	4.2	423.0
0.0	9.5	392.0	11.3	4.3	423.0
0.0	12.1	316.9	11.3	5.1	423.0
0.1	14.4	157.0	11.2	4.3	423.0
0.0	17.3	261.6	11.2	5.0	423.0
0.1	18.8	245.9	11.2	5.7	423.0
0.6	18.8	255.1	11.1	6.0	423.0
0.0	17.0	337.1	11.1	4.8	423.0
0.0	16.5	289.9	11.1	6.2	423.0
0.1	18.3	351.8	11.1	6.3	423.0
0.7	20.6	305.5	11.0	6.5	423.0
3.6	16.5	35.6	11.0	4.8	425.0
0.5	15.0	305.6	11.0	4.0	425.0
8.1	14.8	96.8	10.9	3.4	425.0
0.8	14.0	48.3	10.9	2.4	425.0
0.1	13.2	290.0	10.9	4.2	425.0
0.0	11.5	339.5	10.9	4.6	425.0
0.0	12.4	331.8	10.8	4.5	425.0
0.7	16.1	254.4	10.8	5.4	425.0
0.1	13.2	230.9	10.8	5.0	425.0
0.0	14.0	286.2	10.8	5.2	425.0
0.0	18.5	312.7	10.7	6.0	425.0
8.6	20.6	231.0	10.7	5.6	425.0
5.5	7.6	20.8	10.7	5.2	425.0
0.0	6.9	271.6	10.7	2.7	425.0
0.0	7.9	271.8	10.7	3.6	425.0
1.0	12.6	305.2	10.6	4.6	425.0
10.7	12.6	76.4	10.6	2.8	425.0
3.7	7.7	12.7	10.6	3.0	425.0
0.1	6.2	35.9	10.6	1.5	425.0
0.1	7.5	192.4	10.5	3.3	425.0
0.0	8.7	313.8	10.5	4.1	425.0
10.7	11.2	155.6	10.5	3.2	425.0
7.0	10.7	43.0	10.5	2.4	425.0
0.0	7.5	298.9	10.5	3.6	425.0
0.0	7.2	306.4	10.4	3.5	425.0
0.2	6.6	245.7	10.4	3.5	425.0
0.0	9.2	209.1	10.4	3.8	425.0
0.0	2.1	302.0	10.4	2.7	425.0
0.3	4.3	249.5	10.4	2.7	425.0
0.6	5.1	91.5	10.4	2.6	425.0
0.1	7.3	286.6	10.3	3.7	427.1
0.1	8.4	208.7	10.3	3.2	427.1
0.0	13.1	154.6	10.3	4.0	427.1
0.3	14.6	84.5	10.3	3.8	427.1
0.2	12.1	108.1	10.3	2.3	427.1
5.1	6.1	115.3	10.3	5.1	427.1
0.0	-0.2	294.5	10.3	1.7	427.1
0.0	2.7	289.8	10.3	3.1	427.1
0.0	4.1	273.2	10.2	3.3	427.1
0.0	2.5	247.3	10.2	2.1	427.1
5.9	6.5	142.8	10.2	2.7	427.1
6.7	6.6	28.1	10.2	1.7	427.1
0.9	5.9	78.8	10.2	1.4	427.1
0.8	8.8	106.0	10.2	2.7	427.1
0.7	9.3	98.7	10.2	2.7	427.1
0.6	8.4	95.2	10.2	2.8	427.1
0.5	7.5	134.0	10.2	2.9	427.1
1.4	3.4	69.5	10.2	2.7	427.1
0.0	-2.5	271.3	10.2	1.3	427.1
0.0	-1.6	279.1	10.2	1.8	427.1
0.0	2.0	250.6	10.2	2.6	427.1
0.1	1.6	277.0	10.2	3.0	427.1
0.0	2.7	268.3	10.2	3.2	427.1
0.0	2.9	117.1	10.2	2.4	427.1
0.1	0.4	111.7	10.2	1.6	427.1
0.0	0.4	82.4	10.2	1.5	427.1
0.0	-0.2	276.7	10.2	2.3	427.1
0.0	-1.3	284.7	10.2	2.2	427.1
0.0	-0.9	153.9	10.2	1.7	427.1
0.9	1.2	113.8	10.2	1.9	427.1
0.6	0.9	87.2	10.2	1.6	427.1
0.2	-0.1	121.2	10.2	2.0	429.2
0.0	-1.5	266.2	10.2	1.9	429.2
0.0	1.0	238.7	10.2	2.5	429.2
0.0	-0.8	293.7	10.2	2.5	429.2
2.5	3.1	284.2	10.3	3.1	429.2
0.4	4.5	133.4	10.3	2.8	429.2
1.9	8.4	117.2	10.3	3.6	429.2
0.0	3.1	253.0	10.3	3.2	429.2
0.0	4.5	291.9	10.3	3.2	429.2
3.7	8.3	135.2	10.3	3.6	429.2
14.9	6.0	108.6	10.3	2.1	429.2
4.8	0.7	32.4	10.3	2.2	429.2
0.0	-2.0	301.9	10.3	1.7	429.2
0.0	-0.9	266.7	10.4	2.6	429.2
0.0	1.1	207.6	10.4	2.5	429.2
0.0	-2.1	238.2	10.4	2.2	429.2
0.0	-0.5	130.1	10.4	1.9	429.2
0.2	1.2	284.8	10.4	2.7	429.2
0.0	-2.5	305.9	10.4	1.9	429.2
0.0	-1.8	324.9	10.5	2.3	429.2
0.0	2.1	315.9	10.5	3.5	429.2
3.5	4.7	97.0	10.5	2.8	429.2
0.1	2.0	120.3	10.5	2.8	429.2
0.0	5.5	312.8	10.5	4.4	429.2
0.0	3.3	322.2	10.6	3.6	429.2
0.0	1.9	337.3	10.6	2.6	429.2
0.0	7.2	327.4	10.6	4.5	429.2
0.0	6.2	328.9	10.6	4.4	429.2
5.9	11.9	265.5	10.7	5.8	429.2
0.9	8.2	115.6	10.7	4.5	429.2
0.4	2.0	214.6	10.7	1.6	429.2
0.4	3.5	91.0	10.7	2.1	430.4
0.0	0.2	130.6	10.8	3.2	430.4
0.0	-3.0	357.7	10.8	2.4	430.4
0.0	-4.6	365.9	10.8	2.1	430.4
0.0	-2.0	366.2	10.8	2.9	430.4
11.8	7.0	277.9	10.9	4.6	430.4
0.3	2.5	71.3	10.9	3.3	430.4
6.1	-2.4	68.3	10.9	1.8	430.4
0.0	-3.1	363.4	10.9	2.1	430.4
0.0	-2.5	381.2	11.0	2.2	430.4
0.0	-2.7	382.9	11.0	2.4	430.4
0.0	-0.1	388.5	11.0	3.5	430.4
0.0	2.3	379.5	11.0	4.5	430.4
0.0	-0.9	317.1	11.1	3.3	430.4
0.0	-0.7	375.9	11.1	3.0	430.4
0.0	0.4	275.4	11.1	3.1	430.4
0.0	3.0	403.3	11.2	3.2	430.4
0.0	9.9	400.7	11.2	6.0	430.4
0.0	12.3	405.0	11.2	6.7	430.4
4.2	14.6	324.9	11.2	7.6	430.4
0.0	9.5	239.3	11.3	5.2	430.4
0.0	3.8	407.7	11.3	4.5	430.4
0.0	1.8	429.1	11.3	3.8	430.4
0.0	6.9	417.4	11.4	6.1	430.4
0.0	13.4	402.1	11.4	7.6	430.4
6.3	12.6	92.2	11.4	5.4	430.4
1.6	10.4	80.6	11.4	3.6	430.4
10.7	11.1	130.1	11.5	5.0	430.4
34.2	7.8	27.3	11.5	2.3	430.4
0.7	9.5	175.5	11.5	3.8	431.0
0.0	8.2	322.6	11.6	4.3	431.0
0.0	8.0	378.2	11.6	4.5	431.0
0.0	10.0	428.5	11.6	5.9	431.0
0.0	5.0	453.2	11.7	4.7	431.0
0.0	4.6	456.6	11.7	4.7	431.0
0.0	7.8	462.6	11.7	6.2	431.0
0.0	14.9	457.5	11.7	8.6	431.0
2.7	18.2	433.8	11.8	8.8	431.0
4.5	13.3	40.5	11.8	2.9	431.0
12.9	17.4	202.5	11.8	7.8	431.0
14.0	1.7	46.0	11.9	5.8	431.0
0.0	2.2	472.2	11.9	3.9	431.0
2.8	7.6	464.2	11.9	5.6	431.0
4.6	10.6	47.1	12.0	4.5	431.0
65.7	10.1	63.2	12.0	7.4	431.0
36.1	2.9	40.0	12.0	2.1	431.0
23.8	4.6	36.8	12.0	2.4	431.0
3.8	4.7	190.6	12.1	2.9	431.0
0.3	7.9	326.6	12.1	5.7	431.0
6.9	13.0	317.4	12.1	6.8	431.0
0.2	18.6	276.9	12.2	7.5	431.0
8.9	13.8	366.7	12.2	10.6	431.0
0.0	8.9	408.9	12.2	5.3	431.0
65.3	9.7	58.0	12.3	3.4	431.0
12.0	16.2	56.9	12.3	7.6	431.0
5.2	16.0	58.6	12.3	5.7	431.0
13.4	14.4	55.3	12.4	5.4	431.0
8.7	20.8	347.8	12.4	10.1	431.0
37.9	5.5	49.5	12.4	6.7	431.0
1.2	3.6	80.0	12.4	2.4	431.0
49.8	7.1	51.1	12.5	3.6	431.5
24.4	8.6	49.3	12.5	2.5	431.5
22.0	9.5	20.1	12.5	2.1	431.5
32.2	7.8	30.6	12.6	3.2	431.5
41.6	8.2	37.2	12.6	3.3	431.5
18.8	11.6	93.3	12.6	4.7	431.5
8.2	8.7	36.8	12.7	3.9	431.5
28.8	12.2	239.9	12.7	5.9	431.5
40.9	16.3	62.9	12.7	6.9	431.5
4.9	7.3	102.1	12.7	6.7	431.5
0.0	8.5	558.6	12.8	6.2	431.5
2.1	13.3	520.1	12.8	7.7	431.5
1.0	13.5	223.8	12.8	7.4	431.5
0.0	14.0	550.0	12.9	7.6	431.5
1.1	17.3	512.9	12.9	9.1	431.5
62.6	16.8	61.1	12.9	5.9	431.5
2.2	16.5	46.7	12.9	6.2	431.5
5.7	13.5	56.9	13.0	3.8	431.5
1.0	14.6	149.8	13.0	5.4	431.5
5.9	11.7	85.6	13.0	6.6	431.5
4.5	6.1	79.1	13.1	3.4	431.5
0.0	6.5	231.5	13.1	4.1	431.5
0.0	11.1	465.9	13.1	6.8	431.5
1.3	16.7	347.2	13.1	8.3	431.5
1.0	21.7	241.3	13.2	7.1	431.5
7.8	18.0	126.2	13.2	10.5	431.5
1.1	15.8	157.3	13.2	6.3	431.5
5.5	18.7	353.5	13.3	13.9	431.5
11.8	10.5	80.1	13.3	3.8	431.5
1.6	14.3	119.1	13.3	6.8	431.5
4.0	17.8	66.8	13.3	6.0	432.1
11.1	22.5	326.7	13.4	8.9	432.1
8.8	20.4	119.7	13.4	8.8	432.1
14.9	19.6	218.7	13.4	7.4	432.1
6.0	20.2	72.7	13.4	5.9	432.1
7.1	22.9	159.0	13.5	7.3	432.1
3.3	18.0	213.2	13.5	7.9	432.1
37.7	16.3	70.6	13.5	4.1	432.1
9.1	18.7	359.6	13.5	7.9	432.1
27.0	19.4	71.3	13.5	5.3	432.1
4.1	19.1	232.4	13.6	5.6	432.1
0.9	19.8	334.6	13.6	7.5	432.1
13.6	20.0	70.5	13.6	3.6	432.1
1.2	21.1	162.6	13.6	6.6	432.1
0.2	23.0	554.8	13.7	10.0	432.1
0.6	23.4	577.0	13.7	12.4	432.1
4.0	23.2	450.1	13.7	10.4	432.1
4.6	21.4	48.7	13.7	5.1	432.1
1.5	21.7	166.8	13.7	6.6	432.1
0.1	22.1	504.8	13.8	9.9	432.1
0.3	21.8	391.2	13.8	9.2	432.1
18.2	23.1	189.2	13.8	7.6	432.1
1.2	22.5	219.6	13.8	7.8	432.1
0.5	24.2	262.8	13.8	9.3	432.1
38.2	22.1	261.6	13.8	10.9	432.1
0.4	18.4	227.1	13.9	9.3	432.1
0.1	21.6	565.2	13.9	9.8	432.1
4.3	23.2	156.1	13.9	8.5	432.1
5.8	21.9	66.7	13.9	8.8	432.1
30.5	17.8	47.7	13.9	3.6	432.1
0.0	19.0	263.5	13.9	8.2	432.1
0.1	20.1	427.8	14.0	9.0	431.1
0.0	20.6	342.7	14.0	9.4	431.1
0.7	16.4	215.3	14.0	6.9	431.1
1.1	13.2	83.0	14.0	5.3	431.1
0.1	18.1	613.7	14.0	9.3	431.1
0.0	21.0	431.2	14.0	10.1	431.1
0.1	20.1	92.7	14.0	6.8	431.1
1.0	19.4	311.3	14.0	8.8	431.1
0.2	21.3	596.6	14.0	10.2	431.1
0.2	21.7	626.7	14.0	10.7	431.1
0.0	21.6	643.8	14.1	10.9	431.1
0.0	23.2	630.5	14.1	11.0	431.1
0.5	24.0	486.5	14.1	11.3	431.1
1.2	22.9	194.2	14.1	6.9	431.1
2.6	24.9	549.1	14.1	10.1	431.1
5.6	23.9	99.6	14.1	6.2	431.1
0.0	25.7	442.4	14.1	8.8	431.1
0.5	25.1	222.1	14.1	8.2	431.1
0.3	25.6	506.6	14.1	9.8	431.1
0.1	25.6	576.9	14.1	10.2	431.1
1.4	26.1	432.8	14.1	9.4	431.1
3.6	26.5	518.7	14.1	9.8	431.1
25.8	24.1	71.3	14.1	4.6	431.1
0.1	23.5	347.7	14.1	7.8	431.1
33.8	22.9	115.0	14.1	7.0	431.1
12.9	23.4	132.6	14.1	5.6	431.1
58.1	23.7	350.8	14.1	6.7	431.1
8.2	23.6	126.2	14.1	6.1	431.1
9.4	25.0	426.0	14.1	9.0	431.1
10.1	25.0	282.3	14.1	8.3	431.1
8.2	26.4	444.0	14.1	9.7	428.2
6.8	26.7	502.1	14.0	9.5	428.2
6.6	26.7	414.1	14.0	8.8	428.2
9.7	25.6	123.9	14.0	6.2	428.2
14.7	25.2	131.1	14.0	7.3	428.2
0.1	25.5	442.9	14.0	9.9	428.2
1.3	26.6	524.8	14.0	11.2	428.2
5.5	26.8	580.2	14.0	10.3	428.2
5.2	26.1	436.8	14.0	11.2	428.2
13.4	26.3	426.4	14.0	8.9	428.2
20.8	26.5	458.6	14.0	9.8	428.2
22.3	26.3	419.2	13.9	9.0	428.2
12.6	25.4	213.9	13.9	8.6	428.2
8.7	26.5	274.1	13.9	9.3	428.2
0.0	27.7	599.5	13.9	10.8	428.2
2.2	28.3	585.4	13.9	10.7	428.2
6.5	27.5	501.7	13.9	10.0	428.2
37.2	26.3	461.2	13.9	9.0	428.2
29.6	24.6	224.4	13.8	8.4	428.2
0.4	25.1	269.2	13.8	8.6	428.2
36.4	23.6	160.6	13.8	6.5	428.2
29.9	22.7	55.8	13.8	2.6	428.2
2.1	23.4	84.3	13.8	4.9	428.2
2.0	24.3	233.1	13.8	7.3	428.2
0.1	24.0	240.3	13.7	7.6	428.2
0.1	24.5	347.4	13.7	9.4	428.2
0.1	25.0	271.7	13.7	8.0	428.2
0.1	26.3	432.0	13.7	9.9	428.2
11.8	26.8	400.5	13.7	8.8	428.2
16.9	24.9	158.2	13.6	7.9	428.2
7.0	26.4	522.4	13.6	9.9	428.2
8.0	27.2	524.8	13.6	10.4	425.9
0.1	27.7	543.6	13.6	10.1	425.9
1.2	27.6	442.6	13.5	8.9	425.9
1.2	27.1	431.2	13.5	8.6	425.9
1.3	27.0	339.2	13.5	8.7	425.9
1.7	27.7	381.5	13.5	9.8	425.9
12.4	27.5	433.2	13.4	9.3	425.9
9.9	27.4	411.6	13.4	8.5	425.9
0.9	28.2	439.7	13.4	9.7	425.9
0.1	28.9	534.5	13.4	9.9	425.9
7.2	28.5	504.0	13.3	10.4	425.9
7.8	27.7	292.1	13.3	8.8	425.9
8.8	26.3	138.0	13.3	8.2	425.9
8.8	26.4	471.2	13.3	8.0	425.9
0.1	25.7	365.0	13.2	8.9	425.9
0.0	23.2	122.2	13.2	7.2	425.9
0.0	21.7	221.0	13.2	6.6	425.9
0.2	23.5	521.2	13.2	9.4	425.9
0.0	25.4	532.4	13.1	9.5	425.9
10.5	25.1	434.3	13.1	9.4	425.9
4.2	25.0	375.9	13.1	8.4	425.9
1.0	25.8	452.4	13.1	9.0	425.9
7.2	25.8	412.8	13.0	9.3	425.9
7.0	25.5	386.2	13.0	9.1	425.9
0.2	24.7	394.2	13.0	9.4	425.9
0.1	26.1	535.0	12.9	9.5	425.9
0.2	26.9	506.1	12.9	9.5	425.9
0.1	27.6	519.7	12.9	10.3	425.9
10.6	24.6	469.4	12.9	10.4	425.9
0.0	21.7	465.6	12.8	8.6	425.9
0.0	20.5	548.4	12.8	8.3	425.9
0.0	21.8	541.9	12.8	9.2	425.6
0.0	22.4	510.7	12.7	9.8	425.6
0.0	22.4	537.2	12.7	10.0	425.6
0.0	23.4	531.4	12.7	10.7	425.6
0.0	23.7	536.4	12.7	10.0	425.6
0.0	22.7	537.4	12.6	9.4	425.6
0.0	24.4	438.8	12.6	11.4	425.6
0.0	24.0	209.4	12.6	9.8	425.6
0.0	25.8	505.5	12.5	11.9	425.6
0.0	24.7	512.3	12.5	10.9	425.6
0.0	24.8	502.7	12.5	11.0	425.6
0.0	25.4	488.5	12.5	10.2	425.6
0.0	24.0	342.6	12.4	9.9	425.6
0.0	24.3	439.9	12.4	8.6	425.6
7.7	25.0	426.1	12.4	9.2	425.6
0.7	24.8	395.2	12.3	8.5	425.6
0.1	22.7	450.4	12.3	8.2	425.6
0.6	23.8	133.0	12.3	6.6	425.6
0.3	23.9	111.6	12.2	5.3	425.6
0.0	23.8	349.5	12.2	8.5	425.6
0.0	25.4	368.1	12.2	8.4	425.6
6.9	24.7	298.9	12.2	8.0	425.6
0.2	22.1	116.5	12.1	5.2	425.6
0.0	22.5	208.4	12.1	6.9	425.6
0.0	23.7	406.8	12.1	8.5	425.6
0.0	23.6	400.5	12.0	10.1	425.6
0.0	16.6	476.7	12.0	7.4	425.6
0.0	16.4	476.8	12.0	8.0	425.6
0.0	18.1	464.6	11.9	8.8	425.6
0.0	19.4	438.3	11.9	8.9	425.6
0.0	21.6	391.1	11.9	8.1	426.0
0.0	22.2	432.4	11.8	8.6	426.0
0.0	22.7	361.2	11.8	8.2	426.0
0.0	21.8	225.2	11.8	6.3	426.0
0.0	21.6	262.8	11.8	6.2	426.0
0.0	20.9	220.6	11.7	5.8	426.0
0.0	21.6	298.7	11.7	6.7	426.0
0.0	22.0	409.9	11.7	7.9	426.0
0.0	23.6	301.2	11.6	7.6	426.0
0.0	21.2	321.1	11.6	7.8	426.0
0.0	18.4	419.7	11.6	7.0	426.0
0.0	18.0	409.1	11.5	7.7	426.0
0.0	19.1	409.9	11.5	7.7	426.0
1.1	19.6	395.8	11.5	7.3	426.0
0.0	14.8	397.0	11.5	6.0	426.0
0.0	14.1	419.2	11.4	6.9	426.0
0.0	15.6	413.0	11.4	7.5	426.0
0.0	16.8	403.0	11.4	7.5	426.0
0.0	17.8	397.5	11.3	7.1	426.0
0.0	17.1	391.3	11.3	7.3	426.0
0.0	15.4	381.4	11.3	6.4	426.0
0.0	16.1	384.7	11.3	6.7	426.0
0.0	17.5	375.2	11.2	7.2	426.0
0.0	18.5	373.2	11.2	7.5	426.0
0.0	19.5	369.3	11.2	7.2	426.0
0.0	20.8	354.1	11.1	7.0	426.0
0.5	21.5	334.2	11.1	6.4	426.0
5.1	20.1	103.5	11.1	4.9	426.0
0.0	16.3	295.6	11.1	5.3	426.0
0.0	13.5	334.2	11.0	5.0	426.0
0.0	13.0	359.1	11.0	5.3	426.0
0.0	13.5	338.6	11.0	5.2	427.9
0.0	13.6	348.1	11.0	5.7	427.9
0.0	14.3	348.4	10.9	6.0	427.9
0.0	17.8	342.7	10.9	6.8	427.9
0.0	20.3	329.1	10.9	6.5	427.9
0.1	20.9	220.4	10.9	5.7	427.9
8.4	19.7	220.7	10.8	5.4	427.9
14.7	19.0	197.2	10.8	4.3	427.9
26.8	16.9	29.0	10.8	3.4	427.9
1.8	12.5	79.9	10.8	3.3	427.9
0.7	9.1	181.2	10.7	3.2	427.9
10.2	4.4	41.1	10.7	2.3	427.9
0.0	3.3	337.0	10.7	3.0	427.9
0.0	2.5	335.0	10.7	2.3	427.9
0.1	5.0	313.1	10.6	3.2	427.9
8.2	8.9	275.6	10.6	4.0	427.9
0.2	5.3	104.0	10.6	2.9	427.9
0.1	7.2	278.5	10.6	4.2	427.9
0.0	10.9	318.5	10.5	4.4	427.9
1.7	14.8	279.5	10.5	4.9	427.9
2.3	13.2	27.4	10.5	3.4	427.9
0.8	11.8	163.3	10.5	3.6	427.9
0.0	13.0	297.4	10.5	4.1	427.9
0.2	14.7	185.4	10.5	4.3	427.9
0.6	13.9	140.1	10.4	3.1	427.9
0.1	14.1	125.7	10.4	3.4	427.9
0.2	15.7	215.0	10.4	4.6	427.9
30.5	7.7	38.0	10.4	4.3	427.9
3.4	0.3	44.3	10.4	1.8	427.9
0.0	-1.3	289.6	10.4	2.0	427.9
0.1	-1.0	299.9	10.3	2.2	430.1
0.0	0.7	248.4	10.3	2.6	430.1
0.1	3.0	245.6	10.3	3.3	430.1
0.5	7.9	255.0	10.3	3.9	430.1
0.3	10.4	88.1	10.3	2.7	430.1
0.0	11.3	223.8	10.3	4.0	430.1
0.4	11.0	127.6	10.3	3.1	430.1
0.4	8.9	120.9	10.3	2.6	430.1
0.3	6.3	126.5	10.2	2.9	430.1
0.1	7.7	255.2	10.2	4.0	430.1
0.1	11.2	187.9	10.2	4.0	430.1
0.0	14.0	83.0	10.2	3.5	430.1
0.1	17.6	157.7	10.2	4.4	430.1
0.3	11.9	138.2	10.2	4.3	430.1
0.3	9.8	101.8	10.2	2.1	430.1
1.6	14.2	251.5	10.2	5.2	430.1
2.7	3.9	59.3	10.2	2.1	430.1
0.2	3.6	177.6	10.2	1.8	430.1
1.4	10.6	159.2	10.2	3.5	430.1
14.3	4.8	16.9	10.2	3.2	430.1
0.3	2.0	222.7	10.2	2.6	430.1
0.1	4.4	226.5	10.2	3.3	430.1
0.6	11.7	201.1	10.2	4.3	430.1
8.0	7.4	26.3	10.2	4.1	430.1
0.0	-2.1	102.6	10.2	1.7	430.1
1.8	-1.2	268.8	10.2	1.8	430.1
0.7	-1.3	45.6	10.2	1.4	430.1
2.2	0.7	70.0	10.2	1.8	430.1
3.1	2.6	45.7	10.2	1.4	430.1
0.3	-0.2	40.7	10.2	1.9	430.1
0.0	-3.7	276.1	10.2	1.7	430.1
0.0	-3.8	290.0	10.2	1.9	432.2
0.0	-1.1	253.8	10.2	2.3	432.2
0.0	2.8	246.5	10.2	2.7	432.2
0.0	1.3	286.7	10.2	2.4	432.2
0.0	4.5	290.4	10.3	2.9	432.2
0.0	2.1	293.6	10.3	2.6	432.2
0.0	2.7	289.8	10.3	3.2	432.2
0.0	5.8	247.3	10.3	3.9	432.2
0.0	9.4	293.5	10.3	4.5	432.2
0.1	8.3	280.5	10.3	4.5	432.2
2.3	5.6	139.3	10.3	2.7	432.2
0.0	1.7	255.3	10.3	2.8	432.2
0.0	2.5	298.3	10.4	2.7	432.2
0.0	5.6	279.4	10.4	3.9	432.2
0.2	7.5	299.8	10.4	4.3	432.2
0.0	5.0	279.9	10.4	3.7	432.2
0.0	5.1	311.6	10.4	3.8	432.2
0.0	13.2	294.5	10.4	5.6	432.2
2.1	12.1	33.7	10.5	3.9	432.2
3.4	9.4	70.1	10.5	2.1	432.2
8.2	7.4	15.3	10.5	1.9	432.2
6.0	7.5	31.7	10.5	2.1	432.2
9.7	3.8	15.3	10.5	1.9	432.2
8.9	6.0	64.6	10.6	2.6	432.2
1.3	0.2	65.8	10.6	2.3	432.2
0.2	-2.6	242.1	10.6	1.8	432.2
0.2	3.8	228.0	10.6	2.9	432.2
4.9	7.4	24.6	10.7	2.2	432.2
9.6	8.7	14.1	10.7	2.4	432.2
23.3	10.5	15.2	10.7	2.2	432.2
23.1	7.2	33.0	10.7	3.4	432.2
32.2	3.2	23.9	10.7	1.4	433.4
20.1	1.6	25.4	10.8	1.2	433.4
0.2	3.1	226.3	10.8	2.7	433.4
0.6	3.7	155.3	10.8	2.9	433.4
0.0	5.2	169.0	10.8	2.8	433.4
0.2	6.3	258.8	10.9	4.3	433.4
0.3	7.1	305.8	10.9	4.8	433.4
0.2	9.6	284.7	10.9	5.3	433.4
0.7	11.9	285.6	11.0	5.7	433.4
0.9	14.9	87.1	11.0	4.9	433.4
18.8	11.1	128.3	11.0	6.3	433.4
0.4	3.2	52.7	11.0	2.8	433.4
0.1	-1.0	313.1	11.1	2.8	433.4
1.2	3.7	315.3	11.1	3.4	433.4
0.5	3.7	128.0	11.1	2.9	433.4
0.0	7.7	380.5	11.1	5.3	433.4
0.0	11.4	399.2	11.2	6.4	433.4
25.2	13.0	134.4	11.2	4.2	433.4
2.5	14.6	69.4	11.2	3.9	433.4
29.2	12.1	35.3	11.3	5.9	433.4
0.5	4.4	126.1	11.3	3.0	433.4
4.9	9.2	191.9	11.3	4.6	433.4
2.7	7.2	39.3	11.3	2.5	433.4
11.4	12.5	60.1	11.4	4.8	433.4
8.9	9.4	219.5	11.4	3.1	433.4
1.9	16.7	153.0	11.4	6.5	433.4
27.3	14.7	191.3	11.5	8.2	433.4
4.7	5.2	81.2	11.5	2.9	433.4
5.3	4.4	47.0	11.5	1.6	434.0
1.5	6.6	95.8	11.6	2.9	434.0
30.7	11.0	85.2	11.6	3.5	434.0
22.4	9.2	25.4	11.6	5.0	434.0
1.4	4.5	104.1	11.6	2.2	434.0
0.0	4.7	159.3	11.7	2.5	434.0
2.9	3.3	150.0	11.7	3.2	434.0
0.2	4.0	410.5	11.7	4.0	434.0
2.5	8.7	323.8	11.8	4.8	434.0
2.9	9.4	48.0	11.8	2.9	434.0
19.9	11.7	64.7	11.8	3.4	434.0
1.6	12.5	27.8	11.9	2.6	434.0
9.6	14.5	83.9	11.9	4.0	434.0
5.5	17.4	171.4	11.9	6.0	434.0
7.8	17.8	185.8	11.9	5.7	434.0
53.3	17.0	58.9	12.0	5.3	434.0
3.8	14.1	39.5	12.0	4.5	434.0
16.8	16.1	61.9	12.0	4.3	434.0
27.8	17.8	74.6	12.1	5.1	434.0
1.5	10.7	117.0	12.1	7.4	434.0
0.5	7.6	177.2	12.1	3.5	434.0
0.0	9.4	494.2	12.2	5.2	434.0
0.0	13.2	458.0	12.2	7.2	434.0
1.4	15.9	471.4	12.2	8.2	434.0
0.1	10.5	500.7	12.3	4.8	434.0
8.4	11.1	369.8	12.3	7.9	434.0
0.0	11.4	515.1	12.3	6.8	434.0
0.0	15.9	509.1	12.3	9.1	434.0
11.4	12.8	362.2	12.4	7.4	434.0
1.0	10.4	119.1	12.4	5.9	434.0
0.0	12.0	532.4	12.4	6.3	434.0
0.0	15.8	522.3	12.5	8.2	434.5
16.1	19.6	413.4	12.5	8.9	434.5
8.7	19.7	375.4	12.5	7.4	434.5
1.3	19.5	375.5	12.6	8.9	434.5
0.1	13.8	474.2	12.6	6.6	434.5
34.4	9.9	77.6	12.6	4.2	434.5
0.0	11.6	547.9	12.6	7.3	434.5
0.0	12.9	548.9	12.7	7.4	434.5
0.1	17.2	533.5	12.7	8.3	434.5
0.6	22.0	334.1	12.7	8.4	434.5
6.6	21.0	108.8	12.8	4.6	434.5
0.0	24.1	511.6	12.8	9.3	434.5
0.0	24.9	528.8	12.8	8.9	434.5
1.4	25.9	504.5	12.9	9.8	434.5
21.5	12.1	52.0	12.9	10.1	434.5
17.5	7.2	41.6	12.9	1.5	434.5
5.9	10.1	136.1	12.9	4.5	434.5
28.4	10.8	69.8	13.0	4.7	434.5
0.0	11.9	287.6	13.0	5.0	434.5
0.0	11.8	588.8	13.0	7.9	434.5
1.3	14.2	372.0	13.1	7.0	434.5
9.6	13.7	53.5	13.1	4.5	434.5
0.7	15.4	342.1	13.1	7.9	434.5
0.3	18.7	541.8	13.1	10.0	434.5
7.6	23.1	404.3	13.2	10.7	434.5
44.8	17.3	141.1	13.2	10.3	434.5
0.1	14.1	440.8	13.2	8.1	434.5
13.6	18.7	377.4	13.2	10.0	434.5
2.4	18.9	62.1	13.3	6.1	434.5
28.4	20.2	102.5	13.3	7.3	434.5
0.0	17.7	587.6	13.3	8.5	435.1
0.2	19.4	486.0	13.3	10.5	435.1
0.0	20.2	492.7	13.4	9.8	435.1
0.0	17.3	544.3	13.4	12.0	435.1
0.0	14.2	612.8	13.4	7.9	435.1
0.1	16.4	516.3	13.4	10.1	435.1
0.0	17.8	600.7	13.5	10.3	435.1
0.0	21.0	594.9	13.5	10.3	435.1
24.5	20.5	126.1	13.5	6.1	435.1
10.2	18.6	26.9	13.5	6.1	435.1
0.8	15.2	108.9	13.6	5.7	435.1
0.1	16.7	195.6	13.6	6.9	435.1
0.2	16.0	345.8	13.6	9.9	435.1
0.1	17.8	606.3	13.6	10.5	435.1
0.1	21.1	586.3	13.7	10.5	435.1
0.0	18.6	529.3	13.7	9.3	435.1
1.0	23.3	487.6	13.7	11.1	435.1
12.6	22.8	182.9	13.7	9.7	435.1
0.9	19.6	333.6	13.7	7.7	435.1
0.1	19.7	590.1	13.8	9.8	435.1
0.1	21.4	509.1	13.8	10.6	435.1
7.3	23.0	524.6	13.8	10.6	435.1
12.5	17.7	76.3	13.8	7.0	435.1
0.0	17.8	255.1	13.8	7.2	435.1
0.0	18.5	591.0	13.8	9.3	435.1
0.1	17.2	282.0	13.9	8.2	435.1
3.5	19.7	494.6	13.9	9.7	435.1
0.4	17.6	391.5	13.9	8.1	435.1
0.0	21.2	529.9	13.9	10.6	435.1
0.0	22.8	578.4	13.9	10.2	435.1
18.0	22.4	233.6	13.9	8.3	435.1
2.9	21.7	140.8	13.9	6.0	434.1
0.7	22.3	207.2	14.0	7.0	434.1
48.1	24.0	377.2	14.0	9.7	434.1
26.5	23.2	42.7	14.0	6.2	434.1
1.2	19.1	114.6	14.0	7.0	434.1
0.2	20.6	491.9	14.0	8.9	434.1
0.2	20.3	199.6	14.0	8.1	434.1
0.0	23.0	621.4	14.0	10.7	434.1
0.0	21.1	647.6	14.0	9.8	434.1
0.0	22.9	633.6	14.0	11.0	434.1
0.0	22.5	296.7	14.0	9.7	434.1
0.0	21.3	468.9	14.1	9.9	434.1
1.7	22.8	586.5	14.1	10.5	434.1
0.0	22.3	291.6	14.1	8.5	434.1
0.1	23.0	429.1	14.1	10.8	434.1
0.0	24.8	606.2	14.1	11.6	434.1
8.3	24.7	291.6	14.1	10.5	434.1
11.4	19.8	177.5	14.1	7.3	434.1
0.0	23.7	508.4	14.1	10.2	434.1
6.9	25.9	453.6	14.1	10.5	434.1
14.6	26.2	343.5	14.1	8.6	434.1
21.2	25.3	303.3	14.1	7.7	434.1
0.1	26.7	632.6	14.1	10.3	434.1
0.5	27.2	619.3	14.1	11.1	434.1
0.1	27.0	348.7	14.1	10.7	434.1
6.5	27.0	472.5	14.1	11.5	434.1
31.6	25.2	103.9	14.1	6.2	434.1
32.4	25.5	198.0	14.1	7.5	434.1
0.6	23.3	79.6	14.1	5.8	434.1
0.3	24.9	492.9	14.1	11.2	434.1
7.3	25.2	609.3	14.1	11.9	431.1
4.6	25.3	584.8	14.0	11.2	431.1
1.3	26.4	534.0	14.0	10.2	431.1
5.0	26.5	351.0	14.0	10.1	431.1
1.5	24.5	96.5	14.0	5.7	431.1
11.6	25.5	201.3	14.0	7.7	431.1
6.3	26.4	363.5	14.0	9.5	431.1
31.1	26.4	309.2	14.0	8.3	431.1
31.7	25.5	171.7	14.0	6.8	431.1
17.9	24.8	116.4	14.0	6.3	431.1
16.2	24.2	98.2	14.0	5.4	431.1
12.1	25.6	408.8	13.9	7.5	431.1
13.2	26.2	399.8	13.9	10.4	431.1
12.4	27.3	516.7	13.9	9.9	431.1
17.9	26.9	449.4	13.9	10.0	431.1
4.3	27.1	541.0	13.9	10.9	431.1
5.9	27.0	533.3	13.9	10.4	431.1
8.9	27.1	541.1	13.9	11.4	431.1
9.5	27.3	540.6	13.8	11.3	431.1
4.5	27.2	422.4	13.8	9.4	431.1
2.0	27.4	573.7	13.8	9.4	431.1
3.5	27.6	496.8	13.8	9.5	431.1
5.1	27.9	504.3	13.8	10.1	431.1
7.4	28.0	445.3	13.8	9.7	431.1
25.9	27.5	423.8	13.7	9.1	431.1
6.1	26.6	182.3	13.7	8.6	431.1
0.3	27.1	219.3	13.7	8.4	431.1
0.2	28.0	450.6	13.7	8.7	431.1
4.0	27.3	414.6	13.7	10.8	431.1
5.5	27.4	586.6	13.6	10.6	431.1
4.0	27.7	558.4	13.6	10.3	431.1
17.4	27.1	504.7	13.6	9.2	428.8
11.3	27.6	549.6	13.6	10.3	428.8
1.8	27.8	555.1	13.5	10.8	428.8
5.4	27.5	566.0	13.5	11.6	428.8
14.7	26.9	414.6	13.5	9.2	428.8
14.4	26.6	465.7	13.5	9.0	428.8
20.3	26.8	443.9	13.5	8.8	428.8
20.9	26.7	492.4	13.4	9.2	428.8
19.6	26.3	436.4	13.4	9.4	428.8
13.8	26.4	494.4	13.4	9.5	428.8
5.2	26.8	456.5	13.4	9.1	428.8
8.2	26.5	328.8	13.3	9.1	428.8
20.7	27.0	399.9	13.3	8.8	428.8
13.2	26.8	448.0	13.3	9.4	428.8
11.5	27.3	472.5	13.3	9.3	428.8
10.4	27.7	409.4	13.2	9.2	428.8
3.1	27.9	455.8	13.2	9.6	428.8
3.4	27.9	504.0	13.2	9.9	428.8
5.0	28.2	511.5	13.1	10.0	428.8
6.8	28.1	532.2	13.1	11.1	428.8
11.5	27.1	519.6	13.1	9.9	428.8
8.5	26.3	438.8	13.1	8.0	428.8
3.1	25.6	219.0	13.0	6.5	428.8
7.6	26.0	162.4	13.0	6.4	428.8
14.7	26.0	360.4	13.0	8.3	428.8
19.6	26.2	339.1	13.0	8.5	428.8
19.0	26.0	376.9	12.9	7.6	428.8
0.5	25.4	157.1	12.9	5.8	428.8
7.1	25.6	404.8	12.9	8.3	428.8
17.8	25.5	329.2	12.8	8.2	428.8
28.0	23.7	40.7	12.8	4.2	428.8
8.1	22.4	40.9	12.8	4.0	428.6
0.8	21.9	26.4	12.8	3.3	428.6
0.3	21.6	50.1	12.7	4.8	428.6
1.2	21.1	33.2	12.7	2.8	428.6
0.3	23.3	326.9	12.7	8.1	428.6
0.6	25.6	399.1	12.6	7.7	428.6
0.3	25.7	270.4	12.6	7.3	428.6
5.6	25.4	405.2	12.6	8.1	428.6
0.7	25.1	317.5	12.5	7.4	428.6
0.3	24.4	272.3	12.5	8.0	428.6
0.1	24.5	409.2	12.5	8.3	428.6
0.4	24.4	429.3	12.5	8.0	428.6
0.4	25.0	402.1	12.4	8.8	428.6
1.9	26.0	393.7	12.4	8.0	428.6
1.6	21.2	55.9	12.4	6.6	428.6
0.0	19.7	330.2	12.3	6.0	428.6
0.2	20.3	447.6	12.3	7.1	428.6
0.0	19.1	480.1	12.3	8.0	428.6
0.0	18.6	494.1	12.2	8.4	428.6
0.0	19.7	396.1	12.2	8.4	428.6
0.0	21.5	365.0	12.2	9.1	428.6
0.0	21.6	468.4	12.2	9.3	428.6
0.0	20.2	471.5	12.1	8.7	428.6
0.0	19.5	367.3	12.1	8.7	428.6
0.0	21.4	456.0	12.1	9.5	428.6
0.0	21.2	470.4	12.0	9.7	428.6
0.0	23.1	457.6	12.0	9.2	428.6
0.0	22.3	351.2	12.0	7.5	428.6
0.0	20.0	164.2	11.9	4.7	428.6
0.0	19.2	170.1	11.9	6.5	428.6
0.0	20.3	415.6	11.9	7.8	429.0
0.0	18.3	297.1	11.9	5.9	429.0
0.0	18.3	434.5	11.8	7.3	429.0
0.0	18.4	443.3	11.8	7.8	429.0
0.0	19.1	427.6	11.8	7.1	429.0
0.0	17.7	421.4	11.7	8.3	429.0
0.0	18.3	439.3	11.7	8.1	429.0
0.0	18.5	255.1	11.7	7.6	429.0
0.0	20.4	422.5	11.6	8.6	429.0
0.0	21.6	413.9	11.6	8.0	429.0
0.0	20.4	224.1	11.6	6.6	429.0
0.0	18.4	133.9	11.6	6.7	429.0
0.0	20.6	408.0	11.5	7.3	429.0
0.0	20.3	351.6	11.5	7.4	429.0
0.0	21.2	387.6	11.5	7.5	429.0
0.0	21.0	285.7	11.4	7.2	429.0
3.7	21.5	228.7	11.4	6.5	429.0
6.9	18.6	21.5	11.4	2.5	429.0
0.6	20.4	191.8	11.4	4.6	429.0
2.8	21.3	264.8	11.3	5.0	429.0
0.0	21.7	240.2	11.3	5.7	429.0
0.1	18.5	116.5	11.3	5.0	429.0
0.1	20.4	275.6	11.2	6.0	429.0
1.1	17.3	70.3	11.2	5.0	429.0
0.1	14.7	359.5	11.2	5.3	429.0
0.1	15.0	221.7	11.2	6.0	429.0
0.0	16.4	322.6	11.1	5.6	429.0
0.0	15.5	159.2	11.1	5.2	429.0
0.0	15.8	357.4	11.1	5.8	429.0
0.0	17.4	355.1	11.0	6.5	429.0
0.3	16.6	344.7	11.0	6.1	429.0
0.0	11.9	300.3	11.0	4.8	430.9
0.0	11.8	353.1	11.0	5.2	430.9
0.0	13.1	357.4	10.9	5.5	430.9
0.5	15.4	342.2	10.9	5.6	430.9
0.0	9.6	164.3	10.9	3.9	430.9
0.0	11.5	224.2	10.9	4.0	430.9
0.0	11.2	94.1	10.8	3.7	430.9
0.0	9.0	120.6	10.8	2.3	430.9
0.1	9.3	212.8	10.8	3.1	430.9
38.0	9.7	39.0	10.8	1.6	430.9
9.3	7.9	26.4	10.7	3.0	430.9
0.1	3.5	114.8	10.7	2.5	430.9
0.0	4.7	219.1	10.7	2.6	430.9
0.0	2.7	335.0	10.7	3.0	430.9
0.0	3.6	328.4	10.6	3.4	430.9
0.0	5.1	298.0	10.6	4.0	430.9
0.0	8.8	300.3	10.6	4.5	430.9
0.0	12.5	218.1	10.6	4.3	430.9
3.7	8.7	124.0	10.6	4.1	430.9
0.0	3.3	316.7	10.5	2.6	430.9
0.0	3.3	283.2	10.5	2.5	430.9
4.4	4.9	196.9	10.5	2.5	430.9
0.8	3.9	75.4	10.5	1.5	430.9
2.2	4.7	160.0	10.5	2.2	430.9
0.2	1.8	211.0	10.4	2.6	430.9
0.0	3.8	275.0	10.4	3.4	430.9
0.3	6.1	292.9	10.4	3.3	430.9
0.0	-0.8	285.7	10.4	2.3	430.9
0.0	1.7	302.2	10.4	2.9	430.9
0.0	3.0	304.5	10.4	3.3	430.9
0.0	4.6	302.7	10.3	3.8	433.1
0.0	7.2	233.7	10.3	4.4	433.1
0.1	8.3	229.6	10.3	4.5	433.1
0.5	9.0	161.1	10.3	3.6	433.1
0.2	7.0	123.7	10.3	2.5	433.1
0.0	6.2	281.1	10.3	3.2	433.1
2.3	10.2	254.8	10.3	4.3	433.1
1.9	3.4	17.0	10.3	2.4	433.1
0.0	1.3	261.7	10.2	2.5	433.1
0.0	2.7	284.1	10.2	2.9	433.1
0.0	0.8	291.4	10.2	2.4	433.1
0.0	0.9	291.3	10.2	2.8	433.1
0.0	2.6	289.3	10.2	3.4	433.1
0.0	6.0	264.8	10.2	3.9	433.1
0.0	5.8	276.8	10.2	3.9	433.1
0.0	3.9	243.8	10.2	3.3	433.1
0.0	6.3	274.0	10.2	4.0	433.1
0.0	7.2	215.8	10.2	4.0	433.1
0.1	5.8	246.9	10.2	3.5	433.1
0.6	3.4	80.5	10.2	2.2	433.1
0.0	4.5	251.4	10.2	2.9	433.1
1.8	3.1	101.9	10.2	1.9	433.1
13.1	2.9	20.0	10.2	1.4	433.1
16.6	3.0	41.5	10.2	2.0	433.1
11.9	-1.0	17.9	10.2	1.3	433.1
12.0	-1.9	56.2	10.2	1.0	433.1
19.3	-1.3	20.0	10.2	0.5	433.1
17.4	-1.0	38.8	10.2	1.1	433.1
10.8	-2.2	57.1	10.2	1.0	433.1
0.7	-4.7	153.9	10.2	1.8	433.1
0.1	-5.6	292.0	10.2	1.8	433.1
3.1	-1.4	109.3	10.2	1.5	435.3
0.0	-3.1	254.4	10.2	1.7	435.3
0.0	-3.1	299.1	10.2	1.9	435.3
0.1	-0.3	285.6	10.2	3.0	435.3
3.6	5.4	255.6	10.3	3.7	435.3
7.0	5.5	45.2	10.3	1.8	435.3
0.6	3.8	165.1	10.3	3.2	435.3
0.2	3.4	220.4	10.3	3.2	435.3
0.6	6.2	287.0	10.3	3.2	435.3
0.7	4.7	79.0	10.3	2.3	435.3
0.1	4.0	225.3	10.3	2.7	435.3
5.9	6.4	67.4	10.3	2.5	435.3
6.2	8.2	13.2	10.4	2.5	435.3
9.7	7.5	33.9	10.4	4.0	435.3
1.2	3.3	75.5	10.4	1.3	435.3
8.3	3.6	83.8	10.4	2.1	435.3
0.8	2.2	134.6	10.4	1.9	435.3
0.1	4.3	246.3	10.4	3.1	435.3
0.4	7.4	181.3	10.5	4.0	435.3
0.3	10.9	82.3	10.5	3.1	435.3
0.9	15.2	190.9	10.5	4.4	435.3
5.1	11.0	59.5	10.5	5.4	435.3
2.2	0.1	66.4	10.5	1.8	435.3
4.4	-1.3	38.0	10.6	0.9	435.3
15.3	-0.4	50.5	10.6	1.2	435.3
8.5	-0.0	73.7	10.6	0.8	435.3
11.4	1.0	37.8	10.6	1.3	435.3
23.3	2.9	71.8	10.6	1.5	435.3
7.4	3.3	35.6	10.7	2.0	435.3
1.2	-1.2	75.7	10.7	2.4	435.3
0.0	-6.1	313.6	10.7	1.7	435.3
0.0	-6.6	360.7	10.7	1.6	436.4
0.0	-4.3	363.1	10.8	2.3	436.4
0.0	-0.3	366.6	10.8	3.3	436.4
0.0	5.1	325.3	10.8	4.3	436.4
18.2	5.7	190.8	10.8	2.7	436.4
20.4	5.0	19.5	10.9	2.9	436.4
0.7	1.5	155.9	10.9	2.3	436.4
0.2	2.1	269.6	10.9	2.9	436.4
0.1	-0.1	279.2	10.9	2.5	436.4
0.0	-1.2	356.3	11.0	3.0	436.4
0.3	2.4	371.1	11.0	3.3	436.4
1.3	2.7	146.2	11.0	2.9	436.4
4.9	7.1	329.4	11.1	4.2	436.4
11.3	13.1	90.3	11.1	3.6	436.4
18.0	3.6	20.0	11.1	4.9	436.4
10.3	1.3	71.0	11.1	1.7	436.4
0.3	2.6	157.7	11.2	2.5	436.4
10.0	4.5	40.9	11.2	3.0	436.4
28.5	6.4	22.8	11.2	3.8	436.4
20.3	3.3	75.3	11.3	2.1	436.4
9.5	2.9	59.2	11.3	2.1	436.4
4.0	2.3	75.6	11.3	2.0	436.4
0.2	1.9	272.0	11.3	3.0	436.4
0.0	-0.7	420.1	11.4	3.1	436.4
0.0	2.3	395.8	11.4	3.5	436.4
0.0	2.6	187.7	11.4	3.6	436.4
6.2	5.2	241.7	11.5	4.1	436.4
2.4	3.7	70.6	11.5	1.7	436.4
13.7	3.7	51.1	11.5	1.9	437.1
16.3	2.8	34.9	11.5	1.4	437.1
1.1	3.7	119.7	11.6	2.3	437.1
0.5	6.1	217.3	11.6	4.9	437.1
0.0	-1.8	331.4	11.6	3.0	437.1
0.0	2.0	422.4	11.7	3.7	437.1
0.0	5.4	267.2	11.7	4.8	437.1
0.0	3.5	103.1	11.7	3.6	437.1
23.7	-0.3	77.1	11.8	1.3	437.1
0.0	0.5	395.1	11.8	3.5	437.1
0.3	3.3	198.6	11.8	3.3	437.1
11.8	5.7	129.3	11.9	3.2	437.1
20.7	6.6	40.0	11.9	1.9	437.1
2.6	5.0	113.3	11.9	3.9	437.1
0.6	5.3	357.7	11.9	4.2	437.1
0.0	7.2	472.9	12.0	5.8	437.1
0.0	7.2	478.2	12.0	5.8	437.1
0.0	10.0	340.9	12.0	5.6	437.1
0.1	15.9	374.1	12.1	8.0	437.1
0.2	20.1	318.0	12.1	7.0	437.1
2.6	15.1	76.6	12.1	7.8	437.1
3.9	13.7	291.1	12.2	6.1	437.1
1.6	14.6	90.5	12.2	4.5	437.1
3.1	16.7	179.4	12.2	8.8	437.1
1.1	9.5	108.5	12.2	3.3	437.1
0.0	11.3	490.3	12.3	7.1	437.1
0.0	12.1	470.7	12.3	6.4	437.1
6.1	7.5	74.2	12.3	4.6	437.1
0.6	5.6	104.2	12.4	3.4	437.1
0.3	11.1	430.4	12.4	6.3	437.1
0.0	14.0	499.2	12.4	7.0	437.1
0.0	15.1	491.2	12.5	8.3	437.5
0.0	13.9	427.4	12.5	7.7	437.5
0.0	14.5	391.3	12.5	9.2	437.5
0.0	16.5	534.7	12.6	8.4	437.5
0.0	18.1	455.4	12.6	9.2	437.5
0.0	19.2	528.1	12.6	11.3	437.5
19.9	13.9	411.2	12.6	9.0	437.5
4.0	9.4	44.7	12.7	3.7	437.5
15.4	8.0	47.0	12.7	2.3	437.5
3.2	10.7	171.8	12.7	5.1	437.5
8.6	14.5	54.1	12.8	6.3	437.5
0.6	20.5	215.2	12.8	8.9	437.5
27.2	20.6	135.7	12.8	8.0	437.5
23.1	13.0	49.8	12.8	6.8	437.5
0.0	10.6	539.6	12.9	7.6	437.5
0.0	13.4	532.9	12.9	6.6	437.5
0.1	12.6	85.7	12.9	4.1	437.5
4.6	13.8	91.1	13.0	4.0	437.5
0.5	14.7	445.8	13.0	8.7	437.5
14.7	18.7	461.7	13.0	9.0	437.5
4.4	17.1	60.5	13.0	4.0	437.5
5.6	18.2	54.6	13.1	5.5	437.5
13.2	21.6	306.2	13.1	8.5	437.5
8.7	21.9	361.3	13.1	9.1	437.5
4.7	22.1	306.5	13.2	9.3	437.5
6.4	22.8	410.4	13.2	9.4	437.5
14.0	23.9	480.4	13.2	8.9	437.5
12.1	22.8	266.4	13.2	7.9	437.5
31.6	23.1	212.3	13.3	7.0	437.5
3.8	24.2	156.5	13.3	6.6	437.5
25.5	22.6	340.9	13.3	11.1	438.1
1.3	14.8	96.7	13.3	5.5	438.1
21.2	15.7	83.0	13.4	5.4	438.1
24.7	17.5	61.8	13.4	6.0	438.1
21.2	16.0	104.3	13.4	4.2	438.1
0.6	17.5	422.3	13.4	8.3	438.1
12.8	20.6	367.9	13.5	8.5	438.1
51.1	20.8	194.2	13.5	8.0	438.1
0.7	19.2	208.7	13.5	6.3	438.1
8.1	20.0	110.1	13.5	6.1	438.1
1.2	19.5	257.0	13.6	8.0	438.1
0.1	20.6	599.9	13.6	11.3	438.1
0.2	21.3	544.7	13.6	11.6	438.1
1.5	21.6	599.8	13.6	11.1	438.1
0.7	22.8	559.9	13.6	9.8	438.1
22.6	22.8	329.7	13.7	8.8	438.1
32.2	21.5	83.4	13.7	5.2	438.1
33.0	20.7	38.4	13.7	3.6	438.1
10.9	19.8	29.5	13.7	3.6	438.1
0.1	19.1	159.1	13.8	6.3	438.1
1.6	22.1	418.9	13.8	9.2	438.1
10.4	22.1	78.1	13.8	6.9	438.1
1.5	19.8	219.5	13.8	8.1	438.1
0.9	18.0	323.4	13.8	7.1	438.1
0.0	18.8	576.1	13.8	8.7	438.1
0.0	19.6	563.9	13.9	9.5	438.1
2.4	20.8	403.9	13.9	8.7	438.1
56.6	19.2	34.2	13.9	4.6	438.1
7.5	20.4	45.8	13.9	6.0	438.1
1.3	19.0	141.9	13.9	6.2	438.1
0.2	18.1	312.0	13.9	8.5	438.1
0.2	17.8	324.5	13.9	6.9	437.1
1.7	19.8	551.9	14.0	9.0	437.1
12.7	16.8	80.3	14.0	4.0	437.1
0.6	18.3	203.2	14.0	6.9	437.1
6.8	21.6	577.9	14.0	10.0	437.1
0.2	19.4	387.4	14.0	8.6	437.1
0.0	18.8	633.5	14.0	8.9	437.1
0.4	19.6	491.4	14.0	8.9	437.1
0.0	20.6	593.9	14.0	10.0	437.1
0.0	20.9	603.8	14.0	10.5	437.1
0.0	22.4	614.8	14.0	10.7	437.1
0.0	23.6	513.4	14.1	9.9	437.1
0.0	24.3	568.4	14.1	11.6	437.1
0.0	25.5	608.9	14.1	11.9	437.1
3.4	25.2	579.2	14.1	12.0	437.1
16.7	25.0	438.6	14.1	9.9	437.1
21.5	21.9	54.8	14.1	5.4	437.1
0.2	22.1	404.3	14.1	9.7	437.1
0.3	22.0	552.0	14.1	10.1	437.1
0.8	21.8	544.5	14.1	9.8	437.1
0.3	23.0	631.8	14.1	10.8	437.1
0.0	25.0	639.5	14.1	11.2	437.1
0.0	26.5	577.9	14.1	10.6	437.1
19.7	23.8	179.2	14.1	7.7	437.1
0.6	24.9	531.8	14.1	9.3	437.1
0.1	25.6	539.5	14.1	10.4	437.1
2.9	26.3	612.8	14.1	9.7	437.1
5.5	27.2	563.5	14.1	9.7	437.1
43.7	24.2	94.2	14.1	5.0	437.1
11.7	24.7	199.5	14.1	7.4	437.1
6.5	25.1	325.2	14.1	8.9	434.1
8.4	25.6	536.2	14.0	9.8	434.1
10.8	26.0	529.1	14.0	9.6	434.1
13.8	26.2	447.7	14.0	9.4	434.1
8.1	26.4	464.1	14.0	9.9	434.1
0.1	27.7	570.7	14.0	11.1	434.1
0.1	28.1	557.2	14.0	11.1	434.1
1.3	27.5	437.5	14.0	10.6	434.1
0.1	27.9	416.1	14.0	9.6	434.1
4.7	27.6	448.5	14.0	11.1	434.1
0.1	28.7	613.2	14.0	11.7	434.1
2.9	27.9	608.1	14.0	12.3	434.1
5.8	27.1	515.6	13.9	10.1	434.1
8.9	26.8	534.8	13.9	9.7	434.1
12.7	26.8	570.1	13.9	10.8	434.1
11.9	26.7	439.0	13.9	9.1	434.1
11.7	25.6	370.7	13.9	10.0	434.1
7.9	26.3	546.6	13.9	9.5	434.1
12.0	25.9	355.3	13.8	8.8	434.1
0.0	27.4	566.6	13.8	10.5	434.1
0.1	28.1	600.7	13.8	10.6	434.1
0.0	28.8	600.7	13.8	11.2	434.1
0.0	28.9	611.3	13.8	11.7	434.1
0.0	29.5	591.1	13.8	11.5	434.1
1.9	29.3	567.3	13.7	11.8	434.1
5.2	28.2	438.4	13.7	11.4	434.1
4.1	28.4	470.7	13.7	10.2	434.1
0.0	27.7	292.5	13.7	8.6	434.1
14.3	26.7	462.7	13.7	10.0	434.1
1.4	27.6	475.4	13.6	10.4	434.1
19.7	27.2	499.9	13.6	9.6	434.1
16.3	27.0	476.4	13.6	9.5	431.8
16.2	26.8	442.6	13.6	9.4	431.8
13.0	25.5	273.4	13.6	8.9	431.8
3.9	25.3	515.3	13.5	9.5	431.8
3.3	25.4	517.4	13.5	9.5	431.8
3.7	25.6	526.8	13.5	9.8	431.8
1.4	25.8	581.1	13.5	10.5	431.8
11.7	25.6	511.3	13.4	8.8	431.8
11.8	25.2	339.4	13.4	7.8	431.8
19.5	25.4	338.0	13.4	8.0	431.8
17.1	25.7	423.4	13.4	9.5	431.8
4.3	25.7	489.3	13.3	9.9	431.8
0.3	26.0	536.8	13.3	9.9	431.8
1.1	26.3	552.9	13.3	10.0	431.8
2.2	26.3	474.5	13.3	10.0	431.8
9.7	25.1	331.7	13.2	9.3	431.8
16.6	25.0	451.8	13.2	8.8	431.8
6.3	25.1	348.8	13.2	8.7	431.8
0.6	25.5	353.6	13.2	8.5	431.8
7.7	25.5	459.3	13.1	9.7	431.8
2.5	25.5	467.6	13.1	9.1	431.8
3.3	25.8	363.7	13.1	8.6	431.8
0.7	25.5	294.3	13.0	9.3	431.8
3.4	25.1	500.7	13.0	9.0	431.8
5.0	25.3	520.5	13.0	9.1	431.8
8.6	26.1	488.4	13.0	8.6	431.8
15.8	26.3	417.9	12.9	9.0	431.8
5.8	26.9	501.5	12.9	9.6	431.8
5.5	27.0	472.3	12.9	9.4	431.8
2.9	26.9	495.0	12.8	9.2	431.8
7.0	27.2	510.9	12.8	9.5	431.8
16.0	26.3	465.8	12.8	8.8	431.6
0.1	26.8	476.7	12.8	9.1	431.6
0.2	26.6	492.8	12.7	9.3	431.6
0.0	26.6	499.3	12.7	9.1	431.6
1.0	27.3	494.6	12.7	9.7	431.6
0.3	27.1	504.4	12.6	9.8	431.6
0.0	26.1	514.0	12.6	10.3	431.6
0.0	26.2	509.0	12.6	8.9	431.6
0.3	27.5	409.3	12.6	9.1	431.6
11.5	26.2	464.4	12.5	10.0	431.6
14.1	25.5	350.7	12.5	7.7	431.6
1.7	26.5	465.5	12.5	9.5	431.6
9.7	25.5	435.1	12.4	9.0	431.6
1.6	20.6	48.7	12.4	6.2	431.6
0.0	18.6	230.4	12.4	6.4	431.6
0.0	20.0	455.8	12.3	7.0	431.6
0.0	20.3	281.8	12.3	7.5	431.6
0.0	22.4	467.0	12.3	7.6	431.6
0.0	23.3	384.0	12.3	8.3	431.6
0.0	22.4	478.0	12.2	8.7	431.6
0.0	23.1	474.8	12.2	7.6	431.6
0.0	23.4	342.8	12.2	6.4	431.6
12.0	21.6	83.9	12.1	6.4	431.6
20.1	18.5	32.0	12.1	1.7	431.6
4.2	19.0	31.3	12.1	2.5	431.6
0.2	20.9	177.1	12.0	5.6	431.6
0.6	22.9	427.6	12.0	7.7	431.6
16.8	18.2	117.8	12.0	8.5	431.6
2.1	13.8	70.8	12.0	3.5	431.6
1.2	14.5	93.6	11.9	4.0	431.6
0.6	12.8	53.1	11.9	3.2	432.0
0.2	14.9	398.9	11.9	5.3	432.0
0.1	15.3	441.1	11.8	6.9	432.0
0.0	15.2	413.4	11.8	7.6	432.0
0.0	16.8	441.3	11.8	7.5	432.0
0.0	18.6	397.0	11.7	6.8	432.0
0.0	20.3	261.7	11.7	6.7	432.0
0.1	17.7	337.0	11.7	7.8	432.0
0.0	15.4	433.1	11.7	5.6	432.0
0.0	16.4	427.0	11.6	7.5	432.0
0.0	17.4	428.5	11.6	7.9	432.0
0.0	18.3	418.2	11.6	7.6	432.0
0.0	16.5	415.9	11.5	6.7	432.0
0.0	16.3	331.6	11.5	6.4	432.0
0.0	17.7	405.1	11.5	6.8	432.0
0.0	18.7	401.6	11.4	7.2	432.0
0.0	17.7	403.7	11.4	6.6	432.0
0.0	20.1	351.4	11.4	6.7	432.0
0.0	19.4	307.5	11.4	6.3	432.0
0.0	18.6	364.7	11.3	6.5	432.0
0.0	18.9	353.8	11.3	6.4	432.0
0.0	19.3	357.6	11.3	6.5	432.0
2.9	19.6	301.1	11.2	6.9	432.0
0.1	12.7	108.8	11.2	4.5	432.0
0.0	12.3	387.5	11.2	5.9	432.0
0.0	14.3	383.8	11.2	6.0	432.0
0.0	17.5	264.2	11.1	6.2	432.0
0.0	15.0	317.4	11.1	5.5	432.0
0.0	14.2	355.3	11.1	5.4	432.0
0.2	15.1	300.5	11.0	5.2	432.0
0.1	14.5	115.4	11.0	4.1	432.0
0.0	13.3	336.2	11.0	5.6	434.0
0.0	12.5	364.8	11.0	5.4	434.0
0.0	14.7	349.7	10.9	5.9	434.0
0.0	15.7	341.9	10.9	6.3	434.0
0.0	17.6	279.0	10.9	5.7	434.0
0.0	12.4	309.2	10.9	4.6	434.0
0.0	11.0	342.4	10.8	4.5	434.0
0.0	13.6	335.9	10.8	5.4	434.0
0.0	17.6	322.9	10.8	6.3	434.0
0.4	19.4	287.7	10.8	5.8	434.0
2.3	13.2	23.0	10.7	4.7	434.0
0.0	11.7	335.3	10.7	4.1	434.0
0.7	15.7	310.8	10.7	5.6	434.0
11.5	6.9	15.2	10.7	4.5	434.0
0.0	1.7	160.7	10.6	2.4	434.0
0.0	1.1	339.6	10.6	2.9	434.0
0.0	3.1	329.5	10.6	3.4	434.0
0.1	8.6	308.8	10.6	4.5	434.0
0.1	13.0	239.8	10.6	5.2	434.0
0.4	14.0	279.3	10.5	5.3	434.0
1.6	2.6	43.3	10.5	4.2	434.0
0.0	0.6	328.3	10.5	2.7	434.0
0.0	2.9	321.1	10.5	3.6	434.0
0.0	4.1	317.3	10.5	3.9	434.0
0.0	5.4	310.9	10.4	4.1	434.0
0.0	7.2	299.4	10.4	4.5	434.0
0.0	7.6	306.4	10.4	4.7	434.0
0.0	8.5	304.9	10.4	4.7	434.0
0.0	9.3	302.7	10.4	4.3	434.0
0.0	10.8	289.0	10.4	4.9	434.0
0.0	9.0	302.1	10.3	4.6	436.1
0.0	10.6	293.9	10.3	5.2	436.1
0.0	7.3	304.6	10.3	3.9	436.1
0.0	10.0	295.1	10.3	4.7	436.1
0.0	10.2	287.2	10.3	4.8	436.1
0.0	11.2	288.4	10.3	5.2	436.1
0.0	13.4	290.0	10.3	5.7	436.1
0.0	11.8	289.2	10.3	5.6	436.1
0.0	1.8	289.6	10.2	2.7	436.1
0.0	-0.8	293.9	10.2	2.2	436.1
0.0	5.0	276.5	10.2	3.5	436.1
0.0	4.7	56.4	10.2	2.6	436.1
0.0	2.2	267.9	10.2	2.7	436.1
0.0	3.8	261.5	10.2	2.8	436.1
0.0	3.8	253.6	10.2	3.4	436.1
0.4	7.1	278.2	10.2	3.7	436.1
0.2	9.7	96.8	10.2	3.2	436.1
12.8	8.0	26.0	10.2	3.1	436.1
1.4	2.3	30.4	10.2	1.8	436.1
0.1	-0.5	183.9	10.2	1.7	436.1
0.0	0.7	276.6	10.2	2.3	436.1
0.0	2.5	259.2	10.2	2.7	436.1
7.7	4.4	40.5	10.2	1.9	436.1
5.9	6.0	52.0	10.2	1.6	436.1
2.1	4.1	44.6	10.2	1.6	436.1
0.4	2.5	110.9	10.2	2.1	436.1
0.6	1.0	56.0	10.2	1.6	436.1
0.0	-1.8	95.0	10.2	1.7	436.1
0.1	-2.3	235.2	10.2	2.0	436.1
0.0	1.0	250.7	10.2	2.4	436.1
0.0	2.9	257.2	10.2	2.9	436.1
0.0	3.4	105.9	10.2	2.6	438.3
0.6	7.2	154.2	10.2	3.1	438.3
3.5	10.5	78.0	10.2	2.8	438.3
0.6	10.2	81.6	10.2	3.1	438.3
5.2	9.6	75.0	10.3	2.4	438.3
2.6	0.5	13.5	10.3	3.1	438.3
0.0	-6.6	151.1	10.3	1.0	438.3
0.0	-4.6	295.0	10.3	1.7	438.3
1.5	-0.1	56.3	10.3	1.6	438.3
22.9	0.8	26.1	10.3	0.9	438.3
17.1	0.2	22.6	10.3	1.0	438.3
0.1	0.3	124.1	10.3	2.0	438.3
0.0	1.4	308.1	10.4	2.8	438.3
0.0	-2.1	299.1	10.4	2.4	438.3
0.0	-0.5	287.1	10.4	2.9	438.3
0.0	-0.2	310.7	10.4	2.8	438.3
0.0	-0.2	294.0	10.4	3.1	438.3
0.0	2.1	291.0	10.4	3.4	438.3
0.0	5.1	310.2	10.5	4.0	438.3
0.0	0.9	104.7	10.5	3.1	438.3
0.0	0.1	328.5	10.5	2.3	438.3
0.0	3.0	327.2	10.5	3.2	438.3
0.0	0.1	331.7	10.5	2.9	438.3
0.0	2.4	326.9	10.6	3.5	438.3
0.0	6.4	326.3	10.6	4.6	438.3
0.0	8.1	238.3	10.6	4.0	438.3
0.1	5.2	106.7	10.6	2.6	438.3
0.5	5.9	103.7	10.6	2.5	438.3
1.2	3.0	44.3	10.7	1.7	438.3
0.0	5.3	285.2	10.7	3.6	438.3
0.0	12.0	314.8	10.7	5.2	438.3
0.0	15.5	119.1	10.7	4.6	439.5
2.8	13.6	59.0	10.8	4.2	439.5
2.8	6.6	37.8	10.8	2.8	439.5
7.8	5.5	136.4	10.8	2.6	439.5
15.7	4.5	33.4	10.8	1.8	439.5
0.5	6.7	157.2	10.9	2.8	439.5
11.8	7.0	47.8	10.9	1.7	439.5
1.0	5.9	66.6	10.9	1.6	439.5
0.3	4.4	203.0	10.9	2.9	439.5
0.0	4.7	372.6	11.0	4.1	439.5
0.0	3.9	383.3	11.0	3.5	439.5
0.0	8.9	376.3	11.0	5.4	439.5
0.0	3.9	357.5	11.0	3.1	439.5
0.0	3.4	135.4	11.1	2.1	439.5
0.0	2.1	78.2	11.1	2.4	439.5
0.0	3.6	338.9	11.1	4.0	439.5
1.6	8.9	301.1	11.2	4.9	439.5
5.6	11.3	49.0	11.2	4.0	439.5
6.0	2.4	40.0	11.2	4.3	439.5
0.0	0.9	403.9	11.2	2.2	439.5
0.1	0.7	198.7	11.3	3.1	439.5
19.5	7.2	387.6	11.3	5.1	439.5
43.3	4.9	18.5	11.3	3.2	439.5
9.8	0.2	42.8	11.4	1.8	439.5
0.0	0.1	385.7	11.4	3.0	439.5
0.0	2.8	323.6	11.4	3.3	439.5
0.0	2.4	414.3	11.4	3.9	439.5
0.0	2.9	160.2	11.5	3.1	439.5
21.5	4.7	98.9	11.5	2.9	440.1
19.0	6.1	96.5	11.5	2.8	440.1
15.0	6.6	98.1	11.6	2.5	440.1
0.8	3.5	268.4	11.6	4.6	440.1
0.0	5.8	456.1	11.6	4.6	440.1
0.0	5.1	443.4	11.7	4.4	440.1
1.6	7.0	105.1	11.7	4.1	440.1
12.6	5.0	60.1	11.7	2.9	440.1
0.0	5.4	177.7	11.8	2.9	440.1
0.0	6.3	392.6	11.8	4.5	440.1
0.0	5.1	293.6	11.8	4.7	440.1
3.9	9.9	343.4	11.8	5.4	440.1
10.9	12.9	57.6	11.9	4.8	440.1
1.3	16.2	181.3	11.9	5.1	440.1
0.0	15.7	370.1	11.9	6.8	440.1
8.9	14.7	123.3	12.0	4.6	440.1
0.3	15.3	100.5	12.0	5.8	440.1
3.0	12.4	139.2	12.0	8.5	440.1
1.0	3.4	184.6	12.1	2.4	440.1
1.0	7.3	209.5	12.1	4.4	440.1
32.6	10.7	66.1	12.1	4.3	440.1
25.5	2.1	32.7	12.1	4.5	440.1
0.0	3.7	412.5	12.2	3.8	440.1
1.4	4.4	126.6	12.2	2.5	440.1
19.6	6.9	52.0	12.2	2.9	440.1
11.1	7.7	48.8	12.3	2.4	440.1
0.1	6.0	270.1	12.3	5.6	440.1
0.2	7.9	505.8	12.3	5.6	440.1
23.5	9.2	77.5	12.4	4.0	440.1
3.3	9.2	123.1	12.4	4.1	440.1
0.1	10.2	491.5	12.4	5.8	440.1
0.4	10.4	347.8	12.5	6.2	440.5
24.5	11.5	103.2	12.5	4.1	440.5
16.5	14.0	63.8	12.5	5.8	440.5
3.2	13.0	231.4	12.5	5.6	440.5
0.0	11.5	118.6	12.6	5.7	440.5
40.0	9.4	116.3	12.6	3.6	440.5
20.3	16.0	65.9	12.6	7.7	440.5
0.2	11.7	334.1	12.7	6.5	440.5
10.4	15.0	432.2	12.7	8.0	440.5
42.8	11.7	90.7	12.7	2.7	440.5
13.3	12.2	116.3	12.8	5.2	440.5
0.2	11.0	205.8	12.8	6.0	440.5
0.1	12.6	463.5	12.8	7.9	440.5
0.0	13.9	534.7	12.8	9.1	440.5
0.0	16.1	510.3	12.9	8.9	440.5
0.5	16.6	472.0	12.9	7.4	440.5
3.7	14.1	28.6	12.9	2.7	440.5
37.3	14.9	110.7	13.0	4.1	440.5
4.4	15.6	130.8	13.0	8.2	440.5
0.0	13.5	569.0	13.0	8.5	440.5
0.0	12.7	553.4	13.0	7.5	440.5
14.9	18.2	447.1	13.1	10.2	440.5
28.4	18.7	35.2	13.1	7.3	440.5
1.2	12.0	148.5	13.1	10.4	440.5
0.8	14.6	493.5	13.2	7.8	440.5
2.0	11.1	135.5	13.2	5.5	440.5
0.1	15.1	392.9	13.2	7.9	440.5
0.8	15.6	286.6	13.2	7.0	440.5
6.3	16.3	347.7	13.3	8.0	440.5
39.8	14.1	44.1	13.3	4.6	440.5
0.4	12.8	278.7	13.3	7.3	441.1
0.2	17.3	545.8	13.3	10.4	441.1
0.0	20.2	561.1	13.4	9.9	441.1
0.7	21.0	375.7	13.4	8.8	441.1
0.5	21.7	321.7	13.4	9.3	441.1
0.1	21.1	515.8	13.4	10.2	441.1
3.7	22.4	472.0	13.5	9.9	441.1
34.8	20.2	84.0	13.5	4.4	441.1
15.8	18.2	67.9	13.5	7.3	441.1
0.3	16.6	440.8	13.5	8.6	441.1
0.3	16.1	556.0	13.6	8.3	441.1
0.1	17.3	503.9	13.6	9.4	441.1
0.1	19.3	314.7	13.6	9.1	441.1
0.0	22.0	518.8	13.6	10.9	441.1
12.7	22.5	528.9	13.6	9.3	441.1
13.9	21.7	123.2	13.7	5.2	441.1
6.3	24.1	161.1	13.7	7.1	441.1
25.6	23.9	173.2	13.7	6.8	441.1
35.9	20.5	67.7	13.7	9.3	441.1
0.1	19.8	495.1	13.7	8.5	441.1
4.1	20.3	206.9	13.8	7.0	441.1
23.8	19.8	25.4	13.8	5.5	441.1
1.6	19.3	44.7	13.8	7.7	441.1
49.2	19.6	309.2	13.8	8.5	441.1
4.1	15.9	45.5	13.8	5.4	441.1
0.1	18.9	522.6	13.9	8.6	441.1
1.2	20.5	292.4	13.9	9.2	441.1
1.2	22.6	330.7	13.9	9.4	441.1
4.1	23.9	455.2	13.9	9.3	441.1
24.6	23.8	320.9	13.9	9.5	441.1
6.9	22.2	53.3	13.9	4.5	441.1
0.2	23.4	389.9	13.9	9.0	440.1
17.7	22.8	191.5	14.0	6.9	440.1
5.2	21.8	56.5	14.0	4.5	440.1
0.9	22.7	362.7	14.0	9.3	440.1
0.2	24.1	402.8	14.0	10.2	440.1
0.2	24.8	585.2	14.0	11.6	440.1
0.1	21.7	275.2	14.0	9.7	440.1
0.1	22.5	575.4	14.0	11.2	440.1
1.1	22.7	594.2	14.0	9.8	440.1
10.2	22.0	50.0	14.0	5.6	440.1
0.6	23.9	129.7	14.0	7.8	440.1
1.3	26.1	508.4	14.1	10.9	440.1
23.7	26.2	487.1	14.1	9.8	440.1
34.7	24.3	99.6	14.1	5.3	440.1
0.2	23.2	326.1	14.1	11.1	440.1
0.0	24.5	595.5	14.1	11.6	440.1
0.2	25.1	582.4	14.1	9.9	440.1
16.6	24.7	431.7	14.1	9.0	440.1
22.7	25.1	464.2	14.1	9.2	440.1
24.0	25.1	437.9	14.1	8.9	440.1
11.5	25.8	501.5	14.1	10.1	440.1
1.8	26.1	566.4	14.1	11.4	440.1
0.0	26.3	613.0	14.1	10.5	440.1
13.6	25.8	585.1	14.1	10.3	440.1
34.2	24.3	280.5	14.1	7.0	440.1
11.4	23.9	174.8	14.1	6.6	440.1
7.1	23.6	108.7	14.1	5.4	440.1
2.7	24.3	137.3	14.1	6.6	440.1
8.8	24.6	226.5	14.1	8.7	440.1
9.9	25.7	434.5	14.1	9.6	440.1
9.3	26.1	337.9	14.1	9.3	437.1
15.3	25.6	280.2	14.1	8.8	437.1
26.0	25.2	332.8	14.0	8.7	437.1
0.8	24.6	181.9	14.0	7.5	437.1
7.5	25.6	550.6	14.0	10.8	437.1
5.8	25.9	447.4	14.0	9.6	437.1
7.8	26.1	603.1	14.0	11.9	437.1
0.0	26.4	580.3	14.0	11.0	437.1
0.1	26.5	621.0	14.0	11.4	437.1
0.0	26.8	618.9	14.0	10.7	437.1
0.0	27.9	610.5	14.0	10.9	437.1
0.0	28.8	576.8	14.0	11.6	437.1
0.0	29.4	560.0	13.9	12.1	437.1
0.1	30.2	561.7	13.9	11.7	437.1
0.0	29.8	589.6	13.9	11.5	437.1
0.1	29.2	580.4	13.9	11.4	437.1
0.0	28.9	610.2	13.9	12.0	437.1
1.1	28.2	583.7	13.9	10.9	437.1
1.0	28.4	499.8	13.9	10.2	437.1
6.8	28.0	582.2	13.8	11.6	437.1
5.6	27.6	533.7	13.8	11.4	437.1
4.6	27.6	535.9	13.8	10.9	437.1
10.5	27.4	549.3	13.8	10.9	437.1
11.6	27.3	432.7	13.8	10.4	437.1
13.4	26.9	442.0	13.7	10.2	437.1
10.6	26.2	399.8	13.7	10.3	437.1
3.8	25.4	212.6	13.7	8.0	437.1
7.6	24.9	245.7	13.7	7.6	437.1
12.5	26.2	507.0	13.7	10.2	437.1
5.5	26.4	443.9	13.6	9.6	437.1
12.3	26.2	319.2	13.6	9.3	437.1
0.1	27.0	583.6	13.6	10.1	434.8
1.7	27.0	591.6	13.6	10.5	434.8
1.3	27.1	588.4	13.6	10.0	434.8
6.0	26.4	569.8	13.5	11.4	434.8
3.9	26.2	461.7	13.5	9.8	434.8
12.0	25.5	464.5	13.5	9.6	434.8
5.2	25.5	514.4	13.5	9.5	434.8
1.3	26.8	561.9	13.4	10.8	434.8
9.1	26.0	474.8	13.4	10.0	434.8
0.0	26.9	511.7	13.4	10.4	434.8
6.9	26.1	287.7	13.4	8.9	434.8
11.2	25.6	295.8	13.3	8.7	434.8
2.3	26.1	245.1	13.3	7.9	434.8
5.5	25.9	267.5	13.3	8.7	434.8
6.3	26.3	519.1	13.3	9.8	434.8
0.0	26.3	561.0	13.2	10.0	434.8
0.5	25.8	511.6	13.2	9.3	434.8
0.4	25.4	293.9	13.2	8.6	434.8
0.3	27.4	529.8	13.2	9.7	434.8
17.6	26.5	513.3	13.1	8.9	434.8
9.6	26.4	474.8	13.1	10.1	434.8
8.7	26.5	495.1	13.1	9.6	434.8
9.2	26.1	473.8	13.1	9.5	434.8
6.3	26.6	506.6	13.0	9.6	434.8
7.1	26.7	522.1	13.0	9.4	434.8
7.8	26.6	518.3	13.0	9.7	434.8
10.5	26.4	425.2	12.9	8.7	434.8
7.2	26.6	476.0	12.9	9.5	434.8
3.7	27.3	458.4	12.9	9.3	434.8
21.5	25.7	200.5	12.9	8.0	434.8
6.7	25.8	360.2	12.8	8.6	434.8
3.1	26.1	460.8	12.8	9.2	434.6
17.0	25.6	422.9	12.8	8.3	434.6
14.3	24.4	277.1	12.7	6.3	434.6
0.3	24.1	289.7	12.7	8.2	434.6
0.1	24.7	491.9	12.7	9.1	434.6
0.3	25.3	369.2	12.7	7.9	434.6
5.2	25.0	342.2	12.6	8.3	434.6
3.5	25.3	469.2	12.6	8.5	434.6
19.0	24.2	389.4	12.6	7.2	434.6
0.6	23.8	351.4	12.5	7.3	434.6
1.2	24.2	390.7	12.5	7.9	434.6
11.1	24.2	383.2	12.5	7.3	434.6
1.0	23.3	111.9	12.4	4.7	434.6
5.5	24.0	277.2	12.4	6.4	434.6
1.1	24.3	244.5	12.4	6.4	434.6
2.1	23.4	67.3	12.4	5.6	434.6
1.1	20.2	83.8	12.3	4.5	434.6
0.6	22.4	185.7	12.3	6.6	434.6
1.6	23.9	254.2	12.3	6.5	434.6
0.5	23.4	260.4	12.2	5.5	434.6
0.2	23.2	56.0	12.2	3.8	434.6
8.9	23.3	140.6	12.2	5.3	434.6
11.0	20.9	15.1	12.1	3.9	434.6
7.6	20.6	25.4	12.1	3.3	434.6
6.7	21.0	26.5	12.1	3.4	434.6
1.6	20.7	24.6	12.1	2.6	434.6
6.8	20.7	18.1	12.0	2.4	434.6
2.4	21.6	55.0	12.0	2.8	434.6
4.4	22.0	25.2	12.0	3.4	434.6
0.4	19.4	65.5	11.9	6.2	434.6
0.0	18.0	451.6	11.9	6.0	435.1
0.1	17.9	431.7	11.9	6.4	435.1
0.1	19.5	412.4	11.8	7.4	435.1
0.1	20.1	414.3	11.8	7.0	435.1
0.1	20.0	426.0	11.8	7.2	435.1
0.0	18.3	438.7	11.7	7.1	435.1
0.0	18.6	436.9	11.7	7.5	435.1
0.0	19.3	432.8	11.7	7.6	435.1
0.0	19.4	427.5	11.7	7.6	435.1
0.2	18.8	331.5	11.6	7.3	435.1
0.0	17.5	415.9	11.6	6.3	435.1
0.0	18.1	412.4	11.6	6.8	435.1
0.0	18.3	378.0	11.5	6.6	435.1
0.0	18.8	410.7	11.5	6.7	435.1
0.0	18.4	407.1	11.5	7.0	435.1
0.0	17.2	406.0	11.5	7.0	435.1
0.0	17.8	397.0	11.4	6.4	435.1
0.0	17.7	397.9	11.4	7.6	435.1
0.0	19.0	396.5	11.4	7.4	435.1
0.0	17.9	347.0	11.3	7.5	435.1
0.0	18.4	391.6	11.3	7.9	435.1
0.0	19.7	387.4	11.3	7.5	435.1
0.0	19.3	386.8	11.2	7.4	435.1
0.0	20.3	382.9	11.2	7.2	435.1
0.0	20.8	278.3	11.2	6.5	435.1
0.0	21.2	268.9	11.2	5.6	435.1
0.1	19.0	104.7	11.1	4.0	435.1
0.1	19.3	205.3	11.1	5.0	435.1
0.0	19.7	345.8	11.1	6.3	435.1
0.0	20.7	340.0	11.1	6.4	435.1
0.0	21.0	306.2	11.0	5.9	435.1
1.8	21.1	290.9	11.0	6.7	437.0
2.9	11.7	39.9	11.0	4.4	437.0
0.0	10.5	351.7	10.9	4.8	437.0
0.0	11.8	355.8	10.9	5.2	437.0
0.0	14.2	348.1	10.9	6.1	437.0
0.0	16.3	324.8	10.9	5.7	437.0
0.0	17.5	337.2	10.8	5.6	437.0
0.8	19.1	321.5	10.8	6.1	437.0
0.0	11.3	206.1	10.8	4.7	437.0
0.0	9.1	340.3	10.8	3.9	437.0
0.0	11.2	332.9	10.7	4.9	437.0
0.0	7.2	337.0	10.7	4.8	437.0
0.0	2.4	351.5	10.7	2.8	437.0
0.0	4.5	341.5	10.7	3.9	437.0
0.0	8.2	331.8	10.7	5.0	437.0
0.0	10.4	242.6	10.6	5.4	437.0
0.0	11.5	310.1	10.6	5.3	437.0
0.0	11.7	318.1	10.6	4.7	437.0
0.1	14.7	299.7	10.6	5.6	437.0
0.2	14.2	98.1	10.5	4.7	437.0
0.5	14.1	92.5	10.5	4.3	437.0
0.0	11.2	314.9	10.5	4.7	437.0
0.0	10.9	313.0	10.5	4.7	437.0
0.0	11.2	244.3	10.5	4.3	437.0
0.0	6.5	95.3	10.4	3.0	437.0
0.0	6.5	313.0	10.4	3.8	437.0
0.0	5.5	311.2	10.4	3.3	437.0
0.0	7.5	149.2	10.4	3.1	437.0
0.0	4.7	308.8	10.4	3.4	437.0
0.0	4.8	306.3	10.4	3.9	437.0
0.0	6.8	300.0	10.3	4.2	439.2
0.0	9.6	248.0	10.3	4.2	439.2
0.0	13.5	168.4	10.3	4.4	439.2
1.5	16.7	211.7	10.3	5.3	439.2
10.5	3.5	12.6	10.3	3.9	439.2
0.0	-2.0	250.4	10.3	1.9	439.2
0.0	-1.8	301.3	10.3	2.3	439.2
0.0	-0.7	298.8	10.3	2.6	439.2
0.0	3.2	285.6	10.2	3.2	439.2
0.0	1.9	296.3	10.2	2.6	439.2
0.0	5.2	290.2	10.2	3.7	439.2
0.0	8.0	285.4	10.2	4.3	439.2
0.0	9.2	248.7	10.2	3.9	439.2
0.0	9.5	226.9	10.2	4.5	439.2
0.0	11.2	239.8	10.2	5.1	439.2
0.0	8.1	205.4	10.2	4.0	439.2
0.0	9.1	262.1	10.2	4.0	439.2
0.0	9.3	174.1	10.2	3.4	439.2
6.7	5.5	21.2	10.2	1.5	439.2
4.8	6.8	40.5	10.2	1.8	439.2
0.0	1.9	278.7	10.2	2.6	439.2
0.6	4.2	278.1	10.2	3.1	439.2
4.5	8.3	43.2	10.2	2.9	439.2
3.8	10.3	25.8	10.2	3.5	439.2
1.6	6.6	134.2	10.2	2.1	439.2
1.3	6.1	43.5	10.2	1.5	439.2
6.5	8.2	88.0	10.2	2.2	439.2
3.9	12.7	20.1	10.2	3.3	439.2
1.9	7.0	50.9	10.2	4.1	439.2
0.6	6.2	61.3	10.2	1.6	439.2
33.8	8.3	60.1	10.2	2.0	439.2
2.0	2.6	17.5	10.2	2.9	441.3
0.0	0.5	262.0	10.2	2.3	441.3
0.0	0.2	270.9	10.2	2.8	441.3
0.0	-0.5	287.4	10.2	2.2	441.3
0.0	2.9	288.6	10.3	2.8	441.3
0.0	3.2	264.4	10.3	3.0	441.3
0.0	4.4	298.3	10.3	3.5	441.3
2.7	8.5	227.2	10.3	3.3	441.3
3.0	10.3	71.5	10.3	2.6	441.3
2.7	13.0	111.9	10.3	3.4	441.3
0.8	15.3	124.4	10.3	3.6	441.3
0.1	15.8	150.0	10.3	4.2	441.3
4.3	12.0	90.0	10.4	5.2	441.3
12.8	3.6	53.9	10.4	2.2	441.3
0.2	0.2	91.2	10.4	2.0	441.3
0.0	2.7	300.8	10.4	3.0	441.3
0.6	3.5	210.5	10.4	2.1	441.3
0.1	11.5	131.6	10.4	4.2	441.3
1.9	17.2	162.7	10.5	4.2	441.3
5.7	8.2	11.8	10.5	3.8	441.3
2.0	8.8	48.7	10.5	2.4	441.3
3.9	0.4	17.7	10.5	3.3	441.3
0.0	-2.2	317.9	10.5	2.2	441.3
8.1	-1.4	147.9	10.5	1.9	441.3
0.0	-0.3	265.5	10.6	2.0	441.3
22.2	4.4	160.5	10.6	2.7	441.3
5.9	3.9	55.5	10.6	2.1	441.3
5.6	4.2	69.9	10.6	1.6	441.3
17.5	4.9	27.9	10.7	1.6	441.3
1.2	3.3	56.0	10.7	2.3	441.3
0.0	0.8	348.0	10.7	2.8	441.3
0.0	2.8	344.9	10.7	3.5	442.5
0.3	3.6	304.8	10.8	4.0	442.5
0.5	-3.0	108.4	10.8	3.0	442.5
0.0	-5.0	363.5	10.8	1.8	442.5
0.0	0.4	368.7	10.8	2.9	442.5
0.0	-1.2	354.3	10.9	2.4	442.5
0.0	1.6	371.5	10.9	3.3	442.5
0.0	1.7	371.6	10.9	3.4	442.5
0.0	2.7	373.2	10.9	4.1	442.5
0.0	3.5	248.1	11.0	3.7	442.5
40.8	7.0	71.9	11.0	3.2	442.5
6.3	7.4	128.5	11.0	2.7	442.5
13.1	6.2	24.4	11.0	2.1	442.5
0.1	3.7	325.2	11.1	3.8	442.5
0.1	6.2	343.1	11.1	4.4	442.5
23.5	6.3	156.9	11.1	2.8	442.5
15.9	3.7	49.2	11.2	3.4	442.5
0.0	2.0	395.6	11.2	3.6	442.5
0.6	2.2	165.2	11.2	2.9	442.5
1.4	5.7	182.9	11.2	3.6	442.5
1.2	10.2	119.3	11.3	4.3	442.5
20.8	5.3	41.2	11.3	6.0	442.5
1.1	-1.2	224.9	11.3	2.3	442.5
0.0	-1.0	382.4	11.4	3.4	442.5
0.2	-4.4	348.1	11.4	2.0	442.5
0.0	1.8	435.0	11.4	4.1	442.5
0.0	4.4	402.1	11.4	4.9	442.5
0.0	7.2	423.3	11.5	5.7	442.5
0.1	4.9	349.5	11.5	4.6	442.5
0.0	6.6	428.6	11.5	5.6	443.1
0.0	9.1	265.6	11.6	6.2	443.1
0.0	13.4	297.9	11.6	7.5	443.1
0.3	15.6	192.1	11.6	7.2	443.1
8.4	6.1	27.2	11.7	6.5	443.1
13.9	1.8	156.6	11.7	2.9	443.1
0.6	2.6	229.3	11.7	3.1	443.1
0.1	5.1	179.4	11.7	3.1	443.1
0.3	5.3	262.0	11.8	4.9	443.1
3.0	9.3	273.0	11.8	5.5	443.1
25.8	8.5	45.0	11.8	2.9	443.1
0.8	5.2	198.8	11.9	4.5	443.1
0.0	3.5	425.1	11.9	3.6	443.1
0.0	8.6	449.9	11.9	5.7	443.1
0.0	13.6	476.1	12.0	7.1	443.1
0.0	17.7	439.4	12.0	7.8	443.1
0.0	13.4	464.1	12.0	7.5	443.1
10.5	11.5	100.5	12.0	3.4	443.1
9.2	11.1	26.6	12.1	2.2	443.1
24.3	12.6	77.5	12.1	4.5	443.1
7.6	9.2	26.8	12.1	3.1	443.1
22.6	11.2	54.6	12.2	3.7	443.1
3.7	8.9	67.4	12.2	4.3	443.1
3.0	6.3	73.3	12.2	3.1	443.1
0.8	7.4	436.5	12.3	4.2	443.1
5.2	6.3	49.1	12.3	2.3	443.1
2.3	3.7	161.6	12.3	4.1	443.1
0.6	5.0	278.8	12.4	3.6	443.1
11.9	8.0	60.5	12.4	4.1	443.1
7.0	15.3	79.6	12.4	7.6	443.1
14.9	15.4	48.3	12.4	6.7	443.1
0.8	12.5	222.8	12.5	6.6	443.6
11.7	18.6	319.0	12.5	8.5	443.6
30.3	10.7	29.7	12.5	9.6	443.6
0.3	7.0	319.4	12.6	4.7	443.6
9.0	5.5	77.7	12.6	2.7	443.6
0.8	10.1	399.9	12.6	6.4	443.6
1.9	11.5	101.7	12.7	5.4	443.6
0.0	19.9	398.4	12.7	10.0	443.6
10.4	16.0	242.8	12.7	10.4	443.6
35.8	6.9	40.8	12.7	3.5	443.6
8.5	6.7	90.4	12.8	2.9	443.6
0.2	9.2	457.2	12.8	6.8	443.6
2.6	11.8	329.7	12.8	6.9	443.6
1.8	17.1	360.3	12.9	8.3	443.6
0.4	20.6	141.3	12.9	7.4	443.6
0.0	22.5	194.8	12.9	7.2	443.6
0.0	23.9	469.1	12.9	8.4	443.6
0.0	26.3	524.7	13.0	9.0	443.6
0.0	22.0	407.5	13.0	10.4	443.6
0.0	13.9	333.7	13.0	7.5	443.6
0.0	14.3	565.9	13.1	7.1	443.6
0.0	21.1	308.8	13.1	10.1	443.6
2.0	21.0	71.6	13.1	8.3	443.6
12.2	12.0	188.8	13.1	8.1	443.6
0.0	9.1	533.1	13.2	6.4	443.6
0.0	9.4	274.1	13.2	4.9	443.6
0.6	11.4	114.8	13.2	4.2	443.6
0.7	15.8	319.2	13.3	7.7	443.6
0.5	19.9	551.7	13.3	9.5	443.6
21.3	21.1	427.5	13.3	10.1	443.6
0.1	18.3	479.2	13.3	11.3	444.1
0.0	14.0	616.1	13.4	7.6	444.1
0.0	17.6	596.5	13.4	9.0	444.1
0.0	21.9	579.5	13.4	10.5	444.1
29.4	22.0	156.6	13.4	6.4	444.1
6.2	22.2	205.9	13.5	7.1	444.1
1.3	23.3	505.7	13.5	9.7	444.1
1.8	17.2	79.0	13.5	8.3	444.1
0.3	16.3	429.9	13.5	7.4	444.1
0.1	20.5	392.3	13.6	10.0	444.1
0.1	24.7	518.8	13.6	9.5	444.1
1.5	26.4	461.2	13.6	7.8	444.1
6.7	25.5	323.9	13.6	9.1	444.1
18.3	24.5	244.1	13.6	9.6	444.1
1.6	19.6	63.8	13.7	6.2	444.1
8.8	19.9	205.8	13.7	7.1	444.1
12.3	17.4	37.1	13.7	4.9	444.1
30.1	16.8	68.9	13.7	4.8	444.1
5.0	16.6	32.1	13.7	4.4	444.1
0.3	18.7	353.4	13.8	9.3	444.1
0.0	22.3	520.1	13.8	10.7	444.1
10.2	24.0	529.6	13.8	10.7	444.1
15.9	25.0	542.1	13.8	10.1	444.1
4.7	22.5	35.8	13.8	4.9	444.1
26.3	23.4	148.8	13.8	7.8	444.1
0.5	22.6	367.3	13.9	9.2	444.1
0.1	24.3	485.5	13.9	10.3	444.1
38.9	24.9	465.7	13.9	10.1	444.1
20.6	24.0	100.8	13.9	3.6	444.1
0.4	26.1	180.3	13.9	8.4	444.1
10.1	27.4	442.7	13.9	9.9	444.1
11.9	25.5	411.8	14.0	10.5	443.1
3.1	20.3	133.4	14.0	8.6	443.1
3.4	15.2	66.8	14.0	5.3	443.1
9.5	14.4	103.4	14.0	4.9	443.1
0.0	15.3	110.6	14.0	4.7	443.1
0.0	16.4	135.2	14.0	5.6	443.1
0.1	15.1	206.9	14.0	8.3	443.1
0.0	17.2	616.8	14.0	8.8	443.1
5.2	18.4	437.5	14.0	7.4	443.1
9.0	19.0	33.5	14.0	4.1	443.1
6.6	20.8	253.5	14.1	7.7	443.1
2.3	19.0	117.1	14.1	5.1	443.1
0.2	19.5	521.3	14.1	10.2	443.1
0.0	20.2	629.6	14.1	10.6	443.1
0.0	21.6	576.0	14.1	10.0	443.1
7.6	21.6	214.8	14.1	7.4	443.1
43.2	20.2	58.6	14.1	3.2	443.1
50.8	21.1	58.3	14.1	4.4	443.1
7.7	21.6	55.3	14.1	4.4	443.1
0.1	22.8	173.0	14.1	6.8	443.1
8.3	24.8	441.4	14.1	9.7	443.1
26.7	24.6	409.2	14.1	10.5	443.1
1.7	25.2	486.4	14.1	10.3	443.1
7.1	25.3	548.7	14.1	10.3	443.1
5.9	25.5	463.7	14.1	10.0	443.1
10.9	25.4	478.9	14.1	9.8	443.1
0.9	26.3	444.4	14.1	9.8	443.1
0.2	25.3	177.0	14.1	7.6	443.1
1.1	22.0	149.9	14.1	7.8	443.1
0.6	23.6	529.3	14.1	9.9	443.1
21.6	24.6	481.6	14.1	10.4	440.1
2.5	22.2	252.3	14.0	7.2	440.1
0.5	23.0	317.8	14.0	7.6	440.1
5.1	22.8	157.3	14.0	5.5	440.1
8.2	23.5	124.2	14.0	5.7	440.1
32.8	24.0	150.3	14.0	6.2	440.1
10.2	24.5	124.8	14.0	6.0	440.1
14.4	25.7	220.6	14.0	8.0	440.1
23.1	25.2	227.9	14.0	7.7	440.1
11.8	24.8	277.1	14.0	7.7	440.1
4.1	25.7	328.6	14.0	7.9	440.1
4.0	24.9	135.9	13.9	7.0	440.1
0.5	25.0	355.2	13.9	9.3	440.1
5.7	25.9	394.6	13.9	10.1	440.1
19.8	26.5	485.5	13.9	9.8	440.1
14.0	27.0	446.3	13.9	9.5	440.1
15.6	27.0	419.3	13.9	10.0	440.1
10.8	25.8	76.2	13.9	6.5	440.1
15.8	25.7	195.3	13.8	7.0	440.1
16.7	26.5	216.1	13.8	8.5	440.1
15.0	26.7	409.0	13.8	10.5	440.1
9.3	26.9	526.9	13.8	9.7	440.1
11.0	26.7	481.8	13.8	9.7	440.1
8.6	27.2	568.2	13.8	10.1	440.1
2.1	27.8	564.3	13.7	11.5	440.1
0.1	28.3	596.7	13.7	11.1	440.1
0.2	28.7	585.6	13.7	10.9	440.1
8.3	28.3	585.7	13.7	11.7	440.1
5.2	28.5	586.2	13.7	12.3	440.1
2.9	28.7	586.7	13.6	12.4	440.1
10.0	27.8	565.5	13.6	11.5	440.1
6.8	27.8	503.6	13.6	10.7	437.8
8.3	27.7	505.5	13.6	10.2	437.8
3.2	28.1	472.4	13.5	10.5	437.8
7.7	27.5	453.6	13.5	9.8	437.8
13.3	27.6	465.7	13.5	9.4	437.8
3.6	27.3	236.5	13.5	8.9	437.8
2.0	27.2	229.2	13.4	9.3	437.8
4.0	27.3	268.1	13.4	9.1	437.8
23.1	25.2	212.2	13.4	8.3	437.8
3.7	23.3	71.1	13.4	5.0	437.8
0.5	22.7	60.4	13.3	3.7	437.8
0.7	23.8	118.1	13.3	5.3	437.8
0.4	24.8	194.5	13.3	6.5	437.8
0.8	25.4	339.1	13.3	8.0	437.8
0.4	26.0	515.1	13.2	9.4	437.8
0.1	26.6	538.6	13.2	9.5	437.8
0.1	25.9	459.2	13.2	9.8	437.8
0.1	24.9	429.2	13.2	8.5	437.8
0.7	25.2	148.1	13.1	6.5	437.8
7.9	25.3	234.5	13.1	8.1	437.8
8.5	25.8	396.0	13.1	8.9	437.8
0.5	26.9	502.9	13.1	8.9	437.8
4.2	26.4	392.8	13.0	8.9	437.8
18.0	26.3	489.5	13.0	8.7	437.8
12.3	26.1	477.6	13.0	9.2	437.8
6.9	26.4	479.4	12.9	9.2	437.8
4.6	26.6	516.8	12.9	9.6	437.8
6.2	26.6	491.8	12.9	9.2	437.8
3.4	26.6	489.6	12.9	9.6	437.8
7.3	26.0	429.5	12.8	8.8	437.8
12.8	26.3	488.7	12.8	8.9	437.8
14.1	26.4	484.4	12.8	9.0	437.7
3.1	26.7	492.9	12.7	10.3	437.7
7.2	26.2	475.1	12.7	8.8	437.7
7.2	26.4	456.4	12.7	9.5	437.7
6.1	26.8	476.6	12.7	9.1	437.7
7.7	26.8	478.1	12.6	9.7	437.7
1.8	18.4	43.0	12.6	8.2	437.7
3.5	17.3	78.0	12.6	4.3	437.7
1.5	19.3	63.2	12.5	4.1	437.7
0.4	22.6	232.4	12.5	7.4	437.7
0.9	24.4	300.4	12.5	7.3	437.7
0.8	24.7	287.2	12.5	6.5	437.7
1.4	24.7	260.0	12.4	6.2	437.7
0.7	23.8	185.0	12.4	6.5	437.7
0.8	24.6	318.0	12.4	7.4	437.7
2.2	25.4	416.4	12.3	8.1	437.7
0.5	26.2	416.3	12.3	9.1	437.7
14.8	24.9	407.1	12.3	7.9	437.7
7.0	24.3	326.6	12.2	6.5	437.7
1.2	23.4	116.0	12.2	4.8	437.7
1.4	23.8	245.9	12.2	5.9	437.7
0.1	22.7	258.5	12.1	7.2	437.7
0.0	22.7	419.0	12.1	8.3	437.7
0.0	24.1	456.4	12.1	8.0	437.7
7.9	24.4	404.1	12.1	8.4	437.7
0.8	19.4	77.0	12.0	6.9	437.7
0.0	18.9	449.2	12.0	6.7	437.7
0.0	19.2	258.1	12.0	6.6	437.7
0.0	19.7	463.6	11.9	7.1	437.7
0.0	19.3	456.5	11.9	8.4	437.7
0.0	18.5	459.4	11.9	8.3	438.1
0.0	19.8	445.1	11.8	8.2	438.1
0.0	21.3	371.7	11.8	8.2	438.1
0.0	20.6	204.8	11.8	8.3	438.1
0.0	14.2	453.5	11.8	5.9	438.1
0.0	15.4	434.5	11.7	7.3	438.1
0.0	17.7	440.1	11.7	7.6	438.1
0.0	19.3	423.3	11.7	7.4	438.1
0.0	19.8	186.4	11.6	7.1	438.1
0.0	14.6	445.0	11.6	6.3	438.1
0.0	15.5	435.0	11.6	7.3	438.1
0.0	18.3	420.1	11.5	8.4	438.1
0.0	19.9	407.9	11.5	8.3	438.1
0.0	19.7	409.0	11.5	8.6	438.1
0.0	20.6	407.1	11.5	8.4	438.1
0.0	19.8	408.2	11.4	8.1	438.1
2.2	22.1	385.6	11.4	7.7	438.1
0.5	23.5	109.7	11.4	5.1	438.1
3.2	22.4	51.5	11.3	3.7	438.1
1.5	22.8	36.9	11.3	2.6	438.1
2.7	23.8	107.8	11.3	5.8	438.1
2.4	15.9	34.6	11.3	6.9	438.1
0.3	11.9	95.6	11.2	3.3	438.1
0.0	9.4	358.8	11.2	4.4	438.1
0.0	7.3	390.2	11.2	4.4	438.1
0.0	10.3	382.3	11.1	5.0	438.1
0.0	10.1	384.0	11.1	4.8	438.1
0.0	8.5	383.4	11.1	4.9	438.1
0.0	8.9	379.8	11.1	5.0	438.1
0.0	12.6	271.4	11.0	5.6	438.1
0.0	10.7	375.0	11.0	5.4	438.1
0.0	11.9	340.6	11.0	5.7	440.1
0.0	13.1	310.2	11.0	6.1	440.1
0.0	13.7	344.0	10.9	6.0	440.1
0.0	14.5	319.7	10.9	5.7	440.1
0.0	14.5	352.2	10.9	6.5	440.1
0.0	15.4	351.0	10.8	6.6	440.1
0.0	17.3	343.4	10.8	6.5	440.1
0.0	16.9	310.1	10.8	6.7	440.1
0.0	11.4	250.1	10.8	4.1	440.1
0.0	10.9	288.9	10.8	3.6	440.1
0.0	10.8	213.4	10.7	4.5	440.1
0.0	12.1	323.4	10.7	4.8	440.1
0.0	12.0	324.3	10.7	4.7	440.1
0.0	11.9	320.8	10.7	4.9	440.1
0.2	15.0	309.6	10.6	5.4	440.1
0.1	16.6	77.5	10.6	3.4	440.1
0.3	17.0	127.5	10.6	4.9	440.1
2.7	14.1	46.3	10.6	2.3	440.1
5.0	14.8	57.8	10.5	2.6	440.1
6.0	16.3	93.4	10.5	4.3	440.1
1.3	11.3	88.9	10.5	2.2	440.1
0.2	10.1	106.0	10.5	3.0	440.1
0.0	10.1	106.8	10.5	2.4	440.1
9.7	14.6	118.3	10.5	3.5	440.1
1.6	11.9	37.5	10.4	4.0	440.1
0.9	8.0	64.0	10.4	1.8	440.1
0.1	8.5	110.5	10.4	2.1	440.1
0.2	11.9	114.6	10.4	2.6	440.1
2.5	11.2	128.5	10.4	4.0	440.1
0.1	6.0	231.3	10.4	2.8	440.1
0.0	8.0	250.8	10.3	3.1	442.2
4.6	3.2	88.1	10.3	1.9	442.2
0.9	4.4	118.2	10.3	1.9	442.2
5.0	4.6	33.3	10.3	1.7	442.2
0.1	4.1	183.1	10.3	2.9	442.2
0.1	4.1	227.4	10.3	3.2	442.2
0.2	6.9	265.9	10.3	3.8	442.2
0.9	10.8	95.3	10.3	3.4	442.2
2.3	10.9	45.2	10.2	1.9	442.2
4.4	12.4	51.0	10.2	2.5	442.2
7.4	10.5	20.5	10.2	1.9	442.2
19.4	12.8	33.8	10.2	2.8	442.2
0.8	9.5	110.1	10.2	3.1	442.2
9.4	8.0	67.8	10.2	2.5	442.2
2.9	2.6	35.3	10.2	1.7	442.2
1.0	2.0	140.6	10.2	2.5	442.2
0.0	-2.5	285.5	10.2	1.8	442.2
0.0	-0.8	188.2	10.2	1.7	442.2
6.2	1.1	36.7	10.2	1.3	442.2
0.8	-0.2	144.1	10.2	2.0	442.2
5.6	1.7	144.0	10.2	2.1	442.2
0.5	3.7	145.1	10.2	2.2	442.2
0.0	3.2	273.7	10.2	2.7	442.2
0.0	0.7	281.9	10.2	2.6	442.2
0.0	4.6	238.1	10.2	3.1	442.2
1.7	11.4	258.2	10.2	4.3	442.2
3.8	12.5	52.0	10.2	3.2	442.2
7.3	9.4	24.2	10.2	1.0	442.2
9.3	10.7	43.2	10.2	1.8	442.2
7.6	6.9	13.8	10.2	3.1	442.2
0.8	1.1	134.1	10.2	1.9	442.2
0.7	-2.7	166.2	10.2	1.6	444.4
2.8	-0.7	176.5	10.2	1.7	444.4
8.2	2.2	17.6	10.2	1.4	444.4
5.0	2.6	27.8	10.2	1.4	444.4
9.2	1.0	43.2	10.3	1.4	444.4
1.3	0.0	109.1	10.3	1.6	444.4
6.5	0.3	248.3	10.3	1.8	444.4
33.6	3.3	20.4	10.3	2.0	444.4
13.6	1.2	33.1	10.3	2.2	444.4
0.4	-2.3	212.2	10.3	1.8	444.4
0.1	-1.3	277.2	10.3	2.5	444.4
0.0	3.0	204.2	10.3	3.1	444.4
1.2	4.8	169.0	10.4	2.7	444.4
11.2	0.5	58.4	10.4	1.3	444.4
0.1	-3.6	195.3	10.4	2.1	444.4
0.0	-5.9	315.8	10.4	1.4	444.4
0.4	-8.9	267.8	10.4	0.7	444.4
0.0	-5.7	326.5	10.4	1.8	444.4
0.0	-1.0	322.2	10.5	3.0	444.4
0.0	-0.4	167.8	10.5	2.3	444.4
0.0	1.1	258.9	10.5	3.2	444.4
0.0	4.7	303.3	10.5	4.4	444.4
0.0	7.4	290.9	10.5	4.7	444.4
0.0	11.6	310.3	10.6	5.5	444.4
0.2	14.5	278.7	10.6	5.7	444.4
0.1	16.0	304.1	10.6	5.4	444.4
0.0	14.8	278.4	10.6	5.6	444.4
0.7	15.2	228.8	10.7	6.0	444.4
7.9	3.4	36.2	10.7	3.0	444.4
0.2	3.2	111.9	10.7	2.0	444.4
16.3	8.1	144.1	10.7	3.2	444.4
16.6	7.2	39.2	10.7	2.0	445.6
26.1	7.4	93.7	10.8	2.0	445.6
3.2	3.5	36.2	10.8	2.4	445.6
0.8	3.0	133.8	10.8	2.4	445.6
0.0	1.7	159.2	10.8	2.8	445.6
0.0	0.8	368.0	10.9	3.1	445.6
0.0	1.2	367.7	10.9	3.2	445.6
0.0	5.9	364.3	10.9	4.6	445.6
6.2	4.7	113.0	11.0	4.6	445.6
1.1	-1.8	134.9	11.0	1.2	445.6
0.0	-0.4	364.6	11.0	2.9	445.6
0.1	2.0	300.7	11.0	3.6	445.6
0.0	6.8	323.4	11.1	4.8	445.6
0.0	5.6	385.0	11.1	4.5	445.6
0.0	4.4	127.5	11.1	4.2	445.6
0.0	-0.0	389.1	11.1	2.6	445.6
0.0	3.1	397.5	11.2	3.9	445.6
3.2	6.6	173.7	11.2	3.8	445.6
6.9	7.0	58.4	11.2	2.7	445.6
5.7	8.4	37.1	11.3	2.1	445.6
1.8	11.2	26.4	11.3	2.9	445.6
0.9	12.9	46.1	11.3	2.6	445.6
7.5	15.6	95.5	11.3	4.0	445.6
7.9	4.5	64.9	11.4	5.5	445.6
0.8	0.2	88.8	11.4	1.8	445.6
1.3	0.8	70.0	11.4	1.7	445.6
7.4	2.5	102.0	11.5	2.0	445.6
12.9	3.5	44.0	11.5	1.6	445.6
1.7	4.4	90.4	11.5	2.8	446.2
0.7	4.6	215.0	11.6	2.9	446.2
0.8	6.8	321.7	11.6	4.3	446.2
10.8	8.8	73.2	11.6	3.6	446.2
14.8	10.8	34.6	11.6	2.5	446.2
4.6	8.5	70.2	11.7	5.1	446.2
1.4	2.6	120.7	11.7	1.6	446.2
0.1	5.1	447.3	11.7	4.7	446.2
0.1	11.1	413.4	11.8	6.9	446.2
0.4	13.0	219.9	11.8	5.0	446.2
0.1	19.1	294.3	11.8	7.0	446.2
0.8	16.6	383.9	11.9	10.4	446.2
0.1	6.2	246.0	11.9	3.4	446.2
9.1	6.4	100.9	11.9	3.6	446.2
2.1	11.0	52.2	12.0	4.5	446.2
0.2	18.3	230.2	12.0	8.6	446.2
12.9	17.4	254.6	12.0	7.3	446.2
12.7	10.6	42.7	12.0	4.6	446.2
6.2	4.6	37.9	12.1	4.2	446.2
4.2	3.9	111.6	12.1	2.9	446.2
17.3	4.5	44.0	12.1	3.7	446.2
0.5	2.0	255.2	12.2	3.4	446.2
31.4	1.2	224.9	12.2	3.4	446.2
3.1	1.8	129.2	12.2	2.5	446.2
0.0	3.5	303.8	12.3	3.3	446.2
7.4	4.1	83.9	12.3	2.6	446.2
0.1	6.4	407.8	12.3	4.8	446.2
0.0	8.9	521.2	12.3	6.7	446.2
0.1	12.7	457.9	12.4	8.0	446.2
9.0	14.0	417.7	12.4	6.4	446.2
5.0	15.3	135.4	12.4	6.2	446.2
15.1	14.9	161.4	12.5	8.9	446.6
0.1	11.1	218.7	12.5	5.7	446.6
0.8	8.2	215.8	12.5	4.0	446.6
0.0	8.6	551.9	12.6	6.8	446.6
0.0	10.9	352.0	12.6	6.3	446.6
0.2	9.5	266.7	12.6	6.2	446.6
0.0	9.6	545.1	12.7	6.4	446.6
17.1	11.4	217.8	12.7	5.4	446.6
3.7	11.0	72.1	12.7	6.5	446.6
0.4	6.2	124.1	12.7	4.3	446.6
0.0	9.3	566.7	12.8	7.2	446.6
0.0	12.3	557.2	12.8	8.2	446.6
10.6	16.1	274.2	12.8	8.1	446.6
8.6	18.0	137.6	12.9	7.5	446.6
0.0	13.2	470.3	12.9	6.8	446.6
0.0	10.5	204.8	12.9	5.4	446.6
13.9	8.7	199.0	12.9	4.9	446.6
2.0	7.3	37.8	13.0	3.2	446.6
0.0	9.9	259.1	13.0	5.3	446.6
0.0	11.2	551.7	13.0	7.2	446.6
9.9	7.5	84.6	13.1	4.2	446.6
0.2	8.0	69.8	13.1	3.2	446.6
3.5	8.0	42.5	13.1	2.2	446.6
1.9	9.1	158.1	13.1	3.7	446.6
0.1	11.4	449.1	13.2	7.3	446.6
0.0	13.8	585.8	13.2	8.2	446.6
3.2	14.4	316.2	13.2	5.9	446.6
10.0	17.8	79.8	13.2	7.9	446.6
7.2	22.6	287.3	13.3	8.2	446.6
17.0	22.6	365.3	13.3	7.8	446.6
21.3	20.2	196.6	13.3	7.9	447.2
0.0	17.6	346.0	13.4	9.0	447.2
0.0	14.7	588.5	13.4	8.0	447.2
0.2	18.6	567.9	13.4	9.8	447.2
0.4	21.2	547.4	13.4	10.0	447.2
4.3	23.6	492.5	13.5	9.2	447.2
25.8	21.5	251.0	13.5	10.4	447.2
6.7	18.2	55.0	13.5	3.5	447.2
7.0	17.6	47.3	13.5	6.0	447.2
0.3	18.7	454.9	13.5	8.3	447.2
7.9	15.8	78.7	13.6	3.9	447.2
1.8	21.9	301.6	13.6	9.9	447.2
2.9	20.7	128.9	13.6	8.3	447.2
0.0	17.9	577.3	13.6	8.2	447.2
1.0	19.3	302.0	13.7	9.0	447.2
35.0	19.4	95.3	13.7	7.8	447.2
0.7	15.6	193.7	13.7	6.9	447.2
0.0	17.4	445.6	13.7	9.7	447.2
40.2	19.5	568.7	13.7	10.2	447.2
4.5	14.3	98.5	13.8	4.3	447.2
0.3	18.8	482.5	13.8	9.8	447.2
0.1	20.4	377.6	13.8	10.3	447.2
0.1	21.8	551.7	13.8	10.3	447.2
3.2	23.6	424.0	13.8	9.7	447.2
7.0	22.3	111.3	13.8	10.3	447.2
0.2	17.7	391.2	13.9	7.7	447.2
30.1	18.2	389.4	13.9	7.2	447.2
1.4	15.5	51.7	13.9	4.9	447.2
0.4	17.6	411.2	13.9	8.6	447.2
0.0	17.0	614.3	13.9	8.1	447.2
0.0	19.7	645.2	13.9	10.3	447.2
16.2	21.9	582.2	13.9	10.5	446.2
43.0	20.1	46.1	14.0	7.4	446.2
7.8	23.7	93.1	14.0	7.0	446.2
0.8	19.4	222.5	14.0	8.8	446.2
3.1	19.9	553.0	14.0	8.5	446.2
3.7	19.3	88.6	14.0	4.6	446.2
0.2	21.0	296.8	14.0	8.7	446.2
0.5	20.8	129.5	14.0	6.5	446.2
0.5	21.5	288.4	14.0	8.5	446.2
28.4	21.2	179.2	14.0	5.7	446.2
14.7	19.1	75.6	14.0	6.1	446.2
2.6	18.2	132.0	14.1	6.4	446.2
1.6	18.3	93.9	14.1	4.0	446.2
1.8	18.9	224.1	14.1	6.8	446.2
5.8	19.9	314.8	14.1	8.0	446.2
65.0	19.9	53.1	14.1	5.3	446.2
2.7	21.3	34.6	14.1	4.2	446.2
0.9	22.8	167.4	14.1	7.1	446.2
0.6	24.0	384.5	14.1	8.9	446.2
0.2	25.0	248.4	14.1	8.0	446.2
0.7	25.7	223.2	14.1	9.0	446.2
0.2	25.9	359.0	14.1	11.1	446.2
0.6	26.8	420.5	14.1	9.9	446.2
0.2	25.5	384.3	14.1	11.2	446.2
0.0	25.1	244.2	14.1	10.3	446.2
0.0	23.3	121.7	14.1	9.2	446.2
0.2	23.9	499.0	14.1	10.4	446.2
0.4	23.5	574.0	14.1	9.9	446.2
0.4	23.4	592.4	14.1	10.1	446.2
0.9	23.3	407.2	14.1	8.8	446.2
0.7	24.2	455.0	14.1	9.1	443.2
0.1	23.6	351.6	14.0	9.2	443.2
0.0	26.3	569.9	14.0	11.1	443.2
4.7	25.1	348.4	14.0	10.0	443.2
10.3	25.1	589.0	14.0	10.6	443.2
1.9	26.0	601.6	14.0	10.8	443.2
3.3	26.7	526.1	14.0	11.3	443.2
7.3	26.9	557.3	14.0	10.8	443.2
28.1	26.2	489.2	14.0	10.4	443.2
12.7	23.5	196.5	14.0	9.3	443.2
3.4	24.8	600.2	14.0	11.1	443.2
2.2	25.9	600.8	13.9	10.5	443.2
5.0	26.3	516.8	13.9	10.5	443.2
7.6	26.4	491.1	13.9	10.6	443.2
2.6	27.1	497.5	13.9	10.3	443.2
24.1	26.7	358.3	13.9	9.3	443.2
18.8	25.7	158.0	13.9	7.2	443.2
20.2	25.6	156.0	13.9	8.8	443.2
0.4	26.6	427.7	13.8	10.0	443.2
0.0	25.5	268.4	13.8	8.6	443.2
21.7	23.1	32.1	13.8	4.2	443.2
1.2	24.6	95.8	13.8	6.6	443.2
8.7	25.5	191.0	13.8	7.6	443.2
21.3	26.1	170.5	13.8	7.9	443.2
31.6	26.3	377.5	13.7	9.2	443.2
21.5	26.3	384.4	13.7	8.6	443.2
11.4	26.5	318.2	13.7	8.2	443.2
13.1	27.1	407.9	13.7	9.4	443.2
7.6	27.4	490.3	13.7	10.6	443.2
8.8	26.7	462.8	13.6	10.6	443.2
0.3	26.4	470.1	13.6	10.2	443.2
0.0	26.7	572.4	13.6	10.3	440.9
0.0	27.2	574.1	13.6	10.9	440.9
0.6	27.4	593.1	13.5	12.0	440.9
1.4	26.8	482.8	13.5	10.6	440.9
0.0	26.1	400.6	13.5	9.3	440.9
0.0	24.3	227.3	13.5	7.4	440.9
0.0	22.3	80.6	13.5	5.0	440.9
0.5	24.0	82.7	13.4	6.2	440.9
1.3	24.9	275.3	13.4	7.1	440.9
0.9	25.3	206.4	13.4	7.4	440.9
0.9	26.1	438.2	13.4	8.8	440.9
2.1	25.9	324.6	13.3	8.7	440.9
6.9	25.4	253.2	13.3	7.6	440.9
2.6	25.5	287.1	13.3	7.8	440.9
1.9	25.5	311.5	13.3	7.5	440.9
1.7	25.5	361.0	13.2	8.8	440.9
0.8	26.3	457.4	13.2	9.0	440.9
7.7	26.3	479.0	13.2	9.6	440.9
11.1	26.2	437.1	13.1	8.6	440.9
10.1	26.6	410.2	13.1	9.0	440.9
13.0	26.7	400.5	13.1	8.6	440.9
16.8	26.5	302.2	13.1	8.4	440.9
11.7	25.2	243.9	13.0	7.4	440.9
0.1	22.4	347.2	13.0	8.1	440.9
0.0	20.9	565.0	13.0	9.9	440.9
0.0	22.0	568.0	13.0	10.7	440.9
0.1	23.7	542.1	12.9	10.2	440.9
0.0	23.9	529.3	12.9	10.5	440.9
0.0	24.1	549.7	12.9	10.8	440.9
0.0	24.0	540.2	12.8	10.3	440.9
0.0	23.3	518.0	12.8	10.1	440.9
0.0	23.9	533.8	12.8	10.3	440.8
0.4	25.3	396.2	12.8	9.2	440.8
0.0	24.9	493.3	12.7	9.9	440.8
0.0	24.9	474.5	12.7	10.1	440.8
0.9	25.5	416.6	12.7	8.8	440.8
0.3	25.6	329.8	12.6	9.5	440.8
0.0	25.6	506.5	12.6	9.7	440.8
0.0	26.3	498.3	12.6	9.7	440.8
0.1	24.1	191.4	12.5	8.2	440.8
0.0	23.6	508.9	12.5	10.3	440.8
0.0	24.8	512.8	12.5	9.6	440.8
0.0	27.0	492.8	12.5	10.1	440.8
0.0	26.6	325.5	12.4	9.1	440.8
0.0	24.6	397.5	12.4	10.0	440.8
0.0	23.9	496.2	12.4	9.2	440.8
0.0	23.0	351.7	12.3	9.7	440.8
0.0	24.4	436.3	12.3	8.7	440.8
0.0	23.3	197.8	12.3	6.1	440.8
44.9	22.4	166.6	12.2	7.4	440.8
21.3	21.6	21.4	12.2	3.6	440.8
7.7	23.3	37.0	12.2	4.7	440.8
0.0	23.2	400.6	12.2	8.8	440.8
0.6	22.1	363.5	12.1	7.3	440.8
0.2	20.8	327.0	12.1	6.9	440.8
0.0	21.3	375.8	12.1	7.0	440.8
0.0	20.1	444.1	12.0	6.8	440.8
0.0	19.6	327.1	12.0	7.3	440.8
0.0	19.4	452.0	12.0	8.3	440.8
0.0	19.9	460.4	11.9	8.1	440.8
0.0	21.4	435.4	11.9	8.2	440.8
0.0	21.0	437.2	11.9	8.4	441.2
0.0	20.2	433.9	11.9	9.5	441.2
0.0	14.9	327.4	11.8	5.6	441.2
0.0	14.3	355.2	11.8	7.1	441.2
0.0	16.0	384.8	11.8	8.1	441.2
0.0	17.5	393.9	11.7	8.8	441.2
0.0	18.5	447.3	11.7	8.3	441.2
0.0	19.8	433.2	11.7	8.6	441.2
0.0	21.2	409.3	11.6	7.7	441.2
0.0	17.9	369.0	11.6	7.6	441.2
0.0	18.2	416.1	11.6	7.3	441.2
0.0	18.9	393.0	11.6	7.4	441.2
0.0	20.3	410.0	11.5	7.6	441.2
0.0	21.7	392.9	11.5	7.5	441.2
5.0	19.8	155.7	11.5	7.4	441.2
0.0	12.5	417.0	11.4	5.7	441.2
0.0	15.3	379.9	11.4	6.2	441.2
0.0	20.2	326.0	11.4	7.4	441.2
0.2	22.0	256.5	11.4	7.2	441.2
0.0	15.4	299.0	11.3	6.3	441.2
0.0	16.1	398.8	11.3	6.7	441.2
0.0	17.3	388.1	11.3	6.4	441.2
0.0	17.7	249.5	11.2	5.3	441.2
0.0	17.8	157.9	11.2	5.2	441.2
0.0	17.7	347.9	11.2	7.2	441.2
0.0	18.5	368.8	11.2	7.0	441.2
0.0	18.5	354.6	11.1	6.5	441.2
0.0	19.9	330.5	11.1	6.8	441.2
0.0	19.8	346.8	11.1	6.6	441.2
0.2	20.5	306.8	11.0	6.1	441.2
0.3	20.4	219.8	11.0	6.2	441.2
0.0	15.8	366.8	11.0	5.7	443.1
0.0	12.8	365.4	11.0	5.6	443.1
0.0	13.1	361.1	10.9	5.5	443.1
0.0	15.5	252.7	10.9	5.7	443.1
0.0	16.6	305.7	10.9	6.4	443.1
0.0	17.3	286.0	10.9	6.0	443.1
0.0	19.5	249.4	10.8	5.9	443.1
0.1	21.5	273.9	10.8	5.8	443.1
0.4	20.3	195.9	10.8	4.8	443.1
2.5	19.2	162.2	10.8	6.8	443.1
0.1	11.9	79.6	10.7	2.7	443.1
5.6	10.6	87.7	10.7	2.5	443.1
0.2	13.4	264.2	10.7	4.2	443.1
0.3	14.7	116.2	10.7	3.4	443.1
7.2	15.9	131.7	10.6	3.4	443.1
3.3	16.8	90.3	10.6	2.8	443.1
1.3	19.0	177.0	10.6	4.3	443.1
2.5	20.2	117.6	10.6	3.9	443.1
7.3	15.1	52.8	10.6	6.1	443.1
0.2	2.4	110.3	10.5	2.1	443.1
8.6	4.7	97.2	10.5	2.2	443.1
0.7	7.8	105.9	10.5	2.3	443.1
0.0	9.9	216.6	10.5	3.5	443.1
0.1	11.5	274.2	10.5	4.3	443.1
20.6	14.7	83.4	10.4	3.6	443.1
0.6	11.4	73.1	10.4	2.7	443.1
0.0	9.9	144.9	10.4	2.2	443.1
0.1	10.1	64.6	10.4	1.8	443.1
0.5	12.1	149.2	10.4	3.1	443.1
0.7	13.1	113.7	10.4	3.4	443.1
0.9	11.5	155.4	10.3	4.0	445.3
0.2	10.7	184.4	10.3	3.6	445.3
0.2	12.7	179.4	10.3	3.8	445.3
0.1	14.5	149.2	10.3	3.7	445.3
16.3	15.5	55.9	10.3	2.5	445.3
1.4	17.6	252.6	10.3	3.6	445.3
1.4	14.6	82.0	10.3	2.8	445.3
11.9	12.0	23.2	10.3	2.2	445.3
31.5	11.6	28.9	10.2	4.0	445.3
0.5	4.8	122.7	10.2	1.6	445.3
0.1	0.8	121.5	10.2	2.4	445.3
0.0	-0.9	292.5	10.2	1.7	445.3
0.0	0.5	288.7	10.2	2.4	445.3
0.0	4.2	252.2	10.2	3.0	445.3
0.9	5.5	70.5	10.2	2.0	445.3
0.7	7.5	90.8	10.2	2.2	445.3
0.0	3.7	273.6	10.2	3.5	445.3
0.0	-3.8	280.0	10.2	1.5	445.3
0.0	-4.2	285.9	10.2	1.6	445.3
0.0	-5.5	261.8	10.2	1.5	445.3
0.0	-5.0	291.7	10.2	1.8	445.3
0.0	-0.4	291.2	10.2	2.6	445.3
0.0	-1.5	283.5	10.2	2.1	445.3
0.0	-0.4	287.4	10.2	2.7	445.3
0.0	-5.0	161.4	10.2	1.3	445.3
0.0	-4.7	234.3	10.2	1.8	445.3
0.0	-2.9	276.9	10.2	2.3	445.3
0.0	0.7	209.3	10.2	2.8	445.3
0.0	1.7	278.6	10.2	3.1	445.3
0.0	0.3	283.5	10.2	2.6	445.3
7.2	0.7	129.2	10.2	1.8	445.3
14.9	-1.8	28.6	10.2	1.5	447.5
0.0	-5.2	299.1	10.2	1.8	447.5
0.0	-4.4	188.7	10.2	1.7	447.5
0.5	-1.8	185.5	10.2	1.6	447.5
3.1	-1.5	41.4	10.3	1.1	447.5
6.5	2.2	140.7	10.3	2.1	447.5
1.4	5.6	24.5	10.3	1.7	447.5
4.4	10.4	87.2	10.3	3.1	447.5
4.7	4.8	23.6	10.3	2.7	447.5
2.1	7.0	88.0	10.3	2.7	447.5
3.6	12.0	191.5	10.3	5.1	447.5
0.8	3.5	98.7	10.3	1.5	447.5
5.4	3.4	29.5	10.4	1.8	447.5
1.6	-0.1	38.2	10.4	1.9	447.5
0.0	-6.3	212.8	10.4	1.5	447.5
0.0	-6.9	319.3	10.4	1.3	447.5
0.4	-4.8	284.3	10.4	1.5	447.5
0.0	-4.2	305.0	10.4	1.8	447.5
0.0	-2.6	274.6	10.5	2.5	447.5
0.1	0.4	315.3	10.5	3.4	447.5
0.1	4.5	290.9	10.5	3.9	447.5
0.2	-1.7	205.4	10.5	2.4	447.5
0.0	-2.2	325.8	10.5	2.0	447.5
0.0	-2.4	321.8	10.6	2.4	447.5
0.0	-3.0	262.0	10.6	2.1	447.5
0.0	-0.0	337.7	10.6	2.4	447.5
0.0	-1.5	192.6	10.6	1.9	447.5
0.0	-0.7	98.2	10.6	1.7	447.5
2.4	2.8	265.4	10.7	3.2	447.5
11.9	1.4	41.0	10.7	1.8	447.5
2.1	0.2	93.3	10.7	1.8	447.5
0.7	-0.2	205.4	10.7	2.1	448.7
0.6	1.1	180.7	10.8	2.3	448.7
1.2	0.4	114.8	10.8	1.9	448.7
10.3	0.0	72.6	10.8	1.4	448.7
27.3	-0.2	28.9	10.8	0.7	448.7
3.1	-0.0	63.3	10.9	0.6	448.7
9.7	3.2	106.8	10.9	2.3	448.7
10.5	4.4	10.8	10.9	1.9	448.7
3.3	3.1	52.1	10.9	1.5	448.7
5.1	4.2	147.2	11.0	2.7	448.7
0.7	-0.5	101.5	11.0	2.7	448.7
0.0	0.2	370.4	11.0	2.9	448.7
2.6	1.7	57.7	11.1	2.2	448.7
0.3	2.3	276.0	11.1	3.7	448.7
1.0	3.9	250.7	11.1	4.1	448.7
3.9	6.2	152.0	11.1	3.3	448.7
5.3	6.2	183.1	11.2	2.7	448.7
0.5	5.7	134.5	11.2	2.9	448.7
2.5	7.6	222.8	11.2	3.9	448.7
8.1	8.4	108.2	11.3	4.2	448.7
24.4	0.3	28.6	11.3	2.7	448.7
26.4	-1.5	105.2	11.3	1.4	448.7
7.9	-2.3	69.8	11.3	1.4	448.7
12.6	-2.0	83.0	11.4	1.4	448.7
6.6	-1.5	99.3	11.4	2.2	448.7
10.2	-0.1	209.1	11.4	1.4	448.7
3.6	-1.4	109.7	11.5	1.9	448.7
18.6	-2.0	158.8	11.5	1.4	448.7
19.6	-0.4	47.8	11.5	1.7	449.3
16.4	-0.1	49.3	11.5	0.7	449.3
23.3	0.3	73.6	11.6	0.7	449.3
0.6	2.7	194.5	11.6	3.6	449.3
0.5	9.7	131.0	11.6	4.9	449.3
7.1	17.2	308.5	11.7	6.5	449.3
13.3	15.8	307.9	11.7	5.6	449.3
12.8	15.6	92.9	11.7	6.6	449.3
18.9	10.1	47.9	11.8	2.1	449.3
4.6	10.0	46.3	11.8	4.4	449.3
16.9	12.6	256.2	11.8	5.5	449.3
18.4	10.8	32.5	11.9	5.0	449.3
20.7	8.3	40.2	11.9	4.8	449.3
14.1	7.0	138.7	11.9	3.0	449.3
24.7	8.8	42.6	11.9	4.1	449.3
7.6	11.4	95.6	12.0	7.3	449.3
13.8	5.8	48.8	12.0	2.2	449.3
20.0	9.3	134.1	12.0	4.5	449.3
3.2	7.2	41.6	12.1	3.7	449.3
29.3	5.9	43.7	12.1	3.0	449.3
7.4	5.7	20.4	12.1	1.7	449.3
7.4	5.9	35.0	12.2	2.6	449.3
4.8	5.7	74.5	12.2	2.4	449.3
0.1	6.0	480.1	12.2	5.3	449.3
0.1	6.0	265.9	12.2	4.9	449.3
0.0	9.5	507.5	12.3	6.7	449.3
14.9	12.6	170.9	12.3	6.7	449.3
6.9	17.7	143.3	12.3	8.1	449.3
0.3	11.1	331.4	12.4	6.4	449.3
0.1	7.8	404.6	12.4	4.8	449.3
8.9	6.5	55.2	12.4	3.1	449.3
0.5	8.7	346.8	12.5	5.8	449.7
0.0	12.3	506.0	12.5	7.7	449.7
43.3	13.8	179.0	12.5	6.2	449.7
8.4	12.9	39.7	12.6	2.8	449.7
23.4	15.7	62.5	12.6	5.5	449.7
2.2	18.9	160.9	12.6	7.2	449.7
11.5	17.6	232.4	12.6	9.0	449.7
20.7	8.3	38.6	12.7	4.8	449.7
9.2	7.6	34.9	12.7	2.3	449.7
6.9	8.4	45.2	12.7	2.5	449.7
1.7	10.4	150.9	12.8	4.1	449.7
0.6	11.8	508.6	12.8	6.9	449.7
0.1	14.8	347.3	12.8	7.1	449.7
7.0	14.1	236.0	12.8	5.7	449.7
3.7	12.3	138.3	12.9	6.9	449.7
0.0	11.9	463.5	12.9	7.5	449.7
0.6	14.4	401.4	12.9	7.3	449.7
18.6	10.4	75.4	13.0	4.9	449.7
0.7	12.4	170.0	13.0	5.3	449.7
47.3	15.2	101.1	13.0	6.6	449.7
0.0	14.4	541.7	13.0	7.5	449.7
0.1	14.3	581.0	13.1	8.6	449.7
0.0	16.7	490.9	13.1	9.5	449.7
7.3	21.2	488.7	13.1	10.0	449.7
1.6	13.7	133.8	13.2	5.6	449.7
0.0	19.2	568.6	13.2	8.5	449.7
0.0	20.5	570.4	13.2	9.2	449.7
0.2	21.3	449.8	13.2	10.0	449.7
0.6	22.6	375.3	13.3	9.5	449.7
3.8	22.4	305.0	13.3	8.5	449.7
5.4	22.5	543.8	13.3	10.2	450.3
43.3	21.9	91.8	13.3	8.0	450.3
12.0	14.4	45.6	13.4	9.6	450.3
3.6	11.9	34.4	13.4	2.4	450.3
2.9	13.6	92.8	13.4	4.6	450.3
6.4	13.6	66.8	13.4	5.1	450.3
2.4	13.0	98.3	13.5	4.0	450.3
9.1	12.4	82.2	13.5	3.5	450.3
10.8	11.5	33.2	13.5	3.3	450.3
0.6	14.0	320.2	13.5	7.4	450.3
9.7	14.4	130.3	13.6	4.8	450.3
4.9	14.1	37.4	13.6	3.4	450.3
0.2	14.7	303.9	13.6	8.5	450.3
0.6	12.4	429.6	13.6	7.7	450.3
0.1	17.0	602.7	13.7	10.7	450.3
0.0	19.1	598.4	13.7	10.7	450.3
0.1	18.4	187.3	13.7	6.5	450.3
0.1	22.5	598.8	13.7	10.8	450.3
7.1	24.3	510.8	13.7	10.8	450.3
4.4	22.1	301.7	13.8	8.8	450.3
2.2	21.2	503.4	13.8	12.0	450.3
0.1	21.6	602.7	13.8	11.7	450.3
0.0	23.8	613.0	13.8	11.0	450.3
0.2	23.2	498.3	13.8	9.7	450.3
0.0	22.0	214.7	13.8	5.9	450.3
5.5	22.7	144.0	13.9	7.6	450.3
6.9	22.9	149.8	13.9	6.1	450.3
0.6	21.5	280.6	13.9	8.6	450.3
0.0	24.3	610.7	13.9	11.0	450.3
64.7	23.5	125.1	13.9	6.5	450.3
1.1	21.1	114.9	13.9	7.8	450.3
1.4	21.1	312.1	13.9	8.6	449.3
25.6	22.4	82.5	14.0	5.7	449.3
2.7	22.7	64.8	14.0	5.5	449.3
0.6	23.3	204.1	14.0	7.6	449.3
4.4	24.5	365.0	14.0	10.4	449.3
1.9	19.5	89.7	14.0	6.3	449.3
11.1	20.4	291.1	14.0	8.2	449.3
2.6	18.5	45.5	14.0	4.9	449.3
0.7	22.7	167.2	14.0	8.0	449.3
37.9	25.0	399.1	14.0	9.3	449.3
8.2	22.8	119.0	14.0	8.1	449.3
5.6	25.0	610.1	14.1	11.4	449.3
0.9	26.3	619.9	14.1	12.0	449.3
3.3	26.4	595.4	14.1	11.7	449.3
0.0	25.6	457.6	14.1	10.9	449.3
2.1	24.0	218.4	14.1	9.4	449.3
5.9	22.8	122.0	14.1	5.9	449.3
38.8	21.8	42.4	14.1	5.0	449.3
0.8	23.1	329.0	14.1	7.9	449.3
2.8	22.2	67.4	14.1	3.4	449.3
4.1	23.4	60.9	14.1	5.0	449.3
4.1	24.0	61.7	14.1	3.9	449.3
15.7	25.6	322.7	14.1	9.1	449.3
22.8	26.3	403.4	14.1	9.0	449.3
0.7	27.1	488.2	14.1	10.0	449.3
4.4	27.5	394.3	14.1	12.2	449.3
0.3	25.9	145.8	14.1	8.0	449.3
10.6	26.7	536.4	14.1	11.3	449.3
18.8	26.9	451.4	14.1	10.1	449.3
29.6	26.3	165.8	14.1	8.3	449.3
2.4	24.6	87.3	14.1	5.6	446.2
0.1	25.9	443.8	14.0	9.8	446.2
1.3	25.3	379.9	14.0	11.8	446.2
0.1	25.4	604.4	14.0	10.4	446.2
0.0	25.5	490.5	14.0	10.0	446.2
0.0	25.1	432.4	14.0	9.0	446.2
0.0	23.9	133.0	14.0	6.1	446.2
20.7	26.3	506.4	14.0	9.5	446.2
10.6	27.1	503.4	14.0	9.9	446.2
33.7	26.9	430.1	14.0	8.8	446.2
10.4	27.3	295.6	14.0	9.1	446.2
1.4	28.2	535.0	14.0	10.3	446.2
2.4	28.1	400.9	13.9	9.3	446.2
17.2	27.5	364.8	13.9	9.9	446.2
15.6	27.4	511.7	13.9	10.3	446.2
19.0	27.8	494.2	13.9	9.0	446.2
8.7	28.1	573.1	13.9	10.8	446.2
23.5	27.3	467.0	13.9	9.1	446.2
7.4	27.6	377.7	13.8	9.8	446.2
14.0	26.7	360.7	13.8	9.1	446.2
16.9	26.2	377.8	13.8	8.5	446.2
18.8	26.5	379.6	13.8	9.6	446.2
14.6	26.7	347.8	13.8	9.4	446.2
10.5	25.4	415.5	13.8	10.2	446.2
0.2	25.4	557.6	13.7	9.9	446.2
0.1	25.8	567.8	13.7	10.0	446.2
0.0	27.6	596.2	13.7	10.6	446.2
0.2	28.5	576.2	13.7	11.2	446.2
3.6	28.1	537.3	13.7	11.2	446.2
8.3	26.9	486.5	13.6	10.2	446.2
9.0	25.5	328.9	13.6	7.2	446.2
7.0	25.9	305.1	13.6	8.0	444.0
25.3	24.5	221.7	13.6	6.1	444.0
1.2	23.9	50.0	13.6	4.7	444.0
0.5	24.9	232.1	13.5	7.9	444.0
1.7	25.8	372.3	13.5	8.2	444.0
0.4	25.3	386.0	13.5	9.6	444.0
0.0	26.7	583.1	13.5	10.1	444.0
0.1	28.4	575.2	13.4	10.9	444.0
0.4	28.6	514.3	13.4	10.3	444.0
6.5	26.2	318.6	13.4	8.7	444.0
0.0	24.3	322.7	13.4	8.8	444.0
0.1	25.4	410.3	13.3	8.3	444.0
0.1	26.3	445.4	13.3	9.2	444.0
0.5	27.5	484.5	13.3	9.9	444.0
20.0	26.9	482.2	13.3	9.2	444.0
0.4	27.3	490.9	13.2	9.4	444.0
0.8	26.0	326.2	13.2	8.9	444.0
1.2	26.1	347.0	13.2	8.0	444.0
0.7	25.0	111.5	13.2	5.6	444.0
0.3	25.2	82.5	13.1	6.4	444.0
19.0	26.2	501.0	13.1	9.0	444.0
13.4	26.0	466.3	13.1	8.9	444.0
5.5	25.4	285.7	13.0	7.0	444.0
3.7	24.7	136.7	13.0	4.7	444.0
6.4	25.1	287.6	13.0	7.7	444.0
12.4	25.4	363.5	13.0	8.4	444.0
23.4	24.9	360.8	12.9	7.5	444.0
7.4	24.3	100.2	12.9	5.4	444.0
19.6	24.1	373.8	12.9	7.2	444.0
0.7	23.5	114.6	12.8	5.0	444.0
4.5	22.4	84.3	12.8	5.7	444.0
2.4	21.9	48.9	12.8	3.2	443.9
1.1	22.5	109.2	12.8	5.5	443.9
1.1	22.2	129.8	12.7	5.7	443.9
0.1	22.1	480.0	12.7	8.7	443.9
0.0	22.9	517.9	12.7	9.5	443.9
0.0	24.2	527.6	12.6	9.8	443.9
0.1	24.7	520.1	12.6	10.3	443.9
0.0	26.1	509.3	12.6	10.2	443.9
0.0	24.9	455.6	12.6	10.0	443.9
0.0	25.5	497.3	12.5	9.4	443.9
0.0	26.4	474.8	12.5	9.8	443.9
0.9	26.6	320.7	12.5	7.3	443.9
0.0	24.3	383.2	12.4	8.4	443.9
0.0	22.6	461.9	12.4	9.1	443.9
0.0	24.6	464.5	12.4	8.8	443.9
0.2	26.6	369.2	12.3	8.8	443.9
0.6	26.5	346.0	12.3	9.3	443.9
0.0	23.9	493.7	12.3	10.0	443.9
0.0	22.4	498.3	12.3	9.6	443.9
0.0	22.9	421.9	12.2	9.0	443.9
0.0	22.9	475.7	12.2	10.2	443.9
0.0	21.2	480.6	12.2	8.6	443.9
0.0	20.4	421.0	12.1	7.6	443.9
0.1	20.7	393.8	12.1	8.5	443.9
0.0	20.8	473.3	12.1	9.2	443.9
0.0	22.1	427.4	12.0	9.4	443.9
0.0	23.4	461.9	12.0	9.6	443.9
0.0	22.5	459.9	12.0	9.2	443.9
0.0	21.7	285.7	12.0	8.4	443.9
0.0	19.8	345.0	11.9	8.7	443.9
0.0	18.2	450.1	11.9	7.7	444.4
0.0	19.6	455.1	11.9	8.3	444.4
0.0	20.0	447.5	11.8	8.2	444.4
0.0	21.0	440.6	11.8	8.2	444.4
0.0	21.7	425.4	11.8	7.6	444.4
0.0	21.4	411.7	11.7	7.9	444.4
0.0	21.5	425.8	11.7	8.2	444.4
0.0	21.5	423.1	11.7	8.3	444.4
0.0	19.4	431.3	11.7	8.0	444.4
0.0	19.3	435.2	11.6	7.7	444.4
0.0	18.0	424.1	11.6	6.2	444.4
0.0	17.8	272.1	11.6	7.4	444.4
0.0	19.9	398.2	11.5	7.8	444.4
0.0	20.1	413.5	11.5	7.9	444.4
0.0	20.1	412.2	11.5	7.8	444.4
0.0	21.6	382.3	11.4	7.4	444.4
0.0	20.1	189.3	11.4	6.5	444.4
0.0	21.1	396.8	11.4	7.9	444.4
0.0	21.0	395.8	11.4	8.3	444.4
0.0	20.9	392.2	11.3	8.1	444.4
0.0	18.0	395.7	11.3	7.3	444.4
0.0	19.7	385.0	11.3	7.2	444.4
0.0	16.9	175.8	11.2	6.0	444.4
0.0	13.1	398.9	11.2	5.6	444.4
0.0	12.7	398.4	11.2	6.5	444.4
0.0	14.2	395.7	11.2	6.7	444.4
0.0	15.6	382.9	11.1	7.1	444.4
0.0	17.2	373.8	11.1	6.7	444.4
0.0	14.4	360.9	11.1	5.4	444.4
0.1	16.1	239.7	11.0	5.4	444.4
0.4	17.4	69.8	11.0	4.4	444.4
0.0	18.2	108.8	11.0	4.3	446.2
0.0	17.4	241.0	11.0	4.6	446.2
0.0	14.6	219.3	10.9	5.5	446.2
0.0	12.6	355.7	10.9	6.0	446.2
0.0	13.7	349.8	10.9	5.4	446.2
0.3	16.4	225.9	10.9	5.2	446.2
0.0	14.6	255.1	10.8	5.6	446.2
0.0	12.7	346.3	10.8	5.7	446.2
0.0	14.4	343.6	10.8	5.6	446.2
0.0	15.4	325.2	10.8	5.8	446.2
0.0	15.2	124.1	10.7	4.0	446.2
0.0	16.6	156.0	10.7	5.3	446.2
0.0	18.4	318.6	10.7	5.9	446.2
0.0	15.7	328.2	10.7	5.7	446.2
0.0	14.0	326.4	10.6	5.1	446.2
0.0	14.6	324.6	10.6	5.5	446.2
0.0	15.6	311.8	10.6	5.5	446.2
0.0	15.7	204.0	10.6	4.0	446.2
0.0	19.0	257.1	10.6	5.0	446.2
12.8	20.8	251.2	10.5	5.0	446.2
10.3	14.5	36.7	10.5	4.4	446.2
35.8	4.0	23.8	10.5	4.0	446.2
0.0	-2.3	201.0	10.5	1.8	446.2
0.0	2.1	294.0	10.5	3.1	446.2
0.1	4.2	307.6	10.4	3.3	446.2
0.2	6.3	259.9	10.4	3.3	446.2
0.3	7.9	103.2	10.4	3.3	446.2
0.0	7.2	306.4	10.4	3.6	446.2
0.1	8.8	298.2	10.4	4.4	446.2
0.2	9.9	291.0	10.4	4.9	446.2
0.0	11.4	280.9	10.3	4.6	448.4
0.1	13.9	284.1	10.3	4.8	448.4
1.7	12.4	177.1	10.3	4.1	448.4
1.6	11.6	51.4	10.3	2.0	448.4
1.2	10.2	84.4	10.3	3.1	448.4
12.8	3.3	22.3	10.3	2.5	448.4
13.6	1.2	26.0	10.3	0.7	448.4
1.0	0.5	64.1	10.3	1.9	448.4
0.0	-1.0	289.7	10.2	2.2	448.4
0.0	-2.9	287.8	10.2	1.8	448.4
0.0	1.2	275.5	10.2	2.5	448.4
0.0	2.4	275.5	10.2	2.8	448.4
0.0	-0.7	288.3	10.2	2.2	448.4
0.0	1.8	281.3	10.2	2.8	448.4
0.0	0.8	205.1	10.2	2.6	448.4
0.1	3.5	252.3	10.2	3.4	448.4
0.0	3.1	277.3	10.2	3.1	448.4
0.0	6.7	278.3	10.2	3.9	448.4
0.0	4.3	278.9	10.2	3.3	448.4
0.0	5.7	286.4	10.2	3.6	448.4
0.0	8.6	285.7	10.2	4.3	448.4
0.0	1.7	263.4	10.2	2.5	448.4
0.0	-2.7	288.3	10.2	1.6	448.4
0.0	-1.9	292.7	10.2	2.2	448.4
0.0	0.8	289.3	10.2	3.0	448.4
0.0	3.8	249.6	10.2	3.8	448.4
0.0	3.0	292.0	10.2	3.4	448.4
0.0	1.4	290.4	10.2	2.9	448.4
0.0	0.8	283.1	10.2	2.5	448.4
0.0	0.9	295.1	10.2	3.0	448.4
0.0	2.3	298.7	10.2	3.4	448.4
0.0	4.5	289.6	10.2	3.9	450.6
0.0	4.2	286.7	10.2	3.1	450.6
0.0	3.4	286.0	10.2	3.4	450.6
0.0	6.4	296.0	10.2	4.1	450.6
0.0	8.1	289.9	10.3	4.1	450.6
0.0	8.4	269.2	10.3	4.7	450.6
0.0	4.0	289.0	10.3	2.5	450.6
0.0	2.3	117.8	10.3	2.4	450.6
0.0	2.3	298.1	10.3	3.2	450.6
0.0	4.4	305.4	10.3	4.1	450.6
0.0	7.3	250.4	10.3	4.4	450.6
0.0	1.1	170.8	10.3	2.2	450.6
0.0	-0.2	212.4	10.4	2.1	450.6
0.0	2.3	314.2	10.4	3.4	450.6
0.0	1.1	314.8	10.4	3.4	450.6
0.0	3.3	314.7	10.4	3.6	450.6
10.9	5.7	114.6	10.4	2.6	450.6
1.2	3.4	81.1	10.4	3.0	450.6
0.0	1.0	322.9	10.5	2.8	450.6
0.0	3.8	322.9	10.5	3.6	450.6
0.0	4.5	309.7	10.5	3.5	450.6
0.0	6.1	236.5	10.5	4.1	450.6
0.0	10.1	316.4	10.5	5.4	450.6
0.2	13.2	201.5	10.6	5.3	450.6
11.5	10.4	220.4	10.6	6.4	450.6
0.5	-0.3	248.1	10.6	2.3	450.6
0.0	2.4	332.9	10.6	3.2	450.6
0.0	2.8	262.3	10.6	2.4	450.6
8.6	3.2	107.0	10.7	2.1	450.6
18.1	0.7	37.7	10.7	1.2	450.6
0.3	1.2	237.6	10.7	3.2	450.6
0.0	4.9	208.0	10.7	3.9	451.8
0.3	5.9	76.8	10.8	2.3	451.8
10.1	7.0	51.2	10.8	2.6	451.8
1.5	5.1	59.8	10.8	2.0	451.8
0.5	5.8	151.8	10.8	2.8	451.8
15.5	6.7	60.9	10.9	2.1	451.8
1.1	8.8	171.4	10.9	3.6	451.8
0.0	5.0	229.0	10.9	2.8	451.8
22.9	3.9	43.1	10.9	1.8	451.8
6.3	3.2	34.0	11.0	2.1	451.8
0.1	2.0	134.5	11.0	2.7	451.8
0.6	4.8	317.0	11.0	3.5	451.8
0.7	4.9	194.9	11.0	3.2	451.8
0.1	5.7	362.1	11.1	4.2	451.8
0.0	6.9	309.9	11.1	4.1	451.8
15.6	7.1	130.8	11.1	2.6	451.8
2.2	5.1	56.9	11.2	3.2	451.8
0.0	6.8	405.7	11.2	4.1	451.8
0.0	6.0	401.1	11.2	4.6	451.8
0.0	7.5	289.6	11.2	4.0	451.8
0.0	8.4	129.2	11.3	4.7	451.8
1.4	7.5	244.0	11.3	3.8	451.8
14.1	5.4	38.2	11.3	2.1	451.8
0.1	6.3	234.0	11.4	3.6	451.8
0.0	6.8	425.8	11.4	3.6	451.8
0.0	3.1	429.2	11.4	4.5	451.8
0.0	3.7	441.7	11.5	4.5	451.8
1.8	11.4	391.2	11.5	6.6	451.8
8.5	11.5	52.9	11.5	3.3	452.4
7.7	13.6	100.9	11.5	4.8	452.4
0.2	9.3	193.5	11.6	5.5	452.4
15.5	1.9	220.5	11.6	2.8	452.4
35.1	-0.1	22.0	11.6	0.8	452.4
15.3	1.0	15.0	11.7	1.5	452.4
10.0	2.8	99.4	11.7	2.4	452.4
3.8	2.3	44.9	11.7	2.4	452.4
0.0	5.0	315.4	11.8	3.8	452.4
4.9	5.0	103.5	11.8	2.6	452.4
5.9	6.0	34.6	11.8	2.7	452.4
29.1	6.4	44.0	11.8	1.7	452.4
3.2	10.2	241.9	11.9	5.0	452.4
36.8	10.3	36.8	11.9	3.6	452.4
0.8	4.6	113.6	11.9	4.5	452.4
0.0	5.4	459.4	12.0	5.0	452.4
0.0	9.3	428.3	12.0	5.8	452.4
6.0	10.4	88.9	12.0	5.0	452.4
9.9	17.5	108.6	12.1	5.6	452.4
0.8	20.2	360.8	12.1	7.7	452.4
0.0	22.0	468.1	12.1	8.0	452.4
0.3	21.6	377.6	12.2	9.2	452.4
1.8	19.0	378.8	12.2	7.8	452.4
7.5	10.5	38.7	12.2	7.3	452.4
1.8	6.0	106.7	12.2	2.7	452.4
21.9	7.1	90.6	12.3	2.7	452.4
3.0	8.0	93.2	12.3	3.4	452.4
8.4	8.0	71.0	12.3	2.2	452.4
1.2	8.9	132.7	12.4	3.7	452.4
0.0	11.1	480.4	12.4	6.9	452.4
0.0	13.5	369.3	12.4	7.3	452.4
0.2	16.7	474.0	12.5	7.7	452.8
0.2	13.9	222.2	12.5	9.5	452.8
0.0	6.5	406.4	12.5	4.6	452.8
0.0	12.0	543.9	12.5	7.1	452.8
0.0	15.0	361.2	12.6	7.3	452.8
0.0	17.4	541.0	12.6	10.7	452.8
1.4	17.0	421.8	12.6	8.8	452.8
29.0	11.5	55.7	12.7	6.1	452.8
0.2	10.6	263.6	12.7	4.6	452.8
0.0	9.9	287.3	12.7	5.6	452.8
0.0	7.7	578.5	12.8	5.6	452.8
0.0	13.3	496.1	12.8	8.4	452.8
0.0	13.3	432.9	12.8	7.2	452.8
0.0	13.7	551.9	12.8	9.0	452.8
0.0	13.7	518.0	12.9	9.5	452.8
0.7	17.1	558.2	12.9	9.8	452.8
17.6	15.2	50.1	12.9	4.2	452.8
0.1	17.3	454.9	13.0	7.8	452.8
18.9	13.5	84.8	13.0	6.7	452.8
3.4	12.2	74.2	13.0	3.6	452.8
0.0	13.7	540.9	13.0	7.4	452.8
16.7	14.6	109.6	13.1	4.8	452.8
33.2	13.8	46.4	13.1	6.5	452.8
19.5	9.0	36.4	13.1	3.1	452.8
27.4	8.5	32.5	13.2	3.1	452.8
1.1	7.6	110.9	13.2	4.7	452.8
1.2	11.6	377.3	13.2	6.7	452.8
0.5	15.2	525.5	13.2	8.5	452.8
0.0	17.7	573.7	13.3	9.8	452.8
0.0	18.7	575.6	13.3	9.0	452.8
7.7	18.6	161.2	13.3	6.5	453.4
49.9	19.0	76.6	13.3	4.6	453.4
1.0	16.3	176.3	13.4	8.9	453.4
0.0	18.5	611.5	13.4	9.9	453.4
0.0	19.1	362.7	13.4	9.5	453.4
0.4	19.5	518.2	13.4	9.9	453.4
0.0	15.0	580.6	13.5	9.4	453.4
0.0	17.2	616.5	13.5	10.1	453.4
0.0	18.5	377.5	13.5	8.2	453.4
12.1	16.8	91.4	13.5	5.2	453.4
42.9	18.0	60.4	13.6	4.7	453.4
2.5	15.9	140.4	13.6	6.7	453.4
2.2	13.8	53.1	13.6	4.6	453.4
1.3	17.6	472.5	13.6	9.6	453.4
0.3	17.2	379.7	13.6	9.2	453.4
0.0	20.2	577.9	13.7	10.9	453.4
0.0	20.9	324.8	13.7	9.9	453.4
0.1	21.2	375.2	13.7	10.9	453.4
47.2	17.2	70.8	13.7	5.7	453.4
9.7	17.8	84.3	13.7	7.3	453.4
0.0	17.5	390.6	13.8	9.0	453.4
25.9	22.4	592.8	13.8	10.7	453.4
20.9	22.6	89.0	13.8	5.8	453.4
8.8	24.1	169.6	13.8	8.6	453.4
22.0	23.9	227.2	13.8	10.0	453.4
2.8	19.8	33.8	13.9	3.4	453.4
12.5	18.7	51.4	13.9	7.7	453.4
7.3	15.8	81.3	13.9	3.7	453.4
21.5	16.8	98.3	13.9	4.3	453.4
18.6	18.1	45.5	13.9	4.8	453.4
14.8	18.0	21.5	13.9	3.0	453.4
2.1	17.9	66.0	13.9	4.1	452.3
5.5	17.1	59.1	14.0	4.7	452.3
0.7	18.2	336.7	14.0	8.1	452.3
0.2	19.4	548.5	14.0	9.8	452.3
0.1	19.8	611.9	14.0	9.9	452.3
0.0	20.3	622.3	14.0	10.3	452.3
0.0	22.1	636.7	14.0	10.9	452.3
0.0	22.5	646.5	14.0	10.5	452.3
0.7	24.1	587.4	14.0	9.7	452.3
3.4	24.0	337.0	14.0	9.3	452.3
0.1	24.3	476.9	14.0	10.4	452.3
0.8	23.7	641.4	14.1	11.8	452.3
0.0	25.4	635.0	14.1	11.8	452.3
0.1	27.0	624.7	14.1	12.1	452.3
5.6	25.8	240.4	14.1	10.6	452.3
0.1	24.3	128.4	14.1	8.3	452.3
0.3	24.2	133.6	14.1	7.1	452.3
8.5	24.3	168.2	14.1	7.8	452.3
16.8	24.5	257.8	14.1	8.0	452.3
13.1	23.0	88.4	14.1	5.8	452.3
3.9	23.5	146.8	14.1	7.0	452.3
0.7	25.9	485.3	14.1	10.1	452.3
5.8	23.2	207.9	14.1	10.8	452.3
0.0	24.9	608.1	14.1	10.3	452.3
0.0	25.9	456.0	14.1	10.0	452.3
2.1	24.7	287.3	14.1	9.0	452.3
0.4	25.8	462.3	14.1	9.9	452.3
0.8	27.4	573.5	14.1	10.5	452.3
20.9	26.8	481.4	14.1	9.0	452.3
33.2	26.0	210.3	14.1	9.1	452.3
18.7	22.4	46.4	14.1	6.0	449.3
4.6	21.4	37.5	14.1	4.4	449.3
5.5	24.2	183.6	14.0	8.1	449.3
11.8	25.4	304.4	14.0	9.3	449.3
8.3	26.8	578.9	14.0	11.1	449.3
1.3	27.7	610.6	14.0	10.8	449.3
1.8	28.2	607.5	14.0	11.1	449.3
0.0	28.7	607.6	14.0	12.0	449.3
0.0	28.8	605.4	14.0	11.8	449.3
0.9	28.2	554.3	14.0	10.5	449.3
0.0	28.4	479.1	14.0	10.2	449.3
14.8	27.6	496.7	14.0	11.2	449.3
17.6	27.3	498.8	13.9	9.4	449.3
22.5	26.6	330.4	13.9	8.7	449.3
14.4	25.3	194.4	13.9	7.2	449.3
23.6	25.7	294.6	13.9	8.3	449.3
12.0	26.2	306.6	13.9	8.3	449.3
22.4	26.3	261.4	13.9	7.3	449.3
27.0	26.7	409.7	13.9	9.4	449.3
14.8	27.8	513.5	13.8	10.6	449.3
20.9	26.2	243.3	13.8	8.6	449.3
21.6	25.0	236.9	13.8	7.3	449.3
24.6	24.9	279.7	13.8	7.7	449.3
24.9	24.4	226.5	13.8	7.3	449.3
4.3	26.0	412.9	13.7	9.2	449.3
6.9	26.6	504.3	13.7	10.3	449.3
13.0	26.9	490.8	13.7	10.0	449.3
10.4	26.9	523.0	13.7	10.6	449.3
3.3	27.5	534.3	13.7	10.3	449.3
1.7	27.9	575.6	13.6	10.7	449.3
0.0	27.7	587.2	13.6	11.1	449.3
2.8	27.4	592.0	13.6	10.7	447.1
0.1	28.6	585.9	13.6	10.5	447.1
3.7	28.3	573.3	13.6	10.4	447.1
0.0	29.1	587.9	13.5	10.3	447.1
2.7	28.8	581.4	13.5	11.2	447.1
9.5	27.9	558.4	13.5	11.2	447.1
11.0	27.2	536.5	13.5	10.3	447.1
6.1	27.5	541.7	13.4	11.2	447.1
8.6	26.7	567.7	13.4	11.5	447.1
8.3	26.9	572.8	13.4	11.0	447.1
6.7	26.9	546.2	13.4	10.0	447.1
6.0	26.7	544.8	13.3	10.3	447.1
5.0	26.8	502.7	13.3	10.2	447.1
5.7	27.1	532.6	13.3	10.8	447.1
6.6	26.6	474.9	13.3	10.0	447.1
9.3	26.5	496.8	13.2	10.1	447.1
9.7	26.4	475.4	13.2	9.9	447.1
15.5	25.6	351.6	13.2	8.1	447.1
22.5	25.2	353.1	13.2	8.0	447.1
12.3	24.6	349.1	13.1	8.6	447.1
12.8	24.6	461.8	13.1	8.5	447.1
6.0	25.3	503.1	13.1	8.8	447.1
0.8	25.1	356.5	13.0	8.2	447.1
0.5	25.7	457.1	13.0	8.3	447.1
0.5	25.2	324.7	13.0	7.8	447.1
0.9	25.8	320.4	13.0	6.9	447.1
1.3	25.4	242.5	12.9	7.5	447.1
8.3	26.0	371.7	12.9	7.8	447.1
12.6	25.7	437.4	12.9	7.8	447.1
7.5	26.0	469.2	12.9	9.6	447.1
6.4	26.0	519.5	12.8	9.5	447.1
11.3	26.1	455.4	12.8	9.2	447.0
17.4	26.1	382.0	12.8	8.7	447.0
15.6	26.1	425.5	12.7	9.0	447.0
0.7	26.2	478.6	12.7	9.3	447.0
2.8	26.1	500.0	12.7	9.6	447.0
11.1	25.6	456.9	12.6	8.5	447.0
2.7	26.4	501.7	12.6	9.2	447.0
0.0	26.4	505.2	12.6	9.5	447.0
0.5	26.5	439.6	12.6	9.2	447.0
0.4	26.9	462.6	12.5	9.3	447.0
0.2	27.2	470.0	12.5	8.7	447.0
0.4	26.9	248.2	12.5	7.0	447.0
12.5	26.2	369.0	12.4	7.8	447.0
26.6	25.8	331.9	12.4	7.2	447.0
22.3	24.2	257.0	12.4	7.0	447.0
1.1	21.8	114.7	12.4	5.9	447.0
0.0	20.6	465.2	12.3	6.2	447.0
0.1	20.6	471.5	12.3	7.7	447.0
2.3	22.1	58.3	12.3	5.9	447.0
1.2	20.1	80.0	12.2	7.6	447.0
0.0	17.5	462.5	12.2	7.0	447.0
0.0	17.5	492.4	12.2	7.9	447.0
0.0	19.1	488.1	12.1	8.1	447.0
0.0	22.5	213.3	12.1	6.7	447.0
0.4	24.8	305.1	12.1	7.1	447.0
15.6	24.1	373.8	12.1	7.8	447.0
12.2	23.8	414.0	12.0	7.5	447.0
0.5	23.8	425.9	12.0	8.1	447.0
0.1	22.6	452.9	12.0	8.5	447.0
0.0	20.8	408.7	11.9	8.8	447.0
0.0	20.4	457.7	11.9	8.8	447.5
0.0	20.4	459.6	11.9	9.4	447.5
0.0	20.8	461.5	11.8	9.6	447.5
0.6	23.1	436.0	11.8	8.4	447.5
4.9	23.7	33.3	11.8	4.1	447.5
14.8	23.6	34.7	11.7	3.6	447.5
19.1	20.7	11.3	11.7	5.3	447.5
0.2	16.4	173.1	11.7	6.8	447.5
0.0	14.0	437.0	11.7	5.9	447.5
0.0	14.5	439.2	11.6	5.8	447.5
0.1	16.9	425.0	11.6	6.3	447.5
0.1	17.3	418.1	11.6	6.4	447.5
0.0	17.3	414.1	11.5	5.5	447.5
0.0	16.6	408.6	11.5	6.5	447.5
0.0	14.1	419.2	11.5	5.7	447.5
0.0	14.8	419.6	11.5	6.4	447.5
0.0	14.6	411.6	11.4	6.9	447.5
0.0	16.1	411.5	11.4	7.0	447.5
0.0	15.8	378.7	11.4	6.7	447.5
0.0	17.3	398.4	11.3	7.2	447.5
0.0	17.3	400.3	11.3	7.3	447.5
0.0	18.2	396.6	11.3	7.3	447.5
0.0	14.2	393.1	11.2	5.5	447.5
0.0	12.1	392.0	11.2	5.2	447.5
0.0	12.3	391.8	11.2	5.2	447.5
0.0	13.9	379.8	11.2	6.1	447.5
0.0	13.2	384.4	11.1	5.9	447.5
0.0	15.0	379.5	11.1	6.3	447.5
0.0	12.2	385.5	11.1	5.6	447.5
0.0	14.2	363.1	11.1	5.7	447.5
0.0	14.9	346.0	11.0	5.7	447.5
0.0	16.5	344.5	11.0	5.9	449.3
0.1	17.0	178.1	11.0	4.3	449.3
0.2	14.4	86.2	10.9	4.1	449.3
0.0	16.7	328.7	10.9	5.5	449.3
0.0	15.6	342.8	10.9	5.8	449.3
0.0	14.4	319.7	10.9	5.8	449.3
0.0	15.6	339.8	10.8	5.9	449.3
0.1	15.4	330.0	10.8	5.7	449.3
0.1	15.1	143.3	10.8	5.2	449.3
0.0	16.8	201.1	10.8	5.3	449.3
0.0	13.5	271.1	10.7	5.3	449.3
0.0	15.3	330.1	10.7	5.7	449.3
0.0	18.0	314.3	10.7	6.1	449.3
1.2	18.3	214.3	10.7	5.1	449.3
12.8	16.0	210.4	10.7	4.6	449.3
1.6	12.8	44.5	10.6	3.1	449.3
0.0	10.9	271.3	10.6	3.8	449.3
0.0	8.6	150.3	10.6	3.4	449.3
0.1	9.1	154.9	10.6	3.9	449.3
0.0	12.1	300.7	10.5	4.6	449.3
0.0	13.7	216.8	10.5	4.6	449.3
1.1	15.9	280.5	10.5	5.3	449.3
1.1	12.1	69.7	10.5	3.0	449.3
22.4	12.0	122.9	10.5	3.7	449.3
13.7	8.7	24.8	10.4	1.3	449.3
4.3	9.4	15.0	10.4	1.6	449.3
2.0	9.3	56.6	10.4	1.5	449.3
4.0	9.1	50.4	10.4	1.4	449.3
0.7	8.9	123.2	10.4	2.8	449.3
0.4	9.4	162.4	10.4	3.1	449.3
0.3	11.3	190.2	10.3	3.3	451.5
1.0	13.9	125.4	10.3	3.1	451.5
1.9	14.2	57.4	10.3	2.1	451.5
0.1	15.4	180.3	10.3	3.6	451.5
0.1	18.0	231.2	10.3	4.4	451.5
2.6	17.5	62.9	10.3	3.1	451.5
9.4	15.4	15.6	10.3	1.6	451.5
8.2	12.4	10.5	10.3	3.6	451.5
4.6	10.1	17.6	10.2	1.7	451.5
4.7	8.9	21.5	10.2	2.4	451.5
5.8	6.9	30.0	10.2	1.3	451.5
47.9	11.3	13.7	10.2	3.2	451.5
32.5	12.3	22.8	10.2	4.2	451.5
0.2	5.5	96.1	10.2	2.1	451.5
0.1	4.2	209.8	10.2	2.5	451.5
0.1	3.3	69.7	10.2	1.4	451.5
10.6	1.3	31.3	10.2	1.3	451.5
0.6	0.2	102.5	10.2	1.9	451.5
0.0	1.0	148.6	10.2	2.1	451.5
0.2	4.3	80.5	10.2	2.3	451.5
0.0	14.3	177.9	10.2	4.1	451.5
7.0	17.9	101.0	10.2	2.9	451.5
3.0	19.1	226.1	10.2	4.1	451.5
3.6	13.1	146.4	10.2	5.5	451.5
1.1	5.2	49.8	10.2	1.6	451.5
0.6	5.3	85.8	10.2	1.7	451.5
2.4	4.2	42.4	10.2	1.5	451.5
0.2	2.1	121.3	10.2	2.1	451.5
0.0	2.5	288.0	10.2	2.5	451.5
0.0	3.7	281.8	10.2	2.9	451.5
0.2	7.1	101.8	10.2	2.7	451.5
3.6	3.0	166.1	10.2	3.4	453.7
0.1	-2.7	278.6	10.2	1.8	453.7
0.0	0.5	282.6	10.2	2.8	453.7
0.1	3.2	201.3	10.2	3.4	453.7
0.1	6.4	224.0	10.3	3.6	453.7
5.1	8.4	90.6	10.3	2.3	453.7
12.0	8.8	16.4	10.3	1.5	453.7
33.9	6.4	13.8	10.3	2.7	453.7
10.9	-0.2	23.3	10.3	2.1	453.7
0.2	0.2	296.5	10.3	2.2	453.7
0.0	-1.5	245.5	10.3	2.1	453.7
0.1	0.0	239.5	10.3	2.5	453.7
0.2	4.6	298.7	10.4	3.7	453.7
0.7	8.4	233.6	10.4	4.3	453.7
0.6	3.8	108.9	10.4	2.0	453.7
0.2	2.4	100.4	10.4	2.6	453.7
1.0	5.0	176.0	10.4	3.2	453.7
3.1	2.9	74.3	10.4	1.4	453.7
1.0	4.4	98.5	10.5	2.2	453.7
0.8	8.9	237.5	10.5	3.9	453.7
2.5	4.8	143.3	10.5	2.7	453.7
0.0	-0.5	240.7	10.5	2.5	453.7
0.0	-0.4	331.5	10.5	2.6	453.7
0.0	2.6	293.1	10.5	3.3	453.7
0.7	2.4	109.9	10.6	2.2	453.7
0.5	2.1	183.0	10.6	3.5	453.7
0.1	4.1	290.8	10.6	4.1	453.7
0.3	6.2	301.3	10.6	4.6	453.7
0.3	5.8	96.4	10.7	3.0	453.7
0.1	9.2	253.7	10.7	4.5	453.7
3.6	13.0	247.2	10.7	5.5	453.7
7.0	11.5	30.3	10.7	3.2	455.0
1.9	5.0	33.8	10.8	2.7	455.0
0.9	6.7	153.9	10.8	2.7	455.0
6.4	3.9	23.8	10.8	3.0	455.0
0.7	2.2	154.0	10.8	2.5	455.0
0.0	1.2	238.8	10.9	2.0	455.0
3.7	5.4	327.1	10.9	3.5	455.0
34.8	7.3	25.0	10.9	2.4	455.0
13.7	7.1	24.3	10.9	3.6	455.0
6.6	3.2	26.2	11.0	1.3	455.0
18.5	1.0	14.5	11.0	1.8	455.0
29.5	0.0	21.3	11.0	0.6	455.0
1.2	0.3	133.5	11.0	2.3	455.0
6.9	0.8	125.0	11.1	2.1	455.0
10.5	1.7	92.3	11.1	2.2	455.0
0.0	4.1	290.6	11.1	3.6	455.0
0.0	4.8	193.0	11.2	3.7	455.0
0.4	7.0	348.4	11.2	4.3	455.0
0.0	2.9	371.5	11.2	3.5	455.0
0.0	0.1	250.2	11.2	2.5	455.0
0.1	1.3	138.0	11.3	2.2	455.0
0.0	1.8	137.8	11.3	2.7	455.0
9.8	6.1	268.0	11.3	4.1	455.0
1.9	7.5	61.8	11.4	2.7	455.0
0.2	1.8	164.1	11.4	4.1	455.0
0.0	-1.8	432.3	11.4	2.6	455.0
4.4	3.7	186.5	11.4	3.3	455.0
16.1	5.5	42.0	11.5	3.8	455.0
0.1	4.6	241.6	11.5	3.6	455.0
19.3	7.1	106.8	11.5	4.2	455.5
1.8	1.2	61.9	11.6	2.8	455.5
1.3	0.1	186.6	11.6	2.3	455.5
0.4	2.6	142.8	11.6	2.6	455.5
1.2	2.7	178.6	11.7	2.7	455.5
0.2	2.0	93.2	11.7	3.0	455.5
0.2	4.2	420.2	11.7	4.8	455.5
0.9	13.0	419.3	11.7	7.3	455.5
0.6	14.1	50.8	11.8	4.0	455.5
27.7	13.3	97.0	11.8	5.5	455.5
3.3	7.4	23.5	11.8	3.0	455.5
7.5	9.1	96.9	11.9	3.4	455.5
32.2	10.9	62.7	11.9	3.2	455.5
4.5	8.7	77.7	11.9	4.5	455.5
1.5	4.9	87.4	12.0	3.1	455.5
0.6	2.9	89.9	12.0	2.5	455.5
0.3	4.2	380.1	12.0	4.6	455.5
0.0	5.0	487.4	12.1	4.6	455.5
0.0	8.0	490.1	12.1	6.3	455.5
0.9	10.9	206.9	12.1	5.4	455.5
6.3	9.8	86.7	12.1	5.0	455.5
37.3	11.1	49.6	12.2	4.2	455.5
0.9	11.2	409.7	12.2	6.6	455.5
0.0	4.4	500.5	12.2	3.9	455.5
0.0	7.2	515.4	12.3	6.1	455.5
0.0	11.5	516.5	12.3	7.8	455.5
5.9	17.7	454.2	12.3	9.3	455.5
12.0	15.7	42.8	12.4	2.9	455.5
47.4	16.1	44.7	12.4	5.9	455.5
4.1	6.3	70.9	12.4	6.3	455.5
0.0	3.0	544.7	12.4	4.8	455.5
0.5	5.0	475.3	12.5	5.4	455.9
0.0	6.5	539.9	12.5	6.2	455.9
0.0	8.6	537.2	12.5	5.9	455.9
0.0	12.1	314.2	12.6	7.0	455.9
0.6	12.2	281.3	12.6	5.4	455.9
13.3	13.9	216.4	12.6	5.9	455.9
29.2	14.5	89.4	12.7	7.1	455.9
1.1	9.3	103.4	12.7	5.4	455.9
0.0	10.6	439.1	12.7	5.6	455.9
0.1	12.2	374.5	12.7	6.6	455.9
9.3	11.0	75.2	12.8	4.1	455.9
0.1	13.5	494.9	12.8	7.8	455.9
0.1	16.1	275.4	12.8	7.2	455.9
1.0	18.8	511.0	12.9	8.3	455.9
1.0	17.2	557.8	12.9	9.5	455.9
0.0	17.2	552.2	12.9	9.4	455.9
23.9	20.4	339.3	13.0	9.3	455.9
6.7	16.0	48.8	13.0	4.1	455.9
0.3	16.8	256.7	13.0	7.4	455.9
0.0	19.7	448.6	13.0	9.0	455.9
4.7	21.8	522.3	13.1	10.7	455.9
0.3	14.0	240.4	13.1	7.7	455.9
0.1	14.8	509.8	13.1	8.0	455.9
0.0	15.1	567.4	13.1	8.9	455.9
0.0	16.5	373.3	13.2	9.7	455.9
0.0	19.3	512.3	13.2	10.4	455.9
3.7	21.9	551.8	13.2	10.7	455.9
34.5	13.5	27.1	13.3	8.0	455.9
0.0	10.6	79.1	13.3	3.5	455.9
3.5	11.9	216.7	13.3	4.7	455.9
1.0	15.0	378.0	13.3	7.6	456.5
20.7	18.7	201.5	13.4	7.5	456.5
20.1	20.4	96.5	13.4	5.9	456.5
40.4	21.2	283.4	13.4	9.4	456.5
0.3	18.2	258.4	13.4	7.0	456.5
0.4	20.6	276.6	13.5	7.8	456.5
37.3	21.1	137.7	13.5	6.9	456.5
1.3	20.7	381.1	13.5	7.8	456.5
37.8	20.8	203.9	13.5	6.9	456.5
14.8	18.7	61.0	13.6	6.0	456.5
5.5	15.8	113.0	13.6	6.4	456.5
0.1	16.9	541.6	13.6	9.1	456.5
0.0	18.0	502.0	13.6	9.4	456.5
0.0	18.3	523.7	13.6	10.5	456.5
0.1	20.2	579.6	13.7	11.0	456.5
0.0	21.4	620.0	13.7	11.0	456.5
0.0	23.3	599.2	13.7	11.3	456.5
0.0	24.5	507.7	13.7	9.9	456.5
0.0	24.7	251.6	13.7	6.9	456.5
0.0	26.4	430.1	13.8	8.5	456.5
21.4	24.4	318.5	13.8	8.2	456.5
8.3	22.8	68.4	13.8	5.9	456.5
2.5	22.2	121.1	13.8	5.8	456.5
5.2	23.8	335.7	13.8	7.8	456.5
19.3	23.0	229.6	13.8	9.2	456.5
22.7	24.1	308.6	13.9	10.5	456.5
0.0	21.8	553.2	13.9	10.0	456.5
0.0	22.9	621.7	13.9	11.6	456.5
0.0	23.4	486.0	13.9	10.7	456.5
0.0	21.0	173.1	13.9	10.0	456.5
0.0	22.5	631.7	13.9	11.3	456.5
1.6	24.0	619.1	14.0	10.3	455.4
0.1	23.6	629.4	14.0	12.2	455.4
0.0	22.1	647.7	14.0	10.9	455.4
0.0	24.4	645.6	14.0	12.0	455.4
2.5	25.9	471.2	14.0	10.0	455.4
18.0	22.1	123.9	14.0	5.9	455.4
0.0	23.7	599.5	14.0	10.0	455.4
0.0	24.9	616.6	14.0	10.0	455.4
1.7	25.9	537.7	14.0	10.6	455.4
9.2	26.4	567.1	14.0	11.4	455.4
36.6	22.9	306.3	14.1	10.7	455.4
0.0	19.6	142.7	14.1	6.3	455.4
0.0	19.7	237.3	14.1	8.0	455.4
0.0	19.8	360.8	14.1	10.1	455.4
0.1	20.3	404.2	14.1	9.5	455.4
0.0	21.8	628.3	14.1	11.4	455.4
0.2	23.1	649.9	14.1	12.6	455.4
0.5	24.4	640.2	14.1	12.7	455.4
0.2	24.7	511.4	14.1	12.0	455.4
0.6	25.3	611.6	14.1	12.5	455.4
2.5	26.9	497.3	14.1	11.1	455.4
63.3	24.0	41.8	14.1	4.0	455.4
20.8	24.9	159.8	14.1	5.7	455.4
0.0	27.0	550.4	14.1	10.4	455.4
0.0	27.2	313.6	14.1	9.5	455.4
12.2	24.2	79.9	14.1	8.6	455.4
12.5	24.3	118.1	14.1	6.5	455.4
4.6	25.1	230.9	14.1	7.8	455.4
16.4	25.3	296.2	14.1	8.7	455.4
3.5	24.7	227.6	14.1	8.1	455.4
0.0	25.8	383.9	14.1	10.0	452.4
0.1	26.5	592.9	14.0	10.6	452.4
3.0	26.7	604.2	14.0	10.6	452.4
10.6	26.4	603.1	14.0	10.5	452.4
7.2	26.5	518.9	14.0	9.5	452.4
2.3	25.9	370.2	14.0	8.3	452.4
7.3	25.4	464.2	14.0	8.3	452.4
1.0	25.4	484.1	14.0	8.7	452.4
3.6	24.8	186.0	14.0	6.6	452.4
9.0	24.4	61.7	14.0	5.6	452.4
0.9	24.2	178.6	14.0	7.1	452.4
0.2	25.0	238.9	13.9	7.0	452.4
21.4	25.2	300.8	13.9	8.2	452.4
5.5	25.2	446.9	13.9	9.6	452.4
0.3	26.6	543.2	13.9	10.7	452.4
7.3	26.6	565.4	13.9	10.8	452.4
4.1	26.7	445.2	13.9	10.1	452.4
4.7	27.1	460.2	13.9	10.1	452.4
23.4	26.1	336.0	13.8	8.6	452.4
19.2	25.9	271.0	13.8	9.1	452.4
20.5	25.3	301.3	13.8	9.5	452.4
12.5	25.4	456.1	13.8	8.6	452.4
9.0	24.6	395.7	13.8	6.6	452.4
13.4	23.6	93.7	13.7	5.0	452.4
15.8	24.8	407.5	13.7	7.7	452.4
0.6	25.6	463.0	13.7	9.2	452.4
6.9	26.0	589.8	13.7	9.9	452.4
0.0	25.8	473.9	13.7	9.6	452.4
2.8	26.0	575.6	13.6	10.9	452.4
2.4	26.2	597.4	13.6	10.9	452.4
0.0	27.0	596.9	13.6	10.6	452.4
0.0	27.5	591.9	13.6	10.7	450.2
17.9	25.8	469.4	13.6	9.2	450.2
19.3	24.8	346.8	13.5	8.7	450.2
19.1	24.6	530.6	13.5	9.3	450.2
9.9	24.8	548.0	13.5	8.9	450.2
11.4	25.3	493.8	13.5	9.0	450.2
7.1	26.0	459.5	13.4	9.9	450.2
13.6	25.8	445.4	13.4	9.9	450.2
10.4	26.2	463.5	13.4	9.7	450.2
19.0	25.7	353.2	13.4	7.7	450.2
21.5	24.2	41.6	13.3	4.0	450.2
0.4	23.6	41.8	13.3	3.5	450.2
0.5	23.3	419.3	13.3	9.1	450.2
0.0	23.3	575.0	13.3	10.2	450.2
0.0	24.2	444.6	13.2	9.3	450.2
0.0	24.9	268.0	13.2	7.6	450.2
0.2	24.8	170.2	13.2	7.8	450.2
9.2	25.5	447.9	13.2	9.2	450.2
19.3	25.3	482.7	13.1	9.2	450.2
11.4	25.6	512.5	13.1	8.7	450.2
1.4	26.0	456.0	13.1	9.2	450.2
5.5	26.1	483.6	13.1	9.4	450.2
7.9	26.2	434.4	13.0	9.1	450.2
4.7	26.1	447.3	13.0	9.5	450.2
0.0	26.5	520.5	13.0	10.3	450.2
2.4	26.2	418.5	12.9	8.9	450.2
11.8	26.0	488.6	12.9	9.2	450.2
13.8	26.0	423.5	12.9	7.7	450.2
0.1	26.7	463.5	12.9	9.7	450.2
0.0	26.8	523.5	12.8	8.9	450.2
0.3	27.1	457.1	12.8	8.9	450.2
0.2	26.1	517.9	12.8	9.3	450.1
0.0	26.3	527.2	12.7	9.3	450.1
0.0	27.3	523.9	12.7	10.0	450.1
0.0	27.7	521.0	12.7	9.7	450.1
0.1	28.0	506.0	12.7	9.7	450.1
0.9	27.8	472.4	12.6	9.3	450.1
0.4	25.8	169.0	12.6	6.9	450.1
0.3	24.8	80.2	12.6	4.8	450.1
2.1	23.8	40.2	12.5	5.7	450.1
14.4	21.3	12.1	12.5	4.0	450.1
8.4	20.4	17.5	12.5	2.0	450.1
0.7	21.9	64.5	12.4	4.2	450.1
0.6	21.8	36.6	12.4	3.3	450.1
0.6	22.5	267.6	12.4	6.9	450.1
10.7	24.1	293.3	12.4	7.0	450.1
29.0	22.7	90.1	12.3	5.6	450.1
22.4	22.1	294.2	12.3	7.1	450.1
0.0	18.5	159.6	12.3	5.8	450.1
0.1	16.6	319.6	12.2	6.7	450.1
0.0	18.7	368.0	12.2	7.2	450.1
0.0	20.1	477.2	12.2	8.0	450.1
0.0	21.9	472.0	12.1	8.3	450.1
0.0	22.3	363.2	12.1	7.9	450.1
0.2	21.9	427.8	12.1	7.4	450.1
0.0	18.9	433.8	12.1	7.5	450.1
0.0	18.3	461.0	12.0	6.6	450.1
0.0	18.3	355.5	12.0	7.5	450.1
0.0	18.7	474.2	12.0	8.0	450.1
0.0	19.7	470.8	11.9	9.0	450.1
0.0	21.0	466.8	11.9	9.3	450.1
0.0	19.7	460.9	11.9	8.6	450.6
0.0	20.4	440.4	11.8	7.8	450.6
0.1	21.0	205.2	11.8	5.8	450.6
0.0	20.5	263.5	11.8	6.9	450.6
0.6	22.6	415.3	11.8	7.8	450.6
1.1	21.7	52.8	11.7	3.9	450.6
0.4	21.5	64.5	11.7	5.9	450.6
0.0	21.8	313.0	11.7	7.5	450.6
0.0	19.1	422.6	11.6	7.6	450.6
0.0	16.2	434.1	11.6	6.9	450.6
0.0	17.0	432.0	11.6	7.4	450.6
0.0	17.9	422.2	11.5	7.6	450.6
0.0	19.4	415.8	11.5	7.5	450.6
0.0	19.8	372.3	11.5	7.6	450.6
0.0	20.1	401.5	11.5	7.4	450.6
0.0	19.9	399.3	11.4	7.6	450.6
0.0	20.8	388.0	11.4	7.6	450.6
0.1	19.6	358.3	11.4	7.3	450.6
0.0	19.5	397.3	11.3	6.6	450.6
0.0	20.1	382.3	11.3	7.2	450.6
0.0	19.4	382.0	11.3	7.4	450.6
0.0	20.4	384.6	11.3	6.9	450.6
0.0	21.7	370.8	11.2	7.0	450.6
0.0	21.9	367.2	11.2	7.4	450.6
0.0	22.5	363.9	11.2	7.3	450.6
0.0	22.6	341.6	11.1	7.0	450.6
0.1	22.3	347.8	11.1	7.2	450.6
0.2	11.8	49.7	11.1	5.5	450.6
18.2	12.2	319.1	11.1	4.7	450.6
0.3	9.6	130.8	11.0	3.9	450.6
0.0	9.6	372.8	11.0	4.4	450.6
0.0	11.8	230.9	11.0	4.7	452.4
0.0	15.2	340.1	11.0	5.7	452.4
0.0	14.3	292.1	10.9	4.8	452.4
12.3	13.0	75.6	10.9	3.1	452.4
2.6	7.2	23.1	10.9	3.6	452.4
0.0	6.1	356.7	10.8	3.5	452.4
0.0	8.1	292.3	10.8	4.2	452.4
0.0	9.4	250.8	10.8	4.8	452.4
0.0	4.0	347.8	10.8	3.2	452.4
0.0	5.5	342.9	10.8	3.8	452.4
0.0	8.4	338.2	10.7	4.6	452.4
0.0	10.8	328.5	10.7	5.1	452.4
0.0	13.8	320.7	10.7	5.5	452.4
0.0	16.5	314.2	10.7	5.9	452.4
0.0	13.2	328.9	10.6	5.2	452.4
0.0	11.3	281.6	10.6	4.3	452.4
0.0	14.5	315.8	10.6	4.8	452.4
0.0	16.0	184.0	10.6	5.2	452.4
0.0	15.9	304.4	10.5	5.6	452.4
0.1	16.0	283.4	10.5	5.1	452.4
0.0	18.0	283.1	10.5	5.2	452.4
31.3	20.1	106.8	10.5	4.3	452.4
6.0	11.1	35.1	10.5	5.1	452.4
0.7	6.3	98.1	10.5	1.9	452.4
0.0	6.5	240.0	10.4	2.9	452.4
0.2	11.9	284.1	10.4	4.2	452.4
0.4	14.4	266.1	10.4	4.0	452.4
3.4	8.6	53.5	10.4	2.4	452.4
7.4	7.5	61.9	10.4	1.9	452.4
1.3	5.5	83.3	10.4	2.1	452.4
0.2	4.7	101.2	10.3	1.4	454.6
3.6	7.7	55.4	10.3	2.1	454.6
9.6	6.9	26.1	10.3	2.7	454.6
0.0	1.7	234.8	10.3	2.4	454.6
0.1	2.6	257.3	10.3	2.9	454.6
0.0	6.4	202.8	10.3	3.3	454.6
1.2	7.7	78.9	10.3	2.0	454.6
0.6	10.5	65.3	10.3	2.6	454.6
2.0	11.7	101.4	10.2	2.7	454.6
2.7	8.7	32.0	10.2	2.2	454.6
0.1	5.1	214.6	10.2	2.7	454.6
0.4	3.7	90.7	10.2	2.7	454.6
0.1	3.2	208.6	10.2	2.9	454.6
0.6	4.2	167.2	10.2	2.9	454.6
0.3	7.9	189.7	10.2	3.4	454.6
4.2	11.5	50.7	10.2	2.7	454.6
23.9	6.1	10.1	10.2	3.0	454.6
0.9	3.9	49.9	10.2	1.8	454.6
2.7	4.5	107.5	10.2	2.1	454.6
0.8	4.2	115.6	10.2	2.4	454.6
1.4	1.9	78.4	10.2	1.8	454.6
0.2	-0.7	230.4	10.2	1.9	454.6
0.3	-0.3	184.1	10.2	2.0	454.6
0.0	0.7	193.8	10.2	2.5	454.6
0.0	5.4	195.0	10.2	3.4	454.6
8.0	4.7	40.0	10.2	1.7	454.6
9.1	5.2	49.2	10.2	1.5	454.6
13.4	7.1	15.7	10.2	1.3	454.6
1.0	7.3	72.3	10.2	2.4	454.6
8.3	2.9	50.0	10.2	2.0	454.6
28.7	0.5	10.5	10.2	1.1	454.6
22.7	3.4	14.1	10.2	1.9	456.9
26.8	5.8	11.0	10.2	1.1	456.9
9.0	4.9	11.7	10.2	1.5	456.9
1.1	4.5	57.3	10.2	1.5	456.9
1.7	8.5	81.6	10.3	2.6	456.9
3.4	12.3	59.0	10.3	3.4	456.9
0.6	16.3	158.9	10.3	3.5	456.9
6.2	7.0	19.9	10.3	4.5	456.9
9.1	1.5	42.7	10.3	1.1	456.9
3.7	0.8	52.4	10.3	1.6	456.9
0.2	-0.9	238.8	10.3	1.8	456.9
0.6	-0.8	100.6	10.3	1.5	456.9
0.1	-1.7	134.8	10.4	2.0	456.9
0.1	0.2	216.0	10.4	2.1	456.9
1.4	-0.3	48.0	10.4	1.9	456.9
0.9	-0.3	75.4	10.4	1.5	456.9
1.1	3.6	175.2	10.4	2.6	456.9
11.4	6.7	55.3	10.4	2.3	456.9
2.2	4.0	115.0	10.5	2.6	456.9
9.0	3.2	49.5	10.5	1.4	456.9
6.9	4.0	134.2	10.5	2.0	456.9
2.8	3.3	44.4	10.5	1.5	456.9
1.0	0.6	86.7	10.5	1.8	456.9
0.9	-1.1	211.3	10.6	2.1	456.9
0.7	-3.5	183.6	10.6	1.7	456.9
0.0	-2.1	340.4	10.6	2.2	456.9
0.2	1.6	322.8	10.6	2.7	456.9
2.5	-0.2	98.8	10.7	2.2	456.9
0.0	-2.9	346.6	10.7	2.2	456.9
0.0	-1.9	274.9	10.7	2.3	456.9
0.0	1.2	347.3	10.7	3.3	456.9
2.3	3.9	197.8	10.7	3.3	458.1
0.9	2.4	227.4	10.8	2.5	458.1
13.1	3.0	157.3	10.8	2.2	458.1
5.7	3.5	23.5	10.8	1.2	458.1
0.8	4.0	99.7	10.8	2.2	458.1
0.0	3.6	207.9	10.9	2.5	458.1
0.1	0.6	127.3	10.9	2.7	458.1
0.1	2.0	143.7	10.9	2.9	458.1
0.1	2.5	350.4	11.0	3.5	458.1
0.0	1.7	362.0	11.0	2.5	458.1
6.7	0.3	116.4	11.0	1.3	458.1
5.2	2.8	120.9	11.0	2.2	458.1
1.2	5.3	55.2	11.1	2.5	458.1
12.2	3.7	21.4	11.1	3.2	458.1
2.7	-2.0	145.1	11.1	2.3	458.1
8.7	-1.0	305.2	11.1	2.3	458.1
13.6	-1.9	57.9	11.2	1.3	458.1
6.7	-0.1	131.7	11.2	1.5	458.1
8.5	0.7	25.4	11.2	1.7	458.1
11.3	-0.7	99.5	11.3	1.8	458.1
8.7	-1.8	74.0	11.3	1.5	458.1
18.9	-0.9	96.4	11.3	1.6	458.1
13.7	-0.3	54.4	11.3	1.3	458.1
4.4	1.8	161.3	11.4	2.1	458.1
27.6	2.7	45.2	11.4	1.9	458.1
0.9	3.2	89.7	11.4	1.9	458.1
3.1	4.2	308.0	11.5	3.4	458.1
5.6	3.5	64.3	11.5	2.0	458.1
2.8	3.3	84.8	11.5	2.7	458.7
0.6	4.5	211.1	11.6	4.9	458.7
0.2	7.8	340.8	11.6	5.8	458.7
27.8	9.7	226.3	11.6	5.8	458.7
0.3	3.8	153.7	11.6	2.7	458.7
0.3	4.2	121.0	11.7	3.5	458.7
0.0	1.9	467.9	11.7	3.8	458.7
0.0	3.9	459.9	11.7	4.2	458.7
0.7	4.0	228.6	11.8	3.1	458.7
14.0	4.9	275.0	11.8	3.5	458.7
7.3	5.2	80.5	11.8	2.9	458.7
0.0	5.2	449.8	11.9	5.1	458.7
0.0	5.9	252.5	11.9	4.7	458.7
0.1	8.9	412.0	11.9	5.9	458.7
0.0	7.8	479.7	12.0	6.4	458.7
0.0	7.9	472.3	12.0	5.6	458.7
21.4	9.9	220.6	12.0	5.2	458.7
44.0	12.3	47.3	12.0	4.9	458.7
11.5	10.0	43.2	12.1	6.5	458.7
0.4	5.1	105.5	12.1	3.5	458.7
3.6	10.0	451.6	12.1	5.9	458.7
15.4	12.0	59.6	12.2	5.8	458.7
2.1	7.1	103.8	12.2	3.2	458.7
0.4	8.1	286.0	12.2	5.1	458.7
1.4	10.7	423.3	12.3	5.8	458.7
0.0	4.7	435.3	12.3	5.0	458.7
0.0	5.0	530.8	12.3	5.0	458.7
0.0	7.6	528.3	12.3	6.5	458.7
0.0	11.7	522.0	12.4	8.2	458.7
19.9	10.4	256.0	12.4	6.8	458.7
1.7	8.6	143.4	12.4	3.8	458.7
30.8	13.9	380.4	12.5	7.3	459.0
3.3	14.0	46.1	12.5	7.3	459.0
1.9	14.9	362.9	12.5	7.8	459.0
11.5	14.5	364.5	12.6	8.8	459.0
0.1	7.7	290.7	12.6	5.4	459.0
0.0	7.4	529.2	12.6	5.7	459.0
2.0	6.9	136.2	12.7	3.5	459.0
2.1	9.8	355.0	12.7	6.2	459.0
0.1	11.3	357.2	12.7	7.1	459.0
0.0	16.0	525.3	12.7	8.9	459.0
0.0	19.0	530.2	12.8	9.9	459.0
0.1	21.1	533.6	12.8	11.1	459.0
0.4	22.6	507.2	12.8	10.9	459.0
0.3	19.7	323.7	12.9	8.1	459.0
15.6	15.7	102.0	12.9	7.4	459.0
30.9	11.0	44.1	12.9	4.8	459.0
0.2	9.3	226.5	12.9	6.4	459.0
0.1	12.6	359.0	13.0	6.2	459.0
0.1	11.0	106.7	13.0	4.9	459.0
3.1	13.8	246.3	13.0	6.9	459.0
0.1	12.3	362.6	13.1	6.2	459.0
0.0	11.7	259.7	13.1	6.7	459.0
0.0	14.0	589.6	13.1	8.9	459.0
0.0	16.2	598.2	13.1	9.4	459.0
0.0	18.9	578.8	13.2	9.3	459.0
6.0	18.1	335.3	13.2	7.4	459.0
27.5	22.1	382.6	13.2	9.8	459.0
14.8	16.1	55.1	13.2	9.3	459.0
1.1	12.2	171.1	13.3	6.2	459.0
0.2	15.9	559.3	13.3	9.2	459.0
7.1	18.6	496.6	13.3	10.5	459.6
26.5	17.2	61.8	13.4	6.0	459.6
38.8	20.3	73.0	13.4	6.0	459.6
34.0	16.0	46.7	13.4	7.1	459.6
0.8	20.3	120.9	13.4	7.6	459.6
0.0	25.1	459.8	13.5	11.0	459.6
35.0	24.1	501.5	13.5	10.0	459.6
3.5	24.6	251.2	13.5	7.1	459.6
18.8	22.1	364.4	13.5	12.2	459.6
7.8	15.4	143.3	13.5	5.0	459.6
2.8	15.7	120.9	13.6	4.3	459.6
2.2	19.6	179.3	13.6	7.2	459.6
0.0	24.7	315.6	13.6	10.2	459.6
20.4	24.4	458.5	13.6	10.2	459.6
7.9	23.9	233.6	13.7	9.6	459.6
0.0	25.4	564.0	13.7	10.6	459.6
0.1	25.5	421.8	13.7	8.6	459.6
23.1	24.9	534.0	13.7	9.8	459.6
27.7	24.4	255.0	13.7	9.0	459.6
4.8	22.7	117.1	13.8	6.9	459.6
21.9	23.8	309.8	13.8	8.2	459.6
12.5	24.1	227.2	13.8	9.1	459.6
16.3	24.9	263.8	13.8	9.5	459.6
9.4	22.2	181.7	13.8	10.7	459.6
0.2	19.6	458.0	13.8	8.2	459.6
0.9	20.8	622.8	13.9	11.1	459.6
0.2	20.6	592.9	13.9	9.3	459.6
0.0	19.3	441.2	13.9	9.5	459.6
0.0	21.2	369.0	13.9	9.3	459.6
46.7	19.1	89.9	13.9	5.3	459.6
2.3	18.0	67.9	13.9	3.6	459.6
0.4	18.9	319.2	13.9	7.9	458.5
0.1	19.7	477.9	14.0	9.5	458.5
0.0	21.6	598.8	14.0	9.2	458.5
0.2	23.0	475.4	14.0	9.1	458.5
2.8	24.9	416.2	14.0	10.2	458.5
21.5	22.7	66.4	14.0	8.2	458.5
0.2	21.4	283.0	14.0	6.8	458.5
5.0	20.7	73.6	14.0	3.7	458.5
0.8	22.4	517.4	14.0	9.3	458.5
2.8	23.9	595.0	14.0	11.5	458.5
0.9	24.4	598.1	14.0	11.4	458.5
0.1	24.4	521.9	14.1	9.8	458.5
0.0	22.8	505.7	14.1	11.1	458.5
0.0	21.5	577.2	14.1	10.8	458.5
0.1	21.5	618.7	14.1	10.8	458.5
0.1	21.6	633.5	14.1	11.3	458.5
0.0	22.9	657.2	14.1	11.4	458.5
0.0	24.8	654.2	14.1	12.4	458.5
0.0	25.9	645.8	14.1	12.3	458.5
0.0	27.1	642.5	14.1	12.5	458.5
4.7	27.4	560.0	14.1	12.7	458.5
2.2	27.4	491.9	14.1	9.9	458.5
9.2	26.8	564.4	14.1	10.7	458.5
12.7	26.7	514.1	14.1	9.4	458.5
22.9	26.5	408.2	14.1	9.6	458.5
78.7	25.1	186.4	14.1	7.1	458.5
30.3	24.6	115.4	14.1	5.5	458.5
5.2	25.0	333.9	14.1	7.6	458.5
27.5	25.6	459.3	14.1	9.5	458.5
10.6	26.3	462.6	14.1	9.7	458.5
17.0	26.4	438.2	14.1	9.5	455.5
21.9	26.0	359.7	14.0	9.0	455.5
14.0	26.9	570.6	14.0	10.4	455.5
7.2	27.5	588.1	14.0	10.5	455.5
19.0	27.0	453.9	14.0	8.9	455.5
8.7	27.0	358.8	14.0	9.7	455.5
8.4	27.7	563.7	14.0	9.9	455.5
4.6	27.8	452.1	14.0	10.4	455.5
3.4	27.9	599.5	14.0	12.7	455.5
1.1	27.7	579.1	14.0	9.3	455.5
0.7	28.2	548.3	14.0	9.9	455.5
2.4	28.4	576.0	13.9	10.9	455.5
6.2	28.1	573.2	13.9	10.5	455.5
4.3	28.1	545.9	13.9	10.9	455.5
6.1	27.7	503.6	13.9	10.7	455.5
11.8	27.4	472.4	13.9	10.3	455.5
12.2	27.3	427.8	13.9	10.3	455.5
5.1	27.6	584.6	13.9	11.6	455.5
1.9	28.5	555.4	13.8	11.6	455.5
7.4	28.2	568.0	13.8	11.5	455.5
2.9	28.4	558.6	13.8	12.3	455.5
2.8	28.3	610.0	13.8	12.1	455.5
5.9	27.9	586.9	13.8	10.9	455.5
10.3	27.8	588.4	13.8	11.5	455.5
11.8	27.4	564.1	13.7	10.6	455.5
2.0	27.5	568.1	13.7	11.1	455.5
2.4	27.5	516.4	13.7	10.0	455.5
5.1	27.8	522.1	13.7	10.6	455.5
8.4	27.9	555.2	13.7	10.6	455.5
5.0	27.7	574.5	13.6	11.1	455.5
10.7	27.1	527.3	13.6	10.1	455.5
20.0	26.4	464.9	13.6	9.3	453.2
16.1	26.2	477.6	13.6	9.9	453.2
18.8	26.4	376.1	13.5	8.8	453.2
11.7	25.7	240.7	13.5	8.6	453.2
18.3	26.0	449.3	13.5	9.5	453.2
3.6	26.6	525.6	13.5	10.1	453.2
15.4	26.2	360.7	13.5	9.2	453.2
17.8	25.9	452.4	13.4	9.9	453.2
11.2	25.8	528.0	13.4	10.1	453.2
10.5	25.8	508.6	13.4	9.4	453.2
7.6	25.9	470.9	13.4	9.2	453.2
6.0	26.2	481.0	13.3	10.0	453.2
5.4	27.0	517.1	13.3	10.1	453.2
10.0	26.6	409.4	13.3	9.0	453.2
13.3	26.3	428.7	13.3	8.8	453.2
2.3	26.2	457.9	13.2	8.2	453.2
0.6	25.2	153.1	13.2	5.9	453.2
0.8	25.8	298.8	13.2	6.9	453.2
28.7	25.8	293.9	13.1	8.5	453.2
33.1	24.4	385.1	13.1	6.9	453.2
0.9	22.9	396.2	13.1	8.9	453.2
0.0	20.5	472.3	13.1	7.8	453.2
0.0	22.6	493.0	13.0	9.5	453.2
0.1	24.1	550.4	13.0	9.6	453.2
0.6	25.5	516.7	13.0	9.0	453.2
0.5	26.5	508.9	13.0	9.6	453.2
0.7	26.5	331.9	12.9	8.7	453.2
15.3	26.2	428.2	12.9	8.3	453.2
0.5	27.4	478.0	12.9	9.2	453.2
0.2	27.4	517.4	12.8	9.9	453.2
0.4	27.8	486.7	12.8	9.5	453.2
5.8	27.2	480.5	12.8	10.3	453.2
25.6	24.6	409.4	12.8	9.4	453.2
0.3	19.8	139.4	12.7	6.6	453.2
0.0	20.2	526.8	12.7	7.8	453.2
0.0	21.2	213.7	12.7	6.4	453.2
0.0	20.6	497.3	12.6	9.4	453.2
0.0	22.0	400.3	12.6	7.4	453.2
0.0	21.7	171.4	12.6	7.4	453.2
0.4	23.3	460.4	12.5	9.3	453.2
0.0	23.1	513.4	12.5	9.9	453.2
0.0	22.8	521.6	12.5	9.9	453.2
0.0	23.1	522.0	12.5	10.3	453.2
0.0	24.5	500.5	12.4	10.5	453.2
0.0	23.5	500.2	12.4	10.1	453.2
0.0	22.3	493.9	12.4	9.3	453.2
0.0	20.1	508.5	12.3	8.2	453.2
0.0	19.8	326.8	12.3	8.4	453.2
0.0	21.0	502.5	12.3	10.0	453.2
0.0	21.9	500.1	12.2	9.7	453.2
0.1	22.8	305.2	12.2	8.3	453.2
0.0	23.4	478.1	12.2	9.8	453.2
0.0	22.4	488.9	12.2	10.2	453.2
0.0	22.2	487.3	12.1	10.0	453.2
0.0	22.9	481.2	12.1	10.1	453.2
0.0	22.6	432.5	12.1	8.0	453.2
2.8	22.5	282.6	12.0	7.6	453.2
24.5	16.1	18.0	12.0	4.0	453.2
0.9	16.4	55.5	12.0	4.4	453.2
0.0	16.9	450.6	11.9	6.5	453.2
0.0	17.8	384.0	11.9	6.6	453.2
0.0	19.4	437.7	11.9	7.1	453.7
0.0	20.2	375.8	11.9	6.9	453.7
0.0	21.5	337.5	11.8	7.1	453.7
0.1	22.8	244.5	11.8	6.9	453.7
0.5	22.4	233.3	11.8	8.1	453.7
0.0	16.8	303.8	11.7	6.2	453.7
0.0	12.3	117.0	11.7	4.9	453.7
0.0	13.1	363.0	11.7	6.1	453.7
0.0	15.3	426.5	11.6	7.6	453.7
0.0	16.3	436.7	11.6	7.7	453.7
0.0	16.2	432.6	11.6	7.6	453.7
0.0	18.2	390.1	11.6	6.9	453.7
0.0	16.3	417.1	11.5	6.5	453.7
0.0	17.1	408.1	11.5	6.4	453.7
0.0	17.6	411.3	11.5	7.5	453.7
0.0	17.5	412.0	11.4	7.6	453.7
0.0	18.8	409.4	11.4	6.9	453.7
0.0	16.1	400.1	11.4	6.7	453.7
0.0	13.0	410.9	11.3	6.2	453.7
0.0	13.8	410.3	11.3	6.8	453.7
0.0	14.5	406.2	11.3	7.3	453.7
0.0	15.6	399.3	11.3	7.3	453.7
0.0	17.2	391.5	11.2	7.3	453.7
0.0	16.3	383.4	11.2	6.5	453.7
0.0	16.3	355.2	11.2	6.7	453.7
0.0	17.0	369.7	11.2	7.2	453.7
0.0	17.7	363.7	11.1	7.4	453.7
0.0	19.4	351.2	11.1	7.4	453.7
0.0	19.8	311.2	11.1	7.0	453.7
0.0	21.0	330.1	11.0	6.7	453.7
0.1	20.4	188.6	11.0	6.3	453.7
0.0	21.5	348.0	11.0	6.4	455.6
0.0	21.7	244.7	11.0	5.4	455.6
0.1	20.6	122.8	10.9	3.8	455.6
0.2	22.2	143.3	10.9	4.7	455.6
6.8	21.0	189.6	10.9	5.5	455.6
2.9	19.9	78.4	10.9	3.1	455.6
0.8	20.2	78.0	10.8	3.7	455.6
5.6	17.0	287.1	10.8	7.7	455.6
0.3	7.0	99.5	10.8	2.2	455.6
0.3	7.5	191.6	10.8	3.1	455.6
0.0	11.5	238.7	10.7	4.6	455.6
0.0	14.4	327.3	10.7	5.5	455.6
0.0	14.2	275.1	10.7	5.5	455.6
0.0	10.2	334.0	10.7	3.7	455.6
0.0	8.7	335.6	10.6	4.2	455.6
0.0	6.5	335.4	10.6	3.9	455.6
0.0	8.9	325.0	10.6	4.5	455.6
0.0	11.8	314.3	10.6	5.1	455.6
0.0	13.2	309.4	10.6	5.2	455.6
0.0	16.1	299.1	10.5	5.4	455.6
0.0	18.5	188.4	10.5	4.8	455.6
0.0	15.7	164.7	10.5	4.9	455.6
0.3	15.2	296.3	10.5	4.4	455.6
17.3	12.8	18.1	10.5	2.0	455.6
0.3	10.3	74.1	10.4	3.3	455.6
0.0	7.3	235.4	10.4	3.4	455.6
0.1	7.4	258.0	10.4	3.2	455.6
0.9	12.3	256.7	10.4	4.0	455.6
17.3	9.6	19.5	10.4	3.4	455.6
0.0	4.1	235.1	10.4	2.7	455.6
0.0	5.4	294.1	10.3	3.2	457.7
0.0	8.5	190.6	10.3	3.4	457.7
0.2	9.6	184.7	10.3	3.9	457.7
0.1	11.5	276.4	10.3	4.7	457.7
0.0	8.1	294.2	10.3	3.3	457.7
0.1	13.8	252.5	10.3	5.0	457.7
13.3	16.7	242.7	10.3	4.8	457.7
8.9	4.9	24.5	10.3	4.5	457.7
0.0	-2.0	297.7	10.2	1.5	457.7
0.0	-2.4	291.4	10.2	1.9	457.7
0.0	1.3	293.9	10.2	2.8	457.7
0.1	3.1	292.4	10.2	3.3	457.7
0.0	4.9	286.5	10.2	3.5	457.7
0.0	6.6	260.1	10.2	3.5	457.7
0.0	5.3	172.6	10.2	2.9	457.7
0.0	5.9	286.1	10.2	3.8	457.7
0.0	7.9	263.5	10.2	4.2	457.7
0.0	7.7	274.1	10.2	3.9	457.7
3.3	10.2	256.4	10.2	3.8	457.7
2.3	9.3	21.5	10.2	1.6	457.7
2.1	8.5	19.7	10.2	0.6	457.7
0.3	9.3	68.9	10.2	2.7	457.7
0.1	8.7	222.1	10.2	3.3	457.7
0.9	10.0	189.1	10.2	3.8	457.7
0.3	11.3	174.3	10.2	4.0	457.7
0.1	12.4	252.2	10.2	4.3	457.7
1.6	13.1	266.4	10.2	4.4	457.7
0.1	3.3	83.3	10.2	3.1	457.7
0.1	-0.8	121.3	10.2	1.6	457.7
7.1	1.9	47.8	10.2	2.3	457.7
2.6	5.7	27.4	10.2	1.5	457.7
4.1	6.8	53.4	10.2	3.2	460.0
9.4	1.1	19.8	10.2	1.8	460.0
1.2	-4.4	124.2	10.2	1.4	460.0
0.4	-5.2	179.4	10.2	1.8	460.0
0.0	-4.0	301.1	10.3	1.8	460.0
0.0	-1.6	93.0	10.3	1.7	460.0
0.0	-3.0	302.9	10.3	2.1	460.0
0.0	-6.0	309.2	10.3	1.6	460.0
0.0	-3.8	310.6	10.3	2.2	460.0
0.0	1.3	259.7	10.3	3.0	460.0
0.0	6.1	277.4	10.3	3.8	460.0
0.1	8.0	60.4	10.3	2.5	460.0
0.0	12.0	246.8	10.4	4.4	460.0
3.2	10.7	249.9	10.4	5.8	460.0
0.1	0.3	183.4	10.4	2.1	460.0
0.0	-2.1	163.2	10.4	1.7	460.0
0.0	-0.8	325.0	10.4	2.5	460.0
0.0	1.6	321.9	10.4	3.1	460.0
0.0	2.9	305.1	10.5	3.6	460.0
0.0	3.4	332.5	10.5	3.8	460.0
0.0	7.4	322.6	10.5	4.9	460.0
0.0	14.1	314.6	10.5	6.1	460.0
0.0	13.2	276.2	10.5	5.8	460.0
0.0	14.6	317.0	10.6	6.0	460.0
1.5	14.9	182.5	10.6	4.8	460.0
4.3	10.1	28.1	10.6	5.5	460.0
0.1	2.6	53.2	10.6	2.0	460.0
0.0	3.5	296.2	10.6	2.7	460.0
0.0	4.9	341.4	10.7	3.7	460.0
0.8	5.5	253.2	10.7	3.0	460.0
16.0	7.1	52.7	10.7	2.5	460.0
12.3	4.1	16.0	10.7	3.8	461.2
1.0	-4.8	161.5	10.8	1.5	461.2
0.0	-2.4	369.5	10.8	2.5	461.2
0.0	1.8	359.5	10.8	3.7	461.2
0.0	6.8	316.5	10.8	5.1	461.2
0.0	9.5	337.4	10.9	5.6	461.2
0.2	12.2	304.0	10.9	5.5	461.2
2.8	9.6	101.3	10.9	4.2	461.2
11.8	6.8	25.0	10.9	1.4	461.2
12.4	10.8	41.4	11.0	4.5	461.2
10.3	6.0	28.7	11.0	5.4	461.2
0.8	3.0	99.8	11.0	1.9	461.2
1.7	3.8	157.8	11.1	2.0	461.2
2.1	4.1	100.1	11.1	2.2	461.2
0.3	4.2	172.5	11.1	2.2	461.2
41.0	5.2	38.3	11.1	2.1	461.2
16.4	3.4	31.7	11.2	1.9	461.2
3.0	5.0	150.9	11.2	2.6	461.2
15.2	10.3	28.0	11.2	5.1	461.2
9.5	4.5	23.8	11.3	5.2	461.2
0.0	4.7	313.3	11.3	3.7	461.2
0.0	4.6	164.3	11.3	3.0	461.2
0.0	6.5	417.0	11.3	5.0	461.2
0.1	6.8	399.7	11.4	5.6	461.2
13.5	11.4	386.8	11.4	5.3	461.2
23.2	12.9	33.7	11.4	5.5	461.2
3.6	3.1	58.8	11.5	3.8	461.2
0.5	2.1	220.9	11.5	2.5	461.2
0.5	-0.9	271.4	11.5	2.6	461.8
0.0	0.4	443.6	11.5	3.2	461.8
0.3	3.4	387.5	11.6	4.5	461.8
0.0	3.8	385.2	11.6	4.2	461.8
0.0	0.9	456.8	11.6	3.7	461.8
0.0	2.5	297.8	11.7	3.6	461.8
10.0	6.2	295.4	11.7	4.7	461.8
16.0	4.8	72.6	11.7	1.9	461.8
16.0	7.9	34.6	11.8	4.1	461.8
12.1	11.7	38.9	11.8	5.7	461.8
4.4	6.0	77.6	11.8	2.6	461.8
4.7	5.3	32.2	11.9	1.0	461.8
1.8	4.2	173.0	11.9	3.5	461.8
0.0	3.8	273.5	11.9	3.8	461.8
0.0	6.5	462.3	11.9	4.9	461.8
3.0	6.1	144.3	12.0	3.4	461.8
0.9	6.2	56.1	12.0	2.5	461.8
0.6	8.5	269.5	12.0	5.0	461.8
0.0	9.8	494.6	12.1	6.9	461.8
0.2	12.5	383.6	12.1	6.6	461.8
0.9	13.1	217.5	12.1	5.8	461.8
8.4	14.6	99.6	12.2	8.3	461.8
0.4	7.6	273.8	12.2	5.5	461.8
3.0	13.3	460.0	12.2	7.5	461.8
0.0	13.3	378.0	12.3	7.0	461.8
7.5	9.3	168.0	12.3	4.3	461.8
23.9	8.6	81.7	12.3	7.3	461.8
0.2	7.8	404.5	12.3	5.6	461.8
0.0	9.5	536.4	12.4	7.0	461.8
1.7	10.2	191.9	12.4	5.8	461.8
12.3	12.4	110.4	12.4	4.3	461.8
20.2	15.1	61.2	12.5	4.7	462.1
2.9	14.8	232.4	12.5	5.6	462.1
9.6	16.7	70.1	12.5	5.2	462.1
12.5	14.2	63.6	12.6	6.1	462.1
0.2	15.9	366.8	12.6	6.6	462.1
6.6	21.3	476.3	12.6	11.2	462.1
4.7	7.6	78.8	12.6	5.4	462.1
41.4	6.2	114.8	12.7	3.7	462.1
37.3	12.0	55.2	12.7	5.3	462.1
8.8	9.7	90.4	12.7	3.8	462.1
0.2	9.8	168.8	12.8	4.9	462.1
0.0	12.5	200.9	12.8	5.4	462.1
59.9	14.7	108.7	12.8	5.8	462.1
5.3	20.1	141.5	12.9	9.2	462.1
0.7	13.7	220.2	12.9	5.8	462.1
0.7	10.6	87.8	12.9	4.3	462.1
6.3	14.9	426.5	12.9	7.2	462.1
2.0	14.6	84.6	13.0	5.3	462.1
11.5	12.6	96.4	13.0	3.6	462.1
1.0	16.5	242.1	13.0	7.1	462.1
4.0	21.3	287.4	13.0	10.0	462.1
27.7	17.5	59.2	13.1	5.5	462.1
24.5	13.8	56.5	13.1	5.7	462.1
14.8	10.7	82.9	13.1	4.3	462.1
0.0	11.8	507.3	13.2	7.4	462.1
0.0	11.7	501.5	13.2	7.3	462.1
0.1	17.6	581.9	13.2	9.7	462.1
3.7	21.5	309.3	13.2	8.2	462.1
16.3	21.3	373.1	13.3	7.6	462.1
0.8	18.9	349.5	13.3	9.1	462.1
0.1	19.4	572.7	13.3	9.9	462.7
3.6	19.5	345.8	13.3	8.9	462.7
0.1	18.7	490.8	13.4	8.1	462.7
12.7	16.9	62.2	13.4	5.8	462.7
0.2	19.2	522.6	13.4	9.4	462.7
16.4	22.7	362.3	13.4	10.3	462.7
3.2	25.1	558.6	13.5	9.3	462.7
12.9	23.0	520.4	13.5	13.3	462.7
1.9	10.4	81.4	13.5	6.3	462.7
9.9	14.3	500.4	13.5	7.7	462.7
35.0	13.4	76.3	13.6	4.7	462.7
60.1	17.6	166.0	13.6	7.1	462.7
13.6	12.7	36.9	13.6	6.3	462.7
24.9	16.0	495.7	13.6	8.8	462.7
13.8	16.0	85.2	13.7	4.4	462.7
1.4	17.4	126.1	13.7	5.3	462.7
45.4	19.1	115.2	13.7	6.6	462.7
12.6	17.5	72.6	13.7	6.3	462.7
3.2	16.8	156.0	13.7	5.5	462.7
0.2	18.1	487.1	13.8	8.8	462.7
0.1	16.1	511.3	13.8	8.6	462.7
1.6	16.8	578.0	13.8	8.2	462.7
0.4	16.6	335.6	13.8	7.3	462.7
0.1	18.4	225.7	13.8	7.9	462.7
3.9	20.4	567.7	13.8	10.6	462.7
0.0	18.8	466.9	13.9	10.9	462.7
0.7	18.6	596.0	13.9	10.8	462.7
0.0	18.8	640.9	13.9	10.5	462.7
0.1	20.3	641.1	13.9	10.9	462.7
0.0	22.0	647.0	13.9	11.7	462.7
2.6	25.8	539.3	13.9	10.2	462.7
24.2	20.2	120.9	13.9	9.4	461.7
0.0	19.1	497.6	14.0	9.5	461.7
0.6	22.3	541.4	14.0	10.1	461.7
1.8	22.4	178.7	14.0	7.4	461.7
0.2	22.6	464.1	14.0	10.6	461.7
0.2	23.4	609.1	14.0	11.1	461.7
2.5	23.7	583.1	14.0	12.0	461.7
0.0	24.3	589.7	14.0	10.2	461.7
0.0	24.5	422.2	14.0	9.9	461.7
0.0	23.4	338.1	14.0	8.3	461.7
1.7	23.7	311.7	14.0	7.2	461.7
1.7	24.3	190.7	14.1	7.6	461.7
4.8	25.9	388.5	14.1	9.8	461.7
14.6	19.6	106.2	14.1	8.8	461.7
0.5	18.2	142.9	14.1	7.7	461.7
0.1	19.0	554.6	14.1	9.7	461.7
0.1	20.7	631.6	14.1	10.2	461.7
0.0	21.5	634.7	14.1	10.4	461.7
0.0	23.3	631.7	14.1	11.0	461.7
0.0	25.9	601.9	14.1	10.8	461.7
0.0	26.2	421.9	14.1	10.1	461.7
0.0	26.6	613.6	14.1	12.9	461.7
0.0	24.2	645.0	14.1	11.3	461.7
0.0	23.5	606.3	14.1	10.8	461.7
0.8	23.0	551.5	14.1	10.7	461.7
7.8	22.9	611.7	14.1	11.0	461.7
7.0	22.9	492.8	14.1	9.4	461.7
8.8	22.5	501.5	14.1	9.5	461.7
0.5	21.3	187.6	14.1	6.4	461.7
1.7	22.9	400.8	14.1	8.6	461.7
0.5	22.7	191.7	14.1	6.5	458.6
0.8	22.7	185.7	14.0	7.6	458.6
0.4	24.3	497.3	14.0	10.8	458.6
0.0	26.4	627.3	14.0	11.6	458.6
0.1	27.8	615.8	14.0	11.3	458.6
1.2	26.2	160.7	14.0	8.2	458.6
30.1	26.1	225.3	14.0	8.2	458.6
21.8	26.8	371.1	14.0	10.2	458.6
9.1	27.5	576.7	14.0	11.4	458.6
16.2	27.1	589.3	14.0	10.3	458.6
2.6	27.2	566.8	14.0	11.2	458.6
0.0	27.2	548.8	14.0	10.2	458.6
0.0	27.9	484.6	13.9	10.2	458.6
0.2	28.4	493.3	13.9	10.3	458.6
6.6	27.2	361.2	13.9	10.1	458.6
11.6	26.8	355.2	13.9	9.8	458.6
7.5	27.2	569.0	13.9	10.5	458.6
12.9	26.7	499.2	13.9	9.2	458.6
21.9	26.3	422.0	13.8	9.2	458.6
29.3	26.5	412.6	13.8	8.8	458.6
18.7	26.8	556.3	13.8	9.8	458.6
9.2	26.7	561.1	13.8	11.2	458.6
2.3	26.5	530.6	13.8	10.5	458.6
6.5	26.4	577.4	13.8	9.3	458.6
12.1	26.6	528.0	13.7	9.6	458.6
21.6	26.8	416.2	13.7	9.6	458.6
17.1	25.6	307.0	13.7	8.3	458.6
0.5	26.2	506.7	13.7	9.9	458.6
0.7	26.9	503.7	13.7	10.5	458.6
0.4	28.3	524.9	13.6	10.7	458.6
3.9	26.0	324.5	13.6	10.1	458.6
8.5	26.5	309.9	13.6	8.5	456.3
10.4	25.4	239.0	13.6	7.4	456.3
18.9	27.0	458.3	13.6	9.2	456.3
11.6	27.1	487.5	13.5	10.3	456.3
8.5	27.4	539.2	13.5	10.4	456.3
5.6	27.7	465.4	13.5	10.6	456.3
1.2	26.9	505.8	13.5	10.6	456.3
0.6	26.9	491.7	13.4	8.8	456.3
1.2	25.8	135.8	13.4	5.8	456.3
0.6	26.0	197.8	13.4	7.4	456.3
14.1	26.2	327.1	13.4	8.5	456.3
17.3	26.9	377.2	13.3	9.4	456.3
15.0	26.8	411.3	13.3	9.4	456.3
7.8	26.6	458.1	13.3	9.7	456.3
0.2	27.4	544.2	13.3	9.6	456.3
0.0	27.7	559.0	13.2	10.2	456.3
6.9	26.4	519.7	13.2	10.7	456.3
10.2	26.1	423.6	13.2	9.0	456.3
18.8	25.5	313.9	13.2	8.2	456.3
18.1	25.8	458.2	13.1	9.4	456.3
11.3	25.8	481.8	13.1	8.8	456.3
2.0	26.2	502.4	13.1	9.5	456.3
0.1	26.5	484.2	13.0	9.6	456.3
0.1	26.0	476.3	13.0	9.4	456.3
0.4	26.0	493.8	13.0	9.4	456.3
0.1	25.2	445.1	13.0	9.1	456.3
12.0	24.0	375.3	12.9	7.0	456.3
10.6	24.1	447.3	12.9	8.2	456.3
12.3	24.1	445.4	12.9	7.3	456.3
0.1	23.2	475.5	12.8	7.7	456.3
0.0	22.6	439.2	12.8	8.0	456.3
0.0	22.6	468.5	12.8	8.5	456.4
0.0	23.1	521.7	12.8	8.9	456.4
0.0	25.3	525.7	12.7	8.7	456.4
0.9	26.6	434.6	12.7	8.9	456.4
0.9	25.8	375.8	12.7	8.2	456.4
0.1	24.9	343.5	12.6	8.7	456.4
0.0	24.5	448.1	12.6	9.8	456.4
0.0	25.3	512.9	12.6	10.4	456.4
0.0	26.2	498.0	12.6	10.3	456.4
0.0	27.2	479.2	12.5	9.4	456.4
0.2	27.4	391.7	12.5	8.9	456.4
3.3	23.6	57.3	12.5	5.7	456.4
0.4	23.3	217.1	12.4	8.5	456.4
0.0	23.9	423.9	12.4	9.3	456.4
0.0	24.1	475.0	12.4	9.7	456.4
0.0	23.8	500.2	12.3	10.6	456.4
0.0	23.2	429.6	12.3	10.2	456.4
0.0	23.7	500.9	12.3	10.8	456.4
0.0	24.3	492.9	12.3	10.5	456.4
0.0	24.1	484.1	12.2	9.5	456.4
0.0	23.9	478.7	12.2	9.2	456.4
0.0	24.2	473.8	12.2	9.1	456.4
0.0	23.7	469.4	12.1	8.8	456.4
0.0	23.0	473.0	12.1	9.1	456.4
0.0	23.3	472.9	12.1	8.9	456.4
0.0	24.1	459.2	12.0	9.0	456.4
0.0	23.2	457.0	12.0	8.8	456.4
0.0	23.9	452.1	12.0	8.9	456.4
0.0	24.0	434.5	12.0	8.7	456.4
0.0	24.9	445.3	11.9	9.5	456.4
0.0	20.7	438.4	11.9	8.1	456.9
0.0	20.8	461.0	11.9	7.9	456.9
0.0	20.7	255.7	11.8	7.6	456.9
0.0	21.3	442.7	11.8	8.7	456.9
0.0	20.9	451.0	11.8	9.0	456.9
0.0	21.6	447.6	11.7	8.9	456.9
0.1	22.2	425.4	11.7	7.9	456.9
0.1	23.2	78.6	11.7	5.0	456.9
0.0	27.1	401.8	11.7	8.1	456.9
22.5	20.0	357.8	11.6	9.8	456.9
0.0	16.7	281.5	11.6	5.2	456.9
0.0	18.4	255.9	11.6	4.2	456.9
0.5	18.4	63.4	11.5	3.6	456.9
4.3	16.1	27.2	11.5	3.2	456.9
0.9	14.8	46.9	11.5	2.1	456.9
1.0	15.3	79.5	11.4	3.1	456.9
0.1	14.0	162.0	11.4	5.0	456.9
0.0	15.6	395.0	11.4	5.8	456.9
0.0	17.4	363.7	11.4	6.3	456.9
0.0	18.1	392.3	11.3	6.5	456.9
0.0	20.1	382.9	11.3	7.1	456.9
0.0	20.9	373.7	11.3	7.2	456.9
0.0	20.7	291.5	11.2	6.9	456.9
0.0	21.7	345.0	11.2	6.7	456.9
0.0	16.9	356.9	11.2	5.7	456.9
0.0	15.1	202.3	11.2	4.8	456.9
0.0	16.9	362.4	11.1	6.0	456.9
0.0	17.0	340.5	11.1	5.8	456.9
0.0	17.7	365.4	11.1	6.7	456.9
0.0	18.5	354.7	11.0	6.1	456.9
0.0	17.2	280.2	11.0	5.8	456.9
0.0	14.7	368.5	11.0	5.9	458.7
0.0	15.0	362.4	11.0	5.7	458.7
0.0	16.4	348.5	10.9	6.1	458.7
0.0	15.2	317.8	10.9	6.6	458.7
0.0	7.3	340.7	10.9	3.6	458.7
0.0	9.4	368.8	10.9	4.8	458.7
0.0	11.9	334.6	10.8	5.4	458.7
0.0	13.6	277.3	10.8	5.5	458.7
0.0	12.9	350.7	10.8	5.8	458.7
0.0	13.2	340.5	10.8	5.7	458.7
0.0	11.1	265.1	10.7	3.8	458.7
0.0	14.0	318.4	10.7	4.8	458.7
0.0	15.3	267.8	10.7	5.6	458.7
0.0	17.9	303.9	10.7	5.9	458.7
3.5	18.5	264.1	10.6	6.8	458.7
4.2	10.2	25.4	10.6	1.7	458.7
8.5	12.1	23.0	10.6	2.3	458.7
34.0	10.9	25.8	10.6	3.4	458.7
2.7	5.3	37.2	10.6	2.0	458.7
0.5	4.4	35.0	10.5	1.5	458.7
0.0	5.2	121.0	10.5	3.0	458.7
0.0	9.2	303.5	10.5	4.1	458.7
0.1	7.6	313.9	10.5	3.9	458.7
0.0	8.4	282.2	10.5	3.8	458.7
0.0	13.6	296.4	10.4	4.7	458.7
0.0	16.4	205.0	10.4	4.7	458.7
0.0	17.9	164.4	10.4	4.5	458.7
2.7	15.6	50.5	10.4	2.8	458.7
2.6	15.0	52.0	10.4	1.8	458.7
6.7	13.5	63.8	10.4	4.8	458.7
0.9	3.3	56.5	10.3	2.6	460.8
0.0	1.4	304.7	10.3	2.2	460.8
0.0	6.0	251.7	10.3	3.2	460.8
0.0	7.6	269.3	10.3	3.8	460.8
0.0	8.8	295.4	10.3	4.2	460.8
0.1	9.5	253.4	10.3	4.2	460.8
0.4	9.7	204.0	10.3	3.3	460.8
1.1	8.0	47.9	10.3	1.6	460.8
0.0	9.0	255.2	10.2	3.0	460.8
0.0	11.5	199.3	10.2	3.1	460.8
19.3	14.0	54.4	10.2	2.5	460.8
4.7	8.5	33.7	10.2	3.6	460.8
0.7	7.1	88.7	10.2	1.5	460.8
0.4	7.0	114.4	10.2	2.5	460.8
0.5	5.0	150.7	10.2	2.3	460.8
0.7	4.4	124.6	10.2	1.9	460.8
0.0	6.7	223.1	10.2	2.8	460.8
0.1	10.0	237.5	10.2	4.2	460.8
0.7	13.2	225.6	10.2	4.7	460.8
7.1	12.9	42.7	10.2	3.4	460.8
29.0	9.7	26.4	10.2	1.6	460.8
9.6	5.3	10.6	10.2	3.4	460.8
1.1	2.6	91.3	10.2	1.4	460.8
1.2	5.4	50.7	10.2	1.8	460.8
0.9	6.1	91.5	10.2	1.9	460.8
3.2	6.8	71.3	10.2	1.5	460.8
18.9	10.3	59.3	10.2	2.3	460.8
18.1	7.0	15.7	10.2	3.3	460.8
0.0	2.2	294.2	10.2	2.5	460.8
0.0	0.0	291.2	10.2	2.2	460.8
0.0	4.8	292.6	10.2	3.3	460.8
5.3	14.9	176.3	10.2	4.4	463.1
20.3	11.0	13.7	10.2	4.2	463.1
19.0	4.2	16.0	10.2	2.0	463.1
2.5	1.6	47.2	10.2	1.3	463.1
1.1	2.8	144.3	10.3	2.0	463.1
0.4	4.9	130.2	10.3	2.1	463.1
1.5	5.2	61.6	10.3	2.3	463.1
0.7	1.9	45.1	10.3	1.8	463.1
0.7	1.1	146.4	10.3	2.6	463.1
0.8	1.4	165.5	10.3	2.7	463.1
22.7	8.0	182.2	10.3	3.5	463.1
3.1	7.1	28.8	10.3	2.2	463.1
1.2	4.2	74.9	10.4	2.1	463.1
14.9	5.0	19.8	10.4	2.2	463.1
1.6	0.8	33.6	10.4	3.0	463.1
0.0	-1.3	304.5	10.4	1.8	463.1
0.0	-0.9	72.6	10.4	1.6	463.1
0.0	-2.1	324.6	10.4	1.7	463.1
0.0	-1.3	311.6	10.5	2.4	463.1
0.0	-0.6	324.3	10.5	2.6	463.1
0.0	0.9	164.9	10.5	2.8	463.1
0.0	3.1	304.2	10.5	3.7	463.1
0.0	5.5	314.8	10.5	4.2	463.1
0.1	6.0	309.4	10.6	4.4	463.1
0.0	9.6	313.3	10.6	4.8	463.1
0.1	13.1	275.0	10.6	5.2	463.1
20.4	8.7	63.2	10.6	4.6	463.1
0.7	2.5	99.6	10.6	2.0	463.1
11.2	1.0	50.1	10.7	1.2	463.1
16.9	3.2	35.9	10.7	2.4	463.1
40.2	7.1	16.5	10.7	2.0	463.1
16.9	4.1	20.4	10.7	2.7	464.4
1.6	0.9	97.6	10.8	2.2	464.4
0.2	-1.9	328.6	10.8	2.0	464.4
0.0	-0.7	156.5	10.8	1.9	464.4
0.0	2.3	264.1	10.8	2.7	464.4
5.2	3.5	105.1	10.9	2.5	464.4
0.6	3.8	81.5	10.9	1.8	464.4
0.3	5.1	193.0	10.9	2.5	464.4
0.0	5.7	250.1	10.9	2.8	464.4
0.0	5.9	251.5	11.0	3.4	464.4
9.5	7.5	278.6	11.0	3.3	464.4
41.7	8.7	30.3	11.0	4.5	464.4
4.4	-0.5	55.9	11.0	2.6	464.4
4.0	0.5	183.0	11.1	2.4	464.4
8.5	0.8	27.2	11.1	1.4	464.4
6.5	2.5	45.9	11.1	2.3	464.4
23.2	1.7	19.1	11.2	3.0	464.4
0.1	-1.8	374.8	11.2	2.6	464.4
0.0	1.1	407.3	11.2	3.6	464.4
9.6	5.4	300.0	11.2	4.3	464.4
10.3	5.7	43.9	11.3	2.3	464.4
7.2	7.6	119.4	11.3	3.1	464.4
10.5	8.1	40.9	11.3	3.5	464.4
1.7	10.7	137.1	11.4	4.4	464.4
2.6	17.7	183.8	11.4	6.6	464.4
5.0	13.6	31.4	11.4	4.1	464.4
22.3	11.6	60.3	11.5	3.8	464.4
5.2	7.4	38.1	11.5	4.1	464.4
9.6	6.3	145.1	11.5	3.1	464.9
8.0	4.2	56.0	11.5	2.6	464.9
13.8	8.2	214.3	11.6	4.2	464.9
0.0	9.6	272.5	11.6	5.3	464.9
0.0	4.6	155.1	11.6	3.9	464.9
0.8	8.1	387.3	11.7	5.4	464.9
13.1	8.1	93.4	11.7	4.9	464.9
0.4	3.7	149.1	11.7	2.8	464.9
0.2	6.2	381.5	11.8	4.7	464.9
2.2	9.9	291.5	11.8	5.8	464.9
16.7	12.1	149.3	11.8	5.5	464.9
8.1	5.6	84.0	11.8	3.9	464.9
0.0	3.0	193.8	11.9	3.8	464.9
0.1	7.3	399.5	11.9	5.2	464.9
18.2	9.8	157.5	11.9	4.5	464.9
27.6	11.4	54.2	12.0	4.1	464.9
6.5	10.1	97.9	12.0	5.2	464.9
0.4	7.0	193.5	12.0	4.7	464.9
8.8	12.9	281.1	12.1	6.7	464.9
0.2	8.2	184.4	12.1	7.2	464.9
0.1	10.8	447.6	12.1	6.7	464.9
0.0	18.0	434.9	12.2	9.0	464.9
6.5	12.2	315.7	12.2	11.2	464.9
13.7	4.4	35.2	12.2	1.5	464.9
0.9	4.4	84.7	12.2	3.1	464.9
0.1	7.7	443.8	12.3	5.9	464.9
0.1	12.0	418.7	12.3	7.5	464.9
11.2	14.1	169.1	12.3	5.2	464.9
2.9	13.6	94.0	12.4	5.5	464.9
0.1	15.8	453.0	12.4	7.8	464.9
2.2	14.2	123.1	12.4	4.0	464.9
25.8	18.0	108.6	12.5	7.1	465.3
11.7	19.1	87.8	12.5	7.6	465.3
0.6	14.7	300.7	12.5	7.2	465.3
28.4	10.3	59.1	12.5	4.6	465.3
0.1	8.9	312.1	12.6	5.0	465.3
0.0	8.7	539.1	12.6	5.2	465.3
0.0	6.5	560.9	12.6	5.8	465.3
0.0	8.7	570.5	12.7	6.2	465.3
0.0	13.6	556.1	12.7	8.7	465.3
0.0	18.3	550.5	12.7	10.4	465.3
0.0	13.2	553.4	12.8	7.6	465.3
0.0	13.7	571.8	12.8	9.0	465.3
0.0	17.9	450.2	12.8	9.5	465.3
0.0	18.7	564.7	12.8	10.9	465.3
0.0	21.6	572.3	12.9	11.1	465.3
24.7	21.8	252.7	12.9	7.6	465.3
14.1	22.3	274.5	12.9	7.3	465.3
0.1	24.2	276.9	13.0	9.1	465.3
8.3	22.7	241.1	13.0	8.7	465.3
26.3	16.8	137.2	13.0	8.1	465.3
4.3	11.2	83.7	13.0	3.6	465.3
0.0	19.9	416.9	13.1	10.5	465.3
3.1	25.2	533.6	13.1	8.7	465.3
4.8	25.3	440.5	13.1	9.6	465.3
12.4	15.2	252.1	13.2	14.0	465.3
4.0	7.8	42.9	13.2	3.6	465.3
1.0	10.5	227.3	13.2	4.2	465.3
0.2	11.7	288.9	13.2	4.2	465.3
17.0	11.3	112.2	13.3	5.3	465.3
37.4	10.9	60.2	13.3	5.2	465.3
2.9	15.6	298.3	13.3	7.6	465.8
14.6	17.2	86.0	13.3	5.0	465.8
19.3	20.3	156.2	13.4	7.3	465.8
23.8	18.1	43.3	13.4	9.6	465.8
0.1	13.4	120.8	13.4	5.1	465.8
5.6	14.6	241.4	13.4	6.9	465.8
0.0	13.7	480.9	13.5	8.5	465.8
0.1	16.1	479.2	13.5	8.4	465.8
0.5	17.1	354.1	13.5	8.5	465.8
0.1	20.3	593.2	13.5	10.6	465.8
0.4	23.2	589.9	13.6	10.9	465.8
0.3	24.6	518.2	13.6	10.8	465.8
0.6	24.9	434.3	13.6	10.4	465.8
5.6	25.0	486.7	13.6	9.7	465.8
14.6	25.2	488.3	13.6	9.8	465.8
0.0	26.8	582.6	13.7	10.6	465.8
22.3	24.9	425.4	13.7	12.8	465.8
0.2	17.0	360.3	13.7	8.7	465.8
0.3	18.8	544.0	13.7	9.0	465.8
0.1	21.8	495.4	13.7	10.0	465.8
0.6	22.5	211.2	13.8	7.6	465.8
1.1	24.1	277.6	13.8	9.0	465.8
16.9	23.4	123.1	13.8	5.9	465.8
2.2	24.5	332.4	13.8	9.4	465.8
1.1	25.7	529.9	13.8	10.1	465.8
0.5	24.7	326.9	13.9	8.7	465.8
27.9	23.6	119.5	13.9	10.4	465.8
1.3	20.4	168.0	13.9	6.6	465.8
1.2	20.3	308.4	13.9	8.6	465.8
0.1	16.9	306.1	13.9	8.4	465.8
0.0	19.3	631.1	13.9	10.4	465.8
0.0	22.5	588.8	13.9	10.1	464.8
6.7	21.2	145.7	14.0	5.8	464.8
0.1	23.4	527.3	14.0	9.8	464.8
46.6	19.8	152.0	14.0	8.8	464.8
0.8	16.9	77.8	14.0	5.1	464.8
0.0	20.5	555.4	14.0	9.4	464.8
0.9	21.0	637.1	14.0	11.5	464.8
0.0	22.4	614.1	14.0	11.8	464.8
0.3	23.4	645.9	14.0	12.5	464.8
0.0	23.1	634.3	14.0	11.5	464.8
0.0	23.6	559.8	14.0	10.5	464.8
0.0	23.9	445.9	14.1	10.1	464.8
1.8	21.8	162.8	14.1	6.6	464.8
2.9	21.0	125.9	14.1	6.0	464.8
28.8	23.5	405.6	14.1	8.2	464.8
7.6	23.5	112.6	14.1	7.2	464.8
3.4	25.2	225.0	14.1	8.8	464.8
17.9	25.1	215.8	14.1	7.6	464.8
4.6	25.0	229.2	14.1	9.9	464.8
5.7	25.8	525.1	14.1	11.3	464.8
1.0	26.5	612.4	14.1	12.3	464.8
0.0	27.9	604.5	14.1	11.9	464.8
6.8	26.7	494.3	14.1	11.5	464.8
0.0	27.0	516.9	14.1	11.6	464.8
0.0	27.6	513.8	14.1	11.6	464.8
3.7	26.1	197.9	14.1	8.7	464.8
18.1	24.1	30.3	14.1	4.5	464.8
0.6	24.6	309.4	14.1	9.0	464.8
0.0	26.0	574.0	14.1	10.4	464.8
0.1	24.8	336.3	14.1	9.0	464.8
0.2	23.6	147.2	14.1	8.2	461.7
0.0	25.6	589.9	14.1	10.5	461.7
17.3	25.1	300.5	14.0	9.7	461.7
10.1	20.9	22.2	14.0	5.0	461.7
4.7	21.0	82.9	14.0	3.5	461.7
9.7	22.2	86.6	14.0	4.6	461.7
1.1	23.3	187.7	14.0	5.6	461.7
0.9	25.4	416.8	14.0	9.2	461.7
6.4	25.5	521.2	14.0	10.1	461.7
18.1	25.6	506.1	14.0	9.6	461.7
6.1	25.9	572.6	14.0	11.5	461.7
1.1	26.8	553.3	14.0	10.8	461.7
0.6	27.5	551.6	13.9	10.0	461.7
17.0	26.5	518.6	13.9	9.4	461.7
16.5	26.5	492.3	13.9	10.2	461.7
4.5	26.8	439.0	13.9	9.0	461.7
12.2	26.7	580.9	13.9	10.3	461.7
2.9	26.7	591.6	13.9	10.1	461.7
3.8	26.8	579.5	13.9	10.4	461.7
9.3	26.8	594.2	13.8	9.8	461.7
7.5	26.9	600.6	13.8	11.1	461.7
8.2	26.6	579.4	13.8	10.6	461.7
5.5	27.0	595.3	13.8	11.0	461.7
8.0	27.6	539.9	13.8	11.1	461.7
12.4	27.6	572.0	13.7	10.5	461.7
10.1	26.8	379.7	13.7	9.8	461.7
18.0	26.7	331.4	13.7	8.9	461.7
14.0	26.8	392.7	13.7	9.5	461.7
14.7	26.8	410.4	13.7	9.1	461.7
8.2	26.1	299.1	13.6	9.1	461.7
0.1	27.1	564.6	13.6	9.7	461.7
5.3	26.7	366.8	13.6	8.1	459.5
0.7	27.6	546.3	13.6	9.2	459.5
0.2	27.8	526.2	13.6	10.6	459.5
0.0	27.7	597.2	13.5	11.1	459.5
0.0	27.7	601.3	13.5	11.2	459.5
0.0	27.6	600.4	13.5	11.2	459.5
0.0	28.0	594.0	13.5	11.5	459.5
0.0	28.4	590.8	13.4	11.4	459.5
0.2	28.9	556.3	13.4	11.3	459.5
1.4	28.6	469.6	13.4	10.2	459.5
1.6	28.3	386.2	13.4	9.2	459.5
1.0	28.1	400.6	13.3	9.8	459.5
0.4	27.5	406.0	13.3	10.6	459.5
0.2	27.5	578.2	13.3	10.4	459.5
0.0	28.5	576.6	13.3	10.4	459.5
0.0	29.7	552.7	13.2	10.6	459.5
15.3	26.9	319.9	13.2	8.9	459.5
15.5	26.6	374.1	13.2	9.4	459.5
11.8	26.3	439.0	13.2	9.5	459.5
15.5	25.9	453.3	13.1	7.4	459.5
0.4	25.5	201.7	13.1	7.0	459.5
3.0	26.2	473.5	13.1	9.2	459.5
0.0	26.7	500.0	13.0	9.1	459.5
0.0	26.9	405.4	13.0	8.9	459.5
0.1	28.0	535.8	13.0	9.7	459.5
0.5	28.7	441.2	13.0	9.0	459.5
13.2	25.9	403.1	12.9	7.7	459.5
0.5	25.9	435.6	12.9	8.3	459.5
0.4	25.8	451.6	12.9	9.5	459.5
0.0	26.9	545.6	12.9	10.2	459.5
0.0	27.5	536.8	12.8	10.5	459.5
0.0	28.0	511.9	12.8	10.2	459.5
0.0	27.4	498.4	12.8	9.5	459.5
0.3	28.1	494.4	12.7	9.7	459.5
10.2	27.1	454.8	12.7	10.2	459.5
6.2	26.5	485.6	12.7	8.7	459.5
11.0	26.6	475.2	12.6	9.3	459.5
19.6	25.8	458.5	12.6	8.8	459.5
10.1	24.6	404.7	12.6	7.7	459.5
0.2	22.3	301.8	12.6	8.0	459.5
0.0	22.6	509.7	12.5	8.2	459.5
0.0	24.7	493.6	12.5	8.4	459.5
0.4	25.9	458.2	12.5	8.3	459.5
0.0	25.9	469.9	12.4	9.3	459.5
0.3	27.4	463.6	12.4	8.4	459.5
15.0	24.7	153.7	12.4	7.3	459.5
2.9	23.0	37.8	12.4	2.8	459.5
4.3	22.5	37.5	12.3	5.0	459.5
7.2	20.8	33.2	12.3	2.2	459.5
0.9	22.9	220.7	12.3	6.6	459.5
0.9	24.3	316.1	12.2	6.7	459.5
6.8	24.6	375.6	12.2	8.1	459.5
11.5	24.3	430.0	12.2	8.2	459.5
4.3	24.7	437.4	12.1	7.8	459.5
0.1	25.8	435.9	12.1	8.4	459.5
8.0	25.7	402.3	12.1	9.8	459.5
2.3	15.0	29.9	12.0	6.2	459.5
0.0	14.4	262.6	12.0	5.4	459.5
0.2	16.1	379.2	12.0	6.1	459.5
0.4	18.8	433.0	12.0	6.4	459.5
0.2	19.2	242.7	11.9	6.9	459.5
0.0	19.9	453.7	11.9	8.0	460.0
0.0	20.6	458.3	11.9	7.7	460.0
0.0	20.6	440.3	11.8	7.6	460.0
0.1	20.4	327.8	11.8	7.7	460.0
0.0	20.0	443.6	11.8	8.0	460.0
0.0	19.4	441.3	11.7	8.2	460.0
0.0	19.1	444.4	11.7	8.4	460.0
0.0	20.6	438.3	11.7	8.8	460.0
0.0	17.9	440.5	11.7	7.7	460.0
0.0	18.4	435.7	11.6	8.3	460.0
0.0	20.4	408.4	11.6	8.0	460.0
0.0	17.7	367.2	11.6	6.4	460.0
0.0	16.8	424.0	11.5	6.7	460.0
0.0	16.4	426.5	11.5	7.0	460.0
0.0	17.6	424.6	11.5	7.0	460.0
0.0	17.9	412.8	11.5	7.3	460.0
0.0	17.6	416.7	11.4	7.5	460.0
0.0	18.7	400.7	11.4	7.6	460.0
0.0	19.2	396.2	11.4	7.9	460.0
0.0	19.9	392.0	11.3	7.7	460.0
0.0	18.7	387.4	11.3	7.5	460.0
0.0	18.5	392.5	11.3	7.8	460.0
0.0	9.0	413.3	11.2	4.6	460.0
0.0	10.1	406.3	11.2	5.3	460.0
0.0	14.6	382.4	11.2	6.6	460.0
0.0	15.7	372.3	11.2	5.6	460.0
0.0	12.6	374.5	11.1	5.2	460.0
0.0	12.3	385.0	11.1	5.2	460.0
0.0	13.0	365.3	11.1	5.6	460.0
0.0	13.7	379.5	11.1	5.6	460.0
0.0	14.0	378.9	11.0	6.1	460.0
0.0	14.2	373.9	11.0	6.4	461.8
0.0	14.7	370.6	11.0	6.9	461.8
0.0	14.9	368.0	10.9	6.8	461.8
0.0	15.3	359.1	10.9	6.7	461.8
0.0	14.9	359.1	10.9	6.8	461.8
0.0	15.8	354.7	10.9	6.3	461.8
0.0	16.9	340.8	10.8	5.6	461.8
7.3	14.9	96.0	10.8	3.7	461.8
0.6	9.1	53.6	10.8	3.3	461.8
0.0	7.4	261.4	10.8	3.9	461.8
0.0	8.8	347.2	10.7	4.5	461.8
0.0	11.5	340.5	10.7	5.4	461.8
0.0	14.0	325.5	10.7	5.8	461.8
0.0	16.1	186.0	10.7	4.6	461.8
0.0	18.8	293.9	10.7	5.5	461.8
1.4	17.5	166.2	10.6	4.5	461.8
0.4	14.1	38.4	10.6	2.6	461.8
24.8	12.2	99.5	10.6	3.0	461.8
2.6	8.8	41.3	10.6	2.5	461.8
0.5	6.8	192.0	10.5	2.6	461.8
0.1	5.8	120.4	10.5	2.6	461.8
9.1	6.6	43.8	10.5	2.1	461.8
2.8	6.7	36.0	10.5	1.0	461.8
29.0	7.6	36.7	10.5	1.6	461.8
0.2	6.2	90.1	10.4	2.4	461.8
0.3	4.9	264.1	10.4	3.2	461.8
0.3	6.3	237.6	10.4	3.5	461.8
0.5	5.6	141.5	10.4	2.9	461.8
0.3	7.4	235.1	10.4	3.9	461.8
0.6	10.0	168.6	10.4	4.3	461.8
0.6	11.6	210.4	10.3	3.5	464.0
0.6	12.2	141.6	10.3	2.8	464.0
1.8	12.4	40.9	10.3	2.4	464.0
1.6	6.4	58.2	10.3	3.0	464.0
8.8	-0.3	16.7	10.3	2.2	464.0
0.1	-3.6	269.1	10.3	1.7	464.0
0.0	-1.1	283.7	10.3	2.1	464.0
3.7	-3.5	102.0	10.3	0.9	464.0
1.3	-2.1	152.9	10.2	1.4	464.0
14.6	-2.1	31.0	10.2	1.0	464.0
0.3	-4.5	220.0	10.2	1.5	464.0
0.0	-3.5	301.3	10.2	1.7	464.0
0.0	0.2	280.3	10.2	2.7	464.0
0.6	0.5	140.3	10.2	2.2	464.0
0.0	1.6	283.8	10.2	2.6	464.0
6.5	5.7	278.4	10.2	3.2	464.0
4.6	1.7	30.2	10.2	1.8	464.0
0.7	1.4	150.1	10.2	2.2	464.0
0.5	2.5	116.5	10.2	2.3	464.0
0.5	4.7	175.7	10.2	2.4	464.0
0.7	6.7	157.2	10.2	2.4	464.0
3.9	7.3	63.5	10.2	1.6	464.0
7.3	8.4	38.2	10.2	1.6	464.0
6.2	7.0	13.0	10.2	1.7	464.0
4.3	5.1	34.0	10.2	2.1	464.0
0.6	-0.6	38.3	10.2	2.0	464.0
0.0	-5.9	239.3	10.2	1.5	464.0
0.0	-7.7	296.6	10.2	1.1	464.0
0.0	-5.0	293.6	10.2	1.9	464.0
0.0	-2.1	291.5	10.2	2.5	464.0
0.0	0.4	236.3	10.2	3.0	464.0
0.0	3.6	289.7	10.2	3.5	466.3
0.0	2.1	269.9	10.2	2.6	466.3
0.0	0.6	295.8	10.2	2.5	466.3
0.0	-1.0	300.0	10.2	2.4	466.3
0.0	1.7	298.1	10.3	3.0	466.3
0.0	5.0	272.3	10.3	3.7	466.3
0.2	8.2	284.3	10.3	4.6	466.3
0.0	-3.0	105.5	10.3	2.0	466.3
0.0	-3.2	308.5	10.3	2.2	466.3
0.0	0.1	307.0	10.3	3.0	466.3
0.0	2.2	308.0	10.3	3.1	466.3
0.0	2.4	314.1	10.3	3.6	466.3
0.0	6.0	310.6	10.4	4.4	466.3
0.1	8.2	256.9	10.4	4.6	466.3
0.3	11.0	99.9	10.4	4.6	466.3
4.4	12.6	111.9	10.4	4.3	466.3
0.0	5.6	241.9	10.4	3.5	466.3
0.0	6.1	319.4	10.4	4.0	466.3
0.0	6.6	315.4	10.5	4.0	466.3
0.0	9.4	314.9	10.5	4.7	466.3
1.3	12.3	240.4	10.5	4.8	466.3
0.7	10.4	72.7	10.5	4.2	466.3
0.0	5.8	332.7	10.5	3.6	466.3
0.0	9.6	313.1	10.5	5.2	466.3
0.0	10.0	334.4	10.6	5.2	466.3
0.0	15.2	328.1	10.6	6.7	466.3
0.0	16.5	323.9	10.6	7.0	466.3
0.1	13.1	286.8	10.6	6.2	466.3
1.3	8.6	80.9	10.7	2.5	466.3
4.1	7.8	20.7	10.7	1.7	466.3
4.2	9.8	59.0	10.7	2.5	466.3
27.7	7.2	30.6	10.7	2.2	467.5
8.6	1.1	32.3	10.8	2.8	467.5
20.5	1.5	103.6	10.8	2.0	467.5
12.0	-0.7	49.2	10.8	1.3	467.5
0.3	-0.7	157.1	10.8	1.5	467.5
0.0	2.0	259.0	10.9	2.6	467.5
4.9	2.9	161.7	10.9	2.3	467.5
2.2	1.2	31.7	10.9	1.4	467.5
0.0	3.5	188.1	10.9	2.6	467.5
0.0	5.0	122.7	11.0	2.6	467.5
22.9	4.2	45.4	11.0	1.9	467.5
0.2	3.9	232.0	11.0	3.7	467.5
0.1	5.1	265.6	11.0	3.8	467.5
13.6	9.0	73.9	11.1	4.5	467.5
0.0	4.0	385.3	11.1	4.0	467.5
0.0	7.7	378.0	11.1	5.0	467.5
16.3	10.6	313.0	11.2	5.4	467.5
18.7	5.4	28.0	11.2	2.5	467.5
12.2	3.8	33.6	11.2	2.3	467.5
1.2	4.2	178.8	11.2	2.7	467.5
0.1	3.6	258.6	11.3	4.0	467.5
0.0	5.5	361.1	11.3	4.6	467.5
20.0	2.0	202.1	11.3	2.2	467.5
20.7	3.4	35.5	11.4	3.1	467.5
1.3	0.9	179.0	11.4	2.9	467.5
0.0	0.3	420.2	11.4	3.0	467.5
5.6	4.1	110.7	11.4	3.4	467.5
4.3	2.0	108.8	11.5	2.1	467.5
11.4	0.8	51.5	11.5	2.0	467.5
0.0	1.0	98.3	11.5	3.0	468.1
0.0	3.8	451.2	11.6	4.3	468.1
0.0	5.2	450.3	11.6	5.1	468.1
0.0	7.9	334.7	11.6	5.5	468.1
0.0	5.2	464.0	11.7	5.3	468.1
2.2	7.2	439.4	11.7	5.2	468.1
0.0	8.3	448.9	11.7	5.6	468.1
2.2	11.4	315.9	11.7	6.5	468.1
10.7	7.9	103.1	11.8	3.7	468.1
0.0	8.1	246.3	11.8	4.8	468.1
0.0	6.4	478.2	11.8	5.0	468.1
0.0	11.5	477.3	11.9	7.3	468.1
0.0	15.0	403.3	11.9	7.8	468.1
0.5	12.8	449.0	11.9	5.7	468.1
0.3	14.3	191.5	12.0	6.9	468.1
4.4	14.5	103.7	12.0	4.4	468.1
0.0	20.2	459.8	12.0	9.3	468.1
1.8	7.0	167.5	12.1	9.9	468.1
0.2	-0.2	140.0	12.1	1.9	468.1
0.0	3.5	503.1	12.1	4.3	468.1
0.3	9.2	362.8	12.1	6.3	468.1
0.2	9.8	228.8	12.2	6.8	468.1
0.0	3.6	242.5	12.2	4.2	468.1
0.0	2.4	261.7	12.2	3.7	468.1
0.0	5.9	527.9	12.3	5.7	468.1
2.1	11.6	505.7	12.3	7.4	468.1
4.8	5.9	73.3	12.3	3.7	468.1
0.1	12.0	459.0	12.4	8.6	468.1
0.0	16.3	471.0	12.4	9.5	468.1
0.0	16.7	299.1	12.4	8.4	468.1
0.2	19.6	514.6	12.4	10.5	468.1
5.3	18.1	185.8	12.5	9.2	468.5
10.9	20.1	339.0	12.5	8.8	468.5
8.8	16.2	58.9	12.5	5.1	468.5
8.8	19.6	313.8	12.6	7.8	468.5
2.4	15.1	71.7	12.6	6.5	468.5
0.2	16.0	388.3	12.6	7.2	468.5
12.5	18.4	326.0	12.7	9.8	468.5
12.9	7.6	49.7	12.7	5.4	468.5
15.0	8.1	481.3	12.7	5.4	468.5
2.7	8.1	286.0	12.7	4.5	468.5
56.3	8.5	41.1	12.8	3.6	468.5
1.5	8.5	83.5	12.8	3.3	468.5
0.0	10.6	352.3	12.8	5.9	468.5
17.1	13.6	219.7	12.9	6.0	468.5
15.3	13.0	52.1	12.9	4.3	468.5
0.1	13.4	285.8	12.9	7.1	468.5
0.5	14.7	276.4	13.0	7.5	468.5
30.8	12.8	48.7	13.0	6.2	468.5
11.4	17.7	75.7	13.0	6.8	468.5
0.0	15.7	424.8	13.0	7.4	468.5
0.2	16.3	580.4	13.1	9.6	468.5
0.2	18.0	530.5	13.1	10.3	468.5
11.3	17.8	115.6	13.1	4.7	468.5
3.1	21.7	273.9	13.1	8.4	468.5
0.4	23.3	466.0	13.2	9.3	468.5
3.0	23.8	291.5	13.2	8.6	468.5
0.0	25.1	574.1	13.2	9.4	468.5
2.3	25.2	545.0	13.3	10.4	468.5
0.2	25.6	353.7	13.3	10.8	468.5
0.0	26.2	569.6	13.3	9.8	468.5
0.0	26.6	506.9	13.3	9.0	469.0
10.1	25.5	535.7	13.4	10.5	469.0
3.1	16.8	54.6	13.4	11.2	469.0
0.6	11.8	182.2	13.4	4.6	469.0
6.1	11.1	215.1	13.4	5.6	469.0
0.2	13.9	517.5	13.5	8.3	469.0
2.1	17.1	565.6	13.5	7.9	469.0
41.3	18.6	89.6	13.5	7.7	469.0
1.2	20.9	103.1	13.5	6.0	469.0
1.0	21.5	382.8	13.6	8.6	469.0
0.1	21.1	374.0	13.6	9.0	469.0
0.0	21.9	441.2	13.6	8.8	469.0
5.4	20.7	109.4	13.6	5.0	469.0
1.3	23.3	108.9	13.6	7.6	469.0
0.3	21.2	142.5	13.7	7.3	469.0
6.2	21.3	429.3	13.7	8.6	469.0
1.0	18.2	146.0	13.7	8.0	469.0
0.2	21.6	550.1	13.7	9.3	469.0
0.0	24.0	601.1	13.7	10.7	469.0
16.4	22.9	419.1	13.8	9.5	469.0
1.7	24.5	507.8	13.8	10.3	469.0
20.5	24.8	494.3	13.8	9.2	469.0
22.1	19.8	59.1	13.8	8.3	469.0
7.4	22.0	352.4	13.8	9.0	469.0
40.7	21.4	41.4	13.9	4.4	469.0
11.2	22.7	103.4	13.9	7.7	469.0
0.8	20.9	219.9	13.9	5.9	469.0
0.3	21.9	461.8	13.9	9.7	469.0
21.8	18.7	70.4	13.9	5.6	469.0
0.6	18.8	264.7	13.9	7.0	469.0
0.4	22.6	522.7	13.9	10.6	469.0
6.5	24.6	396.9	14.0	10.1	467.9
21.9	25.1	391.8	14.0	9.3	467.9
10.8	25.0	299.4	14.0	9.5	467.9
26.8	25.7	391.9	14.0	9.7	467.9
32.2	24.5	176.6	14.0	5.4	467.9
0.8	22.7	235.5	14.0	8.7	467.9
15.9	20.2	143.8	14.0	6.8	467.9
21.7	18.2	30.6	14.0	3.3	467.9
67.9	19.6	72.3	14.0	4.4	467.9
54.4	16.8	41.1	14.0	6.0	467.9
0.0	16.5	178.7	14.1	6.5	467.9
1.4	18.1	218.1	14.1	5.9	467.9
0.4	19.0	498.0	14.1	9.1	467.9
0.0	18.6	423.5	14.1	8.9	467.9
0.1	21.8	568.2	14.1	9.5	467.9
3.4	22.3	596.7	14.1	11.8	467.9
0.1	24.2	577.1	14.1	10.3	467.9
0.0	26.0	628.4	14.1	12.0	467.9
0.0	27.1	604.2	14.1	11.2	467.9
18.6	24.3	166.7	14.1	7.2	467.9
20.0	26.2	549.6	14.1	9.0	467.9
5.3	26.8	475.0	14.1	10.9	467.9
34.3	25.2	378.7	14.1	8.9	467.9
1.5	25.0	232.7	14.1	8.3	467.9
2.9	27.1	478.0	14.1	9.6	467.9
10.7	27.0	369.8	14.1	9.6	467.9
9.3	25.8	250.4	14.1	8.6	467.9
5.0	25.3	176.6	14.1	5.9	467.9
3.5	27.4	539.4	14.1	10.4	467.9
31.5	24.9	115.7	14.1	6.9	467.9
12.5	25.2	210.8	14.1	8.1	464.8
1.8	25.3	108.9	14.0	6.3	464.8
0.3	26.5	511.5	14.0	9.5	464.8
18.8	26.8	490.2	14.0	9.2	464.8
17.2	27.2	364.7	14.0	9.4	464.8
38.0	26.5	388.6	14.0	8.9	464.8
27.0	25.4	307.9	14.0	8.0	464.8
22.1	25.5	339.4	14.0	8.3	464.8
16.2	26.2	340.0	14.0	8.8	464.8
16.3	26.1	278.4	14.0	9.7	464.8
11.6	26.6	419.1	14.0	9.8	464.8
4.0	27.0	518.1	13.9	10.1	464.8
1.6	26.2	462.3	13.9	10.3	464.8
0.3	25.5	515.2	13.9	10.4	464.8
0.3	26.3	569.6	13.9	9.6	464.8
5.5	25.8	473.0	13.9	9.4	464.8
2.9	25.8	430.9	13.9	9.8	464.8
10.4	25.5	421.4	13.9	9.2	464.8
13.4	26.1	458.2	13.8	10.5	464.8
12.0	26.3	393.2	13.8	8.9	464.8
13.1	26.6	505.1	13.8	9.9	464.8
10.2	26.3	531.0	13.8	9.9	464.8
0.0	25.9	573.3	13.8	9.6	464.8
1.1	25.5	247.0	13.7	8.0	464.8
1.5	25.0	241.6	13.7	7.8	464.8
2.2	26.8	439.1	13.7	9.6	464.8
11.7	27.4	537.5	13.7	10.6	464.8
12.8	27.2	465.3	13.7	10.0	464.8
13.7	27.2	378.5	13.6	9.3	464.8
14.7	26.9	416.4	13.6	9.5	464.8
2.8	26.7	426.7	13.6	8.9	464.8
1.8	26.1	279.2	13.6	7.5	462.6
0.8	25.3	211.9	13.6	7.3	462.6
0.1	25.1	409.4	13.5	9.1	462.6
0.2	26.8	569.5	13.5	8.9	462.6
13.7	25.1	252.7	13.5	7.5	462.6
27.2	25.2	306.1	13.5	6.3	462.6
21.0	25.8	311.1	13.4	8.4	462.6
19.6	26.2	336.3	13.4	8.3	462.6
11.5	26.6	417.6	13.4	8.7	462.6
10.1	27.1	491.4	13.4	9.6	462.6
7.8	27.4	504.3	13.3	9.0	462.6
12.7	27.3	462.4	13.3	9.5	462.6
10.7	27.0	486.5	13.3	9.7	462.6
7.3	27.4	529.4	13.3	10.3	462.6
7.7	27.2	494.2	13.2	9.4	462.6
7.7	27.0	448.8	13.2	9.7	462.6
11.8	26.5	481.0	13.2	9.5	462.6
0.3	26.3	559.6	13.2	10.0	462.6
0.9	26.3	555.5	13.1	9.3	462.6
12.6	25.8	505.6	13.1	9.5	462.6
11.0	25.8	538.5	13.1	9.5	462.6
0.5	25.6	516.9	13.1	9.2	462.6
4.1	24.3	245.3	13.0	7.9	462.6
8.6	25.4	500.6	13.0	8.4	462.6
19.7	25.5	383.7	13.0	7.5	462.6
0.3	25.7	410.9	12.9	9.2	462.6
0.3	25.5	515.4	12.9	8.7	462.6
2.5	25.6	457.6	12.9	9.2	462.6
0.4	25.9	434.1	12.9	8.7	462.6
2.9	25.9	498.5	12.8	9.3	462.6
7.1	25.5	506.1	12.8	9.2	462.6
12.6	25.5	423.6	12.8	8.9	462.7
13.9	25.4	388.2	12.7	9.0	462.7
17.4	25.5	475.0	12.7	8.6	462.7
0.0	25.9	440.1	12.7	8.6	462.7
0.4	26.2	424.3	12.7	8.5	462.7
0.5	26.2	341.1	12.6	8.6	462.7
0.7	26.9	427.7	12.6	8.5	462.7
0.4	27.1	401.6	12.6	8.9	462.7
9.1	26.3	419.6	12.5	8.0	462.7
15.6	25.5	242.0	12.5	8.4	462.7
21.8	25.0	373.5	12.5	7.7	462.7
6.3	24.7	430.0	12.4	7.7	462.7
0.4	25.2	429.3	12.4	7.8	462.7
0.2	25.3	432.8	12.4	7.9	462.7
0.1	26.2	467.2	12.4	8.7	462.7
0.8	25.0	317.5	12.3	9.1	462.7
0.0	21.7	409.8	12.3	6.7	462.7
0.1	21.5	424.0	12.3	7.8	462.7
0.1	22.2	480.5	12.2	6.9	462.7
0.0	21.1	279.5	12.2	5.6	462.7
3.1	21.5	218.6	12.2	6.0	462.7
2.1	18.7	25.6	12.1	1.5	462.7
0.4	19.8	92.1	12.1	4.4	462.7
0.5	23.6	398.4	12.1	7.7	462.7
1.1	25.6	336.2	12.1	7.2	462.7
0.7	24.0	242.4	12.0	7.4	462.7
0.1	22.9	378.0	12.0	7.5	462.7
0.3	24.5	437.6	12.0	8.2	462.7
0.4	24.9	97.5	11.9	6.2	462.7
20.1	25.1	404.3	11.9	7.7	462.7
10.0	24.9	371.1	11.9	7.0	463.2
7.7	20.9	297.2	11.8	9.3	463.2
0.0	13.1	432.3	11.8	4.9	463.2
0.1	15.6	380.1	11.8	5.2	463.2
0.0	17.1	275.5	11.8	4.9	463.2
0.1	16.8	278.6	11.7	6.2	463.2
0.0	17.3	433.0	11.7	6.8	463.2
0.0	17.0	437.2	11.7	6.9	463.2
0.0	18.1	433.2	11.6	7.4	463.2
0.0	17.8	428.9	11.6	7.0	463.2
0.0	18.8	431.0	11.6	7.6	463.2
0.0	19.1	427.8	11.5	7.6	463.2
0.0	17.2	426.1	11.5	6.7	463.2
0.0	17.5	419.5	11.5	7.2	463.2
0.0	17.9	422.6	11.5	6.5	463.2
0.0	19.1	412.4	11.4	7.3	463.2
0.0	16.9	401.3	11.4	6.0	463.2
0.0	16.6	304.8	11.4	6.3	463.2
0.0	16.4	400.7	11.3	6.3	463.2
0.0	17.0	395.6	11.3	6.3	463.2
0.0	17.6	368.8	11.3	6.9	463.2
0.0	18.8	387.3	11.3	7.4	463.2
0.0	11.9	407.5	11.2	4.9	463.2
0.0	10.3	405.0	11.2	5.2	463.2
0.0	12.2	395.1	11.2	5.7	463.2
0.0	14.8	378.4	11.1	6.3	463.2
0.0	14.8	386.8	11.1	6.6	463.2
0.0	14.7	380.1	11.1	6.0	463.2
0.0	14.6	372.1	11.1	6.4	463.2
0.0	12.2	382.4	11.0	5.3	463.2
0.0	13.9	374.1	11.0	5.9	463.2
0.0	15.9	359.8	11.0	6.0	464.9
0.0	16.3	353.9	11.0	6.2	464.9
0.0	16.5	353.6	10.9	6.1	464.9
0.1	18.7	314.5	10.9	5.9	464.9
0.1	18.3	100.6	10.9	5.0	464.9
0.1	18.0	271.1	10.8	5.8	464.9
0.0	15.8	344.4	10.8	6.2	464.9
0.0	15.4	348.4	10.8	6.2	464.9
0.0	15.4	348.7	10.8	6.3	464.9
0.0	16.2	339.7	10.7	6.2	464.9
0.0	17.3	326.7	10.7	5.9	464.9
0.0	16.1	302.4	10.7	5.5	464.9
0.0	17.3	294.0	10.7	5.2	464.9
0.0	19.0	164.3	10.7	4.6	464.9
0.1	20.0	175.1	10.6	4.9	464.9
10.4	15.3	195.0	10.6	6.5	464.9
0.1	10.6	130.2	10.6	3.3	464.9
3.4	13.8	282.8	10.6	4.6	464.9
1.3	12.4	34.7	10.5	2.6	464.9
5.3	9.7	35.3	10.5	4.3	464.9
0.0	4.5	328.9	10.5	3.0	464.9
0.0	7.2	326.5	10.5	4.0	464.9
0.3	12.9	268.6	10.5	4.7	464.9
1.8	12.5	151.8	10.5	3.8	464.9
0.1	6.7	96.4	10.4	3.1	464.9
0.0	6.8	299.8	10.4	3.6	464.9
0.0	6.0	307.4	10.4	3.3	464.9
0.0	5.6	289.6	10.4	3.4	464.9
0.0	10.7	299.3	10.4	4.4	464.9
0.7	15.0	282.9	10.4	5.0	464.9
2.9	14.1	89.6	10.3	3.1	467.1
0.1	9.1	145.3	10.3	3.8	467.1
0.0	7.7	300.5	10.3	3.5	467.1
0.0	9.8	293.1	10.3	4.5	467.1
0.3	12.1	287.1	10.3	4.9	467.1
11.6	8.0	68.5	10.3	4.7	467.1
0.0	-4.1	306.5	10.3	1.4	467.1
0.0	1.5	298.9	10.3	2.6	467.1
0.0	5.9	293.2	10.2	3.4	467.1
0.0	0.6	299.0	10.2	2.4	467.1
0.0	0.5	296.8	10.2	2.7	467.1
0.0	3.7	293.7	10.2	3.4	467.1
0.0	7.6	182.0	10.2	3.6	467.1
4.0	12.8	270.4	10.2	4.6	467.1
3.6	6.3	36.6	10.2	3.8	467.1
0.0	0.2	298.3	10.2	2.5	467.1
0.0	1.2	296.5	10.2	3.0	467.1
0.0	4.0	296.6	10.2	3.6	467.1
0.0	3.3	295.5	10.2	3.2	467.1
0.0	6.0	288.8	10.2	3.9	467.1
0.0	9.5	279.7	10.2	4.5	467.1
0.8	12.9	267.0	10.2	4.7	467.1
1.2	7.9	26.8	10.2	2.2	467.1
0.0	5.6	191.6	10.2	3.3	467.1
0.0	7.8	279.5	10.2	4.0	467.1
0.4	10.9	209.4	10.2	4.3	467.1
1.9	8.2	274.8	10.2	2.5	467.1
6.7	3.3	14.0	10.2	2.4	467.1
17.1	-1.2	17.7	10.2	1.3	467.1
7.6	0.0	61.0	10.2	0.8	467.1
5.1	1.8	44.7	10.2	1.3	467.1
7.6	1.5	25.6	10.2	1.3	469.4
1.3	-0.8	80.6	10.2	1.9	469.4
0.2	0.4	158.4	10.2	2.4	469.4
0.0	1.0	291.2	10.2	2.7	469.4
0.0	-2.3	202.1	10.3	1.7	469.4
0.0	-1.2	303.3	10.3	2.3	469.4
0.0	-1.0	304.1	10.3	2.4	469.4
0.0	1.6	297.9	10.3	2.8	469.4
0.0	7.1	283.2	10.3	4.1	469.4
0.5	10.4	241.9	10.3	4.8	469.4
7.7	6.2	30.1	10.3	2.9	469.4
0.3	1.6	100.0	10.3	2.4	469.4
0.1	2.0	297.3	10.4	3.2	469.4
0.0	2.5	256.0	10.4	3.4	469.4
0.0	0.0	319.2	10.4	2.5	469.4
0.0	3.3	312.3	10.4	3.1	469.4
2.0	7.5	242.5	10.4	3.8	469.4
2.8	6.9	45.4	10.4	1.9	469.4
0.6	10.9	149.8	10.5	3.7	469.4
3.3	9.2	24.0	10.5	4.3	469.4
10.2	-1.0	43.0	10.5	2.0	469.4
1.3	-3.0	60.7	10.5	1.1	469.4
0.0	-0.8	293.3	10.5	1.8	469.4
0.0	-1.5	311.2	10.6	2.5	469.4
0.0	-3.2	347.2	10.6	1.7	469.4
0.0	-2.0	346.3	10.6	2.5	469.4
0.0	1.8	345.9	10.6	3.3	469.4
0.3	3.2	68.1	10.7	2.3	469.4
0.2	3.8	186.8	10.7	3.0	469.4
0.0	2.5	354.6	10.7	3.7	469.4
0.0	4.7	355.2	10.7	3.9	469.4
0.0	8.9	300.0	10.7	4.6	470.6
6.9	6.6	91.0	10.8	3.8	470.6
0.2	-0.4	125.0	10.8	2.2	470.6
0.0	-0.4	356.2	10.8	2.2	470.6
23.1	0.9	39.8	10.8	1.8	470.6
15.1	3.8	24.5	10.9	1.5	470.6
2.4	4.8	40.2	10.9	1.6	470.6
4.9	7.8	167.6	10.9	3.4	470.6
6.0	5.4	20.0	11.0	2.0	470.6
6.7	5.7	38.8	11.0	3.1	470.6
1.0	4.8	244.3	11.0	2.7	470.6
0.4	6.5	136.3	11.0	3.2	470.6
1.7	13.5	166.4	11.1	5.0	470.6
6.5	13.6	71.9	11.1	5.5	470.6
0.3	6.8	144.4	11.1	3.6	470.6
0.4	9.5	185.6	11.1	4.4	470.6
2.7	12.9	136.8	11.2	4.8	470.6
6.8	8.7	39.0	11.2	3.9	470.6
1.2	2.9	100.6	11.2	2.6	470.6
4.9	2.1	43.0	11.3	1.9	470.6
2.9	5.5	50.3	11.3	2.7	470.6
35.3	9.9	42.7	11.3	3.3	470.6
1.1	3.9	97.4	11.3	3.4	470.6
1.6	5.2	190.7	11.4	3.6	470.6
2.6	8.7	98.9	11.4	3.6	470.6
18.4	12.2	72.8	11.4	3.9	470.6
5.0	11.5	43.4	11.5	2.5	470.6
2.8	14.3	207.2	11.5	6.0	470.6
11.9	4.4	26.5	11.5	4.1	471.2
11.0	0.6	15.5	11.6	1.5	471.2
10.8	0.0	22.2	11.6	1.2	471.2
3.8	-1.2	81.2	11.6	1.6	471.2
0.1	0.8	245.7	11.6	3.1	471.2
0.3	2.4	387.6	11.7	3.6	471.2
0.0	3.1	335.7	11.7	3.4	471.2
9.5	4.0	100.8	11.7	2.5	471.2
17.2	4.8	71.6	11.8	2.6	471.2
0.0	5.1	470.3	11.8	5.3	471.2
0.0	1.4	476.4	11.8	3.9	471.2
0.0	1.7	442.5	11.9	4.2	471.2
0.0	5.6	431.5	11.9	5.2	471.2
15.0	5.6	96.9	11.9	2.9	471.2
0.1	4.6	298.2	12.0	5.0	471.2
0.0	6.7	326.1	12.0	4.8	471.2
6.1	6.0	143.7	12.0	3.3	471.2
60.7	7.1	43.1	12.0	4.6	471.2
29.0	13.5	52.0	12.1	6.2	471.2
2.6	8.0	139.8	12.1	4.5	471.2
0.1	6.3	255.1	12.1	4.6	471.2
0.0	5.2	145.6	12.2	3.1	471.2
14.8	8.1	213.2	12.2	4.2	471.2
6.1	8.6	55.6	12.2	2.9	471.2
0.2	10.0	447.3	12.3	6.4	471.2
27.0	11.7	171.8	12.3	6.0	471.2
2.4	16.6	60.6	12.3	5.9	471.2
6.6	21.1	391.4	12.4	7.3	471.2
2.8	17.7	201.5	12.4	7.4	471.2
3.1	13.4	134.7	12.4	8.8	471.2
11.9	14.2	402.6	12.4	7.0	471.2
25.1	9.4	65.0	12.5	4.4	471.7
14.4	7.5	26.7	12.5	2.0	471.7
1.3	7.7	193.6	12.5	5.3	471.7
0.1	12.8	477.9	12.6	7.8	471.7
0.4	18.6	435.6	12.6	9.4	471.7
4.5	16.2	57.9	12.6	7.8	471.7
0.0	12.4	403.1	12.7	7.1	471.7
0.0	10.4	567.8	12.7	7.1	471.7
0.0	11.5	584.0	12.7	7.7	471.7
0.0	16.4	490.1	12.7	8.9	471.7
7.8	16.5	151.9	12.8	6.8	471.7
15.0	12.4	62.3	12.8	6.2	471.7
0.0	14.3	485.8	12.8	7.3	471.7
0.1	13.4	373.6	12.9	7.9	471.7
0.0	13.9	362.4	12.9	6.3	471.7
0.0	11.6	375.6	12.9	6.7	471.7
0.0	12.6	410.6	12.9	7.9	471.7
12.3	12.8	155.6	13.0	4.8	471.7
24.7	16.1	58.8	13.0	6.3	471.7
7.7	17.5	85.1	13.0	7.4	471.7
0.1	14.9	364.0	13.1	6.6	471.7
0.1	17.0	512.7	13.1	8.7	471.7
0.0	17.7	510.6	13.1	9.8	471.7
0.0	14.2	602.0	13.1	7.8	471.7
0.0	17.4	571.0	13.2	9.3	471.7
0.0	18.6	443.4	13.2	9.9	471.7
29.8	20.3	344.2	13.2	9.2	471.7
1.3	18.5	127.4	13.2	7.5	471.7
0.0	15.5	547.8	13.3	6.5	471.7
10.2	13.9	58.7	13.3	4.3	471.7
1.2	17.2	310.1	13.3	7.8	472.1
2.8	16.9	54.1	13.4	5.1	472.1
12.3	14.6	50.5	13.4	4.1	472.1
10.6	15.5	84.6	13.4	4.4	472.1
0.2	17.1	289.5	13.4	7.8	472.1
0.2	19.7	531.5	13.5	9.5	472.1
0.0	20.7	480.7	13.5	9.8	472.1
93.1	21.4	92.1	13.5	7.4	472.1
13.8	23.1	236.6	13.5	6.9	472.1
2.4	20.5	190.9	13.5	7.3	472.1
0.0	21.2	620.1	13.6	10.7	472.1
0.0	18.5	637.8	13.6	10.5	472.1
0.0	20.0	623.5	13.6	10.1	472.1
0.0	23.1	528.8	13.6	9.9	472.1
15.1	24.1	386.2	13.7	9.6	472.1
34.3	22.9	85.2	13.7	4.8	472.1
20.9	22.4	137.6	13.7	7.0	472.1
14.2	20.4	72.1	13.7	6.5	472.1
0.9	20.1	211.0	13.7	6.9	472.1
18.9	19.1	51.1	13.8	3.3	472.1
2.1	20.6	130.9	13.8	5.0	472.1
12.1	23.5	267.8	13.8	10.0	472.1
2.4	22.3	79.4	13.8	6.6	472.1
0.1	24.3	546.2	13.8	10.2	472.1
2.9	25.3	527.8	13.8	10.5	472.1
5.6	26.5	511.9	13.9	9.9	472.1
8.5	24.4	417.1	13.9	9.7	472.1
0.0	20.3	640.9	13.9	11.5	472.1
0.0	21.2	658.6	13.9	11.3	472.1
0.0	23.4	532.6	13.9	10.1	472.1
2.5	23.4	190.7	13.9	9.0	472.1
6.0	22.2	158.2	13.9	6.4	471.0
10.1	24.9	485.3	14.0	10.1	471.0
5.1	25.2	405.4	14.0	10.3	471.0
5.1	24.3	307.3	14.0	7.6	471.0
2.5	24.9	187.9	14.0	9.9	471.0
0.2	21.2	258.0	14.0	7.3	471.0
0.0	20.4	398.3	14.0	8.6	471.0
8.4	18.6	164.0	14.0	6.6	471.0
6.8	16.8	63.5	14.0	3.6	471.0
11.4	18.0	206.3	14.0	5.8	471.0
9.6	18.9	112.7	14.0	5.8	471.0
0.3	21.9	439.1	14.1	9.7	471.0
0.1	22.8	284.4	14.1	8.7	471.0
0.0	23.3	274.3	14.1	8.2	471.0
0.0	23.5	374.8	14.1	8.3	471.0
1.6	23.3	158.1	14.1	6.3	471.0
11.3	22.6	57.4	14.1	4.3	471.0
4.0	24.2	105.9	14.1	6.6	471.0
2.5	23.9	96.5	14.1	5.3	471.0
0.1	26.0	563.4	14.1	9.9	471.0
0.0	26.6	551.7	14.1	10.9	471.0
7.3	26.8	597.6	14.1	12.2	471.0
12.2	26.2	401.1	14.1	9.5	471.0
5.5	24.5	164.5	14.1	7.3	471.0
1.3	25.9	593.4	14.1	11.2	471.0
0.1	26.5	591.6	14.1	11.6	471.0
5.3	26.9	503.3	14.1	10.7	471.0
9.6	26.0	439.1	14.1	9.3	471.0
13.9	25.5	315.8	14.1	8.7	471.0
25.8	25.3	316.2	14.1	8.3	471.0
18.9	25.4	353.6	14.1	8.9	467.9
9.7	25.5	269.9	14.0	9.1	467.9
15.4	25.6	333.7	14.0	9.5	467.9
11.6	25.8	344.5	14.0	9.5	467.9
13.9	26.2	497.2	14.0	9.5	467.9
3.7	25.9	459.2	14.0	10.3	467.9
0.7	25.5	490.2	14.0	9.9	467.9
0.4	25.5	526.4	14.0	9.9	467.9
1.6	26.2	472.5	14.0	9.2	467.9
0.7	27.5	483.2	14.0	10.3	467.9
13.3	26.8	513.8	14.0	9.8	467.9
10.0	26.9	576.1	13.9	10.7	467.9
7.9	27.1	576.5	13.9	10.8	467.9
19.5	27.3	479.4	13.9	9.2	467.9
19.1	26.5	370.2	13.9	9.2	467.9
13.5	27.0	487.5	13.9	10.1	467.9
12.6	27.1	444.0	13.9	9.3	467.9
4.2	26.8	466.4	13.9	10.0	467.9
12.6	27.0	490.2	13.8	9.4	467.9
11.7	27.2	438.1	13.8	9.5	467.9
9.8	27.1	413.1	13.8	9.6	467.9
12.1	27.2	424.0	13.8	9.4	467.9
10.6	27.6	524.9	13.8	10.4	467.9
8.3	27.8	542.3	13.8	10.5	467.9
8.0	27.9	529.1	13.7	10.4	467.9
12.2	27.5	474.5	13.7	9.9	467.9
20.6	27.0	341.7	13.7	8.9	467.9
17.8	26.8	380.9	13.7	8.9	467.9
19.0	26.7	372.1	13.7	9.8	467.9
3.0	27.2	478.6	13.6	10.1	467.9
0.1	27.9	508.0	13.6	10.8	467.9
3.1	27.9	597.0	13.6	10.4	465.7
8.3	27.4	589.7	13.6	10.7	465.7
1.5	28.3	589.2	13.5	10.3	465.7
0.0	29.0	592.2	13.5	10.5	465.7
0.0	29.2	596.3	13.5	11.4	465.7
0.0	29.3	594.5	13.5	11.0	465.7
5.4	28.1	520.3	13.5	11.8	465.7
12.4	27.0	514.5	13.4	9.6	465.7
4.0	26.4	369.6	13.4	9.0	465.7
0.3	27.1	541.3	13.4	10.1	465.7
7.6	27.4	528.6	13.4	9.9	465.7
15.8	26.7	397.4	13.3	8.7	465.7
19.5	26.8	515.8	13.3	9.1	465.7
6.6	27.6	539.1	13.3	10.0	465.7
6.7	27.3	396.3	13.2	8.7	465.7
7.3	27.3	506.6	13.2	9.7	465.7
9.7	26.5	477.4	13.2	9.8	465.7
3.9	26.5	454.1	13.2	9.7	465.7
3.7	26.3	435.1	13.1	9.5	465.7
7.2	26.8	487.5	13.1	9.8	465.7
4.6	25.5	316.8	13.1	7.6	465.7
0.5	25.7	442.5	13.1	9.1	465.7
0.2	26.9	531.0	13.0	10.0	465.7
0.0	28.0	541.8	13.0	10.1	465.7
0.0	28.7	467.5	13.0	9.9	465.7
15.0	27.3	440.8	13.0	8.6	465.7
31.5	26.2	322.5	12.9	7.4	465.7
22.1	26.0	347.9	12.9	6.9	465.7
14.0	25.2	258.6	12.9	6.5	465.7
16.4	26.4	271.9	12.8	8.4	465.7
14.8	26.2	454.7	12.8	8.6	465.7
12.6	25.7	400.3	12.8	8.2	465.8
4.8	25.4	420.9	12.8	7.9	465.8
11.4	25.3	353.3	12.7	7.9	465.8
4.3	26.0	425.8	12.7	8.1	465.8
11.9	25.8	316.1	12.7	7.9	465.8
13.0	26.0	468.0	12.6	8.1	465.8
15.3	25.3	398.8	12.6	8.1	465.8
17.5	25.0	392.8	12.6	8.2	465.8
0.2	25.6	442.4	12.5	8.7	465.8
7.1	25.1	450.9	12.5	8.2	465.8
9.1	22.5	388.9	12.5	9.7	465.8
0.0	19.0	523.9	12.5	6.9	465.8
0.0	20.0	477.9	12.4	8.5	465.8
0.0	21.4	494.2	12.4	8.3	465.8
0.0	23.9	429.2	12.4	8.4	465.8
22.3	22.9	119.5	12.3	6.7	465.8
0.4	20.9	115.9	12.3	5.9	465.8
0.2	21.6	487.2	12.3	9.1	465.8
0.2	22.3	461.4	12.2	9.1	465.8
0.0	23.2	471.0	12.2	9.3	465.8
0.0	23.0	468.3	12.2	7.9	465.8
0.4	25.2	417.2	12.2	7.9	465.8
15.4	24.3	219.8	12.1	7.0	465.8
12.9	24.2	383.6	12.1	7.6	465.8
0.1	23.5	434.9	12.1	8.7	465.8
0.0	22.2	466.3	12.0	8.0	465.8
0.0	21.3	348.0	12.0	8.2	465.8
0.0	22.2	425.9	12.0	8.0	465.8
0.0	19.8	412.7	11.9	7.0	465.8
0.0	20.0	345.2	11.9	7.1	465.8
0.0	19.5	462.1	11.9	8.5	466.3
0.0	20.9	384.2	11.9	7.9	466.3
0.0	18.2	442.0	11.8	7.5	466.3
0.0	15.2	469.0	11.8	7.2	466.3
0.0	17.7	459.8	11.8	7.6	466.3
0.0	16.1	464.3	11.7	6.9	466.3
0.0	16.7	451.5	11.7	7.5	466.3
0.0	17.1	442.3	11.7	7.7	466.3
0.0	17.7	441.1	11.6	8.4	466.3
0.0	18.8	440.3	11.6	8.7	466.3
0.0	18.8	439.7	11.6	8.7	466.3
0.0	19.6	425.2	11.6	8.6	466.3
0.0	19.0	420.9	11.5	8.3	466.3
0.0	17.9	427.4	11.5	7.7	466.3
0.0	19.1	415.9	11.5	7.6	466.3
0.0	19.8	395.5	11.4	7.9	466.3
0.0	15.3	423.4	11.4	6.5	466.3
0.0	15.5	389.0	11.4	6.6	466.3
0.0	13.2	416.7	11.3	6.3	466.3
0.0	12.0	417.3	11.3	6.2	466.3
0.0	13.4	407.2	11.3	6.5	466.3
0.0	15.9	398.2	11.3	7.0	466.3
0.0	18.1	387.8	11.2	7.2	466.3
0.0	19.7	378.0	11.2	7.2	466.3
0.0	15.5	363.8	11.2	6.6	466.3
0.0	13.4	402.7	11.1	5.6	466.3
0.0	13.9	383.8	11.1	6.3	466.3
0.0	13.4	381.3	11.1	6.1	466.3
0.0	14.4	380.9	11.1	6.7	466.3
0.0	15.1	376.1	11.0	6.5	466.3
0.0	16.2	366.7	11.0	6.5	466.3
0.0	16.9	364.3	11.0	6.2	468.1
0.0	18.4	349.8	11.0	6.6	468.1
0.1	19.6	343.1	10.9	6.7	468.1
0.0	14.7	320.0	10.9	5.0	468.1
0.2	15.6	314.4	10.9	5.4	468.1
0.0	13.0	355.7	10.9	5.6	468.1
0.0	9.6	366.3	10.8	4.6	468.1
0.0	11.8	347.7	10.8	5.4	468.1
0.0	9.6	342.1	10.8	4.9	468.1
0.0	5.8	358.7	10.8	4.0	468.1
0.0	9.2	344.7	10.7	4.9	468.1
0.0	11.3	333.5	10.7	5.3	468.1
0.0	13.4	330.5	10.7	5.7	468.1
0.0	15.3	283.6	10.7	5.9	468.1
0.0	9.5	349.1	10.6	4.4	468.1
0.0	11.6	338.7	10.6	5.6	468.1
0.0	13.0	331.7	10.6	6.1	468.1
0.0	13.6	318.9	10.6	5.8	468.1
0.0	13.8	308.5	10.6	5.7	468.1
0.0	14.0	326.3	10.5	5.7	468.1
0.0	12.7	313.1	10.5	4.9	468.1
0.0	10.9	314.1	10.5	4.1	468.1
0.0	11.9	222.8	10.5	4.1	468.1
0.0	15.3	302.1	10.5	5.4	468.1
0.1	16.2	278.3	10.4	5.3	468.1
0.1	15.4	274.2	10.4	5.2	468.1
0.0	17.4	289.6	10.4	5.4	468.1
14.1	17.5	154.3	10.4	4.0	468.1
18.9	9.6	21.5	10.4	4.4	468.1
0.0	3.5	259.7	10.4	2.6	468.1
0.0	5.3	308.3	10.3	3.1	470.2
0.1	6.0	301.9	10.3	3.6	470.2
0.0	6.1	275.6	10.3	3.7	470.2
0.0	8.6	287.1	10.3	4.0	470.2
0.0	13.1	247.1	10.3	4.6	470.2
0.0	16.6	274.3	10.3	4.7	470.2
3.4	11.1	183.7	10.3	5.9	470.2
0.0	2.3	216.3	10.3	2.2	470.2
0.0	4.7	268.6	10.2	2.8	470.2
1.0	8.0	93.0	10.2	2.7	470.2
0.2	9.9	243.1	10.2	3.5	470.2
0.0	8.0	171.6	10.2	4.0	470.2
0.0	6.7	268.4	10.2	3.0	470.2
0.0	8.8	286.8	10.2	3.7	470.2
2.7	11.2	144.7	10.2	3.7	470.2
0.2	5.9	178.2	10.2	3.1	470.2
0.0	7.1	278.8	10.2	3.6	470.2
0.9	8.8	74.3	10.2	3.0	470.2
0.0	4.9	189.3	10.2	2.8	470.2
1.4	-1.1	80.7	10.2	1.5	470.2
0.0	-0.8	287.3	10.2	2.1	470.2
0.0	3.0	241.5	10.2	2.6	470.2
7.8	4.0	22.6	10.2	1.2	470.2
0.3	3.3	70.9	10.2	1.8	470.2
0.1	3.7	141.1	10.2	2.5	470.2
2.3	8.1	256.3	10.2	3.8	470.2
0.9	6.7	52.7	10.2	1.7	470.2
0.7	9.3	137.2	10.2	3.0	470.2
0.9	7.3	94.1	10.2	2.7	470.2
2.4	4.7	49.4	10.2	1.2	470.2
2.2	2.6	35.9	10.2	2.0	470.2
0.0	-1.7	122.6	10.2	1.8	472.6
0.0	-1.0	293.9	10.2	1.8	472.6
0.0	-0.4	264.0	10.2	2.5	472.6
0.1	0.7	278.0	10.2	2.8	472.6
0.0	4.4	262.1	10.3	3.6	472.6
0.2	11.3	252.3	10.3	4.6	472.6
1.0	14.8	124.0	10.3	3.9	472.6
0.4	16.1	122.9	10.3	3.6	472.6
0.2	17.0	265.5	10.3	4.6	472.6
0.8	15.7	69.0	10.3	4.3	472.6
0.5	12.4	157.7	10.3	2.8	472.6
3.2	11.8	103.3	10.3	4.2	472.6
7.5	4.6	22.4	10.4	2.2	472.6
2.7	5.1	116.3	10.4	2.6	472.6
0.3	-1.2	181.1	10.4	2.2	472.6
0.0	-0.7	311.1	10.4	2.0	472.6
0.0	2.3	316.1	10.4	3.2	472.6
0.8	8.5	311.3	10.4	4.4	472.6
4.3	4.5	27.3	10.5	3.4	472.6
0.0	-3.0	295.1	10.5	2.1	472.6
1.2	-3.6	315.6	10.5	1.6	472.6
0.0	0.1	272.3	10.5	2.7	472.6
2.3	3.6	171.6	10.5	2.4	472.6
7.6	7.2	97.8	10.6	2.5	472.6
10.2	8.2	21.9	10.6	3.3	472.6
2.6	-0.2	38.1	10.6	2.4	472.6
0.1	-1.1	160.8	10.6	1.6	472.6
7.6	3.5	145.5	10.6	3.0	472.6
0.2	-0.7	144.1	10.7	2.3	472.6
0.1	3.2	252.1	10.7	3.3	472.6
0.7	6.6	70.2	10.7	2.9	472.6
3.2	12.9	252.9	10.7	4.8	473.8
1.7	6.9	46.7	10.8	3.5	473.8
1.0	4.9	184.8	10.8	3.2	473.8
0.3	5.4	138.3	10.8	3.0	473.8
0.0	7.7	368.0	10.8	3.9	473.8
0.0	7.2	363.5	10.9	4.4	473.8
0.0	11.2	353.5	10.9	5.3	473.8
1.7	12.4	29.5	10.9	3.8	473.8
18.7	12.3	25.5	10.9	4.3	473.8
0.0	7.9	301.6	11.0	4.3	473.8
0.0	10.2	373.8	11.0	4.8	473.8
0.2	14.7	370.8	11.0	5.9	473.8
2.4	15.3	331.1	11.1	7.5	473.8
0.7	2.2	28.3	11.1	2.9	473.8
6.8	-2.8	27.3	11.1	1.4	473.8
7.4	-1.5	83.0	11.1	1.8	473.8
18.1	3.6	46.8	11.2	2.6	473.8
0.4	2.7	312.9	11.2	3.5	473.8
15.9	-1.0	82.5	11.2	0.8	473.8
50.7	0.1	44.3	11.3	2.0	473.8
34.6	4.3	17.7	11.3	2.2	473.8
20.9	3.6	34.0	11.3	1.8	473.8
16.1	3.9	62.7	11.3	1.9	473.8
15.5	4.3	36.1	11.4	1.8	473.8
3.4	2.8	94.4	11.4	2.8	473.8
0.0	3.1	370.0	11.4	4.1	473.8
0.0	3.0	409.1	11.5	4.1	473.8
0.0	2.3	414.7	11.5	4.1	473.8
0.0	4.1	423.9	11.5	4.6	474.4
0.0	6.7	425.8	11.5	4.8	474.4
11.1	7.7	49.1	11.6	3.2	474.4
10.1	9.9	38.3	11.6	3.0	474.4
14.1	12.9	101.0	11.6	4.2	474.4
1.0	16.8	66.9	11.7	4.8	474.4
10.1	16.4	102.6	11.7	6.9	474.4
7.5	11.2	150.2	11.7	3.7	474.4
18.2	9.3	32.9	11.8	3.1	474.4
3.8	7.0	78.6	11.8	3.3	474.4
0.4	7.5	390.6	11.8	5.2	474.4
0.0	8.5	193.5	11.9	4.6	474.4
9.4	14.2	254.2	11.9	6.6	474.4
39.5	14.4	24.7	11.9	6.2	474.4
39.0	7.1	55.8	11.9	3.9	474.4
0.2	6.4	198.0	12.0	3.9	474.4
4.3	7.7	217.5	12.0	4.5	474.4
12.6	15.1	180.1	12.0	7.6	474.4
35.5	8.0	85.7	12.1	3.2	474.4
19.1	7.4	20.8	12.1	2.6	474.4
25.9	6.1	34.3	12.1	2.5	474.4
0.0	4.7	462.8	12.2	4.7	474.4
0.0	8.7	472.4	12.2	5.8	474.4
2.8	9.1	216.6	12.2	4.9	474.4
0.5	10.1	183.1	12.3	5.2	474.4
6.4	11.3	295.1	12.3	5.2	474.4
1.4	10.9	75.7	12.3	3.2	474.4
3.6	13.4	131.2	12.3	4.9	474.4
31.2	14.3	45.6	12.4	3.6	474.4
11.6	15.4	49.3	12.4	4.2	474.4
4.8	13.7	126.6	12.4	5.0	474.4
0.5	11.8	64.2	12.5	5.0	474.8
0.0	10.9	426.4	12.5	6.3	474.8
22.1	12.8	255.5	12.5	5.8	474.8
12.3	14.4	64.3	12.6	7.8	474.8
0.0	4.6	262.0	12.6	4.6	474.8
0.5	6.5	394.1	12.6	5.4	474.8
13.3	8.8	57.2	12.6	4.0	474.8
0.7	8.9	145.0	12.7	4.0	474.8
1.4	9.1	290.1	12.7	5.7	474.8
1.4	12.6	202.1	12.7	6.6	474.8
0.8	15.5	350.6	12.8	8.2	474.8
0.1	19.9	498.3	12.8	10.5	474.8
7.7	22.7	353.0	12.8	9.3	474.8
0.6	13.1	220.2	12.9	8.2	474.8
0.0	12.7	586.7	12.9	7.8	474.8
22.7	16.3	461.1	12.9	8.8	474.8
27.8	15.6	34.6	12.9	5.3	474.8
0.6	12.0	90.2	13.0	4.5	474.8
0.0	13.8	543.6	13.0	8.3	474.8
0.0	15.2	597.6	13.0	8.9	474.8
0.0	17.2	599.9	13.1	9.8	474.8
10.2	20.6	545.4	13.1	10.0	474.8
7.7	13.8	143.5	13.1	8.1	474.8
0.0	15.0	584.0	13.1	9.1	474.8
0.0	17.4	613.1	13.2	9.4	474.8
0.0	19.6	446.5	13.2	8.5	474.8
0.0	23.1	312.4	13.2	8.8	474.8
1.4	27.0	510.0	13.2	9.8	474.8
4.1	21.8	62.2	13.3	7.8	474.8
0.3	18.5	118.5	13.3	6.2	474.8
5.8	19.6	319.2	13.3	8.3	475.2
21.2	22.2	245.3	13.3	9.7	475.2
0.8	16.9	118.3	13.4	5.5	475.2
6.3	20.7	148.2	13.4	7.5	475.2
34.0	22.5	288.7	13.4	8.8	475.2
3.5	22.1	151.6	13.4	5.4	475.2
3.5	17.1	68.5	13.5	9.1	475.2
0.0	17.7	570.0	13.5	8.6	475.2
8.6	18.3	234.5	13.5	8.1	475.2
0.1	14.9	191.1	13.5	6.9	475.2
0.3	18.1	582.3	13.6	9.4	475.2
7.2	21.1	443.7	13.6	9.3	475.2
42.4	20.4	43.0	13.6	4.4	475.2
16.1	20.8	54.5	13.6	3.1	475.2
15.9	21.9	104.9	13.7	5.1	475.2
14.6	22.2	98.0	13.7	5.0	475.2
0.7	22.5	369.6	13.7	9.3	475.2
19.8	22.2	176.6	13.7	10.1	475.2
0.6	17.8	268.7	13.7	5.8	475.2
0.6	19.2	464.7	13.8	8.0	475.2
1.8	18.1	127.0	13.8	6.4	475.2
0.3	17.0	172.6	13.8	7.1	475.2
0.1	20.8	577.4	13.8	10.7	475.2
0.0	23.8	597.3	13.8	11.1	475.2
30.8	23.5	354.8	13.8	10.6	475.2
12.1	17.0	81.1	13.9	6.3	475.2
1.0	18.8	252.2	13.9	7.2	475.2
3.9	21.4	196.5	13.9	8.2	475.2
2.0	22.9	128.7	13.9	6.6	475.2
0.2	24.8	523.1	13.9	10.4	475.2
2.3	25.0	574.3	13.9	11.7	475.2
0.0	24.8	578.7	13.9	11.3	474.1
0.0	21.9	542.9	14.0	9.7	474.1
0.1	20.8	209.6	14.0	6.5	474.1
0.4	20.5	215.2	14.0	7.6	474.1
0.0	22.4	639.4	14.0	11.1	474.1
0.5	23.4	639.1	14.0	11.7	474.1
0.0	24.7	597.2	14.0	10.9	474.1
1.4	25.2	595.8	14.0	13.0	474.1
0.0	26.2	641.0	14.0	13.4	474.1
0.2	27.3	623.2	14.0	11.9	474.1
10.5	25.2	357.3	14.0	10.9	474.1
0.1	20.2	115.9	14.1	5.8	474.1
0.0	22.6	228.9	14.1	7.1	474.1
0.0	22.9	151.2	14.1	7.9	474.1
4.8	20.1	142.5	14.1	6.5	474.1
0.8	21.7	299.4	14.1	8.4	474.1
0.5	23.4	361.8	14.1	9.0	474.1
2.9	25.9	531.7	14.1	10.1	474.1
16.6	26.1	461.5	14.1	9.8	474.1
0.2	26.3	469.0	14.1	11.0	474.1
0.2	24.3	133.4	14.1	7.9	474.1
5.9	25.4	464.3	14.1	11.0	474.1
0.8	19.7	299.2	14.1	7.9	474.1
0.0	22.7	649.5	14.1	10.7	474.1
5.1	25.1	450.6	14.1	9.8	474.1
6.5	25.1	123.0	14.1	7.2	474.1
0.0	26.3	444.6	14.1	9.7	474.1
0.2	24.7	226.2	14.1	7.8	474.1
0.5	25.0	352.8	14.1	9.3	474.1
0.2	24.2	452.4	14.1	10.0	474.1
0.3	25.2	538.3	14.1	9.8	471.1
0.1	27.1	604.5	14.0	11.7	471.1
0.0	28.4	620.2	14.0	12.8	471.1
0.0	29.0	615.1	14.0	11.3	471.1
0.0	30.2	622.2	14.0	9.7	471.1
0.0	30.3	622.3	14.0	10.0	471.1
8.6	28.6	563.0	14.0	11.7	471.1
23.3	27.2	433.8	14.0	10.3	471.1
2.1	26.3	194.8	14.0	8.1	471.1
3.1	27.6	519.7	14.0	10.6	471.1
0.3	28.2	569.8	14.0	11.1	471.1
9.6	27.4	430.0	13.9	9.7	471.1
12.6	27.2	444.8	13.9	9.5	471.1
7.4	27.2	429.1	13.9	9.5	471.1
12.2	27.1	260.4	13.9	9.1	471.1
20.2	26.6	224.8	13.9	8.3	471.1
9.7	25.7	89.5	13.9	6.1	471.1
3.6	26.1	186.8	13.9	7.5	471.1
12.1	26.4	332.4	13.8	8.9	471.1
10.8	27.4	512.4	13.8	9.8	471.1
0.1	28.5	608.7	13.8	11.1	471.1
0.0	29.0	610.3	13.8	10.8	471.1
0.0	28.8	582.0	13.8	11.3	471.1
0.0	29.8	544.8	13.8	10.5	471.1
6.8	27.1	178.1	13.7	9.6	471.1
0.4	27.7	507.2	13.7	10.2	471.1
0.1	27.1	200.0	13.7	8.4	471.1
1.3	27.1	416.1	13.7	9.4	471.1
0.8	26.7	374.7	13.7	9.0	471.1
0.2	25.8	472.5	13.6	10.4	471.1
0.0	26.3	578.4	13.6	10.4	471.1
0.1	27.4	540.8	13.6	10.0	468.8
0.3	27.5	254.8	13.6	8.9	468.8
15.8	25.3	110.3	13.5	7.7	468.8
16.2	24.7	156.7	13.5	6.3	468.8
11.2	25.3	246.3	13.5	8.7	468.8
0.9	26.2	354.8	13.5	8.2	468.8
13.1	26.7	449.0	13.5	8.8	468.8
21.4	26.2	351.1	13.4	8.4	468.8
11.9	26.5	298.0	13.4	8.6	468.8
15.6	26.7	365.6	13.4	8.6	468.8
11.6	27.0	500.7	13.4	9.9	468.8
6.6	26.9	507.4	13.3	9.9	468.8
10.5	27.2	510.4	13.3	9.8	468.8
8.6	27.2	501.8	13.3	9.4	468.8
6.6	27.3	494.8	13.3	10.1	468.8
7.1	27.3	459.8	13.2	9.9	468.8
6.7	27.3	457.8	13.2	8.9	468.8
11.3	27.2	416.4	13.2	9.0	468.8
4.1	26.4	410.5	13.1	9.0	468.8
0.6	22.8	209.3	13.1	7.5	468.8
0.1	24.2	441.8	13.1	8.2	468.8
0.1	24.3	139.0	13.1	6.3	468.8
19.6	25.6	384.1	13.0	8.5	468.8
14.9	26.0	414.5	13.0	8.9	468.8
16.8	25.5	431.3	13.0	8.1	468.8
0.2	24.4	314.9	13.0	8.4	468.8
0.4	24.8	515.4	12.9	8.5	468.8
0.9	26.1	456.8	12.9	7.6	468.8
1.1	26.7	367.8	12.9	8.5	468.8
9.5	26.2	442.9	12.8	8.5	468.8
27.4	23.9	267.6	12.8	7.5	468.8
0.0	21.9	535.3	12.8	8.9	469.0
0.0	22.0	542.4	12.8	8.4	469.0
1.3	23.0	238.8	12.7	7.6	469.0
1.1	22.2	281.7	12.7	7.9	469.0
0.0	21.6	538.3	12.7	9.1	469.0
0.1	22.7	437.7	12.6	8.0	469.0
0.6	23.7	420.0	12.6	8.5	469.0
0.1	24.1	499.4	12.6	9.7	469.0
0.0	23.9	521.5	12.6	10.4	469.0
0.0	22.9	529.3	12.5	10.8	469.0
0.0	23.5	522.4	12.5	9.7	469.0
0.0	23.9	507.0	12.5	10.2	469.0
0.0	24.2	417.5	12.4	10.1	469.0
0.0	25.5	507.7	12.4	10.0	469.0
0.0	26.6	488.8	12.4	9.8	469.0
0.1	27.1	463.5	12.3	10.0	469.0
0.0	27.1	459.5	12.3	9.9	469.0
0.0	24.1	487.2	12.3	9.2	469.0
0.0	23.7	468.4	12.3	9.2	469.0
0.0	24.9	435.4	12.2	8.8	469.0
0.0	25.2	426.1	12.2	9.3	469.0
0.0	24.5	471.0	12.2	10.1	469.0
0.0	24.3	490.4	12.1	9.7	469.0
0.0	23.8	272.4	12.1	8.4	469.0
0.0	19.6	458.3	12.1	7.3	469.0
0.0	19.8	472.5	12.0	8.6	469.0
0.0	19.7	398.2	12.0	8.1	469.0
0.0	20.5	431.1	12.0	8.8	469.0
0.0	19.1	467.1	12.0	8.4	469.0
0.0	19.7	454.7	11.9	7.7	469.0
0.6	21.0	206.9	11.9	6.7	469.5
0.2	20.5	147.8	11.9	5.0	469.5
0.0	20.9	433.1	11.8	8.7	469.5
0.0	20.8	457.7	11.8	8.4	469.5
0.0	22.3	453.1	11.8	8.3	469.5
0.0	23.4	441.3	11.7	8.0	469.5
0.1	24.9	374.9	11.7	8.0	469.5
0.0	24.6	413.2	11.7	7.9	469.5
0.4	24.9	289.8	11.7	7.1	469.5
7.4	20.4	155.4	11.6	8.2	469.5
0.0	14.8	379.8	11.6	6.4	469.5
0.0	15.4	447.0	11.6	7.4	469.5
0.0	17.6	439.4	11.5	7.7	469.5
0.0	20.5	415.4	11.5	8.2	469.5
0.0	20.7	409.2	11.5	7.6	469.5
0.1	18.6	247.1	11.4	7.3	469.5
0.0	15.2	409.7	11.4	6.4	469.5
0.0	17.3	411.5	11.4	6.4	469.5
0.0	16.5	410.6	11.4	6.8	469.5
0.0	17.2	399.0	11.3	7.2	469.5
0.0	17.8	395.7	11.3	7.0	469.5
0.0	16.4	395.9	11.3	6.3	469.5
0.0	17.0	387.3	11.2	6.5	469.5
0.0	18.2	392.4	11.2	6.5	469.5
0.0	15.9	391.2	11.2	6.4	469.5
0.0	15.3	392.7	11.2	6.3	469.5
0.0	15.0	389.1	11.1	6.3	469.5
0.0	16.3	385.9	11.1	6.3	469.5
0.0	18.5	349.7	11.1	6.3	469.5
0.0	18.6	366.4	11.0	6.7	469.5
0.0	17.9	371.4	11.0	6.5	469.5
0.0	19.0	359.0	11.0	6.3	471.2
0.1	19.0	154.5	11.0	5.2	471.2
0.0	19.7	261.5	10.9	5.1	471.2
0.0	19.8	331.7	10.9	5.8	471.2
0.1	21.1	302.6	10.9	6.0	471.2
0.5	22.8	294.5	10.9	6.3	471.2
0.4	21.6	181.4	10.8	5.5	471.2
15.2	12.2	43.7	10.8	5.7	471.2
0.1	5.6	131.0	10.8	3.1	471.2
0.0	6.1	351.8	10.8	3.7	471.2
0.0	10.2	338.9	10.7	4.6	471.2
0.1	15.0	307.3	10.7	5.1	471.2
0.0	17.0	260.5	10.7	5.5	471.2
2.1	17.5	242.8	10.7	5.7	471.2
2.5	10.9	29.2	10.6	2.5	471.2
0.1	13.2	315.3	10.6	4.5	471.2
0.1	15.9	277.5	10.6	5.1	471.2
0.4	13.2	82.3	10.6	3.1	471.2
0.1	13.3	245.1	10.6	4.3	471.2
0.0	15.4	210.3	10.5	4.6	471.2
0.0	16.0	225.6	10.5	5.2	471.2
1.8	17.6	292.0	10.5	5.4	471.2
6.3	13.6	43.7	10.5	4.2	471.2
0.0	9.3	125.0	10.5	2.2	471.2
0.4	11.7	182.8	10.4	3.2	471.2
3.4	12.4	120.5	10.4	3.9	471.2
0.1	8.7	306.3	10.4	3.8	471.2
0.1	10.6	283.1	10.4	4.2	471.2
11.4	12.1	73.8	10.4	2.9	471.2
0.8	13.0	82.3	10.4	2.9	471.2
0.8	12.0	99.2	10.3	2.2	473.4
2.1	14.1	135.3	10.3	3.1	473.4
0.6	12.0	150.1	10.3	3.1	473.4
0.0	11.4	282.7	10.3	4.2	473.4
0.0	11.2	256.0	10.3	4.2	473.4
0.0	5.1	250.9	10.3	2.7	473.4
0.0	1.4	303.1	10.3	2.0	473.4
0.0	3.5	300.0	10.3	3.0	473.4
0.0	5.5	271.7	10.2	3.6	473.4
0.0	6.7	296.9	10.2	4.2	473.4
0.0	6.2	288.4	10.2	3.7	473.4
0.0	4.5	291.8	10.2	3.4	473.4
0.0	7.8	292.0	10.2	4.0	473.4
0.0	9.0	212.2	10.2	4.4	473.4
0.0	11.5	280.3	10.2	4.9	473.4
0.1	15.5	268.5	10.2	5.2	473.4
2.5	14.4	139.8	10.2	4.6	473.4
0.0	8.2	288.5	10.2	3.6	473.4
0.0	9.9	288.6	10.2	4.4	473.4
0.0	7.3	274.0	10.2	3.6	473.4
0.0	2.9	295.9	10.2	2.7	473.4
0.0	0.7	298.0	10.2	2.7	473.4
0.0	1.8	292.2	10.2	3.3	473.4
0.0	3.2	297.9	10.2	3.3	473.4
0.0	6.7	286.2	10.2	4.3	473.4
0.0	5.8	277.0	10.2	3.6	473.4
0.0	1.4	288.2	10.2	3.0	473.4
0.0	1.1	305.9	10.2	3.2	473.4
0.0	7.9	287.5	10.2	4.3	473.4
0.0	4.4	291.2	10.2	3.2	473.4
0.0	2.0	301.6	10.2	2.9	473.4
0.0	2.3	274.3	10.2	3.3	475.7
0.0	3.1	302.1	10.2	3.6	475.7
0.0	4.5	301.6	10.2	4.0	475.7
0.0	6.3	303.2	10.2	4.7	475.7
0.0	8.0	301.3	10.3	5.1	475.7
0.0	6.2	297.6	10.3	4.0	475.7
0.0	2.2	305.0	10.3	3.3	475.7
0.0	0.9	313.2	10.3	3.1	475.7
0.0	2.7	309.6	10.3	3.4	475.7
0.0	6.7	303.7	10.3	4.3	475.7
0.0	11.0	287.7	10.3	4.8	475.7
0.7	10.9	74.3	10.3	3.5	475.7
0.0	11.5	301.0	10.4	4.6	475.7
0.9	7.9	234.0	10.4	5.4	475.7
0.0	0.6	332.1	10.4	2.9	475.7
0.0	2.9	333.9	10.4	3.9	475.7
0.0	6.9	322.8	10.4	5.0	475.7
0.0	9.9	316.8	10.4	5.7	475.7
0.1	12.7	138.8	10.5	5.0	475.7
0.9	13.5	86.4	10.5	4.0	475.7
2.6	7.1	30.6	10.5	3.3	475.7
2.7	3.7	81.6	10.5	2.2	475.7
0.1	1.0	82.1	10.5	2.5	475.7
0.0	6.6	327.4	10.6	4.3	475.7
1.0	5.8	126.5	10.6	4.1	475.7
0.0	7.0	341.6	10.6	4.0	475.7
1.9	12.9	243.3	10.6	5.5	475.7
2.6	7.3	33.3	10.6	3.5	475.7
4.3	-0.7	36.0	10.7	2.4	475.7
0.3	-1.1	84.9	10.7	1.4	475.7
16.6	-0.1	42.9	10.7	1.0	475.7
23.6	-1.5	49.0	10.7	1.5	477.0
2.3	-2.2	115.4	10.8	1.6	477.0
9.3	-0.3	53.4	10.8	1.5	477.0
0.0	-3.7	375.5	10.8	2.2	477.0
0.0	-3.1	379.5	10.8	2.3	477.0
2.6	3.4	365.5	10.9	3.7	477.0
0.4	5.7	217.9	10.9	4.0	477.0
2.7	11.6	333.8	10.9	6.1	477.0
0.0	3.3	356.5	10.9	3.3	477.0
2.7	4.9	290.6	11.0	3.0	477.0
8.1	4.9	19.2	11.0	2.2	477.0
0.6	2.9	115.5	11.0	3.0	477.0
18.1	5.1	245.7	11.0	3.0	477.0
23.6	5.9	37.3	11.1	1.7	477.0
0.4	5.0	69.3	11.1	3.6	477.0
3.9	7.9	342.6	11.1	4.6	477.0
6.7	6.8	59.3	11.2	3.4	477.0
0.0	1.0	382.3	11.2	3.6	477.0
0.0	1.3	423.0	11.2	3.4	477.0
0.0	5.5	401.4	11.2	4.5	477.0
0.0	3.7	245.5	11.3	2.7	477.0
14.5	0.3	77.7	11.3	1.8	477.0
0.2	2.4	105.2	11.3	2.2	477.0
4.5	2.6	93.7	11.4	2.2	477.0
2.9	4.2	182.3	11.4	2.6	477.0
0.9	6.6	113.4	11.4	2.7	477.0
0.4	11.4	117.5	11.5	4.8	477.0
0.2	15.9	200.6	11.5	4.0	477.0
5.0	17.0	300.2	11.5	6.3	477.5
19.4	13.6	381.6	11.5	8.9	477.5
0.6	3.2	94.3	11.6	2.2	477.5
0.9	3.5	277.4	11.6	3.6	477.5
13.8	2.8	233.2	11.6	2.8	477.5
4.3	3.4	66.3	11.7	2.4	477.5
0.2	7.2	249.2	11.7	4.7	477.5
0.2	12.8	201.7	11.7	6.1	477.5
7.3	13.5	96.5	11.8	6.3	477.5
1.6	7.0	72.6	11.8	3.7	477.5
0.2	4.1	131.3	11.8	4.0	477.5
0.4	7.9	284.6	11.8	4.6	477.5
0.0	5.6	223.8	11.9	4.4	477.5
0.0	8.0	325.5	11.9	4.6	477.5
10.1	9.9	186.0	11.9	4.5	477.5
9.9	11.6	181.3	12.0	4.9	477.5
12.8	10.6	29.0	12.0	3.6	477.5
0.8	10.5	138.3	12.0	4.1	477.5
2.3	20.2	446.7	12.1	9.0	477.5
1.5	12.3	308.9	12.1	6.7	477.5
12.5	8.5	146.7	12.1	3.5	477.5
0.7	8.0	332.9	12.2	5.0	477.5
0.1	10.3	353.7	12.2	6.7	477.5
0.1	13.0	222.7	12.2	7.0	477.5
0.0	15.3	482.8	12.2	8.3	477.5
0.0	15.0	487.2	12.3	7.3	477.5
0.0	17.0	514.7	12.3	9.1	477.5
0.0	17.7	514.8	12.3	9.7	477.5
0.0	19.7	322.2	12.4	8.9	477.5
0.5	20.8	486.6	12.4	9.9	477.5
0.1	22.4	288.1	12.4	8.8	477.5
0.1	21.9	162.5	12.5	6.4	478.0
1.4	21.8	146.1	12.5	6.5	478.0
0.0	19.2	359.2	12.5	9.6	478.0
0.3	19.3	451.6	12.5	8.4	478.0
20.4	16.0	200.0	12.6	11.1	478.0
0.0	8.7	569.1	12.6	6.3	478.0
0.0	13.6	554.0	12.6	7.8	478.0
18.9	19.6	359.5	12.7	9.9	478.0
15.6	14.7	112.3	12.7	8.2	478.0
0.9	14.7	249.4	12.7	6.6	478.0
1.8	17.9	194.9	12.8	7.0	478.0
0.3	13.1	147.1	12.8	8.1	478.0
0.0	15.5	554.1	12.8	8.6	478.0
0.0	10.6	518.9	12.8	7.3	478.0
0.0	13.6	595.3	12.9	8.2	478.0
36.2	18.8	546.1	12.9	9.8	478.0
14.6	18.2	48.8	12.9	4.1	478.0
0.4	18.1	198.7	13.0	7.5	478.0
5.9	21.0	386.3	13.0	9.0	478.0
20.4	22.6	283.6	13.0	8.8	478.0
15.1	21.6	148.7	13.0	7.9	478.0
32.4	14.6	53.5	13.1	7.0	478.0
3.4	12.5	103.0	13.1	3.5	478.0
22.9	14.9	86.2	13.1	4.6	478.0
4.9	20.8	151.2	13.2	10.2	478.0
17.1	24.8	419.9	13.2	8.3	478.0
0.0	26.0	410.1	13.2	10.4	478.0
0.0	25.7	547.7	13.2	9.9	478.0
9.7	21.7	379.5	13.3	11.8	478.0
0.3	19.7	261.6	13.3	8.2	478.0
13.7	24.4	548.1	13.3	10.9	478.4
15.4	13.5	102.5	13.3	8.9	478.4
0.0	11.3	633.5	13.4	7.3	478.4
0.0	13.9	551.2	13.4	7.9	478.4
0.0	16.9	601.8	13.4	8.4	478.4
8.2	18.2	254.8	13.4	6.9	478.4
1.6	19.5	77.2	13.5	5.0	478.4
3.2	17.3	59.8	13.5	6.9	478.4
5.7	13.8	31.4	13.5	2.8	478.4
2.8	14.4	93.9	13.5	4.0	478.4
2.2	14.2	112.4	13.6	3.3	478.4
15.3	17.2	69.2	13.6	6.1	478.4
0.7	21.5	118.9	13.6	8.5	478.4
33.5	22.7	254.7	13.6	8.7	478.4
19.7	21.1	61.4	13.6	5.8	478.4
32.8	18.5	163.0	13.7	11.1	478.4
0.0	13.3	647.3	13.7	8.4	478.4
0.0	15.3	656.7	13.7	9.7	478.4
0.0	16.0	649.7	13.7	9.6	478.4
0.1	16.9	621.5	13.7	9.9	478.4
0.6	19.8	442.4	13.8	10.0	478.4
0.1	21.2	602.0	13.8	10.2	478.4
11.4	22.0	440.2	13.8	11.1	478.4
9.2	17.9	67.9	13.8	5.1	478.4
1.2	15.9	171.6	13.8	5.2	478.4
0.1	18.6	638.3	13.9	9.4	478.4
0.1	22.7	622.9	13.9	12.4	478.4
0.3	24.2	603.3	13.9	12.1	478.4
6.9	20.2	96.5	13.9	6.1	478.4
0.2	23.4	526.2	13.9	10.1	478.4
0.3	24.2	608.6	13.9	11.0	478.4
5.2	25.2	594.9	13.9	11.2	477.3
0.0	20.7	498.5	14.0	10.8	477.3
0.0	21.9	656.6	14.0	11.9	477.3
0.2	23.2	642.0	14.0	12.1	477.3
0.0	23.5	619.3	14.0	10.4	477.3
0.0	25.2	388.2	14.0	10.3	477.3
0.0	26.1	478.5	14.0	11.4	477.3
0.0	25.3	223.0	14.0	8.2	477.3
31.2	23.9	92.6	14.0	7.1	477.3
34.9	21.3	41.9	14.0	6.4	477.3
0.9	20.4	400.4	14.0	9.1	477.3
0.2	22.7	487.4	14.1	10.3	477.3
0.2	25.6	545.8	14.1	11.2	477.3
22.2	22.9	59.0	14.1	6.7	477.3
53.0	23.6	67.8	14.1	4.7	477.3
4.1	23.8	124.7	14.1	5.9	477.3
0.1	27.0	572.9	14.1	11.4	477.3
6.6	27.6	609.3	14.1	10.2	477.3
0.0	28.3	605.4	14.1	11.1	477.3
4.8	28.2	596.5	14.1	11.0	477.3
8.2	27.1	466.2	14.1	9.9	477.3
1.2	25.5	181.0	14.1	8.4	477.3
15.1	25.3	433.7	14.1	10.7	477.3
12.2	23.9	225.4	14.1	7.9	477.3
25.3	21.9	45.1	14.1	5.4	477.3
2.6	20.9	41.0	14.1	4.1	477.3
0.6	20.8	101.4	14.1	5.8	477.3
0.1	23.5	454.6	14.1	9.7	477.3
0.8	24.7	380.4	14.1	10.0	477.3
15.7	24.3	174.7	14.1	6.4	477.3
23.4	25.0	420.9	14.1	8.0	474.2
12.0	25.6	262.9	14.1	9.1	474.2
13.3	25.1	86.9	14.0	5.4	474.2
5.7	24.5	53.5	14.0	4.5	474.2
0.1	26.5	424.7	14.0	9.3	474.2
4.8	26.5	437.0	14.0	10.3	474.2
17.8	25.8	233.2	14.0	7.5	474.2
1.4	26.1	213.3	14.0	8.5	474.2
8.4	27.3	572.4	14.0	11.0	474.2
25.7	26.5	444.1	14.0	8.9	474.2
4.4	27.5	547.2	14.0	11.3	474.2
20.8	26.6	361.4	14.0	8.7	474.2
30.6	25.9	267.7	13.9	9.3	474.2
11.6	24.6	124.0	13.9	7.3	474.2
5.4	25.6	492.6	13.9	9.5	474.2
13.1	25.6	420.4	13.9	9.3	474.2
10.1	26.1	536.8	13.9	9.2	474.2
7.5	25.4	336.7	13.9	7.9	474.2
1.0	26.0	411.8	13.9	8.4	474.2
10.9	26.0	416.6	13.8	9.2	474.2
9.8	25.9	318.6	13.8	8.3	474.2
8.3	26.0	336.1	13.8	9.1	474.2
12.6	26.3	334.0	13.8	9.6	474.2
11.3	26.8	423.2	13.8	9.5	474.2
10.3	27.1	450.1	13.7	9.8	474.2
2.3	27.6	560.3	13.7	11.2	474.2
1.8	27.9	546.3	13.7	10.8	474.2
2.0	28.0	572.7	13.7	10.7	474.2
5.6	27.6	582.1	13.7	10.3	474.2
0.4	28.2	575.4	13.6	10.4	474.2
8.3	27.4	557.4	13.6	10.5	474.2
0.0	28.1	584.7	13.6	11.1	472.0
0.1	29.0	571.0	13.6	10.6	472.0
14.3	27.2	447.3	13.6	10.4	472.0
0.1	27.1	526.9	13.5	9.9	472.0
0.5	27.4	540.4	13.5	10.3	472.0
0.0	27.8	564.4	13.5	10.2	472.0
0.1	28.2	561.7	13.5	10.9	472.0
0.0	28.0	553.4	13.4	11.2	472.0
5.7	26.8	440.4	13.4	10.8	472.0
4.3	26.9	508.3	13.4	10.9	472.0
5.9	26.9	551.0	13.4	10.3	472.0
10.3	26.6	552.1	13.3	9.9	472.0
9.0	26.7	510.3	13.3	9.6	472.0
8.6	27.0	434.5	13.3	9.7	472.0
10.8	27.2	513.0	13.3	9.8	472.0
9.6	26.9	537.3	13.2	9.9	472.0
8.3	26.4	394.5	13.2	9.4	472.0
7.8	26.3	424.0	13.2	9.4	472.0
9.1	26.2	507.4	13.2	9.0	472.0
0.1	26.7	528.3	13.1	10.3	472.0
0.1	26.5	556.5	13.1	10.0	472.0
0.5	26.5	364.8	13.1	9.1	472.0
14.8	26.1	404.5	13.0	9.1	472.0
10.7	26.3	436.1	13.0	7.6	472.0
12.3	26.4	423.7	13.0	8.2	472.0
21.6	26.0	390.5	13.0	8.5	472.0
17.1	25.1	210.3	12.9	7.5	472.0
27.6	24.7	263.3	12.9	6.2	472.0
23.5	25.0	374.8	12.9	7.5	472.0
2.0	25.1	287.3	12.9	7.1	472.0
0.4	25.7	323.4	12.8	8.1	472.0
0.6	26.3	428.3	12.8	8.5	472.2
0.7	26.4	367.1	12.8	8.3	472.2
6.0	26.2	423.3	12.7	8.5	472.2
1.4	26.3	268.6	12.7	7.5	472.2
0.6	25.7	171.2	12.7	5.7	472.2
5.6	25.7	177.1	12.6	5.4	472.2
7.0	24.7	63.4	12.6	4.9	472.2
12.1	24.9	307.2	12.6	7.6	472.2
9.4	24.7	397.2	12.6	9.1	472.2
6.4	24.5	459.4	12.5	9.0	472.2
0.5	24.9	399.4	12.5	8.2	472.2
0.5	25.4	464.7	12.5	8.8	472.2
19.0	24.4	430.9	12.4	7.8	472.2
0.4	21.6	231.5	12.4	7.2	472.2
0.0	20.5	502.9	12.4	8.1	472.2
0.1	19.2	389.2	12.4	7.3	472.2
0.0	19.4	461.8	12.3	8.1	472.2
0.0	20.0	315.4	12.3	8.0	472.2
0.0	21.9	412.8	12.3	8.1	472.2
0.0	23.0	389.5	12.2	8.2	472.2
0.0	22.5	356.2	12.2	8.4	472.2
0.0	23.4	475.3	12.2	8.1	472.2
0.0	23.4	415.2	12.1	8.2	472.2
0.0	22.0	371.5	12.1	7.5	472.2
0.0	21.7	445.4	12.1	7.8	472.2
0.0	21.6	474.5	12.0	8.5	472.2
0.0	22.2	463.3	12.0	8.6	472.2
0.0	23.8	451.4	12.0	9.1	472.2
0.0	24.1	455.3	12.0	9.1	472.2
0.0	24.0	452.3	11.9	9.0	472.2
0.0	23.3	451.7	11.9	8.5	472.7
0.0	22.9	438.8	11.9	7.4	472.7
0.0	22.3	396.4	11.8	6.7	472.7
0.0	19.9	168.9	11.8	6.0	472.7
0.0	20.6	445.1	11.8	8.5	472.7
0.0	20.3	444.6	11.7	8.5	472.7
0.0	20.8	445.2	11.7	8.3	472.7
0.0	21.3	434.9	11.7	8.3	472.7
0.0	21.7	413.8	11.7	8.6	472.7
0.0	17.5	454.1	11.6	7.4	472.7
0.0	17.3	448.2	11.6	7.4	472.7
0.0	17.7	436.4	11.6	7.8	472.7
0.0	18.9	436.6	11.5	7.6	472.7
0.0	19.7	414.7	11.5	7.1	472.7
0.0	19.0	381.3	11.5	6.9	472.7
0.0	18.2	421.4	11.5	7.4	472.7
0.0	17.5	422.9	11.4	7.5	472.7
0.0	17.9	416.6	11.4	7.6	472.7
0.0	18.4	404.3	11.4	7.6	472.7
0.0	17.2	414.8	11.3	7.6	472.7
0.0	17.9	412.1	11.3	7.0	472.7
0.0	17.6	394.5	11.3	6.8	472.7
0.0	17.0	355.6	11.2	6.7	472.7
0.0	17.1	395.4	11.2	6.7	472.7
0.0	17.3	393.5	11.2	7.0	472.7
0.0	17.2	390.5	11.2	7.2	472.7
0.0	17.9	393.7	11.1	6.7	472.7
0.0	16.9	378.1	11.1	6.6	472.7
0.0	15.6	382.3	11.1	6.5	472.7
0.0	16.6	372.8	11.1	6.7	472.7
0.0	17.5	364.2	11.0	6.7	472.7
0.1	18.9	357.2	11.0	7.0	474.4
0.0	20.2	348.9	11.0	6.9	474.4
0.0	21.3	346.7	10.9	6.4	474.4
3.4	19.7	70.9	10.9	3.2	474.4
9.9	18.9	107.6	10.9	5.8	474.4
0.2	13.5	260.9	10.9	4.7	474.4
0.0	12.4	334.8	10.8	5.4	474.4
0.0	9.7	325.8	10.8	4.1	474.4
0.0	11.9	344.6	10.8	4.9	474.4
0.0	13.8	343.0	10.8	5.6	474.4
0.0	15.9	332.2	10.7	6.0	474.4
0.0	13.4	342.5	10.7	5.2	474.4
0.0	13.6	345.5	10.7	5.6	474.4
0.0	14.9	342.0	10.7	5.7	474.4
0.0	14.4	333.8	10.6	5.2	474.4
2.4	15.4	79.9	10.6	3.8	474.4
0.0	14.3	206.7	10.6	4.9	474.4
0.0	10.4	327.6	10.6	4.3	474.4
0.0	10.9	323.3	10.6	4.3	474.4
0.0	13.0	288.3	10.5	5.0	474.4
0.0	14.2	306.8	10.5	5.2	474.4
0.0	14.1	276.9	10.5	5.3	474.4
0.0	13.6	272.0	10.5	5.0	474.4
0.0	12.9	306.4	10.5	4.9	474.4
0.0	13.7	152.6	10.4	3.8	474.4
0.0	15.2	156.6	10.4	3.9	474.4
3.3	14.1	83.8	10.4	3.5	474.4
7.0	10.8	38.4	10.4	2.7	474.4
0.5	7.9	30.5	10.4	1.8	474.4
0.0	7.6	288.5	10.4	3.8	474.4
0.0	8.0	244.8	10.3	3.8	476.5
0.0	9.0	299.0	10.3	4.1	476.5
0.0	11.3	297.0	10.3	4.5	476.5
7.1	14.1	193.7	10.3	3.9	476.5
15.8	14.3	30.9	10.3	3.0	476.5
1.0	8.4	60.2	10.3	2.7	476.5
0.0	8.4	254.5	10.3	2.9	476.5
0.0	4.7	274.8	10.3	3.1	476.5
0.0	4.2	235.0	10.2	2.9	476.5
0.0	5.6	291.4	10.2	3.8	476.5
0.0	7.7	277.6	10.2	4.0	476.5
0.6	3.6	59.9	10.2	2.9	476.5
0.0	0.8	248.9	10.2	2.3	476.5
0.0	1.4	280.3	10.2	2.3	476.5
0.0	1.9	237.9	10.2	2.3	476.5
0.0	4.9	286.1	10.2	3.6	476.5
0.0	3.2	281.4	10.2	3.1	476.5
0.0	3.6	277.2	10.2	3.2	476.5
0.0	6.0	285.5	10.2	3.9	476.5
0.0	8.3	281.8	10.2	4.5	476.5
0.0	9.5	270.1	10.2	4.7	476.5
0.0	11.8	283.3	10.2	5.0	476.5
0.0	13.3	277.2	10.2	5.3	476.5
1.3	14.0	274.3	10.2	5.0	476.5
7.1	5.2	20.1	10.2	3.1	476.5
0.0	-0.5	291.3	10.2	2.1	476.5
0.0	2.1	297.8	10.2	3.1	476.5
0.1	3.6	291.8	10.2	2.7	476.5
0.0	8.2	279.7	10.2	3.3	476.5
1.0	11.0	134.6	10.2	3.3	476.5
1.3	12.2	75.6	10.2	3.5	476.5
5.0	7.7	33.9	10.2	3.4	478.9
4.5	5.8	21.2	10.2	2.1	478.9
7.2	9.3	23.2	10.2	2.1	478.9
1.6	2.0	64.9	10.2	2.7	478.9
3.3	1.9	125.6	10.3	1.9	478.9
1.2	5.6	20.1	10.3	2.2	478.9
4.9	12.2	77.1	10.3	3.5	478.9
0.6	5.6	50.0	10.3	3.4	478.9
0.0	2.5	298.1	10.3	2.8	478.9
0.0	0.1	311.2	10.3	2.6	478.9
0.0	2.7	307.1	10.3	3.2	478.9
0.0	6.1	301.5	10.3	4.0	478.9
0.4	5.8	118.1	10.4	3.3	478.9
0.0	5.5	231.1	10.4	3.3	478.9
0.2	7.1	155.8	10.4	3.1	478.9
0.6	7.1	158.1	10.4	2.8	478.9
0.7	6.5	147.6	10.4	2.3	478.9
3.9	4.0	84.3	10.4	2.6	478.9
13.3	-0.9	39.8	10.5	1.6	478.9
2.5	-3.8	94.1	10.5	1.6	478.9
0.4	-7.9	273.1	10.5	0.9	478.9
0.0	-5.3	346.7	10.5	1.5	478.9
0.0	-0.9	335.4	10.5	2.2	478.9
0.0	-0.5	338.6	10.6	2.5	478.9
0.0	2.4	343.0	10.6	3.2	478.9
0.0	4.4	336.0	10.6	3.7	478.9
0.0	7.8	242.1	10.6	3.9	478.9
29.7	1.6	61.2	10.6	3.1	478.9
5.9	-2.6	51.9	10.7	1.4	478.9
0.0	-3.2	325.2	10.7	1.7	478.9
0.0	-4.2	292.5	10.7	1.9	478.9
0.0	-5.0	368.0	10.7	1.8	480.2
0.0	-5.3	376.6	10.8	2.2	480.2
0.0	-3.3	371.9	10.8	2.5	480.2
0.0	2.3	369.5	10.8	4.0	480.2
0.0	7.1	349.6	10.8	5.1	480.2
0.0	2.9	136.4	10.9	1.9	480.2
0.0	2.8	365.9	10.9	3.5	480.2
0.0	5.5	355.6	10.9	4.3	480.2
0.0	9.0	362.6	10.9	5.0	480.2
0.2	8.3	97.1	11.0	4.4	480.2
0.0	5.8	379.2	11.0	3.4	480.2
0.0	9.4	365.6	11.0	5.2	480.2
11.9	12.7	249.6	11.0	6.1	480.2
0.6	7.4	108.4	11.1	2.8	480.2
5.3	10.1	225.9	11.1	4.9	480.2
0.0	2.6	294.7	11.1	3.0	480.2
0.0	2.3	409.4	11.2	3.7	480.2
0.0	4.6	417.5	11.2	4.6	480.2
0.0	8.0	408.9	11.2	5.7	480.2
2.1	4.8	119.4	11.2	2.9	480.2
0.4	2.8	163.3	11.3	3.4	480.2
0.1	5.2	350.4	11.3	3.6	480.2
29.5	6.2	26.3	11.3	2.8	480.2
2.3	6.2	75.7	11.4	2.1	480.2
6.0	6.6	198.9	11.4	3.1	480.2
9.9	6.2	39.5	11.4	2.2	480.2
1.4	3.9	62.1	11.4	2.7	480.2
0.0	4.2	431.8	11.5	4.3	480.2
0.7	5.7	364.8	11.5	4.5	480.2
0.1	1.9	279.7	11.5	3.6	480.7
0.0	6.0	400.6	11.6	4.6	480.7
11.2	7.1	48.1	11.6	4.4	480.7
3.0	12.1	62.1	11.6	3.9	480.7
11.6	12.7	25.8	11.7	3.3	480.7
2.3	4.0	83.4	11.7	5.3	480.7
1.2	1.2	84.6	11.7	2.1	480.7
0.7	2.9	128.9	11.7	2.1	480.7
5.7	5.4	97.8	11.8	2.9	480.7
4.1	7.4	73.5	11.8	2.8	480.7
20.2	8.6	55.1	11.8	3.6	480.7
0.4	5.9	272.9	11.9	4.1	480.7
0.1	8.4	482.0	11.9	5.1	480.7
0.0	9.9	482.8	11.9	6.3	480.7
0.0	13.3	458.7	12.0	7.9	480.7
0.0	16.5	370.9	12.0	8.1	480.7
0.0	17.6	246.8	12.0	7.4	480.7
1.4	17.3	125.9	12.1	6.0	480.7
1.5	16.5	67.3	12.1	3.8	480.7
4.7	19.9	359.3	12.1	7.5	480.7
9.2	20.7	173.1	12.1	6.5	480.7
9.9	4.8	65.4	12.2	8.0	480.7
0.0	2.6	440.4	12.2	4.0	480.7
0.1	3.9	508.5	12.2	4.9	480.7
14.1	9.5	475.5	12.3	6.3	480.7
26.9	12.3	49.1	12.3	5.6	480.7
4.9	10.4	155.0	12.3	4.7	480.7
7.4	7.6	35.0	12.4	1.7	480.7
2.1	7.9	49.2	12.4	2.3	480.7
22.8	11.5	151.9	12.4	4.9	480.7
1.7	12.4	119.3	12.4	4.6	480.7
17.9	6.6	65.2	12.5	4.8	481.1
40.5	5.8	31.8	12.5	3.5	481.1
34.2	9.4	48.3	12.5	3.7	481.1
4.5	11.6	333.7	12.6	6.1	481.1
8.9	9.8	32.4	12.6	3.0	481.1
0.8	14.9	140.4	12.6	8.3	481.1
2.1	21.9	449.4	12.7	8.5	481.1
18.1	16.5	99.0	12.7	9.4	481.1
7.5	8.9	50.4	12.7	3.6	481.1
0.5	7.6	63.0	12.7	3.3	481.1
3.0	9.5	260.9	12.8	5.1	481.1
0.0	8.3	446.5	12.8	6.0	481.1
0.0	8.6	302.2	12.8	4.3	481.1
16.5	9.7	145.9	12.9	3.8	481.1
4.6	9.9	88.3	12.9	4.5	481.1
1.5	9.0	133.0	12.9	4.5	481.1
9.9	12.2	183.9	13.0	5.7	481.1
14.9	15.3	371.4	13.0	7.4	481.1
47.7	16.4	58.8	13.0	5.9	481.1
15.2	14.3	52.1	13.0	5.0	481.1
9.9	18.1	148.5	13.1	8.5	481.1
15.3	12.3	95.0	13.1	5.0	481.1
0.0	13.1	409.9	13.1	7.3	481.1
14.0	11.9	137.4	13.1	3.6	481.1
46.5	13.5	123.5	13.2	4.0	481.1
37.5	12.9	22.0	13.2	2.5	481.1
1.8	16.8	288.8	13.2	8.5	481.1
38.8	19.5	82.2	13.3	6.6	481.1
42.3	17.3	45.5	13.3	8.5	481.1
31.8	15.0	42.9	13.3	5.3	481.1
2.3	20.4	140.5	13.3	7.9	481.6
15.1	18.9	186.2	13.4	9.4	481.6
0.8	16.1	122.3	13.4	5.9	481.6
32.1	18.8	180.4	13.4	6.4	481.6
39.0	21.6	129.6	13.4	5.8	481.6
21.1	20.2	62.1	13.5	4.9	481.6
21.2	20.6	114.5	13.5	6.2	481.6
33.3	20.4	57.5	13.5	4.2	481.6
14.5	22.4	144.0	13.5	7.2	481.6
1.3	21.4	120.4	13.6	6.0	481.6
0.0	22.5	176.8	13.6	6.8	481.6
5.0	23.3	152.5	13.6	6.8	481.6
2.4	23.9	198.0	13.6	7.3	481.6
9.7	22.8	150.5	13.6	9.0	481.6
0.3	20.0	359.5	13.7	10.0	481.6
0.7	22.9	476.2	13.7	10.3	481.6
3.0	23.5	181.5	13.7	7.7	481.6
20.8	17.7	285.3	13.7	12.5	481.6
7.3	14.5	59.8	13.7	4.6	481.6
30.7	17.5	104.7	13.8	6.1	481.6
0.0	21.7	579.3	13.8	8.9	481.6
43.4	23.4	327.6	13.8	9.6	481.6
34.2	22.6	221.0	13.8	7.5	481.6
6.3	22.1	88.8	13.8	5.1	481.6
12.0	23.1	267.8	13.9	8.3	481.6
10.9	25.4	576.4	13.9	10.2	481.6
0.0	26.7	592.2	13.9	9.6	481.6
32.8	24.9	311.1	13.9	9.5	481.6
12.9	22.5	135.6	13.9	6.9	481.6
30.1	20.5	88.0	13.9	9.9	481.6
0.9	17.4	246.1	13.9	7.4	481.6
0.1	21.8	553.4	14.0	10.2	480.4
0.2	22.8	432.6	14.0	10.3	480.4
0.2	23.5	533.0	14.0	9.5	480.4
3.1	22.9	307.9	14.0	8.5	480.4
51.8	22.2	93.0	14.0	4.9	480.4
23.7	22.5	58.8	14.0	5.4	480.4
8.2	24.3	395.3	14.0	8.8	480.4
20.6	23.3	129.7	14.0	6.3	480.4
1.2	23.4	295.0	14.0	7.7	480.4
7.2	23.5	232.5	14.0	8.4	480.4
0.7	25.7	562.5	14.1	10.4	480.4
2.9	26.4	490.0	14.1	10.3	480.4
5.2	25.0	371.1	14.1	10.4	480.4
0.9	25.7	604.8	14.1	12.0	480.4
2.4	25.5	624.4	14.1	11.6	480.4
0.0	23.9	634.3	14.1	12.3	480.4
0.0	21.9	648.8	14.1	10.8	480.4
0.1	22.4	441.6	14.1	9.3	480.4
0.0	22.1	510.2	14.1	8.6	480.4
0.0	21.8	452.8	14.1	9.9	480.4
0.0	23.5	653.9	14.1	10.8	480.4
0.1	25.8	577.8	14.1	10.5	480.4
1.1	26.5	275.3	14.1	8.1	480.4
17.3	26.5	443.2	14.1	10.0	480.4
17.8	25.5	196.5	14.1	7.6	480.4
28.4	26.7	570.5	14.1	9.1	480.4
0.5	27.9	567.0	14.1	10.2	480.4
0.6	28.2	603.9	14.1	9.6	480.4
0.9	29.1	576.5	14.1	9.6	480.4
3.6	29.2	607.7	14.1	11.3	480.4
2.2	29.6	621.2	14.1	10.8	477.4
8.5	28.2	537.7	14.0	9.9	477.4
15.9	27.8	580.4	14.0	10.8	477.4
14.3	26.8	360.7	14.0	8.9	477.4
4.0	25.9	196.0	14.0	7.9	477.4
16.7	26.7	510.0	14.0	10.4	477.4
15.7	26.5	540.4	14.0	9.1	477.4
11.9	26.0	311.5	14.0	8.9	477.4
7.0	26.8	566.6	14.0	10.7	477.4
12.5	26.8	583.1	14.0	10.8	477.4
15.6	26.7	501.4	14.0	9.4	477.4
18.1	26.8	442.6	13.9	9.0	477.4
13.8	26.9	370.1	13.9	9.2	477.4
12.3	27.1	451.5	13.9	9.9	477.4
9.1	28.1	615.7	13.9	10.6	477.4
0.2	28.3	593.2	13.9	11.3	477.4
0.0	28.5	614.3	13.9	11.3	477.4
0.1	29.1	615.6	13.9	11.6	477.4
0.1	29.8	615.7	13.8	11.7	477.4
10.9	28.2	604.1	13.8	11.3	477.4
8.1	27.4	581.4	13.8	11.1	477.4
20.8	26.7	523.3	13.8	8.7	477.4
32.4	26.5	425.0	13.8	8.7	477.4
12.1	27.1	477.3	13.7	10.3	477.4
4.5	27.6	609.5	13.7	11.3	477.4
22.8	26.9	490.4	13.7	9.8	477.4
17.2	26.0	412.2	13.7	9.5	477.4
12.4	26.4	432.8	13.7	9.0	477.4
16.4	26.1	247.0	13.6	8.3	477.4
14.6	25.9	303.5	13.6	9.4	477.4
17.6	26.0	316.8	13.6	8.6	477.4
16.4	26.2	312.5	13.6	8.0	475.1
19.7	26.7	348.2	13.6	8.8	475.1
16.0	26.8	317.2	13.5	8.3	475.1
17.8	26.2	268.4	13.5	8.8	475.1
8.8	26.7	482.0	13.5	9.6	475.1
9.3	26.9	558.0	13.5	10.5	475.1
12.2	26.9	522.1	13.4	9.6	475.1
11.3	27.6	543.9	13.4	10.4	475.1
3.0	27.7	578.8	13.4	10.6	475.1
14.1	27.2	506.0	13.4	9.8	475.1
8.9	27.7	538.0	13.3	9.9	475.1
6.7	27.3	370.9	13.3	9.3	475.1
5.7	27.9	511.5	13.3	10.1	475.1
8.5	27.7	518.3	13.3	9.3	475.1
11.7	27.6	515.2	13.2	9.6	475.1
19.1	27.1	394.4	13.2	9.2	475.1
19.2	26.8	450.8	13.2	8.4	475.1
13.4	26.1	251.5	13.2	7.3	475.1
14.8	26.3	293.2	13.1	8.8	475.1
19.0	26.5	396.2	13.1	9.1	475.1
24.3	25.3	372.5	13.1	8.1	475.1
7.2	25.2	314.9	13.1	8.0	475.1
7.6	25.9	440.9	13.0	8.1	475.1
17.5	26.1	465.7	13.0	8.6	475.1
2.2	26.5	473.9	13.0	9.2	475.1
0.3	25.8	497.6	12.9	8.4	475.1
2.9	24.7	198.8	12.9	6.3	475.1
4.7	24.6	168.7	12.9	5.7	475.1
1.1	24.0	92.4	12.9	5.9	475.1
2.1	23.5	111.8	12.8	4.7	475.1
0.8	23.6	188.5	12.8	7.1	475.1
0.0	24.2	537.6	12.8	9.0	475.3
0.0	25.1	513.0	12.7	8.4	475.3
0.1	25.3	244.5	12.7	7.5	475.3
1.4	26.6	426.1	12.7	7.6	475.3
0.0	27.3	383.9	12.7	8.6	475.3
0.2	27.6	464.4	12.6	8.9	475.3
1.0	26.3	287.7	12.6	8.5	475.3
0.0	26.8	444.1	12.6	8.1	475.3
2.5	27.2	335.4	12.5	8.5	475.3
0.2	24.8	224.1	12.5	7.0	475.3
0.0	24.0	303.3	12.5	8.0	475.3
0.2	23.8	507.8	12.4	9.4	475.3
0.0	24.5	513.2	12.4	9.6	475.3
0.0	24.9	492.1	12.4	9.8	475.3
0.0	24.9	498.1	12.4	9.5	475.3
0.0	24.9	487.3	12.3	9.7	475.3
0.5	26.3	458.3	12.3	9.6	475.3
0.1	20.1	206.6	12.3	8.2	475.3
0.0	20.7	492.9	12.2	9.1	475.3
0.3	23.7	483.7	12.2	9.1	475.3
0.6	24.0	49.8	12.2	5.2	475.3
0.6	24.9	101.7	12.1	5.7	475.3
1.7	24.2	75.5	12.1	4.9	475.3
6.0	24.3	159.7	12.1	6.3	475.3
5.6	23.8	110.8	12.1	5.1	475.3
0.1	24.2	218.9	12.0	5.8	475.3
16.8	25.1	319.9	12.0	6.9	475.3
11.3	25.0	328.3	12.0	7.0	475.3
0.7	20.4	60.6	11.9	6.5	475.3
0.1	18.2	223.2	11.9	5.7	475.3
0.0	17.8	456.6	11.9	6.5	475.9
0.0	18.4	450.9	11.8	7.1	475.9
0.0	18.1	376.5	11.8	6.9	475.9
0.0	18.6	390.4	11.8	7.4	475.9
0.0	19.7	451.6	11.8	7.7	475.9
0.0	20.6	432.2	11.7	8.5	475.9
0.0	15.1	445.4	11.7	6.1	475.9
0.0	14.1	457.9	11.7	6.3	475.9
0.0	16.9	444.1	11.6	7.4	475.9
0.0	19.1	431.1	11.6	7.5	475.9
0.0	16.2	421.9	11.6	7.3	475.9
0.0	14.3	441.9	11.5	6.3	475.9
0.0	15.3	434.4	11.5	7.3	475.9
0.0	17.6	432.1	11.5	8.1	475.9
0.0	18.6	423.7	11.5	8.4	475.9
0.0	18.7	368.1	11.4	8.0	475.9
0.0	18.6	406.8	11.4	7.6	475.9
0.0	16.4	416.9	11.4	7.0	475.9
0.0	16.8	400.4	11.3	7.4	475.9
0.0	16.9	409.3	11.3	7.7	475.9
0.0	18.4	365.7	11.3	7.1	475.9
0.0	16.9	398.0	11.3	6.9	475.9
0.0	14.6	409.4	11.2	6.1	475.9
0.0	17.9	378.9	11.2	6.4	475.9
0.0	19.9	201.8	11.2	5.7	475.9
0.0	21.1	322.0	11.1	6.9	475.9
0.1	21.8	310.2	11.1	7.6	475.9
1.2	8.3	70.4	11.1	5.0	475.9
0.9	6.5	208.4	11.1	2.6	475.9
13.8	2.4	47.2	11.0	2.2	475.9
0.1	5.9	283.8	11.0	3.8	475.9
8.7	9.1	60.1	11.0	3.3	477.5
9.9	11.5	22.0	11.0	2.2	477.5
0.4	12.3	202.9	10.9	4.7	477.5
0.0	6.7	361.8	10.9	3.1	477.5
0.0	3.9	365.8	10.9	3.6	477.5
0.0	4.0	370.3	10.8	3.6	477.5
0.0	8.4	354.8	10.8	5.2	477.5
0.1	11.6	339.2	10.8	6.0	477.5
0.0	13.5	273.1	10.8	6.0	477.5
0.0	12.1	347.7	10.7	4.6	477.5
0.0	12.8	280.5	10.7	4.7	477.5
0.1	14.8	317.9	10.7	5.9	477.5
0.0	16.7	292.8	10.7	6.1	477.5
3.6	14.8	112.6	10.7	5.1	477.5
0.0	8.6	323.9	10.6	3.8	477.5
0.0	8.5	330.6	10.6	3.7	477.5
0.0	10.9	235.0	10.6	4.5	477.5
0.0	12.5	303.3	10.6	5.3	477.5
0.0	14.4	295.5	10.5	5.0	477.5
0.0	15.5	316.8	10.5	5.4	477.5
0.0	16.8	307.6	10.5	5.3	477.5
0.2	18.6	293.5	10.5	5.4	477.5
9.3	18.6	108.8	10.5	4.0	477.5
1.4	10.4	40.3	10.4	4.8	477.5
0.0	6.6	274.4	10.4	3.0	477.5
0.0	9.4	261.1	10.4	3.4	477.5
1.7	12.4	143.8	10.4	3.6	477.5
0.3	14.9	67.7	10.4	3.4	477.5
5.5	16.6	74.0	10.4	3.2	477.5
4.3	13.9	51.6	10.4	4.7	477.5
0.2	9.2	245.6	10.3	3.3	479.7
5.0	11.2	287.1	10.3	4.5	479.7
1.6	0.7	48.2	10.3	2.4	479.7
0.0	1.7	265.5	10.3	2.2	479.7
0.0	2.0	300.3	10.3	2.8	479.7
0.0	4.5	192.4	10.3	3.1	479.7
0.0	5.5	227.0	10.3	3.2	479.7
0.0	2.0	256.0	10.3	2.6	479.7
0.0	2.4	299.1	10.2	3.0	479.7
0.2	3.5	279.2	10.2	3.2	479.7
0.0	1.7	223.1	10.2	2.1	479.7
0.0	3.3	292.1	10.2	3.1	479.7
0.0	6.1	296.1	10.2	3.9	479.7
0.0	0.9	298.7	10.2	2.5	479.7
0.0	2.6	295.7	10.2	3.2	479.7
0.0	4.7	280.7	10.2	3.7	479.7
0.0	0.5	284.4	10.2	2.5	479.7
0.0	4.0	290.1	10.2	3.6	479.7
0.0	5.4	287.1	10.2	3.7	479.7
0.0	3.8	285.2	10.2	3.4	479.7
0.0	5.2	291.6	10.2	3.5	479.7
0.0	9.0	285.3	10.2	4.3	479.7
0.0	11.7	279.6	10.2	4.8	479.7
0.0	12.9	278.6	10.2	5.2	479.7
2.5	10.2	116.2	10.2	2.8	479.7
7.2	2.6	17.7	10.2	2.8	479.7
0.0	1.3	296.2	10.2	2.2	479.7
0.0	1.9	299.0	10.2	2.2	479.7
0.0	2.5	291.0	10.2	3.3	479.7
0.0	-1.8	302.1	10.2	2.1	479.7
0.0	-1.3	305.5	10.2	2.4	479.7
0.0	4.0	295.4	10.2	3.9	482.1
0.0	6.8	294.5	10.2	4.7	482.1
0.0	7.5	295.3	10.2	4.5	482.1
0.3	8.5	257.3	10.2	4.3	482.1
0.0	3.7	293.4	10.3	3.2	482.1
0.0	4.0	308.5	10.3	3.4	482.1
0.0	8.5	301.1	10.3	4.5	482.1
0.0	13.4	294.6	10.3	5.2	482.1
0.3	16.7	146.0	10.3	4.9	482.1
2.1	10.2	63.7	10.3	4.9	482.1
0.0	2.6	247.0	10.3	2.7	482.1
0.0	4.5	269.3	10.3	3.0	482.1
0.0	4.8	315.4	10.4	3.8	482.1
0.0	10.4	287.0	10.4	4.9	482.1
0.0	13.4	219.2	10.4	5.7	482.1
0.2	16.0	196.8	10.4	5.3	482.1
3.4	16.1	89.8	10.4	4.9	482.1
1.5	10.6	76.7	10.4	3.1	482.1
0.3	7.9	196.2	10.5	3.7	482.1
0.1	12.3	311.8	10.5	5.1	482.1
3.9	13.8	147.4	10.5	4.4	482.1
0.7	13.9	96.9	10.5	3.1	482.1
6.0	15.3	220.4	10.5	4.7	482.1
5.5	13.4	46.5	10.6	3.7	482.1
18.6	8.7	68.1	10.6	2.3	482.1
0.4	8.9	98.5	10.6	2.4	482.1
13.7	6.0	45.5	10.6	4.3	482.1
0.5	-1.0	147.5	10.7	1.6	482.1
6.1	1.3	38.1	10.7	1.8	482.1
10.7	2.5	83.1	10.7	2.5	482.1
51.6	-0.6	35.3	10.7	0.9	482.1
14.2	0.1	26.1	10.7	1.4	483.3
2.3	-4.1	172.7	10.8	1.6	483.3
0.0	-6.4	388.2	10.8	1.8	483.3
0.0	-4.4	388.5	10.8	2.0	483.3
0.0	-1.7	143.1	10.8	2.1	483.3
0.0	-1.4	376.3	10.9	2.3	483.3
0.0	4.1	327.8	10.9	3.6	483.3
5.7	7.8	60.5	10.9	3.5	483.3
5.9	4.2	27.3	11.0	3.3	483.3
0.1	3.4	179.5	11.0	2.8	483.3
11.1	0.7	148.5	11.0	1.9	483.3
10.0	-0.7	59.0	11.0	1.3	483.3
6.2	-0.3	93.7	11.1	1.3	483.3
2.0	0.9	114.4	11.1	1.9	483.3
0.0	3.6	405.7	11.1	3.1	483.3
0.0	3.6	406.0	11.1	4.1	483.3
0.1	6.4	393.3	11.2	4.9	483.3
0.0	9.5	378.4	11.2	5.4	483.3
0.0	13.7	400.5	11.2	6.1	483.3
8.1	15.5	260.2	11.3	6.8	483.3
1.5	3.6	64.9	11.3	3.8	483.3
0.0	2.9	246.6	11.3	2.6	483.3
0.0	3.4	324.9	11.3	3.6	483.3
0.0	4.5	358.9	11.4	3.6	483.3
7.1	3.2	89.4	11.4	2.3	483.3
0.2	4.4	291.3	11.4	4.6	483.3
0.0	8.4	396.8	11.5	5.1	483.3
5.3	9.7	60.9	11.5	3.9	483.3
13.1	7.7	25.2	11.5	3.4	483.9
9.8	3.8	26.3	11.6	2.3	483.9
24.1	5.1	61.4	11.6	2.7	483.9
30.9	7.7	32.7	11.6	2.5	483.9
15.6	6.9	43.3	11.6	1.6	483.9
32.3	2.0	30.7	11.7	3.8	483.9
3.4	1.5	139.5	11.7	2.1	483.9
5.0	4.5	78.8	11.7	2.7	483.9
13.4	3.5	34.5	11.8	2.8	483.9
15.5	0.9	28.0	11.8	1.4	483.9
12.7	1.4	65.7	11.8	1.8	483.9
0.9	4.5	178.8	11.9	3.8	483.9
18.2	7.1	78.1	11.9	3.0	483.9
31.2	11.4	222.7	11.9	5.1	483.9
1.2	11.9	125.3	12.0	3.9	483.9
8.8	8.0	33.7	12.0	5.3	483.9
0.0	5.1	132.9	12.0	2.4	483.9
0.0	2.8	141.3	12.0	4.0	483.9
0.0	2.7	439.9	12.1	4.3	483.9
0.0	5.7	517.6	12.1	5.4	483.9
0.0	9.6	506.0	12.1	6.4	483.9
2.4	9.9	396.5	12.2	6.2	483.9
0.0	13.4	515.1	12.2	7.8	483.9
0.0	16.2	431.5	12.2	8.1	483.9
14.8	9.3	214.5	12.3	7.7	483.9
7.5	5.1	82.0	12.3	2.9	483.9
8.8	9.2	341.7	12.3	4.9	483.9
25.8	10.2	54.6	12.4	4.6	483.9
13.2	8.3	43.6	12.4	3.2	483.9
10.5	13.7	121.8	12.4	7.0	483.9
0.3	15.6	258.7	12.4	8.0	483.9
13.6	14.0	95.3	12.5	9.2	484.3
23.6	8.4	26.3	12.5	4.0	484.3
0.2	9.9	349.0	12.5	6.6	484.3
2.5	13.8	387.0	12.6	7.4	484.3
0.8	20.0	268.6	12.6	8.7	484.3
6.4	19.0	158.9	12.6	5.7	484.3
11.2	21.8	467.3	12.7	8.4	484.3
9.2	22.0	307.1	12.7	8.5	484.3
26.8	21.3	367.4	12.7	8.3	484.3
11.6	19.9	119.2	12.7	8.1	484.3
1.2	14.3	227.5	12.8	5.2	484.3
0.2	19.0	203.0	12.8	8.0	484.3
0.1	23.5	304.2	12.8	8.1	484.3
18.6	15.7	100.3	12.9	11.4	484.3
0.7	9.2	77.8	12.9	3.4	484.3
10.3	14.7	196.0	12.9	7.1	484.3
27.4	13.1	65.6	12.9	7.8	484.3
0.1	13.3	487.1	13.0	7.0	484.3
1.6	16.4	270.5	13.0	6.0	484.3
2.8	18.2	115.4	13.0	7.2	484.3
0.6	22.7	325.6	13.1	6.7	484.3
28.4	19.0	152.1	13.1	10.2	484.3
0.0	16.5	561.5	13.1	8.2	484.3
94.5	16.1	86.1	13.1	5.6	484.3
4.2	12.3	31.5	13.2	6.3	484.3
9.9	11.3	49.8	13.2	1.8	484.3
12.5	9.8	91.1	13.2	4.4	484.3
1.2	12.3	332.1	13.2	7.0	484.3
0.5	15.8	348.3	13.3	7.6	484.3
29.4	14.5	65.9	13.3	2.7	484.3
0.7	16.3	106.0	13.3	5.5	484.7
8.0	17.4	60.7	13.4	4.6	484.7
13.2	15.5	99.1	13.4	7.7	484.7
0.0	16.3	478.6	13.4	7.2	484.7
18.3	16.0	56.8	13.4	5.0	484.7
43.5	20.1	80.7	13.5	7.0	484.7
46.4	17.8	42.2	13.5	7.6	484.7
5.9	15.0	52.1	13.5	2.6	484.7
13.1	15.1	58.0	13.5	7.7	484.7
0.9	9.8	100.6	13.5	5.5	484.7
1.5	13.8	318.5	13.6	7.2	484.7
5.2	14.0	139.2	13.6	4.7	484.7
11.7	17.3	58.9	13.6	6.1	484.7
0.8	21.7	334.1	13.6	9.4	484.7
7.5	23.8	571.4	13.7	10.5	484.7
13.8	24.1	466.2	13.7	9.8	484.7
13.9	24.2	463.1	13.7	10.0	484.7
5.1	24.6	555.4	13.7	10.8	484.7
7.3	24.0	285.0	13.7	7.8	484.7
15.0	22.9	197.4	13.8	7.5	484.7
0.0	21.5	303.8	13.8	9.4	484.7
0.0	21.7	541.3	13.8	9.6	484.7
17.5	19.4	314.6	13.8	10.8	484.7
9.8	17.8	67.6	13.8	7.8	484.7
20.7	24.9	430.9	13.8	11.1	484.7
23.9	22.1	311.1	13.9	8.5	484.7
25.4	18.4	94.7	13.9	4.1	484.7
1.8	19.4	147.6	13.9	6.3	484.7
0.8	22.3	326.3	13.9	8.8	484.7
0.0	22.6	620.8	13.9	12.1	484.7
6.5	24.2	580.3	13.9	9.7	484.7
35.1	23.2	51.7	14.0	5.1	483.6
23.6	22.7	64.9	14.0	6.7	483.6
0.4	22.7	441.9	14.0	9.5	483.6
0.1	22.1	543.7	14.0	10.1	483.6
0.1	24.1	562.9	14.0	10.5	483.6
80.0	23.4	134.0	14.0	6.7	483.6
0.6	22.6	195.7	14.0	8.3	483.6
0.1	22.0	496.4	14.0	9.2	483.6
36.3	21.5	219.0	14.0	7.8	483.6
4.0	19.0	73.8	14.0	3.5	483.6
4.7	19.4	105.7	14.0	5.4	483.6
0.3	19.9	277.4	14.1	9.0	483.6
0.1	20.7	631.5	14.1	10.9	483.6
0.0	21.9	628.8	14.1	11.1	483.6
1.1	23.2	634.1	14.1	11.5	483.6
0.1	24.0	620.4	14.1	11.8	483.6
0.0	24.6	642.6	14.1	11.4	483.6
0.0	24.0	269.9	14.1	8.6	483.6
44.3	25.0	286.8	14.1	8.5	483.6
1.6	24.8	181.1	14.1	7.9	483.6
0.3	26.4	455.5	14.1	10.7	483.6
15.0	26.7	492.4	14.1	10.4	483.6
6.2	22.9	35.6	14.1	6.0	483.6
0.2	23.1	396.2	14.1	9.9	483.6
0.1	25.9	526.1	14.1	10.7	483.6
8.0	24.2	166.8	14.1	8.5	483.6
2.4	24.2	214.3	14.1	6.8	483.6
3.8	25.4	263.6	14.1	7.3	483.6
6.4	26.1	421.0	14.1	10.1	483.6
0.0	27.3	579.7	14.1	10.3	483.6
0.0	27.9	633.3	14.1	10.1	480.5
0.2	28.7	624.3	14.0	9.6	480.5
3.6	28.5	600.9	14.0	11.6	480.5
2.6	28.8	579.6	14.0	10.8	480.5
3.6	28.7	582.5	14.0	11.0	480.5
0.1	29.2	539.4	14.0	10.9	480.5
0.1	29.8	544.6	14.0	10.5	480.5
11.4	28.2	456.7	14.0	9.3	480.5
2.8	28.7	529.2	14.0	9.6	480.5
2.9	27.4	265.8	14.0	7.6	480.5
17.6	26.1	217.2	14.0	8.2	480.5
14.8	25.5	178.3	13.9	7.7	480.5
7.6	26.0	196.6	13.9	7.8	480.5
12.7	25.1	194.2	13.9	7.9	480.5
4.2	24.9	165.5	13.9	7.8	480.5
5.1	26.5	576.0	13.9	10.7	480.5
13.2	26.3	409.4	13.9	9.1	480.5
15.6	25.1	215.6	13.9	7.6	480.5
14.2	25.2	391.4	13.8	9.0	480.5
15.6	25.3	393.2	13.8	10.2	480.5
6.7	25.1	303.5	13.8	8.8	480.5
6.2	25.4	389.4	13.8	8.5	480.5
11.0	26.1	582.0	13.8	10.1	480.5
0.3	27.0	611.3	13.8	10.1	480.5
0.0	26.9	595.3	13.7	10.1	480.5
0.1	27.3	614.9	13.7	10.4	480.5
7.1	26.3	497.0	13.7	10.0	480.5
0.0	26.4	494.3	13.7	10.7	480.5
0.1	27.2	599.6	13.7	11.0	480.5
0.6	27.3	482.0	13.6	10.4	480.5
0.5	28.0	509.1	13.6	10.5	480.5
0.5	28.3	504.1	13.6	10.6	478.3
0.7	28.4	480.4	13.6	10.6	478.3
0.6	28.7	553.9	13.5	10.7	478.3
0.1	28.7	584.9	13.5	11.3	478.3
0.0	29.0	585.1	13.5	11.4	478.3
0.1	29.2	586.9	13.5	11.2	478.3
0.2	29.6	547.1	13.4	10.9	478.3
0.6	30.0	495.0	13.4	10.1	478.3
11.6	28.5	508.5	13.4	10.6	478.3
4.5	27.4	380.2	13.4	8.4	478.3
4.0	28.0	520.9	13.4	10.5	478.3
1.8	28.4	537.8	13.3	10.1	478.3
0.3	28.2	495.8	13.3	9.8	478.3
0.6	28.0	484.3	13.3	9.5	478.3
0.2	27.7	417.2	13.2	10.0	478.3
0.3	28.7	529.8	13.2	10.4	478.3
0.3	29.6	522.9	13.2	10.5	478.3
8.6	28.3	538.3	13.2	10.9	478.3
10.4	27.6	462.5	13.1	10.0	478.3
10.0	27.8	490.8	13.1	9.8	478.3
13.6	28.0	517.2	13.1	10.2	478.3
12.7	27.7	483.8	13.1	9.9	478.3
5.8	27.8	541.5	13.0	9.4	478.3
1.0	27.7	489.2	13.0	9.3	478.3
0.0	24.7	548.8	13.0	9.2	478.3
0.4	24.4	231.4	12.9	7.6	478.3
0.0	24.0	528.3	12.9	9.3	478.3
0.0	24.5	471.1	12.9	8.5	478.3
0.0	24.6	348.7	12.9	8.7	478.3
0.0	25.0	560.5	12.8	10.7	478.3
0.0	26.5	550.0	12.8	11.1	478.3
0.1	27.8	534.2	12.8	10.4	478.5
0.0	27.9	471.5	12.7	10.6	478.5
0.4	28.6	348.9	12.7	10.2	478.5
0.2	24.9	95.8	12.7	5.6	478.5
0.0	27.2	334.3	12.7	9.3	478.5
0.0	26.6	373.6	12.6	9.1	478.5
0.0	28.3	478.7	12.6	9.8	478.5
0.0	28.7	469.4	12.6	10.0	478.5
0.0	29.3	502.5	12.5	10.0	478.5
0.0	30.0	503.2	12.5	10.4	478.5
0.0	29.2	497.2	12.5	10.2	478.5
0.0	29.0	476.8	12.5	9.6	478.5
12.2	27.2	436.8	12.4	10.1	478.5
2.6	19.5	63.7	12.4	6.8	478.5
0.0	19.1	502.1	12.4	7.6	478.5
0.0	20.2	517.5	12.3	7.7	478.5
0.2	23.1	467.2	12.3	8.7	478.5
0.2	24.2	486.9	12.3	9.1	478.5
0.0	22.9	499.7	12.2	9.3	478.5
0.0	23.8	486.3	12.2	8.3	478.5
3.8	23.2	119.8	12.2	5.0	478.5
0.4	23.0	37.9	12.2	4.1	478.5
20.1	24.0	262.9	12.1	7.1	478.5
16.2	19.3	10.4	12.1	5.3	478.5
1.1	17.8	47.7	12.1	4.6	478.5
0.0	18.7	455.3	12.0	6.7	478.5
0.0	17.9	50.3	12.0	4.3	478.5
0.0	18.5	407.1	12.0	7.7	478.5
0.0	19.4	459.6	11.9	7.5	478.5
0.0	19.7	467.7	11.9	8.5	478.5
0.0	19.0	470.3	11.9	8.2	479.1
0.0	19.8	459.3	11.9	7.8	479.1
0.0	20.6	453.8	11.8	8.5	479.1
0.0	19.5	459.1	11.8	8.6	479.1
0.0	20.3	439.2	11.8	8.0	479.1
0.0	20.1	355.1	11.7	8.7	479.1
0.0	18.1	456.3	11.7	8.2	479.1
0.0	19.7	447.1	11.7	8.5	479.1
0.0	20.2	443.4	11.6	7.9	479.1
0.0	19.5	428.3	11.6	7.6	479.1
0.0	17.3	430.6	11.6	6.7	479.1
0.0	16.7	442.1	11.6	7.6	479.1
0.0	17.6	441.1	11.5	7.4	479.1
0.0	19.2	420.3	11.5	7.7	479.1
0.0	19.9	413.6	11.5	8.0	479.1
0.0	19.3	416.5	11.4	7.7	479.1
0.0	19.6	410.2	11.4	6.9	479.1
0.0	17.3	380.7	11.4	6.3	479.1
0.0	18.0	398.4	11.3	6.9	479.1
0.0	17.0	396.5	11.3	7.1	479.1
0.0	16.8	408.3	11.3	7.0	479.1
0.0	18.2	395.3	11.3	7.0	479.1
0.0	14.0	371.7	11.2	6.3	479.1
0.0	13.3	401.5	11.2	6.5	479.1
0.0	14.5	398.4	11.2	6.7	479.1
0.0	14.2	397.3	11.1	7.0	479.1
0.0	13.0	401.3	11.1	6.3	479.1
0.0	14.6	383.5	11.1	6.6	479.1
0.0	16.7	378.0	11.1	7.5	479.1
0.0	17.7	362.1	11.0	7.5	479.1
0.0	18.7	377.3	11.0	6.9	479.1
0.0	19.8	337.6	11.0	7.0	480.7
0.0	11.9	368.3	11.0	5.0	480.7
0.0	8.3	384.2	10.9	4.3	480.7
0.0	8.4	372.7	10.9	5.1	480.7
0.0	10.5	368.9	10.9	5.5	480.7
0.0	11.6	302.9	10.9	4.5	480.7
0.0	10.4	106.1	10.8	3.3	480.7
0.0	11.3	165.4	10.8	5.1	480.7
0.0	13.2	349.9	10.8	5.7	480.7
0.2	15.9	333.8	10.8	5.9	480.7
0.1	15.4	144.5	10.7	4.4	480.7
0.0	16.8	190.8	10.7	4.7	480.7
0.3	14.3	98.2	10.7	4.2	480.7
2.1	10.5	213.7	10.7	3.6	480.7
0.4	8.5	109.1	10.6	2.8	480.7
1.5	13.4	231.4	10.6	4.3	480.7
1.0	15.0	75.0	10.6	3.3	480.7
0.8	18.1	208.5	10.6	5.2	480.7
1.3	17.7	48.3	10.6	2.3	480.7
10.9	19.8	148.0	10.5	5.4	480.7
16.5	7.0	19.3	10.5	4.5	480.7
0.0	5.4	146.6	10.5	2.1	480.7
3.4	9.5	103.6	10.5	2.6	480.7
3.9	12.5	80.7	10.5	2.7	480.7
9.5	12.6	87.9	10.4	3.1	480.7
3.1	8.5	20.5	10.4	2.6	480.7
0.8	8.6	182.8	10.4	2.5	480.7
1.2	8.5	205.1	10.4	2.7	480.7
2.7	8.4	97.4	10.4	1.9	480.7
4.7	9.6	41.1	10.4	1.9	480.7
1.7	10.9	40.7	10.3	1.4	482.9
0.1	13.6	248.2	10.3	4.1	482.9
2.9	13.2	35.9	10.3	2.1	482.9
17.9	12.4	29.2	10.3	4.0	482.9
1.0	5.0	96.6	10.3	1.2	482.9
11.6	6.8	73.8	10.3	1.8	482.9
10.5	5.8	32.5	10.3	2.5	482.9
0.1	3.4	138.5	10.3	2.0	482.9
0.1	3.5	289.2	10.2	2.9	482.9
0.1	5.5	229.1	10.2	3.1	482.9
0.2	6.1	269.0	10.2	3.4	482.9
0.1	6.5	222.7	10.2	3.2	482.9
0.0	6.2	280.1	10.2	3.1	482.9
0.0	6.8	288.2	10.2	3.7	482.9
0.1	8.0	263.1	10.2	4.3	482.9
0.7	4.1	82.8	10.2	3.1	482.9
0.0	-1.9	288.0	10.2	1.4	482.9
0.0	0.5	163.0	10.2	2.0	482.9
0.4	6.9	272.0	10.2	3.6	482.9
0.8	10.0	47.7	10.2	2.4	482.9
0.4	11.3	149.9	10.2	3.5	482.9
30.8	11.8	111.7	10.2	2.9	482.9
9.0	8.1	35.3	10.2	2.2	482.9
0.6	6.7	120.3	10.2	2.9	482.9
16.8	3.9	16.8	10.2	1.2	482.9
9.8	2.5	30.0	10.2	1.7	482.9
1.5	3.0	124.2	10.2	2.6	482.9
11.8	7.0	37.0	10.2	3.5	482.9
1.2	-1.0	113.0	10.2	2.2	482.9
0.0	-6.8	283.4	10.2	1.1	482.9
0.0	-7.5	295.7	10.2	1.1	482.9
0.0	-5.5	306.5	10.2	1.6	485.3
0.0	-3.1	280.2	10.2	2.0	485.3
0.0	-2.9	251.5	10.2	2.0	485.3
0.0	-0.8	263.0	10.2	2.3	485.3
0.6	2.6	265.8	10.3	2.6	485.3
12.7	0.9	70.7	10.3	1.3	485.3
0.2	0.7	245.1	10.3	2.1	485.3
0.0	-0.2	304.4	10.3	2.6	485.3
0.1	0.5	272.2	10.3	2.9	485.3
0.1	0.6	108.6	10.3	2.2	485.3
0.0	0.2	293.0	10.3	2.6	485.3
0.0	3.8	314.4	10.3	3.6	485.3
0.3	7.8	261.8	10.4	4.5	485.3
1.1	5.0	92.9	10.4	1.9	485.3
0.2	3.5	156.1	10.4	2.0	485.3
0.2	4.1	284.1	10.4	3.1	485.3
0.2	6.5	214.6	10.4	3.3	485.3
0.1	10.0	248.3	10.4	4.8	485.3
4.1	11.9	133.2	10.5	4.5	485.3
3.0	8.4	34.2	10.5	2.8	485.3
0.7	6.4	301.5	10.5	3.4	485.3
2.6	2.8	40.5	10.5	1.9	485.3
13.3	0.6	19.4	10.5	1.7	485.3
11.2	-1.0	89.9	10.6	1.1	485.3
6.1	3.4	19.6	10.6	3.7	485.3
0.1	15.4	264.9	10.6	5.0	485.3
5.4	7.1	20.9	10.6	3.9	485.3
7.2	3.5	19.1	10.6	1.3	485.3
15.1	3.8	24.2	10.7	1.5	485.3
6.0	0.9	26.7	10.7	1.8	485.3
8.8	-0.3	35.2	10.7	1.0	485.3
5.8	-0.9	34.9	10.7	1.5	486.5
0.0	-4.0	311.7	10.8	2.0	486.5
1.6	-1.2	356.8	10.8	2.5	486.5
2.2	-0.5	37.8	10.8	1.9	486.5
0.0	-1.5	373.2	10.8	2.1	486.5
0.6	0.4	325.4	10.9	2.3	486.5
0.0	0.9	315.0	10.9	2.4	486.5
4.6	3.0	57.3	10.9	2.7	486.5
5.2	6.9	18.6	10.9	3.4	486.5
2.2	4.6	81.9	11.0	1.8	486.5
2.0	3.8	34.3	11.0	2.2	486.5
0.1	2.1	282.7	11.0	3.2	486.5
0.0	1.7	394.6	11.1	2.8	486.5
0.0	3.3	393.8	11.1	4.0	486.5
0.0	5.0	205.9	11.1	3.7	486.5
0.0	4.2	399.0	11.1	4.4	486.5
3.9	4.1	187.5	11.2	3.1	486.5
2.6	4.0	31.6	11.2	2.2	486.5
0.9	4.6	84.0	11.2	2.3	486.5
0.8	6.2	229.2	11.3	3.9	486.5
0.1	6.2	291.1	11.3	4.1	486.5
12.0	10.1	127.6	11.3	4.1	486.5
1.7	9.7	52.3	11.3	3.2	486.5
14.1	9.4	113.5	11.4	2.7	486.5
0.4	7.3	167.4	11.4	4.5	486.5
0.2	6.8	396.8	11.4	5.3	486.5
0.0	9.5	357.3	11.5	5.3	486.5
0.0	11.7	427.9	11.5	5.9	486.5
0.6	11.9	299.3	11.5	5.5	487.1
0.1	10.4	423.5	11.5	6.8	487.1
0.0	8.3	463.5	11.6	5.1	487.1
0.0	12.1	454.0	11.6	7.1	487.1
38.3	16.8	394.9	11.6	8.5	487.1
1.0	5.7	122.9	11.7	5.4	487.1
0.0	7.6	466.7	11.7	4.7	487.1
3.9	9.8	221.6	11.7	4.7	487.1
3.7	9.7	84.8	11.8	3.3	487.1
0.4	9.7	287.3	11.8	4.9	487.1
26.6	7.1	102.0	11.8	2.1	487.1
40.5	9.4	41.7	11.9	3.0	487.1
12.5	11.8	51.4	11.9	4.7	487.1
0.2	10.4	211.8	11.9	4.7	487.1
0.0	20.0	362.6	11.9	9.1	487.1
0.0	22.2	304.5	12.0	5.7	487.1
5.2	23.2	405.8	12.0	6.1	487.1
5.0	23.3	371.1	12.0	7.1	487.1
6.5	19.9	354.0	12.1	8.6	487.1
0.2	14.8	475.0	12.1	6.4	487.1
13.4	8.2	57.6	12.1	4.9	487.1
17.5	8.7	37.2	12.2	3.7	487.1
0.2	9.9	369.7	12.2	6.4	487.1
0.4	13.7	403.4	12.2	7.6	487.1
13.1	12.9	109.0	12.3	4.9	487.1
0.0	11.9	527.6	12.3	6.6	487.1
6.5	14.0	331.2	12.3	6.5	487.1
12.9	11.5	46.6	12.3	3.1	487.1
18.9	15.9	64.6	12.4	6.1	487.1
1.3	21.6	419.0	12.4	8.7	487.1
0.0	23.5	505.9	12.4	8.2	487.1
1.6	23.8	495.6	12.5	9.1	487.5
2.9	23.8	363.4	12.5	8.6	487.5
14.3	21.7	250.3	12.5	6.4	487.5
15.6	21.2	453.8	12.6	7.8	487.5
10.5	13.5	91.2	12.6	8.6	487.5
0.0	12.6	542.9	12.6	7.4	487.5
2.5	15.0	529.0	12.6	6.9	487.5
8.3	16.5	43.1	12.7	6.6	487.5
0.4	21.9	217.0	12.7	8.6	487.5
2.1	17.1	290.4	12.7	10.8	487.5
0.4	12.0	552.3	12.8	5.9	487.5
0.0	15.3	544.8	12.8	8.4	487.5
0.0	17.4	441.4	12.8	8.6	487.5
0.0	16.4	575.8	12.9	9.4	487.5
0.0	18.5	568.1	12.9	9.7	487.5
0.1	18.4	423.0	12.9	9.9	487.5
0.0	14.8	572.4	12.9	8.1	487.5
0.0	16.5	572.0	13.0	8.6	487.5
2.5	16.4	170.9	13.0	7.1	487.5
0.0	16.9	495.4	13.0	9.4	487.5
0.0	20.6	560.0	13.1	10.9	487.5
0.0	18.4	558.7	13.1	8.3	487.5
24.3	16.3	156.5	13.1	6.8	487.5
3.0	15.3	74.5	13.1	5.8	487.5
0.0	17.5	596.8	13.2	8.9	487.5
0.0	16.2	599.6	13.2	8.0	487.5
0.0	20.0	391.3	13.2	9.5	487.5
5.3	18.6	107.0	13.2	6.8	487.5
0.4	19.2	314.6	13.3	8.4	487.5
1.0	21.4	583.7	13.3	10.6	487.5
1.3	22.2	583.4	13.3	11.6	487.9
4.2	22.6	561.9	13.3	9.9	487.9
54.7	21.4	120.5	13.4	6.3	487.9
19.0	18.9	152.3	13.4	8.8	487.9
0.0	16.6	470.5	13.4	7.5	487.9
0.4	17.6	420.1	13.4	7.0	487.9
13.0	21.9	188.9	13.5	7.8	487.9
16.0	18.8	28.1	13.5	9.3	487.9
1.0	15.0	162.8	13.5	5.9	487.9
12.9	16.0	378.5	13.5	6.8	487.9
40.8	15.1	43.7	13.6	4.5	487.9
19.7	13.9	29.7	13.6	3.9	487.9
32.1	12.4	46.9	13.6	3.9	487.9
2.2	11.4	64.8	13.6	3.4	487.9
0.8	12.4	365.3	13.7	7.4	487.9
0.3	16.7	608.0	13.7	9.6	487.9
0.0	18.2	522.2	13.7	9.7	487.9
0.0	20.3	636.7	13.7	10.2	487.9
5.7	21.9	605.6	13.7	10.1	487.9
2.2	22.0	552.1	13.8	10.5	487.9
1.6	22.6	497.5	13.8	10.1	487.9
17.3	24.0	521.1	13.8	9.2	487.9
6.5	21.5	233.9	13.8	9.5	487.9
0.0	19.9	626.2	13.8	9.0	487.9
0.8	22.1	370.7	13.8	9.3	487.9
43.7	19.9	61.7	13.9	4.6	487.9
6.8	21.8	48.9	13.9	5.9	487.9
6.0	20.5	134.3	13.9	8.3	487.9
1.4	16.7	100.8	13.9	6.2	487.9
0.0	18.5	651.0	13.9	10.7	487.9
2.1	20.5	576.7	13.9	8.6	487.9
9.7	19.8	95.7	13.9	4.6	486.7
29.5	22.4	204.0	14.0	7.7	486.7
5.7	21.9	96.4	14.0	5.7	486.7
1.8	20.5	488.7	14.0	9.7	486.7
0.6	16.9	266.2	14.0	8.4	486.7
0.8	20.5	461.5	14.0	8.9	486.7
5.7	19.1	59.3	14.0	4.6	486.7
0.1	21.8	549.3	14.0	10.9	486.7
0.1	24.0	628.7	14.0	11.8	486.7
0.4	25.0	561.5	14.0	10.6	486.7
0.4	21.9	118.0	14.0	6.4	486.7
0.8	24.5	516.1	14.1	10.1	486.7
1.6	25.0	528.5	14.1	10.5	486.7
2.8	21.8	141.5	14.1	8.0	486.7
0.0	21.6	485.7	14.1	10.0	486.7
0.1	23.2	647.0	14.1	10.7	486.7
0.0	23.8	609.7	14.1	10.7	486.7
0.0	24.1	518.8	14.1	9.2	486.7
0.0	24.5	120.4	14.1	6.8	486.7
26.1	25.6	364.6	14.1	9.6	486.7
19.9	24.5	126.5	14.1	7.3	486.7
13.6	23.9	47.4	14.1	4.7	486.7
34.5	25.4	245.0	14.1	8.5	486.7
23.1	24.1	229.6	14.1	7.1	486.7
0.0	25.7	573.2	14.1	10.2	486.7
4.0	24.9	526.1	14.1	10.0	486.7
8.8	21.1	91.9	14.1	5.7	486.7
5.3	21.6	103.4	14.1	6.6	486.7
7.7	24.7	257.2	14.1	10.1	486.7
22.1	26.1	337.6	14.1	9.8	486.7
3.7	24.7	122.8	14.1	5.1	483.6
0.3	25.9	452.3	14.0	10.4	483.6
0.2	26.7	528.9	14.0	10.9	483.6
0.4	27.5	468.6	14.0	10.5	483.6
1.0	25.8	342.1	14.0	8.8	483.6
0.6	25.7	469.1	14.0	9.9	483.6
0.0	26.0	423.3	14.0	9.5	483.6
40.2	25.0	204.6	14.0	7.9	483.6
0.7	25.5	305.0	14.0	8.9	483.6
0.1	26.2	586.8	14.0	10.2	483.6
0.1	26.4	297.4	14.0	7.5	483.6
14.0	26.4	469.4	13.9	9.9	483.6
7.5	26.5	463.3	13.9	9.6	483.6
13.4	26.4	480.9	13.9	8.7	483.6
0.0	26.4	268.4	13.9	8.7	483.6
2.1	28.1	618.7	13.9	11.0	483.6
4.9	27.8	597.8	13.9	11.4	483.6
12.2	26.8	419.9	13.9	10.1	483.6
9.4	27.0	590.0	13.8	10.8	483.6
11.7	26.6	574.5	13.8	9.8	483.6
12.8	26.5	523.8	13.8	9.5	483.6
16.4	26.3	441.0	13.8	9.6	483.6
8.8	26.1	510.2	13.8	10.4	483.6
12.9	26.3	584.2	13.8	9.6	483.6
3.9	26.4	561.6	13.7	10.0	483.6
14.4	26.3	561.9	13.7	9.9	483.6
6.8	26.9	585.7	13.7	11.2	483.6
3.8	27.5	591.1	13.7	11.6	483.6
1.1	28.0	572.7	13.7	11.2	483.6
12.3	27.4	392.3	13.6	9.6	483.6
6.9	26.7	227.1	13.6	8.2	483.6
9.8	26.1	219.0	13.6	8.9	481.5
13.6	26.2	485.4	13.6	10.0	481.5
7.9	27.0	402.5	13.5	9.2	481.5
3.8	26.1	161.8	13.5	8.4	481.5
9.9	26.5	317.1	13.5	8.7	481.5
12.5	26.3	287.0	13.5	8.4	481.5
6.7	26.4	391.4	13.5	9.3	481.5
0.7	27.4	512.7	13.4	9.9	481.5
0.3	27.8	459.7	13.4	10.7	481.5
0.0	28.2	597.0	13.4	11.0	481.5
0.0	28.3	596.4	13.4	11.1	481.5
0.0	28.9	592.1	13.3	11.1	481.5
3.5	28.8	534.0	13.3	11.7	481.5
0.1	29.5	565.7	13.3	11.2	481.5
0.0	29.6	580.1	13.3	11.1	481.5
0.1	30.0	532.9	13.2	10.3	481.5
0.2	30.5	546.6	13.2	11.3	481.5
0.0	30.2	577.4	13.2	11.7	481.5
0.0	30.1	575.4	13.1	11.6	481.5
0.0	30.5	570.9	13.1	11.8	481.5
0.0	30.3	561.9	13.1	11.5	481.5
8.0	27.8	422.3	13.1	9.8	481.5
22.7	26.9	443.7	13.0	9.2	481.5
12.9	27.0	447.4	13.0	9.2	481.5
8.2	26.0	294.6	13.0	7.7	481.5
0.6	27.3	447.9	13.0	9.5	481.5
0.0	27.7	543.3	12.9	10.0	481.5
0.0	27.2	525.9	12.9	9.6	481.5
0.1	28.0	537.6	12.9	9.9	481.5
0.1	28.2	489.9	12.8	10.0	481.5
0.4	28.5	475.5	12.8	8.7	481.5
1.1	25.6	202.6	12.8	8.6	481.7
0.0	25.3	549.1	12.8	9.1	481.7
0.0	25.4	546.9	12.7	8.9	481.7
0.0	25.0	542.6	12.7	9.4	481.7
0.0	25.1	543.6	12.7	10.1	481.7
0.0	25.6	518.6	12.6	10.0	481.7
0.6	26.3	236.0	12.6	9.3	481.7
1.1	26.6	190.3	12.6	7.1	481.7
0.5	27.2	182.3	12.6	7.2	481.7
0.4	27.5	403.8	12.5	8.1	481.7
0.0	26.2	441.7	12.5	9.5	481.7
0.0	26.0	514.4	12.5	10.4	481.7
0.0	27.0	511.1	12.4	10.6	481.7
0.0	26.6	507.8	12.4	11.2	481.7
0.0	25.8	518.3	12.4	10.5	481.7
0.0	26.4	480.8	12.3	9.4	481.7
0.2	27.0	259.8	12.3	8.6	481.7
0.1	28.4	467.3	12.3	9.6	481.7
0.2	28.7	453.1	12.3	9.5	481.7
0.1	23.2	289.0	12.2	8.7	481.7
0.0	20.9	498.3	12.2	8.1	481.7
0.0	21.6	490.5	12.2	8.5	481.7
0.0	21.7	475.5	12.1	8.4	481.7
0.0	22.5	467.2	12.1	8.9	481.7
0.0	22.1	471.2	12.1	9.1	481.7
0.0	21.8	465.2	12.0	9.2	481.7
0.0	21.8	482.4	12.0	9.6	481.7
0.0	21.6	483.8	12.0	9.6	481.7
0.0	21.4	484.3	11.9	9.3	481.7
0.0	21.7	477.3	11.9	9.0	481.7
0.0	22.1	466.7	11.9	9.3	482.3
0.0	21.9	465.2	11.9	9.5	482.3
0.0	21.9	468.0	11.8	9.5	482.3
0.0	23.7	453.6	11.8	9.1	482.3
0.0	25.4	433.5	11.8	8.6	482.3
0.1	26.0	343.1	11.7	8.0	482.3
2.7	25.6	297.5	11.7	6.8	482.3
15.1	22.5	116.1	11.7	6.6	482.3
0.0	18.3	362.9	11.6	6.0	482.3
0.0	19.4	322.8	11.6	6.1	482.3
0.0	21.1	397.2	11.6	7.7	482.3
0.0	23.2	415.6	11.6	8.2	482.3
0.0	24.2	408.8	11.5	8.5	482.3
0.2	24.4	389.6	11.5	8.0	482.3
0.7	19.2	88.0	11.5	4.5	482.3
0.0	19.8	404.0	11.4	6.6	482.3
0.0	21.3	398.6	11.4	7.3	482.3
0.1	23.4	380.9	11.4	7.6	482.3
0.0	22.3	116.5	11.4	5.9	482.3
0.1	20.1	374.3	11.3	7.1	482.3
0.0	18.4	401.3	11.3	6.7	482.3
0.0	19.3	395.0	11.3	6.8	482.3
0.0	18.3	395.9	11.2	6.9	482.3
0.0	18.6	387.2	11.2	6.9	482.3
0.0	16.1	382.3	11.2	6.1	482.3
0.0	17.0	388.2	11.2	6.5	482.3
0.0	18.8	379.6	11.1	7.1	482.3
0.0	14.7	377.9	11.1	5.6	482.3
0.0	11.4	386.0	11.1	4.6	482.3
0.0	12.3	381.8	11.0	5.3	482.3
0.0	14.2	367.2	11.0	5.9	482.3
0.0	15.0	370.2	11.0	5.6	483.9
0.0	16.8	367.4	11.0	5.9	483.9
0.0	19.1	353.5	10.9	6.7	483.9
0.0	12.4	367.9	10.9	4.8	483.9
0.0	12.9	366.5	10.9	5.0	483.9
0.0	15.9	349.2	10.9	5.8	483.9
25.9	18.4	151.3	10.8	5.4	483.9
16.1	17.6	35.2	10.8	1.6	483.9
0.1	18.7	91.2	10.8	4.1	483.9
0.9	18.8	312.0	10.8	6.0	483.9
1.3	15.7	76.7	10.7	2.5	483.9
0.6	16.9	293.3	10.7	4.4	483.9
1.5	16.8	189.3	10.7	3.9	483.9
2.8	16.0	120.8	10.7	2.9	483.9
0.3	17.6	221.7	10.6	4.0	483.9
0.3	17.7	310.7	10.6	4.7	483.9
1.0	15.5	126.0	10.6	3.7	483.9
0.1	11.5	152.6	10.6	3.8	483.9
0.0	14.4	301.0	10.6	4.4	483.9
0.0	10.7	150.8	10.5	5.7	483.9
0.0	5.7	324.6	10.5	3.0	483.9
0.0	10.4	309.8	10.5	4.5	483.9
0.0	11.1	289.1	10.5	4.8	483.9
0.0	11.8	307.2	10.5	4.6	483.9
0.0	11.8	167.3	10.4	4.3	483.9
0.0	10.2	312.0	10.4	4.2	483.9
0.0	12.0	226.9	10.4	4.6	483.9
0.0	7.6	317.7	10.4	3.8	483.9
0.0	10.4	307.8	10.4	4.6	483.9
3.2	9.6	41.9	10.4	2.4	483.9
0.3	10.0	142.2	10.3	3.5	486.1
0.0	13.9	272.8	10.3	4.8	486.1
0.1	17.5	226.2	10.3	5.4	486.1
2.9	19.7	255.4	10.3	5.1	486.1
3.6	13.6	58.9	10.3	2.9	486.1
3.5	11.6	41.8	10.3	1.2	486.1
25.4	14.9	86.2	10.3	3.5	486.1
3.0	11.2	56.6	10.3	1.5	486.1
1.5	10.1	42.0	10.2	1.2	486.1
3.8	10.4	40.5	10.2	1.7	486.1
4.6	11.4	27.1	10.2	2.4	486.1
32.7	12.8	27.5	10.2	2.9	486.1
10.9	11.0	51.2	10.2	3.2	486.1
0.3	6.7	65.2	10.2	1.9	486.1
0.1	5.5	270.3	10.2	2.6	486.1
0.1	4.9	139.4	10.2	2.3	486.1
0.4	6.4	280.7	10.2	2.7	486.1
5.0	11.7	149.2	10.2	3.3	486.1
0.8	5.5	63.8	10.2	2.9	486.1
0.2	2.5	92.8	10.2	1.9	486.1
0.0	2.7	283.2	10.2	2.2	486.1
1.1	3.3	130.5	10.2	1.8	486.1
0.1	0.6	164.8	10.2	2.1	486.1
0.0	-0.7	256.3	10.2	2.0	486.1
0.0	-1.1	295.1	10.2	2.1	486.1
0.0	-1.7	294.4	10.2	1.8	486.1
0.0	-1.4	291.6	10.2	2.0	486.1
0.0	-0.1	295.3	10.2	2.5	486.1
0.1	2.0	282.6	10.2	2.5	486.1
0.0	-0.4	290.4	10.2	2.4	486.1
0.0	1.7	299.8	10.2	3.1	486.1
0.0	3.8	295.0	10.2	3.4	488.5
0.0	5.0	162.8	10.2	3.3	488.5
0.0	2.8	279.7	10.2	2.3	488.5
0.9	5.7	287.3	10.2	3.5	488.5
11.1	6.7	194.9	10.3	3.4	488.5
71.3	5.7	17.4	10.3	1.8	488.5
9.7	4.2	25.4	10.3	1.5	488.5
2.8	5.3	57.2	10.3	1.9	488.5
3.7	7.1	32.1	10.3	1.8	488.5
6.9	2.7	22.5	10.3	2.9	488.5
0.0	-1.7	275.5	10.3	1.8	488.5
0.0	-2.6	155.4	10.3	1.8	488.5
0.0	-5.0	316.4	10.4	1.4	488.5
0.0	-2.1	323.6	10.4	1.9	488.5
0.0	-2.9	325.7	10.4	1.9	488.5
0.2	2.6	320.7	10.4	3.3	488.5
0.0	-0.9	237.8	10.4	2.5	488.5
0.0	2.9	241.6	10.4	3.3	488.5
0.0	-2.9	332.0	10.5	1.7	488.5
0.0	-3.7	235.8	10.5	2.0	488.5
0.0	-1.8	336.2	10.5	2.5	488.5
0.4	3.6	184.5	10.5	3.2	488.5
4.5	2.1	72.1	10.5	2.3	488.5
0.0	1.3	173.3	10.6	2.0	488.5
0.0	4.9	290.9	10.6	3.6	488.5
0.5	3.2	118.3	10.6	2.6	488.5
0.1	1.5	205.7	10.6	2.8	488.5
0.0	3.5	349.5	10.6	3.7	488.5
0.0	5.4	344.8	10.7	4.1	488.5
0.0	5.9	289.4	10.7	4.4	488.5
0.0	4.0	306.6	10.7	3.7	488.5
0.0	5.4	346.1	10.7	4.0	489.7
14.5	6.5	186.7	10.8	4.0	489.7
1.1	1.2	134.8	10.8	2.4	489.7
0.0	-0.3	317.4	10.8	2.8	489.7
0.0	4.8	372.1	10.8	4.1	489.7
0.1	10.3	285.0	10.9	4.8	489.7
28.4	9.0	22.0	10.9	3.1	489.7
1.1	8.2	40.1	10.9	2.5	489.7
0.2	13.8	196.1	10.9	5.0	489.7
17.5	16.5	202.5	11.0	5.2	489.7
8.4	6.7	54.6	11.0	5.0	489.7
0.8	6.6	131.6	11.0	3.0	489.7
2.4	6.9	115.1	11.0	2.8	489.7
5.3	7.9	54.9	11.1	2.5	489.7
3.8	7.1	36.3	11.1	1.9	489.7
2.3	7.7	46.3	11.1	3.2	489.7
0.1	15.5	159.9	11.2	5.7	489.7
11.7	15.2	150.1	11.2	6.7	489.7
6.9	6.5	72.6	11.2	2.6	489.7
8.6	5.0	40.3	11.2	2.0	489.7
10.7	4.7	18.2	11.3	1.6	489.7
5.4	1.4	18.4	11.3	2.7	489.7
2.1	1.5	70.8	11.3	1.6	489.7
4.4	2.9	113.9	11.4	2.0	489.7
15.2	4.8	96.3	11.4	2.3	489.7
19.1	7.0	32.8	11.4	2.3	489.7
12.7	7.9	42.3	11.5	2.0	489.7
18.1	8.5	24.2	11.5	2.0	489.7
7.1	8.8	28.6	11.5	2.4	490.2
5.1	6.0	27.4	11.5	3.4	490.2
0.8	2.7	121.2	11.6	2.6	490.2
0.6	3.6	338.3	11.6	3.1	490.2
0.1	1.6	375.5	11.6	3.6	490.2
0.0	1.9	455.4	11.7	3.6	490.2
0.0	2.9	461.9	11.7	4.5	490.2
0.0	5.5	351.1	11.7	4.2	490.2
18.8	2.8	68.5	11.8	2.6	490.2
0.8	6.9	194.3	11.8	3.7	490.2
26.9	7.0	58.7	11.8	4.2	490.2
0.0	5.3	484.2	11.8	4.8	490.2
37.0	12.0	440.9	11.9	7.0	490.2
18.7	6.4	26.6	11.9	5.2	490.2
0.1	1.3	294.0	11.9	3.4	490.2
0.0	4.4	498.2	12.0	5.0	490.2
2.1	10.1	476.6	12.0	6.7	490.2
3.8	9.3	51.7	12.0	3.7	490.2
0.0	8.6	469.4	12.1	5.1	490.2
0.0	10.9	500.1	12.1	7.4	490.2
0.0	11.3	509.5	12.1	6.4	490.2
0.0	13.9	499.5	12.2	7.9	490.2
2.5	17.1	384.2	12.2	8.5	490.2
0.0	10.3	351.4	12.2	6.3	490.2
0.0	14.9	533.7	12.2	7.8	490.2
0.0	18.9	531.9	12.3	11.1	490.2
0.0	20.6	525.8	12.3	11.9	490.2
0.0	16.8	401.1	12.3	11.7	490.2
0.0	9.5	199.9	12.4	4.7	490.2
0.0	11.3	474.0	12.4	6.8	490.2
0.0	8.1	293.1	12.4	5.0	490.2
0.0	10.8	552.6	12.5	7.5	490.7
0.0	13.3	545.4	12.5	8.3	490.7
0.4	12.0	160.7	12.5	5.5	490.7
12.7	14.4	123.8	12.5	6.7	490.7
13.8	13.5	48.4	12.6	4.9	490.7
1.7	17.2	426.3	12.6	7.4	490.7
19.8	14.5	40.6	12.6	6.6	490.7
0.1	15.1	516.7	12.7	8.5	490.7
0.0	16.9	566.2	12.7	8.8	490.7
0.2	20.7	474.5	12.7	10.0	490.7
3.2	21.7	235.2	12.8	8.1	490.7
7.9	22.3	348.8	12.8	8.8	490.7
0.6	20.9	260.0	12.8	6.9	490.7
19.7	20.6	427.4	12.8	12.3	490.7
0.2	11.9	385.9	12.9	8.1	490.7
0.0	11.6	557.5	12.9	6.8	490.7
0.7	17.4	385.7	12.9	10.1	490.7
3.1	18.9	291.8	13.0	7.5	490.7
0.2	14.1	326.1	13.0	6.3	490.7
0.2	14.5	527.3	13.0	7.1	490.7
28.2	13.4	54.4	13.0	3.5	490.7
11.9	12.7	97.8	13.1	4.9	490.7
7.0	17.5	466.1	13.1	9.6	490.7
18.5	19.2	67.7	13.1	6.1	490.7
0.1	21.3	543.0	13.2	9.8	490.7
6.8	21.3	115.2	13.2	5.8	490.7
3.2	22.6	180.5	13.2	7.8	490.7
0.2	22.2	394.4	13.2	10.0	490.7
0.3	22.8	511.5	13.3	9.5	490.7
2.8	23.0	447.5	13.3	9.7	490.7
15.8	22.7	358.3	13.3	9.1	491.1
2.2	23.4	547.1	13.3	10.5	491.1
1.4	17.8	144.7	13.4	8.9	491.1
0.4	18.1	321.9	13.4	7.0	491.1
0.7	21.2	311.3	13.4	8.3	491.1
16.1	21.5	196.3	13.4	10.3	491.1
4.7	14.2	66.0	13.5	3.9	491.1
0.0	16.5	347.1	13.5	7.4	491.1
0.0	14.9	439.7	13.5	8.0	491.1
0.2	18.0	579.5	13.5	8.1	491.1
37.3	17.8	94.7	13.6	5.5	491.1
1.7	16.6	113.2	13.6	3.6	491.1
0.3	18.0	132.8	13.6	6.4	491.1
7.3	18.0	102.5	13.6	5.3	491.1
35.8	16.7	37.4	13.6	2.9	491.1
0.8	18.6	350.1	13.7	7.8	491.1
0.1	20.6	531.9	13.7	10.2	491.1
0.1	23.0	580.6	13.7	10.0	491.1
0.4	23.2	564.6	13.7	9.5	491.1
12.9	20.2	104.0	13.7	8.0	491.1
18.3	16.9	39.2	13.8	4.6	491.1
0.8	18.1	394.7	13.8	8.5	491.1
0.0	20.9	352.9	13.8	9.9	491.1
13.9	20.2	160.7	13.8	6.1	491.1
23.2	21.0	67.1	13.8	5.4	491.1
45.5	20.8	54.9	13.9	5.6	491.1
6.4	18.9	49.4	13.9	4.2	491.1
0.3	20.6	395.5	13.9	8.9	491.1
9.5	22.8	511.6	13.9	10.5	491.1
63.6	18.4	37.4	13.9	4.6	491.1
29.2	19.7	40.5	13.9	3.1	491.1
27.7	20.7	31.8	13.9	4.8	489.9
1.3	19.8	137.2	14.0	5.6	489.9
0.5	19.5	204.4	14.0	7.6	489.9
0.0	22.5	536.1	14.0	10.5	489.9
0.1	23.4	519.5	14.0	10.5	489.9
0.1	22.8	424.5	14.0	9.9	489.9
0.1	22.3	639.5	14.0	11.5	489.9
0.0	21.3	482.1	14.0	8.3	489.9
0.0	22.3	555.0	14.0	11.5	489.9
0.0	23.0	627.3	14.0	10.9	489.9
1.1	23.5	619.2	14.0	11.2	489.9
0.1	24.6	634.1	14.1	11.2	489.9
0.0	24.0	580.1	14.1	11.2	489.9
0.0	23.6	485.3	14.1	9.1	489.9
2.7	24.0	367.2	14.1	8.9	489.9
0.1	24.0	491.5	14.1	10.4	489.9
0.0	24.5	268.1	14.1	8.3	489.9
0.0	23.4	479.1	14.1	10.2	489.9
0.0	25.7	534.9	14.1	10.4	489.9
1.1	23.8	102.8	14.1	6.8	489.9
1.8	23.3	146.2	14.1	7.4	489.9
0.1	25.7	546.3	14.1	10.8	489.9
14.1	23.8	123.5	14.1	10.2	489.9
8.5	20.7	99.7	14.1	3.7	489.9
2.9	23.0	252.6	14.1	7.1	489.9
4.7	22.9	61.5	14.1	4.1	489.9
20.6	23.8	155.5	14.1	6.1	489.9
11.8	24.4	238.8	14.1	7.5	489.9
11.6	25.8	548.3	14.1	8.5	489.9
0.0	26.7	400.0	14.1	9.9	489.9
19.1	25.5	235.7	14.1	8.3	486.8
6.3	24.1	78.0	14.1	5.5	486.8
5.9	25.6	501.8	14.0	10.1	486.8
9.6	25.0	422.8	14.0	10.4	486.8
4.7	24.9	540.9	14.0	10.9	486.8
4.1	24.6	426.6	14.0	9.6	486.8
5.1	25.6	433.6	14.0	10.1	486.8
23.9	24.4	218.1	14.0	6.7	486.8
27.7	24.3	219.8	14.0	6.6	486.8
11.0	24.6	288.4	14.0	7.8	486.8
0.1	26.4	539.4	14.0	11.0	486.8
8.3	26.8	577.4	14.0	10.1	486.8
9.5	27.1	586.0	13.9	10.5	486.8
18.3	26.7	607.0	13.9	10.8	486.8
8.8	26.4	608.8	13.9	10.8	486.8
16.2	25.8	506.8	13.9	9.5	486.8
12.0	26.2	544.1	13.9	9.9	486.8
12.4	26.4	557.2	13.9	10.0	486.8
6.9	26.8	575.1	13.9	10.1	486.8
10.2	26.9	580.8	13.8	10.2	486.8
7.3	26.9	603.4	13.8	10.5	486.8
10.2	26.9	589.0	13.8	11.1	486.8
11.2	26.6	467.4	13.8	9.3	486.8
14.6	26.6	523.8	13.8	9.8	486.8
10.9	27.0	558.2	13.7	9.8	486.8
13.0	27.0	568.8	13.7	10.3	486.8
7.6	27.0	532.6	13.7	10.8	486.8
0.1	26.9	596.5	13.7	10.6	486.8
3.1	26.4	470.9	13.7	9.5	486.8
0.6	26.1	376.8	13.6	8.8	486.8
2.0	25.3	250.3	13.6	7.3	486.8
2.1	24.1	60.6	13.6	3.4	484.6
1.1	24.7	75.9	13.6	5.2	484.6
4.3	25.6	179.7	13.6	8.4	484.6
21.3	26.2	264.3	13.5	8.0	484.6
18.3	25.7	286.8	13.5	8.5	484.6
11.9	26.3	412.3	13.5	8.9	484.6
6.0	26.7	515.4	13.5	9.2	484.6
10.8	26.5	350.8	13.4	8.4	484.6
12.7	26.5	389.9	13.4	9.2	484.6
13.7	26.0	305.4	13.4	9.2	484.6
7.9	26.1	442.8	13.4	8.7	484.6
5.8	25.2	318.3	13.3	7.8	484.6
4.7	25.1	321.8	13.3	7.5	484.6
7.8	24.4	96.8	13.3	5.1	484.6
13.9	25.1	228.6	13.3	8.4	484.6
14.4	25.8	441.8	13.2	9.1	484.6
9.2	26.6	473.6	13.2	9.1	484.6
17.1	26.0	446.5	13.2	8.5	484.6
0.4	25.9	470.6	13.2	9.1	484.6
0.6	24.9	462.9	13.1	7.6	484.6
4.1	24.0	121.2	13.1	5.0	484.6
9.3	24.6	296.1	13.1	7.9	484.6
8.8	25.5	456.1	13.0	9.2	484.6
7.5	25.3	413.3	13.0	8.5	484.6
0.1	25.6	500.7	13.0	9.1	484.6
0.1	25.5	539.4	13.0	8.4	484.6
2.2	25.9	413.6	12.9	8.2	484.6
0.2	26.1	416.3	12.9	8.3	484.6
1.0	25.2	266.5	12.9	7.1	484.6
0.7	23.9	164.6	12.8	5.9	484.6
0.2	24.1	109.1	12.8	5.6	484.6
1.0	25.4	345.9	12.8	7.4	484.9
0.5	25.3	212.1	12.8	7.5	484.9
0.7	25.1	223.0	12.7	7.5	484.9
1.1	25.7	407.9	12.7	8.4	484.9
0.5	26.4	427.7	12.7	8.5	484.9
0.3	27.1	441.2	12.6	8.7	484.9
12.2	25.9	399.8	12.6	8.3	484.9
1.0	25.4	266.7	12.6	7.2	484.9
16.3	24.8	183.2	12.6	7.3	484.9
11.2	24.2	252.8	12.5	8.1	484.9
0.9	22.4	183.3	12.5	5.9	484.9
0.3	22.2	441.5	12.5	7.8	484.9
0.5	23.4	474.1	12.4	8.7	484.9
0.2	25.6	468.1	12.4	8.5	484.9
1.0	26.7	378.5	12.4	7.7	484.9
23.6	23.7	80.4	12.3	6.4	484.9
3.5	21.5	50.9	12.3	4.5	484.9
0.1	21.3	360.2	12.3	7.9	484.9
0.1	21.7	401.0	12.3	8.9	484.9
0.0	22.6	289.3	12.2	8.2	484.9
0.0	21.6	243.6	12.2	6.7	484.9
0.0	19.8	373.3	12.2	8.5	484.9
0.0	21.0	486.7	12.1	9.2	484.9
0.0	20.9	343.0	12.1	8.7	484.9
0.0	22.2	458.5	12.1	8.9	484.9
0.0	22.1	303.9	12.0	8.3	484.9
0.0	23.2	472.1	12.0	8.8	484.9
0.2	24.9	437.4	12.0	8.8	484.9
0.4	25.5	183.3	12.0	6.8	484.9
1.6	24.6	360.3	11.9	7.6	484.9
0.7	20.6	173.9	11.9	6.8	485.4
0.0	19.9	337.7	11.9	6.3	485.4
0.0	21.2	430.8	11.8	6.4	485.4
0.0	20.1	225.5	11.8	6.5	485.4
0.0	18.5	454.3	11.8	7.5	485.4
0.0	19.0	372.7	11.7	6.7	485.4
0.0	17.7	448.4	11.7	7.8	485.4
0.0	17.0	459.7	11.7	8.2	485.4
0.0	18.1	457.8	11.7	8.6	485.4
0.0	18.6	451.2	11.6	8.8	485.4
0.0	18.8	448.7	11.6	8.7	485.4
0.0	19.1	441.3	11.6	8.6	485.4
0.0	21.3	433.5	11.5	8.4	485.4
0.0	15.6	441.0	11.5	6.8	485.4
0.0	16.7	422.6	11.5	7.3	485.4
0.0	18.1	424.4	11.4	7.7	485.4
0.0	19.5	235.2	11.4	6.7	485.4
0.0	19.4	405.6	11.4	7.2	485.4
0.0	19.9	346.6	11.4	6.4	485.4
0.0	16.5	181.0	11.3	4.9	485.4
0.0	16.0	340.3	11.3	5.8	485.4
0.0	16.8	339.9	11.3	6.4	485.4
0.0	16.5	397.9	11.2	6.3	485.4
0.0	17.2	394.9	11.2	6.4	485.4
0.0	18.4	363.0	11.2	6.6	485.4
0.0	16.2	387.7	11.2	6.2	485.4
0.0	15.0	394.8	11.1	6.1	485.4
0.0	15.0	390.8	11.1	6.5	485.4
0.0	15.8	388.1	11.1	6.9	485.4
0.0	16.5	383.2	11.1	6.7	485.4
0.0	14.7	371.4	11.0	6.0	485.4
0.0	11.1	340.0	11.0	4.8	487.1
0.0	11.5	378.1	11.0	5.1	487.1
0.0	13.0	370.7	10.9	5.5	487.1
0.0	15.0	358.9	10.9	5.8	487.1
0.0	15.1	357.3	10.9	6.3	487.1
0.0	15.5	361.4	10.9	6.2	487.1
0.0	17.1	355.0	10.8	6.3	487.1
0.0	19.8	339.6	10.8	6.4	487.1
0.1	20.9	329.3	10.8	6.2	487.1
0.0	21.1	315.4	10.8	6.3	487.1
0.2	20.1	251.4	10.7	5.7	487.1
0.0	16.6	336.7	10.7	5.7	487.1
0.0	13.5	246.3	10.7	4.8	487.1
0.0	11.7	335.4	10.7	5.3	487.1
0.0	11.4	348.5	10.6	5.3	487.1
0.0	12.3	339.4	10.6	5.4	487.1
0.0	12.8	343.1	10.6	5.7	487.1
0.0	14.1	271.2	10.6	5.4	487.1
0.0	14.8	247.9	10.6	5.4	487.1
0.0	14.8	321.3	10.5	5.2	487.1
0.0	15.3	315.5	10.5	5.7	487.1
2.2	15.8	95.8	10.5	4.1	487.1
1.3	13.7	110.3	10.5	3.0	487.1
0.7	14.4	108.4	10.5	2.9	487.1
0.4	14.7	148.5	10.4	3.4	487.1
0.0	16.0	127.2	10.4	3.8	487.1
0.0	16.1	295.7	10.4	5.4	487.1
0.0	16.7	269.4	10.4	4.7	487.1
2.2	9.2	57.9	10.4	4.6	487.1
0.0	1.6	315.2	10.4	2.4	487.1
0.0	1.9	320.8	10.3	2.8	489.2
0.0	6.9	315.1	10.3	3.9	489.2
0.0	6.7	309.7	10.3	3.7	489.2
0.0	7.7	299.7	10.3	4.4	489.2
0.0	6.6	306.1	10.3	3.7	489.2
0.0	7.9	304.5	10.3	4.5	489.2
0.0	9.0	307.5	10.3	4.9	489.2
0.0	9.6	299.1	10.3	5.0	489.2
0.0	1.5	206.7	10.2	2.1	489.2
0.1	1.8	272.2	10.2	2.8	489.2
0.0	4.2	300.9	10.2	3.4	489.2
0.0	8.9	297.7	10.2	4.2	489.2
0.0	10.7	294.7	10.2	3.8	489.2
0.0	12.6	294.5	10.2	4.7	489.2
0.0	13.5	291.9	10.2	5.3	489.2
0.0	5.3	246.9	10.2	3.3	489.2
0.0	3.2	293.9	10.2	2.5	489.2
1.2	10.4	280.9	10.2	4.5	489.2
3.2	9.8	39.2	10.2	3.7	489.2
0.0	5.5	290.3	10.2	3.3	489.2
0.0	7.0	281.7	10.2	3.3	489.2
5.2	6.8	24.9	10.2	1.8	489.2
1.9	10.8	98.5	10.2	3.0	489.2
0.3	7.7	69.6	10.2	2.6	489.2
0.0	4.5	291.8	10.2	3.3	489.2
0.0	4.5	298.8	10.2	3.4	489.2
0.0	7.5	296.7	10.2	4.6	489.2
0.0	5.7	289.5	10.2	3.8	489.2
0.0	1.3	301.4	10.2	2.7	489.2
0.0	4.6	293.3	10.2	3.8	489.2
0.0	5.8	293.0	10.2	4.3	489.2
0.0	2.8	302.1	10.2	2.9	491.7
0.0	6.1	298.7	10.2	4.4	491.7
0.0	5.9	291.4	10.2	3.7	491.7
0.0	4.5	187.7	10.2	3.3	491.7
0.0	3.5	305.6	10.3	3.1	491.7
0.0	6.0	174.7	10.3	3.4	491.7
0.0	1.2	314.3	10.3	3.0	491.7
0.0	3.3	315.8	10.3	3.7	491.7
0.0	4.3	316.2	10.3	4.1	491.7
0.0	5.9	314.6	10.3	4.4	491.7
0.0	8.3	314.3	10.3	5.1	491.7
0.0	6.8	312.7	10.3	3.8	491.7
0.0	9.7	313.0	10.4	5.3	491.7
0.0	11.3	307.8	10.4	5.5	491.7
0.0	11.1	311.2	10.4	5.2	491.7
0.0	10.4	308.9	10.4	5.1	491.7
0.0	6.1	322.7	10.4	4.3	491.7
0.0	5.9	327.4	10.4	4.0	491.7
0.0	9.2	326.8	10.5	5.3	491.7
0.0	2.8	329.6	10.5	3.2	491.7
0.0	4.1	291.9	10.5	3.6	491.7
0.0	7.4	328.5	10.5	4.7	491.7
0.1	9.4	151.3	10.5	4.0	491.7
0.3	9.1	82.5	10.6	3.1	491.7
7.2	7.6	71.8	10.6	3.4	491.7
10.1	5.5	65.5	10.6	1.7	491.7
2.6	5.0	36.8	10.6	1.2	491.7
0.1	8.1	158.1	10.6	2.9	491.7
1.3	12.8	157.7	10.7	4.4	491.7
18.9	12.6	44.2	10.7	3.4	491.7
11.0	7.9	35.5	10.7	2.8	491.7
0.4	6.3	69.3	10.7	2.5	492.9
0.0	12.6	302.4	10.8	4.8	492.9
1.7	12.1	62.2	10.8	4.7	492.9
0.6	11.2	126.0	10.8	3.1	492.9
0.4	16.5	272.6	10.8	4.8	492.9
1.4	13.5	224.9	10.9	6.4	492.9
0.0	7.1	370.0	10.9	4.0	492.9
0.0	4.7	376.0	10.9	3.2	492.9
0.5	4.4	144.7	10.9	2.4	492.9
4.4	4.7	135.3	11.0	2.2	492.9
9.3	4.8	76.2	11.0	1.9	492.9
1.9	3.0	139.0	11.0	3.3	492.9
0.0	0.6	399.1	11.0	3.0	492.9
0.0	-3.7	408.7	11.1	2.2	492.9
0.0	-0.2	375.9	11.1	2.9	492.9
0.0	2.8	373.5	11.1	3.9	492.9
0.0	-0.9	408.8	11.2	3.0	492.9
0.0	-2.4	427.6	11.2	2.8	492.9
0.0	3.1	315.1	11.2	4.4	492.9
0.0	-3.3	438.0	11.2	2.7	492.9
0.0	2.1	420.2	11.3	3.9	492.9
4.2	4.1	129.2	11.3	2.7	492.9
22.6	6.4	46.1	11.3	2.6	492.9
0.3	4.9	113.9	11.4	3.4	492.9
0.0	7.4	427.5	11.4	5.0	492.9
0.8	7.3	134.1	11.4	3.3	492.9
31.3	5.1	57.8	11.4	2.1	492.9
14.4	4.9	18.3	11.5	3.1	492.9
6.6	4.6	62.1	11.5	2.3	492.9
8.2	4.2	80.9	11.5	2.2	493.4
0.3	7.8	239.4	11.6	4.0	493.4
12.7	7.8	82.0	11.6	2.9	493.4
36.9	2.8	45.7	11.6	3.5	493.4
3.4	1.4	110.4	11.7	3.0	493.4
0.0	4.4	423.3	11.7	4.9	493.4
3.5	6.9	449.3	11.7	4.9	493.4
8.3	3.1	73.8	11.7	2.7	493.4
0.3	2.6	175.6	11.8	3.8	493.4
0.0	5.1	453.6	11.8	5.2	493.4
5.9	6.9	188.9	11.8	4.0	493.4
0.8	10.9	372.3	11.9	5.9	493.4
20.8	15.5	227.0	11.9	5.9	493.4
10.6	14.0	85.4	11.9	6.5	493.4
0.5	13.0	310.4	12.0	5.4	493.4
7.5	17.7	399.1	12.0	7.7	493.4
3.6	16.1	246.8	12.0	4.6	493.4
4.0	17.3	257.5	12.1	9.1	493.4
17.1	7.8	31.9	12.1	3.3	493.4
3.1	7.6	105.4	12.1	3.3	493.4
20.5	6.8	39.7	12.1	1.6	493.4
1.6	7.7	164.4	12.2	3.9	493.4
0.1	7.0	436.0	12.2	5.6	493.4
4.5	10.2	420.8	12.2	5.6	493.4
21.7	10.1	78.5	12.3	3.6	493.4
32.5	13.8	69.7	12.3	4.8	493.4
18.4	12.3	49.5	12.3	6.5	493.4
1.0	9.9	239.5	12.4	5.0	493.4
1.8	9.8	132.9	12.4	4.3	493.4
3.3	8.7	140.8	12.4	4.3	493.4
19.1	7.7	105.2	12.5	3.4	493.4
0.8	8.0	83.1	12.5	3.1	493.8
0.3	10.5	342.6	12.5	5.6	493.8
19.7	12.0	265.3	12.5	6.2	493.8
8.5	9.2	72.1	12.6	2.4	493.8
3.5	9.1	57.9	12.6	3.5	493.8
0.3	8.3	138.4	12.6	4.5	493.8
0.1	10.3	496.8	12.7	6.9	493.8
11.2	14.8	463.7	12.7	7.9	493.8
0.5	16.1	310.6	12.7	7.4	493.8
2.9	20.2	352.5	12.8	8.7	493.8
3.7	20.2	411.5	12.8	8.1	493.8
24.4	17.1	74.4	12.8	8.3	493.8
0.2	10.8	298.8	12.8	7.0	493.8
0.0	12.8	578.6	12.9	7.8	493.8
5.7	16.6	562.7	12.9	9.1	493.8
28.8	14.2	68.7	12.9	3.1	493.8
4.6	15.9	94.4	13.0	5.3	493.8
1.2	16.3	525.5	13.0	8.3	493.8
0.5	15.9	510.6	13.0	9.4	493.8
0.0	12.7	473.6	13.0	7.1	493.8
0.0	11.5	605.1	13.1	7.2	493.8
0.0	12.5	610.3	13.1	8.5	493.8
0.1	14.4	602.1	13.1	9.7	493.8
0.0	16.9	579.9	13.1	8.9	493.8
15.4	13.4	159.1	13.2	5.8	493.8
0.6	14.2	352.8	13.2	7.4	493.8
5.8	16.9	537.3	13.2	9.4	493.8
6.9	16.3	217.2	13.3	6.0	493.8
1.6	16.9	375.1	13.3	8.4	493.8
2.3	17.7	311.1	13.3	7.4	493.8
12.4	17.6	82.6	13.3	5.0	494.2
0.5	18.9	352.4	13.4	7.3	494.2
0.2	20.9	554.2	13.4	9.9	494.2
6.0	20.2	527.5	13.4	12.0	494.2
54.7	11.6	89.9	13.4	6.8	494.2
0.6	11.3	369.8	13.5	7.1	494.2
25.5	15.9	584.4	13.5	7.9	494.2
10.0	16.3	40.4	13.5	4.3	494.2
3.5	15.7	80.7	13.5	4.5	494.2
1.5	17.8	358.9	13.6	7.1	494.2
7.1	20.7	376.9	13.6	9.1	494.2
30.4	17.6	41.5	13.6	6.8	494.2
2.6	15.2	62.2	13.6	3.4	494.2
0.1	16.5	295.8	13.6	8.2	494.2
0.5	18.0	587.6	13.7	9.8	494.2
0.2	19.9	604.0	13.7	10.5	494.2
0.3	21.6	609.0	13.7	11.4	494.2
0.0	22.1	361.7	13.7	9.7	494.2
0.2	20.9	315.6	13.7	8.9	494.2
0.0	22.8	564.8	13.8	10.5	494.2
35.3	21.3	209.8	13.8	7.0	494.2
2.0	20.0	25.2	13.8	4.2	494.2
2.8	17.5	42.1	13.8	6.3	494.2
3.8	15.9	142.9	13.8	4.9	494.2
0.7	15.8	207.4	13.9	7.3	494.2
0.0	20.6	588.1	13.9	10.5	494.2
3.7	22.5	301.9	13.9	8.6	494.2
0.0	22.0	615.1	13.9	11.1	494.2
0.1	20.9	621.7	13.9	7.8	494.2
0.0	22.7	257.7	13.9	7.8	494.2
48.9	25.1	333.8	13.9	9.5	494.2
6.8	21.6	99.4	14.0	8.3	493.0
0.1	22.5	604.0	14.0	9.5	493.0
0.0	21.3	578.3	14.0	9.4	493.0
0.2	21.5	540.5	14.0	9.3	493.0
1.1	17.3	141.9	14.0	6.6	493.0
8.8	16.3	27.0	14.0	3.9	493.0
1.7	19.0	172.0	14.0	6.2	493.0
0.7	20.4	159.4	14.0	5.8	493.0
5.9	21.6	109.3	14.0	6.6	493.0
21.1	20.7	53.9	14.0	6.4	493.0
0.4	21.3	464.5	14.1	9.1	493.0
0.2	22.4	573.8	14.1	10.5	493.0
0.2	21.7	521.9	14.1	10.6	493.0
0.0	22.3	554.0	14.1	10.9	493.0
0.0	24.8	631.1	14.1	12.1	493.0
0.0	26.3	623.6	14.1	11.9	493.0
2.9	26.8	524.7	14.1	10.7	493.0
9.3	23.8	205.9	14.1	9.7	493.0
0.2	24.8	571.0	14.1	10.9	493.0
0.0	26.7	648.0	14.1	12.2	493.0
0.0	27.4	652.9	14.1	12.6	493.0
0.5	27.8	634.0	14.1	12.8	493.0
16.4	26.5	537.1	14.1	10.5	493.0
24.5	26.4	389.9	14.1	9.3	493.0
11.0	27.2	400.3	14.1	8.5	493.0
15.8	25.9	170.2	14.1	6.5	493.0
17.6	25.5	251.1	14.1	8.0	493.0
23.2	26.8	457.1	14.1	9.6	493.0
5.7	27.0	256.2	14.1	8.7	493.0
19.4	26.7	335.7	14.1	9.9	493.0
15.1	26.6	381.8	14.1	8.8	489.9
3.6	26.2	233.1	14.0	8.7	489.9
6.4	26.6	315.1	14.0	9.2	489.9
9.6	26.9	577.8	14.0	10.5	489.9
16.5	26.5	607.1	14.0	10.6	489.9
11.3	26.4	449.3	14.0	9.2	489.9
5.2	26.8	398.1	14.0	10.4	489.9
7.0	27.0	512.0	14.0	10.4	489.9
3.5	27.8	596.6	14.0	10.5	489.9
2.4	28.0	543.4	14.0	11.2	489.9
2.1	28.1	511.1	14.0	11.2	489.9
3.1	28.3	605.3	13.9	12.0	489.9
4.8	28.1	624.1	13.9	11.8	489.9
10.8	26.9	616.8	13.9	11.0	489.9
8.5	26.7	601.2	13.9	11.1	489.9
23.9	26.5	486.7	13.9	9.6	489.9
2.5	26.6	517.0	13.9	9.2	489.9
1.7	26.8	420.7	13.9	9.0	489.9
7.5	26.9	568.8	13.8	10.3	489.9
0.5	27.6	571.3	13.8	9.9	489.9
0.2	28.1	584.5	13.8	10.3	489.9
0.3	28.0	581.9	13.8	10.2	489.9
0.7	28.3	528.8	13.8	9.9	489.9
8.3	26.5	439.5	13.7	10.1	489.9
0.4	27.1	386.7	13.7	8.4	489.9
1.6	26.8	221.8	13.7	8.5	489.9
14.9	26.7	444.0	13.7	9.4	489.9
12.3	27.0	511.5	13.7	10.6	489.9
7.7	27.0	410.4	13.6	9.2	489.9
16.4	25.5	278.7	13.6	7.1	489.9
1.5	25.8	399.4	13.6	8.6	489.9
1.4	26.0	428.4	13.6	8.4	487.8
0.4	26.5	423.7	13.6	9.1	487.8
18.6	26.9	492.0	13.5	8.8	487.8
9.5	27.2	465.1	13.5	9.3	487.8
7.9	27.6	557.5	13.5	10.3	487.8
9.4	27.4	522.7	13.5	10.3	487.8
21.9	27.1	451.4	13.4	9.6	487.8
26.1	26.3	405.4	13.4	9.5	487.8
3.6	23.7	65.5	13.4	6.3	487.8
0.6	23.6	77.8	13.4	5.0	487.8
23.1	24.7	338.9	13.3	8.9	487.8
18.1	25.1	448.2	13.3	9.3	487.8
15.3	24.7	287.7	13.3	8.0	487.8
23.0	25.1	346.7	13.3	8.6	487.8
14.9	25.2	296.2	13.2	8.2	487.8
23.0	25.8	370.1	13.2	8.7	487.8
18.0	26.3	466.0	13.2	9.1	487.8
1.2	26.5	489.2	13.2	10.0	487.8
0.0	27.2	559.3	13.1	10.1	487.8
2.3	27.6	549.9	13.1	9.8	487.8
3.0	27.6	523.2	13.1	9.5	487.8
8.9	27.1	460.7	13.1	9.3	487.8
9.8	25.8	199.5	13.0	7.4	487.8
0.7	24.9	252.3	13.0	7.6	487.8
0.6	25.1	313.6	13.0	7.3	487.8
1.8	25.1	220.8	12.9	6.4	487.8
1.9	24.6	130.1	12.9	5.9	487.8
0.2	24.6	152.6	12.9	7.8	487.8
0.2	24.4	503.1	12.9	9.4	487.8
0.0	25.3	503.7	12.8	8.9	487.8
0.0	25.0	245.3	12.8	7.6	487.8
0.2	24.1	153.5	12.8	6.6	488.1
0.0	24.6	185.6	12.7	6.7	488.1
0.0	25.1	215.7	12.7	7.3	488.1
0.1	25.9	304.1	12.7	7.6	488.1
0.0	25.2	349.3	12.7	8.5	488.1
0.0	25.8	520.2	12.6	9.6	488.1
0.0	26.1	525.9	12.6	9.9	488.1
0.0	25.3	530.8	12.6	9.7	488.1
0.0	26.4	506.5	12.5	8.5	488.1
0.0	24.0	172.2	12.5	6.8	488.1
0.1	23.5	390.0	12.5	8.9	488.1
0.0	23.9	521.2	12.4	10.2	488.1
0.0	24.4	478.8	12.4	8.8	488.1
0.0	24.5	465.9	12.4	9.1	488.1
0.2	25.3	454.2	12.4	8.8	488.1
0.5	24.2	156.6	12.3	7.3	488.1
1.3	25.4	394.8	12.3	8.6	488.1
0.1	21.3	136.9	12.3	7.2	488.1
0.0	21.9	499.4	12.2	9.0	488.1
0.0	23.4	491.7	12.2	9.5	488.1
0.0	24.1	490.1	12.2	9.7	488.1
0.0	24.3	485.0	12.1	9.4	488.1
0.0	24.3	477.5	12.1	9.4	488.1
0.0	23.7	473.7	12.1	9.3	488.1
0.0	23.4	473.8	12.1	9.2	488.1
0.3	24.7	427.7	12.0	8.6	488.1
0.1	21.5	115.0	12.0	7.6	488.1
0.0	18.8	464.2	12.0	6.4	488.1
0.0	19.0	414.3	11.9	7.6	488.1
0.0	19.1	343.2	11.9	7.6	488.1
0.0	21.5	449.7	11.9	8.5	488.6
0.0	22.3	447.4	11.8	8.8	488.6
0.0	21.8	445.8	11.8	8.1	488.6
0.0	17.8	468.4	11.8	7.2	488.6
0.0	18.6	461.6	11.8	7.7	488.6
0.0	19.5	452.6	11.7	7.7	488.6
0.0	20.4	413.4	11.7	8.0	488.6
0.0	20.0	367.4	11.7	7.7	488.6
0.0	19.8	415.6	11.6	7.8	488.6
0.0	18.2	438.7	11.6	6.8	488.6
0.0	16.9	442.2	11.6	7.4	488.6
0.0	18.7	440.9	11.5	8.3	488.6
0.0	19.8	435.8	11.5	8.8	488.6
0.0	18.5	441.8	11.5	8.5	488.6
0.0	18.7	436.7	11.5	8.3	488.6
0.0	18.8	428.9	11.4	8.1	488.6
0.0	18.8	418.8	11.4	8.2	488.6
0.0	19.4	410.5	11.4	8.2	488.6
0.0	18.7	413.3	11.3	7.6	488.6
0.0	18.9	398.1	11.3	7.3	488.6
0.0	16.9	400.0	11.3	6.7	488.6
0.0	17.9	398.1	11.3	7.2	488.6
0.0	19.5	390.6	11.2	7.6	488.6
0.0	19.9	381.9	11.2	6.9	488.6
0.0	21.1	376.2	11.2	6.8	488.6
0.0	21.8	372.6	11.1	7.0	488.6
0.0	22.6	367.7	11.1	6.9	488.6
0.0	18.3	372.6	11.1	6.3	488.6
0.0	16.0	372.0	11.1	5.7	488.6
0.0	16.2	356.8	11.0	5.7	488.6
0.0	16.9	361.8	11.0	6.4	488.6
0.0	16.5	363.8	11.0	6.6	490.2
0.0	16.2	371.7	11.0	6.4	490.2
0.0	16.3	368.4	10.9	6.3	490.2
0.0	16.2	360.7	10.9	5.9	490.2
0.0	17.7	296.6	10.9	5.9	490.2
2.1	20.2	261.0	10.8	6.1	490.2
2.9	13.8	51.8	10.8	4.7	490.2
0.0	10.2	359.6	10.8	4.7	490.2
0.0	11.5	354.2	10.8	5.1	490.2
0.0	13.5	345.1	10.7	5.5	490.2
0.0	14.0	344.8	10.7	5.3	490.2
0.0	12.2	347.6	10.7	4.8	490.2
0.0	13.1	342.6	10.7	5.6	490.2
0.0	14.8	338.0	10.7	5.9	490.2
0.0	13.4	264.1	10.6	5.0	490.2
0.0	14.4	336.2	10.6	5.4	490.2
0.0	15.9	331.2	10.6	6.3	490.2
0.0	16.8	324.1	10.6	6.2	490.2
2.3	10.6	47.5	10.5	4.7	490.2
0.0	3.4	335.4	10.5	2.9	490.2
0.0	5.0	321.5	10.5	3.3	490.2
0.0	5.6	323.6	10.5	3.6	490.2
0.0	6.7	322.9	10.5	4.1	490.2
0.0	5.6	326.2	10.4	4.1	490.2
0.0	7.3	325.7	10.4	4.5	490.2
0.0	9.0	315.2	10.4	4.6	490.2
0.0	8.9	324.3	10.4	4.6	490.2
0.0	10.3	318.2	10.4	5.2	490.2
0.0	9.9	318.8	10.4	4.9	490.2
0.0	10.4	310.5	10.3	5.2	490.2
0.0	10.9	313.5	10.3	5.4	492.4
0.0	12.5	305.2	10.3	5.3	492.4
0.0	14.5	299.0	10.3	5.0	492.4
0.0	14.1	292.5	10.3	5.1	492.4
0.0	13.3	253.2	10.3	4.3	492.4
0.0	15.0	264.4	10.3	4.7	492.4
0.0	9.1	289.4	10.3	4.0	492.4
0.0	4.5	292.9	10.3	3.0	492.4
0.0	7.2	299.8	10.2	3.7	492.4
0.0	6.9	153.3	10.2	2.9	492.4
0.0	3.9	308.7	10.2	3.3	492.4
0.0	5.1	306.5	10.2	3.8	492.4
0.0	6.2	232.7	10.2	4.3	492.4
0.0	10.0	289.6	10.2	4.8	492.4
0.2	6.7	104.7	10.2	3.3	492.4
0.0	7.7	285.4	10.2	3.6	492.4
1.9	7.4	145.0	10.2	3.9	492.4
0.0	4.6	295.5	10.2	3.0	492.4
0.0	7.0	249.0	10.2	3.3	492.4
0.0	4.0	292.8	10.2	3.3	492.4
0.0	1.2	148.3	10.2	1.9	492.4
0.0	1.5	294.7	10.2	2.2	492.4
0.0	2.3	288.5	10.2	2.5	492.4
0.1	0.1	109.9	10.2	2.1	492.4
0.0	3.8	268.3	10.2	3.6	492.4
0.0	9.9	291.5	10.2	4.8	492.4
0.0	14.8	285.4	10.2	5.0	492.4
0.8	18.4	262.9	10.2	5.5	492.4
20.3	12.4	31.2	10.2	5.1	492.4
2.2	-2.1	68.3	10.2	2.0	492.4
0.0	-2.3	304.4	10.2	1.8	492.4
0.0	1.5	305.0	10.2	2.8	494.8
0.0	2.3	301.0	10.2	3.1	494.8
0.0	2.2	306.5	10.2	3.2	494.8
0.0	6.0	229.5	10.2	3.8	494.8
0.0	4.6	304.2	10.3	3.1	494.8
0.0	7.9	307.3	10.3	4.0	494.8
0.0	0.6	313.8	10.3	2.5	494.8
0.0	5.8	311.3	10.3	4.1	494.8
0.0	9.1	304.7	10.3	5.1	494.8
0.0	2.9	310.9	10.3	3.0	494.8
0.0	4.1	243.5	10.3	3.2	494.8
0.0	9.3	308.4	10.3	5.3	494.8
0.3	9.6	195.8	10.4	4.9	494.8
0.6	4.8	94.0	10.4	1.8	494.8
12.8	2.8	53.6	10.4	2.3	494.8
1.0	-1.9	160.5	10.4	2.0	494.8
0.0	-1.5	329.2	10.4	2.3	494.8
0.0	0.9	324.4	10.4	3.0	494.8
0.0	4.7	318.4	10.5	3.6	494.8
0.0	5.7	334.2	10.5	3.8	494.8
0.4	10.4	243.8	10.5	4.7	494.8
0.1	10.3	312.7	10.5	4.9	494.8
0.0	6.3	293.1	10.5	4.6	494.8
5.9	0.8	76.3	10.6	1.3	494.8
0.1	1.1	132.7	10.6	1.5	494.8
0.0	1.3	349.0	10.6	2.3	494.8
0.0	5.0	348.5	10.6	3.8	494.8
0.0	1.9	353.9	10.7	3.2	494.8
0.0	0.5	360.7	10.7	2.5	494.8
0.0	0.9	368.0	10.7	3.2	494.8
0.0	0.2	373.9	10.7	3.3	494.8
0.0	3.4	376.6	10.7	4.3	496.1
0.0	7.8	362.1	10.8	5.7	496.1
0.0	12.6	364.4	10.8	6.8	496.1
0.0	13.6	362.1	10.8	7.2	496.1
0.0	15.4	362.8	10.8	7.2	496.1
0.0	15.9	344.1	10.9	6.7	496.1
1.0	17.8	219.1	10.9	6.6	496.1
0.6	12.9	217.7	10.9	4.6	496.1
16.6	13.0	65.2	11.0	3.8	496.1
4.7	18.2	312.0	11.0	6.6	496.1
1.2	5.5	77.0	11.0	4.1	496.1
0.1	1.4	189.0	11.0	3.0	496.1
0.2	-0.1	177.4	11.1	1.7	496.1
12.1	2.0	70.2	11.1	1.6	496.1
1.0	4.8	327.6	11.1	3.8	496.1
0.3	0.6	218.3	11.1	2.6	496.1
0.0	-0.2	418.7	11.2	3.2	496.1
0.0	3.0	418.6	11.2	3.9	496.1
3.4	8.4	296.6	11.2	4.5	496.1
3.6	8.4	110.7	11.3	3.7	496.1
0.4	10.9	335.8	11.3	5.3	496.1
2.3	10.7	143.6	11.3	3.5	496.1
0.8	12.5	72.0	11.3	4.3	496.1
7.9	17.4	220.8	11.4	5.6	496.1
11.9	11.6	39.5	11.4	5.9	496.1
2.2	5.5	98.9	11.4	3.1	496.1
1.0	3.2	126.0	11.5	2.4	496.1
0.4	2.3	203.4	11.5	2.7	496.1
0.0	5.1	240.7	11.5	3.6	496.6
1.6	7.2	211.3	11.6	3.9	496.6
1.0	7.6	255.6	11.6	4.9	496.6
0.1	12.2	374.9	11.6	6.6	496.6
19.8	14.4	341.7	11.6	7.2	496.6
4.8	9.4	48.6	11.7	2.9	496.6
26.7	10.9	108.3	11.7	3.6	496.6
3.3	14.5	50.8	11.7	5.0	496.6
0.4	10.8	165.7	11.8	5.7	496.6
10.3	13.3	415.0	11.8	6.4	496.6
0.3	9.6	109.3	11.8	4.5	496.6
2.9	14.7	437.0	11.9	6.8	496.6
11.1	14.7	46.2	11.9	5.2	496.6
4.8	7.3	40.8	11.9	5.0	496.6
0.8	10.6	180.7	12.0	5.1	496.6
0.1	15.5	368.5	12.0	6.5	496.6
1.4	19.9	449.3	12.0	7.6	496.6
25.6	9.7	35.3	12.0	7.5	496.6
0.5	5.4	175.0	12.1	4.6	496.6
0.0	9.1	465.7	12.1	5.6	496.6
0.7	10.2	380.0	12.1	5.4	496.6
29.9	9.4	36.6	12.2	3.2	496.6
0.6	10.5	163.8	12.2	4.9	496.6
0.0	8.6	224.1	12.2	5.6	496.6
0.0	11.1	469.7	12.3	6.4	496.6
22.7	14.3	223.8	12.3	5.9	496.6
1.3	12.1	152.5	12.3	4.5	496.6
2.0	5.4	132.1	12.4	5.0	496.6
0.0	8.3	490.0	12.4	5.1	496.6
0.0	9.8	498.4	12.4	6.7	496.6
0.0	10.7	481.6	12.4	7.4	496.6
2.9	14.4	272.7	12.5	7.0	497.0
0.3	14.7	372.1	12.5	6.6	497.0
0.0	16.5	558.6	12.5	9.1	497.0
1.0	20.3	518.2	12.6	9.2	497.0
6.1	16.0	467.1	12.6	7.3	497.0
2.4	17.9	113.9	12.6	9.0	497.0
20.3	23.4	408.7	12.7	10.5	497.0
12.3	11.5	48.1	12.7	7.6	497.0
1.2	12.7	58.8	12.7	6.1	497.0
0.0	23.0	422.6	12.7	11.4	497.0
0.2	25.8	517.5	12.8	9.3	497.0
2.8	23.8	254.1	12.8	10.7	497.0
5.9	15.5	390.0	12.8	6.4	497.0
1.2	15.4	179.1	12.9	6.7	497.0
3.6	15.2	106.0	12.9	5.9	497.0
1.1	13.9	120.8	12.9	4.4	497.0
0.9	15.7	150.4	12.9	6.7	497.0
4.5	22.1	457.7	13.0	10.3	497.0
7.0	21.5	324.8	13.0	8.4	497.0
42.7	20.5	366.4	13.0	10.0	497.0
13.0	11.5	55.9	13.1	5.5	497.0
0.0	13.5	309.9	13.1	6.7	497.0
0.1	17.4	212.2	13.1	7.8	497.0
2.0	23.7	518.0	13.1	10.4	497.0
8.0	14.9	47.3	13.2	10.4	497.0
0.1	13.5	562.3	13.2	7.6	497.0
0.0	15.3	494.6	13.2	8.5	497.0
0.0	15.2	584.8	13.2	8.7	497.0
0.0	17.1	587.2	13.3	8.5	497.0
13.4	17.1	113.1	13.3	5.6	497.0
0.1	18.9	417.4	13.3	7.9	497.4
0.0	21.8	615.5	13.4	10.2	497.4
0.0	18.5	407.7	13.4	7.4	497.4
10.7	15.3	114.6	13.4	7.4	497.4
0.0	18.4	625.5	13.4	9.5	497.4
0.0	21.4	603.4	13.5	9.7	497.4
0.5	23.3	494.4	13.5	11.2	497.4
0.3	22.5	446.5	13.5	11.8	497.4
0.0	16.6	629.4	13.5	10.9	497.4
0.0	17.7	639.5	13.5	9.6	497.4
0.0	22.0	630.1	13.6	11.1	497.4
0.0	25.1	610.6	13.6	11.7	497.4
0.0	25.5	578.7	13.6	10.5	497.4
16.8	19.3	107.3	13.6	10.5	497.4
0.3	16.8	190.5	13.7	6.1	497.4
38.1	14.1	62.1	13.7	5.7	497.4
2.7	13.4	47.7	13.7	3.9	497.4
0.6	14.8	120.0	13.7	6.5	497.4
0.0	18.8	530.9	13.7	9.9	497.4
0.0	21.2	350.9	13.8	9.2	497.4
0.0	22.3	436.1	13.8	8.6	497.4
2.7	20.7	97.9	13.8	5.8	497.4
1.4	20.3	281.6	13.8	9.4	497.4
0.1	19.8	638.5	13.8	10.8	497.4
0.0	17.7	657.6	13.8	10.0	497.4
0.0	19.8	649.7	13.9	11.1	497.4
0.0	19.7	558.1	13.9	10.7	497.4
0.0	21.8	610.9	13.9	10.8	497.4
0.2	24.5	533.1	13.9	10.4	497.4
0.6	23.8	150.5	13.9	7.6	497.4
13.6	22.7	27.8	13.9	4.9	497.4
6.9	20.2	52.3	14.0	6.7	496.2
0.0	19.1	348.4	14.0	8.6	496.2
0.0	20.2	610.1	14.0	10.5	496.2
0.0	21.9	656.1	14.0	11.5	496.2
0.0	23.2	640.9	14.0	10.6	496.2
0.0	24.4	549.0	14.0	10.9	496.2
20.8	24.2	576.5	14.0	10.6	496.2
24.9	21.9	66.8	14.0	5.8	496.2
26.1	22.6	177.9	14.0	6.1	496.2
0.7	22.7	184.7	14.0	7.5	496.2
0.1	23.1	511.4	14.0	10.0	496.2
0.3	22.3	327.5	14.1	7.8	496.2
1.2	24.8	417.8	14.1	9.9	496.2
7.1	25.8	619.1	14.1	10.6	496.2
6.3	25.6	599.9	14.1	10.7	496.2
8.4	24.1	327.6	14.1	10.4	496.2
0.5	24.2	601.2	14.1	9.9	496.2
0.0	23.9	640.0	14.1	10.8	496.2
0.0	24.7	652.1	14.1	11.5	496.2
0.0	24.6	640.2	14.1	11.2	496.2
0.0	25.7	636.0	14.1	10.4	496.2
1.3	26.9	478.9	14.1	9.8	496.2
17.5	26.4	388.2	14.1	9.5	496.2
15.7	26.4	469.3	14.1	10.4	496.2
24.7	26.1	429.0	14.1	9.1	496.2
10.2	22.5	69.0	14.1	7.9	496.2
0.1	22.8	615.4	14.1	10.4	496.2
0.2	24.3	559.8	14.1	11.1	496.2
1.7	24.7	592.9	14.1	11.6	496.2
2.3	24.3	270.3	14.1	8.0	496.2
30.9	23.5	216.2	14.1	5.5	493.1
5.9	23.4	93.3	14.0	5.4	493.1
12.9	24.3	221.9	14.0	6.9	493.1
47.7	23.6	94.3	14.0	5.1	493.1
25.1	23.3	214.7	14.0	5.8	493.1
3.2	24.2	315.7	14.0	8.1	493.1
0.7	25.4	486.7	14.0	10.0	493.1
2.5	26.8	563.3	14.0	11.4	493.1
5.0	26.8	583.1	14.0	11.3	493.1
1.4	26.4	445.5	14.0	9.0	493.1
13.1	25.9	395.1	14.0	8.8	493.1
14.3	26.4	451.1	13.9	9.9	493.1
14.7	26.0	378.8	13.9	9.2	493.1
14.3	26.3	410.7	13.9	8.9	493.1
5.6	26.6	249.7	13.9	8.9	493.1
10.8	26.8	374.6	13.9	10.0	493.1
4.9	26.3	202.7	13.9	7.7	493.1
4.4	26.1	276.2	13.9	9.5	493.1
5.1	25.6	194.1	13.8	8.3	493.1
5.7	26.1	214.6	13.8	8.5	493.1
4.9	26.2	208.7	13.8	9.1	493.1
5.8	25.7	244.1	13.8	8.4	493.1
3.2	25.7	211.0	13.8	8.4	493.1
10.0	26.4	353.6	13.8	9.5	493.1
12.6	26.7	355.7	13.7	9.0	493.1
15.1	27.0	393.3	13.7	8.7	493.1
12.1	27.3	441.1	13.7	10.3	493.1
17.3	27.1	548.2	13.7	10.3	493.1
2.9	27.8	605.4	13.7	10.5	493.1
3.6	27.8	605.7	13.6	10.1	493.1
0.2	28.4	580.2	13.6	10.1	493.1
1.4	28.5	584.1	13.6	11.0	490.9
3.2	28.6	592.2	13.6	11.4	490.9
8.4	28.1	593.7	13.5	10.7	490.9
13.6	27.7	576.4	13.5	11.3	490.9
0.0	28.0	586.8	13.5	11.1	490.9
0.5	27.7	475.8	13.5	10.3	490.9
7.5	27.7	527.2	13.4	10.2	490.9
23.5	26.9	367.5	13.4	8.7	490.9
16.9	26.3	244.8	13.4	8.7	490.9
25.2	25.7	304.2	13.4	8.9	490.9
14.9	24.2	49.9	13.4	4.1	490.9
27.6	24.3	366.6	13.3	7.6	490.9
0.3	24.2	189.6	13.3	7.1	490.9
2.9	24.8	476.3	13.3	10.1	490.9
0.1	26.0	488.0	13.2	9.2	490.9
16.9	26.2	484.9	13.2	8.7	490.9
15.7	26.7	464.3	13.2	8.6	490.9
16.8	26.8	385.4	13.2	8.9	490.9
19.5	26.3	352.4	13.1	9.2	490.9
0.3	25.2	371.2	13.1	9.6	490.9
0.0	24.8	562.8	13.1	9.5	490.9
0.4	25.9	542.4	13.1	8.5	490.9
0.5	25.5	401.8	13.0	9.0	490.9
0.4	25.7	441.8	13.0	9.1	490.9
2.4	25.6	411.3	13.0	9.1	490.9
0.7	26.3	413.9	12.9	8.1	490.9
0.5	26.5	447.7	12.9	8.6	490.9
0.0	26.0	470.9	12.9	10.3	490.9
0.0	26.2	538.0	12.9	11.2	490.9
0.0	27.2	549.2	12.8	11.3	490.9
0.2	28.5	500.5	12.8	10.3	490.9
0.1	28.1	457.2	12.8	10.6	491.2
0.4	29.2	493.2	12.7	9.2	491.2
4.4	26.8	358.4	12.7	10.6	491.2
9.9	25.7	476.2	12.7	8.7	491.2
6.6	25.5	446.6	12.7	8.2	491.2
1.2	26.0	356.0	12.6	8.3	491.2
18.6	26.6	471.0	12.6	8.4	491.2
4.7	27.4	498.8	12.6	9.1	491.2
10.2	26.9	486.2	12.5	9.5	491.2
15.2	26.4	451.3	12.5	9.2	491.2
21.0	25.5	403.3	12.5	7.9	491.2
9.1	25.1	359.9	12.5	6.3	491.2
2.0	25.2	341.1	12.4	6.9	491.2
12.5	24.5	345.9	12.4	6.5	491.2
12.3	24.6	403.1	12.4	6.6	491.2
0.3	24.9	462.3	12.3	8.7	491.2
0.0	24.8	494.7	12.3	8.3	491.2
0.2	25.1	458.8	12.3	8.8	491.2
0.1	25.8	484.3	12.2	8.6	491.2
1.4	25.7	452.4	12.2	8.8	491.2
2.8	21.3	128.2	12.2	5.0	491.2
1.8	21.1	85.5	12.2	5.0	491.2
0.0	21.9	189.4	12.1	5.5	491.2
0.0	21.0	89.3	12.1	5.1	491.2
0.1	17.7	89.2	12.1	6.8	491.2
0.0	20.3	409.5	12.0	7.6	491.2
0.0	22.5	438.5	12.0	7.9	491.2
0.0	21.8	92.2	12.0	4.9	491.2
9.4	19.3	31.0	11.9	4.2	491.2
1.3	18.7	49.2	11.9	3.5	491.2
0.3	19.2	347.9	11.9	7.5	491.8
0.1	21.1	411.8	11.9	7.5	491.8
0.1	22.6	431.0	11.8	7.7	491.8
0.0	21.5	325.2	11.8	7.7	491.8
0.3	22.9	425.9	11.8	7.1	491.8
0.6	23.1	327.1	11.7	6.6	491.8
0.5	24.0	221.7	11.7	6.7	491.8
0.3	24.5	115.7	11.7	5.7	491.8
8.9	22.6	276.4	11.6	7.9	491.8
0.3	17.9	126.8	11.6	3.8	491.8
0.0	17.4	434.0	11.6	6.4	491.8
0.0	17.1	428.7	11.6	6.5	491.8
0.0	19.2	413.7	11.5	6.7	491.8
0.1	19.5	159.1	11.5	6.3	491.8
0.0	15.7	315.7	11.5	5.7	491.8
0.0	15.8	431.0	11.4	5.8	491.8
0.0	15.8	420.6	11.4	7.0	491.8
0.0	17.3	420.5	11.4	7.1	491.8
0.0	17.5	329.5	11.3	7.6	491.8
0.0	18.8	414.4	11.3	7.5	491.8
0.0	16.1	394.6	11.3	6.1	491.8
0.1	18.7	352.4	11.3	6.4	491.8
0.2	18.1	89.4	11.2	5.5	491.8
0.0	19.7	368.6	11.2	7.2	491.8
0.0	16.7	312.5	11.2	6.6	491.8
0.0	12.2	384.9	11.1	5.5	491.8
0.0	11.8	334.9	11.1	5.6	491.8
0.0	13.5	386.1	11.1	6.6	491.8
0.0	15.1	382.4	11.1	6.9	491.8
0.0	14.9	360.6	11.0	6.3	491.8
0.0	15.1	374.8	11.0	6.1	491.8
0.0	17.0	340.9	11.0	6.1	493.4
0.0	11.3	261.0	11.0	5.0	493.4
0.0	11.0	378.7	10.9	5.6	493.4
0.0	12.8	370.8	10.9	6.0	493.4
0.0	13.9	359.5	10.9	6.2	493.4
0.0	15.0	354.3	10.9	6.3	493.4
0.0	14.7	353.4	10.8	6.0	493.4
0.0	7.5	376.3	10.8	4.2	493.4
0.0	9.4	362.0	10.8	5.1	493.4
0.0	10.7	356.7	10.8	5.1	493.4
0.0	12.1	341.9	10.7	4.8	493.4
0.0	13.2	218.8	10.7	4.0	493.4
0.0	12.1	126.9	10.7	3.2	493.4
0.0	11.7	331.8	10.7	4.9	493.4
0.0	11.5	337.3	10.6	4.9	493.4
0.0	11.6	337.4	10.6	5.1	493.4
0.0	11.9	329.8	10.6	5.1	493.4
0.0	12.9	328.8	10.6	5.2	493.4
0.3	15.8	318.8	10.6	5.4	493.4
0.3	17.1	225.5	10.5	4.5	493.4
0.0	12.6	315.7	10.5	5.1	493.4
0.0	13.0	325.6	10.5	5.2	493.4
0.0	14.7	322.6	10.5	5.5	493.4
0.0	16.6	311.3	10.5	5.5	493.4
0.0	18.0	303.8	10.4	5.4	493.4
0.0	19.4	300.6	10.4	5.5	493.4
0.6	20.4	272.5	10.4	5.5	493.4
12.3	12.4	36.2	10.4	4.9	493.4
0.1	4.6	95.7	10.4	1.8	493.4
0.0	5.3	232.0	10.4	2.5	493.4
0.0	6.5	235.8	10.3	3.0	495.6
0.2	9.1	271.8	10.3	3.6	495.6
0.0	8.2	249.8	10.3	3.6	495.6
0.4	5.8	279.8	10.3	2.5	495.6
0.0	4.3	193.7	10.3	3.0	495.6
0.0	3.1	212.8	10.3	3.1	495.6
0.0	0.9	304.8	10.3	2.1	495.6
0.0	2.6	244.5	10.3	2.8	495.6
0.0	3.5	292.2	10.2	3.3	495.6
0.0	3.2	110.9	10.2	3.0	495.6
0.0	2.7	295.4	10.2	3.2	495.6
0.0	2.8	299.0	10.2	3.0	495.6
0.0	5.2	248.2	10.2	3.6	495.6
0.0	9.0	282.1	10.2	4.5	495.6
0.0	8.0	108.7	10.2	4.0	495.6
0.0	8.9	289.1	10.2	4.1	495.6
2.3	14.0	274.0	10.2	4.9	495.6
1.6	5.1	52.4	10.2	3.9	495.6
1.7	0.1	190.0	10.2	1.9	495.6
3.5	-3.7	42.3	10.2	1.0	495.6
0.0	-2.1	294.0	10.2	1.8	495.6
0.0	-1.7	293.6	10.2	1.6	495.6
0.0	-2.7	232.7	10.2	1.8	495.6
0.0	-3.8	293.1	10.2	1.8	495.6
0.0	-3.9	301.5	10.2	1.8	495.6
0.0	-4.0	302.5	10.2	2.0	495.6
0.3	2.0	221.9	10.2	2.6	495.6
8.7	3.0	38.7	10.2	2.6	495.6
0.3	-2.8	172.3	10.2	1.6	495.6
0.0	-1.9	306.6	10.2	2.0	495.6
0.0	2.2	242.9	10.2	2.7	495.6
0.0	4.8	204.3	10.2	3.1	498.0
0.0	5.0	238.9	10.2	2.8	498.0
0.0	4.6	179.1	10.2	2.9	498.0
0.0	-1.5	170.1	10.2	2.1	498.0
0.0	1.0	306.2	10.3	3.1	498.0
0.0	4.0	302.8	10.3	3.9	498.0
0.0	7.4	300.4	10.3	4.4	498.0
0.0	9.3	284.9	10.3	4.7	498.0
20.4	9.5	145.3	10.3	3.5	498.0
1.4	7.6	63.1	10.3	2.3	498.0
0.3	6.1	175.4	10.3	3.1	498.0
0.5	8.9	271.2	10.3	4.1	498.0
0.8	6.7	151.9	10.4	3.5	498.0
0.0	7.7	306.6	10.4	4.1	498.0
0.0	8.4	315.6	10.4	3.9	498.0
0.0	11.6	308.3	10.4	4.6	498.0
0.0	8.9	320.1	10.4	4.0	498.0
0.0	9.1	313.2	10.4	4.8	498.0
0.0	7.7	314.5	10.5	4.3	498.0
4.6	2.9	94.1	10.5	3.1	498.0
0.1	-3.6	304.7	10.5	2.0	498.0
0.0	-1.2	286.5	10.5	2.2	498.0
0.0	-1.9	343.5	10.5	2.6	498.0
0.0	1.0	345.8	10.6	3.2	498.0
0.0	6.1	207.1	10.6	3.6	498.0
0.0	12.8	325.6	10.6	5.9	498.0
0.8	16.6	180.0	10.6	5.0	498.0
21.8	9.4	54.7	10.6	5.1	498.0
0.0	5.5	347.7	10.7	3.2	498.0
0.1	4.3	181.0	10.7	4.5	498.0
0.0	-5.3	356.1	10.7	1.6	498.0
0.4	0.3	356.7	10.7	3.0	499.3
0.8	1.8	72.7	10.8	2.0	499.3
0.0	6.2	363.1	10.8	4.0	499.3
1.2	9.3	317.0	10.8	4.6	499.3
0.1	2.8	175.5	10.8	3.3	499.3
0.0	3.2	176.3	10.9	2.4	499.3
0.0	3.5	382.8	10.9	3.8	499.3
0.0	6.7	391.6	10.9	5.1	499.3
0.0	9.9	389.3	10.9	6.0	499.3
0.0	15.3	386.1	11.0	6.7	499.3
0.3	17.6	338.4	11.0	6.7	499.3
1.9	14.3	298.1	11.0	6.2	499.3
10.0	5.1	62.4	11.1	4.3	499.3
0.7	-2.4	223.7	11.1	2.1	499.3
0.0	-1.1	411.8	11.1	3.0	499.3
0.0	4.5	413.9	11.1	4.8	499.3
0.0	7.3	317.3	11.2	5.4	499.3
7.0	9.3	142.1	11.2	4.1	499.3
3.4	10.9	67.4	11.2	3.5	499.3
0.0	16.2	213.2	11.3	6.9	499.3
0.9	18.2	382.5	11.3	7.9	499.3
0.9	9.6	332.3	11.3	4.0	499.3
0.1	14.9	230.1	11.3	6.2	499.3
0.8	17.6	178.3	11.4	6.2	499.3
1.2	18.0	241.1	11.4	7.7	499.3
19.2	10.2	56.5	11.4	6.0	499.3
13.9	4.8	77.8	11.5	2.1	499.3
0.7	5.9	280.9	11.5	3.0	499.3
1.3	10.4	121.4	11.5	4.6	499.7
0.2	17.4	363.7	11.6	7.0	499.7
0.4	20.1	422.5	11.6	6.5	499.7
2.5	19.8	257.3	11.6	8.0	499.7
11.7	9.8	55.3	11.6	4.4	499.7
9.5	7.8	118.7	11.7	3.3	499.7
38.9	5.1	39.1	11.7	2.8	499.7
2.3	3.5	71.9	11.7	1.3	499.7
10.7	5.0	79.4	11.8	2.4	499.7
7.6	3.6	55.5	11.8	1.7	499.7
0.6	4.1	210.9	11.8	3.4	499.7
0.7	4.2	336.0	11.9	3.1	499.7
0.4	4.9	168.1	11.9	4.1	499.7
0.0	9.3	430.6	11.9	5.7	499.7
0.7	14.7	243.2	11.9	6.6	499.7
35.2	14.6	131.8	12.0	8.3	499.7
11.0	4.4	39.5	12.0	2.2	499.7
14.5	6.6	68.4	12.0	3.2	499.7
13.7	5.7	28.7	12.1	1.8	499.7
4.0	3.4	32.4	12.1	3.6	499.7
0.1	5.1	243.5	12.1	4.4	499.7
1.4	14.7	293.9	12.2	7.4	499.7
7.5	13.9	91.0	12.2	5.2	499.7
0.2	18.8	299.9	12.2	8.8	499.7
0.1	21.3	493.7	12.3	7.7	499.7
4.0	17.1	314.1	12.3	11.1	499.7
2.5	6.7	56.2	12.3	3.7	499.7
27.6	8.7	179.6	12.3	5.0	499.7
23.6	7.3	52.9	12.4	2.6	499.7
56.2	6.9	33.7	12.4	3.2	499.7
54.3	5.2	38.8	12.4	2.1	499.7
27.1	4.4	44.8	12.5	2.0	500.1
14.6	7.9	60.5	12.5	5.3	500.1
0.6	20.0	475.3	12.5	10.1	500.1
6.4	11.1	87.8	12.6	7.1	500.1
0.4	10.1	364.8	12.6	5.2	500.1
0.3	18.0	365.9	12.6	9.7	500.1
0.7	20.9	322.6	12.6	8.7	500.1
2.3	13.0	57.2	12.7	6.0	500.1
0.0	17.1	430.5	12.7	7.6	500.1
1.2	20.8	545.7	12.7	12.1	500.1
0.0	15.6	548.5	12.8	7.3	500.1
15.4	16.7	243.8	12.8	7.8	500.1
0.0	21.9	360.2	12.8	9.8	500.1
0.1	24.6	526.6	12.9	9.9	500.1
2.7	25.2	534.8	12.9	10.3	500.1
0.0	26.0	495.6	12.9	10.9	500.1
0.0	24.0	328.4	12.9	8.1	500.1
2.4	23.8	376.4	13.0	11.5	500.1
48.7	13.6	60.4	13.0	6.9	500.1
45.1	11.4	68.3	13.0	3.3	500.1
15.5	13.5	96.9	13.1	3.9	500.1
7.6	16.4	83.2	13.1	8.7	500.1
0.0	23.6	468.4	13.1	9.2	500.1
10.3	21.9	458.0	13.1	12.0	500.1
27.6	13.5	63.8	13.2	4.2	500.1
22.1	11.9	30.2	13.2	5.1	500.1
35.2	10.6	51.6	13.2	3.6	500.1
8.2	11.2	81.0	13.2	2.9	500.1
0.0	12.3	342.9	13.3	6.2	500.1
3.2	13.3	170.4	13.3	4.3	500.1
2.7	16.9	134.6	13.3	6.0	500.5
3.6	20.5	150.0	13.3	7.2	500.5
2.9	23.8	385.2	13.4	10.0	500.5
15.1	22.8	466.9	13.4	11.5	500.5
0.1	19.3	571.7	13.4	9.0	500.5
0.0	20.0	411.5	13.4	8.3	500.5
8.3	16.2	130.2	13.5	6.7	500.5
6.8	15.4	70.9	13.5	6.0	500.5
19.5	21.0	486.6	13.5	9.7	500.5
11.3	21.9	302.4	13.5	8.3	500.5
16.9	22.2	320.2	13.6	8.0	500.5
0.6	21.7	442.1	13.6	9.4	500.5
0.1	20.8	392.7	13.6	8.0	500.5
0.1	22.1	553.6	13.6	10.2	500.5
0.9	21.8	539.7	13.7	9.5	500.5
23.8	20.8	73.0	13.7	6.5	500.5
2.2	19.0	72.2	13.7	8.6	500.5
0.0	18.2	574.5	13.7	8.7	500.5
0.0	18.2	578.2	13.7	9.5	500.5
6.7	19.9	401.0	13.8	8.8	500.5
12.5	18.7	27.3	13.8	3.9	500.5
1.3	17.6	238.5	13.8	7.6	500.5
0.1	21.2	616.7	13.8	10.3	500.5
0.2	21.4	382.1	13.8	10.8	500.5
0.1	20.5	426.8	13.8	9.6	500.5
0.0	22.1	606.5	13.9	10.5	500.5
0.0	24.1	315.4	13.9	9.8	500.5
16.6	23.9	353.4	13.9	10.0	500.5
34.4	23.3	230.3	13.9	7.1	500.5
13.6	23.2	95.6	13.9	3.6	500.5
0.3	24.3	449.3	13.9	11.4	500.5
0.0	20.8	650.4	13.9	11.1	499.3
0.0	21.3	658.9	14.0	8.9	499.3
10.6	23.5	482.3	14.0	9.6	499.3
0.1	22.8	343.6	14.0	10.2	499.3
0.2	22.2	559.5	14.0	10.2	499.3
0.0	21.1	648.5	14.0	11.5	499.3
0.0	23.1	639.9	14.0	10.5	499.3
0.0	22.1	475.7	14.0	10.8	499.3
0.3	18.9	330.9	14.0	8.2	499.3
0.2	23.2	635.0	14.0	11.0	499.3
2.0	24.5	611.1	14.0	12.4	499.3
0.4	24.5	632.7	14.1	11.8	499.3
0.0	26.2	627.0	14.1	12.0	499.3
1.2	23.9	294.3	14.1	11.4	499.3
0.0	24.6	442.0	14.1	10.5	499.3
0.2	26.5	591.7	14.1	10.6	499.3
1.0	25.1	161.8	14.1	8.2	499.3
0.6	24.0	143.3	14.1	8.3	499.3
0.2	24.2	526.7	14.1	9.5	499.3
0.0	24.6	575.1	14.1	11.1	499.3
0.0	25.5	646.0	14.1	10.7	499.3
0.1	25.1	278.5	14.1	8.8	499.3
0.3	26.9	573.3	14.1	10.6	499.3
9.7	26.2	456.0	14.1	11.0	499.3
3.2	25.1	165.8	14.1	7.6	499.3
3.6	24.7	610.8	14.1	10.1	499.3
0.4	23.5	386.3	14.1	7.7	499.3
0.0	25.3	198.4	14.1	7.3	499.3
9.2	24.9	111.1	14.1	7.8	499.3
0.1	26.9	480.0	14.1	10.8	499.3
0.1	28.4	550.9	14.1	11.1	496.2
0.1	26.8	142.9	14.0	8.9	496.2
1.1	26.3	231.7	14.0	8.4	496.2
49.3	25.4	90.5	14.0	5.9	496.2
3.5	25.4	123.2	14.0	6.0	496.2
10.4	26.9	317.6	14.0	10.1	496.2
22.7	24.5	94.3	14.0	6.4	496.2
3.1	26.3	560.5	14.0	10.5	496.2
3.9	26.7	542.4	14.0	12.2	496.2
0.2	28.1	616.3	14.0	11.3	496.2
3.8	28.1	615.2	14.0	11.4	496.2
5.3	27.8	468.6	13.9	9.6	496.2
22.0	26.7	232.9	13.9	7.4	496.2
24.5	26.8	286.9	13.9	7.9	496.2
12.3	27.7	524.9	13.9	10.7	496.2
17.3	26.1	238.2	13.9	8.2	496.2
14.8	27.4	541.2	13.9	9.8	496.2
15.6	27.5	551.7	13.9	10.5	496.2
4.9	28.1	599.4	13.8	11.6	496.2
11.1	27.7	519.1	13.8	10.2	496.2
12.9	27.7	448.9	13.8	9.5	496.2
12.4	27.9	535.3	13.8	10.1	496.2
10.5	27.9	564.8	13.8	10.0	496.2
9.7	28.0	554.7	13.8	10.2	496.2
9.6	27.7	421.4	13.7	9.6	496.2
12.3	27.2	423.5	13.7	9.1	496.2
11.5	26.9	528.0	13.7	9.2	496.2
0.0	27.0	559.1	13.7	10.1	496.2
5.6	27.0	513.0	13.7	9.9	496.2
11.3	26.7	400.3	13.6	9.8	496.2
12.7	26.8	275.8	13.6	8.3	496.2
21.9	27.0	482.1	13.6	8.9	494.1
27.1	26.4	410.0	13.6	8.6	494.1
20.0	26.2	192.5	13.5	7.2	494.1
26.7	26.3	324.4	13.5	8.0	494.1
14.6	26.2	243.1	13.5	8.2	494.1
6.3	26.3	192.4	13.5	7.6	494.1
4.8	26.4	455.6	13.5	9.2	494.1
0.2	26.8	510.5	13.4	9.6	494.1
0.0	26.5	406.3	13.4	9.1	494.1
0.0	26.9	569.9	13.4	10.3	494.1
0.0	27.0	598.2	13.4	9.9	494.1
0.0	26.8	497.9	13.3	10.1	494.1
0.2	27.4	582.2	13.3	10.9	494.1
0.2	26.6	463.9	13.3	9.2	494.1
0.0	25.8	586.4	13.3	10.6	494.1
0.0	26.8	592.7	13.2	11.0	494.1
0.0	28.6	559.3	13.2	10.3	494.1
11.0	24.6	95.3	13.2	5.8	494.1
1.1	24.3	98.5	13.1	5.6	494.1
26.6	26.4	464.1	13.1	9.6	494.1
18.0	26.2	453.4	13.1	9.2	494.1
3.8	26.6	337.0	13.1	8.6	494.1
20.7	25.6	266.1	13.0	9.3	494.1
2.3	23.6	192.1	13.0	7.2	494.1
0.4	22.9	351.9	13.0	7.9	494.1
0.3	23.1	370.4	13.0	8.1	494.1
0.1	23.6	433.4	12.9	9.2	494.1
0.0	23.6	554.3	12.9	9.8	494.1
0.0	24.6	560.0	12.9	10.3	494.1
0.0	26.3	540.9	12.8	10.6	494.1
0.0	27.4	449.8	12.8	10.1	494.1
0.2	28.1	500.8	12.8	10.5	494.4
11.6	26.8	453.3	12.8	10.5	494.4
20.7	25.9	291.5	12.7	8.0	494.4
9.1	24.1	101.7	12.7	6.4	494.4
0.6	23.5	114.7	12.7	5.7	494.4
0.3	24.1	416.6	12.6	7.6	494.4
0.0	22.6	311.1	12.6	8.1	494.4
0.2	23.2	505.7	12.6	8.3	494.4
0.9	23.6	423.4	12.5	7.6	494.4
0.2	22.6	310.4	12.5	7.6	494.4
0.1	22.6	274.6	12.5	6.4	494.4
0.4	23.6	432.7	12.5	8.9	494.4
0.0	24.1	515.4	12.4	9.6	494.4
0.0	24.8	510.6	12.4	10.1	494.4
0.0	25.3	506.0	12.4	10.3	494.4
0.0	26.8	478.4	12.3	10.1	494.4
0.0	24.8	457.5	12.3	9.9	494.4
0.0	24.3	441.2	12.3	10.1	494.4
0.0	20.9	494.8	12.3	9.9	494.4
0.0	22.6	498.4	12.2	10.2	494.4
0.0	22.9	502.7	12.2	9.9	494.4
0.0	21.5	498.9	12.2	8.9	494.4
0.0	21.7	497.7	12.1	9.3	494.4
0.0	23.9	460.7	12.1	9.5	494.4
0.0	24.3	490.8	12.1	10.7	494.4
0.0	23.3	496.0	12.0	8.5	494.4
0.0	22.8	482.0	12.0	9.8	494.4
0.0	21.9	474.5	12.0	8.8	494.4
0.0	22.9	467.2	11.9	8.5	494.4
0.0	22.9	465.9	11.9	8.7	494.4
0.0	22.0	462.1	11.9	8.2	495.0
0.0	22.1	451.6	11.9	8.2	495.0
0.0	24.3	448.2	11.8	8.6	495.0
0.0	24.8	436.7	11.8	8.9	495.0
0.0	24.1	446.4	11.8	8.8	495.0
0.0	24.5	440.5	11.7	8.3	495.0
0.0	23.8	415.4	11.7	7.8	495.0
0.0	21.2	347.9	11.7	7.3	495.0
0.0	21.8	432.6	11.6	7.4	495.0
0.0	22.6	289.7	11.6	6.3	495.0
0.0	22.3	160.9	11.6	6.5	495.0
0.0	21.6	330.9	11.6	6.9	495.0
0.0	19.3	251.7	11.5	5.9	495.0
0.0	17.5	430.0	11.5	6.5	495.0
0.0	14.7	435.4	11.5	6.6	495.0
0.0	15.1	432.9	11.4	7.2	495.0
0.0	17.1	426.5	11.4	7.2	495.0
0.0	15.7	421.3	11.4	6.5	495.0
0.0	17.0	412.7	11.4	6.4	495.0
0.0	17.5	349.1	11.3	6.4	495.0
0.0	18.8	401.5	11.3	7.3	495.0
0.0	15.6	399.1	11.3	7.5	495.0
0.0	10.8	420.6	11.2	4.8	495.0
0.0	12.0	418.5	11.2	6.0	495.0
0.0	13.8	405.5	11.2	6.7	495.0
0.0	15.9	388.5	11.2	7.2	495.0
0.0	16.9	383.5	11.1	7.5	495.0
0.0	17.3	395.5	11.1	7.6	495.0
0.0	20.3	380.7	11.1	7.5	495.0
0.0	19.5	359.2	11.0	7.0	495.0
0.0	17.9	269.7	11.0	5.0	495.0
0.0	18.2	298.7	11.0	5.3	496.5
0.0	19.3	183.5	11.0	5.5	496.5
0.6	19.1	191.6	10.9	6.0	496.5
0.0	18.2	237.9	10.9	4.7	496.5
0.0	19.5	264.4	10.9	6.0	496.5
0.0	19.7	325.3	10.9	6.1	496.5
0.0	10.5	365.0	10.8	5.2	496.5
0.0	5.8	375.7	10.8	3.7	496.5
0.0	9.8	356.5	10.8	5.0	496.5
0.0	14.6	333.6	10.8	5.9	496.5
0.0	15.3	173.9	10.7	4.2	496.5
0.0	14.1	281.4	10.7	5.2	496.5
0.0	14.5	337.9	10.7	5.5	496.5
0.0	15.4	331.3	10.7	5.8	496.5
0.0	15.4	322.6	10.6	5.1	496.5
0.0	11.3	239.9	10.6	3.4	496.5
0.0	12.6	276.8	10.6	4.0	496.5
0.0	15.1	183.2	10.6	4.1	496.5
0.0	16.6	220.6	10.6	4.7	496.5
0.0	17.3	303.9	10.5	4.9	496.5
0.0	15.1	123.1	10.5	4.2	496.5
0.0	16.0	271.4	10.5	5.4	496.5
0.0	16.5	304.4	10.5	5.8	496.5
0.0	17.7	309.8	10.5	5.4	496.5
0.3	18.7	274.0	10.4	5.1	496.5
1.9	14.2	88.8	10.4	5.0	496.5
0.3	8.4	82.9	10.4	3.3	496.5
0.0	5.4	322.7	10.4	3.0	496.5
0.0	7.2	311.7	10.4	3.9	496.5
0.0	7.9	308.4	10.4	4.1	496.5
0.0	9.2	304.9	10.3	4.4	498.7
0.0	9.3	308.7	10.3	4.3	498.7
0.0	10.9	298.8	10.3	4.8	498.7
0.0	8.7	299.6	10.3	4.0	498.7
0.0	10.2	298.3	10.3	4.3	498.7
0.0	9.6	301.7	10.3	4.2	498.7
0.0	13.1	175.0	10.3	4.3	498.7
0.0	13.6	159.8	10.3	5.3	498.7
0.0	12.9	293.1	10.2	5.1	498.7
0.0	12.4	284.8	10.2	4.5	498.7
0.0	9.4	211.8	10.2	3.4	498.7
0.4	9.1	182.8	10.2	3.1	498.7
11.7	5.1	19.5	10.2	2.3	498.7
2.0	1.4	27.8	10.2	0.7	498.7
0.0	3.1	62.1	10.2	1.3	498.7
25.9	2.3	27.1	10.2	1.4	498.7
1.5	3.2	19.9	10.2	1.0	498.7
1.2	5.7	99.7	10.2	2.1	498.7
3.9	7.7	16.3	10.2	1.7	498.7
3.8	9.1	69.9	10.2	2.1	498.7
14.5	3.8	27.4	10.2	3.1	498.7
0.6	-2.0	92.1	10.2	1.4	498.7
0.0	-2.2	267.3	10.2	1.9	498.7
16.1	0.9	193.9	10.2	1.7	498.7
5.6	-0.5	20.2	10.2	1.7	498.7
0.0	-4.0	137.9	10.2	1.4	498.7
0.0	-3.5	286.0	10.2	1.9	498.7
0.0	-1.5	218.6	10.2	2.3	498.7
0.0	1.0	294.9	10.2	2.8	498.7
0.0	1.9	188.2	10.2	2.6	498.7
0.0	1.6	275.4	10.2	2.7	498.7
3.0	3.6	106.4	10.2	2.1	501.2
9.7	5.3	56.9	10.2	2.1	501.2
0.8	3.7	102.6	10.2	2.0	501.2
1.4	3.5	66.4	10.2	1.5	501.2
5.7	10.1	50.7	10.3	3.8	501.2
3.5	2.8	57.7	10.3	3.7	501.2
0.2	-2.6	115.1	10.3	1.7	501.2
0.0	-1.4	313.0	10.3	2.2	501.2
0.0	-5.0	312.1	10.3	1.7	501.2
0.0	-6.4	321.7	10.3	1.6	501.2
0.0	-2.1	316.5	10.3	2.5	501.2
0.0	2.5	312.4	10.3	3.5	501.2
0.6	3.7	103.6	10.4	2.5	501.2
0.0	1.6	320.5	10.4	3.1	501.2
0.0	1.7	317.9	10.4	3.3	501.2
0.1	4.3	314.7	10.4	3.7	501.2
0.0	2.9	222.8	10.4	2.9	501.2
0.0	6.0	308.0	10.4	4.0	501.2
0.2	5.6	204.1	10.5	2.9	501.2
0.0	6.2	236.7	10.5	3.1	501.2
4.3	10.7	176.9	10.5	3.9	501.2
23.7	9.3	44.1	10.5	2.8	501.2
8.7	0.6	32.6	10.5	3.1	501.2
0.3	-1.4	294.9	10.6	1.7	501.2
0.0	-0.4	304.5	10.6	2.5	501.2
28.0	0.3	87.7	10.6	1.9	501.2
9.0	-2.1	99.0	10.6	1.4	501.2
10.4	-1.2	72.9	10.6	1.3	501.2
0.7	-0.8	160.6	10.7	1.1	501.2
14.2	-0.7	52.4	10.7	0.9	501.2
0.5	-1.1	164.4	10.7	1.4	501.2
0.4	0.5	284.8	10.7	1.8	502.4
6.9	1.9	34.3	10.8	1.0	502.4
10.5	0.9	26.1	10.8	1.0	502.4
4.8	2.6	125.8	10.8	2.2	502.4
22.1	1.8	56.7	10.8	1.3	502.4
15.8	3.4	44.3	10.9	2.7	502.4
0.6	5.4	175.1	10.9	3.1	502.4
1.9	12.6	56.8	10.9	4.9	502.4
9.7	14.6	61.8	10.9	5.5	502.4
3.2	2.2	32.1	11.0	3.9	502.4
23.8	1.1	75.0	11.0	1.7	502.4
17.7	1.9	29.5	11.0	1.3	502.4
5.0	2.2	38.2	11.1	1.4	502.4
17.5	5.1	16.3	11.1	2.4	502.4
11.3	0.1	26.1	11.1	3.3	502.4
0.1	-1.3	380.3	11.1	2.2	502.4
1.1	-1.0	151.7	11.2	2.1	502.4
39.6	0.8	49.2	11.2	2.8	502.4
34.5	5.9	28.5	11.2	4.4	502.4
2.5	2.0	84.6	11.2	1.7	502.4
14.0	0.5	71.6	11.3	1.3	502.4
8.8	1.2	124.8	11.3	1.9	502.4
0.0	2.2	222.4	11.3	3.1	502.4
17.2	5.0	329.4	11.4	3.7	502.4
11.4	2.7	22.3	11.4	1.5	502.4
1.5	3.4	112.7	11.4	2.3	502.4
28.7	6.8	133.3	11.5	3.5	502.4
18.3	9.6	45.0	11.5	3.8	502.4
30.3	7.3	111.4	11.5	2.6	502.9
45.4	9.8	43.6	11.5	4.3	502.9
3.8	6.1	74.1	11.6	1.5	502.9
1.5	5.6	31.2	11.6	1.9	502.9
4.1	6.4	137.0	11.6	3.0	502.9
22.3	5.9	32.7	11.7	4.1	502.9
1.7	-1.5	141.5	11.7	2.3	502.9
0.0	2.1	477.8	11.7	3.7	502.9
0.0	4.6	473.9	11.8	5.0	502.9
0.0	7.5	442.6	11.8	6.0	502.9
13.0	11.2	249.9	11.8	5.7	502.9
3.2	8.1	36.5	11.8	4.0	502.9
7.3	9.0	324.0	11.9	4.9	502.9
1.0	8.8	173.2	11.9	5.4	502.9
2.8	13.7	351.5	11.9	6.7	502.9
7.8	16.0	95.2	12.0	4.3	502.9
3.1	19.9	365.9	12.0	6.6	502.9
1.1	9.7	88.0	12.0	7.7	502.9
32.6	6.7	147.9	12.1	2.8	502.9
1.7	5.7	119.2	12.1	3.6	502.9
0.0	7.4	514.0	12.1	5.8	502.9
26.3	12.3	271.0	12.2	6.1	502.9
3.7	11.1	33.7	12.2	6.2	502.9
1.2	11.1	350.9	12.2	5.6	502.9
18.2	17.7	281.7	12.2	9.0	502.9
15.2	5.3	69.2	12.3	6.0	502.9
0.0	1.2	374.1	12.3	3.8	502.9
1.1	2.9	343.9	12.3	3.9	502.9
0.2	4.9	389.3	12.4	5.2	502.9
0.1	5.6	259.8	12.4	5.0	502.9
0.0	8.9	229.0	12.4	5.7	502.9
0.0	11.0	397.1	12.5	6.4	503.3
0.0	11.9	410.8	12.5	7.3	503.3
0.0	15.8	556.2	12.5	8.6	503.3
24.2	16.7	202.8	12.5	8.0	503.3
30.4	9.7	80.6	12.6	5.7	503.3
16.7	5.1	90.9	12.6	3.5	503.3
0.0	8.2	553.0	12.6	5.9	503.3
29.0	12.1	184.7	12.7	7.3	503.3
14.9	19.5	117.1	12.7	6.4	503.3
0.7	22.5	399.1	12.7	7.4	503.3
13.4	21.8	479.4	12.8	11.1	503.3
7.3	7.9	40.0	12.8	6.7	503.3
21.7	5.8	48.7	12.8	2.2	503.3
3.7	6.3	92.6	12.8	3.1	503.3
2.8	5.0	136.9	12.9	3.1	503.3
0.0	7.6	570.3	12.9	6.6	503.3
0.0	10.5	588.5	12.9	7.4	503.3
0.0	13.8	595.6	13.0	8.2	503.3
4.0	15.1	355.0	13.0	7.5	503.3
0.2	16.8	524.5	13.0	8.8	503.3
0.0	21.2	575.3	13.0	11.2	503.3
84.1	18.3	284.3	13.1	13.3	503.3
0.2	6.5	166.2	13.1	5.1	503.3
17.6	12.0	192.7	13.1	6.8	503.3
0.7	21.0	319.8	13.2	10.4	503.3
32.7	24.2	448.8	13.2	10.0	503.3
10.7	14.8	116.2	13.2	8.3	503.3
0.9	15.4	185.4	13.2	5.7	503.3
11.3	13.0	91.8	13.3	5.5	503.3
45.3	14.3	67.1	13.3	6.2	503.3
0.2	15.9	395.0	13.3	7.8	503.7
6.5	17.2	127.7	13.3	5.0	503.7
17.6	21.5	95.5	13.4	8.3	503.7
1.0	24.4	325.0	13.4	7.2	503.7
50.9	20.7	266.2	13.4	11.2	503.7
0.0	13.8	614.0	13.4	7.9	503.7
29.5	15.7	259.5	13.5	7.1	503.7
7.6	21.4	239.7	13.5	8.4	503.7
3.4	23.1	244.8	13.5	7.2	503.7
1.6	20.9	302.1	13.5	10.9	503.7
4.3	16.1	449.7	13.6	7.0	503.7
0.3	18.8	172.1	13.6	7.9	503.7
12.7	22.7	449.2	13.6	9.5	503.7
16.8	18.0	129.6	13.6	10.9	503.7
0.2	17.6	545.7	13.6	8.6	503.7
0.1	20.9	588.1	13.7	10.1	503.7
0.0	18.5	624.9	13.7	9.5	503.7
2.1	18.4	290.3	13.7	7.5	503.7
5.2	24.0	538.9	13.7	10.0	503.7
0.3	25.7	365.7	13.7	7.8	503.7
4.6	23.1	278.0	13.8	12.4	503.7
0.1	16.3	463.0	13.8	7.6	503.7
0.6	19.2	527.5	13.8	8.2	503.7
0.0	20.4	634.0	13.8	10.6	503.7
3.2	22.1	514.5	13.8	10.1	503.7
25.2	21.5	80.5	13.9	7.3	503.7
20.7	22.7	80.7	13.9	7.2	503.7
31.5	23.7	245.9	13.9	9.4	503.7
35.9	18.5	54.4	13.9	8.4	503.7
0.0	18.3	290.9	13.9	7.8	503.7
1.6	15.0	135.8	13.9	5.7	503.7
0.8	18.5	557.9	13.9	8.3	502.5
1.0	19.9	455.0	14.0	9.2	502.5
0.2	21.1	523.8	14.0	9.8	502.5
21.6	21.0	124.8	14.0	4.6	502.5
0.2	22.5	419.5	14.0	9.0	502.5
0.2	25.0	452.5	14.0	11.4	502.5
0.4	25.3	496.6	14.0	10.2	502.5
0.3	22.3	266.2	14.0	9.6	502.5
1.2	18.3	96.8	14.0	4.7	502.5
1.9	19.3	104.3	14.0	5.4	502.5
1.0	22.9	336.8	14.0	9.8	502.5
10.4	25.4	277.5	14.1	9.2	502.5
0.2	26.2	522.3	14.1	9.9	502.5
0.0	24.2	603.0	14.1	11.5	502.5
10.8	26.8	531.2	14.1	10.2	502.5
5.3	25.4	159.6	14.1	6.2	502.5
1.3	25.6	426.7	14.1	9.1	502.5
18.1	24.9	128.0	14.1	5.5	502.5
1.0	26.1	318.1	14.1	8.8	502.5
8.4	25.2	194.1	14.1	7.3	502.5
1.0	23.9	162.4	14.1	8.5	502.5
0.5	22.6	393.2	14.1	9.6	502.5
0.0	21.9	503.3	14.1	10.1	502.5
0.0	22.7	533.3	14.1	10.8	502.5
0.0	24.0	619.6	14.1	10.2	502.5
0.0	24.8	523.0	14.1	9.8	502.5
1.0	24.2	182.9	14.1	7.4	502.5
45.5	23.2	43.4	14.1	4.7	502.5
6.4	22.6	131.0	14.1	6.8	502.5
0.1	22.5	153.0	14.1	6.1	502.5
0.6	23.4	201.5	14.1	8.0	499.4
14.8	22.8	106.6	14.0	6.0	499.4
9.6	21.6	42.1	14.0	3.6	499.4
5.7	23.3	70.8	14.0	5.6	499.4
37.2	24.7	280.3	14.0	8.3	499.4
21.3	21.2	36.1	14.0	6.3	499.4
0.8	22.8	193.6	14.0	8.5	499.4
6.7	26.1	491.3	14.0	10.1	499.4
11.5	26.7	401.1	14.0	8.9	499.4
8.7	27.0	334.7	14.0	8.9	499.4
25.8	27.4	476.9	14.0	10.3	499.4
21.9	27.3	508.0	14.0	9.9	499.4
10.8	27.1	460.2	13.9	9.0	499.4
6.0	26.6	454.5	13.9	9.4	499.4
20.2	25.1	320.1	13.9	8.1	499.4
1.7	24.6	67.5	13.9	4.3	499.4
4.4	26.0	302.4	13.9	7.6	499.4
16.4	26.4	401.2	13.9	9.3	499.4
19.8	26.5	371.5	13.8	8.7	499.4
18.2	26.7	342.4	13.8	8.9	499.4
20.6	27.0	433.9	13.8	9.0	499.4
20.3	27.3	318.7	13.8	9.0	499.4
28.5	27.4	424.2	13.8	9.2	499.4
12.9	27.1	426.2	13.8	9.2	499.4
9.3	26.3	297.0	13.7	7.2	499.4
0.7	26.9	462.4	13.7	9.1	499.4
19.7	26.7	331.2	13.7	8.7	499.4
12.5	26.1	388.6	13.7	9.4	499.4
17.4	26.5	400.6	13.7	8.6	499.4
10.8	25.7	292.5	13.6	9.0	499.4
6.8	25.8	512.4	13.6	9.2	499.4
0.3	24.9	303.7	13.6	8.4	497.2
0.5	24.9	412.8	13.6	9.2	497.2
1.7	25.6	404.9	13.6	9.1	497.2
11.4	25.2	391.7	13.5	9.8	497.2
1.9	26.2	571.8	13.5	10.9	497.2
24.7	26.6	517.8	13.5	9.6	497.2
20.6	24.6	30.1	13.5	4.5	497.2
1.3	25.0	84.4	13.4	5.6	497.2
1.8	24.3	108.2	13.4	5.7	497.2
1.1	24.3	274.8	13.4	7.6	497.2
0.9	22.7	223.8	13.4	7.2	497.2
0.5	23.9	428.8	13.3	8.3	497.2
25.2	22.6	99.7	13.3	5.8	497.2
16.9	21.5	25.7	13.3	1.9	497.2
2.2	22.9	108.9	13.3	5.6	497.2
19.1	24.8	314.1	13.2	7.7	497.2
19.4	25.3	379.4	13.2	9.7	497.2
16.8	26.0	450.8	13.2	8.4	497.2
4.7	26.5	352.0	13.2	8.8	497.2
10.4	25.7	415.5	13.1	10.3	497.2
3.0	26.9	542.0	13.1	10.0	497.2
1.3	27.4	534.5	13.1	10.2	497.2
15.4	26.9	464.1	13.0	9.1	497.2
27.5	25.6	367.5	13.0	7.3	497.2
23.7	25.1	330.3	13.0	7.6	497.2
14.7	25.5	328.7	13.0	8.9	497.2
13.0	24.9	294.9	12.9	7.6	497.2
0.2	24.8	309.1	12.9	8.3	497.2
0.6	23.2	366.8	12.9	8.6	497.2
1.1	22.0	184.9	12.8	6.2	497.2
2.5	21.7	53.3	12.8	3.4	497.2
3.3	22.1	28.7	12.8	4.1	497.6
0.7	23.0	42.6	12.8	3.8	497.6
1.1	23.6	207.3	12.7	6.6	497.6
1.7	24.3	212.5	12.7	6.6	497.6
0.0	24.5	472.4	12.7	8.5	497.6
0.0	24.3	483.7	12.6	9.5	497.6
0.0	24.2	526.2	12.6	9.7	497.6
0.0	24.7	514.6	12.6	10.2	497.6
0.0	25.5	520.8	12.6	10.1	497.6
0.0	26.9	519.8	12.5	10.1	497.6
0.0	28.2	436.8	12.5	9.5	497.6
5.7	26.8	241.6	12.5	8.9	497.6
12.2	26.0	339.1	12.4	8.9	497.6
8.7	26.6	479.7	12.4	8.5	497.6
22.6	24.6	381.9	12.4	8.2	497.6
1.5	22.7	278.2	12.3	6.7	497.6
0.6	22.5	159.3	12.3	6.6	497.6
6.9	23.8	257.6	12.3	6.9	497.6
0.0	21.9	96.7	12.3	6.7	497.6
0.0	19.9	350.2	12.2	7.2	497.6
0.0	19.2	393.9	12.2	8.2	497.6
0.0	20.0	503.5	12.2	8.5	497.6
0.0	21.4	484.0	12.1	7.6	497.6
0.0	22.0	487.3	12.1	8.3	497.6
0.0	20.5	497.8	12.1	8.6	497.6
0.0	20.5	497.9	12.0	8.6	497.6
3.0	21.3	79.9	12.0	5.3	497.6
0.9	20.6	44.8	12.0	4.2	497.6
0.1	22.8	418.4	12.0	7.4	497.6
0.4	20.9	65.3	11.9	6.5	497.6
0.0	20.3	377.8	11.9	6.0	498.1
0.0	19.4	461.1	11.9	7.2	498.1
0.0	19.5	454.7	11.8	7.0	498.1
0.0	18.2	468.3	11.8	7.5	498.1
0.0	19.5	466.1	11.8	8.6	498.1
0.0	19.1	464.0	11.7	8.3	498.1
0.0	18.9	457.6	11.7	8.3	498.1
0.0	18.2	461.0	11.7	8.1	498.1
0.0	19.3	449.8	11.7	7.7	498.1
0.3	21.7	413.6	11.6	7.9	498.1
0.0	22.8	427.9	11.6	7.9	498.1
0.0	23.2	420.3	11.6	7.8	498.1
0.0	23.6	418.0	11.5	8.3	498.1
0.0	22.9	424.3	11.5	8.4	498.1
0.0	22.7	421.0	11.5	8.7	498.1
0.0	20.9	424.4	11.4	8.1	498.1
0.3	18.7	176.6	11.4	5.5	498.1
0.0	18.6	406.1	11.4	6.9	498.1
0.0	18.9	411.6	11.4	7.2	498.1
0.0	20.5	399.2	11.3	7.2	498.1
0.0	22.4	373.6	11.3	7.5	498.1
0.0	23.9	376.6	11.3	7.4	498.1
1.1	23.8	210.0	11.2	7.3	498.1
2.2	16.2	25.3	11.2	3.8	498.1
1.9	14.8	42.6	11.2	3.2	498.1
0.0	15.3	386.1	11.2	5.7	498.1
0.0	13.1	396.5	11.1	5.7	498.1
0.0	15.6	332.2	11.1	5.6	498.1
0.0	16.9	263.2	11.1	5.8	498.1
0.0	18.9	350.4	11.1	6.5	498.1
0.0	20.8	325.1	11.0	6.7	498.1
0.0	22.3	359.8	11.0	7.0	499.7
22.8	22.1	324.9	11.0	8.4	499.7
0.0	9.3	264.0	10.9	4.9	499.7
0.0	9.6	349.9	10.9	3.8	499.7
0.0	12.6	262.3	10.9	4.8	499.7
0.3	15.2	339.1	10.9	5.2	499.7
0.2	14.3	221.1	10.8	4.1	499.7
0.0	13.5	303.8	10.8	4.6	499.7
0.0	12.6	340.7	10.8	5.2	499.7
0.0	13.3	332.5	10.8	5.3	499.7
0.0	15.5	345.3	10.7	5.9	499.7
0.0	16.4	324.2	10.7	5.8	499.7
0.3	17.1	302.7	10.7	5.8	499.7
0.9	14.0	71.3	10.7	3.9	499.7
0.0	12.0	333.9	10.6	4.4	499.7
0.0	12.3	313.4	10.6	4.7	499.7
0.0	14.6	319.9	10.6	5.2	499.7
0.0	15.8	231.6	10.6	5.4	499.7
0.8	16.8	95.9	10.6	4.6	499.7
0.1	15.9	95.7	10.5	3.3	499.7
6.2	19.1	280.6	10.5	5.7	499.7
4.8	12.0	47.5	10.5	3.0	499.7
0.8	10.8	111.3	10.5	2.7	499.7
0.1	9.6	303.7	10.5	3.8	499.7
0.1	6.9	117.1	10.4	2.3	499.7
0.0	8.7	220.1	10.4	3.7	499.7
0.0	5.3	322.1	10.4	3.0	499.7
0.0	7.6	254.3	10.4	3.7	499.7
0.0	10.3	178.7	10.4	4.0	499.7
0.0	11.3	304.5	10.4	4.7	499.7
0.0	13.4	295.8	10.3	5.1	501.9
0.4	12.7	59.1	10.3	3.5	501.9
0.0	11.4	299.4	10.3	4.3	501.9
3.2	12.3	280.5	10.3	3.7	501.9
4.1	7.7	20.9	10.3	3.4	501.9
0.0	-0.3	293.5	10.3	2.2	501.9
0.0	0.9	308.2	10.3	2.7	501.9
0.0	5.5	146.5	10.3	2.8	501.9
5.3	7.7	97.8	10.2	2.3	501.9
23.6	7.9	42.2	10.2	1.4	501.9
54.3	10.6	18.9	10.2	2.0	501.9
2.3	8.0	32.1	10.2	2.2	501.9
0.9	7.5	76.7	10.2	1.7	501.9
0.5	6.7	156.1	10.2	2.9	501.9
0.0	5.8	291.1	10.2	3.2	501.9
0.0	2.3	295.6	10.2	2.3	501.9
0.0	4.2	294.2	10.2	2.7	501.9
0.0	6.8	290.4	10.2	3.8	501.9
0.2	7.8	290.9	10.2	4.4	501.9
0.0	-1.2	298.6	10.2	2.1	501.9
0.0	-3.4	301.5	10.2	1.9	501.9
0.0	1.9	292.5	10.2	2.8	501.9
9.1	5.8	83.4	10.2	2.4	501.9
1.4	10.7	89.9	10.2	2.8	501.9
0.2	12.7	271.9	10.2	4.4	501.9
6.2	10.7	71.9	10.2	3.1	501.9
0.4	6.5	122.3	10.2	3.3	501.9
0.1	8.0	221.8	10.2	3.6	501.9
0.1	11.3	157.9	10.2	4.0	501.9
0.0	7.4	296.6	10.2	3.1	501.9
0.0	4.6	295.9	10.2	2.7	501.9
0.0	8.0	290.8	10.2	4.2	504.3
0.0	11.2	292.2	10.2	4.8	504.3
0.0	3.7	302.6	10.2	3.0	504.3
0.0	2.9	303.1	10.2	2.9	504.3
0.0	5.4	299.5	10.3	3.7	504.3
0.0	3.4	305.7	10.3	3.1	504.3
0.0	3.2	309.0	10.3	2.8	504.3
0.0	5.1	306.3	10.3	3.6	504.3
0.0	7.7	307.1	10.3	4.4	504.3
0.0	10.8	308.4	10.3	5.2	504.3
0.0	12.6	229.9	10.3	5.3	504.3
0.0	10.5	317.7	10.3	4.5	504.3
0.0	12.7	310.2	10.4	5.6	504.3
0.0	12.3	312.4	10.4	5.9	504.3
0.0	3.7	329.3	10.4	3.3	504.3
0.0	0.6	330.5	10.4	2.7	504.3
0.0	5.2	331.1	10.4	4.4	504.3
0.0	8.6	331.6	10.4	5.4	504.3
0.0	10.1	335.8	10.5	6.0	504.3
0.0	11.5	336.7	10.5	5.9	504.3
0.0	9.7	327.9	10.5	5.0	504.3
0.0	11.4	283.0	10.5	4.8	504.3
0.0	15.4	306.6	10.5	5.9	504.3
1.0	17.3	239.7	10.6	5.6	504.3
2.5	13.9	229.5	10.6	6.8	504.3
5.3	0.5	32.6	10.6	2.0	504.3
0.0	0.8	149.6	10.6	1.7	504.3
0.0	1.5	288.3	10.6	2.8	504.3
0.0	1.1	354.7	10.7	2.5	504.3
0.0	1.0	361.2	10.7	3.0	504.3
0.0	4.5	365.7	10.7	4.2	504.3
0.0	5.6	169.8	10.7	4.0	505.6
0.0	5.3	362.1	10.8	3.9	505.6
0.0	2.5	178.4	10.8	3.1	505.6
0.0	4.2	381.3	10.8	3.5	505.6
0.0	10.2	370.8	10.8	5.5	505.6
0.0	9.3	148.8	10.9	4.9	505.6
0.0	11.2	372.1	10.9	5.7	505.6
0.0	13.6	363.1	10.9	5.7	505.6
5.5	13.8	173.3	10.9	4.7	505.6
0.7	2.3	114.5	11.0	4.5	505.6
0.0	0.8	400.2	11.0	3.0	505.6
0.0	5.4	382.9	11.0	4.1	505.6
0.0	7.8	391.3	11.0	4.8	505.6
0.0	7.9	246.2	11.1	6.1	505.6
0.0	1.6	416.6	11.1	3.3	505.6
0.0	4.7	393.6	11.1	4.4	505.6
0.2	5.7	147.1	11.2	3.8	505.6
0.0	8.8	412.1	11.2	5.7	505.6
0.0	7.6	418.5	11.2	5.0	505.6
0.0	7.5	315.5	11.2	4.2	505.6
4.8	9.3	177.1	11.3	4.0	505.6
0.3	9.1	228.4	11.3	5.3	505.6
0.0	8.9	429.9	11.3	5.5	505.6
0.0	11.9	270.0	11.4	5.9	505.6
0.6	16.1	370.9	11.4	7.3	505.6
2.6	19.4	348.5	11.4	8.1	505.6
11.6	5.3	28.0	11.4	6.7	505.6
0.0	1.2	391.5	11.5	3.5	505.6
14.4	7.0	432.8	11.5	4.8	505.6
33.6	12.3	40.9	11.5	4.3	506.1
24.3	14.1	47.2	11.6	4.2	506.1
32.1	10.1	37.2	11.6	4.0	506.1
21.1	8.5	41.5	11.6	2.8	506.1
0.8	6.9	92.6	11.7	2.3	506.1
11.8	6.3	89.7	11.7	2.8	506.1
16.0	4.7	21.0	11.7	3.3	506.1
2.6	1.4	34.7	11.7	1.2	506.1
0.1	3.0	269.1	11.8	3.9	506.1
1.4	5.1	59.5	11.8	3.3	506.1
15.9	9.8	35.5	11.8	4.1	506.1
33.1	8.5	41.3	11.9	4.2	506.1
18.4	0.4	50.1	11.9	4.1	506.1
0.0	1.4	501.6	11.9	3.6	506.1
1.9	7.2	450.6	12.0	5.3	506.1
18.3	9.2	54.9	12.0	3.7	506.1
22.7	9.9	44.4	12.0	3.3	506.1
0.3	11.1	404.4	12.1	5.4	506.1
3.9	12.1	340.6	12.1	5.1	506.1
6.0	8.2	36.2	12.1	4.8	506.1
19.9	7.0	110.3	12.1	3.4	506.1
17.2	8.6	25.2	12.2	2.8	506.1
6.7	10.1	52.6	12.2	3.2	506.1
10.7	7.8	80.6	12.2	3.7	506.1
15.9	7.2	47.7	12.3	3.0	506.1
3.0	9.3	54.9	12.3	2.6	506.1
6.3	9.7	85.0	12.3	2.7	506.1
2.5	9.3	53.4	12.4	2.3	506.1
0.7	11.6	192.4	12.4	5.4	506.1
0.2	14.2	403.9	12.4	7.1	506.1
1.4	15.2	302.4	12.5	7.1	506.1
0.0	15.8	492.4	12.5	6.5	506.5
12.9	21.3	228.4	12.5	7.3	506.5
44.7	16.4	133.8	12.5	9.4	506.5
3.8	7.7	78.6	12.6	4.3	506.5
0.6	10.1	227.7	12.6	5.2	506.5
52.0	9.1	75.4	12.6	3.1	506.5
6.5	9.2	166.0	12.7	4.5	506.5
0.1	11.6	552.1	12.7	7.7	506.5
0.0	13.9	519.3	12.7	8.5	506.5
1.1	9.4	356.9	12.8	8.3	506.5
0.0	9.3	536.9	12.8	6.5	506.5
1.5	14.8	294.0	12.8	7.8	506.5
0.2	16.7	408.2	12.8	9.3	506.5
51.5	8.4	50.1	12.9	4.5	506.5
18.1	9.6	28.3	12.9	3.3	506.5
2.0	11.1	196.0	12.9	4.6	506.5
6.9	16.8	246.3	13.0	8.0	506.5
14.6	21.6	234.2	13.0	7.5	506.5
10.5	21.2	117.9	13.0	5.8	506.5
33.8	15.1	212.0	13.0	11.9	506.5
7.7	8.7	81.6	13.1	3.2	506.5
0.0	11.1	370.5	13.1	6.3	506.5
0.5	14.4	490.5	13.1	7.7	506.5
0.1	12.2	155.2	13.1	5.0	506.5
4.2	11.5	474.4	13.2	6.6	506.5
1.9	8.9	193.1	13.2	6.2	506.5
0.0	12.6	611.1	13.2	8.1	506.5
0.0	16.1	624.8	13.3	9.4	506.5
0.5	19.7	379.3	13.3	9.1	506.5
0.2	22.4	588.4	13.3	10.6	506.5
0.0	24.3	578.7	13.3	11.0	506.8
12.7	23.2	430.5	13.4	12.1	506.8
3.5	13.5	77.2	13.4	7.1	506.8
0.0	16.5	335.2	13.4	7.3	506.8
0.0	17.7	563.9	13.4	9.3	506.8
1.1	13.9	102.2	13.5	5.6	506.8
0.2	19.7	621.4	13.5	10.9	506.8
0.1	22.0	619.1	13.5	11.7	506.8
0.9	21.6	490.5	13.5	11.1	506.8
7.1	21.0	563.0	13.6	12.6	506.8
0.2	13.6	126.7	13.6	4.6	506.8
18.5	15.1	59.4	13.6	6.5	506.8
2.7	16.0	63.1	13.6	5.3	506.8
0.0	15.8	567.3	13.6	9.2	506.8
0.0	17.4	645.5	13.7	9.0	506.8
0.1	20.4	628.5	13.7	10.6	506.8
0.7	20.9	583.0	13.7	11.8	506.8
1.1	21.1	576.1	13.7	11.1	506.8
0.0	19.6	644.8	13.7	10.7	506.8
0.1	22.9	620.4	13.8	10.4	506.8
0.9	22.2	196.7	13.8	8.4	506.8
0.3	22.5	543.6	13.8	10.9	506.8
0.0	24.3	641.7	13.8	11.8	506.8
0.2	25.1	645.2	13.8	12.0	506.8
0.0	21.9	642.4	13.9	11.1	506.8
0.0	19.4	633.3	13.9	9.9	506.8
0.0	18.3	642.8	13.9	10.2	506.8
0.0	20.1	627.4	13.9	10.1	506.8
0.0	19.7	278.6	13.9	7.3	506.8
0.0	17.5	268.7	13.9	9.0	506.8
0.0	21.7	641.7	13.9	10.5	506.8
0.0	24.7	596.3	14.0	10.7	505.6
0.6	25.2	167.1	14.0	7.5	505.6
13.7	26.5	496.8	14.0	11.1	505.6
23.5	26.2	508.2	14.0	8.9	505.6
28.7	25.4	406.1	14.0	8.9	505.6
1.1	22.9	287.5	14.0	9.9	505.6
0.1	24.3	584.1	14.0	11.5	505.6
0.0	24.7	642.4	14.0	11.2	505.6
0.0	25.8	635.9	14.0	11.2	505.6
0.3	26.7	407.8	14.0	10.2	505.6
7.7	24.0	80.2	14.1	6.4	505.6
4.1	22.8	70.2	14.1	6.0	505.6
13.0	20.0	45.1	14.1	5.7	505.6
0.3	20.4	384.9	14.1	9.0	505.6
0.4	21.1	507.1	14.1	9.1	505.6
0.0	21.3	433.5	14.1	8.8	505.6
0.0	20.6	323.1	14.1	8.7	505.6
0.1	21.5	588.0	14.1	10.0	505.6
0.0	22.1	588.8	14.1	9.9	505.6
0.0	21.0	352.2	14.1	9.5	505.6
0.0	22.3	639.2	14.1	11.1	505.6
0.0	24.3	616.4	14.1	11.2	505.6
0.0	26.1	440.6	14.1	11.2	505.6
4.5	26.9	579.9	14.1	12.1	505.6
2.3	27.9	585.3	14.1	11.7	505.6
14.9	26.8	434.5	14.1	9.5	505.6
13.7	25.6	257.1	14.1	8.1	505.6
12.7	26.6	537.4	14.1	10.4	505.6
0.2	27.5	606.5	14.1	11.4	505.6
6.0	27.3	478.3	14.1	10.3	505.6
16.1	25.0	57.6	14.1	4.7	502.5
24.0	25.0	44.8	14.0	4.0	502.5
24.9	25.4	169.9	14.0	7.0	502.5
1.3	25.2	338.6	14.0	8.9	502.5
0.0	25.3	544.1	14.0	10.0	502.5
17.5	26.9	568.8	14.0	10.2	502.5
12.7	24.3	103.6	14.0	4.3	502.5
6.7	25.3	481.2	14.0	9.7	502.5
0.4	26.2	577.1	14.0	10.4	502.5
8.0	27.0	543.5	14.0	11.0	502.5
0.0	27.9	529.9	14.0	11.2	502.5
0.2	28.5	610.3	13.9	10.2	502.5
5.0	28.0	495.4	13.9	11.4	502.5
0.4	28.8	576.3	13.9	10.1	502.5
1.2	28.5	467.0	13.9	10.9	502.5
8.0	28.6	539.7	13.9	11.5	502.5
6.4	28.2	527.4	13.9	11.9	502.5
0.0	29.0	596.7	13.9	11.1	502.5
0.2	29.0	558.4	13.8	11.0	502.5
0.4	27.9	391.1	13.8	9.8	502.5
1.3	27.3	281.0	13.8	8.5	502.5
2.0	27.2	334.4	13.8	8.5	502.5
1.1	26.5	364.4	13.8	10.0	502.5
0.0	27.0	627.9	13.7	11.0	502.5
0.1	28.3	623.0	13.7	11.0	502.5
0.1	28.9	562.8	13.7	10.7	502.5
0.5	28.5	295.4	13.7	8.9	502.5
0.5	27.6	189.0	13.7	7.7	502.5
0.2	28.6	497.5	13.6	10.8	502.5
0.1	29.2	527.9	13.6	10.3	502.5
0.0	29.3	587.1	13.6	11.1	502.5
0.2	29.3	567.3	13.6	11.0	500.3
3.7	29.2	536.4	13.6	10.7	500.3
25.1	27.6	473.9	13.5	9.6	500.3
1.7	27.8	499.1	13.5	9.5	500.3
4.0	28.1	545.0	13.5	10.6	500.3
10.2	27.8	508.2	13.5	9.3	500.3
17.4	27.1	414.3	13.4	8.7	500.3
2.6	27.7	536.4	13.4	9.8	500.3
10.5	27.8	517.7	13.4	9.6	500.3
14.8	27.8	447.8	13.4	9.1	500.3
14.5	27.3	374.9	13.3	8.5	500.3
8.4	27.1	316.4	13.3	8.8	500.3
6.2	27.9	505.6	13.3	9.6	500.3
11.2	27.6	422.5	13.3	9.8	500.3
15.1	27.3	376.5	13.2	8.9	500.3
12.1	27.6	479.5	13.2	9.4	500.3
13.4	27.8	468.1	13.2	9.0	500.3
15.5	28.0	373.3	13.2	8.7	500.3
8.2	27.8	257.7	13.1	8.4	500.3
12.5	27.9	479.8	13.1	8.8	500.3
7.7	28.0	492.8	13.1	9.5	500.3
1.8	28.0	506.8	13.1	10.1	500.3
4.3	27.8	521.7	13.0	10.5	500.3
16.8	25.9	452.8	13.0	7.5	500.3
2.9	24.7	144.0	13.0	4.8	500.3
9.9	25.0	129.9	12.9	5.4	500.3
7.2	25.8	279.1	12.9	6.5	500.3
7.1	26.6	361.2	12.9	7.9	500.3
10.4	27.4	455.2	12.9	9.5	500.3
0.0	27.2	499.7	12.8	9.4	500.3
0.1	27.3	496.1	12.8	8.9	500.3
3.8	26.6	460.6	12.8	9.5	500.7
35.5	25.9	390.4	12.7	8.2	500.7
17.6	23.2	253.0	12.7	6.8	500.7
0.1	22.1	498.4	12.7	9.3	500.7
0.0	23.0	493.9	12.7	9.6	500.7
0.0	23.1	509.3	12.6	10.0	500.7
0.0	24.2	455.8	12.6	9.0	500.7
0.0	24.4	492.7	12.6	10.0	500.7
0.0	24.8	534.7	12.5	9.3	500.7
0.0	24.7	519.1	12.5	8.9	500.7
0.0	25.0	370.6	12.5	7.8	500.7
0.0	25.6	471.6	12.4	9.6	500.7
0.0	25.9	441.3	12.4	8.9	500.7
0.0	23.2	214.5	12.4	6.9	500.7
0.2	23.8	370.5	12.4	8.5	500.7
0.0	24.4	468.8	12.3	8.9	500.7
0.0	23.6	223.3	12.3	6.6	500.7
0.0	24.6	404.2	12.3	9.0	500.7
0.0	24.7	491.7	12.2	9.9	500.7
0.0	24.3	500.8	12.2	9.8	500.7
0.0	24.8	476.8	12.2	9.1	500.7
0.1	23.5	243.7	12.1	7.2	500.7
0.1	23.9	445.6	12.1	8.4	500.7
0.0	23.5	410.8	12.1	7.5	500.7
0.0	22.9	441.2	12.1	8.5	500.7
0.0	23.3	462.8	12.0	8.3	500.7
0.0	24.0	393.7	12.0	7.7	500.7
0.0	22.7	264.5	12.0	8.3	500.7
0.0	23.7	462.7	11.9	8.4	500.7
0.0	21.0	451.7	11.9	8.0	500.7
0.0	20.3	468.7	11.9	8.3	501.3
0.0	20.7	468.1	11.8	8.7	501.3
0.0	20.3	468.8	11.8	8.8	501.3
0.0	21.4	462.4	11.8	8.6	501.3
0.0	21.4	455.0	11.8	8.6	501.3
0.0	22.8	438.5	11.7	9.0	501.3
0.0	17.8	462.3	11.7	6.8	501.3
0.0	16.9	466.6	11.7	7.1	501.3
0.0	17.1	455.0	11.6	7.8	501.3
0.0	17.6	450.5	11.6	8.1	501.3
0.0	18.7	450.1	11.6	8.2	501.3
0.0	20.1	442.6	11.5	8.3	501.3
0.0	19.8	436.7	11.5	8.6	501.3
0.0	20.1	432.3	11.5	8.6	501.3
0.0	20.4	421.0	11.5	8.3	501.3
0.0	20.3	422.2	11.4	8.1	501.3
0.0	21.8	414.9	11.4	7.9	501.3
0.4	21.2	345.8	11.4	6.9	501.3
0.0	19.2	401.1	11.3	7.5	501.3
0.0	19.2	406.1	11.3	7.0	501.3
0.0	20.6	395.1	11.3	7.3	501.3
0.0	20.1	396.2	11.3	7.6	501.3
0.0	20.6	393.0	11.2	7.6	501.3
0.0	21.4	385.6	11.2	7.5	501.3
0.0	21.9	377.9	11.2	7.4	501.3
0.0	22.0	380.9	11.1	6.7	501.3
0.0	23.2	258.9	11.1	6.2	501.3
2.9	22.1	161.4	11.1	7.4	501.3
5.4	13.7	16.8	11.1	4.2	501.3
0.4	10.0	44.5	11.0	2.2	501.3
0.0	13.1	353.1	11.0	4.4	501.3
0.0	11.9	140.6	11.0	3.1	502.8
0.0	12.3	274.3	10.9	4.5	502.8
0.0	12.9	360.5	10.9	5.1	502.8
0.0	13.0	373.7	10.9	5.6	502.8
0.0	13.9	370.8	10.9	5.7	502.8
0.0	13.6	365.7	10.8	5.3	502.8
0.0	15.8	348.2	10.8	5.7	502.8
0.0	17.9	251.4	10.8	5.9	502.8
0.0	21.2	321.2	10.8	6.5	502.8
0.5	21.3	250.4	10.7	6.2	502.8
0.6	17.2	79.7	10.7	3.5	502.8
0.3	18.6	114.2	10.7	4.1	502.8
0.3	20.9	320.5	10.7	5.7	502.8
0.6	16.8	105.6	10.7	6.3	502.8
0.0	6.3	172.8	10.6	3.9	502.8
0.0	3.9	342.8	10.6	3.1	502.8
0.0	6.6	336.3	10.6	4.0	502.8
0.0	10.2	249.1	10.6	4.6	502.8
0.0	14.8	311.6	10.5	5.6	502.8
0.0	16.8	307.7	10.5	5.7	502.8
0.0	18.7	286.7	10.5	5.7	502.8
1.1	14.3	88.9	10.5	4.5	502.8
0.0	7.4	322.9	10.5	3.3	502.8
0.0	5.1	330.7	10.4	3.6	502.8
0.0	6.3	324.7	10.4	3.7	502.8
0.0	14.4	307.3	10.4	5.3	502.8
0.0	17.2	245.3	10.4	5.1	502.8
0.0	11.6	290.8	10.4	4.4	502.8
0.0	7.6	310.3	10.4	3.3	502.8
0.1	6.6	248.0	10.3	2.7	502.8
0.0	7.7	143.6	10.3	2.9	505.0
0.0	6.9	303.3	10.3	3.4	505.0
0.0	5.5	295.7	10.3	3.6	505.0
0.0	7.7	310.6	10.3	4.1	505.0
0.0	8.6	297.3	10.3	4.2	505.0
0.0	9.8	305.8	10.3	4.7	505.0
0.0	9.6	298.6	10.3	4.9	505.0
0.0	5.5	308.2	10.3	3.6	505.0
0.0	8.4	303.9	10.2	4.7	505.0
0.0	10.8	293.2	10.2	4.8	505.0
0.0	9.8	220.2	10.2	4.7	505.0
0.0	9.7	295.6	10.2	4.5	505.0
0.0	12.9	293.7	10.2	5.2	505.0
0.0	12.2	294.5	10.2	5.2	505.0
0.0	7.7	298.3	10.2	3.4	505.0
0.0	11.0	156.4	10.2	4.0	505.0
5.0	12.1	131.8	10.2	4.3	505.0
12.0	6.3	26.5	10.2	1.9	505.0
15.4	6.4	21.1	10.2	1.3	505.0
0.8	6.3	99.7	10.2	2.6	505.0
0.0	5.5	275.3	10.2	2.9	505.0
11.7	7.6	247.5	10.2	3.0	505.0
10.8	7.7	18.4	10.2	1.2	505.0
0.0	5.8	81.6	10.2	3.0	505.0
0.0	-1.0	302.0	10.2	1.7	505.0
0.0	-0.8	287.3	10.2	2.5	505.0
0.0	-2.1	310.6	10.2	2.1	505.0
0.0	2.0	303.6	10.2	3.3	505.0
0.0	6.1	295.3	10.2	4.1	505.0
0.0	3.3	297.3	10.2	3.1	505.0
0.0	2.5	305.5	10.2	3.1	505.0
0.0	5.5	293.9	10.2	3.8	507.5
0.0	8.7	296.3	10.2	4.5	507.5
0.1	11.5	289.8	10.2	5.0	507.5
0.1	12.5	204.2	10.3	4.5	507.5
2.7	12.8	136.9	10.3	3.5	507.5
2.5	9.6	33.7	10.3	2.3	507.5
1.3	8.4	69.9	10.3	2.4	507.5
0.6	7.0	164.9	10.3	2.3	507.5
0.1	4.7	94.0	10.3	2.7	507.5
0.0	5.2	290.1	10.3	3.4	507.5
0.0	6.4	312.5	10.3	3.4	507.5
0.0	4.1	312.5	10.3	3.6	507.5
0.0	1.6	326.7	10.4	3.0	507.5
0.0	4.6	328.2	10.4	4.0	507.5
0.0	6.8	325.6	10.4	4.5	507.5
0.0	8.8	321.7	10.4	5.0	507.5
0.0	6.0	324.2	10.4	3.7	507.5
0.0	6.6	319.5	10.4	4.0	507.5
0.0	7.2	327.4	10.5	4.4	507.5
0.0	10.1	333.9	10.5	5.5	507.5
0.0	6.3	284.0	10.5	3.5	507.5
0.0	9.8	271.1	10.5	4.8	507.5
3.0	11.1	298.2	10.5	5.6	507.5
6.7	4.8	42.0	10.6	1.5	507.5
18.3	5.1	17.2	10.6	2.1	507.5
11.1	7.8	28.4	10.6	2.3	507.5
37.5	8.3	23.1	10.6	1.9	507.5
22.1	8.2	21.8	10.7	2.7	507.5
2.6	5.6	56.4	10.7	1.2	507.5
6.0	7.2	99.0	10.7	2.4	507.5
25.9	4.2	26.6	10.7	2.4	507.5
7.6	2.7	45.7	10.8	1.3	508.8
0.3	1.1	144.0	10.8	2.7	508.8
0.1	2.7	350.5	10.8	3.4	508.8
0.1	4.6	305.7	10.8	4.1	508.8
0.0	-5.4	186.5	10.9	1.6	508.8
0.0	-5.7	260.9	10.9	1.5	508.8
0.0	-2.8	304.6	10.9	2.4	508.8
0.8	4.4	358.0	10.9	3.7	508.8
3.0	13.2	247.3	11.0	5.7	508.8
2.6	6.8	44.6	11.0	5.0	508.8
1.7	8.0	185.1	11.0	3.8	508.8
3.4	10.7	42.0	11.0	2.5	508.8
0.3	16.8	262.7	11.1	6.1	508.8
2.2	9.8	39.1	11.1	4.4	508.8
0.2	13.1	248.5	11.1	5.8	508.8
2.5	7.8	262.0	11.1	7.3	508.8
0.2	2.5	340.1	11.2	3.1	508.8
0.4	7.2	356.4	11.2	4.6	508.8
7.5	13.1	184.7	11.2	5.5	508.8
7.7	5.6	19.2	11.3	4.6	508.8
9.3	3.0	42.7	11.3	1.8	508.8
8.1	2.9	18.0	11.3	1.1	508.8
4.3	5.4	25.4	11.4	3.4	508.8
3.4	13.5	249.3	11.4	6.7	508.8
7.5	5.4	39.0	11.4	4.0	508.8
15.3	3.7	21.2	11.4	1.4	508.8
9.2	4.4	22.0	11.5	1.4	508.8
21.3	5.3	24.3	11.5	1.4	508.8
1.1	6.3	95.5	11.5	2.7	509.2
18.2	10.3	84.6	11.6	4.8	509.2
26.3	5.9	33.7	11.6	2.4	509.2
17.4	4.4	39.5	11.6	2.2	509.2
18.1	4.6	41.7	11.6	1.7	509.2
3.1	6.5	63.4	11.7	2.5	509.2
6.8	8.3	93.4	11.7	3.5	509.2
33.1	12.2	50.8	11.7	5.7	509.2
8.4	4.6	113.7	11.8	2.4	509.2
7.7	4.2	120.8	11.8	2.0	509.2
8.1	5.1	45.9	11.8	2.2	509.2
18.2	7.0	63.6	11.9	2.6	509.2
0.2	6.3	392.8	11.9	4.1	509.2
40.1	6.4	82.5	11.9	3.7	509.2
5.7	5.7	81.3	12.0	4.4	509.2
0.0	5.1	433.4	12.0	4.9	509.2
0.1	4.9	209.0	12.0	3.8	509.2
32.3	6.8	158.8	12.0	3.2	509.2
28.2	6.5	30.1	12.1	3.7	509.2
1.6	3.1	55.6	12.1	2.0	509.2
1.6	4.9	359.6	12.1	4.0	509.2
19.5	9.9	77.2	12.2	6.2	509.2
17.1	7.7	205.0	12.2	3.9	509.2
7.9	9.2	240.0	12.2	4.7	509.2
3.6	6.5	65.0	12.3	3.7	509.2
0.0	4.5	504.8	12.3	4.7	509.2
0.1	8.5	521.3	12.3	6.3	509.2
5.0	10.9	394.7	12.4	5.7	509.2
3.3	10.2	70.9	12.4	4.2	509.2
0.3	13.6	81.6	12.4	6.8	509.2
0.2	7.0	109.3	12.4	4.2	509.2
0.0	7.1	205.3	12.5	5.0	509.6
5.5	9.9	533.4	12.5	6.1	509.6
21.0	8.7	54.8	12.5	4.0	509.6
19.9	13.6	136.6	12.6	7.8	509.6
0.7	10.2	423.2	12.6	5.6	509.6
0.0	14.7	521.9	12.6	8.2	509.6
16.7	15.5	139.2	12.7	6.2	509.6
17.5	12.3	41.0	12.7	6.1	509.6
0.0	6.7	499.2	12.7	5.6	509.6
0.0	9.9	585.7	12.7	6.5	509.6
0.0	12.4	581.6	12.8	8.2	509.6
0.0	14.4	591.2	12.8	9.3	509.6
0.7	17.5	433.6	12.8	8.6	509.6
34.7	14.7	42.7	12.9	1.8	509.6
23.6	12.2	52.5	12.9	6.4	509.6
0.1	9.3	455.9	12.9	6.4	509.6
0.0	13.0	597.0	12.9	7.6	509.6
0.0	17.7	566.0	13.0	10.0	509.6
3.0	12.1	143.6	13.0	6.6	509.6
0.2	11.1	158.0	13.0	4.8	509.6
14.9	12.2	60.3	13.1	3.1	509.6
0.7	11.0	168.8	13.1	4.3	509.6
0.1	12.3	462.8	13.1	7.9	509.6
0.0	17.3	435.5	13.1	9.7	509.6
0.0	19.5	208.9	13.2	8.1	509.6
3.4	23.4	321.4	13.2	9.3	509.6
0.1	19.0	504.8	13.2	10.8	509.6
0.0	17.3	430.1	13.3	7.7	509.6
12.8	9.9	75.0	13.3	5.6	509.6
0.6	13.8	200.3	13.3	6.0	509.6
27.8	16.3	53.1	13.3	4.0	510.0
52.4	17.6	79.1	13.4	6.8	510.0
5.4	12.7	67.3	13.4	5.2	510.0
0.1	16.1	551.1	13.4	9.0	510.0
0.0	19.6	534.2	13.4	9.9	510.0
29.6	15.0	95.8	13.5	7.3	510.0
10.6	13.9	46.0	13.5	4.5	510.0
18.5	17.6	171.2	13.5	6.9	510.0
4.3	15.1	104.2	13.5	5.4	510.0
0.0	18.4	568.8	13.5	8.7	510.0
4.8	17.8	78.0	13.6	5.4	510.0
19.3	20.1	78.5	13.6	5.7	510.0
19.8	21.1	51.7	13.6	5.2	510.0
70.8	19.2	69.0	13.6	5.9	510.0
29.7	18.0	68.7	13.7	8.0	510.0
1.2	16.2	153.6	13.7	5.0	510.0
0.6	18.5	316.2	13.7	7.9	510.0
40.8	18.2	135.5	13.7	6.5	510.0
21.6	18.4	112.3	13.7	5.3	510.0
8.6	19.7	91.3	13.8	4.5	510.0
0.4	22.0	231.5	13.8	6.8	510.0
19.2	22.3	161.7	13.8	8.3	510.0
1.4	21.9	237.6	13.8	8.2	510.0
1.7	24.5	430.5	13.8	9.0	510.0
2.3	26.0	592.4	13.8	10.4	510.0
8.7	26.2	553.5	13.9	10.6	510.0
41.6	23.6	481.5	13.9	14.3	510.0
0.1	17.4	541.9	13.9	9.2	510.0
0.0	19.7	355.8	13.9	8.0	510.0
0.4	20.0	213.0	13.9	7.0	510.0
1.3	21.7	243.8	13.9	6.9	510.0
1.1	22.3	72.9	14.0	4.7	508.7
3.5	20.9	92.7	14.0	6.5	508.7
0.0	19.8	486.8	14.0	10.3	508.7
0.0	19.9	638.4	14.0	10.1	508.7
0.0	19.4	561.8	14.0	10.5	508.7
0.0	19.5	491.2	14.0	9.8	508.7
0.0	21.7	444.5	14.0	9.4	508.7
3.6	20.2	255.9	14.0	7.3	508.7
0.4	20.1	190.0	14.0	6.7	508.7
0.0	24.3	609.7	14.0	9.8	508.7
0.0	24.5	669.0	14.0	12.2	508.7
0.0	23.0	660.8	14.1	10.7	508.7
0.0	23.2	653.9	14.1	11.3	508.7
0.1	24.9	633.3	14.1	11.1	508.7
0.2	25.4	634.2	14.1	11.7	508.7
6.9	22.8	167.2	14.1	9.8	508.7
0.8	22.6	312.9	14.1	9.7	508.7
0.0	24.0	639.7	14.1	12.3	508.7
2.2	24.5	652.5	14.1	11.9	508.7
5.1	24.1	644.3	14.1	11.9	508.7
0.0	22.2	659.3	14.1	10.7	508.7
0.0	22.2	648.6	14.1	10.0	508.7
0.1	22.4	483.9	14.1	9.4	508.7
0.1	22.5	268.2	14.1	8.0	508.7
0.1	22.2	282.0	14.1	8.9	508.7
2.3	24.4	383.2	14.1	8.8	508.7
17.8	21.8	101.0	14.1	5.5	508.7
7.7	24.8	452.4	14.1	9.9	508.7
4.7	24.3	151.2	14.1	6.5	508.7
8.4	25.7	253.4	14.1	8.2	508.7
16.0	26.1	313.7	14.1	8.6	505.6
28.7	26.4	389.1	14.0	9.6	505.6
18.2	27.3	492.2	14.0	10.7	505.6
8.3	28.1	569.5	14.0	10.5	505.6
6.4	27.5	604.6	14.0	10.6	505.6
10.8	27.4	592.7	14.0	10.4	505.6
16.7	26.6	424.5	14.0	9.9	505.6
15.2	25.6	301.2	14.0	9.0	505.6
21.1	25.4	367.5	14.0	9.3	505.6
7.7	24.7	383.9	14.0	8.3	505.6
1.6	25.0	319.1	14.0	8.1	505.6
2.0	24.6	262.0	13.9	7.4	505.6
1.7	24.7	217.4	13.9	7.1	505.6
0.7	25.7	369.9	13.9	8.3	505.6
22.0	26.1	467.5	13.9	9.1	505.6
7.8	26.7	514.0	13.9	9.9	505.6
15.9	26.6	394.3	13.9	9.0	505.6
7.5	27.3	518.6	13.9	10.7	505.6
8.6	27.7	580.9	13.8	10.8	505.6
3.9	27.7	535.8	13.8	11.2	505.6
5.6	27.3	493.7	13.8	10.8	505.6
8.3	27.2	440.2	13.8	9.1	505.6
8.8	27.3	487.7	13.8	9.5	505.6
11.2	27.3	544.1	13.8	10.4	505.6
9.5	27.5	539.6	13.7	10.5	505.6
6.4	27.4	504.7	13.7	10.9	505.6
4.9	27.2	476.5	13.7	10.2	505.6
0.7	27.6	577.5	13.7	9.8	505.6
11.5	27.4	584.0	13.7	10.9	505.6
12.0	26.9	517.1	13.6	10.0	505.6
13.8	26.8	529.0	13.6	9.4	505.6
9.1	27.4	530.2	13.6	10.6	503.5
6.3	27.8	583.6	13.6	11.1	503.5
2.8	28.2	595.7	13.5	10.5	503.5
6.3	27.7	570.1	13.5	10.9	503.5
10.7	27.4	479.2	13.5	9.9	503.5
11.0	27.3	467.1	13.5	9.7	503.5
12.9	27.4	510.2	13.4	9.8	503.5
11.9	27.1	541.5	13.4	10.2	503.5
16.3	27.1	528.1	13.4	9.6	503.5
4.9	27.3	572.6	13.4	10.7	503.5
0.0	27.4	591.9	13.3	10.8	503.5
0.0	27.7	588.9	13.3	10.3	503.5
5.2	27.9	560.6	13.3	10.1	503.5
6.4	27.8	551.1	13.3	10.4	503.5
6.4	28.3	578.5	13.2	11.0	503.5
6.7	28.4	556.6	13.2	10.4	503.5
9.1	28.2	445.4	13.2	9.3	503.5
16.4	26.8	351.7	13.2	10.1	503.5
6.3	26.8	496.0	13.1	9.6	503.5
0.3	27.5	518.1	13.1	9.9	503.5
0.0	28.1	564.2	13.1	9.8	503.5
7.8	27.4	544.5	13.1	10.4	503.5
8.7	27.9	454.4	13.0	9.6	503.5
8.4	27.9	454.5	13.0	9.5	503.5
10.0	28.0	503.5	13.0	9.4	503.5
10.5	27.6	530.4	12.9	9.2	503.5
9.5	27.9	509.1	12.9	9.8	503.5
10.6	26.3	428.4	12.9	10.7	503.5
0.0	23.3	556.8	12.9	8.5	503.5
0.1	23.7	558.6	12.8	9.6	503.5
0.0	24.7	550.3	12.8	9.1	503.5
0.4	26.9	455.6	12.8	9.6	503.9
0.6	27.2	479.9	12.7	9.7	503.9
0.0	27.3	520.7	12.7	8.0	503.9
9.0	25.3	314.8	12.7	9.0	503.9
0.0	23.9	457.1	12.7	9.0	503.9
0.0	24.0	505.6	12.6	8.6	503.9
0.0	24.5	470.2	12.6	9.9	503.9
1.5	25.8	131.5	12.6	7.3	503.9
20.8	24.3	122.3	12.5	5.4	503.9
7.2	23.8	25.9	12.5	3.3	503.9
7.1	22.6	30.3	12.5	4.1	503.9
3.8	21.1	33.7	12.5	3.4	503.9
2.5	20.7	56.6	12.4	3.1	503.9
0.7	22.4	59.5	12.4	4.1	503.9
0.4	23.8	482.1	12.4	9.1	503.9
0.1	24.4	486.2	12.3	9.6	503.9
0.1	24.9	446.1	12.3	9.6	503.9
0.0	25.2	496.8	12.3	9.7	503.9
1.6	26.5	466.6	12.2	10.3	503.9
0.1	22.7	96.4	12.2	6.9	503.9
0.3	24.2	491.7	12.2	9.4	503.9
0.0	25.0	485.2	12.2	9.5	503.9
0.0	24.2	492.0	12.1	9.2	503.9
0.0	24.1	491.4	12.1	9.6	503.9
0.0	24.2	488.1	12.1	9.8	503.9
0.0	24.5	468.3	12.0	9.3	503.9
0.0	23.7	309.4	12.0	9.2	503.9
0.0	23.0	480.5	12.0	9.4	503.9
0.0	24.1	470.0	11.9	9.9	503.9
0.0	23.8	376.5	11.9	8.7	503.9
0.0	21.8	465.7	11.9	9.4	504.4
0.0	20.9	477.3	11.9	8.8	504.4
0.0	22.3	466.3	11.8	8.6	504.4
0.0	24.4	450.1	11.8	9.1	504.4
0.0	25.1	446.3	11.8	9.2	504.4
0.0	23.5	446.8	11.7	8.4	504.4
0.0	21.0	449.3	11.7	7.8	504.4
0.0	21.8	447.1	11.7	7.5	504.4
0.5	24.6	301.7	11.6	7.6	504.4
0.0	22.7	154.8	11.6	6.2	504.4
0.0	23.8	370.1	11.6	7.0	504.4
0.2	25.7	408.8	11.6	8.0	504.4
16.6	23.2	361.5	11.5	8.7	504.4
5.1	16.2	18.3	11.5	5.2	504.4
0.0	15.2	297.2	11.5	4.4	504.4
0.0	15.0	360.8	11.4	6.0	504.4
0.0	16.0	415.1	11.4	6.4	504.4
0.0	18.1	401.5	11.4	6.3	504.4
0.0	12.9	377.2	11.3	5.7	504.4
0.0	12.0	422.2	11.3	5.5	504.4
0.0	14.0	410.0	11.3	6.5	504.4
0.0	15.3	397.9	11.3	6.4	504.4
0.0	16.2	338.8	11.2	6.7	504.4
0.0	18.1	396.2	11.2	6.6	504.4
0.0	15.2	337.4	11.2	5.6	504.4
0.0	12.0	406.7	11.1	5.5	504.4
0.0	11.7	409.2	11.1	6.2	504.4
0.0	13.2	395.4	11.1	6.5	504.4
0.3	16.8	378.0	11.1	6.4	504.4
0.0	14.0	362.4	11.0	5.0	504.4
0.0	13.4	372.7	11.0	5.4	504.4
0.0	14.7	374.2	11.0	5.6	506.0
0.0	16.5	366.7	11.0	6.3	506.0
0.0	16.6	363.1	10.9	6.6	506.0
0.0	16.2	366.2	10.9	6.2	506.0
0.0	12.0	332.2	10.9	5.5	506.0
0.0	7.5	385.1	10.9	4.6	506.0
0.0	10.8	372.0	10.8	5.7	506.0
0.0	13.1	134.3	10.8	4.2	506.0
0.0	15.2	181.8	10.8	4.7	506.0
0.0	10.1	336.7	10.8	5.0	506.0
0.0	10.8	358.7	10.7	5.1	506.0
0.0	11.8	346.6	10.7	5.2	506.0
0.0	12.9	333.9	10.7	5.4	506.0
0.0	13.5	114.4	10.7	3.7	506.0
0.0	12.5	332.5	10.6	5.1	506.0
0.0	11.7	338.7	10.6	4.8	506.0
0.0	12.0	333.2	10.6	5.0	506.0
0.0	12.8	322.7	10.6	5.2	506.0
0.0	13.5	328.1	10.6	5.3	506.0
0.0	7.9	334.9	10.5	4.3	506.0
0.0	5.7	348.4	10.5	3.8	506.0
0.0	10.3	330.2	10.5	5.1	506.0
0.0	12.9	305.5	10.5	5.4	506.0
0.2	10.4	107.6	10.5	3.9	506.0
0.0	6.8	312.3	10.4	3.6	506.0
0.0	5.9	315.5	10.4	3.7	506.0
0.0	7.4	312.1	10.4	4.1	506.0
0.0	5.3	304.1	10.4	3.5	506.0
0.0	4.1	322.9	10.4	3.7	506.0
0.0	5.4	326.4	10.4	4.1	506.0
0.0	8.4	315.6	10.3	4.6	508.2
0.0	12.4	286.0	10.3	5.2	508.2
0.5	15.8	285.2	10.3	5.4	508.2
2.2	9.8	45.9	10.3	4.2	508.2
0.0	6.5	305.3	10.3	3.1	508.2
0.0	6.4	293.3	10.3	3.2	508.2
0.0	9.3	294.4	10.3	4.4	508.2
0.0	10.7	291.1	10.3	4.9	508.2
0.0	13.9	283.9	10.2	5.0	508.2
0.0	8.1	284.8	10.2	4.1	508.2
0.0	9.0	307.1	10.2	4.2	508.2
0.3	15.3	268.6	10.2	5.2	508.2
0.0	19.5	195.9	10.2	4.9	508.2
2.7	16.7	70.1	10.2	5.0	508.2
1.3	9.1	66.0	10.2	2.9	508.2
0.0	5.9	162.6	10.2	2.6	508.2
4.2	4.5	91.7	10.2	1.6	508.2
27.5	5.0	19.9	10.2	1.9	508.2
1.8	5.0	66.7	10.2	1.5	508.2
1.4	5.8	91.2	10.2	1.6	508.2
5.5	2.8	29.4	10.2	1.9	508.2
0.2	-0.3	113.2	10.2	1.6	508.2
0.0	0.5	208.6	10.2	2.1	508.2
0.0	3.5	293.7	10.2	2.6	508.2
0.0	1.5	296.6	10.2	2.5	508.2
0.0	3.6	291.3	10.2	2.8	508.2
0.0	6.2	272.2	10.2	3.5	508.2
0.0	6.5	229.3	10.2	3.7	508.2
1.0	5.2	169.6	10.2	2.5	508.2
0.1	1.3	73.7	10.2	2.1	508.2
0.0	0.3	292.8	10.2	2.5	508.2
0.9	3.7	292.4	10.2	2.9	510.7
2.9	2.1	62.3	10.2	2.0	510.7
0.0	-0.6	246.6	10.2	1.9	510.7
0.0	-1.1	306.4	10.2	2.2	510.7
0.0	1.2	264.4	10.3	2.4	510.7
0.0	4.8	287.9	10.3	3.4	510.7
6.1	8.7	114.6	10.3	4.1	510.7
7.9	1.5	12.4	10.3	1.8	510.7
0.6	-0.3	47.0	10.3	1.3	510.7
3.9	0.6	64.8	10.3	1.4	510.7
6.5	1.5	31.0	10.3	0.8	510.7
15.8	0.5	18.3	10.3	1.2	510.7
38.2	-0.4	18.5	10.4	0.7	510.7
10.5	-0.4	27.5	10.4	0.7	510.7
6.8	0.4	83.7	10.4	1.0	510.7
0.8	0.2	87.7	10.4	2.1	510.7
0.1	-0.6	220.0	10.4	2.6	510.7
0.2	1.5	269.3	10.4	3.4	510.7
0.1	2.6	292.5	10.5	3.6	510.7
0.0	5.1	266.6	10.5	3.8	510.7
0.0	9.1	310.6	10.5	4.9	510.7
0.1	11.4	228.8	10.5	4.7	510.7
0.7	10.8	162.9	10.5	4.5	510.7
5.0	12.1	118.8	10.6	3.8	510.7
1.5	3.0	55.0	10.6	3.6	510.7
0.7	3.3	116.5	10.6	2.2	510.7
25.4	8.8	102.0	10.6	3.0	510.7
0.6	4.6	83.0	10.7	3.0	510.7
3.3	4.6	87.8	10.7	2.0	510.7
18.2	4.7	27.7	10.7	1.9	510.7
0.3	4.2	193.7	10.7	2.9	510.7
0.0	0.3	279.9	10.7	2.2	511.9
5.5	0.0	293.0	10.8	2.0	511.9
1.0	-0.8	220.8	10.8	2.1	511.9
0.2	-0.9	185.8	10.8	2.5	511.9
1.4	4.2	207.2	10.8	3.7	511.9
0.5	3.1	113.9	10.9	2.0	511.9
0.1	1.0	146.7	10.9	2.3	511.9
0.0	-1.4	386.4	10.9	2.5	511.9
0.0	0.3	387.0	10.9	3.1	511.9
0.0	3.8	368.7	11.0	3.8	511.9
0.0	3.7	383.7	11.0	3.4	511.9
0.0	9.0	386.6	11.0	4.8	511.9
0.0	8.0	397.3	11.1	4.3	511.9
7.0	9.9	144.9	11.1	4.1	511.9
22.6	9.4	39.0	11.1	3.8	511.9
0.2	-0.4	167.5	11.1	3.1	511.9
1.8	-0.3	129.5	11.2	2.1	511.9
12.6	1.4	32.7	11.2	1.7	511.9
22.0	-0.3	51.2	11.2	0.8	511.9
0.4	-0.0	287.5	11.3	2.7	511.9
0.2	2.5	316.3	11.3	4.1	511.9
5.7	5.8	161.7	11.3	3.8	511.9
1.6	6.0	298.1	11.3	4.3	511.9
0.0	2.1	421.7	11.4	3.3	511.9
3.6	1.9	114.3	11.4	2.2	511.9
16.9	1.8	43.7	11.4	2.0	511.9
0.2	0.2	249.0	11.5	3.3	511.9
0.0	-1.6	465.9	11.5	2.8	511.9
0.0	3.2	460.2	11.5	4.5	512.4
0.0	4.1	461.9	11.6	4.8	512.4
0.0	7.7	458.0	11.6	6.0	512.4
0.0	12.9	386.9	11.6	7.5	512.4
1.3	10.7	128.8	11.6	5.1	512.4
0.0	6.5	483.3	11.7	5.7	512.4
0.0	9.6	471.0	11.7	6.6	512.4
4.9	13.7	256.4	11.7	7.7	512.4
2.1	9.7	52.8	11.8	3.8	512.4
9.7	12.8	341.2	11.8	6.6	512.4
18.7	11.5	62.4	11.8	5.5	512.4
6.5	5.2	78.7	11.9	3.6	512.4
0.0	4.5	495.2	11.9	4.8	512.4
0.0	6.9	316.8	11.9	4.9	512.4
3.1	11.1	396.6	11.9	6.0	512.4
13.9	10.2	52.5	12.0	4.2	512.4
0.2	9.7	391.3	12.0	6.2	512.4
0.1	14.7	436.6	12.0	8.1	512.4
4.0	12.3	121.6	12.1	7.0	512.4
2.9	14.2	130.2	12.1	6.8	512.4
6.9	10.1	55.2	12.1	6.1	512.4
0.0	9.8	452.1	12.2	5.8	512.4
0.0	10.0	529.2	12.2	6.6	512.4
0.8	13.1	292.5	12.2	6.3	512.4
10.4	14.0	117.3	12.3	5.5	512.4
0.0	12.0	524.6	12.3	6.4	512.4
0.0	14.7	524.4	12.3	7.2	512.4
3.6	14.2	221.4	12.3	7.2	512.4
0.9	16.8	222.8	12.4	8.2	512.4
3.4	18.3	172.8	12.4	8.7	512.4
10.9	18.6	283.1	12.4	7.1	512.4
15.6	19.0	192.0	12.5	8.1	512.8
20.3	11.1	55.0	12.5	4.5	512.8
30.3	9.6	35.9	12.5	3.6	512.8
22.7	11.2	57.0	12.6	4.3	512.8
65.8	14.2	36.2	12.6	4.1	512.8
15.4	13.2	78.3	12.6	6.5	512.8
0.0	12.0	488.0	12.6	6.2	512.8
39.0	13.9	169.6	12.7	6.4	512.8
1.8	12.5	170.1	12.7	7.5	512.8
0.7	13.2	510.6	12.7	6.8	512.8
0.2	14.5	370.3	12.8	7.1	512.8
0.1	15.6	513.2	12.8	9.0	512.8
0.7	16.1	572.3	12.8	10.4	512.8
0.0	14.7	588.4	12.9	7.9	512.8
0.0	17.0	389.9	12.9	8.3	512.8
0.1	18.0	269.0	12.9	7.5	512.8
0.0	14.8	562.9	12.9	8.3	512.8
0.0	14.8	377.7	13.0	8.0	512.8
0.0	16.0	605.4	13.0	9.9	512.8
0.0	18.3	415.9	13.0	10.3	512.8
0.1	20.0	568.2	13.1	9.4	512.8
50.7	19.6	83.1	13.1	6.2	512.8
7.6	20.9	78.1	13.1	5.1	512.8
0.8	19.9	352.4	13.1	8.3	512.8
21.7	20.1	446.9	13.2	8.0	512.8
0.3	18.3	396.0	13.2	8.1	512.8
19.7	19.8	279.7	13.2	7.7	512.8
33.1	20.3	70.9	13.2	4.7	512.8
42.3	21.6	47.1	13.3	4.4	512.8
2.2	18.8	57.8	13.3	8.6	512.8
0.6	16.0	343.5	13.3	6.7	513.1
0.0	18.2	402.5	13.3	7.6	513.1
14.4	19.7	133.6	13.4	6.5	513.1
13.6	20.5	159.8	13.4	6.5	513.1
21.9	19.8	304.2	13.4	7.7	513.1
0.4	19.2	223.2	13.4	6.9	513.1
11.0	23.4	442.6	13.5	10.4	513.1
24.0	20.9	84.5	13.5	8.6	513.1
0.0	17.7	564.0	13.5	8.6	513.1
0.0	18.1	631.5	13.5	9.1	513.1
0.0	20.8	610.1	13.6	9.8	513.1
12.9	22.9	564.9	13.6	10.4	513.1
28.6	23.1	148.3	13.6	6.2	513.1
2.8	18.5	146.8	13.6	10.3	513.1
1.1	17.7	543.4	13.7	8.3	513.1
0.1	17.9	453.5	13.7	9.1	513.1
0.1	19.5	475.4	13.7	9.9	513.1
0.0	22.4	460.5	13.7	10.3	513.1
0.0	23.0	555.5	13.7	11.3	513.1
0.8	22.0	492.2	13.8	8.1	513.1
30.5	21.8	192.1	13.8	10.1	513.1
0.0	16.6	190.0	13.8	6.8	513.1
0.3	17.9	356.2	13.8	9.4	513.1
1.6	19.1	432.9	13.8	10.4	513.1
0.5	20.1	468.5	13.8	9.1	513.1
0.0	23.1	558.9	13.9	11.4	513.1
20.0	22.0	266.8	13.9	11.3	513.1
11.1	17.1	62.0	13.9	4.4	513.1
0.7	20.4	216.3	13.9	6.5	513.1
18.6	22.6	222.0	13.9	7.4	513.1
32.6	21.6	46.9	13.9	3.5	513.1
0.7	22.3	165.3	13.9	7.5	511.9
6.1	23.4	468.3	14.0	8.2	511.9
4.6	24.5	209.9	14.0	8.9	511.9
20.3	25.4	116.0	14.0	6.5	511.9
3.4	23.9	103.8	14.0	7.5	511.9
0.2	24.8	526.6	14.0	10.1	511.9
0.4	24.5	583.2	14.0	10.1	511.9
0.2	24.5	410.6	14.0	9.5	511.9
0.4	25.0	564.8	14.0	10.5	511.9
1.5	21.0	248.2	14.0	7.7	511.9
2.4	21.1	39.1	14.0	6.2	511.9
2.7	22.8	93.6	14.1	4.8	511.9
1.1	24.2	234.6	14.1	8.2	511.9
0.2	26.1	530.3	14.1	10.3	511.9
2.0	26.7	407.8	14.1	10.6	511.9
4.4	27.0	424.2	14.1	10.9	511.9
0.0	24.2	551.7	14.1	10.6	511.9
0.0	22.6	553.6	14.1	9.8	511.9
10.3	24.3	425.0	14.1	9.4	511.9
20.3	22.2	21.6	14.1	4.0	511.9
0.7	20.9	127.9	14.1	7.1	511.9
0.0	18.3	359.8	14.1	8.4	511.9
13.2	20.3	531.4	14.1	8.5	511.9
26.5	18.0	29.1	14.1	4.2	511.9
34.6	19.3	36.1	14.1	3.3	511.9
5.9	21.3	134.9	14.1	7.1	511.9
0.4	22.4	141.7	14.1	7.2	511.9
0.2	24.7	428.9	14.1	10.3	511.9
1.3	25.9	503.9	14.1	9.6	511.9
12.7	24.8	204.0	14.1	7.4	511.9
4.8	24.7	182.6	14.1	7.2	508.7
10.2	26.2	454.4	14.0	10.4	508.7
19.4	26.9	478.0	14.0	9.6	508.7
15.6	27.3	473.9	14.0	9.7	508.7
18.3	27.0	369.3	14.0	9.4	508.7
9.6	27.8	614.1	14.0	12.2	508.7
2.3	27.9	469.3	14.0	11.3	508.7
0.2	28.2	578.6	14.0	11.0	508.7
0.0	27.9	622.4	14.0	11.0	508.7
1.5	27.9	625.8	14.0	11.3	508.7
15.2	27.0	582.9	14.0	10.0	508.7
11.3	27.2	552.9	13.9	10.7	508.7
16.1	27.4	527.6	13.9	9.3	508.7
14.8	28.3	562.7	13.9	10.1	508.7
0.0	28.9	631.4	13.9	11.2	508.7
0.0	29.4	630.2	13.9	11.6	508.7
0.0	29.7	631.2	13.9	11.7	508.7
0.0	29.4	637.0	13.9	11.5	508.7
5.3	29.5	614.9	13.8	11.8	508.7
24.0	27.7	437.8	13.8	9.0	508.7
7.7	26.3	184.0	13.8	7.6	508.7
16.0	26.7	349.2	13.8	8.8	508.7
18.8	27.1	491.8	13.8	10.4	508.7
10.8	27.3	526.0	13.8	9.6	508.7
12.6	27.2	484.9	13.7	9.8	508.7
11.5	27.5	586.0	13.7	11.3	508.7
7.2	27.7	586.5	13.7	11.3	508.7
14.4	27.2	553.0	13.7	9.5	508.7
12.3	27.1	572.0	13.7	9.9	508.7
12.0	26.8	518.2	13.6	9.7	508.7
7.8	27.0	534.1	13.6	10.9	508.7
4.1	27.0	418.9	13.6	10.0	506.6
6.3	26.3	358.0	13.6	9.6	506.6
6.7	26.2	433.6	13.5	9.7	506.6
6.4	26.1	510.2	13.5	9.8	506.6
5.7	26.2	465.8	13.5	9.0	506.6
4.6	26.7	517.2	13.5	10.7	506.6
4.6	27.0	506.6	13.5	10.7	506.6
1.5	27.1	515.6	13.4	10.8	506.6
7.0	26.7	510.6	13.4	10.7	506.6
16.2	26.0	413.9	13.4	9.2	506.6
0.5	26.7	456.0	13.4	9.9	506.6
0.1	27.9	582.5	13.3	10.5	506.6
8.9	27.9	532.0	13.3	10.4	506.6
10.1	27.8	564.6	13.3	10.2	506.6
11.4	27.3	544.4	13.3	10.4	506.6
3.1	27.7	535.3	13.2	10.4	506.6
0.6	28.2	520.0	13.2	10.1	506.6
8.3	28.1	551.9	13.2	10.2	506.6
12.8	27.5	484.3	13.1	9.5	506.6
14.1	26.9	475.9	13.1	9.6	506.6
13.8	26.8	483.6	13.1	9.0	506.6
11.7	27.1	537.1	13.1	9.6	506.6
14.5	26.8	539.5	13.0	9.2	506.6
13.9	26.5	499.2	13.0	9.6	506.6
9.7	26.8	540.1	13.0	9.6	506.6
9.7	27.1	523.9	13.0	9.7	506.6
13.7	26.9	522.9	12.9	9.8	506.6
9.1	26.4	443.2	12.9	8.9	506.6
9.3	26.4	493.2	12.9	9.4	506.6
13.1	25.8	416.2	12.8	8.4	506.6
11.4	25.9	453.5	12.8	8.8	506.6
7.9	26.6	502.5	12.8	9.2	507.1
9.5	26.8	368.5	12.8	7.9	507.1
27.2	24.8	260.6	12.7	8.7	507.1
0.0	23.2	419.2	12.7	8.6	507.1
0.1	24.8	527.9	12.7	9.9	507.1
0.0	24.3	502.7	12.6	10.2	507.1
0.0	24.1	535.7	12.6	9.7	507.1
0.0	24.6	495.3	12.6	9.0	507.1
0.0	24.7	350.2	12.5	8.4	507.1
0.0	25.8	498.8	12.5	8.4	507.1
0.0	24.8	295.5	12.5	7.5	507.1
0.9	25.5	150.8	12.5	5.5	507.1
6.5	24.2	34.5	12.4	3.6	507.1
14.3	25.1	310.7	12.4	6.9	507.1
4.8	23.1	24.5	12.4	3.1	507.1
2.3	22.1	33.2	12.3	3.6	507.1
0.4	21.5	208.3	12.3	7.7	507.1
0.2	22.1	498.0	12.3	6.4	507.1
0.1	21.2	398.0	12.2	8.1	507.1
1.3	21.5	120.7	12.2	5.0	507.1
0.2	21.5	46.5	12.2	2.8	507.1
0.3	23.5	262.8	12.2	7.3	507.1
0.8	25.8	410.4	12.1	8.1	507.1
0.0	23.2	471.5	12.1	10.8	507.1
0.0	19.1	506.8	12.1	8.7	507.1
0.0	18.2	511.8	12.0	8.9	507.1
0.0	19.2	511.8	12.0	9.0	507.1
0.0	21.4	493.1	12.0	10.2	507.1
0.0	21.3	496.8	11.9	9.6	507.1
0.0	23.1	475.5	11.9	9.8	507.1
0.0	22.8	455.0	11.9	8.2	507.6
0.3	24.1	400.9	11.9	7.8	507.6
0.6	25.6	228.6	11.8	7.3	507.6
0.2	26.2	142.4	11.8	6.0	507.6
0.3	27.4	328.5	11.8	7.6	507.6
14.0	19.2	120.2	11.7	8.6	507.6
0.0	14.8	359.1	11.7	6.0	507.6
0.0	16.7	447.7	11.7	6.4	507.6
0.0	17.5	330.9	11.6	6.9	507.6
0.0	18.1	444.6	11.6	6.3	507.6
0.0	18.4	440.9	11.6	5.6	507.6
0.0	19.4	431.7	11.6	6.4	507.6
0.0	21.0	421.1	11.5	7.1	507.6
2.1	19.6	276.4	11.5	7.9	507.6
0.2	15.3	135.4	11.5	5.6	507.6
0.0	14.0	334.6	11.4	5.7	507.6
0.0	16.6	383.8	11.4	6.2	507.6
0.0	18.5	413.8	11.4	6.3	507.6
0.0	19.8	384.9	11.4	7.0	507.6
0.0	19.8	402.0	11.3	7.2	507.6
0.0	18.2	308.9	11.3	7.5	507.6
0.0	18.3	406.1	11.3	7.5	507.6
0.0	19.5	393.0	11.2	7.2	507.6
0.0	20.1	257.8	11.2	5.9	507.6
0.1	21.5	346.5	11.2	6.0	507.6
0.0	21.4	90.4	11.2	5.0	507.6
0.0	22.7	364.6	11.1	7.3	507.6
3.4	16.4	92.5	11.1	6.2	507.6
0.0	12.7	365.0	11.1	4.9	507.6
0.0	12.6	351.4	11.0	4.5	507.6
0.0	10.3	388.9	11.0	4.9	507.6
0.0	12.2	377.8	11.0	5.3	509.1
1.1	14.8	195.9	11.0	4.8	509.1
10.5	12.0	41.5	10.9	2.4	509.1
11.2	11.0	16.8	10.9	0.8	509.1
0.6	11.3	96.9	10.9	3.5	509.1
0.8	12.7	189.5	10.9	4.8	509.1
0.2	12.7	315.9	10.8	5.0	509.1
0.0	11.5	341.3	10.8	4.9	509.1
0.0	12.4	337.3	10.8	5.3	509.1
0.0	6.8	315.7	10.8	3.6	509.1
0.0	8.3	348.6	10.7	4.6	509.1
0.0	10.8	349.4	10.7	5.0	509.1
0.0	13.2	336.8	10.7	5.6	509.1
0.0	15.1	330.6	10.7	5.5	509.1
0.0	16.8	323.7	10.6	5.9	509.1
0.0	10.4	180.2	10.6	4.4	509.1
0.0	7.6	184.0	10.6	2.6	509.1
18.5	3.6	68.7	10.6	2.3	509.1
1.6	2.4	34.7	10.6	1.4	509.1
19.4	7.6	58.0	10.5	3.4	509.1
4.7	12.8	64.0	10.5	2.7	509.1
38.7	16.0	26.0	10.5	2.9	509.1
0.7	17.8	110.1	10.5	2.9	509.1
6.5	15.6	34.4	10.5	4.4	509.1
0.6	8.6	221.9	10.4	3.8	509.1
0.0	3.4	299.9	10.4	2.5	509.1
0.0	4.3	309.7	10.4	2.7	509.1
0.0	4.7	283.9	10.4	2.5	509.1
0.2	5.0	87.7	10.4	2.7	509.1
0.2	6.7	255.3	10.4	3.6	509.1
0.1	8.4	194.5	10.3	3.4	511.3
0.1	10.7	182.3	10.3	4.0	511.3
0.7	12.6	121.7	10.3	3.5	511.3
0.8	11.4	38.1	10.3	2.3	511.3
0.3	10.5	152.3	10.3	2.8	511.3
1.4	12.4	156.9	10.3	2.9	511.3
5.8	15.3	84.8	10.3	2.7	511.3
6.6	16.2	36.1	10.3	1.8	511.3
0.3	17.9	204.1	10.2	4.0	511.3
0.3	19.2	195.0	10.2	4.1	511.3
4.2	18.1	261.9	10.2	5.1	511.3
21.0	10.2	194.7	10.2	3.6	511.3
0.0	8.2	253.2	10.2	2.3	511.3
0.0	7.4	248.4	10.2	3.5	511.3
0.1	3.3	214.5	10.2	2.6	511.3
10.6	9.3	231.1	10.2	3.5	511.3
20.3	3.8	17.6	10.2	3.0	511.3
0.0	-1.0	79.9	10.2	1.0	511.3
0.7	0.5	130.9	10.2	1.7	511.3
8.7	5.8	18.1	10.2	2.2	511.3
53.5	8.6	25.6	10.2	2.1	511.3
7.7	9.6	15.1	10.2	1.5	511.3
2.8	7.7	51.5	10.2	1.9	511.3
6.3	2.9	21.3	10.2	2.3	511.3
2.4	-0.5	91.1	10.2	1.2	511.3
1.3	-0.4	90.5	10.2	1.3	511.3
0.0	-1.3	239.2	10.2	2.1	511.3
0.0	1.6	185.5	10.2	2.3	511.3
0.0	3.5	248.8	10.2	2.5	511.3
6.2	5.1	133.0	10.2	2.8	511.3
2.7	-0.1	39.8	10.2	1.4	511.3
0.0	-0.8	260.8	10.2	1.9	513.8
0.0	0.0	246.8	10.2	2.3	513.8
0.0	3.7	299.1	10.2	3.0	513.8
0.2	0.4	108.8	10.2	1.7	513.8
0.2	1.5	229.2	10.3	2.4	513.8
0.8	0.9	63.8	10.3	1.7	513.8
0.1	0.4	153.0	10.3	1.9	513.8
0.5	5.6	269.4	10.3	3.8	513.8
1.7	4.0	40.5	10.3	2.2	513.8
7.0	1.4	33.5	10.3	1.1	513.8
0.4	0.8	117.9	10.3	2.2	513.8
0.5	1.3	197.0	10.3	3.1	513.8
0.6	3.8	181.9	10.4	3.3	513.8
0.9	2.5	86.5	10.4	1.6	513.8
0.3	3.9	197.6	10.4	3.1	513.8
0.2	7.8	290.0	10.4	4.8	513.8
0.3	8.2	279.1	10.4	3.9	513.8
0.1	6.6	120.1	10.4	2.7	513.8
0.3	7.6	92.2	10.5	2.5	513.8
6.9	12.1	150.8	10.5	3.5	513.8
5.7	3.3	76.9	10.5	3.4	513.8
17.8	-0.5	33.7	10.5	1.1	513.8
0.8	-0.8	95.7	10.5	1.0	513.8
0.5	-1.0	165.9	10.6	1.9	513.8
0.0	-2.8	345.6	10.6	2.1	513.8
0.0	-2.0	350.9	10.6	2.2	513.8
0.0	-1.4	353.8	10.6	2.3	513.8
0.1	1.6	330.0	10.6	3.1	513.8
0.0	2.7	350.2	10.7	3.3	513.8
0.6	8.9	313.2	10.7	5.2	513.8
10.7	10.0	47.1	10.7	3.2	513.8
2.2	4.2	32.7	10.7	2.2	515.1
0.1	2.4	170.0	10.8	2.8	515.1
0.1	4.6	320.6	10.8	4.1	515.1
1.4	9.0	356.0	10.8	4.9	515.1
2.3	12.2	76.1	10.8	4.0	515.1
0.3	16.8	208.0	10.9	5.3	515.1
7.0	8.7	54.5	10.9	5.8	515.1
0.0	1.0	142.4	10.9	2.7	515.1
0.5	3.5	106.3	10.9	2.9	515.1
0.2	15.8	273.2	11.0	6.0	515.1
9.9	6.9	19.6	11.0	6.1	515.1
2.9	-4.8	31.1	11.0	1.7	515.1
0.0	-7.4	115.9	11.1	1.0	515.1
1.5	-3.3	264.4	11.1	2.0	515.1
1.7	-1.2	102.1	11.1	1.6	515.1
0.0	-1.1	413.8	11.1	3.0	515.1
1.8	5.0	395.6	11.2	4.3	515.1
7.3	7.7	58.6	11.2	3.1	515.1
0.5	8.2	323.1	11.2	4.4	515.1
25.4	7.9	97.7	11.2	2.9	515.1
2.2	7.4	94.5	11.3	3.4	515.1
0.3	6.0	186.2	11.3	4.0	515.1
12.7	10.3	311.1	11.3	5.3	515.1
4.9	7.9	45.4	11.4	4.7	515.1
0.0	3.7	442.5	11.4	4.3	515.1
0.0	5.1	285.7	11.4	4.6	515.1
0.0	7.7	338.5	11.5	5.1	515.1
0.0	4.7	446.4	11.5	4.0	515.1
0.0	9.0	448.3	11.5	5.6	515.5
0.0	3.7	311.1	11.5	4.4	515.5
0.0	1.8	470.5	11.6	3.3	515.5
0.0	3.1	413.6	11.6	4.4	515.5
0.0	3.4	477.5	11.6	4.6	515.5
0.9	10.4	460.1	11.7	7.1	515.5
2.4	8.7	28.2	11.7	3.6	515.5
3.6	8.7	303.3	11.7	5.1	515.5
0.8	6.0	80.3	11.8	2.4	515.5
12.6	11.0	121.9	11.8	4.3	515.5
11.5	10.9	85.7	11.8	3.2	515.5
2.9	16.0	144.4	11.8	5.6	515.5
0.3	9.0	260.0	11.9	6.8	515.5
0.0	10.2	498.3	11.9	5.6	515.5
0.0	12.5	486.8	11.9	6.8	515.5
0.0	16.7	456.2	12.0	8.5	515.5
14.4	20.1	373.8	12.0	8.1	515.5
18.1	17.3	32.2	12.0	4.4	515.5
0.7	14.6	76.6	12.1	4.7	515.5
0.1	14.4	506.5	12.1	7.4	515.5
26.4	18.0	419.2	12.1	8.7	515.5
51.1	14.4	39.8	12.2	8.2	515.5
1.3	8.7	110.1	12.2	2.7	515.5
10.4	8.9	52.4	12.2	3.0	515.5
35.2	13.1	127.5	12.2	4.6	515.5
12.0	11.7	47.6	12.3	4.7	515.5
0.0	9.9	489.2	12.3	6.8	515.5
0.0	11.1	545.4	12.3	7.2	515.5
0.0	14.4	531.2	12.4	7.6	515.5
0.0	15.9	542.1	12.4	7.1	515.5
0.0	17.4	480.4	12.4	8.7	515.5
0.0	21.6	542.0	12.5	9.6	515.9
0.0	18.8	537.6	12.5	10.4	515.9
11.2	18.5	513.3	12.5	8.6	515.9
70.6	16.4	65.3	12.6	7.6	515.9
3.3	7.4	70.4	12.6	5.3	515.9
0.0	8.6	578.7	12.6	6.2	515.9
19.3	12.6	547.3	12.6	6.9	515.9
26.8	17.2	62.7	12.7	7.3	515.9
25.6	21.0	120.6	12.7	4.2	515.9
2.4	16.6	114.1	12.7	7.7	515.9
1.0	18.9	151.2	12.8	8.4	515.9
56.7	20.0	269.6	12.8	11.6	515.9
4.1	7.8	86.1	12.8	4.5	515.9
12.4	7.3	48.0	12.8	3.4	515.9
26.1	12.0	202.3	12.9	5.7	515.9
9.7	12.3	49.4	12.9	3.4	515.9
21.0	15.2	161.9	12.9	7.6	515.9
17.9	16.9	114.5	13.0	9.6	515.9
0.0	16.4	561.1	13.0	7.5	515.9
30.1	14.8	124.9	13.0	5.5	515.9
0.0	15.9	509.2	13.0	8.9	515.9
0.0	15.3	553.9	13.1	8.3	515.9
0.0	16.3	584.3	13.1	8.4	515.9
0.0	19.7	604.4	13.1	8.4	515.9
0.1	21.3	587.6	13.2	10.3	515.9
18.6	21.4	192.4	13.2	7.6	515.9
13.3	19.5	248.3	13.2	9.2	515.9
0.0	18.0	511.0	13.2	8.1	515.9
2.2	17.8	274.3	13.3	12.1	515.9
0.0	12.8	436.1	13.3	6.2	515.9
0.1	12.3	262.6	13.3	6.2	516.3
0.7	16.1	609.0	13.3	8.7	516.3
0.0	17.4	617.7	13.4	8.7	516.3
3.7	21.6	258.9	13.4	7.6	516.3
2.0	20.4	129.9	13.4	7.6	516.3
0.0	20.6	604.6	13.4	8.4	516.3
0.4	25.2	464.5	13.5	10.8	516.3
15.4	23.3	265.8	13.5	9.1	516.3
7.0	23.6	142.5	13.5	6.4	516.3
30.7	24.5	354.7	13.5	9.4	516.3
4.3	17.5	97.8	13.6	8.2	516.3
0.0	16.6	501.0	13.6	7.0	516.3
10.9	14.8	143.6	13.6	4.9	516.3
0.8	22.8	373.0	13.6	11.4	516.3
17.0	23.8	251.7	13.6	9.3	516.3
2.0	19.4	136.8	13.7	6.4	516.3
21.4	18.4	151.9	13.7	7.6	516.3
9.5	21.3	103.9	13.7	9.4	516.3
5.3	21.6	104.6	13.7	7.6	516.3
17.8	21.4	89.7	13.7	7.6	516.3
0.8	20.3	330.8	13.8	8.7	516.3
8.5	18.0	294.4	13.8	8.5	516.3
3.7	15.2	90.9	13.8	4.6	516.3
0.4	18.7	213.3	13.8	6.5	516.3
1.6	22.2	240.6	13.8	7.6	516.3
22.6	23.3	209.7	13.9	7.6	516.3
2.1	21.9	171.6	13.9	7.6	516.3
0.6	22.1	586.3	13.9	8.8	516.3
4.3	22.9	347.3	13.9	9.2	516.3
0.1	21.9	460.2	13.9	10.6	516.3
0.0	22.2	609.8	13.9	9.7	516.3
21.3	22.1	382.8	13.9	8.9	515.0
28.4	19.9	45.0	14.0	3.9	515.0
3.3	21.4	78.0	14.0	5.6	515.0
2.1	21.1	177.0	14.0	6.9	515.0
0.3	21.0	213.8	14.0	8.2	515.0
0.1	23.9	424.1	14.0	9.9	515.0
0.2	24.0	348.7	14.0	9.5	515.0
0.3	23.8	263.5	14.0	8.5	515.0
7.9	22.9	609.8	14.0	10.7	515.0
0.1	24.5	644.8	14.0	11.0	515.0
0.0	25.1	591.6	14.0	11.8	515.0
0.0	25.7	634.4	14.1	11.5	515.0
0.0	26.8	493.7	14.1	10.8	515.0
0.0	26.4	404.5	14.1	11.6	515.0
1.0	26.8	645.0	14.1	14.2	515.0
0.0	25.6	626.1	14.1	11.8	515.0
0.0	25.1	590.8	14.1	10.6	515.0
0.0	23.3	137.4	14.1	6.3	515.0
57.2	21.5	45.9	14.1	5.4	515.0
13.7	23.0	67.6	14.1	5.6	515.0
0.6	22.5	154.5	14.1	6.4	515.0
0.1	23.6	494.2	14.1	9.7	515.0
0.7	23.4	455.4	14.1	9.1	515.0
3.8	22.8	58.1	14.1	5.2	515.0
0.8	25.6	322.7	14.1	8.1	515.0
21.5	26.1	412.5	14.1	8.6	515.0
0.1	25.6	172.7	14.1	8.3	515.0
4.4	26.2	247.0	14.1	9.0	515.0
20.0	25.8	275.1	14.1	9.2	515.0
17.6	25.2	216.3	14.1	7.6	515.0
0.7	27.9	565.5	14.1	10.1	511.9
23.6	28.0	518.7	14.0	11.9	511.9
21.5	24.7	93.7	14.0	5.3	511.9
6.6	26.5	513.1	14.0	10.6	511.9
7.1	26.6	593.0	14.0	11.5	511.9
32.9	26.2	375.0	14.0	9.6	511.9
34.8	23.6	101.6	14.0	5.6	511.9
5.1	23.2	153.1	14.0	8.4	511.9
0.4	25.4	588.8	14.0	10.4	511.9
0.0	27.0	534.0	14.0	10.7	511.9
0.0	28.0	629.0	14.0	11.7	511.9
0.0	29.1	614.8	14.0	11.3	511.9
0.7	29.5	581.1	13.9	12.5	511.9
2.5	29.3	598.7	13.9	11.0	511.9
0.0	28.9	558.0	13.9	11.2	511.9
0.0	27.6	432.3	13.9	9.5	511.9
1.6	27.4	506.1	13.9	10.5	511.9
0.5	27.3	436.5	13.9	10.0	511.9
0.1	28.0	616.7	13.8	11.0	511.9
0.0	28.5	615.1	13.8	11.1	511.9
0.0	30.3	618.0	13.8	12.1	511.9
4.6	29.6	536.4	13.8	12.2	511.9
20.7	27.2	545.5	13.8	9.7	511.9
25.8	26.3	356.7	13.8	7.6	511.9
11.8	26.7	427.8	13.7	8.5	511.9
18.4	26.9	455.5	13.7	8.3	511.9
17.8	27.3	496.5	13.7	9.4	511.9
8.0	27.6	530.3	13.7	10.1	511.9
6.6	28.0	515.4	13.7	10.2	511.9
2.2	28.6	608.2	13.6	12.1	511.9
3.4	28.2	613.2	13.6	11.3	511.9
3.4	28.2	599.7	13.6	11.7	509.7
3.6	28.3	593.3	13.6	11.2	509.7
12.5	27.6	507.6	13.6	10.6	509.7
3.1	27.8	572.6	13.5	11.4	509.7
5.5	27.6	540.6	13.5	10.6	509.7
6.2	27.5	508.0	13.5	10.4	509.7
6.5	27.5	499.6	13.5	10.1	509.7
4.0	27.6	539.5	13.4	10.4	509.7
6.2	28.0	541.9	13.4	9.7	509.7
10.7	27.8	487.6	13.4	9.7	509.7
8.3	27.8	525.8	13.4	9.7	509.7
5.6	27.7	539.6	13.3	10.8	509.7
6.2	27.5	489.7	13.3	10.2	509.7
13.9	27.3	445.2	13.3	9.9	509.7
19.7	26.0	353.7	13.3	8.3	509.7
11.4	25.4	381.9	13.2	8.4	509.7
11.2	25.6	413.4	13.2	8.7	509.7
17.6	25.5	375.2	13.2	8.1	509.7
25.1	24.6	302.6	13.2	6.1	509.7
3.9	24.1	132.6	13.1	5.4	509.7
1.4	24.8	365.8	13.1	8.4	509.7
1.3	25.5	331.4	13.1	8.7	509.7
2.0	25.9	558.8	13.0	10.0	509.7
0.1	25.2	558.5	13.0	8.5	509.7
0.0	23.7	578.9	13.0	9.4	509.7
0.2	24.0	509.2	13.0	9.3	509.7
2.3	24.9	318.4	12.9	8.0	509.7
7.9	23.6	151.1	12.9	6.5	509.7
9.8	23.7	127.9	12.9	6.0	509.7
6.7	24.8	147.3	12.8	6.2	509.7
1.0	26.3	308.1	12.8	8.2	509.7
0.0	27.3	459.2	12.8	9.4	510.2
0.0	28.3	531.2	12.8	9.7	510.2
0.0	28.5	538.5	12.7	9.8	510.2
0.1	28.8	534.3	12.7	10.0	510.2
0.0	28.7	531.8	12.7	10.1	510.2
0.0	28.9	526.0	12.6	10.0	510.2
7.7	27.3	454.3	12.6	10.1	510.2
6.5	26.4	459.0	12.6	8.2	510.2
0.2	27.4	488.3	12.6	8.8	510.2
0.1	28.1	491.7	12.5	9.1	510.2
11.0	26.8	407.4	12.5	8.3	510.2
10.0	26.5	432.5	12.5	7.5	510.2
1.8	26.0	365.5	12.4	7.1	510.2
5.5	25.6	285.8	12.4	7.6	510.2
17.6	26.8	410.7	12.4	7.6	510.2
7.8	26.9	386.6	12.3	7.4	510.2
5.9	27.0	401.7	12.3	8.7	510.2
12.2	25.9	407.5	12.3	7.9	510.2
1.7	21.4	51.3	12.3	5.1	510.2
0.0	24.0	471.1	12.2	8.5	510.2
0.6	25.9	461.5	12.2	8.4	510.2
2.1	24.3	119.1	12.2	7.1	510.2
0.2	20.1	213.4	12.1	7.3	510.2
0.0	18.9	504.3	12.1	6.5	510.2
0.0	19.8	487.4	12.1	8.1	510.2
0.0	19.3	351.9	12.0	8.0	510.2
0.0	21.7	485.8	12.0	8.4	510.2
0.0	21.8	461.2	12.0	8.7	510.2
0.0	22.3	485.2	12.0	8.9	510.2
0.0	23.0	471.5	11.9	9.4	510.2
0.0	22.7	464.3	11.9	9.1	510.7
0.2	23.4	290.1	11.9	7.8	510.7
0.0	21.9	275.1	11.8	8.1	510.7
0.0	22.3	464.0	11.8	9.2	510.7
0.0	23.3	465.1	11.8	9.3	510.7
0.0	22.3	463.6	11.7	9.4	510.7
0.0	22.8	460.8	11.7	9.9	510.7
0.0	22.6	461.2	11.7	9.5	510.7
0.0	22.8	457.8	11.7	9.9	510.7
0.1	22.9	442.5	11.6	8.7	510.7
0.3	18.7	252.0	11.6	7.3	510.7
0.0	15.8	447.0	11.6	6.0	510.7
0.0	14.7	448.7	11.5	6.4	510.7
0.0	17.3	441.5	11.5	7.4	510.7
0.0	17.4	432.2	11.5	7.0	510.7
0.0	18.4	422.9	11.4	7.3	510.7
0.0	18.7	424.7	11.4	7.5	510.7
0.0	19.7	419.9	11.4	7.2	510.7
0.0	21.5	405.7	11.4	7.9	510.7
0.0	23.1	397.1	11.3	8.1	510.7
0.0	23.0	196.1	11.3	7.0	510.7
0.0	19.2	297.3	11.3	5.9	510.7
0.0	17.3	273.7	11.2	5.5	510.7
0.2	18.8	336.8	11.2	6.0	510.7
2.1	15.4	36.3	11.2	2.4	510.7
0.0	16.4	256.0	11.2	5.9	510.7
0.0	16.9	377.9	11.1	6.5	510.7
0.0	16.4	388.7	11.1	6.8	510.7
0.0	16.6	358.7	11.1	7.0	510.7
0.0	17.8	388.3	11.0	6.8	510.7
0.0	19.0	360.8	11.0	6.7	510.7
0.0	21.4	272.4	11.0	6.4	512.2
0.0	21.0	129.6	11.0	5.6	512.2
0.0	16.1	308.6	10.9	6.1	512.2
0.0	15.0	377.1	10.9	6.0	512.2
0.0	16.7	368.4	10.9	6.5	512.2
0.0	19.1	324.8	10.9	6.6	512.2
0.0	14.1	273.4	10.8	5.4	512.2
0.0	9.8	373.9	10.8	4.9	512.2
0.0	10.5	373.3	10.8	5.5	512.2
0.0	14.3	365.7	10.8	6.1	512.2
0.0	13.9	270.4	10.7	5.3	512.2
0.1	10.9	109.5	10.7	4.2	512.2
0.0	9.7	340.8	10.7	4.5	512.2
0.0	12.6	232.4	10.7	4.7	512.2
0.0	13.7	327.7	10.6	5.6	512.2
0.0	14.0	338.1	10.6	5.2	512.2
0.0	16.5	331.6	10.6	5.4	512.2
0.0	20.0	312.4	10.6	6.3	512.2
0.1	20.8	135.7	10.6	4.5	512.2
7.7	21.1	104.5	10.5	3.8	512.2
8.8	17.3	16.2	10.5	4.5	512.2
0.5	9.7	51.7	10.5	2.6	512.2
0.3	11.7	119.3	10.5	2.9	512.2
19.2	11.7	114.7	10.5	4.0	512.2
0.0	11.4	315.0	10.4	3.9	512.2
0.1	12.3	265.4	10.4	4.2	512.2
5.1	14.7	139.7	10.4	3.8	512.2
0.7	9.2	48.8	10.4	2.9	512.2
0.0	4.4	182.6	10.4	2.4	512.2
0.0	5.4	201.3	10.4	2.5	512.2
5.9	6.5	71.0	10.3	1.8	514.4
8.2	8.2	21.2	10.3	1.7	514.4
6.2	7.7	37.0	10.3	1.3	514.4
2.9	6.8	22.1	10.3	1.1	514.4
0.0	6.6	296.3	10.3	2.9	514.4
0.0	6.0	304.6	10.3	3.2	514.4
0.0	5.4	301.4	10.3	3.3	514.4
0.1	7.9	280.5	10.3	4.0	514.4
0.0	6.5	283.3	10.2	3.2	514.4
0.0	8.3	276.7	10.2	3.5	514.4
0.1	13.4	241.6	10.2	4.6	514.4
14.3	9.6	33.7	10.2	3.9	514.4
0.1	3.4	86.4	10.2	2.0	514.4
0.0	1.2	290.4	10.2	2.2	514.4
0.0	3.7	259.9	10.2	3.0	514.4
0.0	-0.2	301.6	10.2	2.0	514.4
0.0	1.0	294.8	10.2	2.4	514.4
0.0	2.7	87.3	10.2	2.1	514.4
0.0	3.2	290.7	10.2	3.2	514.4
1.9	6.3	290.7	10.2	3.6	514.4
12.8	7.5	41.4	10.2	2.0	514.4
1.5	6.9	63.8	10.2	2.2	514.4
0.1	3.8	182.2	10.2	2.7	514.4
0.2	3.5	228.2	10.2	3.1	514.4
0.1	4.3	239.2	10.2	3.6	514.4
0.1	6.1	256.5	10.2	4.0	514.4
0.2	7.5	250.4	10.2	4.2	514.4
0.1	5.5	231.8	10.2	3.6	514.4
0.0	2.3	295.0	10.2	2.5	514.4
0.1	4.9	167.1	10.2	2.8	514.4
0.0	7.8	280.7	10.2	3.6	514.4
1.8	9.5	122.7	10.2	3.2	517.0
1.9	6.7	74.8	10.2	1.8	517.0
3.2	4.8	32.6	10.2	1.9	517.0
1.7	1.2	57.8	10.2	1.8	517.0
0.0	0.2	216.1	10.3	1.9	517.0
0.3	3.2	159.5	10.3	2.6	517.0
7.2	8.9	27.2	10.3	3.7	517.0
1.0	1.3	77.8	10.3	1.7	517.0
0.5	0.5	115.7	10.3	1.5	517.0
1.0	4.2	175.9	10.3	2.8	517.0
0.0	2.0	306.5	10.3	2.9	517.0
0.0	2.0	314.4	10.3	2.7	517.0
0.0	-1.4	306.4	10.4	2.3	517.0
1.5	3.2	285.6	10.4	3.1	517.0
3.8	2.0	37.2	10.4	1.4	517.0
6.9	0.9	84.9	10.4	1.8	517.0
0.8	-1.5	66.3	10.4	1.5	517.0
1.2	0.9	158.2	10.4	2.1	517.0
0.6	-3.9	243.0	10.5	1.9	517.0
0.5	-4.1	159.4	10.5	1.3	517.0
0.0	-4.2	296.1	10.5	1.8	517.0
0.0	-4.7	298.1	10.5	1.9	517.0
0.0	-0.8	329.4	10.5	2.6	517.0
0.0	0.9	72.1	10.6	2.2	517.0
0.0	-0.1	340.0	10.6	2.2	517.0
0.0	1.8	307.6	10.6	2.8	517.0
0.0	0.2	280.4	10.6	2.9	517.0
0.0	2.5	353.3	10.6	3.9	517.0
0.4	6.2	343.2	10.7	4.5	517.0
16.3	2.9	13.4	10.7	2.7	517.0
0.0	-2.8	86.5	10.7	1.6	517.0
0.0	-3.4	354.1	10.7	2.1	518.2
8.9	1.0	172.6	10.8	2.4	518.2
0.9	-0.9	61.8	10.8	2.3	518.2
0.1	-4.2	263.0	10.8	1.8	518.2
0.0	-4.2	157.7	10.8	1.3	518.2
0.0	-4.5	342.7	10.9	2.0	518.2
0.0	-1.6	389.6	10.9	2.9	518.2
0.6	3.4	315.7	10.9	3.5	518.2
17.7	7.5	28.4	10.9	3.9	518.2
1.3	1.8	67.6	11.0	2.1	518.2
0.0	-1.4	195.1	11.0	2.2	518.2
0.0	0.2	400.2	11.0	3.3	518.2
4.8	2.9	361.0	11.0	3.4	518.2
2.0	1.7	47.7	11.1	1.9	518.2
0.3	2.9	128.2	11.1	2.8	518.2
0.1	4.2	168.6	11.1	3.3	518.2
0.0	5.1	373.7	11.2	4.7	518.2
0.1	6.1	405.2	11.2	4.6	518.2
0.0	8.6	302.4	11.2	4.6	518.2
0.0	7.8	314.5	11.2	4.9	518.2
0.0	9.6	429.6	11.3	5.5	518.2
0.0	11.6	424.1	11.3	7.2	518.2
0.0	10.0	400.1	11.3	5.3	518.2
0.0	12.8	327.5	11.4	6.1	518.2
0.0	12.4	428.3	11.4	7.2	518.2
0.0	8.2	190.1	11.4	4.6	518.2
0.0	5.7	358.5	11.4	4.7	518.2
0.0	10.9	454.6	11.5	6.9	518.2
0.0	13.7	446.3	11.5	8.0	518.2
0.1	17.6	344.5	11.5	8.5	518.6
0.0	15.9	54.6	11.6	4.5	518.6
0.3	19.8	337.7	11.6	8.4	518.6
7.5	19.1	284.5	11.6	7.4	518.6
3.7	16.5	63.4	11.7	3.4	518.6
7.9	17.7	278.2	11.7	5.8	518.6
9.0	12.3	46.8	11.7	6.4	518.6
2.3	11.8	373.5	11.7	5.1	518.6
13.6	11.9	41.2	11.8	2.3	518.6
6.3	9.5	54.1	11.8	5.5	518.6
0.0	4.1	239.0	11.8	2.4	518.6
6.0	4.3	106.0	11.9	2.3	518.6
0.4	7.3	357.4	11.9	5.6	518.6
0.1	10.5	465.1	11.9	6.9	518.6
0.0	8.9	471.5	12.0	7.0	518.6
0.0	7.0	509.1	12.0	4.8	518.6
22.8	10.2	173.9	12.0	5.1	518.6
37.1	9.3	30.7	12.1	4.5	518.6
32.3	7.4	33.5	12.1	3.2	518.6
25.1	9.4	47.3	12.1	4.4	518.6
0.6	6.2	92.5	12.1	3.1	518.6
5.8	10.2	375.8	12.2	5.8	518.6
22.0	9.5	78.5	12.2	3.0	518.6
3.1	10.8	26.6	12.2	2.9	518.6
0.5	11.7	200.0	12.3	5.6	518.6
19.3	11.6	100.8	12.3	5.5	518.6
18.7	7.3	35.6	12.3	2.2	518.6
2.8	7.5	35.3	12.4	1.9	518.6
0.1	9.4	354.6	12.4	5.2	518.6
8.3	9.2	224.4	12.4	5.4	518.6
14.8	8.6	52.6	12.5	3.7	518.6
0.6	6.9	228.6	12.5	5.5	519.0
1.0	8.9	210.8	12.5	5.5	519.0
15.7	10.3	142.9	12.5	4.9	519.0
0.0	7.6	450.0	12.6	6.1	519.0
0.0	8.3	538.1	12.6	5.8	519.0
0.0	11.4	563.0	12.6	6.8	519.0
0.8	16.4	528.4	12.7	8.3	519.0
8.1	17.7	111.4	12.7	5.6	519.0
1.7	22.1	188.3	12.7	6.5	519.0
5.0	23.0	273.3	12.8	7.7	519.0
3.7	17.8	88.8	12.8	10.5	519.0
1.8	9.7	92.7	12.8	3.7	519.0
0.7	8.5	204.4	12.8	5.6	519.0
0.1	14.4	547.9	12.9	9.5	519.0
0.1	17.3	561.4	12.9	9.7	519.0
0.0	19.3	552.6	12.9	8.9	519.0
34.2	19.0	219.1	13.0	8.8	519.0
0.0	12.3	603.6	13.0	7.7	519.0
0.0	16.7	594.2	13.0	8.9	519.0
0.0	21.5	526.9	13.0	9.9	519.0
41.6	21.0	275.3	13.1	9.4	519.0
7.2	17.2	102.6	13.1	7.2	519.0
22.0	13.9	65.7	13.1	7.6	519.0
0.4	10.9	91.8	13.2	4.8	519.0
2.6	8.7	113.5	13.2	4.0	519.0
0.1	12.3	505.8	13.2	7.8	519.0
0.0	14.9	623.7	13.2	8.9	519.0
0.0	15.8	624.0	13.3	10.1	519.0
0.0	17.3	623.8	13.3	10.1	519.0
0.7	18.7	476.3	13.3	8.6	519.0
0.6	19.7	467.2	13.3	9.1	519.4
0.5	22.0	529.8	13.4	9.7	519.4
0.0	21.1	96.6	13.4	7.5	519.4
2.0	20.6	109.5	13.4	5.7	519.4
0.3	22.2	410.2	13.4	9.4	519.4
0.0	24.0	521.3	13.5	9.4	519.4
0.5	26.2	339.0	13.5	8.8	519.4
12.2	25.6	389.0	13.5	12.0	519.4
1.2	20.0	252.0	13.5	7.6	519.4
0.9	19.6	406.3	13.6	8.9	519.4
7.8	23.2	542.5	13.6	10.3	519.4
2.8	20.3	32.2	13.6	2.7	519.4
2.2	22.0	106.6	13.6	7.4	519.4
46.8	21.5	373.0	13.6	9.7	519.4
6.7	18.1	42.4	13.7	3.4	519.4
17.5	18.5	78.8	13.7	7.3	519.4
0.3	17.2	353.1	13.7	8.5	519.4
0.0	19.8	329.2	13.7	9.4	519.4
0.0	22.4	608.8	13.7	10.3	519.4
16.4	22.8	312.8	13.8	10.2	519.4
4.6	19.3	46.9	13.8	5.4	519.4
0.1	21.2	443.3	13.8	9.6	519.4
3.3	23.6	315.2	13.8	9.7	519.4
2.8	22.6	57.3	13.8	4.5	519.4
26.4	24.3	522.4	13.9	9.6	519.4
1.6	25.7	526.6	13.9	11.2	519.4
16.6	24.0	139.7	13.9	7.6	519.4
19.5	23.0	99.6	13.9	6.6	519.4
2.8	21.7	88.1	13.9	5.5	519.4
1.0	20.1	296.2	13.9	9.4	519.4
0.1	22.1	533.6	13.9	9.6	519.4
0.0	24.7	407.6	14.0	10.2	518.1
3.1	25.2	605.1	14.0	11.3	518.1
6.1	25.9	568.5	14.0	10.9	518.1
2.0	25.0	363.8	14.0	8.6	518.1
12.0	24.9	402.0	14.0	8.9	518.1
5.3	25.2	432.8	14.0	9.6	518.1
1.0	22.6	121.1	14.0	6.0	518.1
0.2	23.7	165.5	14.0	6.2	518.1
3.6	26.5	472.5	14.0	10.4	518.1
8.0	26.4	466.2	14.0	8.2	518.1
5.1	24.1	67.7	14.1	6.4	518.1
0.6	23.6	108.7	14.1	5.1	518.1
20.2	26.2	304.3	14.1	10.8	518.1
0.2	22.6	305.4	14.1	6.8	518.1
0.9	24.2	501.5	14.1	8.8	518.1
6.7	23.3	161.3	14.1	7.5	518.1
0.8	23.7	468.9	14.1	8.9	518.1
0.0	25.3	554.3	14.1	10.6	518.1
0.0	25.5	477.5	14.1	9.1	518.1
6.2	25.6	123.9	14.1	7.0	518.1
0.8	24.2	174.3	14.1	9.3	518.1
0.0	26.7	574.4	14.1	11.1	518.1
0.1	26.0	353.8	14.1	9.7	518.1
0.1	27.5	607.3	14.1	11.8	518.1
0.0	26.8	614.1	14.1	12.1	518.1
0.0	26.3	538.3	14.1	10.7	518.1
0.3	26.9	274.7	14.1	8.6	518.1
16.3	26.0	486.8	14.1	9.1	518.1
13.1	25.6	536.1	14.1	11.5	518.1
0.3	22.7	140.2	14.1	7.8	518.1
0.0	24.8	594.1	14.1	9.6	515.0
0.0	25.5	246.2	14.0	8.3	515.0
6.7	24.3	266.0	14.0	8.3	515.0
1.2	23.3	194.8	14.0	7.6	515.0
0.1	26.7	583.9	14.0	11.0	515.0
6.5	28.5	598.0	14.0	12.2	515.0
0.3	28.3	495.9	14.0	10.4	515.0
20.7	26.4	287.4	14.0	9.4	515.0
9.9	27.5	437.3	14.0	9.3	515.0
23.0	27.5	383.5	14.0	9.7	515.0
3.2	28.7	569.8	14.0	10.8	515.0
0.0	29.3	593.0	13.9	11.1	515.0
5.2	28.7	485.7	13.9	10.3	515.0
9.0	28.9	540.4	13.9	10.8	515.0
1.5	29.8	616.5	13.9	12.4	515.0
2.2	28.5	525.8	13.9	11.4	515.0
0.0	27.7	507.0	13.9	10.3	515.0
0.5	27.6	546.5	13.9	10.2	515.0
8.4	26.0	363.3	13.8	9.9	515.0
2.8	24.8	167.1	13.8	7.1	515.0
20.8	24.3	413.5	13.8	8.1	515.0
0.3	24.5	473.9	13.8	9.5	515.0
0.7	26.0	429.8	13.8	9.0	515.0
2.6	26.9	348.9	13.7	8.7	515.0
1.2	26.0	159.8	13.7	6.8	515.0
0.4	25.3	188.7	13.7	7.2	515.0
1.3	25.5	387.9	13.7	8.1	515.0
1.0	25.8	311.9	13.7	8.2	515.0
0.3	24.6	89.9	13.6	6.5	515.0
0.3	24.7	357.1	13.6	8.2	515.0
0.0	23.9	347.3	13.6	10.1	515.0
0.0	24.8	625.6	13.6	11.2	512.8
0.0	26.5	618.2	13.6	11.6	512.8
1.8	27.7	582.7	13.5	12.1	512.8
2.9	27.9	598.9	13.5	11.9	512.8
1.8	28.2	553.4	13.5	10.8	512.8
8.1	27.2	566.6	13.5	10.6	512.8
18.9	26.3	539.0	13.4	8.4	512.8
9.6	26.3	315.6	13.4	8.9	512.8
3.6	26.4	309.0	13.4	8.6	512.8
0.5	27.5	503.4	13.4	9.6	512.8
0.0	27.5	508.2	13.3	9.7	512.8
0.1	28.0	519.0	13.3	10.0	512.8
0.1	29.0	501.3	13.3	9.8	512.8
20.6	26.4	223.9	13.3	7.6	512.8
12.5	26.7	269.3	13.2	8.0	512.8
16.5	26.0	314.5	13.2	7.7	512.8
17.8	26.8	421.1	13.2	8.8	512.8
18.4	27.0	370.9	13.2	8.9	512.8
9.4	27.3	321.5	13.1	9.2	512.8
12.4	27.5	445.4	13.1	9.3	512.8
14.8	26.2	276.3	13.1	10.3	512.8
3.9	21.6	48.6	13.1	4.0	512.8
0.0	22.2	483.6	13.0	8.8	512.8
0.0	21.8	580.9	13.0	9.1	512.8
0.0	23.1	553.2	13.0	8.8	512.8
0.7	24.9	295.9	12.9	8.1	512.8
1.2	25.8	466.8	12.9	9.9	512.8
0.3	26.6	481.6	12.9	9.9	512.8
0.0	27.1	545.7	12.9	10.1	512.8
0.0	27.6	521.7	12.8	9.9	512.8
0.6	27.7	463.7	12.8	9.8	512.8
16.1	25.8	468.0	12.8	9.9	513.3
16.8	24.8	476.2	12.7	8.2	513.3
0.2	25.7	508.8	12.7	8.9	513.3
0.1	26.3	535.2	12.7	9.1	513.3
0.2	27.2	495.5	12.7	8.5	513.3
0.0	27.7	526.3	12.6	9.3	513.3
0.0	27.3	526.8	12.6	9.5	513.3
0.0	27.1	340.4	12.6	8.9	513.3
2.8	27.0	464.1	12.5	11.1	513.3
0.0	28.0	517.3	12.5	10.5	513.3
0.0	28.9	507.8	12.5	10.5	513.3
0.0	28.2	493.3	12.4	9.4	513.3
0.0	27.2	452.6	12.4	10.4	513.3
0.0	26.2	508.3	12.4	9.7	513.3
0.0	25.2	505.9	12.4	10.0	513.3
0.0	25.3	513.5	12.3	9.9	513.3
0.0	24.7	416.8	12.3	10.1	513.3
0.0	19.7	401.6	12.3	8.1	513.3
0.0	22.6	498.7	12.2	8.0	513.3
0.0	24.6	341.1	12.2	8.2	513.3
3.7	25.0	219.1	12.2	8.2	513.3
1.3	21.0	62.8	12.1	3.5	513.3
0.0	23.9	339.9	12.1	7.8	513.3
4.7	24.9	322.9	12.1	8.4	513.3
7.0	19.4	18.4	12.1	4.6	513.3
0.0	20.5	235.6	12.0	5.9	513.3
0.0	20.3	185.3	12.0	7.5	513.3
0.0	20.7	462.8	12.0	7.4	513.3
0.0	21.8	278.8	11.9	7.0	513.3
0.0	23.3	385.7	11.9	8.1	513.3
0.0	24.9	446.1	11.9	8.3	513.8
0.0	25.9	442.5	11.8	8.4	513.8
0.0	26.0	434.5	11.8	8.3	513.8
5.3	24.3	223.6	11.8	8.5	513.8
1.1	15.6	129.0	11.8	6.1	513.8
0.0	12.3	459.2	11.7	5.0	513.8
0.0	15.2	463.2	11.7	6.7	513.8
0.0	17.3	422.2	11.7	7.4	513.8
0.0	18.3	454.1	11.6	8.0	513.8
0.0	15.8	465.0	11.6	7.0	513.8
0.0	17.0	445.6	11.6	7.8	513.8
0.0	18.5	432.9	11.5	8.6	513.8
0.0	19.3	440.1	11.5	8.5	513.8
0.0	21.1	424.0	11.5	8.3	513.8
0.0	21.7	407.9	11.5	7.8	513.8
0.0	21.8	98.0	11.4	5.8	513.8
0.1	20.3	143.1	11.4	6.2	513.8
0.4	19.3	235.4	11.4	6.0	513.8
0.0	15.1	195.7	11.3	5.9	513.8
0.0	14.6	422.8	11.3	6.7	513.8
0.0	15.5	415.9	11.3	6.6	513.8
0.0	16.3	403.4	11.3	6.4	513.8
0.0	15.0	400.2	11.2	6.2	513.8
0.0	14.9	404.2	11.2	6.7	513.8
0.0	15.4	401.1	11.2	7.1	513.8
0.0	16.2	400.1	11.1	7.2	513.8
0.0	16.9	389.5	11.1	7.3	513.8
0.0	17.8	378.9	11.1	6.8	513.8
0.0	16.6	378.7	11.1	6.3	513.8
0.0	15.9	379.0	11.0	6.4	513.8
0.0	15.5	387.6	11.0	6.6	513.8
0.0	15.5	388.9	11.0	6.7	515.3
0.0	14.7	383.8	10.9	6.7	515.3
0.0	15.3	380.3	10.9	6.5	515.3
0.0	16.1	370.8	10.9	6.5	515.3
0.0	16.9	364.7	10.9	6.7	515.3
0.1	17.5	349.3	10.8	6.8	515.3
0.1	18.6	341.9	10.8	6.9	515.3
0.0	20.9	302.9	10.8	6.6	515.3
0.0	11.7	341.1	10.8	5.0	515.3
0.0	9.3	354.4	10.7	4.2	515.3
0.0	13.2	344.9	10.7	5.4	515.3
0.1	18.5	297.3	10.7	6.1	515.3
2.9	17.3	90.9	10.7	3.8	515.3
3.8	16.3	80.7	10.7	4.0	515.3
3.9	14.9	46.2	10.6	2.3	515.3
1.0	12.3	72.7	10.6	3.4	515.3
0.0	4.0	326.1	10.6	3.6	515.3
0.0	1.9	339.6	10.6	2.7	515.3
0.0	4.6	339.9	10.5	4.0	515.3
0.0	7.1	341.0	10.5	4.7	515.3
0.0	9.1	333.3	10.5	5.0	515.3
0.0	10.0	329.2	10.5	5.1	515.3
0.0	11.8	318.1	10.5	5.0	515.3
0.1	8.7	88.8	10.4	3.3	515.3
0.0	7.6	324.6	10.4	3.4	515.3
0.0	8.8	318.9	10.4	4.3	515.3
0.0	9.8	317.5	10.4	4.7	515.3
0.0	9.9	310.3	10.4	4.3	515.3
0.0	11.4	308.8	10.4	5.0	515.3
1.7	13.2	284.7	10.3	5.0	515.3
0.2	5.5	91.5	10.3	2.3	517.5
0.0	3.4	288.3	10.3	3.0	517.5
0.0	3.7	308.4	10.3	3.4	517.5
0.0	5.2	314.6	10.3	4.0	517.5
0.0	4.7	314.5	10.3	3.8	517.5
0.0	6.0	280.3	10.3	4.1	517.5
0.0	9.9	281.4	10.3	4.5	517.5
0.0	8.9	232.8	10.3	3.8	517.5
0.0	7.6	224.2	10.2	2.9	517.5
0.0	6.2	151.8	10.2	3.1	517.5
0.0	6.2	294.0	10.2	3.2	517.5
0.0	6.5	63.0	10.2	2.3	517.5
0.0	6.1	294.6	10.2	3.8	517.5
0.0	7.2	296.3	10.2	3.8	517.5
0.8	12.8	215.8	10.2	4.6	517.5
2.3	15.7	111.9	10.2	3.9	517.5
28.6	15.2	35.4	10.2	4.0	517.5
4.7	6.6	34.3	10.2	2.5	517.5
10.6	3.7	96.3	10.2	1.7	517.5
26.6	5.5	20.6	10.2	1.8	517.5
1.6	1.4	71.8	10.2	1.5	517.5
0.0	-0.9	66.2	10.2	2.1	517.5
0.0	-5.0	301.9	10.2	1.3	517.5
0.0	-1.2	299.0	10.2	2.2	517.5
0.0	1.9	297.9	10.2	2.8	517.5
2.6	2.9	20.1	10.2	1.5	517.5
0.0	2.6	190.0	10.2	2.5	517.5
0.0	1.9	280.4	10.2	2.6	517.5
0.0	-0.5	304.4	10.2	2.1	517.5
0.0	-0.9	306.3	10.2	2.3	517.5
0.1	4.1	253.7	10.2	3.0	517.5
0.2	4.4	215.0	10.2	3.1	520.1
0.0	1.3	163.9	10.2	1.7	520.1
0.0	2.6	300.4	10.2	2.3	520.1
0.0	1.8	288.1	10.3	3.0	520.1
0.0	3.5	309.8	10.3	3.4	520.1
0.0	3.4	311.0	10.3	3.4	520.1
0.0	6.2	247.4	10.3	3.8	520.1
5.5	6.1	133.7	10.3	3.0	520.1
6.2	2.9	42.4	10.3	1.7	520.1
0.0	1.8	309.2	10.3	2.3	520.1
0.0	2.5	318.2	10.3	2.8	520.1
0.0	5.9	271.7	10.3	3.9	520.1
4.9	11.3	276.5	10.4	4.5	520.1
1.3	6.4	60.5	10.4	3.8	520.1
0.0	-2.6	184.9	10.4	1.6	520.1
0.0	-2.2	310.2	10.4	2.0	520.1
0.0	-0.1	196.9	10.4	2.8	520.1
0.0	2.3	330.9	10.4	3.3	520.1
0.1	0.9	297.9	10.5	2.3	520.1
6.2	3.9	194.0	10.5	2.7	520.1
0.3	4.7	199.5	10.5	2.7	520.1
0.1	4.4	258.6	10.5	3.4	520.1
0.0	7.0	313.5	10.5	4.1	520.1
0.0	3.0	176.3	10.6	2.8	520.1
0.0	2.8	353.3	10.6	3.5	520.1
0.0	5.6	350.6	10.6	4.4	520.1
0.4	10.4	344.0	10.6	5.4	520.1
1.2	13.5	167.6	10.7	5.1	520.1
0.1	14.9	178.4	10.7	5.6	520.1
0.3	17.2	335.8	10.7	6.5	520.1
0.1	16.4	217.4	10.7	6.2	520.1
0.6	15.6	209.5	10.8	4.2	521.3
0.0	11.9	282.6	10.8	5.3	521.3
17.4	12.1	161.0	10.8	5.3	521.3
0.0	8.3	358.5	10.8	4.1	521.3
0.0	11.0	373.3	10.9	4.5	521.3
1.8	9.8	189.3	10.9	4.7	521.3
12.3	5.7	93.6	10.9	2.5	521.3
3.9	5.5	37.5	10.9	2.5	521.3
18.5	4.7	36.2	11.0	4.0	521.3
0.0	-1.0	400.6	11.0	2.2	521.3
0.0	3.2	397.2	11.0	3.6	521.3
0.0	6.8	307.8	11.0	4.0	521.3
0.0	5.0	402.1	11.1	3.8	521.3
0.0	5.3	317.9	11.1	3.8	521.3
0.0	2.5	337.3	11.1	3.6	521.3
0.0	0.0	422.1	11.1	3.3	521.3
0.0	3.3	424.4	11.2	4.4	521.3
0.0	8.0	347.7	11.2	5.5	521.3
0.0	10.1	398.2	11.2	5.8	521.3
10.6	9.9	90.7	11.3	3.8	521.3
0.0	6.5	348.5	11.3	3.8	521.3
0.0	8.0	379.1	11.3	4.1	521.3
13.0	7.9	48.4	11.4	2.6	521.3
7.5	9.6	27.0	11.4	2.2	521.3
1.1	6.5	35.5	11.4	3.8	521.3
0.3	4.7	310.6	11.4	3.1	521.3
0.3	6.9	389.4	11.5	4.2	521.3
0.0	11.9	449.5	11.5	5.8	521.3
0.0	10.4	449.2	11.5	7.1	521.7
0.0	5.1	474.8	11.6	4.6	521.7
0.1	13.2	457.2	11.6	7.8	521.7
0.0	15.1	428.7	11.6	8.6	521.7
0.2	16.2	464.2	11.7	8.0	521.7
24.7	15.0	63.4	11.7	4.5	521.7
3.8	4.1	94.0	11.7	7.2	521.7
0.0	2.8	481.1	11.7	3.6	521.7
0.0	5.2	497.0	11.8	4.9	521.7
0.0	9.8	499.2	11.8	6.7	521.7
5.3	14.5	447.5	11.8	7.6	521.7
6.4	5.7	109.3	11.9	5.3	521.7
0.0	3.5	512.7	11.9	4.0	521.7
0.0	8.1	495.4	11.9	6.1	521.7
0.0	15.5	463.7	12.0	8.9	521.7
0.0	19.4	471.5	12.0	9.6	521.7
0.6	21.3	437.7	12.0	9.9	521.7
0.0	23.3	473.3	12.0	9.7	521.7
51.3	20.0	195.8	12.1	8.3	521.7
1.6	17.4	59.3	12.1	4.4	521.7
41.5	19.6	353.0	12.1	7.2	521.7
18.0	19.3	69.1	12.2	4.6	521.7
1.0	19.1	93.5	12.2	5.1	521.7
1.3	21.2	216.2	12.2	6.9	521.7
1.1	16.4	143.8	12.3	7.3	521.7
0.9	15.7	194.4	12.3	4.6	521.7
1.6	23.3	422.7	12.3	9.6	521.7
7.8	12.8	81.2	12.4	10.2	521.7
33.7	9.1	55.9	12.4	3.6	521.7
4.3	12.4	106.3	12.4	6.5	521.7
13.2	21.1	350.9	12.4	9.1	521.7
2.8	8.2	136.9	12.5	9.9	522.1
0.0	7.8	483.5	12.5	5.6	522.1
31.0	8.8	164.5	12.5	3.8	522.1
48.0	9.7	41.5	12.6	3.7	522.1
3.8	7.6	44.2	12.6	2.4	522.1
2.6	9.8	150.7	12.6	4.7	522.1
46.5	9.5	50.4	12.7	2.8	522.1
25.0	6.8	38.4	12.7	3.5	522.1
19.2	5.6	52.9	12.7	1.9	522.1
4.7	5.2	75.1	12.7	2.7	522.1
0.6	6.3	319.5	12.8	5.2	522.1
0.1	11.1	557.4	12.8	7.5	522.1
0.2	13.7	450.4	12.8	7.7	522.1
0.3	14.8	529.2	12.9	8.5	522.1
0.1	16.1	570.9	12.9	10.1	522.1
0.0	13.3	597.8	12.9	7.2	522.1
1.0	20.5	406.6	12.9	9.3	522.1
13.7	21.4	120.1	13.0	7.3	522.1
46.5	16.5	48.2	13.0	8.5	522.1
22.8	11.1	62.9	13.0	3.9	522.1
40.5	15.3	69.3	13.1	7.1	522.1
49.5	11.4	58.9	13.1	4.8	522.1
0.0	12.2	372.9	13.1	6.3	522.1
0.0	12.2	473.5	13.1	7.0	522.1
0.0	13.7	618.8	13.2	7.7	522.1
0.0	16.3	619.9	13.2	8.9	522.1
0.0	19.1	623.3	13.2	9.0	522.1
0.0	19.2	628.3	13.3	10.4	522.1
0.0	21.3	616.2	13.3	10.9	522.1
2.4	22.3	609.9	13.3	10.9	522.1
0.1	23.6	594.6	13.3	11.9	522.5
0.0	24.8	500.2	13.4	12.5	522.5
0.0	25.5	523.5	13.4	9.6	522.5
0.1	22.9	583.5	13.4	14.1	522.5
2.2	18.9	524.9	13.4	7.9	522.5
2.1	20.2	206.0	13.5	7.5	522.5
1.7	23.1	587.0	13.5	11.1	522.5
5.6	22.7	111.4	13.5	6.2	522.5
5.3	23.5	181.7	13.5	7.6	522.5
26.3	23.7	106.4	13.5	7.8	522.5
32.5	23.9	95.3	13.6	4.6	522.5
14.8	23.8	235.2	13.6	8.1	522.5
0.6	23.7	235.7	13.6	8.6	522.5
8.8	26.2	309.2	13.6	8.8	522.5
11.3	19.2	104.0	13.7	10.7	522.5
1.3	20.5	573.5	13.7	9.1	522.5
14.9	21.2	553.0	13.7	8.4	522.5
13.4	22.9	85.8	13.7	10.7	522.5
0.3	16.2	183.7	13.7	5.0	522.5
0.0	18.6	544.7	13.8	8.1	522.5
0.0	20.9	611.0	13.8	9.7	522.5
0.0	20.4	443.8	13.8	10.6	522.5
0.0	19.9	561.3	13.8	9.9	522.5
4.3	19.1	207.6	13.8	6.3	522.5
2.7	24.1	553.1	13.8	10.9	522.5
6.8	25.4	547.5	13.9	9.7	522.5
8.3	24.6	197.8	13.9	8.4	522.5
3.0	25.6	474.5	13.9	11.1	522.5
11.0	21.2	72.9	13.9	3.9	522.5
19.3	22.1	45.6	13.9	6.4	522.5
0.2	20.1	396.4	13.9	9.2	522.5
0.0	19.3	531.1	14.0	8.3	521.2
36.3	14.2	65.4	14.0	5.9	521.2
35.0	16.7	32.0	14.0	4.9	521.2
61.0	16.8	30.7	14.0	3.3	521.2
26.9	16.1	53.6	14.0	3.4	521.2
0.6	18.1	345.4	14.0	8.0	521.2
0.0	18.6	297.8	14.0	8.5	521.2
4.3	19.5	366.9	14.0	8.8	521.2
19.7	15.8	55.1	14.0	3.3	521.2
1.3	16.8	121.1	14.0	5.0	521.2
0.8	19.5	421.3	14.0	8.2	521.2
0.3	22.1	574.4	14.1	10.0	521.2
54.1	20.7	61.8	14.1	6.1	521.2
17.2	24.0	114.5	14.1	7.2	521.2
19.2	25.2	99.9	14.1	6.8	521.2
3.9	25.3	87.9	14.1	6.4	521.2
0.4	25.3	155.6	14.1	7.9	521.2
7.6	25.2	177.7	14.1	8.4	521.2
0.0	20.2	433.7	14.1	11.6	521.2
0.0	21.2	417.8	14.1	9.4	521.2
0.0	23.8	353.8	14.1	11.1	521.2
9.6	22.5	111.7	14.1	7.1	521.2
1.0	21.9	158.2	14.1	6.9	521.2
0.0	23.4	363.7	14.1	8.7	521.2
0.1	24.8	502.8	14.1	10.6	521.2
3.3	24.0	578.5	14.1	11.2	521.2
3.8	24.6	599.2	14.1	11.2	521.2
0.5	24.5	506.9	14.1	9.5	521.2
9.6	24.6	520.1	14.1	9.0	521.2
5.6	25.2	409.7	14.1	9.2	521.2
6.3	26.7	567.7	14.1	10.2	518.0
12.0	26.8	558.0	14.0	10.2	518.0
18.5	27.1	514.6	14.0	10.6	518.0
12.4	26.0	237.4	14.0	8.2	518.0
9.5	25.3	121.7	14.0	7.0	518.0
16.1	24.9	202.1	14.0	8.3	518.0
24.3	26.3	464.5	14.0	9.8	518.0
7.7	26.3	303.6	14.0	9.1	518.0
17.9	26.6	416.7	14.0	10.0	518.0
11.5	27.0	378.5	14.0	10.2	518.0
20.3	26.4	340.1	14.0	9.0	518.0
0.8	26.5	320.3	13.9	8.9	518.0
1.7	27.6	557.8	13.9	9.4	518.0
12.3	26.8	495.0	13.9	10.3	518.0
16.3	26.9	536.4	13.9	9.3	518.0
7.1	27.3	604.9	13.9	9.9	518.0
12.6	27.6	598.4	13.9	10.4	518.0
10.9	28.0	572.7	13.9	11.0	518.0
18.3	27.5	381.1	13.8	9.0	518.0
10.9	27.3	313.8	13.8	8.8	518.0
12.2	27.5	400.9	13.8	10.8	518.0
13.4	27.1	381.3	13.8	10.3	518.0
11.8	26.7	483.2	13.8	9.8	518.0
2.5	27.6	551.9	13.8	9.3	518.0
9.1	28.3	563.8	13.7	10.4	518.0
16.3	28.1	505.7	13.7	10.1	518.0
10.3	27.9	549.7	13.7	10.0	518.0
8.3	27.2	367.9	13.7	8.9	518.0
2.7	25.6	152.3	13.7	6.8	518.0
1.0	24.6	419.3	13.6	10.0	518.0
3.5	25.6	340.6	13.6	8.6	518.0
26.7	25.7	359.0	13.6	8.1	515.9
15.8	26.4	479.2	13.6	8.2	515.9
16.9	26.8	580.9	13.5	9.1	515.9
15.4	26.6	531.3	13.5	8.5	515.9
1.7	26.0	389.5	13.5	8.6	515.9
4.5	25.8	325.4	13.5	7.5	515.9
1.9	25.5	163.7	13.4	6.2	515.9
1.1	25.4	122.9	13.4	5.7	515.9
0.3	25.5	109.7	13.4	6.1	515.9
12.4	26.1	367.6	13.4	9.2	515.9
16.5	26.8	354.7	13.3	8.8	515.9
17.2	26.7	402.4	13.3	9.0	515.9
18.7	26.8	456.3	13.3	8.9	515.9
12.7	27.0	485.6	13.3	8.8	515.9
14.7	26.9	476.1	13.2	9.4	515.9
3.5	26.1	383.9	13.2	8.0	515.9
24.1	25.0	283.0	13.2	6.6	515.9
7.9	24.3	82.3	13.2	5.6	515.9
8.5	24.5	218.7	13.1	6.8	515.9
0.9	24.9	348.7	13.1	8.6	515.9
0.5	25.4	496.2	13.1	8.9	515.9
1.1	25.5	499.2	13.1	8.9	515.9
11.9	24.5	319.0	13.0	8.0	515.9
0.2	24.4	256.2	13.0	7.4	515.9
0.0	25.2	476.3	13.0	8.8	515.9
0.0	26.4	534.6	12.9	9.8	515.9
0.0	26.5	522.7	12.9	8.9	515.9
0.0	25.9	563.7	12.9	10.6	515.9
0.2	27.0	556.9	12.9	11.7	515.9
0.0	27.9	408.7	12.8	10.6	515.9
0.0	27.7	312.2	12.8	9.7	515.9
4.0	28.2	534.8	12.8	11.6	516.4
18.9	26.2	471.5	12.7	9.0	516.4
0.7	24.3	321.7	12.7	7.8	516.4
0.9	24.6	385.1	12.7	7.5	516.4
0.5	22.6	102.2	12.7	5.4	516.4
0.0	23.1	498.4	12.6	8.4	516.4
0.0	22.6	447.4	12.6	9.0	516.4
0.0	24.1	445.1	12.6	8.1	516.4
0.6	24.8	260.2	12.5	7.2	516.4
0.2	23.6	143.6	12.5	8.3	516.4
0.0	23.9	435.8	12.5	9.5	516.4
0.0	23.8	480.9	12.5	10.0	516.4
0.0	23.2	482.3	12.4	9.7	516.4
0.0	23.7	524.9	12.4	10.0	516.4
0.0	24.9	506.2	12.4	9.2	516.4
0.4	25.6	293.5	12.3	8.6	516.4
0.0	26.4	493.7	12.3	9.4	516.4
0.0	25.4	429.7	12.3	9.1	516.4
0.1	24.4	463.8	12.2	9.3	516.4
0.0	24.9	496.5	12.2	9.3	516.4
0.0	23.4	500.6	12.2	10.1	516.4
0.0	22.9	507.3	12.2	10.3	516.4
0.0	23.7	490.9	12.1	9.5	516.4
0.1	24.1	270.5	12.1	8.7	516.4
0.0	20.1	491.8	12.1	8.1	516.4
0.0	17.4	512.0	12.0	8.4	516.4
0.0	19.0	499.2	12.0	9.3	516.4
0.0	21.8	493.8	12.0	9.5	516.4
0.0	20.2	479.5	11.9	8.5	516.4
0.0	20.5	455.7	11.9	7.9	516.4
0.0	21.5	470.3	11.9	8.9	516.9
0.0	20.3	470.4	11.8	9.0	516.9
0.0	20.5	453.7	11.8	8.3	516.9
0.0	20.7	472.0	11.8	9.4	516.9
0.0	21.7	461.6	11.8	8.6	516.9
0.0	19.7	255.8	11.7	7.6	516.9
0.0	19.4	456.6	11.7	7.8	516.9
0.0	19.8	445.0	11.7	8.0	516.9
0.0	20.3	439.0	11.6	8.3	516.9
0.1	21.2	392.5	11.6	7.7	516.9
0.0	18.0	452.1	11.6	8.2	516.9
0.0	18.0	451.2	11.6	8.3	516.9
0.0	18.2	443.5	11.5	8.3	516.9
0.0	20.4	438.9	11.5	8.4	516.9
0.0	14.8	446.2	11.5	6.2	516.9
0.0	15.8	446.4	11.4	6.6	516.9
0.0	18.3	432.4	11.4	8.1	516.9
0.0	19.3	421.9	11.4	8.4	516.9
0.0	19.3	413.9	11.3	7.9	516.9
0.0	19.3	410.3	11.3	7.7	516.9
0.0	19.8	403.3	11.3	8.0	516.9
0.0	20.5	370.3	11.3	7.8	516.9
0.0	20.1	287.3	11.2	7.1	516.9
0.0	19.9	321.1	11.2	7.2	516.9
0.0	20.7	389.0	11.2	6.7	516.9
0.0	21.5	372.8	11.1	6.5	516.9
0.0	22.1	373.3	11.1	7.0	516.9
0.0	22.1	363.2	11.1	6.9	516.9
0.1	21.1	300.8	11.1	6.1	516.9
0.0	21.8	367.3	11.0	7.1	516.9
0.0	23.2	351.3	11.0	7.0	516.9
0.0	22.8	222.3	11.0	5.9	518.4
3.0	22.8	277.6	11.0	7.0	518.4
0.8	15.6	136.2	10.9	3.6	518.4
0.0	15.8	254.6	10.9	4.1	518.4
0.0	18.3	349.3	10.9	6.0	518.4
0.5	19.5	240.2	10.9	5.8	518.4
0.2	15.6	109.3	10.8	3.8	518.4
0.1	18.9	217.8	10.8	5.8	518.4
1.2	20.6	240.0	10.8	5.4	518.4
3.3	20.7	191.8	10.8	6.2	518.4
0.5	11.9	66.2	10.7	4.0	518.4
0.0	9.0	357.6	10.7	4.0	518.4
0.0	11.7	309.9	10.7	4.7	518.4
0.3	15.3	198.2	10.7	5.2	518.4
0.1	14.3	113.5	10.6	4.6	518.4
0.1	18.8	319.5	10.6	6.2	518.4
7.8	14.9	158.3	10.6	6.6	518.4
0.0	5.8	318.4	10.6	2.8	518.4
0.0	7.2	202.8	10.6	2.7	518.4
0.0	7.5	335.2	10.5	3.5	518.4
13.7	13.8	183.5	10.5	4.5	518.4
4.0	9.6	28.4	10.5	2.8	518.4
0.1	9.6	185.1	10.5	2.9	518.4
5.7	13.9	207.3	10.5	4.3	518.4
9.4	13.1	28.1	10.4	2.0	518.4
5.1	16.2	52.2	10.4	3.7	518.4
7.1	7.3	18.7	10.4	3.8	518.4
0.4	1.7	272.8	10.4	1.9	518.4
1.6	1.9	65.9	10.4	1.7	518.4
4.4	6.8	42.0	10.4	2.3	518.4
8.7	6.5	14.7	10.3	1.5	520.6
2.8	10.6	18.5	10.3	2.5	520.6
2.2	12.0	67.3	10.3	2.6	520.6
1.8	12.8	51.7	10.3	2.3	520.6
0.6	15.3	99.9	10.3	3.5	520.6
2.6	11.2	29.8	10.3	1.9	520.6
3.8	15.6	37.7	10.3	3.6	520.6
2.6	16.8	74.1	10.3	3.4	520.6
4.2	18.3	121.0	10.2	3.3	520.6
15.0	19.0	168.7	10.2	3.7	520.6
6.1	12.6	59.3	10.2	3.9	520.6
1.5	7.9	77.0	10.2	1.2	520.6
4.0	9.5	35.7	10.2	2.1	520.6
3.5	12.6	31.3	10.2	2.2	520.6
5.1	13.1	16.4	10.2	1.3	520.6
18.4	11.2	27.4	10.2	3.7	520.6
12.0	6.7	30.1	10.2	1.5	520.6
2.3	5.0	69.4	10.2	1.1	520.6
2.1	2.1	20.2	10.2	2.1	520.6
0.1	0.2	164.6	10.2	1.9	520.6
0.0	-1.8	279.5	10.2	1.8	520.6
12.2	-1.6	116.9	10.2	1.6	520.6
22.7	2.4	22.6	10.2	1.3	520.6
6.7	3.7	28.9	10.2	1.1	520.6
3.4	5.0	41.3	10.2	1.6	520.6
2.1	8.9	41.2	10.2	2.2	520.6
9.1	8.5	68.3	10.2	3.2	520.6
10.6	2.5	13.6	10.2	1.3	520.6
12.0	2.5	40.5	10.2	1.0	520.6
13.0	-1.0	16.4	10.2	1.9	520.6
0.0	-4.6	287.1	10.2	1.4	520.6
0.0	-2.2	268.1	10.2	1.7	523.1
0.0	-2.5	160.1	10.2	1.6	523.1
0.1	-2.6	117.8	10.2	1.2	523.1
0.0	-2.6	258.8	10.2	1.9	523.1
2.9	-1.3	91.6	10.3	1.5	523.1
0.1	-0.2	309.3	10.3	2.7	523.1
0.1	2.4	270.5	10.3	3.4	523.1
0.3	6.6	303.2	10.3	3.9	523.1
0.2	4.8	213.7	10.3	3.5	523.1
0.2	6.0	280.6	10.3	4.5	523.1
0.5	6.1	128.8	10.3	3.1	523.1
1.3	-0.4	142.8	10.3	2.2	523.1
0.0	-0.0	307.3	10.4	2.5	523.1
0.0	4.5	311.8	10.4	3.8	523.1
0.1	2.5	206.5	10.4	3.0	523.1
2.3	6.5	271.6	10.4	3.6	523.1
24.4	4.0	19.8	10.4	2.6	523.1
1.6	-2.4	119.9	10.4	1.7	523.1
0.0	-0.5	335.7	10.5	2.4	523.1
0.1	1.8	334.1	10.5	3.3	523.1
0.1	4.9	273.3	10.5	3.8	523.1
0.0	5.7	134.8	10.5	3.4	523.1
27.7	8.9	131.1	10.5	3.6	523.1
3.8	6.7	24.5	10.6	2.1	523.1
0.4	5.4	203.3	10.6	3.4	523.1
0.1	6.0	185.4	10.6	3.5	523.1
0.6	12.3	216.5	10.6	4.6	523.1
0.9	16.5	114.5	10.7	4.2	523.1
45.9	16.9	297.8	10.7	6.1	523.1
14.5	1.1	34.5	10.7	3.5	523.1
0.4	-2.1	78.5	10.7	1.7	523.1
8.0	-0.8	132.3	10.7	1.7	524.4
5.5	0.0	28.6	10.8	1.6	524.4
0.5	-3.8	52.6	10.8	1.7	524.4
0.0	-4.8	290.7	10.8	1.7	524.4
0.0	-3.2	221.9	10.8	2.0	524.4
0.0	0.6	315.9	10.9	2.7	524.4
0.0	3.6	243.7	10.9	2.7	524.4
12.4	3.9	111.5	10.9	2.4	524.4
30.4	4.2	59.6	10.9	1.9	524.4
1.7	6.1	134.0	11.0	2.5	524.4
1.1	6.0	124.1	11.0	2.3	524.4
2.8	6.0	67.5	11.0	1.9	524.4
4.2	3.8	60.7	11.1	3.1	524.4
0.3	2.5	160.2	11.1	2.2	524.4
5.8	4.3	147.0	11.1	2.3	524.4
6.7	5.9	125.8	11.1	2.2	524.4
0.9	6.1	64.8	11.2	1.9	524.4
0.8	7.2	224.5	11.2	4.2	524.4
14.6	5.1	197.4	11.2	3.9	524.4
0.2	2.1	152.3	11.3	2.5	524.4
0.3	0.4	100.8	11.3	2.3	524.4
0.4	1.8	166.8	11.3	3.0	524.4
0.0	2.2	424.2	11.3	3.8	524.4
0.0	3.5	444.0	11.4	4.4	524.4
0.0	6.8	439.2	11.4	4.8	524.4
0.7	7.1	137.4	11.4	3.4	524.4
3.6	7.9	73.7	11.5	3.0	524.4
6.5	9.5	262.2	11.5	5.3	524.4
17.0	4.6	56.0	11.5	4.4	524.8
15.6	4.7	297.8	11.6	3.2	524.8
27.4	8.3	40.3	11.6	3.8	524.8
1.0	6.1	76.9	11.6	2.4	524.8
34.9	10.3	118.4	11.6	6.0	524.8
3.5	9.8	202.0	11.7	5.5	524.8
11.6	6.3	79.3	11.7	2.7	524.8
1.6	4.3	34.3	11.7	2.4	524.8
1.0	3.1	129.4	11.8	2.2	524.8
0.0	3.1	462.1	11.8	4.4	524.8
2.3	4.3	199.1	11.8	4.0	524.8
0.4	2.2	143.0	11.9	4.0	524.8
0.0	7.2	485.8	11.9	6.0	524.8
0.0	11.1	483.3	11.9	7.1	524.8
0.0	14.8	446.4	11.9	8.0	524.8
16.0	16.7	313.9	12.0	7.4	524.8
9.8	11.4	41.6	12.0	5.8	524.8
13.4	6.2	99.1	12.0	3.2	524.8
24.7	5.4	37.3	12.1	2.5	524.8
10.8	8.7	85.5	12.1	3.5	524.8
3.6	10.4	257.0	12.1	5.4	524.8
11.1	9.7	39.5	12.2	3.4	524.8
19.9	7.4	90.2	12.2	2.8	524.8
5.4	16.8	134.5	12.2	8.1	524.8
20.1	19.0	119.2	12.3	5.2	524.8
11.4	16.0	143.6	12.3	9.7	524.8
4.9	7.5	122.6	12.3	3.1	524.8
0.9	11.1	524.5	12.3	6.1	524.8
2.2	9.9	193.9	12.4	4.4	524.8
17.7	12.3	469.9	12.4	7.3	524.8
12.3	7.4	56.8	12.4	2.5	524.8
8.5	6.3	54.2	12.5	3.8	525.2
3.3	3.6	70.1	12.5	2.7	525.2
0.0	5.9	565.6	12.5	5.2	525.2
0.0	8.1	528.4	12.6	5.8	525.2
0.0	10.9	568.7	12.6	7.2	525.2
0.0	13.0	567.2	12.6	8.5	525.2
0.3	17.0	538.2	12.6	9.3	525.2
46.6	17.0	88.2	12.7	5.0	525.2
1.3	12.8	93.5	12.7	7.5	525.2
0.1	9.6	554.6	12.7	7.2	525.2
9.5	12.3	450.2	12.8	7.6	525.2
4.4	13.0	97.7	12.8	4.7	525.2
27.5	12.6	49.1	12.8	3.3	525.2
6.9	13.2	67.6	12.9	3.9	525.2
19.1	15.2	51.8	12.9	4.2	525.2
23.1	16.0	53.7	12.9	4.4	525.2
4.1	13.7	73.0	12.9	4.9	525.2
0.0	12.9	578.6	13.0	8.7	525.2
0.1	14.3	601.5	13.0	9.3	525.2
0.0	14.2	594.1	13.0	7.8	525.2
0.7	12.5	166.7	13.1	6.5	525.2
1.8	13.8	331.6	13.1	6.8	525.2
0.0	14.9	527.4	13.1	7.3	525.2
0.0	17.0	589.1	13.1	9.9	525.2
6.0	18.4	527.3	13.2	9.2	525.2
18.7	10.9	102.9	13.2	6.0	525.2
0.0	14.0	616.0	13.2	9.4	525.2
0.0	11.4	615.3	13.2	7.1	525.2
0.0	12.0	314.0	13.3	5.7	525.2
6.8	13.4	261.7	13.3	5.8	525.2
21.7	11.6	41.9	13.3	2.5	525.5
0.1	11.7	265.9	13.3	7.0	525.5
0.0	13.7	624.6	13.4	7.3	525.5
7.9	15.3	132.2	13.4	5.7	525.5
1.1	19.9	184.8	13.4	7.6	525.5
14.1	23.6	410.0	13.4	8.3	525.5
2.3	18.2	155.7	13.5	8.8	525.5
0.1	20.3	541.0	13.5	9.9	525.5
0.6	21.8	460.7	13.5	9.9	525.5
0.6	23.9	545.6	13.5	10.1	525.5
3.8	25.8	570.6	13.6	9.7	525.5
3.0	25.2	420.3	13.6	9.4	525.5
47.6	25.1	457.2	13.6	9.3	525.5
13.5	21.0	91.2	13.6	8.7	525.5
17.4	23.2	252.3	13.7	10.0	525.5
1.2	17.7	178.6	13.7	8.0	525.5
11.8	14.4	137.0	13.7	6.6	525.5
1.4	15.4	309.3	13.7	7.2	525.5
0.0	13.9	256.8	13.7	6.6	525.5
0.1	18.0	631.5	13.8	9.6	525.5
0.2	21.3	559.6	13.8	10.7	525.5
0.4	24.1	543.1	13.8	11.1	525.5
0.6	22.9	272.2	13.8	9.0	525.5
0.0	24.6	632.1	13.8	11.3	525.5
28.9	23.5	225.3	13.8	7.3	525.5
1.2	22.6	159.1	13.9	7.4	525.5
0.1	23.4	560.6	13.9	9.7	525.5
0.7	22.9	638.2	13.9	11.2	525.5
0.0	21.4	554.5	13.9	10.3	525.5
26.1	22.2	347.7	13.9	9.1	525.5
2.6	19.7	214.0	13.9	7.2	525.5
0.2	19.0	362.7	13.9	8.7	524.2
0.1	19.9	589.4	14.0	10.2	524.2
0.0	20.7	652.6	14.0	10.5	524.2
0.0	22.2	609.2	14.0	11.3	524.2
0.0	23.9	644.1	14.0	11.5	524.2
0.0	25.8	653.1	14.0	10.9	524.2
4.5	26.5	464.0	14.0	10.6	524.2
0.3	25.5	349.8	14.0	9.8	524.2
0.0	26.1	607.5	14.0	11.3	524.2
0.0	26.8	629.3	14.0	10.6	524.2
1.5	25.6	593.0	14.0	12.8	524.2
0.2	26.6	430.9	14.1	10.6	524.2
0.2	24.8	262.9	14.1	9.5	524.2
1.1	25.2	505.9	14.1	11.1	524.2
0.0	25.1	651.3	14.1	10.6	524.2
3.8	26.4	566.0	14.1	11.1	524.2
16.2	25.0	186.9	14.1	9.6	524.2
0.2	25.4	450.2	14.1	10.3	524.2
0.0	24.3	609.7	14.1	11.1	524.2
0.0	25.0	563.6	14.1	10.4	524.2
0.0	26.9	638.0	14.1	11.5	524.2
4.3	27.6	515.7	14.1	11.2	524.2
12.1	26.1	388.7	14.1	10.6	524.2
13.1	26.1	505.2	14.1	9.1	524.2
0.3	25.6	213.3	14.1	6.9	524.2
16.3	26.2	497.6	14.1	9.8	524.2
13.3	26.3	592.6	14.1	10.7	524.2
0.1	27.7	580.5	14.1	11.6	524.2
0.1	27.9	615.8	14.1	11.3	524.2
1.2	27.8	624.5	14.1	11.6	524.2
30.1	26.0	448.8	14.1	8.3	521.1
9.4	25.5	273.9	14.0	7.6	521.1
2.8	24.9	161.8	14.0	6.8	521.1
9.5	26.1	437.9	14.0	9.0	521.1
7.6	26.5	313.1	14.0	9.4	521.1
22.2	26.9	463.8	14.0	8.4	521.1
6.5	26.0	253.4	14.0	8.6	521.1
0.2	27.9	507.1	14.0	10.7	521.1
0.6	27.4	305.6	14.0	9.4	521.1
10.0	26.3	141.6	14.0	8.0	521.1
8.6	26.7	327.2	14.0	8.7	521.1
35.0	26.7	390.5	13.9	9.9	521.1
14.9	25.8	192.4	13.9	6.8	521.1
10.0	26.2	128.6	13.9	7.3	521.1
17.3	27.0	224.7	13.9	8.4	521.1
9.7	27.4	314.1	13.9	9.0	521.1
12.4	28.6	538.3	13.9	9.9	521.1
0.9	29.1	591.9	13.9	10.7	521.1
0.0	29.7	592.6	13.8	10.9	521.1
2.9	29.5	549.5	13.8	11.9	521.1
0.6	30.0	620.1	13.8	11.5	521.1
8.3	28.5	549.8	13.8	12.2	521.1
0.0	29.3	523.3	13.8	10.2	521.1
5.6	28.5	567.2	13.8	10.5	521.1
11.0	27.6	349.0	13.7	9.2	521.1
10.3	27.9	586.6	13.7	11.4	521.1
8.9	27.8	610.3	13.7	10.1	521.1
6.4	27.6	534.6	13.7	11.3	521.1
1.9	27.9	597.2	13.7	11.2	521.1
8.4	27.9	608.2	13.6	12.1	521.1
13.7	27.5	607.8	13.6	11.0	521.1
3.9	27.9	609.5	13.6	11.6	519.0
0.0	28.9	598.2	13.6	10.9	519.0
5.5	28.5	598.0	13.5	11.4	519.0
0.0	28.8	612.9	13.5	11.3	519.0
0.3	29.5	556.0	13.5	10.1	519.0
0.3	29.7	580.7	13.5	10.7	519.0
0.4	29.4	459.7	13.5	10.6	519.0
0.9	29.2	521.3	13.4	11.1	519.0
0.2	29.0	572.0	13.4	10.6	519.0
0.0	29.2	582.8	13.4	11.6	519.0
0.1	29.9	564.9	13.4	11.4	519.0
0.0	30.7	585.1	13.3	12.0	519.0
0.1	31.1	523.0	13.3	12.4	519.0
0.0	28.8	601.5	13.3	12.2	519.0
0.0	28.5	603.5	13.3	12.1	519.0
0.0	28.9	596.6	13.2	11.1	519.0
0.3	30.0	534.9	13.2	11.0	519.0
12.2	27.7	559.5	13.2	10.0	519.0
7.3	27.4	565.5	13.1	10.1	519.0
15.0	27.0	516.2	13.1	8.9	519.0
7.0	27.3	397.7	13.1	8.0	519.0
8.0	27.6	433.6	13.1	8.7	519.0
9.2	27.7	487.6	13.0	9.7	519.0
7.6	27.1	395.5	13.0	8.8	519.0
4.6	27.7	522.1	13.0	9.2	519.0
14.9	27.1	451.4	13.0	8.4	519.0
22.5	26.1	374.6	12.9	8.0	519.0
8.3	25.8	464.2	12.9	8.0	519.0
1.3	26.1	477.9	12.9	8.9	519.0
7.5	25.5	435.7	12.8	9.3	519.0
5.8	24.5	215.3	12.8	6.4	519.0
11.1	24.8	470.4	12.8	7.5	519.4
11.6	25.0	460.9	12.8	8.1	519.4
3.1	25.2	313.6	12.7	7.9	519.4
0.3	24.6	130.0	12.7	5.6	519.4
0.6	24.9	180.2	12.7	5.7	519.4
1.7	25.0	153.1	12.6	5.6	519.4
3.2	25.3	268.5	12.6	6.4	519.4
0.8	25.9	269.1	12.6	7.2	519.4
15.8	26.4	362.9	12.5	7.6	519.4
18.8	26.5	433.3	12.5	9.4	519.4
0.3	27.4	457.8	12.5	9.0	519.4
0.2	27.0	437.0	12.5	9.0	519.4
0.1	26.3	483.7	12.4	8.8	519.4
0.0	25.3	485.9	12.4	9.0	519.4
1.1	24.7	403.0	12.4	7.9	519.4
0.4	23.5	153.2	12.3	5.9	519.4
0.0	24.3	471.6	12.3	8.7	519.4
0.1	23.8	486.4	12.3	8.6	519.4
0.0	23.5	509.1	12.2	9.2	519.4
0.0	24.3	499.4	12.2	9.4	519.4
0.0	25.1	459.1	12.2	9.6	519.4
0.0	25.5	490.4	12.2	8.8	519.4
0.0	24.4	488.7	12.1	7.9	519.4
0.0	22.7	463.4	12.1	7.8	519.4
0.0	22.1	489.9	12.1	8.7	519.4
0.0	23.0	486.3	12.0	9.1	519.4
0.0	23.4	478.4	12.0	9.2	519.4
0.0	25.4	467.4	12.0	8.8	519.4
0.0	26.4	460.4	11.9	8.9	519.4
0.0	26.7	455.5	11.9	10.0	519.4
0.0	25.1	478.0	11.9	9.6	520.0
0.0	23.9	470.6	11.9	9.7	520.0
0.0	23.5	476.2	11.8	9.4	520.0
0.0	24.7	457.1	11.8	9.1	520.0
0.0	18.3	234.4	11.8	7.0	520.0
0.0	17.6	480.6	11.7	8.1	520.0
0.0	18.7	473.7	11.7	8.7	520.0
0.0	20.4	444.5	11.7	9.2	520.0
0.0	21.2	449.2	11.6	8.6	520.0
0.0	21.6	428.0	11.6	8.3	520.0
0.0	20.1	377.2	11.6	7.6	520.0
0.0	19.6	389.4	11.6	6.7	520.0
0.0	20.6	374.4	11.5	7.3	520.0
0.0	17.4	263.2	11.5	6.5	520.0
0.0	18.7	317.3	11.5	7.1	520.0
0.0	20.3	381.8	11.4	7.4	520.0
0.0	22.2	268.2	11.4	6.6	520.0
2.9	21.3	185.0	11.4	5.8	520.0
0.0	20.3	364.3	11.4	7.4	520.0
0.0	17.3	408.0	11.3	6.2	520.0
0.0	17.1	412.6	11.3	7.1	520.0
0.0	18.8	373.2	11.3	6.8	520.0
0.0	19.4	402.9	11.2	7.9	520.0
0.0	19.9	407.9	11.2	8.1	520.0
0.0	21.6	384.5	11.2	7.8	520.0
0.0	23.3	375.5	11.2	7.6	520.0
1.3	23.9	333.0	11.1	7.7	520.0
0.0	16.5	66.5	11.1	4.2	520.0
0.0	12.9	128.9	11.1	4.9	520.0
0.0	15.7	384.3	11.0	6.2	520.0
0.0	17.7	298.1	11.0	6.4	520.0
0.0	18.1	362.7	11.0	6.9	521.5
0.0	18.5	371.8	11.0	6.8	521.5
0.0	19.2	369.2	10.9	6.9	521.5
0.0	20.9	365.8	10.9	6.9	521.5
0.0	21.6	363.7	10.9	7.0	521.5
0.0	21.4	355.1	10.9	6.8	521.5
0.0	20.6	354.5	10.8	6.5	521.5
0.0	19.4	322.9	10.8	6.2	521.5
0.0	12.8	75.8	10.8	3.9	521.5
0.0	8.0	354.3	10.8	3.9	521.5
0.0	5.7	258.3	10.7	3.1	521.5
0.0	5.9	360.5	10.7	3.7	521.5
0.0	7.9	354.2	10.7	4.2	521.5
0.0	9.7	329.6	10.7	4.1	521.5
0.0	9.9	326.8	10.6	4.5	521.5
0.0	9.8	347.1	10.6	4.8	521.5
0.0	12.7	341.1	10.6	5.4	521.5
0.0	16.0	327.8	10.6	5.7	521.5
0.3	16.4	269.0	10.6	5.0	521.5
1.8	16.3	80.6	10.5	3.6	521.5
3.3	16.8	83.5	10.5	3.1	521.5
4.1	16.2	32.8	10.5	3.0	521.5
0.0	9.7	306.8	10.5	4.5	521.5
0.0	8.8	330.1	10.5	3.9	521.5
0.0	11.2	297.2	10.4	4.9	521.5
0.0	12.5	312.0	10.4	4.8	521.5
0.0	14.8	300.6	10.4	4.9	521.5
0.0	15.2	256.1	10.4	5.0	521.5
0.2	15.5	296.2	10.4	4.6	521.5
0.7	16.8	121.6	10.4	3.5	521.5
0.8	19.0	144.5	10.3	4.8	523.6
0.1	16.5	213.9	10.3	3.9	523.6
0.2	19.7	237.2	10.3	5.4	523.6
0.2	20.1	156.6	10.3	4.7	523.6
2.2	19.2	142.8	10.3	3.7	523.6
10.0	14.5	40.2	10.3	3.4	523.6
0.7	12.6	64.5	10.3	2.5	523.6
45.0	12.9	24.7	10.3	2.6	523.6
9.1	13.1	28.9	10.2	3.6	523.6
1.2	5.5	20.3	10.2	2.4	523.6
5.3	4.9	58.6	10.2	1.1	523.6
5.5	7.0	115.0	10.2	2.2	523.6
46.2	8.5	12.0	10.2	2.6	523.6
3.7	3.2	29.8	10.2	1.8	523.6
0.4	4.2	201.3	10.2	2.7	523.6
0.1	8.2	253.0	10.2	3.6	523.6
2.2	14.2	166.8	10.2	3.7	523.6
18.2	10.3	22.8	10.2	3.1	523.6
14.4	9.8	25.1	10.2	1.6	523.6
17.8	11.5	59.0	10.2	2.3	523.6
3.1	9.6	49.6	10.2	1.6	523.6
7.3	8.6	40.7	10.2	1.5	523.6
0.4	6.1	58.5	10.2	2.6	523.6
0.0	-0.5	191.4	10.2	2.1	523.6
1.4	-1.5	216.6	10.2	1.5	523.6
0.0	-0.0	139.3	10.2	1.8	523.6
0.0	0.5	292.2	10.2	2.4	523.6
0.0	3.0	300.3	10.2	2.9	523.6
0.0	3.2	300.4	10.2	2.8	523.6
0.0	5.2	304.3	10.2	3.7	523.6
0.0	4.1	296.9	10.2	3.5	523.6
0.0	3.2	297.9	10.2	2.8	526.2
0.0	6.2	191.2	10.2	2.9	526.2
0.4	10.4	232.4	10.2	4.3	526.2
0.5	10.9	154.5	10.2	3.6	526.2
1.5	6.6	38.0	10.3	3.4	526.2
0.0	-0.2	312.2	10.3	1.9	526.2
0.0	-1.0	315.6	10.3	2.0	526.2
0.0	0.8	314.6	10.3	3.0	526.2
0.0	2.4	298.2	10.3	3.2	526.2
0.0	-2.7	320.7	10.3	2.1	526.2
0.6	0.8	313.1	10.3	2.6	526.2
0.0	1.7	134.9	10.3	2.9	526.2
0.0	1.5	288.2	10.4	3.1	526.2
0.0	1.2	148.4	10.4	2.1	526.2
0.2	5.5	212.0	10.4	3.0	526.2
0.1	6.3	110.8	10.4	3.2	526.2
9.9	11.5	155.5	10.4	4.3	526.2
1.9	9.0	32.0	10.4	4.1	526.2
0.3	6.8	178.2	10.5	2.7	526.2
4.2	1.1	65.8	10.5	2.9	526.2
10.4	1.6	168.2	10.5	2.1	526.2
0.7	6.2	177.9	10.5	3.1	526.2
8.3	4.6	185.2	10.5	2.5	526.2
28.5	5.1	47.6	10.6	1.9	526.2
32.7	6.6	17.4	10.6	2.4	526.2
10.0	0.5	25.7	10.6	2.2	526.2
10.1	-1.2	86.9	10.6	1.2	526.2
28.7	-1.2	65.5	10.6	1.1	526.2
17.9	-1.2	38.0	10.7	1.5	526.2
0.7	-0.8	145.7	10.7	1.1	526.2
0.3	0.2	153.0	10.7	1.3	526.2
5.9	0.3	33.4	10.7	2.7	527.4
0.6	0.6	141.2	10.8	1.9	527.4
0.3	2.2	250.0	10.8	2.6	527.4
2.3	3.0	114.0	10.8	2.2	527.4
4.1	6.6	120.4	10.8	3.6	527.4
0.3	-1.1	81.2	10.9	2.3	527.4
0.0	3.0	389.7	10.9	3.6	527.4
0.0	0.7	255.4	10.9	2.9	527.4
0.0	-1.7	391.9	10.9	2.6	527.4
0.0	1.0	391.6	11.0	3.2	527.4
0.0	2.9	319.5	11.0	3.7	527.4
0.0	6.5	397.1	11.0	5.0	527.4
0.9	7.5	317.3	11.1	5.4	527.4
0.6	2.9	300.8	11.1	2.9	527.4
0.6	4.5	228.2	11.1	4.0	527.4
0.1	8.1	364.2	11.1	4.7	527.4
0.9	1.9	91.2	11.2	3.1	527.4
0.0	0.8	368.9	11.2	3.5	527.4
0.0	5.4	423.5	11.2	5.1	527.4
0.0	9.3	407.8	11.2	6.1	527.4
0.2	6.2	221.8	11.3	4.3	527.4
1.2	11.4	348.6	11.3	6.0	527.4
0.7	12.5	70.7	11.3	4.2	527.4
0.0	18.8	329.5	11.4	7.0	527.4
13.8	18.9	398.1	11.4	8.5	527.4
6.1	6.3	35.1	11.4	4.9	527.4
7.2	6.7	195.6	11.5	3.6	527.4
11.5	8.9	40.1	11.5	3.5	527.4
12.0	15.5	122.5	11.5	6.1	527.8
0.9	17.9	277.3	11.5	7.4	527.8
6.2	18.4	403.9	11.6	9.0	527.8
8.4	-0.3	18.8	11.6	4.3	527.8
28.7	-0.2	38.4	11.6	1.8	527.8
21.4	1.2	44.2	11.7	2.0	527.8
0.4	0.3	197.2	11.7	2.9	527.8
0.0	3.5	472.7	11.7	4.2	527.8
2.1	5.0	96.5	11.8	2.7	527.8
0.1	8.0	419.9	11.8	4.9	527.8
0.0	2.8	491.4	11.8	2.9	527.8
0.0	6.0	506.0	11.8	5.6	527.8
0.0	14.0	505.3	11.9	8.1	527.8
0.2	16.8	442.0	11.9	9.7	527.8
0.0	9.2	473.6	11.9	5.9	527.8
0.2	13.7	342.3	12.0	7.3	527.8
0.0	18.2	236.5	12.0	7.8	527.8
4.9	22.9	379.2	12.0	10.2	527.8
0.0	15.5	179.9	12.1	7.0	527.8
0.0	14.5	511.7	12.1	8.1	527.8
0.0	16.4	445.1	12.1	7.7	527.8
0.2	14.1	51.0	12.2	3.0	527.8
0.0	19.7	169.0	12.2	8.4	527.8
6.4	21.5	241.5	12.2	7.9	527.8
9.0	19.3	112.3	12.2	6.0	527.8
12.8	19.0	182.7	12.3	7.0	527.8
9.1	20.6	371.6	12.3	8.0	527.8
0.0	21.0	313.2	12.3	7.0	527.8
0.1	22.2	318.3	12.4	6.0	527.8
3.5	18.0	207.5	12.4	10.9	527.8
22.5	6.5	69.2	12.4	3.1	527.8
3.3	7.4	82.6	12.5	3.7	528.2
19.1	10.6	57.9	12.5	3.4	528.2
22.5	10.7	46.2	12.5	6.3	528.2
0.0	0.3	195.4	12.6	3.7	528.2
5.6	5.7	464.5	12.6	4.9	528.2
9.2	7.9	80.4	12.6	3.7	528.2
0.6	10.0	298.1	12.6	5.7	528.2
0.5	11.6	304.0	12.7	7.2	528.2
0.2	13.4	499.9	12.7	7.2	528.2
3.0	16.1	506.2	12.7	7.6	528.2
5.4	15.5	172.4	12.8	8.4	528.2
0.8	12.2	331.6	12.8	6.8	528.2
0.0	9.3	356.0	12.8	4.3	528.2
0.0	10.3	490.9	12.8	5.5	528.2
23.6	14.2	222.0	12.9	6.7	528.2
15.8	14.0	49.6	12.9	5.2	528.2
6.3	12.4	85.6	12.9	3.2	528.2
1.9	12.6	90.2	13.0	3.4	528.2
0.7	14.3	204.1	13.0	5.7	528.2
0.6	15.0	326.8	13.0	7.2	528.2
41.8	17.4	145.7	13.0	7.7	528.2
18.6	16.9	314.9	13.1	6.8	528.2
0.0	17.3	531.1	13.1	8.5	528.2
0.1	18.3	555.0	13.1	9.4	528.2
0.0	17.9	489.9	13.2	10.2	528.2
1.5	17.3	487.5	13.2	9.1	528.2
0.0	18.6	598.0	13.2	10.1	528.2
0.0	20.0	421.7	13.2	10.2	528.2
0.0	18.6	600.5	13.3	9.3	528.2
0.0	20.6	614.5	13.3	10.1	528.2
54.6	21.4	515.1	13.3	13.5	528.5
1.4	8.5	83.3	13.3	4.6	528.5
0.0	13.0	411.8	13.4	7.3	528.5
0.0	14.2	357.6	13.4	8.7	528.5
0.0	15.3	594.1	13.4	8.1	528.5
0.0	16.1	596.2	13.4	9.5	528.5
0.0	17.7	639.4	13.5	9.2	528.5
0.1	20.4	615.9	13.5	10.7	528.5
0.0	22.3	614.0	13.5	10.8	528.5
0.9	25.9	470.2	13.5	9.7	528.5
37.7	23.7	170.4	13.6	9.5	528.5
0.7	19.1	331.5	13.6	7.6	528.5
10.1	22.6	261.9	13.6	8.8	528.5
0.6	17.8	220.2	13.6	8.4	528.5
0.0	17.7	490.1	13.6	9.2	528.5
0.0	17.0	386.0	13.7	10.2	528.5
0.0	19.0	542.8	13.7	8.7	528.5
29.7	22.9	587.2	13.7	9.9	528.5
20.8	20.7	81.4	13.7	5.9	528.5
43.2	22.3	394.9	13.8	11.1	528.5
0.1	18.7	396.8	13.8	8.7	528.5
4.7	19.0	600.0	13.8	9.7	528.5
24.0	20.4	189.9	13.8	9.1	528.5
3.5	24.6	207.7	13.8	7.9	528.5
18.4	23.3	206.3	13.8	10.0	528.5
0.1	20.1	438.5	13.9	9.9	528.5
0.0	20.4	591.9	13.9	10.8	528.5
0.0	22.6	631.7	13.9	11.4	528.5
29.1	23.8	446.6	13.9	9.9	528.5
4.6	24.2	280.8	13.9	7.8	528.5
22.1	24.7	322.3	13.9	10.0	528.5
7.8	23.9	197.9	13.9	8.0	527.2
0.2	25.7	595.7	14.0	10.6	527.2
0.1	25.0	449.6	14.0	9.9	527.2
0.8	23.0	148.2	14.0	4.8	527.2
1.6	24.8	412.0	14.0	8.5	527.2
39.1	24.6	196.9	14.0	7.0	527.2
6.2	20.6	104.2	14.0	9.1	527.2
0.0	22.4	622.0	14.0	9.3	527.2
0.0	21.9	230.8	14.0	8.0	527.2
0.5	22.4	411.2	14.0	9.0	527.2
1.1	24.6	552.2	14.0	9.4	527.2
2.8	23.7	144.1	14.1	6.2	527.2
0.2	24.8	463.7	14.1	10.1	527.2
0.4	26.4	522.6	14.1	10.4	527.2
62.7	24.1	99.4	14.1	6.9	527.2
46.3	23.6	38.0	14.1	5.7	527.2
1.5	22.3	119.9	14.1	5.5	527.2
28.9	22.2	145.3	14.1	6.4	527.2
27.1	21.3	21.4	14.1	3.1	527.2
1.5	22.1	43.8	14.1	3.8	527.2
35.8	22.8	78.8	14.1	7.2	527.2
0.2	23.1	424.9	14.1	10.5	527.2
0.1	25.1	646.9	14.1	12.3	527.2
0.8	26.2	646.2	14.1	11.1	527.2
0.0	27.5	591.6	14.1	11.4	527.2
0.5	28.1	619.4	14.1	11.5	527.2
18.3	27.4	543.3	14.1	9.1	527.2
18.9	25.9	419.3	14.1	9.2	527.2
0.1	25.7	244.6	14.1	8.8	527.2
25.0	26.1	379.2	14.1	8.7	527.2
10.5	24.5	73.2	14.1	6.1	524.1
0.3	25.4	235.2	14.0	7.9	524.1
3.7	24.7	230.5	14.0	7.1	524.1
13.6	25.9	559.9	14.0	10.1	524.1
9.3	26.2	473.8	14.0	9.5	524.1
0.5	27.2	592.7	14.0	10.6	524.1
9.0	27.0	570.4	14.0	10.1	524.1
16.6	26.8	479.0	14.0	10.3	524.1
7.7	27.2	416.2	14.0	9.6	524.1
11.5	27.2	422.2	14.0	10.6	524.1
7.7	27.8	436.0	14.0	10.4	524.1
13.1	27.4	470.3	14.0	10.6	524.1
0.8	27.1	357.2	13.9	8.7	524.1
0.1	27.5	531.5	13.9	10.2	524.1
0.6	27.9	457.3	13.9	8.7	524.1
13.5	26.9	329.3	13.9	9.6	524.1
20.8	27.4	462.3	13.9	10.1	524.1
26.1	27.6	395.8	13.9	9.4	524.1
23.7	26.8	384.5	13.8	9.4	524.1
7.9	26.3	350.1	13.8	9.5	524.1
2.0	27.5	557.5	13.8	9.8	524.1
17.5	26.7	345.6	13.8	9.0	524.1
16.7	25.3	208.1	13.8	7.0	524.1
13.0	25.6	252.7	13.8	8.8	524.1
9.0	26.7	402.6	13.7	9.6	524.1
6.4	27.2	514.3	13.7	10.3	524.1
6.1	27.2	554.7	13.7	10.1	524.1
10.4	26.7	524.0	13.7	9.8	524.1
1.1	26.5	459.2	13.7	9.2	524.1
0.7	27.7	479.6	13.6	9.3	524.1
7.4	28.1	485.9	13.6	10.5	524.1
10.2	28.2	520.1	13.6	10.2	522.0
28.7	26.8	416.3	13.6	8.1	522.0
8.1	27.6	523.4	13.6	9.5	522.0
3.1	27.3	463.1	13.5	10.4	522.0
11.6	27.0	492.2	13.5	9.1	522.0
1.2	27.0	460.3	13.5	8.7	522.0
4.1	27.1	518.6	13.5	9.4	522.0
2.6	27.1	426.7	13.4	8.9	522.0
14.7	27.0	402.6	13.4	9.6	522.0
0.2	27.9	522.7	13.4	9.9	522.0
0.1	28.5	569.8	13.4	10.5	522.0
0.0	29.1	598.7	13.3	10.7	522.0
0.0	29.9	573.7	13.3	10.9	522.0
0.0	30.1	585.0	13.3	11.2	522.0
0.0	29.7	552.4	13.3	10.9	522.0
0.5	29.0	466.6	13.2	10.4	522.0
0.8	28.5	369.9	13.2	10.0	522.0
0.3	28.6	525.4	13.2	10.5	522.0
5.6	27.7	526.4	13.2	10.9	522.0
0.5	27.6	566.6	13.1	9.4	522.0
0.0	28.2	580.8	13.1	10.8	522.0
3.9	27.1	569.5	13.1	11.3	522.0
9.1	26.2	549.1	13.0	9.3	522.0
5.4	25.4	403.6	13.0	10.6	522.0
0.2	26.3	535.9	13.0	10.2	522.0
0.0	27.6	427.1	13.0	9.0	522.0
0.0	26.7	280.5	12.9	8.0	522.0
0.0	26.6	442.2	12.9	9.2	522.0
10.0	26.6	482.3	12.9	10.2	522.0
0.2	27.8	477.6	12.8	9.1	522.0
5.7	27.2	508.4	12.8	9.9	522.0
10.9	26.4	484.0	12.8	9.9	522.4
12.1	26.1	486.8	12.8	9.2	522.4
0.9	25.8	345.2	12.7	7.5	522.4
1.1	25.5	308.5	12.7	8.2	522.4
0.0	25.8	535.8	12.7	9.6	522.4
0.0	25.7	541.5	12.6	10.2	522.4
0.0	24.5	546.0	12.6	10.0	522.4
0.0	25.9	482.5	12.6	9.1	522.4
0.6	24.0	113.9	12.6	6.3	522.4
0.8	23.2	96.6	12.5	6.4	522.4
0.7	23.7	259.6	12.5	7.7	522.4
13.0	22.5	503.5	12.5	9.3	522.4
0.4	22.4	447.2	12.4	8.6	522.4
0.0	22.5	508.4	12.4	9.1	522.4
0.0	23.6	499.1	12.4	9.7	522.4
0.0	25.1	500.0	12.3	9.2	522.4
0.4	25.0	158.3	12.3	7.7	522.4
0.2	24.9	433.7	12.3	8.2	522.4
0.0	23.7	397.1	12.3	8.3	522.4
0.2	23.2	158.1	12.2	6.5	522.4
0.0	23.7	419.4	12.2	8.3	522.4
0.0	23.3	407.9	12.2	7.6	522.4
0.0	22.3	339.6	12.1	9.0	522.4
0.0	22.2	313.1	12.1	8.4	522.4
0.0	22.0	243.0	12.1	7.8	522.4
0.0	22.1	312.7	12.0	9.3	522.4
0.0	22.7	485.7	12.0	8.4	522.4
0.0	22.1	476.9	12.0	9.3	522.4
0.0	22.7	479.1	12.0	9.6	522.4
0.0	22.8	477.5	11.9	8.5	522.4
0.0	23.7	434.9	11.9	7.8	523.0
0.0	22.9	451.8	11.9	8.7	523.0
0.0	23.1	458.3	11.8	8.7	523.0
0.0	23.8	456.3	11.8	8.4	523.0
0.0	24.6	444.0	11.8	8.4	523.0
0.0	24.6	362.5	11.7	8.3	523.0
0.1	25.3	441.2	11.7	9.1	523.0
0.0	25.6	442.7	11.7	9.2	523.0
0.0	25.1	441.2	11.7	9.6	523.0
0.0	24.1	437.5	11.6	8.6	523.0
0.0	22.1	425.4	11.6	7.4	523.0
0.0	22.9	387.1	11.6	7.0	523.0
0.0	20.6	266.2	11.5	6.8	523.0
0.0	20.6	420.9	11.5	7.5	523.0
0.0	20.6	431.0	11.5	7.8	523.0
0.0	21.1	421.9	11.4	7.3	523.0
0.0	22.8	356.6	11.4	6.9	523.0
0.3	24.1	257.8	11.4	6.6	523.0
0.0	23.2	300.5	11.4	7.8	523.0
0.0	21.8	385.3	11.3	6.4	523.0
0.0	21.7	141.3	11.3	5.9	523.0
0.1	20.6	174.4	11.3	5.7	523.0
0.0	17.8	126.1	11.2	4.5	523.0
0.0	15.9	407.2	11.2	5.7	523.0
0.0	13.3	409.5	11.2	5.5	523.0
0.0	14.1	406.6	11.2	6.0	523.0
0.0	15.1	376.7	11.1	6.0	523.0
0.0	17.0	389.5	11.1	6.6	523.0
0.0	17.5	389.9	11.1	6.4	523.0
0.0	18.1	384.8	11.0	6.5	523.0
0.0	17.6	338.3	11.0	5.8	523.0
0.0	16.1	375.9	11.0	6.1	524.5
0.0	14.5	381.4	11.0	5.7	524.5
0.0	13.4	387.9	10.9	5.9	524.5
0.0	14.4	378.1	10.9	5.9	524.5
0.0	16.5	364.3	10.9	6.0	524.5
0.0	18.6	313.3	10.9	6.2	524.5
0.0	20.2	315.7	10.8	6.5	524.5
0.1	20.1	123.7	10.8	5.0	524.5
0.0	17.5	309.5	10.8	5.9	524.5
0.0	18.2	343.4	10.8	6.0	524.5
0.0	19.9	339.1	10.7	6.7	524.5
0.0	19.7	335.5	10.7	6.5	524.5
0.0	17.5	332.7	10.7	5.8	524.5
0.0	16.8	335.1	10.7	4.9	524.5
0.0	18.8	327.2	10.6	5.4	524.5
0.7	20.5	316.6	10.6	6.9	524.5
3.5	6.8	44.6	10.6	4.3	524.5
0.0	4.0	289.6	10.6	2.7	524.5
0.0	6.5	337.1	10.6	3.6	524.5
0.0	7.6	334.3	10.5	3.9	524.5
0.0	11.5	309.9	10.5	5.1	524.5
0.0	15.4	315.9	10.5	5.9	524.5
1.3	17.3	291.7	10.5	5.7	524.5
4.5	10.5	35.5	10.5	3.5	524.5
3.6	1.7	23.9	10.4	2.6	524.5
0.0	1.2	326.8	10.4	2.8	524.5
0.0	2.3	328.7	10.4	3.0	524.5
0.0	3.7	323.8	10.4	3.1	524.5
0.0	6.0	321.8	10.4	4.0	524.5
0.0	9.4	310.7	10.4	4.6	524.5
0.0	9.6	219.3	10.3	4.6	526.6
0.0	8.5	318.5	10.3	4.3	526.6
0.0	10.1	304.0	10.3	4.3	526.6
0.0	9.5	92.5	10.3	3.6	526.6
0.0	11.8	292.3	10.3	4.9	526.6
0.0	12.4	296.8	10.3	4.8	526.6
0.1	10.8	200.2	10.3	4.9	526.6
0.0	5.2	313.1	10.3	3.3	526.6
0.0	7.9	311.5	10.2	4.3	526.6
0.0	8.8	292.4	10.2	4.3	526.6
0.0	7.3	299.9	10.2	3.6	526.6
0.0	8.5	299.2	10.2	4.1	526.6
0.0	9.0	292.5	10.2	4.5	526.6
0.0	10.9	296.2	10.2	4.7	526.6
0.0	9.9	299.8	10.2	4.5	526.6
0.0	10.9	297.8	10.2	5.0	526.6
0.0	11.8	297.2	10.2	5.3	526.6
0.0	12.4	294.0	10.2	5.3	526.6
0.0	13.3	292.7	10.2	5.4	526.6
0.1	14.3	284.5	10.2	5.3	526.6
21.0	11.0	50.6	10.2	1.5	526.6
4.8	10.8	19.5	10.2	2.7	526.6
0.5	8.0	159.9	10.2	2.6	526.6
0.2	7.4	129.6	10.2	2.8	526.6
0.5	10.5	149.3	10.2	3.1	526.6
7.0	9.8	34.1	10.2	3.3	526.6
6.0	4.5	18.4	10.2	1.6	526.6
13.2	1.9	10.4	10.2	1.4	526.6
11.9	0.3	16.7	10.2	0.8	526.6
5.9	1.8	55.8	10.2	1.6	526.6
10.5	-2.2	43.1	10.2	1.4	526.6
0.0	-3.8	152.3	10.2	1.4	529.2
0.0	-4.7	310.0	10.2	1.8	529.2
0.0	-3.5	309.2	10.2	1.8	529.2
0.0	1.0	299.8	10.2	2.7	529.2
0.1	3.5	299.0	10.3	3.3	529.2
0.3	4.8	259.8	10.3	4.0	529.2
0.4	7.7	259.0	10.3	4.5	529.2
0.9	1.1	59.8	10.3	2.5	529.2
0.0	-0.6	315.8	10.3	2.2	529.2
0.0	2.8	314.4	10.3	3.4	529.2
0.0	5.7	315.0	10.3	4.0	529.2
0.0	2.6	320.5	10.3	3.0	529.2
0.0	7.0	299.6	10.4	4.1	529.2
0.0	4.4	252.9	10.4	2.2	529.2
0.0	5.1	315.9	10.4	3.6	529.2
0.0	7.8	326.4	10.4	4.4	529.2
0.0	10.6	285.3	10.4	5.4	529.2
0.0	9.5	300.3	10.4	5.2	529.2
0.0	11.3	328.2	10.5	5.5	529.2
0.0	14.0	333.8	10.5	6.1	529.2
0.0	6.2	319.4	10.5	3.8	529.2
0.0	4.2	186.6	10.5	3.2	529.2
0.0	7.9	343.5	10.5	4.9	529.2
0.0	9.5	350.4	10.6	5.2	529.2
0.0	10.4	348.3	10.6	5.9	529.2
0.0	7.2	341.6	10.6	4.2	529.2
0.0	11.4	330.6	10.6	5.9	529.2
0.0	13.3	341.5	10.6	5.9	529.2
0.9	14.7	316.1	10.7	5.9	529.2
0.0	11.0	345.7	10.7	5.4	529.2
0.0	11.2	357.4	10.7	5.3	529.2
1.9	8.4	217.4	10.7	3.8	530.4
0.0	7.4	175.3	10.8	3.2	530.4
0.0	6.3	231.0	10.8	2.9	530.4
3.7	4.4	42.4	10.8	1.2	530.4
33.8	5.6	26.5	10.8	3.2	530.4
1.1	-2.3	121.8	10.9	2.1	530.4
0.1	-1.9	255.9	10.9	2.2	530.4
8.3	0.2	242.5	10.9	2.1	530.4
36.9	4.2	27.7	10.9	3.1	530.4
2.3	-0.8	79.5	11.0	2.0	530.4
0.1	-1.8	125.7	11.0	1.7	530.4
0.0	-0.5	164.5	11.0	2.4	530.4
0.0	2.2	298.9	11.0	3.3	530.4
0.0	0.1	100.0	11.1	1.6	530.4
9.1	0.6	83.5	11.1	1.5	530.4
0.4	2.2	265.5	11.1	3.5	530.4
11.7	2.2	322.6	11.2	3.2	530.4
13.0	-0.0	48.6	11.2	0.5	530.4
0.4	2.7	190.9	11.2	3.2	530.4
0.0	-0.1	427.9	11.2	3.1	530.4
0.3	6.8	344.6	11.3	5.0	530.4
7.8	9.6	121.8	11.3	4.1	530.4
5.9	3.2	19.2	11.3	4.2	530.4
7.6	-1.0	39.8	11.4	1.5	530.4
0.0	-0.4	376.2	11.4	3.5	530.4
0.5	5.0	406.1	11.4	4.4	530.4
0.2	7.5	382.3	11.4	4.4	530.4
0.0	7.7	187.3	11.5	4.0	530.4
0.6	9.0	314.0	11.5	5.4	530.4
0.1	12.1	442.3	11.5	6.9	530.7
0.0	14.5	442.3	11.6	7.9	530.7
17.0	16.3	395.1	11.6	8.1	530.7
3.6	5.6	66.9	11.6	4.5	530.7
20.2	0.4	36.5	11.7	1.4	530.7
20.1	2.3	63.5	11.7	2.4	530.7
14.9	4.8	48.6	11.7	2.5	530.7
2.3	6.8	184.3	11.7	3.8	530.7
0.5	9.9	364.4	11.8	5.5	530.7
4.4	15.7	208.4	11.8	7.9	530.7
0.8	13.1	156.5	11.8	6.0	530.7
1.4	12.2	146.9	11.9	7.9	530.7
0.0	7.1	477.0	11.9	5.5	530.7
0.0	3.6	482.7	11.9	5.2	530.7
0.0	2.5	497.4	12.0	3.8	530.7
3.2	3.9	172.8	12.0	3.3	530.7
0.4	6.3	349.6	12.0	5.6	530.7
0.3	7.5	443.0	12.1	6.9	530.7
0.0	4.7	488.3	12.1	4.3	530.7
0.0	5.7	231.4	12.1	4.3	530.7
0.0	8.2	464.3	12.1	6.4	530.7
0.0	10.3	328.2	12.2	6.9	530.7
0.0	14.5	510.5	12.2	8.2	530.7
7.5	12.1	100.1	12.2	2.4	530.7
1.2	15.8	215.3	12.3	6.9	530.7
2.3	18.9	445.9	12.3	8.1	530.7
0.0	20.8	509.8	12.3	8.6	530.7
25.5	18.5	142.8	12.4	6.9	530.7
2.1	17.7	500.5	12.4	9.8	530.7
3.1	17.7	409.7	12.4	7.1	530.7
1.6	20.7	232.3	12.5	7.1	530.7
13.8	22.0	275.2	12.5	9.5	531.2
1.7	11.1	187.5	12.5	7.4	531.2
20.1	9.9	151.2	12.5	4.3	531.2
6.9	10.7	120.9	12.6	5.3	531.2
32.2	11.4	58.6	12.6	6.2	531.2
11.8	9.9	68.7	12.6	3.6	531.2
12.7	9.5	26.4	12.7	3.7	531.2
0.1	8.0	58.8	12.7	2.7	531.2
0.9	8.2	138.1	12.7	3.9	531.2
14.3	9.1	210.1	12.8	4.7	531.2
2.7	9.2	148.0	12.8	4.1	531.2
0.4	12.7	451.9	12.8	6.1	531.2
0.4	14.3	442.3	12.8	7.3	531.2
17.7	11.3	148.4	12.9	3.8	531.2
27.3	12.6	65.0	12.9	4.8	531.2
0.1	12.5	482.8	12.9	6.1	531.2
5.4	14.3	303.2	13.0	7.2	531.2
55.3	13.5	54.1	13.0	6.9	531.2
7.1	15.4	213.5	13.0	5.8	531.2
15.8	12.7	89.9	13.0	5.2	531.2
12.3	17.9	503.1	13.1	9.2	531.2
61.5	18.6	72.1	13.1	5.5	531.2
38.9	18.0	50.2	13.1	2.8	531.2
23.1	17.9	48.0	13.2	6.2	531.2
7.6	13.2	237.7	13.2	7.0	531.2
1.7	10.1	142.2	13.2	5.5	531.2
1.0	9.3	317.4	13.2	5.9	531.2
0.0	16.1	405.4	13.3	8.0	531.2
0.0	18.3	604.4	13.3	8.9	531.2
0.0	16.3	482.6	13.3	9.2	531.2
15.3	16.4	210.9	13.3	8.8	531.5
13.7	14.8	50.9	13.4	4.7	531.5
0.2	15.0	449.3	13.4	8.9	531.5
0.5	18.3	403.6	13.4	8.1	531.5
27.2	17.3	83.4	13.4	3.8	531.5
5.2	19.3	65.5	13.5	6.0	531.5
0.8	17.5	207.8	13.5	7.3	531.5
6.0	16.6	197.9	13.5	6.4	531.5
7.5	20.6	189.2	13.5	9.0	531.5
14.1	23.7	287.5	13.6	9.7	531.5
7.6	19.9	88.0	13.6	8.0	531.5
0.8	16.5	227.2	13.6	6.8	531.5
0.5	20.5	446.4	13.6	8.3	531.5
5.2	23.0	421.2	13.6	10.8	531.5
2.9	24.6	575.0	13.7	10.0	531.5
10.9	24.6	531.0	13.7	9.9	531.5
27.4	22.4	227.4	13.7	8.8	531.5
0.5	20.9	455.9	13.7	8.9	531.5
16.7	20.9	211.3	13.7	7.1	531.5
2.8	17.1	59.8	13.8	8.2	531.5
0.6	17.1	245.1	13.8	6.8	531.5
0.1	19.8	611.5	13.8	9.8	531.5
0.0	20.7	589.7	13.8	9.7	531.5
11.2	18.5	130.0	13.8	5.0	531.5
1.2	18.9	125.2	13.9	4.9	531.5
0.0	21.6	335.7	13.9	8.1	531.5
28.9	22.9	365.5	13.9	9.1	531.5
0.4	20.6	501.2	13.9	10.0	531.5
0.1	22.6	562.0	13.9	9.9	531.5
0.3	23.7	370.5	13.9	9.5	531.5
7.2	22.1	95.5	13.9	5.4	531.5
1.6	22.1	235.1	14.0	8.1	530.2
6.3	21.5	417.0	14.0	9.0	530.2
1.6	21.5	641.8	14.0	8.9	530.2
0.2	22.1	637.8	14.0	10.0	530.2
0.0	23.9	646.6	14.0	10.9	530.2
0.0	25.1	648.1	14.0	12.0	530.2
1.5	25.2	332.1	14.0	9.9	530.2
49.6	19.5	63.8	14.0	7.3	530.2
0.3	19.8	320.2	14.0	8.5	530.2
0.0	22.7	651.7	14.0	11.2	530.2
0.1	24.0	661.3	14.1	12.9	530.2
0.1	26.2	593.6	14.1	11.9	530.2
28.8	26.2	489.7	14.1	9.3	530.2
23.4	24.4	108.8	14.1	7.2	530.2
0.0	24.5	602.5	14.1	11.8	530.2
0.0	23.0	589.7	14.1	9.2	530.2
0.0	22.7	249.4	14.1	8.8	530.2
4.3	25.1	496.1	14.1	10.5	530.2
49.6	22.7	53.9	14.1	3.9	530.2
29.7	24.1	58.2	14.1	4.6	530.2
38.4	24.7	212.9	14.1	9.7	530.2
0.6	20.6	184.3	14.1	6.3	530.2
29.5	23.1	362.1	14.1	8.2	530.2
7.6	20.9	86.8	14.1	6.0	530.2
4.2	25.4	531.6	14.1	10.9	530.2
30.2	24.3	63.7	14.1	5.4	530.2
24.3	26.1	347.1	14.1	9.3	530.2
24.5	25.2	182.3	14.1	7.5	530.2
16.7	25.3	226.9	14.1	8.1	530.2
13.6	25.6	455.8	14.1	10.2	530.2
7.6	25.6	628.9	14.1	11.5	527.1
1.3	26.3	637.8	14.0	11.8	527.1
1.5	26.7	592.6	14.0	11.1	527.1
2.2	26.9	630.9	14.0	11.5	527.1
12.1	26.6	588.9	14.0	10.2	527.1
15.7	26.6	514.0	14.0	10.0	527.1
21.6	26.5	424.5	14.0	9.6	527.1
23.6	25.7	294.1	14.0	8.0	527.1
16.0	26.0	305.6	14.0	8.8	527.1
11.0	26.6	350.7	14.0	9.6	527.1
6.7	27.4	438.4	14.0	8.9	527.1
25.1	26.4	416.4	13.9	8.7	527.1
0.0	27.2	374.8	13.9	9.5	527.1
12.7	25.5	175.3	13.9	7.5	527.1
18.6	25.3	333.7	13.9	7.5	527.1
1.3	25.0	152.6	13.9	5.8	527.1
12.3	25.4	289.9	13.9	7.7	527.1
9.3	25.5	367.0	13.9	8.4	527.1
16.0	25.8	463.5	13.8	8.8	527.1
9.9	26.4	353.5	13.8	8.7	527.1
25.2	26.5	365.4	13.8	9.6	527.1
21.3	26.7	372.4	13.8	9.2	527.1
24.9	25.3	268.1	13.8	8.1	527.1
10.1	24.5	273.2	13.7	8.2	527.1
4.3	24.6	264.6	13.7	7.4	527.1
9.7	25.0	184.4	13.7	7.3	527.1
20.5	26.1	326.7	13.7	9.2	527.1
9.0	27.4	442.1	13.7	9.5	527.1
5.8	27.7	428.2	13.6	9.8	527.1
17.1	27.1	508.1	13.6	10.3	527.1
4.2	27.3	535.1	13.6	10.1	527.1
6.4	27.6	579.3	13.6	9.8	525.0
10.0	27.4	553.6	13.6	10.4	525.0
8.2	27.7	525.2	13.5	10.0	525.0
6.7	27.7	415.5	13.5	9.1	525.0
7.9	27.9	528.1	13.5	10.0	525.0
5.4	28.0	533.9	13.5	10.7	525.0
6.9	27.7	478.8	13.4	10.3	525.0
12.1	27.5	547.2	13.4	10.1	525.0
13.8	27.2	506.5	13.4	9.6	525.0
6.4	27.2	553.9	13.4	10.0	525.0
7.0	26.7	514.9	13.3	9.7	525.0
8.3	26.5	500.6	13.3	9.2	525.0
6.4	27.0	490.9	13.3	9.6	525.0
10.4	27.0	511.5	13.3	9.8	525.0
8.9	26.6	482.9	13.2	8.7	525.0
1.3	26.2	255.4	13.2	6.9	525.0
6.4	25.9	293.9	13.2	7.6	525.0
5.4	25.5	254.1	13.2	7.4	525.0
0.5	24.9	86.1	13.1	4.9	525.0
1.4	26.9	520.2	13.1	8.6	525.0
7.9	26.8	338.4	13.1	8.0	525.0
14.9	27.4	438.9	13.1	10.2	525.0
2.6	27.8	536.6	13.0	10.6	525.0
0.0	27.9	546.9	13.0	9.9	525.0
0.0	28.3	565.0	13.0	9.8	525.0
0.0	28.3	567.4	12.9	10.5	525.0
0.0	28.8	559.1	12.9	10.3	525.0
0.2	28.7	522.4	12.9	10.1	525.0
1.0	27.4	265.4	12.9	7.9	525.0
0.1	27.0	237.8	12.8	7.6	525.0
12.0	26.7	371.6	12.8	9.1	525.0
4.5	26.5	425.3	12.8	8.7	525.4
10.8	25.3	247.0	12.7	7.8	525.4
10.0	25.7	296.3	12.7	7.3	525.4
12.0	26.0	399.3	12.7	8.3	525.4
2.4	26.9	451.8	12.7	8.8	525.4
16.0	25.8	268.7	12.6	7.9	525.4
0.0	23.3	98.0	12.6	5.1	525.4
0.0	24.5	337.9	12.6	7.4	525.4
0.0	23.1	131.7	12.5	4.9	525.4
0.5	22.2	53.6	12.5	4.5	525.4
2.9	21.8	124.8	12.5	5.1	525.4
0.0	22.9	364.0	12.4	7.5	525.4
0.6	24.1	308.8	12.4	7.7	525.4
0.6	24.1	301.2	12.4	8.2	525.4
0.3	25.3	473.0	12.4	8.7	525.4
0.1	26.3	476.0	12.3	9.1	525.4
0.3	26.4	445.9	12.3	8.9	525.4
0.0	26.4	491.3	12.3	9.2	525.4
0.3	26.7	478.5	12.2	8.9	525.4
0.2	27.4	476.6	12.2	9.1	525.4
0.1	27.6	461.6	12.2	8.9	525.4
0.5	26.1	334.3	12.1	7.4	525.4
0.0	25.0	255.0	12.1	8.0	525.4
0.0	27.4	465.6	12.1	8.3	525.4
0.4	24.8	211.2	12.1	7.8	525.4
0.0	22.9	472.2	12.0	7.5	525.4
0.0	22.7	466.7	12.0	7.6	525.4
0.0	21.9	357.1	12.0	8.2	525.4
0.0	19.0	483.7	11.9	7.2	525.4
0.0	19.0	463.3	11.9	7.9	525.4
0.0	20.1	465.5	11.9	8.6	526.0
0.0	22.1	472.0	11.8	9.0	526.0
0.0	20.0	473.1	11.8	8.6	526.0
0.0	21.6	412.7	11.8	8.0	526.0
0.0	22.3	402.9	11.8	7.6	526.0
0.0	22.8	229.3	11.7	7.0	526.0
0.0	19.6	372.7	11.7	7.9	526.0
0.0	18.3	465.9	11.7	7.5	526.0
0.0	18.9	450.7	11.6	8.1	526.0
0.0	19.7	422.3	11.6	8.4	526.0
0.0	19.8	444.4	11.6	8.0	526.0
0.0	20.8	427.5	11.5	7.7	526.0
0.0	21.2	194.8	11.5	6.5	526.0
0.0	20.6	425.8	11.5	8.3	526.0
0.0	19.2	441.9	11.5	8.0	526.0
0.0	16.5	442.7	11.4	7.0	526.0
0.0	19.0	436.0	11.4	7.5	526.0
0.0	20.9	416.2	11.4	7.7	526.0
0.0	16.8	423.5	11.3	7.2	526.0
0.0	13.5	434.9	11.3	6.4	526.0
0.0	15.7	419.1	11.3	6.7	526.0
0.0	18.3	398.3	11.3	7.3	526.0
0.0	20.7	392.9	11.2	7.6	526.0
0.0	22.1	385.8	11.2	7.4	526.0
0.0	22.4	352.4	11.2	7.4	526.0
0.0	20.9	352.0	11.1	6.9	526.0
0.0	18.5	325.6	11.1	5.0	526.0
0.0	15.9	308.1	11.1	6.1	526.0
0.0	15.9	388.7	11.1	6.6	526.0
0.0	15.9	388.0	11.0	6.3	526.0
0.0	16.1	384.5	11.0	5.9	526.0
0.0	16.1	375.5	11.0	5.8	527.5
0.0	16.4	341.4	10.9	5.9	527.5
0.0	17.0	367.9	10.9	6.2	527.5
0.0	17.1	361.9	10.9	5.9	527.5
0.1	15.9	333.4	10.9	5.5	527.5
0.0	15.3	359.7	10.8	5.8	527.5
0.0	15.1	359.4	10.8	5.4	527.5
0.0	15.1	283.2	10.8	5.4	527.5
0.0	17.0	339.3	10.8	5.7	527.5
0.1	15.7	228.2	10.7	5.4	527.5
0.0	16.5	258.2	10.7	5.1	527.5
0.0	17.1	335.6	10.7	5.9	527.5
0.0	15.6	310.9	10.7	5.7	527.5
0.1	13.0	290.1	10.7	4.1	527.5
0.0	9.0	326.0	10.6	4.5	527.5
0.0	4.0	359.1	10.6	3.3	527.5
0.0	4.7	353.8	10.6	3.8	527.5
0.0	8.9	335.4	10.6	4.6	527.5
0.0	13.2	317.8	10.5	5.3	527.5
0.0	13.4	108.7	10.5	4.4	527.5
7.3	14.7	209.5	10.5	4.4	527.5
0.6	11.8	77.4	10.5	3.4	527.5
0.0	9.8	335.4	10.5	3.6	527.5
0.0	13.5	307.1	10.4	4.9	527.5
0.0	10.5	325.0	10.4	3.9	527.5
0.0	11.5	320.2	10.4	4.6	527.5
0.0	12.6	317.3	10.4	4.9	527.5
0.0	10.8	316.7	10.4	5.6	527.5
0.0	4.7	330.2	10.4	3.1	527.5
0.0	5.6	318.6	10.3	3.8	527.5
0.0	5.4	315.9	10.3	3.7	529.6
0.0	5.4	315.8	10.3	3.7	529.6
0.0	7.4	308.2	10.3	4.1	529.6
0.0	8.9	223.5	10.3	4.3	529.6
0.0	9.4	311.3	10.3	4.8	529.6
0.0	10.8	307.2	10.3	5.2	529.6
0.0	13.1	293.8	10.3	5.4	529.6
0.3	11.2	136.0	10.3	3.2	529.6
0.5	11.0	173.7	10.2	2.7	529.6
0.1	10.1	181.5	10.2	3.7	529.6
0.0	11.9	188.4	10.2	4.4	529.6
0.0	9.3	299.8	10.2	4.4	529.6
0.0	13.0	296.0	10.2	5.3	529.6
0.0	8.1	53.1	10.2	3.3	529.6
0.0	1.7	171.6	10.2	2.6	529.6
0.0	3.0	303.7	10.2	3.1	529.6
0.9	6.8	120.6	10.2	3.1	529.6
0.3	8.4	71.2	10.2	3.3	529.6
1.2	8.7	72.0	10.2	3.7	529.6
0.0	6.4	294.1	10.2	3.8	529.6
0.0	9.5	286.2	10.2	3.9	529.6
0.0	7.1	303.3	10.2	3.7	529.6
0.0	7.7	190.7	10.2	3.8	529.6
0.0	10.9	287.1	10.2	5.0	529.6
0.0	12.7	292.3	10.2	5.1	529.6
0.8	15.0	204.1	10.2	5.1	529.6
0.0	6.3	290.6	10.2	2.9	529.6
0.0	5.5	240.5	10.2	3.2	529.6
0.0	3.7	213.8	10.2	3.0	529.6
0.0	3.8	167.9	10.2	2.5	529.6
3.2	2.1	67.0	10.2	1.7	529.6
40.6	4.8	47.3	10.2	2.2	532.2
11.1	6.0	43.8	10.2	2.1	532.2
14.8	1.4	33.0	10.2	1.7	532.2
0.6	-0.4	122.7	10.3	1.9	532.2
0.0	-0.1	299.9	10.3	2.2	532.2
0.0	2.1	306.4	10.3	2.7	532.2
0.0	2.9	218.1	10.3	2.1	532.2
1.4	4.2	97.3	10.3	1.8	532.2
0.0	3.0	303.2	10.3	2.8	532.2
0.0	3.5	313.3	10.3	3.4	532.2
0.0	6.1	284.7	10.3	4.4	532.2
0.2	7.3	301.4	10.3	4.1	532.2
0.0	2.6	289.9	10.4	2.7	532.2
0.0	4.6	276.1	10.4	2.9	532.2
0.4	8.3	137.1	10.4	3.4	532.2
0.0	5.7	306.1	10.4	3.3	532.2
0.2	5.8	104.5	10.4	2.1	532.2
0.2	9.8	122.5	10.4	3.2	532.2
5.2	14.9	294.5	10.5	4.5	532.2
1.2	6.1	88.2	10.5	3.8	532.2
10.1	2.5	46.8	10.5	1.1	532.2
4.4	3.7	56.4	10.5	1.6	532.2
0.6	4.9	80.6	10.5	1.5	532.2
24.1	7.0	67.8	10.6	2.1	532.2
1.7	5.4	91.1	10.6	2.6	532.2
4.6	6.1	101.9	10.6	2.2	532.2
4.2	7.2	19.0	10.6	1.1	532.2
2.6	8.6	32.4	10.7	2.8	532.2
3.6	5.6	92.9	10.7	5.3	532.2
2.7	-2.4	39.1	10.7	1.2	532.2
0.2	-3.7	95.7	10.7	1.5	532.2
0.5	-0.5	234.2	10.8	2.9	533.4
6.7	4.7	301.7	10.8	3.8	533.4
10.1	1.9	19.6	10.8	0.7	533.4
23.5	4.8	12.8	10.8	2.4	533.4
6.9	1.7	39.4	10.9	2.7	533.4
17.1	-0.3	23.6	10.9	0.7	533.4
27.6	2.0	15.8	10.9	2.1	533.4
19.7	4.7	18.2	10.9	1.5	533.4
13.5	4.4	22.1	11.0	2.8	533.4
1.0	-0.5	169.0	11.0	2.8	533.4
0.0	0.3	350.3	11.0	2.5	533.4
0.0	-1.9	351.3	11.0	2.9	533.4
0.0	-3.7	411.6	11.1	2.2	533.4
1.4	-2.4	219.1	11.1	1.9	533.4
4.7	-0.7	188.0	11.1	1.9	533.4
4.9	-0.1	139.9	11.2	1.6	533.4
0.2	-1.1	321.8	11.2	2.9	533.4
0.0	-0.2	428.7	11.2	3.3	533.4
0.0	2.7	427.6	11.2	4.1	533.4
0.0	2.2	437.0	11.3	4.1	533.4
0.0	4.1	433.7	11.3	4.8	533.4
0.0	8.6	424.6	11.3	5.7	533.4
0.4	11.4	220.5	11.4	5.6	533.4
26.9	6.6	53.0	11.4	6.1	533.4
1.0	2.1	260.9	11.4	2.9	533.4
0.6	4.2	153.7	11.4	3.0	533.4
11.1	7.1	45.1	11.5	3.5	533.4
21.0	5.4	41.4	11.5	1.8	533.4
4.0	4.9	126.6	11.5	3.7	533.7
10.1	7.1	370.3	11.6	4.2	533.7
45.6	8.0	39.4	11.6	3.6	533.7
7.5	2.3	29.5	11.6	3.1	533.7
4.6	2.4	161.5	11.7	2.4	533.7
1.5	2.3	71.5	11.7	2.1	533.7
19.8	6.4	86.6	11.7	3.3	533.7
0.1	5.6	136.4	11.7	3.9	533.7
26.1	12.7	289.5	11.8	6.9	533.7
20.3	16.9	43.6	11.8	4.6	533.7
5.3	10.4	44.3	11.8	6.4	533.7
18.0	6.7	46.4	11.9	2.8	533.7
9.7	4.0	105.6	11.9	3.6	533.7
10.7	2.1	127.3	11.9	2.0	533.7
0.0	2.9	405.6	12.0	4.6	533.7
0.0	5.9	500.2	12.0	5.1	533.7
32.4	8.3	128.5	12.0	3.6	533.7
4.0	9.0	58.8	12.0	3.1	533.7
1.8	7.1	109.3	12.1	4.0	533.7
1.3	6.8	56.5	12.1	3.0	533.7
0.1	6.3	337.6	12.1	5.3	533.7
2.8	9.1	389.9	12.2	5.2	533.7
4.2	8.6	89.9	12.2	3.2	533.7
0.0	8.6	498.7	12.2	6.0	533.7
5.2	7.1	284.0	12.3	3.9	533.7
0.6	9.4	251.3	12.3	5.3	533.7
36.0	14.4	463.0	12.3	7.7	533.7
19.3	13.1	55.2	12.4	3.7	533.7
1.5	10.0	143.4	12.4	4.9	533.7
0.5	8.7	329.3	12.4	5.9	533.7
0.0	12.9	368.7	12.4	7.4	533.7
7.2	14.1	329.1	12.5	6.0	534.1
0.5	15.3	407.4	12.5	8.0	534.1
27.3	13.4	263.8	12.5	7.9	534.1
27.9	15.4	49.7	12.6	7.5	534.1
35.4	12.1	67.7	12.6	6.0	534.1
0.4	7.3	168.8	12.6	4.9	534.1
0.0	10.0	577.7	12.7	6.5	534.1
0.0	11.8	591.8	12.7	6.8	534.1
0.0	14.7	522.0	12.7	8.4	534.1
0.0	16.8	470.1	12.7	10.0	534.1
0.1	22.8	562.8	12.8	10.8	534.1
12.8	22.4	233.7	12.8	10.9	534.1
13.1	7.0	64.0	12.8	7.2	534.1
0.0	10.0	532.9	12.9	6.4	534.1
0.0	14.3	573.8	12.9	8.0	534.1
17.1	12.3	111.7	12.9	5.2	534.1
3.7	11.9	137.7	12.9	7.0	534.1
0.0	13.9	594.4	13.0	7.5	534.1
1.2	14.8	288.5	13.0	7.2	534.1
0.3	17.1	257.8	13.0	8.2	534.1
0.1	17.5	106.8	13.1	6.6	534.1
36.7	19.9	463.3	13.1	9.0	534.1
0.1	15.1	202.1	13.1	7.5	534.1
0.2	17.1	463.2	13.1	8.2	534.1
28.2	19.5	149.0	13.2	7.8	534.1
14.6	18.9	89.6	13.2	5.0	534.1
29.2	18.6	78.6	13.2	4.4	534.1
7.2	20.3	115.9	13.3	8.2	534.1
7.1	25.1	545.3	13.3	11.5	534.1
1.3	17.0	314.9	13.3	8.2	534.1
0.0	11.8	346.0	13.3	7.1	534.5
0.3	12.9	612.2	13.4	8.1	534.5
0.0	16.0	633.1	13.4	8.8	534.5
4.4	17.9	508.2	13.4	8.4	534.5
47.7	17.9	63.4	13.4	7.4	534.5
8.2	21.2	57.8	13.5	5.3	534.5
6.3	22.6	106.4	13.5	7.3	534.5
1.5	20.0	306.8	13.5	11.2	534.5
8.7	16.9	66.2	13.5	8.3	534.5
11.4	21.4	351.5	13.5	13.5	534.5
3.4	15.4	62.0	13.6	2.1	534.5
0.3	17.7	203.6	13.6	7.5	534.5
17.3	20.9	208.6	13.6	8.6	534.5
5.9	15.1	47.4	13.6	8.9	534.5
0.9	14.7	273.6	13.7	7.0	534.5
0.2	16.1	651.7	13.7	9.3	534.5
0.0	17.9	655.5	13.7	10.2	534.5
0.0	18.9	585.3	13.7	8.8	534.5
0.2	20.4	610.7	13.7	11.2	534.5
0.0	21.9	638.1	13.8	10.6	534.5
4.9	22.9	580.5	13.8	10.1	534.5
0.2	21.8	389.2	13.8	9.2	534.5
0.0	20.8	600.3	13.8	10.3	534.5
21.0	20.5	306.8	13.8	9.8	534.5
0.7	18.5	140.6	13.8	6.5	534.5
10.7	22.9	513.2	13.9	10.8	534.5
34.5	21.7	43.2	13.9	4.8	534.5
56.2	22.6	48.0	13.9	4.1	534.5
11.8	23.4	124.0	13.9	6.9	534.5
21.9	25.3	412.0	13.9	10.0	534.5
4.1	23.2	161.8	13.9	9.3	534.5
0.0	23.4	553.6	14.0	9.3	533.2
0.0	24.2	567.6	14.0	10.1	533.2
0.0	22.2	482.5	14.0	8.7	533.2
0.1	21.6	378.1	14.0	10.2	533.2
0.0	22.8	650.2	14.0	12.0	533.2
0.0	24.0	659.6	14.0	11.7	533.2
0.0	24.0	559.2	14.0	9.9	533.2
0.2	23.8	373.7	14.0	9.0	533.2
1.2	24.8	400.0	14.0	8.7	533.2
3.6	25.1	274.4	14.0	8.5	533.2
3.6	24.7	104.3	14.0	6.9	533.2
10.2	23.7	32.8	14.1	3.3	533.2
2.1	21.0	68.2	14.1	7.3	533.2
0.9	22.2	536.4	14.1	10.2	533.2
0.0	22.9	474.9	14.1	9.4	533.2
0.0	22.5	534.9	14.1	10.5	533.2
0.0	24.0	631.0	14.1	11.1	533.2
0.3	26.1	503.0	14.1	10.7	533.2
59.3	23.2	55.8	14.1	4.1	533.2
10.0	23.9	117.5	14.1	6.3	533.2
0.5	24.6	281.8	14.1	7.7	533.2
8.7	25.0	456.9	14.1	8.9	533.2
4.8	25.9	455.1	14.1	9.8	533.2
5.1	25.9	525.2	14.1	10.5	533.2
11.9	25.5	425.4	14.1	8.7	533.2
25.0	24.5	301.8	14.1	10.3	533.2
12.0	24.0	116.9	14.1	5.7	533.2
9.6	25.0	309.1	14.1	8.4	533.2
10.1	23.9	196.2	14.1	8.2	533.2
4.6	25.2	374.5	14.1	8.0	533.2
14.9	25.6	294.7	14.1	9.2	530.0
9.1	26.5	481.7	14.0	10.5	530.0
8.4	27.6	488.4	14.0	10.5	530.0
14.4	27.3	375.6	14.0	9.6	530.0
11.5	27.0	379.6	14.0	10.4	530.0
31.6	26.0	280.0	14.0	9.6	530.0
3.6	24.0	181.7	14.0	6.0	530.0
10.3	24.9	206.5	14.0	6.6	530.0
4.3	24.3	53.4	14.0	3.9	530.0
11.3	25.7	231.7	14.0	7.7	530.0
6.1	26.5	292.1	14.0	8.9	530.0
7.9	27.2	618.8	13.9	11.1	530.0
12.3	27.1	581.3	13.9	11.0	530.0
3.9	27.3	630.1	13.9	11.3	530.0
0.0	27.5	604.2	13.9	10.8	530.0
0.3	27.7	616.1	13.9	10.6	530.0
0.1	28.1	628.7	13.9	10.5	530.0
7.7	27.4	581.1	13.9	11.5	530.0
24.6	26.6	594.6	13.8	9.9	530.0
10.6	26.8	569.1	13.8	10.1	530.0
0.5	27.0	539.9	13.8	11.3	530.0
0.0	27.1	624.7	13.8	11.1	530.0
0.0	27.7	610.8	13.8	11.0	530.0
0.2	29.0	570.6	13.8	10.3	530.0
6.1	27.8	395.4	13.7	11.1	530.0
3.1	28.4	584.4	13.7	10.5	530.0
13.5	27.1	488.3	13.7	10.0	530.0
18.8	26.8	406.3	13.7	9.2	530.0
13.1	26.9	350.6	13.7	9.1	530.0
14.9	27.3	414.9	13.6	9.4	530.0
17.5	27.3	440.5	13.6	9.4	530.0
22.3	27.4	497.5	13.6	9.6	527.9
11.9	27.3	497.7	13.6	10.1	527.9
11.3	27.4	567.9	13.5	10.3	527.9
17.8	26.7	479.2	13.5	9.2	527.9
8.4	26.4	431.9	13.5	8.1	527.9
9.7	26.6	441.7	13.5	8.7	527.9
18.7	26.1	400.8	13.4	8.0	527.9
14.0	26.2	381.6	13.4	7.5	527.9
15.7	26.3	478.1	13.4	8.6	527.9
13.0	26.9	534.5	13.4	9.1	527.9
15.6	26.9	512.7	13.3	8.9	527.9
21.2	26.6	527.2	13.3	9.0	527.9
12.5	27.1	533.3	13.3	9.5	527.9
4.9	27.4	437.4	13.3	9.5	527.9
0.0	27.9	586.5	13.2	10.4	527.9
0.0	28.3	589.9	13.2	10.4	527.9
0.7	28.8	579.7	13.2	10.1	527.9
10.0	27.6	502.8	13.2	10.1	527.9
15.0	27.2	496.9	13.1	9.3	527.9
10.4	27.3	520.7	13.1	9.9	527.9
4.5	27.6	525.2	13.1	9.9	527.9
7.3	27.4	467.6	13.1	9.3	527.9
19.5	26.6	437.3	13.0	9.4	527.9
8.1	26.8	529.8	13.0	8.5	527.9
1.0	27.3	464.4	13.0	9.5	527.9
11.0	26.6	484.0	12.9	9.0	527.9
35.9	25.4	425.1	12.9	7.7	527.9
9.2	24.2	414.9	12.9	8.5	527.9
0.0	22.6	539.9	12.9	9.0	527.9
0.0	24.5	552.0	12.8	9.0	527.9
0.4	25.4	458.8	12.8	8.2	527.9
1.8	26.0	319.9	12.8	7.1	528.3
0.7	26.1	275.4	12.7	7.7	528.3
24.3	25.5	322.9	12.7	7.1	528.3
18.5	26.5	501.9	12.7	8.8	528.3
3.4	27.0	529.6	12.7	9.3	528.3
2.6	27.3	526.3	12.6	9.3	528.3
0.3	27.5	505.5	12.6	9.7	528.3
19.2	23.1	473.1	12.6	10.3	528.3
0.2	18.8	328.5	12.5	7.6	528.3
0.0	19.7	537.4	12.5	8.1	528.3
0.0	20.9	508.9	12.5	9.1	528.3
0.0	21.1	533.0	12.5	9.7	528.3
0.0	21.5	543.1	12.4	9.7	528.3
0.0	23.5	526.3	12.4	10.4	528.3
0.0	24.1	521.1	12.4	10.9	528.3
0.0	23.9	524.2	12.3	11.0	528.3
0.0	23.8	527.8	12.3	10.9	528.3
0.0	24.5	519.8	12.3	10.2	528.3
0.0	25.4	508.2	12.2	9.6	528.3
0.0	26.0	497.8	12.2	10.6	528.3
0.0	25.6	498.3	12.2	9.9	528.3
0.0	25.4	438.9	12.2	8.4	528.3
0.0	24.3	203.6	12.1	6.7	528.3
0.3	24.2	407.7	12.1	8.5	528.3
0.0	24.3	478.8	12.1	8.9	528.3
0.0	23.9	381.6	12.0	8.3	528.3
0.0	24.3	462.5	12.0	8.6	528.3
2.0	25.0	354.7	12.0	8.7	528.3
0.0	20.4	207.7	11.9	8.3	528.3
0.0	21.1	486.6	11.9	7.8	528.3
0.0	20.5	471.6	11.9	8.5	528.9
0.0	20.1	318.4	11.8	8.1	528.9
0.0	21.5	447.7	11.8	8.2	528.9
0.0	21.8	304.5	11.8	8.5	528.9
0.0	17.3	478.7	11.8	7.3	528.9
0.0	19.3	470.5	11.7	8.9	528.9
0.0	21.0	454.0	11.7	9.1	528.9
0.0	21.2	230.4	11.7	8.4	528.9
0.0	21.9	455.8	11.6	9.7	528.9
0.0	21.7	457.3	11.6	9.6	528.9
0.0	22.3	449.3	11.6	9.8	528.9
0.0	22.0	447.1	11.5	9.2	528.9
0.0	21.6	430.6	11.5	8.2	528.9
0.0	20.9	389.5	11.5	8.2	528.9
0.0	21.3	415.4	11.5	8.8	528.9
0.0	21.7	418.8	11.4	8.5	528.9
0.0	21.1	324.3	11.4	7.9	528.9
0.0	20.1	412.5	11.4	7.9	528.9
0.0	18.2	307.3	11.3	5.5	528.9
0.0	18.0	273.0	11.3	6.6	528.9
0.1	20.1	394.0	11.3	7.5	528.9
0.0	21.4	399.7	11.3	8.1	528.9
0.0	21.3	405.2	11.2	8.4	528.9
0.0	20.6	411.1	11.2	8.7	528.9
0.0	20.7	399.2	11.2	7.9	528.9
0.0	19.3	282.5	11.1	6.5	528.9
0.0	21.1	381.3	11.1	6.9	528.9
0.0	20.5	381.3	11.1	6.9	528.9
0.0	16.1	387.6	11.1	5.9	528.9
0.0	16.1	383.9	11.0	6.1	528.9
0.0	17.3	378.0	11.0	6.9	528.9
0.0	17.7	377.4	11.0	6.8	530.4
0.0	17.2	379.1	11.0	6.7	530.4
0.0	17.1	372.5	10.9	7.4	530.4
0.0	11.0	388.5	10.9	5.2	530.4
0.0	12.5	376.7	10.9	6.2	530.4
0.0	13.6	378.6	10.9	6.2	530.4
0.0	14.8	370.4	10.8	6.5	530.4
0.0	15.8	360.1	10.8	6.5	530.4
0.0	17.1	355.1	10.8	6.6	530.4
0.0	11.9	368.9	10.8	4.9	530.4
0.0	14.2	354.1	10.7	5.9	530.4
0.0	12.3	353.5	10.7	4.6	530.4
0.0	13.2	344.5	10.7	5.0	530.4
0.0	11.8	343.4	10.7	4.6	530.4
0.0	9.5	332.9	10.6	4.1	530.4
0.0	8.6	331.5	10.6	4.3	530.4
0.0	11.6	329.7	10.6	5.0	530.4
0.0	13.9	195.6	10.6	4.7	530.4
0.0	14.9	188.4	10.5	5.4	530.4
0.0	17.0	259.8	10.5	5.7	530.4
0.1	19.0	305.3	10.5	6.0	530.4
1.6	18.5	294.0	10.5	6.7	530.4
0.1	8.7	94.1	10.5	3.4	530.4
0.0	5.9	305.3	10.5	3.6	530.4
0.0	6.8	332.3	10.4	4.1	530.4
0.0	7.8	330.6	10.4	4.4	530.4
0.0	9.6	316.4	10.4	5.1	530.4
0.0	13.1	314.6	10.4	5.0	530.4
0.0	17.1	293.7	10.4	5.4	530.4
1.6	17.2	178.4	10.4	4.7	530.4
3.4	14.5	39.3	10.3	3.9	532.6
2.9	14.3	127.5	10.3	2.9	532.6
14.9	14.5	60.0	10.3	4.6	532.6
2.6	4.9	25.1	10.3	2.8	532.6
0.2	2.8	157.4	10.3	2.2	532.6
0.2	5.4	243.2	10.3	3.2	532.6
3.2	11.3	275.2	10.3	4.7	532.6
7.7	8.4	32.8	10.3	0.9	532.6
11.5	9.7	9.0	10.2	1.7	532.6
4.4	5.9	31.3	10.2	2.4	532.6
0.3	3.8	215.8	10.2	3.0	532.6
0.1	6.2	262.0	10.2	3.7	532.6
0.3	10.2	264.1	10.2	4.3	532.6
0.5	14.8	245.0	10.2	4.4	532.6
3.1	14.9	80.8	10.2	5.1	532.6
0.0	7.3	301.1	10.2	3.2	532.6
10.5	11.6	293.4	10.2	4.3	532.6
0.1	3.6	153.7	10.2	2.8	532.6
1.8	0.9	292.4	10.2	1.9	532.6
1.1	3.8	115.6	10.2	2.0	532.6
24.6	8.8	70.3	10.2	2.6	532.6
2.2	12.6	99.9	10.2	3.2	532.6
11.3	17.4	254.5	10.2	5.0	532.6
7.1	5.2	55.4	10.2	2.6	532.6
15.9	6.6	11.8	10.2	1.9	532.6
10.4	7.0	13.4	10.2	1.8	532.6
5.6	1.6	9.1	10.2	2.2	532.6
4.2	-0.4	42.1	10.2	0.8	532.6
8.2	-1.1	24.9	10.2	1.4	532.6
0.0	-0.7	226.6	10.2	1.6	532.6
0.0	-1.4	287.3	10.2	2.2	532.6
0.0	-2.2	275.0	10.2	2.1	535.2
0.3	2.2	224.3	10.2	3.0	535.2
0.3	3.0	223.5	10.2	3.0	535.2
0.0	2.1	206.0	10.2	3.0	535.2
0.1	-6.3	260.5	10.3	1.4	535.2
0.0	-5.3	296.4	10.3	1.4	535.2
0.0	-0.5	313.8	10.3	2.4	535.2
4.0	7.0	298.5	10.3	4.1	535.2
0.7	0.6	38.7	10.3	2.1	535.2
0.0	-1.5	188.8	10.3	2.2	535.2
0.0	2.0	284.9	10.3	3.2	535.2
0.0	10.6	297.1	10.3	4.5	535.2
19.3	8.5	44.8	10.4	4.0	535.2
0.1	2.4	203.3	10.4	2.3	535.2
0.2	1.9	141.5	10.4	2.2	535.2
0.1	6.3	200.4	10.4	3.6	535.2
5.0	8.8	133.0	10.4	3.4	535.2
0.9	7.4	52.2	10.4	2.4	535.2
0.8	5.4	92.6	10.5	2.0	535.2
0.7	5.0	232.4	10.5	2.9	535.2
0.6	5.3	104.8	10.5	2.1	535.2
0.0	10.1	189.1	10.5	3.2	535.2
0.5	13.9	188.5	10.5	3.8	535.2
0.1	16.0	312.1	10.6	4.5	535.2
2.7	16.6	182.3	10.6	3.4	535.2
2.7	8.1	72.1	10.6	5.2	535.2
0.0	5.0	356.1	10.6	3.0	535.2
0.0	5.5	358.3	10.7	3.6	535.2
3.8	9.1	232.6	10.7	4.7	535.2
0.0	5.4	357.7	10.7	3.5	535.2
0.0	6.1	362.1	10.7	3.5	535.2
0.0	4.2	367.7	10.7	3.3	536.4
0.0	10.2	369.9	10.8	5.4	536.4
0.0	10.0	369.1	10.8	4.1	536.4
0.0	5.5	379.8	10.8	4.1	536.4
5.5	7.8	355.9	10.8	4.5	536.4
26.6	2.3	39.2	10.9	2.0	536.4
0.5	4.5	146.5	10.9	2.5	536.4
0.3	6.2	334.0	10.9	4.3	536.4
0.1	8.9	338.7	11.0	5.0	536.4
8.4	12.6	345.3	11.0	6.2	536.4
0.8	2.4	80.7	11.0	2.6	536.4
0.0	4.5	398.3	11.0	3.8	536.4
0.2	6.3	386.4	11.1	4.3	536.4
0.2	7.6	399.2	11.1	4.3	536.4
0.7	13.0	128.1	11.1	5.0	536.4
0.6	19.7	376.3	11.1	6.0	536.4
2.4	9.2	64.0	11.2	6.7	536.4
14.9	3.5	94.7	11.2	3.1	536.4
0.0	3.3	227.1	11.2	2.7	536.4
0.0	4.1	422.1	11.3	3.4	536.4
0.0	6.7	255.9	11.3	4.5	536.4
1.1	3.4	277.2	11.3	3.3	536.4
0.3	1.1	361.3	11.3	2.9	536.4
0.0	2.1	442.2	11.4	4.1	536.4
0.0	7.3	456.8	11.4	5.5	536.4
0.5	8.3	239.4	11.4	5.3	536.4
0.0	9.3	448.3	11.5	5.4	536.4
0.0	12.0	450.2	11.5	7.4	536.4
0.0	12.2	452.8	11.5	6.1	536.7
0.0	14.2	125.7	11.6	5.6	536.7
0.0	19.5	426.7	11.6	9.2	536.7
0.1	20.6	267.9	11.6	7.7	536.7
3.1	17.6	265.1	11.6	8.4	536.7
0.3	9.0	79.1	11.7	3.3	536.7
1.8	8.6	86.2	11.7	3.7	536.7
0.1	20.8	368.9	11.7	9.0	536.7
6.0	9.5	103.2	11.8	8.7	536.7
0.6	4.8	94.1	11.8	2.2	536.7
3.7	5.8	45.6	11.8	2.2	536.7
0.0	8.6	379.8	11.9	4.9	536.7
3.0	9.2	118.5	11.9	3.9	536.7
31.6	10.3	191.7	11.9	4.9	536.7
29.1	7.9	26.3	11.9	1.9	536.7
33.2	5.4	35.9	12.0	3.0	536.7
11.8	7.6	32.8	12.0	3.7	536.7
21.2	6.7	44.3	12.0	4.0	536.7
0.0	6.3	265.5	12.1	4.3	536.7
0.0	8.5	342.9	12.1	4.9	536.7
0.2	10.1	513.2	12.1	6.9	536.7
2.0	13.5	376.7	12.2	6.3	536.7
13.3	13.4	63.2	12.2	4.3	536.7
7.3	17.2	115.9	12.2	4.5	536.7
0.6	12.9	207.4	12.3	7.5	536.7
0.0	11.4	526.7	12.3	5.8	536.7
10.6	15.9	254.9	12.3	6.8	536.7
5.2	13.8	53.9	12.3	4.0	536.7
34.8	17.4	248.5	12.4	6.8	536.7
29.2	17.6	50.0	12.4	6.4	536.7
2.5	13.3	115.5	12.4	3.3	536.7
0.1	15.7	460.5	12.5	6.9	537.1
0.3	14.4	125.2	12.5	4.4	537.1
0.8	15.3	174.4	12.5	4.7	537.1
0.9	18.2	328.9	12.6	7.0	537.1
1.2	17.7	280.0	12.6	6.9	537.1
17.4	15.2	199.0	12.6	7.0	537.1
19.0	10.9	48.8	12.6	2.1	537.1
3.8	14.4	352.9	12.7	7.1	537.1
0.1	12.8	556.2	12.7	7.1	537.1
0.1	9.4	399.7	12.7	6.1	537.1
0.3	10.2	115.7	12.8	4.3	537.1
8.8	14.0	332.0	12.8	7.1	537.1
0.4	15.4	454.2	12.8	8.6	537.1
1.1	19.2	508.2	12.9	9.4	537.1
20.6	19.9	89.6	12.9	4.5	537.1
15.8	22.0	320.5	12.9	8.3	537.1
1.2	23.5	409.2	12.9	7.3	537.1
35.4	20.8	161.0	13.0	8.5	537.1
39.9	17.2	113.6	13.0	5.0	537.1
6.6	12.8	40.8	13.0	5.9	537.1
8.1	11.2	25.2	13.1	2.6	537.1
9.7	12.7	98.4	13.1	4.8	537.1
16.6	12.4	33.4	13.1	3.6	537.1
1.1	11.9	95.3	13.1	3.7	537.1
0.1	13.3	470.7	13.2	7.7	537.1
0.7	14.7	395.8	13.2	6.6	537.1
8.9	15.6	298.0	13.2	6.3	537.1
1.2	16.2	347.7	13.2	9.0	537.1
0.0	19.4	565.2	13.3	9.8	537.1
0.0	22.9	556.1	13.3	10.1	537.1
13.1	23.4	447.3	13.3	7.6	537.4
32.8	18.6	123.6	13.3	10.9	537.4
3.3	14.1	101.5	13.4	5.0	537.4
0.0	13.8	322.3	13.4	6.5	537.4
0.0	15.3	458.9	13.4	8.3	537.4
2.2	19.5	502.9	13.4	9.4	537.4
3.1	20.4	86.4	13.5	6.0	537.4
2.5	22.8	247.8	13.5	8.7	537.4
9.2	23.3	203.4	13.5	7.8	537.4
0.7	21.6	546.0	13.5	9.6	537.4
0.4	20.3	245.4	13.6	6.2	537.4
11.1	23.0	172.9	13.6	7.2	537.4
29.6	22.4	97.0	13.6	7.4	537.4
0.0	17.0	455.0	13.6	8.6	537.4
0.0	14.2	254.4	13.7	5.6	537.4
0.0	14.7	269.7	13.7	6.0	537.4
0.0	17.3	611.6	13.7	9.6	537.4
0.1	20.5	616.1	13.7	10.5	537.4
9.9	21.9	207.7	13.7	6.6	537.4
14.6	24.5	378.7	13.8	9.9	537.4
31.7	25.2	345.6	13.8	9.1	537.4
3.3	18.2	132.5	13.8	9.4	537.4
0.0	18.5	616.0	13.8	7.9	537.4
0.8	21.0	334.6	13.8	8.7	537.4
12.9	24.6	473.6	13.8	10.6	537.4
6.7	20.0	79.3	13.9	7.1	537.4
4.3	20.1	83.4	13.9	4.7	537.4
1.0	22.8	177.1	13.9	7.3	537.4
4.1	25.4	488.6	13.9	10.8	537.4
53.7	23.3	339.5	13.9	9.9	537.4
0.3	20.4	278.2	13.9	9.2	537.4
0.1	23.3	638.0	13.9	10.8	536.1
0.0	24.0	566.0	14.0	10.3	536.1
4.9	24.4	636.4	14.0	10.8	536.1
0.1	25.6	498.3	14.0	10.8	536.1
9.2	25.2	354.4	14.0	11.2	536.1
0.4	21.2	144.6	14.0	8.5	536.1
0.1	21.9	499.8	14.0	8.7	536.1
0.0	19.9	283.9	14.0	7.7	536.1
15.7	22.7	327.4	14.0	9.5	536.1
10.8	22.2	47.4	14.0	3.5	536.1
18.1	23.1	154.9	14.0	6.7	536.1
1.2	23.5	314.1	14.1	8.4	536.1
18.7	25.1	369.0	14.1	9.7	536.1
3.6	21.3	97.5	14.1	8.9	536.1
0.1	20.9	656.0	14.1	11.3	536.1
0.1	23.8	646.6	14.1	11.9	536.1
0.0	25.1	532.3	14.1	11.4	536.1
0.1	26.0	494.2	14.1	11.3	536.1
0.2	24.6	291.7	14.1	9.6	536.1
0.1	24.3	619.1	14.1	9.6	536.1
0.0	24.8	491.2	14.1	9.2	536.1
16.0	22.9	67.4	14.1	5.4	536.1
24.2	25.0	97.2	14.1	6.9	536.1
1.4	22.9	116.1	14.1	5.8	536.1
0.1	23.3	506.7	14.1	10.0	536.1
4.2	24.4	639.4	14.1	10.8	536.1
1.1	25.7	535.4	14.1	10.4	536.1
1.5	25.0	278.4	14.1	7.6	536.1
4.4	23.3	113.7	14.1	7.4	536.1
3.0	21.9	74.6	14.1	4.2	536.1
1.3	22.5	279.4	14.1	9.1	533.0
0.1	25.7	501.4	14.0	11.4	533.0
25.3	26.4	432.1	14.0	9.3	533.0
9.1	27.5	482.1	14.0	10.5	533.0
8.3	27.3	316.4	14.0	9.6	533.0
16.7	28.2	521.0	14.0	9.7	533.0
40.3	27.5	441.6	14.0	9.2	533.0
21.9	26.2	139.5	14.0	7.7	533.0
5.0	28.1	465.0	14.0	10.4	533.0
15.6	27.1	461.9	14.0	9.4	533.0
18.4	26.7	411.4	14.0	10.8	533.0
0.0	27.6	588.7	13.9	11.0	533.0
0.3	27.9	564.8	13.9	10.8	533.0
0.1	28.2	590.0	13.9	10.4	533.0
15.6	27.9	514.7	13.9	10.7	533.0
23.8	27.2	290.0	13.9	7.6	533.0
6.8	26.5	302.9	13.9	7.7	533.0
1.7	24.8	61.5	13.9	4.5	533.0
0.2	24.3	255.3	13.8	9.7	533.0
0.0	26.1	586.1	13.8	9.7	533.0
12.0	25.0	158.0	13.8	6.5	533.0
9.9	24.5	59.1	13.8	3.5	533.0
4.8	25.8	191.2	13.8	7.2	533.0
24.2	26.1	259.6	13.8	7.5	533.0
12.7	27.0	462.5	13.7	9.3	533.0
12.0	27.5	496.1	13.7	10.6	533.0
10.2	28.1	559.4	13.7	10.0	533.0
10.1	27.9	541.9	13.7	9.7	533.0
9.4	27.5	437.3	13.7	9.0	533.0
12.9	27.4	477.3	13.6	9.0	533.0
10.2	27.5	510.7	13.6	9.6	533.0
8.7	27.4	479.7	13.6	9.8	530.9
11.4	27.2	460.5	13.6	9.5	530.9
10.5	27.1	480.1	13.5	9.4	530.9
12.3	27.4	448.8	13.5	9.7	530.9
14.2	26.8	408.7	13.5	9.1	530.9
17.2	26.6	337.2	13.5	8.3	530.9
24.9	26.5	330.5	13.5	8.3	530.9
17.5	25.7	173.7	13.4	7.2	530.9
7.7	25.7	225.2	13.4	7.8	530.9
4.9	26.4	530.7	13.4	10.1	530.9
0.8	26.5	479.2	13.4	8.9	530.9
10.2	25.6	388.5	13.3	7.4	530.9
14.5	25.0	141.5	13.3	5.3	530.9
8.6	25.5	151.5	13.3	5.7	530.9
2.5	25.8	254.3	13.3	8.0	530.9
0.7	25.4	278.5	13.2	8.9	530.9
0.3	25.3	564.7	13.2	9.6	530.9
0.2	26.3	538.9	13.2	9.4	530.9
0.0	26.2	399.8	13.1	8.2	530.9
0.0	26.0	526.3	13.1	10.7	530.9
0.0	24.4	593.6	13.1	10.4	530.9
0.0	25.9	563.6	13.1	9.9	530.9
25.3	24.5	128.4	13.0	9.7	530.9
14.4	21.8	34.7	13.0	6.0	530.9
1.3	24.7	323.2	13.0	7.6	530.9
0.6	25.0	136.9	13.0	6.4	530.9
1.0	26.3	335.0	12.9	7.2	530.9
1.0	26.8	471.9	12.9	8.5	530.9
4.2	26.7	476.3	12.9	8.5	530.9
0.0	26.9	436.7	12.8	9.3	530.9
0.0	27.2	550.7	12.8	9.7	530.9
0.0	27.8	550.9	12.8	10.1	531.3
0.0	28.0	551.3	12.8	10.2	531.3
0.1	28.9	540.4	12.7	10.7	531.3
0.0	28.8	541.8	12.7	10.1	531.3
2.9	29.4	532.3	12.7	10.8	531.3
20.2	27.1	517.6	12.6	8.7	531.3
12.5	26.7	502.8	12.6	8.8	531.3
0.0	27.6	512.9	12.6	9.1	531.3
1.4	28.0	443.2	12.5	9.4	531.3
7.6	27.6	490.9	12.5	8.9	531.3
11.8	25.6	449.6	12.5	7.2	531.3
13.7	26.0	406.1	12.5	9.0	531.3
24.9	24.0	431.0	12.4	8.8	531.3
0.0	19.6	251.4	12.4	8.4	531.3
0.0	19.6	280.3	12.4	6.2	531.3
0.0	22.0	367.7	12.3	7.5	531.3
0.1	22.4	303.5	12.3	7.6	531.3
0.0	22.4	483.3	12.3	8.4	531.3
0.0	20.0	424.6	12.2	7.9	531.3
0.0	22.7	498.7	12.2	8.3	531.3
0.0	23.2	364.3	12.2	7.5	531.3
0.0	23.1	450.8	12.2	9.3	531.3
0.0	22.4	481.5	12.1	8.6	531.3
0.0	22.2	428.0	12.1	8.4	531.3
0.0	21.7	435.1	12.1	9.3	531.3
0.0	21.4	503.2	12.0	9.2	531.3
0.0	22.2	483.9	12.0	9.4	531.3
0.0	22.5	351.1	12.0	8.9	531.3
0.0	23.0	472.9	11.9	9.2	531.3
0.0	20.0	483.7	11.9	8.5	531.3
0.0	19.2	491.9	11.9	8.9	531.9
0.0	20.6	485.2	11.9	9.4	531.9
0.0	20.8	416.5	11.8	9.3	531.9
0.0	21.4	464.2	11.8	8.9	531.9
0.0	20.1	255.6	11.8	8.7	531.9
0.0	21.5	464.5	11.7	9.3	531.9
0.0	22.7	457.4	11.7	9.3	531.9
0.0	22.5	451.1	11.7	9.1	531.9
0.0	19.1	446.9	11.6	8.0	531.9
0.0	20.7	339.9	11.6	7.4	531.9
0.0	21.9	434.6	11.6	8.3	531.9
0.0	22.3	309.1	11.6	8.4	531.9
0.0	22.7	348.8	11.5	8.7	531.9
0.0	23.6	417.9	11.5	8.4	531.9
0.0	16.8	447.3	11.5	6.7	531.9
0.0	17.1	435.1	11.4	7.2	531.9
0.0	18.0	370.9	11.4	7.4	531.9
0.0	19.3	425.8	11.4	7.5	531.9
0.0	21.0	372.7	11.4	7.5	531.9
0.0	23.3	389.9	11.3	7.6	531.9
2.5	22.5	269.2	11.3	6.4	531.9
0.1	22.3	344.0	11.3	6.0	531.9
19.4	19.0	159.2	11.2	4.6	531.9
1.1	18.0	136.8	11.2	5.2	531.9
0.1	18.0	385.1	11.2	5.0	531.9
0.0	15.0	391.2	11.2	5.5	531.9
0.0	16.1	308.0	11.1	5.7	531.9
39.0	18.8	301.7	11.1	6.1	531.9
10.6	11.5	37.2	11.1	5.7	531.9
0.1	7.0	396.1	11.0	3.8	531.9
0.0	10.7	339.8	11.0	5.1	531.9
1.0	14.1	107.4	11.0	3.9	533.3
0.5	15.0	145.7	11.0	3.5	533.3
0.3	16.5	233.9	10.9	4.7	533.3
0.0	12.9	118.8	10.9	3.9	533.3
0.0	9.4	359.4	10.9	4.5	533.3
0.0	10.3	374.7	10.9	5.0	533.3
0.0	13.3	339.9	10.8	5.4	533.3
0.8	17.0	203.3	10.8	5.0	533.3
10.0	16.7	41.4	10.8	4.3	533.3
0.0	8.7	229.6	10.8	3.9	533.3
0.0	6.6	368.6	10.7	4.1	533.3
0.0	8.4	367.7	10.7	4.7	533.3
0.0	11.7	349.5	10.7	5.3	533.3
0.1	11.9	211.2	10.7	4.7	533.3
0.0	13.4	332.1	10.6	4.8	533.3
0.0	12.6	332.9	10.6	3.8	533.3
0.0	11.9	179.9	10.6	4.6	533.3
0.0	12.1	297.5	10.6	4.9	533.3
0.0	12.5	323.0	10.6	4.6	533.3
0.0	14.1	316.7	10.5	5.0	533.3
5.9	14.5	97.6	10.5	3.8	533.3
0.7	10.4	86.1	10.5	4.1	533.3
0.0	6.9	326.7	10.5	3.6	533.3
3.6	9.5	314.8	10.5	3.7	533.3
0.8	7.8	55.5	10.4	2.6	533.3
0.0	3.7	325.3	10.4	2.9	533.3
0.0	5.8	294.8	10.4	3.4	533.3
0.0	2.7	192.7	10.4	2.7	533.3
0.0	2.4	326.5	10.4	2.7	533.3
15.5	4.6	67.6	10.4	1.7	533.3
0.4	6.1	101.8	10.3	2.4	535.5
0.8	7.2	132.2	10.3	2.8	535.5
0.0	4.8	268.7	10.3	3.1	535.5
0.0	6.2	311.6	10.3	3.5	535.5
0.0	8.6	264.1	10.3	3.5	535.5
0.0	8.1	98.3	10.3	3.3	535.5
0.0	4.1	302.3	10.3	3.0	535.5
0.0	4.7	302.2	10.3	3.3	535.5
0.0	6.5	303.8	10.2	4.0	535.5
0.0	7.7	302.4	10.2	4.1	535.5
0.0	8.8	159.7	10.2	3.7	535.5
0.0	10.2	88.2	10.2	3.4	535.5
0.0	10.8	295.9	10.2	3.0	535.5
0.0	7.6	303.6	10.2	3.7	535.5
0.0	12.0	295.7	10.2	5.2	535.5
2.4	13.8	279.0	10.2	5.0	535.5
4.9	7.3	29.3	10.2	2.7	535.5
0.0	5.2	283.4	10.2	2.7	535.5
0.0	8.7	149.1	10.2	2.9	535.5
0.0	9.6	286.8	10.2	4.1	535.5
0.0	13.2	288.8	10.2	5.2	535.5
0.0	9.2	293.9	10.2	4.0	535.5
0.0	7.6	293.3	10.2	3.2	535.5
0.4	11.8	161.8	10.2	4.0	535.5
1.3	13.4	96.8	10.2	2.5	535.5
1.3	13.7	82.0	10.2	3.3	535.5
1.6	5.2	37.9	10.2	3.4	535.5
0.0	1.1	290.0	10.2	1.9	535.5
0.0	2.2	305.3	10.2	2.8	535.5
0.0	4.1	295.5	10.2	3.0	535.5
0.0	4.5	224.7	10.2	2.4	535.5
0.0	0.4	301.6	10.2	2.7	538.1
0.0	-3.8	314.5	10.2	1.6	538.1
0.0	-1.0	316.7	10.2	2.7	538.1
0.0	4.8	278.2	10.2	3.5	538.1
0.0	5.2	105.2	10.3	3.1	538.1
0.1	7.6	288.5	10.3	3.7	538.1
2.5	7.2	91.4	10.3	3.0	538.1
20.5	6.5	108.4	10.3	2.3	538.1
24.9	5.7	20.6	10.3	1.9	538.1
0.7	4.1	74.8	10.3	1.8	538.1
0.6	3.7	154.5	10.3	2.6	538.1
1.2	4.0	90.1	10.3	2.1	538.1
0.4	2.4	105.7	10.4	1.9	538.1
0.0	1.7	284.4	10.4	2.8	538.1
0.0	4.2	324.2	10.4	3.6	538.1
0.2	2.1	181.2	10.4	2.6	538.1
6.3	0.7	85.9	10.4	1.7	538.1
1.0	0.8	207.6	10.4	1.9	538.1
1.3	2.3	129.0	10.5	2.1	538.1
0.2	2.9	49.3	10.5	2.3	538.1
1.2	5.4	69.6	10.5	2.4	538.1
0.7	9.5	163.4	10.5	2.8	538.1
9.5	11.3	38.7	10.5	2.5	538.1
6.0	11.7	100.5	10.6	3.3	538.1
6.4	11.9	29.4	10.6	3.6	538.1
3.4	13.4	133.1	10.6	4.3	538.1
2.5	10.5	37.2	10.6	3.5	538.1
11.2	9.3	164.1	10.6	2.6	538.1
3.6	10.9	40.8	10.7	2.2	538.1
3.6	16.5	95.7	10.7	4.8	538.1
15.5	5.5	15.7	10.7	5.3	538.1
21.5	1.7	89.5	10.7	1.8	539.3
6.1	1.1	58.9	10.8	1.9	539.3
17.4	-2.2	51.1	10.8	1.4	539.3
0.0	-2.8	176.2	10.8	1.9	539.3
0.0	-4.4	390.6	10.8	2.0	539.3
0.1	0.3	365.5	10.9	2.8	539.3
0.1	3.5	365.6	10.9	3.7	539.3
6.7	7.8	168.3	10.9	4.1	539.3
1.4	9.6	102.2	10.9	3.1	539.3
6.4	10.8	112.5	11.0	6.0	539.3
1.8	3.5	217.5	11.0	3.0	539.3
6.7	-0.7	50.2	11.0	1.3	539.3
32.1	3.4	18.1	11.1	2.9	539.3
4.7	4.4	46.1	11.1	2.6	539.3
1.5	5.3	171.6	11.1	3.0	539.3
15.8	6.4	124.2	11.1	2.5	539.3
67.2	5.1	30.1	11.2	1.9	539.3
17.0	2.1	20.9	11.2	2.4	539.3
12.2	0.5	33.8	11.2	1.6	539.3
1.9	-1.2	111.1	11.3	2.1	539.3
0.1	-1.4	253.7	11.3	2.8	539.3
0.1	2.4	379.1	11.3	4.5	539.3
0.1	6.5	169.6	11.3	4.3	539.3
16.1	9.1	85.2	11.4	3.5	539.3
3.2	8.5	48.6	11.4	2.9	539.3
34.7	8.8	45.5	11.4	3.2	539.3
4.6	6.1	81.2	11.5	2.4	539.3
8.5	6.6	376.0	11.5	3.8	539.3
2.4	4.5	44.3	11.5	2.5	539.6
0.6	8.8	268.4	11.5	5.2	539.6
0.1	13.9	416.6	11.6	6.6	539.6
0.0	18.8	446.3	11.6	7.8	539.6
0.1	14.0	317.9	11.6	7.3	539.6
15.2	12.5	172.0	11.7	5.0	539.6
6.1	8.6	34.8	11.7	3.4	539.6
18.0	9.3	27.5	11.7	3.7	539.6
8.1	4.4	20.3	11.8	2.9	539.6
13.3	3.9	42.9	11.8	2.0	539.6
16.1	9.2	37.4	11.8	5.2	539.6
10.1	7.3	43.6	11.8	4.8	539.6
41.6	6.1	206.7	11.9	4.5	539.6
24.2	3.0	48.0	11.9	1.6	539.6
0.0	3.6	221.4	11.9	3.4	539.6
0.2	6.2	478.9	12.0	4.1	539.6
0.5	8.2	461.0	12.0	5.7	539.6
0.6	13.9	493.6	12.0	7.2	539.6
8.3	17.2	305.9	12.1	6.4	539.6
0.0	19.0	500.6	12.1	6.6	539.6
2.2	23.4	412.5	12.1	7.3	539.6
2.4	13.4	61.4	12.2	8.6	539.6
0.0	10.9	499.4	12.2	6.2	539.6
0.0	14.5	524.9	12.2	8.0	539.6
0.3	15.9	459.1	12.2	9.6	539.6
0.0	9.6	439.9	12.3	5.8	539.6
13.8	14.6	363.2	12.3	7.6	539.6
31.5	14.6	34.9	12.3	4.8	539.6
32.2	10.1	25.2	12.4	5.3	539.6
19.1	6.7	28.4	12.4	2.6	539.6
45.2	5.4	41.5	12.4	4.0	539.6
1.2	4.7	143.3	12.5	3.5	540.0
4.3	10.7	347.7	12.5	6.4	540.0
2.2	18.2	136.2	12.5	8.1	540.0
8.8	17.1	327.7	12.6	10.2	540.0
0.0	10.7	288.9	12.6	5.7	540.0
16.2	10.6	107.2	12.6	4.9	540.0
1.5	18.7	124.4	12.6	8.1	540.0
48.4	16.3	44.0	12.7	9.1	540.0
6.2	8.4	100.0	12.7	5.0	540.0
35.5	8.7	103.8	12.7	5.2	540.0
27.3	6.7	105.1	12.8	3.1	540.0
25.2	8.9	57.3	12.8	3.5	540.0
12.6	11.3	250.5	12.8	5.8	540.0
40.2	13.0	66.8	12.8	7.0	540.0
0.0	22.2	514.5	12.9	9.7	540.0
0.5	21.1	156.5	12.9	6.6	540.0
9.5	22.0	235.2	12.9	8.2	540.0
11.6	20.9	248.1	13.0	10.0	540.0
46.8	15.7	56.5	13.0	4.9	540.0
17.8	12.2	45.0	13.0	6.7	540.0
2.9	15.5	442.2	13.0	7.6	540.0
7.0	18.8	87.6	13.1	8.9	540.0
0.0	25.8	564.7	13.1	8.8	540.0
12.3	23.3	315.3	13.1	12.0	540.0
50.4	10.2	43.0	13.2	7.2	540.0
7.6	9.6	70.5	13.2	4.3	540.0
44.2	11.0	82.8	13.2	4.0	540.0
34.7	14.0	49.4	13.2	3.9	540.0
10.3	14.2	94.4	13.3	4.8	540.0
1.4	14.0	59.2	13.3	3.4	540.0
0.9	17.3	318.1	13.3	7.8	540.4
12.3	19.0	90.1	13.3	5.5	540.4
0.0	19.5	532.7	13.4	9.0	540.4
4.1	20.0	569.0	13.4	8.4	540.4
6.5	17.7	104.2	13.4	5.8	540.4
38.3	20.3	409.3	13.4	9.0	540.4
54.3	22.4	52.2	13.5	7.3	540.4
8.0	24.1	115.1	13.5	6.0	540.4
8.7	25.9	340.5	13.5	9.0	540.4
10.6	24.9	510.2	13.5	11.5	540.4
2.6	17.4	93.7	13.6	7.9	540.4
0.0	18.8	523.3	13.6	8.9	540.4
0.0	21.5	478.7	13.6	8.6	540.4
0.0	21.5	570.0	13.6	10.4	540.4
0.0	21.2	617.3	13.6	9.8	540.4
3.8	19.2	260.4	13.7	10.6	540.4
0.0	16.0	660.5	13.7	7.5	540.4
0.0	16.4	625.2	13.7	7.8	540.4
0.2	18.0	619.0	13.7	9.8	540.4
0.0	21.6	652.8	13.8	10.7	540.4
0.0	24.0	657.2	13.8	12.2	540.4
0.1	25.2	647.7	13.8	12.3	540.4
0.0	21.7	602.5	13.8	9.2	540.4
0.0	20.3	271.2	13.8	7.1	540.4
0.0	24.9	641.6	13.8	11.7	540.4
5.1	26.9	507.1	13.9	9.8	540.4
8.4	24.2	124.0	13.9	7.4	540.4
18.4	17.5	43.0	13.9	9.6	540.4
0.6	15.8	64.5	13.9	4.6	540.4
0.0	18.3	453.0	13.9	7.8	540.4
0.1	18.8	335.3	13.9	8.0	540.4
0.2	22.8	546.4	13.9	9.7	539.0
26.9	21.2	109.5	14.0	5.8	539.0
26.4	21.8	43.9	14.0	5.5	539.0
1.8	22.6	396.1	14.0	9.0	539.0
0.1	22.3	538.0	14.0	9.1	539.0
1.0	24.9	655.1	14.0	12.6	539.0
0.0	25.4	669.8	14.0	12.9	539.0
0.1	26.5	648.5	14.0	12.3	539.0
4.0	25.8	644.1	14.0	11.9	539.0
0.0	24.4	657.8	14.0	11.3	539.0
0.0	24.4	664.9	14.0	11.5	539.0
0.0	26.9	603.2	14.1	11.1	539.0
0.0	25.5	244.0	14.1	10.7	539.0
0.7	26.6	344.8	14.1	8.5	539.0
1.8	24.3	76.5	14.1	5.1	539.0
1.5	26.8	358.1	14.1	9.2	539.0
3.7	24.8	176.8	14.1	11.7	539.0
1.2	22.0	377.4	14.1	7.9	539.0
0.1	24.4	465.4	14.1	10.2	539.0
0.2	25.9	584.5	14.1	10.8	539.0
0.0	27.1	649.5	14.1	11.5	539.0
0.0	26.9	659.1	14.1	12.2	539.0
0.5	26.9	557.9	14.1	10.1	539.0
0.4	24.9	308.0	14.1	10.6	539.0
0.0	23.4	570.3	14.1	9.8	539.0
0.0	22.5	396.0	14.1	8.1	539.0
0.8	21.8	123.5	14.1	5.0	539.0
13.2	21.2	43.5	14.1	4.2	539.0
2.0	22.8	170.7	14.1	6.4	539.0
1.7	22.7	131.6	14.1	6.0	539.0
3.5	21.7	119.0	14.1	5.9	535.9
1.1	21.1	74.3	14.0	4.4	535.9
0.2	22.9	536.2	14.0	9.4	535.9
0.4	24.1	626.1	14.0	10.8	535.9
0.6	26.4	543.2	14.0	10.1	535.9
15.1	23.9	47.4	14.0	3.3	535.9
15.2	25.1	129.2	14.0	7.3	535.9
48.5	25.6	165.3	14.0	8.0	535.9
46.4	25.4	86.3	14.0	5.5	535.9
43.5	25.2	57.6	14.0	4.4	535.9
6.9	25.3	69.8	14.0	4.5	535.9
2.3	25.6	116.4	14.0	7.8	535.9
11.4	26.1	444.5	13.9	9.1	535.9
0.6	27.3	373.2	13.9	10.6	535.9
2.4	26.4	96.7	13.9	6.6	535.9
2.9	27.3	287.5	13.9	9.3	535.9
13.2	27.3	415.7	13.9	10.1	535.9
14.9	26.1	378.7	13.9	9.1	535.9
4.9	26.8	533.4	13.8	10.5	535.9
0.3	27.8	497.5	13.8	10.0	535.9
2.3	28.6	575.9	13.8	11.1	535.9
12.9	28.1	524.1	13.8	9.5	535.9
39.7	27.7	409.5	13.8	8.3	535.9
33.6	27.3	351.5	13.8	8.2	535.9
23.9	27.0	238.5	13.7	7.0	535.9
4.5	24.5	101.2	13.7	6.9	535.9
5.5	23.6	191.3	13.7	6.6	535.9
18.3	23.8	110.7	13.7	5.0	535.9
10.7	25.1	321.5	13.7	9.4	535.9
24.0	24.7	153.4	13.6	7.5	535.9
20.9	24.4	147.8	13.6	7.1	535.9
5.8	23.8	262.7	13.6	8.4	533.8
0.2	22.2	374.9	13.6	8.6	533.8
6.5	21.9	263.3	13.6	6.3	533.8
9.7	21.9	22.5	13.5	5.2	533.8
0.7	23.2	110.3	13.5	4.5	533.8
1.4	24.1	238.6	13.5	6.4	533.8
0.5	24.4	196.4	13.5	6.8	533.8
1.4	24.7	165.2	13.4	6.4	533.8
0.8	25.3	132.5	13.4	6.9	533.8
0.2	26.4	271.5	13.4	8.2	533.8
7.1	27.6	522.2	13.4	9.7	533.8
28.0	26.3	325.8	13.3	7.6	533.8
11.1	25.8	262.3	13.3	8.6	533.8
7.4	26.6	390.6	13.3	9.3	533.8
16.9	26.5	299.5	13.3	8.0	533.8
12.6	27.0	469.0	13.2	9.8	533.8
1.9	27.6	503.4	13.2	10.1	533.8
4.4	27.8	564.5	13.2	10.1	533.8
5.6	27.4	485.5	13.2	9.5	533.8
6.0	27.8	539.7	13.1	10.2	533.8
11.1	27.7	508.2	13.1	9.2	533.8
5.5	27.4	466.3	13.1	9.9	533.8
11.7	27.0	366.8	13.0	8.5	533.8
10.4	26.0	249.6	13.0	7.7	533.8
2.2	26.0	346.1	13.0	8.5	533.8
3.1	26.0	502.1	13.0	9.5	533.8
0.2	26.7	540.0	12.9	8.7	533.8
0.5	26.4	529.3	12.9	8.8	533.8
0.6	26.8	481.4	12.9	8.0	533.8
0.3	26.4	205.6	12.8	6.7	533.8
15.8	25.0	112.2	12.8	6.1	533.8
0.3	24.9	232.8	12.8	7.0	534.2
10.2	25.7	519.2	12.8	9.6	534.2
20.4	24.6	468.4	12.7	9.4	534.2
1.2	21.1	25.8	12.7	3.9	534.2
0.0	20.9	294.2	12.7	6.7	534.2
0.0	22.0	514.8	12.6	7.9	534.2
0.0	22.5	549.8	12.6	9.1	534.2
0.0	23.5	547.4	12.6	8.9	534.2
0.0	24.0	544.2	12.6	9.4	534.2
0.0	24.4	533.6	12.5	10.1	534.2
0.0	23.8	533.5	12.5	9.9	534.2
0.0	23.9	540.2	12.5	10.2	534.2
0.0	23.9	533.3	12.4	9.9	534.2
0.0	24.4	499.5	12.4	8.9	534.2
0.0	24.4	413.7	12.4	8.9	534.2
0.0	24.7	488.3	12.3	9.4	534.2
0.2	24.1	386.3	12.3	8.3	534.2
0.0	25.4	495.9	12.3	9.9	534.2
0.0	25.0	496.7	12.3	9.6	534.2
0.0	25.0	502.3	12.2	9.5	534.2
0.3	26.0	463.3	12.2	8.7	534.2
0.7	26.7	425.7	12.2	8.9	534.2
0.0	26.0	467.8	12.1	9.0	534.2
0.0	23.7	468.3	12.1	9.5	534.2
0.0	19.1	508.9	12.1	7.9	534.2
0.0	19.5	501.5	12.0	8.9	534.2
0.0	20.7	497.4	12.0	9.6	534.2
0.0	20.3	504.1	12.0	9.2	534.2
0.0	21.1	388.5	12.0	8.2	534.2
0.0	22.2	476.5	11.9	9.4	534.2
0.0	21.7	475.6	11.9	9.2	534.8
0.0	21.7	476.3	11.9	8.8	534.8
0.0	22.5	470.7	11.8	8.5	534.8
0.0	24.2	456.0	11.8	8.4	534.8
0.0	24.6	450.5	11.8	8.7	534.8
0.0	24.4	450.6	11.7	8.8	534.8
0.0	25.4	430.0	11.7	8.1	534.8
0.1	22.3	150.0	11.7	6.0	534.8
0.0	21.2	157.3	11.7	5.7	534.8
0.5	21.1	262.4	11.6	6.1	534.8
0.1	19.3	165.6	11.6	5.2	534.8
0.1	19.8	348.8	11.6	6.6	534.8
0.0	20.4	228.3	11.5	5.4	534.8
0.0	22.5	283.1	11.5	6.9	534.8
0.0	23.9	308.7	11.5	7.6	534.8
1.0	24.4	339.2	11.4	6.6	534.8
1.6	23.5	268.6	11.4	7.1	534.8
0.2	22.4	236.3	11.4	5.4	534.8
7.0	18.2	155.3	11.4	6.1	534.8
8.8	17.1	61.9	11.3	3.7	534.8
18.0	16.5	48.5	11.3	4.1	534.8
1.6	14.5	143.3	11.3	3.7	534.8
0.0	14.6	358.5	11.2	5.4	534.8
0.0	10.1	374.8	11.2	4.2	534.8
0.0	8.7	418.3	11.2	4.6	534.8
0.0	11.8	405.4	11.2	5.2	534.8
0.0	15.1	372.1	11.1	6.0	534.8
0.0	11.0	368.0	11.1	4.9	534.8
0.0	11.4	385.8	11.1	4.6	534.8
0.0	12.1	220.8	11.0	5.1	534.8
0.0	15.7	390.3	11.0	6.4	534.8
0.0	10.3	391.5	11.0	4.3	536.2
0.0	12.0	391.3	11.0	5.0	536.2
0.0	14.7	382.3	10.9	6.7	536.2
0.0	16.3	378.0	10.9	7.2	536.2
0.0	18.4	167.1	10.9	5.7	536.2
0.1	16.8	121.8	10.9	5.7	536.2
0.0	17.9	346.0	10.8	7.1	536.2
0.0	19.7	356.0	10.8	7.0	536.2
0.0	18.3	344.9	10.8	7.0	536.2
0.0	14.3	350.8	10.8	4.7	536.2
0.0	13.7	112.0	10.7	3.5	536.2
0.0	14.8	346.7	10.7	5.8	536.2
0.0	16.0	344.7	10.7	5.9	536.2
0.0	17.1	341.8	10.7	6.2	536.2
0.0	13.6	329.9	10.6	6.3	536.2
0.0	10.0	345.7	10.6	3.6	536.2
0.0	12.8	326.8	10.6	4.5	536.2
0.2	12.3	54.7	10.6	3.7	536.2
0.2	12.2	195.7	10.6	3.7	536.2
0.4	14.8	245.1	10.5	4.5	536.2
3.3	10.0	30.7	10.5	4.0	536.2
0.0	3.3	334.5	10.5	2.8	536.2
0.0	1.3	346.4	10.5	2.8	536.2
0.0	4.9	330.3	10.5	3.8	536.2
0.0	11.3	265.2	10.4	4.9	536.2
0.0	12.1	262.3	10.4	4.5	536.2
0.0	9.3	326.1	10.4	4.4	536.2
0.0	10.6	325.8	10.4	4.6	536.2
0.0	8.5	327.8	10.4	4.3	536.2
0.0	10.3	320.7	10.4	4.9	536.2
0.0	12.3	312.0	10.3	5.0	538.4
0.1	14.4	288.3	10.3	5.0	538.4
0.0	14.3	196.3	10.3	4.5	538.4
0.0	15.4	296.3	10.3	5.1	538.4
1.7	15.3	120.6	10.3	3.7	538.4
0.3	9.6	123.1	10.3	3.7	538.4
0.0	5.0	315.3	10.3	3.2	538.4
0.0	6.7	303.8	10.3	3.9	538.4
3.9	6.7	159.9	10.2	3.8	538.4
0.1	6.3	262.0	10.2	3.8	538.4
0.0	6.3	183.3	10.2	3.9	538.4
0.0	0.6	311.1	10.2	2.2	538.4
0.0	3.0	313.2	10.2	3.3	538.4
0.0	4.5	302.9	10.2	3.2	538.4
0.0	7.5	115.0	10.2	2.8	538.4
0.0	9.3	270.8	10.2	4.4	538.4
0.0	8.9	299.3	10.2	4.4	538.4
0.0	10.7	298.0	10.2	5.2	538.4
0.0	12.6	296.7	10.2	5.4	538.4
0.0	13.6	214.3	10.2	4.7	538.4
0.0	9.8	285.9	10.2	4.3	538.4
0.0	9.9	293.1	10.2	4.1	538.4
0.1	9.8	213.0	10.2	3.4	538.4
4.2	4.9	73.8	10.2	2.7	538.4
0.2	1.8	203.4	10.2	2.4	538.4
0.5	5.2	275.3	10.2	2.9	538.4
3.9	6.8	46.3	10.2	2.3	538.4
8.7	1.5	16.5	10.2	1.8	538.4
4.2	3.2	70.1	10.2	1.9	538.4
5.4	5.8	28.0	10.2	1.6	538.4
3.1	8.3	111.5	10.2	2.7	538.4
2.2	10.2	131.4	10.2	2.7	541.0
1.1	7.1	54.9	10.2	3.2	541.0
0.3	2.1	57.4	10.2	1.5	541.0
5.5	12.7	154.8	10.2	4.2	541.0
5.6	3.8	28.8	10.3	3.1	541.0
6.3	2.2	30.8	10.3	1.5	541.0
3.4	7.2	12.4	10.3	2.5	541.0
2.9	2.9	30.7	10.3	2.3	541.0
2.8	4.0	112.3	10.3	2.3	541.0
10.9	9.0	67.6	10.3	2.8	541.0
9.3	8.7	29.9	10.3	2.4	541.0
6.1	7.2	24.3	10.3	1.6	541.0
6.3	5.2	28.8	10.4	2.4	541.0
0.2	3.8	108.8	10.4	2.2	541.0
0.1	4.6	291.1	10.4	2.9	541.0
10.0	6.9	42.6	10.4	3.0	541.0
19.9	2.0	94.7	10.4	2.0	541.0
19.8	0.7	90.7	10.4	1.2	541.0
21.8	3.0	19.1	10.5	1.7	541.0
23.6	0.6	12.2	10.5	2.2	541.0
6.5	-3.7	40.4	10.5	1.1	541.0
7.9	-5.2	72.6	10.5	0.7	541.0
0.3	-1.7	246.1	10.5	1.6	541.0
0.6	2.0	179.7	10.6	1.9	541.0
1.9	2.5	41.1	10.6	2.3	541.0
0.3	-0.1	103.7	10.6	1.9	541.0
0.7	0.0	126.8	10.6	1.7	541.0
12.2	1.7	79.8	10.6	1.5	541.0
17.5	2.4	26.9	10.7	2.1	541.0
0.4	3.8	156.5	10.7	2.8	541.0
8.9	7.0	94.8	10.7	4.6	541.0
9.9	1.6	32.6	10.7	1.9	542.2
2.2	-0.2	84.8	10.8	1.7	542.2
0.0	0.6	241.3	10.8	2.6	542.2
0.0	1.8	284.4	10.8	3.1	542.2
0.0	2.1	198.6	10.8	2.6	542.2
0.0	0.1	371.9	10.9	2.8	542.2
0.0	2.6	381.1	10.9	3.5	542.2
2.6	4.8	133.2	10.9	2.6	542.2
9.5	7.8	26.1	10.9	2.6	542.2
23.0	8.5	26.5	11.0	2.0	542.2
13.4	9.3	34.8	11.0	2.2	542.2
19.0	10.5	67.8	11.0	2.5	542.2
9.8	5.8	32.5	11.0	4.0	542.2
0.3	0.1	64.2	11.1	1.5	542.2
0.5	-1.8	76.4	11.1	1.3	542.2
8.2	-1.3	74.5	11.1	1.2	542.2
6.2	2.9	196.2	11.2	2.8	542.2
21.3	3.6	44.4	11.2	1.4	542.2
26.0	5.9	25.7	11.2	3.3	542.2
20.9	8.4	27.4	11.2	3.1	542.2
28.7	6.9	38.0	11.3	1.8	542.2
5.0	4.4	69.5	11.3	3.0	542.2
0.7	2.9	226.0	11.3	3.3	542.2
0.0	6.8	409.6	11.4	4.4	542.2
25.6	8.8	129.7	11.4	3.6	542.2
15.3	10.3	35.6	11.4	3.9	542.2
20.2	7.4	69.8	11.4	2.4	542.2
29.2	7.5	91.5	11.5	2.3	542.2
17.5	6.9	100.8	11.5	2.3	542.2
26.1	6.4	22.8	11.5	1.7	542.5
2.0	6.4	52.4	11.6	1.8	542.5
5.5	7.0	80.5	11.6	3.5	542.5
0.0	4.7	470.9	11.6	4.3	542.5
0.0	3.3	476.5	11.7	3.8	542.5
0.0	6.0	428.6	11.7	4.7	542.5
0.0	4.9	480.7	11.7	4.9	542.5
0.0	6.5	411.4	11.8	4.6	542.5
5.5	6.6	58.2	11.8	2.7	542.5
5.9	9.8	83.7	11.8	4.0	542.5
1.0	15.6	221.6	11.8	7.0	542.5
17.8	12.8	200.2	11.9	8.5	542.5
19.0	3.1	23.1	11.9	1.7	542.5
12.7	4.6	81.8	11.9	2.8	542.5
0.8	7.5	237.0	12.0	4.8	542.5
26.7	8.0	50.4	12.0	3.2	542.5
35.5	6.6	28.0	12.0	2.3	542.5
3.0	6.9	62.5	12.1	3.6	542.5
0.3	11.1	510.2	12.1	7.0	542.5
0.2	13.5	457.1	12.1	8.0	542.5
0.2	17.1	475.5	12.1	9.1	542.5
0.9	18.8	367.3	12.2	8.1	542.5
0.0	17.4	458.4	12.2	6.9	542.5
6.3	18.2	359.4	12.2	9.5	542.5
0.5	9.9	162.7	12.3	3.7	542.5
0.1	11.8	403.7	12.3	5.8	542.5
27.5	9.7	54.5	12.3	3.3	542.5
16.9	10.4	33.1	12.4	3.5	542.5
2.7	10.3	118.0	12.4	3.4	542.5
7.3	9.4	39.2	12.4	2.8	542.5
1.8	7.2	105.7	12.5	4.2	542.5
0.0	8.6	350.5	12.5	4.8	542.9
1.3	8.0	67.0	12.5	2.8	542.9
16.7	8.7	37.6	12.5	2.1	542.9
1.5	8.1	113.8	12.6	4.9	542.9
0.6	9.8	150.6	12.6	4.4	542.9
22.2	12.4	97.9	12.6	4.5	542.9
0.2	14.3	399.9	12.7	9.3	542.9
0.0	9.6	322.1	12.7	5.6	542.9
3.9	12.1	530.3	12.7	6.3	542.9
0.6	13.3	204.1	12.8	6.0	542.9
0.0	14.9	579.0	12.8	9.7	542.9
0.0	14.1	601.6	12.8	7.1	542.9
0.1	20.5	559.4	12.8	10.9	542.9
0.2	23.6	520.5	12.9	11.0	542.9
6.6	21.2	239.9	12.9	10.2	542.9
0.0	15.3	582.4	12.9	8.0	542.9
32.1	13.5	416.4	13.0	7.9	542.9
3.5	12.4	43.3	13.0	4.9	542.9
7.7	16.3	178.1	13.0	6.2	542.9
45.0	13.6	49.6	13.0	4.2	542.9
48.8	14.4	60.2	13.1	6.6	542.9
8.5	19.4	157.4	13.1	8.7	542.9
5.8	16.6	297.7	13.1	6.0	542.9
21.5	16.0	67.2	13.2	3.2	542.9
1.7	15.8	129.1	13.2	5.4	542.9
0.0	17.7	592.5	13.2	8.8	542.9
0.0	17.8	361.4	13.2	9.5	542.9
0.2	18.5	429.7	13.3	7.2	542.9
0.6	19.4	506.0	13.3	9.0	542.9
1.3	20.3	522.3	13.3	9.2	542.9
39.9	20.4	73.8	13.3	5.8	543.3
0.1	20.4	461.1	13.4	8.9	543.3
1.9	19.7	565.2	13.4	9.8	543.3
8.6	18.6	63.5	13.4	5.2	543.3
0.1	19.7	584.5	13.4	8.8	543.3
50.1	22.2	181.2	13.5	8.2	543.3
3.0	19.2	108.8	13.5	9.4	543.3
0.1	18.1	598.0	13.5	8.3	543.3
5.8	16.2	81.3	13.5	4.1	543.3
41.8	18.0	100.4	13.6	4.8	543.3
0.3	19.2	465.3	13.6	9.2	543.3
12.3	19.4	572.7	13.6	10.1	543.3
91.8	19.8	78.1	13.6	9.3	543.3
32.6	21.2	146.6	13.6	9.4	543.3
16.3	20.1	357.4	13.7	9.6	543.3
52.0	15.9	66.9	13.7	2.7	543.3
0.8	16.4	135.0	13.7	4.4	543.3
0.2	19.2	465.1	13.7	8.6	543.3
0.1	19.6	597.2	13.7	10.6	543.3
0.1	17.5	560.3	13.8	9.7	543.3
0.0	18.2	631.2	13.8	9.8	543.3
0.0	21.0	640.0	13.8	10.9	543.3
0.0	22.8	552.7	13.8	11.5	543.3
2.6	21.8	252.1	13.8	8.9	543.3
6.4	22.4	239.5	13.9	8.6	543.3
1.8	20.2	128.5	13.9	6.4	543.3
0.1	23.2	534.5	13.9	9.8	543.3
11.2	23.5	314.0	13.9	9.5	543.3
1.5	17.4	112.1	13.9	8.2	543.3
0.0	19.1	617.6	13.9	10.5	543.3
0.0	21.3	645.2	13.9	10.1	543.3
12.3	21.1	249.6	14.0	7.0	541.9
25.1	20.6	72.9	14.0	5.6	541.9
0.5	23.4	385.1	14.0	10.1	541.9
0.1	26.0	576.7	14.0	10.9	541.9
4.7	25.5	488.5	14.0	9.9	541.9
4.0	23.8	146.4	14.0	6.8	541.9
1.4	23.4	278.8	14.0	9.5	541.9
0.1	23.9	625.5	14.0	11.9	541.9
0.0	25.1	651.7	14.0	10.7	541.9
0.5	25.5	618.4	14.0	10.4	541.9
0.6	24.7	630.2	14.1	11.0	541.9
0.2	25.9	596.2	14.1	10.9	541.9
0.1	26.1	537.3	14.1	10.4	541.9
1.5	27.1	526.6	14.1	10.2	541.9
23.7	25.4	245.0	14.1	7.9	541.9
1.3	26.5	512.5	14.1	10.1	541.9
2.7	27.3	631.1	14.1	11.3	541.9
3.5	27.9	636.7	14.1	11.3	541.9
26.1	27.4	576.8	14.1	10.3	541.9
26.8	24.9	190.1	14.1	6.8	541.9
1.4	24.1	247.6	14.1	9.6	541.9
0.6	25.6	518.3	14.1	10.9	541.9
1.0	25.8	521.0	14.1	11.0	541.9
0.1	26.1	578.2	14.1	10.1	541.9
1.1	25.5	472.3	14.1	9.1	541.9
0.5	25.6	437.2	14.1	9.0	541.9
29.8	25.5	426.3	14.1	9.1	541.9
25.5	24.8	142.0	14.1	6.3	541.9
10.3	23.3	29.3	14.1	4.8	541.9
18.6	22.8	49.5	14.1	2.9	541.9
23.0	23.8	58.2	14.1	5.2	538.8
1.4	26.3	280.5	14.0	9.5	538.8
9.1	27.4	590.2	14.0	11.1	538.8
4.1	28.2	558.5	14.0	10.9	538.8
3.7	28.6	616.5	14.0	11.6	538.8
7.4	28.2	583.3	14.0	11.4	538.8
0.0	29.4	621.4	14.0	11.0	538.8
0.7	29.7	615.0	14.0	11.3	538.8
0.0	29.6	641.4	14.0	12.2	538.8
0.0	30.2	633.5	14.0	12.0	538.8
3.8	31.0	601.9	14.0	11.4	538.8
10.4	28.8	525.3	13.9	11.2	538.8
9.5	28.3	588.0	13.9	10.6	538.8
11.6	28.3	591.7	13.9	10.5	538.8
13.3	27.2	493.8	13.9	8.6	538.8
13.2	27.1	591.7	13.9	10.1	538.8
1.3	27.6	577.9	13.9	10.1	538.8
25.2	26.8	384.6	13.9	9.1	538.8
9.5	26.9	374.0	13.8	9.3	538.8
5.1	27.6	584.3	13.8	10.3	538.8
8.7	27.5	474.5	13.8	9.6	538.8
8.0	26.3	221.3	13.8	8.6	538.8
5.0	26.6	521.9	13.8	10.1	538.8
0.2	26.1	420.3	13.7	9.0	538.8
0.1	26.0	267.5	13.7	7.5	538.8
15.3	25.6	196.6	13.7	6.8	538.8
10.9	26.5	312.9	13.7	8.3	538.8
17.6	26.5	379.3	13.7	10.1	538.8
2.3	27.2	616.3	13.6	10.1	538.8
0.2	27.9	584.6	13.6	9.8	538.8
0.1	28.9	617.7	13.6	11.1	538.8
0.0	29.3	607.2	13.6	11.0	536.7
0.1	29.7	574.2	13.6	11.0	536.7
0.0	30.4	574.8	13.5	11.8	536.7
1.4	30.2	612.2	13.5	12.4	536.7
2.1	29.7	609.2	13.5	12.4	536.7
0.1	30.2	602.5	13.5	11.2	536.7
0.1	30.6	563.2	13.4	11.4	536.7
0.5	30.4	594.3	13.4	11.3	536.7
9.5	29.0	500.7	13.4	11.2	536.7
5.8	29.0	535.9	13.4	11.4	536.7
8.8	28.8	590.4	13.3	11.4	536.7
8.2	28.2	586.9	13.3	11.2	536.7
10.8	28.1	559.0	13.3	10.8	536.7
7.9	28.1	524.3	13.3	9.5	536.7
8.0	28.2	558.0	13.2	10.5	536.7
7.1	28.4	574.1	13.2	10.6	536.7
8.5	28.5	551.2	13.2	11.0	536.7
10.3	27.8	545.9	13.2	10.6	536.7
12.5	27.2	471.7	13.1	9.4	536.7
13.4	27.1	492.6	13.1	9.1	536.7
11.5	27.5	498.1	13.1	9.0	536.7
10.1	27.5	435.0	13.0	9.0	536.7
7.6	27.8	488.5	13.0	9.8	536.7
11.3	27.4	442.8	13.0	9.0	536.7
5.5	26.7	433.1	13.0	9.0	536.7
0.4	27.0	454.3	12.9	9.1	536.7
4.4	27.5	501.8	12.9	9.9	536.7
15.7	26.4	505.4	12.9	8.3	536.7
3.7	24.4	142.4	12.9	6.9	536.7
21.2	20.8	29.2	12.8	5.7	536.7
1.2	20.5	34.9	12.8	3.8	536.7
0.1	22.5	120.7	12.8	5.5	537.1
0.8	24.1	231.4	12.7	6.2	537.1
0.9	24.9	228.9	12.7	6.3	537.1
1.4	25.4	74.0	12.7	4.7	537.1
4.3	25.5	141.6	12.6	6.6	537.1
11.3	26.1	328.9	12.6	7.6	537.1
20.2	25.4	248.4	12.6	6.0	537.1
2.4	24.6	57.9	12.6	3.2	537.1
0.1	22.5	192.5	12.5	9.8	537.1
0.0	19.9	560.5	12.5	8.7	537.1
0.0	22.0	543.4	12.5	8.8	537.1
0.0	24.1	520.5	12.4	9.6	537.1
0.1	26.2	513.4	12.4	9.1	537.1
0.5	27.4	463.0	12.4	8.3	537.1
0.4	26.9	179.6	12.4	7.6	537.1
0.2	26.2	224.9	12.3	8.7	537.1
0.0	27.0	410.6	12.3	9.6	537.1
0.0	26.3	503.6	12.3	9.5	537.1
0.0	26.9	500.0	12.2	10.1	537.1
0.0	27.4	497.3	12.2	9.8	537.1
0.0	26.9	497.2	12.2	10.8	537.1
0.0	25.7	502.9	12.1	9.7	537.1
0.0	23.5	504.6	12.1	8.9	537.1
0.0	23.0	501.9	12.1	9.7	537.1
0.0	21.8	509.4	12.1	9.8	537.1
0.0	23.1	503.0	12.0	10.3	537.1
0.0	24.5	494.6	12.0	10.3	537.1
0.0	25.7	478.4	12.0	9.3	537.1
0.0	26.5	457.3	11.9	9.8	537.1
0.0	22.6	473.3	11.9	9.0	537.1
0.0	21.7	369.4	11.9	8.3	537.7
0.0	20.8	428.6	11.8	8.8	537.7
0.0	21.2	473.6	11.8	8.9	537.7
0.0	22.3	469.6	11.8	9.3	537.7
0.0	23.0	469.5	11.7	9.4	537.7
0.0	24.6	452.6	11.7	8.7	537.7
0.0	20.7	270.3	11.7	7.2	537.7
0.0	19.7	450.8	11.7	8.2	537.7
0.0	20.5	445.4	11.6	8.5	537.7
0.0	22.0	439.2	11.6	9.3	537.7
0.0	23.4	445.0	11.6	8.7	537.7
0.0	23.7	422.2	11.5	8.0	537.7
0.1	25.1	401.0	11.5	7.8	537.7
1.6	23.4	45.0	11.5	3.4	537.7
3.6	22.4	35.4	11.5	3.2	537.7
0.4	22.4	204.3	11.4	5.7	537.7
0.1	20.8	135.2	11.4	6.0	537.7
0.0	20.8	406.8	11.4	6.9	537.7
0.0	18.9	419.9	11.3	6.9	537.7
0.0	17.3	422.2	11.3	6.6	537.7
0.0	17.2	412.2	11.3	6.4	537.7
0.0	19.9	401.7	11.3	7.3	537.7
0.0	22.0	392.7	11.2	7.3	537.7
0.0	22.6	390.0	11.2	7.4	537.7
0.9	24.2	370.3	11.2	7.2	537.7
0.2	22.8	164.2	11.1	4.8	537.7
0.5	23.6	271.8	11.1	6.3	537.7
1.2	16.1	66.2	11.1	6.0	537.7
0.0	9.0	174.6	11.1	3.5	537.7
0.0	9.1	264.1	11.0	3.4	537.7
0.0	10.3	385.4	11.0	4.6	537.7
0.0	11.2	333.4	11.0	5.1	539.1
0.0	11.5	363.7	10.9	5.4	539.1
0.0	13.3	297.0	10.9	5.8	539.1
0.0	12.0	382.7	10.9	4.9	539.1
0.0	12.8	186.7	10.9	5.0	539.1
0.0	14.4	349.8	10.8	5.1	539.1
0.0	16.5	272.2	10.8	5.5	539.1
0.0	14.7	107.2	10.8	5.7	539.1
0.0	16.2	356.6	10.8	6.3	539.1
0.0	14.7	317.9	10.7	6.6	539.1
0.0	16.4	359.7	10.7	6.6	539.1
0.0	14.1	357.2	10.7	5.9	539.1
0.0	13.5	341.0	10.7	5.6	539.1
0.0	14.4	348.0	10.7	6.1	539.1
0.0	13.9	352.5	10.6	6.2	539.1
0.0	14.4	350.9	10.6	6.2	539.1
0.0	14.4	347.2	10.6	6.2	539.1
0.0	14.6	344.8	10.6	6.2	539.1
0.0	16.1	336.3	10.5	6.3	539.1
0.0	16.3	298.8	10.5	5.6	539.1
1.8	5.5	72.3	10.5	4.5	539.1
0.0	1.7	348.5	10.5	2.4	539.1
0.0	3.7	338.2	10.5	3.3	539.1
0.0	6.4	333.1	10.4	4.3	539.1
0.0	8.6	329.6	10.4	5.0	539.1
0.0	11.2	321.5	10.4	4.9	539.1
0.0	13.4	303.9	10.4	5.0	539.1
0.0	12.7	149.4	10.4	4.8	539.1
0.0	6.1	328.8	10.4	3.4	539.1
0.0	9.1	314.6	10.3	4.0	539.1
1.1	13.8	293.3	10.3	4.8	541.3
1.2	4.0	38.7	10.3	3.3	541.3
0.0	3.0	313.9	10.3	3.0	541.3
0.0	2.9	143.1	10.3	2.6	541.3
0.0	4.1	314.9	10.3	3.7	541.3
0.0	1.7	316.6	10.3	2.8	541.3
0.0	5.7	274.5	10.3	3.8	541.3
0.0	8.1	227.8	10.3	4.0	541.3
0.0	10.5	292.7	10.2	5.0	541.3
0.2	13.6	229.1	10.2	4.9	541.3
0.2	12.5	136.6	10.2	4.5	541.3
0.0	13.0	296.4	10.2	5.1	541.3
0.1	14.7	285.8	10.2	5.2	541.3
0.0	14.5	287.1	10.2	5.4	541.3
0.0	15.3	288.4	10.2	5.2	541.3
3.2	16.6	273.6	10.2	5.2	541.3
10.7	8.6	17.8	10.2	3.0	541.3
1.1	4.2	83.9	10.2	2.2	541.3
0.0	2.0	144.8	10.2	1.5	541.3
5.0	0.9	60.2	10.2	1.1	541.3
7.5	2.5	57.5	10.2	1.3	541.3
12.7	4.1	31.3	10.2	1.3	541.3
1.6	3.7	56.8	10.2	1.2	541.3
4.9	7.4	47.4	10.2	2.2	541.3
5.5	12.1	32.6	10.2	3.2	541.3
9.0	3.3	22.5	10.2	3.3	541.3
0.0	-3.6	289.6	10.2	1.6	541.3
0.0	-3.4	302.6	10.2	1.4	541.3
0.0	-1.5	235.1	10.2	1.6	541.3
0.8	-1.0	274.4	10.2	1.8	541.3
3.6	-1.7	233.4	10.2	1.4	541.3
7.7	-0.3	82.6	10.2	1.2	543.9
2.9	0.6	61.3	10.2	1.3	543.9
1.8	3.1	124.1	10.2	2.1	543.9
5.6	3.2	23.1	10.3	2.1	543.9
0.8	3.4	141.2	10.3	2.2	543.9
3.0	6.3	40.7	10.3	3.0	543.9
4.1	2.1	63.1	10.3	1.8	543.9
2.1	1.0	186.3	10.3	1.6	543.9
23.1	-0.3	40.3	10.3	1.2	543.9
1.5	1.4	158.3	10.3	1.6	543.9
1.6	4.1	47.0	10.3	2.2	543.9
1.7	-2.0	65.0	10.4	2.0	543.9
0.0	-2.1	331.9	10.4	2.2	543.9
0.0	-3.1	323.7	10.4	1.9	543.9
0.0	-1.6	264.0	10.4	2.3	543.9
0.0	-4.5	339.1	10.4	1.7	543.9
0.0	-1.1	341.0	10.4	2.8	543.9
0.1	3.0	335.5	10.5	3.8	543.9
0.1	4.9	321.8	10.5	3.9	543.9
0.0	5.4	275.1	10.5	3.9	543.9
0.0	9.7	319.2	10.5	4.9	543.9
1.1	10.5	69.3	10.5	2.9	543.9
16.1	13.3	108.8	10.5	3.9	543.9
3.3	4.8	73.0	10.6	3.3	543.9
1.8	4.8	57.7	10.6	1.6	543.9
2.0	6.0	35.8	10.6	1.7	543.9
1.7	5.0	51.0	10.6	2.1	543.9
0.8	3.3	117.0	10.7	1.8	543.9
0.8	3.4	94.0	10.7	1.7	543.9
0.6	4.1	92.6	10.7	1.7	543.9
0.6	7.6	254.3	10.7	3.8	543.9
13.4	8.9	18.6	10.8	3.7	545.1
2.6	13.8	48.7	10.8	3.2	545.1
5.4	8.6	54.6	10.8	4.8	545.1
30.8	3.4	26.7	10.8	2.7	545.1
1.1	-0.7	172.2	10.9	2.2	545.1
0.0	1.3	351.2	10.9	3.0	545.1
0.0	4.8	364.2	10.9	3.8	545.1
0.0	4.9	98.8	10.9	3.1	545.1
0.0	2.4	401.4	11.0	3.6	545.1
0.0	4.7	403.4	11.0	4.0	545.1
0.0	6.7	390.5	11.0	4.7	545.1
0.0	7.0	398.4	11.0	4.7	545.1
0.0	10.3	382.6	11.1	5.6	545.1
0.2	9.3	244.5	11.1	4.8	545.1
0.0	9.9	378.5	11.1	5.1	545.1
0.0	11.8	240.6	11.2	5.2	545.1
0.0	15.1	268.0	11.2	6.3	545.1
4.7	16.9	381.8	11.2	7.2	545.1
10.5	14.0	43.3	11.2	3.1	545.1
1.1	9.8	40.5	11.3	5.2	545.1
0.7	2.4	92.3	11.3	1.6	545.1
1.4	4.8	44.4	11.3	2.7	545.1
2.7	9.9	227.9	11.4	4.6	545.1
13.7	8.1	41.7	11.4	4.5	545.1
0.3	5.1	126.2	11.4	2.8	545.1
0.2	7.7	316.6	11.4	4.5	545.1
0.0	6.9	459.3	11.5	3.4	545.1
0.0	14.0	454.3	11.5	6.6	545.1
0.0	17.9	449.9	11.5	7.5	545.4
0.0	16.9	313.5	11.6	7.3	545.4
8.3	18.8	432.7	11.6	9.4	545.4
3.6	6.3	50.0	11.6	4.0	545.4
2.3	3.8	46.7	11.7	1.7	545.4
7.1	8.8	241.9	11.7	4.2	545.4
10.1	8.7	40.1	11.7	1.8	545.4
10.7	9.8	55.3	11.7	2.4	545.4
1.4	13.6	74.4	11.8	4.3	545.4
20.5	15.5	90.6	11.8	6.4	545.4
5.1	6.8	82.8	11.8	3.7	545.4
0.0	5.5	311.0	11.9	3.4	545.4
0.0	7.7	416.8	11.9	4.3	545.4
0.2	7.8	124.6	11.9	3.7	545.4
5.3	8.8	145.9	12.0	3.3	545.4
21.2	8.2	53.1	12.0	2.4	545.4
12.7	12.1	225.6	12.0	5.1	545.4
0.3	16.6	130.5	12.0	6.8	545.4
14.4	19.5	468.7	12.1	9.7	545.4
0.1	10.0	164.5	12.1	4.7	545.4
0.0	7.4	527.3	12.1	5.3	545.4
0.0	11.0	504.2	12.2	6.4	545.4
2.9	10.2	72.9	12.2	3.9	545.4
0.7	13.5	332.6	12.2	6.4	545.4
6.3	20.5	448.5	12.3	9.0	545.4
14.5	18.3	148.6	12.3	6.1	545.4
45.7	19.8	210.9	12.3	6.3	545.4
13.3	13.1	68.0	12.4	7.3	545.4
19.0	14.8	466.9	12.4	7.1	545.4
42.6	17.3	75.0	12.4	6.3	545.4
5.8	18.8	119.6	12.4	6.1	545.4
29.6	13.6	67.5	12.5	7.3	545.8
11.1	6.3	63.3	12.5	2.6	545.8
0.0	8.4	256.7	12.5	4.8	545.8
20.1	9.7	486.7	12.6	5.6	545.8
42.7	12.0	55.9	12.6	5.5	545.8
0.6	9.2	105.6	12.6	4.4	545.8
0.0	9.4	526.4	12.7	6.4	545.8
0.0	9.6	587.2	12.7	6.2	545.8
0.0	12.8	431.5	12.7	7.2	545.8
67.3	17.1	284.5	12.7	7.5	545.8
8.1	20.0	161.1	12.8	5.9	545.8
11.3	24.0	502.2	12.8	8.4	545.8
26.8	17.4	60.6	12.8	9.3	545.8
18.6	8.7	47.9	12.9	5.4	545.8
16.7	7.1	64.1	12.9	1.7	545.8
2.5	8.7	165.4	12.9	4.2	545.8
0.0	11.9	611.3	12.9	7.5	545.8
0.7	11.3	600.1	13.0	7.4	545.8
0.0	12.7	552.9	13.0	7.7	545.8
0.0	16.1	612.4	13.0	8.9	545.8
0.0	19.3	550.8	13.1	9.5	545.8
2.5	17.3	58.8	13.1	3.9	545.8
11.2	17.2	54.5	13.1	4.1	545.8
22.1	17.6	36.9	13.1	6.0	545.8
11.7	19.7	131.1	13.2	6.2	545.8
48.1	20.0	81.3	13.2	5.2	545.8
7.8	20.4	155.4	13.2	5.8	545.8
24.8	20.8	112.7	13.3	6.6	545.8
0.0	19.8	534.1	13.3	8.7	545.8
22.1	16.7	189.7	13.3	8.7	545.8
0.6	15.1	224.6	13.3	6.9	546.2
0.8	21.5	537.5	13.4	11.7	546.2
16.3	23.2	382.9	13.4	8.9	546.2
18.9	18.0	108.8	13.4	10.3	546.2
0.0	14.0	647.1	13.4	8.1	546.2
0.5	19.8	569.9	13.5	10.3	546.2
15.2	22.4	243.2	13.5	6.8	546.2
0.3	19.7	189.6	13.5	8.5	546.2
1.4	14.2	50.9	13.5	4.8	546.2
1.4	14.3	105.0	13.6	5.4	546.2
11.8	18.9	464.0	13.6	8.3	546.2
39.0	20.0	94.9	13.6	6.5	546.2
11.0	21.7	156.5	13.6	7.7	546.2
0.2	18.5	164.2	13.6	9.9	546.2
1.1	16.0	416.4	13.7	6.6	546.2
12.2	17.0	60.1	13.7	5.6	546.2
6.8	18.3	69.2	13.7	6.1	546.2
14.2	22.5	123.1	13.7	6.2	546.2
28.5	25.0	344.5	13.7	9.7	546.2
1.9	20.1	150.7	13.8	8.9	546.2
0.0	19.9	558.9	13.8	9.2	546.2
0.0	15.8	128.6	13.8	5.7	546.2
8.3	19.0	182.4	13.8	6.6	546.2
2.4	21.3	144.4	13.8	7.9	546.2
2.8	23.7	249.2	13.8	8.6	546.2
5.5	24.1	428.0	13.9	10.0	546.2
0.0	25.6	592.6	13.9	10.4	546.2
2.4	24.8	287.9	13.9	9.3	546.2
1.8	24.2	417.1	13.9	8.8	546.2
0.3	23.6	315.4	13.9	9.0	546.2
7.8	24.0	296.2	13.9	8.5	546.2
4.1	24.7	343.0	14.0	9.5	544.7
5.4	24.8	392.9	14.0	9.4	544.7
3.6	26.0	573.6	14.0	11.5	544.7
4.3	26.3	505.4	14.0	11.4	544.7
11.5	26.3	525.6	14.0	9.7	544.7
12.8	25.5	363.3	14.0	10.5	544.7
7.8	23.3	47.6	14.0	4.7	544.7
0.0	24.4	550.8	14.0	11.7	544.7
0.0	24.9	550.8	14.0	11.1	544.7
26.9	22.8	225.0	14.0	9.3	544.7
27.4	23.1	51.0	14.1	7.5	544.7
0.1	24.8	537.7	14.1	10.4	544.7
0.1	25.5	614.8	14.1	10.1	544.7
0.6	25.2	538.3	14.1	9.6	544.7
16.8	23.9	61.0	14.1	4.1	544.7
0.8	24.1	167.5	14.1	9.1	544.7
0.2	25.8	384.6	14.1	10.9	544.7
0.2	27.1	508.9	14.1	11.2	544.7
3.9	27.7	558.3	14.1	11.6	544.7
0.6	23.4	357.8	14.1	11.6	544.7
0.0	24.7	602.7	14.1	11.5	544.7
0.0	25.6	603.7	14.1	11.9	544.7
19.9	26.3	541.1	14.1	11.4	544.7
34.0	22.2	27.3	14.1	3.0	544.7
6.9	23.4	37.0	14.1	5.0	544.7
13.9	24.9	242.6	14.1	6.9	544.7
7.1	25.7	326.5	14.1	8.5	544.7
20.3	25.3	299.9	14.1	9.0	544.7
1.0	26.5	485.2	14.1	10.5	544.7
8.4	26.4	512.7	14.1	10.7	544.7
19.0	25.4	348.1	14.1	9.7	541.6
14.7	25.9	432.1	14.0	9.1	541.6
4.3	26.5	454.6	14.0	10.5	541.6
16.9	26.9	571.1	14.0	10.3	541.6
10.6	26.8	607.8	14.0	11.1	541.6
9.3	26.5	509.8	14.0	10.1	541.6
12.5	26.9	537.9	14.0	10.3	541.6
0.1	28.1	601.7	14.0	10.4	541.6
0.1	29.1	584.7	14.0	10.6	541.6
0.9	29.5	574.3	14.0	10.9	541.6
0.0	30.0	493.8	14.0	10.6	541.6
1.4	29.6	445.1	13.9	11.1	541.6
1.0	29.0	378.3	13.9	10.6	541.6
0.2	29.7	405.1	13.9	10.8	541.6
0.3	30.5	619.2	13.9	11.3	541.6
0.0	31.5	589.8	13.9	12.7	541.6
0.1	31.9	519.5	13.9	11.6	541.6
5.3	30.9	487.9	13.9	11.2	541.6
0.0	30.4	350.2	13.8	9.5	541.6
1.0	29.7	301.4	13.8	9.0	541.6
14.8	27.9	432.3	13.8	11.4	541.6
6.3	28.1	609.8	13.8	11.5	541.6
0.1	29.3	625.6	13.8	11.0	541.6
5.2	29.5	623.9	13.8	11.6	541.6
0.0	30.0	627.1	13.7	11.7	541.6
0.0	30.2	633.8	13.7	12.3	541.6
0.0	30.5	630.7	13.7	11.9	541.6
0.0	30.5	622.1	13.7	12.2	541.6
6.6	29.6	536.5	13.6	11.1	541.6
6.8	29.0	564.7	13.6	10.3	541.6
6.2	28.7	514.0	13.6	10.5	541.6
18.6	27.3	515.7	13.6	9.6	539.5
5.9	27.5	544.2	13.6	9.9	539.5
0.2	29.0	541.5	13.5	9.7	539.5
0.0	29.6	608.5	13.5	11.0	539.5
0.0	30.1	610.4	13.5	11.4	539.5
0.0	30.2	606.6	13.5	11.3	539.5
0.1	30.5	597.6	13.4	11.9	539.5
0.0	30.8	602.1	13.4	11.8	539.5
0.1	31.0	559.8	13.4	12.0	539.5
0.4	31.6	585.2	13.4	11.9	539.5
0.0	31.0	545.1	13.3	13.0	539.5
0.0	31.0	566.2	13.3	12.5	539.5
12.0	29.6	530.4	13.3	12.6	539.5
0.0	29.9	575.8	13.3	11.3	539.5
16.1	27.3	492.5	13.2	10.3	539.5
7.2	26.8	571.9	13.2	10.0	539.5
5.5	27.3	558.4	13.2	9.9	539.5
10.0	27.3	575.6	13.2	10.6	539.5
10.5	26.7	560.0	13.1	9.6	539.5
9.2	26.7	488.0	13.1	9.1	539.5
3.1	26.8	511.4	13.1	9.1	539.5
0.7	27.5	517.3	13.1	9.5	539.5
0.3	28.6	534.2	13.0	9.9	539.5
14.9	27.1	474.9	13.0	8.7	539.5
5.7	27.0	427.8	13.0	10.8	539.5
0.2	27.6	564.9	12.9	10.3	539.5
0.1	28.3	507.5	12.9	9.9	539.5
0.1	28.6	488.2	12.9	10.0	539.5
0.0	29.1	540.6	12.9	10.2	539.5
0.0	29.6	538.8	12.8	10.7	539.5
0.1	29.6	527.2	12.8	10.8	539.5
0.7	29.9	506.6	12.8	9.6	539.9
1.4	28.5	253.0	12.7	7.8	539.9
0.9	27.6	298.2	12.7	7.9	539.9
0.1	27.9	343.5	12.7	9.4	539.9
0.0	26.9	417.7	12.7	9.5	539.9
0.6	26.8	278.4	12.6	9.2	539.9
0.2	27.1	513.5	12.6	9.3	539.9
0.2	27.1	100.5	12.6	6.8	539.9
12.0	26.8	203.6	12.5	8.6	539.9
5.1	25.9	159.6	12.5	5.8	539.9
8.8	24.4	28.9	12.5	4.1	539.9
25.3	23.6	15.8	12.4	2.6	539.9
11.5	23.9	18.6	12.4	3.2	539.9
0.1	22.6	141.6	12.4	7.0	539.9
0.0	22.3	517.7	12.4	8.4	539.9
0.0	22.5	482.2	12.3	8.2	539.9
0.0	24.1	495.3	12.3	8.3	539.9
0.4	26.3	399.2	12.3	8.8	539.9
11.3	25.6	386.0	12.2	9.2	539.9
0.3	26.2	435.4	12.2	8.2	539.9
1.8	26.6	477.0	12.2	8.8	539.9
0.3	27.4	446.0	12.1	8.5	539.9
2.9	27.3	416.7	12.1	9.5	539.9
4.8	27.1	444.2	12.1	8.9	539.9
0.0	27.5	467.5	12.1	7.9	539.9
10.7	26.3	433.4	12.0	9.2	539.9
6.7	19.3	49.1	12.0	6.5	539.9
0.8	16.9	111.2	12.0	4.6	539.9
1.0	21.1	327.0	11.9	7.8	539.9
2.3	21.9	69.1	11.9	4.9	539.9
0.3	21.2	345.3	11.9	7.5	540.5
0.2	21.1	470.4	11.8	7.0	540.5
0.0	20.7	471.9	11.8	7.9	540.5
0.0	21.3	469.5	11.8	8.2	540.5
0.0	22.6	448.7	11.8	8.1	540.5
0.2	24.9	220.7	11.7	7.7	540.5
0.9	25.8	243.0	11.7	6.6	540.5
0.9	25.1	111.8	11.7	5.4	540.5
0.8	24.0	110.5	11.6	6.1	540.5
0.0	22.7	396.2	11.6	8.1	540.5
0.0	16.9	447.1	11.6	5.6	540.5
0.0	15.1	447.4	11.5	5.7	540.5
0.0	15.2	357.0	11.5	6.5	540.5
0.0	18.3	320.5	11.5	6.7	540.5
0.0	17.2	370.0	11.5	6.7	540.5
0.0	13.9	442.3	11.4	5.7	540.5
0.0	16.4	429.8	11.4	6.2	540.5
0.0	17.7	391.4	11.4	5.8	540.5
0.0	16.5	300.7	11.3	6.1	540.5
0.0	16.7	418.8	11.3	6.7	540.5
0.0	18.1	417.8	11.3	6.8	540.5
0.0	19.5	408.9	11.3	7.0	540.5
0.0	20.5	402.9	11.2	6.9	540.5
0.0	21.8	393.0	11.2	7.3	540.5
0.1	22.6	381.9	11.2	6.9	540.5
1.0	17.8	218.7	11.1	5.8	540.5
0.0	14.8	373.1	11.1	5.7	540.5
0.0	14.2	390.1	11.1	5.5	540.5
0.0	14.3	387.6	11.1	5.6	540.5
0.0	13.8	394.0	11.0	5.7	540.5
0.0	12.9	386.6	11.0	5.6	540.5
0.0	13.0	311.5	11.0	5.6	542.0
0.0	13.6	380.0	11.0	5.7	542.0
0.0	13.2	377.1	10.9	5.8	542.0
0.0	14.9	350.6	10.9	5.5	542.0
0.0	15.2	234.8	10.9	5.3	542.0
0.0	16.7	358.7	10.9	6.0	542.0
0.0	18.2	342.7	10.8	6.4	542.0
0.1	19.1	344.5	10.8	6.3	542.0
0.0	19.8	335.7	10.8	6.2	542.0
5.0	19.4	221.9	10.8	6.2	542.0
1.3	13.7	40.1	10.7	1.4	542.0
0.3	17.1	210.0	10.7	5.1	542.0
12.8	18.5	183.5	10.7	5.0	542.0
8.4	17.9	34.1	10.7	2.7	542.0
0.6	18.3	90.5	10.6	3.5	542.0
2.3	20.4	272.1	10.6	4.5	542.0
14.4	19.4	80.0	10.6	3.3	542.0
5.2	17.0	38.9	10.6	3.0	542.0
4.1	17.1	118.5	10.5	2.9	542.0
10.8	11.7	42.6	10.5	4.2	542.0
3.5	6.2	18.4	10.5	2.7	542.0
0.1	3.8	108.7	10.5	2.1	542.0
0.3	4.8	324.5	10.5	2.8	542.0
0.0	6.1	311.5	10.5	3.2	542.0
0.0	10.4	318.1	10.4	4.3	542.0
0.1	13.2	201.0	10.4	4.1	542.0
0.2	14.4	279.5	10.4	4.8	542.0
2.2	14.5	85.4	10.4	2.9	542.0
0.2	14.2	51.6	10.4	2.7	542.0
2.4	13.7	124.3	10.4	2.4	542.0
4.1	13.7	83.0	10.3	4.5	544.1
0.2	7.2	148.6	10.3	2.2	544.1
0.9	7.5	40.9	10.3	1.7	544.1
0.9	4.8	77.7	10.3	2.2	544.1
0.1	2.5	285.2	10.3	2.7	544.1
0.0	3.2	306.6	10.3	3.0	544.1
0.1	4.7	290.6	10.3	3.5	544.1
0.6	3.7	83.7	10.3	1.7	544.1
0.0	3.6	299.7	10.2	2.9	544.1
0.0	7.6	295.7	10.2	3.9	544.1
0.0	9.7	293.7	10.2	4.3	544.1
0.0	10.9	290.7	10.2	5.0	544.1
0.2	9.5	263.0	10.2	4.1	544.1
0.0	9.1	289.8	10.2	4.0	544.1
0.1	6.9	167.4	10.2	3.2	544.1
0.0	8.9	264.6	10.2	3.8	544.1
0.0	4.4	298.9	10.2	2.9	544.1
0.0	5.2	294.2	10.2	3.3	544.1
0.0	5.9	291.6	10.2	3.4	544.1
0.0	7.4	245.2	10.2	3.9	544.1
0.0	8.1	275.2	10.2	4.0	544.1
0.0	12.2	283.3	10.2	4.9	544.1
3.5	12.7	128.0	10.2	3.9	544.1
34.1	8.8	30.5	10.2	1.3	544.1
18.9	8.3	16.2	10.2	0.7	544.1
21.2	3.2	10.4	10.2	2.9	544.1
0.2	-1.7	240.6	10.2	1.8	544.1
0.0	-0.9	304.9	10.2	2.3	544.1
0.0	1.2	198.0	10.2	2.1	544.1
0.0	2.3	297.5	10.2	2.4	544.1
13.1	8.2	103.4	10.2	3.3	544.1
16.4	5.8	16.4	10.2	2.4	546.7
9.5	6.1	27.6	10.2	1.7	546.7
3.0	1.2	46.5	10.2	2.1	546.7
0.0	-2.4	315.2	10.2	2.0	546.7
0.0	-1.0	305.4	10.3	2.6	546.7
0.0	2.5	267.6	10.3	2.6	546.7
0.0	1.9	272.6	10.3	2.5	546.7
0.0	0.8	317.2	10.3	2.4	546.7
0.0	-2.3	322.3	10.3	1.7	546.7
0.0	3.3	320.7	10.3	3.4	546.7
0.0	3.7	323.7	10.3	3.4	546.7
0.0	5.7	325.8	10.3	4.3	546.7
0.1	7.3	327.1	10.4	4.6	546.7
0.1	6.9	305.0	10.4	4.4	546.7
0.2	7.6	317.4	10.4	4.2	546.7
0.0	8.8	296.2	10.4	4.7	546.7
0.2	9.6	288.4	10.4	5.0	546.7
0.1	10.4	317.1	10.4	5.1	546.7
0.0	13.7	316.1	10.5	5.7	546.7
0.1	14.7	284.5	10.5	5.5	546.7
0.3	10.6	71.0	10.5	3.7	546.7
1.0	12.4	111.4	10.5	4.2	546.7
0.1	8.5	230.9	10.5	3.8	546.7
0.0	8.5	264.9	10.6	4.4	546.7
0.0	4.5	343.9	10.6	2.6	546.7
0.0	2.6	71.6	10.6	2.6	546.7
0.0	5.6	353.0	10.6	4.2	546.7
0.0	9.1	355.1	10.7	5.0	546.7
0.0	11.2	355.3	10.7	4.7	546.7
0.0	7.5	364.2	10.7	3.4	546.7
0.0	7.8	152.3	10.7	4.5	546.7
0.0	1.5	384.6	10.7	3.0	547.9
0.0	4.2	381.7	10.8	3.8	547.9
0.0	12.2	346.8	10.8	6.3	547.9
0.0	14.7	306.5	10.8	6.9	547.9
0.0	15.2	317.9	10.8	6.9	547.9
0.0	14.5	321.2	10.9	5.6	547.9
0.0	15.0	219.6	10.9	5.0	547.9
9.1	14.3	55.4	10.9	4.5	547.9
13.2	7.8	207.7	11.0	3.6	547.9
0.1	5.8	131.1	11.0	3.1	547.9
0.0	8.2	344.0	11.0	4.5	547.9
0.0	11.5	364.5	11.0	5.3	547.9
26.6	8.8	34.0	11.1	4.1	547.9
0.8	2.5	79.3	11.1	3.4	547.9
0.1	0.8	403.5	11.1	2.0	547.9
0.2	1.5	221.5	11.1	3.1	547.9
0.0	3.7	381.7	11.2	3.8	547.9
0.0	6.0	425.5	11.2	4.4	547.9
0.0	6.8	348.5	11.2	4.9	547.9
0.0	8.8	411.5	11.3	5.9	547.9
0.0	0.1	342.4	11.3	2.5	547.9
0.0	2.1	452.0	11.3	3.0	547.9
0.0	6.9	448.8	11.3	4.7	547.9
0.0	10.2	455.6	11.4	6.5	547.9
0.0	14.4	450.6	11.4	7.5	547.9
0.4	13.7	209.2	11.4	5.4	547.9
12.5	11.5	58.0	11.5	1.8	547.9
22.6	13.4	83.3	11.5	3.8	547.9
15.5	7.2	43.8	11.5	5.4	548.2
0.0	3.6	475.6	11.6	3.7	548.2
0.0	8.3	476.1	11.6	5.5	548.2
0.0	3.6	481.2	11.6	4.4	548.2
0.0	4.6	489.0	11.6	4.8	548.2
0.0	9.7	483.2	11.7	7.1	548.2
0.0	14.4	488.6	11.7	8.7	548.2
2.8	17.5	451.4	11.7	9.4	548.2
0.0	10.7	433.4	11.8	8.3	548.2
0.0	11.1	505.7	11.8	6.8	548.2
0.0	10.8	343.9	11.8	6.0	548.2
0.0	13.5	491.8	11.9	7.5	548.2
0.0	9.3	499.0	11.9	7.0	548.2
0.0	9.7	502.2	11.9	6.6	548.2
3.7	14.9	188.2	12.0	7.1	548.2
0.1	17.5	305.0	12.0	8.4	548.2
0.0	13.8	476.8	12.0	7.1	548.2
23.2	9.3	125.6	12.0	4.9	548.2
1.2	8.3	234.2	12.1	4.7	548.2
2.4	10.1	161.0	12.1	5.4	548.2
0.0	13.2	501.0	12.1	7.0	548.2
0.0	15.0	517.8	12.2	7.7	548.2
0.0	19.2	502.7	12.2	9.1	548.2
0.3	16.4	238.0	12.2	8.4	548.2
0.0	14.7	543.6	12.3	7.4	548.2
0.0	19.0	530.1	12.3	9.7	548.2
0.0	22.3	512.8	12.3	9.9	548.2
0.0	22.7	334.6	12.3	7.4	548.2
15.2	20.4	358.4	12.4	12.2	548.2
19.4	6.0	41.4	12.4	2.8	548.2
0.0	7.5	410.0	12.4	5.0	548.2
0.0	10.5	524.4	12.5	5.5	548.6
0.0	12.4	556.6	12.5	6.9	548.6
6.5	17.3	266.9	12.5	7.3	548.6
8.8	17.9	281.0	12.6	9.3	548.6
0.0	10.3	575.3	12.6	6.1	548.6
0.0	14.6	567.5	12.6	8.3	548.6
12.4	19.0	420.7	12.7	8.9	548.6
42.0	17.2	59.1	12.7	3.7	548.6
34.7	15.1	99.0	12.7	6.3	548.6
0.9	12.9	214.5	12.7	6.1	548.6
3.5	14.8	444.0	12.8	7.0	548.6
15.4	10.6	64.6	12.8	4.6	548.6
0.7	8.3	256.5	12.8	4.6	548.6
5.4	10.4	232.7	12.9	4.1	548.6
0.4	11.8	184.5	12.9	6.4	548.6
17.5	17.0	517.3	12.9	8.7	548.6
32.1	16.0	93.8	12.9	6.7	548.6
0.0	15.4	598.7	13.0	7.5	548.6
0.1	14.5	166.1	13.0	6.9	548.6
0.0	14.8	573.5	13.0	8.1	548.6
0.1	17.1	589.2	13.1	9.6	548.6
0.7	18.0	588.4	13.1	10.2	548.6
0.0	19.7	601.1	13.1	10.0	548.6
0.5	20.3	576.5	13.1	8.6	548.6
9.7	17.8	49.3	13.2	6.5	548.6
0.3	13.6	359.3	13.2	6.9	548.6
0.1	18.1	597.3	13.2	9.4	548.6
33.9	20.6	382.3	13.2	12.8	548.6
7.0	10.3	123.4	13.3	5.5	548.6
0.1	14.9	524.4	13.3	9.1	548.6
0.0	17.4	594.7	13.3	9.6	549.0
0.2	19.2	583.7	13.4	9.1	549.0
0.1	20.6	603.1	13.4	9.4	549.0
0.3	18.9	576.0	13.4	10.9	549.0
0.0	20.6	620.4	13.4	9.7	549.0
48.2	20.7	149.5	13.5	6.9	549.0
17.6	21.9	92.0	13.5	5.7	549.0
23.3	22.6	110.1	13.5	5.4	549.0
27.8	23.2	132.7	13.5	6.7	549.0
50.8	19.7	66.3	13.5	7.8	549.0
1.6	17.4	266.6	13.6	11.2	549.0
0.6	13.4	376.6	13.6	7.1	549.0
2.8	18.0	580.0	13.6	8.9	549.0
0.3	15.5	311.9	13.6	8.0	549.0
0.1	19.2	619.7	13.7	10.0	549.0
0.0	18.2	533.2	13.7	9.3	549.0
0.0	20.7	454.0	13.7	9.0	549.0
0.0	18.9	462.8	13.7	9.3	549.0
0.2	20.9	471.9	13.7	9.7	549.0
0.3	22.4	584.2	13.8	10.9	549.0
0.0	24.5	610.8	13.8	10.5	549.0
3.8	25.1	441.8	13.8	10.4	549.0
4.5	23.3	71.8	13.8	5.1	549.0
34.7	24.0	142.1	13.8	6.2	549.0
1.3	19.4	197.7	13.8	8.3	549.0
0.0	21.8	561.8	13.9	9.4	549.0
0.2	20.4	184.5	13.9	7.1	549.0
0.0	21.5	632.6	13.9	10.2	549.0
43.1	19.4	533.6	13.9	9.5	549.0
15.6	16.8	52.7	13.9	4.2	549.0
2.4	18.7	151.3	13.9	6.1	549.0
1.3	19.4	96.7	13.9	6.0	547.5
0.1	21.3	481.4	14.0	9.1	547.5
0.6	16.6	199.6	14.0	8.4	547.5
0.1	20.7	649.5	14.0	10.1	547.5
0.0	23.6	577.4	14.0	11.0	547.5
7.2	24.4	329.7	14.0	10.0	547.5
37.3	23.5	49.9	14.0	5.1	547.5
0.9	23.9	304.4	14.0	8.5	547.5
4.3	22.4	121.4	14.0	6.7	547.5
11.1	21.1	70.9	14.0	4.5	547.5
0.6	22.7	198.7	14.0	7.0	547.5
1.5	23.1	149.2	14.1	6.4	547.5
15.5	23.1	197.0	14.1	7.1	547.5
60.9	20.8	34.3	14.1	5.1	547.5
4.3	18.9	61.6	14.1	4.2	547.5
0.5	20.0	291.2	14.1	8.0	547.5
0.0	22.3	373.0	14.1	8.3	547.5
7.5	23.6	264.0	14.1	8.3	547.5
24.6	22.9	52.6	14.1	6.9	547.5
26.1	24.9	260.8	14.1	7.6	547.5
16.5	24.3	100.6	14.1	6.3	547.5
9.7	24.4	276.6	14.1	8.7	547.5
1.9	26.5	535.4	14.1	10.4	547.5
9.1	26.5	315.0	14.1	8.2	547.5
16.1	26.8	433.3	14.1	9.6	547.5
9.5	26.5	249.1	14.1	8.1	547.5
19.7	25.9	297.1	14.1	8.4	547.5
16.6	25.4	147.9	14.1	7.6	547.5
19.1	25.2	165.1	14.1	6.5	547.5
7.8	24.9	110.6	14.1	6.6	547.5
25.7	24.9	336.2	14.1	8.2	544.4
17.2	25.1	212.2	14.0	7.2	544.4
10.7	25.4	274.8	14.0	7.6	544.4
22.6	26.4	437.8	14.0	9.6	544.4
11.2	27.1	585.2	14.0	10.4	544.4
2.9	27.9	624.1	14.0	10.7	544.4
0.0	28.6	635.2	14.0	10.9	544.4
0.0	29.0	644.8	14.0	11.5	544.4
0.0	29.3	642.3	14.0	11.5	544.4
7.0	29.3	585.9	14.0	11.3	544.4
13.4	27.4	310.9	14.0	10.0	544.4
3.0	28.1	605.3	13.9	11.6	544.4
1.9	28.4	608.0	13.9	11.5	544.4
0.2	29.2	509.2	13.9	11.0	544.4
7.2	28.5	513.1	13.9	11.0	544.4
5.7	28.6	592.4	13.9	11.8	544.4
0.0	28.7	534.1	13.9	11.2	544.4
0.0	29.2	632.0	13.9	12.1	544.4
0.2	30.2	632.5	13.8	12.0	544.4
13.8	29.3	603.7	13.8	13.1	544.4
7.0	28.4	442.8	13.8	9.3	544.4
13.6	27.8	424.2	13.8	10.3	544.4
11.5	27.5	529.2	13.8	10.1	544.4
9.0	27.5	398.9	13.8	9.5	544.4
24.4	26.8	341.5	13.7	8.7	544.4
21.6	26.2	239.2	13.7	7.5	544.4
31.3	26.2	371.1	13.7	8.0	544.4
14.6	26.5	329.2	13.7	8.6	544.4
18.6	26.7	297.8	13.7	8.4	544.4
17.6	26.7	311.4	13.6	8.4	544.4
20.2	26.3	273.2	13.6	8.7	544.4
2.5	28.2	587.4	13.6	11.2	542.3
3.2	28.3	604.7	13.6	11.1	542.3
5.5	28.3	605.4	13.5	11.6	542.3
11.1	28.3	598.9	13.5	11.0	542.3
6.4	28.6	595.5	13.5	10.6	542.3
0.2	29.0	575.4	13.5	11.1	542.3
0.0	29.6	605.9	13.5	10.6	542.3
5.7	29.3	540.6	13.4	11.9	542.3
8.7	28.6	555.6	13.4	12.0	542.3
13.2	28.0	559.0	13.4	11.1	542.3
6.0	27.9	584.1	13.4	11.1	542.3
6.6	27.7	578.7	13.3	11.1	542.3
4.4	27.5	562.5	13.3	10.7	542.3
0.1	27.6	562.6	13.3	10.1	542.3
0.0	26.8	472.2	13.3	9.5	542.3
0.3	28.2	506.0	13.2	9.5	542.3
1.0	28.6	406.9	13.2	9.6	542.3
21.8	27.6	456.1	13.2	10.7	542.3
12.3	27.1	463.6	13.1	8.0	542.3
14.0	27.0	450.9	13.1	9.0	542.3
0.3	27.6	483.0	13.1	9.8	542.3
0.1	28.2	565.4	13.1	9.9	542.3
0.1	28.5	564.3	13.0	10.0	542.3
0.1	29.1	538.7	13.0	10.1	542.3
2.8	29.0	481.2	13.0	10.8	542.3
0.1	26.0	125.2	13.0	6.9	542.3
0.6	27.9	435.4	12.9	8.5	542.3
12.6	26.7	400.2	12.9	10.0	542.3
18.1	25.7	451.5	12.9	8.1	542.3
15.2	25.2	315.4	12.8	7.2	542.3
0.3	25.5	228.2	12.8	6.4	542.3
5.5	24.8	205.8	12.8	6.2	542.7
1.7	25.0	232.8	12.8	6.5	542.7
3.7	25.0	316.1	12.7	7.1	542.7
2.1	23.9	90.1	12.7	5.8	542.7
1.4	23.7	134.6	12.7	6.9	542.7
2.4	23.9	63.5	12.6	4.9	542.7
2.2	24.3	59.7	12.6	4.8	542.7
2.5	23.4	116.0	12.6	8.0	542.7
0.0	22.8	526.3	12.5	7.7	542.7
0.0	22.4	487.4	12.5	9.1	542.7
0.0	23.3	540.3	12.5	9.5	542.7
0.0	23.2	541.9	12.5	9.9	542.7
0.0	23.9	542.5	12.4	10.2	542.7
0.0	24.1	533.9	12.4	9.7	542.7
0.0	23.5	521.2	12.4	9.1	542.7
0.0	24.1	457.5	12.3	8.2	542.7
0.1	22.4	74.8	12.3	4.6	542.7
0.0	22.6	144.9	12.3	6.3	542.7
0.0	25.1	266.9	12.2	8.2	542.7
14.1	25.8	443.0	12.2	9.6	542.7
0.0	26.2	484.7	12.2	9.8	542.7
0.0	23.1	506.2	12.2	9.8	542.7
0.0	22.3	512.8	12.1	9.9	542.7
0.0	22.3	504.1	12.1	10.4	542.7
0.0	22.6	508.2	12.1	10.8	542.7
0.0	23.5	509.2	12.0	10.8	542.7
0.0	24.4	500.4	12.0	9.6	542.7
0.0	26.2	451.9	12.0	9.8	542.7
0.0	23.9	454.9	11.9	9.7	542.7
0.0	20.9	489.6	11.9	8.0	542.7
0.0	19.8	436.3	11.9	7.6	543.3
0.0	18.5	254.9	11.9	6.7	543.3
0.0	20.5	471.7	11.8	8.4	543.3
0.0	21.4	459.8	11.8	8.6	543.3
0.0	21.8	447.4	11.8	8.4	543.3
0.0	22.6	396.2	11.7	9.0	543.3
0.0	18.8	456.5	11.7	7.7	543.3
0.0	19.1	462.9	11.7	7.4	543.3
0.0	18.8	449.3	11.6	7.8	543.3
0.0	17.6	460.4	11.6	7.5	543.3
0.0	17.8	458.6	11.6	8.0	543.3
0.0	18.4	455.0	11.6	7.9	543.3
0.0	18.5	442.1	11.5	7.6	543.3
0.0	18.8	366.5	11.5	6.7	543.3
0.0	19.5	373.5	11.5	6.5	543.3
0.0	17.8	426.5	11.4	7.5	543.3
0.0	17.9	431.0	11.4	7.5	543.3
0.0	18.2	431.4	11.4	7.7	543.3
0.0	18.6	425.5	11.4	7.6	543.3
0.0	19.5	416.7	11.3	7.4	543.3
0.0	20.6	411.7	11.3	7.5	543.3
0.0	20.4	406.5	11.3	7.1	543.3
0.0	20.5	384.3	11.2	7.3	543.3
0.0	21.1	392.5	11.2	7.1	543.3
0.0	22.5	380.0	11.2	7.2	543.3
0.0	17.5	168.2	11.2	4.0	543.3
0.0	18.2	196.2	11.1	4.7	543.3
2.1	19.1	155.8	11.1	4.7	543.3
7.3	16.7	24.0	11.1	2.9	543.3
18.6	13.5	12.5	11.0	3.0	543.3
0.4	12.8	37.3	11.0	1.7	543.3
2.1	16.4	236.6	11.0	4.9	544.8
2.5	13.3	75.9	11.0	2.8	544.8
0.1	12.9	355.8	10.9	4.0	544.8
5.2	13.5	232.1	10.9	3.7	544.8
0.0	12.4	284.5	10.9	3.8	544.8
0.1	12.8	367.8	10.9	5.2	544.8
0.0	15.3	360.4	10.8	6.1	544.8
0.0	16.7	294.5	10.8	5.5	544.8
0.0	16.9	351.0	10.8	5.9	544.8
0.0	20.0	347.7	10.8	6.6	544.8
6.9	18.4	328.6	10.7	7.6	544.8
0.0	4.1	336.4	10.7	3.3	544.8
0.0	2.7	365.9	10.7	2.9	544.8
0.0	8.3	348.6	10.7	5.0	544.8
0.0	9.9	313.0	10.6	4.3	544.8
0.0	13.1	344.4	10.6	5.3	544.8
0.0	15.3	340.3	10.6	6.3	544.8
0.0	17.4	174.9	10.6	5.2	544.8
10.4	19.1	148.8	10.6	5.0	544.8
13.6	5.1	21.6	10.5	5.4	544.8
0.0	0.9	261.1	10.5	1.7	544.8
0.0	2.8	256.8	10.5	2.0	544.8
7.8	5.7	51.8	10.5	2.1	544.8
0.1	8.1	113.4	10.5	2.8	544.8
0.0	10.4	304.3	10.4	3.6	544.8
0.3	10.9	168.9	10.4	4.1	544.8
0.3	12.2	268.5	10.4	4.2	544.8
3.1	13.2	43.2	10.4	2.4	544.8
2.9	13.1	30.5	10.4	1.8	544.8
0.5	11.5	42.9	10.4	3.3	544.8
0.0	11.7	311.5	10.3	4.3	546.9
0.1	10.5	225.6	10.3	3.7	546.9
0.0	9.9	277.8	10.3	3.1	546.9
0.0	11.0	181.3	10.3	3.8	546.9
0.0	12.3	249.5	10.3	4.3	546.9
0.0	15.4	288.5	10.3	4.8	546.9
0.3	18.2	262.0	10.3	4.8	546.9
1.4	21.0	151.2	10.3	4.7	546.9
9.2	18.6	172.5	10.2	6.8	546.9
0.0	4.4	290.3	10.2	2.9	546.9
0.0	3.5	303.9	10.2	2.9	546.9
0.0	6.5	295.4	10.2	3.8	546.9
0.0	9.9	285.9	10.2	5.0	546.9
0.0	12.9	285.7	10.2	4.9	546.9
0.1	16.4	184.9	10.2	4.5	546.9
6.4	16.6	80.8	10.2	4.2	546.9
4.9	7.2	33.3	10.2	3.0	546.9
5.9	5.7	75.2	10.2	1.7	546.9
0.2	5.3	212.4	10.2	3.1	546.9
0.3	5.9	254.4	10.2	3.9	546.9
0.2	7.3	242.9	10.2	4.1	546.9
0.4	10.4	218.7	10.2	4.0	546.9
0.0	6.5	221.2	10.2	3.3	546.9
0.0	5.0	287.8	10.2	2.8	546.9
0.0	5.6	285.9	10.2	3.4	546.9
0.0	7.8	297.6	10.2	4.1	546.9
0.0	10.0	254.4	10.2	4.7	546.9
0.0	11.2	283.7	10.2	3.9	546.9
16.2	13.3	70.6	10.2	2.8	546.9
9.7	10.8	36.1	10.2	1.6	546.9
21.5	8.5	22.4	10.2	1.8	546.9
8.6	8.2	28.1	10.2	1.8	549.5
10.6	-0.6	31.5	10.2	2.9	549.5
0.0	-5.3	297.1	10.2	1.5	549.5
0.0	-0.9	314.2	10.2	2.5	549.5
0.1	3.8	168.0	10.3	2.6	549.5
0.7	5.7	136.8	10.3	2.6	549.5
0.1	5.5	193.3	10.3	3.0	549.5
0.5	7.5	271.4	10.3	3.5	549.5
12.8	7.4	26.7	10.3	1.3	549.5
1.1	7.0	91.9	10.3	2.5	549.5
0.9	4.7	116.6	10.3	2.2	549.5
0.9	4.1	109.5	10.3	2.6	549.5
0.2	3.6	185.0	10.4	2.8	549.5
1.0	6.3	160.9	10.4	3.3	549.5
0.5	8.3	139.3	10.4	3.0	549.5
9.9	6.4	29.9	10.4	2.5	549.5
6.6	2.1	26.2	10.4	1.7	549.5
0.2	0.6	267.1	10.4	2.4	549.5
0.1	2.4	206.0	10.5	2.7	549.5
0.0	4.4	330.8	10.5	3.1	549.5
0.0	5.8	34.2	10.5	2.0	549.5
0.0	6.1	318.0	10.5	3.5	549.5
12.0	3.9	82.1	10.5	1.8	549.5
1.1	4.5	147.4	10.6	2.6	549.5
0.2	7.7	169.2	10.6	3.5	549.5
8.2	14.9	292.7	10.6	5.1	549.5
50.5	10.2	31.3	10.6	5.3	549.5
1.9	-1.4	111.3	10.6	1.5	549.5
0.0	-0.4	362.6	10.7	2.5	549.5
0.0	-1.4	371.6	10.7	2.3	549.5
0.0	2.5	357.4	10.7	3.4	549.5
8.4	6.9	235.1	10.7	3.9	550.7
26.8	5.7	24.5	10.8	1.3	550.7
1.7	4.9	25.9	10.8	2.2	550.7
1.9	2.2	73.8	10.8	2.3	550.7
0.2	-1.1	188.9	10.8	2.3	550.7
0.0	-1.6	384.1	10.9	2.6	550.7
0.0	0.5	241.6	10.9	3.0	550.7
0.1	4.9	226.7	10.9	3.4	550.7
17.8	11.1	155.3	10.9	4.6	550.7
0.4	3.2	122.7	11.0	2.1	550.7
0.1	4.5	360.3	11.0	4.0	550.7
0.0	2.3	401.2	11.0	2.7	550.7
0.0	2.1	206.1	11.1	2.8	550.7
0.0	4.8	401.9	11.1	3.9	550.7
0.0	6.6	406.5	11.1	4.3	550.7
0.1	6.5	153.2	11.1	3.9	550.7
0.1	6.7	390.0	11.2	4.6	550.7
0.0	3.6	414.3	11.2	4.0	550.7
0.0	4.1	430.0	11.2	3.9	550.7
0.0	10.5	429.4	11.3	5.7	550.7
0.0	8.9	435.6	11.3	5.5	550.7
0.0	12.6	435.1	11.3	7.0	550.7
1.6	18.5	422.4	11.3	8.3	550.7
1.2	0.4	105.6	11.4	5.5	550.7
0.0	-2.2	205.6	11.4	2.2	550.7
0.0	-0.3	452.2	11.4	3.5	550.7
0.0	5.2	457.0	11.5	5.3	550.7
0.0	14.7	447.0	11.5	8.3	550.7
0.0	9.7	466.5	11.5	6.2	550.9
0.2	14.7	387.2	11.5	7.5	550.9
10.1	11.2	54.3	11.6	5.3	550.9
15.5	7.3	42.7	11.6	1.5	550.9
1.8	9.6	41.4	11.6	3.3	550.9
6.2	13.5	72.9	11.7	4.4	550.9
8.7	14.3	94.5	11.7	4.2	550.9
9.3	13.6	63.9	11.7	4.8	550.9
0.3	12.6	159.5	11.8	4.1	550.9
0.1	18.4	445.0	11.8	7.3	550.9
13.0	16.2	129.7	11.8	8.3	550.9
2.2	5.4	143.4	11.9	3.8	550.9
1.5	3.8	90.8	11.9	1.8	550.9
0.1	4.0	236.6	11.9	3.1	550.9
4.1	6.3	185.8	11.9	3.7	550.9
0.7	7.4	72.8	12.0	3.0	550.9
15.7	7.3	48.8	12.0	2.1	550.9
0.7	9.0	247.1	12.0	4.8	550.9
5.0	12.7	314.2	12.1	6.3	550.9
36.3	11.5	22.6	12.1	5.3	550.9
20.4	7.4	47.9	12.1	3.7	550.9
14.5	5.4	45.9	12.2	1.3	550.9
8.9	7.9	165.6	12.2	3.5	550.9
22.8	10.7	39.1	12.2	4.3	550.9
20.1	14.2	56.3	12.2	5.8	550.9
7.7	20.0	223.2	12.3	7.7	550.9
2.0	15.1	93.7	12.3	5.8	550.9
28.1	12.1	41.9	12.3	5.3	550.9
5.3	9.1	35.2	12.4	2.6	550.9
2.8	9.8	124.5	12.4	4.2	550.9
0.3	9.6	329.2	12.4	6.5	550.9
0.0	7.5	569.7	12.5	5.8	551.3
0.0	11.8	562.4	12.5	6.8	551.3
0.0	13.2	553.6	12.5	7.7	551.3
0.1	16.5	458.2	12.6	7.8	551.3
0.1	13.6	249.9	12.6	7.9	551.3
0.0	10.6	477.9	12.6	6.6	551.3
0.0	12.2	564.5	12.6	7.7	551.3
0.0	14.7	594.7	12.7	8.0	551.3
0.0	17.1	579.9	12.7	9.2	551.3
0.1	19.6	465.0	12.7	9.5	551.3
0.0	13.4	577.7	12.8	7.8	551.3
0.0	18.6	609.9	12.8	9.2	551.3
0.0	17.4	605.4	12.8	9.2	551.3
0.0	19.7	591.1	12.8	11.8	551.3
16.1	17.9	147.9	12.9	8.0	551.3
0.1	13.0	492.8	12.9	8.0	551.3
0.0	17.0	621.6	12.9	9.7	551.3
8.1	21.8	398.9	13.0	9.8	551.3
22.1	21.6	208.1	13.0	7.3	551.3
31.5	22.3	302.8	13.0	7.6	551.3
30.5	16.9	207.7	13.0	9.2	551.3
1.7	17.4	159.6	13.1	5.9	551.3
4.1	22.9	191.9	13.1	9.0	551.3
17.9	16.7	313.0	13.1	10.0	551.3
0.2	18.6	495.9	13.2	9.3	551.3
36.0	18.7	271.7	13.2	7.5	551.3
0.5	18.8	340.4	13.2	8.8	551.3
0.1	21.6	548.3	13.2	10.1	551.3
11.1	21.8	454.0	13.3	10.7	551.3
1.4	19.0	311.3	13.3	9.0	551.3
0.1	20.9	539.2	13.3	9.3	551.8
0.7	22.8	536.2	13.3	9.5	551.8
15.3	23.4	347.5	13.4	8.7	551.8
5.8	24.9	215.1	13.4	7.9	551.8
11.8	24.7	375.9	13.4	9.6	551.8
62.9	15.6	84.0	13.4	10.2	551.8
1.4	16.8	588.2	13.5	8.0	551.8
6.1	16.0	82.3	13.5	5.1	551.8
0.1	18.5	536.9	13.5	9.0	551.8
1.1	21.0	501.9	13.5	10.3	551.8
9.5	18.3	515.6	13.6	9.4	551.8
0.0	20.3	636.8	13.6	9.2	551.8
0.1	23.3	561.8	13.6	11.0	551.8
0.0	26.0	602.2	13.6	12.6	551.8
7.8	26.7	534.0	13.7	11.7	551.8
38.8	25.4	413.2	13.7	12.3	551.8
4.2	18.0	138.1	13.7	7.4	551.8
0.0	17.9	599.2	13.7	8.6	551.8
0.0	19.6	590.2	13.7	8.5	551.8
0.2	16.5	213.5	13.8	6.9	551.8
1.0	21.1	487.9	13.8	9.2	551.8
14.0	23.2	411.0	13.8	8.8	551.8
10.7	19.3	74.5	13.8	6.7	551.8
0.0	20.9	511.8	13.8	9.1	551.8
0.0	19.6	166.4	13.8	8.4	551.8
0.0	20.2	670.6	13.9	11.1	551.8
0.0	19.2	589.2	13.9	9.8	551.8
0.0	21.1	651.0	13.9	10.1	551.8
0.8	20.0	373.6	13.9	11.1	551.8
0.1	20.5	632.9	13.9	11.6	551.8
0.1	21.8	634.7	13.9	11.9	551.8
0.0	22.7	602.2	13.9	12.4	550.2
0.0	25.6	635.3	14.0	11.5	550.2
0.0	26.0	643.4	14.0	12.8	550.2
2.2	25.9	612.2	14.0	11.3	550.2
0.0	23.5	599.4	14.0	10.9	550.2
1.4	25.0	627.8	14.0	11.9	550.2
0.0	21.0	641.5	14.0	11.1	550.2
0.0	23.6	684.9	14.0	11.6	550.2
0.0	26.1	610.0	14.0	10.8	550.2
0.0	28.5	545.7	14.0	10.6	550.2
0.0	28.7	552.6	14.0	10.9	550.2
0.0	29.0	589.5	14.1	11.8	550.2
0.5	29.1	614.0	14.1	12.1	550.2
7.0	26.7	555.8	14.1	12.7	550.2
6.4	17.2	122.5	14.1	7.9	550.2
0.0	21.7	671.5	14.1	10.8	550.2
0.0	25.0	662.9	14.1	10.4	550.2
33.9	26.2	290.1	14.1	8.2	550.2
12.3	25.2	154.7	14.1	8.9	550.2
3.0	21.2	240.4	14.1	8.2	550.2
2.4	19.6	38.7	14.1	3.8	550.2
0.9	20.1	249.8	14.1	8.7	550.2
0.0	23.1	559.6	14.1	10.7	550.2
0.0	25.3	625.0	14.1	11.1	550.2
0.0	23.0	651.0	14.1	10.5	550.2
0.2	24.0	581.7	14.1	10.3	550.2
0.0	24.8	409.2	14.1	11.0	550.2
0.0	26.9	538.5	14.1	10.8	550.2
0.9	26.6	167.8	14.1	7.5	550.2
10.0	26.0	157.0	14.1	8.1	550.2
3.1	26.2	321.4	14.1	10.8	547.2
0.0	25.3	639.7	14.0	11.3	547.2
16.6	22.7	243.5	14.0	8.2	547.2
22.1	22.3	61.0	14.0	5.8	547.2
4.9	24.8	183.2	14.0	7.7	547.2
17.2	25.7	289.3	14.0	9.2	547.2
21.8	25.5	308.0	14.0	8.6	547.2
18.7	26.1	343.4	14.0	9.1	547.2
10.0	26.0	322.9	14.0	9.2	547.2
6.2	28.0	599.6	14.0	10.4	547.2
8.6	27.5	611.6	14.0	11.5	547.2
4.7	27.6	621.5	14.0	11.2	547.2
11.0	26.8	472.4	13.9	10.0	547.2
15.5	26.9	537.9	13.9	9.3	547.2
20.2	26.6	416.1	13.9	9.3	547.2
23.4	25.4	173.9	13.9	7.3	547.2
6.4	26.3	395.4	13.9	9.1	547.2
0.7	26.0	238.4	13.9	8.3	547.2
4.4	25.8	231.6	13.8	8.5	547.2
15.4	26.1	483.3	13.8	10.7	547.2
15.6	25.9	373.2	13.8	9.1	547.2
14.1	25.8	420.7	13.8	9.9	547.2
17.4	26.2	603.6	13.8	10.3	547.2
5.1	26.9	591.4	13.8	10.2	547.2
18.2	27.0	470.1	13.7	9.0	547.2
22.0	26.6	274.3	13.7	8.8	547.2
18.5	26.6	329.6	13.7	9.8	547.2
12.2	26.8	307.6	13.7	9.3	547.2
4.3	27.2	473.0	13.7	10.1	547.2
0.8	27.8	489.8	13.6	10.6	547.2
0.2	28.4	580.0	13.6	10.8	547.2
0.2	29.1	546.1	13.6	10.6	545.1
0.5	28.3	423.6	13.6	10.2	545.1
18.8	26.9	326.1	13.6	8.8	545.1
14.1	26.2	347.6	13.5	8.6	545.1
8.4	27.0	353.0	13.5	9.1	545.1
10.9	27.3	461.7	13.5	9.0	545.1
12.4	27.4	486.6	13.5	9.9	545.1
10.9	27.6	539.0	13.4	10.7	545.1
12.5	27.7	518.1	13.4	9.7	545.1
8.5	27.7	512.6	13.4	10.0	545.1
12.1	27.3	529.7	13.4	10.0	545.1
3.7	27.8	595.1	13.3	10.8	545.1
10.2	27.3	550.8	13.3	9.9	545.1
0.0	28.1	577.6	13.3	10.3	545.1
13.9	27.0	527.5	13.3	9.2	545.1
13.5	27.2	476.1	13.2	9.8	545.1
9.2	27.2	482.5	13.2	9.8	545.1
0.1	28.4	498.2	13.2	9.7	545.1
0.1	29.0	541.6	13.2	10.2	545.1
0.0	28.9	575.6	13.1	10.2	545.1
0.2	29.4	554.2	13.1	10.2	545.1
0.0	29.9	569.3	13.1	10.3	545.1
0.9	30.0	553.9	13.0	10.7	545.1
16.2	27.8	506.7	13.0	10.2	545.1
13.0	27.4	457.7	13.0	9.1	545.1
5.3	27.3	501.6	13.0	9.8	545.1
2.9	26.9	423.5	12.9	8.9	545.1
2.5	26.4	329.9	12.9	7.2	545.1
4.1	25.8	269.2	12.9	7.5	545.1
13.4	25.3	394.3	12.8	8.3	545.1
0.7	26.1	440.7	12.8	8.6	545.1
0.6	25.6	331.6	12.8	7.5	545.5
0.7	26.2	218.3	12.8	6.2	545.5
9.5	26.8	362.3	12.7	8.4	545.5
5.3	26.8	404.7	12.7	7.3	545.5
15.7	26.6	308.8	12.7	7.5	545.5
23.3	27.1	409.6	12.6	7.8	545.5
11.3	24.8	332.3	12.6	9.2	545.5
0.1	21.8	263.1	12.6	6.4	545.5
0.3	23.9	453.5	12.6	7.6	545.5
0.7	24.0	169.2	12.5	6.6	545.5
0.3	24.1	125.3	12.5	6.3	545.5
0.3	25.4	316.0	12.5	7.6	545.5
0.5	25.8	470.3	12.4	8.6	545.5
0.0	24.7	515.4	12.4	9.0	545.5
0.0	24.0	520.2	12.4	8.7	545.5
0.2	24.9	509.4	12.3	8.9	545.5
0.3	25.5	460.5	12.3	9.0	545.5
0.0	25.4	437.2	12.3	9.1	545.5
0.3	26.8	407.2	12.3	9.2	545.5
0.3	27.6	381.8	12.2	9.4	545.5
0.4	28.1	390.2	12.2	9.2	545.5
0.0	28.0	471.6	12.2	9.4	545.5
0.0	28.4	471.6	12.1	9.3	545.5
0.0	28.6	465.0	12.1	9.5	545.5
0.0	29.1	474.0	12.1	9.5	545.5
1.1	29.5	438.3	12.0	8.6	545.5
0.1	29.3	456.8	12.0	8.8	545.5
9.4	27.8	416.3	12.0	10.0	545.5
3.0	17.4	30.1	12.0	7.6	545.5
2.8	18.7	233.0	11.9	6.3	545.5
0.8	21.1	319.6	11.9	6.3	546.1
0.0	21.3	458.7	11.9	7.1	546.1
0.0	22.0	454.2	11.8	7.6	546.1
0.0	22.3	454.0	11.8	7.3	546.1
0.0	21.0	452.3	11.8	8.4	546.1
0.0	17.9	467.4	11.7	6.8	546.1
0.0	16.9	469.6	11.7	6.8	546.1
0.0	18.5	395.1	11.7	6.8	546.1
0.0	19.2	464.5	11.7	8.2	546.1
0.0	20.1	456.9	11.6	8.7	546.1
0.0	20.3	450.0	11.6	8.3	546.1
0.0	20.0	450.1	11.6	8.4	546.1
0.0	19.8	449.2	11.5	8.2	546.1
0.0	21.1	441.8	11.5	8.3	546.1
0.0	19.7	427.8	11.5	8.0	546.1
0.0	19.0	441.8	11.4	7.7	546.1
0.0	18.9	431.4	11.4	7.2	546.1
0.0	19.6	415.1	11.4	6.7	546.1
0.0	19.5	352.4	11.4	6.3	546.1
0.1	19.8	393.6	11.3	6.6	546.1
0.0	19.6	408.6	11.3	7.0	546.1
0.0	18.1	405.9	11.3	6.9	546.1
0.0	17.7	403.4	11.2	6.6	546.1
0.0	17.3	400.0	11.2	6.8	546.1
0.0	16.8	404.5	11.2	7.3	546.1
0.0	17.2	405.8	11.2	7.3	546.1
0.0	18.2	393.9	11.1	6.8	546.1
1.2	20.9	326.3	11.1	6.6	546.1
0.0	20.4	275.5	11.1	7.1	546.1
0.0	19.9	331.0	11.0	7.5	546.1
0.0	16.4	389.5	11.0	5.5	546.1
0.0	18.3	276.5	11.0	5.7	547.5
3.7	18.6	123.9	11.0	5.5	547.5
0.3	12.7	72.0	10.9	4.2	547.5
0.0	13.6	357.3	10.9	4.5	547.5
0.0	13.9	46.4	10.9	2.6	547.5
0.0	15.2	45.8	10.9	2.7	547.5
0.1	15.6	94.2	10.8	4.4	547.5
0.0	13.2	239.5	10.8	5.0	547.5
4.1	14.7	190.3	10.8	4.7	547.5
9.1	13.3	30.2	10.8	2.9	547.5
0.0	6.9	294.3	10.7	4.0	547.5
0.0	5.7	368.9	10.7	3.6	547.5
0.0	9.3	341.6	10.7	4.7	547.5
0.0	9.3	132.7	10.7	4.2	547.5
0.0	11.2	348.0	10.6	4.9	547.5
0.0	13.3	344.0	10.6	5.2	547.5
0.0	13.3	305.4	10.6	5.4	547.5
0.0	14.5	334.1	10.6	5.2	547.5
0.0	12.5	311.1	10.6	4.5	547.5
0.0	16.3	278.2	10.5	5.2	547.5
13.6	15.5	237.7	10.5	6.3	547.5
0.0	6.4	206.3	10.5	3.3	547.5
0.0	5.2	337.5	10.5	3.4	547.5
0.0	7.2	335.0	10.5	4.1	547.5
0.0	8.8	329.6	10.4	4.4	547.5
0.0	11.4	314.7	10.4	4.8	547.5
0.0	12.6	108.6	10.4	4.1	547.5
0.0	12.2	304.1	10.4	5.1	547.5
0.0	11.2	323.7	10.4	4.7	547.5
0.0	12.6	324.1	10.4	5.4	547.5
0.0	13.1	314.8	10.3	5.4	549.6
0.0	14.8	309.7	10.3	5.2	549.6
3.5	18.1	292.6	10.3	6.0	549.6
0.8	9.1	61.2	10.3	3.7	549.6
0.0	3.6	312.5	10.3	2.8	549.6
0.0	6.9	318.3	10.3	3.5	549.6
0.0	6.2	310.4	10.3	3.4	549.6
0.0	9.0	304.7	10.3	4.6	549.6
0.0	10.3	308.5	10.2	4.9	549.6
0.0	11.8	304.8	10.2	5.0	549.6
0.1	11.2	292.5	10.2	4.0	549.6
0.0	15.0	286.3	10.2	4.9	549.6
4.9	16.4	96.7	10.2	3.8	549.6
6.0	11.3	46.1	10.2	3.8	549.6
1.1	7.6	89.0	10.2	1.6	549.6
2.2	8.1	122.5	10.2	2.0	549.6
11.4	9.1	24.2	10.2	2.0	549.6
3.6	8.1	21.1	10.2	1.8	549.6
7.5	8.2	29.0	10.2	1.3	549.6
1.0	6.9	55.3	10.2	1.8	549.6
0.9	11.3	144.5	10.2	3.8	549.6
12.9	11.4	28.4	10.2	4.4	549.6
0.0	7.2	298.5	10.2	3.4	549.6
0.0	9.3	215.4	10.2	3.6	549.6
6.8	11.4	190.0	10.2	3.8	549.6
8.6	8.1	22.7	10.2	1.4	549.6
22.2	9.3	25.8	10.2	1.1	549.6
1.0	8.8	41.1	10.2	1.9	549.6
0.8	9.2	86.6	10.2	1.8	549.6
5.1	8.5	27.1	10.2	2.7	549.6
0.3	4.8	155.1	10.2	2.9	549.6
0.7	5.0	190.2	10.2	3.0	552.2
0.2	6.9	135.4	10.2	3.1	552.2
0.7	12.3	150.9	10.2	3.8	552.2
2.2	10.2	44.8	10.2	4.1	552.2
0.3	7.5	120.9	10.3	3.0	552.2
0.0	9.3	270.3	10.3	3.5	552.2
1.4	7.5	93.9	10.3	2.2	552.2
13.5	8.2	120.5	10.3	2.2	552.2
46.2	11.0	14.5	10.3	3.6	552.2
1.9	3.5	52.8	10.3	4.7	552.2
0.0	2.0	297.4	10.3	2.4	552.2
16.3	-0.1	58.0	10.3	1.1	552.2
1.6	-1.9	73.8	10.4	1.7	552.2
0.0	-4.1	332.6	10.4	1.5	552.2
0.0	-2.7	323.0	10.4	1.8	552.2
0.0	-2.6	293.8	10.4	2.1	552.2
0.0	-0.2	288.2	10.4	2.4	552.2
0.0	-1.0	289.9	10.4	2.4	552.2
0.0	-0.5	306.1	10.5	2.5	552.2
0.0	5.0	324.2	10.5	3.6	552.2
0.5	10.9	281.8	10.5	4.7	552.2
7.1	11.4	55.7	10.5	3.0	552.2
21.0	9.0	28.7	10.5	3.6	552.2
0.8	4.2	78.0	10.6	2.1	552.2
20.9	4.1	41.1	10.6	1.6	552.2
36.4	3.9	23.6	10.6	2.2	552.2
1.3	0.3	57.4	10.6	1.8	552.2
0.0	1.7	335.3	10.6	2.4	552.2
0.0	2.2	351.6	10.7	3.1	552.2
0.0	2.7	325.9	10.7	3.2	552.2
13.0	4.5	238.8	10.7	2.5	552.2
0.9	6.3	140.7	10.7	3.1	553.4
1.1	4.1	136.6	10.8	2.1	553.4
26.8	3.2	32.7	10.8	1.1	553.4
3.9	3.7	44.5	10.8	1.8	553.4
0.4	3.8	159.4	10.8	2.4	553.4
0.0	3.8	201.8	10.9	2.3	553.4
0.0	4.2	363.8	10.9	3.6	553.4
0.1	3.7	345.4	10.9	3.8	553.4
0.1	6.6	327.0	10.9	4.6	553.4
1.2	6.5	77.6	11.0	2.9	553.4
0.1	8.5	232.3	11.0	4.3	553.4
0.4	8.7	131.8	11.0	3.2	553.4
0.0	6.3	88.6	11.0	3.5	553.4
0.0	2.1	327.5	11.1	3.4	553.4
0.0	4.4	403.7	11.1	3.9	553.4
0.0	7.5	356.7	11.1	4.7	553.4
5.6	9.5	162.8	11.2	4.3	553.4
3.5	10.7	62.1	11.2	3.0	553.4
1.3	16.0	112.8	11.2	5.2	553.4
9.3	15.7	178.2	11.2	7.2	553.4
7.3	2.8	55.2	11.3	2.8	553.4
0.0	2.3	435.4	11.3	3.4	553.4
5.1	5.5	340.7	11.3	3.8	553.4
0.6	7.5	97.1	11.4	3.7	553.4
6.5	10.1	70.7	11.4	3.7	553.4
2.4	1.3	52.4	11.4	4.0	553.4
10.9	-0.5	25.2	11.5	1.7	553.4
16.5	-0.4	17.6	11.5	1.2	553.4
4.5	-1.2	26.5	11.5	1.3	553.4
6.0	0.6	56.6	11.5	1.9	553.7
27.6	2.6	35.1	11.6	2.2	553.7
9.0	8.2	49.8	11.6	4.7	553.7
8.0	12.8	167.8	11.6	6.2	553.7
5.1	13.3	119.2	11.7	5.2	553.7
13.7	13.9	121.2	11.7	3.9	553.7
2.5	19.1	208.1	11.7	6.4	553.7
7.8	13.8	129.2	11.8	8.0	553.7
5.9	10.5	161.0	11.8	4.4	553.7
9.1	10.6	128.2	11.8	4.4	553.7
1.9	13.9	127.8	11.8	7.0	553.7
15.1	20.6	408.4	11.9	7.5	553.7
39.5	12.9	46.3	11.9	5.8	553.7
2.1	11.3	148.4	11.9	4.6	553.7
10.6	14.8	424.6	12.0	6.0	553.7
8.0	11.5	65.3	12.0	7.7	553.7
0.4	5.9	116.2	12.0	2.7	553.7
1.1	8.3	401.8	12.1	5.4	553.7
4.3	6.2	195.4	12.1	3.6	553.7
0.2	3.5	191.4	12.1	5.3	553.7
0.0	0.9	513.3	12.2	3.3	553.7
0.0	4.1	524.0	12.2	4.8	553.7
0.0	6.6	518.2	12.2	5.6	553.7
0.0	9.7	451.8	12.2	6.2	553.7
0.0	6.9	558.7	12.3	5.5	553.7
2.2	9.6	532.5	12.3	6.5	553.7
23.3	6.5	82.4	12.3	3.8	553.7
0.2	6.8	199.7	12.4	5.0	553.7
0.1	7.2	558.1	12.4	5.2	553.7
0.0	8.5	539.1	12.4	6.4	553.7
0.0	11.4	201.3	12.5	6.0	553.7
16.5	11.3	164.2	12.5	4.2	554.1
11.1	12.8	43.1	12.5	4.9	554.1
1.6	9.5	85.5	12.5	3.8	554.1
0.9	9.4	369.8	12.6	5.6	554.1
0.3	13.7	564.8	12.6	7.6	554.1
0.0	12.6	556.4	12.6	8.5	554.1
5.2	11.7	323.5	12.7	6.0	554.1
0.9	10.0	141.2	12.7	3.8	554.1
1.8	13.0	232.1	12.7	6.9	554.1
0.0	12.2	556.0	12.8	7.3	554.1
0.0	14.0	538.4	12.8	8.0	554.1
34.9	15.5	128.1	12.8	7.8	554.1
0.5	16.5	205.5	12.8	6.8	554.1
0.1	19.0	576.7	12.9	9.7	554.1
0.0	22.7	573.0	12.9	11.6	554.1
28.6	19.6	511.5	12.9	13.7	554.1
0.0	15.1	567.4	13.0	7.4	554.1
0.7	14.8	251.1	13.0	7.6	554.1
0.8	14.7	567.1	13.0	7.9	554.1
0.0	18.3	612.2	13.0	9.9	554.1
0.0	15.1	614.4	13.1	8.1	554.1
0.0	20.2	614.2	13.1	9.7	554.1
0.9	22.0	610.0	13.1	11.5	554.1
0.0	24.6	605.1	13.2	12.5	554.1
0.4	26.5	508.9	13.2	10.7	554.1
22.0	13.7	80.9	13.2	11.3	554.1
0.0	12.0	498.0	13.2	6.6	554.1
24.6	17.1	473.9	13.3	8.4	554.1
5.7	21.4	311.2	13.3	11.2	554.1
0.8	15.7	296.9	13.3	6.8	554.1
8.3	17.5	109.3	13.3	5.4	554.5
10.8	24.1	482.9	13.4	11.1	554.5
0.4	26.4	567.3	13.4	8.7	554.5
12.3	25.0	443.6	13.4	10.8	554.5
0.9	17.7	123.1	13.4	5.8	554.5
0.3	23.1	398.4	13.5	11.4	554.5
12.9	24.1	199.9	13.5	8.4	554.5
12.6	24.3	413.5	13.5	10.3	554.5
5.1	25.4	541.2	13.5	10.0	554.5
11.3	24.8	393.7	13.6	9.1	554.5
25.4	23.9	337.1	13.6	8.9	554.5
0.7	21.0	160.2	13.6	5.7	554.5
0.7	22.1	320.1	13.6	8.2	554.5
7.9	21.8	158.8	13.6	6.5	554.5
10.4	21.8	174.4	13.7	5.8	554.5
21.7	22.5	238.5	13.7	8.1	554.5
4.3	21.6	134.2	13.7	5.4	554.5
0.1	21.3	554.4	13.7	8.3	554.5
0.4	20.1	301.1	13.7	8.7	554.5
1.5	21.3	581.7	13.8	9.9	554.5
5.4	17.0	627.0	13.8	12.4	554.5
0.1	19.2	663.8	13.8	10.6	554.5
2.5	20.9	647.8	13.8	11.2	554.5
1.0	20.6	589.5	13.8	10.4	554.5
0.0	19.9	636.7	13.9	8.9	554.5
0.0	19.5	522.2	13.9	10.0	554.5
0.0	22.0	662.4	13.9	11.2	554.5
7.0	24.3	597.5	13.9	10.5	554.5
23.1	21.5	27.8	13.9	4.2	554.5
12.5	18.0	93.2	13.9	8.0	554.5
0.8	14.7	216.2	13.9	7.1	554.5
0.0	18.2	441.3	14.0	9.9	552.9
0.0	20.7	609.4	14.0	9.7	552.9
0.2	23.3	513.0	14.0	10.4	552.9
0.0	22.8	529.6	14.0	11.0	552.9
0.0	23.7	660.0	14.0	11.8	552.9
0.0	24.5	671.6	14.0	12.2	552.9
0.0	24.9	625.3	14.0	11.2	552.9
0.0	25.6	432.7	14.0	10.4	552.9
0.0	26.5	613.8	14.0	12.3	552.9
6.7	26.0	612.8	14.0	12.2	552.9
4.9	26.1	430.7	14.1	9.9	552.9
7.6	25.6	460.7	14.1	10.4	552.9
2.3	27.7	615.1	14.1	11.7	552.9
0.2	28.6	597.3	14.1	12.1	552.9
7.4	27.2	381.5	14.1	10.8	552.9
19.0	26.2	274.0	14.1	9.8	552.9
0.6	24.0	206.8	14.1	7.7	552.9
0.0	24.4	592.5	14.1	11.0	552.9
0.1	23.9	611.4	14.1	10.4	552.9
0.0	22.9	563.3	14.1	10.3	552.9
0.0	22.6	373.9	14.1	8.2	552.9
0.0	23.3	421.8	14.1	9.9	552.9
6.7	23.4	615.0	14.1	10.8	552.9
0.0	22.8	464.7	14.1	10.3	552.9
0.0	24.4	590.6	14.1	9.5	552.9
0.1	25.2	528.3	14.1	9.7	552.9
21.6	23.0	220.2	14.1	5.9	552.9
13.0	23.5	510.5	14.1	9.3	552.9
0.2	25.0	366.9	14.1	9.3	552.9
0.0	26.2	367.5	14.1	10.0	552.9
0.9	26.3	155.9	14.1	7.7	549.9
16.0	26.3	289.9	14.0	7.7	549.9
22.0	25.7	227.2	14.0	9.8	549.9
1.8	21.9	119.6	14.0	6.7	549.9
0.6	21.8	375.9	14.0	8.7	549.9
0.3	25.3	594.4	14.0	10.7	549.9
0.0	27.3	581.5	14.0	10.9	549.9
4.7	27.4	466.3	14.0	11.4	549.9
20.5	25.7	158.9	14.0	7.5	549.9
1.9	27.9	589.0	14.0	11.1	549.9
11.6	27.5	531.3	14.0	10.9	549.9
36.3	26.7	367.5	13.9	8.8	549.9
0.2	27.1	388.4	13.9	9.4	549.9
1.7	27.6	375.6	13.9	10.3	549.9
2.8	28.0	345.0	13.9	10.7	549.9
1.6	27.8	386.2	13.9	10.2	549.9
4.4	27.8	418.8	13.9	10.1	549.9
0.2	28.7	428.3	13.9	10.1	549.9
5.3	28.6	606.9	13.8	10.5	549.9
2.2	29.3	613.0	13.8	11.8	549.9
4.6	29.1	565.6	13.8	12.0	549.9
2.5	29.5	565.7	13.8	11.6	549.9
0.0	30.3	629.8	13.8	10.8	549.9
0.1	31.0	597.9	13.7	10.7	549.9
7.8	30.0	548.1	13.7	12.4	549.9
0.3	30.1	555.8	13.7	10.4	549.9
0.2	30.7	580.5	13.7	11.0	549.9
0.2	31.6	567.7	13.7	11.8	549.9
0.0	32.1	608.5	13.6	12.0	549.9
0.0	32.4	619.1	13.6	12.7	549.9
0.0	32.4	618.5	13.6	13.2	549.9
0.0	32.5	615.2	13.6	12.9	547.8
2.1	31.8	612.4	13.6	12.8	547.8
1.3	31.3	596.9	13.5	11.9	547.8
15.4	29.0	515.0	13.5	11.4	547.8
17.9	28.2	496.2	13.5	9.8	547.8
23.1	27.7	426.7	13.5	9.5	547.8
19.4	27.2	549.0	13.4	8.8	547.8
8.0	28.0	582.1	13.4	11.0	547.8
0.7	28.5	570.4	13.4	9.5	547.8
0.1	27.9	508.9	13.4	9.0	547.8
0.0	27.3	530.1	13.3	9.5	547.8
0.0	29.2	536.8	13.3	9.6	547.8
0.0	29.4	413.7	13.3	10.1	547.8
0.1	30.2	581.4	13.3	10.8	547.8
6.1	29.7	574.6	13.2	12.3	547.8
8.7	28.9	548.0	13.2	11.5	547.8
10.5	28.4	518.6	13.2	10.5	547.8
11.3	28.1	469.0	13.2	9.6	547.8
12.6	28.1	507.3	13.1	9.6	547.8
9.0	28.5	529.7	13.1	10.2	547.8
15.9	27.9	477.5	13.1	9.1	547.8
13.9	26.9	429.0	13.0	8.9	547.8
18.5	26.7	481.9	13.0	8.4	547.8
12.0	27.1	498.8	13.0	8.9	547.8
11.5	26.9	507.1	13.0	8.6	547.8
16.8	26.8	447.3	12.9	8.6	547.8
8.6	27.0	411.2	12.9	8.4	547.8
5.3	27.5	471.2	12.9	9.2	547.8
0.0	28.6	518.5	12.9	10.1	547.8
0.0	29.1	552.9	12.8	10.1	547.8
0.1	29.3	535.0	12.8	10.4	547.8
0.0	28.8	537.9	12.8	9.8	548.2
0.6	28.5	420.2	12.7	9.3	548.2
0.3	28.4	434.3	12.7	9.5	548.2
0.3	29.2	513.8	12.7	9.7	548.2
0.4	25.9	166.6	12.6	9.3	548.2
0.0	23.6	561.2	12.6	9.2	548.2
0.0	24.1	508.4	12.6	10.4	548.2
0.0	25.8	538.5	12.6	10.2	548.2
0.0	26.3	531.3	12.5	10.4	548.2
0.0	26.2	517.3	12.5	9.4	548.2
0.0	26.8	392.9	12.5	8.9	548.2
0.0	27.3	471.7	12.4	10.5	548.2
0.1	26.7	502.3	12.4	9.5	548.2
6.1	25.9	194.1	12.4	8.1	548.2
21.1	23.6	23.5	12.4	2.6	548.2
3.8	23.5	32.3	12.3	3.0	548.2
3.1	23.6	41.6	12.3	2.9	548.2
0.9	24.2	51.7	12.3	3.7	548.2
6.1	24.8	158.4	12.2	5.3	548.2
6.7	24.6	235.4	12.2	6.8	548.2
12.5	25.3	382.3	12.2	7.7	548.2
0.2	26.0	405.8	12.1	8.0	548.2
0.0	25.9	477.7	12.1	8.4	548.2
0.0	23.2	454.5	12.1	8.6	548.2
0.0	21.6	503.0	12.1	8.4	548.2
0.0	22.0	487.4	12.0	8.1	548.2
0.0	21.7	489.9	12.0	7.9	548.2
0.0	21.7	484.1	12.0	8.4	548.2
0.0	20.8	483.3	11.9	8.1	548.2
0.0	20.6	426.5	11.9	8.5	548.2
0.0	21.0	483.9	11.9	8.1	548.8
0.0	22.4	456.9	11.8	8.4	548.8
0.0	22.9	402.5	11.8	8.1	548.8
0.0	22.1	465.4	11.8	8.6	548.8
0.0	21.0	461.5	11.7	8.7	548.8
0.0	21.2	467.7	11.7	8.9	548.8
0.0	21.8	439.3	11.7	8.1	548.8
0.0	23.5	445.7	11.7	8.4	548.8
0.3	24.6	407.7	11.6	8.1	548.8
16.8	18.1	44.8	11.6	4.3	548.8
0.4	17.1	114.2	11.6	5.0	548.8
0.0	18.0	438.7	11.5	6.5	548.8
0.0	18.9	437.0	11.5	7.2	548.8
0.0	19.2	435.4	11.5	7.1	548.8
0.0	18.8	432.7	11.5	7.5	548.8
0.0	17.8	440.2	11.4	6.8	548.8
0.0	18.7	428.2	11.4	7.4	548.8
0.0	18.7	426.5	11.4	7.3	548.8
0.0	20.1	425.6	11.3	7.9	548.8
0.0	16.9	421.8	11.3	6.4	548.8
0.0	18.2	411.1	11.3	6.7	548.8
0.0	19.0	304.6	11.2	6.6	548.8
0.0	21.3	397.5	11.2	7.3	548.8
0.0	22.8	392.7	11.2	7.5	548.8
0.0	23.8	374.2	11.2	7.2	548.8
0.0	18.3	391.1	11.1	6.3	548.8
0.0	15.4	403.8	11.1	6.1	548.8
0.0	15.4	398.9	11.1	6.0	548.8
0.0	17.2	380.4	11.1	6.4	548.8
0.0	18.5	219.8	11.0	5.6	548.8
0.0	17.7	176.7	11.0	5.0	548.8
0.0	18.4	326.0	11.0	6.6	550.2
0.0	17.3	378.6	10.9	6.4	550.2
0.0	20.1	354.8	10.9	6.6	550.2
10.8	17.1	96.3	10.9	4.3	550.2
0.2	17.3	256.5	10.9	4.8	550.2
0.0	19.9	218.2	10.8	5.3	550.2
7.5	20.9	157.1	10.8	4.5	550.2
0.7	15.6	88.7	10.8	3.8	550.2
0.0	14.9	115.7	10.8	3.2	550.2
0.2	16.4	276.5	10.7	4.6	550.2
0.0	19.0	337.8	10.7	5.3	550.2
0.0	20.3	336.7	10.7	5.4	550.2
3.9	19.9	244.9	10.7	6.4	550.2
0.1	14.1	48.4	10.7	2.9	550.2
0.0	16.5	322.7	10.6	4.9	550.2
0.0	19.4	319.6	10.6	5.7	550.2
0.9	17.3	97.0	10.6	4.5	550.2
0.1	13.6	118.5	10.6	3.6	550.2
4.0	14.1	198.1	10.5	3.8	550.2
0.2	11.8	226.1	10.5	4.0	550.2
2.2	14.9	322.6	10.5	4.5	550.2
20.9	8.0	28.1	10.5	4.1	550.2
0.0	3.8	333.5	10.5	2.7	550.2
0.0	5.9	333.2	10.4	3.3	550.2
0.0	5.1	313.4	10.4	3.4	550.2
0.0	6.0	325.2	10.4	3.7	550.2
0.0	7.5	319.9	10.4	4.2	550.2
0.0	9.3	318.2	10.4	4.5	550.2
0.0	9.8	316.3	10.4	4.7	550.2
1.3	11.1	308.7	10.3	4.2	550.2
0.1	8.1	181.1	10.3	3.0	552.3
0.0	8.3	226.9	10.3	3.7	552.3
0.0	9.6	310.5	10.3	4.6	552.3
0.0	10.3	314.6	10.3	4.6	552.3
0.0	5.8	310.1	10.3	3.3	552.3
0.0	6.8	308.9	10.3	3.8	552.3
0.0	10.3	307.5	10.3	4.6	552.3
0.0	13.9	293.7	10.2	5.1	552.3
0.0	11.5	268.2	10.2	5.3	552.3
0.0	6.9	312.0	10.2	3.6	552.3
0.0	11.5	304.7	10.2	5.2	552.3
0.0	14.7	294.3	10.2	5.7	552.3
0.0	10.1	292.9	10.2	4.2	552.3
5.2	6.9	287.4	10.2	4.0	552.3
0.0	-1.8	109.0	10.2	2.0	552.3
0.0	-2.5	307.8	10.2	1.8	552.3
0.0	-1.1	302.7	10.2	2.1	552.3
0.0	-0.8	305.6	10.2	2.3	552.3
0.0	-0.7	307.6	10.2	2.5	552.3
0.0	1.0	315.2	10.2	3.1	552.3
0.0	5.3	298.7	10.2	4.1	552.3
0.1	10.6	247.3	10.2	4.8	552.3
3.6	7.4	46.8	10.2	1.7	552.3
10.6	7.2	17.9	10.2	1.4	552.3
1.0	5.1	70.3	10.2	3.0	552.3
0.0	-3.6	301.1	10.2	1.4	552.3
0.1	-1.0	230.7	10.2	1.9	552.3
1.7	1.6	33.6	10.2	1.6	552.3
10.5	-0.5	41.3	10.2	1.5	552.3
0.0	0.3	277.8	10.2	1.9	552.3
4.0	2.2	90.2	10.2	1.7	552.3
19.2	4.4	25.3	10.2	1.2	554.9
20.7	4.1	21.0	10.2	1.0	554.9
2.8	3.6	46.8	10.2	1.0	554.9
0.2	4.3	96.7	10.3	1.6	554.9
15.0	6.7	93.3	10.3	2.1	554.9
0.2	5.5	38.8	10.3	2.3	554.9
0.5	6.1	252.9	10.3	2.7	554.9
0.2	5.0	224.2	10.3	2.8	554.9
1.9	5.9	177.3	10.3	3.0	554.9
0.6	-1.8	71.4	10.3	2.0	554.9
0.0	-4.2	241.4	10.3	1.3	554.9
0.1	-5.9	285.7	10.4	1.2	554.9
0.0	-4.5	319.3	10.4	1.7	554.9
0.0	-3.4	190.1	10.4	1.9	554.9
0.0	-0.9	326.7	10.4	2.4	554.9
0.0	-1.8	334.9	10.4	2.5	554.9
1.8	2.6	236.8	10.4	2.8	554.9
3.0	3.0	52.4	10.5	1.6	554.9
12.7	6.0	112.0	10.5	2.6	554.9
7.6	2.5	37.3	10.5	2.4	554.9
1.0	1.2	104.2	10.5	1.8	554.9
0.2	0.5	101.1	10.5	1.7	554.9
20.4	3.7	60.6	10.5	2.0	554.9
10.1	3.7	82.6	10.6	2.4	554.9
14.1	0.5	43.7	10.6	1.4	554.9
0.2	0.2	211.3	10.6	2.3	554.9
0.0	-1.1	358.0	10.6	2.4	554.9
0.0	-0.8	334.5	10.7	2.2	554.9
7.6	-0.5	80.0	10.7	1.5	554.9
28.4	-0.2	64.6	10.7	0.9	554.9
1.1	0.4	162.1	10.7	1.6	554.9
13.0	1.7	41.0	10.8	1.5	556.1
0.0	3.1	207.4	10.8	2.6	556.1
7.1	5.7	316.5	10.8	3.2	556.1
18.7	6.4	39.7	10.8	2.1	556.1
10.3	7.0	21.0	10.9	1.9	556.1
3.7	2.6	35.6	10.9	2.7	556.1
0.2	-1.2	133.4	10.9	2.4	556.1
0.0	2.9	385.8	10.9	3.4	556.1
0.1	4.4	262.5	11.0	4.0	556.1
0.1	6.3	328.7	11.0	4.2	556.1
2.8	7.4	94.8	11.0	2.5	556.1
5.2	4.3	61.9	11.0	3.4	556.1
0.0	-0.7	420.6	11.1	2.4	556.1
0.0	1.0	411.7	11.1	3.8	556.1
0.0	1.5	388.3	11.1	3.5	556.1
0.0	5.8	398.3	11.2	4.8	556.1
0.0	5.6	159.6	11.2	4.1	556.1
0.0	9.9	401.5	11.2	5.7	556.1
0.0	6.2	429.7	11.2	4.7	556.1
0.0	4.2	444.5	11.3	4.1	556.1
0.0	8.1	445.9	11.3	5.9	556.1
0.0	11.8	451.1	11.3	6.9	556.1
0.0	9.1	434.1	11.4	5.2	556.1
0.0	13.5	386.9	11.4	7.4	556.1
0.0	16.1	436.0	11.4	8.5	556.1
0.2	18.0	406.9	11.4	9.1	556.1
5.9	6.3	56.4	11.5	3.1	556.1
6.1	9.4	49.1	11.5	3.9	556.1
20.2	7.4	42.8	11.5	3.2	556.4
34.9	6.7	33.7	11.6	1.8	556.4
18.5	6.3	33.7	11.6	2.0	556.4
6.6	7.6	142.1	11.6	3.2	556.4
27.7	6.9	69.7	11.7	2.4	556.4
29.0	7.8	28.2	11.7	2.3	556.4
4.7	7.4	41.8	11.7	1.9	556.4
0.4	9.5	189.5	11.7	4.1	556.4
19.5	10.4	82.7	11.8	3.2	556.4
5.1	11.7	49.7	11.8	4.9	556.4
0.1	13.2	270.0	11.8	5.3	556.4
0.0	18.1	309.9	11.9	7.2	556.4
2.4	19.1	447.4	11.9	10.5	556.4
0.4	7.4	139.2	11.9	3.6	556.4
1.3	6.9	80.9	12.0	2.8	556.4
0.1	10.8	196.9	12.0	4.7	556.4
0.0	18.3	331.5	12.0	8.0	556.4
4.6	20.7	275.6	12.1	9.1	556.4
28.6	11.2	82.2	12.1	3.6	556.4
0.2	13.3	239.2	12.1	5.4	556.4
0.5	15.9	123.8	12.1	5.7	556.4
0.4	18.9	122.0	12.2	7.1	556.4
4.7	13.9	46.4	12.2	6.2	556.4
3.0	10.6	36.3	12.2	1.8	556.4
2.7	15.9	254.2	12.3	7.3	556.4
3.8	12.6	42.8	12.3	5.6	556.4
24.1	10.1	47.2	12.3	1.5	556.4
23.5	10.7	49.3	12.4	2.5	556.4
26.7	9.8	55.1	12.4	3.7	556.4
12.3	8.6	184.1	12.4	3.4	556.4
25.4	15.9	132.4	12.4	7.1	556.4
10.9	17.9	127.9	12.5	7.0	556.7
29.8	13.4	45.5	12.5	5.8	556.7
0.6	9.3	107.7	12.5	4.3	556.7
7.2	11.4	511.3	12.6	6.0	556.7
19.3	14.8	94.1	12.6	6.9	556.7
0.2	20.8	389.3	12.6	8.8	556.7
10.3	22.4	479.7	12.7	8.9	556.7
0.6	14.6	321.7	12.7	8.2	556.7
0.0	12.3	573.2	12.7	6.9	556.7
0.0	16.3	514.4	12.7	9.1	556.7
0.3	17.7	195.0	12.8	6.2	556.7
0.0	21.1	569.6	12.8	9.7	556.7
0.1	21.8	565.9	12.8	11.0	556.7
11.3	16.6	385.3	12.9	12.2	556.7
0.1	13.1	493.3	12.9	7.5	556.7
25.6	17.2	559.1	12.9	8.5	556.7
0.4	12.5	152.0	13.0	6.4	556.7
0.1	17.0	347.9	13.0	8.1	556.7
0.5	19.6	269.1	13.0	8.1	556.7
0.5	21.9	301.0	13.0	10.4	556.7
13.1	13.9	98.9	13.1	7.8	556.7
3.7	8.6	68.0	13.1	2.5	556.7
0.9	13.1	391.5	13.1	7.0	556.7
4.8	15.3	89.4	13.1	4.9	556.7
0.5	19.1	265.9	13.2	8.3	556.7
0.0	22.2	227.4	13.2	9.0	556.7
0.0	23.9	230.0	13.2	8.1	556.7
18.3	23.4	354.4	13.3	10.7	556.7
3.5	15.2	112.2	13.3	8.3	556.7
2.1	12.6	114.5	13.3	4.1	556.7
27.3	11.7	52.5	13.3	2.3	557.2
1.7	12.3	35.6	13.4	2.5	557.2
0.2	13.6	97.1	13.4	4.8	557.2
0.2	16.1	444.4	13.4	9.3	557.2
0.0	18.2	580.6	13.4	10.0	557.2
0.4	19.2	316.7	13.5	8.5	557.2
2.0	21.6	142.4	13.5	7.2	557.2
12.1	23.6	376.7	13.5	8.9	557.2
28.6	23.2	333.4	13.5	8.8	557.2
26.0	22.5	286.0	13.6	8.1	557.2
1.4	22.1	178.8	13.6	6.5	557.2
0.6	22.2	129.5	13.6	4.0	557.2
2.6	24.9	418.0	13.6	9.8	557.2
2.2	24.6	211.2	13.6	6.0	557.2
12.9	25.9	392.5	13.7	7.4	557.2
34.7	25.2	376.7	13.7	9.0	557.2
2.6	23.9	102.4	13.7	6.6	557.2
13.2	23.5	196.7	13.7	6.4	557.2
2.0	22.7	226.0	13.7	7.7	557.2
35.8	21.2	91.2	13.8	6.6	557.2
5.0	17.9	59.0	13.8	5.1	557.2
0.5	17.5	175.9	13.8	7.2	557.2
0.0	19.1	620.4	13.8	8.8	557.2
5.0	21.0	390.9	13.8	8.6	557.2
0.2	22.0	608.3	13.9	10.4	557.2
0.0	23.6	556.5	13.9	10.9	557.2
0.4	24.6	469.2	13.9	11.2	557.2
0.0	25.4	621.0	13.9	11.2	557.2
9.7	25.6	597.8	13.9	10.3	557.2
14.1	23.8	93.5	13.9	5.7	557.2
27.9	24.6	279.1	13.9	8.6	557.2
0.9	22.0	233.1	14.0	7.4	555.6
6.7	23.3	426.4	14.0	8.1	555.6
33.5	21.0	233.5	14.0	8.2	555.6
40.8	16.0	36.2	14.0	5.2	555.6
5.5	15.7	35.9	14.0	2.7	555.6
0.5	17.7	461.6	14.0	9.6	555.6
0.0	19.7	645.7	14.0	10.2	555.6
0.0	20.5	649.3	14.0	9.4	555.6
0.1	23.2	603.6	14.0	10.2	555.6
0.2	23.5	475.2	14.0	9.7	555.6
38.4	24.1	511.3	14.1	10.1	555.6
43.2	22.8	48.2	14.1	6.2	555.6
0.8	21.8	218.0	14.1	9.0	555.6
2.0	19.3	385.0	14.1	7.2	555.6
0.0	21.9	671.1	14.1	10.3	555.6
0.1	23.6	641.9	14.1	10.7	555.6
0.0	25.8	567.9	14.1	10.4	555.6
11.9	23.1	48.9	14.1	6.3	555.6
19.8	23.7	173.8	14.1	8.0	555.6
0.1	23.4	462.2	14.1	9.7	555.6
0.0	24.0	449.2	14.1	10.3	555.6
0.3	25.9	535.5	14.1	10.5	555.6
1.6	24.7	203.8	14.1	8.3	555.6
0.1	25.0	372.7	14.1	10.2	555.6
0.1	25.8	643.8	14.1	11.5	555.6
1.6	25.8	655.3	14.1	11.7	555.6
0.3	26.9	588.2	14.1	10.6	555.6
5.0	26.3	539.6	14.1	10.5	555.6
0.0	24.7	451.5	14.1	10.7	555.6
0.0	24.1	483.9	14.1	8.9	555.6
8.0	22.9	165.1	14.1	5.9	552.5
1.7	21.9	34.2	14.0	4.2	552.5
10.9	24.5	289.3	14.0	8.3	552.5
0.9	26.3	452.6	14.0	9.4	552.5
0.1	28.1	623.9	14.0	10.1	552.5
36.0	27.2	578.2	14.0	9.3	552.5
41.3	25.2	185.5	14.0	6.3	552.5
3.1	25.8	366.3	14.0	9.4	552.5
2.6	25.1	331.4	14.0	8.9	552.5
19.2	24.3	272.3	14.0	7.3	552.5
5.1	24.8	183.4	14.0	7.5	552.5
7.9	26.4	429.7	13.9	10.4	552.5
0.1	27.6	518.6	13.9	11.0	552.5
3.8	28.1	630.5	13.9	11.4	552.5
0.1	28.8	618.3	13.9	11.7	552.5
0.1	29.2	618.0	13.9	10.9	552.5
27.2	27.4	448.6	13.9	10.2	552.5
12.4	27.5	542.2	13.9	10.5	552.5
11.8	27.8	543.0	13.8	10.0	552.5
8.5	27.8	506.4	13.8	10.9	552.5
8.0	27.9	500.2	13.8	10.9	552.5
3.9	28.1	603.7	13.8	11.2	552.5
0.1	27.9	632.4	13.8	11.1	552.5
19.4	26.3	475.3	13.7	9.3	552.5
8.5	27.1	566.1	13.7	9.5	552.5
20.4	26.7	506.5	13.7	9.1	552.5
0.2	26.9	531.8	13.7	10.6	552.5
0.0	27.8	588.7	13.7	10.5	552.5
6.9	28.0	454.6	13.6	11.1	552.5
19.5	25.3	218.2	13.6	9.1	552.5
1.3	23.8	224.4	13.6	8.4	552.5
1.5	23.8	205.7	13.6	6.3	550.4
6.0	24.9	254.4	13.6	6.7	550.4
22.8	25.7	166.0	13.5	6.3	550.4
7.9	26.5	237.9	13.5	7.2	550.4
18.3	27.1	475.6	13.5	8.2	550.4
4.1	27.1	457.7	13.5	10.1	550.4
0.1	26.4	590.2	13.4	10.7	550.4
0.0	27.2	615.2	13.4	10.9	550.4
0.0	28.7	563.5	13.4	10.8	550.4
20.3	28.0	406.6	13.4	10.7	550.4
19.6	26.1	383.4	13.3	8.6	550.4
5.6	26.5	553.8	13.3	9.0	550.4
19.4	26.4	396.6	13.3	8.7	550.4
12.4	27.0	521.3	13.3	9.6	550.4
10.8	27.4	498.1	13.2	8.7	550.4
6.8	28.0	475.6	13.2	9.4	550.4
18.9	27.6	412.7	13.2	9.5	550.4
14.8	27.2	424.2	13.2	9.9	550.4
10.5	27.3	470.8	13.1	10.2	550.4
16.3	26.4	287.2	13.1	7.8	550.4
16.0	25.7	280.4	13.1	8.1	550.4
7.8	25.9	392.1	13.1	9.5	550.4
1.8	26.2	559.9	13.0	10.1	550.4
0.6	27.0	566.4	13.0	9.7	550.4
4.9	27.2	493.8	13.0	10.6	550.4
13.2	26.3	420.8	12.9	9.0	550.4
14.3	26.4	478.5	12.9	8.9	550.4
2.6	26.8	510.3	12.9	9.3	550.4
5.6	26.6	494.7	12.9	9.7	550.4
0.1	26.9	489.5	12.8	9.8	550.4
0.0	26.2	528.9	12.8	9.3	550.4
0.0	21.6	575.9	12.8	9.3	550.9
0.0	20.6	582.1	12.7	9.2	550.9
0.0	22.1	575.9	12.7	9.6	550.9
0.0	23.1	567.1	12.7	9.9	550.9
0.1	25.7	533.0	12.7	10.0	550.9
0.2	24.8	88.1	12.6	5.9	550.9
0.2	25.7	301.4	12.6	9.0	550.9
0.0	27.0	530.1	12.6	10.1	550.9
0.3	28.1	458.4	12.5	9.5	550.9
0.1	28.4	246.4	12.5	9.8	550.9
0.0	28.4	523.2	12.5	10.2	550.9
0.2	29.0	427.7	12.4	9.3	550.9
0.0	25.7	241.8	12.4	8.2	550.9
0.0	23.0	427.7	12.4	9.6	550.9
0.0	22.4	361.4	12.4	9.2	550.9
0.0	23.9	454.2	12.3	8.5	550.9
0.0	21.9	111.7	12.3	6.4	550.9
0.0	22.8	382.7	12.3	8.7	550.9
0.0	24.8	503.0	12.2	9.4	550.9
0.0	25.5	497.8	12.2	8.4	550.9
0.0	24.5	491.7	12.2	9.6	550.9
0.0	25.0	496.2	12.1	9.4	550.9
0.1	25.4	399.8	12.1	8.3	550.9
0.1	23.8	352.7	12.1	8.8	550.9
0.0	22.3	469.6	12.1	8.9	550.9
0.0	21.7	496.5	12.0	8.4	550.9
0.0	24.4	365.1	12.0	8.8	550.9
0.3	25.3	249.2	12.0	6.9	550.9
0.6	25.8	158.4	11.9	6.7	550.9
11.0	25.6	358.1	11.9	9.0	550.9
1.1	21.8	59.3	11.9	6.4	551.4
0.0	20.6	476.4	11.8	8.0	551.4
0.0	19.8	468.5	11.8	8.1	551.4
0.0	18.3	477.3	11.8	8.1	551.4
0.0	19.3	479.4	11.8	8.3	551.4
0.0	21.2	477.7	11.7	8.9	551.4
0.0	21.7	469.3	11.7	9.1	551.4
0.0	21.5	451.7	11.7	8.9	551.4
0.0	17.5	468.8	11.6	7.5	551.4
0.0	14.9	476.6	11.6	7.5	551.4
0.0	16.7	464.7	11.6	7.7	551.4
0.0	19.7	438.2	11.5	8.3	551.4
0.0	14.9	446.8	11.5	6.3	551.4
0.0	14.9	442.0	11.5	7.4	551.4
0.0	16.5	454.7	11.5	8.3	551.4
0.0	17.0	449.2	11.4	8.1	551.4
0.0	18.4	436.6	11.4	7.7	551.4
0.0	18.1	431.7	11.4	7.6	551.4
0.0	18.9	428.0	11.3	8.0	551.4
0.0	17.5	422.1	11.3	7.0	551.4
0.0	18.8	414.0	11.3	6.8	551.4
0.0	18.8	406.7	11.3	6.9	551.4
0.0	18.6	406.9	11.2	7.2	551.4
0.0	17.4	411.0	11.2	6.5	551.4
0.0	16.2	396.8	11.2	6.7	551.4
0.0	16.6	368.1	11.1	6.1	551.4
0.0	18.6	380.6	11.1	6.7	551.4
0.0	20.2	383.5	11.1	7.2	551.4
0.0	21.8	379.7	11.1	7.1	551.4
0.0	22.2	373.9	11.0	6.9	551.4
0.0	21.9	311.7	11.0	6.6	551.4
0.0	15.1	348.8	11.0	5.8	552.8
0.0	14.0	380.0	11.0	5.2	552.8
0.0	15.6	305.3	10.9	5.9	552.8
0.0	18.1	363.1	10.9	6.6	552.8
0.0	19.7	351.3	10.9	6.9	552.8
0.0	20.1	201.4	10.8	5.9	552.8
0.4	22.3	306.0	10.8	6.8	552.8
1.7	22.5	311.7	10.8	6.1	552.8
3.9	14.6	53.0	10.8	6.1	552.8
0.0	9.3	368.4	10.8	4.4	552.8
0.0	10.3	357.2	10.7	4.5	552.8
0.0	15.4	351.4	10.7	5.9	552.8
0.6	17.8	272.1	10.7	5.6	552.8
0.3	12.6	121.1	10.7	3.2	552.8
0.0	10.7	266.7	10.6	4.6	552.8
0.0	12.4	347.2	10.6	4.8	552.8
0.0	6.5	355.5	10.6	3.2	552.8
0.0	4.4	355.8	10.6	3.4	552.8
0.0	4.9	355.0	10.5	3.8	552.8
0.0	8.7	347.7	10.5	5.2	552.8
0.0	11.2	338.6	10.5	5.6	552.8
0.0	12.6	279.5	10.5	5.3	552.8
0.0	9.7	335.3	10.5	4.5	552.8
0.0	9.5	327.8	10.5	3.9	552.8
0.0	10.3	157.4	10.4	3.2	552.8
0.0	10.1	324.4	10.4	4.5	552.8
0.0	7.0	334.2	10.4	3.5	552.8
0.0	12.9	323.2	10.4	5.4	552.8
1.7	14.5	265.4	10.4	5.0	552.8
0.0	8.1	222.9	10.4	4.1	552.8
0.0	2.7	329.4	10.3	2.4	554.9
0.0	9.0	318.6	10.3	4.2	554.9
0.0	9.6	314.2	10.3	4.5	554.9
0.0	11.0	309.6	10.3	5.1	554.9
0.0	11.8	307.3	10.3	5.2	554.9
0.4	14.5	178.6	10.3	4.4	554.9
0.1	15.0	202.5	10.3	4.5	554.9
0.0	14.5	294.6	10.3	4.7	554.9
0.0	15.7	274.1	10.2	4.8	554.9
0.1	17.8	281.7	10.2	5.4	554.9
4.1	8.6	50.5	10.2	3.8	554.9
0.3	0.9	98.8	10.2	2.4	554.9
0.0	-3.7	293.3	10.2	1.6	554.9
1.9	-2.8	160.1	10.2	1.4	554.9
0.3	-0.7	197.3	10.2	1.9	554.9
0.6	-1.1	60.4	10.2	0.7	554.9
0.0	0.8	110.8	10.2	1.5	554.9
0.0	3.7	160.4	10.2	2.1	554.9
0.0	4.5	106.0	10.2	2.4	554.9
0.0	2.3	300.6	10.2	3.0	554.9
0.0	3.7	301.9	10.2	3.5	554.9
0.0	5.2	298.6	10.2	3.7	554.9
5.6	9.0	206.9	10.2	3.8	554.9
0.4	7.7	100.0	10.2	3.7	554.9
0.0	5.4	308.9	10.2	3.4	554.9
0.5	7.5	160.0	10.2	3.2	554.9
0.8	5.6	32.3	10.2	2.9	554.9
0.0	5.2	299.7	10.2	3.4	554.9
0.1	8.1	297.6	10.2	4.4	554.9
0.0	10.8	283.2	10.2	5.0	554.9
9.4	5.1	48.9	10.2	2.7	554.9
0.7	1.2	86.1	10.2	2.0	557.5
0.0	2.0	276.7	10.2	2.8	557.5
0.0	4.0	310.4	10.2	3.5	557.5
0.0	5.5	306.3	10.2	4.0	557.5
0.0	7.0	314.1	10.3	4.3	557.5
0.2	10.1	231.2	10.3	4.4	557.5
0.6	11.3	231.3	10.3	3.9	557.5
3.2	7.8	24.2	10.3	2.5	557.5
0.4	1.1	65.4	10.3	2.7	557.5
0.0	-1.9	247.5	10.3	1.8	557.5
0.0	-1.5	329.3	10.3	2.4	557.5
0.0	4.2	258.2	10.3	3.1	557.5
0.0	5.4	172.5	10.4	3.9	557.5
0.0	9.2	315.7	10.4	5.0	557.5
1.4	13.0	301.8	10.4	5.6	557.5
1.4	5.9	31.8	10.4	3.3	557.5
0.0	2.1	186.2	10.4	2.6	557.5
0.1	2.6	311.1	10.4	2.9	557.5
15.9	4.2	81.5	10.5	2.4	557.5
22.8	3.9	20.6	10.5	1.2	557.5
24.5	4.8	31.1	10.5	2.2	557.5
4.8	0.7	51.0	10.5	1.5	557.5
0.1	1.4	193.8	10.5	1.8	557.5
1.4	2.4	159.8	10.6	2.2	557.5
23.0	5.0	23.5	10.6	2.1	557.5
3.5	7.0	54.0	10.6	2.5	557.5
28.4	5.6	31.9	10.6	1.2	557.5
2.5	4.3	30.7	10.7	2.4	557.5
23.1	0.9	37.2	10.7	0.9	557.5
3.0	3.3	58.5	10.7	2.0	557.5
16.3	5.2	35.5	10.7	1.9	557.5
0.9	4.4	141.1	10.7	2.5	558.8
2.6	6.1	127.4	10.8	3.2	558.8
0.6	4.7	131.2	10.8	2.0	558.8
0.0	7.3	287.8	10.8	3.5	558.8
0.6	15.2	347.7	10.8	5.4	558.8
5.4	4.3	31.9	10.9	5.5	558.8
1.2	-0.7	194.6	10.9	2.5	558.8
0.0	-5.3	270.4	10.9	1.7	558.8
0.2	-2.8	360.4	11.0	2.3	558.8
0.0	0.9	355.1	11.0	3.4	558.8
0.1	9.2	382.4	11.0	5.3	558.8
11.7	11.4	79.3	11.0	5.2	558.8
7.3	2.5	30.5	11.1	2.3	558.8
10.9	1.8	30.1	11.1	1.3	558.8
9.1	5.1	38.6	11.1	2.7	558.8
3.9	6.0	57.0	11.1	2.3	558.8
2.7	5.6	129.8	11.2	2.6	558.8
0.8	6.0	32.3	11.2	2.8	558.8
3.2	13.1	219.1	11.2	6.2	558.8
2.4	5.8	34.7	11.3	3.7	558.8
0.2	6.0	111.2	11.3	2.8	558.8
16.8	8.6	117.3	11.3	3.6	558.8
18.0	6.4	38.1	11.3	2.2	558.8
1.4	7.3	177.2	11.4	3.5	558.8
4.7	4.2	48.1	11.4	2.2	558.8
1.9	2.5	86.7	11.4	2.3	558.8
0.2	6.4	451.6	11.5	4.6	558.8
0.0	3.1	466.5	11.5	4.0	558.8
0.0	6.8	462.7	11.5	5.3	559.0
0.0	9.0	457.0	11.6	5.8	559.0
0.0	9.5	456.6	11.6	5.9	559.0
0.2	9.9	417.1	11.6	6.9	559.0
0.0	8.4	481.8	11.6	5.2	559.0
0.7	15.2	330.8	11.7	7.8	559.0
4.9	14.7	257.7	11.7	6.6	559.0
0.0	12.8	461.5	11.7	7.1	559.0
0.0	14.4	478.9	11.8	7.2	559.0
0.0	19.4	485.3	11.8	9.1	559.0
2.4	21.4	462.8	11.8	9.2	559.0
0.6	9.3	96.4	11.9	7.0	559.0
0.0	11.4	516.0	11.9	7.3	559.0
0.0	15.0	513.6	11.9	8.9	559.0
0.0	17.7	503.0	12.0	9.3	559.0
0.0	19.0	487.3	12.0	9.1	559.0
1.5	11.7	203.6	12.0	9.2	559.0
2.2	8.5	495.3	12.0	6.1	559.0
16.9	3.2	47.3	12.1	1.8	559.0
1.6	5.4	157.0	12.1	3.0	559.0
0.1	6.0	340.3	12.1	5.1	559.0
0.0	9.1	437.5	12.2	5.9	559.0
12.1	10.6	83.0	12.2	3.8	559.0
2.6	10.6	32.3	12.2	2.7	559.0
1.3	10.6	157.8	12.3	5.1	559.0
0.8	12.5	395.6	12.3	6.8	559.0
0.0	15.5	514.1	12.3	7.9	559.0
0.0	11.2	545.0	12.3	6.3	559.0
0.0	12.5	567.6	12.4	7.3	559.0
0.0	16.0	566.1	12.4	9.6	559.0
0.0	20.0	563.5	12.4	11.1	559.0
0.0	22.9	540.0	12.5	11.5	559.4
1.3	24.7	520.3	12.5	11.3	559.4
25.2	20.6	142.3	12.5	7.2	559.4
0.1	17.5	104.2	12.6	4.6	559.4
0.0	15.9	522.5	12.6	7.3	559.4
0.0	10.4	261.3	12.6	7.4	559.4
0.0	13.7	595.8	12.7	7.8	559.4
0.1	18.8	549.5	12.7	9.4	559.4
47.0	20.4	135.1	12.7	7.1	559.4
28.6	12.6	100.3	12.7	9.9	559.4
0.0	12.4	560.5	12.8	7.3	559.4
0.0	9.5	606.1	12.8	6.9	559.4
0.0	14.5	602.6	12.8	8.2	559.4
0.0	16.5	582.4	12.9	8.9	559.4
0.0	17.9	526.3	12.9	9.9	559.4
0.0	22.0	591.6	12.9	9.8	559.4
38.0	21.8	404.9	12.9	11.9	559.4
8.3	13.4	82.8	13.0	4.5	559.4
29.6	13.0	67.7	13.0	4.0	559.4
0.0	12.9	401.2	13.0	9.0	559.4
6.4	10.9	440.5	13.1	5.8	559.4
0.3	10.2	260.0	13.1	6.1	559.4
0.0	14.5	508.8	13.1	8.3	559.4
0.0	16.3	603.8	13.1	8.9	559.4
0.0	18.6	528.6	13.2	9.3	559.4
0.4	21.1	581.5	13.2	10.1	559.4
0.5	23.1	237.4	13.2	8.9	559.4
0.2	27.1	507.4	13.2	9.5	559.4
29.2	23.4	221.8	13.3	9.7	559.4
9.3	15.3	99.0	13.3	8.1	559.4
26.6	15.6	258.5	13.3	7.6	559.8
10.6	12.7	83.0	13.4	5.6	559.8
5.3	15.7	581.9	13.4	7.6	559.8
55.5	13.8	106.0	13.4	7.3	559.8
7.1	20.8	137.4	13.4	7.5	559.8
18.5	24.9	482.2	13.5	10.5	559.8
0.0	26.7	597.9	13.5	9.3	559.8
1.6	27.4	571.3	13.5	12.0	559.8
0.4	19.8	517.5	13.5	8.3	559.8
11.1	21.9	183.5	13.5	9.0	559.8
34.3	25.9	586.3	13.6	9.5	559.8
37.2	23.3	379.6	13.6	11.9	559.8
6.6	14.8	66.3	13.6	5.8	559.8
2.0	16.3	254.3	13.6	7.1	559.8
22.4	20.3	91.0	13.7	8.0	559.8
12.7	16.9	93.4	13.7	4.8	559.8
43.9	19.3	88.4	13.7	5.7	559.8
27.3	22.2	87.3	13.7	6.8	559.8
10.1	22.4	65.6	13.7	5.7	559.8
20.8	23.3	100.4	13.8	7.9	559.8
16.9	21.6	166.7	13.8	6.6	559.8
5.1	20.8	53.6	13.8	5.0	559.8
0.8	19.5	172.0	13.8	7.3	559.8
0.4	22.2	568.7	13.8	8.6	559.8
25.9	19.5	79.3	13.8	4.7	559.8
0.9	18.4	216.0	13.9	7.0	559.8
0.0	21.0	506.6	13.9	8.8	559.8
0.4	22.8	438.7	13.9	8.7	559.8
4.9	23.0	400.6	13.9	10.2	559.8
2.5	24.9	615.4	13.9	11.3	559.8
0.1	24.5	497.9	13.9	10.3	559.8
0.0	25.6	628.7	13.9	11.5	558.2
5.5	25.5	545.6	14.0	11.0	558.2
6.3	24.9	436.0	14.0	8.1	558.2
3.5	24.2	252.5	14.0	8.8	558.2
1.1	20.7	97.0	14.0	6.0	558.2
0.2	23.7	560.0	14.0	9.2	558.2
1.8	25.2	417.0	14.0	10.0	558.2
10.8	26.1	479.6	14.0	10.8	558.2
29.9	26.7	380.9	14.0	8.7	558.2
0.8	26.9	481.6	14.0	8.8	558.2
3.0	28.3	645.9	14.0	9.0	558.2
10.7	28.4	623.6	14.1	11.9	558.2
21.8	27.2	413.5	14.1	9.8	558.2
21.7	25.4	162.2	14.1	8.8	558.2
18.0	25.6	344.6	14.1	8.3	558.2
25.2	25.4	264.8	14.1	7.9	558.2
17.2	25.0	270.0	14.1	7.5	558.2
0.0	26.2	401.3	14.1	10.0	558.2
6.1	24.0	120.5	14.1	8.6	558.2
0.7	23.5	511.1	14.1	9.6	558.2
0.0	25.4	639.0	14.1	10.9	558.2
0.0	27.2	605.2	14.1	11.5	558.2
0.1	27.9	301.1	14.1	9.6	558.2
11.9	26.4	217.8	14.1	8.2	558.2
14.6	26.3	314.2	14.1	7.7	558.2
20.7	26.1	182.9	14.1	7.2	558.2
1.9	27.1	449.8	14.1	9.9	558.2
16.3	26.9	539.1	14.1	9.7	558.2
9.3	27.3	575.0	14.1	10.7	558.2
0.0	27.9	648.1	14.1	10.7	558.2
2.1	28.3	539.0	14.1	9.4	555.1
7.7	28.1	551.8	14.0	10.9	555.1
5.8	28.4	608.9	14.0	10.5	555.1
0.1	29.6	625.9	14.0	10.6	555.1
16.4	28.9	575.2	14.0	11.6	555.1
15.1	28.3	488.2	14.0	10.5	555.1
5.7	28.6	628.9	14.0	11.2	555.1
5.0	28.6	629.4	14.0	10.8	555.1
6.3	28.5	554.4	14.0	10.0	555.1
2.8	28.9	511.9	14.0	10.3	555.1
4.7	29.4	569.1	14.0	10.9	555.1
2.9	29.5	588.7	13.9	12.0	555.1
3.1	29.7	579.9	13.9	11.8	555.1
0.2	31.0	604.3	13.9	11.7	555.1
0.1	31.6	600.5	13.9	11.1	555.1
7.1	29.9	469.6	13.9	10.4	555.1
17.3	29.3	459.0	13.9	10.0	555.1
16.4	28.0	311.3	13.9	9.2	555.1
13.2	28.2	241.2	13.8	9.3	555.1
1.7	27.7	119.8	13.8	7.5	555.1
10.6	27.0	109.5	13.8	5.7	555.1
0.1	28.7	474.4	13.8	10.1	555.1
0.0	29.7	612.6	13.8	12.0	555.1
1.0	29.9	619.8	13.8	12.0	555.1
5.4	29.5	604.9	13.7	12.1	555.1
7.5	29.2	586.1	13.7	11.2	555.1
8.8	28.9	543.2	13.7	10.4	555.1
9.2	28.7	497.3	13.7	9.2	555.1
15.9	27.6	368.4	13.7	10.0	555.1
1.9	28.2	596.1	13.6	11.2	555.1
0.0	28.1	555.6	13.6	10.0	555.1
0.4	28.3	546.4	13.6	9.1	553.0
3.1	28.6	541.0	13.6	10.2	553.0
0.9	28.9	467.0	13.5	9.9	553.0
0.7	29.2	535.9	13.5	9.7	553.0
0.2	30.0	547.7	13.5	10.3	553.0
1.5	29.3	268.8	13.5	9.9	553.0
17.1	28.7	440.3	13.5	10.1	553.0
1.9	28.6	426.6	13.4	10.4	553.0
0.4	29.6	534.8	13.4	10.9	553.0
2.2	30.3	586.9	13.4	11.5	553.0
2.4	30.0	513.2	13.4	10.2	553.0
4.9	29.0	586.2	13.3	10.5	553.0
8.2	28.1	516.1	13.3	9.1	553.0
8.2	27.3	388.4	13.3	8.0	553.0
0.4	26.7	283.8	13.2	7.7	553.0
0.0	25.7	156.4	13.2	5.7	553.0
5.4	26.5	272.8	13.2	8.7	553.0
6.4	27.6	541.9	13.2	10.4	553.0
9.6	27.4	490.9	13.1	8.9	553.0
0.5	28.1	530.1	13.1	9.2	553.0
9.8	26.7	519.1	13.1	9.7	553.0
11.8	26.4	490.5	13.1	8.6	553.0
5.1	27.3	520.6	13.0	9.0	553.0
7.1	27.5	509.8	13.0	9.5	553.0
5.1	27.9	484.0	13.0	9.2	553.0
10.2	27.7	518.6	13.0	9.2	553.0
27.3	25.1	314.3	12.9	7.9	553.0
0.3	23.4	49.9	12.9	4.9	553.0
0.0	24.2	287.7	12.9	7.4	553.0
0.3	24.4	456.5	12.8	8.2	553.0
0.0	24.4	507.9	12.8	9.3	553.0
0.0	25.9	541.5	12.8	9.5	553.5
0.2	27.5	479.0	12.8	9.8	553.5
0.0	27.4	546.8	12.7	10.3	553.5
0.0	28.6	528.8	12.7	10.1	553.5
0.0	28.3	527.0	12.7	10.8	553.5
0.0	26.9	541.4	12.6	10.3	553.5
0.0	25.7	540.4	12.6	10.4	553.5
0.0	25.3	543.4	12.6	10.0	553.5
0.0	26.9	529.1	12.5	10.8	553.5
0.0	26.9	492.8	12.5	10.8	553.5
0.0	27.5	484.9	12.5	11.1	553.5
0.0	28.3	527.4	12.5	11.7	553.5
0.0	28.1	523.0	12.4	11.3	553.5
0.2	28.7	479.4	12.4	11.5	553.5
0.0	28.0	442.1	12.4	10.4	553.5
1.8	26.5	513.9	12.3	11.6	553.5
0.2	27.1	513.0	12.3	11.0	553.5
0.0	27.3	517.2	12.3	11.5	553.5
0.0	27.3	510.3	12.2	11.8	553.5
0.0	27.7	497.8	12.2	11.2	553.5
0.0	26.8	497.0	12.2	9.6	553.5
0.0	26.4	325.2	12.2	8.1	553.5
0.2	25.6	267.1	12.1	7.5	553.5
2.6	23.4	62.1	12.1	4.4	553.5
4.2	22.4	30.7	12.1	3.2	553.5
3.4	23.8	119.5	12.0	5.3	553.5
9.6	24.2	124.9	12.0	5.8	553.5
0.1	27.4	447.1	12.0	8.4	553.5
1.6	20.9	42.4	11.9	8.6	553.5
0.0	14.9	218.7	11.9	4.9	553.5
0.0	14.6	398.9	11.9	6.6	554.0
0.0	16.7	437.7	11.9	7.0	554.0
0.0	18.2	462.0	11.8	7.2	554.0
0.0	19.8	367.8	11.8	7.9	554.0
0.0	20.2	408.2	11.8	8.3	554.0
0.0	21.3	457.9	11.7	7.8	554.0
0.0	23.4	451.1	11.7	8.9	554.0
2.9	24.3	388.7	11.7	8.6	554.0
0.0	16.9	103.5	11.6	5.8	554.0
0.0	13.9	453.1	11.6	5.6	554.0
0.0	14.7	458.1	11.6	5.7	554.0
0.0	15.5	240.5	11.6	6.3	554.0
0.0	15.6	451.9	11.5	7.0	554.0
0.0	16.2	441.0	11.5	6.9	554.0
0.0	17.4	430.9	11.5	7.1	554.0
0.0	18.2	218.0	11.4	5.6	554.0
0.0	20.5	259.5	11.4	6.1	554.0
0.0	19.0	101.5	11.4	5.6	554.0
0.0	20.1	418.2	11.3	7.2	554.0
0.0	18.1	398.5	11.3	5.6	554.0
0.0	18.3	416.9	11.3	7.4	554.0
0.0	18.9	416.3	11.3	7.9	554.0
0.0	19.4	401.5	11.2	7.4	554.0
0.0	17.0	405.7	11.2	6.5	554.0
0.0	17.0	376.5	11.2	5.9	554.0
0.0	14.9	320.7	11.1	5.9	554.0
0.0	14.2	402.3	11.1	6.3	554.0
0.0	15.2	393.2	11.1	6.4	554.0
0.0	16.2	389.3	11.1	6.6	554.0
0.0	17.7	379.9	11.0	6.7	554.0
0.0	18.1	234.6	11.0	6.1	554.0
0.0	18.6	310.5	11.0	6.6	555.4
0.0	19.2	318.7	11.0	6.5	555.4
0.0	20.4	355.9	10.9	6.7	555.4
0.0	20.1	306.9	10.9	6.8	555.4
0.0	17.2	347.3	10.9	5.6	555.4
0.0	17.1	352.2	10.9	6.3	555.4
0.0	17.8	362.3	10.8	6.8	555.4
0.0	17.9	346.3	10.8	6.1	555.4
0.0	17.4	300.8	10.8	5.1	555.4
0.0	18.3	286.5	10.8	6.0	555.4
0.0	19.1	343.1	10.7	6.7	555.4
0.0	20.6	335.6	10.7	6.4	555.4
0.1	18.4	197.2	10.7	4.7	555.4
0.1	17.6	144.1	10.7	6.0	555.4
0.0	17.0	341.8	10.6	5.6	555.4
8.8	18.4	232.6	10.6	5.6	555.4
0.7	12.6	23.9	10.6	3.0	555.4
0.0	11.2	299.9	10.6	3.9	555.4
12.3	14.8	284.3	10.6	5.3	555.4
3.4	11.2	51.0	10.5	3.2	555.4
0.0	5.4	103.2	10.5	2.2	555.4
0.0	6.5	332.1	10.5	3.8	555.4
0.0	2.7	343.1	10.5	2.9	555.4
0.0	7.0	336.1	10.5	4.3	555.4
0.0	10.5	320.8	10.4	4.9	555.4
0.0	13.3	295.6	10.4	5.1	555.4
0.1	10.2	147.2	10.4	4.2	555.4
0.0	6.6	328.3	10.4	3.7	555.4
0.0	9.7	326.1	10.4	4.6	555.4
1.6	13.9	266.4	10.4	5.4	555.4
3.4	14.5	27.7	10.3	2.2	557.5
0.6	16.7	56.7	10.3	3.0	557.5
3.0	19.0	129.2	10.3	4.3	557.5
4.8	14.6	34.7	10.3	4.2	557.5
13.7	6.9	23.6	10.3	2.8	557.5
0.0	6.2	315.5	10.3	3.2	557.5
0.0	1.7	307.6	10.3	2.2	557.5
0.0	3.7	296.6	10.3	2.6	557.5
0.0	5.7	289.2	10.2	3.5	557.5
0.0	7.2	308.0	10.2	3.8	557.5
0.0	11.6	302.7	10.2	4.5	557.5
2.1	16.3	285.5	10.2	5.3	557.5
2.3	10.3	30.7	10.2	3.4	557.5
0.2	4.8	49.2	10.2	2.6	557.5
0.0	-0.6	300.0	10.2	1.8	557.5
0.0	2.2	309.4	10.2	2.5	557.5
0.0	3.0	304.8	10.2	3.1	557.5
0.0	5.0	133.1	10.2	2.8	557.5
0.0	5.6	295.5	10.2	3.5	557.5
0.0	4.7	263.4	10.2	3.5	557.5
0.0	6.6	294.8	10.2	3.9	557.5
0.0	7.3	199.7	10.2	4.1	557.5
0.0	11.9	268.9	10.2	4.8	557.5
5.0	17.2	276.4	10.2	6.0	557.5
0.4	10.2	73.3	10.2	2.7	557.5
7.5	11.3	47.4	10.2	2.6	557.5
0.7	7.5	46.3	10.2	2.3	557.5
0.0	4.4	266.9	10.2	2.9	557.5
0.0	4.6	306.7	10.2	3.2	557.5
0.7	10.0	134.1	10.2	4.0	557.5
0.7	9.6	37.5	10.2	3.1	557.5
0.0	9.3	294.1	10.2	3.2	560.2
4.1	8.0	120.0	10.2	4.1	560.2
0.0	4.0	279.7	10.2	2.1	560.2
0.0	2.9	130.3	10.2	1.5	560.2
0.1	3.7	134.6	10.3	1.9	560.2
0.7	5.9	130.2	10.3	2.5	560.2
0.1	7.1	286.3	10.3	3.8	560.2
0.0	2.9	321.4	10.3	3.0	560.2
0.0	3.6	315.7	10.3	3.1	560.2
0.0	5.0	259.3	10.3	3.8	560.2
0.0	7.8	324.0	10.3	4.3	560.2
0.0	9.1	314.8	10.3	4.0	560.2
0.0	11.2	274.3	10.4	5.1	560.2
0.0	3.9	215.2	10.4	3.4	560.2
0.0	4.8	338.9	10.4	4.0	560.2
0.0	4.7	329.6	10.4	3.8	560.2
0.0	6.1	325.8	10.4	3.7	560.2
0.3	7.4	88.4	10.4	3.0	560.2
0.0	5.1	220.1	10.5	3.3	560.2
0.0	4.5	339.5	10.5	3.8	560.2
0.0	4.6	344.4	10.5	3.9	560.2
0.0	6.6	347.4	10.5	4.6	560.2
0.0	2.6	351.6	10.5	2.7	560.2
0.0	3.7	189.0	10.6	2.5	560.2
0.0	4.7	354.8	10.6	4.1	560.2
0.0	6.5	366.2	10.6	4.9	560.2
0.0	10.3	367.8	10.6	6.3	560.2
0.0	11.2	355.6	10.6	6.0	560.2
0.0	2.3	376.9	10.7	3.3	560.2
0.0	6.7	371.3	10.7	5.0	560.2
0.0	5.4	368.7	10.7	4.1	560.2
0.0	9.1	362.2	10.7	5.1	561.4
0.0	12.5	205.1	10.8	5.8	561.4
0.0	3.4	391.1	10.8	3.6	561.4
0.0	1.5	389.3	10.8	2.9	561.4
0.0	3.7	144.7	10.8	3.4	561.4
0.0	9.4	373.3	10.9	5.5	561.4
7.7	7.7	96.4	10.9	3.3	561.4
9.1	4.1	54.2	10.9	2.0	561.4
0.0	0.2	180.2	10.9	2.8	561.4
0.0	2.0	405.7	11.0	3.9	561.4
0.0	0.3	416.4	11.0	3.4	561.4
0.0	4.1	413.8	11.0	4.6	561.4
0.0	7.4	413.9	11.1	5.6	561.4
0.0	10.3	415.0	11.1	6.5	561.4
0.0	12.1	419.4	11.1	7.0	561.4
0.0	14.2	416.9	11.1	7.2	561.4
0.0	16.0	399.2	11.2	7.7	561.4
0.0	17.6	354.1	11.2	8.1	561.4
0.0	20.1	403.5	11.2	8.2	561.4
20.3	13.7	187.1	11.3	7.8	561.4
0.1	6.4	349.8	11.3	4.1	561.4
0.0	10.2	437.3	11.3	5.6	561.4
0.0	11.0	402.3	11.3	5.8	561.4
0.0	8.4	378.5	11.4	5.1	561.4
0.0	13.6	436.7	11.4	7.0	561.4
0.0	16.2	363.5	11.4	7.6	561.4
0.0	12.9	236.2	11.5	4.5	561.4
3.2	12.6	223.7	11.5	5.3	561.4
5.5	9.4	56.3	11.5	3.0	561.6
0.0	9.0	306.7	11.5	5.5	561.6
0.0	11.0	466.2	11.6	6.1	561.6
0.5	15.2	426.3	11.6	6.9	561.6
12.6	12.5	36.7	11.6	4.2	561.6
0.4	9.7	347.7	11.7	5.4	561.6
0.1	12.6	454.6	11.7	6.2	561.6
0.0	7.7	494.6	11.7	5.4	561.6
0.0	12.2	457.5	11.8	7.1	561.6
0.6	14.5	61.7	11.8	7.0	561.6
3.8	19.7	239.6	11.8	8.5	561.6
5.8	18.0	196.6	11.9	6.3	561.6
6.8	15.5	92.0	11.9	6.3	561.6
36.7	11.0	52.4	11.9	4.0	561.6
13.6	8.6	34.1	11.9	1.6	561.6
18.6	10.2	47.9	12.0	2.9	561.6
0.8	12.2	181.2	12.0	4.4	561.6
4.8	13.3	94.4	12.0	3.8	561.6
14.9	16.1	51.7	12.1	4.9	561.6
36.0	15.5	55.6	12.1	5.5	561.6
17.5	11.7	61.1	12.1	3.1	561.6
13.1	15.1	65.0	12.2	4.8	561.6
10.6	16.1	126.5	12.2	8.4	561.6
4.2	9.4	161.9	12.2	4.9	561.6
0.0	7.3	546.3	12.3	5.1	561.6
0.0	10.2	550.3	12.3	6.9	561.6
0.0	12.0	488.8	12.3	6.6	561.6
0.0	12.1	528.3	12.3	8.0	561.6
0.0	8.9	540.6	12.4	6.1	561.6
0.0	12.7	545.6	12.4	7.9	561.6
0.0	15.6	276.2	12.4	7.8	561.6
7.0	11.9	97.5	12.5	5.2	562.0
1.2	14.7	337.3	12.5	6.8	562.0
0.7	9.0	293.7	12.5	6.8	562.0
0.0	11.3	589.8	12.6	7.7	562.0
0.0	13.8	587.6	12.6	8.5	562.0
0.0	16.8	581.9	12.6	10.4	562.0
0.0	16.9	575.7	12.6	8.5	562.0
0.1	19.9	400.3	12.7	9.0	562.0
0.0	20.0	578.7	12.7	10.2	562.0
1.6	23.4	513.4	12.7	10.6	562.0
1.8	22.8	494.9	12.8	11.1	562.0
0.0	18.9	570.2	12.8	7.7	562.0
0.0	22.2	353.8	12.8	9.0	562.0
0.1	23.6	315.0	12.9	8.2	562.0
24.8	21.1	102.4	12.9	9.4	562.0
11.8	12.3	64.5	12.9	5.7	562.0
0.2	16.4	541.8	12.9	7.8	562.0
15.6	20.6	394.2	13.0	9.0	562.0
1.3	20.7	105.2	13.0	5.2	562.0
3.5	21.1	192.3	13.0	11.1	562.0
5.8	12.3	52.2	13.1	3.3	562.0
13.9	13.5	46.2	13.1	4.6	562.0
8.4	10.6	26.8	13.1	4.3	562.0
1.0	7.9	84.6	13.1	3.9	562.0
0.0	15.3	530.4	13.2	8.9	562.0
0.0	19.8	612.1	13.2	9.6	562.0
0.0	21.9	620.4	13.2	10.8	562.0
0.0	23.0	364.2	13.2	8.3	562.0
9.6	23.7	370.3	13.3	9.5	562.0
33.1	23.8	292.9	13.3	8.5	562.0
29.7	21.9	230.6	13.3	8.8	562.4
1.0	20.9	125.8	13.3	6.2	562.4
12.3	22.8	423.2	13.4	8.8	562.4
14.7	22.6	90.2	13.4	4.7	562.4
12.9	24.8	313.5	13.4	8.9	562.4
16.7	25.4	402.9	13.4	9.7	562.4
9.9	20.4	57.0	13.5	9.6	562.4
24.5	12.6	58.6	13.5	6.4	562.4
16.9	12.1	117.9	13.5	4.5	562.4
14.3	12.8	66.4	13.5	3.8	562.4
1.1	15.9	157.1	13.6	6.1	562.4
0.2	19.1	419.7	13.6	9.1	562.4
0.1	21.8	248.8	13.6	8.9	562.4
11.5	24.2	487.7	13.6	10.0	562.4
22.7	23.9	343.2	13.7	9.4	562.4
49.6	22.1	420.8	13.7	11.0	562.4
0.0	16.9	482.8	13.7	9.5	562.4
3.6	15.8	602.0	13.7	7.7	562.4
17.9	14.9	89.4	13.7	5.5	562.4
0.3	18.9	247.7	13.8	8.1	562.4
0.1	19.6	350.0	13.8	10.4	562.4
5.3	18.5	572.7	13.8	8.0	562.4
1.1	18.1	115.8	13.8	6.9	562.4
0.1	24.2	547.6	13.8	11.3	562.4
0.6	25.9	623.8	13.8	12.3	562.4
3.4	26.3	609.0	13.9	11.5	562.4
14.9	25.1	238.0	13.9	9.0	562.4
36.4	25.3	304.9	13.9	9.3	562.4
1.9	21.5	64.7	13.9	5.0	562.4
26.2	23.9	370.0	13.9	10.8	562.4
0.1	22.3	277.8	13.9	8.3	562.4
0.0	25.6	606.6	13.9	11.9	560.8
0.1	26.1	338.1	14.0	10.2	560.8
4.4	24.1	98.1	14.0	5.8	560.8
12.2	26.4	514.8	14.0	10.4	560.8
8.1	26.4	545.5	14.0	12.0	560.8
0.5	21.2	278.7	14.0	8.2	560.8
8.8	20.1	292.4	14.0	6.7	560.8
6.4	18.9	42.3	14.0	3.7	560.8
0.6	20.9	279.4	14.0	7.8	560.8
22.0	22.9	222.5	14.0	7.9	560.8
29.1	22.2	40.7	14.0	4.3	560.8
29.0	20.3	42.4	14.1	5.3	560.8
46.3	19.3	24.8	14.1	4.9	560.8
2.9	17.3	60.8	14.1	4.2	560.8
0.2	20.9	552.5	14.1	10.0	560.8
0.0	24.4	648.1	14.1	10.3	560.8
0.0	25.9	588.4	14.1	11.0	560.8
4.5	26.3	419.1	14.1	10.7	560.8
1.3	24.9	117.6	14.1	5.7	560.8
20.0	25.6	105.5	14.1	6.8	560.8
6.4	22.9	94.8	14.1	6.7	560.8
1.5	24.7	431.2	14.1	8.7	560.8
5.8	25.7	479.6	14.1	9.5	560.8
8.8	27.0	579.7	14.1	10.1	560.8
7.5	27.8	537.6	14.1	9.7	560.8
15.6	27.2	423.5	14.1	9.7	560.8
21.0	27.3	421.0	14.1	10.4	560.8
13.6	25.7	129.1	14.1	6.7	560.8
12.7	24.0	20.5	14.1	5.7	560.8
1.1	22.8	55.3	14.1	4.5	560.8
0.5	23.4	189.4	14.1	6.6	557.7
0.5	24.5	236.9	14.0	7.5	557.7
6.8	25.1	203.7	14.0	7.1	557.7
5.0	25.3	140.0	14.0	7.4	557.7
1.4	27.6	595.6	14.0	10.7	557.7
6.1	27.0	309.0	14.0	9.1	557.7
5.6	26.1	295.1	14.0	9.5	557.7
4.7	26.3	360.3	14.0	9.9	557.7
3.8	27.1	596.2	14.0	10.3	557.7
14.8	27.2	555.9	14.0	11.0	557.7
16.4	27.4	615.5	14.0	11.0	557.7
1.2	28.0	637.5	13.9	11.5	557.7
0.0	28.5	646.9	13.9	10.9	557.7
0.1	29.2	641.4	13.9	10.9	557.7
0.0	29.7	640.9	13.9	11.5	557.7
1.0	29.9	633.1	13.9	11.8	557.7
0.1	30.6	614.4	13.9	11.6	557.7
0.1	31.0	561.6	13.9	11.7	557.7
0.0	31.0	638.6	13.8	12.0	557.7
0.0	31.5	632.5	13.8	12.1	557.7
0.0	31.7	618.3	13.8	11.5	557.7
0.0	31.7	600.1	13.8	12.2	557.7
0.1	31.9	630.2	13.8	12.7	557.7
0.0	31.9	628.4	13.8	12.8	557.7
0.0	31.7	631.2	13.7	12.9	557.7
0.0	31.0	632.3	13.7	12.9	557.7
0.0	30.3	586.9	13.7	11.8	557.7
1.7	29.8	338.8	13.7	10.7	557.7
2.5	28.0	136.4	13.7	6.7	557.7
12.1	28.1	420.4	13.6	9.6	557.7
19.9	27.7	467.0	13.6	7.7	557.7
10.6	27.9	489.9	13.6	10.7	555.6
0.0	27.9	624.7	13.6	12.1	555.6
0.4	28.1	628.9	13.5	13.8	555.6
0.6	28.8	632.5	13.5	13.3	555.6
0.1	29.0	609.9	13.5	11.6	555.6
0.0	29.2	470.0	13.5	10.8	555.6
0.1	30.1	469.9	13.5	11.1	555.6
9.9	28.9	574.0	13.4	12.9	555.6
0.0	30.4	601.3	13.4	9.8	555.6
0.0	31.3	592.9	13.4	10.8	555.6
19.9	28.9	449.7	13.4	11.0	555.6
24.6	26.9	467.6	13.3	9.0	555.6
22.7	27.0	425.5	13.3	9.0	555.6
8.5	26.5	213.9	13.3	8.2	555.6
23.1	26.4	355.1	13.3	8.6	555.6
20.9	26.1	291.4	13.2	7.7	555.6
7.5	26.3	269.4	13.2	8.5	555.6
15.2	26.8	381.9	13.2	8.3	555.6
15.9	27.1	436.2	13.1	9.1	555.6
4.7	27.3	547.5	13.1	10.2	555.6
20.0	26.4	412.5	13.1	8.5	555.6
14.3	25.9	396.7	13.1	8.6	555.6
8.1	26.0	455.6	13.0	8.4	555.6
6.8	26.7	523.3	13.0	9.0	555.6
17.0	27.0	342.0	13.0	8.3	555.6
3.3	24.4	285.8	13.0	9.3	555.6
0.0	22.4	529.5	12.9	9.1	555.6
0.0	23.4	434.1	12.9	8.4	555.6
4.7	24.0	219.6	12.9	7.5	555.6
10.2	21.8	86.8	12.8	5.3	555.6
0.7	22.0	64.7	12.8	4.6	555.6
1.3	23.7	275.4	12.8	6.2	556.1
6.7	24.2	256.7	12.8	7.5	556.1
0.6	25.7	448.8	12.7	8.9	556.1
2.5	25.4	217.3	12.7	7.2	556.1
1.1	22.9	181.1	12.7	6.2	556.1
0.2	24.2	484.1	12.6	9.8	556.1
0.0	25.0	536.4	12.6	9.4	556.1
16.9	25.8	406.2	12.6	8.5	556.1
1.0	23.9	191.1	12.6	8.0	556.1
0.0	23.2	430.2	12.5	8.1	556.1
0.0	22.1	91.3	12.5	6.0	556.1
0.1	23.7	323.1	12.5	7.2	556.1
1.0	23.6	40.4	12.4	3.9	556.1
1.5	24.7	62.6	12.4	5.3	556.1
1.6	25.3	67.3	12.4	4.7	556.1
9.8	25.3	314.2	12.3	7.2	556.1
4.3	25.8	353.8	12.3	6.5	556.1
0.8	22.8	103.7	12.3	6.3	556.1
0.0	22.3	489.3	12.3	8.0	556.1
0.1	23.1	490.4	12.2	8.4	556.1
0.0	23.2	497.8	12.2	8.8	556.1
0.0	22.7	509.5	12.2	9.1	556.1
0.0	23.6	507.4	12.1	9.7	556.1
0.0	24.1	505.1	12.1	10.1	556.1
0.0	24.1	507.1	12.1	9.8	556.1
0.0	24.3	491.1	12.0	9.7	556.1
0.0	24.4	484.2	12.0	9.2	556.1
0.0	21.9	488.7	12.0	8.2	556.1
0.0	22.2	483.4	12.0	8.0	556.1
0.0	23.5	475.5	11.9	9.0	556.1
0.0	23.2	473.3	11.9	8.9	556.6
0.0	22.3	437.6	11.9	8.4	556.6
0.0	22.2	477.9	11.8	9.2	556.6
0.0	23.2	411.0	11.8	9.2	556.6
0.0	20.9	477.6	11.8	8.5	556.6
0.0	20.9	470.4	11.7	8.9	556.6
0.0	21.3	466.1	11.7	8.4	556.6
0.0	21.0	447.4	11.7	8.0	556.6
0.0	21.9	419.8	11.7	7.8	556.6
0.0	23.2	437.4	11.6	7.9	556.6
0.4	24.7	403.6	11.6	7.3	556.6
1.3	23.7	208.9	11.6	5.7	556.6
0.0	22.9	305.5	11.5	8.2	556.6
0.0	23.6	426.8	11.5	7.7	556.6
0.1	24.5	342.4	11.5	7.2	556.6
0.4	23.9	288.3	11.4	6.2	556.6
2.6	24.5	306.0	11.4	9.7	556.6
1.0	14.3	30.1	11.4	3.2	556.6
0.1	10.5	68.5	11.4	4.4	556.6
0.0	10.7	437.1	11.3	5.0	556.6
0.0	12.8	304.1	11.3	5.3	556.6
0.0	12.2	428.8	11.3	5.8	556.6
0.0	10.1	435.6	11.2	4.8	556.6
0.0	11.9	425.7	11.2	5.7	556.6
0.0	13.7	411.9	11.2	6.3	556.6
0.0	15.3	408.0	11.2	6.7	556.6
0.0	16.3	405.4	11.1	6.8	556.6
0.0	16.9	398.6	11.1	6.7	556.6
0.0	14.4	326.4	11.1	6.6	556.6
0.0	9.8	412.3	11.0	5.1	556.6
0.0	13.9	390.8	11.0	6.2	556.6
0.0	16.9	375.0	11.0	6.6	558.0
0.0	18.3	368.3	11.0	6.3	558.0
0.0	19.1	365.0	10.9	6.0	558.0
0.0	19.9	356.8	10.9	6.3	558.0
0.0	21.0	238.1	10.9	5.7	558.0
0.0	20.4	358.0	10.9	6.8	558.0
0.0	20.9	346.0	10.8	6.6	558.0
0.0	21.0	343.2	10.8	6.5	558.0
0.1	20.7	340.4	10.8	5.7	558.0
6.7	20.0	307.9	10.8	6.0	558.0
0.2	17.2	162.6	10.7	4.6	558.0
0.0	16.6	316.7	10.7	6.1	558.0
0.0	17.0	349.8	10.7	6.3	558.0
0.1	18.0	353.2	10.7	6.3	558.0
0.0	18.6	242.1	10.6	6.1	558.0
0.0	18.1	342.1	10.6	6.3	558.0
1.2	18.6	325.1	10.6	5.9	558.0
3.4	10.2	30.5	10.6	3.3	558.0
0.0	8.2	68.9	10.6	2.1	558.0
6.2	7.2	59.2	10.5	1.7	558.0
0.5	7.6	125.9	10.5	3.4	558.0
0.0	8.9	321.4	10.5	4.0	558.0
0.0	11.0	303.4	10.5	4.5	558.0
0.0	13.3	318.0	10.5	5.3	558.0
0.0	14.9	305.9	10.4	5.1	558.0
0.0	13.9	316.3	10.4	4.6	558.0
0.0	13.3	303.8	10.4	4.0	558.0
0.1	15.2	220.8	10.4	4.2	558.0
0.1	14.6	258.1	10.4	3.7	558.0
0.3	15.6	225.2	10.4	4.3	558.0
0.1	10.1	197.9	10.3	3.5	560.1
16.4	8.0	31.2	10.3	1.9	560.1
0.1	7.3	230.8	10.3	3.1	560.1
0.0	6.1	311.9	10.3	3.3	560.1
0.0	8.6	298.6	10.3	3.8	560.1
3.0	13.9	297.3	10.3	5.0	560.1
0.2	8.9	92.8	10.3	3.2	560.1
0.0	7.2	313.7	10.3	3.3	560.1
0.0	-0.6	291.3	10.2	2.5	560.1
0.0	0.2	238.8	10.2	2.1	560.1
0.0	4.2	310.5	10.2	3.1	560.1
0.0	8.0	279.5	10.2	3.5	560.1
0.1	8.3	61.7	10.2	2.4	560.1
0.0	7.3	302.0	10.2	3.8	560.1
0.0	8.2	308.4	10.2	4.6	560.1
0.0	9.1	307.3	10.2	4.8	560.1
0.0	9.4	300.6	10.2	4.5	560.1
0.0	11.5	299.1	10.2	5.0	560.1
0.0	11.6	292.2	10.2	4.9	560.1
0.0	13.0	294.6	10.2	5.4	560.1
0.0	15.0	287.5	10.2	5.5	560.1
5.7	14.2	230.4	10.2	4.7	560.1
5.0	5.4	26.0	10.2	2.5	560.1
1.5	2.7	27.7	10.2	1.2	560.1
1.4	5.6	73.2	10.2	2.6	560.1
7.6	7.6	44.7	10.2	3.6	560.1
11.1	2.3	15.2	10.2	1.5	560.1
0.4	-1.9	37.8	10.2	1.9	560.1
0.0	-4.2	309.1	10.2	1.6	560.1
0.0	0.3	296.9	10.2	2.4	560.1
0.0	1.6	134.2	10.2	2.0	560.1
0.0	1.4	298.3	10.2	2.2	562.7
3.4	-0.6	93.9	10.2	1.6	562.7
0.0	-0.6	210.4	10.2	1.8	562.7
0.0	1.0	312.9	10.2	2.6	562.7
0.0	-0.3	310.6	10.3	2.4	562.7
0.0	-0.6	262.9	10.3	2.3	562.7
0.0	-0.5	317.0	10.3	2.6	562.7
0.0	2.4	312.4	10.3	3.0	562.7
0.0	12.1	302.6	10.3	4.9	562.7
0.1	14.4	293.0	10.3	5.6	562.7
2.6	8.3	247.3	10.3	4.6	562.7
0.0	2.8	304.9	10.3	2.7	562.7
0.0	1.9	192.2	10.4	2.7	562.7
0.0	3.8	325.5	10.4	3.6	562.7
0.0	5.9	325.2	10.4	4.2	562.7
0.0	3.2	327.3	10.4	2.8	562.7
0.0	2.9	188.6	10.4	2.4	562.7
0.1	7.7	204.3	10.4	4.0	562.7
3.2	5.8	108.5	10.5	2.5	562.7
3.1	4.6	51.7	10.5	2.1	562.7
0.9	0.0	101.2	10.5	2.2	562.7
0.0	-2.9	350.7	10.5	2.3	562.7
0.0	-1.7	358.9	10.5	2.9	562.7
0.0	1.2	351.7	10.6	3.4	562.7
0.0	3.9	351.9	10.6	3.5	562.7
0.0	6.3	157.8	10.6	3.6	562.7
0.0	2.5	364.8	10.6	3.4	562.7
0.0	5.0	356.6	10.6	4.0	562.7
0.0	2.4	371.0	10.7	3.5	562.7
0.0	6.0	365.4	10.7	4.4	562.7
0.0	10.8	192.0	10.7	4.9	562.7
4.2	15.6	257.4	10.7	6.3	563.9
0.6	13.8	158.7	10.8	6.1	563.9
0.0	2.3	74.1	10.8	2.9	563.9
0.0	5.0	386.7	10.8	4.0	563.9
0.0	7.9	381.1	10.8	4.8	563.9
0.0	10.3	379.0	10.9	5.1	563.9
0.0	9.6	119.0	10.9	3.9	563.9
0.0	12.9	381.1	10.9	5.9	563.9
0.0	10.0	393.5	10.9	5.8	563.9
0.0	13.2	388.0	11.0	5.9	563.9
4.8	10.6	58.4	11.0	3.7	563.9
0.0	3.8	335.7	11.0	3.9	563.9
0.0	5.8	416.2	11.0	4.3	563.9
0.0	7.2	176.4	11.1	4.5	563.9
0.0	9.3	413.0	11.1	5.6	563.9
0.0	12.9	416.9	11.1	6.9	563.9
5.0	14.5	119.4	11.2	5.3	563.9
3.9	12.8	52.5	11.2	2.9	563.9
3.6	10.0	140.2	11.2	5.8	563.9
0.1	7.7	324.5	11.2	4.4	563.9
0.0	8.8	435.0	11.3	5.4	563.9
7.5	12.8	410.0	11.3	6.4	563.9
1.2	10.4	137.0	11.3	4.0	563.9
0.0	8.8	435.3	11.4	4.5	563.9
0.1	9.5	269.3	11.4	5.3	563.9
18.6	10.3	151.3	11.4	4.8	563.9
0.1	11.5	382.6	11.5	4.4	563.9
0.0	16.7	344.3	11.5	6.3	563.9
0.0	20.7	422.3	11.5	7.6	563.9
7.6	14.5	161.9	11.5	7.8	564.2
22.3	6.1	24.1	11.6	2.3	564.2
29.6	7.1	28.1	11.6	2.7	564.2
0.7	5.0	79.1	11.6	2.9	564.2
0.0	6.9	391.0	11.7	4.4	564.2
8.3	9.3	127.9	11.7	4.3	564.2
0.1	6.3	358.0	11.7	5.0	564.2
0.2	10.9	438.3	11.8	5.5	564.2
28.0	14.2	169.0	11.8	4.5	564.2
16.8	10.3	59.9	11.8	5.1	564.2
2.7	4.3	100.7	11.8	3.2	564.2
0.0	5.2	514.7	11.9	4.3	564.2
0.0	9.9	509.7	11.9	6.3	564.2
0.0	11.4	493.9	11.9	6.8	564.2
10.1	10.6	134.3	12.0	4.1	564.2
31.6	13.4	77.1	12.0	6.1	564.2
0.0	12.5	519.2	12.0	6.8	564.2
1.5	16.8	357.1	12.1	7.8	564.2
17.1	17.9	210.5	12.1	7.3	564.2
24.5	6.8	46.1	12.1	6.5	564.2
0.0	2.8	497.0	12.2	4.3	564.2
1.3	5.2	379.4	12.2	4.5	564.2
15.4	12.0	60.4	12.2	7.0	564.2
26.3	19.1	293.8	12.2	7.1	564.2
4.8	6.6	28.5	12.3	7.9	564.2
0.0	2.8	343.4	12.3	4.4	564.2
0.0	7.4	411.2	12.3	5.7	564.2
0.5	14.4	520.9	12.4	8.7	564.2
7.5	15.2	68.5	12.4	6.4	564.2
33.2	7.5	35.3	12.4	4.8	564.2
14.7	5.7	52.5	12.5	2.9	564.2
0.2	9.6	473.4	12.5	6.7	564.5
0.1	13.4	536.6	12.5	9.1	564.5
0.0	17.0	360.7	12.5	7.8	564.5
3.0	19.4	290.8	12.6	9.4	564.5
7.3	12.1	150.5	12.6	4.2	564.5
0.7	11.9	103.6	12.6	4.0	564.5
1.8	12.4	116.6	12.7	5.5	564.5
0.0	9.7	578.7	12.7	6.4	564.5
0.0	9.6	592.1	12.7	6.8	564.5
4.4	14.0	484.8	12.8	7.5	564.5
12.6	12.6	53.2	12.8	4.3	564.5
6.8	12.7	72.1	12.8	7.4	564.5
0.0	10.9	616.7	12.8	7.5	564.5
4.5	16.3	449.6	12.9	8.9	564.5
4.7	16.8	172.1	12.9	6.0	564.5
2.2	19.4	173.9	12.9	7.5	564.5
0.1	21.3	316.2	13.0	8.3	564.5
18.8	22.4	264.1	13.0	8.8	564.5
1.9	19.6	77.0	13.0	4.8	564.5
5.3	23.1	444.1	13.0	13.3	564.5
5.6	12.4	110.3	13.1	3.6	564.5
11.2	14.7	291.0	13.1	5.3	564.5
24.1	16.8	61.8	13.1	5.7	564.5
18.0	15.6	74.5	13.2	7.4	564.5
2.0	12.4	130.9	13.2	5.2	564.5
0.0	13.7	620.7	13.2	8.5	564.5
0.0	16.6	600.4	13.2	9.1	564.5
17.3	19.1	274.2	13.3	8.0	564.5
2.3	20.5	265.4	13.3	7.6	564.5
6.2	19.8	88.8	13.3	5.3	564.5
1.4	19.1	176.0	13.3	6.8	564.9
23.2	20.8	326.3	13.4	8.6	564.9
56.3	14.7	46.6	13.4	9.6	564.9
11.2	11.5	33.6	13.4	3.0	564.9
19.8	12.6	86.3	13.4	4.4	564.9
20.3	13.6	107.5	13.5	5.3	564.9
0.0	15.8	639.6	13.5	9.1	564.9
23.5	15.7	540.8	13.5	7.4	564.9
56.2	16.5	89.6	13.5	5.7	564.9
4.1	17.1	176.6	13.6	6.0	564.9
0.1	16.2	310.6	13.6	8.6	564.9
13.9	16.7	248.6	13.6	6.4	564.9
43.6	18.8	55.3	13.6	5.5	564.9
9.0	22.2	82.4	13.6	6.5	564.9
12.1	23.8	229.9	13.7	7.6	564.9
11.7	24.8	374.9	13.7	10.5	564.9
9.5	26.2	490.1	13.7	10.5	564.9
9.6	23.4	274.8	13.7	10.5	564.9
0.0	19.8	621.2	13.7	9.6	564.9
0.0	22.9	609.3	13.8	10.3	564.9
1.0	25.4	608.0	13.8	10.7	564.9
8.9	23.8	290.4	13.8	7.7	564.9
0.6	25.0	481.1	13.8	9.9	564.9
39.6	23.5	144.4	13.8	7.4	564.9
12.1	20.0	25.2	13.9	5.6	564.9
0.7	20.4	128.6	13.9	5.9	564.9
0.0	22.6	509.5	13.9	9.6	564.9
0.2	22.8	412.7	13.9	10.5	564.9
2.3	23.4	604.9	13.9	10.2	564.9
3.6	21.7	349.9	13.9	10.0	564.9
2.5	22.7	649.1	13.9	11.2	564.9
4.6	22.9	517.2	14.0	11.1	563.3
0.6	23.1	619.8	14.0	11.2	563.3
0.0	22.6	635.5	14.0	9.8	563.3
1.1	22.1	249.6	14.0	8.7	563.3
3.2	22.9	418.4	14.0	9.1	563.3
4.9	23.5	567.3	14.0	10.1	563.3
0.0	25.3	585.6	14.0	10.9	563.3
0.0	25.1	395.0	14.0	9.4	563.3
57.2	21.1	67.6	14.0	7.6	563.3
25.1	17.9	74.1	14.0	5.1	563.3
0.4	19.5	483.5	14.1	8.2	563.3
0.0	20.6	637.7	14.1	9.7	563.3
0.0	19.5	630.0	14.1	10.1	563.3
0.0	20.2	649.2	14.1	9.6	563.3
0.0	22.2	642.7	14.1	9.1	563.3
0.0	24.1	637.9	14.1	10.5	563.3
0.2	27.0	602.6	14.1	11.5	563.3
1.9	27.5	264.8	14.1	9.6	563.3
0.0	29.3	638.9	14.1	11.1	563.3
0.0	28.2	444.1	14.1	12.0	563.3
0.0	29.2	634.3	14.1	12.7	563.3
9.8	29.0	560.3	14.1	12.2	563.3
50.2	25.2	96.2	14.1	5.5	563.3
13.0	25.4	136.3	14.1	6.3	563.3
0.1	27.9	630.6	14.1	10.4	563.3
6.6	28.1	549.8	14.1	10.8	563.3
56.8	25.2	150.8	14.1	6.3	563.3
50.1	25.1	109.1	14.1	4.9	563.3
20.7	25.6	310.8	14.1	8.7	563.3
6.0	24.7	121.4	14.1	5.3	563.3
4.7	24.3	123.1	14.0	6.3	560.2
0.9	24.0	270.5	14.0	8.3	560.2
0.9	24.2	416.2	14.0	8.8	560.2
4.2	24.9	476.6	14.0	9.5	560.2
0.7	25.6	447.5	14.0	10.0	560.2
0.1	27.3	595.5	14.0	10.2	560.2
10.8	26.5	338.9	14.0	8.7	560.2
13.2	26.7	328.6	14.0	9.2	560.2
5.6	26.9	443.7	14.0	10.9	560.2
0.4	27.6	596.7	14.0	10.2	560.2
8.7	27.0	511.4	14.0	10.1	560.2
18.5	26.2	361.2	13.9	8.4	560.2
27.5	26.2	446.0	13.9	9.0	560.2
14.6	26.6	450.4	13.9	9.8	560.2
14.5	27.1	360.0	13.9	9.2	560.2
21.0	26.8	485.2	13.9	9.5	560.2
2.5	27.0	461.2	13.9	10.1	560.2
0.2	27.2	427.0	13.9	9.8	560.2
0.9	27.5	519.7	13.8	9.8	560.2
0.1	27.9	608.7	13.8	10.7	560.2
0.2	29.0	619.9	13.8	11.0	560.2
0.0	29.9	612.2	13.8	11.4	560.2
0.2	30.5	569.8	13.8	11.7	560.2
0.1	30.8	617.3	13.7	12.2	560.2
5.2	29.3	614.7	13.7	13.0	560.2
10.2	27.7	577.0	13.7	10.8	560.2
6.2	27.4	493.9	13.7	9.6	560.2
2.8	27.4	367.7	13.7	7.3	560.2
2.8	27.1	315.3	13.6	7.4	560.2
4.6	26.0	83.9	13.6	5.8	560.2
2.1	25.5	94.6	13.6	5.8	560.2
19.2	26.5	351.1	13.6	8.0	558.2
13.0	26.7	367.8	13.6	8.7	558.2
19.3	26.6	418.1	13.5	8.3	558.2
27.5	27.1	401.6	13.5	9.1	558.2
12.4	27.3	466.1	13.5	9.1	558.2
10.8	28.0	582.9	13.5	10.4	558.2
0.0	27.7	600.4	13.4	10.2	558.2
0.0	27.8	605.8	13.4	10.1	558.2
0.1	29.0	595.5	13.4	10.2	558.2
0.1	29.8	602.5	13.4	11.2	558.2
0.0	29.9	600.4	13.3	11.7	558.2
1.1	29.5	592.3	13.3	12.2	558.2
4.5	29.2	558.4	13.3	12.3	558.2
18.9	27.8	501.0	13.3	10.1	558.2
21.1	27.3	475.6	13.2	9.6	558.2
16.4	27.7	527.5	13.2	10.0	558.2
11.3	27.7	566.1	13.2	10.6	558.2
0.0	28.2	581.0	13.2	10.9	558.2
0.3	28.4	455.7	13.1	10.7	558.2
7.2	28.3	542.2	13.1	11.3	558.2
7.3	27.9	535.7	13.1	10.9	558.2
11.9	27.4	489.0	13.0	10.8	558.2
12.1	26.7	498.7	13.0	9.8	558.2
10.8	26.5	538.7	13.0	9.2	558.2
16.9	26.2	481.8	13.0	8.7	558.2
11.3	26.3	492.9	12.9	8.6	558.2
15.8	26.7	474.5	12.9	8.3	558.2
9.3	24.8	173.8	12.9	7.5	558.2
14.3	24.7	284.6	12.9	6.6	558.2
2.8	26.3	530.9	12.8	9.3	558.2
16.6	26.3	504.9	12.8	9.0	558.2
0.0	26.3	473.4	12.8	9.0	558.6
8.7	25.6	447.4	12.7	9.3	558.6
6.3	25.3	421.8	12.7	9.0	558.6
18.8	24.7	412.5	12.7	8.4	558.6
5.7	20.4	69.0	12.6	5.3	558.6
1.6	19.6	35.7	12.6	2.5	558.6
0.4	22.3	414.7	12.6	7.6	558.6
0.2	23.5	454.9	12.6	6.8	558.6
1.8	23.6	350.5	12.5	7.2	558.6
0.1	22.6	425.3	12.5	8.5	558.6
0.1	23.3	510.3	12.5	8.8	558.6
0.1	24.2	507.3	12.4	8.1	558.6
0.0	23.6	155.5	12.4	6.6	558.6
0.0	24.0	382.2	12.4	8.4	558.6
0.0	25.2	459.4	12.4	8.9	558.6
4.7	25.4	363.7	12.3	9.7	558.6
4.4	25.7	447.2	12.3	8.3	558.6
2.0	26.0	466.8	12.3	8.4	558.6
4.2	26.9	456.3	12.2	8.8	558.6
9.8	25.7	401.3	12.2	9.1	558.6
0.0	27.0	479.8	12.2	8.7	558.6
0.0	25.9	475.9	12.1	8.0	558.6
0.2	26.2	295.2	12.1	7.0	558.6
21.6	25.1	294.1	12.1	7.0	558.6
8.7	23.6	240.9	12.0	6.6	558.6
12.9	21.3	22.1	12.0	4.3	558.6
18.6	17.6	20.4	12.0	4.2	558.6
1.2	18.7	73.0	12.0	3.2	558.6
1.2	21.3	282.1	11.9	6.5	558.6
0.2	22.1	319.6	11.9	7.0	558.6
0.0	21.9	123.6	11.9	5.5	559.1
0.5	20.8	50.1	11.8	3.2	559.1
0.0	21.0	193.4	11.8	5.7	559.1
0.3	20.0	238.0	11.8	7.3	559.1
0.2	21.5	420.9	11.7	8.4	559.1
0.0	22.2	396.3	11.7	7.4	559.1
0.5	23.8	408.4	11.7	7.2	559.1
0.1	26.0	415.9	11.7	7.3	559.1
11.7	26.3	409.2	11.6	8.6	559.1
3.8	15.1	45.9	11.6	7.7	559.1
0.2	12.2	410.5	11.6	4.0	559.1
0.6	15.5	228.0	11.5	5.4	559.1
0.0	16.5	444.1	11.5	6.3	559.1
0.0	17.0	443.7	11.5	6.5	559.1
0.0	19.5	386.2	11.5	6.9	559.1
4.8	19.4	111.9	11.4	5.3	559.1
0.0	16.2	347.5	11.4	5.5	559.1
0.0	15.7	430.1	11.4	6.1	559.1
0.0	14.9	428.8	11.3	5.7	559.1
0.0	13.9	428.8	11.3	5.8	559.1
0.0	14.6	421.3	11.3	6.0	559.1
0.0	14.9	415.4	11.2	6.4	559.1
0.0	15.6	413.1	11.2	6.2	559.1
0.0	15.2	407.6	11.2	6.1	559.1
0.0	14.8	409.3	11.2	6.2	559.1
0.0	14.3	410.6	11.1	6.8	559.1
0.0	15.7	414.3	11.1	7.2	559.1
0.0	17.2	404.5	11.1	7.0	559.1
0.0	18.0	391.3	11.1	6.8	559.1
0.0	18.6	382.3	11.0	6.1	559.1
0.1	16.6	286.8	11.0	5.9	559.1
0.0	14.4	387.8	11.0	6.1	560.5
0.0	15.2	385.7	10.9	6.0	560.5
0.0	14.5	388.5	10.9	6.0	560.5
0.0	14.4	372.7	10.9	5.9	560.5
0.0	15.5	367.9	10.9	6.4	560.5
0.0	16.5	364.2	10.8	6.6	560.5
0.0	16.0	358.9	10.8	6.3	560.5
0.0	17.7	358.5	10.8	6.4	560.5
0.0	11.7	368.5	10.8	4.8	560.5
0.0	12.0	370.5	10.7	5.5	560.5
0.0	8.6	377.4	10.7	4.1	560.5
0.0	8.4	367.6	10.7	4.5	560.5
0.0	11.5	363.1	10.7	5.7	560.5
0.0	13.0	358.5	10.7	5.9	560.5
0.0	15.2	313.7	10.6	6.1	560.5
0.0	17.1	311.1	10.6	6.4	560.5
0.0	19.3	269.1	10.6	5.9	560.5
3.6	18.2	300.4	10.6	6.6	560.5
0.0	12.4	339.5	10.5	4.5	560.5
0.0	10.5	227.3	10.5	3.8	560.5
0.0	7.4	272.8	10.5	3.2	560.5
0.3	9.3	263.3	10.5	3.4	560.5
0.0	7.0	91.5	10.5	3.1	560.5
0.0	8.0	324.5	10.4	3.8	560.5
0.0	8.5	329.3	10.4	4.3	560.5
0.0	11.1	324.2	10.4	4.8	560.5
0.0	12.1	311.7	10.4	4.9	560.5
0.0	9.5	316.8	10.4	3.9	560.5
0.0	7.7	325.2	10.4	4.0	560.5
0.0	9.2	306.8	10.3	4.6	560.5
0.0	8.2	321.2	10.3	4.1	562.6
0.0	10.8	315.5	10.3	5.2	562.6
0.0	12.9	303.5	10.3	5.4	562.6
0.4	15.0	284.3	10.3	4.8	562.6
6.9	11.3	54.8	10.3	2.8	562.6
1.4	9.5	40.6	10.3	1.9	562.6
0.3	11.5	232.6	10.3	4.0	562.6
1.0	13.6	230.4	10.2	4.3	562.6
4.3	11.7	81.8	10.2	2.4	562.6
4.5	11.0	23.3	10.2	1.2	562.6
5.9	12.0	23.4	10.2	1.6	562.6
27.0	10.7	23.2	10.2	1.8	562.6
3.4	8.1	24.1	10.2	2.5	562.6
0.0	5.0	210.6	10.2	2.2	562.6
0.2	5.7	212.4	10.2	2.3	562.6
0.5	5.0	168.0	10.2	2.5	562.6
0.1	4.6	299.8	10.2	3.2	562.6
0.1	6.6	262.1	10.2	3.7	562.6
0.0	9.5	150.9	10.2	3.1	562.6
0.4	11.3	126.0	10.2	3.3	562.6
0.3	11.0	123.7	10.2	2.8	562.6
0.2	7.6	168.0	10.2	3.2	562.6
0.2	7.8	266.1	10.2	3.3	562.6
0.4	9.5	229.8	10.2	3.8	562.6
0.7	11.2	179.0	10.2	3.7	562.6
3.8	11.8	79.2	10.2	2.5	562.6
2.9	9.1	26.3	10.2	2.5	562.6
0.3	7.1	101.4	10.2	2.8	562.6
0.0	8.1	273.1	10.2	3.6	562.6
0.6	9.4	246.0	10.2	3.9	562.6
0.2	3.6	212.8	10.2	2.4	562.6
0.0	2.3	249.1	10.2	2.3	565.2
0.0	3.3	308.7	10.2	2.8	565.2
0.0	4.5	304.2	10.2	3.1	565.2
0.0	4.3	92.4	10.3	2.6	565.2
0.3	3.8	123.9	10.3	1.8	565.2
0.0	4.2	78.0	10.3	2.5	565.2
0.2	2.6	277.9	10.3	3.0	565.2
0.0	-3.5	326.2	10.3	1.5	565.2
0.0	-0.4	324.9	10.3	2.7	565.2
0.0	4.6	294.9	10.3	3.7	565.2
0.0	7.7	322.6	10.3	4.5	565.2
0.0	7.5	318.7	10.4	4.8	565.2
0.0	1.5	336.3	10.4	2.6	565.2
0.0	5.5	271.7	10.4	4.2	565.2
0.0	11.0	321.5	10.4	5.7	565.2
2.9	12.2	132.7	10.4	4.7	565.2
0.3	6.9	55.3	10.4	2.7	565.2
0.0	3.8	338.3	10.5	3.2	565.2
0.0	7.4	334.3	10.5	4.1	565.2
0.0	9.4	297.6	10.5	4.3	565.2
0.0	5.7	63.2	10.5	1.7	565.2
0.0	4.4	75.3	10.5	3.0	565.2
0.0	6.0	356.9	10.5	4.5	565.2
0.0	8.5	355.1	10.6	5.0	565.2
0.0	10.1	347.7	10.6	5.0	565.2
0.0	11.1	326.5	10.6	5.3	565.2
0.0	12.9	357.1	10.6	5.8	565.2
0.0	15.5	352.1	10.7	6.4	565.2
0.0	6.4	367.2	10.7	4.4	565.2
0.0	4.6	377.4	10.7	3.7	565.2
1.3	5.6	82.8	10.7	2.9	565.2
0.0	7.0	287.6	10.8	4.1	566.5
0.0	3.2	386.7	10.8	3.6	566.5
0.0	7.1	391.1	10.8	5.1	566.5
0.0	10.6	385.6	10.8	6.2	566.5
0.0	10.1	390.2	10.9	5.7	566.5
0.0	13.7	384.5	10.9	6.4	566.5
0.0	14.3	269.0	10.9	6.4	566.5
8.8	9.7	90.1	10.9	2.8	566.5
0.1	10.2	342.1	11.0	5.3	566.5
0.0	9.2	399.0	11.0	5.5	566.5
1.0	14.4	300.3	11.0	6.0	566.5
15.6	13.9	39.1	11.0	2.9	566.5
22.8	14.3	94.1	11.1	3.4	566.5
3.2	10.9	30.1	11.1	3.4	566.5
2.0	11.7	381.3	11.1	4.3	566.5
6.6	12.1	107.7	11.2	3.1	566.5
0.3	13.4	380.7	11.2	5.6	566.5
14.6	13.2	175.3	11.2	4.4	566.5
9.7	14.2	73.5	11.2	6.1	566.5
2.2	4.9	77.0	11.3	3.8	566.5
0.6	0.4	267.9	11.3	2.1	566.5
0.1	3.4	377.6	11.3	3.8	566.5
0.0	4.9	445.9	11.4	4.8	566.5
0.0	1.0	459.2	11.4	3.0	566.5
0.7	6.3	211.8	11.4	4.3	566.5
18.2	9.7	36.9	11.4	4.7	566.5
19.5	13.0	83.0	11.5	5.8	566.5
10.5	7.0	93.1	11.5	2.7	566.5
0.0	5.9	362.7	11.5	4.1	566.8
2.7	12.9	260.1	11.6	6.0	566.8
19.4	6.3	22.5	11.6	6.7	566.8
8.9	3.2	99.6	11.6	2.3	566.8
7.0	4.7	32.6	11.7	2.0	566.8
0.0	3.3	388.3	11.7	3.4	566.8
3.2	5.0	139.4	11.7	2.7	566.8
0.4	8.1	195.1	11.7	4.7	566.8
7.3	16.1	180.2	11.8	7.2	566.8
3.1	11.6	84.9	11.8	5.3	566.8
7.6	14.7	181.9	11.8	7.5	566.8
1.2	9.1	193.4	11.9	3.4	566.8
12.7	12.7	256.4	11.9	5.7	566.8
10.3	15.9	61.7	11.9	5.7	566.8
4.8	10.3	87.8	12.0	3.6	566.8
2.6	8.2	46.3	12.0	2.6	566.8
0.9	8.3	99.6	12.0	2.7	566.8
2.4	9.1	110.2	12.1	3.8	566.8
0.5	8.5	239.2	12.1	5.6	566.8
1.7	12.4	450.1	12.1	6.5	566.8
6.1	15.8	188.5	12.1	7.0	566.8
0.4	10.6	168.7	12.2	5.7	566.8
0.0	10.5	377.3	12.2	5.6	566.8
5.5	19.0	339.3	12.2	8.5	566.8
25.1	9.1	29.3	12.3	8.3	566.8
9.5	6.2	89.1	12.3	2.3	566.8
8.0	5.5	91.5	12.3	4.2	566.8
0.2	11.1	392.5	12.4	6.7	566.8
3.5	11.4	141.2	12.4	4.9	566.8
0.0	13.2	526.3	12.4	8.2	566.8
0.0	14.4	542.5	12.4	7.3	566.8
0.1	15.0	314.4	12.5	7.3	567.0
0.0	16.9	468.7	12.5	8.6	567.0
0.0	18.2	560.1	12.5	7.2	567.0
0.0	20.5	524.5	12.6	8.8	567.0
0.2	22.7	520.9	12.6	9.5	567.0
0.8	22.9	460.0	12.6	10.6	567.0
0.0	20.4	485.2	12.7	7.6	567.0
5.9	24.4	368.0	12.7	9.7	567.0
41.7	18.9	176.2	12.7	10.4	567.0
0.1	12.4	194.5	12.7	6.9	567.0
2.3	14.4	409.2	12.8	6.6	567.0
22.1	13.9	65.0	12.8	4.1	567.0
0.2	15.7	454.3	12.8	7.2	567.0
5.7	17.7	209.1	12.9	6.9	567.0
0.0	13.2	605.8	12.9	7.8	567.0
0.0	15.4	599.0	12.9	8.1	567.0
0.4	16.9	539.4	13.0	7.5	567.0
1.3	15.6	66.2	13.0	3.8	567.0
4.2	21.0	305.9	13.0	9.2	567.0
19.2	20.9	264.3	13.0	7.1	567.0
17.6	21.8	544.1	13.1	8.6	567.0
1.1	24.0	525.8	13.1	10.5	567.0
11.7	21.5	423.1	13.1	11.7	567.0
0.0	14.7	632.3	13.1	7.7	567.0
0.0	17.7	574.3	13.2	8.6	567.0
0.0	19.5	601.9	13.2	8.6	567.0
1.2	22.0	441.2	13.2	10.3	567.0
0.9	23.0	597.6	13.3	12.1	567.0
1.7	20.5	488.6	13.3	11.6	567.0
0.2	14.9	335.5	13.3	7.8	567.0
10.1	15.5	560.7	13.3	8.3	567.4
4.5	12.1	106.1	13.4	4.7	567.4
0.1	16.1	520.0	13.4	8.7	567.4
0.2	17.2	590.7	13.4	8.4	567.4
42.7	18.9	371.7	13.4	8.5	567.4
0.9	15.7	134.5	13.5	7.2	567.4
0.1	19.0	576.3	13.5	9.9	567.4
0.0	23.2	626.1	13.5	11.1	567.4
0.0	25.9	443.2	13.5	8.5	567.4
0.0	26.4	374.8	13.6	8.1	567.4
39.5	25.6	451.4	13.6	11.7	567.4
8.6	14.2	66.5	13.6	9.0	567.4
0.1	16.3	493.4	13.6	8.0	567.4
34.6	15.3	83.3	13.6	4.0	567.4
50.3	19.1	63.2	13.7	6.1	567.4
2.4	17.6	113.4	13.7	5.4	567.4
0.9	16.0	102.5	13.7	5.4	567.4
0.3	17.1	560.2	13.7	7.9	567.4
0.0	18.5	467.5	13.7	9.0	567.4
0.1	20.7	440.3	13.8	9.8	567.4
0.0	22.7	606.5	13.8	11.4	567.4
29.2	23.0	146.0	13.8	8.4	567.4
26.3	21.5	29.8	13.8	4.3	567.4
2.3	20.5	118.9	13.8	6.4	567.4
43.1	21.7	159.0	13.9	6.5	567.4
0.4	22.1	236.6	13.9	8.3	567.4
0.0	21.2	614.7	13.9	10.4	567.4
0.0	19.6	395.9	13.9	7.9	567.4
29.9	21.8	110.6	13.9	8.5	567.4
24.8	21.5	31.3	13.9	8.2	567.4
0.2	19.3	163.2	13.9	6.8	567.4
0.1	22.4	560.9	14.0	10.3	565.8
0.8	22.4	197.6	14.0	8.1	565.8
7.0	22.5	66.1	14.0	6.2	565.8
4.4	24.3	217.0	14.0	9.4	565.8
0.2	24.0	312.0	14.0	10.1	565.8
5.8	20.1	124.9	14.0	6.5	565.8
0.0	19.8	327.2	14.0	8.9	565.8
0.0	22.4	459.1	14.0	9.2	565.8
0.0	22.2	445.4	14.0	9.7	565.8
0.0	21.3	164.5	14.0	6.9	565.8
1.1	21.4	96.6	14.1	5.4	565.8
27.7	19.4	75.4	14.1	5.6	565.8
49.5	19.4	75.5	14.1	4.6	565.8
32.8	20.0	58.9	14.1	3.9	565.8
1.4	20.7	238.4	14.1	7.3	565.8
0.3	21.4	427.3	14.1	8.8	565.8
0.1	23.5	442.1	14.1	9.4	565.8
2.2	22.5	173.1	14.1	6.1	565.8
12.1	23.0	59.1	14.1	4.5	565.8
44.4	23.2	33.5	14.1	4.0	565.8
7.8	23.6	89.0	14.1	5.5	565.8
16.6	24.5	176.5	14.1	9.2	565.8
0.8	22.7	221.4	14.1	6.3	565.8
0.2	24.5	352.1	14.1	8.8	565.8
3.6	25.3	282.4	14.1	8.3	565.8
13.2	25.6	352.1	14.1	8.7	565.8
2.6	24.9	117.5	14.1	6.9	565.8
0.1	24.6	142.2	14.1	7.0	565.8
8.2	26.0	501.5	14.1	10.6	565.8
7.4	26.4	517.3	14.1	11.6	565.8
8.6	27.1	589.7	14.1	10.6	562.7
10.3	26.7	446.0	14.0	9.8	562.7
13.8	26.7	405.0	14.0	9.4	562.7
0.0	28.4	587.8	14.0	11.2	562.7
1.7	28.8	643.8	14.0	12.2	562.7
1.2	29.8	645.2	14.0	12.8	562.7
5.2	28.6	537.0	14.0	11.3	562.7
4.9	28.3	534.6	14.0	11.2	562.7
4.4	27.9	561.6	14.0	11.7	562.7
1.2	28.4	570.8	14.0	10.6	562.7
1.3	28.7	547.7	14.0	10.5	562.7
1.4	28.4	456.9	13.9	10.2	562.7
12.0	28.0	531.6	13.9	10.8	562.7
36.6	26.9	327.8	13.9	8.3	562.7
24.7	26.5	295.2	13.9	7.6	562.7
10.4	27.8	603.2	13.9	10.6	562.7
11.3	27.9	570.1	13.9	10.2	562.7
2.3	28.1	539.3	13.9	10.4	562.7
3.7	28.0	623.6	13.8	11.3	562.7
5.0	27.6	549.3	13.8	10.4	562.7
11.1	26.5	508.4	13.8	9.7	562.7
11.8	25.7	348.0	13.8	7.6	562.7
21.2	26.9	368.3	13.8	9.1	562.7
15.0	27.1	336.2	13.7	8.9	562.7
21.0	26.9	403.8	13.7	8.1	562.7
25.0	26.9	300.4	13.7	7.9	562.7
11.0	27.5	244.9	13.7	8.4	562.7
10.7	28.2	603.5	13.7	10.8	562.7
0.1	27.9	605.7	13.6	10.3	562.7
1.7	27.8	495.0	13.6	9.3	562.7
0.2	28.2	573.8	13.6	9.6	562.7
0.5	27.4	312.2	13.6	7.6	560.7
9.8	26.5	472.2	13.6	9.5	560.7
0.7	27.5	562.8	13.5	9.5	560.7
0.1	28.0	546.5	13.5	9.9	560.7
6.5	27.2	540.1	13.5	10.0	560.7
0.9	26.2	232.3	13.5	6.4	560.7
11.4	26.5	426.5	13.4	8.6	560.7
1.8	27.2	564.4	13.4	9.8	560.7
15.6	26.4	536.6	13.4	9.1	560.7
5.0	26.2	264.3	13.4	7.7	560.7
4.9	27.6	577.6	13.3	10.3	560.7
2.0	28.3	579.6	13.3	10.6	560.7
0.0	28.8	551.3	13.3	10.5	560.7
0.0	29.5	586.4	13.3	10.5	560.7
0.8	29.4	574.5	13.2	10.8	560.7
1.9	29.6	552.6	13.2	10.9	560.7
2.8	29.3	524.6	13.2	11.1	560.7
14.3	28.1	497.0	13.2	9.9	560.7
14.7	26.3	362.4	13.1	7.9	560.7
24.9	25.5	344.9	13.1	8.0	560.7
19.6	26.1	419.2	13.1	8.7	560.7
14.2	26.6	428.1	13.1	8.7	560.7
13.1	26.4	393.9	13.0	8.6	560.7
14.3	26.7	448.0	13.0	9.0	560.7
10.3	26.7	473.7	13.0	9.4	560.7
14.4	26.7	408.8	12.9	8.7	560.7
14.0	26.7	347.8	12.9	8.1	560.7
3.9	27.4	466.4	12.9	9.7	560.7
0.3	27.2	512.3	12.9	9.5	560.7
8.7	26.5	425.8	12.8	8.9	560.7
9.9	26.4	462.1	12.8	8.3	560.7
15.8	26.4	472.8	12.8	8.3	561.1
14.4	26.8	455.1	12.7	8.7	561.1
15.8	26.1	403.6	12.7	7.7	561.1
14.3	25.8	359.4	12.7	6.5	561.1
9.9	26.2	360.2	12.7	8.5	561.1
19.1	26.4	295.0	12.6	8.3	561.1
18.5	26.1	409.2	12.6	8.5	561.1
10.9	25.8	387.6	12.6	8.3	561.1
0.9	25.4	280.9	12.5	7.2	561.1
0.5	26.1	446.6	12.5	8.2	561.1
0.2	26.5	464.6	12.5	8.7	561.1
0.0	27.0	514.2	12.4	9.3	561.1
0.1	26.5	500.9	12.4	8.6	561.1
0.0	27.3	513.2	12.4	9.5	561.1
7.5	26.5	468.2	12.4	10.0	561.1
0.1	22.5	200.6	12.3	7.1	561.1
0.1	20.9	136.1	12.3	5.2	561.1
0.0	20.9	466.9	12.3	7.8	561.1
0.0	21.9	437.1	12.2	8.9	561.1
0.0	23.3	512.9	12.2	8.7	561.1
0.0	23.8	507.0	12.2	8.9	561.1
0.0	23.9	503.7	12.1	9.6	561.1
0.0	23.5	508.0	12.1	9.4	561.1
0.0	24.3	504.8	12.1	8.9	561.1
0.0	26.2	483.7	12.1	9.4	561.1
0.1	26.4	400.3	12.0	10.4	561.1
0.0	19.6	494.0	12.0	8.3	561.1
0.0	19.4	481.8	12.0	8.7	561.1
0.0	20.6	424.0	11.9	8.9	561.1
0.0	21.1	486.0	11.9	8.8	561.1
0.0	20.9	469.1	11.9	8.8	561.6
0.0	21.2	481.8	11.8	9.0	561.6
0.0	20.9	474.5	11.8	9.2	561.6
0.0	21.4	473.2	11.8	8.9	561.6
0.0	21.4	475.5	11.8	8.9	561.6
0.0	21.7	467.4	11.7	9.1	561.6
0.0	21.3	466.3	11.7	8.7	561.6
0.0	21.2	461.0	11.7	8.9	561.6
0.0	22.1	462.2	11.6	8.8	561.6
0.0	22.5	457.3	11.6	8.8	561.6
0.0	23.0	436.7	11.6	8.2	561.6
0.0	21.2	443.0	11.5	8.7	561.6
0.0	17.8	438.0	11.5	7.2	561.6
0.0	16.3	439.7	11.5	6.9	561.6
0.0	14.4	448.5	11.5	6.3	561.6
0.0	13.5	445.0	11.4	6.5	561.6
0.0	15.4	445.4	11.4	6.7	561.6
0.0	17.8	434.7	11.4	7.0	561.6
0.1	20.3	412.6	11.3	7.3	561.6
0.0	22.2	403.4	11.3	7.5	561.6
0.0	23.2	401.4	11.3	7.5	561.6
0.0	23.5	232.4	11.3	6.6	561.6
0.0	23.3	259.6	11.2	7.3	561.6
0.0	23.7	389.9	11.2	7.1	561.6
0.6	23.6	300.1	11.2	7.5	561.6
0.1	15.5	255.6	11.1	5.9	561.6
0.0	14.4	412.0	11.1	6.0	561.6
0.0	15.7	400.1	11.1	6.5	561.6
0.0	17.5	351.3	11.1	6.5	561.6
0.0	17.2	390.3	11.0	7.1	561.6
0.0	18.4	386.7	11.0	7.4	561.6
0.0	16.7	376.5	11.0	6.9	563.0
0.0	14.1	391.3	11.0	5.4	563.0
0.0	16.1	323.7	10.9	5.7	563.0
0.0	17.8	365.6	10.9	6.4	563.0
0.0	18.4	360.9	10.9	6.4	563.0
0.0	17.0	366.3	10.8	5.8	563.0
0.0	18.0	356.7	10.8	6.3	563.0
0.0	19.4	358.5	10.8	6.5	563.0
8.3	16.7	290.9	10.8	7.3	563.0
0.0	8.1	363.0	10.7	3.9	563.0
0.0	6.2	373.3	10.7	3.8	563.0
0.0	10.8	356.5	10.7	4.9	563.0
0.0	13.1	193.2	10.7	4.9	563.0
0.7	16.6	310.7	10.7	5.8	563.0
0.2	14.5	168.2	10.6	5.2	563.0
0.0	15.6	292.9	10.6	6.0	563.0
0.0	17.5	277.9	10.6	5.6	563.0
0.1	12.8	195.1	10.6	4.7	563.0
0.0	14.0	322.9	10.5	4.4	563.0
1.5	17.5	156.8	10.5	4.8	563.0
7.7	16.6	128.9	10.5	4.1	563.0
0.6	16.7	119.3	10.5	3.8	563.0
0.8	17.2	145.8	10.5	4.0	563.0
0.6	17.3	195.9	10.5	3.6	563.0
0.8	17.2	240.3	10.4	4.3	563.0
0.0	10.5	322.1	10.4	4.4	563.0
0.0	10.2	326.8	10.4	4.0	563.0
0.0	13.9	320.3	10.4	5.0	563.0
0.0	14.9	310.1	10.4	5.9	563.0
2.1	9.4	120.2	10.4	3.0	563.0
0.6	3.2	37.4	10.3	2.0	565.1
0.0	4.8	290.6	10.3	3.0	565.1
0.0	3.1	324.0	10.3	3.0	565.1
0.0	5.8	254.3	10.3	3.2	565.1
0.0	7.3	223.3	10.3	3.3	565.1
0.0	6.1	315.1	10.3	3.7	565.1
0.0	7.1	301.4	10.3	3.7	565.1
0.0	8.8	314.3	10.3	4.7	565.1
0.0	10.6	316.4	10.2	5.3	565.1
0.0	11.0	298.9	10.2	4.8	565.1
0.0	11.3	293.0	10.2	4.7	565.1
0.0	9.2	291.1	10.2	3.9	565.1
5.0	5.6	120.7	10.2	1.7	565.1
3.8	1.8	26.5	10.2	2.2	565.1
0.0	2.8	196.5	10.2	2.3	565.1
5.4	9.0	285.8	10.2	4.3	565.1
6.0	9.1	17.7	10.2	1.6	565.1
0.9	8.2	68.7	10.2	2.5	565.1
0.0	2.7	303.5	10.2	2.7	565.1
0.0	4.7	303.5	10.2	3.4	565.1
0.0	3.0	304.5	10.2	2.9	565.1
0.0	7.6	297.5	10.2	3.8	565.1
0.0	6.7	306.5	10.2	3.8	565.1
0.0	5.7	306.4	10.2	3.8	565.1
0.0	7.1	268.7	10.2	3.9	565.1
0.0	7.5	298.7	10.2	3.8	565.1
0.0	7.3	172.8	10.2	3.6	565.1
0.0	7.5	303.1	10.2	4.0	565.1
0.0	9.7	305.7	10.2	4.0	565.1
0.0	10.8	307.0	10.2	5.0	565.1
0.0	10.9	314.3	10.2	5.2	565.1
0.0	6.1	315.8	10.2	3.1	567.7
0.0	9.9	142.9	10.2	4.0	567.7
8.7	11.1	199.1	10.2	3.8	567.7
0.0	5.2	295.2	10.2	4.0	567.7
0.0	-0.2	287.0	10.3	1.8	567.7
0.0	4.6	314.5	10.3	3.8	567.7
7.9	6.9	251.0	10.3	3.8	567.7
17.7	3.1	31.7	10.3	1.6	567.7
1.2	9.1	213.7	10.3	3.7	567.7
4.7	3.1	30.2	10.3	2.6	567.7
0.0	-0.3	239.1	10.3	1.7	567.7
0.0	-2.9	199.8	10.3	1.8	567.7
0.0	1.0	331.5	10.4	3.0	567.7
0.1	4.1	286.9	10.4	3.6	567.7
0.4	7.2	300.4	10.4	3.9	567.7
4.2	11.5	131.2	10.4	3.4	567.7
4.4	14.0	122.4	10.4	5.2	567.7
0.0	4.2	154.6	10.4	2.9	567.7
0.0	4.6	325.1	10.5	3.0	567.7
5.9	4.3	40.6	10.5	2.4	567.7
0.2	7.5	265.4	10.5	3.9	567.7
15.1	14.0	250.2	10.5	4.4	567.7
8.8	9.8	228.3	10.5	5.9	567.7
2.5	-3.0	48.8	10.6	1.6	567.7
6.0	-6.6	37.1	10.6	1.0	567.7
0.0	-6.4	365.5	10.6	1.6	567.7
0.0	-4.2	327.6	10.6	1.9	567.7
3.1	-1.0	236.0	10.7	1.9	567.7
11.2	1.4	19.4	10.7	1.5	567.7
4.3	1.6	40.2	10.7	1.1	567.7
0.0	2.5	219.4	10.7	2.7	567.7
11.1	4.5	137.2	10.7	2.6	569.0
10.3	4.6	45.8	10.8	1.5	569.0
0.8	4.3	99.0	10.8	2.7	569.0
0.1	6.0	239.6	10.8	3.3	569.0
0.7	4.4	231.5	10.8	3.0	569.0
0.7	4.0	255.4	10.9	3.0	569.0
0.8	6.6	318.8	10.9	4.0	569.0
0.0	1.0	135.0	10.9	1.9	569.0
0.6	2.9	387.7	11.0	3.1	569.0
6.7	4.9	85.3	11.0	2.3	569.0
16.8	8.0	59.7	11.0	2.7	569.0
5.1	9.3	45.1	11.0	3.2	569.0
5.4	2.9	38.8	11.1	3.6	569.0
0.0	-2.5	426.8	11.1	2.2	569.0
0.0	1.3	424.1	11.1	3.9	569.0
0.0	3.8	387.3	11.1	4.6	569.0
6.5	7.6	361.7	11.2	4.3	569.0
6.4	4.9	45.2	11.2	2.6	569.0
0.0	3.5	318.4	11.2	4.0	569.0
0.0	5.7	431.0	11.3	4.4	569.0
0.0	6.0	195.2	11.3	3.8	569.0
0.3	7.8	316.2	11.3	4.4	569.0
12.2	7.1	175.1	11.3	3.1	569.0
29.5	11.8	33.0	11.4	5.5	569.0
16.7	11.0	50.6	11.4	6.2	569.0
3.7	5.0	106.9	11.4	2.4	569.0
0.3	2.8	236.8	11.5	3.7	569.0
0.0	3.4	336.5	11.5	3.3	569.0
0.0	6.6	457.6	11.5	4.3	569.3
0.0	5.9	208.1	11.6	3.6	569.3
3.9	7.6	39.7	11.6	3.8	569.3
21.7	12.4	78.5	11.6	5.4	569.3
1.2	3.6	72.1	11.6	3.9	569.3
0.1	3.3	202.4	11.7	3.7	569.3
0.0	3.8	489.5	11.7	4.5	569.3
0.0	9.2	486.6	11.7	5.9	569.3
0.0	12.8	484.3	11.8	7.0	569.3
15.4	12.2	198.3	11.8	5.4	569.3
30.0	8.1	30.7	11.8	2.3	569.3
19.8	11.8	31.0	11.9	5.4	569.3
22.0	9.2	54.4	11.9	7.1	569.3
0.6	6.9	399.0	11.9	5.4	569.3
0.0	7.6	486.7	12.0	5.4	569.3
0.0	9.0	507.9	12.0	5.0	569.3
0.0	12.6	521.7	12.0	7.6	569.3
0.0	15.4	526.3	12.0	8.3	569.3
0.0	19.8	441.4	12.1	9.6	569.3
0.0	21.8	336.3	12.1	8.7	569.3
0.2	23.2	351.0	12.1	10.2	569.3
5.6	10.7	49.8	12.2	7.7	569.3
0.0	11.4	484.5	12.2	6.5	569.3
9.0	8.8	73.2	12.2	4.4	569.3
0.0	11.8	538.0	12.3	6.4	569.3
3.2	13.5	193.0	12.3	5.4	569.3
0.0	12.5	548.0	12.3	7.0	569.3
0.0	19.8	549.4	12.4	9.1	569.3
0.0	17.9	526.6	12.4	10.7	569.3
0.0	14.5	507.0	12.4	7.3	569.3
0.0	14.5	187.1	12.4	6.1	569.3
5.3	15.3	402.3	12.5	7.5	569.5
21.4	16.2	68.2	12.5	7.3	569.5
1.6	10.1	121.6	12.5	7.6	569.5
0.0	9.5	404.1	12.6	6.3	569.5
0.0	13.1	568.1	12.6	7.8	569.5
0.0	17.6	423.3	12.6	9.1	569.5
14.5	19.7	361.4	12.7	9.1	569.5
0.0	10.8	310.2	12.7	6.3	569.5
0.0	9.8	334.5	12.7	6.4	569.5
0.0	17.0	549.5	12.7	9.3	569.5
0.0	20.4	460.7	12.8	9.1	569.5
10.6	13.6	154.1	12.8	7.8	569.5
0.6	16.9	244.2	12.8	9.3	569.5
11.5	17.7	201.4	12.9	10.2	569.5
0.7	15.8	271.8	12.9	7.2	569.5
15.0	16.6	163.7	12.9	8.7	569.5
0.0	13.7	608.9	12.9	7.8	569.5
0.0	16.1	302.0	13.0	7.2	569.5
6.4	21.2	282.6	13.0	7.5	569.5
36.7	20.7	109.7	13.0	9.8	569.5
5.6	11.5	48.5	13.1	5.6	569.5
6.9	7.4	72.6	13.1	3.6	569.5
0.0	10.6	598.4	13.1	7.2	569.5
0.0	11.8	343.0	13.1	7.3	569.5
0.1	16.9	584.6	13.2	9.2	569.5
8.8	14.7	45.0	13.2	2.4	569.5
43.0	18.0	49.4	13.2	6.1	569.5
62.2	12.3	52.9	13.2	10.8	569.5
0.0	7.6	328.4	13.3	6.3	569.5
0.3	11.9	638.2	13.3	8.3	569.5
0.1	14.0	641.0	13.3	8.8	569.9
0.0	15.9	634.0	13.4	9.4	569.9
0.0	19.0	620.7	13.4	9.5	569.9
0.0	19.2	432.6	13.4	9.3	569.9
0.0	21.2	616.5	13.4	10.6	569.9
0.0	23.2	616.2	13.5	10.9	569.9
2.1	23.9	588.2	13.5	10.6	569.9
7.4	19.4	90.7	13.5	7.1	569.9
0.0	19.4	606.7	13.5	8.8	569.9
0.1	20.6	571.4	13.5	10.4	569.9
0.1	21.5	626.6	13.6	11.5	569.9
0.0	22.3	635.5	13.6	11.7	569.9
0.0	24.3	599.9	13.6	11.6	569.9
0.7	20.3	197.2	13.6	10.2	569.9
4.9	20.3	612.2	13.7	9.2	569.9
0.0	24.5	604.2	13.7	11.5	569.9
0.6	24.1	403.5	13.7	10.6	569.9
3.7	21.9	182.6	13.7	10.7	569.9
4.4	16.0	202.4	13.7	6.3	569.9
0.1	19.7	637.8	13.8	10.3	569.9
0.0	22.2	653.9	13.8	10.7	569.9
0.0	25.1	647.2	13.8	12.1	569.9
0.2	25.2	576.0	13.8	12.0	569.9
3.0	19.8	189.5	13.8	7.2	569.9
0.0	21.3	666.7	13.8	11.1	569.9
1.9	22.5	635.6	13.9	9.9	569.9
2.4	23.6	280.1	13.9	8.8	569.9
16.1	23.1	324.4	13.9	9.4	569.9
4.0	24.8	433.8	13.9	9.4	569.9
34.2	19.7	62.4	13.9	7.9	569.9
18.9	17.5	51.9	13.9	4.3	569.9
4.6	17.1	88.7	13.9	4.3	568.2
3.6	17.8	42.6	14.0	3.8	568.2
0.0	19.3	183.7	14.0	6.2	568.2
0.0	22.0	473.5	14.0	9.8	568.2
0.0	23.1	642.1	14.0	11.7	568.2
0.0	24.2	585.5	14.0	10.7	568.2
7.1	22.1	97.1	14.0	10.0	568.2
30.0	18.5	53.7	14.0	4.4	568.2
1.2	21.1	139.4	14.0	7.0	568.2
0.1	22.5	583.6	14.0	9.9	568.2
0.5	25.4	502.9	14.0	10.7	568.2
0.1	24.9	402.9	14.1	9.5	568.2
0.7	24.5	292.6	14.1	8.7	568.2
1.6	23.4	180.2	14.1	6.6	568.2
3.2	23.3	104.5	14.1	5.2	568.2
1.2	22.5	126.1	14.1	7.4	568.2
18.4	23.0	349.5	14.1	7.5	568.2
4.2	19.9	57.7	14.1	8.0	568.2
1.0	19.3	293.9	14.1	8.1	568.2
0.3	22.6	562.9	14.1	10.2	568.2
1.2	24.8	417.5	14.1	10.1	568.2
9.0	26.6	580.9	14.1	10.0	568.2
2.4	27.7	602.3	14.1	11.3	568.2
10.6	24.1	326.6	14.1	10.4	568.2
0.8	27.0	595.4	14.1	10.8	568.2
35.6	24.0	119.6	14.1	7.6	568.2
3.6	24.7	570.4	14.1	11.2	568.2
0.1	27.1	638.2	14.1	13.0	568.2
0.1	28.5	643.3	14.1	11.4	568.2
8.2	28.0	587.0	14.1	10.3	568.2
23.9	26.3	351.1	14.1	8.0	565.1
14.3	27.0	333.9	14.0	8.4	565.1
0.6	27.7	315.7	14.0	8.4	565.1
0.0	27.8	372.7	14.0	8.4	565.1
0.1	28.9	534.4	14.0	9.5	565.1
2.3	29.4	566.9	14.0	10.7	565.1
16.3	27.8	407.4	14.0	10.9	565.1
7.1	27.7	480.1	14.0	10.3	565.1
14.0	27.0	339.7	14.0	9.3	565.1
13.8	26.9	427.3	14.0	10.4	565.1
9.4	27.5	599.8	14.0	10.8	565.1
10.7	27.2	597.9	13.9	11.2	565.1
16.6	26.0	553.4	13.9	10.3	565.1
12.3	25.0	531.7	13.9	8.5	565.1
10.7	25.0	388.2	13.9	8.5	565.1
14.3	25.7	433.8	13.9	8.7	565.1
2.9	26.6	553.7	13.9	10.0	565.1
0.0	26.2	505.2	13.9	9.9	565.1
0.0	26.8	571.6	13.8	10.2	565.1
0.2	28.5	542.3	13.8	10.1	565.1
18.6	26.7	310.9	13.8	9.3	565.1
13.5	26.3	532.3	13.8	10.3	565.1
4.6	26.5	583.8	13.8	9.8	565.1
3.8	27.1	557.1	13.8	10.8	565.1
4.7	28.0	602.9	13.7	10.7	565.1
4.7	28.7	573.4	13.7	11.0	565.1
0.2	29.1	542.4	13.7	11.3	565.1
0.0	29.9	590.0	13.7	11.4	565.1
10.5	28.5	430.3	13.7	11.1	565.1
38.3	26.9	333.5	13.6	9.2	565.1
1.5	25.1	285.8	13.6	9.1	565.1
0.0	25.8	482.4	13.6	9.9	563.1
0.0	25.9	477.0	13.6	10.4	563.1
0.5	25.4	225.3	13.5	6.9	563.1
8.3	25.4	251.1	13.5	6.5	563.1
13.9	25.9	263.1	13.5	8.4	563.1
10.6	26.6	487.1	13.5	8.7	563.1
31.0	26.2	281.9	13.4	8.4	563.1
19.8	25.4	162.7	13.4	7.7	563.1
16.3	25.9	207.1	13.4	7.3	563.1
15.9	25.9	166.6	13.4	7.2	563.1
21.0	27.1	450.2	13.4	9.8	563.1
11.1	28.0	572.6	13.3	9.6	563.1
5.9	28.1	453.9	13.3	8.9	563.1
0.0	28.4	463.4	13.3	9.5	563.1
10.3	27.8	518.6	13.2	9.1	563.1
6.3	28.8	515.1	13.2	10.4	563.1
7.8	27.9	469.4	13.2	10.0	563.1
6.6	28.1	529.8	13.2	10.0	563.1
8.5	27.9	510.1	13.1	9.8	563.1
4.7	27.9	548.4	13.1	9.5	563.1
10.0	27.7	463.1	13.1	8.3	563.1
11.9	26.9	242.2	13.1	7.8	563.1
10.7	25.9	218.0	13.0	7.9	563.1
1.1	26.6	518.1	13.0	9.8	563.1
0.0	26.7	554.3	13.0	10.0	563.1
0.3	27.7	527.4	12.9	10.0	563.1
2.8	28.2	544.7	12.9	10.2	563.1
1.1	28.3	529.4	12.9	9.5	563.1
6.9	27.5	458.0	12.9	10.0	563.1
0.2	27.7	539.7	12.8	9.7	563.1
0.9	27.4	417.5	12.8	8.3	563.1
0.3	25.7	180.2	12.8	6.7	563.5
0.0	24.2	313.3	12.7	8.5	563.5
0.0	25.5	560.0	12.7	9.4	563.5
0.0	25.7	553.0	12.7	10.3	563.5
0.0	26.2	557.2	12.7	10.2	563.5
0.0	26.2	557.1	12.6	9.9	563.5
0.0	27.3	540.4	12.6	9.8	563.5
1.4	27.8	329.2	12.6	7.9	563.5
6.8	26.4	131.4	12.5	7.2	563.5
1.6	27.1	200.4	12.5	6.3	563.5
3.7	26.3	196.8	12.5	6.7	563.5
0.6	26.6	362.5	12.5	8.6	563.5
0.0	27.7	514.0	12.4	9.7	563.5
0.0	29.1	510.8	12.4	10.6	563.5
0.1	29.1	504.3	12.4	9.6	563.5
0.3	26.9	301.1	12.3	9.4	563.5
3.5	22.3	171.6	12.3	5.9	563.5
0.4	20.7	198.1	12.3	5.4	563.5
0.6	20.3	381.1	12.2	7.4	563.5
0.0	20.7	516.6	12.2	8.8	563.5
0.0	22.6	508.2	12.2	9.1	563.5
0.0	22.4	374.5	12.2	8.6	563.5
0.0	21.5	263.6	12.1	8.4	563.5
0.5	24.3	483.0	12.1	9.3	563.5
0.6	25.1	266.2	12.1	8.3	563.5
0.7	26.0	330.3	12.0	8.6	563.5
0.3	27.4	420.5	12.0	8.5	563.5
0.0	24.4	174.1	12.0	8.3	563.5
0.0	22.7	365.1	11.9	7.7	563.5
0.0	23.0	260.8	11.9	7.2	563.5
0.0	22.7	473.4	11.9	8.8	564.1
0.0	21.1	483.1	11.9	8.4	564.1
0.0	22.1	474.2	11.8	8.7	564.1
0.0	22.3	452.2	11.8	8.3	564.1
0.0	21.6	465.8	11.8	8.2	564.1
0.0	21.0	418.0	11.7	8.2	564.1
0.0	21.5	454.8	11.7	8.4	564.1
0.0	21.4	450.2	11.7	8.6	564.1
0.0	21.6	452.8	11.6	8.2	564.1
0.0	24.7	429.2	11.6	8.8	564.1
0.3	25.9	296.4	11.6	7.9	564.1
1.1	27.3	367.9	11.6	7.8	564.1
3.6	25.8	234.3	11.5	7.2	564.1
0.0	22.7	325.0	11.5	7.5	564.1
0.0	23.4	391.0	11.5	7.5	564.1
0.0	22.8	325.5	11.4	7.4	564.1
0.0	20.7	434.4	11.4	8.0	564.1
0.0	18.5	435.4	11.4	7.3	564.1
0.0	19.4	429.8	11.3	7.5	564.1
0.0	16.8	430.7	11.3	6.4	564.1
0.0	16.6	422.4	11.3	6.0	564.1
0.0	18.7	403.7	11.3	6.1	564.1
0.0	20.9	390.8	11.2	7.0	564.1
0.0	22.0	395.4	11.2	7.0	564.1
0.0	22.6	390.1	11.2	7.4	564.1
0.1	23.0	378.8	11.1	6.8	564.1
0.1	20.5	109.8	11.1	4.9	564.1
0.0	22.2	382.4	11.1	6.8	564.1
0.0	23.3	378.6	11.1	7.2	564.1
0.0	23.4	376.2	11.0	7.4	564.1
0.0	22.7	358.8	11.0	6.5	564.1
0.0	20.7	317.9	11.0	5.0	565.4
0.0	18.2	318.0	11.0	5.6	565.4
0.0	15.4	374.4	10.9	5.4	565.4
0.0	15.8	374.6	10.9	5.4	565.4
0.0	16.3	351.8	10.9	6.1	565.4
0.0	17.3	369.0	10.9	6.2	565.4
0.0	18.9	359.9	10.8	5.9	565.4
0.0	20.9	272.9	10.8	5.5	565.4
0.0	21.2	346.0	10.8	6.6	565.4
0.0	21.9	344.3	10.8	6.6	565.4
0.0	21.7	341.4	10.7	6.5	565.4
0.7	22.1	329.5	10.7	7.0	565.4
0.5	15.6	32.9	10.7	1.2	565.4
0.1	19.1	165.3	10.7	4.4	565.4
0.2	21.5	292.5	10.6	5.6	565.4
0.3	20.3	116.0	10.6	3.7	565.4
0.0	22.2	235.2	10.6	5.4	565.4
4.3	20.0	245.8	10.6	7.0	565.4
0.6	9.7	42.6	10.6	2.8	565.4
0.0	9.8	283.1	10.5	4.0	565.4
0.0	13.9	334.8	10.5	5.0	565.4
0.1	16.5	321.7	10.5	5.1	565.4
0.0	20.0	313.5	10.5	5.7	565.4
0.0	22.2	282.0	10.5	5.5	565.4
6.5	22.6	240.9	10.4	5.8	565.4
6.6	14.8	34.4	10.4	3.5	565.4
1.4	15.0	78.3	10.4	3.2	565.4
0.6	17.1	86.7	10.4	3.2	565.4
10.0	11.9	51.3	10.4	5.2	565.4
0.9	6.6	119.4	10.4	2.4	565.4
5.8	3.1	103.4	10.3	2.5	567.5
0.0	0.4	186.2	10.3	1.6	567.5
0.0	-0.4	321.3	10.3	1.9	567.5
0.0	1.0	316.2	10.3	2.3	567.5
0.0	-1.3	316.0	10.3	2.4	567.5
0.0	-2.7	316.8	10.3	1.6	567.5
1.7	-0.8	45.8	10.3	1.2	567.5
0.0	2.4	258.3	10.3	2.5	567.5
0.0	2.6	311.4	10.2	3.1	567.5
0.0	4.6	308.6	10.2	3.4	567.5
0.0	7.7	114.4	10.2	3.1	567.5
0.0	4.8	295.9	10.2	3.3	567.5
0.0	7.1	304.9	10.2	3.8	567.5
0.0	3.0	279.0	10.2	2.3	567.5
0.0	5.5	305.3	10.2	3.5	567.5
0.0	8.3	263.1	10.2	4.3	567.5
0.0	3.1	164.1	10.2	2.5	567.5
0.0	6.3	292.9	10.2	4.0	567.5
0.0	7.6	292.1	10.2	3.5	567.5
0.0	12.7	284.9	10.2	5.1	567.5
1.5	10.9	84.1	10.2	3.8	567.5
0.9	14.7	243.9	10.2	4.7	567.5
2.3	3.6	18.3	10.2	4.2	567.5
0.0	-0.8	141.2	10.2	1.7	567.5
4.3	4.2	242.5	10.2	3.0	567.5
0.7	2.1	118.5	10.2	1.9	567.5
0.1	2.1	240.1	10.2	2.6	567.5
0.7	5.0	245.2	10.2	2.7	567.5
21.2	8.2	29.0	10.2	2.1	567.5
9.1	8.0	45.5	10.2	2.0	567.5
3.4	6.1	29.0	10.2	1.6	567.5
1.1	4.3	98.0	10.2	2.0	570.2
0.0	3.8	175.0	10.2	2.2	570.2
2.1	8.1	206.8	10.2	3.3	570.2
12.6	2.8	22.7	10.2	2.2	570.2
0.8	0.7	163.7	10.3	2.0	570.2
0.8	0.3	159.9	10.3	2.4	570.2
0.3	2.4	244.8	10.3	3.1	570.2
0.2	5.4	194.6	10.3	3.2	570.2
0.2	11.2	244.9	10.3	4.7	570.2
3.8	10.0	157.0	10.3	3.9	570.2
7.7	6.0	18.6	10.3	1.6	570.2
5.5	5.1	12.1	10.3	1.2	570.2
0.7	8.5	58.7	10.4	2.4	570.2
8.4	5.2	52.6	10.4	3.8	570.2
4.6	-1.8	16.6	10.4	1.3	570.2
0.0	-2.2	131.1	10.4	1.6	570.2
5.7	-2.2	51.6	10.4	1.2	570.2
3.9	0.6	162.4	10.4	2.0	570.2
5.6	3.0	34.0	10.5	2.0	570.2
6.1	4.9	17.2	10.5	2.2	570.2
15.9	3.5	55.0	10.5	1.7	570.2
18.7	4.9	74.0	10.5	2.0	570.2
5.3	6.0	22.6	10.5	1.3	570.2
1.0	7.3	62.6	10.6	2.0	570.2
12.2	9.9	28.8	10.6	2.5	570.2
0.7	7.5	95.8	10.6	3.2	570.2
15.6	8.9	157.7	10.6	3.2	570.2
1.3	12.6	85.3	10.6	3.4	570.2
4.0	13.7	102.2	10.7	3.5	570.2
0.1	15.8	151.3	10.7	4.5	570.2
5.2	12.9	238.2	10.7	6.8	570.2
6.2	2.2	35.9	10.7	1.6	571.4
38.9	3.5	15.0	10.8	3.0	571.4
1.5	-4.5	188.1	10.8	1.8	571.4
0.1	-2.7	149.3	10.8	1.8	571.4
28.4	1.4	81.2	10.8	1.9	571.4
14.5	4.0	49.1	10.9	2.6	571.4
2.1	1.9	66.7	10.9	2.9	571.4
6.6	4.4	154.6	10.9	3.2	571.4
6.7	7.9	40.4	10.9	2.0	571.4
11.8	7.8	25.0	11.0	3.6	571.4
21.6	2.8	23.1	11.0	2.2	571.4
23.4	2.0	38.6	11.0	1.7	571.4
6.7	6.6	59.4	11.1	3.5	571.4
27.3	5.1	31.2	11.1	4.0	571.4
14.2	-0.7	43.5	11.1	1.8	571.4
0.3	-1.3	316.3	11.1	2.3	571.4
0.0	0.3	344.1	11.2	3.3	571.4
6.0	4.4	321.5	11.2	3.9	571.4
1.6	3.1	115.9	11.2	3.3	571.4
0.1	-0.7	286.6	11.3	2.9	571.4
0.0	1.5	402.8	11.3	3.2	571.4
0.0	2.3	426.1	11.3	3.6	571.4
0.1	7.8	418.7	11.3	5.1	571.4
17.2	8.2	94.2	11.4	3.6	571.4
30.8	2.3	28.6	11.4	2.8	571.4
11.5	2.5	93.6	11.4	2.3	571.4
19.8	2.6	28.7	11.5	1.4	571.4
13.7	2.3	30.9	11.5	0.9	571.4
13.6	3.0	40.7	11.5	1.4	571.7
1.5	4.4	76.8	11.5	2.2	571.7
13.6	2.8	58.9	11.6	2.7	571.7
2.8	2.5	210.3	11.6	3.5	571.7
0.7	3.3	98.6	11.6	2.7	571.7
22.0	7.3	97.1	11.7	3.4	571.7
44.3	7.2	42.8	11.7	3.2	571.7
1.3	4.4	51.5	11.7	3.2	571.7
20.1	8.7	333.0	11.8	4.7	571.7
0.8	7.1	91.4	11.8	2.2	571.7
9.9	9.4	76.8	11.8	3.7	571.7
15.1	13.2	62.6	11.9	6.9	571.7
15.9	4.5	37.5	11.9	3.6	571.7
0.4	2.1	192.1	11.9	3.1	571.7
10.3	3.7	163.6	11.9	2.7	571.7
3.2	4.7	66.8	12.0	2.2	571.7
2.1	6.3	132.1	12.0	4.0	571.7
1.0	10.5	292.5	12.0	6.1	571.7
17.9	9.8	47.3	12.1	4.1	571.7
6.4	9.9	35.6	12.1	3.5	571.7
39.4	5.4	26.1	12.1	3.9	571.7
12.3	3.1	101.2	12.2	2.2	571.7
49.5	4.7	80.4	12.2	3.0	571.7
14.9	7.7	57.0	12.2	3.3	571.7
39.7	10.6	127.5	12.3	4.4	571.7
20.0	9.4	50.9	12.3	4.5	571.7
11.3	6.0	55.3	12.3	2.3	571.7
13.6	6.9	85.6	12.3	2.8	571.7
29.7	7.8	100.3	12.4	3.0	571.7
17.4	7.6	47.0	12.4	3.7	571.7
0.8	5.0	127.9	12.4	3.2	571.7
0.0	9.6	563.5	12.5	7.0	571.9
0.0	11.6	563.9	12.5	7.5	571.9
1.8	14.6	545.1	12.5	7.8	571.9
0.0	13.3	549.3	12.6	8.0	571.9
0.0	19.6	558.7	12.6	10.8	571.9
6.1	19.3	306.5	12.6	10.8	571.9
0.5	14.0	272.0	12.6	6.9	571.9
9.8	18.4	449.8	12.7	9.0	571.9
9.0	17.5	66.8	12.7	5.0	571.9
0.0	12.0	337.6	12.7	7.7	571.9
0.0	13.5	514.6	12.8	8.0	571.9
0.5	11.8	162.2	12.8	6.0	571.9
0.4	14.7	496.8	12.8	8.7	571.9
23.1	17.1	237.9	12.9	8.2	571.9
3.4	12.8	66.2	12.9	4.1	571.9
17.8	17.3	170.0	12.9	5.9	571.9
0.0	20.0	528.7	12.9	9.0	571.9
13.5	24.2	497.3	13.0	10.5	571.9
39.9	23.5	260.2	13.0	6.7	571.9
0.6	22.4	525.2	13.0	12.7	571.9
0.0	17.6	496.5	13.1	7.7	571.9
0.1	17.4	507.4	13.1	8.3	571.9
0.4	11.1	142.5	13.1	5.5	571.9
0.0	15.3	460.6	13.1	8.3	571.9
0.4	16.5	285.7	13.2	5.7	571.9
32.9	19.2	267.7	13.2	7.7	571.9
0.1	16.3	456.3	13.2	8.1	571.9
1.7	16.7	503.2	13.2	8.1	571.9
0.0	16.8	604.0	13.3	9.0	571.9
0.0	19.3	503.2	13.3	9.7	571.9
0.0	19.7	461.3	13.3	11.2	572.3
0.0	21.1	536.0	13.3	9.1	572.3
1.8	23.6	593.8	13.4	9.5	572.3
2.5	26.0	289.0	13.4	9.3	572.3
85.3	22.0	384.2	13.4	12.4	572.3
22.9	16.8	182.3	13.4	6.8	572.3
103.6	17.3	46.6	13.5	6.3	572.3
5.7	15.0	69.7	13.5	8.9	572.3
2.5	13.5	157.3	13.5	5.2	572.3
4.1	14.5	211.4	13.5	6.2	572.3
6.9	15.5	219.9	13.6	7.0	572.3
7.0	12.9	47.3	13.6	2.9	572.3
33.2	13.5	60.4	13.6	4.0	572.3
1.4	14.0	295.9	13.6	8.4	572.3
0.0	17.6	659.4	13.7	8.8	572.3
0.0	20.7	644.4	13.7	10.2	572.3
0.0	22.9	367.1	13.7	9.5	572.3
25.6	16.6	79.5	13.7	8.0	572.3
0.6	17.0	408.7	13.7	8.4	572.3
0.2	19.5	638.0	13.8	9.8	572.3
2.6	20.1	320.1	13.8	7.3	572.3
0.9	22.7	156.5	13.8	7.4	572.3
13.7	23.6	326.0	13.8	7.9	572.3
10.4	23.8	563.6	13.8	10.2	572.3
0.0	24.9	567.0	13.8	10.4	572.3
0.4	26.3	558.8	13.9	11.3	572.3
3.2	23.9	230.6	13.9	10.1	572.3
2.8	21.5	482.7	13.9	9.5	572.3
17.2	17.1	57.0	13.9	3.9	572.3
0.9	19.8	71.6	13.9	7.6	572.3
13.8	25.9	430.0	13.9	11.3	572.3
2.8	24.3	144.5	13.9	7.7	570.7
0.3	25.3	303.8	14.0	8.9	570.7
0.0	25.5	500.4	14.0	10.6	570.7
1.1	23.0	323.8	14.0	9.6	570.7
0.2	23.3	219.0	14.0	8.7	570.7
24.6	26.1	512.9	14.0	10.7	570.7
14.4	27.2	542.1	14.0	10.7	570.7
2.3	23.7	207.6	14.0	7.5	570.7
0.5	24.3	432.8	14.0	9.6	570.7
0.0	23.8	484.7	14.0	10.1	570.7
0.0	22.1	392.3	14.0	8.9	570.7
3.6	20.0	53.7	14.1	4.8	570.7
1.1	23.5	191.0	14.1	8.4	570.7
0.3	25.0	331.7	14.1	8.8	570.7
0.2	23.6	96.6	14.1	6.8	570.7
1.5	23.0	156.0	14.1	6.8	570.7
6.8	24.0	299.9	14.1	8.7	570.7
1.6	22.9	47.4	14.1	5.1	570.7
0.7	22.4	257.5	14.1	7.8	570.7
0.2	22.4	488.6	14.1	10.2	570.7
0.0	23.4	563.0	14.1	10.3	570.7
0.0	24.5	328.1	14.1	8.3	570.7
11.5	24.6	417.5	14.1	9.6	570.7
9.3	20.2	36.3	14.1	6.0	570.7
7.4	19.6	34.7	14.1	3.8	570.7
0.1	21.4	275.4	14.1	8.7	570.7
0.0	21.1	399.6	14.1	8.7	570.7
0.2	19.6	193.9	14.1	6.6	570.7
0.1	19.3	265.3	14.1	7.9	570.7
0.0	20.5	447.7	14.1	8.5	570.7
7.8	19.5	172.6	14.1	7.7	567.5
32.8	17.6	80.6	14.0	4.2	567.5
17.1	18.9	61.7	14.0	4.1	567.5
2.8	20.6	35.6	14.0	5.6	567.5
0.6	23.7	120.4	14.0	6.9	567.5
7.5	25.7	313.4	14.0	8.0	567.5
16.5	26.3	446.2	14.0	9.5	567.5
12.1	26.8	462.9	14.0	10.3	567.5
5.0	27.4	583.5	14.0	10.4	567.5
28.1	26.9	482.8	14.0	10.2	567.5
12.9	27.3	522.5	14.0	11.4	567.5
20.4	27.2	474.0	13.9	10.9	567.5
3.7	25.6	207.2	13.9	7.4	567.5
0.7	27.9	592.4	13.9	11.3	567.5
20.4	25.7	210.2	13.9	8.1	567.5
14.3	27.0	472.5	13.9	9.3	567.5
26.5	27.6	457.3	13.9	9.8	567.5
0.0	28.1	334.7	13.9	8.7	567.5
16.9	27.5	426.2	13.8	8.1	567.5
16.5	26.5	138.4	13.8	5.9	567.5
1.2	26.9	187.0	13.8	7.3	567.5
0.3	28.6	427.7	13.8	10.0	567.5
0.0	29.2	547.2	13.8	10.6	567.5
7.7	29.2	614.8	13.8	11.3	567.5
0.3	29.4	499.5	13.7	10.9	567.5
2.2	28.9	556.3	13.7	11.0	567.5
3.3	28.6	619.5	13.7	11.0	567.5
8.0	28.1	592.8	13.7	10.8	567.5
20.2	27.8	572.2	13.7	10.0	567.5
0.0	28.1	610.8	13.6	11.6	567.5
0.0	27.7	624.8	13.6	10.6	567.5
0.3	28.1	544.4	13.6	10.8	565.5
1.4	27.1	243.3	13.6	9.3	565.5
0.1	26.5	356.6	13.5	10.6	565.5
0.2	26.9	581.2	13.5	10.7	565.5
0.0	28.1	622.7	13.5	11.1	565.5
0.1	29.6	617.5	13.5	11.8	565.5
0.7	30.0	574.2	13.5	12.6	565.5
0.1	30.1	590.0	13.4	12.5	565.5
0.0	30.0	611.9	13.4	13.1	565.5
0.0	30.1	423.8	13.4	11.7	565.5
0.0	28.5	237.5	13.4	10.6	565.5
0.0	29.9	458.7	13.3	11.2	565.5
0.0	27.9	254.8	13.3	10.0	565.5
0.4	29.8	558.1	13.3	11.4	565.5
0.3	28.9	364.0	13.3	10.8	565.5
0.0	29.8	563.8	13.2	12.5	565.5
0.0	29.4	408.7	13.2	10.4	565.5
4.5	28.6	451.9	13.2	10.9	565.5
11.0	28.2	532.6	13.1	10.8	565.5
10.9	27.7	466.0	13.1	10.3	565.5
17.5	27.4	411.4	13.1	9.0	565.5
11.8	26.3	369.9	13.1	9.2	565.5
21.2	25.8	368.0	13.0	8.8	565.5
17.7	26.4	400.0	13.0	8.3	565.5
12.0	26.3	376.7	13.0	8.2	565.5
1.1	26.8	437.1	13.0	7.1	565.5
0.4	25.4	411.0	12.9	7.9	565.5
0.7	25.6	433.2	12.9	8.3	565.5
0.2	26.3	380.4	12.9	9.1	565.5
0.2	27.8	473.7	12.8	9.0	565.5
0.0	28.7	452.3	12.8	9.4	565.5
0.1	29.3	401.4	12.8	10.0	565.9
0.3	29.7	502.7	12.8	10.3	565.9
9.8	27.9	435.2	12.7	8.5	565.9
31.3	25.9	419.6	12.7	7.2	565.9
6.2	26.5	459.4	12.7	8.3	565.9
16.8	25.5	469.0	12.6	7.7	565.9
7.5	25.3	342.8	12.6	8.3	565.9
0.2	27.1	502.2	12.6	8.6	565.9
0.2	28.2	523.4	12.6	8.9	565.9
0.1	29.2	482.3	12.5	9.0	565.9
12.8	28.9	491.1	12.5	9.5	565.9
22.8	26.8	469.7	12.5	7.5	565.9
10.4	25.8	443.4	12.4	7.4	565.9
0.6	23.8	59.2	12.4	5.1	565.9
1.4	23.4	48.7	12.4	4.4	565.9
0.6	23.9	66.2	12.3	5.0	565.9
6.1	25.2	226.0	12.3	7.5	565.9
22.9	25.4	391.6	12.3	7.9	565.9
17.9	25.1	376.4	12.3	7.8	565.9
0.2	24.4	404.5	12.2	7.3	565.9
0.0	22.0	422.9	12.2	8.6	565.9
0.0	19.8	521.0	12.2	7.1	565.9
0.0	21.1	515.0	12.1	8.0	565.9
0.0	22.1	506.1	12.1	7.7	565.9
0.2	24.6	306.3	12.1	7.8	565.9
0.7	23.8	78.4	12.0	5.3	565.9
0.0	23.1	479.3	12.0	8.7	565.9
0.0	21.7	496.5	12.0	8.2	565.9
0.0	23.0	482.8	12.0	8.7	565.9
0.0	21.7	485.7	11.9	8.0	565.9
0.1	22.7	463.8	11.9	8.4	566.4
0.0	23.1	466.9	11.9	8.5	566.4
0.0	24.1	430.2	11.8	7.9	566.4
0.0	22.5	458.1	11.8	8.2	566.4
0.0	20.1	464.3	11.8	7.5	566.4
0.0	19.6	465.4	11.7	8.2	566.4
0.0	20.9	455.9	11.7	8.6	566.4
0.0	22.2	423.0	11.7	8.1	566.4
0.0	20.4	447.1	11.7	8.3	566.4
0.0	20.0	454.1	11.6	7.8	566.4
0.0	21.5	442.2	11.6	8.3	566.4
0.0	20.5	453.5	11.6	8.3	566.4
0.0	20.1	446.6	11.5	8.0	566.4
0.0	19.5	440.5	11.5	8.3	566.4
0.0	19.6	445.0	11.5	8.5	566.4
0.0	20.2	441.5	11.4	8.6	566.4
0.0	21.0	440.3	11.4	8.0	566.4
0.0	22.6	408.9	11.4	7.7	566.4
0.2	22.0	97.5	11.4	5.5	566.4
0.3	22.0	153.7	11.3	6.0	566.4
0.0	21.8	411.8	11.3	7.6	566.4
0.0	15.5	436.1	11.3	6.5	566.4
0.0	17.0	425.8	11.2	6.9	566.4
0.0	19.1	411.1	11.2	7.4	566.4
0.0	17.3	376.3	11.2	6.6	566.4
0.0	15.9	408.0	11.2	5.8	566.4
0.0	17.0	393.9	11.1	6.3	566.4
0.0	19.7	380.8	11.1	6.5	566.4
0.0	16.3	392.1	11.1	7.5	566.4
0.0	8.9	405.1	11.0	4.7	566.4
0.0	11.5	406.3	11.0	5.6	566.4
0.0	16.3	385.5	11.0	6.6	567.8
0.0	19.8	362.3	11.0	7.2	567.8
0.0	20.7	240.0	10.9	5.8	567.8
0.0	21.8	259.7	10.9	5.7	567.8
0.0	22.4	245.4	10.9	6.1	567.8
1.7	20.8	84.2	10.9	4.0	567.8
14.2	16.4	32.1	10.8	4.8	567.8
2.5	11.7	23.9	10.8	2.3	567.8
0.2	12.5	84.0	10.8	2.4	567.8
5.9	14.1	71.1	10.8	2.5	567.8
0.8	10.7	29.0	10.7	3.6	567.8
0.0	7.6	270.8	10.7	2.6	567.8
0.0	9.4	338.7	10.7	3.9	567.8
0.0	8.8	315.9	10.7	3.8	567.8
0.0	8.9	344.5	10.6	4.3	567.8
0.0	10.3	344.3	10.6	4.8	567.8
0.0	8.3	341.6	10.6	4.2	567.8
0.0	8.6	355.3	10.6	4.1	567.8
0.0	10.5	345.9	10.6	5.1	567.8
0.0	13.0	337.0	10.5	5.5	567.8
0.0	14.2	329.6	10.5	5.8	567.8
0.0	14.8	334.6	10.5	6.1	567.8
0.0	14.7	329.9	10.5	5.8	567.8
0.0	13.4	329.2	10.5	5.0	567.8
0.0	10.1	330.8	10.4	4.6	567.8
0.0	11.0	326.1	10.4	4.4	567.8
0.0	13.0	320.9	10.4	5.3	567.8
0.0	14.7	283.1	10.4	5.4	567.8
0.0	16.5	306.8	10.4	5.4	567.8
0.2	17.6	93.9	10.4	4.3	567.8
0.0	18.3	103.8	10.3	3.4	569.9
0.0	18.8	194.7	10.3	5.3	569.9
0.7	22.5	296.1	10.3	6.1	569.9
0.0	12.1	303.9	10.3	4.6	569.9
0.0	6.8	226.5	10.3	2.9	569.9
0.0	3.4	317.8	10.3	2.8	569.9
0.0	2.9	316.1	10.3	2.9	569.9
0.0	5.6	264.0	10.3	3.3	569.9
0.0	4.9	314.4	10.2	3.4	569.9
0.0	3.3	317.7	10.2	3.2	569.9
0.0	6.0	310.1	10.2	4.0	569.9
0.0	7.8	311.8	10.2	4.5	569.9
0.0	11.2	300.5	10.2	4.6	569.9
0.0	15.5	287.9	10.2	5.2	569.9
0.2	14.7	123.4	10.2	4.0	569.9
0.0	12.3	141.4	10.2	4.1	569.9
0.0	6.0	297.2	10.2	3.6	569.9
0.0	3.9	269.1	10.2	2.5	569.9
0.0	8.5	287.7	10.2	4.1	569.9
0.0	11.6	285.1	10.2	4.9	569.9
0.0	9.5	291.2	10.2	4.2	569.9
0.0	8.9	288.6	10.2	3.8	569.9
0.0	10.7	281.6	10.2	3.9	569.9
0.2	9.2	97.6	10.2	3.1	569.9
0.0	12.2	227.8	10.2	4.4	569.9
0.5	12.7	175.4	10.2	3.9	569.9
4.7	9.1	47.3	10.2	1.4	569.9
3.6	10.2	48.5	10.2	2.2	569.9
0.3	14.3	105.7	10.2	3.3	569.9
5.5	14.6	160.5	10.2	4.4	569.9
5.9	11.0	50.3	10.2	2.5	569.9
10.3	6.0	16.4	10.2	2.3	572.5
1.9	4.9	72.6	10.2	1.4	572.5
3.3	5.1	98.7	10.2	2.0	572.5
8.1	5.4	79.2	10.2	1.9	572.5
11.1	4.4	55.7	10.3	1.2	572.5
17.8	0.7	26.9	10.3	2.0	572.5
0.0	-1.7	281.3	10.3	2.0	572.5
2.8	-3.3	179.2	10.3	1.3	572.5
0.1	-3.0	232.9	10.3	1.6	572.5
0.0	-3.2	324.4	10.3	2.0	572.5
1.7	2.1	253.7	10.3	2.7	572.5
1.2	5.7	105.8	10.3	2.6	572.5
0.3	4.2	187.6	10.4	3.3	572.5
15.1	4.8	211.4	10.4	2.9	572.5
32.0	5.4	16.4	10.4	1.6	572.5
8.7	3.9	23.1	10.4	2.3	572.5
0.0	0.3	180.6	10.4	2.1	572.5
0.0	0.3	336.1	10.4	2.7	572.5
0.0	2.4	284.9	10.5	3.2	572.5
0.1	4.6	271.6	10.5	3.6	572.5
0.5	-0.1	133.3	10.5	2.0	572.5
0.0	0.7	331.5	10.5	2.4	572.5
0.0	0.9	350.3	10.5	2.7	572.5
0.0	2.8	319.7	10.6	3.1	572.5
0.0	3.6	219.9	10.6	3.3	572.5
0.0	-3.7	272.8	10.6	1.7	572.5
0.0	-3.2	370.2	10.6	2.3	572.5
0.0	0.5	308.9	10.6	2.7	572.5
2.1	0.5	114.0	10.7	2.4	572.5
0.0	1.2	367.1	10.7	3.4	572.5
0.0	2.4	361.5	10.7	3.2	572.5
0.0	5.0	235.7	10.7	3.1	573.8
1.1	7.9	109.9	10.8	3.4	573.8
1.3	9.8	53.2	10.8	2.9	573.8
0.1	16.8	215.2	10.8	5.5	573.8
5.4	7.8	35.7	10.8	5.8	573.8
0.0	2.5	374.5	10.9	2.5	573.8
0.2	3.2	386.2	10.9	3.3	573.8
0.0	6.3	219.4	10.9	4.2	573.8
1.3	12.2	346.3	10.9	6.2	573.8
4.0	11.7	32.8	11.0	2.9	573.8
5.5	10.8	243.2	11.0	7.1	573.8
1.0	2.8	129.7	11.0	1.3	573.8
0.0	3.6	392.2	11.0	3.6	573.8
0.0	5.1	412.2	11.1	4.2	573.8
0.0	7.6	413.3	11.1	4.6	573.8
0.0	2.7	418.7	11.1	3.1	573.8
0.5	5.5	312.7	11.2	4.8	573.8
0.0	0.4	405.0	11.2	3.3	573.8
0.0	2.3	421.1	11.2	4.1	573.8
0.0	5.1	423.4	11.2	4.4	573.8
0.2	6.7	336.1	11.3	4.3	573.8
6.9	6.4	118.7	11.3	2.5	573.8
0.0	9.2	429.7	11.3	5.1	573.8
0.0	6.7	230.5	11.4	3.9	573.8
0.8	11.2	417.5	11.4	5.9	573.8
27.8	12.9	88.7	11.4	4.5	573.8
1.2	7.1	83.4	11.5	5.4	573.8
0.2	9.7	274.5	11.5	5.2	573.8
27.3	6.7	87.1	11.5	5.6	573.8
17.1	3.5	25.0	11.5	3.2	574.0
1.8	13.0	164.9	11.6	5.7	574.0
4.6	11.0	146.3	11.6	7.9	574.0
1.1	5.2	176.8	11.6	3.0	574.0
9.9	13.3	159.1	11.7	7.4	574.0
4.4	3.7	163.3	11.7	4.1	574.0
9.5	3.0	247.1	11.7	2.7	574.0
26.7	4.0	23.0	11.8	2.3	574.0
0.3	3.0	149.8	11.8	3.4	574.0
3.5	0.4	101.2	11.8	2.0	574.0
2.0	1.9	180.5	11.8	2.2	574.0
0.0	1.3	230.8	11.9	3.1	574.0
0.0	4.3	376.9	11.9	4.2	574.0
0.0	5.7	272.3	11.9	3.8	574.0
6.4	3.4	98.4	12.0	2.9	574.0
2.4	3.3	122.5	12.0	2.3	574.0
0.0	3.4	157.9	12.0	2.3	574.0
0.0	3.7	334.0	12.1	5.0	574.0
0.0	7.2	531.6	12.1	6.5	574.0
2.7	10.8	391.9	12.1	6.5	574.0
0.0	11.9	530.7	12.2	5.8	574.0
0.0	11.8	540.3	12.2	6.4	574.0
0.0	9.7	532.6	12.2	6.4	574.0
0.5	10.5	540.3	12.2	6.7	574.0
12.9	10.0	42.8	12.3	3.3	574.0
14.2	12.4	30.0	12.3	3.6	574.0
19.5	9.8	49.8	12.3	6.0	574.0
18.9	8.4	79.8	12.4	3.2	574.0
1.0	10.2	142.3	12.4	5.0	574.0
0.6	14.6	537.4	12.4	7.1	574.0
46.8	14.8	89.6	12.5	6.7	574.0
2.3	4.8	59.3	12.5	5.7	574.2
0.0	7.9	461.7	12.5	5.0	574.2
1.0	11.8	346.1	12.5	5.6	574.2
36.0	14.6	108.2	12.6	6.8	574.2
0.0	11.7	460.3	12.6	6.7	574.2
7.1	15.0	378.4	12.6	7.2	574.2
42.4	13.8	70.8	12.7	8.3	574.2
0.0	9.8	497.5	12.7	5.5	574.2
0.5	12.1	501.6	12.7	6.9	574.2
17.8	14.2	68.6	12.8	7.5	574.2
0.2	18.4	417.7	12.8	8.0	574.2
0.1	16.0	515.4	12.8	8.3	574.2
10.7	16.7	187.3	12.8	7.5	574.2
18.1	20.5	94.4	12.9	6.9	574.2
31.0	20.8	72.4	12.9	6.0	574.2
38.7	20.2	67.6	12.9	7.7	574.2
7.2	9.9	104.0	13.0	7.2	574.2
3.8	13.8	582.8	13.0	7.3	574.2
6.5	12.7	120.8	13.0	5.1	574.2
0.1	14.2	221.1	13.0	7.5	574.2
0.0	11.9	516.4	13.1	7.1	574.2
0.0	11.6	333.5	13.1	5.9	574.2
0.0	11.4	633.9	13.1	8.1	574.2
0.0	14.4	622.2	13.2	9.1	574.2
0.0	15.6	271.0	13.2	7.7	574.2
0.0	20.0	322.6	13.2	9.0	574.2
0.0	25.9	514.5	13.2	10.0	574.2
0.0	28.3	590.2	13.3	9.5	574.2
24.5	24.8	472.7	13.3	12.7	574.2
16.5	21.3	289.1	13.3	12.9	574.2
14.4	13.1	62.6	13.3	5.2	574.6
9.1	13.7	167.2	13.4	3.9	574.6
7.7	14.7	107.8	13.4	4.0	574.6
9.2	15.5	122.7	13.4	4.7	574.6
0.9	18.5	401.7	13.4	7.9	574.6
0.3	20.7	443.8	13.5	9.1	574.6
6.0	22.3	194.6	13.5	7.0	574.6
8.0	23.0	205.2	13.5	8.7	574.6
24.2	23.0	369.9	13.5	9.9	574.6
0.0	24.1	611.7	13.6	10.7	574.6
1.5	25.5	600.9	13.6	9.6	574.6
43.6	24.6	385.4	13.6	10.6	574.6
0.3	17.1	144.2	13.6	7.7	574.6
0.0	19.5	628.1	13.6	8.8	574.6
5.6	19.0	255.9	13.7	7.1	574.6
6.3	19.0	123.7	13.7	4.8	574.6
8.3	22.3	165.1	13.7	8.2	574.6
5.1	23.2	202.1	13.7	8.1	574.6
1.4	22.6	139.0	13.7	5.2	574.6
0.1	23.8	223.2	13.8	8.5	574.6
10.8	24.9	521.7	13.8	9.5	574.6
23.8	24.6	204.2	13.8	8.3	574.6
24.3	23.8	167.8	13.8	7.7	574.6
1.0	20.1	157.1	13.8	7.8	574.6
0.5	20.0	426.4	13.9	8.6	574.6
0.0	21.2	611.6	13.9	9.5	574.6
0.5	22.8	418.1	13.9	9.4	574.6
27.2	21.4	127.6	13.9	5.9	574.6
3.3	20.5	51.8	13.9	5.3	574.6
1.0	22.2	379.5	13.9	8.9	574.6
15.8	24.2	110.5	13.9	5.9	574.6
0.4	22.5	220.9	14.0	8.3	573.0
0.0	26.0	624.7	14.0	10.2	573.0
0.0	21.2	211.5	14.0	8.1	573.0
0.0	23.2	638.9	14.0	10.7	573.0
0.0	24.5	606.6	14.0	11.2	573.0
0.0	23.9	199.0	14.0	10.1	573.0
0.0	24.4	460.5	14.0	10.7	573.0
0.0	21.6	307.4	14.0	8.6	573.0
0.0	20.6	485.8	14.0	10.0	573.0
0.0	21.8	634.4	14.0	10.6	573.0
0.0	23.4	582.6	14.1	9.5	573.0
0.5	22.1	258.2	14.1	7.9	573.0
13.7	18.3	93.0	14.1	6.6	573.0
28.2	17.0	93.6	14.1	4.5	573.0
62.9	17.1	41.9	14.1	5.0	573.0
8.0	20.7	54.0	14.1	6.4	573.0
0.2	22.3	190.1	14.1	8.5	573.0
9.6	24.7	378.6	14.1	9.1	573.0
13.1	24.5	106.1	14.1	5.2	573.0
7.0	25.1	331.0	14.1	8.9	573.0
9.1	24.4	163.0	14.1	6.2	573.0
5.1	24.1	253.3	14.1	10.0	573.0
0.1	26.9	620.0	14.1	10.4	573.0
6.3	27.4	376.8	14.1	10.7	573.0
19.0	25.5	203.7	14.1	7.8	573.0
1.2	25.5	207.9	14.1	7.8	573.0
0.3	26.1	365.4	14.1	9.5	573.0
3.6	26.8	629.3	14.1	11.0	573.0
0.2	27.6	573.1	14.1	11.1	573.0
3.2	28.3	632.5	14.1	11.4	573.0
6.0	28.7	604.9	14.0	12.1	569.8
3.4	29.3	594.2	14.0	11.6	569.8
13.1	28.4	549.1	14.0	10.8	569.8
21.2	28.0	512.2	14.0	9.8	569.8
18.3	27.7	416.8	14.0	9.7	569.8
30.4	26.1	202.7	14.0	7.9	569.8
13.4	25.4	248.7	14.0	8.3	569.8
0.6	26.7	542.5	14.0	10.3	569.8
9.6	26.4	441.3	14.0	9.7	569.8
17.0	24.4	61.7	14.0	3.9	569.8
24.6	25.0	185.8	14.0	7.9	569.8
23.2	24.4	92.5	13.9	5.5	569.8
21.5	24.1	145.8	13.9	8.5	569.8
15.7	24.7	605.6	13.9	9.8	569.8
3.3	26.5	591.5	13.9	10.1	569.8
0.6	26.3	265.9	13.9	8.8	569.8
2.8	25.6	188.9	13.9	7.5	569.8
20.2	26.5	457.6	13.8	9.8	569.8
14.9	26.5	364.3	13.8	9.8	569.8
16.4	27.0	457.4	13.8	9.9	569.8
20.3	27.0	457.8	13.8	10.1	569.8
15.2	27.5	500.0	13.8	10.2	569.8
4.8	28.2	495.1	13.8	10.8	569.8
5.8	28.5	576.4	13.7	11.0	569.8
7.8	27.5	488.4	13.7	11.2	569.8
3.2	27.7	552.3	13.7	9.9	569.8
8.4	27.4	413.8	13.7	9.8	569.8
7.4	27.1	395.0	13.7	9.5	569.8
6.3	27.6	550.3	13.6	11.1	569.8
3.5	28.2	580.1	13.6	10.6	569.8
10.0	27.1	406.9	13.6	9.4	569.8
8.1	25.9	433.1	13.6	9.8	567.9
1.2	25.5	276.2	13.6	7.8	567.9
0.4	25.6	121.7	13.5	6.2	567.9
18.0	27.0	399.6	13.5	9.3	567.9
20.6	27.4	521.0	13.5	9.2	567.9
13.1	27.5	510.7	13.5	9.5	567.9
6.1	27.7	572.6	13.4	10.6	567.9
9.9	27.4	597.2	13.4	9.9	567.9
14.3	26.9	574.4	13.4	9.6	567.9
16.6	26.6	433.7	13.4	8.0	567.9
19.1	27.0	517.5	13.3	10.0	567.9
0.2	27.9	553.3	13.3	10.7	567.9
0.1	28.0	600.6	13.3	10.3	567.9
0.1	28.2	576.4	13.3	10.2	567.9
0.6	28.8	579.6	13.2	10.3	567.9
12.7	27.6	492.1	13.2	10.2	567.9
24.9	26.9	396.2	13.2	8.4	567.9
17.3	26.6	359.3	13.2	8.8	567.9
14.1	27.0	423.4	13.1	8.7	567.9
14.1	27.0	454.1	13.1	9.4	567.9
23.0	26.3	441.1	13.1	8.5	567.9
16.3	26.2	497.8	13.0	8.2	567.9
6.9	26.4	321.4	13.0	7.9	567.9
1.0	26.6	256.3	13.0	6.9	567.9
1.8	26.7	291.3	13.0	7.1	567.9
1.6	26.8	359.6	12.9	7.7	567.9
1.9	26.6	329.3	12.9	7.6	567.9
1.0	25.7	145.4	12.9	6.1	567.9
1.4	25.8	206.9	12.8	6.7	567.9
0.1	26.4	518.5	12.8	9.8	567.9
0.1	27.3	548.0	12.8	9.9	567.9
0.6	28.0	486.0	12.8	10.3	568.2
0.0	24.6	283.3	12.7	8.1	568.2
0.1	25.0	384.9	12.7	7.3	568.2
2.6	23.9	126.9	12.7	7.7	568.2
0.6	21.7	70.7	12.6	4.6	568.2
0.2	24.9	242.9	12.6	8.4	568.2
0.0	26.5	372.6	12.6	8.2	568.2
15.7	25.4	432.8	12.6	8.5	568.2
22.4	21.3	24.9	12.5	6.2	568.2
0.4	20.0	84.6	12.5	4.6	568.2
0.2	22.3	455.0	12.5	8.1	568.2
0.1	23.9	392.5	12.4	8.0	568.2
0.3	24.2	256.3	12.4	7.8	568.2
7.1	25.0	453.7	12.4	8.8	568.2
0.0	24.6	307.9	12.3	7.9	568.2
0.0	27.1	429.9	12.3	9.5	568.2
3.8	25.0	181.6	12.3	7.1	568.2
0.4	20.1	115.1	12.3	8.1	568.2
0.6	21.6	441.4	12.2	8.0	568.2
0.5	23.3	330.6	12.2	6.9	568.2
7.9	22.1	20.9	12.2	2.6	568.2
9.4	20.6	21.8	12.1	4.2	568.2
0.8	19.4	70.8	12.1	5.7	568.2
0.0	19.6	496.9	12.1	7.6	568.2
0.0	19.1	505.2	12.0	8.2	568.2
0.0	19.5	505.1	12.0	8.5	568.2
0.0	19.8	503.5	12.0	8.8	568.2
0.0	20.1	502.6	12.0	8.7	568.2
0.0	20.9	495.3	11.9	8.7	568.2
0.0	22.2	491.9	11.9	9.4	568.2
0.0	22.5	485.9	11.9	9.7	568.8
0.0	22.7	480.8	11.8	9.5	568.8
0.0	23.1	469.1	11.8	9.0	568.8
0.0	20.6	469.2	11.8	8.3	568.8
0.0	20.6	475.2	11.7	8.0	568.8
0.0	21.8	463.5	11.7	7.8	568.8
0.0	22.8	453.2	11.7	8.3	568.8
0.0	19.4	455.0	11.7	7.7	568.8
0.0	17.7	467.3	11.6	7.4	568.8
0.0	18.4	457.9	11.6	7.9	568.8
0.0	17.5	458.6	11.6	7.9	568.8
0.0	17.0	455.7	11.5	7.5	568.8
0.0	17.5	448.4	11.5	7.6	568.8
0.0	18.9	447.7	11.5	7.8	568.8
0.0	19.7	431.4	11.5	7.2	568.8
0.0	19.3	344.3	11.4	7.2	568.8
0.0	19.8	386.2	11.4	7.2	568.8
4.6	21.6	374.4	11.4	7.1	568.8
4.4	19.3	27.6	11.3	3.0	568.8
0.8	21.6	201.2	11.3	5.4	568.8
0.2	22.3	207.4	11.3	5.4	568.8
0.0	21.9	302.6	11.2	6.4	568.8
0.0	20.9	364.9	11.2	5.9	568.8
0.0	21.2	373.1	11.2	6.0	568.8
0.0	22.1	382.8	11.2	6.4	568.8
0.1	20.4	225.6	11.1	7.3	568.8
0.0	10.1	401.0	11.1	5.2	568.8
0.0	8.0	418.3	11.1	4.3	568.8
0.0	12.8	396.1	11.1	6.0	568.8
0.0	15.4	387.0	11.0	6.2	568.8
0.0	15.7	390.4	11.0	6.4	568.8
0.0	17.4	393.8	11.0	6.5	570.1
0.0	15.6	386.4	10.9	6.2	570.1
0.0	16.0	384.0	10.9	6.3	570.1
0.0	16.6	368.5	10.9	6.7	570.1
0.0	16.9	374.7	10.9	6.8	570.1
0.0	17.0	368.8	10.8	6.5	570.1
0.0	17.2	335.1	10.8	6.0	570.1
0.0	17.7	356.9	10.8	5.6	570.1
0.0	18.5	347.2	10.8	6.2	570.1
0.0	19.4	347.8	10.7	6.4	570.1
0.0	19.4	347.5	10.7	6.6	570.1
0.0	19.5	346.2	10.7	6.6	570.1
1.1	19.8	338.8	10.7	6.6	570.1
0.0	14.2	332.5	10.7	4.9	570.1
0.0	9.5	350.9	10.6	4.4	570.1
0.0	10.2	348.7	10.6	4.2	570.1
0.0	12.4	275.1	10.6	4.9	570.1
0.0	15.2	179.5	10.6	5.1	570.1
0.0	17.0	326.5	10.5	5.9	570.1
0.0	15.1	311.5	10.5	5.6	570.1
0.0	13.4	334.8	10.5	4.4	570.1
0.1	17.2	269.4	10.5	5.4	570.1
21.2	16.1	57.8	10.5	2.3	570.1
2.6	16.6	101.5	10.4	2.5	570.1
0.9	15.4	37.6	10.4	1.7	570.1
2.6	17.8	94.1	10.4	4.4	570.1
6.3	6.8	21.5	10.4	4.0	570.1
3.1	4.0	27.0	10.4	1.4	570.1
11.1	5.1	21.8	10.4	1.8	570.1
2.7	3.2	58.1	10.3	0.9	570.1
0.0	1.9	114.3	10.3	2.2	572.2
0.1	1.7	117.4	10.3	1.6	572.2
6.3	4.1	22.3	10.3	1.8	572.2
4.4	4.9	25.0	10.3	1.6	572.2
15.5	2.6	17.8	10.3	1.3	572.2
10.0	1.3	17.5	10.3	0.8	572.2
7.2	1.9	119.5	10.3	1.2	572.2
37.3	3.5	25.3	10.2	1.9	572.2
21.1	4.5	27.9	10.2	2.1	572.2
1.0	2.3	101.0	10.2	1.4	572.2
0.8	4.0	97.1	10.2	1.9	572.2
1.2	2.1	73.7	10.2	1.9	572.2
0.9	1.8	168.7	10.2	1.7	572.2
1.8	3.8	65.1	10.2	1.8	572.2
5.1	3.2	28.6	10.2	1.2	572.2
2.7	-0.7	19.1	10.2	1.8	572.2
0.0	-2.3	257.9	10.2	1.7	572.2
0.0	-1.5	298.6	10.2	1.9	572.2
0.0	-0.5	206.6	10.2	2.0	572.2
0.0	-2.2	305.9	10.2	2.0	572.2
0.1	1.1	301.0	10.2	2.6	572.2
0.0	-3.1	256.0	10.2	1.7	572.2
0.0	-3.4	299.3	10.2	1.7	572.2
0.0	2.4	231.4	10.2	2.4	572.2
3.4	2.7	23.7	10.2	1.7	572.2
4.5	-0.0	13.7	10.2	1.3	572.2
0.5	1.0	160.5	10.2	2.4	572.2
0.2	0.3	99.5	10.2	1.7	572.2
1.8	1.9	104.2	10.2	1.7	572.2
17.9	-0.3	30.7	10.2	1.1	572.2
0.6	-0.1	160.6	10.2	1.7	572.2
0.3	2.0	129.0	10.2	2.2	574.8
4.0	3.7	66.4	10.2	1.7	574.8
9.8	3.1	35.2	10.2	1.2	574.8
0.4	3.2	177.3	10.3	2.4	574.8
0.1	5.1	219.9	10.3	2.9	574.8
0.4	6.7	86.1	10.3	2.8	574.8
3.6	8.1	72.7	10.3	2.1	574.8
11.1	7.2	15.1	10.3	2.4	574.8
0.1	1.1	139.4	10.3	2.4	574.8
0.0	1.5	311.3	10.3	2.3	574.8
0.0	1.0	308.4	10.3	2.5	574.8
20.1	5.4	248.3	10.4	3.3	574.8
0.1	-1.2	209.7	10.4	2.4	574.8
0.0	-3.2	333.6	10.4	1.8	574.8
0.0	-2.8	338.3	10.4	2.0	574.8
0.0	-0.1	333.9	10.4	2.7	574.8
0.0	0.7	336.7	10.4	3.0	574.8
0.0	4.1	262.7	10.5	3.1	574.8
0.1	3.6	123.6	10.5	2.5	574.8
0.0	7.2	339.8	10.5	4.0	574.8
0.0	5.5	339.9	10.5	4.2	574.8
0.0	0.6	349.4	10.5	2.5	574.8
0.0	-0.9	352.9	10.6	2.6	574.8
0.0	0.9	363.5	10.6	3.3	574.8
0.0	5.5	364.3	10.6	4.6	574.8
0.0	4.7	338.6	10.6	3.9	574.8
0.0	3.4	368.4	10.6	3.5	574.8
0.0	7.2	362.9	10.7	4.9	574.8
0.0	9.2	349.4	10.7	4.8	574.8
10.5	10.9	168.4	10.7	4.0	574.8
4.8	7.7	46.5	10.7	3.2	574.8
2.0	5.3	50.9	10.8	1.6	576.1
1.0	4.4	102.9	10.8	2.2	576.1
0.1	4.1	364.4	10.8	3.5	576.1
0.0	7.4	379.3	10.8	4.6	576.1
0.0	7.7	205.4	10.9	4.4	576.1
0.5	10.6	299.9	10.9	5.0	576.1
13.0	11.3	97.5	10.9	3.4	576.1
0.8	10.1	208.7	10.9	3.4	576.1
15.2	10.7	132.9	11.0	4.3	576.1
0.6	6.0	97.6	11.0	3.3	576.1
0.6	8.8	245.4	11.0	4.8	576.1
0.2	11.7	368.9	11.0	5.4	576.1
9.2	12.5	90.7	11.1	5.2	576.1
0.6	6.9	400.1	11.1	3.7	576.1
0.2	4.9	59.3	11.1	1.5	576.1
5.1	9.0	52.8	11.2	3.8	576.1
1.1	10.7	301.6	11.2	5.1	576.1
8.0	5.3	29.9	11.2	3.8	576.1
34.5	1.8	25.2	11.2	1.4	576.1
28.1	0.2	34.1	11.3	1.4	576.1
20.3	-1.2	65.8	11.3	1.6	576.1
0.5	-3.2	301.3	11.3	2.4	576.1
0.0	1.0	415.1	11.4	3.2	576.1
11.9	10.4	394.5	11.4	5.6	576.1
13.6	3.1	32.6	11.4	4.3	576.1
0.0	3.4	444.2	11.4	3.2	576.1
0.0	7.2	384.3	11.5	5.1	576.1
0.1	4.5	225.9	11.5	4.2	576.1
0.0	8.0	435.0	11.5	5.4	576.3
0.1	11.9	232.1	11.6	5.4	576.3
0.7	16.7	382.7	11.6	7.3	576.3
1.9	17.9	145.2	11.6	7.8	576.3
5.4	6.4	150.0	11.7	3.7	576.3
8.5	6.4	37.3	11.7	3.3	576.3
8.2	7.6	46.3	11.7	5.2	576.3
0.8	2.3	127.5	11.7	2.6	576.3
0.0	2.7	478.1	11.8	4.2	576.3
1.8	8.7	448.3	11.8	5.8	576.3
22.1	7.0	66.1	11.8	2.6	576.3
24.5	10.6	38.8	11.9	4.1	576.3
27.4	7.4	46.2	11.9	3.9	576.3
1.8	4.8	47.7	11.9	2.7	576.3
0.2	3.5	253.3	12.0	4.0	576.3
0.0	5.9	486.7	12.0	4.8	576.3
19.9	4.7	102.1	12.0	2.6	576.3
43.2	8.1	34.4	12.1	4.6	576.3
18.6	9.3	24.5	12.1	3.8	576.3
2.2	7.2	29.2	12.1	2.4	576.3
13.9	10.2	270.1	12.1	5.1	576.3
7.8	14.2	79.9	12.2	5.9	576.3
6.1	18.1	217.4	12.2	7.0	576.3
10.9	6.6	44.3	12.2	6.1	576.3
10.8	1.6	36.7	12.3	2.4	576.3
1.4	5.1	308.2	12.3	4.4	576.3
2.7	4.1	142.4	12.3	3.8	576.3
0.1	6.2	211.6	12.4	4.8	576.3
19.6	3.4	125.0	12.4	4.1	576.3
0.1	4.8	303.8	12.4	5.4	576.3
0.0	8.2	433.5	12.4	6.3	576.3
0.3	8.9	269.1	12.5	5.8	576.4
0.0	12.1	530.1	12.5	6.6	576.4
12.2	10.8	61.9	12.5	4.7	576.4
19.3	15.3	53.4	12.6	5.1	576.4
11.8	20.9	155.1	12.6	7.7	576.4
11.0	17.2	190.0	12.6	5.0	576.4
27.7	18.5	83.6	12.7	4.9	576.4
16.5	17.3	66.8	12.7	6.5	576.4
11.2	13.9	46.6	12.7	6.9	576.4
5.4	9.7	121.9	12.7	3.1	576.4
0.9	10.7	174.2	12.8	3.9	576.4
0.3	13.5	523.7	12.8	7.2	576.4
0.0	15.9	592.8	12.8	7.5	576.4
22.1	18.6	459.8	12.9	8.0	576.4
11.1	21.8	198.5	12.9	6.5	576.4
4.0	18.9	114.5	12.9	7.5	576.4
0.4	20.1	466.7	13.0	8.7	576.4
3.3	20.3	205.1	13.0	6.7	576.4
2.1	23.7	307.6	13.0	8.4	576.4
9.3	23.4	441.8	13.0	10.1	576.4
17.6	23.7	352.1	13.1	9.4	576.4
3.1	15.0	108.9	13.1	8.6	576.4
9.7	10.4	73.6	13.1	4.6	576.4
0.5	9.8	171.4	13.1	4.4	576.4
1.2	10.2	233.5	13.2	4.4	576.4
1.7	11.9	392.3	13.2	6.2	576.4
0.2	15.7	534.7	13.2	9.1	576.4
0.0	16.7	598.0	13.3	8.6	576.4
0.0	19.1	488.1	13.3	8.8	576.4
0.1	20.0	436.1	13.3	8.7	576.4
39.0	22.1	154.4	13.3	7.2	576.9
0.2	23.5	527.7	13.4	10.1	576.9
10.2	21.6	245.9	13.4	11.3	576.9
0.0	16.3	633.1	13.4	9.9	576.9
2.2	17.6	622.7	13.4	8.3	576.9
5.4	17.4	104.6	13.5	6.3	576.9
15.9	15.5	76.1	13.5	10.1	576.9
0.0	11.9	624.4	13.5	7.7	576.9
0.7	13.7	311.7	13.5	5.6	576.9
0.7	17.1	280.0	13.6	7.6	576.9
0.2	19.8	565.7	13.6	10.1	576.9
41.5	22.0	349.9	13.6	8.9	576.9
24.6	20.1	424.4	13.6	10.5	576.9
62.2	13.7	74.3	13.6	5.3	576.9
25.3	14.7	34.1	13.7	5.8	576.9
4.2	15.3	58.1	13.7	5.2	576.9
0.7	18.7	137.9	13.7	7.0	576.9
20.9	24.2	372.2	13.7	10.6	576.9
41.1	22.1	151.0	13.7	9.1	576.9
10.5	21.5	349.5	13.8	8.3	576.9
14.2	19.1	51.6	13.8	6.0	576.9
18.4	19.5	112.0	13.8	5.9	576.9
2.9	17.4	40.3	13.8	4.3	576.9
5.2	18.5	132.4	13.8	5.7	576.9
12.6	20.5	125.9	13.9	6.3	576.9
2.0	19.7	60.5	13.9	6.9	576.9
19.5	20.1	75.3	13.9	5.4	576.9
10.4	21.7	80.0	13.9	6.1	576.9
7.0	20.6	205.7	13.9	6.8	576.9
0.6	19.4	60.6	13.9	4.2	576.9
10.9	18.5	137.2	13.9	7.7	576.9
1.6	16.0	159.5	14.0	6.3	575.3
0.0	20.5	638.0	14.0	10.1	575.3
0.0	24.4	607.1	14.0	11.4	575.3
9.8	20.4	112.3	14.0	8.2	575.3
0.1	22.2	588.6	14.0	10.7	575.3
0.1	23.4	616.1	14.0	11.3	575.3
0.0	24.5	614.1	14.0	11.6	575.3
0.0	22.5	639.8	14.0	12.3	575.3
0.0	20.6	679.1	14.0	10.6	575.3
0.0	22.5	679.6	14.0	11.9	575.3
0.0	24.3	665.3	14.1	11.2	575.3
0.0	23.8	351.5	14.1	9.8	575.3
7.5	24.4	409.1	14.1	10.1	575.3
11.8	22.0	42.5	14.1	5.8	575.3
19.6	23.3	147.8	14.1	9.5	575.3
0.0	23.2	462.5	14.1	9.8	575.3
0.0	23.5	372.7	14.1	11.2	575.3
0.0	25.6	650.4	14.1	12.5	575.3
0.1	26.1	459.0	14.1	10.9	575.3
5.6	22.5	56.2	14.1	8.2	575.3
2.0	23.5	198.9	14.1	9.3	575.3
7.2	25.8	369.0	14.1	9.9	575.3
7.0	26.8	504.2	14.1	10.9	575.3
0.1	27.3	549.0	14.1	9.9	575.3
0.0	26.1	321.8	14.1	9.5	575.3
20.1	25.6	209.8	14.1	8.5	575.3
34.3	22.4	49.2	14.1	6.6	575.3
0.4	23.6	530.3	14.1	9.6	575.3
0.0	24.4	562.5	14.1	9.8	575.3
0.0	24.6	555.8	14.1	10.4	575.3
0.0	23.5	646.1	14.1	10.7	572.0
0.1	24.9	633.9	14.0	10.0	572.0
0.2	24.9	406.4	14.0	8.3	572.0
1.0	25.3	244.6	14.0	7.7	572.0
0.9	25.0	128.0	14.0	6.0	572.0
0.8	26.4	473.9	14.0	9.6	572.0
1.6	27.7	532.7	14.0	10.5	572.0
15.7	27.3	549.0	14.0	10.2	572.0
12.7	27.4	619.1	14.0	10.7	572.0
11.8	27.7	577.8	14.0	11.0	572.0
40.6	26.8	437.6	14.0	9.7	572.0
52.2	25.1	70.8	13.9	4.7	572.0
20.5	24.2	26.1	13.9	4.4	572.0
0.6	22.9	104.1	13.9	5.9	572.0
0.0	24.6	502.1	13.9	9.8	572.0
0.1	26.5	504.2	13.9	10.3	572.0
7.7	25.2	124.4	13.9	6.0	572.0
23.6	26.4	421.8	13.9	9.5	572.0
15.9	26.5	427.8	13.8	9.1	572.0
16.6	26.3	356.8	13.8	9.3	572.0
3.2	27.6	584.3	13.8	10.8	572.0
3.4	28.0	575.0	13.8	10.8	572.0
9.2	28.2	550.9	13.8	10.8	572.0
7.7	28.4	557.2	13.7	10.8	572.0
17.0	27.9	443.4	13.7	9.8	572.0
10.9	27.9	479.3	13.7	10.0	572.0
21.4	27.3	492.5	13.7	10.0	572.0
16.5	27.3	446.5	13.7	10.1	572.0
14.5	26.7	476.0	13.6	11.1	572.0
7.4	26.6	547.9	13.6	10.1	572.0
2.7	26.3	436.4	13.6	9.1	572.0
21.2	25.2	325.1	13.6	8.1	570.1
22.6	25.3	301.8	13.6	8.5	570.1
16.4	25.4	331.0	13.5	8.4	570.1
18.4	25.7	506.7	13.5	8.3	570.1
9.7	25.6	526.0	13.5	8.7	570.1
6.8	25.8	469.2	13.5	8.4	570.1
1.2	25.0	123.3	13.4	4.5	570.1
11.0	24.9	184.7	13.4	6.0	570.1
4.1	24.9	208.5	13.4	6.9	570.1
0.8	24.8	121.5	13.4	5.1	570.1
1.7	25.1	206.7	13.3	6.7	570.1
1.4	25.1	208.7	13.3	6.9	570.1
1.4	25.0	97.4	13.3	4.9	570.1
13.8	24.9	68.3	13.3	4.5	570.1
18.8	25.0	233.1	13.2	6.5	570.1
1.0	25.3	278.0	13.2	7.5	570.1
0.2	26.5	296.7	13.2	8.4	570.1
22.0	26.7	454.0	13.2	8.9	570.1
8.3	27.0	502.0	13.1	9.1	570.1
12.3	27.5	488.0	13.1	9.3	570.1
10.3	28.0	515.4	13.1	9.3	570.1
9.7	28.1	463.1	13.1	9.6	570.1
8.6	27.7	439.0	13.0	9.1	570.1
9.5	26.8	399.5	13.0	9.2	570.1
0.1	25.9	456.3	13.0	8.4	570.1
0.2	23.3	96.8	12.9	5.2	570.1
0.4	24.4	551.3	12.9	9.1	570.1
2.8	24.3	427.9	12.9	7.8	570.1
0.7	25.3	408.3	12.9	7.9	570.1
9.1	25.1	190.8	12.8	7.0	570.1
10.4	26.1	461.8	12.8	8.9	570.1
0.4	27.0	518.2	12.8	9.3	570.5
0.4	27.5	537.3	12.7	9.3	570.5
0.2	28.3	540.2	12.7	9.9	570.5
0.0	28.4	543.7	12.7	10.0	570.5
1.1	28.7	487.8	12.7	9.3	570.5
0.2	23.8	186.8	12.6	8.3	570.5
0.0	23.0	548.7	12.6	8.7	570.5
0.0	24.3	545.1	12.6	10.1	570.5
0.0	25.2	541.7	12.5	9.3	570.5
0.5	26.2	294.8	12.5	7.8	570.5
0.7	24.6	113.0	12.5	7.0	570.5
0.0	24.6	528.4	12.4	10.4	570.5
0.0	21.7	549.9	12.4	8.9	570.5
0.0	23.0	542.8	12.4	10.2	570.5
0.0	24.0	540.3	12.4	10.3	570.5
0.0	24.2	531.7	12.3	10.0	570.5
0.1	24.0	518.6	12.3	9.3	570.5
0.3	24.7	89.4	12.3	7.3	570.5
0.9	25.5	172.3	12.2	7.6	570.5
0.0	24.4	486.8	12.2	9.8	570.5
0.0	24.3	210.9	12.2	7.1	570.5
0.0	25.5	107.7	12.1	7.1	570.5
0.7	27.5	389.0	12.1	7.9	570.5
1.1	26.7	351.4	12.1	7.9	570.5
0.0	25.4	483.9	12.1	9.9	570.5
0.0	24.2	489.9	12.0	9.9	570.5
0.0	23.3	481.7	12.0	10.1	570.5
0.0	23.3	423.5	12.0	9.6	570.5
0.2	24.9	478.4	11.9	8.9	570.5
0.0	19.6	385.3	11.9	7.4	570.5
0.0	17.5	503.1	11.9	7.4	571.0
0.0	19.3	491.0	11.8	9.1	571.0
0.0	19.7	301.1	11.8	8.8	571.0
0.0	21.0	454.7	11.8	9.2	571.0
0.0	21.7	359.5	11.8	8.2	571.0
0.0	22.7	456.9	11.7	9.1	571.0
0.0	23.4	462.8	11.7	9.2	571.0
0.0	22.5	455.0	11.7	8.5	571.0
0.0	19.9	442.8	11.6	7.8	571.0
0.0	20.7	225.0	11.6	6.5	571.0
0.0	21.2	232.5	11.6	7.6	571.0
0.0	21.8	439.8	11.5	8.5	571.0
0.0	23.6	438.4	11.5	8.6	571.0
0.0	24.4	431.8	11.5	8.0	571.0
0.2	25.1	351.7	11.5	7.7	571.0
0.1	25.9	390.3	11.4	8.7	571.0
0.0	23.7	419.9	11.4	7.2	571.0
0.0	26.1	411.9	11.4	8.0	571.0
0.0	26.1	392.1	11.3	7.9	571.0
11.7	23.2	387.0	11.3	10.0	571.0
0.7	14.0	50.4	11.3	3.0	571.0
0.0	15.2	405.6	11.3	5.0	571.0
0.0	16.3	372.7	11.2	4.8	571.0
0.0	17.6	396.3	11.2	5.7	571.0
0.0	19.5	385.9	11.2	6.7	571.0
0.1	19.7	260.0	11.1	6.2	571.0
0.3	21.7	239.5	11.1	6.3	571.0
0.5	23.3	320.3	11.1	6.4	571.0
1.1	22.4	193.4	11.1	7.1	571.0
0.4	13.4	42.1	11.0	3.8	571.0
0.0	13.2	379.0	11.0	4.8	571.0
0.0	16.1	386.3	11.0	5.8	572.3
0.0	13.2	387.2	11.0	5.6	572.3
0.0	14.0	387.0	10.9	5.5	572.3
0.0	15.0	140.4	10.9	4.5	572.3
0.0	11.6	287.9	10.9	6.1	572.3
0.0	7.6	391.4	10.8	4.2	572.3
0.0	10.4	334.9	10.8	4.8	572.3
0.0	13.5	323.6	10.8	5.3	572.3
0.0	14.5	372.9	10.8	6.3	572.3
0.0	14.7	371.1	10.7	6.6	572.3
0.0	15.9	358.9	10.7	6.4	572.3
0.0	16.3	350.1	10.7	5.8	572.3
0.0	13.0	124.8	10.7	5.0	572.3
0.0	7.8	373.5	10.7	4.2	572.3
0.0	12.0	363.4	10.6	5.2	572.3
0.0	16.3	334.7	10.6	5.8	572.3
0.6	17.0	85.6	10.6	4.0	572.3
0.5	14.5	100.7	10.6	4.7	572.3
0.0	14.4	336.5	10.5	5.4	572.3
0.0	12.8	316.2	10.5	4.8	572.3
0.0	10.2	282.2	10.5	4.3	572.3
0.0	11.9	330.3	10.5	4.9	572.3
0.0	9.3	337.7	10.5	4.1	572.3
0.0	11.4	325.7	10.5	4.8	572.3
0.0	9.1	327.4	10.4	4.0	572.3
0.0	11.7	318.8	10.4	4.7	572.3
0.0	15.5	263.0	10.4	5.2	572.3
0.1	17.2	149.9	10.4	4.5	572.3
1.0	17.4	66.6	10.4	4.2	572.3
0.0	11.7	246.5	10.4	4.4	572.3
0.0	9.9	277.7	10.3	3.3	574.4
0.2	8.7	155.5	10.3	3.6	574.4
0.0	4.7	321.5	10.3	3.1	574.4
0.0	8.1	309.5	10.3	4.1	574.4
0.0	11.4	225.7	10.3	4.3	574.4
0.0	13.6	188.7	10.3	4.1	574.4
0.1	16.7	281.2	10.3	4.9	574.4
27.6	14.8	77.4	10.3	4.6	574.4
0.0	8.9	246.2	10.2	3.1	574.4
0.0	10.0	302.0	10.2	3.8	574.4
0.0	6.8	303.1	10.2	2.9	574.4
0.0	6.2	304.2	10.2	3.4	574.4
0.0	5.5	306.3	10.2	3.1	574.4
0.0	4.6	305.6	10.2	3.2	574.4
0.0	6.2	304.9	10.2	3.6	574.4
0.0	7.9	301.3	10.2	4.1	574.4
0.0	9.3	298.1	10.2	4.7	574.4
0.0	10.9	295.8	10.2	4.8	574.4
0.0	5.5	303.8	10.2	2.6	574.4
0.1	11.0	261.3	10.2	4.0	574.4
0.1	13.9	119.5	10.2	3.9	574.4
27.2	13.9	66.1	10.2	4.4	574.4
0.3	3.4	143.9	10.2	2.6	574.4
0.0	0.4	303.8	10.2	2.0	574.4
0.0	0.7	302.2	10.2	2.3	574.4
0.0	0.0	274.7	10.2	2.0	574.4
0.0	0.6	306.8	10.2	2.4	574.4
0.0	1.1	310.3	10.2	2.3	574.4
0.0	2.0	305.4	10.2	2.9	574.4
0.0	-4.0	298.7	10.2	1.6	574.4
0.0	-2.8	315.1	10.2	2.2	574.4
0.0	-0.8	310.4	10.2	2.6	577.0
0.0	0.9	309.4	10.2	2.7	577.0
0.0	3.9	311.5	10.2	3.1	577.0
0.0	2.6	318.6	10.2	3.2	577.0
0.0	7.2	320.3	10.3	4.6	577.0
0.0	2.3	317.3	10.3	2.3	577.0
0.0	3.6	320.0	10.3	3.2	577.0
0.0	6.7	317.2	10.3	4.6	577.0
0.0	5.5	322.4	10.3	3.8	577.0
0.0	8.1	301.3	10.3	4.6	577.0
0.0	5.5	326.3	10.3	3.9	577.0
0.0	7.5	331.0	10.3	4.5	577.0
0.0	5.7	244.0	10.4	3.2	577.0
0.0	9.0	326.2	10.4	4.4	577.0
0.0	6.6	333.4	10.4	4.1	577.0
0.0	0.1	339.2	10.4	2.7	577.0
0.0	0.2	338.2	10.4	2.6	577.0
0.0	3.7	199.5	10.4	3.0	577.0
0.0	-0.4	351.9	10.5	2.6	577.0
0.0	-2.3	357.8	10.5	2.3	577.0
0.0	-0.8	359.3	10.5	2.8	577.0
0.0	5.3	360.0	10.5	4.7	577.0
0.0	9.0	354.7	10.5	5.7	577.0
0.0	12.8	250.1	10.6	5.6	577.0
0.0	14.1	330.8	10.6	6.3	577.0
0.0	10.6	341.9	10.6	5.0	577.0
0.1	11.2	230.2	10.6	4.5	577.0
0.0	9.4	333.8	10.7	4.6	577.0
0.0	12.7	362.2	10.7	5.9	577.0
0.0	13.8	367.0	10.7	6.2	577.0
0.0	13.6	359.1	10.7	7.0	577.0
0.9	9.5	326.5	10.7	4.5	578.3
10.7	7.6	50.6	10.8	1.9	578.3
1.1	10.0	37.8	10.8	2.3	578.3
4.9	13.1	81.5	10.8	4.6	578.3
11.0	6.2	35.1	10.8	3.4	578.3
0.0	2.5	90.6	10.9	2.1	578.3
0.0	5.0	392.1	10.9	3.8	578.3
0.0	5.8	271.8	10.9	3.5	578.3
0.0	6.5	371.9	11.0	4.4	578.3
0.0	2.6	409.9	11.0	3.6	578.3
2.1	6.9	385.1	11.0	4.5	578.3
10.1	6.1	52.6	11.0	2.4	578.3
21.3	9.8	37.4	11.1	3.5	578.3
0.3	14.6	95.0	11.1	4.1	578.3
2.1	16.4	243.2	11.1	5.5	578.3
9.0	6.9	38.0	11.1	4.5	578.3
0.0	3.5	415.4	11.2	3.5	578.3
0.0	6.2	426.9	11.2	4.6	578.3
0.0	8.7	424.0	11.2	5.6	578.3
0.0	5.8	404.7	11.3	4.2	578.3
0.0	7.9	268.7	11.3	4.9	578.3
1.0	6.4	361.1	11.3	6.7	578.3
0.0	1.4	454.7	11.3	3.5	578.3
0.0	4.9	463.4	11.4	5.0	578.3
0.0	10.3	445.8	11.4	6.3	578.3
0.1	13.7	253.4	11.4	6.4	578.3
0.5	10.4	129.6	11.5	4.8	578.3
0.1	7.6	291.8	11.5	4.9	578.3
0.0	10.6	257.3	11.5	5.4	578.5
0.0	8.9	435.7	11.6	6.0	578.5
0.0	9.4	468.7	11.6	5.9	578.5
0.0	13.3	470.4	11.6	7.2	578.5
0.0	14.4	310.2	11.6	6.8	578.5
0.0	16.0	473.3	11.7	7.3	578.5
0.0	19.3	389.1	11.7	8.4	578.5
0.8	15.9	169.6	11.7	6.4	578.5
0.0	16.3	446.7	11.8	7.3	578.5
3.1	18.1	194.5	11.8	7.5	578.5
0.3	16.8	412.5	11.8	8.8	578.5
3.1	6.1	392.0	11.9	5.3	578.5
0.0	6.2	368.2	11.9	4.2	578.5
2.7	6.6	166.8	11.9	3.7	578.5
1.5	5.8	110.1	12.0	4.3	578.5
0.0	11.4	502.0	12.0	7.6	578.5
0.0	15.6	502.3	12.0	9.0	578.5
2.4	15.8	439.5	12.0	9.9	578.5
0.0	11.0	539.4	12.1	6.4	578.5
0.0	14.5	538.4	12.1	8.6	578.5
0.0	14.0	544.6	12.1	7.9	578.5
0.0	17.8	542.2	12.2	9.4	578.5
0.0	20.5	525.5	12.2	9.9	578.5
0.0	21.6	368.0	12.2	8.9	578.5
21.9	18.0	337.7	12.3	11.7	578.5
9.1	7.4	72.9	12.3	5.3	578.5
0.0	5.6	537.0	12.3	4.1	578.5
7.2	6.2	83.3	12.4	3.0	578.5
0.0	10.3	506.3	12.4	6.4	578.5
0.0	12.8	508.8	12.4	7.5	578.5
0.0	15.0	553.6	12.4	8.6	578.5
0.1	17.3	568.8	12.5	9.3	578.7
4.3	21.8	476.1	12.5	10.5	578.7
4.5	16.8	205.8	12.5	10.4	578.7
0.0	14.5	569.5	12.6	7.7	578.7
0.0	14.1	525.7	12.6	6.2	578.7
0.0	15.9	239.9	12.6	6.6	578.7
0.0	15.6	99.1	12.7	3.9	578.7
0.0	19.5	379.3	12.7	8.8	578.7
0.7	22.0	252.8	12.7	6.8	578.7
74.6	20.7	353.8	12.7	11.1	578.7
4.2	11.0	32.1	12.8	4.5	578.7
3.0	15.1	216.2	12.8	6.8	578.7
3.8	16.7	99.5	12.8	6.4	578.7
5.8	20.1	82.8	12.9	5.2	578.7
18.0	20.1	176.7	12.9	6.6	578.7
3.0	19.0	75.9	12.9	3.3	578.7
43.4	20.3	95.9	12.9	7.7	578.7
0.0	18.1	545.1	13.0	8.0	578.7
0.0	20.9	607.2	13.0	9.3	578.7
0.0	22.4	508.7	13.0	9.5	578.7
1.3	23.8	588.1	13.1	10.8	578.7
0.3	24.3	540.6	13.1	8.7	578.7
0.2	24.5	589.5	13.1	11.1	578.7
0.6	24.6	584.9	13.1	10.5	578.7
0.0	17.5	467.4	13.2	10.1	578.7
0.0	16.4	608.2	13.2	7.8	578.7
41.0	14.6	96.9	13.2	4.5	578.7
0.0	15.3	581.3	13.2	9.4	578.7
0.1	17.9	615.8	13.3	9.9	578.7
0.2	19.8	609.2	13.3	10.6	578.7
0.0	20.7	511.7	13.3	9.8	579.1
25.6	19.3	79.6	13.4	4.7	579.1
0.4	19.2	265.5	13.4	11.5	579.1
0.0	14.6	655.4	13.4	7.9	579.1
64.6	16.8	312.1	13.4	7.3	579.1
0.9	16.0	163.4	13.5	6.3	579.1
0.0	17.5	551.3	13.5	8.9	579.1
55.5	16.9	292.1	13.5	6.5	579.1
8.6	16.7	39.6	13.5	3.1	579.1
2.6	17.3	40.3	13.5	4.3	579.1
8.9	20.7	111.8	13.6	6.2	579.1
3.2	22.8	145.3	13.6	7.4	579.1
25.2	24.3	353.5	13.6	10.4	579.1
32.6	21.0	261.2	13.6	11.9	579.1
2.3	16.5	134.3	13.7	4.5	579.1
0.0	21.9	304.8	13.7	9.8	579.1
2.1	25.7	298.1	13.7	9.7	579.1
5.5	24.9	188.1	13.7	9.1	579.1
18.1	25.7	413.6	13.7	8.7	579.1
26.6	26.2	350.8	13.8	9.8	579.1
34.4	26.3	490.5	13.8	9.4	579.1
6.9	15.3	96.1	13.8	11.7	579.1
0.0	15.6	677.3	13.8	8.7	579.1
0.0	17.7	670.6	13.8	8.6	579.1
0.0	22.1	633.6	13.8	10.3	579.1
0.3	25.1	439.4	13.9	10.6	579.1
2.3	26.7	615.5	13.9	10.6	579.1
21.7	25.8	483.9	13.9	9.4	579.1
15.0	25.5	370.6	13.9	9.8	579.1
30.4	26.4	486.9	13.9	9.8	579.1
9.7	26.3	298.0	13.9	8.8	579.1
4.9	22.8	92.4	14.0	6.6	577.5
1.5	22.6	303.0	14.0	7.5	577.5
1.0	22.8	150.9	14.0	6.5	577.5
6.1	25.3	491.0	14.0	10.7	577.5
0.1	26.7	644.7	14.0	11.8	577.5
0.2	27.2	616.8	14.0	10.9	577.5
0.9	26.8	473.5	14.0	10.3	577.5
25.3	24.9	319.4	14.0	8.3	577.5
9.1	25.5	222.7	14.0	7.0	577.5
41.1	25.5	229.3	14.0	7.8	577.5
25.6	26.3	287.4	14.0	8.6	577.5
18.3	25.2	177.1	14.1	9.9	577.5
3.0	21.9	323.8	14.1	6.8	577.5
0.1	24.6	616.8	14.1	11.0	577.5
6.4	24.9	261.9	14.1	8.8	577.5
9.6	24.4	365.6	14.1	9.9	577.5
0.1	26.5	620.7	14.1	10.0	577.5
15.9	26.6	480.5	14.1	8.5	577.5
18.0	25.4	316.5	14.1	7.1	577.5
0.5	26.9	482.3	14.1	10.0	577.5
0.1	26.1	371.5	14.1	10.7	577.5
0.0	25.8	633.5	14.1	12.1	577.5
0.1	23.2	660.4	14.1	10.4	577.5
0.2	23.3	571.3	14.1	9.8	577.5
0.2	25.0	530.3	14.1	9.2	577.5
14.4	23.4	99.3	14.1	6.6	577.5
26.9	22.9	28.6	14.1	4.8	577.5
16.3	21.7	73.6	14.1	6.8	577.5
0.7	20.6	242.7	14.1	7.9	577.5
0.1	21.9	509.3	14.1	9.9	577.5
0.3	23.5	602.0	14.1	10.3	574.2
0.6	23.7	458.6	14.0	9.8	574.2
13.7	24.0	304.8	14.0	7.9	574.2
2.6	23.5	70.6	14.0	4.6	574.2
14.0	25.5	247.8	14.0	9.0	574.2
3.0	26.4	450.8	14.0	9.5	574.2
24.3	26.5	472.7	14.0	9.1	574.2
9.0	27.5	560.7	14.0	10.4	574.2
11.0	27.5	546.9	14.0	10.0	574.2
9.5	27.0	551.6	14.0	10.5	574.2
24.5	26.3	478.9	14.0	10.0	574.2
2.2	25.6	244.5	13.9	7.8	574.2
9.8	26.7	556.7	13.9	11.5	574.2
7.5	27.0	626.7	13.9	11.4	574.2
16.2	26.5	469.4	13.9	8.7	574.2
18.6	26.5	321.6	13.9	7.9	574.2
3.1	27.6	459.3	13.9	10.9	574.2
8.4	27.6	600.7	13.9	11.0	574.2
5.9	27.7	555.9	13.8	10.5	574.2
0.6	28.4	582.5	13.8	10.6	574.2
1.0	29.0	604.8	13.8	10.3	574.2
0.5	29.6	568.8	13.8	10.3	574.2
0.2	28.6	349.5	13.8	10.3	574.2
9.5	28.0	407.3	13.8	9.4	574.2
3.7	27.6	311.6	13.7	10.0	574.2
0.0	27.9	330.9	13.7	10.7	574.2
12.9	27.5	522.3	13.7	11.1	574.2
7.7	26.8	300.5	13.7	8.5	574.2
3.3	27.6	547.7	13.7	9.8	574.2
16.8	26.9	478.8	13.6	9.6	574.2
19.5	26.4	316.7	13.6	8.0	574.2
24.3	26.1	405.5	13.6	8.9	572.3
15.9	25.9	375.3	13.6	8.3	572.3
16.4	25.7	397.0	13.5	8.2	572.3
2.9	25.9	412.4	13.5	8.9	572.3
3.6	26.5	484.9	13.5	9.5	572.3
7.7	27.4	460.3	13.5	9.5	572.3
15.7	27.4	427.3	13.4	9.2	572.3
9.4	27.9	481.2	13.4	10.2	572.3
13.1	27.9	465.6	13.4	9.8	572.3
8.9	28.3	537.3	13.4	10.3	572.3
6.0	28.5	546.6	13.4	10.3	572.3
3.2	28.3	556.6	13.3	10.3	572.3
7.9	27.7	488.7	13.3	10.1	572.3
12.0	27.7	477.3	13.3	9.6	572.3
9.9	27.7	488.1	13.2	9.9	572.3
14.2	27.5	522.6	13.2	10.1	572.3
0.7	27.5	444.7	13.2	9.0	572.3
2.9	27.4	470.6	13.2	7.8	572.3
5.0	27.5	498.5	13.1	8.3	572.3
0.4	27.3	360.7	13.1	8.1	572.3
9.7	27.4	514.1	13.1	9.6	572.3
7.4	27.5	482.1	13.1	9.3	572.3
4.6	27.6	488.7	13.0	9.5	572.3
0.5	27.8	431.0	13.0	9.0	572.3
0.1	28.0	524.2	13.0	9.3	572.3
0.3	27.8	537.5	12.9	9.6	572.3
4.6	26.4	403.9	12.9	10.6	572.3
0.1	21.2	136.9	12.9	7.6	572.3
0.1	21.9	587.0	12.9	8.5	572.3
0.0	24.7	560.5	12.8	8.8	572.3
1.5	27.0	433.2	12.8	9.3	572.3
0.0	25.4	571.8	12.8	10.3	572.6
0.0	25.8	560.3	12.7	10.1	572.6
0.0	26.3	534.7	12.7	10.0	572.6
0.0	26.1	558.7	12.7	10.6	572.6
0.0	26.7	559.5	12.7	10.6	572.6
0.4	27.9	493.0	12.6	10.0	572.6
1.1	27.1	163.0	12.6	7.4	572.6
7.4	26.7	328.5	12.6	8.6	572.6
0.8	27.2	286.4	12.5	7.6	572.6
0.3	27.5	407.3	12.5	9.6	572.6
0.0	28.5	523.0	12.5	10.5	572.6
0.0	27.6	515.8	12.5	8.9	572.6
0.2	27.8	289.3	12.4	8.9	572.6
0.1	27.5	363.4	12.4	9.0	572.6
0.3	25.8	245.2	12.4	7.0	572.6
1.3	24.7	133.0	12.3	5.6	572.6
1.2	25.7	361.5	12.3	7.5	572.6
0.0	24.7	354.4	12.3	8.2	572.6
0.0	23.4	521.7	12.2	8.4	572.6
0.2	25.4	486.6	12.2	8.0	572.6
5.7	23.2	60.7	12.2	5.5	572.6
1.4	21.9	61.0	12.2	5.8	572.6
0.5	23.4	419.6	12.1	6.5	572.6
0.0	22.7	264.9	12.1	6.2	572.6
0.0	22.6	279.9	12.1	6.7	572.6
0.0	23.0	386.4	12.0	7.7	572.6
0.0	23.1	485.3	12.0	8.7	572.6
0.0	23.2	488.7	12.0	9.0	572.6
0.0	23.6	434.5	11.9	8.9	572.6
0.0	24.2	452.6	11.9	8.4	572.6
0.0	23.7	444.6	11.9	8.9	573.1
0.0	23.6	420.3	11.9	8.1	573.1
0.0	23.2	407.5	11.8	8.8	573.1
0.0	22.7	475.9	11.8	9.0	573.1
0.0	23.0	471.3	11.8	7.8	573.1
0.0	20.9	462.0	11.7	7.3	573.1
0.0	18.9	474.1	11.7	7.8	573.1
0.0	18.9	476.3	11.7	8.0	573.1
0.0	18.9	470.6	11.6	8.6	573.1
0.0	19.8	469.1	11.6	8.7	573.1
0.0	21.4	460.4	11.6	8.2	573.1
0.0	19.3	457.1	11.6	7.5	573.1
0.0	19.9	446.8	11.5	8.1	573.1
0.0	20.1	432.4	11.5	8.7	573.1
0.0	20.7	443.6	11.5	8.9	573.1
0.0	21.0	436.2	11.4	8.7	573.1
0.0	20.7	432.0	11.4	8.1	573.1
0.0	21.5	426.0	11.4	7.9	573.1
0.0	18.0	431.5	11.3	7.0	573.1
0.0	18.2	432.3	11.3	7.4	573.1
0.0	19.7	421.5	11.3	7.7	573.1
0.0	20.2	417.0	11.3	7.6	573.1
0.0	22.0	411.7	11.2	7.5	573.1
0.0	24.9	282.0	11.2	7.0	573.1
0.0	26.4	369.9	11.2	7.1	573.1
20.3	23.0	215.1	11.1	7.4	573.1
3.1	14.7	31.2	11.1	2.6	573.1
0.4	16.7	212.0	11.1	3.5	573.1
0.0	17.9	196.2	11.1	4.9	573.1
0.5	20.3	311.0	11.0	6.0	573.1
3.5	18.8	174.9	11.0	4.3	573.1
0.2	17.0	127.9	11.0	4.4	574.5
0.2	19.3	326.3	11.0	5.2	574.5
0.6	19.3	190.5	10.9	4.6	574.5
4.0	17.1	147.4	10.9	6.8	574.5
0.0	7.0	359.5	10.9	3.3	574.5
0.0	9.8	365.9	10.9	4.6	574.5
0.0	14.9	312.7	10.8	5.3	574.5
0.0	15.8	183.6	10.8	5.3	574.5
0.0	18.3	354.2	10.8	6.4	574.5
0.1	19.6	223.7	10.8	6.0	574.5
0.0	17.3	357.5	10.7	6.2	574.5
0.0	18.1	351.9	10.7	5.9	574.5
0.0	16.9	292.1	10.7	5.5	574.5
0.0	17.0	333.1	10.7	5.6	574.5
0.0	16.4	274.5	10.6	5.2	574.5
0.0	17.4	247.4	10.6	5.3	574.5
3.1	16.2	204.6	10.6	5.9	574.5
0.0	7.5	313.4	10.6	3.4	574.5
0.0	8.8	344.3	10.6	3.9	574.5
0.0	10.3	342.9	10.5	4.2	574.5
0.0	10.2	339.2	10.5	4.4	574.5
0.0	13.7	229.4	10.5	5.3	574.5
0.0	17.2	234.4	10.5	6.1	574.5
0.0	6.6	317.7	10.5	3.4	574.5
0.0	10.3	334.0	10.4	4.5	574.5
2.3	15.7	205.0	10.4	4.8	574.5
3.0	12.0	35.4	10.4	3.7	574.5
2.4	14.0	176.9	10.4	3.8	574.5
27.0	9.6	13.5	10.4	3.7	574.5
4.7	1.7	17.6	10.4	2.0	574.5
0.2	0.4	193.7	10.3	2.4	576.5
0.1	4.2	290.9	10.3	3.4	576.5
0.0	10.5	283.0	10.3	3.9	576.5
11.1	17.6	263.7	10.3	4.9	576.5
19.8	11.3	15.8	10.3	3.9	576.5
14.2	7.5	19.7	10.3	0.9	576.5
2.8	4.8	21.9	10.3	2.5	576.5
0.0	0.7	318.4	10.3	2.4	576.5
0.0	2.0	311.6	10.2	2.8	576.5
0.0	5.2	298.7	10.2	3.3	576.5
1.8	8.4	116.0	10.2	2.9	576.5
1.6	5.3	98.4	10.2	2.8	576.5
0.3	0.5	117.8	10.2	2.0	576.5
0.1	-0.5	310.7	10.2	2.2	576.5
0.0	2.1	292.4	10.2	2.9	576.5
0.0	3.9	307.6	10.2	3.0	576.5
0.0	3.1	308.8	10.2	3.1	576.5
0.0	5.0	302.2	10.2	3.6	576.5
0.0	6.8	150.4	10.2	3.2	576.5
0.0	9.3	302.8	10.2	4.5	576.5
0.0	9.0	300.0	10.2	4.2	576.5
0.0	11.8	296.6	10.2	5.4	576.5
0.1	12.6	294.7	10.2	5.2	576.5
0.1	10.3	196.9	10.2	3.9	576.5
0.0	9.2	282.7	10.2	3.7	576.5
0.0	4.9	312.6	10.2	3.2	576.5
0.0	6.9	280.5	10.2	4.1	576.5
0.0	9.7	301.2	10.2	4.8	576.5
0.0	11.8	299.8	10.2	5.4	576.5
0.0	12.4	300.2	10.2	5.1	576.5
0.0	12.4	268.8	10.2	4.7	576.5
2.0	15.4	290.9	10.2	5.8	579.2
0.0	5.3	241.9	10.2	3.1	579.2
2.9	7.7	235.7	10.2	3.3	579.2
3.2	4.1	23.5	10.2	2.1	579.2
0.0	3.3	260.8	10.3	2.5	579.2
0.1	5.0	301.9	10.3	3.5	579.2
0.3	9.3	292.3	10.3	4.1	579.2
15.9	8.3	46.9	10.3	3.9	579.2
0.1	5.2	317.6	10.3	3.1	579.2
6.7	-0.1	72.1	10.3	1.3	579.2
0.4	0.9	238.2	10.3	2.0	579.2
0.0	5.0	320.9	10.3	2.9	579.2
0.0	8.2	315.3	10.4	3.8	579.2
0.2	10.9	319.6	10.4	4.8	579.2
0.0	3.7	304.7	10.4	3.0	579.2
0.0	4.4	334.4	10.4	3.6	579.2
0.4	6.9	234.7	10.4	4.0	579.2
1.9	5.8	98.0	10.4	2.8	579.2
25.7	6.0	32.4	10.5	2.3	579.2
6.5	7.5	20.5	10.5	1.9	579.2
0.6	10.0	178.5	10.5	2.9	579.2
12.1	13.5	229.5	10.5	5.6	579.2
10.5	-2.5	16.9	10.5	2.6	579.2
0.2	-6.6	242.6	10.6	1.2	579.2
0.0	-7.6	356.1	10.6	1.2	579.2
0.0	-4.2	366.5	10.6	1.9	579.2
0.0	-0.6	366.5	10.6	2.6	579.2
0.0	-1.8	373.9	10.6	2.0	579.2
0.0	1.9	370.4	10.7	3.3	579.2
0.0	4.6	363.1	10.7	4.1	579.2
0.0	6.6	319.9	10.7	4.7	579.2
0.0	10.3	374.9	10.7	5.5	580.4
12.0	10.7	302.7	10.8	6.4	580.4
0.9	1.9	120.4	10.8	2.1	580.4
0.2	3.0	123.2	10.8	2.5	580.4
0.9	7.6	230.1	10.8	3.5	580.4
0.7	5.5	144.4	10.9	2.7	580.4
6.4	10.4	134.0	10.9	5.4	580.4
11.1	-0.9	19.3	10.9	2.9	580.4
0.0	-1.8	345.7	10.9	2.3	580.4
0.0	-0.1	286.6	11.0	2.3	580.4
0.0	0.2	219.0	11.0	2.1	580.4
0.2	1.5	130.6	11.0	2.3	580.4
0.0	2.2	409.0	11.1	3.6	580.4
0.0	4.5	285.3	11.1	4.1	580.4
0.0	6.7	419.7	11.1	4.9	580.4
0.0	10.7	311.1	11.1	5.4	580.4
0.0	10.0	209.2	11.2	5.7	580.4
0.0	14.3	419.4	11.2	6.7	580.4
9.5	15.8	169.3	11.2	6.3	580.4
11.8	8.0	49.2	11.3	4.1	580.4
0.5	4.8	76.5	11.3	2.3	580.4
0.0	7.6	218.4	11.3	3.8	580.4
0.0	7.5	405.7	11.3	5.4	580.4
0.0	9.5	446.0	11.4	5.9	580.4
0.0	12.5	417.6	11.4	6.8	580.4
0.0	13.1	275.8	11.4	5.5	580.4
0.0	12.3	322.9	11.5	6.3	580.4
0.0	12.8	463.4	11.5	7.1	580.4
0.0	15.8	467.3	11.5	8.1	580.6
0.0	16.8	462.2	11.5	8.5	580.6
0.0	17.3	451.6	11.6	8.6	580.6
0.0	19.5	415.9	11.6	8.6	580.6
0.0	22.7	353.7	11.6	8.6	580.6
13.4	11.1	61.6	11.7	8.3	580.6
26.2	4.7	38.6	11.7	2.4	580.6
0.3	5.1	152.8	11.7	2.5	580.6
0.0	7.4	430.0	11.8	4.3	580.6
6.3	9.2	280.3	11.8	3.9	580.6
1.2	10.0	57.9	11.8	2.8	580.6
0.6	12.9	133.3	11.9	4.5	580.6
0.3	15.0	272.2	11.9	5.7	580.6
0.1	18.2	221.5	11.9	6.5	580.6
5.8	20.6	337.8	11.9	7.0	580.6
27.2	7.4	38.8	12.0	8.0	580.6
1.2	3.4	91.1	12.0	2.2	580.6
0.2	5.0	170.9	12.0	2.8	580.6
0.1	7.1	312.0	12.1	4.4	580.6
0.1	8.4	333.5	12.1	5.5	580.6
0.0	11.6	516.1	12.1	7.0	580.6
0.0	12.3	497.6	12.2	7.4	580.6
0.0	14.0	528.2	12.2	7.1	580.6
9.6	16.6	109.5	12.2	5.5	580.6
4.0	17.2	59.5	12.3	5.1	580.6
2.4	17.6	114.4	12.3	5.4	580.6
5.9	20.4	208.5	12.3	7.1	580.6
18.2	22.2	388.8	12.3	7.7	580.6
11.1	20.6	196.1	12.4	7.6	580.6
12.5	17.6	231.0	12.4	8.3	580.6
23.8	7.6	49.8	12.4	5.2	580.6
1.0	6.5	179.5	12.5	3.5	580.8
0.9	8.9	423.0	12.5	6.2	580.8
8.8	10.9	339.5	12.5	6.1	580.8
31.0	8.0	45.4	12.6	3.4	580.8
13.7	10.0	57.1	12.6	2.3	580.8
26.3	13.8	81.0	12.6	5.6	580.8
5.4	17.3	199.5	12.6	6.9	580.8
6.9	12.2	95.5	12.7	6.0	580.8
0.8	9.4	90.5	12.7	4.2	580.8
16.6	11.5	90.2	12.7	3.7	580.8
15.1	12.5	62.5	12.8	3.8	580.8
0.3	13.1	251.1	12.8	6.3	580.8
0.8	17.3	499.6	12.8	8.8	580.8
16.0	15.3	82.6	12.9	5.6	580.8
0.3	13.9	328.8	12.9	7.9	580.8
21.0	12.9	194.6	12.9	4.7	580.8
21.0	17.5	66.4	12.9	8.1	580.8
1.4	23.6	298.7	13.0	7.8	580.8
1.9	18.7	169.4	13.0	10.4	580.8
33.4	17.1	556.6	13.0	9.1	580.8
17.5	12.8	65.2	13.1	5.4	580.8
2.2	12.4	380.1	13.1	6.7	580.8
0.2	16.3	569.2	13.1	9.7	580.8
0.0	19.3	592.6	13.1	10.0	580.8
0.2	15.7	415.8	13.2	8.7	580.8
14.5	19.6	495.3	13.2	8.8	580.8
11.5	19.3	79.0	13.2	6.6	580.8
77.2	14.8	76.9	13.2	10.2	580.8
0.5	10.6	178.1	13.3	5.0	580.8
0.0	14.6	598.2	13.3	8.7	580.8
0.0	15.9	640.5	13.3	8.9	581.2
0.0	15.8	613.6	13.3	9.4	581.2
0.0	18.6	647.3	13.4	10.0	581.2
0.2	21.3	591.4	13.4	9.7	581.2
25.2	20.0	66.5	13.4	3.9	581.2
14.9	21.8	86.7	13.4	5.8	581.2
29.3	21.4	165.1	13.5	4.5	581.2
2.4	18.3	87.3	13.5	9.7	581.2
3.0	13.5	139.9	13.5	5.3	581.2
0.0	18.0	640.1	13.5	8.0	581.2
0.1	20.9	645.4	13.6	10.2	581.2
0.7	20.2	638.5	13.6	10.6	581.2
0.0	20.7	598.6	13.6	10.3	581.2
10.4	22.1	580.9	13.6	10.1	581.2
16.5	19.3	27.4	13.7	3.0	581.2
26.3	19.7	41.8	13.7	3.6	581.2
1.1	20.6	113.0	13.7	4.7	581.2
0.0	20.4	580.2	13.7	11.8	581.2
0.0	18.1	307.9	13.7	8.4	581.2
0.0	20.8	509.9	13.8	10.1	581.2
0.0	20.9	177.1	13.8	7.9	581.2
17.8	24.6	581.1	13.8	9.5	581.2
31.5	23.3	159.2	13.8	7.5	581.2
16.0	22.5	283.6	13.8	7.1	581.2
1.8	19.7	179.9	13.8	7.6	581.2
0.0	17.8	425.9	13.9	9.3	581.2
0.0	18.9	406.0	13.9	9.4	581.2
0.0	20.4	671.7	13.9	11.4	581.2
0.0	21.5	676.4	13.9	11.0	581.2
0.0	22.9	631.8	13.9	9.7	581.2
0.1	22.7	447.0	13.9	10.0	581.2
0.1	24.1	618.3	13.9	11.0	579.6
0.0	24.5	482.0	14.0	9.9	579.6
0.1	24.4	429.4	14.0	9.7	579.6
1.4	25.4	581.9	14.0	10.2	579.6
20.3	23.6	253.1	14.0	8.9	579.6
5.3	24.9	508.8	14.0	10.7	579.6
2.1	23.1	392.2	14.0	10.2	579.6
2.3	23.8	629.7	14.0	11.5	579.6
5.6	23.8	638.7	14.0	11.2	579.6
0.0	26.2	550.8	14.0	10.5	579.6
16.2	24.6	123.1	14.0	6.6	579.6
1.7	21.4	97.4	14.1	7.7	579.6
0.3	21.6	535.1	14.1	9.6	579.6
0.1	22.9	562.1	14.1	9.6	579.6
1.1	22.2	234.2	14.1	7.6	579.6
0.1	21.4	285.3	14.1	9.3	579.6
0.0	23.3	647.8	14.1	10.4	579.6
2.1	24.3	574.0	14.1	10.8	579.6
0.0	21.7	442.1	14.1	9.0	579.6
0.2	22.8	598.2	14.1	10.0	579.6
0.0	25.0	494.9	14.1	9.5	579.6
1.2	23.4	89.7	14.1	6.0	579.6
1.0	24.8	281.0	14.1	7.5	579.6
1.0	26.6	453.8	14.1	11.0	579.6
3.1	28.0	629.1	14.1	12.5	579.6
11.4	28.0	514.9	14.1	10.4	579.6
0.7	26.1	397.4	14.1	9.5	579.6
0.6	27.4	616.7	14.1	11.7	579.6
8.9	26.1	351.7	14.1	9.0	579.6
7.4	25.7	202.9	14.1	8.2	579.6
0.5	26.6	299.3	14.1	8.0	576.3
10.0	26.2	185.4	14.0	8.6	576.3
29.1	25.5	273.1	14.0	8.2	576.3
29.6	26.2	506.1	14.0	10.0	576.3
0.5	27.1	568.1	14.0	11.0	576.3
1.5	26.5	270.2	14.0	8.9	576.3
12.7	28.3	584.5	14.0	10.5	576.3
18.6	25.6	83.1	14.0	4.5	576.3
0.0	27.4	358.6	14.0	9.0	576.3
6.3	27.7	574.3	14.0	10.9	576.3
8.3	28.0	634.1	14.0	11.3	576.3
0.1	29.3	601.3	13.9	11.9	576.3
0.0	29.8	653.8	13.9	12.4	576.3
0.0	30.2	654.9	13.9	12.6	576.3
0.0	31.0	649.6	13.9	12.5	576.3
0.0	32.0	630.8	13.9	12.6	576.3
0.0	32.4	510.2	13.9	12.1	576.3
0.0	32.0	634.4	13.9	13.5	576.3
0.0	31.9	610.7	13.8	12.9	576.3
0.0	32.5	638.0	13.8	12.9	576.3
0.0	32.4	633.8	13.8	13.0	576.3
0.0	31.8	599.3	13.8	12.6	576.3
0.1	30.7	615.7	13.8	11.6	576.3
19.0	28.2	555.5	13.8	10.7	576.3
21.4	27.8	571.6	13.7	9.8	576.3
17.0	27.5	539.0	13.7	8.9	576.3
14.2	28.2	518.6	13.7	10.7	576.3
7.0	28.8	600.0	13.7	10.9	576.3
0.0	29.3	628.9	13.7	10.9	576.3
1.1	29.3	517.1	13.6	9.4	576.3
0.8	29.4	518.9	13.6	8.7	576.3
1.1	29.1	478.5	13.6	9.4	574.4
21.0	27.4	473.5	13.6	10.2	574.4
14.2	27.7	507.7	13.5	10.1	574.4
9.6	27.9	555.2	13.5	9.6	574.4
12.3	27.9	486.5	13.5	9.2	574.4
0.7	29.1	604.5	13.5	9.6	574.4
0.1	30.0	593.7	13.5	10.8	574.4
4.5	29.9	539.9	13.4	11.8	574.4
14.6	27.7	465.4	13.4	9.9	574.4
0.0	28.1	609.6	13.4	10.0	574.4
0.1	28.6	600.4	13.4	10.5	574.4
0.1	29.4	594.9	13.3	10.8	574.4
0.0	30.4	602.3	13.3	11.2	574.4
0.0	31.2	595.5	13.3	11.5	574.4
0.0	31.5	590.8	13.3	11.7	574.4
0.0	31.8	590.0	13.2	11.8	574.4
0.0	31.6	592.9	13.2	11.9	574.4
0.0	31.6	592.8	13.2	11.4	574.4
0.0	31.7	552.0	13.1	11.9	574.4
0.1	31.3	563.4	13.1	11.9	574.4
0.0	31.5	584.0	13.1	11.9	574.4
0.0	32.3	581.4	13.1	12.3	574.4
4.0	30.2	576.0	13.0	11.7	574.4
4.4	29.2	544.1	13.0	10.0	574.4
15.1	27.5	485.7	13.0	9.7	574.4
27.0	25.6	415.6	13.0	8.1	574.4
0.0	25.3	420.9	12.9	8.1	574.4
0.6	26.0	346.4	12.9	8.0	574.4
11.0	25.3	243.5	12.9	7.3	574.4
9.5	26.6	485.4	12.8	9.0	574.4
12.8	27.3	521.9	12.8	10.1	574.4
3.8	28.0	522.7	12.8	10.1	574.7
4.3	27.8	476.4	12.8	8.7	574.7
0.2	28.0	502.8	12.7	9.1	574.7
4.4	27.9	538.9	12.7	9.8	574.7
29.5	25.9	402.6	12.7	8.1	574.7
19.0	20.1	275.4	12.6	9.7	574.7
0.7	18.8	48.2	12.6	5.1	574.7
0.0	19.9	237.4	12.6	6.7	574.7
1.6	21.5	225.1	12.6	6.3	574.7
1.2	22.4	111.4	12.5	5.4	574.7
1.4	22.8	94.4	12.5	4.9	574.7
1.8	22.1	58.7	12.5	5.5	574.7
0.6	21.7	138.3	12.4	6.0	574.7
0.1	22.9	497.7	12.4	6.9	574.7
0.5	22.8	247.9	12.4	7.7	574.7
0.0	23.7	525.2	12.3	9.6	574.7
0.0	24.1	527.3	12.3	10.6	574.7
0.0	25.5	508.1	12.3	11.2	574.7
0.0	26.0	516.4	12.3	11.2	574.7
0.0	26.2	524.6	12.2	9.9	574.7
0.0	27.1	490.0	12.2	10.3	574.7
0.1	26.9	468.6	12.2	10.0	574.7
0.0	25.1	416.6	12.1	9.7	574.7
0.0	23.6	415.7	12.1	8.9	574.7
0.0	23.1	417.2	12.1	9.8	574.7
0.0	24.0	501.2	12.0	9.8	574.7
0.0	24.0	449.6	12.0	10.0	574.7
0.0	23.1	494.9	12.0	10.1	574.7
0.0	21.0	502.2	11.9	9.3	574.7
0.0	21.4	499.0	11.9	9.4	574.7
0.0	21.9	492.2	11.9	9.1	575.2
0.0	23.8	478.8	11.9	8.9	575.2
0.0	24.5	470.4	11.8	8.5	575.2
0.0	25.0	277.0	11.8	7.3	575.2
0.0	25.4	312.1	11.8	8.2	575.2
0.3	26.4	422.3	11.7	8.2	575.2
0.1	28.0	431.0	11.7	8.6	575.2
3.5	27.8	436.3	11.7	8.6	575.2
0.1	28.5	431.7	11.6	8.6	575.2
8.8	26.3	357.2	11.6	8.0	575.2
0.4	24.5	210.4	11.6	6.1	575.2
0.1	25.1	365.3	11.6	7.0	575.2
0.1	23.7	318.6	11.5	6.5	575.2
0.0	22.3	416.7	11.5	6.0	575.2
0.1	23.7	313.4	11.5	6.3	575.2
2.1	25.0	215.9	11.4	6.8	575.2
0.0	20.0	148.9	11.4	5.7	575.2
0.0	19.8	428.2	11.4	7.1	575.2
1.8	23.2	406.4	11.4	7.6	575.2
2.8	22.5	46.7	11.3	3.6	575.2
7.7	22.8	182.0	11.3	5.9	575.2
0.2	23.5	194.9	11.3	5.5	575.2
30.1	22.4	171.3	11.2	6.1	575.2
29.8	17.7	46.2	11.2	5.0	575.2
0.1	15.0	224.9	11.2	4.3	575.2
0.0	14.7	245.6	11.2	4.1	575.2
0.0	15.6	268.2	11.1	5.4	575.2
0.0	17.2	289.6	11.1	5.2	575.2
0.0	18.5	252.0	11.1	5.1	575.2
0.1	20.6	361.8	11.0	6.3	575.2
0.0	17.6	253.1	11.0	5.4	575.2
0.0	18.5	346.5	11.0	5.5	576.5
14.7	21.3	129.2	11.0	5.1	576.5
13.8	18.0	78.4	10.9	7.0	576.5
0.0	7.8	364.1	10.9	3.4	576.5
0.0	10.9	344.2	10.9	4.5	576.5
2.9	16.9	359.0	10.9	6.2	576.5
0.0	11.5	344.7	10.8	4.4	576.5
0.0	11.0	374.6	10.8	3.9	576.5
0.0	15.4	353.2	10.8	5.4	576.5
0.0	19.3	346.2	10.8	5.9	576.5
0.0	20.8	272.9	10.7	5.8	576.5
0.2	21.1	281.3	10.7	5.7	576.5
2.5	19.9	95.2	10.7	3.9	576.5
1.0	18.8	154.3	10.7	3.0	576.5
5.0	19.9	96.2	10.6	3.4	576.5
1.9	17.8	41.1	10.6	2.9	576.5
0.2	17.9	119.8	10.6	4.1	576.5
4.2	18.9	306.6	10.6	6.6	576.5
0.6	4.9	41.5	10.6	3.6	576.5
0.0	4.0	305.9	10.5	2.3	576.5
10.9	7.1	213.5	10.5	2.6	576.5
10.6	5.3	27.4	10.5	2.1	576.5
10.2	6.4	72.5	10.5	2.4	576.5
3.5	8.3	25.8	10.5	1.4	576.5
0.2	6.5	64.1	10.4	2.7	576.5
0.6	6.4	107.4	10.4	2.3	576.5
2.1	6.6	37.6	10.4	2.7	576.5
0.8	3.6	78.2	10.4	1.3	576.5
8.8	4.6	54.4	10.4	1.6	576.5
23.5	6.9	22.4	10.4	1.5	576.5
3.9	6.2	35.2	10.3	1.6	578.6
0.2	5.5	162.4	10.3	2.8	578.6
1.2	5.9	101.3	10.3	2.7	578.6
8.0	11.2	66.1	10.3	2.6	578.6
2.2	7.6	38.8	10.3	2.3	578.6
1.1	4.3	40.3	10.3	1.8	578.6
0.2	4.9	313.6	10.3	3.4	578.6
0.1	7.4	207.6	10.3	3.6	578.6
0.7	12.1	234.4	10.2	4.4	578.6
0.5	9.4	27.3	10.2	3.2	578.6
0.0	5.7	290.3	10.2	2.9	578.6
4.0	8.1	225.9	10.2	3.1	578.6
0.2	7.0	241.9	10.2	3.5	578.6
0.1	7.5	267.4	10.2	3.5	578.6
0.2	12.0	208.9	10.2	3.6	578.6
23.8	10.3	59.2	10.2	4.0	578.6
0.1	3.2	284.0	10.2	2.7	578.6
0.1	3.9	252.3	10.2	2.8	578.6
1.1	8.8	141.4	10.2	3.1	578.6
4.7	11.7	55.8	10.2	2.2	578.6
1.2	6.7	69.5	10.2	3.1	578.6
0.6	2.2	241.6	10.2	2.4	578.6
0.2	-2.6	241.0	10.2	1.4	578.6
0.0	-1.1	308.9	10.2	1.9	578.6
0.0	3.8	302.7	10.2	3.1	578.6
0.0	5.4	301.4	10.2	3.5	578.6
0.0	2.5	241.0	10.2	2.5	578.6
0.0	-0.9	313.1	10.2	2.1	578.6
0.0	5.1	308.8	10.2	4.0	578.6
0.0	5.0	213.3	10.2	3.7	578.6
0.0	1.1	313.7	10.2	2.5	578.6
0.0	5.9	304.7	10.2	4.3	581.2
0.0	7.8	301.8	10.2	4.3	581.2
0.0	8.4	293.0	10.2	4.3	581.2
0.6	9.8	268.1	10.2	3.8	581.2
6.0	5.7	45.7	10.3	3.0	581.2
0.0	1.0	250.1	10.3	2.5	581.2
0.0	1.8	311.1	10.3	2.6	581.2
6.6	3.8	49.7	10.3	2.0	581.2
22.5	6.2	18.5	10.3	1.8	581.2
2.3	5.1	43.0	10.3	1.5	581.2
1.0	4.9	102.9	10.3	1.9	581.2
4.9	6.9	61.1	10.3	2.3	581.2
4.0	4.7	67.8	10.4	2.2	581.2
1.1	2.5	130.9	10.4	2.0	581.2
0.5	1.8	108.9	10.4	1.5	581.2
0.0	4.3	185.3	10.4	2.7	581.2
1.8	6.4	80.8	10.4	2.6	581.2
0.4	-0.3	56.5	10.4	2.4	581.2
0.0	-0.0	346.0	10.5	2.0	581.2
0.0	2.8	342.0	10.5	3.0	581.2
0.0	-0.1	341.7	10.5	2.6	581.2
0.0	-0.2	328.0	10.5	2.4	581.2
0.0	3.1	356.6	10.5	3.3	581.2
0.0	2.3	355.1	10.6	3.4	581.2
0.0	3.2	361.4	10.6	4.0	581.2
0.0	5.7	358.8	10.6	4.5	581.2
0.0	7.5	360.8	10.6	5.1	581.2
0.0	8.8	356.5	10.6	5.2	581.2
0.0	7.0	364.1	10.7	4.5	581.2
0.0	9.7	372.1	10.7	5.7	581.2
0.0	5.9	360.7	10.7	4.0	581.2
2.5	5.8	353.3	10.7	3.8	582.5
1.8	2.9	59.8	10.8	1.8	582.5
5.0	6.1	295.1	10.8	3.7	582.5
0.1	4.2	167.1	10.8	3.9	582.5
0.0	-0.2	369.1	10.8	2.3	582.5
0.0	-0.9	391.8	10.9	2.6	582.5
0.0	2.3	340.9	10.9	3.0	582.5
0.0	4.3	307.6	10.9	2.9	582.5
0.0	6.2	404.7	10.9	4.0	582.5
0.0	7.8	401.1	11.0	5.3	582.5
0.0	10.5	361.4	11.0	5.5	582.5
0.0	11.7	397.6	11.0	5.7	582.5
0.0	10.8	257.3	11.0	6.2	582.5
0.0	14.4	414.1	11.1	6.6	582.5
0.0	8.5	406.6	11.1	5.1	582.5
0.0	9.4	251.3	11.1	4.2	582.5
14.7	8.5	170.7	11.2	3.6	582.5
2.7	6.7	64.4	11.2	3.0	582.5
0.6	5.1	87.4	11.2	2.6	582.5
1.8	6.5	417.2	11.2	3.9	582.5
19.9	8.1	45.0	11.3	3.3	582.5
3.9	8.2	73.7	11.3	2.2	582.5
25.5	9.0	48.3	11.3	2.4	582.5
1.1	3.3	61.4	11.4	3.9	582.5
0.0	2.4	445.7	11.4	3.4	582.5
0.0	6.7	448.8	11.4	4.7	582.5
2.8	8.8	366.4	11.5	5.1	582.5
35.7	8.5	41.2	11.5	2.6	582.5
22.2	9.6	146.9	11.5	3.2	582.5
24.6	6.5	29.8	11.5	3.8	582.7
18.4	3.3	43.4	11.6	2.8	582.7
6.7	1.8	73.2	11.6	2.0	582.7
0.0	2.2	432.0	11.6	4.0	582.7
0.0	5.5	256.2	11.7	4.1	582.7
17.2	6.1	96.6	11.7	2.5	582.7
13.0	6.4	70.2	11.7	2.3	582.7
14.3	9.6	223.4	11.8	4.5	582.7
32.0	9.0	39.9	11.8	2.3	582.7
5.8	9.8	52.7	11.8	2.7	582.7
44.3	12.9	46.8	11.8	3.9	582.7
10.0	11.9	101.6	11.9	4.1	582.7
24.0	10.3	44.0	11.9	2.8	582.7
74.0	9.9	58.7	11.9	2.4	582.7
34.8	10.2	38.7	12.0	2.7	582.7
41.5	14.1	53.0	12.0	6.0	582.7
5.1	7.4	69.0	12.0	3.2	582.7
9.0	6.4	74.3	12.1	2.9	582.7
16.0	7.2	134.3	12.1	2.8	582.7
14.8	7.1	46.7	12.1	3.2	582.7
1.7	5.4	96.6	12.2	2.4	582.7
14.3	6.5	162.6	12.2	3.9	582.7
60.6	8.5	38.6	12.2	4.9	582.7
1.0	7.9	122.5	12.2	6.0	582.7
1.6	4.8	111.5	12.3	2.3	582.7
2.0	6.4	151.8	12.3	3.7	582.7
0.5	10.0	493.3	12.3	6.5	582.7
0.0	12.8	553.3	12.4	7.7	582.7
7.5	15.5	430.5	12.4	8.0	582.7
25.8	14.3	33.3	12.4	4.3	582.7
2.8	14.1	41.6	12.5	6.4	582.7
0.5	9.4	185.6	12.5	4.3	582.8
0.1	8.5	370.0	12.5	5.8	582.8
0.4	11.3	434.3	12.5	6.8	582.8
14.2	10.2	48.3	12.6	3.1	582.8
4.3	10.2	114.2	12.6	5.5	582.8
0.0	8.5	577.9	12.6	6.1	582.8
0.0	13.3	502.1	12.7	7.5	582.8
0.0	12.9	95.4	12.7	5.5	582.8
0.3	13.2	201.7	12.7	6.1	582.8
0.0	16.6	577.5	12.8	8.9	582.8
0.0	19.3	558.8	12.8	8.1	582.8
1.5	23.9	515.3	12.8	10.1	582.8
3.3	15.4	65.5	12.8	9.4	582.8
38.5	11.1	53.7	12.9	4.7	582.8
8.4	15.9	84.9	12.9	5.6	582.8
30.8	15.0	53.8	12.9	6.9	582.8
0.4	11.7	264.5	13.0	7.7	582.8
0.0	13.7	603.2	13.0	8.1	582.8
0.0	16.3	549.1	13.0	8.6	582.8
0.0	17.7	587.2	13.0	9.7	582.8
0.0	18.6	621.2	13.1	9.6	582.8
0.0	21.6	597.1	13.1	9.8	582.8
0.0	21.0	359.0	13.1	10.6	582.8
5.6	20.9	549.0	13.2	10.2	582.8
0.0	21.8	604.2	13.2	10.9	582.8
0.0	23.6	623.5	13.2	12.3	582.8
0.0	25.1	603.0	13.2	12.1	582.8
0.0	25.3	618.3	13.3	11.7	582.8
0.0	25.5	583.5	13.3	11.0	582.8
24.9	22.3	260.7	13.3	11.7	582.8
0.0	16.4	508.0	13.3	9.3	583.2
0.0	19.3	535.1	13.4	8.7	583.2
0.0	17.6	631.7	13.4	9.6	583.2
0.0	17.1	655.9	13.4	8.8	583.2
0.0	18.6	648.7	13.4	10.3	583.2
0.0	21.7	623.5	13.5	10.5	583.2
0.2	21.3	272.9	13.5	8.8	583.2
0.6	19.9	348.8	13.5	9.1	583.2
0.1	23.6	631.8	13.5	11.9	583.2
0.0	25.4	626.2	13.6	12.9	583.2
0.0	25.8	436.4	13.6	11.0	583.2
17.9	25.4	282.7	13.6	10.8	583.2
20.8	16.1	71.5	13.6	7.2	583.2
10.7	15.6	84.3	13.6	3.4	583.2
47.9	17.8	84.0	13.7	4.4	583.2
24.9	18.2	73.4	13.7	6.3	583.2
0.1	17.9	272.6	13.7	7.5	583.2
0.0	21.9	586.5	13.7	9.9	583.2
0.1	22.6	649.2	13.7	10.8	583.2
0.0	23.6	526.0	13.8	9.0	583.2
1.1	22.7	466.3	13.8	11.3	583.2
0.0	20.3	647.8	13.8	9.7	583.2
0.9	22.1	465.5	13.8	9.6	583.2
3.1	21.0	455.4	13.8	9.7	583.2
0.0	24.6	576.9	13.9	10.6	583.2
67.6	22.6	203.9	13.9	11.0	583.2
0.0	20.2	661.8	13.9	9.1	583.2
0.0	23.0	676.8	13.9	11.2	583.2
0.2	23.8	660.3	13.9	12.0	583.2
0.0	23.8	661.8	13.9	11.2	583.2
0.0	25.3	665.3	13.9	11.8	583.2
0.0	26.8	661.5	14.0	11.6	581.7
0.0	27.5	648.0	14.0	11.3	581.7
0.0	28.5	648.0	14.0	11.2	581.7
0.4	29.2	592.9	14.0	10.5	581.7
0.7	29.0	649.7	14.0	11.8	581.7
10.2	28.4	593.5	14.0	11.5	581.7
32.8	23.3	215.8	14.0	9.4	581.7
0.8	24.6	454.9	14.0	8.6	581.7
0.4	25.4	298.0	14.0	9.6	581.7
4.8	22.9	104.7	14.0	9.8	581.7
3.3	19.8	178.6	14.1	6.1	581.7
0.0	22.6	400.6	14.1	9.1	581.7
0.2	25.5	584.4	14.1	10.2	581.7
0.0	25.3	356.5	14.1	10.2	581.7
0.0	25.5	491.0	14.1	11.6	581.7
0.0	26.4	611.3	14.1	12.0	581.7
0.1	26.2	620.9	14.1	11.3	581.7
0.0	28.0	650.3	14.1	12.1	581.7
0.8	27.4	560.0	14.1	11.1	581.7
7.8	27.3	607.3	14.1	10.8	581.7
0.1	24.8	350.5	14.1	12.3	581.7
4.2	25.2	677.2	14.1	11.2	581.7
1.9	27.1	618.3	14.1	11.8	581.7
1.9	27.4	296.6	14.1	8.8	581.7
1.8	26.0	115.9	14.1	5.9	581.7
0.1	28.5	605.8	14.1	10.9	581.7
7.7	26.0	150.8	14.1	7.8	581.7
5.5	26.4	318.1	14.1	10.0	581.7
19.9	25.2	165.9	14.1	7.2	581.7
5.7	27.1	300.1	14.1	9.2	581.7
8.3	27.6	367.9	14.0	10.0	578.3
5.5	28.7	583.0	14.0	11.6	578.3
9.1	28.7	463.0	14.0	10.7	578.3
14.9	28.6	533.8	14.0	11.4	578.3
0.2	26.1	452.2	14.0	11.7	578.3
0.0	27.6	536.6	14.0	11.3	578.3
37.0	26.1	395.5	14.0	9.7	578.3
0.6	25.7	119.0	14.0	6.3	578.3
0.2	26.3	214.1	14.0	7.3	578.3
20.2	27.0	403.2	14.0	10.6	578.3
3.4	28.0	638.1	14.0	11.4	578.3
10.1	27.9	633.3	13.9	11.6	578.3
10.6	27.8	575.9	13.9	10.9	578.3
12.5	28.0	597.0	13.9	10.6	578.3
10.9	27.6	433.8	13.9	9.6	578.3
20.4	26.4	310.5	13.9	9.1	578.3
17.5	25.8	231.5	13.9	7.2	578.3
13.9	26.8	322.6	13.8	8.3	578.3
14.9	27.4	553.1	13.8	9.7	578.3
12.8	27.6	521.0	13.8	9.1	578.3
14.2	28.3	478.1	13.8	9.3	578.3
9.1	28.3	474.5	13.8	10.1	578.3
12.8	27.8	281.8	13.8	8.8	578.3
12.1	26.7	122.3	13.7	7.3	578.3
13.4	26.3	151.9	13.7	7.5	578.3
5.8	27.2	159.7	13.7	7.1	578.3
1.2	28.6	509.5	13.7	10.7	578.3
0.0	29.1	629.3	13.7	11.1	578.3
0.7	29.6	621.7	13.6	11.4	578.3
0.2	29.9	578.8	13.6	11.3	578.3
0.1	30.5	604.4	13.6	11.7	578.3
0.0	30.7	624.3	13.6	11.6	576.4
0.0	31.0	619.0	13.6	11.8	576.4
4.1	30.3	586.4	13.5	11.4	576.4
13.1	27.7	405.9	13.5	8.8	576.4
10.7	27.2	421.5	13.5	8.5	576.4
17.0	27.5	461.1	13.5	9.4	576.4
17.5	27.7	404.7	13.4	9.1	576.4
13.4	27.5	416.5	13.4	9.3	576.4
13.9	27.7	495.7	13.4	9.4	576.4
12.9	27.6	431.8	13.4	9.0	576.4
3.0	27.9	463.4	13.3	9.0	576.4
9.9	28.1	526.5	13.3	9.2	576.4
6.3	28.7	472.9	13.3	10.5	576.4
3.8	29.4	583.3	13.3	10.6	576.4
9.4	29.4	558.5	13.2	10.7	576.4
13.7	28.5	448.0	13.2	9.2	576.4
5.3	28.4	420.3	13.2	9.6	576.4
19.0	27.8	449.9	13.2	8.0	576.4
23.0	27.5	331.8	13.1	8.2	576.4
16.7	27.7	454.9	13.1	9.8	576.4
2.3	28.0	482.7	13.1	9.5	576.4
0.3	26.9	330.2	13.0	8.5	576.4
3.2	26.8	443.0	13.0	8.7	576.4
13.1	25.3	150.3	13.0	6.3	576.4
9.5	26.1	403.1	13.0	7.9	576.4
6.3	26.3	342.7	12.9	8.3	576.4
14.7	26.8	407.0	12.9	8.8	576.4
11.9	27.2	471.6	12.9	8.9	576.4
9.9	27.7	391.4	12.8	9.4	576.4
15.2	27.3	376.8	12.8	8.4	576.4
1.0	24.2	90.8	12.8	7.0	576.4
0.0	22.7	578.8	12.8	9.0	576.7
0.0	22.1	575.0	12.7	9.3	576.7
0.0	22.1	576.6	12.7	9.5	576.7
0.0	22.4	423.7	12.7	8.6	576.7
0.0	23.9	564.6	12.6	10.3	576.7
0.0	25.5	523.1	12.6	10.0	576.7
0.1	27.0	383.4	12.6	9.3	576.7
0.0	26.1	186.8	12.6	9.0	576.7
0.0	27.7	518.3	12.5	10.2	576.7
0.0	27.5	432.9	12.5	10.5	576.7
0.1	27.1	321.2	12.5	9.1	576.7
0.3	26.8	254.6	12.4	8.5	576.7
0.6	26.6	451.9	12.4	10.2	576.7
0.9	26.3	520.0	12.4	10.2	576.7
0.3	26.4	520.8	12.3	10.3	576.7
0.0	26.7	516.8	12.3	10.2	576.7
0.0	27.1	518.1	12.3	10.4	576.7
0.0	27.1	514.0	12.3	9.8	576.7
0.5	27.7	462.9	12.2	9.0	576.7
0.4	28.5	490.6	12.2	9.3	576.7
0.0	27.0	495.0	12.2	9.8	576.7
0.0	25.4	507.8	12.1	10.3	576.7
0.0	26.3	505.7	12.1	10.9	576.7
0.0	22.5	500.9	12.1	8.6	576.7
0.0	23.2	393.8	12.0	8.1	576.7
0.0	22.4	498.2	12.0	8.8	576.7
0.0	21.2	495.0	12.0	8.6	576.7
0.0	23.1	489.2	12.0	9.2	576.7
0.0	25.2	475.3	11.9	9.7	576.7
0.0	26.4	471.2	11.9	9.8	576.7
0.0	27.0	465.7	11.9	8.8	577.2
0.2	27.1	252.6	11.8	8.1	577.2
0.6	28.0	430.6	11.8	8.2	577.2
0.4	22.0	105.9	11.8	7.1	577.2
0.0	21.6	460.5	11.7	7.2	577.2
0.1	23.7	202.4	11.7	6.7	577.2
0.0	24.4	244.0	11.7	7.6	577.2
0.0	25.2	440.8	11.7	9.0	577.2
0.0	23.2	451.5	11.6	8.2	577.2
0.0	24.2	442.0	11.6	8.0	577.2
0.2	26.3	389.7	11.6	8.1	577.2
0.3	24.4	108.8	11.5	6.1	577.2
0.1	23.9	131.0	11.5	6.1	577.2
0.0	24.0	412.8	11.5	7.6	577.2
0.0	23.6	407.0	11.4	7.3	577.2
0.0	25.1	313.8	11.4	6.9	577.2
1.1	22.8	191.4	11.4	7.1	577.2
0.0	16.2	314.5	11.4	6.1	577.2
0.1	16.9	413.9	11.3	5.6	577.2
0.1	18.2	335.2	11.3	6.8	577.2
0.0	18.0	406.7	11.3	7.0	577.2
0.0	18.9	417.1	11.2	7.1	577.2
0.0	19.4	411.9	11.2	7.5	577.2
0.0	20.9	369.2	11.2	6.9	577.2
0.2	18.6	348.6	11.2	8.7	577.2
0.0	9.0	429.8	11.1	4.6	577.2
0.0	12.4	320.8	11.1	5.0	577.2
0.0	15.1	137.6	11.1	4.5	577.2
0.0	15.0	97.7	11.1	4.3	577.2
0.0	16.8	395.2	11.0	5.9	577.2
0.0	16.2	366.4	11.0	6.7	577.2
0.0	15.7	391.3	11.0	6.0	578.5
0.0	16.1	297.4	10.9	6.5	578.5
0.0	18.4	331.2	10.9	6.7	578.5
0.0	18.9	103.6	10.9	4.6	578.5
0.0	18.5	65.8	10.9	3.8	578.5
3.4	20.5	169.4	10.8	4.9	578.5
8.4	19.0	31.2	10.8	2.5	578.5
2.3	14.5	44.0	10.8	4.0	578.5
0.0	13.2	341.5	10.8	4.8	578.5
0.0	9.4	360.1	10.7	4.2	578.5
0.0	10.1	287.5	10.7	4.2	578.5
0.0	12.9	360.3	10.7	5.7	578.5
0.0	14.4	352.6	10.7	5.3	578.5
0.0	17.4	333.9	10.6	5.9	578.5
0.0	19.8	326.1	10.6	5.9	578.5
0.1	19.5	272.8	10.6	4.8	578.5
1.0	20.5	251.4	10.6	5.4	578.5
6.9	18.7	34.7	10.6	2.6	578.5
2.0	14.5	41.6	10.5	4.3	578.5
8.3	13.2	102.6	10.5	2.4	578.5
19.9	9.9	31.9	10.5	3.9	578.5
0.0	6.1	156.1	10.5	2.4	578.5
0.0	9.4	334.5	10.5	4.1	578.5
7.6	16.4	308.3	10.4	5.9	578.5
10.0	8.3	20.7	10.4	4.7	578.5
10.7	0.2	108.1	10.4	1.8	578.5
26.1	-0.0	88.2	10.4	1.4	578.5
3.7	-0.9	25.6	10.4	1.3	578.5
0.0	3.0	317.7	10.4	3.0	578.5
0.0	3.0	318.6	10.3	2.3	578.5
0.3	1.5	66.9	10.3	2.0	580.5
0.1	4.7	295.6	10.3	3.5	580.5
0.0	4.6	278.6	10.3	3.2	580.5
0.0	3.5	316.5	10.3	3.1	580.5
0.0	4.7	306.4	10.3	3.5	580.5
0.1	6.1	305.5	10.3	3.9	580.5
0.1	8.2	244.1	10.3	3.7	580.5
19.0	10.0	39.1	10.2	1.9	580.5
0.0	10.0	210.4	10.2	3.8	580.5
0.0	8.4	272.5	10.2	3.3	580.5
0.1	11.4	259.4	10.2	4.2	580.5
0.1	7.4	291.2	10.2	3.2	580.5
0.0	6.9	296.8	10.2	3.3	580.5
3.6	11.1	221.9	10.2	3.8	580.5
0.2	9.2	80.8	10.2	3.0	580.5
0.2	8.1	222.9	10.2	3.7	580.5
0.2	9.9	277.3	10.2	4.1	580.5
1.5	12.3	208.8	10.2	4.1	580.5
43.0	5.5	18.9	10.2	3.4	580.5
2.0	-1.9	149.9	10.2	1.6	580.5
0.0	-1.7	270.1	10.2	2.0	580.5
0.0	0.5	251.3	10.2	2.5	580.5
0.0	2.1	297.7	10.2	2.9	580.5
0.0	5.7	307.0	10.2	3.3	580.5
0.2	5.7	268.6	10.2	3.5	580.5
0.1	5.2	268.3	10.2	3.3	580.5
0.0	8.4	294.5	10.2	4.1	580.5
0.1	9.5	120.9	10.2	3.4	580.5
0.1	10.4	265.6	10.2	3.8	580.5
0.0	13.8	239.0	10.2	4.5	580.5
5.0	15.2	240.0	10.2	5.1	580.5
6.1	9.0	47.8	10.2	3.1	583.2
0.5	9.5	147.7	10.2	3.1	583.2
5.3	14.3	266.0	10.2	5.0	583.2
0.2	4.0	29.6	10.3	2.9	583.2
0.0	-0.4	318.3	10.3	2.0	583.2
0.1	3.0	317.6	10.3	3.4	583.2
0.1	5.8	281.1	10.3	3.8	583.2
0.4	3.8	111.8	10.3	2.6	583.2
0.0	0.9	213.4	10.3	2.3	583.2
0.0	0.1	287.8	10.3	2.4	583.2
0.0	1.6	263.6	10.3	2.7	583.2
0.0	6.2	320.5	10.4	4.0	583.2
0.0	6.4	325.9	10.4	3.5	583.2
20.1	9.8	181.5	10.4	3.8	583.2
3.5	4.7	37.9	10.4	3.2	583.2
0.0	3.3	342.0	10.4	3.0	583.2
0.1	5.2	338.2	10.4	3.8	583.2
0.4	7.4	182.3	10.5	3.4	583.2
2.7	8.5	76.6	10.5	2.4	583.2
0.0	9.2	176.0	10.5	3.3	583.2
1.9	11.2	323.1	10.5	5.0	583.2
0.0	3.5	337.7	10.5	3.2	583.2
0.0	3.3	256.0	10.6	2.6	583.2
0.4	5.7	98.6	10.6	2.4	583.2
6.8	10.3	117.1	10.6	3.8	583.2
16.1	9.0	36.9	10.6	3.5	583.2
0.0	4.2	365.9	10.6	3.1	583.2
0.0	4.8	364.6	10.7	3.8	583.2
1.3	8.4	292.2	10.7	4.6	583.2
0.4	2.9	47.8	10.7	3.4	583.2
0.0	-0.3	375.8	10.7	2.1	583.2
0.0	3.9	230.0	10.8	3.4	584.4
0.0	3.8	380.6	10.8	3.6	584.4
0.0	7.5	378.7	10.8	4.7	584.4
0.0	9.7	295.8	10.8	4.8	584.4
0.0	10.5	383.8	10.9	5.4	584.4
0.0	13.4	376.5	10.9	6.2	584.4
0.0	14.4	387.8	10.9	6.8	584.4
0.0	17.6	394.4	10.9	8.0	584.4
0.0	16.8	391.2	11.0	7.4	584.4
0.0	18.1	387.1	11.0	7.5	584.4
0.0	22.2	356.9	11.0	8.0	584.4
3.7	17.8	321.6	11.0	9.2	584.4
15.4	5.2	36.9	11.1	2.3	584.4
1.3	4.5	87.3	11.1	2.3	584.4
2.5	1.5	69.2	11.1	2.2	584.4
36.1	1.0	39.0	11.2	1.7	584.4
11.9	1.6	40.7	11.2	1.7	584.4
8.3	1.5	62.9	11.2	2.7	584.4
0.2	-3.4	194.0	11.2	1.9	584.4
0.0	3.2	402.7	11.3	4.4	584.4
0.0	5.1	180.3	11.3	3.2	584.4
9.6	5.9	176.8	11.3	2.4	584.4
13.5	7.8	45.7	11.4	3.1	584.4
0.6	6.0	99.4	11.4	3.5	584.4
0.1	10.2	405.1	11.4	6.1	584.4
0.2	11.2	417.8	11.4	6.9	584.4
0.0	8.3	457.1	11.5	4.6	584.4
11.7	9.1	246.4	11.5	4.3	584.4
25.7	11.4	15.0	11.5	3.1	584.6
25.5	6.8	31.4	11.6	3.9	584.6
1.2	4.9	100.5	11.6	2.2	584.6
25.3	4.5	135.2	11.6	3.4	584.6
15.4	4.7	60.9	11.7	2.6	584.6
0.8	7.5	153.4	11.7	3.5	584.6
4.8	5.6	151.8	11.7	3.4	584.6
12.5	3.0	39.7	11.7	2.3	584.6
0.8	6.8	91.5	11.8	2.9	584.6
0.2	6.3	355.9	11.8	5.1	584.6
0.0	7.7	495.3	11.8	5.5	584.6
0.0	9.8	304.9	11.9	5.3	584.6
0.0	12.1	399.4	11.9	6.5	584.6
0.2	17.2	465.7	11.9	8.2	584.6
0.1	20.7	292.2	12.0	8.0	584.6
21.1	19.0	134.5	12.0	7.2	584.6
14.3	12.0	29.8	12.0	4.1	584.6
22.2	11.2	39.5	12.1	3.2	584.6
27.3	9.7	29.7	12.1	2.6	584.6
3.1	7.0	48.6	12.1	3.7	584.6
0.4	6.7	254.5	12.1	4.4	584.6
1.2	8.5	106.2	12.2	3.7	584.6
3.2	8.2	162.4	12.2	3.2	584.6
18.0	9.0	110.1	12.2	3.2	584.6
0.9	10.7	230.9	12.3	5.0	584.6
23.3	13.3	255.4	12.3	6.0	584.6
9.6	16.5	91.0	12.3	6.1	584.6
33.4	17.8	182.8	12.4	10.1	584.6
8.2	9.3	50.2	12.4	2.8	584.6
24.3	9.6	53.3	12.4	3.6	584.6
0.2	9.2	434.2	12.5	6.1	584.6
0.0	9.4	513.5	12.5	6.1	584.8
0.0	11.5	577.4	12.5	7.6	584.8
0.0	13.6	577.7	12.5	8.1	584.8
0.0	14.4	556.1	12.6	8.9	584.8
2.0	17.5	556.7	12.6	9.1	584.8
0.1	17.5	514.6	12.6	9.1	584.8
0.0	15.6	271.5	12.7	8.4	584.8
0.0	17.2	584.6	12.7	9.1	584.8
12.4	16.0	239.0	12.7	7.4	584.8
0.0	16.2	460.0	12.7	8.9	584.8
0.0	13.3	339.6	12.8	6.3	584.8
0.0	19.5	532.7	12.8	9.7	584.8
0.0	24.6	505.5	12.8	10.6	584.8
1.5	24.9	414.9	12.9	8.6	584.8
0.0	20.4	485.5	12.9	10.6	584.8
0.6	13.7	345.6	12.9	7.4	584.8
0.0	14.4	620.7	13.0	8.2	584.8
0.0	17.8	599.2	13.0	9.8	584.8
44.8	17.0	159.2	13.0	7.5	584.8
28.3	12.0	46.6	13.0	4.7	584.8
27.2	13.1	62.8	13.1	4.4	584.8
1.5	10.6	114.5	13.1	5.0	584.8
0.0	15.7	625.8	13.1	8.4	584.8
0.0	17.1	627.8	13.1	9.3	584.8
20.6	20.8	609.4	13.2	10.2	584.8
0.0	13.8	626.8	13.2	8.1	584.8
0.0	15.3	603.2	13.2	6.5	584.8
0.9	15.1	377.6	13.3	7.6	584.8
0.1	17.2	471.6	13.3	9.0	584.8
0.6	20.0	597.8	13.3	9.9	584.8
11.0	20.8	480.0	13.3	9.4	585.1
3.6	23.5	585.2	13.4	9.9	585.1
24.6	24.8	352.2	13.4	9.8	585.1
65.9	18.3	58.7	13.4	10.7	585.1
52.8	11.6	49.0	13.4	4.7	585.1
27.4	11.4	39.3	13.5	3.1	585.1
0.6	14.2	556.7	13.5	7.8	585.1
21.9	22.0	517.6	13.5	11.6	585.1
32.4	22.1	207.4	13.5	11.6	585.1
0.1	16.9	410.4	13.6	7.6	585.1
0.0	17.3	431.0	13.6	8.1	585.1
13.3	14.3	143.1	13.6	5.0	585.1
0.5	17.9	431.5	13.6	7.9	585.1
0.7	16.8	586.5	13.6	10.5	585.1
0.0	17.8	674.8	13.7	10.1	585.1
9.8	20.9	621.5	13.7	10.3	585.1
1.3	21.7	352.2	13.7	9.2	585.1
1.8	23.4	603.5	13.7	9.8	585.1
19.5	23.6	383.5	13.7	9.3	585.1
34.1	23.9	218.9	13.8	6.9	585.1
30.2	21.1	273.2	13.8	9.3	585.1
0.0	19.4	635.6	13.8	9.7	585.1
1.7	21.0	486.3	13.8	8.5	585.1
48.6	21.1	153.3	13.8	7.2	585.1
20.4	23.9	242.4	13.9	9.3	585.1
0.3	20.5	579.6	13.9	10.2	585.1
0.3	22.9	634.4	13.9	11.5	585.1
0.1	23.3	397.9	13.9	12.7	585.1
0.0	24.3	555.4	13.9	10.4	585.1
5.3	21.1	224.4	13.9	8.8	585.1
1.2	22.9	643.7	13.9	10.9	585.1
0.4	24.2	579.4	14.0	11.6	583.6
3.2	25.2	599.6	14.0	11.9	583.6
0.2	20.5	145.3	14.0	6.7	583.6
0.0	18.6	425.7	14.0	9.4	583.6
0.1	20.6	631.5	14.0	10.4	583.6
0.0	22.8	678.0	14.0	11.4	583.6
0.0	24.4	674.8	14.0	12.0	583.6
0.0	25.2	601.7	14.0	10.5	583.6
25.6	24.0	176.7	14.0	9.8	583.6
45.3	21.5	46.8	14.0	4.8	583.6
0.7	21.5	286.3	14.1	8.6	583.6
0.0	24.6	596.1	14.1	9.6	583.6
0.3	24.1	371.2	14.1	9.5	583.6
0.3	24.7	506.9	14.1	10.3	583.6
0.0	25.2	386.5	14.1	9.6	583.6
0.0	26.3	517.4	14.1	10.8	583.6
0.9	27.9	548.9	14.1	10.4	583.6
0.2	27.0	534.5	14.1	11.9	583.6
0.0	27.9	565.2	14.1	12.0	583.6
6.1	27.3	297.7	14.1	11.5	583.6
5.0	27.3	384.5	14.1	9.7	583.6
13.7	25.6	86.9	14.1	7.2	583.6
33.2	25.3	128.0	14.1	7.0	583.6
2.9	23.3	50.3	14.1	7.1	583.6
1.1	22.1	238.3	14.1	8.0	583.6
1.1	22.7	498.1	14.1	9.3	583.6
1.0	22.6	409.5	14.1	8.3	583.6
1.8	23.4	353.9	14.1	7.6	583.6
1.3	23.9	213.3	14.1	8.0	583.6
1.2	25.0	385.7	14.1	10.3	583.6
9.1	25.4	618.9	14.1	11.4	580.2
0.1	27.1	472.3	14.0	11.0	580.2
1.7	26.4	219.7	14.0	9.2	580.2
8.8	24.6	194.2	14.0	6.6	580.2
19.5	24.9	224.5	14.0	6.5	580.2
3.1	26.6	433.4	14.0	10.4	580.2
11.3	26.5	408.4	14.0	10.2	580.2
0.2	27.5	604.6	14.0	10.5	580.2
0.0	27.6	635.1	14.0	11.1	580.2
2.8	27.9	543.3	14.0	10.5	580.2
8.7	25.9	122.8	14.0	6.5	580.2
22.3	26.8	346.2	13.9	9.1	580.2
12.5	27.4	478.9	13.9	10.0	580.2
25.5	27.4	563.5	13.9	9.8	580.2
7.6	27.7	586.0	13.9	10.3	580.2
21.5	26.7	390.2	13.9	9.5	580.2
16.9	26.4	261.5	13.9	8.4	580.2
6.7	26.9	454.6	13.9	10.7	580.2
7.0	27.5	558.5	13.8	10.2	580.2
9.5	27.4	482.1	13.8	9.8	580.2
9.2	27.6	452.2	13.8	9.9	580.2
9.6	27.4	416.1	13.8	9.7	580.2
7.5	27.2	513.6	13.8	9.3	580.2
3.9	26.9	468.2	13.7	9.2	580.2
16.0	26.2	351.6	13.7	8.0	580.2
0.5	25.8	288.1	13.7	8.3	580.2
0.4	26.1	472.2	13.7	9.7	580.2
1.3	26.7	460.1	13.7	9.6	580.2
1.7	27.3	460.4	13.6	9.2	580.2
1.6	28.0	478.7	13.6	9.2	580.2
0.2	28.3	538.2	13.6	10.2	580.2
6.1	27.9	576.1	13.6	10.9	578.4
10.9	26.5	524.8	13.6	8.9	578.4
23.9	25.3	260.6	13.5	7.7	578.4
15.8	24.7	366.5	13.5	6.4	578.4
2.1	24.7	281.3	13.5	7.2	578.4
0.8	24.8	232.2	13.5	7.3	578.4
0.8	27.5	578.2	13.4	9.5	578.4
26.1	26.6	451.5	13.4	9.1	578.4
15.1	27.2	553.1	13.4	9.9	578.4
22.2	27.3	489.3	13.4	9.6	578.4
15.7	27.1	467.4	13.3	9.2	578.4
8.4	27.2	496.4	13.3	9.8	578.4
10.1	27.1	487.4	13.3	9.5	578.4
15.3	27.0	324.4	13.3	7.8	578.4
20.2	26.5	273.1	13.2	8.2	578.4
19.1	26.9	366.7	13.2	9.3	578.4
24.0	26.9	411.0	13.2	8.4	578.4
22.1	26.7	442.6	13.2	7.8	578.4
13.2	27.0	423.1	13.1	8.6	578.4
13.3	27.2	489.7	13.1	9.8	578.4
12.9	27.2	500.0	13.1	9.6	578.4
18.9	26.9	471.8	13.1	9.5	578.4
7.3	26.7	478.2	13.0	9.5	578.4
9.0	26.8	514.2	13.0	9.1	578.4
4.6	26.4	496.0	13.0	8.5	578.4
5.9	26.1	395.5	12.9	8.6	578.4
9.7	26.5	473.0	12.9	9.4	578.4
5.8	27.1	463.5	12.9	9.4	578.4
9.8	27.2	473.2	12.9	9.4	578.4
8.9	26.9	473.0	12.8	9.5	578.4
16.1	26.4	392.3	12.8	8.8	578.4
15.6	25.6	370.5	12.8	7.6	578.6
23.0	25.4	375.2	12.7	6.4	578.6
0.5	25.2	143.4	12.7	6.1	578.6
0.5	26.1	430.6	12.7	8.0	578.6
2.2	25.9	408.1	12.7	8.0	578.6
13.3	25.3	475.8	12.6	8.5	578.6
9.8	24.9	456.0	12.6	8.2	578.6
8.3	24.6	441.5	12.6	8.0	578.6
9.1	23.7	387.6	12.5	7.6	578.6
0.4	23.5	146.0	12.5	6.0	578.6
1.1	24.0	253.6	12.5	6.0	578.6
0.8	23.7	136.4	12.4	5.7	578.6
0.8	24.9	403.3	12.4	7.7	578.6
0.5	25.5	444.1	12.4	8.2	578.6
1.6	25.2	396.2	12.4	7.8	578.6
2.4	25.5	421.1	12.3	7.7	578.6
0.4	26.1	455.6	12.3	7.5	578.6
1.0	22.5	100.6	12.3	8.0	578.6
0.4	22.8	327.1	12.2	7.3	578.6
0.0	23.0	503.5	12.2	8.4	578.6
0.1	24.4	488.8	12.2	8.0	578.6
0.0	25.1	264.7	12.1	7.3	578.6
0.9	26.9	297.9	12.1	8.2	578.6
5.0	26.5	325.0	12.1	8.7	578.6
7.9	26.2	446.9	12.1	8.5	578.6
9.8	25.8	435.0	12.0	7.3	578.6
0.3	26.2	443.3	12.0	7.1	578.6
1.1	23.5	69.1	12.0	4.9	578.6
1.8	22.3	147.7	11.9	5.2	578.6
0.0	21.5	375.1	11.9	7.7	578.6
0.3	22.3	390.4	11.9	7.7	579.1
0.0	22.1	402.4	11.8	8.0	579.1
0.0	22.9	379.6	11.8	7.4	579.1
0.0	21.8	392.5	11.8	7.3	579.1
0.0	21.6	469.2	11.8	8.2	579.1
0.0	21.8	466.0	11.7	8.3	579.1
0.0	23.0	449.9	11.7	8.2	579.1
0.0	24.8	309.1	11.7	8.3	579.1
0.3	26.5	339.6	11.6	7.9	579.1
0.0	24.2	372.0	11.6	7.4	579.1
0.0	23.2	209.5	11.6	5.8	579.1
0.0	23.3	230.5	11.5	6.2	579.1
0.0	23.4	337.7	11.5	7.4	579.1
0.0	23.2	431.1	11.5	8.3	579.1
0.0	23.6	330.2	11.5	6.9	579.1
0.0	22.6	265.0	11.4	6.7	579.1
0.0	23.2	412.4	11.4	6.8	579.1
0.0	23.3	402.7	11.4	6.3	579.1
0.0	22.3	311.1	11.3	6.4	579.1
0.1	23.1	324.1	11.3	6.5	579.1
0.1	22.1	150.9	11.3	5.9	579.1
0.1	20.3	289.5	11.3	6.2	579.1
0.0	19.7	396.5	11.2	6.5	579.1
0.0	20.6	397.6	11.2	6.6	579.1
0.3	21.6	202.1	11.2	6.0	579.1
0.0	15.5	131.2	11.1	5.9	579.1
0.0	11.6	420.0	11.1	5.1	579.1
0.0	13.7	406.4	11.1	5.8	579.1
0.0	15.6	395.8	11.1	6.3	579.1
0.0	16.8	398.3	11.0	6.2	579.1
0.0	17.5	391.1	11.0	6.5	579.1
0.0	17.1	377.0	11.0	6.5	580.4
0.0	15.9	390.8	11.0	6.0	580.4
0.0	17.1	359.3	10.9	6.0	580.4
0.0	16.2	313.5	10.9	5.4	580.4
0.0	15.0	370.3	10.9	5.3	580.4
0.0	16.4	278.8	10.8	5.4	580.4
0.0	16.0	332.4	10.8	5.7	580.4
0.0	14.8	362.8	10.8	5.4	580.4
0.2	16.5	347.5	10.8	5.5	580.4
0.3	11.6	96.3	10.7	4.2	580.4
0.0	12.6	360.7	10.7	4.6	580.4
0.0	13.3	240.2	10.7	4.5	580.4
0.0	13.2	357.7	10.7	5.3	580.4
0.0	13.7	344.2	10.7	5.5	580.4
0.0	12.7	361.8	10.6	5.4	580.4
0.0	12.6	358.9	10.6	5.6	580.4
0.0	12.9	237.0	10.6	5.3	580.4
0.0	14.5	345.4	10.6	5.7	580.4
0.0	16.2	333.4	10.5	6.0	580.4
0.0	16.5	342.6	10.5	6.5	580.4
0.0	17.1	340.5	10.5	6.7	580.4
0.0	17.2	330.8	10.5	5.9	580.4
0.0	16.1	298.4	10.5	5.0	580.4
0.0	14.6	325.3	10.4	5.0	580.4
0.0	16.7	320.2	10.4	5.3	580.4
0.1	16.2	236.9	10.4	6.8	580.4
0.1	6.8	82.3	10.4	2.5	580.4
0.0	8.9	289.7	10.4	3.4	580.4
0.0	9.5	235.4	10.4	3.7	580.4
0.4	13.5	272.4	10.4	4.6	580.4
0.6	8.8	50.8	10.3	2.7	582.4
0.4	7.6	133.8	10.3	2.9	582.4
0.4	10.2	160.2	10.3	3.2	582.4
0.7	9.6	52.8	10.3	3.0	582.4
0.0	11.6	300.6	10.3	4.9	582.4
0.0	11.0	304.3	10.3	4.2	582.4
0.0	13.0	269.7	10.3	5.2	582.4
0.2	14.6	297.9	10.3	4.8	582.4
0.1	11.6	109.9	10.2	4.0	582.4
1.6	11.8	265.0	10.2	4.0	582.4
3.7	8.2	26.3	10.2	2.3	582.4
0.0	4.6	175.8	10.2	3.0	582.4
0.0	1.8	318.6	10.2	2.5	582.4
0.0	7.2	312.6	10.2	4.1	582.4
0.0	10.2	295.7	10.2	4.5	582.4
0.3	7.3	289.2	10.2	4.2	582.4
0.0	1.4	309.0	10.2	2.4	582.4
0.2	6.8	236.8	10.2	3.5	582.4
0.6	12.6	70.4	10.2	3.4	582.4
2.7	12.1	48.2	10.2	4.7	582.4
0.0	9.5	303.2	10.2	4.2	582.4
0.0	7.4	293.4	10.2	3.7	582.4
0.0	1.8	137.2	10.2	2.1	582.4
0.0	-0.6	255.2	10.2	2.0	582.4
0.0	0.9	308.3	10.2	2.6	582.4
0.0	4.5	306.8	10.2	3.6	582.4
0.0	2.2	245.7	10.2	2.5	582.4
0.0	-0.1	239.7	10.2	2.4	582.4
0.0	-0.8	315.6	10.2	2.4	582.4
0.0	-3.4	299.7	10.2	2.0	582.4
0.0	-2.8	321.0	10.2	2.2	582.4
0.0	3.0	308.2	10.2	3.5	585.1
1.9	7.0	188.2	10.2	3.6	585.1
0.1	5.5	101.0	10.2	2.4	585.1
11.6	7.6	66.2	10.2	2.3	585.1
8.0	6.6	41.4	10.3	1.2	585.1
11.3	6.8	25.5	10.3	1.5	585.1
1.0	6.2	178.6	10.3	2.1	585.1
0.9	6.6	179.9	10.3	3.0	585.1
0.0	1.3	195.0	10.3	2.4	585.1
0.0	1.9	325.3	10.3	2.9	585.1
0.0	0.3	329.5	10.3	2.7	585.1
0.0	3.4	281.5	10.3	3.4	585.1
0.0	5.8	325.8	10.4	4.1	585.1
0.0	8.6	333.5	10.4	4.8	585.1
0.0	11.3	244.9	10.4	5.0	585.1
0.0	8.3	314.8	10.4	4.2	585.1
0.0	8.4	313.2	10.4	4.6	585.1
0.0	8.4	342.0	10.4	4.4	585.1
0.0	9.9	335.3	10.5	5.1	585.1
0.0	10.9	280.1	10.5	5.6	585.1
0.0	12.6	342.6	10.5	5.9	585.1
0.0	14.8	348.0	10.5	6.3	585.1
0.0	12.7	348.0	10.5	5.4	585.1
0.0	7.5	357.9	10.6	3.8	585.1
0.0	9.0	366.9	10.6	4.1	585.1
0.0	6.2	372.5	10.6	3.6	585.1
0.0	5.0	367.8	10.6	3.9	585.1
0.0	7.3	367.8	10.7	4.9	585.1
0.0	9.9	370.7	10.7	5.7	585.1
0.0	12.8	362.9	10.7	6.1	585.1
1.6	13.3	267.1	10.7	5.5	585.1
6.5	3.7	35.7	10.7	3.3	586.3
0.0	2.6	391.9	10.8	2.6	586.3
0.0	4.3	340.1	10.8	3.9	586.3
0.1	8.4	382.4	10.8	4.8	586.3
1.7	12.6	327.2	10.8	6.1	586.3
3.3	5.4	28.9	10.9	3.9	586.3
0.0	4.6	393.2	10.9	3.3	586.3
20.2	3.2	82.7	10.9	3.4	586.3
29.3	-1.1	45.6	11.0	1.6	586.3
0.0	-1.4	400.7	11.0	2.0	586.3
0.0	0.0	415.6	11.0	2.7	586.3
0.0	0.8	417.3	11.0	3.3	586.3
0.0	2.1	380.5	11.1	3.4	586.3
0.0	3.1	401.3	11.1	3.9	586.3
0.0	5.5	411.9	11.1	4.1	586.3
0.2	7.8	211.0	11.1	3.7	586.3
15.2	10.0	215.8	11.2	4.1	586.3
12.3	9.3	38.6	11.2	2.8	586.3
9.4	8.5	30.3	11.2	1.6	586.3
36.2	11.3	78.0	11.3	3.1	586.3
1.1	7.8	116.4	11.3	3.9	586.3
0.0	5.4	449.9	11.3	3.6	586.3
0.0	11.3	447.4	11.3	5.8	586.3
0.0	5.4	432.0	11.4	4.7	586.3
0.0	10.0	457.4	11.4	5.9	586.3
0.0	15.2	460.5	11.4	7.7	586.3
0.0	17.8	448.9	11.5	8.0	586.3
0.0	19.5	378.4	11.5	8.6	586.3
0.0	15.1	403.9	11.5	8.8	586.5
4.6	12.0	372.4	11.6	5.6	586.5
15.0	8.2	44.2	11.6	3.6	586.5
0.0	7.3	392.1	11.6	5.2	586.5
0.0	9.5	443.1	11.6	5.7	586.5
0.5	14.6	414.5	11.7	7.0	586.5
0.8	17.1	141.4	11.7	6.3	586.5
0.3	19.1	246.9	11.7	6.4	586.5
25.3	9.6	114.1	11.8	8.2	586.5
0.0	3.0	435.5	11.8	3.9	586.5
0.0	6.0	509.1	11.8	4.9	586.5
0.0	8.5	227.9	11.9	4.4	586.5
4.2	15.5	339.1	11.9	6.9	586.5
5.5	14.3	86.4	11.9	7.0	586.5
0.0	6.2	112.1	12.0	2.9	586.5
0.0	8.2	464.9	12.0	5.3	586.5
0.0	11.1	471.5	12.0	6.5	586.5
7.6	14.7	471.1	12.0	7.1	586.5
0.6	13.6	94.3	12.1	4.1	586.5
0.0	13.2	392.5	12.1	7.2	586.5
21.6	13.3	298.4	12.1	6.8	586.5
1.9	11.5	57.2	12.2	3.2	586.5
0.7	14.2	361.2	12.2	5.8	586.5
29.5	16.1	106.4	12.2	4.9	586.5
13.8	18.1	157.8	12.3	5.5	586.5
5.7	16.9	255.1	12.3	9.0	586.5
0.1	12.6	402.4	12.3	5.9	586.5
35.6	14.8	64.6	12.4	7.5	586.5
32.2	16.3	75.9	12.4	8.5	586.5
4.1	11.0	43.0	12.4	2.0	586.5
10.9	12.2	72.5	12.4	3.5	586.5
22.5	13.6	60.2	12.5	4.6	586.7
0.5	10.5	216.9	12.5	5.6	586.7
0.0	9.6	582.7	12.5	6.6	586.7
0.0	10.4	595.5	12.6	6.9	586.7
0.1	11.7	300.4	12.6	6.2	586.7
0.0	15.1	588.3	12.6	8.8	586.7
0.0	17.3	592.4	12.7	9.8	586.7
0.0	18.2	519.1	12.7	10.3	586.7
0.0	20.3	584.4	12.7	11.4	586.7
0.0	22.9	563.6	12.7	10.8	586.7
28.1	19.4	201.3	12.8	7.9	586.7
10.6	18.6	47.2	12.8	3.6	586.7
28.7	13.0	110.8	12.8	9.0	586.7
0.0	13.6	621.4	12.9	7.8	586.7
0.0	17.1	599.1	12.9	9.0	586.7
0.0	15.8	301.5	12.9	6.9	586.7
0.1	16.1	568.9	12.9	7.6	586.7
1.1	18.0	411.1	13.0	7.7	586.7
1.5	19.5	448.3	13.0	8.1	586.7
3.2	21.3	490.7	13.0	9.3	586.7
21.3	20.7	104.7	13.1	5.7	586.7
1.5	19.5	130.4	13.1	6.9	586.7
0.5	18.0	204.5	13.1	6.2	586.7
28.4	21.0	183.5	13.1	6.6	586.7
5.2	20.0	55.8	13.2	7.6	586.7
0.4	22.9	301.8	13.2	9.5	586.7
16.1	24.0	463.5	13.2	12.1	586.7
44.2	17.9	58.2	13.2	5.7	586.7
0.6	14.5	160.7	13.3	4.4	586.7
15.4	14.9	505.2	13.3	6.9	586.7
0.6	15.5	218.6	13.3	6.0	587.0
5.7	14.6	127.0	13.4	5.3	587.0
18.8	16.0	84.8	13.4	4.9	587.0
0.6	16.9	396.2	13.4	8.5	587.0
0.1	19.5	525.8	13.4	10.1	587.0
0.0	20.5	617.3	13.5	9.3	587.0
21.3	21.0	390.5	13.5	8.6	587.0
19.6	19.0	50.9	13.5	5.0	587.0
1.8	18.1	87.8	13.5	4.4	587.0
0.4	19.5	381.2	13.5	9.5	587.0
0.1	22.3	595.5	13.6	10.9	587.0
0.0	22.3	596.6	13.6	11.0	587.0
2.3	23.4	546.0	13.6	10.7	587.0
4.6	19.3	153.9	13.6	6.0	587.0
9.0	19.1	119.8	13.7	4.4	587.0
2.5	20.4	153.1	13.7	5.7	587.0
3.2	20.1	111.4	13.7	5.1	587.0
0.4	21.0	91.4	13.7	5.4	587.0
9.6	22.4	399.3	13.7	10.4	587.0
0.5	22.3	413.1	13.8	8.7	587.0
17.7	21.4	243.9	13.8	8.5	587.0
20.7	17.7	37.1	13.8	4.9	587.0
0.3	17.0	171.9	13.8	7.7	587.0
6.1	20.4	527.4	13.8	9.9	587.0
7.4	17.4	154.2	13.8	5.6	587.0
0.8	19.0	500.2	13.9	8.7	587.0
0.1	22.6	619.0	13.9	11.6	587.0
0.5	24.6	414.3	13.9	10.3	587.0
10.6	22.0	94.2	13.9	6.1	587.0
20.1	16.7	82.9	13.9	8.7	587.0
0.0	19.8	657.8	13.9	10.3	587.0
0.0	21.8	626.1	14.0	10.9	585.5
6.0	21.8	375.8	14.0	9.1	585.5
14.4	19.6	36.3	14.0	2.9	585.5
7.5	18.8	46.6	14.0	5.3	585.5
1.9	18.6	51.1	14.0	4.4	585.5
0.6	20.4	410.6	14.0	10.0	585.5
0.0	23.5	643.6	14.0	11.6	585.5
0.0	24.8	558.3	14.0	10.6	585.5
0.0	26.1	622.1	14.0	11.9	585.5
0.0	27.8	654.3	14.0	12.1	585.5
1.2	28.2	619.0	14.0	11.2	585.5
0.1	26.4	389.1	14.1	12.4	585.5
2.9	22.1	480.2	14.1	9.4	585.5
0.4	20.8	360.8	14.1	8.2	585.5
0.8	21.2	476.1	14.1	9.0	585.5
0.3	22.6	573.8	14.1	9.3	585.5
0.0	24.0	582.7	14.1	11.0	585.5
0.0	25.2	664.4	14.1	11.5	585.5
0.0	26.4	647.4	14.1	10.9	585.5
0.3	27.1	551.6	14.1	10.1	585.5
10.3	24.0	57.5	14.1	3.6	585.5
1.0	25.2	88.6	14.1	7.2	585.5
0.2	24.3	351.5	14.1	9.9	585.5
0.0	27.5	572.7	14.1	10.4	585.5
3.5	26.1	137.5	14.1	8.7	585.5
13.0	25.5	247.6	14.1	7.7	585.5
19.2	26.0	322.0	14.1	9.4	585.5
5.6	27.5	631.0	14.1	11.3	585.5
2.4	27.4	580.6	14.1	11.4	585.5
13.5	27.2	582.1	14.1	10.3	585.5
16.7	27.4	529.3	14.1	9.5	582.1
15.0	27.3	396.0	14.0	9.1	582.1
13.9	27.1	280.8	14.0	8.7	582.1
13.3	25.8	126.0	14.0	6.8	582.1
29.2	25.7	259.7	14.0	8.0	582.1
0.2	27.2	306.0	14.0	7.9	582.1
10.8	27.6	510.3	14.0	9.7	582.1
11.7	27.7	494.1	14.0	9.7	582.1
0.3	28.2	337.4	14.0	9.1	582.1
9.0	27.8	461.0	14.0	9.9	582.1
8.7	28.4	588.2	14.0	10.9	582.1
0.0	29.3	651.7	13.9	11.5	582.1
0.0	29.8	623.0	13.9	11.4	582.1
0.0	30.6	645.0	13.9	11.9	582.1
0.0	31.3	624.5	13.9	12.4	582.1
0.0	31.8	504.3	13.9	11.7	582.1
0.1	31.5	465.6	13.9	10.9	582.1
0.0	31.4	461.4	13.9	11.1	582.1
0.0	31.3	491.6	13.8	11.1	582.1
9.4	29.5	580.2	13.8	13.4	582.1
23.1	27.4	549.1	13.8	9.6	582.1
5.8	26.1	189.0	13.8	7.2	582.1
19.8	27.1	395.1	13.8	10.1	582.1
16.0	26.7	333.8	13.8	8.7	582.1
16.1	26.4	311.2	13.7	9.0	582.1
12.1	27.0	395.7	13.7	9.8	582.1
11.0	26.9	287.2	13.7	8.5	582.1
12.1	26.8	280.3	13.7	8.9	582.1
10.3	26.1	232.2	13.7	7.8	582.1
10.9	26.6	299.0	13.6	8.4	582.1
14.0	27.0	475.8	13.6	9.4	582.1
5.3	27.7	516.8	13.6	10.7	580.2
6.8	27.7	507.0	13.6	9.8	580.2
5.0	27.7	538.9	13.5	11.2	580.2
8.1	27.5	552.1	13.5	10.6	580.2
4.8	27.5	512.7	13.5	9.9	580.2
5.0	27.4	573.8	13.5	9.9	580.2
0.5	27.6	579.8	13.4	9.8	580.2
7.7	27.0	506.0	13.4	9.5	580.2
15.0	26.9	498.2	13.4	9.7	580.2
15.3	27.0	528.8	13.4	9.3	580.2
14.5	27.1	492.5	13.3	8.8	580.2
20.8	26.8	472.7	13.3	9.3	580.2
15.7	26.6	377.2	13.3	9.2	580.2
7.8	26.9	468.1	13.3	9.8	580.2
13.8	26.6	433.8	13.2	8.8	580.2
12.4	26.3	494.9	13.2	8.7	580.2
7.9	25.6	377.5	13.2	7.7	580.2
10.7	25.2	348.0	13.2	7.6	580.2
20.4	26.3	422.4	13.1	9.0	580.2
0.8	27.0	518.4	13.1	9.2	580.2
0.0	27.2	589.3	13.1	10.3	580.2
0.0	27.9	580.0	13.1	10.8	580.2
2.9	27.4	550.6	13.0	10.7	580.2
4.7	26.8	542.4	13.0	10.6	580.2
8.0	27.4	546.1	13.0	10.3	580.2
7.4	27.4	491.5	12.9	9.7	580.2
12.4	27.0	432.2	12.9	8.6	580.2
8.4	25.6	146.9	12.9	6.3	580.2
0.8	26.1	362.7	12.9	7.7	580.2
0.8	25.8	452.5	12.8	7.5	580.2
0.9	26.0	342.4	12.8	7.6	580.2
0.8	26.2	431.3	12.8	8.2	580.5
1.2	27.3	522.8	12.7	8.0	580.5
2.6	25.9	121.8	12.7	6.8	580.5
0.3	24.6	290.1	12.7	7.8	580.5
0.3	25.8	533.7	12.7	8.9	580.5
0.1	27.0	486.6	12.6	8.7	580.5
0.3	26.8	199.2	12.6	7.4	580.5
0.0	24.7	71.2	12.6	5.6	580.5
0.0	23.3	71.5	12.5	5.0	580.5
0.0	23.7	187.2	12.5	6.8	580.5
0.0	24.4	362.0	12.5	9.8	580.5
0.0	26.7	495.0	12.5	9.6	580.5
0.0	26.0	500.4	12.4	9.8	580.5
0.0	27.5	522.8	12.4	9.5	580.5
0.2	28.5	481.0	12.4	9.6	580.5
0.5	28.3	316.1	12.3	8.0	580.5
3.2	27.6	233.8	12.3	8.6	580.5
19.5	25.1	234.2	12.3	6.1	580.5
28.2	21.1	18.4	12.2	6.8	580.5
2.7	17.8	23.3	12.2	2.1	580.5
0.4	20.4	187.1	12.2	5.6	580.5
0.0	22.0	448.3	12.2	7.3	580.5
0.0	20.2	325.9	12.1	7.3	580.5
0.0	21.0	475.7	12.1	7.4	580.5
0.1	22.1	491.4	12.1	8.0	580.5
0.0	22.5	489.8	12.0	8.0	580.5
0.1	23.2	184.2	12.0	5.5	580.5
0.0	24.3	57.4	12.0	5.3	580.5
0.0	24.8	353.2	11.9	8.4	580.5
0.3	24.1	242.0	11.9	8.5	580.5
0.2	24.9	158.9	11.9	7.3	580.9
0.4	24.6	282.5	11.9	9.1	580.9
0.0	18.5	462.7	11.8	6.2	580.9
0.0	19.3	480.7	11.8	7.6	580.9
0.0	20.2	477.0	11.8	8.2	580.9
0.0	20.6	477.9	11.7	8.4	580.9
0.0	21.1	471.2	11.7	8.0	580.9
0.0	21.4	465.8	11.7	8.7	580.9
0.0	20.7	464.6	11.6	7.8	580.9
0.3	22.0	313.8	11.6	7.0	580.9
0.3	22.5	190.7	11.6	6.6	580.9
2.5	23.6	179.9	11.6	6.7	580.9
0.0	19.4	280.1	11.5	8.3	580.9
0.0	16.6	463.3	11.5	6.7	580.9
0.0	17.7	459.0	11.5	7.7	580.9
0.0	18.8	445.5	11.4	8.1	580.9
0.0	20.1	438.9	11.4	8.1	580.9
0.0	18.6	434.0	11.4	7.3	580.9
0.0	18.1	430.4	11.3	7.1	580.9
0.0	19.4	424.6	11.3	7.6	580.9
0.0	21.0	415.0	11.3	7.3	580.9
0.0	17.4	410.4	11.3	6.7	580.9
0.0	17.1	421.2	11.2	6.4	580.9
0.0	18.2	408.5	11.2	7.1	580.9
0.0	17.9	408.1	11.2	7.2	580.9
0.0	13.7	414.7	11.1	5.7	580.9
0.0	14.6	411.9	11.1	6.3	580.9
0.0	16.3	409.2	11.1	7.3	580.9
0.0	17.8	402.9	11.1	8.0	580.9
0.0	18.6	393.4	11.0	7.6	580.9
0.0	18.3	357.0	11.0	6.6	580.9
0.0	14.6	332.5	11.0	4.4	582.2
0.0	15.2	248.3	11.0	4.5	582.2
0.0	17.6	367.4	10.9	6.0	582.2
0.0	17.4	171.0	10.9	5.4	582.2
0.0	17.8	360.7	10.9	6.2	582.2
0.0	17.7	339.0	10.9	6.6	582.2
0.0	17.7	373.3	10.8	7.0	582.2
0.0	18.7	359.8	10.8	7.0	582.2
0.0	20.7	331.9	10.8	7.1	582.2
0.0	17.0	319.8	10.8	6.8	582.2
0.0	14.8	369.8	10.7	5.8	582.2
0.0	17.8	330.3	10.7	6.6	582.2
0.0	20.1	270.2	10.7	5.9	582.2
0.0	21.4	171.4	10.7	5.6	582.2
0.3	17.0	45.2	10.6	3.7	582.2
2.6	17.3	77.3	10.6	3.0	582.2
38.4	17.8	60.6	10.6	3.6	582.2
10.7	10.0	16.1	10.6	4.2	582.2
0.5	4.9	108.4	10.6	2.6	582.2
0.0	6.5	336.9	10.5	3.2	582.2
0.1	8.8	131.6	10.5	3.1	582.2
0.7	11.8	181.2	10.5	3.7	582.2
0.2	12.3	280.1	10.5	4.1	582.2
0.1	11.6	305.9	10.5	4.1	582.2
5.9	12.5	239.0	10.4	3.5	582.2
6.9	12.2	11.1	10.4	1.2	582.2
0.2	11.8	50.8	10.4	2.4	582.2
0.1	10.7	196.9	10.4	3.1	582.2
0.3	12.4	138.3	10.4	3.2	582.2
0.4	15.2	138.7	10.4	3.4	582.2
1.7	15.1	127.3	10.3	3.7	584.3
1.1	12.7	65.9	10.3	2.5	584.3
0.1	9.7	111.5	10.3	3.4	584.3
0.0	7.4	319.6	10.3	3.4	584.3
0.1	8.4	299.2	10.3	3.7	584.3
0.1	10.3	282.9	10.3	4.0	584.3
0.2	11.7	104.1	10.3	3.6	584.3
0.2	10.3	146.6	10.3	3.6	584.3
0.0	3.0	317.0	10.2	2.7	584.3
0.0	3.8	296.7	10.2	2.8	584.3
0.0	4.7	287.3	10.2	2.9	584.3
0.0	4.3	310.4	10.2	3.3	584.3
0.1	5.8	199.4	10.2	3.0	584.3
0.1	6.8	83.6	10.2	2.6	584.3
0.0	0.7	310.2	10.2	2.5	584.3
0.0	1.6	313.2	10.2	2.4	584.3
0.0	5.7	305.4	10.2	3.4	584.3
0.0	10.0	261.6	10.2	3.9	584.3
0.0	6.3	309.8	10.2	3.6	584.3
0.0	8.3	236.3	10.2	4.1	584.3
0.0	7.3	305.5	10.2	4.0	584.3
0.0	4.0	309.0	10.2	3.3	584.3
0.0	5.6	309.6	10.2	3.8	584.3
0.0	10.1	282.8	10.2	4.7	584.3
0.0	13.5	296.0	10.2	5.3	584.3
0.0	15.1	292.7	10.2	5.5	584.3
0.3	13.3	162.3	10.2	5.2	584.3
0.0	4.3	179.5	10.2	2.6	584.3
0.0	3.6	300.3	10.2	2.5	584.3
0.0	4.8	300.6	10.2	3.4	584.3
0.0	5.5	320.3	10.2	4.0	584.3
0.0	7.5	315.0	10.2	4.0	586.9
0.0	2.1	315.5	10.2	2.3	586.9
0.0	6.1	319.5	10.2	3.5	586.9
0.0	4.9	321.1	10.2	3.5	586.9
0.0	7.7	320.2	10.3	4.3	586.9
0.0	10.2	319.2	10.3	4.6	586.9
0.0	12.7	261.5	10.3	5.2	586.9
0.0	12.0	136.9	10.3	4.8	586.9
0.0	13.2	316.1	10.3	5.7	586.9
0.1	9.7	310.2	10.3	4.5	586.9
0.2	1.9	138.1	10.3	2.4	586.9
0.0	0.0	330.5	10.3	2.5	586.9
0.0	0.1	338.2	10.4	2.8	586.9
0.0	0.4	344.7	10.4	3.1	586.9
0.0	3.5	315.3	10.4	3.8	586.9
0.0	6.6	327.0	10.4	4.5	586.9
5.0	11.6	262.6	10.4	5.1	586.9
0.5	11.6	142.5	10.4	4.1	586.9
0.1	15.8	269.0	10.5	5.5	586.9
0.0	17.6	314.6	10.5	6.1	586.9
1.3	17.3	317.9	10.5	7.1	586.9
5.6	3.4	27.7	10.5	2.3	586.9
1.9	4.4	36.5	10.5	1.9	586.9
3.6	0.7	26.8	10.6	2.3	586.9
0.0	1.3	360.4	10.6	2.7	586.9
3.8	9.4	332.9	10.6	4.6	586.9
0.2	15.8	233.6	10.6	4.9	586.9
1.0	15.7	166.9	10.6	6.2	586.9
10.2	3.8	24.9	10.7	2.3	586.9
14.0	0.7	24.9	10.7	1.2	586.9
17.9	2.5	74.5	10.7	1.6	586.9
0.8	3.5	53.2	10.7	1.9	588.1
0.4	3.4	140.6	10.8	2.1	588.1
8.1	4.4	73.3	10.8	2.0	588.1
1.5	2.3	89.7	10.8	2.2	588.1
0.0	1.9	390.4	10.8	3.3	588.1
0.0	0.3	349.8	10.9	2.3	588.1
0.9	2.0	174.2	10.9	2.4	588.1
0.0	4.6	399.8	10.9	3.6	588.1
0.0	6.8	384.8	10.9	3.9	588.1
0.0	9.1	362.7	11.0	4.8	588.1
0.0	5.9	393.0	11.0	3.2	588.1
0.0	5.4	384.8	11.0	4.3	588.1
0.0	4.2	405.9	11.1	3.5	588.1
0.0	4.8	108.4	11.1	2.4	588.1
1.6	6.9	153.8	11.1	3.4	588.1
3.9	6.0	58.1	11.1	1.9	588.1
35.0	6.1	19.0	11.2	1.1	588.1
12.7	5.7	31.7	11.2	1.4	588.1
0.4	5.9	121.5	11.2	3.1	588.1
0.0	7.3	420.0	11.3	4.5	588.1
0.0	9.0	439.5	11.3	4.6	588.1
0.0	10.6	445.5	11.3	5.3	588.1
0.0	12.6	446.8	11.3	6.5	588.1
0.0	14.9	430.5	11.4	7.3	588.1
0.0	10.9	171.6	11.4	4.8	588.1
0.0	11.6	203.8	11.4	4.9	588.1
0.0	19.5	410.0	11.5	8.4	588.1
0.7	19.1	257.9	11.5	7.5	588.1
3.8	20.3	226.4	11.5	7.8	588.3
10.4	13.9	98.3	11.6	7.5	588.3
2.6	14.5	140.0	11.6	5.8	588.3
7.2	10.7	83.9	11.6	4.6	588.3
46.8	7.2	30.7	11.6	2.7	588.3
6.0	5.4	27.3	11.7	1.5	588.3
3.9	4.9	38.2	11.7	3.3	588.3
0.0	6.5	339.6	11.7	4.7	588.3
0.0	8.4	495.4	11.8	5.3	588.3
0.4	11.5	364.9	11.8	7.1	588.3
0.0	6.9	417.6	11.8	5.4	588.3
0.0	3.4	511.2	11.9	4.1	588.3
17.1	5.3	95.1	11.9	3.2	588.3
3.0	7.1	160.4	11.9	3.7	588.3
0.1	7.9	121.1	11.9	3.6	588.3
15.6	9.1	111.1	12.0	3.5	588.3
15.9	11.6	58.8	12.0	3.7	588.3
0.5	11.0	177.4	12.0	5.0	588.3
11.5	17.0	382.1	12.1	7.8	588.3
0.9	15.8	180.4	12.1	5.8	588.3
0.1	15.4	225.1	12.1	5.1	588.3
4.6	18.3	172.6	12.2	5.4	588.3
0.0	14.5	467.6	12.2	6.7	588.3
22.1	20.8	471.8	12.2	10.0	588.3
9.4	20.4	294.6	12.3	8.0	588.3
4.2	17.5	341.0	12.3	10.5	588.3
20.2	6.0	74.3	12.3	5.4	588.3
0.0	6.1	402.3	12.3	3.9	588.3
0.0	6.9	263.3	12.4	3.6	588.3
0.4	12.1	362.3	12.4	7.1	588.3
1.4	9.5	510.8	12.4	5.5	588.3
3.3	13.5	92.1	12.5	8.1	588.5
1.0	21.6	335.0	12.5	6.8	588.5
2.8	24.3	433.1	12.5	8.2	588.5
0.4	22.5	175.8	12.6	5.5	588.5
21.2	23.3	470.9	12.6	10.1	588.5
16.6	20.1	92.2	12.6	3.8	588.5
3.7	15.9	144.9	12.6	9.3	588.5
49.5	9.2	109.9	12.7	3.6	588.5
0.9	10.1	107.5	12.7	3.5	588.5
2.2	11.9	369.3	12.7	6.1	588.5
5.7	10.8	91.9	12.8	3.2	588.5
6.5	12.7	44.6	12.8	3.5	588.5
2.9	14.0	148.8	12.8	4.4	588.5
0.5	16.9	474.4	12.9	7.3	588.5
0.0	17.1	600.7	12.9	8.6	588.5
0.2	20.3	525.0	12.9	9.4	588.5
2.1	21.6	256.6	12.9	7.8	588.5
3.8	21.6	215.5	13.0	10.1	588.5
27.9	14.0	181.0	13.0	7.5	588.5
15.0	12.3	48.0	13.0	5.9	588.5
0.0	21.6	385.8	13.1	10.9	588.5
7.0	21.0	282.3	13.1	10.8	588.5
11.3	15.4	73.1	13.1	6.1	588.5
0.2	12.8	187.7	13.1	4.6	588.5
0.0	14.7	421.7	13.2	6.6	588.5
3.4	12.8	92.2	13.2	5.8	588.5
0.4	14.5	343.8	13.2	6.4	588.5
0.1	16.9	524.0	13.2	9.3	588.5
0.1	18.6	614.0	13.3	10.5	588.5
0.0	21.1	636.9	13.3	10.4	588.5
0.1	23.1	600.0	13.3	9.8	588.8
31.8	21.3	122.8	13.3	6.8	588.8
2.0	15.8	307.9	13.4	9.9	588.8
0.0	15.0	646.6	13.4	7.9	588.8
0.1	18.8	615.6	13.4	10.0	588.8
0.0	21.9	533.3	13.4	10.6	588.8
1.1	20.8	75.0	13.5	4.7	588.8
0.8	22.5	280.6	13.5	8.0	588.8
0.3	25.0	546.4	13.5	11.0	588.8
6.5	25.0	545.9	13.5	10.8	588.8
14.3	26.0	536.5	13.6	9.4	588.8
2.3	21.9	167.4	13.6	8.5	588.8
0.0	17.8	437.9	13.6	9.9	588.8
0.0	14.6	191.1	13.6	5.8	588.8
31.1	17.7	187.1	13.7	5.8	588.8
34.2	20.4	48.0	13.7	6.1	588.8
0.5	21.2	371.5	13.7	9.8	588.8
0.2	23.6	563.4	13.7	10.8	588.8
0.3	23.4	457.4	13.7	11.5	588.8
0.2	24.4	454.5	13.8	11.1	588.8
3.8	25.1	549.6	13.8	11.2	588.8
0.1	25.1	625.5	13.8	11.1	588.8
0.0	24.9	566.2	13.8	9.8	588.8
2.3	25.0	521.6	13.8	9.9	588.8
1.4	24.0	236.0	13.8	8.9	588.8
0.1	25.1	564.6	13.9	9.8	588.8
0.1	25.7	395.4	13.9	9.4	588.8
0.0	23.2	559.0	13.9	12.1	588.8
0.0	22.1	653.4	13.9	10.2	588.8
14.5	21.8	444.1	13.9	9.8	588.8
0.1	24.7	547.2	13.9	10.8	588.8
0.0	23.2	583.8	13.9	11.2	587.3
0.0	20.2	415.5	14.0	8.0	587.3
2.6	20.1	203.9	14.0	6.4	587.3
2.0	21.2	56.6	14.0	8.3	587.3
19.7	25.0	195.2	14.0	9.3	587.3
0.3	21.6	266.8	14.0	9.7	587.3
0.0	22.2	614.2	14.0	10.6	587.3
0.0	23.9	639.2	14.0	10.0	587.3
1.0	21.2	342.3	14.0	6.2	587.3
6.1	24.8	319.6	14.0	9.4	587.3
23.0	24.1	83.1	14.0	5.8	587.3
43.7	23.6	37.9	14.1	3.6	587.3
10.0	23.3	64.0	14.1	3.5	587.3
1.2	23.7	102.9	14.1	6.6	587.3
4.4	25.9	507.5	14.1	10.9	587.3
0.6	26.7	599.1	14.1	12.0	587.3
0.0	27.7	658.6	14.1	11.3	587.3
1.8	28.1	623.4	14.1	11.7	587.3
5.8	27.4	516.0	14.1	10.6	587.3
0.2	26.4	628.3	14.1	10.8	587.3
0.4	24.9	662.7	14.1	12.4	587.3
0.4	25.1	674.4	14.1	12.0	587.3
0.4	25.0	636.5	14.1	11.0	587.3
0.1	25.6	634.2	14.1	11.0	587.3
0.0	26.9	587.0	14.1	11.3	587.3
0.9	26.3	346.9	14.1	9.8	587.3
0.7	27.0	456.0	14.1	10.3	587.3
0.1	25.7	223.8	14.1	8.8	587.3
4.0	26.1	606.5	14.1	10.2	587.3
5.1	27.2	600.0	14.1	11.7	587.3
7.6	27.7	613.3	14.1	12.0	583.9
32.1	25.9	256.1	14.0	9.4	583.9
0.8	25.5	157.2	14.0	7.9	583.9
16.6	26.3	296.2	14.0	8.7	583.9
11.2	26.1	254.6	14.0	8.2	583.9
12.3	27.4	470.0	14.0	9.3	583.9
3.6	27.9	619.9	14.0	10.8	583.9
0.4	28.8	588.2	14.0	10.4	583.9
3.4	29.0	612.6	14.0	11.8	583.9
5.0	28.9	605.4	14.0	11.4	583.9
8.0	28.7	495.5	14.0	11.0	583.9
8.5	27.4	484.7	13.9	11.4	583.9
0.7	27.4	557.2	13.9	10.0	583.9
0.1	28.5	594.3	13.9	11.2	583.9
5.8	28.0	563.6	13.9	11.6	583.9
9.5	27.2	555.6	13.9	11.0	583.9
15.2	26.6	472.3	13.9	8.9	583.9
22.6	26.5	448.9	13.9	8.8	583.9
14.7	26.0	299.3	13.8	8.2	583.9
19.9	26.8	472.8	13.8	9.9	583.9
10.5	27.6	499.9	13.8	10.6	583.9
6.5	28.5	455.1	13.8	10.2	583.9
1.9	28.7	453.5	13.8	11.1	583.9
6.7	28.3	438.7	13.8	11.0	583.9
7.1	28.5	593.5	13.7	11.6	583.9
11.4	27.9	493.2	13.7	10.7	583.9
1.6	28.2	489.4	13.7	10.5	583.9
18.0	28.1	486.4	13.7	10.0	583.9
14.3	27.7	415.9	13.7	9.3	583.9
20.1	26.7	275.9	13.6	8.5	583.9
3.1	26.5	304.2	13.6	8.7	583.9
14.3	27.0	546.8	13.6	9.4	582.0
5.0	27.2	512.4	13.6	9.5	582.0
0.7	27.8	540.4	13.5	10.0	582.0
0.5	28.0	532.8	13.5	9.8	582.0
0.1	28.3	530.5	13.5	10.3	582.0
8.1	26.8	563.0	13.5	9.6	582.0
2.4	26.8	469.9	13.5	8.6	582.0
1.2	27.2	416.3	13.4	9.2	582.0
0.4	28.4	607.7	13.4	10.3	582.0
0.2	29.1	583.3	13.4	11.0	582.0
0.0	29.9	601.2	13.4	11.1	582.0
0.4	29.5	498.9	13.3	10.6	582.0
0.5	29.8	428.5	13.3	9.4	582.0
21.8	27.4	447.3	13.3	8.9	582.0
18.2	27.3	470.6	13.3	8.3	582.0
13.2	27.5	393.4	13.2	8.5	582.0
16.0	26.9	290.0	13.2	8.3	582.0
12.1	26.9	392.7	13.2	8.2	582.0
2.4	27.7	533.2	13.1	9.5	582.0
10.9	27.1	528.1	13.1	9.0	582.0
2.6	26.7	368.1	13.1	7.9	582.0
0.1	25.7	530.1	13.1	9.7	582.0
0.0	27.0	579.0	13.0	10.2	582.0
7.3	27.0	489.0	13.0	10.0	582.0
0.0	27.4	559.3	13.0	9.8	582.0
10.4	25.9	426.7	13.0	8.5	582.0
2.7	25.9	476.0	12.9	8.6	582.0
8.3	25.1	451.1	12.9	8.1	582.0
15.8	25.3	490.2	12.9	7.9	582.0
7.6	25.3	384.0	12.8	7.6	582.0
7.0	25.4	444.6	12.8	8.8	582.0
0.0	25.7	355.7	12.8	7.7	582.2
10.2	25.6	302.0	12.8	8.1	582.2
25.6	25.5	318.2	12.7	7.3	582.2
13.6	25.8	338.0	12.7	8.1	582.2
10.3	26.0	460.0	12.7	8.5	582.2
1.7	26.7	454.9	12.6	8.7	582.2
13.6	26.3	407.4	12.6	8.8	582.2
22.0	25.6	359.6	12.6	7.3	582.2
5.3	22.9	29.2	12.5	5.1	582.2
0.1	21.4	65.2	12.5	4.6	582.2
0.0	21.6	485.3	12.5	7.8	582.2
0.0	22.6	532.1	12.5	8.4	582.2
0.0	22.8	508.6	12.4	8.2	582.2
0.2	23.7	337.8	12.4	6.9	582.2
0.5	24.4	258.7	12.4	7.1	582.2
0.4	25.3	461.3	12.3	8.2	582.2
0.0	25.4	508.5	12.3	8.9	582.2
0.0	25.2	513.6	12.3	9.3	582.2
0.0	25.5	511.4	12.3	9.5	582.2
0.0	23.3	517.9	12.2	8.5	582.2
0.0	23.7	512.1	12.2	10.2	582.2
0.0	23.7	521.8	12.2	10.1	582.2
0.0	23.4	517.0	12.1	9.7	582.2
0.0	23.9	503.2	12.1	9.7	582.2
0.0	24.5	497.8	12.1	8.9	582.2
0.0	25.1	483.2	12.0	8.0	582.2
0.0	24.8	477.4	12.0	9.0	582.2
0.0	24.5	486.8	12.0	9.0	582.2
0.0	26.4	477.8	11.9	9.4	582.2
0.0	27.7	472.3	11.9	9.3	582.2
0.0	27.2	448.5	11.9	8.5	582.7
0.0	27.5	414.6	11.9	8.6	582.7
0.3	27.9	322.7	11.8	8.2	582.7
4.7	26.5	310.0	11.8	7.9	582.7
3.3	22.4	44.4	11.8	5.6	582.7
0.0	18.9	363.5	11.7	6.9	582.7
0.0	18.8	439.2	11.7	6.5	582.7
0.0	18.8	462.6	11.7	7.2	582.7
0.0	20.1	464.2	11.6	7.6	582.7
0.0	20.3	448.5	11.6	7.2	582.7
0.0	19.2	247.2	11.6	6.8	582.7
0.0	20.3	448.8	11.6	8.0	582.7
0.0	20.9	449.1	11.5	8.6	582.7
0.0	18.9	459.9	11.5	8.2	582.7
0.0	19.3	462.0	11.5	8.4	582.7
0.0	20.5	441.9	11.4	8.5	582.7
0.0	18.7	439.5	11.4	7.3	582.7
0.0	19.1	433.6	11.4	7.3	582.7
6.5	22.1	358.5	11.4	7.6	582.7
81.0	21.0	33.8	11.3	2.9	582.7
29.6	20.0	26.5	11.3	3.1	582.7
0.5	22.2	81.7	11.3	4.2	582.7
1.8	21.4	101.1	11.2	4.9	582.7
0.6	19.4	211.5	11.2	4.2	582.7
0.2	17.7	219.1	11.2	5.3	582.7
0.0	16.2	403.2	11.2	5.5	582.7
0.0	16.9	391.4	11.1	5.7	582.7
0.1	17.6	387.8	11.1	6.2	582.7
0.0	17.8	361.7	11.1	5.8	582.7
0.1	20.6	387.7	11.0	6.2	582.7
0.0	17.3	395.4	11.0	5.5	582.7
0.0	17.1	384.8	11.0	5.6	584.0
0.0	16.3	378.9	11.0	5.4	584.0
0.0	17.7	362.0	10.9	5.6	584.0
0.0	19.4	364.5	10.9	6.0	584.0
0.0	21.9	358.7	10.9	6.7	584.0
5.3	22.3	279.1	10.9	6.8	584.0
11.3	13.7	37.1	10.8	4.6	584.0
0.7	9.6	94.6	10.8	2.3	584.0
0.1	10.6	195.1	10.8	2.6	584.0
1.9	10.6	52.4	10.8	1.8	584.0
0.8	10.9	53.0	10.7	2.1	584.0
1.7	12.2	129.5	10.7	2.8	584.0
0.3	12.6	267.1	10.7	4.8	584.0
0.0	13.6	350.8	10.7	4.7	584.0
0.7	16.2	257.8	10.6	5.0	584.0
9.2	16.0	36.2	10.6	2.3	584.0
14.5	17.1	68.7	10.6	3.4	584.0
1.2	14.4	104.4	10.6	4.9	584.0
0.0	6.3	349.9	10.6	3.0	584.0
2.5	9.0	237.0	10.5	3.7	584.0
0.0	3.8	237.8	10.5	2.8	584.0
0.2	5.8	334.7	10.5	3.3	584.0
7.7	4.8	59.3	10.5	2.6	584.0
0.0	0.4	260.6	10.5	2.1	584.0
0.0	1.7	334.2	10.4	2.6	584.0
0.0	4.5	165.3	10.4	2.9	584.0
0.0	7.7	325.1	10.4	3.8	584.0
0.0	2.7	332.2	10.4	2.3	584.0
0.0	7.3	325.8	10.4	3.8	584.0
0.0	8.0	319.0	10.4	4.1	584.0
0.0	9.5	319.4	10.3	4.5	586.0
0.0	10.4	318.6	10.3	4.8	586.0
0.0	8.2	296.3	10.3	4.2	586.0
0.0	10.8	312.4	10.3	4.7	586.0
0.1	13.3	193.0	10.3	4.8	586.0
0.2	14.7	102.3	10.3	4.4	586.0
0.0	13.3	305.3	10.3	4.6	586.0
10.1	15.3	293.7	10.3	4.8	586.0
27.2	14.4	22.5	10.2	3.3	586.0
3.0	11.1	100.1	10.2	1.5	586.0
1.0	10.5	84.5	10.2	1.9	586.0
1.1	9.7	76.6	10.2	2.6	586.0
0.6	5.8	98.7	10.2	2.4	586.0
0.6	4.0	198.8	10.2	2.0	586.0
1.0	5.2	79.9	10.2	1.6	586.0
1.8	6.5	54.6	10.2	1.5	586.0
0.9	5.7	75.0	10.2	2.6	586.0
0.1	6.5	217.0	10.2	3.3	586.0
0.3	11.6	251.5	10.2	3.9	586.0
4.6	14.1	25.3	10.2	2.4	586.0
1.7	17.4	210.9	10.2	4.1	586.0
6.0	14.9	68.1	10.2	4.1	586.0
1.9	12.8	42.0	10.2	3.3	586.0
3.3	16.7	177.9	10.2	5.8	586.0
3.8	3.3	19.4	10.2	2.6	586.0
0.1	-0.1	142.3	10.2	1.6	586.0
1.2	3.6	229.1	10.2	2.6	586.0
0.0	2.7	172.4	10.2	1.9	586.0
0.0	3.2	153.1	10.2	2.7	586.0
0.2	4.3	304.9	10.2	3.3	586.0
0.1	5.6	254.6	10.2	3.9	586.0
0.0	11.1	302.5	10.2	4.4	588.7
5.2	15.9	245.9	10.2	5.0	588.7
0.0	6.7	146.7	10.2	3.0	588.7
0.0	4.6	313.9	10.2	3.0	588.7
0.0	8.0	314.3	10.3	4.2	588.7
0.0	3.8	253.2	10.3	2.9	588.7
0.0	6.6	314.8	10.3	3.6	588.7
0.0	5.9	316.7	10.3	3.4	588.7
0.0	8.0	315.1	10.3	4.1	588.7
0.0	11.7	294.2	10.3	4.6	588.7
2.4	13.4	70.8	10.3	3.6	588.7
0.5	16.7	154.1	10.3	4.7	588.7
9.9	13.0	38.9	10.4	3.9	588.7
28.7	7.3	21.8	10.4	2.2	588.7
17.5	3.4	17.9	10.4	2.0	588.7
13.4	3.6	41.8	10.4	1.5	588.7
11.6	5.2	106.1	10.4	1.8	588.7
13.5	6.8	64.2	10.4	1.9	588.7
5.0	4.9	27.5	10.5	2.3	588.7
0.9	3.3	152.1	10.5	2.0	588.7
1.6	1.8	313.5	10.5	2.6	588.7
0.2	-1.2	325.3	10.5	2.3	588.7
2.2	1.9	328.2	10.5	2.9	588.7
0.0	1.1	349.9	10.6	2.5	588.7
0.0	1.6	353.5	10.6	2.7	588.7
0.0	0.4	359.1	10.6	2.9	588.7
1.3	2.4	235.9	10.6	2.6	588.7
3.3	4.1	69.7	10.6	2.1	588.7
20.7	3.0	26.8	10.7	1.3	588.7
1.1	4.5	35.8	10.7	2.0	588.7
6.1	2.9	99.3	10.7	2.1	588.7
0.0	2.3	359.4	10.7	3.1	589.9
0.0	4.5	375.8	10.8	3.6	589.9
0.1	4.9	214.3	10.8	3.1	589.9
14.1	5.1	290.1	10.8	2.8	589.9
12.6	4.1	44.1	10.8	2.6	589.9
0.0	3.2	381.1	10.9	2.8	589.9
0.0	4.5	389.3	10.9	3.2	589.9
1.2	7.0	319.4	10.9	3.5	589.9
0.2	4.1	332.1	10.9	3.9	589.9
0.0	2.3	409.2	11.0	3.4	589.9
0.0	6.5	399.1	11.0	4.3	589.9
0.0	9.3	367.2	11.0	4.7	589.9
0.0	4.4	407.9	11.1	3.7	589.9
0.0	3.4	411.4	11.1	3.2	589.9
0.6	4.2	194.4	11.1	2.7	589.9
1.2	3.0	124.9	11.1	2.8	589.9
0.0	4.8	323.5	11.2	4.3	589.9
0.0	7.8	418.2	11.2	5.3	589.9
0.0	10.1	409.6	11.2	5.8	589.9
0.0	6.6	427.8	11.2	5.4	589.9
10.2	4.2	128.7	11.3	2.9	589.9
0.8	5.8	111.4	11.3	2.9	589.9
0.8	8.5	429.9	11.3	4.0	589.9
0.0	7.6	365.3	11.4	5.7	589.9
0.0	4.8	465.2	11.4	4.2	589.9
0.0	6.5	464.4	11.4	5.0	589.9
0.0	11.3	451.7	11.5	7.2	589.9
0.0	13.8	458.2	11.5	7.8	589.9
15.7	13.8	306.0	11.5	8.4	589.9
0.3	3.4	201.5	11.5	3.4	590.1
0.0	1.8	486.4	11.6	4.1	590.1
0.0	4.3	497.0	11.6	4.6	590.1
0.1	11.7	446.7	11.6	6.6	590.1
21.4	10.1	27.6	11.7	3.9	590.1
8.1	5.8	60.4	11.7	3.0	590.1
0.4	4.5	168.5	11.7	4.0	590.1
0.1	9.4	422.2	11.8	6.2	590.1
22.9	13.9	241.2	11.8	5.4	590.1
19.8	11.2	61.2	11.8	6.8	590.1
0.0	8.2	504.6	11.8	5.2	590.1
9.2	14.4	481.3	11.9	7.8	590.1
19.1	13.5	61.1	11.9	3.1	590.1
1.0	12.7	76.4	11.9	4.1	590.1
9.3	14.6	442.0	12.0	7.3	590.1
8.6	10.2	42.3	12.0	3.0	590.1
0.1	16.8	357.9	12.0	7.3	590.1
29.6	13.6	412.8	12.1	10.3	590.1
0.6	6.1	69.8	12.1	2.8	590.1
0.0	8.1	545.3	12.1	5.4	590.1
0.0	11.4	536.1	12.2	7.3	590.1
2.8	14.3	509.6	12.2	8.2	590.1
19.0	12.7	34.9	12.2	2.9	590.1
7.0	12.4	44.7	12.2	3.2	590.1
2.3	12.5	127.1	12.3	4.8	590.1
1.4	18.1	238.5	12.3	7.7	590.1
5.4	18.1	94.1	12.3	7.0	590.1
0.1	18.7	498.0	12.4	8.5	590.1
2.7	16.8	116.8	12.4	5.8	590.1
0.3	22.8	433.0	12.4	8.8	590.1
0.4	18.1	292.2	12.5	6.7	590.1
2.8	20.5	119.3	12.5	6.7	590.3
8.9	19.7	288.7	12.5	9.1	590.3
18.0	19.4	433.6	12.5	11.5	590.3
5.5	7.0	47.4	12.6	4.7	590.3
5.2	8.3	299.6	12.6	4.4	590.3
15.2	7.2	52.2	12.6	2.7	590.3
15.4	8.1	104.2	12.7	2.8	590.3
2.0	9.4	65.1	12.7	3.3	590.3
6.8	11.5	93.9	12.7	3.8	590.3
25.1	13.6	95.5	12.8	4.3	590.3
6.7	16.6	88.1	12.8	5.1	590.3
8.1	18.8	94.1	12.8	5.3	590.3
0.0	15.9	534.2	12.8	9.3	590.3
0.0	12.6	623.4	12.9	7.4	590.3
0.0	17.9	620.8	12.9	10.0	590.3
0.0	18.7	554.1	12.9	10.9	590.3
0.0	16.9	617.8	13.0	10.2	590.3
0.2	20.9	597.4	13.0	11.0	590.3
3.0	15.6	134.0	13.0	7.8	590.3
0.0	18.8	630.4	13.0	8.8	590.3
0.0	20.1	612.2	13.1	10.4	590.3
5.1	22.8	419.9	13.1	9.8	590.3
19.1	21.6	119.4	13.1	7.4	590.3
7.6	24.2	319.1	13.2	8.4	590.3
21.8	24.8	273.9	13.2	9.5	590.3
2.3	13.4	134.1	13.2	9.0	590.3
0.0	15.5	585.8	13.2	7.6	590.3
0.0	14.7	530.0	13.3	7.0	590.3
19.9	11.8	53.0	13.3	3.1	590.3
13.4	12.1	35.1	13.3	3.0	590.3
0.6	13.1	213.4	13.3	7.3	590.5
11.9	17.1	385.9	13.4	8.3	590.5
1.0	15.3	132.2	13.4	5.7	590.5
0.0	17.4	640.5	13.4	9.8	590.5
0.1	19.9	625.8	13.4	10.5	590.5
0.0	21.2	352.3	13.5	9.8	590.5
1.6	19.6	94.3	13.5	6.0	590.5
10.3	17.4	51.5	13.5	4.8	590.5
1.7	17.3	83.4	13.5	5.4	590.5
0.3	18.9	483.1	13.6	9.8	590.5
15.3	20.9	592.7	13.6	11.5	590.5
1.4	16.5	340.4	13.6	8.0	590.5
2.9	16.6	479.9	13.6	9.0	590.5
0.0	19.1	640.8	13.6	9.9	590.5
0.0	22.4	533.9	13.7	9.8	590.5
14.9	22.3	148.0	13.7	6.9	590.5
10.1	21.2	33.3	13.7	4.4	590.5
19.1	20.3	25.7	13.7	4.1	590.5
3.9	22.4	74.5	13.7	6.6	590.5
13.5	22.5	101.8	13.8	7.8	590.5
3.1	18.4	194.7	13.8	7.1	590.5
0.0	18.9	651.8	13.8	9.1	590.5
0.0	20.3	466.1	13.8	9.9	590.5
0.0	21.3	638.5	13.8	11.3	590.5
0.2	21.6	400.2	13.9	10.3	590.5
1.3	20.3	352.5	13.9	7.0	590.5
5.1	20.5	152.2	13.9	5.6	590.5
1.8	22.1	445.2	13.9	8.9	590.5
1.3	21.7	442.0	13.9	9.8	590.5
0.0	24.0	575.2	13.9	10.8	590.5
20.3	25.0	468.7	13.9	10.2	590.5
29.5	21.7	75.5	14.0	7.3	589.0
1.3	18.8	63.6	14.0	2.9	589.0
1.5	20.7	383.7	14.0	7.7	589.0
5.7	21.6	218.1	14.0	6.9	589.0
8.5	23.8	483.9	14.0	10.2	589.0
0.4	25.7	559.5	14.0	11.2	589.0
5.7	25.3	585.6	14.0	11.0	589.0
7.4	24.6	496.9	14.0	8.8	589.0
4.6	23.9	168.8	14.0	6.6	589.0
6.8	24.9	418.4	14.0	8.8	589.0
13.5	26.0	487.8	14.1	9.5	589.0
16.0	26.4	366.0	14.1	9.0	589.0
0.1	27.1	521.3	14.1	11.1	589.0
1.7	26.8	639.0	14.1	12.8	589.0
0.2	27.2	628.3	14.1	12.3	589.0
4.8	25.7	411.9	14.1	11.6	589.0
0.3	26.5	601.3	14.1	10.5	589.0
3.8	25.3	158.8	14.1	7.9	589.0
29.8	23.2	31.4	14.1	3.3	589.0
6.5	24.3	119.4	14.1	6.3	589.0
0.3	25.6	192.1	14.1	7.0	589.0
18.6	27.0	522.3	14.1	10.3	589.0
3.4	26.8	296.6	14.1	9.2	589.0
0.1	26.9	612.2	14.1	10.8	589.0
0.4	25.7	535.0	14.1	10.8	589.0
0.2	24.9	559.4	14.1	11.2	589.0
0.1	24.6	586.2	14.1	10.6	589.0
0.0	24.7	638.8	14.1	11.3	589.0
0.2	25.0	622.7	14.1	10.1	589.0
3.2	25.6	496.2	14.1	9.6	589.0
2.2	24.0	141.1	14.0	7.3	585.6
6.3	25.0	573.0	14.0	10.9	585.6
0.0	27.5	644.4	14.0	11.7	585.6
1.2	28.8	635.0	14.0	11.3	585.6
0.0	29.4	493.6	14.0	10.5	585.6
7.3	28.2	559.2	14.0	10.1	585.6
3.1	27.9	456.3	14.0	9.6	585.6
24.1	25.8	260.4	14.0	8.1	585.6
8.0	27.6	350.8	14.0	9.8	585.6
0.6	27.8	419.3	14.0	8.3	585.6
21.5	26.9	278.5	14.0	7.8	585.6
11.2	27.9	488.0	13.9	10.5	585.6
20.9	26.9	335.5	13.9	9.0	585.6
13.6	27.3	405.2	13.9	9.8	585.6
12.3	27.6	464.2	13.9	9.9	585.6
13.0	27.5	450.9	13.9	9.9	585.6
17.8	27.2	351.4	13.9	9.4	585.6
16.4	27.2	380.3	13.8	9.8	585.6
26.1	26.8	402.1	13.8	8.4	585.6
22.0	26.1	302.0	13.8	8.2	585.6
19.5	26.9	446.1	13.8	8.5	585.6
6.0	27.8	486.8	13.8	10.5	585.6
4.8	27.8	507.4	13.8	10.1	585.6
11.2	27.6	619.1	13.7	10.8	585.6
10.3	27.5	583.7	13.7	10.4	585.6
9.6	27.7	607.1	13.7	10.7	585.6
13.4	27.6	568.1	13.7	10.0	585.6
8.5	27.9	606.4	13.7	10.4	585.6
3.7	28.6	621.2	13.6	11.2	585.6
4.6	28.9	604.5	13.6	10.5	585.6
6.9	28.6	513.0	13.6	10.1	585.6
13.7	28.1	518.3	13.6	10.1	583.7
15.3	27.9	517.2	13.6	10.0	583.7
13.5	26.7	391.3	13.5	9.3	583.7
13.9	27.1	480.3	13.5	9.1	583.7
12.2	27.1	459.8	13.5	9.6	583.7
9.4	27.6	533.9	13.5	9.8	583.7
12.1	27.9	558.8	13.4	9.6	583.7
11.1	27.9	556.1	13.4	9.9	583.7
10.2	27.9	548.6	13.4	10.0	583.7
20.1	27.2	548.0	13.4	10.1	583.7
14.8	26.9	537.1	13.3	8.8	583.7
9.0	26.6	501.5	13.3	8.8	583.7
0.6	26.8	501.8	13.3	9.5	583.7
0.4	27.3	496.9	13.3	9.3	583.7
0.3	28.1	556.1	13.2	9.4	583.7
10.4	27.5	527.2	13.2	9.4	583.7
14.8	27.0	465.3	13.2	9.0	583.7
12.6	27.5	439.1	13.2	9.4	583.7
12.9	27.9	505.4	13.1	9.3	583.7
17.8	27.4	474.6	13.1	9.0	583.7
6.2	27.1	507.1	13.1	8.9	583.7
9.4	26.8	367.6	13.0	8.9	583.7
10.5	27.6	458.2	13.0	9.1	583.7
25.2	26.1	298.8	13.0	7.6	583.7
0.5	24.4	122.5	13.0	6.5	583.7
0.8	24.1	129.7	12.9	5.9	583.7
0.0	24.8	218.3	12.9	6.2	583.7
6.1	26.6	425.0	12.9	7.9	583.7
7.0	26.8	511.0	12.8	9.0	583.7
17.1	27.3	518.4	12.8	8.8	583.7
26.4	26.6	373.7	12.8	8.2	583.7
0.4	25.7	288.0	12.8	7.9	583.9
0.1	25.8	490.7	12.7	9.6	583.9
0.0	24.8	545.8	12.7	9.2	583.9
0.0	23.6	564.3	12.7	9.4	583.9
0.0	22.7	574.5	12.6	8.8	583.9
0.0	23.9	569.2	12.6	9.4	583.9
0.2	26.7	513.3	12.6	9.8	583.9
0.1	28.3	455.5	12.6	8.8	583.9
0.0	28.5	461.4	12.5	10.3	583.9
0.0	27.9	528.0	12.5	11.0	583.9
0.0	27.6	522.2	12.5	10.9	583.9
0.0	26.0	517.8	12.4	9.7	583.9
0.1	26.9	492.1	12.4	10.7	583.9
0.3	27.3	419.3	12.4	9.3	583.9
0.2	27.1	103.0	12.3	6.3	583.9
0.3	26.3	133.1	12.3	8.7	583.9
0.0	25.1	520.0	12.3	9.5	583.9
0.0	24.9	433.3	12.3	10.2	583.9
0.0	25.5	524.0	12.2	10.1	583.9
0.0	25.7	521.0	12.2	10.3	583.9
0.0	25.0	497.5	12.2	10.0	583.9
0.0	23.8	514.6	12.1	9.4	583.9
0.0	24.5	505.9	12.1	9.7	583.9
0.0	25.9	469.6	12.1	8.8	583.9
0.0	25.1	387.9	12.0	8.8	583.9
0.0	24.2	483.9	12.0	8.5	583.9
0.0	24.0	493.7	12.0	8.8	583.9
0.0	24.3	475.7	12.0	8.6	583.9
0.0	23.1	251.2	11.9	7.3	583.9
0.0	25.0	471.7	11.9	8.8	583.9
0.0	26.1	330.1	11.9	8.4	584.4
0.3	24.6	59.1	11.8	3.8	584.4
0.0	26.3	273.7	11.8	8.1	584.4
0.0	28.1	436.6	11.8	8.8	584.4
0.1	27.9	315.6	11.7	7.7	584.4
0.1	26.8	349.6	11.7	8.0	584.4
0.8	26.0	338.8	11.7	7.1	584.4
0.2	25.7	382.3	11.7	7.0	584.4
0.1	23.7	229.8	11.6	8.5	584.4
0.0	19.2	450.0	11.6	6.2	584.4
0.0	17.8	390.9	11.6	6.6	584.4
0.0	16.0	445.8	11.5	6.6	584.4
0.0	17.0	459.2	11.5	7.5	584.4
0.0	20.1	425.2	11.5	7.5	584.4
0.0	19.8	328.3	11.4	7.2	584.4
0.1	19.4	433.3	11.4	7.4	584.4
0.0	19.8	396.5	11.4	6.6	584.4
0.0	19.6	352.0	11.4	7.8	584.4
0.0	19.7	425.2	11.3	7.5	584.4
0.0	20.1	418.1	11.3	7.4	584.4
0.0	20.8	423.1	11.3	7.2	584.4
0.0	21.4	416.0	11.2	7.2	584.4
0.1	22.7	404.9	11.2	7.3	584.4
0.1	23.5	373.8	11.2	7.3	584.4
0.0	17.7	406.4	11.2	6.6	584.4
0.0	18.1	407.2	11.1	6.7	584.4
0.0	19.2	402.6	11.1	6.7	584.4
0.0	20.6	394.5	11.1	6.9	584.4
0.5	21.5	280.1	11.1	5.6	584.4
0.1	19.7	118.6	11.0	5.5	584.4
0.0	20.8	337.0	11.0	5.8	584.4
1.4	20.5	170.0	11.0	4.4	585.7
2.2	20.2	39.9	10.9	2.8	585.7
0.6	20.9	102.4	10.9	4.9	585.7
1.7	20.8	136.9	10.9	4.4	585.7
0.0	17.7	330.9	10.9	7.0	585.7
0.0	10.9	388.9	10.8	4.6	585.7
0.0	11.8	381.4	10.8	5.1	585.7
0.0	14.9	368.7	10.8	5.9	585.7
0.0	16.6	362.6	10.8	5.8	585.7
0.0	17.3	357.7	10.7	5.7	585.7
1.1	18.1	297.5	10.7	4.9	585.7
0.2	10.7	94.3	10.7	4.8	585.7
0.0	9.0	344.5	10.7	3.6	585.7
0.0	12.1	302.5	10.6	4.9	585.7
0.0	15.1	340.8	10.6	5.7	585.7
0.2	17.2	319.1	10.6	5.6	585.7
1.1	18.1	69.9	10.6	3.9	585.7
0.3	18.1	137.7	10.6	3.8	585.7
0.1	19.5	114.3	10.5	4.2	585.7
0.4	20.3	129.9	10.5	4.1	585.7
0.0	21.9	311.5	10.5	5.8	585.7
0.1	22.3	310.2	10.5	6.4	585.7
1.0	11.4	67.0	10.5	4.5	585.7
0.0	7.0	336.8	10.4	3.6	585.7
0.0	6.7	339.2	10.4	3.8	585.7
0.0	9.7	327.3	10.4	4.5	585.7
0.0	12.9	317.5	10.4	5.3	585.7
0.0	16.0	191.0	10.4	5.1	585.7
0.0	16.9	151.6	10.4	4.4	585.7
0.0	18.6	301.6	10.3	5.3	585.7
0.0	19.9	292.7	10.3	5.3	587.7
0.1	18.4	105.2	10.3	3.7	587.7
1.5	14.0	71.6	10.3	2.5	587.7
0.4	12.8	107.4	10.3	3.5	587.7
0.0	8.6	181.3	10.3	3.2	587.7
0.0	10.0	307.0	10.3	3.9	587.7
0.0	12.8	302.9	10.3	4.8	587.7
0.0	10.7	243.9	10.2	4.8	587.7
0.0	7.0	320.1	10.2	3.6	587.7
0.0	6.5	308.1	10.2	3.7	587.7
0.0	8.4	309.3	10.2	4.2	587.7
0.0	12.4	306.3	10.2	4.9	587.7
0.0	14.1	263.7	10.2	5.1	587.7
0.0	15.1	264.5	10.2	5.2	587.7
1.7	13.7	133.0	10.2	4.1	587.7
1.8	9.9	45.5	10.2	2.0	587.7
0.4	8.5	93.1	10.2	3.0	587.7
0.1	9.4	257.1	10.2	4.3	587.7
0.0	11.5	291.5	10.2	4.3	587.7
0.0	13.8	143.8	10.2	3.5	587.7
0.8	15.3	78.3	10.2	2.9	587.7
4.2	15.6	90.4	10.2	2.7	587.7
4.4	14.2	32.6	10.2	2.9	587.7
0.1	9.2	65.5	10.2	3.0	587.7
0.6	8.8	287.6	10.2	3.3	587.7
0.6	7.7	61.4	10.2	3.5	587.7
0.0	3.5	310.2	10.2	2.8	587.7
0.0	5.9	309.9	10.2	3.4	587.7
0.0	9.9	292.2	10.2	4.3	587.7
2.0	12.3	289.9	10.2	4.9	587.7
0.0	7.9	306.9	10.2	3.6	587.7
0.0	8.9	310.2	10.2	4.2	590.3
0.0	12.5	299.4	10.2	5.4	590.3
0.0	13.9	276.2	10.2	4.8	590.3
0.0	14.4	219.6	10.3	4.8	590.3
0.0	11.1	232.4	10.3	4.4	590.3
0.0	12.7	303.6	10.3	5.0	590.3
0.0	14.6	283.4	10.3	5.4	590.3
0.0	15.7	286.4	10.3	5.4	590.3
3.7	16.4	282.5	10.3	6.2	590.3
0.1	4.6	90.2	10.3	3.2	590.3
0.0	0.2	333.4	10.3	2.1	590.3
0.0	0.2	335.8	10.4	2.4	590.3
0.0	1.5	342.2	10.4	3.1	590.3
0.0	5.0	343.5	10.4	4.2	590.3
0.0	8.0	326.0	10.4	4.9	590.3
0.0	9.4	244.6	10.4	4.8	590.3
0.0	15.6	329.8	10.4	6.0	590.3
5.8	12.9	88.5	10.5	5.3	590.3
5.7	3.5	51.9	10.5	2.4	590.3
0.2	6.4	322.5	10.5	3.4	590.3
7.4	3.9	41.0	10.5	2.1	590.3
0.1	2.1	146.8	10.5	2.3	590.3
0.0	4.1	351.3	10.6	3.0	590.3
31.9	8.7	47.1	10.6	4.5	590.3
21.3	12.4	61.3	10.6	5.0	590.3
19.6	5.7	40.6	10.6	1.8	590.3
0.2	3.0	90.0	10.6	2.1	590.3
0.1	1.3	148.3	10.7	1.4	590.3
4.4	2.2	82.0	10.7	1.7	590.3
4.3	2.2	55.2	10.7	2.0	590.3
0.0	0.7	290.5	10.7	2.5	590.3
0.0	2.0	355.5	10.8	2.8	591.5
0.0	2.7	353.3	10.8	3.1	591.5
10.5	5.3	319.0	10.8	3.3	591.5
42.5	5.4	43.9	10.8	2.0	591.5
32.7	3.2	27.2	10.9	2.9	591.5
0.4	-1.3	345.0	10.9	2.2	591.5
0.0	-0.4	398.8	10.9	2.5	591.5
0.0	-0.6	407.0	10.9	3.0	591.5
0.0	3.0	407.9	11.0	3.7	591.5
2.0	3.0	222.5	11.0	4.2	591.5
0.0	-1.4	420.2	11.0	2.7	591.5
0.2	2.4	348.6	11.0	3.7	591.5
0.0	1.5	428.7	11.1	3.7	591.5
0.0	4.0	431.2	11.1	4.5	591.5
0.0	7.5	419.7	11.1	5.3	591.5
0.0	9.8	426.1	11.2	5.9	591.5
6.2	8.1	407.3	11.2	4.5	591.5
11.5	4.4	66.0	11.2	2.8	591.5
0.0	1.6	283.0	11.2	3.2	591.5
7.4	5.5	127.2	11.3	3.4	591.5
12.7	4.5	77.1	11.3	2.1	591.5
0.1	3.7	117.8	11.3	3.9	591.5
0.0	1.4	403.4	11.4	3.4	591.5
7.5	5.5	391.1	11.4	4.2	591.5
21.3	2.9	46.4	11.4	1.4	591.5
2.0	5.2	38.5	11.4	2.7	591.5
2.1	11.5	303.3	11.5	5.0	591.5
6.0	12.6	92.6	11.5	5.3	591.5
28.1	6.4	39.9	11.5	3.2	591.7
11.7	0.8	38.9	11.6	2.8	591.7
0.0	1.5	273.9	11.6	2.5	591.7
0.3	4.3	411.0	11.6	3.5	591.7
0.6	8.1	386.7	11.7	4.8	591.7
1.6	6.9	346.8	11.7	5.5	591.7
0.0	2.6	429.7	11.7	3.5	591.7
14.2	4.9	237.5	11.7	3.6	591.7
32.0	3.2	34.3	11.8	2.7	591.7
10.7	2.2	95.2	11.8	1.7	591.7
0.0	3.8	221.1	11.8	3.2	591.7
20.9	3.1	85.0	11.9	2.3	591.7
7.1	3.4	47.1	11.9	2.1	591.7
0.8	7.6	107.7	11.9	3.7	591.7
8.1	12.2	164.0	12.0	5.3	591.7
39.9	12.5	64.3	12.0	2.9	591.7
0.7	13.4	132.9	12.0	4.7	591.7
47.0	13.9	105.3	12.1	4.1	591.7
8.9	11.4	35.9	12.1	5.1	591.7
1.9	9.0	40.3	12.1	2.2	591.7
2.0	9.6	118.3	12.1	4.0	591.7
0.5	10.8	359.3	12.2	5.9	591.7
8.4	12.6	223.8	12.2	5.4	591.7
0.3	8.9	177.5	12.2	5.8	591.7
0.1	12.2	523.0	12.3	7.1	591.7
0.5	12.9	416.9	12.3	6.7	591.7
31.0	11.6	144.2	12.3	6.0	591.7
0.1	8.5	153.2	12.4	4.6	591.7
9.0	6.8	86.8	12.4	2.2	591.7
11.5	8.6	93.8	12.4	3.1	591.7
0.0	10.6	573.3	12.5	6.9	591.7
0.0	13.3	563.4	12.5	7.9	591.9
1.5	18.8	435.5	12.5	8.7	591.9
13.1	18.1	73.9	12.5	8.1	591.9
19.5	9.4	34.4	12.6	3.8	591.9
1.8	18.0	121.3	12.6	8.5	591.9
6.8	11.5	49.9	12.6	7.2	591.9
0.0	10.4	460.6	12.7	6.4	591.9
3.7	13.9	436.0	12.7	7.3	591.9
5.3	15.4	191.2	12.7	6.2	591.9
1.7	19.5	266.3	12.8	8.3	591.9
29.2	21.3	62.7	12.8	5.6	591.9
5.3	19.9	388.3	12.8	8.5	591.9
2.7	13.0	145.3	12.8	6.6	591.9
0.0	13.0	536.6	12.9	7.9	591.9
12.4	16.8	575.0	12.9	8.2	591.9
24.7	16.3	89.6	12.9	6.6	591.9
0.0	15.3	592.3	13.0	8.1	591.9
28.0	11.4	188.7	13.0	6.7	591.9
9.6	11.1	53.9	13.0	5.0	591.9
0.1	16.0	452.9	13.0	8.2	591.9
0.3	19.8	595.4	13.1	9.7	591.9
0.2	22.0	560.1	13.1	10.9	591.9
3.2	23.9	559.5	13.1	10.9	591.9
7.8	23.7	555.3	13.1	12.0	591.9
0.0	18.7	612.1	13.2	10.0	591.9
0.0	19.0	464.1	13.2	9.1	591.9
0.0	20.9	633.0	13.2	10.3	591.9
0.1	23.2	567.4	13.3	10.9	591.9
1.3	24.2	597.3	13.3	12.2	591.9
2.2	22.1	436.1	13.3	11.6	591.9
0.0	16.6	655.3	13.3	7.9	592.2
0.0	18.7	640.8	13.4	10.0	592.2
0.0	22.5	539.8	13.4	10.6	592.2
0.2	25.7	557.1	13.4	9.6	592.2
0.3	26.9	566.0	13.4	10.6	592.2
0.0	29.1	566.4	13.5	10.4	592.2
0.0	30.0	615.3	13.5	8.9	592.2
23.9	22.8	322.0	13.5	14.6	592.2
8.1	14.9	148.3	13.5	5.6	592.2
24.6	15.3	92.6	13.6	4.9	592.2
0.0	15.0	292.0	13.6	6.6	592.2
0.0	16.9	594.0	13.6	9.4	592.2
7.8	18.3	528.3	13.6	7.8	592.2
8.7	16.0	62.9	13.6	3.7	592.2
1.2	16.0	154.6	13.7	7.1	592.2
0.0	18.8	586.4	13.7	9.8	592.2
0.4	20.7	565.7	13.7	9.3	592.2
0.9	22.2	296.4	13.7	8.4	592.2
0.4	24.8	594.6	13.7	11.1	592.2
0.3	23.6	436.2	13.8	10.1	592.2
0.0	26.2	620.7	13.8	11.8	592.2
0.7	26.9	457.6	13.8	9.8	592.2
8.3	26.4	448.6	13.8	11.1	592.2
27.1	25.3	301.3	13.8	11.5	592.2
0.5	20.3	133.1	13.9	5.5	592.2
2.2	22.2	277.4	13.9	7.6	592.2
1.5	21.9	227.9	13.9	8.1	592.2
9.1	22.1	187.1	13.9	7.9	592.2
17.7	18.5	49.4	13.9	5.4	592.2
0.3	19.4	333.4	13.9	9.2	592.2
0.2	19.2	259.7	13.9	9.1	592.2
0.0	21.3	645.0	14.0	10.8	590.6
0.0	22.6	658.5	14.0	11.4	590.6
4.3	23.0	662.2	14.0	11.9	590.6
3.3	23.0	651.9	14.0	11.1	590.6
0.0	24.7	670.6	14.0	11.8	590.6
0.4	26.1	666.2	14.0	12.1	590.6
4.3	25.7	655.1	14.0	12.4	590.6
3.1	25.1	581.5	14.0	12.1	590.6
0.0	26.3	671.9	14.0	12.3	590.6
0.0	26.9	654.6	14.0	11.5	590.6
0.0	26.4	530.2	14.1	12.4	590.6
0.0	27.0	625.3	14.1	12.0	590.6
0.0	26.7	443.0	14.1	11.4	590.6
13.6	25.9	168.1	14.1	10.2	590.6
17.8	23.0	35.8	14.1	3.6	590.6
0.1	24.5	273.7	14.1	9.6	590.6
0.3	23.8	681.0	14.1	11.3	590.6
0.1	22.8	678.7	14.1	10.5	590.6
0.0	23.3	667.5	14.1	11.0	590.6
0.0	25.0	563.8	14.1	10.9	590.6
0.0	27.1	508.0	14.1	10.6	590.6
10.6	22.8	111.3	14.1	11.5	590.6
1.0	23.3	273.4	14.1	8.1	590.6
14.1	25.0	226.3	14.1	7.9	590.6
13.8	25.8	274.7	14.1	8.1	590.6
20.0	26.9	515.3	14.1	9.6	590.6
8.0	26.8	194.7	14.1	8.6	590.6
13.6	27.3	347.7	14.1	9.9	590.6
19.3	26.8	505.5	14.1	10.4	590.6
0.1	24.8	482.0	14.1	9.8	590.6
0.0	25.4	642.9	14.1	10.7	587.2
0.0	24.5	332.8	14.0	9.1	587.2
3.7	25.2	645.1	14.0	11.4	587.2
3.4	25.6	594.3	14.0	11.5	587.2
0.0	26.8	599.8	14.0	11.4	587.2
0.0	26.7	573.1	14.0	10.9	587.2
0.0	24.9	300.1	14.0	8.2	587.2
11.5	24.0	70.7	14.0	5.8	587.2
4.4	24.5	70.3	14.0	4.9	587.2
0.4	27.4	485.8	14.0	10.0	587.2
0.2	29.3	616.0	14.0	11.3	587.2
3.5	29.9	575.5	13.9	11.7	587.2
9.2	28.7	498.9	13.9	10.6	587.2
14.2	28.2	507.6	13.9	10.3	587.2
10.6	27.8	557.4	13.9	10.4	587.2
1.2	27.3	450.9	13.9	9.6	587.2
0.8	27.2	399.2	13.9	9.1	587.2
0.4	28.7	544.3	13.9	10.2	587.2
22.6	27.4	322.1	13.8	8.4	587.2
19.2	26.9	216.3	13.8	8.0	587.2
10.5	26.7	207.8	13.8	8.4	587.2
16.2	26.2	272.0	13.8	8.3	587.2
11.2	25.3	157.3	13.8	6.1	587.2
1.1	26.2	339.7	13.7	8.3	587.2
11.5	26.2	423.1	13.7	8.9	587.2
0.8	26.6	318.2	13.7	7.9	587.2
5.3	26.6	350.7	13.7	8.4	587.2
7.0	26.3	338.3	13.7	8.1	587.2
3.8	26.5	280.5	13.6	8.6	587.2
12.2	27.2	499.3	13.6	8.8	587.2
1.4	26.2	151.7	13.6	6.4	587.2
1.1	26.3	217.3	13.6	7.9	585.3
1.3	26.8	456.3	13.6	9.0	585.3
0.9	27.5	461.3	13.5	9.4	585.3
0.0	27.8	543.1	13.5	10.1	585.3
0.4	28.9	508.5	13.5	10.2	585.3
0.6	29.0	582.1	13.5	11.3	585.3
0.0	28.9	573.7	13.4	11.1	585.3
0.0	29.6	614.5	13.4	10.8	585.3
3.9	30.6	502.6	13.4	11.3	585.3
26.6	26.9	377.2	13.4	8.6	585.3
6.7	27.1	519.2	13.3	10.4	585.3
5.1	26.3	577.1	13.3	10.1	585.3
1.2	26.5	480.8	13.3	9.0	585.3
5.8	26.3	284.8	13.3	7.9	585.3
9.4	25.7	187.3	13.2	7.6	585.3
7.3	26.7	452.3	13.2	9.2	585.3
16.2	26.8	509.4	13.2	8.5	585.3
11.9	27.7	529.7	13.2	10.3	585.3
0.1	28.4	555.0	13.1	9.9	585.3
0.1	29.0	588.7	13.1	10.5	585.3
0.1	29.5	582.0	13.1	10.7	585.3
0.0	30.3	582.1	13.1	11.0	585.3
0.0	30.9	525.7	13.0	11.1	585.3
0.0	31.0	521.9	13.0	11.8	585.3
0.4	30.2	572.4	13.0	11.3	585.3
5.4	28.9	550.4	12.9	10.6	585.3
15.2	26.9	417.9	12.9	9.6	585.3
0.1	26.5	387.3	12.9	8.2	585.3
0.4	27.6	501.6	12.9	9.0	585.3
0.1	27.8	380.0	12.8	8.2	585.3
0.6	27.1	395.8	12.8	9.2	585.3
1.0	28.3	498.2	12.8	8.8	585.5
6.6	26.9	184.5	12.7	8.5	585.5
3.8	25.5	45.5	12.7	5.7	585.5
3.4	24.1	22.9	12.7	3.8	585.5
1.9	24.5	35.2	12.7	4.6	585.5
8.5	25.6	213.0	12.6	6.4	585.5
3.6	25.4	267.1	12.6	6.5	585.5
5.7	25.0	224.2	12.6	6.4	585.5
0.5	25.2	421.6	12.5	7.5	585.5
0.0	24.2	427.8	12.5	9.0	585.5
0.0	23.7	546.2	12.5	8.9	585.5
0.0	24.8	545.9	12.4	9.2	585.5
0.0	25.4	541.5	12.4	9.8	585.5
0.0	27.3	493.3	12.4	9.7	585.5
0.0	29.1	506.9	12.4	10.1	585.5
0.3	30.0	488.3	12.3	10.1	585.5
21.5	26.6	450.6	12.3	8.8	585.5
22.5	22.4	451.4	12.3	11.1	585.5
0.0	17.5	524.7	12.2	7.2	585.5
0.0	19.6	509.4	12.2	7.1	585.5
0.0	20.1	424.0	12.2	7.3	585.5
0.0	20.4	498.6	12.1	8.0	585.5
0.0	22.0	509.8	12.1	9.0	585.5
0.0	23.2	505.1	12.1	9.1	585.5
0.0	24.4	494.8	12.1	9.5	585.5
0.0	24.7	502.3	12.0	9.1	585.5
0.0	23.7	502.9	12.0	9.9	585.5
0.0	23.8	463.4	12.0	9.5	585.5
0.0	23.7	492.9	11.9	9.2	585.5
0.0	24.0	486.9	11.9	9.7	585.5
0.0	20.7	495.8	11.9	8.8	586.0
0.0	21.1	495.8	11.8	8.9	586.0
0.0	22.6	489.0	11.8	9.8	586.0
0.0	24.3	480.4	11.8	10.4	586.0
0.0	23.3	405.8	11.8	9.4	586.0
0.0	23.2	468.1	11.7	9.2	586.0
0.0	18.9	490.3	11.7	8.3	586.0
0.0	19.8	479.3	11.7	8.7	586.0
0.0	21.0	469.7	11.6	9.3	586.0
0.0	21.9	467.8	11.6	9.7	586.0
0.0	23.4	457.0	11.6	9.3	586.0
0.0	23.5	348.8	11.5	7.8	586.0
0.0	23.8	434.8	11.5	8.2	586.0
0.0	24.5	432.5	11.5	8.6	586.0
0.0	24.0	431.8	11.5	8.6	586.0
0.1	25.2	419.0	11.4	9.0	586.0
0.0	17.4	430.2	11.4	6.4	586.0
0.0	15.5	419.7	11.4	6.4	586.0
0.0	17.0	367.0	11.3	6.4	586.0
0.0	17.8	294.7	11.3	6.3	586.0
0.0	20.3	411.3	11.3	7.1	586.0
0.0	20.5	406.2	11.3	7.4	586.0
0.0	22.4	404.8	11.2	7.2	586.0
0.0	23.3	399.3	11.2	7.3	586.0
0.0	23.4	387.4	11.2	7.1	586.0
3.2	20.3	108.8	11.1	6.0	586.0
13.1	13.4	23.5	11.1	4.2	586.0
2.9	8.7	34.2	11.1	2.5	586.0
0.0	13.0	255.1	11.1	4.5	586.0
1.0	20.5	223.7	11.0	6.5	586.0
13.1	19.7	100.3	11.0	4.6	586.0
16.5	12.3	18.9	11.0	5.5	587.2
0.0	7.3	371.6	10.9	3.3	587.2
0.4	9.9	324.5	10.9	3.9	587.2
0.9	14.3	119.5	10.9	4.0	587.2
7.3	15.7	97.3	10.9	4.8	587.2
2.3	9.3	29.9	10.8	3.4	587.2
0.1	9.4	369.0	10.8	4.3	587.2
0.0	11.2	345.8	10.8	4.5	587.2
0.0	13.7	299.7	10.8	4.3	587.2
3.8	16.6	265.9	10.7	5.3	587.2
0.9	5.7	66.4	10.7	4.3	587.2
0.0	2.6	370.0	10.7	3.1	587.2
0.0	5.0	370.8	10.7	4.1	587.2
0.1	7.5	353.2	10.7	4.6	587.2
0.0	9.7	345.5	10.6	5.1	587.2
0.0	13.6	344.9	10.6	5.5	587.2
0.2	18.5	288.3	10.6	5.9	587.2
0.2	19.2	129.8	10.6	4.5	587.2
0.6	19.2	127.0	10.5	4.2	587.2
1.4	14.9	55.3	10.5	3.4	587.2
0.0	15.8	229.4	10.5	3.8	587.2
14.1	18.8	285.0	10.5	5.8	587.2
3.4	5.5	33.6	10.5	3.7	587.2
3.5	6.8	73.8	10.4	2.3	587.2
15.9	10.2	54.8	10.4	2.3	587.2
2.6	11.6	70.3	10.4	3.0	587.2
1.6	10.8	168.5	10.4	2.6	587.2
3.3	9.6	53.9	10.4	4.2	587.2
0.0	4.8	327.4	10.4	2.7	587.2
0.0	6.5	321.0	10.3	3.5	587.2
0.0	6.9	286.4	10.3	3.3	589.3
0.0	7.2	315.5	10.3	3.6	589.3
0.0	8.0	311.9	10.3	3.9	589.3
0.0	10.0	314.9	10.3	4.3	589.3
0.0	11.0	302.4	10.3	4.0	589.3
0.0	9.2	294.2	10.3	4.5	589.3
0.0	2.9	314.8	10.3	2.3	589.3
0.7	8.6	239.2	10.3	3.9	589.3
1.5	9.7	109.7	10.2	2.8	589.3
22.7	9.4	65.7	10.2	1.8	589.3
1.4	10.6	114.9	10.2	2.4	589.3
0.3	12.7	192.3	10.2	3.5	589.3
5.9	14.4	187.7	10.2	4.8	589.3
14.4	2.8	15.5	10.2	3.0	589.3
0.4	-2.5	230.3	10.2	1.4	589.3
0.0	1.7	306.5	10.2	2.4	589.3
0.0	6.4	301.7	10.2	3.7	589.3
0.0	8.3	293.1	10.2	4.0	589.3
0.0	4.6	295.3	10.2	3.6	589.3
0.0	4.2	308.6	10.2	3.2	589.3
0.0	7.7	181.2	10.2	3.9	589.3
0.1	2.3	291.7	10.2	2.0	589.3
1.8	5.6	298.5	10.2	2.9	589.3
15.9	8.8	44.1	10.2	2.2	589.3
3.9	9.1	35.9	10.2	1.9	589.3
24.2	8.8	31.2	10.2	1.7	589.3
6.3	8.1	16.0	10.2	1.4	589.3
11.6	5.0	16.9	10.2	2.3	589.3
0.7	4.3	159.3	10.2	2.6	589.3
5.6	1.3	240.5	10.2	1.7	589.3
13.9	1.7	87.8	10.2	1.6	589.3
9.6	2.3	58.4	10.2	1.3	591.9
0.4	3.6	211.7	10.2	2.3	591.9
0.5	4.5	207.7	10.2	2.7	591.9
7.0	6.1	24.1	10.3	1.8	591.9
1.2	1.7	53.3	10.3	2.3	591.9
0.0	-2.9	307.5	10.3	1.7	591.9
0.0	-2.7	328.0	10.3	2.0	591.9
0.0	1.4	317.5	10.3	2.6	591.9
1.5	0.2	88.3	10.3	2.5	591.9
0.0	-4.8	336.0	10.3	1.5	591.9
0.0	-0.6	281.8	10.3	2.3	591.9
0.0	-0.1	318.4	10.3	2.5	591.9
0.0	0.2	331.6	10.4	2.9	591.9
0.0	-0.4	332.3	10.4	2.4	591.9
0.0	-0.6	339.3	10.4	2.8	591.9
0.0	1.9	334.1	10.4	3.3	591.9
0.0	3.4	190.0	10.4	3.4	591.9
0.0	-1.3	351.9	10.4	2.4	591.9
0.0	1.5	343.1	10.5	3.5	591.9
0.0	5.5	353.1	10.5	4.6	591.9
0.0	7.9	346.9	10.5	5.2	591.9
0.0	8.3	340.4	10.5	4.8	591.9
0.0	6.7	329.0	10.5	3.7	591.9
0.0	11.4	338.6	10.6	5.5	591.9
0.9	13.8	220.3	10.6	4.7	591.9
3.1	15.4	161.2	10.6	5.1	591.9
0.3	8.6	139.1	10.6	3.8	591.9
0.0	1.8	362.0	10.7	2.8	591.9
0.0	4.4	306.6	10.7	3.4	591.9
0.0	1.4	349.3	10.7	3.3	591.9
0.0	-1.9	354.2	10.7	2.0	591.9
1.0	3.5	332.8	10.8	3.4	593.1
0.0	1.0	381.9	10.8	3.6	593.1
0.0	1.3	387.3	10.8	3.3	593.1
0.0	6.8	382.1	10.8	5.2	593.1
0.0	9.8	375.3	10.9	5.4	593.1
0.0	10.3	251.5	10.9	5.2	593.1
15.3	13.2	241.4	10.9	5.4	593.1
13.5	12.6	36.3	10.9	2.6	593.1
4.4	10.6	90.7	11.0	4.1	593.1
18.1	5.6	47.6	11.0	2.2	593.1
12.7	8.5	79.8	11.0	2.9	593.1
23.4	2.7	18.5	11.0	3.6	593.1
24.1	-2.9	21.3	11.1	1.4	593.1
12.8	-3.2	61.7	11.1	1.2	593.1
29.7	0.1	36.2	11.1	1.7	593.1
15.9	1.1	44.2	11.1	2.7	593.1
0.1	0.6	96.5	11.2	2.1	593.1
0.0	2.5	283.1	11.2	3.6	593.1
0.0	1.3	442.4	11.2	3.3	593.1
1.8	5.8	302.6	11.3	4.1	593.1
0.2	5.7	268.0	11.3	3.7	593.1
0.0	7.0	450.5	11.3	5.0	593.1
0.1	9.3	440.7	11.4	5.7	593.1
0.0	11.0	199.6	11.4	5.3	593.1
0.0	11.7	360.9	11.4	6.3	593.1
0.0	10.6	468.8	11.4	6.6	593.1
0.0	12.5	462.5	11.5	7.4	593.1
0.0	17.1	461.6	11.5	8.5	593.1
26.7	17.7	249.1	11.5	7.7	593.3
0.8	12.0	124.6	11.6	4.8	593.3
0.3	14.0	297.2	11.6	6.3	593.3
0.0	14.4	340.8	11.6	5.7	593.3
0.0	18.9	434.5	11.6	7.3	593.3
4.2	18.9	226.5	11.7	8.0	593.3
3.7	11.3	59.3	11.7	3.3	593.3
0.0	12.6	456.7	11.7	6.2	593.3
0.0	17.1	491.5	11.8	8.1	593.3
0.1	22.0	355.5	11.8	7.5	593.3
6.1	19.2	449.4	11.8	11.2	593.3
17.8	4.6	40.3	11.9	2.8	593.3
39.3	6.2	23.8	11.9	3.4	593.3
11.3	6.7	49.7	11.9	3.2	593.3
0.3	7.9	374.1	12.0	4.9	593.3
19.3	5.6	118.6	12.0	3.2	593.3
0.6	8.3	174.9	12.0	3.7	593.3
37.7	11.2	65.4	12.0	3.9	593.3
15.5	6.3	52.1	12.1	5.2	593.3
0.0	3.8	311.7	12.1	3.4	593.3
5.1	4.1	75.4	12.1	2.8	593.3
0.2	8.1	263.1	12.2	5.2	593.3
0.0	12.8	516.9	12.2	7.4	593.3
0.0	15.2	493.6	12.2	7.7	593.3
0.0	16.8	547.6	12.3	7.4	593.3
0.0	19.5	543.5	12.3	9.7	593.3
18.6	22.5	307.9	12.3	8.8	593.3
17.6	20.4	304.7	12.4	6.5	593.3
0.6	18.7	341.1	12.4	7.8	593.3
0.4	19.9	417.2	12.4	8.1	593.3
9.6	20.6	258.0	12.4	6.6	593.3
2.9	20.6	146.3	12.5	5.5	593.5
0.3	22.3	219.3	12.5	6.7	593.5
15.1	23.6	405.5	12.5	8.5	593.5
41.1	12.3	39.3	12.6	9.1	593.5
13.6	8.6	51.2	12.6	2.0	593.5
37.1	15.1	90.4	12.6	7.6	593.5
3.5	19.2	135.9	12.7	4.7	593.5
23.6	15.6	63.6	12.7	8.7	593.5
13.2	8.9	73.5	12.7	5.2	593.5
0.1	10.6	344.2	12.7	5.8	593.5
0.1	13.9	588.2	12.8	7.1	593.5
19.4	16.6	122.8	12.8	6.5	593.5
1.5	18.7	215.2	12.8	7.4	593.5
0.6	21.4	511.5	12.9	9.7	593.5
32.7	14.8	168.7	12.9	10.5	593.5
0.0	12.2	516.2	12.9	7.8	593.5
0.0	15.3	604.3	12.9	8.2	593.5
0.2	18.0	337.1	13.0	7.8	593.5
0.5	20.2	510.0	13.0	8.8	593.5
5.8	18.8	193.7	13.0	6.7	593.5
10.0	17.0	69.8	13.1	6.1	593.5
0.0	19.5	576.1	13.1	9.2	593.5
0.0	20.1	589.1	13.1	10.0	593.5
3.8	18.3	515.8	13.1	8.0	593.5
19.7	16.7	97.3	13.2	5.3	593.5
0.1	18.9	529.8	13.2	8.2	593.5
1.3	17.2	479.0	13.2	6.8	593.5
9.7	17.0	117.7	13.3	5.6	593.5
0.8	19.9	243.9	13.3	6.6	593.5
7.4	23.2	237.4	13.3	8.3	593.5
19.6	23.2	360.1	13.3	8.7	593.8
10.4	24.2	400.7	13.4	9.2	593.8
1.6	25.6	214.6	13.4	7.8	593.8
5.6	17.0	80.0	13.4	11.5	593.8
0.0	15.4	392.8	13.4	7.3	593.8
0.0	16.7	286.4	13.5	6.0	593.8
0.1	17.8	423.1	13.5	9.0	593.8
0.0	20.7	621.5	13.5	10.2	593.8
0.0	22.5	629.0	13.5	10.4	593.8
1.5	22.3	633.3	13.5	11.4	593.8
0.0	23.3	644.3	13.6	11.6	593.8
1.6	23.8	615.7	13.6	11.3	593.8
0.0	18.3	257.0	13.6	8.2	593.8
0.0	17.8	664.6	13.6	10.3	593.8
0.0	19.8	674.7	13.7	11.3	593.8
0.0	23.2	647.0	13.7	10.8	593.8
4.2	24.1	511.7	13.7	10.1	593.8
9.7	26.1	537.3	13.7	11.3	593.8
4.3	23.2	199.6	13.7	8.6	593.8
0.1	24.8	626.5	13.8	11.4	593.8
37.1	24.3	448.1	13.8	9.4	593.8
0.0	22.5	657.8	13.8	11.0	593.8
0.0	23.3	659.3	13.8	11.8	593.8
0.0	24.9	653.2	13.8	11.8	593.8
30.3	24.1	174.2	13.8	6.5	593.8
0.4	22.1	544.8	13.9	10.5	593.8
0.0	24.9	619.9	13.9	11.1	593.8
12.4	25.2	402.9	13.9	11.1	593.8
16.0	20.1	44.7	13.9	6.3	593.8
0.5	21.3	570.4	13.9	9.3	593.8
0.0	20.8	378.0	13.9	9.0	593.8
0.3	20.7	434.5	14.0	9.7	592.2
0.0	22.3	646.9	14.0	10.5	592.2
3.9	21.5	562.0	14.0	11.4	592.2
0.2	21.9	612.2	14.0	10.5	592.2
0.0	23.1	674.0	14.0	10.3	592.2
0.0	25.1	673.4	14.0	11.0	592.2
0.0	26.5	650.2	14.0	10.6	592.2
0.0	25.6	602.3	14.0	10.9	592.2
0.1	26.7	666.3	14.0	11.2	592.2
0.0	28.4	645.4	14.0	11.2	592.2
18.5	27.0	253.4	14.0	9.8	592.2
1.6	23.3	134.3	14.1	8.2	592.2
0.6	21.8	476.7	14.1	8.3	592.2
0.0	21.2	688.9	14.1	10.8	592.2
0.0	21.7	693.9	14.1	11.3	592.2
1.3	22.6	641.0	14.1	9.7	592.2
9.3	19.8	77.0	14.1	3.4	592.2
1.2	21.6	170.5	14.1	5.3	592.2
6.4	22.4	98.0	14.1	5.3	592.2
19.0	22.1	153.8	14.1	5.9	592.2
4.3	22.3	185.1	14.1	6.8	592.2
7.4	22.3	560.5	14.1	10.0	592.2
0.0	24.3	653.7	14.1	10.9	592.2
0.3	25.3	670.1	14.1	11.3	592.2
2.0	25.6	626.3	14.1	11.3	592.2
0.0	27.0	664.1	14.1	11.9	592.2
1.2	28.0	627.5	14.1	12.5	592.2
1.0	26.7	311.7	14.1	9.9	592.2
0.0	28.2	442.8	14.1	9.9	592.2
12.5	27.2	458.4	14.1	11.1	592.2
6.7	26.5	495.9	14.1	10.9	588.7
0.1	25.4	450.3	14.0	10.6	588.7
14.3	26.4	381.1	14.0	9.6	588.7
28.5	23.7	45.3	14.0	2.9	588.7
47.5	23.6	51.1	14.0	5.2	588.7
13.9	25.3	138.2	14.0	7.2	588.7
22.7	25.6	314.6	14.0	8.9	588.7
12.9	25.9	442.4	14.0	8.5	588.7
0.3	26.5	467.2	14.0	9.9	588.7
0.0	28.6	605.2	14.0	11.1	588.7
4.2	27.7	366.6	14.0	9.2	588.7
1.2	29.4	640.9	13.9	11.7	588.7
9.3	28.4	454.4	13.9	11.0	588.7
6.5	28.6	596.6	13.9	11.1	588.7
7.9	28.5	570.2	13.9	10.8	588.7
12.8	27.8	517.2	13.9	9.1	588.7
10.6	27.8	480.0	13.9	10.1	588.7
2.0	27.7	357.1	13.9	9.2	588.7
23.6	27.7	438.8	13.8	8.6	588.7
23.0	27.5	270.1	13.8	9.5	588.7
19.3	27.3	305.0	13.8	9.3	588.7
27.4	27.1	302.1	13.8	8.7	588.7
21.4	27.0	323.1	13.8	8.6	588.7
25.9	26.9	353.5	13.8	8.3	588.7
14.6	27.2	331.0	13.7	8.4	588.7
10.8	27.8	543.3	13.7	10.5	588.7
8.2	27.9	481.6	13.7	10.7	588.7
4.0	28.2	532.8	13.7	11.2	588.7
9.2	28.1	549.8	13.7	10.9	588.7
11.7	28.2	540.6	13.6	10.3	588.7
10.5	28.3	466.9	13.6	9.8	588.7
11.7	27.9	428.3	13.6	9.2	586.9
15.4	27.3	449.7	13.6	9.4	586.9
2.4	27.5	537.1	13.5	9.5	586.9
13.9	27.1	446.0	13.5	9.2	586.9
19.0	27.3	476.1	13.5	9.3	586.9
15.4	27.6	479.2	13.5	9.6	586.9
10.6	27.7	452.7	13.4	9.2	586.9
10.7	27.8	354.6	13.4	9.0	586.9
10.0	28.0	340.3	13.4	9.2	586.9
10.3	28.3	511.0	13.4	10.2	586.9
7.3	28.1	554.5	13.3	10.1	586.9
9.1	28.2	550.5	13.3	10.4	586.9
4.5	28.8	506.5	13.3	10.3	586.9
1.9	29.2	552.4	13.3	10.6	586.9
3.2	29.3	559.6	13.2	11.0	586.9
8.2	28.4	481.4	13.2	10.2	586.9
10.9	28.2	470.0	13.2	9.9	586.9
10.2	27.0	333.9	13.2	8.7	586.9
18.3	25.5	274.5	13.1	6.9	586.9
2.1	24.6	159.5	13.1	6.0	586.9
1.0	25.1	532.7	13.1	9.7	586.9
0.0	25.2	321.7	13.1	8.2	586.9
2.2	26.8	440.4	13.0	8.7	586.9
1.3	26.1	166.9	13.0	7.4	586.9
23.7	26.7	471.9	13.0	8.7	586.9
15.1	27.5	366.8	12.9	8.8	586.9
11.4	27.0	387.1	12.9	9.7	586.9
17.9	26.9	354.3	12.9	8.4	586.9
1.4	27.1	390.1	12.9	7.8	586.9
0.0	26.3	462.7	12.8	9.1	586.9
0.2	27.8	535.3	12.8	8.5	586.9
20.4	27.0	449.6	12.8	8.3	587.0
9.3	27.8	448.3	12.7	9.0	587.0
5.2	27.5	499.5	12.7	8.8	587.0
19.0	26.6	468.4	12.7	8.4	587.0
10.9	26.8	464.5	12.7	8.6	587.0
4.9	27.7	536.3	12.6	9.6	587.0
0.0	28.2	518.8	12.6	9.4	587.0
0.1	28.7	501.4	12.6	9.5	587.0
8.9	27.5	434.5	12.5	8.5	587.0
17.7	26.7	434.9	12.5	7.4	587.0
1.2	26.2	396.5	12.5	8.2	587.0
0.0	25.3	511.3	12.5	8.2	587.0
0.0	24.2	481.4	12.4	8.4	587.0
0.0	22.8	477.8	12.4	7.7	587.0
0.0	23.8	409.0	12.4	8.6	587.0
0.0	23.7	270.2	12.3	8.6	587.0
0.0	25.1	519.5	12.3	8.1	587.0
0.0	24.8	381.7	12.3	8.5	587.0
0.1	26.3	516.0	12.2	9.1	587.0
0.3	27.7	452.6	12.2	8.9	587.0
0.0	27.9	482.8	12.2	9.6	587.0
2.7	23.1	319.5	12.2	10.2	587.0
0.0	19.4	522.8	12.1	7.2	587.0
0.0	21.1	498.8	12.1	8.6	587.0
0.2	24.0	464.3	12.1	8.7	587.0
0.3	22.3	64.4	12.0	4.3	587.0
0.0	22.6	494.8	12.0	8.2	587.0
0.0	21.3	505.0	12.0	7.8	587.0
0.1	21.7	493.1	11.9	7.9	587.0
0.0	20.6	494.1	11.9	8.5	587.0
0.0	20.7	493.6	11.9	8.2	587.5
0.0	21.4	485.9	11.8	8.6	587.5
0.0	23.5	449.9	11.8	8.5	587.5
0.0	24.1	449.7	11.8	9.1	587.5
0.0	25.5	457.4	11.8	8.8	587.5
0.0	22.7	302.5	11.7	7.4	587.5
0.0	20.5	302.5	11.7	7.4	587.5
0.0	21.6	427.6	11.7	8.5	587.5
0.0	22.7	454.1	11.6	8.3	587.5
0.0	24.6	377.7	11.6	8.1	587.5
0.1	26.6	407.3	11.6	8.2	587.5
0.3	23.2	196.5	11.6	6.9	587.5
0.0	19.2	84.2	11.5	4.4	587.5
0.0	17.9	446.7	11.5	7.1	587.5
0.0	16.0	453.5	11.5	6.8	587.5
0.0	17.4	441.7	11.4	7.0	587.5
0.0	19.7	329.9	11.4	6.7	587.5
0.0	21.2	395.1	11.4	7.6	587.5
0.0	21.2	399.2	11.3	8.1	587.5
0.0	16.0	444.4	11.3	6.5	587.5
0.0	17.0	434.0	11.3	7.3	587.5
0.0	18.4	422.5	11.3	7.3	587.5
0.0	20.0	262.6	11.2	6.8	587.5
0.0	19.0	288.7	11.2	6.5	587.5
0.0	20.0	381.0	11.2	7.2	587.5
0.0	18.0	403.1	11.1	6.5	587.5
0.0	16.1	410.4	11.1	6.1	587.5
0.0	16.9	397.2	11.1	6.0	587.5
0.0	17.1	365.4	11.1	6.7	587.5
0.0	17.7	399.6	11.0	7.1	587.5
0.0	19.3	388.0	11.0	7.2	587.5
0.0	19.3	240.1	11.0	6.3	588.7
0.0	16.4	346.1	11.0	6.1	588.7
0.0	12.2	199.6	10.9	3.7	588.7
0.0	14.0	379.4	10.9	5.2	588.7
0.0	16.8	331.8	10.9	5.6	588.7
0.0	17.0	176.7	10.9	5.3	588.7
0.0	16.7	343.9	10.8	6.1	588.7
0.0	16.5	366.1	10.8	6.2	588.7
0.0	16.6	368.6	10.8	5.8	588.7
0.0	17.2	353.5	10.8	5.9	588.7
0.0	17.5	356.1	10.7	6.4	588.7
0.0	17.0	360.3	10.7	5.8	588.7
0.3	18.8	334.3	10.7	6.0	588.7
0.2	18.9	160.2	10.7	4.6	588.7
0.4	19.3	174.6	10.6	4.3	588.7
0.0	20.9	203.5	10.6	5.7	588.7
0.2	21.6	313.9	10.6	6.0	588.7
0.4	18.5	134.0	10.6	3.8	588.7
0.4	13.7	37.1	10.6	4.2	588.7
0.0	12.7	311.8	10.5	3.8	588.7
0.7	15.2	165.5	10.5	4.3	588.7
0.1	12.7	105.0	10.5	3.5	588.7
0.1	16.4	250.5	10.5	5.0	588.7
0.0	19.9	257.4	10.5	5.7	588.7
0.1	20.3	193.2	10.4	5.1	588.7
6.9	17.6	177.3	10.4	5.9	588.7
0.5	11.2	64.3	10.4	3.3	588.7
0.0	9.5	320.0	10.4	4.0	588.7
0.0	9.1	300.2	10.4	3.7	588.7
0.0	12.4	259.6	10.4	4.7	588.7
0.0	11.5	319.6	10.3	4.2	590.7
0.0	12.3	323.1	10.3	4.6	590.7
0.0	14.1	321.1	10.3	5.4	590.7
0.0	12.9	314.8	10.3	4.6	590.7
0.0	16.3	309.9	10.3	5.3	590.7
0.0	18.0	297.4	10.3	5.1	590.7
0.0	18.5	296.8	10.3	5.7	590.7
2.3	14.0	186.3	10.3	4.9	590.7
0.0	9.0	104.4	10.2	2.9	590.7
0.0	10.0	303.5	10.2	3.7	590.7
0.0	11.0	301.2	10.2	4.3	590.7
0.0	15.1	293.5	10.2	5.2	590.7
0.0	16.7	190.3	10.2	5.6	590.7
0.0	8.8	292.0	10.2	3.5	590.7
0.0	8.1	307.4	10.2	3.8	590.7
0.0	10.1	307.8	10.2	4.1	590.7
0.0	14.6	290.4	10.2	4.8	590.7
0.3	18.4	284.6	10.2	5.6	590.7
10.9	15.6	42.6	10.2	2.7	590.7
3.7	11.9	84.6	10.2	2.4	590.7
1.5	10.5	31.7	10.2	1.5	590.7
1.5	11.9	50.6	10.2	2.9	590.7
0.0	7.7	224.7	10.2	3.1	590.7
0.1	12.0	224.6	10.2	3.7	590.7
0.0	16.2	137.6	10.2	3.9	590.7
3.9	19.2	111.5	10.2	3.9	590.7
5.4	15.3	45.9	10.2	3.2	590.7
25.9	13.1	86.3	10.2	5.0	590.7
51.4	7.3	41.7	10.2	2.2	590.7
4.3	10.1	68.2	10.2	2.5	590.7
31.1	11.9	77.0	10.2	2.6	590.7
3.1	9.5	47.7	10.2	3.0	593.4
16.3	10.9	20.9	10.2	2.9	593.4
7.7	3.6	14.5	10.2	4.0	593.4
0.5	-5.8	72.9	10.2	1.5	593.4
0.0	-6.7	319.6	10.3	1.2	593.4
0.0	-6.0	329.0	10.3	1.5	593.4
0.0	-2.0	323.8	10.3	2.5	593.4
0.0	1.5	285.3	10.3	3.2	593.4
0.5	1.2	69.4	10.3	2.2	593.4
1.0	0.7	165.3	10.3	2.0	593.4
0.8	0.8	126.8	10.3	1.7	593.4
0.1	3.3	200.8	10.3	2.7	593.4
2.8	5.1	109.3	10.4	2.6	593.4
2.0	3.2	42.4	10.4	1.5	593.4
1.1	1.9	87.3	10.4	1.5	593.4
0.3	4.3	91.7	10.4	2.1	593.4
4.0	10.3	259.7	10.4	4.4	593.4
1.0	6.3	145.7	10.4	3.0	593.4
15.7	5.9	33.7	10.5	2.1	593.4
0.5	9.2	171.0	10.5	3.4	593.4
0.0	15.8	260.7	10.5	4.9	593.4
3.3	13.7	95.0	10.5	5.5	593.4
9.0	7.1	33.9	10.5	2.6	593.4
8.7	-0.8	36.7	10.6	2.2	593.4
0.3	-0.8	308.3	10.6	2.0	593.4
0.0	3.9	258.1	10.6	3.5	593.4
3.2	7.2	254.7	10.6	4.0	593.4
12.3	4.3	52.3	10.7	1.4	593.4
0.5	3.5	219.9	10.7	3.1	593.4
0.0	4.2	353.6	10.7	3.4	593.4
0.0	4.7	243.2	10.7	3.8	593.4
0.0	5.1	372.2	10.7	3.4	594.6
0.0	6.3	244.5	10.8	3.7	594.6
0.0	6.8	381.4	10.8	4.4	594.6
0.0	7.3	371.5	10.8	4.4	594.6
0.0	9.1	328.2	10.8	5.1	594.6
0.0	4.4	350.1	10.9	3.4	594.6
8.8	9.3	386.4	10.9	5.0	594.6
3.1	10.1	39.2	10.9	3.0	594.6
2.1	14.3	125.6	10.9	4.7	594.6
6.0	17.3	233.5	11.0	6.1	594.6
4.8	1.4	30.0	11.0	4.8	594.6
0.0	1.5	416.1	11.0	2.8	594.6
0.0	5.4	415.8	11.1	4.6	594.6
0.1	3.1	402.0	11.1	3.7	594.6
0.6	6.2	418.1	11.1	4.2	594.6
0.0	6.6	423.7	11.1	4.6	594.6
0.0	10.0	248.2	11.2	4.7	594.6
0.6	11.6	129.5	11.2	3.9	594.6
5.2	14.0	46.8	11.2	3.6	594.6
8.3	15.3	39.7	11.3	3.3	594.6
10.1	11.4	53.8	11.3	4.4	594.6
14.4	7.4	37.4	11.3	2.7	594.6
0.1	6.2	264.0	11.3	4.1	594.6
0.0	9.0	355.8	11.4	4.4	594.6
5.9	7.1	61.7	11.4	1.5	594.6
1.4	7.6	183.0	11.4	4.3	594.6
0.1	9.4	420.6	11.5	5.7	594.6
3.4	11.3	280.9	11.5	5.1	594.6
34.0	12.4	44.2	11.5	3.6	594.7
2.1	8.9	40.8	11.6	3.3	594.7
5.9	9.6	257.8	11.6	3.8	594.7
3.6	9.9	383.2	11.6	4.8	594.7
5.0	8.0	121.9	11.6	3.2	594.7
0.3	9.9	464.9	11.7	5.3	594.7
0.0	12.3	464.8	11.7	6.4	594.7
0.0	13.0	496.1	11.7	5.9	594.7
0.0	15.9	500.7	11.8	7.4	594.7
0.0	17.4	500.5	11.8	9.0	594.7
2.9	19.8	478.4	11.8	9.3	594.7
6.0	16.8	71.6	11.9	3.8	594.7
1.9	18.5	305.6	11.9	9.6	594.7
28.9	8.4	130.8	11.9	3.9	594.7
31.7	8.9	31.3	11.9	3.0	594.7
2.0	6.2	39.2	12.0	3.0	594.7
0.1	8.0	361.7	12.0	4.6	594.7
1.3	11.3	213.5	12.0	4.7	594.7
0.9	11.7	84.3	12.1	4.1	594.7
0.0	14.9	525.8	12.1	7.9	594.7
1.1	10.5	269.6	12.1	6.8	594.7
48.4	7.0	46.0	12.2	2.9	594.7
9.3	9.3	32.3	12.2	2.4	594.7
12.0	11.5	82.4	12.2	3.4	594.7
9.5	10.5	55.6	12.3	5.1	594.7
12.0	11.3	189.8	12.3	4.6	594.7
49.3	13.1	58.6	12.3	5.9	594.7
0.0	13.0	548.6	12.3	7.3	594.7
0.3	12.3	551.2	12.4	7.0	594.7
0.0	13.6	541.8	12.4	8.0	594.7
0.0	16.5	371.9	12.4	7.6	594.7
8.1	15.9	172.0	12.5	5.6	595.0
4.9	12.4	36.6	12.5	5.9	595.0
0.4	10.8	185.0	12.5	4.6	595.0
0.2	12.3	377.8	12.6	7.1	595.0
0.0	16.7	526.6	12.6	9.0	595.0
2.1	16.4	84.3	12.6	4.9	595.0
1.1	17.1	196.5	12.6	5.1	595.0
9.5	19.8	152.4	12.7	6.6	595.0
0.0	17.6	480.1	12.7	8.1	595.0
0.1	19.1	580.3	12.7	9.8	595.0
0.0	21.3	520.4	12.8	10.4	595.0
5.4	22.0	237.5	12.8	8.5	595.0
18.2	21.3	265.1	12.8	12.2	595.0
0.0	10.1	358.9	12.9	6.7	595.0
0.0	13.4	500.2	12.9	7.4	595.0
8.4	16.6	95.9	12.9	6.7	595.0
33.2	19.2	71.5	12.9	5.0	595.0
10.6	17.4	44.4	13.0	5.4	595.0
21.9	17.0	59.2	13.0	6.1	595.0
1.3	13.3	170.6	13.0	5.2	595.0
0.2	14.1	467.9	13.1	6.1	595.0
3.4	16.7	404.0	13.1	8.1	595.0
1.1	17.5	316.9	13.1	7.0	595.0
17.5	17.5	75.3	13.1	3.8	595.0
1.5	16.6	429.9	13.2	7.9	595.0
1.4	17.0	409.2	13.2	8.0	595.0
0.1	17.4	603.0	13.2	9.5	595.0
0.0	18.8	620.6	13.2	10.4	595.0
0.1	20.4	618.9	13.3	10.7	595.0
0.0	22.0	592.7	13.3	10.8	595.0
0.0	20.7	496.7	13.3	10.1	595.2
0.0	21.2	562.8	13.3	9.3	595.2
13.2	22.0	430.7	13.4	10.7	595.2
0.0	19.1	547.8	13.4	8.9	595.2
0.1	19.6	347.1	13.4	9.1	595.2
0.1	19.8	611.8	13.4	10.2	595.2
0.0	20.6	636.9	13.5	10.7	595.2
0.0	20.8	664.6	13.5	10.6	595.2
0.0	22.7	653.4	13.5	11.1	595.2
5.6	24.5	406.0	13.5	10.5	595.2
15.9	23.9	257.0	13.6	8.6	595.2
28.5	23.6	214.7	13.6	7.2	595.2
0.4	23.2	259.8	13.6	9.0	595.2
3.7	25.5	618.2	13.6	10.2	595.2
1.3	25.6	232.4	13.7	7.8	595.2
27.8	25.7	356.4	13.7	9.3	595.2
13.8	21.3	37.5	13.7	6.8	595.2
0.9	21.9	250.4	13.7	7.9	595.2
2.5	25.2	388.5	13.7	10.2	595.2
1.5	24.9	153.3	13.8	7.7	595.2
0.3	28.2	549.0	13.8	8.8	595.2
17.4	27.3	558.2	13.8	10.1	595.2
4.2	27.8	515.8	13.8	12.0	595.2
14.0	27.4	545.7	13.8	11.6	595.2
17.7	21.5	267.8	13.8	13.3	595.2
0.9	17.3	457.3	13.9	8.6	595.2
0.0	21.3	670.0	13.9	9.7	595.2
0.1	24.0	339.6	13.9	8.9	595.2
10.5	26.4	496.5	13.9	10.6	595.2
20.6	25.4	352.3	13.9	9.4	595.2
55.6	25.7	325.7	13.9	9.5	595.2
41.8	20.9	38.2	13.9	8.0	593.6
0.0	20.1	513.8	14.0	9.9	593.6
0.0	19.4	329.4	14.0	8.4	593.6
42.7	19.1	73.8	14.0	6.1	593.6
2.0	21.5	142.1	14.0	6.3	593.6
0.0	21.6	183.2	14.0	9.0	593.6
0.0	21.9	635.0	14.0	9.2	593.6
3.5	19.8	163.0	14.0	6.2	593.6
1.0	24.3	385.8	14.0	9.6	593.6
1.1	25.0	170.3	14.0	7.8	593.6
0.6	26.3	342.3	14.0	9.5	593.6
0.0	23.5	373.0	14.1	9.8	593.6
0.0	22.6	604.6	14.1	11.4	593.6
0.0	25.8	627.0	14.1	11.5	593.6
0.8	26.2	386.9	14.1	12.2	593.6
37.4	21.1	73.7	14.1	10.2	593.6
5.0	18.4	75.2	14.1	4.1	593.6
1.7	20.4	301.0	14.1	7.5	593.6
0.6	23.0	526.8	14.1	9.3	593.6
0.1	24.8	582.7	14.1	10.0	593.6
0.2	23.9	387.2	14.1	11.1	593.6
0.0	24.0	435.4	14.1	9.4	593.6
0.0	22.7	276.3	14.1	8.1	593.6
0.8	25.8	609.2	14.1	9.9	593.6
1.1	26.3	405.3	14.1	8.8	593.6
12.6	26.5	438.1	14.1	10.5	593.6
8.1	26.7	491.5	14.1	8.6	593.6
0.4	28.0	525.1	14.1	9.0	593.6
0.7	29.2	586.9	14.1	8.5	593.6
7.6	27.2	327.1	14.1	9.3	593.6
18.6	26.0	206.2	14.1	7.5	590.1
19.8	27.3	510.4	14.0	10.4	590.1
22.9	27.4	475.9	14.0	9.6	590.1
4.5	27.4	307.6	14.0	9.1	590.1
4.8	27.1	256.8	14.0	8.5	590.1
20.1	27.3	431.8	14.0	9.9	590.1
19.8	27.4	517.3	14.0	9.8	590.1
3.8	27.4	568.4	14.0	11.0	590.1
6.9	26.3	468.5	14.0	9.2	590.1
14.4	25.9	266.5	14.0	7.9	590.1
21.6	26.7	366.6	14.0	9.8	590.1
20.1	27.3	365.4	13.9	10.0	590.1
12.2	27.4	283.4	13.9	9.5	590.1
16.2	27.5	352.8	13.9	9.5	590.1
20.0	27.2	363.7	13.9	9.4	590.1
5.2	26.3	153.4	13.9	6.9	590.1
18.5	26.3	234.5	13.9	7.9	590.1
19.5	26.7	251.9	13.9	7.8	590.1
11.8	26.9	545.4	13.8	10.2	590.1
4.4	26.9	553.0	13.8	9.9	590.1
10.7	26.7	543.1	13.8	8.9	590.1
6.3	27.4	505.9	13.8	9.9	590.1
6.1	27.8	552.7	13.8	10.5	590.1
7.6	27.9	551.6	13.8	9.9	590.1
0.2	29.0	583.3	13.7	10.7	590.1
4.6	28.8	626.7	13.7	11.0	590.1
5.3	28.6	617.0	13.7	11.0	590.1
0.1	29.4	627.0	13.7	11.0	590.1
11.3	27.7	574.9	13.7	11.3	590.1
16.7	27.0	505.0	13.6	9.4	590.1
11.7	27.1	588.8	13.6	9.7	590.1
9.1	27.3	590.0	13.6	10.5	588.3
0.0	28.4	623.6	13.6	10.8	588.3
0.1	29.4	624.2	13.5	11.3	588.3
2.4	29.4	602.0	13.5	11.6	588.3
10.1	28.6	577.0	13.5	9.8	588.3
0.1	29.5	604.0	13.5	10.6	588.3
0.0	30.1	615.9	13.5	10.9	588.3
4.4	29.9	575.5	13.4	9.7	588.3
10.4	28.5	479.9	13.4	9.7	588.3
10.6	28.3	430.8	13.4	8.6	588.3
12.4	27.7	483.7	13.4	9.5	588.3
12.5	27.7	548.8	13.3	10.2	588.3
7.4	28.3	585.8	13.3	10.9	588.3
0.1	28.9	531.4	13.3	10.3	588.3
10.5	27.9	341.9	13.3	9.1	588.3
2.0	24.3	77.6	13.2	6.1	588.3
0.0	24.2	580.8	13.2	9.1	588.3
0.0	24.4	363.1	13.2	8.9	588.3
0.2	26.5	411.6	13.1	9.3	588.3
0.0	28.0	544.2	13.1	9.5	588.3
11.9	27.3	446.5	13.1	10.4	588.3
4.9	27.8	568.5	13.1	10.7	588.3
7.0	27.6	557.9	13.0	9.8	588.3
7.4	27.4	479.3	13.0	9.6	588.3
9.7	26.9	429.3	13.0	8.9	588.3
9.4	26.9	340.9	13.0	8.5	588.3
16.9	26.7	418.7	12.9	9.7	588.3
5.3	26.5	552.8	12.9	9.2	588.3
15.3	26.4	379.6	12.9	9.1	588.3
0.0	27.4	482.2	12.8	9.2	588.3
8.8	26.9	319.8	12.8	9.0	588.3
17.6	25.6	352.1	12.8	8.9	588.4
0.1	26.4	537.1	12.8	9.8	588.4
0.0	26.6	548.4	12.7	9.6	588.4
0.4	27.8	493.9	12.7	8.2	588.4
19.3	26.4	291.2	12.7	7.8	588.4
26.0	24.6	235.8	12.6	8.2	588.4
0.0	25.1	527.3	12.6	8.8	588.4
0.0	25.7	548.1	12.6	8.9	588.4
0.0	27.0	530.9	12.5	8.7	588.4
4.1	26.0	392.1	12.5	9.0	588.4
0.0	26.2	513.9	12.5	9.2	588.4
0.6	26.4	369.0	12.5	7.8	588.4
0.2	25.5	487.1	12.4	8.9	588.4
0.0	25.5	534.4	12.4	10.2	588.4
0.0	26.4	528.3	12.4	10.6	588.4
0.0	27.0	517.1	12.3	10.2	588.4
0.0	26.2	519.7	12.3	10.1	588.4
0.0	26.6	518.9	12.3	10.7	588.4
0.0	26.9	481.4	12.2	10.5	588.4
0.1	28.9	486.2	12.2	10.0	588.4
0.0	30.8	493.5	12.2	9.8	588.4
7.9	28.5	486.9	12.2	10.7	588.4
25.0	25.2	439.0	12.1	10.4	588.4
0.0	18.1	514.8	12.1	7.6	588.4
0.0	16.7	526.5	12.1	7.7	588.4
0.0	18.1	514.6	12.0	8.2	588.4
0.0	19.5	509.2	12.0	9.1	588.4
0.0	22.0	491.7	12.0	9.4	588.4
0.0	21.2	485.7	11.9	8.5	588.4
0.0	21.0	489.0	11.9	8.4	588.4
0.0	21.7	483.8	11.9	8.5	588.9
0.0	22.0	481.5	11.9	8.3	588.9
0.0	22.3	479.9	11.8	8.7	588.9
0.0	22.4	456.3	11.8	8.3	588.9
0.0	21.6	474.2	11.8	8.3	588.9
0.0	21.7	467.2	11.7	8.0	588.9
0.0	22.4	461.5	11.7	8.1	588.9
0.0	22.5	452.8	11.7	8.2	588.9
0.0	21.4	458.1	11.6	8.4	588.9
0.0	17.6	469.3	11.6	6.7	588.9
0.0	17.6	466.5	11.6	7.0	588.9
0.0	18.9	453.7	11.6	7.8	588.9
0.0	19.0	456.5	11.5	7.9	588.9
0.0	21.1	442.0	11.5	8.1	588.9
0.0	18.2	443.5	11.5	6.7	588.9
0.0	18.3	438.4	11.4	7.2	588.9
0.0	19.0	430.1	11.4	7.6	588.9
0.0	19.4	435.5	11.4	7.4	588.9
0.0	19.2	428.6	11.4	7.1	588.9
0.0	18.0	424.6	11.3	6.1	588.9
0.0	17.5	417.0	11.3	6.7	588.9
0.0	16.5	377.0	11.3	6.1	588.9
0.0	18.4	415.5	11.2	6.8	588.9
0.0	19.0	381.7	11.2	7.0	588.9
0.0	19.4	402.8	11.2	7.0	588.9
0.0	19.5	384.5	11.2	7.1	588.9
0.0	20.7	382.0	11.1	7.5	588.9
0.0	22.8	374.6	11.1	7.3	588.9
0.0	21.4	302.8	11.1	5.8	588.9
0.0	19.5	201.4	11.0	4.9	588.9
0.0	17.3	217.2	11.0	6.2	588.9
0.0	18.3	394.7	11.0	6.4	590.1
0.0	17.1	388.1	11.0	5.3	590.1
0.0	16.8	383.0	10.9	6.1	590.1
0.0	18.5	371.8	10.9	6.9	590.1
0.0	14.2	350.8	10.9	5.6	590.1
0.0	15.6	345.0	10.9	5.4	590.1
0.0	12.2	201.6	10.8	3.9	590.1
0.0	11.8	361.0	10.8	5.0	590.1
0.0	13.1	382.2	10.8	5.9	590.1
0.0	15.7	259.6	10.8	5.9	590.1
0.0	17.2	310.8	10.7	6.5	590.1
0.0	19.7	234.7	10.7	6.0	590.1
0.0	20.4	178.6	10.7	5.4	590.1
0.0	21.4	336.6	10.7	6.4	590.1
0.0	21.6	336.3	10.6	6.5	590.1
0.0	21.8	335.9	10.6	6.8	590.1
0.0	21.9	325.4	10.6	6.6	590.1
0.6	22.1	174.6	10.6	5.6	590.1
7.2	16.4	27.3	10.6	4.2	590.1
2.5	16.1	16.0	10.5	4.0	590.1
0.0	21.8	305.7	10.5	5.2	590.1
1.9	15.2	57.8	10.5	5.5	590.1
0.8	12.3	156.6	10.5	2.7	590.1
1.1	13.1	154.4	10.5	4.1	590.1
0.0	7.0	323.4	10.4	3.2	590.1
2.8	6.3	255.0	10.4	2.5	590.1
6.0	6.1	40.7	10.4	1.2	590.1
0.5	7.7	142.2	10.4	2.3	590.1
0.7	11.2	196.3	10.4	3.4	590.1
2.1	11.3	87.1	10.4	3.5	590.1
0.1	7.8	289.5	10.3	3.2	592.1
0.1	7.4	310.9	10.3	3.9	592.1
0.0	9.6	323.5	10.3	4.3	592.1
0.0	10.9	212.9	10.3	4.0	592.1
0.0	11.9	301.7	10.3	4.3	592.1
0.0	14.0	299.2	10.3	4.9	592.1
0.0	14.5	298.5	10.3	5.0	592.1
0.1	15.0	300.7	10.3	6.2	592.1
0.0	2.2	312.4	10.2	2.5	592.1
0.0	2.4	319.0	10.2	2.7	592.1
0.0	8.7	258.8	10.2	4.3	592.1
0.0	6.5	302.3	10.2	3.7	592.1
0.0	4.6	314.6	10.2	3.3	592.1
0.0	7.3	314.9	10.2	4.2	592.1
0.0	10.6	301.5	10.2	4.6	592.1
0.0	14.3	262.0	10.2	4.6	592.1
0.0	16.2	218.6	10.2	4.6	592.1
4.3	15.8	117.1	10.2	3.9	592.1
7.4	10.5	19.9	10.2	3.1	592.1
3.5	6.2	78.2	10.2	2.1	592.1
0.0	4.7	299.4	10.2	2.9	592.1
0.0	6.0	303.9	10.2	3.5	592.1
0.0	6.9	143.7	10.2	3.4	592.1
0.0	7.4	303.5	10.2	3.5	592.1
0.0	5.6	287.3	10.2	3.3	592.1
0.0	4.2	192.5	10.2	2.4	592.1
0.0	2.4	307.6	10.2	2.4	592.1
0.0	1.2	313.4	10.2	2.7	592.1
0.0	1.0	308.7	10.2	2.6	592.1
0.2	0.6	108.5	10.2	2.2	592.1
0.0	4.8	307.4	10.2	3.5	592.1
0.0	6.3	313.8	10.2	3.8	594.8
0.0	1.3	319.9	10.2	2.5	594.8
0.0	2.5	320.1	10.2	3.2	594.8
0.0	6.4	164.5	10.2	3.2	594.8
0.0	8.0	315.2	10.3	3.9	594.8
0.0	9.0	318.3	10.3	4.8	594.8
0.0	10.9	323.5	10.3	5.1	594.8
0.0	13.7	314.3	10.3	5.6	594.8
0.0	14.6	301.9	10.3	6.0	594.8
0.0	14.3	320.6	10.3	5.2	594.8
1.8	13.7	236.4	10.3	5.9	594.8
0.2	5.5	88.3	10.3	2.5	594.8
12.1	4.2	24.5	10.4	1.0	594.8
10.2	8.3	65.6	10.4	2.8	594.8
23.2	9.9	24.3	10.4	2.4	594.8
24.6	8.1	20.7	10.4	1.3	594.8
23.2	7.6	26.8	10.4	1.9	594.8
1.4	4.5	70.2	10.4	2.2	594.8
0.0	1.2	251.6	10.5	2.4	594.8
0.0	-0.3	347.9	10.5	2.4	594.8
0.0	1.1	351.9	10.5	2.9	594.8
0.1	4.9	324.6	10.5	3.7	594.8
0.0	0.1	182.3	10.5	2.2	594.8
0.0	2.8	358.0	10.6	3.3	594.8
0.2	1.5	317.5	10.6	3.2	594.8
0.0	-1.5	359.9	10.6	2.3	594.8
0.0	-2.4	367.0	10.6	2.4	594.8
0.0	-1.6	370.6	10.6	2.7	594.8
5.9	3.5	274.3	10.7	3.3	594.8
0.7	2.1	42.7	10.7	1.4	594.8
0.6	2.4	67.3	10.7	1.9	594.8
0.0	1.4	338.5	10.7	3.0	595.9
0.2	3.7	321.5	10.8	3.1	595.9
0.0	3.4	389.6	10.8	3.3	595.9
0.0	3.4	391.8	10.8	3.4	595.9
0.0	4.3	394.9	10.8	4.1	595.9
0.0	7.3	400.5	10.9	5.4	595.9
0.0	12.4	394.4	10.9	6.2	595.9
0.0	9.7	388.8	10.9	5.3	595.9
0.0	5.2	407.6	10.9	4.2	595.9
0.0	7.1	408.7	11.0	4.9	595.9
0.0	8.1	417.2	11.0	5.4	595.9
0.0	7.5	415.1	11.0	5.1	595.9
0.0	10.3	408.5	11.1	5.8	595.9
0.0	13.4	125.2	11.1	5.3	595.9
6.5	15.3	55.2	11.1	3.4	595.9
0.9	20.2	197.3	11.1	6.9	595.9
12.7	12.3	44.6	11.2	5.9	595.9
0.3	10.9	166.3	11.2	4.4	595.9
0.3	14.1	308.4	11.2	5.7	595.9
4.3	7.8	55.0	11.2	4.2	595.9
0.1	3.8	171.7	11.3	2.1	595.9
3.5	5.3	187.5	11.3	2.6	595.9
0.2	11.6	200.6	11.3	4.8	595.9
8.7	12.9	49.0	11.4	5.7	595.9
15.9	7.6	47.2	11.4	3.4	595.9
3.7	2.4	25.1	11.4	2.1	595.9
4.9	4.4	42.2	11.5	3.0	595.9
55.5	9.7	40.2	11.5	3.4	595.9
31.4	5.8	25.0	11.5	4.9	595.9
7.7	0.1	63.7	11.5	1.5	596.1
4.9	1.4	155.3	11.6	2.4	596.1
6.8	6.5	257.5	11.6	4.4	596.1
11.1	6.4	41.2	11.6	3.0	596.1
2.4	2.2	78.8	11.7	3.0	596.1
0.0	3.1	492.4	11.7	4.3	596.1
3.6	6.2	453.5	11.7	4.5	596.1
11.3	7.6	43.3	11.8	4.4	596.1
1.3	12.8	93.8	11.8	4.7	596.1
2.8	13.6	127.4	11.8	5.0	596.1
12.1	16.1	106.2	11.8	4.7	596.1
4.1	8.1	165.4	11.9	5.3	596.1
6.4	7.2	40.2	11.9	2.4	596.1
12.3	7.4	33.4	11.9	1.4	596.1
0.5	6.6	127.8	12.0	4.3	596.1
0.1	7.9	459.2	12.0	5.6	596.1
0.0	13.1	498.5	12.0	7.3	596.1
0.0	11.9	519.5	12.1	6.5	596.1
0.1	14.0	515.2	12.1	7.3	596.1
15.9	11.4	82.8	12.1	3.8	596.1
0.1	13.8	434.6	12.2	6.5	596.1
0.0	16.9	505.7	12.2	8.6	596.1
0.8	21.1	512.5	12.2	8.7	596.1
0.1	20.1	346.8	12.2	8.1	596.1
10.9	21.1	372.8	12.3	7.8	596.1
11.9	18.9	194.6	12.3	6.5	596.1
57.0	12.2	54.2	12.3	7.9	596.1
0.2	3.2	113.9	12.4	2.1	596.1
0.0	6.3	550.1	12.4	5.6	596.1
0.0	11.3	556.5	12.4	7.3	596.1
0.0	17.4	426.1	12.5	8.7	596.1
1.2	21.6	465.8	12.5	8.3	596.4
0.7	13.5	421.8	12.5	8.2	596.4
0.0	11.8	585.8	12.6	7.6	596.4
0.0	15.7	589.4	12.6	9.4	596.4
0.0	19.3	594.1	12.6	10.9	596.4
0.0	22.6	575.3	12.6	11.4	596.4
0.0	24.0	428.9	12.7	9.9	596.4
0.0	25.3	337.4	12.7	8.8	596.4
0.0	26.1	559.2	12.7	11.0	596.4
13.8	15.3	259.4	12.8	14.0	596.4
8.2	7.4	69.1	12.8	3.6	596.4
0.0	11.7	541.4	12.8	6.9	596.4
0.0	14.0	599.0	12.8	7.7	596.4
0.2	17.1	473.2	12.9	7.4	596.4
0.1	18.5	542.0	12.9	7.9	596.4
0.2	22.4	581.3	12.9	9.5	596.4
0.0	20.6	357.9	13.0	10.3	596.4
0.0	14.9	620.3	13.0	8.0	596.4
0.0	18.4	549.8	13.0	9.1	596.4
0.5	15.1	183.3	13.0	7.2	596.4
0.0	17.3	628.9	13.1	9.0	596.4
14.6	18.3	568.9	13.1	8.5	596.4
3.1	17.5	132.5	13.1	5.8	596.4
0.8	18.4	206.8	13.2	8.0	596.4
0.5	20.8	469.7	13.2	8.6	596.4
5.2	21.4	302.6	13.2	7.8	596.4
0.3	23.1	463.2	13.2	9.7	596.4
0.0	25.4	536.4	13.3	9.9	596.4
0.0	27.3	606.1	13.3	9.3	596.4
4.1	27.3	580.1	13.3	10.8	596.4
15.4	26.6	486.3	13.3	10.5	596.6
1.4	24.3	179.1	13.4	7.7	596.6
13.8	25.0	414.5	13.4	10.3	596.6
12.3	24.4	455.7	13.4	11.6	596.6
4.9	22.0	466.0	13.4	12.3	596.6
0.2	19.4	216.7	13.5	7.3	596.6
20.9	24.1	482.1	13.5	9.8	596.6
31.5	24.5	477.4	13.5	9.5	596.6
18.9	16.6	42.3	13.5	7.9	596.6
7.0	15.0	48.4	13.6	4.4	596.6
0.1	16.7	528.4	13.6	8.5	596.6
0.0	20.1	616.8	13.6	8.9	596.6
12.8	19.0	54.1	13.6	4.1	596.6
0.9	17.4	134.7	13.6	6.8	596.6
0.0	19.9	659.0	13.7	10.3	596.6
0.0	21.5	644.4	13.7	9.6	596.6
4.3	22.3	210.8	13.7	7.9	596.6
5.5	21.6	54.7	13.7	3.5	596.6
22.4	23.7	183.0	13.7	7.2	596.6
22.8	23.0	30.8	13.8	2.8	596.6
1.6	23.7	85.7	13.8	5.5	596.6
5.5	25.7	344.9	13.8	9.5	596.6
15.2	27.0	534.9	13.8	11.2	596.6
4.7	27.8	588.9	13.8	11.2	596.6
0.0	28.6	620.6	13.9	11.7	596.6
8.6	27.4	549.7	13.9	10.4	596.6
4.0	24.3	196.8	13.9	10.8	596.6
0.4	18.8	257.2	13.9	7.2	596.6
2.7	23.0	543.7	13.9	9.2	596.6
0.6	23.8	282.1	13.9	9.5	596.6
10.1	26.1	521.8	13.9	10.7	596.6
8.9	27.0	564.0	14.0	11.4	594.9
12.6	27.0	521.2	14.0	10.0	594.9
18.6	26.6	342.9	14.0	9.3	594.9
10.5	27.2	395.5	14.0	9.3	594.9
19.5	25.0	227.1	14.0	11.8	594.9
0.0	22.1	599.8	14.0	11.0	594.9
0.0	21.9	684.8	14.0	11.7	594.9
0.0	22.1	493.2	14.0	10.3	594.9
0.0	21.7	527.9	14.0	10.7	594.9
0.0	23.5	692.7	14.0	11.9	594.9
5.0	25.6	631.5	14.1	11.3	594.9
0.0	23.6	423.3	14.1	10.3	594.9
0.0	24.6	436.8	14.1	10.1	594.9
0.1	25.7	411.5	14.1	9.7	594.9
0.7	24.6	383.2	14.1	8.5	594.9
0.8	23.4	481.7	14.1	9.8	594.9
0.0	22.7	679.6	14.1	11.3	594.9
0.0	23.9	655.1	14.1	11.0	594.9
0.0	26.0	680.7	14.1	11.5	594.9
0.1	27.4	587.7	14.1	11.1	594.9
0.4	28.6	544.6	14.1	11.1	594.9
10.4	27.2	398.0	14.1	11.3	594.9
8.4	24.8	239.9	14.1	7.4	594.9
0.6	24.3	245.3	14.1	8.1	594.9
0.0	26.7	615.8	14.1	10.6	594.9
0.0	28.2	486.2	14.1	10.8	594.9
21.3	27.1	463.0	14.1	9.7	594.9
11.8	26.9	235.0	14.1	7.6	594.9
4.4	26.5	173.6	14.1	8.6	594.9
7.6	26.5	203.7	14.1	7.9	594.9
10.1	27.6	347.6	14.0	11.1	591.4
6.0	28.2	491.9	14.0	9.1	591.4
6.0	28.5	595.1	14.0	10.8	591.4
9.7	27.8	400.6	14.0	9.4	591.4
15.0	27.1	203.8	14.0	9.1	591.4
6.9	26.6	187.4	14.0	8.3	591.4
19.8	26.2	221.3	14.0	8.0	591.4
17.5	26.7	498.4	14.0	10.1	591.4
6.3	28.2	561.4	14.0	9.7	591.4
13.4	26.7	241.9	14.0	7.5	591.4
12.5	26.9	156.6	14.0	7.7	591.4
4.8	27.9	348.6	13.9	9.3	591.4
15.7	28.2	537.9	13.9	9.7	591.4
15.7	28.0	512.8	13.9	10.1	591.4
15.1	27.5	493.8	13.9	9.3	591.4
11.2	28.1	537.8	13.9	9.5	591.4
9.7	28.4	591.9	13.9	11.1	591.4
9.0	28.0	624.6	13.8	10.9	591.4
13.5	27.7	584.5	13.8	11.2	591.4
14.5	27.3	537.7	13.8	9.9	591.4
17.1	27.5	556.1	13.8	10.5	591.4
11.1	27.7	571.6	13.8	10.2	591.4
14.6	27.3	538.9	13.8	10.3	591.4
12.3	26.8	480.4	13.7	9.5	591.4
13.2	26.7	534.4	13.7	9.1	591.4
7.2	27.3	579.2	13.7	9.9	591.4
9.9	27.5	591.1	13.7	11.3	591.4
10.7	27.5	570.8	13.7	10.4	591.4
13.8	27.1	466.1	13.6	9.6	591.4
14.1	26.8	327.8	13.6	8.7	591.4
0.6	27.7	572.5	13.6	10.2	591.4
0.0	27.9	627.4	13.6	10.5	589.7
0.1	27.8	616.6	13.6	10.6	589.7
0.0	27.6	631.9	13.5	10.3	589.7
0.4	27.8	525.0	13.5	9.8	589.7
0.6	28.5	544.1	13.5	9.8	589.7
3.2	28.1	509.0	13.5	10.4	589.7
1.6	27.8	485.7	13.4	9.6	589.7
0.5	28.3	505.3	13.4	9.0	589.7
0.9	29.0	481.9	13.4	9.4	589.7
15.1	28.0	418.1	13.4	9.4	589.7
18.3	27.3	283.9	13.3	8.3	589.7
11.0	26.8	264.8	13.3	7.5	589.7
12.8	27.1	450.7	13.3	9.3	589.7
12.9	26.7	469.6	13.3	8.7	589.7
1.3	26.9	456.1	13.2	8.0	589.7
1.7	26.7	408.7	13.2	8.1	589.7
0.8	25.7	200.0	13.2	6.5	589.7
0.9	26.0	95.1	13.2	5.2	589.7
7.9	26.2	205.7	13.1	6.8	589.7
2.9	26.3	228.1	13.1	6.3	589.7
12.7	26.9	439.5	13.1	9.1	589.7
13.9	27.2	419.3	13.0	9.2	589.7
11.6	27.0	508.1	13.0	8.4	589.7
2.4	24.1	81.5	13.0	6.9	589.7
0.5	23.0	165.3	13.0	6.7	589.7
0.0	23.7	361.1	12.9	8.2	589.7
0.4	25.0	514.2	12.9	8.2	589.7
0.2	24.3	382.6	12.9	8.7	589.7
0.2	24.5	570.5	12.8	9.3	589.7
1.8	26.5	323.9	12.8	8.2	589.7
0.8	26.3	139.8	12.8	6.3	589.7
3.8	25.8	263.9	12.8	8.0	589.7
6.0	26.4	387.4	12.7	7.7	589.7
1.3	27.3	439.5	12.7	8.1	589.7
16.4	27.2	454.9	12.7	8.2	589.7
13.9	27.3	412.8	12.6	8.3	589.7
4.7	27.6	504.0	12.6	8.8	589.7
11.2	27.3	452.3	12.6	8.5	589.7
8.7	25.8	381.5	12.6	7.1	589.7
16.4	25.4	427.2	12.5	7.3	589.7
5.7	23.9	122.5	12.5	6.2	589.7
10.8	19.9	23.2	12.5	5.1	589.7
2.7	19.1	54.7	12.4	3.3	589.7
0.0	19.4	543.1	12.4	7.8	589.7
0.0	19.8	544.7	12.4	7.9	589.7
0.1	21.8	447.9	12.3	7.7	589.7
0.0	22.8	326.2	12.3	6.6	589.7
0.5	24.8	378.1	12.3	6.9	589.7
0.5	23.5	52.2	12.3	4.3	589.7
0.6	23.1	257.3	12.2	7.5	589.7
0.0	23.8	485.8	12.2	8.6	589.7
0.2	25.3	402.4	12.2	8.7	589.7
0.2	26.1	420.0	12.1	9.2	589.7
0.0	22.3	456.0	12.1	6.5	589.7
0.0	22.9	474.2	12.1	7.5	589.7
0.0	21.4	177.7	12.0	6.7	589.7
0.0	22.8	454.0	12.0	8.6	589.7
0.0	22.6	473.8	12.0	8.8	589.7
0.0	22.2	498.0	12.0	8.8	589.7
0.0	21.5	494.3	11.9	8.9	589.7
0.0	22.3	493.2	11.9	8.6	589.7
0.0	18.6	498.2	11.9	8.0	590.2
0.0	19.1	504.6	11.8	8.7	590.2
0.0	20.9	480.9	11.8	9.5	590.2
0.0	21.9	486.6	11.8	9.8	590.2
0.0	21.6	482.5	11.7	9.6	590.2
0.0	22.2	481.0	11.7	9.0	590.2
0.0	22.6	459.8	11.7	8.7	590.2
0.0	23.9	458.0	11.7	8.8	590.2
0.0	24.7	453.4	11.6	8.6	590.2
0.0	24.9	441.9	11.6	9.0	590.2
0.4	20.6	235.2	11.6	7.2	590.2
0.0	17.9	459.9	11.5	7.4	590.2
0.0	17.4	461.3	11.5	7.4	590.2
0.0	19.0	455.0	11.5	7.7	590.2
0.0	19.5	453.1	11.4	8.1	590.2
0.0	19.1	454.7	11.4	8.3	590.2
0.0	20.7	442.4	11.4	7.6	590.2
0.0	18.0	423.4	11.4	6.7	590.2
0.2	19.6	366.0	11.3	6.5	590.2
0.0	20.2	357.6	11.3	6.9	590.2
0.0	20.1	414.5	11.3	7.2	590.2
0.0	19.3	417.4	11.2	6.9	590.2
0.0	18.5	415.1	11.2	6.9	590.2
0.0	19.8	406.7	11.2	7.0	590.2
0.0	22.2	383.3	11.2	6.9	590.2
0.2	20.4	60.4	11.1	3.6	590.2
0.0	18.4	393.1	11.1	6.8	590.2
0.0	13.2	412.5	11.1	5.4	590.2
0.0	13.5	408.7	11.0	6.1	590.2
0.0	15.0	396.6	11.0	6.6	590.2
0.0	16.2	394.5	11.0	6.6	590.2
0.0	16.1	376.0	11.0	6.0	591.4
0.0	15.9	362.7	10.9	6.5	591.4
0.7	19.8	346.8	10.9	6.5	591.4
0.1	22.1	127.1	10.9	5.1	591.4
0.3	24.6	273.1	10.9	6.3	591.4
0.0	25.1	259.5	10.8	6.5	591.4
12.6	19.6	316.7	10.8	8.3	591.4
0.0	10.7	148.6	10.8	3.4	591.4
0.0	10.3	370.3	10.8	4.1	591.4
0.0	13.0	214.8	10.7	4.3	591.4
0.0	15.7	341.6	10.7	5.3	591.4
0.1	17.7	334.4	10.7	5.6	591.4
0.0	17.3	323.6	10.7	5.5	591.4
0.0	17.7	348.6	10.6	5.6	591.4
1.1	15.4	338.3	10.6	6.8	591.4
0.0	4.6	199.5	10.6	2.9	591.4
0.0	5.0	359.5	10.6	3.9	591.4
0.0	5.3	361.3	10.6	3.9	591.4
0.0	9.1	347.8	10.5	4.5	591.4
0.0	11.9	335.7	10.5	5.3	591.4
0.0	13.0	332.8	10.5	5.4	591.4
0.0	10.5	339.3	10.5	4.5	591.4
0.0	12.4	331.5	10.5	5.1	591.4
0.0	14.1	262.9	10.4	5.1	591.4
0.0	14.7	258.3	10.4	5.4	591.4
0.0	16.4	313.4	10.4	5.6	591.4
0.0	16.8	304.5	10.4	5.0	591.4
0.0	19.2	293.0	10.4	5.5	591.4
0.9	21.9	264.5	10.4	5.5	591.4
8.2	19.7	38.4	10.3	4.6	591.4
10.7	14.4	17.1	10.3	2.5	593.4
8.0	12.9	40.5	10.3	5.0	593.4
0.0	5.6	208.3	10.3	2.5	593.4
0.0	4.6	313.4	10.3	2.9	593.4
0.0	5.1	315.6	10.3	2.7	593.4
1.0	7.0	291.5	10.3	2.7	593.4
0.7	8.3	38.4	10.3	1.9	593.4
12.4	11.4	100.4	10.2	3.4	593.4
25.5	7.1	13.7	10.2	1.6	593.4
0.9	6.3	63.7	10.2	1.8	593.4
1.4	6.8	55.3	10.2	1.9	593.4
3.1	7.3	22.1	10.2	1.2	593.4
11.7	10.0	34.6	10.2	2.3	593.4
4.9	11.2	20.4	10.2	2.4	593.4
0.3	9.1	185.6	10.2	2.8	593.4
0.2	7.7	75.4	10.2	2.1	593.4
0.0	10.7	210.3	10.2	3.3	593.4
0.2	14.0	141.4	10.2	3.6	593.4
0.6	16.0	92.2	10.2	3.0	593.4
1.6	17.5	126.1	10.2	4.2	593.4
5.2	10.1	18.4	10.2	3.8	593.4
4.0	9.9	25.6	10.2	2.0	593.4
4.2	11.0	33.9	10.2	2.4	593.4
4.0	8.1	23.3	10.2	1.7	593.4
2.2	9.4	122.2	10.2	2.4	593.4
1.6	7.8	35.3	10.2	3.4	593.4
0.4	2.0	98.7	10.2	0.9	593.4
3.1	3.5	44.7	10.2	1.3	593.4
5.3	4.6	25.4	10.2	1.2	593.4
6.2	5.5	15.7	10.2	1.1	593.4
4.4	5.5	16.0	10.2	1.0	593.4
4.7	5.4	22.2	10.2	1.1	596.0
0.6	5.0	31.2	10.2	1.1	596.0
3.6	6.2	41.5	10.2	1.8	596.0
10.8	8.0	40.1	10.3	2.4	596.0
6.8	4.0	25.9	10.3	2.2	596.0
0.0	4.3	319.4	10.3	2.7	596.0
0.0	1.0	323.0	10.3	2.4	596.0
0.0	0.1	292.8	10.3	2.3	596.0
0.0	0.9	320.4	10.3	2.6	596.0
0.1	3.7	218.0	10.3	2.8	596.0
0.1	5.2	263.8	10.3	3.6	596.0
0.1	7.1	304.1	10.4	4.0	596.0
0.0	9.0	203.7	10.4	3.7	596.0
24.9	11.4	147.5	10.4	3.3	596.0
3.9	10.7	91.7	10.4	4.0	596.0
1.7	4.3	43.0	10.4	2.2	596.0
0.7	1.9	107.6	10.4	1.6	596.0
0.0	-0.6	113.4	10.5	1.5	596.0
0.0	-1.5	163.7	10.5	1.9	596.0
0.0	-1.3	337.4	10.5	2.4	596.0
0.0	-0.1	142.4	10.5	2.4	596.0
0.0	2.7	349.0	10.5	3.1	596.0
0.0	0.8	141.4	10.6	2.1	596.0
0.0	1.9	350.6	10.6	2.8	596.0
9.2	3.9	85.0	10.6	2.1	596.0
0.6	4.2	94.7	10.6	2.5	596.0
0.0	4.3	351.8	10.6	2.9	596.0
0.0	4.2	322.0	10.7	3.3	596.0
0.0	3.4	366.6	10.7	3.6	596.0
0.0	4.7	365.0	10.7	3.8	596.0
4.1	6.3	64.7	10.7	2.6	596.0
2.0	5.7	30.1	10.8	2.8	597.2
3.6	4.4	146.9	10.8	2.2	597.2
8.0	4.9	34.2	10.8	1.4	597.2
4.7	6.0	103.3	10.8	2.2	597.2
1.1	5.9	194.7	10.9	2.5	597.2
0.2	7.1	190.2	10.9	2.7	597.2
0.0	7.8	349.3	10.9	3.5	597.2
0.0	7.1	238.8	10.9	4.0	597.2
0.0	8.1	389.1	11.0	4.5	597.2
9.1	10.2	130.0	11.0	4.0	597.2
18.1	11.6	49.7	11.0	2.5	597.2
1.6	9.9	51.8	11.0	3.3	597.2
0.8	10.0	281.6	11.1	4.0	597.2
1.3	9.7	151.4	11.1	4.3	597.2
5.6	8.7	140.7	11.1	3.4	597.2
20.0	7.3	30.4	11.2	2.5	597.2
29.7	4.0	35.0	11.2	2.5	597.2
23.5	4.8	26.6	11.2	1.9	597.2
23.7	6.1	66.1	11.2	2.0	597.2
9.7	7.7	29.5	11.3	1.8	597.2
6.2	7.4	48.2	11.3	2.8	597.2
1.2	8.6	328.2	11.3	3.9	597.2
5.9	10.1	56.2	11.4	2.9	597.2
2.9	8.2	62.7	11.4	4.6	597.2
0.0	3.5	450.8	11.4	3.2	597.2
8.1	3.1	112.9	11.4	2.4	597.2
10.6	1.9	62.2	11.5	1.7	597.2
20.9	4.5	48.2	11.5	2.1	597.2
3.5	6.0	66.8	11.5	2.0	597.4
1.0	7.4	140.5	11.6	3.1	597.4
7.9	6.0	176.5	11.6	3.9	597.4
6.8	1.9	46.4	11.6	1.5	597.4
29.8	0.7	51.7	11.7	1.6	597.4
42.6	1.5	42.3	11.7	1.8	597.4
39.3	2.6	38.3	11.7	1.4	597.4
2.3	2.3	100.3	11.7	2.5	597.4
0.6	5.6	273.0	11.8	4.3	597.4
2.8	6.1	111.6	11.8	3.4	597.4
7.3	8.4	262.3	11.8	4.8	597.4
24.9	4.4	64.5	11.9	2.0	597.4
20.7	3.7	30.7	11.9	1.9	597.4
54.9	5.4	59.9	11.9	2.3	597.4
18.2	7.5	45.1	12.0	2.6	597.4
2.2	8.5	136.0	12.0	3.1	597.4
0.3	9.2	250.6	12.0	4.6	597.4
49.6	14.3	134.8	12.1	6.7	597.4
0.6	13.3	179.6	12.1	5.6	597.4
2.1	12.9	197.1	12.1	5.7	597.4
10.3	10.2	116.7	12.1	4.0	597.4
13.5	11.6	88.3	12.2	4.1	597.4
27.7	13.7	59.4	12.2	5.2	597.4
2.4	9.0	131.5	12.2	4.4	597.4
0.0	9.9	553.1	12.3	6.2	597.4
0.0	12.5	554.7	12.3	6.7	597.4
1.0	17.9	424.2	12.3	8.1	597.4
11.2	19.4	88.7	12.4	4.5	597.4
7.2	18.8	125.2	12.4	8.6	597.4
3.7	15.7	343.5	12.4	6.4	597.4
1.7	21.1	262.5	12.5	8.3	597.4
0.9	23.0	466.9	12.5	9.0	597.7
0.8	15.7	110.2	12.5	8.1	597.7
0.1	16.8	436.8	12.5	8.3	597.7
2.0	20.8	328.3	12.6	9.6	597.7
40.6	12.6	118.2	12.6	5.8	597.7
42.5	10.2	50.9	12.6	3.1	597.7
1.3	9.9	184.2	12.7	4.1	597.7
12.5	11.2	183.3	12.7	4.6	597.7
0.3	11.0	137.9	12.7	4.1	597.7
0.1	11.2	336.8	12.8	6.7	597.7
0.7	13.5	531.5	12.8	7.6	597.7
35.8	13.3	58.5	12.8	4.6	597.7
0.7	16.2	282.2	12.8	6.6	597.7
0.7	16.4	435.7	12.9	6.5	597.7
11.1	17.4	181.6	12.9	6.0	597.7
14.7	20.9	125.8	12.9	8.8	597.7
11.9	15.4	87.8	13.0	8.3	597.7
0.0	12.7	422.0	13.0	6.4	597.7
1.7	16.8	157.8	13.0	7.2	597.7
10.7	20.8	213.9	13.0	7.3	597.7
5.2	18.8	100.8	13.1	5.0	597.7
0.2	18.8	428.0	13.1	8.0	597.7
1.7	19.7	219.9	13.1	7.5	597.7
10.2	18.8	469.1	13.2	8.1	597.7
1.4	16.3	159.8	13.2	5.5	597.7
0.1	21.6	417.8	13.2	10.0	597.7
2.4	22.6	322.3	13.2	8.4	597.7
0.0	20.8	324.5	13.3	7.6	597.7
46.4	21.4	389.6	13.3	8.6	597.7
0.3	16.6	194.6	13.3	8.0	597.7
0.0	13.3	289.9	13.3	6.4	597.9
4.7	12.9	244.5	13.4	4.8	597.9
28.2	16.2	66.1	13.4	6.5	597.9
1.1	13.1	168.1	13.4	6.4	597.9
0.2	17.4	467.4	13.4	8.3	597.9
0.9	17.8	154.2	13.5	6.0	597.9
0.1	19.9	592.4	13.5	9.7	597.9
0.0	18.1	630.0	13.5	10.7	597.9
0.3	18.5	472.0	13.5	8.3	597.9
0.1	17.0	221.1	13.6	7.5	597.9
0.2	19.4	619.9	13.6	9.5	597.9
0.0	21.1	623.2	13.6	11.0	597.9
0.0	23.2	643.9	13.6	11.8	597.9
0.2	24.9	585.8	13.6	10.5	597.9
0.0	19.9	374.6	13.7	9.3	597.9
0.0	20.9	668.6	13.7	11.3	597.9
0.0	23.8	643.4	13.7	10.8	597.9
15.1	24.4	465.4	13.7	10.5	597.9
0.3	25.2	535.2	13.7	10.7	597.9
19.7	22.8	132.5	13.8	9.3	597.9
0.5	19.1	191.0	13.8	7.8	597.9
5.0	21.8	393.9	13.8	9.4	597.9
23.2	23.3	144.2	13.8	6.2	597.9
2.5	24.1	275.1	13.8	9.0	597.9
0.0	25.7	610.3	13.9	11.8	597.9
0.0	20.9	640.9	13.9	8.8	597.9
32.8	21.8	135.0	13.9	6.2	597.9
33.6	23.6	69.0	13.9	5.8	597.9
1.7	21.1	143.6	13.9	8.1	597.9
5.7	21.5	497.3	13.9	7.3	597.9
2.5	23.7	152.5	13.9	7.0	597.9
0.2	26.4	646.7	14.0	10.8	596.1
0.0	27.7	567.2	14.0	10.9	596.1
21.8	24.9	101.8	14.0	5.6	596.1
32.1	25.6	442.9	14.0	8.7	596.1
7.1	26.0	496.1	14.0	10.2	596.1
7.7	23.4	79.5	14.0	6.4	596.1
0.2	23.5	487.0	14.0	10.5	596.1
0.9	24.8	663.7	14.0	12.2	596.1
0.0	25.4	663.4	14.0	12.4	596.1
0.0	26.0	633.7	14.0	10.6	596.1
0.7	26.0	405.8	14.1	9.4	596.1
1.2	25.9	265.4	14.1	6.9	596.1
12.1	27.1	457.9	14.1	10.6	596.1
16.0	24.4	172.7	14.1	8.2	596.1
0.1	25.3	348.8	14.1	8.3	596.1
0.0	26.8	500.3	14.1	10.8	596.1
4.3	26.7	418.1	14.1	11.2	596.1
5.5	24.7	132.8	14.1	7.2	596.1
17.0	27.1	468.3	14.1	10.7	596.1
13.1	27.4	621.3	14.1	10.9	596.1
18.1	27.2	560.9	14.1	10.8	596.1
16.9	24.3	188.7	14.1	7.2	596.1
0.1	26.6	636.9	14.1	10.8	596.1
0.5	28.1	638.0	14.1	10.8	596.1
14.2	28.5	619.6	14.1	10.0	596.1
7.2	28.7	629.3	14.1	11.1	596.1
6.2	28.6	641.9	14.1	12.0	596.1
6.1	28.3	591.2	14.1	12.0	596.1
14.1	27.8	539.1	14.1	10.4	596.1
2.6	27.9	515.7	14.1	10.4	596.1
13.3	28.0	501.7	14.1	9.8	592.7
31.2	26.6	313.3	14.0	7.5	592.7
24.3	26.1	353.9	14.0	7.4	592.7
0.6	25.2	83.0	14.0	5.4	592.7
0.1	26.3	202.2	14.0	8.2	592.7
18.9	27.4	409.6	14.0	10.2	592.7
0.1	28.3	476.2	14.0	11.2	592.7
2.1	29.6	637.4	14.0	11.8	592.7
1.9	29.6	651.1	14.0	12.5	592.7
1.7	29.4	649.0	14.0	11.9	592.7
4.2	28.7	647.4	14.0	12.0	592.7
14.5	27.5	563.2	13.9	10.1	592.7
23.0	26.9	379.8	13.9	8.2	592.7
33.1	27.1	492.8	13.9	9.5	592.7
14.2	27.2	606.2	13.9	10.2	592.7
8.4	27.4	627.1	13.9	10.1	592.7
1.0	28.1	613.5	13.9	10.6	592.7
2.6	28.5	620.4	13.9	11.1	592.7
3.6	28.6	533.1	13.8	11.1	592.7
11.0	27.8	618.2	13.8	9.8	592.7
9.7	27.8	589.5	13.8	11.4	592.7
7.4	27.2	499.0	13.8	9.5	592.7
16.5	26.9	489.3	13.8	8.8	592.7
13.6	27.5	498.5	13.7	10.2	592.7
0.1	28.7	528.2	13.7	11.0	592.7
0.0	28.9	635.0	13.7	11.2	592.7
0.1	28.9	598.8	13.7	10.8	592.7
0.1	28.0	427.1	13.7	8.6	592.7
0.3	27.6	253.7	13.6	8.1	592.7
0.3	27.7	347.4	13.6	8.8	592.7
8.8	27.8	462.1	13.6	9.6	592.7
13.0	27.7	531.7	13.6	9.8	591.0
14.9	27.8	554.8	13.6	9.5	591.0
18.9	27.6	416.3	13.5	8.9	591.0
17.0	27.6	516.8	13.5	9.8	591.0
14.2	27.1	568.2	13.5	10.5	591.0
4.5	27.4	578.9	13.5	10.5	591.0
2.2	27.7	501.3	13.4	9.2	591.0
1.3	26.9	556.7	13.4	9.3	591.0
0.0	26.7	529.4	13.4	8.6	591.0
0.0	25.5	284.8	13.4	7.5	591.0
0.0	26.2	486.1	13.3	9.8	591.0
0.0	25.8	626.0	13.3	11.5	591.0
0.0	26.2	632.4	13.3	11.7	591.0
0.2	28.0	374.0	13.3	10.1	591.0
22.2	26.8	464.5	13.2	9.9	591.0
11.9	27.2	530.5	13.2	9.5	591.0
10.3	26.9	429.4	13.2	8.7	591.0
8.8	26.6	412.8	13.2	9.2	591.0
12.9	27.1	534.4	13.1	9.7	591.0
8.7	27.2	512.9	13.1	8.8	591.0
7.7	26.9	491.9	13.1	8.9	591.0
14.0	26.5	473.8	13.1	9.1	591.0
11.5	26.1	314.9	13.0	8.2	591.0
21.0	25.7	451.4	13.0	8.1	591.0
1.4	27.2	441.0	13.0	8.8	591.0
0.4	28.3	499.3	12.9	9.7	591.0
6.4	28.0	546.0	12.9	9.3	591.0
13.2	27.6	507.1	12.9	9.0	591.0
10.4	27.7	462.8	12.9	9.0	591.0
9.0	27.3	355.3	12.8	8.0	591.0
13.2	27.1	468.8	12.8	8.5	591.0
0.5	26.4	360.6	12.8	7.9	591.0
0.0	24.8	413.1	12.7	8.5	591.0
0.1	26.0	467.5	12.7	8.1	591.0
0.3	28.4	522.0	12.7	8.6	591.0
0.4	29.4	529.8	12.7	9.4	591.0
0.2	29.6	533.8	12.6	9.4	591.0
28.1	27.5	504.9	12.6	8.5	591.0
23.3	23.0	204.0	12.6	8.6	591.0
2.5	18.9	70.0	12.5	4.8	591.0
0.0	20.5	546.0	12.5	8.9	591.0
0.0	20.9	558.5	12.5	9.2	591.0
0.0	21.3	556.9	12.4	8.9	591.0
0.0	22.1	554.0	12.4	8.3	591.0
0.0	23.2	546.8	12.4	8.8	591.0
0.0	23.5	546.7	12.4	10.5	591.0
0.0	25.1	542.7	12.3	11.4	591.0
0.0	25.9	535.3	12.3	12.2	591.0
0.0	25.9	537.3	12.3	11.8	591.0
0.0	25.9	535.8	12.2	11.1	591.0
0.0	26.5	528.7	12.2	9.8	591.0
0.0	27.8	504.5	12.2	10.1	591.0
0.0	28.3	501.2	12.1	9.4	591.0
0.2	28.6	458.8	12.1	9.3	591.0
0.0	29.2	489.8	12.1	10.0	591.0
0.1	29.8	479.9	12.1	9.5	591.0
0.6	29.5	469.1	12.0	9.3	591.0
0.0	29.6	474.0	12.0	9.1	591.0
0.0	30.0	470.0	12.0	9.2	591.0
17.7	28.2	426.6	11.9	9.7	591.0
28.2	23.2	231.1	11.9	6.7	591.0
3.1	21.1	39.3	11.9	4.0	591.4
0.4	22.2	331.2	11.8	5.9	591.4
0.0	21.7	366.4	11.8	6.5	591.4
0.2	22.3	454.5	11.8	7.8	591.4
0.0	21.5	468.1	11.8	7.6	591.4
0.0	21.8	467.5	11.7	8.2	591.4
0.0	22.2	461.7	11.7	7.0	591.4
0.0	22.3	350.4	11.7	7.9	591.4
0.0	23.7	457.0	11.6	8.5	591.4
0.0	18.4	470.5	11.6	7.6	591.4
0.0	20.1	428.9	11.6	7.2	591.4
0.0	21.8	403.2	11.5	7.0	591.4
0.0	23.3	396.4	11.5	8.2	591.4
0.0	23.4	395.6	11.5	7.6	591.4
0.0	23.7	405.9	11.5	6.9	591.4
0.0	24.4	186.5	11.4	6.7	591.4
0.0	24.8	260.4	11.4	8.7	591.4
0.0	20.3	436.8	11.4	7.1	591.4
0.0	20.4	406.1	11.3	6.9	591.4
0.0	16.6	430.4	11.3	6.7	591.4
0.0	18.5	429.4	11.3	7.8	591.4
0.0	19.8	424.1	11.3	8.2	591.4
0.0	20.4	420.8	11.2	8.3	591.4
0.0	20.6	413.8	11.2	8.2	591.4
0.0	19.5	410.3	11.2	7.7	591.4
0.0	12.6	406.0	11.1	5.4	591.4
0.0	11.8	422.1	11.1	5.7	591.4
0.0	11.1	426.2	11.1	5.8	591.4
0.0	13.7	414.2	11.1	6.4	591.4
0.0	15.7	403.8	11.0	6.8	591.4
0.0	16.6	399.7	11.0	7.0	591.4
0.0	17.6	396.4	11.0	7.0	592.6
0.0	18.2	390.9	10.9	7.1	592.6
0.0	19.1	377.6	10.9	6.9	592.6
0.0	19.5	325.4	10.9	6.5	592.6
0.0	19.3	318.6	10.9	6.1	592.6
0.0	17.4	376.1	10.8	5.7	592.6
0.0	16.6	342.3	10.8	5.8	592.6
0.0	17.0	361.5	10.8	6.0	592.6
0.0	19.6	359.9	10.8	6.6	592.6
0.0	22.2	346.1	10.7	7.0	592.6
0.0	22.9	338.0	10.7	6.4	592.6
0.0	23.2	303.8	10.7	6.2	592.6
0.0	23.1	283.7	10.7	6.1	592.6
0.1	24.5	311.1	10.7	5.9	592.6
1.3	24.0	91.6	10.6	4.2	592.6
1.0	24.6	105.1	10.6	4.5	592.6
1.2	21.0	149.9	10.6	7.1	592.6
0.0	13.2	330.0	10.6	4.5	592.6
0.0	12.9	336.1	10.5	4.6	592.6
0.0	14.8	325.4	10.5	5.4	592.6
0.0	16.1	335.9	10.5	5.7	592.6
0.0	15.9	184.9	10.5	4.4	592.6
0.0	18.8	324.9	10.5	5.8	592.6
0.0	19.7	308.9	10.4	5.5	592.6
0.5	16.5	224.8	10.4	4.6	592.6
0.1	13.7	252.2	10.4	4.3	592.6
0.0	15.8	315.0	10.4	5.0	592.6
11.8	14.6	286.0	10.4	6.2	592.6
0.2	3.2	97.3	10.4	2.7	592.6
0.0	2.7	331.0	10.3	2.6	592.6
0.0	8.0	282.5	10.3	3.9	594.6
10.2	12.1	122.5	10.3	3.6	594.6
3.9	11.9	67.3	10.3	1.3	594.6
4.7	9.8	43.9	10.3	2.3	594.6
1.8	7.6	54.9	10.3	1.5	594.6
0.8	7.1	86.8	10.3	2.4	594.6
0.3	5.5	114.1	10.3	1.6	594.6
0.7	4.0	115.8	10.3	2.0	594.6
0.0	3.4	312.0	10.2	2.6	594.6
0.0	5.6	295.7	10.2	3.0	594.6
0.0	7.6	306.5	10.2	3.6	594.6
0.0	8.8	300.4	10.2	4.1	594.6
0.9	11.2	162.9	10.2	3.4	594.6
0.1	14.4	201.7	10.2	4.3	594.6
0.4	6.8	36.8	10.2	3.8	594.6
0.0	4.4	307.5	10.2	2.4	594.6
0.0	3.1	107.2	10.2	2.9	594.6
0.0	4.6	313.2	10.2	2.9	594.6
0.0	5.6	309.3	10.2	3.6	594.6
0.0	8.2	306.0	10.2	4.2	594.6
0.0	6.5	296.9	10.2	3.7	594.6
0.0	6.1	298.9	10.2	3.7	594.6
0.0	4.9	306.4	10.2	3.6	594.6
0.0	5.5	308.6	10.2	3.4	594.6
3.9	10.7	137.9	10.2	3.6	594.6
25.2	9.8	23.7	10.2	2.7	594.6
4.1	7.4	52.8	10.2	2.1	594.6
0.4	4.2	113.4	10.2	2.4	594.6
0.3	3.5	206.8	10.2	3.1	594.6
0.3	4.9	266.5	10.2	3.7	594.6
0.2	8.0	263.9	10.2	4.2	594.6
1.3	8.4	154.5	10.2	3.3	597.2
0.3	4.6	100.0	10.2	1.9	597.2
0.0	6.6	279.3	10.2	3.2	597.2
0.0	5.3	208.9	10.3	3.0	597.2
0.0	1.8	320.7	10.3	2.6	597.2
0.0	4.5	319.8	10.3	3.6	597.2
0.0	7.9	316.4	10.3	4.6	597.2
0.0	9.9	305.8	10.3	4.5	597.2
0.0	9.9	252.2	10.3	3.9	597.2
0.0	11.8	298.3	10.3	4.0	597.2
5.0	12.7	197.7	10.3	5.6	597.2
0.0	5.1	336.0	10.3	3.1	597.2
19.0	11.4	321.1	10.4	4.3	597.2
30.8	13.4	39.8	10.4	4.1	597.2
0.6	7.2	126.7	10.4	2.6	597.2
23.3	4.8	60.7	10.4	1.4	597.2
14.4	4.9	35.9	10.4	1.2	597.2
3.7	4.5	32.1	10.4	1.4	597.2
0.7	4.1	179.0	10.5	2.7	597.2
0.3	6.1	339.1	10.5	3.9	597.2
0.1	6.3	312.5	10.5	3.8	597.2
0.0	5.4	353.1	10.5	2.6	597.2
0.0	9.5	349.6	10.5	3.7	597.2
0.0	7.3	354.2	10.6	4.0	597.2
0.0	11.6	358.7	10.6	5.4	597.2
0.0	11.1	349.5	10.6	5.6	597.2
0.0	4.0	371.6	10.6	3.4	597.2
0.0	9.3	364.0	10.7	5.1	597.2
0.0	9.8	149.2	10.7	4.5	597.2
0.0	7.6	240.0	10.7	4.2	597.2
0.0	2.9	386.4	10.7	3.5	597.2
0.0	4.4	389.9	10.8	4.1	598.4
0.0	9.3	379.9	10.8	5.4	598.4
0.0	10.7	301.1	10.8	5.2	598.4
0.0	11.3	384.9	10.8	5.8	598.4
0.0	13.3	242.6	10.9	5.6	598.4
0.0	12.2	303.7	10.9	5.8	598.4
0.0	6.5	406.1	10.9	4.5	598.4
0.0	11.3	392.3	10.9	5.9	598.4
0.1	10.7	52.0	11.0	3.3	598.4
1.1	19.0	272.6	11.0	6.9	598.4
0.4	14.0	101.6	11.0	5.6	598.4
4.1	17.6	316.7	11.0	8.0	598.4
5.5	9.3	41.7	11.1	3.9	598.4
7.4	6.4	26.6	11.1	1.6	598.4
2.9	7.7	25.2	11.1	1.9	598.4
2.8	11.4	88.6	11.1	3.8	598.4
15.3	10.6	108.6	11.2	4.9	598.4
38.1	7.2	37.4	11.2	1.3	598.4
0.3	7.2	244.6	11.2	4.2	598.4
0.4	7.2	314.9	11.3	3.9	598.4
0.5	7.0	171.3	11.3	4.3	598.4
1.2	8.7	364.5	11.3	4.9	598.4
2.3	11.8	386.7	11.4	5.8	598.4
6.5	7.2	64.1	11.4	4.2	598.4
0.0	7.1	459.6	11.4	4.4	598.4
0.0	8.4	453.1	11.4	5.8	598.4
0.0	4.7	470.8	11.5	4.5	598.4
0.0	10.3	230.3	11.5	5.3	598.4
0.0	12.5	466.5	11.5	7.1	598.5
23.5	15.2	399.1	11.6	7.3	598.5
0.0	11.7	328.0	11.6	6.4	598.5
0.0	3.4	496.4	11.6	3.6	598.5
0.0	6.5	493.1	11.7	5.2	598.5
0.1	11.7	380.2	11.7	6.4	598.5
14.1	12.5	127.9	11.7	5.0	598.5
0.0	10.5	484.1	11.7	6.2	598.5
0.0	8.1	347.2	11.8	4.3	598.5
9.9	7.7	256.3	11.8	3.7	598.5
11.1	10.6	30.1	11.8	4.1	598.5
0.1	17.2	184.4	11.9	6.9	598.5
0.5	18.5	181.0	11.9	4.7	598.5
1.6	16.7	231.3	11.9	8.0	598.5
40.3	11.3	243.3	12.0	5.1	598.5
29.6	8.7	35.3	12.0	2.7	598.5
1.3	9.3	314.7	12.0	4.6	598.5
8.3	9.4	265.3	12.0	4.0	598.5
0.7	9.9	320.7	12.1	4.5	598.5
12.7	10.1	169.9	12.1	3.6	598.5
25.3	12.9	70.9	12.1	4.1	598.5
24.1	17.2	54.2	12.2	5.7	598.5
7.6	13.6	52.8	12.2	5.0	598.5
0.0	7.0	471.7	12.2	5.3	598.5
0.2	11.2	484.4	12.3	5.4	598.5
0.0	15.8	551.9	12.3	6.9	598.5
0.2	17.1	373.8	12.3	6.1	598.5
0.0	16.1	562.3	12.4	7.9	598.5
0.0	20.3	405.2	12.4	8.9	598.5
0.0	21.3	555.1	12.4	10.9	598.5
0.0	25.6	542.1	12.4	11.4	598.5
0.0	26.2	301.2	12.5	6.9	598.8
14.1	19.0	403.5	12.5	13.2	598.8
31.6	13.5	558.7	12.5	6.0	598.8
15.3	11.4	53.7	12.6	4.1	598.8
0.2	13.9	402.5	12.6	6.8	598.8
28.3	14.9	314.9	12.6	8.1	598.8
21.7	8.6	28.5	12.7	3.9	598.8
11.3	16.9	128.8	12.7	7.8	598.8
37.0	16.6	153.7	12.7	4.0	598.8
18.2	19.4	82.2	12.7	6.3	598.8
33.4	21.0	72.7	12.8	4.6	598.8
39.3	21.9	68.4	12.8	4.8	598.8
4.8	15.3	174.0	12.8	8.3	598.8
4.0	23.0	519.2	12.9	11.6	598.8
6.9	25.2	472.3	12.9	9.1	598.8
24.0	18.3	68.2	12.9	7.2	598.8
1.0	13.9	159.6	12.9	6.6	598.8
1.6	14.5	252.7	13.0	6.1	598.8
5.7	18.5	94.9	13.0	7.4	598.8
6.0	13.2	66.1	13.0	4.9	598.8
12.6	13.1	43.8	13.1	3.2	598.8
16.8	13.6	64.7	13.1	4.0	598.8
0.5	20.2	196.5	13.1	8.8	598.8
0.7	23.4	346.6	13.1	10.2	598.8
0.0	16.2	464.9	13.2	9.2	598.8
0.0	16.5	583.0	13.2	9.0	598.8
3.9	19.2	266.3	13.2	7.4	598.8
42.5	18.1	64.2	13.3	6.1	598.8
40.6	15.3	72.5	13.3	4.2	598.8
1.5	19.4	130.9	13.3	6.4	598.8
4.8	21.4	249.3	13.3	8.4	599.0
4.2	23.1	459.0	13.4	9.2	599.0
0.5	25.3	583.4	13.4	9.1	599.0
7.8	23.7	270.1	13.4	9.5	599.0
17.3	22.9	381.6	13.4	12.6	599.0
2.7	15.1	128.4	13.5	4.4	599.0
9.0	17.4	102.9	13.5	6.3	599.0
19.6	15.8	64.5	13.5	3.3	599.0
1.8	15.6	65.0	13.5	2.9	599.0
0.7	20.2	356.8	13.5	9.6	599.0
19.2	21.4	215.0	13.6	6.8	599.0
0.9	21.1	246.9	13.6	8.6	599.0
82.3	16.5	97.2	13.6	8.5	599.0
0.5	13.1	107.0	13.6	5.3	599.0
0.0	15.3	673.9	13.7	9.6	599.0
0.0	17.4	664.4	13.7	10.4	599.0
0.0	18.2	660.5	13.7	10.0	599.0
0.0	20.6	645.3	13.7	9.8	599.0
38.3	18.7	86.7	13.7	3.6	599.0
16.8	20.0	54.9	13.8	4.7	599.0
6.7	23.3	125.3	13.8	7.2	599.0
0.1	23.7	575.9	13.8	11.7	599.0
0.5	24.5	426.2	13.8	10.3	599.0
15.0	23.6	72.6	13.8	6.7	599.0
30.4	25.3	368.6	13.8	8.4	599.0
12.5	26.3	321.2	13.9	9.3	599.0
23.1	22.5	357.8	13.9	11.6	599.0
0.0	20.2	674.2	13.9	9.5	599.0
0.0	23.9	638.0	13.9	10.1	599.0
0.0	25.5	660.9	13.9	10.9	599.0
26.3	26.1	476.3	13.9	10.4	599.0
42.3	24.8	108.6	14.0	5.2	597.3
8.0	26.3	266.4	14.0	11.5	597.3
2.6	19.3	135.9	14.0	7.0	597.3
0.0	21.7	679.5	14.0	11.2	597.3
2.0	23.2	637.2	14.0	9.9	597.3
13.8	22.1	50.3	14.0	4.7	597.3
53.1	22.7	48.5	14.0	5.1	597.3
11.9	22.3	112.3	14.0	6.2	597.3
0.4	23.3	238.0	14.0	9.5	597.3
0.1	26.0	523.2	14.0	10.2	597.3
17.3	24.2	383.2	14.0	8.3	597.3
5.8	25.8	605.9	14.1	11.0	597.3
6.7	26.4	617.6	14.1	10.2	597.3
31.1	25.8	355.5	14.1	8.5	597.3
10.7	24.4	112.1	14.1	5.5	597.3
2.3	26.6	537.5	14.1	10.2	597.3
1.1	27.4	499.9	14.1	10.1	597.3
18.4	27.6	436.2	14.1	10.0	597.3
22.6	25.7	375.1	14.1	9.0	597.3
1.1	24.9	152.4	14.1	6.7	597.3
14.7	25.5	286.2	14.1	8.0	597.3
9.2	24.8	85.6	14.1	6.1	597.3
10.5	24.9	56.3	14.1	5.4	597.3
38.3	26.0	125.1	14.1	7.0	597.3
51.2	26.0	86.0	14.1	5.6	597.3
3.0	25.3	264.7	14.1	7.8	597.3
0.1	26.9	516.4	14.1	9.9	597.3
2.5	25.5	226.3	14.1	8.2	597.3
17.0	26.4	607.6	14.1	10.8	597.3
3.0	28.0	615.8	14.1	11.5	597.3
4.0	27.9	485.8	14.1	10.5	593.8
12.8	28.6	556.3	14.0	10.1	593.8
7.4	28.0	394.9	14.0	8.8	593.8
24.1	26.6	195.2	14.0	7.3	593.8
12.8	26.0	97.1	14.0	6.8	593.8
14.0	25.4	130.8	14.0	6.4	593.8
2.0	26.2	309.2	14.0	8.3	593.8
17.0	25.6	102.7	14.0	6.0	593.8
24.4	25.9	226.2	14.0	7.6	593.8
9.9	27.6	464.2	14.0	10.7	593.8
18.7	27.7	454.1	14.0	10.4	593.8
0.0	29.3	520.8	13.9	11.0	593.8
0.2	29.1	435.0	13.9	11.0	593.8
5.5	28.9	631.8	13.9	10.6	593.8
6.4	28.6	646.3	13.9	10.8	593.8
6.6	29.1	622.5	13.9	10.5	593.8
8.8	28.2	583.5	13.9	10.6	593.8
5.2	28.7	550.8	13.9	10.5	593.8
4.0	29.1	579.0	13.8	10.0	593.8
7.2	29.3	597.8	13.8	11.5	593.8
0.8	29.6	587.5	13.8	11.8	593.8
4.8	29.4	597.1	13.8	10.6	593.8
0.1	30.2	609.2	13.8	10.3	593.8
0.0	30.6	598.0	13.8	11.3	593.8
3.8	30.4	625.7	13.7	12.4	593.8
9.9	29.4	602.7	13.7	11.3	593.8
6.6	28.5	540.2	13.7	10.1	593.8
1.8	29.0	608.1	13.7	10.7	593.8
3.4	28.9	529.3	13.6	10.5	593.8
20.0	27.8	471.5	13.6	9.0	593.8
24.3	27.6	435.5	13.6	9.5	593.8
9.0	27.9	578.5	13.6	10.6	592.1
11.1	27.5	562.5	13.6	10.2	592.1
3.9	27.3	412.5	13.5	8.8	592.1
0.2	28.5	532.3	13.5	9.8	592.1
0.0	29.2	613.7	13.5	10.5	592.1
0.2	29.7	598.1	13.5	10.5	592.1
8.6	28.3	584.2	13.4	10.5	592.1
15.3	27.9	504.0	13.4	9.2	592.1
6.4	28.8	555.1	13.4	11.0	592.1
6.7	28.7	497.7	13.4	10.1	592.1
7.8	28.3	453.8	13.3	10.6	592.1
0.0	27.5	601.0	13.3	10.8	592.1
0.7	28.4	411.4	13.3	9.2	592.1
0.6	29.6	359.4	13.3	9.1	592.1
9.7	29.0	579.0	13.2	10.9	592.1
8.5	28.5	579.7	13.2	9.8	592.1
12.0	28.2	544.9	13.2	9.9	592.1
16.6	27.8	399.2	13.2	8.4	592.1
10.5	27.7	316.2	13.1	8.2	592.1
15.4	27.2	253.5	13.1	8.6	592.1
18.9	26.9	372.5	13.1	8.3	592.1
14.9	26.6	288.1	13.1	8.1	592.1
17.2	25.9	335.4	13.0	8.8	592.1
4.9	26.4	484.2	13.0	9.1	592.1
1.7	26.2	494.9	13.0	8.8	592.1
0.0	25.3	477.3	12.9	10.2	592.1
0.0	26.0	566.0	12.9	9.4	592.1
0.1	26.3	479.6	12.9	9.8	592.1
0.2	26.5	504.0	12.9	9.4	592.1
0.0	26.6	558.6	12.8	9.6	592.1
0.0	26.2	578.7	12.8	10.2	592.1
0.0	27.1	562.7	12.8	10.2	592.1
0.2	27.8	473.2	12.7	10.8	592.1
0.0	28.5	536.4	12.7	10.6	592.1
0.0	28.4	558.0	12.7	11.6	592.1
0.0	27.6	563.8	12.7	11.4	592.1
0.0	28.5	525.0	12.6	10.3	592.1
0.3	29.1	438.5	12.6	9.9	592.1
0.7	29.3	466.2	12.6	9.9	592.1
2.2	27.7	115.1	12.5	7.9	592.1
1.9	25.9	30.6	12.5	5.1	592.1
0.5	26.2	67.8	12.5	6.4	592.1
0.1	27.0	299.0	12.5	7.5	592.1
2.1	27.2	81.2	12.4	6.2	592.1
1.5	26.5	62.8	12.4	4.8	592.1
0.7	26.6	87.6	12.4	4.4	592.1
31.4	26.5	308.8	12.3	6.7	592.1
1.3	25.7	110.5	12.3	4.4	592.1
18.2	25.5	206.4	12.3	5.5	592.1
1.0	24.1	180.0	12.2	7.2	592.1
0.0	23.3	481.0	12.2	7.9	592.1
0.0	22.9	196.3	12.2	5.3	592.1
0.5	21.9	293.3	12.2	7.4	592.1
0.0	20.7	509.1	12.1	7.3	592.1
0.0	21.5	508.5	12.1	8.7	592.1
0.0	23.8	486.5	12.1	8.7	592.1
0.0	23.4	164.9	12.0	6.2	592.1
0.0	24.8	242.1	12.0	8.8	592.1
0.0	25.6	481.7	12.0	9.8	592.1
0.0	22.4	499.5	11.9	8.8	592.1
0.0	22.9	490.5	11.9	8.7	592.1
0.0	25.4	470.0	11.9	9.1	592.5
0.2	24.7	223.5	11.8	8.8	592.5
0.0	25.3	466.9	11.8	8.7	592.5
0.3	25.6	228.4	11.8	7.6	592.5
0.1	23.1	362.5	11.8	8.3	592.5
0.0	22.7	472.5	11.7	9.2	592.5
0.0	21.4	474.6	11.7	8.8	592.5
0.0	21.4	434.6	11.7	8.5	592.5
0.0	21.2	249.8	11.6	6.0	592.5
0.0	22.1	420.8	11.6	7.6	592.5
0.0	22.0	249.8	11.6	6.2	592.5
0.5	20.9	229.7	11.5	5.3	592.5
0.0	19.7	422.1	11.5	6.9	592.5
0.0	19.6	167.8	11.5	5.0	592.5
0.3	19.7	186.4	11.5	4.9	592.5
0.1	19.8	150.3	11.4	5.8	592.5
0.0	21.0	431.6	11.4	7.7	592.5
0.0	20.0	425.8	11.4	7.4	592.5
0.0	19.3	428.4	11.3	7.2	592.5
0.0	20.1	423.2	11.3	6.9	592.5
0.0	20.2	407.7	11.3	7.7	592.5
0.0	20.6	416.2	11.3	7.0	592.5
0.0	21.5	401.5	11.2	7.2	592.5
0.0	16.6	406.7	11.2	5.2	592.5
0.0	16.7	405.6	11.2	6.1	592.5
0.0	17.1	342.9	11.1	6.8	592.5
0.0	18.7	406.8	11.1	6.7	592.5
0.0	19.1	394.8	11.1	6.6	592.5
0.0	18.1	373.2	11.1	6.2	592.5
0.0	17.6	382.5	11.0	6.4	592.5
0.0	12.4	405.6	11.0	5.2	592.5
0.0	11.5	392.2	11.0	5.0	593.7
0.0	12.6	264.4	11.0	5.5	593.7
0.0	16.1	386.5	10.9	6.8	593.7
0.0	16.8	285.3	10.9	6.8	593.7
0.0	17.9	374.9	10.9	7.0	593.7
0.0	19.5	373.5	10.9	7.3	593.7
0.0	16.2	301.7	10.8	5.4	593.7
0.0	15.8	357.9	10.8	5.3	593.7
0.0	16.1	357.3	10.8	5.1	593.7
0.0	18.9	348.6	10.8	6.0	593.7
0.1	16.7	217.5	10.7	5.5	593.7
0.0	16.3	362.8	10.7	5.8	593.7
0.0	17.4	288.4	10.7	6.1	593.7
0.0	18.2	354.8	10.7	6.4	593.7
0.0	20.4	278.6	10.6	6.5	593.7
4.2	18.7	86.3	10.6	3.7	593.7
1.3	17.5	98.2	10.6	3.2	593.7
1.1	16.4	146.7	10.6	3.4	593.7
5.4	18.1	78.3	10.6	4.0	593.7
1.5	8.9	48.1	10.5	4.6	593.7
0.0	3.4	342.8	10.5	2.2	593.7
0.0	6.4	341.5	10.5	3.4	593.7
0.0	10.4	333.3	10.5	4.5	593.7
0.0	6.8	305.9	10.5	3.6	593.7
0.0	8.7	328.3	10.4	4.0	593.7
0.0	11.8	106.3	10.4	3.7	593.7
0.1	15.1	197.2	10.4	5.0	593.7
0.0	13.7	315.9	10.4	5.1	593.7
0.0	7.0	328.4	10.4	3.4	593.7
0.0	8.1	321.5	10.4	4.1	593.7
0.0	9.9	284.3	10.3	3.9	595.7
0.0	10.3	168.6	10.3	4.1	595.7
0.0	13.3	307.5	10.3	5.0	595.7
0.0	16.7	282.6	10.3	5.6	595.7
0.2	13.2	91.6	10.3	4.2	595.7
0.0	12.0	86.2	10.3	3.2	595.7
0.0	12.8	206.7	10.3	4.3	595.7
23.6	16.0	167.7	10.3	4.6	595.7
0.3	10.8	67.8	10.2	2.0	595.7
0.0	8.4	155.7	10.2	3.1	595.7
0.0	7.3	255.5	10.2	2.5	595.7
12.3	7.9	172.6	10.2	3.6	595.7
8.6	-0.8	24.2	10.2	1.6	595.7
0.0	-0.7	311.0	10.2	1.8	595.7
0.0	0.5	310.0	10.2	2.0	595.7
0.0	3.4	310.1	10.2	2.9	595.7
0.0	4.0	276.2	10.2	2.9	595.7
0.0	6.2	236.3	10.2	3.0	595.7
0.0	7.0	284.6	10.2	3.7	595.7
0.0	9.1	290.4	10.2	4.2	595.7
0.0	13.4	293.2	10.2	5.0	595.7
3.2	16.7	255.4	10.2	4.5	595.7
0.3	11.7	91.4	10.2	3.6	595.7
0.0	9.6	283.2	10.2	3.6	595.7
0.0	12.5	298.7	10.2	4.4	595.7
13.7	11.5	84.9	10.2	3.2	595.7
7.5	9.7	25.6	10.2	1.5	595.7
1.4	11.4	21.5	10.2	2.8	595.7
3.0	7.7	45.2	10.2	4.3	595.7
0.1	3.5	195.8	10.2	2.7	595.7
0.1	7.0	214.3	10.2	3.4	595.7
1.9	8.5	123.5	10.2	3.0	598.3
1.0	5.2	92.5	10.2	1.3	598.3
0.2	6.2	254.9	10.2	3.0	598.3
0.3	7.9	221.8	10.2	3.4	598.3
0.4	1.9	70.3	10.3	2.5	598.3
0.3	2.3	237.6	10.3	2.4	598.3
0.0	3.5	300.4	10.3	2.9	598.3
0.0	-1.1	319.5	10.3	2.0	598.3
0.0	0.5	321.0	10.3	2.1	598.3
0.0	1.9	320.7	10.3	2.6	598.3
0.0	3.4	258.7	10.3	2.8	598.3
0.0	1.8	322.4	10.3	2.8	598.3
0.0	0.2	336.5	10.4	2.8	598.3
0.0	0.1	335.1	10.4	2.8	598.3
0.0	2.3	337.7	10.4	3.3	598.3
0.0	5.5	333.3	10.4	3.9	598.3
0.0	-0.0	341.3	10.4	2.6	598.3
0.0	0.9	337.0	10.4	2.9	598.3
0.4	6.6	330.4	10.5	4.1	598.3
5.0	7.8	43.3	10.5	2.3	598.3
0.6	12.9	107.2	10.5	4.4	598.3
0.1	14.3	205.0	10.5	5.0	598.3
0.1	18.0	331.2	10.5	6.2	598.3
0.1	17.6	177.4	10.6	5.1	598.3
1.0	16.4	259.6	10.6	7.2	598.3
0.0	5.1	244.5	10.6	2.8	598.3
1.3	6.9	352.5	10.6	4.0	598.3
3.7	-1.3	53.6	10.7	2.3	598.3
1.4	2.0	347.8	10.7	2.7	598.3
0.8	2.7	89.5	10.7	2.2	598.3
0.0	-2.5	382.2	10.7	2.1	598.3
0.0	0.2	277.8	10.7	2.3	599.5
0.0	-0.5	297.6	10.8	2.9	599.5
0.0	4.3	385.3	10.8	4.1	599.5
0.0	4.0	388.6	10.8	3.8	599.5
0.0	6.5	388.0	10.8	4.8	599.5
0.0	9.8	390.2	10.9	5.8	599.5
0.3	12.4	384.9	10.9	5.9	599.5
0.1	10.3	116.6	10.9	4.8	599.5
0.0	6.4	404.3	10.9	5.1	599.5
0.0	1.5	423.3	11.0	3.2	599.5
0.0	5.1	404.8	11.0	4.0	599.5
0.4	7.1	58.0	11.0	2.8	599.5
12.1	9.3	105.2	11.1	4.3	599.5
18.5	4.0	19.1	11.1	2.4	599.5
12.8	2.0	31.1	11.1	1.3	599.5
17.4	2.2	38.8	11.1	1.3	599.5
1.1	3.0	82.0	11.2	2.4	599.5
0.0	4.0	439.0	11.2	3.4	599.5
0.0	6.0	438.4	11.2	4.8	599.5
0.0	8.2	411.7	11.3	5.3	599.5
0.0	8.9	434.8	11.3	5.5	599.5
0.0	5.9	458.2	11.3	4.8	599.5
0.0	10.0	459.4	11.3	6.5	599.5
0.0	12.7	414.5	11.4	7.1	599.5
0.0	8.4	343.9	11.4	4.4	599.5
0.0	7.8	267.7	11.4	4.8	599.5
0.0	11.2	467.3	11.5	7.1	599.5
0.0	14.0	467.5	11.5	7.9	599.5
0.0	15.3	470.7	11.5	8.0	599.6
0.0	16.4	343.8	11.6	8.0	599.6
0.0	18.7	462.8	11.6	8.2	599.6
0.0	15.0	486.1	11.6	8.0	599.6
0.0	16.3	484.7	11.6	7.9	599.6
49.2	16.1	75.7	11.7	4.1	599.6
8.8	15.5	136.2	11.7	7.3	599.6
0.0	6.2	402.5	11.7	3.8	599.6
0.0	5.3	415.7	11.8	4.6	599.6
0.0	8.0	507.5	11.8	5.8	599.6
5.1	8.5	129.0	11.8	4.1	599.6
0.0	7.5	475.7	11.9	3.7	599.6
15.8	6.1	73.3	11.9	3.8	599.6
28.4	16.3	52.5	11.9	7.3	599.6
5.0	18.2	240.0	11.9	5.4	599.6
3.1	20.0	132.2	12.0	4.8	599.6
4.7	22.6	455.4	12.0	6.8	599.6
2.0	13.6	107.8	12.0	8.5	599.6
7.1	7.1	88.0	12.1	4.0	599.6
20.4	6.8	181.9	12.1	3.2	599.6
16.9	8.7	40.3	12.1	6.2	599.6
1.0	16.9	127.8	12.2	5.6	599.6
0.0	21.4	507.1	12.2	8.0	599.6
8.9	15.0	127.7	12.2	9.4	599.6
6.8	8.4	41.4	12.3	3.8	599.6
1.0	18.7	451.1	12.3	8.9	599.6
17.8	19.3	81.9	12.3	4.2	599.6
0.1	21.7	338.9	12.3	7.4	599.6
7.1	17.7	175.4	12.4	8.7	599.6
6.8	12.7	58.4	12.4	4.7	599.6
23.2	10.8	62.8	12.4	2.9	599.6
12.9	8.3	108.6	12.5	4.6	599.9
32.2	7.3	46.1	12.5	2.1	599.9
5.5	7.4	86.7	12.5	2.4	599.9
0.2	8.0	310.9	12.6	5.9	599.9
0.0	7.3	562.7	12.6	5.6	599.9
1.0	11.1	515.5	12.6	6.4	599.9
39.5	13.9	52.2	12.6	7.0	599.9
2.6	14.4	68.0	12.7	6.9	599.9
0.1	16.9	590.4	12.7	8.7	599.9
16.6	20.6	549.4	12.7	10.0	599.9
12.2	19.1	111.4	12.8	8.1	599.9
3.5	14.1	150.4	12.8	3.9	599.9
15.6	14.8	85.4	12.8	4.1	599.9
0.5	15.6	450.0	12.9	8.0	599.9
0.0	20.1	596.4	12.9	10.3	599.9
4.3	22.3	545.4	12.9	11.7	599.9
0.2	19.6	270.5	12.9	8.4	599.9
6.4	23.3	436.1	13.0	10.1	599.9
5.3	24.5	536.7	13.0	10.5	599.9
23.0	13.0	133.2	13.0	11.5	599.9
0.0	10.9	582.6	13.1	6.1	599.9
0.6	14.4	499.6	13.1	8.2	599.9
49.2	20.6	331.3	13.1	9.3	599.9
30.4	13.3	54.3	13.1	9.1	599.9
4.1	11.6	116.3	13.2	4.8	599.9
0.1	14.6	565.5	13.2	7.9	599.9
0.0	15.2	469.4	13.2	7.9	599.9
0.6	16.0	318.8	13.2	6.5	599.9
29.6	18.5	220.9	13.3	7.9	599.9
1.2	19.9	107.3	13.3	5.9	599.9
0.0	19.0	625.6	13.3	11.0	600.1
0.0	21.5	563.1	13.3	10.2	600.1
0.1	20.3	436.4	13.4	8.7	600.1
0.0	18.3	554.5	13.4	9.3	600.1
0.0	20.4	609.1	13.4	11.3	600.1
0.0	17.4	653.7	13.4	8.8	600.1
4.3	20.9	613.9	13.5	10.9	600.1
4.5	12.7	102.9	13.5	6.3	600.1
2.7	18.8	557.5	13.5	8.6	600.1
31.3	18.1	48.3	13.5	5.5	600.1
15.8	14.8	57.6	13.6	5.7	600.1
0.5	13.9	157.3	13.6	6.2	600.1
0.1	18.9	566.1	13.6	10.4	600.1
1.2	22.0	561.9	13.6	11.1	600.1
0.2	22.4	644.2	13.7	10.7	600.1
0.5	24.0	655.5	13.7	10.4	600.1
25.7	24.9	566.1	13.7	9.0	600.1
4.7	16.3	85.0	13.7	11.4	600.1
0.0	13.0	317.0	13.7	7.0	600.1
0.1	17.1	648.2	13.8	8.8	600.1
0.0	19.5	569.9	13.8	9.1	600.1
0.0	21.1	541.7	13.8	9.6	600.1
0.2	23.7	594.9	13.8	10.0	600.1
0.0	24.7	611.4	13.8	10.6	600.1
0.1	25.2	648.9	13.8	10.6	600.1
0.1	25.8	634.5	13.9	10.8	600.1
0.0	26.1	637.6	13.9	11.4	600.1
0.1	26.8	635.5	13.9	11.1	600.1
29.9	24.7	486.0	13.9	9.3	600.1
10.1	22.7	181.8	13.9	9.2	600.1
1.4	19.1	249.8	13.9	8.3	600.1
0.0	23.0	536.9	13.9	10.3	598.3
0.2	26.5	605.9	14.0	11.0	598.3
3.6	27.2	613.2	14.0	11.7	598.3
20.3	24.6	292.6	14.0	9.0	598.3
30.8	24.2	248.0	14.0	6.8	598.3
5.9	24.9	219.5	14.0	8.1	598.3
0.1	22.2	312.4	14.0	8.2	598.3
0.0	20.0	544.0	14.0	10.2	598.3
0.0	22.1	621.2	14.0	8.9	598.3
4.4	24.6	297.4	14.0	9.6	598.3
4.2	24.1	101.9	14.0	6.8	598.3
0.1	24.0	351.5	14.1	9.9	598.3
0.1	26.2	523.9	14.1	11.1	598.3
2.5	27.9	557.0	14.1	11.2	598.3
30.1	27.2	282.6	14.1	10.3	598.3
27.8	26.9	311.7	14.1	9.4	598.3
28.0	27.2	356.0	14.1	9.1	598.3
4.2	25.5	406.5	14.1	11.0	598.3
0.2	22.2	136.9	14.1	6.7	598.3
0.0	23.8	652.5	14.1	11.0	598.3
0.0	24.7	666.2	14.1	11.4	598.3
0.0	25.7	686.0	14.1	12.0	598.3
0.1	27.3	615.8	14.1	11.9	598.3
2.8	26.6	420.5	14.1	10.4	598.3
5.3	27.1	607.7	14.1	10.5	598.3
4.5	27.1	506.1	14.1	9.8	598.3
14.1	25.3	370.9	14.1	9.2	598.3
1.2	24.1	174.2	14.1	7.1	598.3
0.1	23.6	418.4	14.1	9.0	598.3
0.1	25.3	518.5	14.1	10.0	598.3
0.0	26.5	604.7	14.1	10.6	594.8
0.0	27.9	618.1	14.0	11.7	594.8
0.1	29.4	579.6	14.0	11.9	594.8
0.1	30.7	572.4	14.0	12.1	594.8
1.0	31.3	559.8	14.0	11.6	594.8
18.6	28.8	484.5	14.0	12.0	594.8
5.2	28.4	428.3	14.0	9.7	594.8
0.0	27.8	594.8	14.0	11.6	594.8
0.0	25.9	339.3	14.0	10.0	594.8
18.2	27.9	544.3	14.0	11.6	594.8
14.1	24.0	44.7	14.0	4.4	594.8
5.1	24.7	55.1	13.9	5.2	594.8
4.0	25.6	121.0	13.9	6.0	594.8
5.2	25.8	135.0	13.9	5.5	594.8
16.1	26.7	291.9	13.9	8.6	594.8
5.4	26.3	153.5	13.9	7.5	594.8
8.5	26.0	146.8	13.9	7.8	594.8
6.7	28.0	462.2	13.9	10.5	594.8
10.0	27.2	343.3	13.8	10.0	594.8
16.3	27.8	346.5	13.8	9.4	594.8
10.3	28.5	576.4	13.8	11.6	594.8
7.4	28.3	613.9	13.8	10.9	594.8
0.0	29.3	627.1	13.8	10.6	594.8
2.9	29.2	579.8	13.8	11.4	594.8
0.7	29.6	607.2	13.7	10.9	594.8
27.0	28.2	526.9	13.7	10.5	594.8
16.1	27.8	504.0	13.7	9.6	594.8
14.0	28.1	566.1	13.7	10.1	594.8
10.8	28.4	600.5	13.7	11.0	594.8
8.7	28.5	624.7	13.6	10.2	594.8
0.0	28.5	566.9	13.6	10.0	594.8
15.9	28.0	515.0	13.6	9.2	593.1
0.9	28.8	524.3	13.6	10.0	593.1
2.5	29.4	607.8	13.5	11.2	593.1
1.3	30.1	564.6	13.5	10.5	593.1
2.2	30.6	581.0	13.5	10.9	593.1
1.0	31.4	594.4	13.5	11.1	593.1
0.8	31.6	600.2	13.5	11.3	593.1
1.3	31.6	613.0	13.4	11.3	593.1
0.0	31.1	616.1	13.4	11.3	593.1
16.8	28.4	472.4	13.4	11.2	593.1
21.4	27.9	461.4	13.4	10.1	593.1
17.8	27.7	527.0	13.3	9.0	593.1
13.4	28.1	487.1	13.3	9.8	593.1
18.2	27.9	401.3	13.3	9.4	593.1
7.6	28.1	565.6	13.3	11.1	593.1
8.2	27.7	562.0	13.2	9.8	593.1
4.2	27.7	497.3	13.2	10.0	593.1
11.8	27.7	472.2	13.2	8.8	593.1
24.9	27.7	392.4	13.1	9.0	593.1
18.1	26.0	319.6	13.1	6.7	593.1
0.1	25.5	511.8	13.1	8.1	593.1
0.2	25.4	493.7	13.1	9.1	593.1
4.2	25.5	528.7	13.0	9.2	593.1
1.4	26.8	424.9	13.0	8.8	593.1
0.6	27.9	468.1	13.0	9.9	593.1
6.4	27.6	563.4	13.0	9.6	593.1
4.2	27.4	572.7	12.9	9.9	593.1
0.0	27.7	579.4	12.9	10.2	593.1
0.0	28.4	569.1	12.9	9.7	593.1
0.2	29.3	322.9	12.8	9.5	593.1
0.2	29.9	391.6	12.8	9.4	593.1
0.1	30.7	519.4	12.8	10.7	593.1
5.9	29.6	507.7	12.8	11.4	593.1
0.0	26.0	280.8	12.7	9.2	593.1
0.0	25.6	549.2	12.7	9.6	593.1
0.0	27.3	365.8	12.7	9.2	593.1
0.0	28.1	513.2	12.6	10.6	593.1
0.0	28.4	536.3	12.6	10.7	593.1
0.0	28.4	519.7	12.6	10.1	593.1
0.0	26.8	434.2	12.5	8.9	593.1
1.2	26.5	361.5	12.5	7.8	593.1
0.1	25.9	164.2	12.5	7.5	593.1
0.0	25.4	530.5	12.5	9.9	593.1
1.0	25.8	510.9	12.4	9.2	593.1
3.9	25.0	23.0	12.4	5.5	593.1
5.0	26.6	96.9	12.4	6.1	593.1
4.2	27.0	254.8	12.3	7.2	593.1
8.6	27.1	430.0	12.3	8.0	593.1
33.6	25.7	272.6	12.3	7.2	593.1
5.2	24.1	160.5	12.2	5.4	593.1
1.1	23.1	208.4	12.2	6.1	593.1
0.6	23.0	298.7	12.2	6.6	593.1
1.1	23.3	224.1	12.2	6.3	593.1
4.7	23.3	156.0	12.1	5.3	593.1
1.0	23.1	200.2	12.1	5.2	593.1
1.3	23.5	271.3	12.1	6.2	593.1
0.6	23.8	425.5	12.0	7.8	593.1
0.0	24.8	469.5	12.0	6.8	593.1
0.0	22.5	455.4	12.0	7.8	593.1
0.0	21.6	493.9	11.9	8.1	593.1
0.0	21.1	449.9	11.9	8.4	593.1
0.0	21.5	491.6	11.9	8.7	593.5
0.0	21.7	494.1	11.9	9.1	593.5
0.0	22.2	490.5	11.8	9.2	593.5
0.0	23.7	481.8	11.8	8.9	593.5
0.0	24.5	462.8	11.8	9.2	593.5
0.0	22.5	477.1	11.7	8.5	593.5
0.0	22.5	463.6	11.7	8.5	593.5
0.0	23.7	454.4	11.7	8.6	593.5
0.0	24.7	390.0	11.6	8.2	593.5
0.0	22.2	347.6	11.6	7.3	593.5
0.0	23.6	344.2	11.6	7.8	593.5
0.0	22.6	445.6	11.6	8.3	593.5
0.0	18.3	460.1	11.5	7.5	593.5
0.0	22.1	430.2	11.5	8.0	593.5
0.0	21.3	395.0	11.5	7.6	593.5
0.0	16.9	444.3	11.4	6.5	593.5
0.0	16.4	441.1	11.4	6.5	593.5
0.0	17.2	438.6	11.4	7.1	593.5
0.0	16.9	441.7	11.4	7.5	593.5
0.0	17.7	437.4	11.3	7.6	593.5
0.0	18.7	425.1	11.3	7.7	593.5
0.0	19.6	404.3	11.3	7.8	593.5
0.0	20.3	415.3	11.2	7.8	593.5
0.0	20.8	410.5	11.2	7.5	593.5
0.0	20.9	406.5	11.2	7.3	593.5
0.0	16.2	355.4	11.2	6.7	593.5
0.0	10.8	429.6	11.1	5.3	593.5
0.0	13.4	417.8	11.1	6.0	593.5
0.0	17.5	390.2	11.1	6.6	593.5
0.0	19.0	333.6	11.0	5.5	593.5
0.1	19.7	329.8	11.0	5.5	593.5
0.0	21.0	242.2	11.0	5.7	594.7
0.0	21.7	172.7	11.0	5.4	594.7
0.2	21.4	184.1	10.9	5.4	594.7
0.0	22.0	237.4	10.9	5.3	594.7
0.0	23.1	292.7	10.9	6.1	594.7
1.4	23.4	243.5	10.9	6.9	594.7
2.0	16.7	36.1	10.8	2.5	594.7
10.9	18.3	105.2	10.8	3.5	594.7
1.3	12.9	50.0	10.8	4.0	594.7
0.3	13.3	126.1	10.8	3.4	594.7
1.0	16.5	297.3	10.7	4.6	594.7
2.0	16.5	98.6	10.7	3.6	594.7
0.0	18.0	215.9	10.7	4.7	594.7
0.0	22.1	313.1	10.7	6.2	594.7
0.0	22.1	261.6	10.6	5.6	594.7
0.4	23.3	254.8	10.6	4.8	594.7
0.0	17.1	156.7	10.6	6.7	594.7
0.6	14.7	265.1	10.6	3.7	594.7
1.8	15.6	76.7	10.6	3.1	594.7
1.3	14.0	56.4	10.5	2.1	594.7
0.1	14.5	311.4	10.5	4.4	594.7
0.5	14.5	225.9	10.5	3.7	594.7
0.0	15.8	264.8	10.5	4.0	594.7
0.4	18.3	299.9	10.5	5.1	594.7
5.2	15.3	32.5	10.4	3.6	594.7
28.6	11.6	19.1	10.4	1.7	594.7
2.5	11.0	22.9	10.4	1.5	594.7
2.2	12.4	96.9	10.4	2.4	594.7
2.8	13.7	53.6	10.4	1.9	594.7
0.3	16.2	98.8	10.4	3.2	594.7
0.3	16.9	129.8	10.3	3.6	596.7
2.6	7.8	32.3	10.3	4.4	596.7
0.5	3.2	122.0	10.3	1.5	596.7
0.4	7.9	188.7	10.3	3.1	596.7
0.0	6.8	85.1	10.3	2.4	596.7
0.0	7.8	294.6	10.3	4.1	596.7
0.0	-0.4	255.7	10.3	1.5	596.7
0.0	2.0	298.3	10.3	2.6	596.7
0.0	5.4	180.2	10.2	2.9	596.7
0.0	7.4	158.5	10.2	2.9	596.7
0.0	8.4	227.6	10.2	3.5	596.7
0.1	10.8	293.9	10.2	4.6	596.7
0.0	9.7	261.9	10.2	3.8	596.7
0.0	8.8	305.1	10.2	3.8	596.7
0.0	10.7	302.2	10.2	4.5	596.7
0.0	12.9	230.5	10.2	4.6	596.7
12.8	10.3	38.3	10.2	2.6	596.7
4.4	9.8	27.1	10.2	1.5	596.7
41.3	9.9	25.7	10.2	1.3	596.7
6.1	8.1	19.5	10.2	2.4	596.7
2.0	3.2	47.1	10.2	2.3	596.7
0.4	0.2	153.5	10.2	1.8	596.7
0.0	4.6	248.2	10.2	3.0	596.7
6.5	9.4	150.3	10.2	3.1	596.7
5.1	6.4	44.2	10.2	2.0	596.7
3.5	4.6	17.4	10.2	0.7	596.7
1.2	6.0	17.8	10.2	2.2	596.7
8.5	11.3	128.9	10.2	4.5	596.7
15.3	2.7	20.3	10.2	2.3	596.7
1.2	-1.6	188.4	10.2	1.6	596.7
0.0	-3.3	257.9	10.2	1.7	596.7
0.0	-1.2	307.8	10.2	2.3	599.3
1.7	1.2	232.3	10.2	2.2	599.3
2.0	-0.0	107.4	10.2	2.2	599.3
0.3	1.3	254.4	10.2	3.2	599.3
0.4	2.7	276.2	10.3	3.6	599.3
0.8	1.9	115.4	10.3	1.7	599.3
0.1	2.4	221.3	10.3	2.5	599.3
0.0	4.7	283.5	10.3	3.2	599.3
0.0	1.7	322.7	10.3	2.8	599.3
0.1	0.7	265.9	10.3	2.8	599.3
0.1	2.4	331.1	10.3	3.3	599.3
0.1	4.1	292.5	10.3	3.6	599.3
0.1	1.2	223.3	10.4	2.7	599.3
0.0	3.8	325.2	10.4	3.8	599.3
0.0	5.7	337.1	10.4	4.3	599.3
0.0	10.0	327.5	10.4	4.6	599.3
0.0	12.3	276.8	10.4	5.0	599.3
0.1	12.9	220.8	10.4	4.3	599.3
0.4	9.7	155.9	10.5	4.6	599.3
0.0	8.0	287.0	10.5	3.4	599.3
1.3	13.4	309.8	10.5	4.8	599.3
6.4	17.4	95.4	10.5	4.7	599.3
1.3	7.1	41.7	10.5	3.9	599.3
0.1	3.8	189.1	10.6	2.7	599.3
6.2	7.7	337.9	10.6	3.3	599.3
8.6	7.3	29.7	10.6	3.0	599.3
0.1	6.5	247.3	10.6	3.4	599.3
1.8	8.7	205.9	10.6	3.7	599.3
7.0	11.5	221.7	10.7	4.0	599.3
0.3	8.0	152.6	10.7	3.8	599.3
0.1	6.6	270.6	10.7	3.3	599.3
0.1	9.2	368.6	10.7	4.8	600.4
0.0	11.9	321.6	10.8	5.2	600.4
25.8	12.6	84.3	10.8	5.6	600.4
0.4	5.2	94.3	10.8	2.9	600.4
0.2	5.9	335.6	10.8	4.1	600.4
0.0	9.2	343.5	10.9	5.2	600.4
0.0	12.2	383.7	10.9	5.4	600.4
0.0	12.3	398.3	10.9	5.7	600.4
0.0	13.5	394.0	10.9	6.3	600.4
0.0	16.7	396.1	11.0	7.1	600.4
0.0	17.9	334.9	11.0	6.5	600.4
0.1	19.0	341.4	11.0	6.7	600.4
0.0	17.5	408.6	11.1	7.7	600.4
0.0	19.6	405.3	11.1	7.7	600.4
3.3	17.9	179.7	11.1	7.4	600.4
3.4	14.2	214.9	11.1	4.2	600.4
11.2	11.5	176.0	11.2	7.1	600.4
0.0	3.4	428.0	11.2	2.8	600.4
0.0	3.1	146.3	11.2	1.7	600.4
7.9	6.3	229.7	11.3	3.2	600.4
25.4	8.9	39.5	11.3	4.3	600.4
0.6	6.2	205.5	11.3	2.8	600.4
0.0	8.7	233.7	11.3	3.9	600.4
4.7	15.6	411.6	11.4	7.0	600.4
4.2	17.7	379.6	11.4	6.9	600.4
3.3	18.5	188.6	11.4	5.9	600.4
9.7	12.1	50.7	11.5	7.3	600.4
6.8	1.4	39.7	11.5	1.7	600.4
5.5	-0.8	62.9	11.5	1.4	600.4
3.2	0.6	198.2	11.5	2.0	600.6
5.7	1.4	63.5	11.6	1.4	600.6
18.0	2.2	24.6	11.6	1.2	600.6
68.6	4.5	31.7	11.6	3.4	600.6
24.4	8.0	39.2	11.7	2.7	600.6
17.4	7.6	60.5	11.7	1.8	600.6
20.9	6.5	48.5	11.7	3.0	600.6
0.4	4.8	174.4	11.8	3.9	600.6
0.2	8.2	484.7	11.8	5.8	600.6
4.4	10.2	204.2	11.8	4.5	600.6
13.5	9.6	44.4	11.8	4.2	600.6
5.0	5.5	71.0	11.9	2.5	600.6
0.7	6.3	211.6	11.9	3.4	600.6
15.3	10.6	174.9	11.9	4.7	600.6
0.1	19.1	284.1	12.0	8.0	600.6
12.8	21.6	433.7	12.0	6.8	600.6
5.0	9.6	87.9	12.0	7.9	600.6
0.0	9.9	361.7	12.1	5.3	600.6
18.9	9.8	203.3	12.1	4.8	600.6
21.5	13.8	106.6	12.1	6.7	600.6
16.9	14.1	63.6	12.2	6.8	600.6
22.5	9.1	47.9	12.2	4.2	600.6
0.2	7.2	175.3	12.2	4.5	600.6
32.8	14.2	98.3	12.2	8.5	600.6
19.7	15.2	211.5	12.3	9.7	600.6
0.0	11.8	476.2	12.3	6.3	600.6
1.0	11.5	531.7	12.3	8.4	600.6
41.7	7.8	188.5	12.4	4.0	600.6
35.1	8.6	39.1	12.4	2.7	600.6
20.0	5.5	85.0	12.4	4.8	600.6
0.0	8.6	584.1	12.5	5.6	600.6
0.0	12.7	580.6	12.5	7.9	600.9
4.2	15.7	543.0	12.5	8.0	600.9
23.7	14.7	32.2	12.6	5.8	600.9
9.4	11.2	53.4	12.6	4.5	600.9
0.0	12.7	453.9	12.6	6.5	600.9
0.0	15.3	574.2	12.6	7.9	600.9
0.0	16.1	262.1	12.7	6.5	600.9
0.1	20.1	520.6	12.7	9.0	600.9
12.2	22.6	485.3	12.7	8.9	600.9
6.3	23.3	450.2	12.8	8.0	600.9
11.3	22.3	168.4	12.8	8.1	600.9
0.0	14.4	326.9	12.8	6.9	600.9
0.0	16.0	598.5	12.8	8.5	600.9
11.8	15.2	274.5	12.9	7.6	600.9
2.4	15.9	563.3	12.9	7.6	600.9
43.9	15.8	69.0	12.9	7.5	600.9
2.0	21.8	223.9	13.0	7.3	600.9
27.3	16.9	71.6	13.0	9.3	600.9
16.1	15.6	126.0	13.0	5.6	600.9
0.2	14.4	293.0	13.0	8.1	600.9
0.0	14.5	580.5	13.1	9.6	600.9
8.1	15.2	416.9	13.1	6.9	600.9
6.6	13.1	175.8	13.1	6.3	600.9
0.0	16.0	647.1	13.2	8.7	600.9
0.1	18.4	625.5	13.2	10.1	600.9
0.1	20.2	418.0	13.2	9.7	600.9
7.4	20.4	141.5	13.2	5.5	600.9
0.8	21.8	395.3	13.3	8.3	600.9
39.4	22.2	100.2	13.3	6.0	600.9
45.5	23.4	101.9	13.3	6.6	600.9
45.4	22.8	102.9	13.3	10.3	601.1
1.8	17.1	106.3	13.4	5.3	601.1
0.0	19.7	604.0	13.4	9.2	601.1
0.1	20.4	428.0	13.4	9.9	601.1
0.0	21.3	488.1	13.4	9.0	601.1
43.6	20.2	91.0	13.5	5.6	601.1
1.7	17.7	105.3	13.5	6.3	601.1
5.4	18.4	173.0	13.5	5.9	601.1
0.9	20.0	197.2	13.5	8.0	601.1
0.5	23.3	486.8	13.6	9.8	601.1
0.0	23.6	241.8	13.6	7.9	601.1
15.2	24.6	447.8	13.6	9.7	601.1
0.0	25.4	493.2	13.6	10.3	601.1
12.3	26.4	580.2	13.6	10.5	601.1
16.3	17.2	58.3	13.7	10.4	601.1
1.2	18.1	302.1	13.7	7.4	601.1
0.0	20.7	621.8	13.7	9.4	601.1
0.0	23.3	644.1	13.7	11.0	601.1
0.0	24.2	527.6	13.8	10.2	601.1
35.6	24.6	542.2	13.8	10.7	601.1
0.4	17.8	190.2	13.8	9.0	601.1
0.1	20.2	664.1	13.8	10.9	601.1
0.0	22.3	657.6	13.8	11.3	601.1
0.0	22.9	392.6	13.8	9.7	601.1
10.4	20.8	87.5	13.9	5.5	601.1
3.5	23.4	361.8	13.9	8.9	601.1
33.3	22.5	108.0	13.9	7.4	601.1
0.0	22.3	656.6	13.9	11.3	601.1
0.0	21.6	683.0	13.9	11.5	601.1
0.0	23.4	661.5	13.9	12.1	601.1
0.0	23.3	458.5	13.9	11.3	601.1
1.8	24.6	658.2	14.0	12.9	599.3
1.1	25.2	660.9	14.0	13.2	599.3
0.0	26.1	635.3	14.0	12.6	599.3
0.0	27.5	669.6	14.0	12.4	599.3
8.3	27.3	639.7	14.0	12.6	599.3
4.6	26.9	650.3	14.0	11.8	599.3
0.1	27.7	656.3	14.0	11.1	599.3
0.1	28.3	655.8	14.0	11.7	599.3
11.2	27.4	545.4	14.0	11.2	599.3
19.5	25.3	305.5	14.0	9.8	599.3
13.8	26.1	577.6	14.1	10.3	599.3
12.1	26.2	424.9	14.1	9.2	599.3
11.7	25.8	288.1	14.1	9.4	599.3
17.9	26.1	405.4	14.1	10.0	599.3
9.3	27.0	572.4	14.1	11.6	599.3
1.0	27.7	574.9	14.1	10.2	599.3
0.0	27.9	638.8	14.1	11.7	599.3
0.0	27.0	576.6	14.1	9.5	599.3
17.1	27.2	462.6	14.1	10.0	599.3
11.7	28.0	557.9	14.1	10.6	599.3
18.6	28.1	436.9	14.1	10.5	599.3
5.7	24.5	256.8	14.1	10.0	599.3
1.6	23.8	111.1	14.1	5.7	599.3
4.4	24.7	141.5	14.1	7.6	599.3
1.3	22.3	76.4	14.1	5.9	599.3
0.3	22.0	387.4	14.1	8.3	599.3
0.1	21.7	635.8	14.1	9.1	599.3
0.0	21.8	530.2	14.1	8.6	599.3
0.0	22.3	502.2	14.1	10.1	599.3
0.0	24.2	647.0	14.1	10.9	599.3
0.0	25.4	670.6	14.0	11.4	595.7
0.2	28.1	648.0	14.0	11.2	595.7
0.3	30.1	614.8	14.0	11.2	595.7
14.2	28.8	438.9	14.0	11.9	595.7
28.0	26.4	298.7	14.0	8.4	595.7
5.9	27.4	570.6	14.0	10.9	595.7
3.7	28.1	629.5	14.0	11.7	595.7
5.7	28.0	601.7	14.0	11.5	595.7
38.2	26.5	440.0	14.0	8.9	595.7
25.5	25.2	239.4	14.0	6.8	595.7
27.8	24.7	283.6	14.0	6.4	595.7
3.4	24.1	54.9	13.9	4.8	595.7
1.5	24.2	310.2	13.9	7.2	595.7
1.2	24.6	547.6	13.9	9.7	595.7
8.6	23.9	503.5	13.9	9.5	595.7
0.6	25.0	575.6	13.9	9.7	595.7
0.7	26.4	570.9	13.9	9.9	595.7
6.6	26.9	488.2	13.8	10.8	595.7
5.5	27.6	645.9	13.8	12.3	595.7
2.4	28.3	628.9	13.8	11.7	595.7
0.3	29.6	624.3	13.8	10.6	595.7
10.7	28.4	544.6	13.8	11.0	595.7
17.2	28.3	493.1	13.8	9.1	595.7
19.9	28.5	437.3	13.7	8.8	595.7
4.2	28.6	524.2	13.7	10.3	595.7
0.0	29.2	636.2	13.7	10.7	595.7
7.7	28.7	606.7	13.7	11.0	595.7
13.4	28.4	535.0	13.7	9.6	595.7
6.3	28.4	531.8	13.6	9.7	595.7
16.8	27.5	549.3	13.6	11.1	595.7
5.9	27.0	599.4	13.6	11.3	595.7
0.2	26.6	544.1	13.6	9.5	594.1
9.5	26.6	395.8	13.6	8.3	594.1
20.9	27.2	410.3	13.5	9.8	594.1
12.3	27.7	554.5	13.5	10.4	594.1
11.6	28.0	557.4	13.5	10.3	594.1
7.0	28.2	575.0	13.5	9.7	594.1
3.9	28.8	600.4	13.4	10.7	594.1
4.6	28.5	474.0	13.4	9.9	594.1
4.9	28.8	473.0	13.4	9.8	594.1
8.2	28.5	557.6	13.4	10.9	594.1
10.1	28.2	574.2	13.3	10.5	594.1
7.3	28.2	519.4	13.3	9.7	594.1
15.3	27.4	520.1	13.3	8.9	594.1
19.3	26.9	446.6	13.3	8.8	594.1
22.3	26.8	314.0	13.2	8.5	594.1
20.6	26.1	225.9	13.2	7.5	594.1
24.1	25.2	292.8	13.2	7.2	594.1
14.0	25.9	420.4	13.2	8.7	594.1
12.1	26.8	521.5	13.1	9.4	594.1
6.0	27.0	507.1	13.1	9.7	594.1
2.2	27.6	556.0	13.1	10.2	594.1
18.5	26.6	469.8	13.0	8.0	594.1
17.4	26.6	397.7	13.0	7.8	594.1
10.8	26.9	517.3	13.0	9.0	594.1
19.2	25.7	224.7	13.0	7.4	594.1
3.6	26.0	227.6	12.9	7.4	594.1
12.9	26.9	513.8	12.9	8.4	594.1
10.5	27.2	523.5	12.9	8.8	594.1
7.1	27.1	449.8	12.8	9.3	594.1
9.2	27.2	469.9	12.8	9.1	594.1
9.4	26.7	475.3	12.8	9.1	594.1
0.3	26.6	495.9	12.8	8.8	594.0
0.0	24.8	444.0	12.7	8.1	594.0
1.1	24.3	416.5	12.7	7.2	594.0
19.1	24.2	60.3	12.7	4.8	594.0
23.9	25.2	27.7	12.6	4.5	594.0
20.8	26.1	131.9	12.6	5.2	594.0
3.7	26.1	41.4	12.6	4.0	594.0
0.5	26.2	61.1	12.6	4.5	594.0
1.1	26.6	105.2	12.5	5.6	594.0
8.4	27.3	404.9	12.5	8.1	594.0
12.0	27.7	437.2	12.5	8.7	594.0
2.8	28.4	490.0	12.4	8.9	594.0
8.3	28.0	491.9	12.4	9.9	594.0
11.1	24.8	412.3	12.4	7.0	594.0
0.4	24.7	101.0	12.3	5.0	594.0
6.3	25.8	347.2	12.3	7.6	594.0
0.4	26.0	396.2	12.3	7.9	594.0
0.5	26.5	434.2	12.3	7.9	594.0
0.1	27.0	491.3	12.2	7.6	594.0
1.1	27.0	415.3	12.2	6.7	594.0
3.3	23.3	72.1	12.2	6.4	594.0
0.1	21.6	376.8	12.1	6.8	594.0
0.0	21.8	496.0	12.1	7.1	594.0
0.3	23.1	398.1	12.1	7.3	594.0
0.0	23.5	493.7	12.0	8.4	594.0
0.0	25.2	489.0	12.0	8.2	594.0
2.2	25.9	353.5	12.0	7.8	594.0
0.2	24.6	259.3	12.0	7.8	594.0
0.0	24.9	469.5	11.9	8.6	594.0
0.1	23.6	226.6	11.9	8.0	594.0
0.0	18.3	412.9	11.9	8.3	594.4
0.0	15.2	446.3	11.8	6.2	594.4
0.0	15.3	504.6	11.8	7.6	594.4
0.0	19.1	492.0	11.8	8.0	594.4
0.0	19.5	475.0	11.7	8.8	594.4
0.0	20.3	483.6	11.7	8.8	594.4
0.0	22.0	462.1	11.7	8.3	594.4
0.0	22.3	379.9	11.7	8.1	594.4
0.0	21.2	333.8	11.6	7.3	594.4
0.0	19.9	202.8	11.6	7.4	594.4
0.0	18.5	472.4	11.6	6.2	594.4
0.0	19.0	405.4	11.5	7.8	594.4
0.0	19.8	344.8	11.5	7.8	594.4
0.0	22.0	411.4	11.5	8.4	594.4
0.0	24.0	416.0	11.4	8.4	594.4
7.5	23.0	201.8	11.4	7.9	594.4
1.2	16.6	44.9	11.4	6.0	594.4
0.0	14.7	360.4	11.4	5.1	594.4
0.0	15.8	418.3	11.3	6.4	594.4
0.0	17.1	421.8	11.3	6.8	594.4
0.0	19.0	363.5	11.3	6.7	594.4
0.0	20.4	384.6	11.2	6.9	594.4
0.0	21.6	332.7	11.2	6.4	594.4
0.0	21.3	193.0	11.2	5.7	594.4
0.0	20.1	360.3	11.2	6.2	594.4
0.0	21.3	390.5	11.1	6.3	594.4
0.0	22.9	357.0	11.1	6.5	594.4
0.0	24.0	369.6	11.1	7.2	594.4
0.1	25.0	369.1	11.0	6.9	594.4
0.6	19.2	101.1	11.0	6.0	594.4
0.2	18.1	375.4	11.0	5.5	594.4
4.4	16.0	41.0	11.0	2.2	595.6
4.7	17.0	59.6	10.9	3.5	595.6
5.1	13.5	61.3	10.9	4.5	595.6
0.7	9.8	191.3	10.9	3.0	595.6
0.0	7.6	212.5	10.9	3.5	595.6
18.4	7.4	58.0	10.8	1.7	595.6
0.1	9.0	372.0	10.8	4.5	595.6
0.1	10.9	310.1	10.8	4.6	595.6
0.1	14.0	247.5	10.8	4.6	595.6
0.0	13.4	333.7	10.7	5.2	595.6
0.1	9.8	294.3	10.7	3.8	595.6
0.1	10.5	245.8	10.7	4.3	595.6
0.8	11.7	190.2	10.7	3.7	595.6
0.1	11.8	97.4	10.6	3.9	595.6
0.0	11.4	319.6	10.6	4.6	595.6
0.0	13.3	210.7	10.6	4.3	595.6
0.0	11.4	81.0	10.6	3.8	595.6
0.1	11.7	336.4	10.6	4.5	595.6
0.0	11.0	300.6	10.5	4.5	595.6
0.0	12.3	341.2	10.5	5.0	595.6
0.0	13.2	335.8	10.5	5.0	595.6
0.0	10.7	267.2	10.5	5.2	595.6
0.0	5.9	347.2	10.5	3.5	595.6
0.0	6.6	347.1	10.4	4.1	595.6
0.0	9.3	345.4	10.4	4.9	595.6
0.0	14.5	315.8	10.4	6.0	595.6
0.1	16.1	136.4	10.4	4.5	595.6
0.5	15.5	56.7	10.4	3.2	595.6
0.3	13.7	89.3	10.4	3.4	595.6
0.2	14.1	277.3	10.3	4.1	595.6
0.0	11.0	131.8	10.3	3.9	597.6
0.0	12.8	306.3	10.3	4.9	597.6
1.8	14.2	244.1	10.3	4.5	597.6
1.1	11.5	15.3	10.3	1.7	597.6
3.8	11.8	106.0	10.3	2.7	597.6
12.9	11.0	137.5	10.3	3.0	597.6
17.5	9.4	23.9	10.3	1.0	597.6
0.4	8.3	38.3	10.2	2.7	597.6
0.2	8.0	306.7	10.2	3.6	597.6
1.0	8.1	167.2	10.2	3.9	597.6
0.7	9.8	218.5	10.2	4.0	597.6
0.1	9.7	153.9	10.2	2.6	597.6
4.9	6.9	41.7	10.2	2.1	597.6
0.7	4.5	70.2	10.2	2.0	597.6
0.0	6.1	300.0	10.2	3.2	597.6
0.0	4.1	304.7	10.2	3.0	597.6
0.0	5.8	294.8	10.2	3.6	597.6
0.1	9.3	297.1	10.2	4.5	597.6
0.3	7.6	218.2	10.2	3.6	597.6
0.2	7.6	189.6	10.2	3.6	597.6
0.1	10.2	287.7	10.2	4.4	597.6
0.0	13.0	301.2	10.2	5.1	597.6
0.7	15.8	271.6	10.2	5.2	597.6
13.0	10.0	33.8	10.2	2.1	597.6
13.9	10.1	36.4	10.2	2.3	597.6
4.4	4.0	16.1	10.2	2.8	597.6
0.1	-0.2	244.2	10.2	1.8	597.6
0.0	-0.9	303.1	10.2	1.7	597.6
0.0	-1.6	68.1	10.2	1.4	597.6
0.0	-0.2	316.4	10.2	2.5	597.6
0.5	2.2	147.3	10.2	2.4	597.6
0.9	5.4	46.9	10.2	2.1	600.2
1.3	7.9	71.5	10.2	2.2	600.2
1.2	6.1	128.9	10.2	3.0	600.2
0.6	2.4	82.9	10.3	1.1	600.2
0.0	7.1	225.4	10.3	3.1	600.2
13.6	12.3	109.3	10.3	3.5	600.2
6.2	12.2	35.7	10.3	3.4	600.2
3.9	5.9	61.4	10.3	2.5	600.2
0.2	2.7	219.0	10.3	2.8	600.2
0.2	3.8	283.5	10.3	3.5	600.2
0.2	5.2	255.8	10.3	3.8	600.2
0.1	11.3	278.3	10.4	4.9	600.2
5.7	11.8	245.4	10.4	5.9	600.2
0.0	0.5	304.4	10.4	2.4	600.2
0.0	1.4	319.2	10.4	2.9	600.2
0.0	4.3	340.9	10.4	3.7	600.2
0.0	2.2	344.5	10.4	3.3	600.2
0.0	2.9	351.5	10.5	3.4	600.2
0.1	4.9	339.5	10.5	3.4	600.2
0.0	2.1	325.0	10.5	3.1	600.2
0.0	4.6	359.0	10.5	4.0	600.2
0.0	7.7	355.3	10.5	5.0	600.2
0.0	10.1	350.3	10.6	5.4	600.2
0.0	13.3	352.5	10.6	6.4	600.2
0.1	13.1	348.8	10.6	6.0	600.2
0.0	9.0	238.5	10.6	4.1	600.2
0.0	10.4	329.1	10.6	4.6	600.2
0.0	9.3	271.6	10.7	4.0	600.2
0.0	11.5	343.5	10.7	5.0	600.2
0.0	13.1	242.5	10.7	5.1	600.2
0.0	13.8	225.3	10.7	5.3	600.2
1.4	17.0	354.5	10.8	6.4	601.3
6.5	14.7	54.6	10.8	2.4	601.3
1.6	17.3	101.5	10.8	3.5	601.3
7.0	17.8	193.0	10.8	4.5	601.3
1.2	16.7	62.7	10.9	3.5	601.3
0.3	18.6	258.6	10.9	5.0	601.3
1.4	13.4	351.8	10.9	7.5	601.3
0.0	4.6	353.8	10.9	3.1	601.3
0.0	3.3	379.0	11.0	3.0	601.3
5.0	7.8	393.6	11.0	4.4	601.3
0.5	7.1	172.2	11.0	3.2	601.3
0.0	7.8	412.4	11.0	4.2	601.3
0.0	9.9	403.8	11.1	5.0	601.3
0.0	14.5	372.8	11.1	6.4	601.3
0.9	16.9	131.6	11.1	4.8	601.3
0.7	18.0	159.2	11.2	5.9	601.3
0.8	12.3	102.6	11.2	4.0	601.3
0.8	16.4	192.9	11.2	7.1	601.3
0.1	18.4	284.2	11.2	7.0	601.3
4.1	12.9	215.6	11.3	8.4	601.3
0.2	7.5	204.7	11.3	3.5	601.3
9.0	10.0	404.3	11.3	4.7	601.3
13.6	9.0	34.7	11.4	3.2	601.3
16.1	15.1	41.9	11.4	4.5	601.3
6.2	12.1	47.8	11.4	4.8	601.3
7.6	9.4	63.0	11.4	1.8	601.3
6.4	9.1	64.9	11.5	2.6	601.3
18.5	8.2	21.3	11.5	1.8	601.3
3.6	8.5	120.2	11.5	2.7	601.5
9.7	8.8	33.3	11.6	2.7	601.5
40.7	11.1	27.2	11.6	3.8	601.5
17.7	8.9	30.3	11.6	1.8	601.5
4.5	6.0	30.4	11.7	3.2	601.5
10.8	4.4	62.4	11.7	1.3	601.5
0.0	5.5	213.8	11.7	3.3	601.5
0.5	7.5	391.1	11.8	4.6	601.5
0.2	9.5	483.1	11.8	5.6	601.5
2.0	13.0	411.2	11.8	6.6	601.5
27.1	10.3	68.6	11.8	5.0	601.5
0.0	7.2	511.2	11.9	4.7	601.5
0.0	5.7	443.5	11.9	4.7	601.5
11.0	7.0	278.8	11.9	4.0	601.5
40.1	5.4	45.0	12.0	2.7	601.5
2.0	4.4	71.7	12.0	2.1	601.5
0.0	7.1	458.6	12.0	5.1	601.5
7.7	10.9	499.0	12.1	6.5	601.5
27.1	6.2	54.8	12.1	2.8	601.5
1.8	5.0	46.3	12.1	2.0	601.5
0.0	6.4	311.1	12.1	4.2	601.5
0.7	9.8	288.1	12.2	5.6	601.5
0.8	13.6	250.5	12.2	6.5	601.5
1.1	15.6	365.8	12.2	6.8	601.5
45.0	15.4	130.7	12.3	5.0	601.5
8.8	15.6	58.0	12.3	6.3	601.5
22.6	9.9	67.2	12.3	3.7	601.5
1.5	9.1	152.7	12.4	4.0	601.5
0.2	12.8	429.2	12.4	7.0	601.5
4.0	16.3	299.3	12.4	7.6	601.5
9.3	17.9	100.5	12.5	5.1	601.5
6.7	20.5	356.1	12.5	7.5	601.8
34.7	14.7	384.0	12.5	11.4	601.8
1.2	8.4	99.7	12.5	3.7	601.8
0.8	11.4	244.2	12.6	5.9	601.8
10.5	12.7	147.8	12.6	5.5	601.8
28.9	13.5	66.2	12.6	4.5	601.8
17.3	9.2	66.2	12.7	5.3	601.8
0.2	8.9	219.5	12.7	4.7	601.8
0.0	9.2	602.7	12.7	7.4	601.8
0.1	7.2	536.8	12.8	5.8	601.8
0.0	8.4	620.8	12.8	5.9	601.8
0.0	11.9	607.0	12.8	7.6	601.8
0.0	15.2	609.5	12.8	8.3	601.8
0.7	17.5	575.7	12.9	8.7	601.8
23.3	16.7	32.9	12.9	5.6	601.8
2.4	15.8	93.7	12.9	6.5	601.8
0.0	16.8	614.1	13.0	9.3	601.8
1.6	21.0	490.0	13.0	9.9	601.8
15.8	23.2	345.1	13.0	9.4	601.8
3.1	25.9	556.2	13.0	10.3	601.8
2.1	15.0	204.9	13.1	10.8	601.8
0.0	13.9	448.4	13.1	6.5	601.8
38.8	11.6	87.3	13.1	6.0	601.8
3.4	10.8	102.3	13.2	3.6	601.8
0.8	13.3	450.4	13.2	7.3	601.8
5.8	17.5	430.3	13.2	8.1	601.8
22.5	19.3	69.2	13.2	6.5	601.8
8.5	16.5	80.7	13.3	5.9	601.8
0.0	18.8	632.1	13.3	9.1	601.8
0.0	21.6	632.8	13.3	9.8	601.8
21.0	23.7	455.9	13.3	11.2	602.0
0.1	14.9	312.1	13.4	7.2	602.0
17.0	16.0	397.3	13.4	6.1	602.0
44.1	14.1	47.9	13.4	4.0	602.0
11.9	12.5	34.0	13.4	1.9	602.0
2.2	12.4	80.7	13.5	3.4	602.0
20.2	13.4	137.7	13.5	4.8	602.0
7.2	13.7	70.8	13.5	4.2	602.0
0.6	15.8	280.7	13.5	7.1	602.0
0.0	18.4	599.3	13.6	10.0	602.0
0.0	19.1	648.3	13.6	10.3	602.0
0.5	21.0	581.5	13.6	10.7	602.0
0.1	18.1	510.7	13.6	8.2	602.0
0.2	21.0	584.9	13.6	10.4	602.0
0.0	23.5	630.9	13.7	11.6	602.0
0.0	25.8	636.9	13.7	10.9	602.0
36.8	25.5	381.7	13.7	9.7	602.0
6.7	19.2	165.7	13.7	8.8	602.0
0.0	16.7	179.3	13.7	8.3	602.0
0.0	19.3	686.6	13.8	10.8	602.0
6.6	21.2	630.7	13.8	9.2	602.0
31.5	22.3	122.4	13.8	7.8	602.0
38.3	23.6	100.2	13.8	6.1	602.0
8.0	23.1	56.7	13.8	4.8	602.0
10.2	23.6	109.7	13.9	5.6	602.0
19.0	25.0	191.5	13.9	7.1	602.0
3.5	24.9	425.8	13.9	9.6	602.0
0.1	24.7	526.1	13.9	11.0	602.0
0.0	23.4	577.2	13.9	9.9	602.0
10.8	21.6	219.5	13.9	6.1	602.0
4.6	20.7	170.7	13.9	6.6	602.0
0.0	21.4	562.8	14.0	9.3	600.1
0.1	20.9	582.1	14.0	10.1	600.1
0.0	20.0	598.5	14.0	9.6	600.1
0.0	21.6	566.5	14.0	9.1	600.1
9.8	22.0	312.2	14.0	8.8	600.1
52.3	19.9	80.0	14.0	3.9	600.1
18.2	19.5	83.6	14.0	4.6	600.1
3.7	20.2	181.9	14.0	6.1	600.1
2.1	20.0	46.5	14.0	3.5	600.1
1.5	21.2	88.7	14.0	5.6	600.1
1.2	23.2	316.1	14.1	8.2	600.1
0.1	24.6	617.3	14.1	10.2	600.1
0.0	25.6	518.9	14.1	9.9	600.1
20.1	23.8	100.3	14.1	6.6	600.1
0.1	25.4	609.2	14.1	11.2	600.1
0.5	25.6	665.1	14.1	12.5	600.1
0.0	26.1	617.1	14.1	12.6	600.1
0.0	25.9	247.8	14.1	9.1	600.1
4.2	25.3	218.9	14.1	6.8	600.1
1.5	25.2	155.2	14.1	6.6	600.1
5.9	26.2	327.8	14.1	8.3	600.1
17.4	25.9	110.3	14.1	5.7	600.1
2.3	26.3	450.3	14.1	10.5	600.1
14.8	23.2	125.2	14.1	5.1	600.1
18.7	21.4	27.9	14.1	7.6	600.1
0.6	21.1	161.4	14.1	7.1	600.1
0.4	24.3	491.1	14.1	10.3	600.1
0.2	26.6	466.7	14.1	10.9	600.1
43.8	24.6	138.4	14.1	8.5	600.1
7.2	23.8	30.5	14.1	5.4	600.1
1.4	24.5	105.8	14.0	6.4	596.6
4.8	25.9	536.4	14.0	10.1	596.6
0.1	27.5	640.1	14.0	11.2	596.6
0.7	28.5	661.9	14.0	11.0	596.6
9.8	28.0	560.2	14.0	10.3	596.6
14.7	28.1	464.9	14.0	11.3	596.6
8.2	28.7	465.8	14.0	10.8	596.6
10.1	29.1	538.3	14.0	10.6	596.6
17.4	27.7	278.1	14.0	8.9	596.6
17.9	27.6	398.5	14.0	9.5	596.6
14.9	28.2	441.8	14.0	9.6	596.6
0.0	28.3	633.5	13.9	11.1	596.6
0.1	28.7	551.9	13.9	10.3	596.6
9.2	27.7	248.1	13.9	8.7	596.6
12.0	28.2	284.1	13.9	9.1	596.6
22.3	27.9	338.7	13.9	9.5	596.6
15.8	28.2	418.4	13.9	10.9	596.6
22.5	27.6	352.2	13.9	8.8	596.6
40.7	26.6	158.9	13.8	5.5	596.6
24.9	27.3	470.6	13.8	8.8	596.6
20.2	27.6	336.9	13.8	9.4	596.6
23.8	27.1	273.8	13.8	8.6	596.6
16.2	27.7	421.9	13.8	8.8	596.6
30.6	26.8	322.0	13.7	7.7	596.6
32.4	25.9	173.5	13.7	6.2	596.6
11.9	26.5	320.5	13.7	8.9	596.6
15.8	27.8	423.7	13.7	9.9	596.6
22.2	27.3	342.9	13.7	9.2	596.6
0.8	27.0	285.9	13.6	8.9	596.6
7.8	27.1	575.6	13.6	10.3	596.6
2.4	26.7	512.7	13.6	9.9	596.6
0.1	26.5	405.9	13.6	9.2	594.9
0.0	27.0	563.5	13.6	10.0	594.9
0.1	27.8	618.4	13.5	10.5	594.9
0.2	28.7	594.1	13.5	10.6	594.9
0.0	29.0	599.3	13.5	10.9	594.9
0.1	29.7	551.6	13.5	11.6	594.9
1.0	31.0	593.8	13.4	11.9	594.9
12.2	29.9	516.0	13.4	12.6	594.9
12.4	28.9	573.6	13.4	11.9	594.9
15.7	27.7	468.9	13.4	9.2	594.9
2.0	27.0	406.5	13.3	8.3	594.9
4.7	26.5	290.6	13.3	6.8	594.9
4.0	25.8	108.6	13.3	5.5	594.9
0.9	26.0	302.8	13.3	8.8	594.9
0.0	26.7	534.8	13.2	10.1	594.9
0.0	28.5	603.8	13.2	10.3	594.9
4.1	29.4	503.3	13.2	10.8	594.9
4.2	25.9	94.6	13.2	5.1	594.9
20.1	27.7	367.9	13.1	9.8	594.9
17.8	27.5	438.6	13.1	8.7	594.9
10.8	27.6	483.6	13.1	8.9	594.9
10.9	27.9	421.4	13.0	8.5	594.9
11.2	28.2	401.3	13.0	8.7	594.9
15.9	27.9	296.4	13.0	8.2	594.9
6.3	27.2	257.2	13.0	8.3	594.9
0.0	28.7	501.6	12.9	10.2	594.9
0.5	28.2	429.3	12.9	9.2	594.9
0.0	27.9	381.6	12.9	7.7	594.9
25.4	26.8	320.3	12.9	8.3	594.9
31.5	25.7	314.0	12.8	6.9	594.9
14.3	26.0	357.6	12.8	7.1	594.9
21.3	26.6	426.4	12.8	8.3	594.9
15.7	26.8	413.1	12.7	8.9	594.9
16.6	26.6	396.8	12.7	8.6	594.9
7.1	27.4	489.6	12.7	9.1	594.9
5.9	27.8	516.3	12.6	9.0	594.9
0.1	28.1	537.9	12.6	9.3	594.9
0.2	28.8	516.3	12.6	9.1	594.9
26.5	27.0	388.0	12.6	8.0	594.9
16.2	23.0	282.2	12.5	7.6	594.9
0.1	21.2	297.5	12.5	6.5	594.9
0.0	20.4	149.1	12.5	4.7	594.9
0.0	21.6	449.6	12.4	7.7	594.9
0.0	21.6	542.0	12.4	8.3	594.9
0.0	22.1	548.0	12.4	9.2	594.9
0.0	24.4	531.2	12.4	9.3	594.9
0.0	25.4	504.0	12.3	9.1	594.9
0.1	24.8	182.8	12.3	5.9	594.9
0.0	24.2	317.0	12.3	7.7	594.9
0.0	24.2	520.3	12.2	9.4	594.9
0.0	24.5	520.3	12.2	9.6	594.9
0.0	25.3	496.2	12.2	9.3	594.9
0.0	24.0	239.8	12.1	8.4	594.9
0.0	23.6	413.4	12.1	8.6	594.9
0.0	22.2	512.8	12.1	9.2	594.9
0.0	22.1	514.1	12.1	9.1	594.9
0.0	22.8	507.4	12.0	9.7	594.9
0.0	24.0	508.5	12.0	10.3	594.9
0.0	23.5	507.7	12.0	9.4	594.9
0.0	24.3	491.7	11.9	9.3	594.9
0.0	23.5	465.5	11.9	9.1	594.9
0.0	25.1	328.8	11.9	8.4	595.2
6.1	19.6	60.0	11.8	7.1	595.2
0.4	16.1	63.2	11.8	3.1	595.2
0.0	17.7	451.4	11.8	6.4	595.2
0.0	18.7	464.7	11.8	6.7	595.2
0.0	19.0	434.1	11.7	6.6	595.2
0.0	19.7	470.8	11.7	7.4	595.2
0.0	21.4	459.9	11.7	7.7	595.2
0.0	22.4	433.2	11.6	7.4	595.2
0.0	23.1	399.3	11.6	8.6	595.2
0.0	24.3	446.8	11.6	8.7	595.2
0.0	24.9	441.9	11.5	8.4	595.2
0.0	26.0	422.2	11.5	8.3	595.2
6.4	24.0	340.8	11.5	9.5	595.2
0.1	14.8	185.2	11.5	5.8	595.2
0.0	14.1	441.3	11.4	5.3	595.2
0.1	18.8	416.6	11.4	7.0	595.2
0.0	21.2	341.8	11.4	7.0	595.2
0.2	23.3	359.8	11.3	7.4	595.2
5.5	21.0	218.1	11.3	6.9	595.2
0.3	12.7	112.1	11.3	5.9	595.2
0.0	13.0	392.4	11.3	5.0	595.2
0.0	14.3	123.2	11.2	4.8	595.2
0.0	15.6	415.9	11.2	5.7	595.2
0.0	16.0	233.8	11.2	5.2	595.2
0.0	17.6	372.7	11.1	5.7	595.2
0.0	19.6	226.1	11.1	5.8	595.2
13.4	17.4	109.2	11.1	4.6	595.2
1.1	16.2	104.6	11.1	4.4	595.2
0.3	17.3	224.7	11.0	5.0	595.2
0.2	17.8	162.8	11.0	5.3	595.2
0.0	17.5	340.7	11.0	4.8	596.4
1.6	17.0	187.2	10.9	3.9	596.4
5.3	15.9	35.9	10.9	2.4	596.4
9.6	17.7	44.2	10.9	3.0	596.4
1.0	11.2	149.3	10.9	5.0	596.4
0.0	10.7	388.9	10.8	4.7	596.4
0.0	13.0	349.0	10.8	5.7	596.4
0.0	15.6	343.9	10.8	5.9	596.4
0.0	17.9	359.1	10.8	5.8	596.4
0.0	19.5	339.0	10.7	5.6	596.4
0.6	19.5	158.3	10.7	4.2	596.4
2.6	16.6	157.6	10.7	4.9	596.4
0.5	12.9	218.8	10.7	3.9	596.4
0.2	13.6	288.0	10.7	4.5	596.4
0.0	10.3	359.3	10.6	4.3	596.4
0.0	10.1	299.8	10.6	4.2	596.4
0.0	7.6	353.7	10.6	3.4	596.4
0.0	8.1	351.6	10.6	4.3	596.4
0.0	10.4	341.7	10.5	4.6	596.4
0.0	16.0	257.5	10.5	5.3	596.4
2.3	18.1	176.6	10.5	5.6	596.4
2.4	11.7	181.8	10.5	3.8	596.4
0.0	8.2	285.2	10.5	3.3	596.4
0.0	5.4	272.2	10.4	3.6	596.4
0.0	8.4	342.0	10.4	4.2	596.4
0.0	8.8	131.1	10.4	4.0	596.4
0.0	3.1	127.0	10.4	1.9	596.4
0.0	3.7	208.0	10.4	2.8	596.4
0.0	6.0	331.0	10.4	3.8	596.4
0.0	8.4	253.5	10.3	4.2	596.4
0.0	15.8	306.5	10.3	5.6	598.4
0.2	17.1	150.2	10.3	5.1	598.4
9.2	17.7	224.7	10.3	5.2	598.4
48.9	11.1	30.2	10.3	3.0	598.4
23.8	7.5	25.2	10.3	1.5	598.4
2.7	6.4	51.4	10.3	1.6	598.4
0.6	6.6	198.5	10.3	2.7	598.4
0.5	9.0	152.9	10.3	2.9	598.4
1.3	10.4	138.1	10.2	3.6	598.4
0.3	8.6	168.4	10.2	2.9	598.4
1.6	10.8	156.5	10.2	3.3	598.4
20.0	9.8	128.8	10.2	3.7	598.4
0.0	2.1	161.4	10.2	2.5	598.4
0.0	1.8	310.4	10.2	2.7	598.4
0.1	3.6	267.7	10.2	3.0	598.4
0.0	4.5	266.6	10.2	2.6	598.4
0.0	5.9	290.0	10.2	3.4	598.4
0.0	2.6	311.9	10.2	2.4	598.4
0.0	3.9	296.8	10.2	2.7	598.4
0.0	6.5	183.6	10.2	3.2	598.4
0.1	7.7	294.8	10.2	3.9	598.4
0.0	10.0	299.2	10.2	4.4	598.4
9.1	11.0	188.2	10.2	4.4	598.4
1.4	0.9	72.7	10.2	2.2	598.4
0.0	0.2	313.4	10.2	2.2	598.4
0.0	4.3	307.9	10.2	3.6	598.4
0.0	7.5	310.7	10.2	4.3	598.4
0.0	10.1	311.8	10.2	4.6	598.4
0.0	12.7	297.8	10.2	4.9	598.4
0.0	15.6	291.9	10.2	5.2	598.4
3.0	14.1	106.3	10.2	5.2	598.4
0.6	4.5	69.5	10.2	1.7	601.0
0.0	3.6	282.2	10.2	2.9	601.0
0.1	3.2	229.3	10.2	3.2	601.0
0.0	1.6	316.4	10.3	2.6	601.0
0.0	3.4	318.5	10.3	3.2	601.0
0.0	3.6	317.3	10.3	3.4	601.0
0.0	3.2	272.7	10.3	3.0	601.0
0.1	5.8	147.7	10.3	2.9	601.0
0.0	7.1	90.6	10.3	2.8	601.0
0.0	1.2	328.1	10.3	2.9	601.0
0.0	-2.7	340.2	10.3	2.0	601.0
0.0	1.4	343.1	10.4	3.4	601.0
0.0	7.1	280.2	10.4	4.5	601.0
0.0	10.3	324.9	10.4	5.1	601.0
13.7	10.9	190.5	10.4	4.9	601.0
0.7	3.9	71.5	10.4	2.3	601.0
0.0	5.6	340.1	10.4	3.5	601.0
0.0	8.5	276.5	10.5	4.2	601.0
0.0	5.1	339.4	10.5	3.3	601.0
0.0	11.4	342.3	10.5	5.2	601.0
0.2	14.6	334.9	10.5	5.6	601.0
0.6	17.4	274.8	10.5	5.7	601.0
1.2	10.2	80.6	10.5	4.0	601.0
0.0	6.9	191.3	10.6	3.3	601.0
0.0	10.2	360.8	10.6	4.9	601.0
0.0	13.8	366.7	10.6	5.8	601.0
1.5	12.6	96.1	10.6	4.6	601.0
0.0	12.3	339.7	10.7	5.1	601.0
0.0	14.0	367.0	10.7	5.9	601.0
0.0	17.2	343.1	10.7	6.4	601.0
0.3	16.3	161.7	10.7	4.5	601.0
11.4	18.5	284.6	10.8	6.3	602.1
4.3	5.1	36.1	10.8	4.8	602.1
8.6	5.0	202.5	10.8	2.5	602.1
23.7	8.7	34.6	10.8	2.6	602.1
8.6	6.5	32.9	10.9	3.2	602.1
0.7	3.1	61.6	10.9	1.5	602.1
0.0	0.6	382.8	10.9	2.8	602.1
0.0	3.2	401.3	10.9	3.5	602.1
0.0	5.9	275.4	11.0	4.2	602.1
0.0	9.3	408.1	11.0	5.3	602.1
0.2	15.4	340.6	11.0	6.1	602.1
3.1	10.7	36.1	11.0	5.9	602.1
5.7	5.1	234.2	11.1	3.7	602.1
5.6	0.3	75.4	11.1	1.2	602.1
0.0	2.5	193.5	11.1	2.8	602.1
0.0	4.7	403.1	11.2	3.8	602.1
1.5	9.2	211.5	11.2	4.4	602.1
26.4	12.9	47.3	11.2	4.0	602.1
47.5	14.4	59.7	11.2	5.3	602.1
4.8	7.2	93.1	11.3	2.5	602.1
12.6	6.0	56.9	11.3	2.0	602.1
0.4	7.5	253.1	11.3	3.9	602.1
0.1	9.1	432.6	11.4	4.7	602.1
0.0	7.5	459.2	11.4	4.3	602.1
0.6	8.8	459.3	11.4	4.5	602.1
0.0	10.8	466.7	11.4	5.5	602.1
0.0	5.5	221.5	11.5	6.0	602.1
0.0	2.4	487.0	11.5	4.2	602.1
0.0	6.7	482.0	11.5	5.3	602.3
21.5	9.4	72.0	11.6	4.9	602.3
32.0	16.3	47.1	11.6	4.8	602.3
19.6	17.7	147.9	11.6	7.5	602.3
0.5	10.1	169.5	11.7	4.5	602.3
0.9	6.5	98.6	11.7	3.7	602.3
0.0	9.2	316.6	11.7	4.8	602.3
40.1	11.7	41.5	11.7	4.3	602.3
7.3	15.5	83.1	11.8	5.3	602.3
15.6	12.9	52.9	11.8	3.5	602.3
48.8	12.7	33.3	11.8	2.3	602.3
19.1	11.7	28.8	11.9	2.7	602.3
3.6	12.0	30.7	11.9	2.3	602.3
6.1	10.1	127.3	11.9	5.1	602.3
0.3	9.1	430.7	12.0	5.3	602.3
0.0	11.5	520.0	12.0	6.7	602.3
0.1	13.6	197.4	12.0	5.6	602.3
1.4	19.3	388.1	12.0	7.9	602.3
2.1	12.1	314.6	12.1	5.8	602.3
36.3	9.9	50.7	12.1	2.1	602.3
37.3	8.5	33.1	12.1	3.1	602.3
2.5	8.0	46.4	12.2	2.7	602.3
24.9	10.8	57.5	12.2	3.4	602.3
25.1	13.0	69.0	12.2	4.3	602.3
24.0	9.3	50.2	12.3	4.7	602.3
0.0	6.7	395.3	12.3	5.4	602.3
0.0	8.2	565.8	12.3	6.3	602.3
0.0	9.5	548.5	12.4	6.3	602.3
0.0	9.8	522.4	12.4	6.4	602.3
0.0	13.6	497.4	12.4	7.2	602.3
0.6	17.1	133.6	12.4	7.3	602.3
0.2	20.1	201.5	12.5	7.3	602.6
1.2	20.7	376.3	12.5	10.1	602.6
0.0	13.7	304.1	12.5	6.2	602.6
11.3	17.7	227.7	12.6	7.3	602.6
5.8	13.6	37.0	12.6	4.9	602.6
3.0	9.9	90.3	12.6	4.1	602.6
0.0	12.4	553.3	12.7	7.9	602.6
0.0	14.2	591.0	12.7	8.4	602.6
3.1	17.0	392.3	12.7	7.6	602.6
10.5	19.2	83.2	12.7	6.6	602.6
5.9	21.6	314.6	12.8	8.0	602.6
0.2	24.3	545.1	12.8	8.9	602.6
6.1	26.1	547.3	12.8	9.0	602.6
38.0	20.8	65.9	12.9	8.0	602.6
0.6	16.5	191.8	12.9	7.3	602.6
19.5	15.9	372.7	12.9	7.1	602.6
28.8	16.6	93.3	12.9	8.6	602.6
15.2	12.8	31.4	13.0	2.9	602.6
3.6	16.2	96.2	13.0	5.5	602.6
6.5	16.5	183.3	13.0	6.7	602.6
49.4	14.4	89.8	13.1	6.2	602.6
7.3	16.7	81.3	13.1	7.2	602.6
33.6	16.6	148.9	13.1	5.1	602.6
1.3	18.3	228.3	13.1	6.8	602.6
7.4	17.5	125.1	13.2	3.8	602.6
5.2	22.6	232.5	13.2	8.3	602.6
10.0	16.5	80.1	13.2	7.0	602.6
5.2	15.9	201.6	13.3	7.8	602.6
0.1	12.2	458.4	13.3	7.0	602.6
0.0	14.6	655.1	13.3	8.8	602.6
3.8	19.3	485.2	13.3	9.5	602.9
0.1	20.5	548.8	13.4	10.2	602.9
0.1	21.4	615.8	13.4	11.3	602.9
0.3	23.0	607.1	13.4	10.9	602.9
0.1	17.5	343.6	13.4	10.1	602.9
0.0	18.2	662.0	13.5	10.0	602.9
0.1	21.4	635.3	13.5	10.9	602.9
0.0	23.2	633.2	13.5	12.1	602.9
2.0	24.6	625.3	13.5	11.4	602.9
37.1	19.7	571.6	13.5	13.5	602.9
0.1	16.0	599.8	13.6	8.9	602.9
0.0	18.7	668.0	13.6	9.5	602.9
0.0	21.6	561.5	13.6	9.7	602.9
7.9	25.9	567.8	13.6	10.2	602.9
5.0	20.9	145.4	13.7	9.6	602.9
0.0	20.9	398.5	13.7	8.5	602.9
0.1	17.9	385.8	13.7	9.3	602.9
0.0	17.1	568.5	13.7	7.5	602.9
10.9	16.5	181.8	13.7	4.5	602.9
36.2	19.5	96.9	13.8	6.2	602.9
40.7	20.1	127.6	13.8	5.0	602.9
15.9	22.4	66.0	13.8	6.6	602.9
53.3	22.5	106.1	13.8	8.4	602.9
0.8	19.3	192.5	13.8	7.7	602.9
0.2	22.6	476.5	13.8	9.3	602.9
18.0	22.6	375.6	13.9	9.7	602.9
1.7	21.2	95.0	13.9	4.9	602.9
1.4	22.1	158.9	13.9	6.4	602.9
2.4	23.7	374.4	13.9	9.5	602.9
11.9	23.3	596.5	13.9	9.3	602.9
0.0	25.5	532.1	13.9	11.1	602.9
0.1	24.4	257.4	14.0	11.6	600.9
0.0	23.1	677.2	14.0	11.8	600.9
0.0	24.5	689.3	14.0	12.6	600.9
0.1	25.3	630.4	14.0	11.4	600.9
0.0	23.1	273.1	14.0	8.0	600.9
0.0	22.7	509.6	14.0	10.6	600.9
0.3	24.3	665.9	14.0	11.3	600.9
2.1	25.2	643.3	14.0	10.3	600.9
0.5	26.0	403.1	14.0	10.9	600.9
8.7	22.3	88.8	14.0	8.1	600.9
49.3	23.6	275.8	14.0	9.2	600.9
20.2	24.2	64.5	14.1	5.9	600.9
1.7	22.1	270.8	14.1	9.2	600.9
0.7	20.2	387.8	14.1	8.7	600.9
0.0	22.9	617.4	14.1	10.6	600.9
0.0	25.5	617.4	14.1	10.0	600.9
22.0	24.4	93.8	14.1	7.2	600.9
0.2	23.1	395.1	14.1	9.6	600.9
0.1	26.0	647.8	14.1	11.2	600.9
0.1	28.1	543.7	14.1	11.3	600.9
22.8	26.7	382.6	14.1	7.7	600.9
45.9	25.4	313.7	14.1	8.7	600.9
39.8	26.2	328.4	14.1	7.9	600.9
27.0	25.5	210.8	14.1	8.2	600.9
0.0	27.2	628.9	14.1	11.3	600.9
0.5	26.9	564.4	14.1	11.6	600.9
9.6	27.1	618.0	14.1	9.3	600.9
12.8	26.4	461.8	14.1	9.0	600.9
7.1	25.4	378.5	14.1	8.4	600.9
2.8	23.5	62.3	14.1	5.2	600.9
0.8	23.2	164.2	14.1	7.4	597.3
0.0	25.2	633.4	14.0	10.6	597.3
0.0	27.3	626.8	14.0	11.9	597.3
0.0	29.3	655.7	14.0	12.5	597.3
0.0	30.3	655.5	14.0	12.2	597.3
21.6	28.3	533.1	14.0	10.6	597.3
12.0	27.8	352.3	14.0	9.3	597.3
15.9	27.0	244.0	14.0	9.0	597.3
15.2	26.6	366.6	14.0	8.4	597.3
12.1	27.5	515.2	14.0	9.7	597.3
12.8	27.9	550.6	14.0	10.0	597.3
7.5	27.7	593.0	13.9	10.1	597.3
19.0	27.3	468.8	13.9	9.1	597.3
6.5	26.9	244.0	13.9	9.0	597.3
0.0	26.5	199.2	13.9	7.5	597.3
12.6	26.6	329.7	13.9	8.7	597.3
20.9	27.0	547.3	13.9	9.3	597.3
16.4	27.8	594.3	13.9	9.7	597.3
0.0	28.8	627.0	13.8	11.0	597.3
0.0	29.2	513.4	13.8	10.7	597.3
3.2	29.8	561.0	13.8	11.7	597.3
2.0	30.2	630.1	13.8	12.4	597.3
0.0	30.6	622.7	13.8	11.2	597.3
0.1	30.7	587.3	13.7	11.3	597.3
1.2	31.1	628.1	13.7	12.1	597.3
3.4	30.5	603.3	13.7	12.4	597.3
11.9	28.4	480.0	13.7	9.1	597.3
15.6	27.7	298.2	13.7	8.6	597.3
19.0	26.1	114.4	13.6	7.3	597.3
9.8	26.0	273.5	13.6	7.3	597.3
17.4	27.0	532.1	13.6	9.9	597.3
13.8	27.8	487.9	13.6	9.6	595.7
18.3	27.4	461.4	13.6	9.3	595.7
17.1	27.0	409.2	13.5	9.0	595.7
18.6	26.5	387.8	13.5	8.7	595.7
14.8	27.4	522.7	13.5	9.0	595.7
8.4	28.3	553.2	13.5	9.9	595.7
14.3	27.8	461.9	13.4	9.3	595.7
32.0	26.6	423.3	13.4	9.2	595.7
0.1	27.5	536.3	13.4	10.1	595.7
0.0	27.5	401.0	13.4	9.5	595.7
4.8	26.3	185.3	13.3	7.7	595.7
14.4	26.6	291.6	13.3	7.9	595.7
19.5	26.7	316.8	13.3	8.5	595.7
17.0	26.5	338.2	13.3	8.3	595.7
15.8	26.5	441.4	13.2	9.7	595.7
8.7	27.0	554.7	13.2	10.0	595.7
11.7	26.6	468.7	13.2	8.7	595.7
16.4	26.1	388.5	13.2	8.9	595.7
12.3	26.8	525.7	13.1	9.4	595.7
8.8	27.4	561.8	13.1	10.2	595.7
23.8	25.8	454.0	13.1	9.2	595.7
0.2	22.4	113.7	13.1	6.9	595.7
0.0	21.4	434.7	13.0	7.9	595.7
0.0	22.8	595.7	13.0	9.5	595.7
0.0	24.9	556.9	13.0	9.9	595.7
0.0	25.2	588.6	12.9	10.5	595.7
0.0	26.2	585.3	12.9	9.9	595.7
0.1	27.9	543.3	12.9	10.4	595.7
0.1	29.0	554.5	12.9	10.4	595.7
1.2	29.6	529.4	12.8	9.4	595.7
0.4	25.9	287.5	12.8	9.9	595.7
0.0	23.5	345.8	12.8	8.1	595.6
0.0	22.5	207.4	12.7	8.3	595.6
0.0	25.6	542.4	12.7	10.0	595.6
0.0	26.5	393.3	12.7	9.5	595.6
1.4	27.1	421.9	12.7	8.9	595.6
4.2	23.6	83.3	12.6	5.2	595.6
4.5	22.8	30.3	12.6	4.4	595.6
8.4	22.3	33.5	12.6	3.8	595.6
11.5	21.8	21.7	12.5	2.2	595.6
1.9	22.5	33.7	12.5	2.7	595.6
0.7	23.5	208.6	12.5	7.2	595.6
0.2	26.5	514.9	12.4	9.0	595.6
10.5	26.7	514.3	12.4	8.5	595.6
6.9	27.1	455.6	12.4	9.3	595.6
0.0	27.6	500.9	12.4	9.1	595.6
9.0	26.7	404.8	12.3	8.9	595.6
19.6	26.4	470.7	12.3	8.8	595.6
0.2	24.7	385.7	12.3	6.7	595.6
0.0	23.2	471.0	12.2	7.4	595.6
0.0	22.3	156.9	12.2	5.7	595.6
0.0	20.7	233.3	12.2	7.8	595.6
0.0	20.7	510.9	12.1	8.2	595.6
0.0	21.1	516.2	12.1	8.2	595.6
0.0	22.5	514.4	12.1	8.9	595.6
0.0	22.6	519.8	12.1	9.0	595.6
0.0	23.7	504.7	12.0	9.6	595.6
0.0	22.4	507.2	12.0	9.0	595.6
0.0	23.5	488.0	12.0	9.3	595.6
0.0	22.9	493.9	11.9	8.6	595.6
0.0	21.7	496.3	11.9	8.3	595.6
0.0	20.4	492.7	11.9	8.0	596.0
0.0	20.3	493.3	11.8	8.6	596.0
0.0	20.0	492.1	11.8	8.2	596.0
0.0	21.3	480.9	11.8	8.4	596.0
0.0	21.6	474.0	11.8	8.6	596.0
0.0	22.4	468.9	11.7	8.8	596.0
0.0	23.1	450.4	11.7	9.1	596.0
0.0	22.7	418.6	11.7	8.4	596.0
0.0	18.9	413.0	11.6	7.9	596.0
0.0	18.7	475.6	11.6	7.6	596.0
0.0	20.2	402.1	11.6	7.0	596.0
0.0	19.9	395.7	11.5	7.1	596.0
0.0	21.9	444.8	11.5	7.8	596.0
0.0	21.7	441.3	11.5	7.9	596.0
0.0	20.9	431.1	11.5	6.8	596.0
0.0	18.7	249.6	11.4	6.5	596.0
0.0	17.7	443.2	11.4	6.9	596.0
0.0	17.9	441.4	11.4	7.0	596.0
0.0	19.7	429.5	11.3	7.2	596.0
0.0	20.2	425.9	11.3	7.4	596.0
0.0	20.7	422.2	11.3	7.2	596.0
0.0	20.1	416.0	11.3	7.5	596.0
0.0	19.2	421.6	11.2	7.4	596.0
0.0	20.5	402.0	11.2	7.8	596.0
0.0	21.6	403.1	11.2	7.6	596.0
0.0	22.4	395.6	11.1	7.5	596.0
0.0	23.5	389.9	11.1	7.5	596.0
0.0	24.6	327.5	11.1	6.9	596.0
0.0	25.3	341.0	11.1	7.3	596.0
0.2	22.4	195.7	11.0	5.4	596.0
0.1	21.5	202.5	11.0	5.8	596.0
0.2	24.1	347.8	11.0	7.2	597.2
0.0	24.9	369.1	11.0	7.2	597.2
1.4	22.4	279.6	10.9	8.4	597.2
0.2	11.6	24.4	10.9	2.3	597.2
0.3	12.8	116.9	10.9	3.1	597.2
0.2	11.6	96.8	10.9	3.5	597.2
0.0	11.7	376.9	10.8	5.3	597.2
0.0	12.1	378.3	10.8	5.3	597.2
0.0	14.1	371.8	10.8	5.7	597.2
0.0	13.5	373.9	10.8	5.8	597.2
0.0	14.4	366.1	10.7	5.9	597.2
0.0	15.3	356.9	10.7	5.8	597.2
0.0	12.9	327.0	10.7	5.0	597.2
0.0	14.2	324.2	10.7	5.0	597.2
0.0	16.0	158.9	10.6	4.2	597.2
0.1	16.3	179.3	10.6	5.5	597.2
0.0	18.2	334.0	10.6	5.3	597.2
0.0	18.2	325.6	10.6	5.3	597.2
0.0	19.2	328.4	10.6	5.8	597.2
0.0	15.0	344.5	10.5	5.6	597.2
0.0	15.2	231.2	10.5	4.9	597.2
0.0	17.6	328.3	10.5	6.1	597.2
0.0	16.5	323.8	10.5	6.0	597.2
0.9	11.8	94.9	10.5	2.0	597.2
1.1	13.3	63.2	10.4	2.3	597.2
4.0	13.1	60.5	10.4	2.4	597.2
11.9	13.2	14.3	10.4	1.8	597.2
3.9	13.1	48.1	10.4	3.0	597.2
1.3	10.9	94.2	10.4	2.7	597.2
0.0	2.7	307.4	10.4	3.1	597.2
0.0	0.9	338.5	10.3	2.4	599.1
0.0	7.2	328.6	10.3	4.1	599.1
0.0	6.2	279.2	10.3	3.7	599.1
0.0	6.4	321.6	10.3	3.4	599.1
0.0	5.0	325.1	10.3	3.3	599.1
0.0	7.7	318.3	10.3	4.0	599.1
0.0	5.0	324.0	10.3	2.6	599.1
0.0	6.7	318.8	10.3	3.8	599.1
0.0	9.0	273.2	10.2	4.5	599.1
0.0	11.7	311.6	10.2	4.4	599.1
0.0	9.6	316.7	10.2	4.2	599.1
0.0	11.4	309.5	10.2	4.8	599.1
0.0	5.2	314.9	10.2	3.4	599.1
0.0	6.1	312.0	10.2	3.7	599.1
0.0	9.4	308.4	10.2	4.7	599.1
0.0	11.4	237.7	10.2	4.9	599.1
0.0	12.5	261.1	10.2	5.0	599.1
0.0	9.5	311.8	10.2	4.1	599.1
0.0	10.3	176.4	10.2	3.9	599.1
0.0	12.4	250.6	10.2	4.8	599.1
0.0	13.9	272.0	10.2	5.1	599.1
1.5	10.4	155.3	10.2	2.9	599.1
0.8	13.3	126.8	10.2	3.7	599.1
31.6	13.6	28.4	10.2	3.7	599.1
1.6	9.0	74.8	10.2	1.6	599.1
1.8	10.8	60.1	10.2	2.2	599.1
6.3	13.1	88.8	10.2	3.5	599.1
7.5	6.5	16.8	10.2	2.1	599.1
4.6	5.6	34.6	10.2	1.0	599.1
9.1	7.6	58.6	10.2	1.9	599.1
13.2	7.2	16.0	10.2	2.5	599.1
0.7	3.7	84.3	10.2	1.9	601.7
0.2	7.3	245.6	10.2	3.1	601.7
24.6	6.1	91.7	10.2	3.5	601.7
1.3	1.8	132.8	10.2	1.8	601.7
0.4	1.6	86.9	10.3	1.4	601.7
14.7	0.6	27.3	10.3	1.0	601.7
36.5	4.2	15.0	10.3	2.3	601.7
13.4	5.1	22.7	10.3	1.8	601.7
0.6	5.8	114.2	10.3	2.2	601.7
2.1	9.5	197.4	10.3	3.5	601.7
3.7	8.5	70.6	10.3	1.9	601.7
7.2	8.8	43.4	10.3	1.9	601.7
3.0	7.5	23.1	10.4	1.5	601.7
1.8	9.2	121.4	10.4	2.5	601.7
1.1	10.3	158.7	10.4	2.9	601.7
1.1	11.8	72.5	10.4	2.7	601.7
1.1	15.1	81.1	10.4	3.5	601.7
4.5	14.9	102.4	10.4	5.1	601.7
5.1	6.5	24.0	10.5	2.0	601.7
15.7	5.4	24.7	10.5	1.2	601.7
20.0	3.3	24.4	10.5	2.2	601.7
0.1	1.7	256.4	10.5	2.6	601.7
0.0	3.5	300.7	10.5	2.6	601.7
0.1	4.6	316.1	10.6	3.5	601.7
0.0	-1.9	283.8	10.6	1.3	601.7
3.6	1.8	64.0	10.6	2.0	601.7
11.5	6.6	141.4	10.6	2.8	601.7
10.2	9.5	55.3	10.7	2.6	601.7
32.5	8.7	36.9	10.7	1.4	601.7
3.1	4.4	61.5	10.7	3.1	601.7
0.7	1.7	136.3	10.7	2.0	601.7
0.7	2.8	131.0	10.7	2.2	602.8
0.8	4.2	211.4	10.8	3.3	602.8
6.4	7.0	244.4	10.8	3.7	602.8
1.6	6.7	106.4	10.8	2.9	602.8
0.6	6.3	167.4	10.8	2.8	602.8
7.1	9.2	68.3	10.9	2.9	602.8
1.6	13.5	261.7	10.9	5.5	602.8
1.9	12.0	64.7	10.9	2.4	602.8
0.2	15.4	118.3	11.0	4.5	602.8
3.1	12.3	273.5	11.0	6.9	602.8
1.7	7.9	150.1	11.0	2.8	602.8
0.7	8.2	40.6	11.0	2.7	602.8
0.8	13.9	262.8	11.1	5.7	602.8
6.8	10.3	50.9	11.1	2.9	602.8
9.1	5.9	23.8	11.1	3.4	602.8
19.2	0.9	33.4	11.1	2.0	602.8
0.0	2.4	397.8	11.2	3.6	602.8
2.6	5.5	328.9	11.2	3.7	602.8
8.3	5.4	64.8	11.2	2.2	602.8
0.1	8.0	259.5	11.3	4.3	602.8
1.4	9.3	120.9	11.3	3.8	602.8
0.6	9.2	166.7	11.3	3.5	602.8
0.3	9.6	223.7	11.3	4.2	602.8
0.0	11.4	342.5	11.4	5.1	602.8
0.0	7.0	459.0	11.4	5.0	602.8
0.0	7.9	467.1	11.4	5.4	602.8
0.0	11.3	446.1	11.5	6.3	602.8
0.0	11.7	88.5	11.5	4.6	602.8
0.8	11.6	68.9	11.5	4.0	603.0
0.1	14.3	410.3	11.6	6.6	603.0
0.1	16.0	461.2	11.6	8.3	603.0
3.3	17.4	437.2	11.6	8.1	603.0
6.8	13.7	70.4	11.6	6.1	603.0
0.0	8.0	486.0	11.7	4.9	603.0
1.4	9.7	458.2	11.7	4.9	603.0
0.3	9.4	158.3	11.7	4.7	603.0
0.4	14.1	417.8	11.8	7.1	603.0
21.5	17.3	205.2	11.8	8.3	603.0
15.9	7.3	39.8	11.8	4.0	603.0
0.0	6.6	295.9	11.9	4.2	603.0
0.0	9.7	513.3	11.9	6.2	603.0
0.5	13.7	446.8	11.9	7.3	603.0
0.6	12.5	158.4	11.9	4.3	603.0
14.1	16.0	217.7	12.0	5.8	603.0
1.3	14.7	235.6	12.0	6.5	603.0
44.3	15.1	69.0	12.0	5.5	603.0
4.5	13.8	170.9	12.1	5.5	603.0
47.9	9.2	35.7	12.1	3.5	603.0
9.1	7.9	73.6	12.1	2.7	603.0
1.5	12.3	332.7	12.2	6.0	603.0
8.7	16.6	100.5	12.2	6.4	603.0
18.0	21.9	474.4	12.2	8.4	603.0
5.4	14.1	47.9	12.3	6.2	603.0
0.2	17.8	272.8	12.3	7.8	603.0
14.6	16.7	95.6	12.3	7.6	603.0
37.1	10.3	79.0	12.3	6.0	603.0
0.1	8.4	366.4	12.4	6.0	603.0
0.0	11.1	574.0	12.4	7.0	603.0
1.4	14.2	429.5	12.4	6.9	603.0
42.5	16.2	188.9	12.5	8.2	603.3
8.3	9.7	79.9	12.5	2.7	603.3
0.0	11.6	319.2	12.5	7.1	603.3
0.0	13.7	548.2	12.6	8.4	603.3
2.2	16.3	321.3	12.6	7.2	603.3
0.6	17.9	209.9	12.6	6.2	603.3
26.5	17.8	441.6	12.6	10.5	603.3
0.0	10.2	506.9	12.7	6.4	603.3
16.5	10.6	215.0	12.7	4.7	603.3
1.0	12.9	143.4	12.7	5.4	603.3
0.0	14.5	551.6	12.8	6.9	603.3
44.8	15.0	215.3	12.8	5.8	603.3
2.9	18.8	113.2	12.8	6.6	603.3
0.0	24.4	503.8	12.9	9.5	603.3
0.0	26.2	569.5	12.9	9.1	603.3
6.5	25.5	547.7	12.9	10.8	603.3
13.8	21.5	86.3	12.9	3.9	603.3
31.2	21.4	169.0	13.0	8.3	603.3
6.0	19.9	110.4	13.0	5.1	603.3
0.2	23.4	210.1	13.0	9.2	603.3
0.2	24.2	345.9	13.1	9.4	603.3
19.1	21.6	418.5	13.1	12.9	603.3
18.9	13.3	85.4	13.1	3.5	603.3
0.0	14.7	284.7	13.1	7.4	603.3
0.0	15.1	289.0	13.2	7.1	603.3
2.2	15.1	243.4	13.2	6.2	603.3
0.0	16.2	499.6	13.2	9.5	603.3
0.0	18.8	629.4	13.2	9.7	603.3
0.0	17.8	381.2	13.3	7.5	603.3
2.9	14.0	47.8	13.3	5.0	603.3
1.0	15.0	46.3	13.3	3.9	603.6
0.3	17.2	311.1	13.3	7.0	603.6
0.0	17.6	612.3	13.4	10.0	603.6
0.1	19.1	646.3	13.4	10.5	603.6
0.1	21.1	639.5	13.4	11.2	603.6
2.0	23.2	515.6	13.4	11.0	603.6
3.6	19.0	66.3	13.5	4.9	603.6
14.5	20.7	73.7	13.5	4.7	603.6
0.7	19.6	355.2	13.5	9.2	603.6
0.9	21.4	521.8	13.5	10.0	603.6
0.0	23.0	638.1	13.6	10.6	603.6
0.0	25.1	646.6	13.6	10.6	603.6
4.3	23.5	544.8	13.6	12.9	603.6
1.3	21.5	323.3	13.6	7.7	603.6
12.6	24.6	164.4	13.7	7.2	603.6
28.5	18.4	42.4	13.7	8.8	603.6
63.8	16.0	34.9	13.7	4.8	603.6
1.3	15.2	35.9	13.7	3.9	603.6
0.0	17.6	461.1	13.7	8.5	603.6
0.0	18.8	541.8	13.8	9.1	603.6
0.4	19.9	525.8	13.8	8.4	603.6
1.4	18.6	78.4	13.8	3.9	603.6
17.7	21.2	246.9	13.8	7.4	603.6
33.5	20.7	48.4	13.8	3.8	603.6
5.5	20.9	52.8	13.8	4.8	603.6
0.0	21.7	243.1	13.9	7.8	603.6
0.0	22.6	514.5	13.9	10.3	603.6
0.0	22.0	444.1	13.9	11.2	603.6
0.0	21.3	379.4	13.9	9.5	603.6
0.0	25.4	641.3	13.9	11.4	603.6
5.9	25.8	319.3	13.9	10.3	603.6
39.7	24.2	148.2	13.9	5.3	601.6
11.7	26.4	453.5	14.0	9.7	601.6
14.9	27.0	510.7	14.0	11.3	601.6
14.9	27.7	579.6	14.0	10.1	601.6
22.8	27.0	360.9	14.0	11.1	601.6
0.7	21.7	174.1	14.0	5.8	601.6
0.1	23.2	546.9	14.0	10.5	601.6
0.0	25.1	531.9	14.0	9.5	601.6
0.3	26.5	455.4	14.0	10.4	601.6
35.1	26.5	477.3	14.0	9.3	601.6
0.7	26.5	526.3	14.0	10.4	601.6
2.1	27.3	468.6	14.1	10.3	601.6
9.7	26.7	288.9	14.1	9.3	601.6
16.9	26.7	371.2	14.1	9.0	601.6
23.0	25.5	240.8	14.1	7.2	601.6
0.3	25.8	303.0	14.1	9.2	601.6
0.2	23.9	122.3	14.1	7.8	601.6
27.8	20.5	24.8	14.1	5.2	601.6
0.7	19.6	121.0	14.1	5.5	601.6
0.1	20.5	392.5	14.1	9.5	601.6
0.0	22.2	640.2	14.1	10.3	601.6
4.0	23.5	617.7	14.1	9.7	601.6
41.6	21.1	46.4	14.1	3.7	601.6
25.1	23.0	96.6	14.1	5.9	601.6
0.1	24.5	388.5	14.1	8.9	601.6
9.0	22.3	72.1	14.1	6.3	601.6
10.8	22.5	122.2	14.1	6.5	601.6
0.3	23.8	136.9	14.1	7.6	601.6
0.2	24.9	122.0	14.1	6.1	601.6
13.9	25.5	259.2	14.1	8.0	601.6
11.7	26.3	439.0	14.1	10.3	598.0
11.9	26.8	614.8	14.0	12.1	598.0
15.0	27.2	555.5	14.0	10.1	598.0
17.9	24.5	181.3	14.0	7.9	598.0
4.9	25.2	428.4	14.0	9.5	598.0
0.5	24.9	200.8	14.0	6.6	598.0
23.2	26.4	397.5	14.0	9.1	598.0
16.0	26.7	274.9	14.0	8.3	598.0
1.4	27.3	304.0	14.0	8.1	598.0
4.7	26.7	189.9	14.0	6.5	598.0
3.5	26.6	183.2	14.0	7.5	598.0
24.3	26.2	259.7	13.9	8.1	598.0
5.2	26.3	293.2	13.9	8.6	598.0
10.1	27.0	533.0	13.9	10.2	598.0
1.7	27.3	581.8	13.9	9.4	598.0
10.6	26.3	344.3	13.9	8.2	598.0
27.8	25.9	406.0	13.9	8.6	598.0
23.0	25.0	311.9	13.9	8.0	598.0
1.2	25.1	203.7	13.8	7.1	598.0
3.8	26.3	499.1	13.8	9.8	598.0
5.0	27.2	570.0	13.8	10.3	598.0
5.1	27.4	383.5	13.8	9.6	598.0
21.7	26.5	393.3	13.8	8.1	598.0
22.6	27.5	438.7	13.8	9.3	598.0
16.4	27.9	440.8	13.7	9.7	598.0
14.0	28.0	440.5	13.7	9.9	598.0
16.6	27.5	403.0	13.7	9.7	598.0
12.8	27.3	501.5	13.7	10.3	598.0
1.1	27.3	477.7	13.7	9.3	598.0
0.5	27.5	535.2	13.6	9.4	598.0
2.5	27.0	347.5	13.6	8.8	598.0
1.2	27.2	484.9	13.6	8.3	596.4
1.3	26.9	451.7	13.6	9.1	596.4
0.7	26.7	482.5	13.5	8.8	596.4
1.5	26.5	405.2	13.5	8.7	596.4
1.3	26.8	406.0	13.5	8.6	596.4
1.0	28.6	559.4	13.5	10.6	596.4
10.6	27.3	504.0	13.5	11.3	596.4
11.0	26.9	589.8	13.4	10.5	596.4
4.4	27.4	561.5	13.4	10.0	596.4
11.0	26.9	543.7	13.4	9.6	596.4
11.0	27.1	591.2	13.4	9.8	596.4
14.5	27.2	589.6	13.3	10.3	596.4
13.8	27.3	560.9	13.3	9.7	596.4
12.3	26.8	351.1	13.3	8.5	596.4
14.1	27.3	496.8	13.3	9.2	596.4
13.7	27.5	493.1	13.2	9.1	596.4
15.2	27.4	518.7	13.2	9.5	596.4
14.9	26.7	343.7	13.2	8.3	596.4
13.0	26.7	423.1	13.1	8.8	596.4
19.1	25.8	335.1	13.1	7.6	596.4
1.1	24.8	158.4	13.1	7.3	596.4
6.9	25.5	257.2	13.1	7.1	596.4
6.6	25.0	117.2	13.0	5.6	596.4
0.1	26.3	182.9	13.0	7.6	596.4
21.0	27.1	379.2	13.0	8.3	596.4
16.3	26.2	245.9	13.0	7.3	596.4
14.0	26.2	339.9	12.9	7.8	596.4
2.9	27.1	531.7	12.9	10.0	596.4
2.8	27.1	568.4	12.9	9.9	596.4
2.7	26.9	509.7	12.8	9.7	596.4
0.0	27.1	539.8	12.8	9.8	596.4
0.2	27.7	553.5	12.8	10.2	596.3
0.0	28.3	560.3	12.8	9.9	596.3
0.0	28.9	543.1	12.7	10.0	596.3
6.6	28.3	486.9	12.7	9.4	596.3
0.0	28.9	534.1	12.7	10.0	596.3
3.8	28.0	466.0	12.6	8.9	596.3
1.0	27.4	413.6	12.6	9.1	596.3
7.3	27.0	507.5	12.6	9.2	596.3
18.6	25.2	422.5	12.5	7.4	596.3
0.0	23.5	435.5	12.5	8.3	596.3
0.0	23.7	507.0	12.5	8.0	596.3
0.0	23.4	519.4	12.5	8.0	596.3
0.0	23.0	467.3	12.4	8.2	596.3
0.0	24.4	328.6	12.4	7.8	596.3
0.0	24.1	427.4	12.4	9.8	596.3
0.0	24.7	524.2	12.3	9.2	596.3
0.0	24.9	472.7	12.3	9.8	596.3
0.0	25.4	520.6	12.3	9.7	596.3
0.0	26.1	469.1	12.2	9.1	596.3
0.0	25.9	452.7	12.2	9.5	596.3
0.0	27.0	407.6	12.2	9.0	596.3
0.0	25.0	122.4	12.2	6.4	596.3
0.0	25.3	330.5	12.1	8.2	596.3
0.0	24.6	456.2	12.1	10.1	596.3
0.0	24.5	511.0	12.1	10.2	596.3
0.0	26.0	497.5	12.0	9.5	596.3
0.0	26.8	492.7	12.0	9.7	596.3
0.0	26.9	486.5	12.0	9.7	596.3
0.0	25.1	491.2	11.9	9.7	596.3
0.0	24.2	473.0	11.9	8.1	596.3
0.0	24.9	266.4	11.9	7.2	596.6
11.8	20.0	44.1	11.9	7.0	596.6
4.9	17.1	41.0	11.8	2.7	596.6
1.4	19.9	278.0	11.8	5.8	596.6
0.5	21.0	240.8	11.8	6.5	596.6
0.3	21.9	441.3	11.7	7.3	596.6
0.0	21.6	443.9	11.7	7.3	596.6
0.0	22.5	453.6	11.7	8.1	596.6
0.0	23.6	448.8	11.6	8.1	596.6
0.0	23.9	436.4	11.6	7.2	596.6
0.0	21.4	368.4	11.6	6.9	596.6
0.0	19.4	373.1	11.6	6.5	596.6
0.0	21.1	429.2	11.5	7.3	596.6
0.2	22.9	315.7	11.5	6.8	596.6
0.1	20.4	114.9	11.5	4.4	596.6
0.0	19.7	312.1	11.4	6.7	596.6
0.0	20.6	405.3	11.4	6.7	596.6
0.0	19.0	185.9	11.4	5.7	596.6
0.0	20.0	419.1	11.4	7.0	596.6
0.4	22.2	368.4	11.3	7.3	596.6
1.4	20.4	99.6	11.3	4.0	596.6
1.5	23.1	199.3	11.3	5.5	596.6
2.0	20.9	59.8	11.2	6.5	596.6
0.0	14.4	422.3	11.2	5.1	596.6
0.0	14.7	423.0	11.2	6.0	596.6
0.0	17.3	411.3	11.2	6.3	596.6
0.0	20.4	401.2	11.1	7.1	596.6
0.0	21.9	391.7	11.1	7.1	596.6
0.0	18.3	344.4	11.1	7.1	596.6
0.0	12.6	412.2	11.0	5.1	596.6
0.0	14.3	400.4	11.0	5.7	596.6
0.0	16.1	369.7	11.0	6.1	597.8
0.0	17.1	349.9	11.0	6.1	597.8
0.2	20.3	353.4	10.9	6.7	597.8
0.0	21.9	233.3	10.9	5.4	597.8
1.5	22.2	270.8	10.9	7.5	597.8
0.2	12.8	149.0	10.9	5.3	597.8
0.0	7.2	390.6	10.8	3.8	597.8
0.0	11.8	375.4	10.8	5.3	597.8
0.7	14.8	187.8	10.8	4.8	597.8
2.1	13.6	51.1	10.8	2.5	597.8
0.1	15.8	243.6	10.7	4.4	597.8
2.0	17.3	148.0	10.7	5.2	597.8
0.0	14.8	344.5	10.7	5.5	597.8
0.0	9.6	252.8	10.7	4.1	597.8
0.0	11.3	357.5	10.6	4.8	597.8
0.1	15.2	253.6	10.6	5.3	597.8
0.3	14.6	110.3	10.6	3.1	597.8
0.0	19.3	284.4	10.6	5.5	597.8
2.9	19.7	313.8	10.6	7.3	597.8
0.6	6.8	76.4	10.5	3.2	597.8
0.0	5.7	352.8	10.5	3.3	597.8
0.0	8.7	346.5	10.5	4.4	597.8
0.0	7.9	246.7	10.5	2.7	597.8
0.0	8.6	177.3	10.5	2.9	597.8
0.0	10.6	284.5	10.4	4.6	597.8
0.0	10.2	331.0	10.4	4.7	597.8
0.0	12.9	319.8	10.4	4.9	597.8
0.0	13.5	153.6	10.4	4.1	597.8
0.0	12.2	202.5	10.4	4.7	597.8
0.0	13.9	323.0	10.4	5.1	597.8
0.0	12.2	324.5	10.3	4.9	599.8
0.0	13.6	318.8	10.3	5.3	599.8
0.0	15.1	313.5	10.3	5.7	599.8
0.0	14.7	315.2	10.3	5.6	599.8
0.0	14.9	308.7	10.3	5.3	599.8
0.0	11.2	278.7	10.3	4.0	599.8
0.0	10.7	268.8	10.3	5.1	599.8
0.0	2.0	327.8	10.3	2.0	599.8
0.0	2.9	326.0	10.2	2.5	599.8
0.0	3.1	319.2	10.2	2.9	599.8
0.0	1.2	326.6	10.2	2.3	599.8
0.0	5.6	321.5	10.2	3.4	599.8
0.0	4.2	320.4	10.2	3.2	599.8
0.0	4.5	315.2	10.2	3.3	599.8
0.9	7.2	119.5	10.2	2.9	599.8
0.2	6.7	108.4	10.2	3.2	599.8
0.0	8.1	293.9	10.2	3.9	599.8
0.0	7.7	283.0	10.2	3.6	599.8
0.0	10.9	293.3	10.2	4.5	599.8
0.1	9.6	154.3	10.2	4.3	599.8
0.0	6.0	307.2	10.2	3.5	599.8
0.0	3.8	156.1	10.2	2.7	599.8
0.0	1.8	314.7	10.2	2.9	599.8
0.0	2.0	318.2	10.2	2.9	599.8
0.0	4.7	262.8	10.2	3.4	599.8
0.0	1.8	283.0	10.2	2.9	599.8
0.0	3.9	267.7	10.2	3.2	599.8
0.8	6.8	95.8	10.2	2.9	599.8
9.7	6.2	38.3	10.2	1.6	599.8
0.0	4.7	202.3	10.2	3.2	599.8
0.0	7.1	303.7	10.2	3.7	599.8
0.2	12.1	302.1	10.2	4.8	602.3
0.0	14.2	226.2	10.2	4.5	602.3
0.0	12.2	143.7	10.2	4.0	602.3
0.0	9.7	304.3	10.2	4.2	602.3
0.0	6.8	320.2	10.3	3.8	602.3
0.0	10.7	303.1	10.3	4.3	602.3
0.0	11.6	277.5	10.3	4.4	602.3
0.0	7.8	318.0	10.3	4.7	602.3
0.0	0.8	337.9	10.3	2.8	602.3
0.0	3.6	345.6	10.3	4.0	602.3
0.0	6.8	336.0	10.3	4.6	602.3
0.0	7.9	325.9	10.3	4.0	602.3
0.0	12.6	297.5	10.4	5.5	602.3
0.1	15.3	227.0	10.4	5.4	602.3
0.7	17.3	141.8	10.4	4.5	602.3
0.0	13.1	328.5	10.4	5.0	602.3
0.0	7.2	243.1	10.4	4.1	602.3
0.0	3.0	357.4	10.4	3.0	602.3
0.0	5.7	340.8	10.5	3.4	602.3
0.0	4.6	242.9	10.5	3.6	602.3
0.0	5.6	244.8	10.5	3.7	602.3
0.0	9.0	343.7	10.5	5.1	602.3
0.0	11.1	355.3	10.5	5.3	602.3
2.4	10.0	241.3	10.6	4.2	602.3
0.3	6.3	112.2	10.6	3.3	602.3
0.0	1.2	369.3	10.6	3.1	602.3
0.0	3.0	374.4	10.6	3.3	602.3
0.0	7.0	368.5	10.6	4.7	602.3
0.0	7.2	382.4	10.7	4.9	602.3
0.0	10.5	385.0	10.7	5.9	602.3
0.0	11.8	372.8	10.7	5.7	602.3
0.0	13.6	363.0	10.7	6.2	603.5
0.6	15.4	339.6	10.8	6.5	603.5
6.8	11.6	219.5	10.8	6.0	603.5
0.0	4.9	252.9	10.8	3.6	603.5
0.0	8.5	265.8	10.8	4.4	603.5
0.0	9.2	391.5	10.9	5.3	603.5
0.0	11.0	394.4	10.9	5.8	603.5
0.1	14.6	229.3	10.9	5.8	603.5
0.1	15.4	226.0	10.9	5.8	603.5
0.0	16.0	272.5	11.0	7.7	603.5
0.0	15.0	410.0	11.0	6.2	603.5
0.1	20.8	310.2	11.0	7.5	603.5
0.0	17.4	382.6	11.1	9.3	603.5
17.3	6.4	156.2	11.1	3.2	603.5
17.5	8.1	71.8	11.1	2.8	603.5
40.8	4.6	31.7	11.1	2.7	603.5
15.8	1.4	22.3	11.2	2.3	603.5
0.3	0.6	98.6	11.2	1.8	603.5
0.0	2.7	431.7	11.2	3.7	603.5
0.0	-1.1	452.6	11.3	2.4	603.5
0.0	1.9	455.6	11.3	3.9	603.5
0.0	6.4	441.1	11.3	4.4	603.5
0.0	15.3	302.5	11.3	6.8	603.5
2.7	11.8	121.8	11.4	7.7	603.5
33.0	4.2	104.6	11.4	2.7	603.5
38.1	3.4	25.0	11.4	2.1	603.5
46.3	6.2	32.6	11.5	2.1	603.5
2.7	5.1	62.8	11.5	2.7	603.5
0.0	5.1	307.5	11.5	4.0	603.5
0.3	7.5	416.8	11.5	4.3	603.7
0.7	6.4	95.0	11.6	3.7	603.7
1.2	12.7	408.7	11.6	6.9	603.7
2.6	14.8	130.9	11.6	5.2	603.7
4.0	12.2	156.1	11.7	3.0	603.7
3.1	13.3	66.6	11.7	4.1	603.7
5.6	16.8	160.1	11.7	8.1	603.7
3.4	8.3	75.6	11.8	2.1	603.7
9.8	9.6	71.6	11.8	5.7	603.7
0.0	5.1	256.8	11.8	4.3	603.7
2.9	8.0	463.9	11.8	4.8	603.7
13.0	11.1	33.6	11.9	4.8	603.7
12.1	8.5	40.3	11.9	5.5	603.7
0.6	6.0	246.2	11.9	4.1	603.7
12.4	2.5	95.5	12.0	3.0	603.7
2.7	2.3	239.5	12.0	3.3	603.7
0.0	6.1	534.9	12.0	5.0	603.7
0.1	10.2	482.3	12.1	6.4	603.7
4.4	9.7	166.8	12.1	4.8	603.7
9.0	12.9	422.3	12.1	6.3	603.7
20.0	13.8	47.2	12.2	5.2	603.7
35.4	14.6	78.9	12.2	7.1	603.7
0.0	5.4	309.9	12.2	5.5	603.7
0.0	7.7	560.6	12.2	5.5	603.7
0.0	13.2	377.6	12.3	7.2	603.7
0.8	16.3	195.7	12.3	6.7	603.7
2.5	19.4	411.2	12.3	11.4	603.7
0.1	7.2	240.3	12.4	4.0	603.7
0.0	10.1	389.2	12.4	5.6	603.7
0.1	11.5	514.6	12.4	7.2	603.7
0.0	9.4	564.9	12.5	5.9	603.7
1.5	9.9	168.2	12.5	4.2	604.0
7.2	12.0	56.0	12.5	4.5	604.0
3.8	13.0	53.4	12.6	4.7	604.0
0.4	11.5	111.7	12.6	3.5	604.0
24.1	14.1	119.0	12.6	5.5	604.0
1.4	10.8	142.0	12.6	5.5	604.0
0.1	10.5	445.9	12.7	6.4	604.0
9.7	12.2	514.3	12.7	6.6	604.0
14.8	11.1	64.1	12.7	5.7	604.0
9.1	18.2	118.2	12.8	6.8	604.0
40.5	20.5	93.5	12.8	6.3	604.0
3.1	21.8	155.0	12.8	7.3	604.0
0.0	24.6	527.7	12.8	9.5	604.0
0.1	25.8	547.9	12.9	9.1	604.0
5.1	20.3	169.0	12.9	9.5	604.0
0.7	17.0	365.1	12.9	8.2	604.0
1.0	10.3	142.3	13.0	4.9	604.0
0.6	10.1	425.7	13.0	6.1	604.0
0.6	14.4	490.5	13.0	7.1	604.0
21.2	13.2	91.9	13.0	4.1	604.0
0.6	13.8	236.9	13.1	6.3	604.0
6.8	16.5	428.0	13.1	7.4	604.0
16.9	16.4	76.6	13.1	4.7	604.0
3.0	17.0	102.9	13.2	4.6	604.0
0.3	17.0	218.5	13.2	7.6	604.0
53.2	18.0	99.8	13.2	5.4	604.0
22.7	19.6	134.4	13.2	10.1	604.0
0.7	11.3	359.4	13.3	6.8	604.0
0.5	12.8	393.6	13.3	6.8	604.0
0.1	16.1	291.9	13.3	7.0	604.0
8.0	16.1	375.2	13.3	7.7	604.2
17.7	13.2	61.8	13.4	5.6	604.2
1.3	17.1	546.2	13.4	8.9	604.2
0.2	20.5	611.4	13.4	10.0	604.2
0.0	22.4	622.2	13.4	11.5	604.2
0.0	23.7	629.7	13.5	12.6	604.2
1.0	23.8	638.7	13.5	12.4	604.2
0.0	24.1	636.7	13.5	11.7	604.2
0.0	24.1	634.2	13.5	10.8	604.2
14.4	23.0	280.8	13.6	9.3	604.2
0.8	21.3	403.8	13.6	8.5	604.2
0.3	23.8	588.0	13.6	9.4	604.2
12.6	20.9	98.5	13.6	8.4	604.2
0.0	22.2	646.3	13.6	9.4	604.2
0.1	23.2	640.3	13.7	11.0	604.2
0.0	24.4	602.7	13.7	11.6	604.2
1.5	25.5	444.2	13.7	10.8	604.2
17.3	22.9	162.9	13.7	8.5	604.2
5.0	22.3	70.1	13.8	5.8	604.2
1.0	23.0	263.9	13.8	8.8	604.2
0.1	25.4	602.1	13.8	11.0	604.2
0.1	20.8	272.3	13.8	7.5	604.2
7.2	23.4	500.4	13.8	11.3	604.2
16.7	17.1	50.6	13.8	6.4	604.2
66.0	16.7	36.0	13.9	2.9	604.2
6.3	16.6	49.3	13.9	3.4	604.2
0.9	18.3	105.0	13.9	6.1	604.2
0.7	21.5	474.0	13.9	9.8	604.2
0.0	24.1	592.6	13.9	11.0	604.2
4.5	20.7	170.0	13.9	10.8	604.2
3.4	19.6	59.5	13.9	6.4	604.2
12.5	24.1	293.3	14.0	9.3	602.2
11.6	22.1	187.0	14.0	11.2	602.2
0.0	19.9	594.8	14.0	8.0	602.2
0.1	19.7	148.2	14.0	6.3	602.2
0.3	21.1	353.0	14.0	7.5	602.2
4.9	23.5	218.4	14.0	6.9	602.2
0.0	25.3	346.0	14.0	8.4	602.2
0.2	24.9	290.8	14.0	8.2	602.2
1.4	25.5	415.9	14.0	9.0	602.2
9.0	25.2	368.7	14.0	9.1	602.2
0.7	26.7	528.0	14.1	10.3	602.2
0.8	27.9	594.7	14.1	10.6	602.2
23.9	27.4	486.5	14.1	9.9	602.2
14.7	25.4	195.3	14.1	8.4	602.2
0.0	28.3	626.1	14.1	11.2	602.2
18.5	26.6	289.1	14.1	9.1	602.2
0.1	27.4	554.5	14.1	10.8	602.2
0.0	27.8	578.7	14.1	12.0	602.2
0.1	27.7	557.6	14.1	10.3	602.2
0.0	27.7	614.0	14.1	10.1	602.2
2.8	26.4	102.7	14.1	6.8	602.2
32.7	26.4	223.9	14.1	7.6	602.2
22.5	26.3	158.8	14.1	7.1	602.2
26.7	26.4	182.8	14.1	7.8	602.2
0.3	25.3	309.0	14.1	9.2	602.2
0.1	27.2	546.0	14.1	10.2	602.2
0.2	26.1	260.0	14.1	9.2	602.2
7.0	26.2	428.1	14.1	9.5	602.2
11.3	25.3	133.5	14.1	5.9	602.2
16.8	26.6	343.2	14.1	10.1	602.2
9.7	27.6	525.4	14.0	10.9	598.6
14.0	27.2	492.2	14.0	11.0	598.6
5.4	27.9	630.6	14.0	11.2	598.6
7.1	28.5	619.6	14.0	11.6	598.6
1.8	28.6	576.4	14.0	10.3	598.6
4.0	29.1	588.7	14.0	11.3	598.6
0.2	29.6	626.6	14.0	11.7	598.6
0.0	29.8	663.1	14.0	11.6	598.6
0.0	30.6	656.7	14.0	11.7	598.6
0.1	31.3	654.1	14.0	12.1	598.6
0.1	31.8	643.3	13.9	12.1	598.6
16.2	28.6	473.9	13.9	9.2	598.6
20.6	27.9	377.7	13.9	9.4	598.6
10.6	28.2	538.6	13.9	10.3	598.6
14.1	28.0	560.4	13.9	9.7	598.6
6.3	28.7	554.3	13.9	10.1	598.6
3.1	29.0	588.1	13.9	11.0	598.6
0.2	29.9	643.0	13.8	10.4	598.6
3.9	29.8	627.0	13.8	11.5	598.6
7.2	29.0	602.1	13.8	11.6	598.6
3.7	29.3	601.5	13.8	11.6	598.6
9.2	28.8	587.7	13.8	11.8	598.6
0.0	29.5	636.9	13.8	11.2	598.6
0.2	29.9	614.8	13.7	10.9	598.6
0.2	30.6	601.5	13.7	11.2	598.6
0.1	31.1	608.9	13.7	11.6	598.6
0.0	31.6	621.6	13.7	11.9	598.6
3.7	31.5	568.4	13.7	12.2	598.6
10.0	28.9	512.0	13.6	11.2	598.6
13.9	27.6	401.3	13.6	8.8	598.6
0.0	26.5	574.1	13.6	10.3	598.6
0.1	27.1	628.1	13.6	10.2	597.1
0.0	28.6	624.4	13.6	10.5	597.1
3.6	28.5	593.7	13.5	12.2	597.1
0.6	29.7	598.4	13.5	11.1	597.1
11.5	29.1	547.8	13.5	12.3	597.1
15.6	28.0	505.7	13.5	10.8	597.1
14.9	28.0	519.7	13.4	9.6	597.1
21.5	26.7	507.3	13.4	9.6	597.1
10.1	27.1	491.0	13.4	10.3	597.1
18.6	26.9	463.6	13.4	9.6	597.1
11.8	27.0	511.1	13.3	9.3	597.1
10.1	27.7	579.0	13.3	9.7	597.1
7.9	27.7	600.0	13.3	10.9	597.1
0.1	27.7	602.2	13.3	9.4	597.1
1.2	27.8	423.9	13.2	9.5	597.1
0.8	27.8	494.4	13.2	9.3	597.1
0.1	27.2	548.5	13.2	9.2	597.1
1.7	27.5	453.2	13.2	8.8	597.1
0.0	25.2	442.9	13.1	10.1	597.1
0.0	26.3	615.1	13.1	11.0	597.1
0.0	28.3	601.8	13.1	10.8	597.1
0.0	29.4	547.5	13.0	11.1	597.1
0.0	30.0	509.5	13.0	12.1	597.1
0.0	30.5	585.0	13.0	12.5	597.1
0.0	29.5	592.3	13.0	12.4	597.1
0.0	30.1	589.0	12.9	11.3	597.1
0.5	30.4	486.0	12.9	10.1	597.1
1.2	29.4	359.4	12.9	8.9	597.1
0.6	28.6	279.3	12.8	9.4	597.1
7.3	28.2	536.3	12.8	11.2	597.1
4.8	28.0	482.2	12.8	9.8	597.1
11.0	27.2	533.0	12.8	9.4	596.9
10.7	27.2	486.6	12.7	8.6	596.9
5.3	27.6	535.5	12.7	9.8	596.9
12.3	27.3	529.4	12.7	9.2	596.9
5.9	27.5	487.1	12.6	9.5	596.9
3.0	28.1	538.1	12.6	9.6	596.9
4.7	28.1	529.9	12.6	10.2	596.9
6.5	27.9	519.4	12.6	9.6	596.9
4.8	28.0	526.6	12.5	9.5	596.9
9.4	28.1	515.4	12.5	9.4	596.9
21.8	26.5	412.0	12.5	8.0	596.9
2.5	24.3	52.6	12.4	4.5	596.9
5.3	26.5	461.4	12.4	8.8	596.9
10.7	25.8	410.4	12.4	7.9	596.9
13.8	25.5	443.2	12.3	6.3	596.9
6.2	25.1	380.4	12.3	6.6	596.9
3.9	25.1	343.5	12.3	7.5	596.9
5.3	25.5	457.6	12.3	7.8	596.9
3.6	25.2	422.9	12.2	8.0	596.9
0.9	25.1	273.7	12.2	6.4	596.9
0.7	26.5	420.6	12.2	7.8	596.9
2.1	27.0	454.0	12.1	7.7	596.9
0.3	26.4	449.9	12.1	8.1	596.9
0.1	26.1	441.6	12.1	7.7	596.9
0.0	25.9	374.9	12.0	7.8	596.9
1.7	26.2	368.3	12.0	6.9	596.9
3.1	24.6	173.4	12.0	6.0	596.9
1.8	23.4	77.9	12.0	4.1	596.9
1.9	22.0	65.2	11.9	4.1	596.9
0.1	20.2	168.9	11.9	6.3	596.9
0.0	21.4	492.8	11.9	8.5	597.2
0.0	18.8	506.9	11.8	7.6	597.2
0.0	20.7	481.9	11.8	8.2	597.2
0.0	21.7	421.1	11.8	7.9	597.2
0.0	22.5	472.2	11.7	8.4	597.2
0.2	25.0	409.3	11.7	8.4	597.2
0.1	25.7	346.0	11.7	7.8	597.2
0.1	25.5	340.4	11.7	7.1	597.2
0.2	25.8	341.0	11.6	7.4	597.2
0.2	26.5	331.6	11.6	8.0	597.2
0.0	25.2	423.0	11.6	8.0	597.2
0.3	23.2	83.3	11.5	4.9	597.2
0.0	21.6	153.9	11.5	3.7	597.2
2.7	18.8	44.4	11.5	5.1	597.2
6.6	15.7	23.1	11.4	1.8	597.2
0.5	16.3	244.6	11.4	5.7	597.2
0.0	19.2	415.4	11.4	6.2	597.2
0.7	20.8	183.0	11.4	5.0	597.2
0.4	19.4	110.5	11.3	5.0	597.2
0.0	19.0	405.5	11.3	5.4	597.2
0.0	18.2	359.0	11.3	5.7	597.2
0.0	17.8	402.6	11.2	6.3	597.2
0.0	18.3	410.3	11.2	6.7	597.2
0.0	16.3	410.6	11.2	5.9	597.2
0.0	16.6	406.9	11.2	6.2	597.2
0.0	17.9	404.2	11.1	6.4	597.2
0.0	20.4	394.1	11.1	7.0	597.2
0.0	22.3	378.0	11.1	7.0	597.2
0.0	23.3	352.7	11.0	6.8	597.2
0.1	23.8	338.9	11.0	6.8	597.2
2.7	16.9	281.1	11.0	9.0	597.2
0.0	8.8	407.9	11.0	4.0	598.4
0.0	11.2	395.8	10.9	5.3	598.4
0.0	13.7	384.0	10.9	6.1	598.4
0.0	16.2	357.6	10.9	6.2	598.4
1.3	17.1	165.6	10.9	4.6	598.4
5.8	14.2	17.2	10.8	1.4	598.4
0.1	14.6	146.4	10.8	4.5	598.4
0.0	14.3	364.7	10.8	4.8	598.4
0.0	12.0	252.5	10.8	4.1	598.4
0.0	9.2	368.3	10.7	4.2	598.4
0.0	11.2	366.0	10.7	4.9	598.4
0.0	13.3	353.4	10.7	5.1	598.4
1.4	13.4	268.3	10.7	5.1	598.4
0.0	9.3	361.3	10.6	4.0	598.4
0.0	9.1	356.9	10.6	4.2	598.4
0.0	8.9	358.2	10.6	4.4	598.4
0.5	11.8	277.3	10.6	4.7	598.4
0.0	11.3	347.1	10.6	4.9	598.4
0.0	12.4	351.7	10.5	5.4	598.4
0.0	16.0	341.7	10.5	6.4	598.4
0.0	20.2	309.3	10.5	6.3	598.4
5.3	18.3	95.8	10.5	4.8	598.4
1.5	9.6	53.1	10.5	3.7	598.4
0.0	7.8	339.4	10.4	3.6	598.4
0.0	12.6	309.4	10.4	4.6	598.4
4.5	17.4	235.9	10.4	5.7	598.4
0.1	11.4	205.2	10.4	3.7	598.4
3.5	16.8	273.0	10.4	5.2	598.4
5.5	11.8	35.5	10.4	2.8	598.4
18.7	11.8	23.2	10.3	2.5	598.4
0.4	16.6	116.1	10.3	3.5	600.4
3.1	17.6	241.9	10.3	6.0	600.4
0.1	8.4	99.7	10.3	2.7	600.4
0.2	6.4	240.6	10.3	3.3	600.4
0.1	5.3	306.2	10.3	3.2	600.4
0.0	2.5	320.7	10.3	2.5	600.4
0.0	1.6	321.4	10.3	2.3	600.4
0.0	4.9	314.5	10.2	3.3	600.4
0.0	7.0	297.5	10.2	3.8	600.4
0.0	3.2	318.2	10.2	2.9	600.4
0.0	4.9	282.7	10.2	3.4	600.4
0.0	10.9	268.8	10.2	4.3	600.4
5.9	12.3	227.4	10.2	5.4	600.4
0.0	4.5	267.1	10.2	3.1	600.4
0.0	5.4	302.4	10.2	3.1	600.4
0.8	4.9	172.0	10.2	3.0	600.4
0.0	5.0	304.0	10.2	3.4	600.4
0.0	6.5	251.4	10.2	3.3	600.4
0.9	4.7	29.1	10.2	2.3	600.4
0.4	5.9	255.7	10.2	3.2	600.4
0.0	0.4	307.6	10.2	2.0	600.4
0.0	-0.0	313.8	10.2	2.0	600.4
0.0	2.6	310.7	10.2	3.0	600.4
0.0	5.0	308.0	10.2	3.5	600.4
0.0	6.8	269.2	10.2	3.5	600.4
0.0	7.9	312.3	10.2	4.5	600.4
0.0	9.0	320.2	10.2	5.0	600.4
0.0	6.5	308.6	10.2	3.9	600.4
0.0	5.3	312.9	10.2	3.6	600.4
0.0	4.1	284.8	10.2	3.4	600.4
0.0	2.5	315.3	10.2	2.9	600.4
0.0	7.3	313.2	10.2	4.5	602.9
0.0	1.9	288.1	10.2	2.9	602.9
0.0	5.5	318.4	10.2	3.9	602.9
0.0	9.4	311.0	10.3	5.0	602.9
0.0	8.9	314.1	10.3	4.7	602.9
0.0	4.8	332.9	10.3	2.9	602.9
0.0	6.7	327.4	10.3	3.8	602.9
0.0	11.3	300.7	10.3	4.6	602.9
0.0	4.8	329.2	10.3	3.7	602.9
0.0	3.9	331.9	10.3	3.3	602.9
0.0	1.7	157.1	10.3	2.5	602.9
19.3	1.5	107.1	10.4	2.2	602.9
21.1	1.7	21.1	10.4	0.7	602.9
2.5	3.1	58.7	10.4	1.4	602.9
3.8	5.8	59.8	10.4	1.9	602.9
4.7	1.6	14.5	10.4	2.9	602.9
0.0	-3.6	247.4	10.4	1.4	602.9
0.0	-2.2	345.4	10.5	2.1	602.9
0.0	-0.4	352.2	10.5	2.9	602.9
0.0	1.5	349.4	10.5	3.1	602.9
4.2	4.2	204.7	10.5	3.1	602.9
0.3	4.4	100.1	10.5	2.3	602.9
0.2	4.9	175.8	10.6	2.9	602.9
0.0	2.1	359.4	10.6	3.0	602.9
0.0	2.1	359.2	10.6	3.3	602.9
0.0	4.4	358.4	10.6	3.5	602.9
0.0	7.7	225.1	10.6	4.1	602.9
3.2	6.6	123.1	10.7	4.7	602.9
0.9	4.8	364.4	10.7	3.4	602.9
4.3	5.3	129.4	10.7	3.1	602.9
7.9	4.6	31.7	10.7	2.3	602.9
0.3	5.9	225.1	10.8	3.8	604.1
17.6	8.0	159.8	10.8	3.5	604.1
1.5	4.4	72.5	10.8	2.2	604.1
0.4	3.4	159.1	10.8	2.3	604.1
0.6	4.5	134.4	10.9	3.1	604.1
0.0	-0.8	379.6	10.9	2.5	604.1
0.0	-2.5	413.5	10.9	2.5	604.1
0.0	1.1	403.3	10.9	3.5	604.1
0.0	2.7	187.6	11.0	3.3	604.1
0.0	6.3	410.1	11.0	4.3	604.1
0.0	6.7	414.2	11.0	4.6	604.1
0.0	5.2	420.5	11.0	4.7	604.1
0.0	3.5	432.5	11.1	4.3	604.1
0.0	8.0	425.8	11.1	5.7	604.1
0.0	12.6	368.3	11.1	7.4	604.1
0.0	10.7	410.2	11.2	7.4	604.1
0.0	5.0	426.7	11.2	4.3	604.1
0.0	8.3	411.3	11.2	4.8	604.1
0.0	8.9	435.1	11.2	6.0	604.1
0.0	7.6	442.4	11.3	5.9	604.1
0.0	7.2	465.5	11.3	4.7	604.1
0.0	8.0	460.8	11.3	5.7	604.1
0.0	12.4	448.3	11.4	6.8	604.1
0.0	14.7	223.7	11.4	6.7	604.1
1.3	14.1	103.5	11.4	5.1	604.1
1.9	13.1	46.3	11.4	4.0	604.1
6.0	9.9	52.3	11.5	3.7	604.1
9.1	6.7	47.7	11.5	2.7	604.1
0.0	7.4	361.2	11.5	5.0	604.3
0.0	8.1	477.8	11.6	5.2	604.3
0.0	11.1	177.1	11.6	5.4	604.3
7.1	13.7	157.3	11.6	5.7	604.3
6.5	12.8	101.0	11.7	4.7	604.3
0.0	12.2	448.7	11.7	6.5	604.3
0.0	13.6	398.6	11.7	6.0	604.3
11.5	12.6	74.3	11.8	3.6	604.3
32.7	14.6	99.0	11.8	4.5	604.3
0.2	10.8	230.3	11.8	5.9	604.3
0.1	9.7	420.0	11.8	5.7	604.3
0.0	12.6	448.9	11.9	6.4	604.3
0.0	17.1	355.2	11.9	7.2	604.3
10.0	16.7	146.0	11.9	6.6	604.3
0.4	11.7	110.4	12.0	4.2	604.3
15.2	10.9	460.3	12.0	6.1	604.3
27.6	10.4	44.1	12.0	4.6	604.3
20.4	8.5	57.3	12.1	2.8	604.3
6.5	7.7	96.0	12.1	3.2	604.3
21.6	10.5	223.0	12.1	5.0	604.3
12.9	13.7	96.7	12.1	5.5	604.3
0.0	20.9	480.5	12.2	8.5	604.3
2.2	23.8	496.7	12.2	7.4	604.3
0.2	20.6	231.9	12.2	7.2	604.3
13.8	22.4	399.1	12.3	6.7	604.3
7.9	16.1	74.1	12.3	8.7	604.3
51.6	15.3	109.2	12.3	6.2	604.3
4.8	11.7	86.9	12.4	3.6	604.3
31.6	11.4	54.4	12.4	3.0	604.3
2.1	10.5	95.3	12.4	3.2	604.3
0.0	13.7	378.2	12.5	7.2	604.3
0.0	9.3	352.1	12.5	5.7	604.6
0.0	10.5	494.1	12.5	6.3	604.6
0.0	14.3	518.5	12.5	7.4	604.6
0.1	15.0	456.6	12.6	8.3	604.6
58.6	18.4	405.9	12.6	8.5	604.6
17.8	19.5	46.0	12.6	5.9	604.6
4.3	16.3	81.8	12.7	9.2	604.6
0.0	9.9	602.9	12.7	5.4	604.6
10.0	11.2	204.0	12.7	4.3	604.6
28.1	15.4	98.3	12.8	6.1	604.6
0.1	16.9	587.2	12.8	8.7	604.6
0.0	19.2	385.4	12.8	7.7	604.6
0.0	22.6	534.9	12.8	9.1	604.6
4.7	24.3	444.6	12.9	8.7	604.6
17.3	22.9	319.1	12.9	8.7	604.6
0.3	22.2	161.6	12.9	7.1	604.6
29.0	18.4	221.6	13.0	11.2	604.6
2.1	14.6	370.3	13.0	6.0	604.6
0.1	15.6	497.2	13.0	7.6	604.6
0.0	14.2	622.0	13.0	8.3	604.6
0.0	15.2	640.2	13.1	8.5	604.6
0.0	15.4	616.7	13.1	10.0	604.6
0.1	14.8	619.4	13.1	9.5	604.6
0.0	14.7	646.6	13.2	9.1	604.6
0.0	17.7	472.4	13.2	8.9	604.6
0.0	19.2	430.5	13.2	9.9	604.6
0.1	20.8	618.1	13.2	10.8	604.6
0.0	22.9	605.3	13.3	10.0	604.6
21.8	18.4	109.8	13.3	5.9	604.6
0.0	22.9	571.2	13.3	9.3	604.6
3.7	20.7	127.9	13.3	8.1	604.8
0.0	21.2	612.9	13.4	10.4	604.8
0.0	22.1	627.4	13.4	11.0	604.8
0.2	23.7	375.1	13.4	9.8	604.8
0.2	25.4	320.9	13.4	8.6	604.8
1.0	28.7	569.5	13.5	9.2	604.8
23.1	19.5	175.4	13.5	11.9	604.8
0.1	14.9	236.1	13.5	6.5	604.8
0.0	18.4	588.0	13.5	8.3	604.8
0.8	22.5	536.0	13.6	10.4	604.8
105.3	21.6	94.4	13.6	5.5	604.8
12.4	22.6	97.4	13.6	5.9	604.8
44.5	20.9	74.2	13.6	10.6	604.8
0.1	15.3	274.9	13.6	7.9	604.8
0.0	17.9	495.8	13.7	7.5	604.8
15.7	17.8	174.8	13.7	5.8	604.8
39.5	21.2	115.6	13.7	7.7	604.8
0.5	20.4	309.3	13.7	9.4	604.8
0.1	23.0	585.5	13.7	10.3	604.8
0.0	20.2	460.7	13.8	10.3	604.8
0.0	21.9	657.4	13.8	10.6	604.8
1.6	23.0	441.5	13.8	9.0	604.8
7.9	20.4	78.6	13.8	2.9	604.8
0.0	18.6	693.5	13.8	10.3	604.8
0.0	18.9	700.0	13.9	10.4	604.8
0.0	22.1	687.4	13.9	11.5	604.8
0.0	25.0	661.2	13.9	11.2	604.8
12.4	24.5	582.3	13.9	11.9	604.8
0.0	25.5	581.7	13.9	10.5	604.8
1.3	26.7	623.1	13.9	10.1	604.8
17.8	26.0	234.3	13.9	7.9	604.8
26.1	24.7	94.3	14.0	6.2	602.8
0.2	25.4	346.6	14.0	9.3	602.8
5.2	24.0	162.3	14.0	6.4	602.8
10.5	24.4	113.6	14.0	6.5	602.8
8.6	27.0	338.8	14.0	9.1	602.8
30.2	27.7	569.5	14.0	10.9	602.8
0.2	24.8	517.0	14.0	10.1	602.8
0.6	25.0	607.4	14.0	9.9	602.8
0.0	26.1	486.4	14.0	10.4	602.8
21.8	26.6	448.6	14.0	12.4	602.8
62.1	21.9	50.5	14.1	4.2	602.8
0.4	21.0	279.5	14.1	7.9	602.8
0.0	22.2	662.9	14.1	10.3	602.8
34.4	22.0	403.7	14.1	8.9	602.8
21.4	18.5	50.0	14.1	3.7	602.8
2.3	20.1	107.6	14.1	5.3	602.8
0.7	22.9	536.3	14.1	10.3	602.8
0.7	23.9	396.0	14.1	9.5	602.8
0.0	24.0	396.7	14.1	9.5	602.8
0.0	23.3	300.8	14.1	8.0	602.8
2.9	20.5	81.1	14.1	7.0	602.8
0.7	21.3	63.2	14.1	7.1	602.8
5.7	25.6	276.6	14.1	8.9	602.8
1.4	25.7	231.6	14.1	8.6	602.8
0.3	25.7	599.0	14.1	9.7	602.8
0.7	27.2	632.9	14.1	10.9	602.8
1.8	25.5	171.1	14.1	9.1	602.8
8.7	24.0	122.7	14.1	5.9	602.8
17.9	25.2	178.5	14.1	7.2	602.8
7.3	25.5	404.8	14.1	10.1	602.8
3.9	26.0	325.2	14.0	8.7	599.2
7.5	26.3	499.8	14.0	11.9	599.2
0.5	26.4	520.6	14.0	10.7	599.2
0.2	25.2	508.9	14.0	10.0	599.2
0.1	24.4	568.0	14.0	10.1	599.2
0.0	24.0	569.9	14.0	10.0	599.2
0.5	24.7	300.2	14.0	7.4	599.2
21.3	24.5	52.6	14.0	5.2	599.2
2.8	25.6	139.4	14.0	8.2	599.2
7.9	26.9	370.4	14.0	9.8	599.2
16.8	27.4	356.6	14.0	9.1	599.2
20.4	27.9	487.8	13.9	9.0	599.2
16.1	27.6	399.0	13.9	8.1	599.2
17.6	28.5	574.6	13.9	10.3	599.2
6.7	27.8	642.9	13.9	11.0	599.2
8.2	28.0	640.7	13.9	10.7	599.2
10.2	28.1	625.7	13.9	11.1	599.2
5.3	27.5	476.8	13.9	9.8	599.2
9.1	27.5	504.0	13.8	9.8	599.2
10.4	27.6	527.1	13.8	10.5	599.2
13.1	27.1	434.9	13.8	10.4	599.2
10.0	26.6	583.3	13.8	10.2	599.2
0.8	26.6	536.0	13.8	9.3	599.2
7.8	26.2	429.1	13.7	8.5	599.2
13.1	27.2	562.4	13.7	9.9	599.2
9.1	27.9	547.5	13.7	10.6	599.2
8.7	28.0	525.0	13.7	10.1	599.2
10.0	28.0	528.6	13.7	10.0	599.2
6.6	28.0	481.0	13.6	10.2	599.2
0.0	28.3	562.9	13.6	10.5	599.2
0.0	27.9	527.7	13.6	9.6	599.2
0.0	27.1	365.7	13.6	7.9	597.7
0.2	27.3	388.5	13.6	8.4	597.7
0.4	28.0	590.6	13.5	10.1	597.7
1.3	27.4	420.4	13.5	8.7	597.7
1.8	27.4	376.8	13.5	9.1	597.7
0.6	28.3	538.0	13.5	10.3	597.7
0.4	29.5	570.3	13.4	10.6	597.7
0.1	29.5	369.1	13.4	9.3	597.7
0.4	28.3	205.4	13.4	8.1	597.7
0.0	27.8	430.0	13.4	8.7	597.7
0.0	28.4	584.2	13.3	10.2	597.7
0.0	28.3	399.1	13.3	9.5	597.7
0.0	28.1	576.7	13.3	11.5	597.7
0.0	28.2	604.0	13.3	11.5	597.7
0.0	29.2	609.0	13.2	11.3	597.7
0.0	30.0	589.6	13.2	10.7	597.7
0.1	30.3	580.7	13.2	10.8	597.7
16.7	27.7	545.5	13.2	9.9	597.7
0.5	28.8	589.8	13.1	9.9	597.7
0.1	29.5	594.5	13.1	10.6	597.7
0.0	29.8	593.4	13.1	10.7	597.7
0.0	29.6	590.2	13.0	10.8	597.7
0.0	29.1	581.7	13.0	10.9	597.7
0.2	29.1	551.7	13.0	10.4	597.7
0.0	29.4	569.7	13.0	10.8	597.7
0.3	29.3	511.1	12.9	10.1	597.7
0.6	29.4	470.8	12.9	9.2	597.7
0.5	29.4	363.2	12.9	8.7	597.7
0.9	29.3	432.7	12.9	9.1	597.7
13.0	26.7	372.2	12.8	9.9	597.7
1.7	26.4	346.7	12.8	7.9	597.7
0.3	27.1	485.3	12.8	9.4	597.5
0.0	27.8	546.7	12.7	10.0	597.5
0.9	28.6	452.4	12.7	8.7	597.5
0.6	27.9	107.8	12.7	6.6	597.5
0.2	28.8	314.4	12.6	8.5	597.5
0.0	30.5	508.9	12.6	9.8	597.5
6.9	29.8	517.2	12.6	11.4	597.5
6.9	27.7	457.2	12.6	9.3	597.5
11.7	26.8	442.5	12.5	8.2	597.5
4.8	27.3	471.0	12.5	8.9	597.5
0.6	27.7	361.0	12.5	8.7	597.5
0.0	28.6	340.1	12.4	8.8	597.5
14.1	25.7	247.3	12.4	7.9	597.5
0.5	26.1	364.3	12.4	8.5	597.5
0.0	25.2	528.8	12.4	10.1	597.5
0.0	25.7	533.2	12.3	9.9	597.5
0.0	26.4	532.2	12.3	9.9	597.5
0.0	26.4	525.0	12.3	10.6	597.5
0.0	26.5	523.9	12.2	10.1	597.5
0.0	26.9	505.3	12.2	10.1	597.5
0.0	25.9	506.0	12.2	9.6	597.5
0.0	25.2	508.9	12.1	10.0	597.5
0.0	24.4	517.0	12.1	10.2	597.5
0.0	24.8	512.5	12.1	9.8	597.5
0.0	23.3	508.5	12.1	9.6	597.5
0.0	23.6	473.5	12.0	9.3	597.5
0.0	24.9	498.6	12.0	10.1	597.5
0.0	24.2	505.3	12.0	8.8	597.5
0.0	24.5	442.0	11.9	8.9	597.5
0.0	22.2	497.7	11.9	7.9	597.5
0.0	22.3	490.9	11.9	8.2	597.8
0.0	23.2	484.1	11.8	8.4	597.8
0.0	22.3	487.7	11.8	8.8	597.8
0.0	22.8	480.3	11.8	8.7	597.8
0.0	23.3	468.6	11.7	9.2	597.8
0.0	21.5	476.2	11.7	8.3	597.8
0.0	21.7	471.3	11.7	8.6	597.8
0.0	21.3	350.0	11.7	8.0	597.8
0.0	22.1	465.0	11.6	8.3	597.8
0.0	22.7	455.8	11.6	8.6	597.8
0.0	23.7	445.9	11.6	8.2	597.8
0.0	25.6	431.2	11.5	8.1	597.8
0.2	26.6	342.8	11.5	7.8	597.8
0.0	23.7	229.3	11.5	7.3	597.8
0.0	21.1	450.6	11.5	6.0	597.8
0.0	20.2	438.8	11.4	7.5	597.8
0.0	19.7	443.3	11.4	7.0	597.8
0.0	21.1	424.4	11.4	7.1	597.8
0.0	22.7	415.1	11.3	7.7	597.8
0.0	22.3	416.6	11.3	7.5	597.8
0.0	22.7	406.7	11.3	6.9	597.8
0.0	23.4	317.0	11.3	6.6	597.8
0.1	24.8	284.5	11.2	6.3	597.8
0.7	22.5	324.4	11.2	7.1	597.8
0.1	19.6	331.5	11.2	6.1	597.8
0.0	19.7	126.9	11.1	4.7	597.8
0.0	19.2	261.2	11.1	5.9	597.8
0.0	18.8	226.4	11.1	6.1	597.8
0.0	19.1	388.5	11.1	7.0	597.8
0.0	18.8	395.3	11.0	6.6	597.8
0.0	19.9	371.9	11.0	6.2	597.8
0.1	20.3	233.6	11.0	5.4	599.0
0.1	21.2	266.9	10.9	6.2	599.0
0.1	22.7	317.2	10.9	6.5	599.0
0.2	23.1	292.0	10.9	6.2	599.0
0.0	19.4	316.9	10.9	6.6	599.0
0.0	16.4	379.8	10.8	5.9	599.0
0.0	17.8	371.6	10.8	6.7	599.0
0.0	17.9	246.7	10.8	5.4	599.0
0.0	15.3	356.3	10.8	5.2	599.0
0.0	15.5	364.5	10.7	5.3	599.0
0.0	17.2	351.9	10.7	5.9	599.0
0.0	15.7	359.4	10.7	5.7	599.0
0.0	14.9	312.0	10.7	5.7	599.0
0.0	16.2	358.4	10.7	5.9	599.0
0.0	18.0	286.3	10.6	6.0	599.0
0.0	20.5	322.5	10.6	6.2	599.0
3.2	19.0	324.1	10.6	7.8	599.0
0.0	9.6	286.7	10.6	4.0	599.0
0.0	14.0	344.4	10.5	5.3	599.0
0.0	12.9	349.8	10.5	4.3	599.0
0.0	15.5	341.2	10.5	5.8	599.0
0.0	14.6	291.0	10.5	5.4	599.0
0.0	17.4	337.6	10.5	6.3	599.0
0.0	12.7	334.8	10.4	4.8	599.0
0.0	13.9	327.3	10.4	5.0	599.0
1.0	11.7	68.5	10.4	3.1	599.0
1.3	11.6	68.5	10.4	2.8	599.0
0.0	7.3	242.6	10.4	3.8	599.0
0.0	6.2	335.4	10.4	3.9	599.0
0.0	9.7	330.7	10.3	5.0	599.0
0.0	12.8	288.8	10.3	5.5	600.9
0.1	17.3	246.6	10.3	5.0	600.9
8.5	11.0	35.6	10.3	4.9	600.9
0.2	2.4	160.1	10.3	2.0	600.9
0.0	3.5	325.9	10.3	2.8	600.9
0.0	5.3	322.4	10.3	3.4	600.9
0.0	7.7	312.5	10.3	4.1	600.9
0.0	9.0	317.5	10.3	4.5	600.9
0.0	11.2	292.3	10.2	4.9	600.9
0.0	8.9	314.4	10.2	4.2	600.9
0.0	9.7	316.2	10.2	4.7	600.9
0.0	11.2	313.5	10.2	5.1	600.9
0.0	4.5	314.4	10.2	3.1	600.9
0.0	4.3	301.6	10.2	3.2	600.9
0.0	6.6	306.0	10.2	4.0	600.9
0.0	9.8	309.8	10.2	4.6	600.9
0.0	11.6	309.4	10.2	4.7	600.9
6.1	7.5	145.7	10.2	4.6	600.9
0.0	0.4	307.2	10.2	2.2	600.9
0.0	0.7	316.7	10.2	2.8	600.9
0.0	3.3	319.6	10.2	3.6	600.9
0.0	7.9	319.1	10.2	4.8	600.9
0.0	4.3	311.4	10.2	3.2	600.9
0.0	8.2	308.2	10.2	4.6	600.9
0.0	5.4	309.7	10.2	3.2	600.9
0.0	8.4	293.4	10.2	4.4	600.9
0.0	12.1	310.6	10.2	5.5	600.9
0.0	14.6	308.6	10.2	6.2	600.9
0.0	9.5	299.3	10.2	4.5	600.9
0.0	7.3	316.9	10.2	3.6	600.9
0.0	12.1	296.8	10.2	5.3	600.9
0.0	9.7	297.9	10.2	4.3	603.5
9.5	7.1	109.3	10.2	2.3	603.5
0.2	6.7	158.5	10.2	3.4	603.5
0.0	8.9	299.2	10.3	4.3	603.5
0.4	12.3	300.4	10.3	5.0	603.5
0.0	10.0	300.2	10.3	4.4	603.5
0.0	9.2	329.1	10.3	4.6	603.5
0.0	11.5	324.8	10.3	5.3	603.5
0.0	11.8	306.3	10.3	4.7	603.5
0.0	9.4	42.0	10.3	2.1	603.5
3.7	10.9	45.9	10.3	2.4	603.5
7.1	10.5	54.8	10.4	2.0	603.5
4.3	9.5	21.9	10.4	1.9	603.5
12.9	12.8	100.4	10.4	3.1	603.5
20.5	9.6	41.1	10.4	3.4	603.5
2.6	2.0	33.4	10.4	2.6	603.5
0.0	0.7	345.5	10.4	2.2	603.5
0.0	2.0	336.7	10.5	2.8	603.5
4.6	7.7	161.6	10.5	3.5	603.5
11.0	6.0	13.3	10.5	3.0	603.5
1.1	-3.1	138.1	10.5	2.2	603.5
0.0	-5.1	348.1	10.5	1.7	603.5
0.0	-1.4	369.7	10.5	2.6	603.5
0.1	1.2	355.5	10.6	3.1	603.5
0.0	2.9	333.1	10.6	3.7	603.5
0.0	6.1	363.4	10.6	4.5	603.5
0.0	8.8	304.1	10.6	5.1	603.5
0.0	11.7	356.3	10.7	5.6	603.5
0.7	12.3	121.7	10.7	5.2	603.5
0.2	5.1	105.9	10.7	3.2	603.5
0.0	8.5	369.0	10.7	5.1	603.5
0.5	10.9	368.0	10.8	5.4	604.6
0.0	8.3	241.7	10.8	3.4	604.6
6.6	14.8	365.4	10.8	6.4	604.6
3.1	1.4	34.8	10.8	3.3	604.6
0.0	-1.9	158.7	10.9	1.9	604.6
0.0	-1.5	382.3	10.9	2.6	604.6
0.0	3.2	312.2	10.9	3.5	604.6
11.4	3.0	151.8	10.9	2.9	604.6
11.2	1.9	52.3	11.0	1.7	604.6
1.8	3.2	105.1	11.0	1.7	604.6
1.1	6.0	177.2	11.0	2.9	604.6
1.2	3.7	212.5	11.0	3.3	604.6
0.0	2.5	224.1	11.1	2.4	604.6
4.0	4.8	145.2	11.1	2.6	604.6
7.5	6.5	114.6	11.1	2.7	604.6
2.3	5.3	62.9	11.2	2.6	604.6
0.3	6.7	245.6	11.2	4.4	604.6
0.0	5.5	424.3	11.2	3.9	604.6
0.0	3.9	302.6	11.2	4.0	604.6
0.0	7.6	438.4	11.3	4.8	604.6
0.1	6.8	138.1	11.3	3.6	604.6
0.0	3.8	458.0	11.3	4.1	604.6
0.0	9.1	460.7	11.4	5.8	604.6
0.0	15.1	444.7	11.4	7.5	604.6
19.5	14.4	217.0	11.4	6.4	604.6
5.1	13.0	58.6	11.4	4.2	604.6
0.7	10.0	203.4	11.5	4.9	604.6
0.2	13.0	451.4	11.5	6.1	604.6
6.7	10.5	199.0	11.5	5.8	604.8
0.0	10.7	467.8	11.6	5.6	604.8
6.7	14.1	454.2	11.6	6.5	604.8
59.1	7.5	31.8	11.6	4.5	604.8
14.8	7.4	35.3	11.7	5.0	604.8
0.8	4.9	131.0	11.7	2.5	604.8
32.3	6.9	44.4	11.7	2.4	604.8
16.6	8.3	62.3	11.7	3.5	604.8
0.4	6.7	171.3	11.8	3.5	604.8
8.8	6.7	163.5	11.8	2.7	604.8
12.1	8.5	62.0	11.8	3.3	604.8
1.9	10.6	136.1	11.9	3.7	604.8
0.5	11.4	122.8	11.9	3.6	604.8
0.2	12.1	338.8	11.9	7.7	604.8
0.1	3.8	248.7	12.0	3.5	604.8
0.0	5.3	504.6	12.0	4.5	604.8
0.0	7.7	301.9	12.0	5.0	604.8
0.4	14.4	516.5	12.0	7.7	604.8
36.6	18.7	213.0	12.1	7.4	604.8
2.3	13.3	46.7	12.1	5.4	604.8
14.5	14.1	73.2	12.1	5.0	604.8
3.5	10.2	69.2	12.2	4.4	604.8
0.4	13.5	512.9	12.2	7.0	604.8
1.8	15.3	478.1	12.2	7.3	604.8
27.0	13.2	55.8	12.3	4.3	604.8
0.1	13.6	297.8	12.3	6.7	604.8
0.0	9.2	471.2	12.3	5.2	604.8
1.3	10.1	339.2	12.4	5.2	604.8
0.3	8.6	184.5	12.4	4.0	604.8
0.0	11.0	365.9	12.4	6.5	604.8
0.6	15.3	533.0	12.4	8.2	604.8
41.8	10.2	56.1	12.5	3.9	605.1
15.4	15.3	60.3	12.5	6.8	605.1
1.1	8.7	137.2	12.5	4.8	605.1
0.3	13.9	532.9	12.6	8.8	605.1
0.3	17.9	536.1	12.6	10.1	605.1
2.1	16.7	209.7	12.6	5.9	605.1
5.0	18.1	108.1	12.7	5.6	605.1
0.5	23.2	253.3	12.7	9.0	605.1
5.8	16.8	133.8	12.7	11.2	605.1
3.2	9.0	171.3	12.7	3.7	605.1
48.8	8.8	49.3	12.8	2.9	605.1
23.8	11.5	75.8	12.8	4.1	605.1
14.2	13.9	66.7	12.8	6.1	605.1
24.8	13.4	35.7	12.9	5.3	605.1
14.6	10.8	32.1	12.9	2.7	605.1
34.1	13.4	53.0	12.9	4.6	605.1
42.4	13.0	38.5	12.9	3.4	605.1
16.1	10.6	84.8	13.0	5.2	605.1
0.1	11.1	376.5	13.0	7.1	605.1
0.0	14.2	532.4	13.0	8.7	605.1
10.8	16.3	339.5	13.1	6.9	605.1
24.4	18.3	72.9	13.1	5.6	605.1
1.4	18.3	169.6	13.1	6.6	605.1
16.9	15.0	77.2	13.1	4.8	605.1
2.8	13.3	84.0	13.2	4.9	605.1
0.0	13.8	638.7	13.2	8.6	605.1
0.1	17.0	619.8	13.2	9.1	605.1
0.7	17.7	610.8	13.3	9.4	605.1
0.2	20.4	524.3	13.3	8.8	605.1
60.4	18.6	89.6	13.3	8.3	605.1
2.0	16.0	222.9	13.3	6.1	605.4
18.3	13.4	102.9	13.4	4.8	605.4
0.0	14.6	554.7	13.4	8.8	605.4
0.0	13.8	662.2	13.4	9.1	605.4
0.0	14.6	653.2	13.4	9.1	605.4
0.0	16.1	660.6	13.5	10.0	605.4
0.0	18.8	585.5	13.5	9.6	605.4
0.7	17.3	222.7	13.5	7.1	605.4
1.0	19.4	254.0	13.5	7.7	605.4
33.6	21.4	166.5	13.6	7.9	605.4
8.9	18.6	90.3	13.6	7.4	605.4
0.1	19.7	627.0	13.6	9.4	605.4
0.1	22.8	632.7	13.6	11.2	605.4
0.0	24.7	502.6	13.6	10.8	605.4
1.8	27.4	565.9	13.7	9.8	605.4
19.6	24.7	216.0	13.7	8.5	605.4
35.4	23.9	244.3	13.7	8.6	605.4
4.7	19.0	210.7	13.7	9.4	605.4
0.0	21.0	554.7	13.7	9.6	605.4
10.4	21.8	281.4	13.8	9.1	605.4
1.2	21.4	147.2	13.8	5.8	605.4
0.2	21.5	348.8	13.8	9.5	605.4
2.0	23.2	520.0	13.8	9.8	605.4
16.1	23.5	92.8	13.8	6.1	605.4
0.6	24.4	576.3	13.8	9.7	605.4
6.0	23.2	402.1	13.9	9.1	605.4
4.4	20.3	88.6	13.9	5.4	605.4
23.0	21.2	369.1	13.9	8.8	605.4
2.9	17.3	71.4	13.9	5.5	605.4
0.5	17.3	106.3	13.9	4.6	605.4
0.5	18.3	405.7	13.9	9.7	605.4
13.7	20.7	377.1	14.0	7.8	603.3
31.9	21.3	86.5	14.0	7.1	603.3
0.6	19.6	352.9	14.0	8.4	603.3
0.2	23.3	652.3	14.0	10.5	603.3
0.1	23.8	516.3	14.0	10.8	603.3
0.5	21.7	521.2	14.0	10.0	603.3
0.0	22.9	636.2	14.0	9.6	603.3
17.4	23.2	337.3	14.0	10.3	603.3
4.5	21.6	139.8	14.0	6.4	603.3
1.0	23.0	306.8	14.0	8.5	603.3
1.5	23.8	449.6	14.0	9.2	603.3
5.9	24.8	417.0	14.1	9.2	603.3
4.2	23.1	176.3	14.1	6.3	603.3
0.0	24.8	655.4	14.1	10.7	603.3
0.7	25.8	468.8	14.1	10.0	603.3
1.3	24.3	548.3	14.1	11.8	603.3
7.3	23.6	519.3	14.1	10.7	603.3
0.2	22.4	354.6	14.1	8.9	603.3
0.3	22.8	543.0	14.1	10.1	603.3
0.0	22.7	559.5	14.1	9.1	603.3
20.1	25.2	517.0	14.1	9.7	603.3
2.4	25.5	346.6	14.1	8.2	603.3
0.2	25.3	342.8	14.1	10.3	603.3
0.0	24.5	672.3	14.1	10.5	603.3
0.1	27.0	644.1	14.1	11.4	603.3
8.0	27.0	477.5	14.1	10.0	603.3
0.3	28.5	553.1	14.1	9.5	603.3
0.3	29.3	547.4	14.1	8.3	603.3
3.9	28.0	180.3	14.1	7.8	603.3
18.5	25.9	219.6	14.1	7.7	603.3
6.9	27.3	543.7	14.1	10.0	599.7
15.0	26.7	374.8	14.0	8.8	599.7
3.2	26.4	263.9	14.0	9.9	599.7
0.0	28.2	638.1	14.0	11.2	599.7
0.1	28.9	613.7	14.0	11.0	599.7
3.8	28.8	620.9	14.0	11.9	599.7
13.9	27.9	477.4	14.0	9.5	599.7
11.2	27.9	421.5	14.0	9.8	599.7
15.4	27.9	482.0	14.0	8.9	599.7
24.2	27.7	418.5	14.0	9.2	599.7
17.9	27.8	348.5	14.0	9.3	599.7
10.4	27.4	298.9	13.9	8.5	599.7
3.2	27.4	265.7	13.9	7.8	599.7
10.3	28.3	518.8	13.9	10.3	599.7
1.0	27.9	282.5	13.9	8.6	599.7
3.8	27.2	272.4	13.9	9.1	599.7
12.2	27.6	450.2	13.9	8.7	599.7
8.7	28.0	588.8	13.9	10.5	599.7
10.2	27.8	508.2	13.8	10.0	599.7
12.8	27.5	351.3	13.8	9.6	599.7
10.6	27.3	513.6	13.8	10.8	599.7
11.9	26.7	530.9	13.8	10.4	599.7
14.3	26.0	529.1	13.8	9.7	599.7
0.3	26.3	376.2	13.7	8.6	599.7
0.9	26.1	484.5	13.7	9.8	599.7
0.3	25.5	470.0	13.7	9.9	599.7
0.0	27.1	610.7	13.7	10.4	599.7
0.9	28.8	582.4	13.7	10.5	599.7
16.7	27.7	488.0	13.6	9.7	599.7
20.0	27.2	478.7	13.6	10.0	599.7
13.8	27.2	572.0	13.6	9.1	599.7
10.1	26.6	463.1	13.6	8.2	598.2
13.5	26.0	425.1	13.6	9.0	598.2
1.7	26.4	542.4	13.5	10.1	598.2
2.6	26.2	606.7	13.5	11.0	598.2
0.0	26.5	406.4	13.5	9.8	598.2
1.8	27.1	622.4	13.5	11.1	598.2
3.3	27.3	612.5	13.4	11.3	598.2
0.0	28.1	472.5	13.4	10.1	598.2
0.0	27.2	399.2	13.4	9.9	598.2
0.0	27.3	465.0	13.4	10.5	598.2
0.2	29.1	499.1	13.3	10.9	598.2
9.1	28.3	498.0	13.3	11.8	598.2
16.7	27.8	509.6	13.3	10.4	598.2
18.3	27.0	433.4	13.3	9.0	598.2
17.3	27.2	406.0	13.2	9.0	598.2
12.4	26.6	404.6	13.2	8.5	598.2
17.7	26.5	515.0	13.2	9.7	598.2
0.7	27.2	568.3	13.2	9.2	598.2
0.3	27.8	571.1	13.1	9.7	598.2
0.3	27.5	370.9	13.1	9.2	598.2
1.1	27.8	496.6	13.1	9.7	598.2
4.9	27.3	462.7	13.1	9.7	598.2
15.9	26.0	403.5	13.0	8.1	598.2
13.0	24.5	132.8	13.0	5.9	598.2
0.6	23.6	167.2	13.0	5.9	598.2
0.0	25.2	525.3	12.9	8.9	598.2
0.2	27.0	509.5	12.9	9.5	598.2
3.0	27.4	455.2	12.9	9.1	598.2
0.4	26.5	288.8	12.9	9.3	598.2
1.5	25.0	246.1	12.8	9.3	598.2
0.4	26.3	503.0	12.8	9.5	598.2
0.2	26.8	549.5	12.8	8.6	598.0
0.5	26.7	438.3	12.7	9.0	598.0
0.9	27.0	420.3	12.7	9.2	598.0
0.5	27.5	445.2	12.7	9.6	598.0
0.0	27.2	556.0	12.7	10.2	598.0
0.0	25.3	564.6	12.6	10.3	598.0
0.0	25.2	570.1	12.6	9.9	598.0
0.1	26.2	529.5	12.6	9.1	598.0
1.0	24.4	47.2	12.5	4.6	598.0
0.4	24.4	66.2	12.5	6.5	598.0
0.1	23.8	104.5	12.5	5.5	598.0
0.0	23.8	550.4	12.4	10.5	598.0
0.0	24.7	551.6	12.4	10.6	598.0
0.0	26.3	515.6	12.4	9.5	598.0
0.0	26.3	487.5	12.4	10.2	598.0
1.0	27.5	422.5	12.3	9.1	598.0
1.5	27.6	297.5	12.3	7.3	598.0
3.2	27.1	324.8	12.3	8.6	598.0
0.8	27.3	325.0	12.2	7.5	598.0
0.6	27.7	360.0	12.2	7.9	598.0
1.0	27.0	357.4	12.2	7.8	598.0
0.2	25.7	424.0	12.1	9.1	598.0
0.0	24.6	511.1	12.1	9.3	598.0
0.0	25.2	509.9	12.1	9.7	598.0
0.0	24.7	500.9	12.1	9.6	598.0
0.0	24.5	415.2	12.0	8.4	598.0
0.0	26.7	458.7	12.0	8.7	598.0
0.0	26.0	454.6	12.0	8.9	598.0
0.0	26.2	473.7	11.9	8.2	598.0
0.3	26.7	385.5	11.9	8.2	598.0
0.9	26.2	327.3	11.9	7.9	598.3
0.2	25.1	398.6	11.8	7.4	598.3
0.0	24.5	297.0	11.8	6.8	598.3
0.0	26.4	433.8	11.8	7.8	598.3
0.2	27.8	421.9	11.8	8.2	598.3
6.0	26.7	288.9	11.7	8.8	598.3
6.0	15.8	24.0	11.7	6.9	598.3
0.0	14.3	413.1	11.7	5.8	598.3
0.0	14.6	448.8	11.6	6.8	598.3
0.0	17.0	437.8	11.6	6.4	598.3
0.7	16.6	239.2	11.6	6.7	598.3
0.0	15.7	471.2	11.5	6.9	598.3
0.0	17.6	441.8	11.5	7.8	598.3
0.0	19.8	453.6	11.5	8.6	598.3
0.0	21.3	448.6	11.5	8.3	598.3
0.0	23.3	427.2	11.4	8.0	598.3
0.0	24.7	298.5	11.4	7.0	598.3
0.0	25.0	271.8	11.4	7.0	598.3
11.2	24.1	371.0	11.3	7.1	598.3
4.3	24.5	311.9	11.3	7.4	598.3
3.6	19.5	41.9	11.3	4.9	598.3
0.7	16.8	54.2	11.3	2.6	598.3
0.1	17.3	122.1	11.2	4.1	598.3
0.7	22.0	378.0	11.2	7.3	598.3
2.6	15.9	31.3	11.2	5.2	598.3
0.0	16.0	379.9	11.1	4.9	598.3
0.0	17.4	384.6	11.1	5.8	598.3
3.1	17.7	323.8	11.1	6.0	598.3
1.0	13.1	39.7	11.1	2.3	598.3
1.1	16.4	360.6	11.0	5.0	598.3
0.5	11.5	46.9	11.0	3.6	598.3
0.0	7.3	401.5	11.0	4.3	599.5
0.0	9.0	401.2	11.0	4.4	599.5
0.1	16.7	370.7	10.9	6.9	599.5
1.7	16.5	98.7	10.9	3.7	599.5
0.3	14.9	78.9	10.9	3.0	599.5
0.0	16.7	328.8	10.9	5.3	599.5
0.3	20.0	308.2	10.8	6.3	599.5
0.1	19.8	194.8	10.8	5.4	599.5
0.0	15.4	359.6	10.8	5.8	599.5
0.0	13.4	366.7	10.8	5.5	599.5
0.0	10.7	375.3	10.7	4.9	599.5
0.0	13.4	363.2	10.7	5.1	599.5
0.1	17.7	329.1	10.7	5.9	599.5
0.1	14.7	139.2	10.7	4.5	599.5
0.0	10.9	350.8	10.6	4.5	599.5
0.0	11.7	360.6	10.6	4.8	599.5
0.0	14.2	348.3	10.6	5.6	599.5
0.0	13.2	261.8	10.6	5.2	599.5
0.0	10.6	352.7	10.5	4.4	599.5
0.3	14.7	158.5	10.5	4.7	599.5
4.1	16.7	79.7	10.5	3.8	599.5
10.9	10.4	22.1	10.5	4.5	599.5
0.0	2.5	237.5	10.5	1.7	599.5
0.0	0.4	340.4	10.5	2.0	599.5
0.0	2.8	337.5	10.4	3.1	599.5
0.0	6.1	330.6	10.4	3.7	599.5
0.0	6.9	322.5	10.4	3.3	599.5
0.0	9.2	253.8	10.4	3.6	599.5
0.0	9.5	298.0	10.4	4.4	599.5
0.0	12.1	308.8	10.4	4.9	599.5
0.0	13.7	125.6	10.3	4.0	601.4
0.0	16.9	159.2	10.3	4.7	601.4
1.7	20.2	205.0	10.3	5.6	601.4
0.0	15.0	201.8	10.3	4.8	601.4
2.0	13.3	232.1	10.3	4.1	601.4
0.0	11.4	194.5	10.3	3.4	601.4
0.8	10.7	91.8	10.3	2.5	601.4
0.0	8.6	126.2	10.3	3.3	601.4
0.0	9.2	288.7	10.2	3.9	601.4
0.0	9.8	293.8	10.2	4.0	601.4
0.0	10.1	303.9	10.2	4.1	601.4
0.0	8.9	303.7	10.2	4.1	601.4
0.0	6.9	318.7	10.2	3.7	601.4
0.0	8.3	273.1	10.2	4.2	601.4
0.0	10.2	303.9	10.2	4.7	601.4
0.0	0.1	322.9	10.2	2.0	601.4
0.0	3.9	312.6	10.2	3.4	601.4
0.0	10.0	307.4	10.2	5.0	601.4
0.0	12.0	305.9	10.2	5.5	601.4
0.0	14.3	311.8	10.2	5.8	601.4
0.0	15.2	296.6	10.2	5.5	601.4
0.7	16.2	267.5	10.2	5.8	601.4
2.2	6.6	24.9	10.2	2.6	601.4
0.1	2.3	46.1	10.2	1.7	601.4
0.0	3.5	273.9	10.2	2.3	601.4
0.0	5.8	243.8	10.2	2.8	601.4
0.0	2.8	314.2	10.2	2.9	601.4
0.0	6.2	304.7	10.2	3.6	601.4
0.0	4.7	295.7	10.2	2.7	601.4
0.0	4.3	297.3	10.2	2.6	601.4
0.0	2.4	263.9	10.2	3.0	601.4
0.0	5.1	314.7	10.2	3.8	604.0
0.0	8.0	222.6	10.2	4.0	604.0
0.0	6.4	145.2	10.2	3.0	604.0
0.0	6.6	323.8	10.2	4.1	604.0
0.0	6.5	326.6	10.3	4.3	604.0
0.0	7.8	320.0	10.3	4.6	604.0
0.0	5.4	114.1	10.3	2.4	604.0
0.0	4.6	312.0	10.3	3.5	604.0
0.0	7.6	323.6	10.3	4.5	604.0
0.0	11.9	310.5	10.3	5.4	604.0
4.1	15.6	248.1	10.3	5.6	604.0
4.4	5.6	35.3	10.3	3.1	604.0
0.0	3.5	342.5	10.4	3.2	604.0
0.0	6.6	337.7	10.4	4.2	604.0
0.0	9.5	288.2	10.4	5.0	604.0
0.1	10.5	160.0	10.4	3.8	604.0
1.8	11.7	78.3	10.4	4.1	604.0
14.0	6.5	17.4	10.4	2.2	604.0
19.2	1.6	15.2	10.5	2.0	604.0
5.6	-0.9	43.0	10.5	1.1	604.0
1.0	-3.5	85.3	10.5	1.6	604.0
0.0	-0.3	349.2	10.5	2.8	604.0
0.1	3.0	306.0	10.5	3.2	604.0
0.0	5.9	345.0	10.6	3.4	604.0
0.0	5.8	357.4	10.6	4.1	604.0
0.0	7.8	361.2	10.6	4.1	604.0
0.0	10.0	359.1	10.6	5.0	604.0
0.0	12.6	346.1	10.7	5.9	604.0
0.0	15.4	347.4	10.7	6.3	604.0
0.0	16.7	360.7	10.7	6.8	604.0
0.1	19.1	351.1	10.7	7.3	604.0
5.4	13.7	117.1	10.7	7.0	605.1
0.0	5.2	345.3	10.8	3.2	605.1
0.0	8.0	370.0	10.8	4.6	605.1
0.0	7.6	387.4	10.8	4.5	605.1
0.0	13.2	394.1	10.8	6.6	605.1
0.0	17.1	394.6	10.9	6.8	605.1
0.6	9.9	279.4	10.9	6.4	605.1
0.0	7.1	406.3	10.9	4.5	605.1
17.6	7.4	71.4	11.0	3.2	605.1
1.4	8.0	114.5	11.0	2.8	605.1
0.0	5.5	416.8	11.0	4.2	605.1
0.0	6.8	390.0	11.0	4.6	605.1
2.1	11.9	395.1	11.1	6.0	605.1
0.6	5.8	107.1	11.1	3.6	605.1
0.0	7.2	393.4	11.1	3.9	605.1
0.0	9.2	232.8	11.1	4.7	605.1
0.0	5.4	383.5	11.2	4.2	605.1
0.0	7.5	428.2	11.2	4.8	605.1
3.8	10.6	264.2	11.2	5.4	605.1
1.3	5.8	85.9	11.3	3.0	605.1
0.5	6.0	135.7	11.3	2.8	605.1
0.5	7.0	191.0	11.3	3.5	605.1
0.2	4.4	326.9	11.3	4.3	605.1
0.0	4.3	466.9	11.4	4.3	605.1
0.0	10.0	447.7	11.4	6.4	605.1
0.0	11.3	156.9	11.4	4.9	605.1
0.0	10.7	448.3	11.5	6.0	605.1
0.9	14.1	258.0	11.5	6.4	605.1
2.2	16.0	96.6	11.5	5.0	605.3
0.0	21.2	353.4	11.6	8.9	605.3
0.0	24.1	444.1	11.6	9.5	605.3
0.0	25.2	378.9	11.6	9.8	605.3
3.5	21.1	393.6	11.6	11.7	605.3
4.6	14.7	416.9	11.7	6.5	605.3
10.5	9.5	85.1	11.7	3.6	605.3
2.5	10.2	95.8	11.7	4.4	605.3
1.1	16.7	259.2	11.8	6.9	605.3
6.7	10.6	165.9	11.8	6.3	605.3
12.4	6.6	25.0	11.8	1.9	605.3
27.4	7.6	28.4	11.9	3.0	605.3
45.3	7.5	42.8	11.9	2.2	605.3
32.6	7.6	41.2	11.9	3.4	605.3
20.9	4.1	51.9	12.0	2.0	605.3
18.3	5.3	61.1	12.0	2.1	605.3
1.4	8.3	121.3	12.0	3.6	605.3
20.7	11.8	138.1	12.0	4.5	605.3
5.0	10.1	52.8	12.1	4.2	605.3
7.6	8.4	39.4	12.1	2.1	605.3
11.1	9.1	84.3	12.1	2.9	605.3
1.2	10.1	63.4	12.2	2.9	605.3
0.0	7.9	467.6	12.2	5.3	605.3
0.0	9.8	492.9	12.2	5.4	605.3
0.0	12.4	551.5	12.3	6.3	605.3
0.0	15.9	483.6	12.3	7.2	605.3
0.0	18.5	551.0	12.3	7.6	605.3
0.0	15.6	327.2	12.3	9.5	605.3
0.0	13.8	413.4	12.4	7.1	605.3
15.7	16.5	487.6	12.4	9.1	605.3
0.0	15.9	461.9	12.4	7.8	605.3
0.0	16.6	573.3	12.5	8.6	605.6
16.3	18.4	301.4	12.5	7.3	605.6
42.3	19.6	37.2	12.5	5.3	605.6
12.0	13.8	74.4	12.6	7.5	605.6
43.2	8.3	41.7	12.6	2.4	605.6
12.1	11.2	46.6	12.6	4.0	605.6
0.4	18.1	210.9	12.7	7.7	605.6
4.2	22.1	380.5	12.7	8.8	605.6
5.4	19.7	379.1	12.7	7.2	605.6
19.4	18.4	91.4	12.7	4.1	605.6
5.0	22.6	295.6	12.8	8.3	605.6
38.7	16.1	338.9	12.8	12.3	605.6
20.3	7.2	48.3	12.8	2.3	605.6
0.7	9.5	236.4	12.9	5.3	605.6
0.6	12.5	501.8	12.9	7.9	605.6
0.1	14.0	316.2	12.9	7.9	605.6
0.1	16.5	604.6	12.9	9.5	605.6
11.5	18.5	495.8	13.0	8.5	605.6
18.2	14.1	65.2	13.0	7.4	605.6
7.4	13.0	234.2	13.0	6.2	605.6
0.1	14.1	559.5	13.1	8.1	605.6
0.0	15.0	612.7	13.1	7.6	605.6
0.0	15.2	373.1	13.1	8.1	605.6
0.5	16.9	480.6	13.1	8.1	605.6
0.4	17.5	329.4	13.2	6.7	605.6
0.1	18.8	191.3	13.2	6.3	605.6
0.0	22.4	606.9	13.2	9.7	605.6
0.0	26.0	577.0	13.2	10.1	605.6
20.7	23.4	132.2	13.3	8.5	605.6
10.2	18.4	46.6	13.3	6.8	605.6
0.9	22.1	270.2	13.3	9.4	605.8
11.9	17.8	59.6	13.4	7.2	605.8
2.6	24.4	426.1	13.4	12.3	605.8
11.5	24.5	333.5	13.4	9.2	605.8
3.9	17.5	84.5	13.4	8.2	605.8
1.6	15.3	39.6	13.5	3.7	605.8
0.0	15.3	141.1	13.5	5.1	605.8
16.8	16.3	85.4	13.5	5.8	605.8
3.3	13.7	148.7	13.5	5.5	605.8
0.1	16.3	358.0	13.5	8.2	605.8
0.2	19.6	645.5	13.6	10.6	605.8
0.0	21.8	555.8	13.6	10.9	605.8
0.0	22.9	285.1	13.6	9.8	605.8
0.1	22.1	90.5	13.6	7.1	605.8
0.5	22.1	329.2	13.7	10.5	605.8
0.0	20.2	680.0	13.7	11.1	605.8
0.0	21.9	667.9	13.7	10.5	605.8
0.0	23.1	648.5	13.7	10.0	605.8
0.0	24.1	358.2	13.7	8.5	605.8
5.5	25.8	605.0	13.8	11.0	605.8
16.5	23.7	419.4	13.8	11.4	605.8
0.5	21.2	251.6	13.8	6.8	605.8
0.2	21.2	310.2	13.8	8.4	605.8
3.0	18.9	53.9	13.8	4.2	605.8
12.5	19.0	57.3	13.8	5.1	605.8
0.0	20.0	297.7	13.9	7.1	605.8
0.0	21.5	679.9	13.9	11.0	605.8
0.0	23.3	521.5	13.9	9.8	605.8
26.8	22.8	462.2	13.9	10.9	605.8
1.0	21.6	217.0	13.9	7.9	605.8
35.4	24.2	345.6	13.9	9.6	605.8
16.3	20.2	58.8	13.9	6.3	603.8
0.1	20.1	548.8	14.0	10.1	603.8
0.1	21.1	627.3	14.0	9.9	603.8
0.1	21.6	606.1	14.0	11.3	603.8
0.0	24.3	646.6	14.0	11.8	603.8
0.0	27.1	622.7	14.0	12.0	603.8
0.0	24.9	539.1	14.0	12.3	603.8
0.0	20.0	624.4	14.0	10.0	603.8
0.0	21.5	332.5	14.0	10.0	603.8
0.0	20.3	347.4	14.0	10.6	603.8
0.0	23.2	676.7	14.0	12.2	603.8
0.0	25.4	614.1	14.1	11.7	603.8
0.0	26.0	481.1	14.1	12.0	603.8
0.4	27.7	497.3	14.1	11.1	603.8
0.0	28.1	374.0	14.1	10.0	603.8
10.2	27.2	410.9	14.1	10.7	603.8
5.5	26.3	312.5	14.1	9.1	603.8
11.2	24.6	289.1	14.1	8.6	603.8
0.0	27.9	632.1	14.1	12.1	603.8
13.0	26.3	276.1	14.1	10.4	603.8
4.1	23.3	107.3	14.1	6.0	603.8
0.1	26.2	497.8	14.1	10.1	603.8
0.4	26.4	301.2	14.1	9.2	603.8
26.2	21.6	45.8	14.1	7.9	603.8
21.9	21.7	47.0	14.1	4.9	603.8
17.5	24.6	197.5	14.1	8.6	603.8
17.1	24.6	219.7	14.1	8.5	603.8
7.1	26.0	576.1	14.1	10.3	603.8
5.2	25.8	619.7	14.1	11.2	603.8
0.0	26.9	603.3	14.1	11.2	603.8
11.4	26.2	406.3	14.1	9.9	600.2
4.6	25.5	227.8	14.0	9.0	600.2
1.9	26.8	487.9	14.0	11.0	600.2
0.0	28.4	620.2	14.0	11.2	600.2
16.6	27.8	480.1	14.0	9.6	600.2
14.4	27.7	448.7	14.0	9.5	600.2
15.0	27.3	517.9	14.0	9.4	600.2
12.1	27.7	487.2	14.0	9.6	600.2
0.7	29.3	636.0	14.0	11.2	600.2
0.0	29.7	647.5	14.0	12.0	600.2
0.0	30.1	632.9	14.0	10.9	600.2
9.7	28.8	615.9	13.9	12.6	600.2
19.2	27.9	470.8	13.9	9.8	600.2
17.8	27.2	514.2	13.9	10.8	600.2
23.8	26.4	402.2	13.9	8.8	600.2
29.3	27.3	471.2	13.9	9.7	600.2
20.5	27.1	321.9	13.9	8.8	600.2
16.5	26.7	251.2	13.9	8.3	600.2
12.8	28.1	571.6	13.8	10.5	600.2
5.2	28.7	574.1	13.8	10.9	600.2
4.8	29.4	584.6	13.8	11.6	600.2
6.4	29.0	502.6	13.8	10.4	600.2
21.3	28.0	361.9	13.8	9.7	600.2
12.1	26.9	166.7	13.8	7.9	600.2
20.8	27.2	431.7	13.7	9.5	600.2
15.6	27.3	451.4	13.7	8.8	600.2
10.2	26.8	213.5	13.7	7.9	600.2
15.4	27.5	377.7	13.7	8.8	600.2
18.7	27.7	413.5	13.7	9.4	600.2
15.6	27.8	501.7	13.6	10.2	600.2
9.7	28.2	560.0	13.6	10.5	600.2
13.6	28.1	522.5	13.6	10.5	598.6
11.7	28.3	547.8	13.6	10.4	598.6
8.1	28.3	522.6	13.5	9.8	598.6
10.0	28.1	467.9	13.5	9.7	598.6
21.4	27.2	401.0	13.5	9.1	598.6
5.8	26.3	442.6	13.5	7.9	598.6
10.1	26.0	461.1	13.5	8.2	598.6
10.6	26.3	520.2	13.4	8.9	598.6
5.1	27.1	544.7	13.4	9.4	598.6
15.0	27.3	470.6	13.4	9.4	598.6
19.5	27.5	462.3	13.4	9.6	598.6
23.9	27.1	435.9	13.3	9.5	598.6
4.9	26.6	469.4	13.3	8.7	598.6
3.4	25.3	340.3	13.3	7.2	598.6
4.7	25.7	204.6	13.2	6.6	598.6
10.9	26.5	303.5	13.2	6.7	598.6
1.3	26.2	278.4	13.2	7.4	598.6
0.5	25.2	348.4	13.2	9.2	598.6
0.5	26.4	400.1	13.1	9.1	598.6
0.4	27.4	493.8	13.1	9.8	598.6
0.0	27.7	550.7	13.1	10.6	598.6
0.0	29.0	587.3	13.1	11.7	598.6
0.0	29.8	577.1	13.0	12.0	598.6
0.0	30.9	584.5	13.0	12.4	598.6
1.7	30.3	582.4	13.0	12.1	598.6
6.5	28.5	485.9	13.0	10.4	598.6
28.8	25.0	131.3	12.9	6.8	598.6
8.6	24.3	95.3	12.9	4.4	598.6
0.6	25.8	272.6	12.9	8.0	598.6
0.5	26.7	522.0	12.8	9.1	598.6
0.0	27.8	548.6	12.8	9.6	598.6
0.1	28.5	532.3	12.8	9.8	598.4
0.1	29.7	525.4	12.8	9.5	598.4
0.3	29.4	366.5	12.7	9.9	598.4
0.0	27.9	316.8	12.7	10.2	598.4
0.0	27.0	550.3	12.7	9.9	598.4
0.0	26.0	458.2	12.6	10.5	598.4
0.0	24.9	522.2	12.6	10.1	598.4
0.0	25.6	570.3	12.6	11.1	598.4
0.0	26.6	556.7	12.5	11.3	598.4
0.0	27.4	544.6	12.5	10.8	598.4
0.0	27.6	543.1	12.5	11.2	598.4
0.0	28.7	541.9	12.5	11.1	598.4
0.0	30.2	525.4	12.4	10.4	598.4
0.0	30.9	473.2	12.4	10.3	598.4
0.1	31.1	452.2	12.4	10.2	598.4
4.0	30.2	481.5	12.3	10.4	598.4
0.0	30.8	483.8	12.3	9.5	598.4
0.0	29.4	428.8	12.3	9.7	598.4
0.0	28.3	517.0	12.2	9.2	598.4
0.1	29.7	473.3	12.2	9.0	598.4
7.9	27.3	397.4	12.2	9.2	598.4
0.1	23.3	242.9	12.2	6.7	598.4
0.0	23.2	501.8	12.1	8.4	598.4
0.0	24.9	500.4	12.1	9.3	598.4
0.0	24.9	502.4	12.1	9.5	598.4
0.0	24.9	503.3	12.0	9.8	598.4
0.0	26.1	492.2	12.0	9.1	598.4
0.0	26.8	484.1	12.0	9.9	598.4
0.0	24.9	492.3	11.9	10.0	598.4
0.0	23.6	494.6	11.9	9.5	598.4
0.0	24.7	490.3	11.9	9.0	598.8
0.0	26.3	415.9	11.9	8.7	598.8
0.0	24.7	472.9	11.8	9.0	598.8
0.0	24.3	477.2	11.8	8.8	598.8
0.0	24.3	469.9	11.8	8.8	598.8
0.0	24.4	467.9	11.7	9.0	598.8
0.0	24.2	469.4	11.7	8.2	598.8
0.0	22.6	462.2	11.7	8.4	598.8
1.7	23.2	331.0	11.6	7.1	598.8
0.0	22.7	181.8	11.6	5.5	598.8
0.0	23.0	242.9	11.6	5.8	598.8
0.0	22.9	399.5	11.6	8.3	598.8
0.0	22.6	451.7	11.5	8.5	598.8
0.0	22.6	456.3	11.5	7.7	598.8
0.0	20.1	447.2	11.5	7.5	598.8
0.0	20.1	448.5	11.4	8.0	598.8
0.0	20.8	441.4	11.4	7.9	598.8
0.0	17.5	457.4	11.4	6.7	598.8
0.0	18.1	437.4	11.4	7.1	598.8
0.0	17.9	432.0	11.3	7.2	598.8
0.0	17.8	438.8	11.3	7.8	598.8
0.0	18.6	441.4	11.3	8.2	598.8
0.0	20.0	439.2	11.2	8.4	598.8
0.5	21.2	389.5	11.2	6.5	598.8
0.1	19.8	159.0	11.2	5.1	598.8
0.0	17.5	361.0	11.2	6.2	598.8
0.0	15.9	415.3	11.1	6.3	598.8
0.0	15.6	412.7	11.1	6.7	598.8
0.0	16.5	408.8	11.1	7.1	598.8
0.0	17.3	404.4	11.0	7.5	598.8
0.0	18.2	398.5	11.0	7.2	598.8
0.0	18.8	390.4	11.0	7.4	599.9
0.0	20.5	383.1	11.0	7.3	599.9
0.0	18.8	379.9	10.9	6.3	599.9
0.0	14.3	384.7	10.9	5.7	599.9
0.0	14.0	383.6	10.9	5.4	599.9
0.0	17.0	369.4	10.9	6.3	599.9
0.0	17.3	323.3	10.8	5.9	599.9
0.0	18.6	365.0	10.8	6.2	599.9
0.0	20.0	359.7	10.8	6.3	599.9
0.0	20.9	353.8	10.8	6.4	599.9
0.0	21.7	349.7	10.7	6.5	599.9
0.0	22.2	350.1	10.7	6.5	599.9
0.1	22.6	341.5	10.7	6.5	599.9
0.6	15.6	43.2	10.7	4.5	599.9
0.0	13.3	330.8	10.6	4.4	599.9
0.0	11.0	342.6	10.6	4.6	599.9
0.0	13.2	350.7	10.6	4.9	599.9
0.0	15.2	209.3	10.6	4.6	599.9
0.0	12.4	353.8	10.6	5.3	599.9
0.0	7.0	355.8	10.5	3.8	599.9
0.0	5.9	360.4	10.5	3.8	599.9
0.0	8.3	282.4	10.5	4.5	599.9
0.0	11.2	343.5	10.5	5.4	599.9
0.0	15.6	307.5	10.5	5.2	599.9
2.9	17.8	115.6	10.4	4.5	599.9
0.0	7.6	332.4	10.4	4.8	599.9
0.0	2.7	338.2	10.4	2.8	599.9
0.0	6.7	349.6	10.4	4.2	599.9
0.0	12.8	306.9	10.4	5.4	599.9
0.0	10.4	299.0	10.4	4.6	599.9
0.0	10.6	330.7	10.3	4.9	601.9
0.0	12.2	326.6	10.3	5.4	601.9
0.0	14.7	318.4	10.3	5.7	601.9
0.0	15.8	320.5	10.3	6.1	601.9
0.0	15.8	312.4	10.3	5.6	601.9
0.0	15.7	317.2	10.3	5.4	601.9
0.0	16.8	304.4	10.3	5.5	601.9
3.8	14.5	245.4	10.3	6.3	601.9
5.0	3.6	55.0	10.2	1.8	601.9
0.0	4.9	315.0	10.2	3.2	601.9
0.0	7.1	312.6	10.2	4.0	601.9
0.0	7.2	156.9	10.2	3.8	601.9
0.0	7.7	308.8	10.2	4.0	601.9
0.0	11.4	310.2	10.2	4.7	601.9
0.0	13.5	297.2	10.2	4.8	601.9
0.1	15.7	292.5	10.2	5.8	601.9
0.3	13.6	153.3	10.2	3.2	601.9
0.1	9.8	259.6	10.2	4.2	601.9
0.0	11.0	234.5	10.2	3.8	601.9
0.0	15.9	153.1	10.2	4.4	601.9
7.0	16.6	78.4	10.2	2.9	601.9
15.9	10.0	21.4	10.2	4.1	601.9
1.1	7.4	128.4	10.2	1.6	601.9
1.7	8.9	43.3	10.2	2.0	601.9
1.2	6.8	158.2	10.2	2.7	601.9
0.1	1.0	87.7	10.2	1.8	601.9
0.0	3.6	308.3	10.2	2.8	601.9
0.0	4.6	312.1	10.2	3.2	601.9
0.0	8.5	298.5	10.2	4.1	601.9
0.0	11.6	122.1	10.2	3.3	601.9
8.9	14.4	68.9	10.2	3.0	601.9
39.4	15.1	82.7	10.2	3.4	604.4
8.3	8.3	25.9	10.2	2.9	604.4
0.2	5.3	62.7	10.2	1.7	604.4
0.5	5.3	60.6	10.2	1.7	604.4
0.7	3.5	37.6	10.3	1.5	604.4
3.4	4.5	139.6	10.3	2.1	604.4
4.3	6.7	29.4	10.3	1.6	604.4
2.4	7.0	69.2	10.3	2.0	604.4
6.1	6.5	28.5	10.3	1.7	604.4
3.5	6.5	68.3	10.3	2.2	604.4
0.7	4.8	94.5	10.3	1.7	604.4
1.0	1.4	94.0	10.3	1.8	604.4
0.6	1.0	143.7	10.4	2.0	604.4
1.0	4.5	120.4	10.4	2.6	604.4
0.0	2.9	327.8	10.4	2.3	604.4
6.6	3.2	190.8	10.4	2.1	604.4
1.8	1.6	118.9	10.4	2.1	604.4
0.9	0.2	186.7	10.4	1.3	604.4
0.2	2.1	202.9	10.5	2.3	604.4
0.0	-4.8	291.1	10.5	2.3	604.4
0.0	-4.8	360.6	10.5	1.7	604.4
0.0	0.8	360.3	10.5	3.0	604.4
6.1	4.6	348.4	10.5	3.7	604.4
9.6	3.7	50.9	10.6	2.9	604.4
0.0	-2.7	231.8	10.6	2.1	604.4
0.0	-2.6	367.4	10.6	2.3	604.4
0.0	2.3	356.1	10.6	3.5	604.4
0.0	4.5	137.0	10.6	3.0	604.4
10.2	2.8	45.5	10.7	1.0	604.4
13.2	4.1	80.8	10.7	1.7	604.4
30.6	2.4	21.4	10.7	1.6	604.4
2.7	1.9	50.4	10.7	1.3	605.6
25.1	3.2	87.2	10.8	2.0	605.6
0.6	1.1	107.7	10.8	1.9	605.6
0.0	3.0	390.8	10.8	2.8	605.6
0.1	4.9	289.0	10.8	3.7	605.6
0.0	3.7	398.0	10.9	3.1	605.6
0.0	3.0	402.8	10.9	3.5	605.6
0.0	4.8	409.4	10.9	4.2	605.6
0.0	6.4	402.4	10.9	4.8	605.6
0.0	3.4	313.2	11.0	3.0	605.6
0.0	6.5	361.4	11.0	4.5	605.6
0.0	9.2	387.0	11.0	5.1	605.6
0.3	7.8	61.1	11.1	2.8	605.6
5.2	8.7	209.7	11.1	3.8	605.6
19.3	8.5	41.5	11.1	2.3	605.6
6.2	9.7	64.9	11.1	2.7	605.6
0.2	4.0	137.9	11.2	4.0	605.6
0.0	3.8	440.5	11.2	3.6	605.6
0.0	4.3	432.5	11.2	3.4	605.6
0.0	6.2	350.7	11.3	4.4	605.6
0.0	8.5	442.6	11.3	5.5	605.6
0.0	6.1	453.5	11.3	4.5	605.6
0.0	8.9	282.6	11.3	5.3	605.6
0.0	11.9	454.1	11.4	7.2	605.6
0.0	13.9	447.3	11.4	7.1	605.6
0.1	13.4	233.4	11.4	6.1	605.6
3.7	16.5	297.0	11.5	6.9	605.6
0.2	19.2	261.9	11.5	7.3	605.6
0.0	20.8	282.4	11.5	7.2	605.6
2.4	20.6	297.9	11.5	9.2	605.8
0.3	12.8	320.3	11.6	6.3	605.8
0.0	13.5	489.1	11.6	5.9	605.8
0.0	14.6	478.2	11.6	7.9	605.8
0.0	15.7	481.2	11.7	7.5	605.8
0.0	18.3	373.6	11.7	7.9	605.8
1.8	17.0	227.1	11.7	6.5	605.8
0.0	18.5	457.1	11.8	8.1	605.8
0.0	23.3	479.6	11.8	10.0	605.8
1.0	22.5	212.3	11.8	7.4	605.8
3.4	21.5	406.9	11.9	10.1	605.8
10.5	14.4	353.2	11.9	8.8	605.8
0.0	7.8	455.2	11.9	4.6	605.8
11.0	9.7	390.2	11.9	5.0	605.8
38.1	9.7	53.7	12.0	3.9	605.8
0.9	10.2	137.4	12.0	3.0	605.8
0.0	12.3	348.4	12.0	6.2	605.8
0.1	12.6	248.9	12.1	7.0	605.8
0.1	12.9	477.4	12.1	6.6	605.8
36.8	12.7	36.5	12.1	4.3	605.8
3.5	14.6	86.0	12.2	4.7	605.8
31.9	15.2	186.8	12.2	5.6	605.8
0.9	13.5	228.9	12.2	5.5	605.8
0.3	15.1	416.7	12.2	6.5	605.8
1.1	13.0	125.6	12.3	4.6	605.8
5.8	11.9	92.4	12.3	3.5	605.8
9.7	14.2	241.8	12.3	6.4	605.8
24.1	13.3	39.9	12.4	3.2	605.8
20.6	13.7	55.8	12.4	5.6	605.8
8.0	14.1	99.3	12.4	3.9	605.8
11.5	17.7	62.5	12.5	6.3	605.8
19.0	19.2	55.9	12.5	5.4	606.1
14.5	23.2	199.9	12.5	6.9	606.1
53.5	14.9	43.6	12.6	8.2	606.1
20.9	11.4	62.5	12.6	3.9	606.1
28.0	11.1	337.6	12.6	6.1	606.1
75.7	10.9	52.9	12.6	3.5	606.1
42.4	11.0	52.1	12.7	4.5	606.1
15.9	10.1	96.3	12.7	3.2	606.1
0.0	11.7	247.8	12.7	5.1	606.1
6.4	15.7	86.7	12.8	6.2	606.1
6.5	18.6	104.6	12.8	6.7	606.1
22.7	13.6	57.2	12.8	4.9	606.1
1.7	12.3	99.2	12.8	3.8	606.1
1.8	12.5	99.5	12.9	4.9	606.1
4.1	17.8	411.6	12.9	8.4	606.1
2.5	20.8	113.7	12.9	7.5	606.1
20.6	21.9	273.4	13.0	7.2	606.1
0.4	22.2	334.1	13.0	8.6	606.1
0.1	23.4	536.9	13.0	9.1	606.1
6.1	23.3	290.0	13.0	8.2	606.1
1.3	22.3	315.6	13.1	9.2	606.1
0.1	23.8	555.0	13.1	9.9	606.1
15.7	23.0	314.0	13.1	9.7	606.1
0.6	15.8	111.7	13.2	6.3	606.1
10.7	17.2	535.3	13.2	7.8	606.1
39.6	14.7	49.0	13.2	4.5	606.1
1.8	14.3	230.7	13.2	5.2	606.1
0.0	15.8	475.0	13.3	8.1	606.1
0.0	19.1	601.9	13.3	9.7	606.1
18.4	21.0	419.2	13.3	8.9	606.1
9.8	19.4	65.9	13.3	6.6	606.3
0.1	20.2	541.0	13.4	8.9	606.3
0.1	20.8	343.7	13.4	9.5	606.3
0.5	22.3	521.2	13.4	10.1	606.3
0.3	23.2	416.4	13.4	9.8	606.3
17.6	24.7	453.1	13.5	8.3	606.3
65.1	24.8	326.7	13.5	8.4	606.3
122.7	19.6	67.2	13.5	10.6	606.3
0.0	17.4	550.4	13.5	8.9	606.3
0.0	16.9	587.8	13.6	9.0	606.3
0.0	18.2	541.4	13.6	9.5	606.3
0.2	19.2	543.0	13.6	10.2	606.3
0.0	20.3	659.5	13.6	8.7	606.3
0.0	21.5	656.5	13.7	9.8	606.3
0.5	22.8	591.7	13.7	9.7	606.3
43.8	21.2	155.7	13.7	6.1	606.3
29.1	22.4	149.5	13.7	7.4	606.3
0.9	20.7	130.9	13.7	7.4	606.3
0.0	22.9	542.1	13.8	10.2	606.3
0.3	22.3	274.9	13.8	10.2	606.3
0.0	22.8	648.1	13.8	11.9	606.3
0.0	24.7	643.0	13.8	11.5	606.3
0.0	23.1	274.2	13.8	8.3	606.3
1.7	21.5	160.4	13.8	6.9	606.3
0.2	21.3	173.5	13.9	6.0	606.3
0.4	22.7	278.4	13.9	7.3	606.3
21.7	23.3	194.3	13.9	7.1	606.3
28.6	23.1	50.9	13.9	4.5	606.3
5.5	20.9	52.4	13.9	5.2	606.3
1.1	20.9	72.0	13.9	4.7	606.3
0.7	22.2	468.8	13.9	9.8	606.3
0.0	23.9	583.0	14.0	10.2	604.2
0.0	23.7	369.0	14.0	8.9	604.2
33.3	22.4	213.0	14.0	9.0	604.2
7.6	20.4	88.7	14.0	3.7	604.2
17.9	21.0	76.9	14.0	5.7	604.2
1.1	24.0	382.0	14.0	9.2	604.2
0.0	23.1	457.2	14.0	9.7	604.2
0.2	23.4	346.2	14.0	9.3	604.2
0.1	24.2	377.3	14.0	9.3	604.2
0.0	24.3	572.3	14.0	10.7	604.2
0.0	25.1	665.6	14.1	10.9	604.2
0.0	25.7	659.2	14.1	11.4	604.2
0.1	26.2	633.7	14.1	10.7	604.2
0.2	27.3	585.6	14.1	10.1	604.2
0.3	28.0	544.3	14.1	11.0	604.2
25.4	27.0	490.2	14.1	9.9	604.2
9.1	25.5	239.7	14.1	8.6	604.2
13.7	26.4	398.4	14.1	9.4	604.2
28.7	26.2	287.1	14.1	8.9	604.2
9.0	25.9	319.2	14.1	9.4	604.2
1.1	26.8	322.2	14.1	9.3	604.2
12.1	26.8	468.4	14.1	10.1	604.2
13.2	26.5	321.1	14.1	8.9	604.2
3.3	25.7	159.1	14.1	7.2	604.2
0.8	25.8	144.7	14.1	7.3	604.2
9.3	25.9	245.5	14.1	8.5	604.2
18.7	26.2	479.7	14.1	9.5	604.2
30.1	26.4	444.1	14.1	8.7	604.2
14.2	26.8	350.5	14.1	9.3	604.2
12.1	26.5	272.2	14.1	9.8	604.2
13.7	27.4	537.6	14.0	9.8	600.6
8.8	27.8	411.5	14.0	9.6	600.6
3.1	28.6	474.5	14.0	10.7	600.6
4.4	28.5	592.8	14.0	11.4	600.6
7.7	28.3	623.6	14.0	10.4	600.6
20.4	28.0	505.5	14.0	9.6	600.6
23.4	27.7	551.7	14.0	9.6	600.6
15.9	27.8	514.2	14.0	9.9	600.6
15.8	27.7	482.9	14.0	9.3	600.6
21.0	27.7	586.7	14.0	9.7	600.6
10.8	28.2	600.3	13.9	10.5	600.6
0.0	29.8	633.0	13.9	11.3	600.6
0.0	30.3	564.0	13.9	11.6	600.6
0.0	30.2	657.9	13.9	11.7	600.6
1.2	30.0	653.3	13.9	11.9	600.6
0.0	30.8	650.1	13.9	11.6	600.6
0.0	31.0	646.6	13.9	12.0	600.6
0.0	30.9	649.9	13.8	11.8	600.6
0.0	30.7	643.2	13.8	11.7	600.6
0.0	30.8	563.5	13.8	11.3	600.6
0.0	30.9	644.7	13.8	11.3	600.6
0.1	30.5	639.6	13.8	11.9	600.6
0.1	30.2	641.8	13.8	11.1	600.6
0.2	30.5	612.4	13.7	11.5	600.6
0.0	30.3	638.5	13.7	11.4	600.6
0.0	29.3	637.2	13.7	12.0	600.6
0.0	28.7	646.5	13.7	10.9	600.6
0.0	30.0	636.7	13.7	11.1	600.6
0.7	30.6	613.8	13.6	11.0	600.6
12.5	28.3	410.6	13.6	8.6	600.6
14.5	28.2	395.0	13.6	9.0	600.6
14.8	28.6	492.1	13.6	9.1	599.1
7.6	29.2	555.6	13.5	10.8	599.1
3.6	29.9	603.3	13.5	11.6	599.1
7.7	28.6	528.1	13.5	10.3	599.1
5.3	28.1	608.6	13.5	11.1	599.1
0.0	28.0	605.2	13.5	10.3	599.1
0.5	28.3	539.3	13.4	9.4	599.1
17.2	28.1	524.2	13.4	9.3	599.1
14.0	27.3	550.6	13.4	10.0	599.1
13.7	27.6	542.2	13.4	10.0	599.1
13.9	27.3	437.3	13.3	9.7	599.1
20.2	27.8	468.9	13.3	8.8	599.1
16.6	27.2	355.9	13.3	8.7	599.1
0.4	26.1	375.7	13.3	10.4	599.1
0.9	26.8	477.6	13.2	8.6	599.1
2.2	25.6	128.3	13.2	6.1	599.1
0.7	26.8	216.8	13.2	8.3	599.1
5.6	27.5	559.9	13.2	9.6	599.1
3.5	27.9	571.1	13.1	10.2	599.1
0.2	29.1	543.3	13.1	9.6	599.1
0.2	29.6	418.7	13.1	9.7	599.1
0.1	28.8	399.3	13.0	10.5	599.1
0.0	28.7	591.2	13.0	10.5	599.1
0.1	29.3	539.1	13.0	9.4	599.1
6.9	27.5	276.7	13.0	9.2	599.1
12.9	27.2	527.0	12.9	8.7	599.1
5.8	27.1	498.6	12.9	8.3	599.1
9.3	27.0	492.0	12.9	8.9	599.1
14.9	27.2	533.2	12.8	9.3	599.1
3.4	28.1	558.8	12.8	9.9	599.1
0.0	29.0	564.6	12.8	9.9	599.1
0.0	30.1	555.7	12.8	10.0	598.9
9.0	28.0	502.9	12.7	10.5	598.9
16.7	26.5	374.8	12.7	8.4	598.9
11.5	25.8	378.5	12.7	7.7	598.9
0.7	26.0	357.8	12.6	8.1	598.9
1.2	26.8	400.0	12.6	8.4	598.9
0.4	28.1	450.3	12.6	8.3	598.9
4.4	28.5	508.9	12.6	9.7	598.9
5.1	28.5	524.1	12.5	9.9	598.9
8.9	28.5	503.5	12.5	9.4	598.9
3.8	28.6	503.7	12.5	9.7	598.9
0.1	28.8	446.7	12.4	9.3	598.9
0.0	29.5	517.8	12.4	9.2	598.9
2.6	29.9	502.6	12.4	9.3	598.9
14.3	27.0	299.3	12.3	7.6	598.9
18.9	24.4	326.1	12.3	7.0	598.9
0.0	22.0	121.5	12.3	5.9	598.9
0.0	20.5	280.8	12.3	6.0	598.9
0.1	20.1	336.0	12.2	6.4	598.9
0.1	22.1	511.9	12.2	7.4	598.9
0.3	23.2	490.0	12.2	7.9	598.9
0.0	23.2	510.5	12.1	8.2	598.9
0.0	23.7	477.7	12.1	9.4	598.9
0.0	24.2	509.2	12.1	9.3	598.9
0.0	24.9	501.6	12.0	9.1	598.9
0.0	22.5	509.1	12.0	8.9	598.9
0.0	22.0	498.6	12.0	8.9	598.9
0.0	23.2	502.3	12.0	8.7	598.9
0.0	24.2	496.9	11.9	8.8	598.9
0.0	24.8	486.4	11.9	9.2	598.9
0.0	24.6	483.4	11.9	9.2	599.2
0.0	23.9	449.6	11.8	8.6	599.2
0.0	23.3	385.2	11.8	8.4	599.2
0.0	23.2	472.1	11.8	8.8	599.2
0.0	22.8	465.6	11.7	8.3	599.2
0.0	23.4	432.6	11.7	8.4	599.2
0.0	22.8	321.9	11.7	7.8	599.2
0.0	22.9	431.1	11.7	7.9	599.2
0.0	21.5	433.3	11.6	7.5	599.2
0.0	21.9	318.2	11.6	6.8	599.2
0.0	23.4	401.7	11.6	7.4	599.2
0.0	25.0	410.2	11.5	7.6	599.2
0.0	25.6	416.0	11.5	7.9	599.2
0.0	26.2	417.4	11.5	7.7	599.2
0.0	27.0	374.2	11.4	8.2	599.2
0.0	26.1	425.1	11.4	8.0	599.2
1.6	26.2	317.1	11.4	8.1	599.2
3.4	19.5	34.4	11.4	3.9	599.2
0.0	20.2	385.2	11.3	6.9	599.2
0.0	20.0	422.9	11.3	6.9	599.2
0.0	20.6	411.6	11.3	6.7	599.2
0.4	18.8	104.7	11.2	5.5	599.2
0.0	13.5	201.2	11.2	4.4	599.2
0.0	12.9	406.1	11.2	5.1	599.2
0.0	14.9	382.1	11.2	5.8	599.2
0.0	17.1	361.0	11.1	6.2	599.2
0.0	18.3	382.8	11.1	6.7	599.2
0.1	19.8	222.8	11.1	5.6	599.2
14.5	18.8	80.5	11.0	4.0	599.2
2.4	17.5	78.8	11.0	4.2	599.2
0.2	19.2	185.5	11.0	5.1	599.2
19.0	20.4	96.7	11.0	5.6	600.3
5.7	15.9	45.7	10.9	2.2	600.3
7.1	14.5	65.1	10.9	3.2	600.3
0.9	15.5	255.4	10.9	4.4	600.3
9.2	19.1	175.4	10.9	5.4	600.3
13.8	18.4	213.3	10.8	4.7	600.3
0.4	10.2	52.9	10.8	3.9	600.3
0.0	6.7	334.8	10.8	3.7	600.3
0.0	7.4	380.3	10.8	3.5	600.3
0.0	8.8	373.8	10.7	4.1	600.3
0.0	11.4	365.2	10.7	5.3	600.3
0.0	13.7	361.7	10.7	6.0	600.3
0.0	8.4	366.0	10.7	4.0	600.3
0.0	9.6	363.0	10.6	4.6	600.3
0.0	13.4	360.1	10.6	6.1	600.3
0.0	16.9	227.5	10.6	6.0	600.3
4.6	15.4	106.3	10.6	5.0	600.3
0.0	11.0	274.9	10.6	3.7	600.3
0.6	12.1	239.0	10.5	3.5	600.3
0.4	9.6	227.4	10.5	3.6	600.3
0.0	11.5	326.9	10.5	4.4	600.3
0.1	14.4	222.4	10.5	4.6	600.3
0.1	14.2	304.5	10.5	4.9	600.3
0.4	16.6	319.2	10.4	4.9	600.3
1.8	16.4	96.4	10.4	3.5	600.3
2.1	13.5	41.6	10.4	3.0	600.3
0.0	10.2	317.5	10.4	3.9	600.3
0.0	10.5	309.9	10.4	4.3	600.3
0.9	14.1	304.4	10.4	4.8	600.3
0.4	14.5	90.0	10.3	2.8	600.3
0.8	15.4	171.2	10.3	2.8	602.3
0.3	13.0	104.9	10.3	4.4	602.3
0.0	7.4	322.5	10.3	3.4	602.3
0.0	7.3	319.4	10.3	3.6	602.3
0.0	9.3	313.9	10.3	4.0	602.3
0.0	13.3	307.4	10.3	4.8	602.3
0.1	17.0	176.1	10.3	4.7	602.3
0.2	17.8	114.8	10.2	4.1	602.3
0.9	17.5	143.0	10.2	4.8	602.3
19.4	17.3	179.9	10.2	4.0	602.3
7.5	15.7	117.6	10.2	2.4	602.3
0.9	15.1	122.3	10.2	3.6	602.3
0.3	15.7	224.7	10.2	3.7	602.3
0.1	17.4	273.7	10.2	4.6	602.3
0.1	18.2	272.0	10.2	4.9	602.3
0.1	18.6	180.6	10.2	4.4	602.3
0.5	20.2	122.3	10.2	4.0	602.3
10.6	11.7	51.6	10.2	4.9	602.3
48.7	8.0	22.0	10.2	1.1	602.3
5.7	5.6	19.4	10.2	2.6	602.3
0.5	3.5	218.5	10.2	2.9	602.3
0.2	5.5	263.6	10.2	3.7	602.3
0.0	8.2	274.7	10.2	3.9	602.3
0.7	10.4	124.1	10.2	3.4	602.3
0.1	6.4	188.1	10.2	3.0	602.3
0.0	5.1	293.9	10.2	3.0	602.3
0.0	7.5	310.7	10.2	3.6	602.3
0.1	9.0	193.0	10.2	3.9	602.3
0.0	8.0	311.7	10.2	3.7	602.3
0.0	8.5	311.2	10.2	4.2	602.3
0.0	9.3	316.3	10.2	4.4	602.3
0.0	10.9	312.5	10.2	5.0	604.8
1.8	16.3	267.5	10.2	5.5	604.8
5.5	12.3	26.5	10.2	3.6	604.8
0.4	9.5	266.1	10.3	2.6	604.8
3.8	12.5	107.3	10.3	3.4	604.8
15.0	8.6	23.6	10.3	4.7	604.8
0.0	3.1	310.5	10.3	2.1	604.8
0.1	4.1	157.3	10.3	1.8	604.8
0.0	5.4	315.0	10.3	3.3	604.8
0.3	7.4	237.8	10.3	3.3	604.8
0.2	6.2	148.3	10.3	3.4	604.8
11.9	-1.5	49.5	10.4	2.1	604.8
0.0	-5.8	73.1	10.4	0.9	604.8
0.1	-2.6	333.8	10.4	2.0	604.8
0.0	0.4	280.3	10.4	2.4	604.8
0.0	1.6	343.2	10.4	2.6	604.8
0.0	-0.8	345.5	10.4	2.6	604.8
0.0	-3.0	348.4	10.5	2.1	604.8
0.0	0.2	221.9	10.5	2.3	604.8
21.7	2.8	47.8	10.5	1.9	604.8
0.2	0.2	95.4	10.5	2.1	604.8
0.0	-2.3	365.2	10.5	2.1	604.8
0.1	-2.0	296.4	10.6	2.4	604.8
0.0	0.4	355.9	10.6	2.9	604.8
0.1	4.2	295.7	10.6	3.7	604.8
0.0	-2.9	313.8	10.6	2.0	604.8
0.0	-1.6	382.8	10.6	2.3	604.8
0.0	1.3	378.8	10.7	3.4	604.8
0.0	4.8	375.2	10.7	4.4	604.8
0.0	7.8	377.4	10.7	5.3	604.8
0.0	9.5	344.8	10.7	5.0	604.8
0.0	12.4	313.9	10.8	5.5	606.0
1.1	9.2	73.0	10.8	3.3	606.0
0.0	9.6	360.1	10.8	5.4	606.0
0.0	11.0	387.2	10.8	6.1	606.0
0.0	12.0	396.0	10.9	5.8	606.0
0.0	10.6	186.1	10.9	4.6	606.0
0.0	12.6	396.5	10.9	5.7	606.0
0.0	16.9	359.7	10.9	6.7	606.0
16.6	14.8	127.7	11.0	7.0	606.0
0.7	2.2	65.4	11.0	2.2	606.0
0.1	3.4	266.2	11.0	2.6	606.0
5.8	4.2	115.1	11.0	1.8	606.0
0.4	3.9	88.3	11.1	2.8	606.0
0.0	6.2	389.3	11.1	4.4	606.0
0.1	8.7	410.7	11.1	4.6	606.0
2.6	7.5	112.2	11.2	3.2	606.0
0.3	6.2	99.5	11.2	2.8	606.0
22.1	8.5	92.6	11.2	3.5	606.0
0.2	7.2	202.1	11.2	3.8	606.0
13.2	10.8	404.0	11.3	5.0	606.0
0.0	4.3	155.7	11.3	3.9	606.0
0.0	4.5	455.4	11.3	4.2	606.0
0.0	7.8	365.2	11.4	4.9	606.0
0.0	9.7	454.5	11.4	5.6	606.0
0.0	13.0	349.7	11.4	6.3	606.0
3.3	13.4	151.0	11.4	4.6	606.0
2.2	20.0	243.5	11.5	7.3	606.0
2.7	13.9	72.8	11.5	3.6	606.0
13.8	17.2	49.5	11.5	4.8	606.2
2.2	18.7	155.1	11.6	6.2	606.2
10.9	8.1	38.6	11.6	7.6	606.2
14.8	2.7	140.0	11.6	2.3	606.2
16.7	1.9	50.0	11.7	1.3	606.2
13.7	6.5	173.1	11.7	3.7	606.2
0.0	15.0	328.2	11.7	6.9	606.2
0.3	20.6	436.6	11.8	7.5	606.2
7.3	11.1	42.5	11.8	7.5	606.2
6.8	7.4	77.4	11.8	2.3	606.2
18.5	5.7	29.7	11.8	3.9	606.2
5.0	4.4	187.5	11.9	3.1	606.2
71.1	6.3	53.3	11.9	3.2	606.2
26.5	9.1	44.2	11.9	2.5	606.2
29.8	5.8	28.2	12.0	4.6	606.2
32.6	0.4	44.3	12.0	1.9	606.2
1.6	0.8	149.5	12.0	2.3	606.2
0.1	3.4	532.4	12.1	4.2	606.2
0.3	5.8	533.7	12.1	5.2	606.2
0.1	9.1	528.6	12.1	6.3	606.2
0.3	11.5	521.5	12.2	7.3	606.2
0.2	13.1	464.0	12.2	7.4	606.2
0.1	14.9	463.6	12.2	7.3	606.2
0.2	15.9	493.3	12.2	8.4	606.2
0.0	18.1	546.9	12.3	8.7	606.2
0.8	19.2	530.9	12.3	8.6	606.2
28.5	10.6	73.1	12.3	7.9	606.2
0.0	6.7	561.8	12.4	4.8	606.2
0.0	11.6	578.4	12.4	6.3	606.2
0.0	14.8	577.3	12.4	7.8	606.2
0.0	17.0	530.0	12.5	8.4	606.2
0.0	19.4	548.0	12.5	9.1	606.5
0.0	16.2	318.1	12.5	8.9	606.5
0.0	17.0	585.7	12.5	9.7	606.5
0.0	19.3	469.1	12.6	9.4	606.5
13.4	21.6	379.4	12.6	9.0	606.5
7.3	13.8	82.8	12.6	9.4	606.5
0.0	10.0	603.8	12.7	6.4	606.5
0.0	13.1	431.5	12.7	6.7	606.5
5.7	18.0	511.6	12.7	9.2	606.5
2.2	16.9	121.7	12.8	4.8	606.5
0.0	15.0	594.9	12.8	8.0	606.5
2.0	16.3	517.8	12.8	7.1	606.5
4.6	16.5	56.3	12.8	6.7	606.5
17.6	21.6	255.0	12.9	8.6	606.5
3.3	13.8	84.9	12.9	6.3	606.5
11.1	10.9	73.3	12.9	3.4	606.5
2.5	10.6	40.9	13.0	2.6	606.5
1.3	12.2	168.4	13.0	5.1	606.5
0.4	13.9	561.4	13.0	8.2	606.5
0.0	12.2	487.9	13.0	7.3	606.5
0.8	13.7	399.5	13.1	7.7	606.5
0.0	15.9	623.1	13.1	8.7	606.5
0.0	16.0	282.9	13.1	8.8	606.5
0.0	19.3	590.5	13.2	10.0	606.5
0.0	21.2	237.7	13.2	7.6	606.5
8.2	22.4	330.7	13.2	9.5	606.5
0.1	20.7	363.8	13.2	6.7	606.5
0.2	23.4	286.1	13.3	8.9	606.5
26.2	23.8	326.2	13.3	8.7	606.5
23.7	20.3	119.2	13.3	8.2	606.5
43.4	18.7	86.1	13.3	4.7	606.7
0.8	17.6	113.4	13.4	5.2	606.7
0.1	18.7	309.0	13.4	7.8	606.7
11.5	20.4	452.3	13.4	8.6	606.7
9.5	18.3	80.4	13.4	4.9	606.7
0.2	18.3	366.1	13.5	9.4	606.7
0.2	19.1	562.5	13.5	9.7	606.7
0.0	21.4	645.5	13.5	10.0	606.7
0.0	22.5	618.9	13.5	10.2	606.7
4.4	22.6	182.6	13.6	6.0	606.7
1.3	20.4	72.6	13.6	7.3	606.7
0.7	21.8	323.6	13.6	9.8	606.7
8.1	19.4	90.9	13.6	10.6	606.7
0.5	16.6	262.9	13.6	6.9	606.7
0.0	17.3	656.3	13.7	9.4	606.7
0.0	20.1	442.3	13.7	9.1	606.7
0.5	20.4	338.9	13.7	9.1	606.7
0.8	21.3	568.4	13.7	9.7	606.7
1.5	22.8	405.2	13.7	9.3	606.7
4.4	23.3	127.0	13.8	6.8	606.7
26.0	23.5	138.0	13.8	6.3	606.7
0.0	24.4	638.9	13.8	10.1	606.7
0.0	19.8	544.9	13.8	10.1	606.7
0.0	22.6	646.9	13.8	11.2	606.7
14.8	21.3	290.1	13.9	10.9	606.7
61.7	16.3	43.3	13.9	2.3	606.7
3.4	17.1	43.9	13.9	4.3	606.7
1.3	19.3	83.0	13.9	5.1	606.7
0.4	20.3	139.5	13.9	7.7	606.7
0.1	23.0	630.7	13.9	10.1	606.7
0.6	25.8	568.7	13.9	10.7	606.7
0.3	27.0	595.9	14.0	10.9	604.6
0.1	25.2	326.1	14.0	11.1	604.6
0.0	24.4	679.1	14.0	12.0	604.6
0.0	24.9	636.5	14.0	11.3	604.6
0.1	25.2	648.3	14.0	12.4	604.6
0.3	25.0	543.7	14.0	12.2	604.6
0.1	26.2	636.6	14.0	12.0	604.6
1.7	25.5	542.5	14.0	11.2	604.6
10.6	24.5	512.8	14.0	10.7	604.6
0.0	26.3	632.4	14.0	11.0	604.6
0.0	26.2	666.1	14.1	12.0	604.6
0.0	25.2	682.1	14.1	11.6	604.6
0.1	26.2	671.2	14.1	10.7	604.6
0.1	28.2	661.1	14.1	11.4	604.6
0.4	29.4	590.5	14.1	11.5	604.6
0.1	30.3	585.4	14.1	9.9	604.6
31.7	27.8	455.4	14.1	10.6	604.6
0.9	25.3	165.3	14.1	7.7	604.6
0.0	26.2	566.1	14.1	12.2	604.6
0.0	25.3	646.2	14.1	12.6	604.6
0.9	22.1	118.9	14.1	4.4	604.6
0.7	23.1	446.0	14.1	9.5	604.6
0.3	24.9	626.4	14.1	10.1	604.6
2.5	25.1	247.9	14.1	8.3	604.6
34.0	22.7	43.4	14.1	2.5	604.6
31.9	23.3	52.9	14.1	7.0	604.6
0.4	21.4	319.7	14.1	8.5	604.6
0.0	25.5	595.1	14.1	10.7	604.6
0.1	27.3	560.5	14.1	10.8	604.6
1.9	26.2	460.4	14.1	11.5	604.6
13.1	25.6	581.5	14.0	9.5	601.0
10.7	25.7	524.0	14.0	10.3	601.0
0.3	27.4	579.4	14.0	10.9	601.0
7.6	27.1	350.9	14.0	9.9	601.0
16.6	24.7	50.6	14.0	6.2	601.0
0.2	25.3	551.3	14.0	11.1	601.0
0.4	26.5	637.6	14.0	11.6	601.0
0.0	28.5	663.8	14.0	12.5	601.0
2.8	28.2	532.1	14.0	11.8	601.0
12.5	26.4	299.4	14.0	9.9	601.0
16.3	25.4	189.3	14.0	7.6	601.0
8.6	25.1	71.1	13.9	5.7	601.0
1.6	25.7	200.2	13.9	8.4	601.0
22.3	26.2	457.8	13.9	9.0	601.0
12.9	26.1	435.7	13.9	9.0	601.0
26.3	25.8	379.2	13.9	8.8	601.0
0.8	26.7	453.8	13.9	9.1	601.0
11.0	26.4	370.0	13.9	8.8	601.0
13.2	26.0	366.8	13.8	7.5	601.0
3.8	25.3	187.7	13.8	6.2	601.0
6.6	24.8	41.5	13.8	2.7	601.0
13.9	26.1	148.5	13.8	7.3	601.0
15.5	27.3	464.0	13.8	9.7	601.0
14.1	27.2	414.0	13.7	9.1	601.0
21.9	26.8	342.3	13.7	9.1	601.0
23.1	26.4	258.3	13.7	8.6	601.0
12.9	27.0	480.0	13.7	9.6	601.0
18.9	26.6	397.7	13.7	9.0	601.0
5.6	25.6	125.2	13.6	5.4	601.0
3.0	24.8	45.8	13.6	4.5	601.0
0.9	24.4	96.3	13.6	5.0	601.0
1.0	24.9	141.3	13.6	6.1	599.5
0.8	25.8	291.6	13.6	8.2	599.5
4.9	26.7	407.0	13.5	9.0	599.5
20.6	26.1	198.9	13.5	7.0	599.5
24.4	26.2	256.2	13.5	7.0	599.5
14.7	26.1	172.6	13.5	7.2	599.5
16.8	27.1	278.3	13.4	8.5	599.5
16.6	27.3	296.0	13.4	8.4	599.5
20.7	26.9	300.9	13.4	8.3	599.5
6.6	27.3	476.3	13.4	9.3	599.5
11.6	27.4	486.2	13.3	8.8	599.5
5.6	27.4	438.0	13.3	9.4	599.5
6.5	27.2	516.5	13.3	10.0	599.5
8.3	27.2	532.3	13.3	9.8	599.5
12.8	27.3	531.5	13.2	9.3	599.5
7.7	27.6	539.7	13.2	10.2	599.5
0.2	28.5	563.4	13.2	10.7	599.5
0.0	28.7	600.2	13.2	10.6	599.5
0.1	29.6	585.3	13.1	10.7	599.5
0.0	30.0	532.5	13.1	10.5	599.5
2.6	29.5	505.6	13.1	11.2	599.5
7.7	28.2	524.9	13.0	9.6	599.5
6.6	25.9	458.8	13.0	10.4	599.5
0.1	25.0	579.6	13.0	9.3	599.5
0.0	26.6	586.8	13.0	9.0	599.5
0.3	28.7	490.3	12.9	8.5	599.5
0.5	29.7	467.1	12.9	9.8	599.5
0.8	29.8	427.9	12.9	9.7	599.5
0.1	29.4	446.7	12.9	9.7	599.5
0.1	29.1	449.8	12.8	9.7	599.5
0.0	29.2	473.8	12.8	10.9	599.5
0.0	29.6	559.3	12.8	10.9	599.2
1.1	28.0	451.1	12.7	11.3	599.2
0.0	28.3	543.6	12.7	11.3	599.2
0.0	28.0	377.4	12.7	10.4	599.2
0.0	27.4	508.6	12.6	11.8	599.2
0.0	26.9	562.2	12.6	11.3	599.2
0.0	27.3	559.3	12.6	11.5	599.2
0.0	27.1	560.0	12.6	11.8	599.2
0.0	26.9	560.3	12.5	11.5	599.2
0.0	26.9	554.0	12.5	11.4	599.2
0.0	27.4	550.4	12.5	11.2	599.2
0.0	28.4	542.5	12.4	11.1	599.2
0.0	28.7	536.0	12.4	10.8	599.2
0.0	28.6	530.2	12.4	10.6	599.2
3.4	27.1	526.4	12.4	11.8	599.2
0.0	26.6	519.6	12.3	9.8	599.2
0.0	26.6	432.3	12.3	9.8	599.2
0.0	25.5	349.9	12.3	9.0	599.2
0.0	24.7	526.2	12.2	9.5	599.2
0.0	25.3	519.5	12.2	9.6	599.2
0.0	27.1	512.1	12.2	9.5	599.2
0.1	28.4	384.0	12.1	9.0	599.2
16.2	27.1	405.8	12.1	9.3	599.2
20.3	26.0	381.9	12.1	7.6	599.2
16.4	24.6	412.2	12.1	6.7	599.2
0.8	23.9	227.5	12.0	5.3	599.2
0.0	22.2	436.1	12.0	9.2	599.2
0.0	19.3	506.5	12.0	7.6	599.2
0.0	21.2	396.1	11.9	6.9	599.2
0.0	20.8	183.3	11.9	6.7	599.2
0.1	22.2	209.1	11.9	6.2	599.6
0.2	24.8	254.7	11.8	7.5	599.6
0.2	26.0	387.5	11.8	8.0	599.6
3.5	25.2	372.1	11.8	8.3	599.6
0.4	26.0	358.7	11.7	8.0	599.6
0.0	26.6	445.4	11.7	7.7	599.6
5.6	26.2	313.3	11.7	8.0	599.6
8.7	14.9	21.1	11.7	7.8	599.6
2.5	15.3	61.2	11.6	5.1	599.6
0.1	17.7	426.8	11.6	5.8	599.6
0.3	18.4	332.1	11.6	6.3	599.6
0.0	20.2	419.8	11.5	6.4	599.6
0.5	20.4	315.1	11.5	7.6	599.6
0.1	18.5	336.1	11.5	5.6	599.6
0.0	18.7	443.2	11.5	6.2	599.6
0.0	20.7	431.1	11.4	6.8	599.6
0.0	23.2	416.9	11.4	7.9	599.6
0.3	21.1	334.0	11.4	9.3	599.6
0.0	13.5	427.9	11.3	5.4	599.6
0.0	14.6	327.0	11.3	5.2	599.6
0.0	18.0	425.8	11.3	7.1	599.6
0.1	21.2	412.2	11.2	7.5	599.6
0.0	17.8	355.2	11.2	7.4	599.6
0.0	13.8	425.6	11.2	5.1	599.6
0.0	13.4	422.7	11.2	5.7	599.6
0.0	14.1	420.3	11.1	6.6	599.6
0.0	16.2	412.6	11.1	6.7	599.6
0.0	17.4	293.0	11.1	6.6	599.6
0.0	13.8	407.5	11.1	5.8	599.6
0.0	13.1	270.1	11.0	5.5	599.6
0.0	14.8	372.4	11.0	6.3	599.6
0.0	15.7	239.1	11.0	5.8	600.7
0.0	16.2	390.3	10.9	5.2	600.7
0.0	14.2	388.2	10.9	5.9	600.7
0.0	15.0	390.4	10.9	6.1	600.7
0.1	16.5	371.0	10.9	6.2	600.7
0.1	16.2	215.9	10.8	6.2	600.7
0.0	16.0	377.0	10.8	6.2	600.7
0.0	16.4	370.6	10.8	5.9	600.7
0.0	11.7	375.5	10.8	5.2	600.7
0.0	10.9	380.9	10.7	5.2	600.7
0.0	13.3	369.7	10.7	5.8	600.7
0.0	14.5	364.8	10.7	6.0	600.7
0.0	14.5	306.1	10.7	6.0	600.7
0.0	14.4	355.5	10.7	6.1	600.7
0.0	16.4	354.7	10.6	6.3	600.7
0.0	20.3	285.6	10.6	6.4	600.7
5.4	17.1	53.0	10.6	6.3	600.7
9.8	5.0	20.6	10.6	3.0	600.7
0.0	3.8	356.0	10.5	3.0	600.7
0.0	7.7	173.9	10.5	3.3	600.7
0.0	3.9	169.6	10.5	2.8	600.7
0.0	2.4	345.2	10.5	2.9	600.7
0.0	6.2	260.0	10.5	3.7	600.7
0.0	8.8	318.2	10.4	4.7	600.7
0.0	11.4	335.0	10.4	5.4	600.7
0.0	15.0	328.9	10.4	5.9	600.7
0.0	16.8	120.1	10.4	4.5	600.7
1.4	20.9	285.9	10.4	6.4	600.7
19.0	18.6	41.8	10.4	3.4	600.7
1.8	8.4	49.2	10.3	4.2	600.7
0.5	4.8	105.7	10.3	1.6	602.6
0.0	5.2	236.0	10.3	3.0	602.6
0.0	7.5	306.8	10.3	3.7	602.6
2.7	9.7	220.1	10.3	3.8	602.6
0.2	5.0	41.7	10.3	2.7	602.6
0.0	6.9	313.3	10.3	3.5	602.6
0.0	14.0	295.5	10.3	4.6	602.6
11.1	15.9	116.6	10.3	4.4	602.6
0.6	9.6	94.2	10.2	2.3	602.6
0.2	10.2	209.5	10.2	3.6	602.6
0.7	14.6	280.7	10.2	4.9	602.6
8.6	15.9	106.1	10.2	4.4	602.6
6.8	8.0	22.8	10.2	2.8	602.6
0.5	5.9	111.7	10.2	2.5	602.6
0.5	7.2	264.4	10.2	2.8	602.6
0.6	5.9	279.8	10.2	2.9	602.6
0.0	5.0	270.2	10.2	2.6	602.6
0.6	10.1	292.5	10.2	4.0	602.6
0.8	7.5	30.6	10.2	2.4	602.6
0.2	5.5	152.1	10.2	2.5	602.6
0.3	5.3	91.8	10.2	1.9	602.6
0.0	2.1	304.2	10.2	2.6	602.6
0.0	0.5	309.9	10.2	2.5	602.6
0.0	1.0	315.0	10.2	2.5	602.6
0.4	6.1	308.7	10.2	3.8	602.6
0.0	1.1	313.0	10.2	2.0	602.6
0.0	3.1	313.8	10.2	3.1	602.6
0.0	4.9	311.1	10.2	3.7	602.6
0.0	3.8	279.8	10.2	3.3	602.6
0.0	5.4	308.5	10.2	3.7	602.6
0.0	3.8	274.6	10.2	3.9	602.6
0.0	1.9	321.7	10.2	2.9	605.2
0.0	5.9	319.2	10.2	4.2	605.2
0.0	8.4	320.4	10.2	4.8	605.2
0.0	9.6	308.2	10.3	5.0	605.2
0.3	8.9	231.0	10.3	4.2	605.2
5.0	0.9	58.1	10.3	2.2	605.2
0.0	-1.1	255.0	10.3	2.0	605.2
0.0	-0.5	332.3	10.3	2.5	605.2
0.0	1.6	334.5	10.3	2.8	605.2
0.0	7.1	328.7	10.3	3.7	605.2
0.0	7.1	329.8	10.3	4.1	605.2
0.0	10.0	331.4	10.4	5.4	605.2
0.0	13.3	280.6	10.4	5.4	605.2
0.0	14.1	297.3	10.4	5.3	605.2
0.0	15.5	313.7	10.4	5.9	605.2
3.1	18.0	313.3	10.4	6.0	605.2
0.6	8.1	210.5	10.4	4.9	605.2
0.2	5.6	291.9	10.5	2.9	605.2
0.0	5.0	222.1	10.5	3.3	605.2
0.0	3.0	355.5	10.5	3.2	605.2
0.0	7.0	347.3	10.5	4.2	605.2
0.4	11.5	139.2	10.5	3.6	605.2
0.0	12.2	351.4	10.5	4.9	605.2
5.7	9.4	93.0	10.6	4.7	605.2
0.3	7.6	108.2	10.6	2.7	605.2
1.1	13.1	284.0	10.6	4.8	605.2
0.1	15.2	263.9	10.6	5.2	605.2
0.0	16.7	163.6	10.7	4.9	605.2
2.1	17.6	138.2	10.7	4.5	605.2
2.4	17.3	242.7	10.7	5.3	605.2
0.4	20.0	346.4	10.7	5.9	605.2
8.0	14.6	47.1	10.8	5.8	606.3
15.8	5.9	19.0	10.8	2.7	606.3
5.1	3.6	22.3	10.8	1.5	606.3
2.8	8.2	22.6	10.8	3.5	606.3
3.7	10.7	21.2	10.9	3.2	606.3
1.6	9.3	32.2	10.9	2.7	606.3
16.1	13.4	143.7	10.9	5.4	606.3
41.0	8.0	51.6	10.9	1.3	606.3
15.5	6.1	44.1	11.0	2.5	606.3
12.7	4.3	31.4	11.0	2.0	606.3
10.3	3.9	84.7	11.0	2.0	606.3
4.0	3.5	168.4	11.0	2.6	606.3
0.0	2.0	233.6	11.1	2.6	606.3
6.4	6.2	221.1	11.1	3.5	606.3
3.2	5.7	70.8	11.1	2.9	606.3
0.8	9.3	225.9	11.2	4.4	606.3
0.2	16.7	388.9	11.2	6.5	606.3
4.8	10.5	47.6	11.2	5.8	606.3
28.4	5.0	31.0	11.2	2.8	606.3
17.7	2.9	37.0	11.3	1.6	606.3
19.6	1.5	43.0	11.3	1.8	606.3
1.1	1.3	124.2	11.3	2.6	606.3
0.0	2.0	462.9	11.4	3.1	606.3
0.0	5.8	451.1	11.4	4.8	606.3
0.0	8.9	384.3	11.4	5.3	606.3
0.0	11.2	441.1	11.4	5.6	606.3
0.0	10.8	464.0	11.5	5.8	606.3
0.0	15.5	461.9	11.5	7.4	606.3
3.7	16.7	326.5	11.5	9.0	606.6
0.0	8.8	482.9	11.6	5.2	606.6
1.0	14.9	470.4	11.6	7.6	606.6
25.1	14.3	40.9	11.6	5.1	606.6
13.5	19.4	251.7	11.7	5.8	606.6
26.8	17.8	44.6	11.7	6.0	606.6
25.1	8.5	112.0	11.7	4.7	606.6
0.2	7.7	428.6	11.7	4.9	606.6
1.0	9.4	488.9	11.8	4.8	606.6
10.1	8.7	57.2	11.8	3.8	606.6
0.0	5.6	389.0	11.8	4.2	606.6
0.0	8.4	499.3	11.9	5.4	606.6
0.0	10.6	399.8	11.9	6.3	606.6
1.6	14.4	487.7	11.9	7.4	606.6
18.4	13.2	61.9	12.0	4.5	606.6
0.0	11.7	526.8	12.0	6.1	606.6
0.0	13.7	529.1	12.0	7.5	606.6
8.7	16.6	260.1	12.1	7.5	606.6
3.3	18.0	90.9	12.1	5.2	606.6
4.9	20.9	324.6	12.1	5.6	606.6
33.3	8.0	39.1	12.1	9.2	606.6
0.1	5.2	129.0	12.2	3.0	606.6
0.1	8.2	102.9	12.2	3.5	606.6
17.8	9.7	57.4	12.2	3.3	606.6
0.4	11.6	384.4	12.3	6.7	606.6
1.2	15.4	475.4	12.3	8.2	606.6
0.3	20.4	297.7	12.3	8.2	606.6
0.0	23.8	513.8	12.4	8.5	606.6
4.1	23.8	286.4	12.4	6.7	606.6
38.2	21.4	286.9	12.4	10.9	606.6
12.6	10.9	50.6	12.4	3.9	606.6
0.0	8.9	306.4	12.5	6.1	606.8
0.1	13.2	557.9	12.5	6.9	606.8
0.0	11.7	274.4	12.5	6.5	606.8
30.5	14.3	435.6	12.6	7.7	606.8
5.9	13.8	129.0	12.6	4.9	606.8
0.2	14.5	482.1	12.6	7.9	606.8
10.0	12.9	319.4	12.7	5.3	606.8
31.8	13.9	56.0	12.7	4.4	606.8
0.5	13.8	495.8	12.7	7.8	606.8
0.0	13.5	435.2	12.7	6.7	606.8
4.9	14.7	482.0	12.8	6.8	606.8
0.0	20.1	607.5	12.8	10.4	606.8
0.0	22.1	573.4	12.8	8.8	606.8
12.5	19.0	110.9	12.9	8.5	606.8
0.2	15.7	317.4	12.9	7.3	606.8
0.1	20.8	525.1	12.9	10.0	606.8
1.4	23.9	586.5	13.0	10.2	606.8
0.1	25.3	551.6	13.0	10.0	606.8
0.8	24.9	575.1	13.0	11.1	606.8
3.3	24.7	311.3	13.0	10.9	606.8
8.8	14.6	43.8	13.1	7.2	606.8
21.5	11.7	77.6	13.1	4.7	606.8
6.9	11.7	154.2	13.1	4.0	606.8
18.6	13.2	59.4	13.1	4.1	606.8
3.1	14.1	88.2	13.2	3.8	606.8
0.7	15.9	91.2	13.2	4.8	606.8
1.3	15.2	76.4	13.2	4.5	606.8
0.2	19.4	538.2	13.3	9.9	606.8
0.4	22.0	552.4	13.3	10.4	606.8
1.0	23.5	295.6	13.3	9.1	606.8
13.5	24.9	563.9	13.3	9.9	607.0
5.1	25.9	508.6	13.4	10.5	607.0
31.6	22.5	513.1	13.4	13.8	607.0
17.2	13.5	54.3	13.4	3.8	607.0
27.3	12.5	43.3	13.4	3.1	607.0
10.3	12.4	47.0	13.5	3.5	607.0
0.7	14.7	157.6	13.5	5.1	607.0
0.0	15.0	652.6	13.5	7.2	607.0
0.0	17.9	639.0	13.5	9.7	607.0
0.0	21.5	617.7	13.6	11.2	607.0
0.0	22.8	634.9	13.6	10.6	607.0
0.0	21.4	600.2	13.6	10.6	607.0
0.0	22.4	514.6	13.6	9.0	607.0
0.1	24.8	447.3	13.6	10.3	607.0
31.2	23.8	155.7	13.7	8.7	607.0
0.9	22.5	212.5	13.7	7.4	607.0
0.2	22.1	368.9	13.7	9.4	607.0
0.1	20.2	621.7	13.7	10.9	607.0
0.1	23.1	662.3	13.7	10.6	607.0
0.5	23.9	539.8	13.8	9.2	607.0
70.7	23.9	138.3	13.8	6.6	607.0
39.2	23.8	100.0	13.8	6.0	607.0
18.8	23.8	128.6	13.8	7.2	607.0
2.2	20.4	50.2	13.8	5.8	607.0
8.0	20.3	210.6	13.9	9.3	607.0
9.5	14.0	73.0	13.9	5.2	607.0
0.1	15.8	239.0	13.9	6.4	607.0
0.0	19.6	657.0	13.9	10.1	607.0
0.1	22.3	664.5	13.9	11.9	607.0
0.0	23.3	671.2	13.9	11.7	607.0
0.0	24.9	681.5	13.9	13.3	607.0
0.0	26.4	672.3	14.0	12.1	604.9
0.0	27.8	660.6	14.0	12.3	604.9
4.8	27.3	619.0	14.0	12.4	604.9
2.5	27.4	629.4	14.0	11.3	604.9
0.1	27.9	633.5	14.0	11.3	604.9
0.1	29.0	646.4	14.0	11.6	604.9
0.5	29.0	570.7	14.0	11.9	604.9
6.9	28.3	546.2	14.0	10.6	604.9
9.4	28.2	528.9	14.0	9.9	604.9
26.0	26.4	257.8	14.0	8.4	604.9
25.0	25.4	178.8	14.1	6.5	604.9
18.7	26.4	232.8	14.1	8.7	604.9
2.8	26.7	147.4	14.1	7.5	604.9
36.7	26.9	290.0	14.1	8.3	604.9
0.4	27.2	412.2	14.1	11.0	604.9
0.0	24.7	635.2	14.1	12.3	604.9
0.0	24.3	475.7	14.1	11.5	604.9
0.4	24.7	530.8	14.1	11.2	604.9
21.3	24.1	392.2	14.1	10.6	604.9
0.3	21.5	271.7	14.1	7.4	604.9
0.0	23.4	537.7	14.1	10.0	604.9
0.1	23.5	359.4	14.1	10.3	604.9
1.4	25.0	547.3	14.1	10.4	604.9
45.3	21.5	48.1	14.1	5.6	604.9
1.1	21.1	160.2	14.1	7.5	604.9
0.2	20.9	344.8	14.1	7.6	604.9
0.1	22.1	372.0	14.1	9.8	604.9
0.2	25.3	659.6	14.1	10.6	604.9
13.6	25.8	415.2	14.1	8.3	604.9
20.9	25.6	92.5	14.1	6.0	604.9
20.5	25.4	156.1	14.1	6.2	601.3
14.5	26.7	318.4	14.0	9.3	601.3
14.3	27.5	457.7	14.0	9.2	601.3
24.3	26.1	126.4	14.0	7.0	601.3
4.3	26.0	234.7	14.0	7.6	601.3
0.2	27.7	528.5	14.0	10.9	601.3
21.7	26.3	185.7	14.0	6.8	601.3
33.6	26.3	413.5	14.0	8.8	601.3
0.4	28.0	556.4	14.0	10.8	601.3
34.1	27.5	522.4	14.0	9.6	601.3
40.9	25.8	97.3	14.0	6.3	601.3
4.4	25.6	81.8	13.9	6.8	601.3
3.4	22.9	74.3	13.9	6.2	601.3
1.8	21.8	48.5	13.9	3.0	601.3
1.3	23.2	105.0	13.9	6.1	601.3
0.4	25.5	170.4	13.9	7.4	601.3
1.4	26.0	121.0	13.9	5.8	601.3
10.0	26.3	330.3	13.9	6.7	601.3
0.7	26.8	345.9	13.8	8.7	601.3
0.1	27.5	466.9	13.8	9.9	601.3
0.2	28.3	579.4	13.8	10.7	601.3
1.8	28.9	631.1	13.8	11.4	601.3
0.3	29.1	621.4	13.8	10.9	601.3
8.5	27.6	449.6	13.7	9.5	601.3
22.0	27.6	510.8	13.7	9.2	601.3
27.0	27.6	431.4	13.7	9.0	601.3
13.1	28.3	537.5	13.7	10.1	601.3
11.9	28.3	493.3	13.7	10.2	601.3
12.2	27.7	384.6	13.6	10.2	601.3
20.6	26.9	297.1	13.6	8.8	601.3
18.5	26.9	342.8	13.6	8.3	601.3
21.1	26.7	351.4	13.6	9.4	599.8
13.1	26.3	222.4	13.6	7.8	599.8
11.6	25.9	264.5	13.5	7.9	599.8
1.0	26.1	478.3	13.5	8.5	599.8
1.7	26.1	98.8	13.5	5.8	599.8
3.7	26.8	348.4	13.5	7.8	599.8
0.9	26.6	155.5	13.4	6.8	599.8
8.1	26.9	247.3	13.4	7.9	599.8
22.7	26.9	308.6	13.4	7.6	599.8
18.3	27.2	282.3	13.4	8.8	599.8
15.5	27.2	248.4	13.3	8.1	599.8
19.5	27.2	386.2	13.3	8.7	599.8
18.3	27.4	447.0	13.3	8.5	599.8
11.8	28.0	476.7	13.3	9.0	599.8
12.6	28.4	485.8	13.2	9.8	599.8
24.7	27.6	462.7	13.2	9.5	599.8
5.3	27.1	464.6	13.2	8.1	599.8
0.6	25.6	383.3	13.2	8.6	599.8
0.4	25.1	536.7	13.1	9.0	599.8
0.1	25.6	597.8	13.1	9.6	599.8
0.6	26.4	510.8	13.1	8.8	599.8
1.6	27.6	440.1	13.1	8.2	599.8
6.4	27.0	509.1	13.0	9.5	599.8
10.5	26.6	406.9	13.0	7.8	599.8
11.5	25.8	391.2	13.0	8.8	599.8
1.3	26.3	495.9	12.9	8.9	599.8
0.8	27.0	475.3	12.9	9.2	599.8
5.1	27.3	513.6	12.9	9.4	599.8
1.9	27.3	495.4	12.9	8.9	599.8
7.3	27.1	529.3	12.8	8.5	599.8
0.8	27.0	493.5	12.8	8.0	599.8
0.2	27.4	539.8	12.8	9.0	599.6
0.5	28.5	460.4	12.7	9.0	599.6
12.9	27.0	398.7	12.7	9.3	599.6
3.3	26.6	300.9	12.7	8.7	599.6
0.1	27.7	456.6	12.7	9.7	599.6
0.0	28.2	527.7	12.6	10.4	599.6
0.0	28.7	537.3	12.6	10.5	599.6
0.0	29.4	537.1	12.6	10.7	599.6
2.6	28.9	497.9	12.5	9.8	599.6
12.5	27.4	502.5	12.5	10.0	599.6
9.8	26.7	484.1	12.5	8.1	599.6
6.4	27.4	476.8	12.4	9.1	599.6
5.7	27.1	440.6	12.4	8.9	599.6
0.4	23.3	165.3	12.4	7.0	599.6
0.0	22.6	526.6	12.4	7.5	599.6
0.0	22.8	532.1	12.3	8.8	599.6
0.0	23.5	532.7	12.3	8.9	599.6
0.0	24.7	528.1	12.3	9.2	599.6
0.0	26.9	516.6	12.2	10.0	599.6
0.0	27.6	509.2	12.2	9.7	599.6
0.0	26.3	390.8	12.2	8.7	599.6
0.0	26.3	506.4	12.1	8.9	599.6
0.1	28.8	470.9	12.1	9.3	599.6
15.0	26.6	388.5	12.1	9.5	599.6
17.0	23.0	239.7	12.1	7.7	599.6
0.5	18.0	50.2	12.0	5.0	599.6
0.0	17.3	99.9	12.0	3.7	599.6
0.0	18.7	241.2	12.0	5.7	599.6
0.7	20.0	295.2	11.9	5.5	599.6
5.9	17.1	33.1	11.9	3.4	599.6
0.3	17.8	91.7	11.9	4.1	599.9
0.2	18.0	430.9	11.8	7.2	599.9
0.0	17.1	417.2	11.8	5.1	599.9
0.1	18.3	84.9	11.8	5.0	599.9
0.2	18.8	395.2	11.8	7.4	599.9
0.0	21.3	442.4	11.7	7.1	599.9
2.2	18.3	106.3	11.7	5.4	599.9
0.0	18.5	290.4	11.7	7.1	599.9
0.0	20.1	473.9	11.6	8.1	599.9
0.0	20.3	465.4	11.6	8.2	599.9
0.0	18.8	473.1	11.6	7.5	599.9
0.0	19.7	465.5	11.5	7.6	599.9
0.0	17.9	466.9	11.5	7.5	599.9
0.0	18.5	454.0	11.5	7.2	599.9
0.0	19.6	444.1	11.5	7.7	599.9
0.0	20.3	435.4	11.4	7.6	599.9
0.0	21.9	424.1	11.4	7.5	599.9
0.0	23.7	391.0	11.4	7.4	599.9
0.0	22.0	217.9	11.3	6.0	599.9
0.1	25.0	351.6	11.3	7.8	599.9
0.0	26.1	388.7	11.3	7.4	599.9
0.0	26.8	304.4	11.3	7.2	599.9
0.2	25.8	199.8	11.2	6.8	599.9
3.8	26.2	379.2	11.2	7.6	599.9
6.7	17.6	30.7	11.2	5.6	599.9
0.1	14.4	70.0	11.1	3.6	599.9
0.0	15.8	402.3	11.1	5.1	599.9
0.0	18.7	388.7	11.1	6.3	599.9
0.9	17.1	133.2	11.1	3.8	599.9
2.4	15.7	49.0	11.0	2.9	599.9
0.3	16.3	274.9	11.0	5.3	599.9
0.0	16.4	348.0	11.0	5.6	601.0
0.0	18.1	332.3	11.0	5.7	601.0
0.0	19.2	192.7	10.9	6.0	601.0
0.3	20.8	356.4	10.9	5.9	601.0
5.1	18.0	49.7	10.9	5.1	601.0
0.0	5.9	142.4	10.8	4.6	601.0
0.0	5.2	388.0	10.8	3.5	601.0
0.0	8.9	363.7	10.8	4.5	601.0
0.0	14.5	340.4	10.8	6.0	601.0
0.0	14.3	49.7	10.8	2.7	601.0
0.1	14.0	100.8	10.7	3.6	601.0
0.0	14.1	355.5	10.7	5.6	601.0
0.0	15.3	355.5	10.7	5.8	601.0
0.0	16.6	345.2	10.7	6.7	601.0
0.0	8.7	364.2	10.6	3.6	601.0
0.0	10.0	353.2	10.6	4.4	601.0
0.0	11.8	345.4	10.6	4.9	601.0
1.8	13.6	133.6	10.6	3.8	601.0
0.6	14.7	54.2	10.5	2.9	601.0
0.1	18.9	319.2	10.5	5.7	601.0
0.1	20.3	275.2	10.5	5.9	601.0
0.3	21.8	190.3	10.5	5.3	601.0
2.2	22.6	190.8	10.5	5.1	601.0
2.4	22.9	70.4	10.5	4.5	601.0
0.3	19.8	190.3	10.4	5.1	601.0
0.1	16.8	230.7	10.4	4.6	601.0
0.0	15.4	169.0	10.4	3.3	601.0
0.0	18.8	302.2	10.4	5.0	601.0
0.6	20.3	142.1	10.4	5.0	601.0
1.9	19.5	290.2	10.4	6.6	601.0
3.5	12.1	27.7	10.3	1.0	602.9
0.0	14.1	210.7	10.3	3.5	602.9
0.3	18.1	178.3	10.3	4.2	602.9
46.5	20.2	59.4	10.3	3.5	602.9
0.2	10.7	106.0	10.3	5.0	602.9
0.1	7.4	313.9	10.3	3.3	602.9
0.1	8.9	255.0	10.3	3.4	602.9
0.1	13.3	107.6	10.3	3.3	602.9
3.4	17.4	112.0	10.2	3.6	602.9
13.8	18.5	186.9	10.2	3.9	602.9
11.3	18.5	58.6	10.2	3.1	602.9
1.2	18.3	84.8	10.2	2.4	602.9
3.3	19.3	127.4	10.2	4.4	602.9
9.4	10.7	48.0	10.2	3.5	602.9
7.3	8.4	13.6	10.2	1.1	602.9
7.5	6.5	17.0	10.2	2.8	602.9
0.8	3.2	71.6	10.2	1.7	602.9
4.4	6.2	78.4	10.2	2.4	602.9
0.0	2.5	138.6	10.2	2.2	602.9
0.0	0.3	309.4	10.2	2.4	602.9
0.0	-1.7	315.6	10.2	2.0	602.9
0.1	2.0	116.8	10.2	2.2	602.9
0.0	-0.2	312.8	10.2	2.3	602.9
0.0	0.4	287.2	10.2	2.6	602.9
0.1	3.8	309.5	10.2	3.0	602.9
0.0	1.3	305.5	10.2	2.4	602.9
0.0	4.4	207.7	10.2	2.6	602.9
0.1	5.1	295.4	10.2	3.5	602.9
0.0	5.6	280.6	10.2	3.6	602.9
0.0	6.5	303.1	10.2	3.8	602.9
0.3	4.2	289.9	10.2	3.8	602.9
0.0	-0.9	295.1	10.2	1.9	605.5
0.0	1.4	305.0	10.2	2.5	605.5
0.0	3.1	311.7	10.2	3.2	605.5
0.1	-2.0	151.9	10.2	2.7	605.5
0.0	-4.2	333.5	10.3	1.8	605.5
0.0	-0.1	297.4	10.3	2.9	605.5
0.0	3.9	324.6	10.3	3.8	605.5
0.0	7.1	323.4	10.3	3.7	605.5
0.0	4.8	324.5	10.3	3.4	605.5
0.0	8.6	327.1	10.3	4.9	605.5
0.0	9.3	315.8	10.3	5.0	605.5
0.0	6.1	310.5	10.3	3.5	605.5
0.8	4.4	107.6	10.4	2.0	605.5
11.1	2.2	23.4	10.4	2.0	605.5
0.1	0.7	120.4	10.4	1.7	605.5
0.0	1.3	312.4	10.4	2.8	605.5
0.0	0.9	342.1	10.4	2.9	605.5
0.0	4.0	337.6	10.4	3.1	605.5
0.0	4.7	225.4	10.5	3.0	605.5
10.2	-0.1	31.8	10.5	1.4	605.5
2.5	1.7	189.7	10.5	1.7	605.5
15.6	5.3	31.7	10.5	2.2	605.5
0.8	9.3	123.2	10.5	3.2	605.5
8.5	13.9	312.9	10.6	6.2	605.5
0.8	0.6	38.6	10.6	2.0	605.5
0.0	-0.0	357.3	10.6	2.1	605.5
2.7	0.1	78.3	10.6	1.3	605.5
8.7	-0.1	19.4	10.7	1.1	605.5
0.2	-0.2	150.3	10.7	1.9	605.5
2.1	-1.1	156.5	10.7	1.5	605.5
1.0	-1.6	41.3	10.7	1.4	605.5
0.0	-1.3	281.0	10.7	2.4	606.6
0.0	1.1	292.4	10.8	3.3	606.6
0.0	0.9	392.9	10.8	3.1	606.6
2.6	5.9	370.3	10.8	3.7	606.6
13.8	10.3	81.3	10.8	4.7	606.6
19.3	2.1	27.8	10.9	2.4	606.6
4.4	3.9	159.6	10.9	3.1	606.6
2.7	12.9	50.9	10.9	4.5	606.6
6.8	6.5	27.0	11.0	4.8	606.6
4.3	-1.6	56.7	11.0	1.7	606.6
0.2	-0.1	292.4	11.0	2.3	606.6
4.9	0.4	46.9	11.0	1.2	606.6
7.7	1.2	36.2	11.1	1.7	606.6
18.6	8.1	110.2	11.1	3.7	606.6
11.9	3.8	56.9	11.1	2.9	606.6
13.7	8.2	160.0	11.1	3.6	606.6
14.2	6.2	51.9	11.2	3.2	606.6
26.6	6.6	33.6	11.2	3.1	606.6
44.3	7.1	18.7	11.2	2.8	606.6
6.7	2.7	62.4	11.3	2.5	606.6
1.3	2.1	140.8	11.3	2.1	606.6
0.2	3.2	238.3	11.3	2.6	606.6
3.4	3.5	135.9	11.3	2.0	606.6
22.5	3.4	56.2	11.4	1.4	606.6
5.5	3.5	64.0	11.4	1.8	606.6
35.0	3.8	37.4	11.4	2.2	606.6
11.4	4.4	38.8	11.5	3.1	606.6
1.1	2.8	182.4	11.5	2.4	606.6
0.1	2.6	147.9	11.5	3.4	606.9
0.1	6.9	412.5	11.6	5.6	606.9
0.1	4.1	181.3	11.6	3.3	606.9
15.0	7.8	132.3	11.6	3.8	606.9
8.6	9.6	172.1	11.6	3.4	606.9
10.2	6.4	34.0	11.7	2.9	606.9
15.4	6.5	123.4	11.7	3.0	606.9
2.0	7.7	102.8	11.7	3.2	606.9
3.6	14.4	162.1	11.8	5.9	606.9
4.7	18.3	144.9	11.8	5.0	606.9
9.2	16.9	65.6	11.8	6.8	606.9
3.7	15.8	103.8	11.9	5.8	606.9
1.4	13.1	58.7	11.9	6.8	606.9
7.8	14.6	101.4	11.9	5.7	606.9
5.0	12.3	94.1	12.0	4.4	606.9
6.0	20.3	331.2	12.0	8.5	606.9
43.8	9.4	212.4	12.0	6.5	606.9
2.1	4.6	114.6	12.0	2.3	606.9
15.4	7.8	489.0	12.1	4.8	606.9
36.4	8.4	28.7	12.1	3.2	606.9
30.2	5.0	49.7	12.1	3.7	606.9
11.3	5.8	173.9	12.2	3.4	606.9
0.4	6.2	357.0	12.2	4.8	606.9
0.0	9.1	555.6	12.2	6.2	606.9
0.0	12.7	461.8	12.3	6.9	606.9
0.3	10.9	217.7	12.3	7.7	606.9
0.0	9.9	528.5	12.3	5.8	606.9
3.5	7.8	90.4	12.3	3.8	606.9
0.0	13.8	558.8	12.4	6.9	606.9
0.0	16.8	547.3	12.4	7.9	606.9
9.0	17.9	170.6	12.4	7.1	606.9
6.7	16.5	71.3	12.5	4.6	607.1
23.9	17.8	179.0	12.5	6.3	607.1
13.6	9.4	90.4	12.5	7.5	607.1
0.0	10.1	564.0	12.6	5.6	607.1
0.1	14.7	510.0	12.6	7.7	607.1
0.2	16.1	476.1	12.6	8.0	607.1
12.0	12.9	248.2	12.7	8.2	607.1
0.4	10.5	198.0	12.7	3.9	607.1
0.7	17.2	523.5	12.7	9.1	607.1
0.1	20.9	486.6	12.7	10.0	607.1
0.0	24.0	543.8	12.8	10.2	607.1
0.0	26.0	570.4	12.8	9.2	607.1
0.1	27.2	553.6	12.8	8.5	607.1
6.7	15.3	112.2	12.9	11.5	607.1
4.4	9.9	118.7	12.9	4.7	607.1
26.1	6.4	49.8	12.9	2.7	607.1
18.4	7.2	57.6	12.9	2.3	607.1
4.0	8.9	46.9	13.0	3.4	607.1
33.1	12.6	99.6	13.0	5.2	607.1
29.0	14.6	65.2	13.0	7.7	607.1
7.5	18.4	192.0	13.1	10.8	607.1
9.7	13.7	323.0	13.1	6.2	607.1
9.5	11.0	58.7	13.1	4.6	607.1
0.8	10.6	162.3	13.1	4.7	607.1
15.3	13.6	474.1	13.2	6.9	607.1
23.1	11.7	73.4	13.2	3.2	607.1
0.7	12.2	324.4	13.2	6.8	607.1
1.9	16.8	482.0	13.2	9.0	607.1
0.5	16.8	229.2	13.3	7.9	607.1
5.7	15.1	397.7	13.3	6.6	607.1
22.7	11.2	43.4	13.3	4.3	607.3
5.7	10.4	68.2	13.4	3.0	607.3
0.4	12.8	259.9	13.4	5.9	607.3
0.8	15.4	515.6	13.4	8.6	607.3
0.8	15.9	535.9	13.4	9.1	607.3
13.5	20.5	592.8	13.5	10.6	607.3
19.4	19.8	73.1	13.5	4.4	607.3
21.1	19.9	53.5	13.5	6.2	607.3
3.5	21.0	519.8	13.5	8.1	607.3
12.5	21.3	108.6	13.5	7.5	607.3
0.3	19.9	305.2	13.6	8.1	607.3
4.4	22.0	203.6	13.6	8.9	607.3
10.8	21.1	80.4	13.6	6.7	607.3
7.0	23.8	392.0	13.6	10.8	607.3
17.6	25.5	471.6	13.7	9.1	607.3
0.2	24.4	351.9	13.7	8.8	607.3
0.4	25.8	417.1	13.7	9.6	607.3
0.1	27.4	624.8	13.7	11.2	607.3
39.6	25.2	370.8	13.7	9.5	607.3
35.5	23.7	125.7	13.8	6.9	607.3
46.7	19.0	34.0	13.8	7.8	607.3
3.3	18.5	148.1	13.8	5.1	607.3
91.9	18.3	102.9	13.8	5.9	607.3
15.3	16.4	95.0	13.8	4.3	607.3
6.9	17.2	110.7	13.8	5.1	607.3
0.0	20.4	459.5	13.9	9.2	607.3
0.0	18.8	679.1	13.9	9.7	607.3
0.2	21.8	650.3	13.9	10.2	607.3
0.0	19.9	284.8	13.9	6.5	607.3
0.0	23.2	608.6	13.9	10.6	607.3
0.2	22.6	425.2	13.9	8.4	607.3
25.3	22.2	100.6	13.9	5.9	605.2
28.8	22.1	37.5	14.0	3.0	605.2
0.7	20.7	99.5	14.0	8.2	605.2
0.0	21.0	647.7	14.0	10.9	605.2
0.0	23.2	695.3	14.0	10.3	605.2
8.4	24.6	361.8	14.0	8.1	605.2
1.0	25.9	419.5	14.0	10.3	605.2
6.1	24.1	27.3	14.0	4.9	605.2
7.4	22.6	40.8	14.0	6.4	605.2
0.6	22.0	129.0	14.0	6.3	605.2
0.0	23.7	420.8	14.0	9.8	605.2
0.0	22.8	121.0	14.1	7.6	605.2
0.6	23.8	315.0	14.1	8.7	605.2
1.3	23.8	247.2	14.1	7.0	605.2
17.2	26.1	560.7	14.1	10.2	605.2
6.4	27.0	626.2	14.1	11.1	605.2
18.4	26.5	542.4	14.1	10.1	605.2
0.1	25.0	616.2	14.1	9.9	605.2
0.0	26.3	661.8	14.1	11.9	605.2
0.8	27.8	644.7	14.1	11.8	605.2
11.1	26.0	284.2	14.1	9.0	605.2
6.6	25.0	198.9	14.1	7.3	605.2
9.9	26.7	587.6	14.1	9.4	605.2
6.0	26.0	344.6	14.1	9.0	605.2
3.5	27.0	519.9	14.1	10.1	605.2
17.3	26.4	382.8	14.1	10.5	605.2
19.2	24.3	186.6	14.1	7.5	605.2
0.5	27.6	637.4	14.1	10.2	605.2
0.1	28.8	656.8	14.1	10.4	605.2
4.2	29.4	626.8	14.1	11.8	605.2
0.0	30.3	618.5	14.1	11.4	601.6
0.0	31.0	617.4	14.0	10.9	601.6
4.2	30.5	570.1	14.0	11.9	601.6
13.8	29.5	526.0	14.0	10.3	601.6
2.9	30.1	598.2	14.0	11.2	601.6
8.2	29.0	499.9	14.0	10.4	601.6
9.1	28.0	521.9	14.0	10.1	601.6
0.8	28.6	573.6	14.0	10.5	601.6
5.7	28.3	577.0	14.0	10.9	601.6
2.3	28.8	564.5	14.0	10.5	601.6
26.9	27.3	246.0	14.0	8.0	601.6
16.1	27.2	309.3	13.9	9.0	601.6
32.8	26.3	251.8	13.9	7.4	601.6
8.7	27.0	401.0	13.9	9.6	601.6
13.1	27.7	524.6	13.9	9.7	601.6
10.2	28.5	527.0	13.9	10.1	601.6
4.8	28.5	525.2	13.9	9.3	601.6
8.7	29.2	583.8	13.9	10.7	601.6
2.6	29.4	642.6	13.8	11.8	601.6
3.1	29.3	623.0	13.8	11.2	601.6
8.8	28.6	538.6	13.8	11.5	601.6
12.3	28.2	600.5	13.8	10.7	601.6
10.4	28.3	588.1	13.8	11.1	601.6
8.8	28.5	610.7	13.8	11.4	601.6
11.4	27.9	575.1	13.7	10.5	601.6
17.1	27.6	491.4	13.7	9.4	601.6
16.3	27.8	408.7	13.7	9.0	601.6
15.6	27.8	341.4	13.7	8.4	601.6
11.7	27.8	278.5	13.7	8.8	601.6
18.7	26.8	331.1	13.6	8.2	601.6
0.1	26.3	378.9	13.6	8.6	601.6
11.1	26.4	312.1	13.6	8.1	600.1
0.9	26.8	445.1	13.6	8.8	600.1
1.5	26.5	357.0	13.5	8.4	600.1
1.3	27.0	452.6	13.5	9.2	600.1
1.7	27.8	507.2	13.5	9.1	600.1
10.7	28.2	561.7	13.5	10.5	600.1
11.5	28.6	516.0	13.4	9.3	600.1
0.9	28.8	456.7	13.4	10.3	600.1
0.0	29.2	603.9	13.4	11.2	600.1
0.0	29.5	606.6	13.4	11.4	600.1
0.0	29.2	610.4	13.4	10.9	600.1
0.0	30.4	612.8	13.3	11.2	600.1
0.1	31.1	570.0	13.3	11.4	600.1
0.1	31.8	564.0	13.3	11.7	600.1
0.1	31.9	547.2	13.2	11.4	600.1
36.7	26.0	251.0	13.2	11.5	600.1
0.1	23.9	614.1	13.2	9.6	600.1
0.0	24.9	618.9	13.2	9.7	600.1
0.0	27.7	603.7	13.1	10.0	600.1
0.1	28.2	565.8	13.1	10.6	600.1
0.0	26.6	605.0	13.1	10.7	600.1
0.0	26.9	599.8	13.1	10.4	600.1
1.0	28.2	264.0	13.0	8.3	600.1
0.5	29.0	361.3	13.0	10.0	600.1
0.6	29.2	443.6	13.0	9.3	600.1
0.2	28.8	495.2	12.9	10.1	600.1
0.0	27.5	586.2	12.9	10.8	600.1
0.0	27.0	585.3	12.9	10.8	600.1
0.0	27.6	581.1	12.9	10.6	600.1
0.1	28.8	521.6	12.8	10.0	600.1
0.0	29.4	484.4	12.8	10.9	600.1
0.0	27.7	421.3	12.8	9.9	599.8
0.0	25.4	543.5	12.7	9.7	599.8
0.0	27.0	523.7	12.7	9.8	599.8
0.0	27.2	470.6	12.7	10.3	599.8
0.0	26.2	478.5	12.7	10.8	599.8
0.0	25.5	541.2	12.6	10.3	599.8
0.0	24.2	310.8	12.6	9.2	599.8
0.0	25.9	366.0	12.6	8.7	599.8
0.0	27.1	434.1	12.5	9.0	599.8
0.0	24.8	165.7	12.5	6.5	599.8
0.6	25.9	319.6	12.5	8.7	599.8
4.5	20.8	97.1	12.5	6.0	599.8
0.3	22.2	408.6	12.4	8.0	599.8
0.1	24.1	502.2	12.4	8.3	599.8
2.2	26.1	431.5	12.4	8.0	599.8
1.6	24.0	58.4	12.3	5.5	599.8
0.0	24.8	258.3	12.3	7.8	599.8
0.0	24.8	397.3	12.3	8.2	599.8
0.0	23.6	524.3	12.2	9.6	599.8
0.0	22.9	482.3	12.2	9.6	599.8
0.0	25.1	514.3	12.2	10.9	599.8
0.0	24.3	499.0	12.2	11.0	599.8
0.0	23.7	528.9	12.1	10.7	599.8
0.0	24.1	524.0	12.1	10.5	599.8
0.0	23.7	518.4	12.1	10.2	599.8
0.0	23.5	520.5	12.0	10.2	599.8
0.0	23.7	519.1	12.0	10.2	599.8
0.0	24.6	505.3	12.0	10.0	599.8
0.0	23.8	442.9	11.9	9.5	599.8
0.2	24.8	471.3	11.9	8.7	599.8
0.1	25.0	216.8	11.9	7.7	600.2
0.1	24.8	469.7	11.9	8.9	600.2
0.0	24.9	483.1	11.8	8.9	600.2
0.3	26.1	422.5	11.8	7.9	600.2
0.4	26.1	298.2	11.8	7.8	600.2
0.5	27.0	438.6	11.7	8.7	600.2
0.2	27.7	451.2	11.7	8.9	600.2
0.1	27.9	444.2	11.7	8.9	600.2
0.1	29.0	426.7	11.6	8.1	600.2
3.3	22.6	211.8	11.6	7.8	600.2
0.1	17.6	56.2	11.6	3.9	600.2
0.0	16.2	439.6	11.6	5.5	600.2
0.0	15.4	463.5	11.5	5.9	600.2
0.0	16.9	450.3	11.5	6.9	600.2
0.0	17.2	428.6	11.5	7.3	600.2
0.0	19.0	442.3	11.4	7.7	600.2
0.0	19.7	445.3	11.4	8.3	600.2
0.0	20.3	444.7	11.4	8.4	600.2
0.0	22.2	415.7	11.3	8.4	600.2
0.0	21.4	212.0	11.3	7.3	600.2
0.0	22.5	308.4	11.3	7.4	600.2
0.0	23.8	264.2	11.3	6.7	600.2
0.0	22.8	250.0	11.2	7.5	600.2
0.0	23.7	392.1	11.2	8.2	600.2
0.0	24.0	405.6	11.2	8.2	600.2
0.0	24.0	399.1	11.2	8.0	600.2
0.1	20.6	212.8	11.1	6.4	600.2
0.0	18.3	408.6	11.1	6.5	600.2
0.0	17.9	406.6	11.1	6.4	600.2
0.0	19.3	397.1	11.0	6.7	600.2
0.0	19.8	394.5	11.0	6.6	600.2
0.0	20.4	386.7	11.0	7.2	601.3
0.0	20.8	383.4	11.0	7.0	601.3
0.4	21.6	371.4	10.9	6.3	601.3
5.6	19.5	33.1	10.9	4.5	601.3
0.0	15.6	388.4	10.9	4.5	601.3
0.0	15.9	377.7	10.9	5.6	601.3
0.0	16.5	375.0	10.8	5.8	601.3
0.0	17.8	372.4	10.8	6.5	601.3
0.0	19.0	371.8	10.8	6.3	601.3
0.0	16.1	362.1	10.8	5.1	601.3
0.0	17.7	190.6	10.7	4.9	601.3
0.0	17.6	318.6	10.7	5.2	601.3
0.0	15.3	294.7	10.7	5.4	601.3
0.0	15.1	350.5	10.7	5.5	601.3
0.1	17.1	344.8	10.6	5.7	601.3
0.0	16.1	321.3	10.6	5.5	601.3
1.6	15.0	141.9	10.6	4.0	601.3
8.9	12.1	38.8	10.6	2.5	601.3
9.4	13.1	14.7	10.6	3.2	601.3
7.6	17.3	88.4	10.5	3.9	601.3
11.2	14.4	80.3	10.5	2.3	601.3
1.2	12.5	138.2	10.5	3.6	601.3
0.4	13.4	315.0	10.5	4.0	601.3
12.4	10.1	58.0	10.5	1.6	601.3
1.1	2.3	55.3	10.4	3.9	601.3
0.0	-0.8	352.2	10.4	2.2	601.3
7.9	5.2	273.8	10.4	3.0	601.3
0.3	5.5	306.0	10.4	3.3	601.3
0.1	7.1	280.7	10.4	3.8	601.3
0.0	9.9	186.6	10.4	3.8	601.3
0.0	7.3	280.2	10.3	3.4	603.2
5.8	8.8	280.0	10.3	3.9	603.2
0.0	1.8	328.0	10.3	2.3	603.2
0.0	5.1	309.3	10.3	2.9	603.2
0.0	6.0	54.8	10.3	1.8	603.2
0.0	8.2	104.2	10.3	2.7	603.2
6.0	9.8	129.2	10.3	2.9	603.2
1.1	12.2	119.7	10.3	3.0	603.2
23.0	11.6	71.0	10.2	3.0	603.2
24.9	9.7	18.3	10.2	2.5	603.2
1.3	7.7	18.5	10.2	1.0	603.2
1.1	8.2	175.4	10.2	1.9	603.2
13.5	10.1	160.6	10.2	2.7	603.2
0.4	5.5	76.3	10.2	2.4	603.2
0.0	0.6	306.5	10.2	2.1	603.2
0.0	4.8	268.9	10.2	3.1	603.2
0.0	5.5	251.8	10.2	2.2	603.2
10.6	3.8	44.5	10.2	1.7	603.2
1.1	2.5	56.3	10.2	1.2	603.2
0.2	3.1	234.5	10.2	2.9	603.2
0.1	3.9	258.3	10.2	3.1	603.2
0.2	4.2	263.6	10.2	3.4	603.2
0.1	5.0	262.3	10.2	3.6	603.2
0.0	-1.5	307.7	10.2	2.0	603.2
0.0	-4.6	316.0	10.2	1.5	603.2
0.0	-0.4	307.4	10.2	2.4	603.2
0.0	6.0	293.1	10.2	4.2	603.2
0.0	5.6	285.2	10.2	3.4	603.2
0.0	2.2	301.8	10.2	2.9	603.2
0.0	-3.2	325.1	10.2	1.9	603.2
0.0	-0.7	322.7	10.2	2.7	603.2
0.0	3.2	299.1	10.2	3.7	605.7
0.0	7.5	311.0	10.2	4.5	605.7
0.0	6.4	313.4	10.2	3.5	605.7
0.0	9.9	272.4	10.2	4.4	605.7
1.2	6.8	26.9	10.3	2.4	605.7
0.2	5.4	185.8	10.3	2.6	605.7
0.0	3.5	272.2	10.3	3.2	605.7
0.0	3.4	319.3	10.3	3.4	605.7
0.0	5.6	311.2	10.3	3.8	605.7
0.0	6.7	197.5	10.3	3.6	605.7
0.0	8.5	261.3	10.3	4.5	605.7
0.0	8.6	141.6	10.3	3.8	605.7
0.0	13.0	239.7	10.4	5.1	605.7
0.6	16.5	167.0	10.4	5.0	605.7
2.5	16.6	109.6	10.4	6.1	605.7
1.1	6.2	79.6	10.4	2.9	605.7
0.0	8.5	336.8	10.4	4.2	605.7
4.7	10.4	92.1	10.4	3.3	605.7
8.5	8.0	23.8	10.5	1.4	605.7
25.1	6.9	31.3	10.5	1.7	605.7
8.8	4.9	22.3	10.5	1.4	605.7
18.7	5.7	44.9	10.5	1.8	605.7
1.3	4.8	95.5	10.5	1.4	605.7
3.4	3.8	89.5	10.6	2.5	605.7
0.0	3.2	357.9	10.6	3.5	605.7
0.0	1.2	341.9	10.6	2.8	605.7
5.1	3.5	359.1	10.6	3.1	605.7
20.6	5.5	32.9	10.6	2.5	605.7
2.1	5.4	48.0	10.7	1.8	605.7
16.6	8.3	194.0	10.7	2.9	605.7
56.4	11.5	24.1	10.7	3.0	605.7
9.9	7.5	50.7	10.7	2.1	606.9
2.6	7.7	58.4	10.8	1.7	606.9
16.4	11.0	76.9	10.8	3.0	606.9
3.5	7.0	102.4	10.8	2.6	606.9
0.5	5.3	112.0	10.8	1.7	606.9
14.9	7.3	116.3	10.9	2.8	606.9
1.5	5.7	98.2	10.9	3.2	606.9
0.3	0.8	191.1	10.9	1.8	606.9
5.0	0.6	144.1	10.9	1.8	606.9
5.3	1.7	57.8	11.0	1.4	606.9
8.3	6.1	115.9	11.0	3.3	606.9
0.2	6.8	169.5	11.0	3.4	606.9
5.9	8.6	337.6	11.1	3.9	606.9
15.6	5.9	18.1	11.1	1.3	606.9
27.6	2.4	21.3	11.1	2.9	606.9
2.4	0.2	99.9	11.1	1.7	606.9
0.0	0.8	436.8	11.2	3.3	606.9
0.0	1.3	403.9	11.2	3.6	606.9
0.0	0.6	434.4	11.2	3.4	606.9
0.0	3.4	425.6	11.3	3.8	606.9
9.2	7.3	426.5	11.3	4.5	606.9
16.9	7.3	41.5	11.3	2.4	606.9
32.9	8.6	43.1	11.3	2.5	606.9
24.4	6.8	34.0	11.4	3.2	606.9
14.0	3.6	42.3	11.4	1.4	606.9
56.7	4.6	65.2	11.4	1.9	606.9
22.2	4.6	31.0	11.5	2.6	606.9
1.2	3.3	72.5	11.5	1.8	606.9
0.1	5.9	238.0	11.5	3.7	607.1
0.0	8.1	469.2	11.5	4.8	607.1
0.9	8.2	116.4	11.6	4.3	607.1
8.4	6.1	283.6	11.6	3.6	607.1
4.5	6.3	37.9	11.6	2.4	607.1
3.1	8.4	286.3	11.7	3.8	607.1
11.9	9.1	41.2	11.7	3.0	607.1
60.9	11.0	30.1	11.7	3.2	607.1
30.7	10.9	27.2	11.8	3.1	607.1
1.2	8.5	114.0	11.8	4.7	607.1
0.1	7.4	461.1	11.8	5.2	607.1
0.9	9.2	270.2	11.9	4.9	607.1
10.4	9.3	100.5	11.9	3.0	607.1
22.6	12.3	64.4	11.9	4.3	607.1
8.7	13.8	35.6	11.9	4.4	607.1
2.3	17.1	117.2	12.0	6.3	607.1
42.3	16.9	79.1	12.0	5.3	607.1
51.8	15.7	46.1	12.0	3.8	607.1
19.5	13.7	47.1	12.1	3.0	607.1
10.4	16.6	64.4	12.1	6.2	607.1
10.1	15.0	63.3	12.1	8.2	607.1
8.7	9.0	56.1	12.2	4.1	607.1
0.1	7.6	311.9	12.2	4.2	607.1
0.0	8.0	227.7	12.2	3.0	607.1
0.9	10.1	296.7	12.3	4.5	607.1
0.5	10.4	223.3	12.3	5.7	607.1
4.4	15.4	378.5	12.3	7.6	607.1
15.7	16.0	89.3	12.3	7.1	607.1
0.0	11.6	251.9	12.4	5.3	607.1
0.0	12.3	392.3	12.4	4.9	607.1
0.0	12.7	529.3	12.4	7.2	607.1
0.0	19.4	517.5	12.5	9.0	607.4
0.0	25.1	516.8	12.5	9.3	607.4
8.6	21.2	223.3	12.5	10.7	607.4
11.5	14.0	175.5	12.6	5.1	607.4
0.0	13.3	429.3	12.6	7.6	607.4
0.0	14.8	581.7	12.6	7.5	607.4
12.8	16.7	173.5	12.6	6.6	607.4
51.4	16.4	28.3	12.7	6.3	607.4
28.7	9.9	28.5	12.7	4.6	607.4
1.5	9.2	63.7	12.7	3.5	607.4
1.8	12.0	220.9	12.8	4.9	607.4
3.9	13.9	72.4	12.8	4.6	607.4
14.7	14.0	42.3	12.8	3.3	607.4
9.2	14.8	52.0	12.9	3.7	607.4
3.6	18.3	142.6	12.9	7.2	607.4
0.0	22.8	321.4	12.9	9.7	607.4
11.7	23.9	496.8	12.9	9.3	607.4
16.8	20.9	77.0	13.0	4.8	607.4
2.0	22.1	426.7	13.0	9.3	607.4
27.6	16.8	61.1	13.0	9.6	607.4
1.3	17.8	356.4	13.1	8.0	607.4
20.4	19.9	89.9	13.1	5.9	607.4
0.3	23.1	343.0	13.1	8.6	607.4
3.4	24.3	266.1	13.1	9.1	607.4
19.4	24.3	240.9	13.2	8.1	607.4
19.2	19.5	178.7	13.2	10.0	607.4
0.5	18.6	307.7	13.2	7.6	607.4
1.4	21.6	303.8	13.2	8.6	607.4
10.9	22.4	200.4	13.3	7.5	607.4
6.1	17.4	66.4	13.3	8.9	607.4
0.0	14.6	635.7	13.3	8.8	607.5
0.0	12.5	670.9	13.3	7.1	607.5
0.0	16.2	540.1	13.4	8.2	607.5
0.7	15.0	200.0	13.4	7.6	607.5
0.0	19.3	519.4	13.4	8.8	607.5
0.0	17.6	337.2	13.4	7.8	607.5
0.0	19.0	632.5	13.5	9.5	607.5
0.0	19.5	280.5	13.5	8.1	607.5
0.0	18.2	444.6	13.5	9.0	607.5
0.0	22.4	586.7	13.5	10.2	607.5
9.1	20.5	299.8	13.6	9.5	607.5
1.5	20.6	642.5	13.6	10.4	607.5
2.1	20.5	656.4	13.6	11.4	607.5
0.0	23.7	661.3	13.6	11.6	607.5
0.0	24.4	611.2	13.7	10.7	607.5
0.1	22.5	609.6	13.7	10.7	607.5
1.3	24.8	570.0	13.7	10.4	607.5
44.6	24.9	218.2	13.7	8.9	607.5
17.7	23.0	175.2	13.7	7.0	607.5
0.1	24.7	552.1	13.8	11.2	607.5
0.4	25.1	362.1	13.8	9.8	607.5
31.3	20.3	59.1	13.8	8.5	607.5
0.1	20.4	286.9	13.8	7.2	607.5
19.4	20.0	98.1	13.8	4.5	607.5
23.5	21.8	34.0	13.8	5.8	607.5
0.6	23.8	143.5	13.9	7.4	607.5
0.4	24.2	298.0	13.9	9.5	607.5
0.9	24.1	588.2	13.9	11.6	607.5
0.2	24.0	524.4	13.9	11.8	607.5
0.0	24.1	617.6	13.9	12.9	607.5
0.0	23.8	376.8	13.9	9.4	607.5
3.6	19.4	123.4	13.9	7.0	605.4
0.7	19.6	147.0	14.0	6.5	605.4
1.1	21.3	382.3	14.0	8.9	605.4
0.4	25.6	592.2	14.0	10.6	605.4
0.0	27.8	624.9	14.0	11.8	605.4
9.9	27.4	495.3	14.0	10.7	605.4
13.6	27.1	455.8	14.0	10.1	605.4
5.5	23.9	113.9	14.0	9.4	605.4
17.0	20.7	80.7	14.0	3.6	605.4
0.6	20.4	151.2	14.0	6.1	605.4
0.4	24.2	653.1	14.0	11.2	605.4
0.0	25.7	640.7	14.1	11.3	605.4
0.8	26.0	559.8	14.1	12.4	605.4
2.4	26.0	381.7	14.1	9.5	605.4
15.6	24.9	272.6	14.1	8.6	605.4
3.2	23.7	134.1	14.1	8.0	605.4
12.0	23.3	108.7	14.1	6.5	605.4
14.3	20.5	64.0	14.1	5.3	605.4
8.8	21.8	60.9	14.1	6.9	605.4
5.1	24.9	308.8	14.1	9.4	605.4
1.0	23.3	292.1	14.1	8.0	605.4
0.4	23.5	310.5	14.1	8.0	605.4
4.5	27.4	472.3	14.1	11.0	605.4
10.8	28.0	464.2	14.1	9.5	605.4
15.5	27.6	444.2	14.1	9.2	605.4
6.8	28.1	571.0	14.1	11.7	605.4
7.3	28.1	491.0	14.1	10.3	605.4
0.1	26.1	192.6	14.1	9.2	605.4
0.0	25.7	528.8	14.1	10.6	605.4
2.2	24.2	359.1	14.1	10.2	605.4
0.0	25.3	534.2	14.1	10.2	601.8
0.1	23.9	229.0	14.0	7.8	601.8
0.9	24.7	358.0	14.0	8.3	601.8
14.9	23.0	62.6	14.0	2.3	601.8
3.4	23.8	35.3	14.0	4.1	601.8
1.7	24.6	221.1	14.0	8.4	601.8
0.9	26.8	491.0	14.0	9.8	601.8
7.2	27.2	556.4	14.0	10.1	601.8
6.9	27.1	440.6	14.0	9.1	601.8
5.2	27.3	507.2	14.0	10.0	601.8
20.2	27.5	548.6	14.0	10.4	601.8
16.2	27.7	436.4	13.9	10.2	601.8
15.7	27.7	447.9	13.9	9.2	601.8
33.5	27.3	330.3	13.9	9.0	601.8
26.5	27.0	380.2	13.9	9.5	601.8
11.1	27.4	575.5	13.9	10.6	601.8
1.2	27.8	592.4	13.9	10.9	601.8
0.1	28.4	639.3	13.9	10.5	601.8
2.4	28.6	600.3	13.8	10.8	601.8
0.1	29.2	633.8	13.8	11.2	601.8
0.0	29.3	644.9	13.8	10.7	601.8
0.1	29.6	587.4	13.8	10.2	601.8
5.1	28.3	409.3	13.8	11.1	601.8
0.0	28.7	585.8	13.8	10.9	601.8
0.3	28.3	408.9	13.7	8.2	601.8
1.4	28.8	502.1	13.7	9.0	601.8
0.6	29.0	551.6	13.7	10.8	601.8
0.2	29.0	623.4	13.7	10.3	601.8
0.0	29.2	629.5	13.7	10.7	601.8
0.0	29.8	505.0	13.6	12.1	601.8
17.3	26.9	470.0	13.6	9.7	601.8
0.9	27.1	567.8	13.6	9.0	600.3
0.2	27.5	556.8	13.6	9.9	600.3
0.0	28.4	442.7	13.5	9.3	600.3
0.4	28.2	299.6	13.5	9.4	600.3
0.8	28.8	520.3	13.5	10.0	600.3
27.1	27.5	484.0	13.5	9.7	600.3
6.3	27.6	503.1	13.5	9.7	600.3
0.4	27.8	449.6	13.4	9.4	600.3
0.0	27.6	590.5	13.4	10.1	600.3
0.0	28.0	553.9	13.4	9.2	600.3
0.0	27.8	479.0	13.4	9.2	600.3
12.9	26.6	582.8	13.3	9.3	600.3
6.3	27.2	599.4	13.3	9.1	600.3
14.6	26.7	473.8	13.3	8.9	600.3
4.7	27.0	579.5	13.3	10.0	600.3
0.9	28.0	606.6	13.2	10.5	600.3
0.0	28.5	599.6	13.2	10.3	600.3
2.6	28.5	574.7	13.2	10.6	600.3
21.3	26.9	542.5	13.1	8.9	600.3
0.3	28.0	557.5	13.1	10.4	600.3
0.7	27.9	574.8	13.1	10.0	600.3
8.3	26.9	571.7	13.1	10.2	600.3
8.2	27.0	554.4	13.0	10.0	600.3
4.3	27.1	521.3	13.0	10.7	600.3
3.4	27.3	494.7	13.0	10.0	600.3
9.5	27.5	537.9	13.0	10.2	600.3
7.6	27.0	459.7	12.9	9.3	600.3
19.9	26.4	448.6	12.9	8.9	600.3
0.6	26.3	372.5	12.9	8.2	600.3
2.2	26.8	516.3	12.8	8.9	600.3
3.6	27.8	532.9	12.8	9.4	600.3
14.0	24.9	373.7	12.8	7.5	600.0
0.1	23.4	541.8	12.8	8.7	600.0
0.0	23.1	463.7	12.7	10.1	600.0
0.0	23.9	583.0	12.7	10.0	600.0
0.0	25.2	571.4	12.7	9.9	600.0
0.0	26.9	544.3	12.6	9.4	600.0
0.1	28.6	365.3	12.6	9.2	600.0
0.2	28.9	401.6	12.6	10.4	600.0
0.1	29.5	519.9	12.6	10.6	600.0
0.2	29.5	501.5	12.5	10.4	600.0
0.0	28.6	528.2	12.5	9.2	600.0
15.3	25.9	247.7	12.5	8.5	600.0
11.2	25.7	283.0	12.4	7.8	600.0
13.1	26.1	444.0	12.4	8.9	600.0
7.3	26.2	501.4	12.4	8.8	600.0
0.0	24.9	423.6	12.3	9.6	600.0
0.1	24.9	525.8	12.3	10.4	600.0
0.0	25.2	523.9	12.3	10.9	600.0
0.7	26.2	514.9	12.3	10.4	600.0
0.0	26.0	513.4	12.2	9.3	600.0
2.3	25.9	500.9	12.2	8.3	600.0
0.0	23.6	501.5	12.2	9.3	600.0
0.0	21.5	527.3	12.1	8.7	600.0
0.0	21.2	527.4	12.1	9.0	600.0
0.0	22.4	521.1	12.1	9.4	600.0
0.0	24.2	505.2	12.0	9.4	600.0
0.0	24.7	503.4	12.0	9.5	600.0
0.0	25.6	502.7	12.0	8.9	600.0
0.0	28.5	461.5	12.0	9.2	600.0
0.0	26.3	390.4	11.9	9.5	600.0
0.0	24.7	486.5	11.9	8.9	600.4
0.0	23.7	448.4	11.9	9.2	600.4
0.0	23.5	491.3	11.8	8.5	600.4
0.0	22.7	481.8	11.8	8.9	600.4
0.0	22.5	468.3	11.8	8.2	600.4
0.0	22.6	313.5	11.7	6.8	600.4
0.0	22.4	374.8	11.7	7.9	600.4
0.0	23.3	460.1	11.7	8.9	600.4
0.0	23.0	470.2	11.7	8.7	600.4
0.0	21.5	467.9	11.6	7.9	600.4
0.0	22.4	456.3	11.6	8.1	600.4
0.0	22.5	452.1	11.6	8.0	600.4
0.0	22.3	448.8	11.5	7.8	600.4
0.0	21.9	442.8	11.5	7.9	600.4
0.0	22.8	437.2	11.5	7.5	600.4
0.1	22.6	322.4	11.4	6.7	600.4
0.0	22.1	377.7	11.4	6.8	600.4
0.5	20.1	301.8	11.4	5.8	600.4
0.0	20.4	321.9	11.4	5.4	600.4
0.0	21.1	359.8	11.3	6.5	600.4
0.0	21.3	393.0	11.3	6.9	600.4
0.3	22.9	298.9	11.3	7.0	600.4
0.1	23.5	251.7	11.2	6.3	600.4
0.0	17.4	243.8	11.2	6.4	600.4
0.0	13.7	431.3	11.2	5.7	600.4
0.0	15.4	416.1	11.2	6.1	600.4
0.0	16.4	395.4	11.1	6.4	600.4
0.0	17.3	297.8	11.1	5.5	600.4
0.0	16.2	401.3	11.1	5.8	600.4
0.0	16.6	400.1	11.0	6.1	600.4
0.0	17.6	392.3	11.0	6.5	600.4
0.0	18.1	387.2	11.0	6.7	601.5
0.0	17.9	387.9	11.0	6.6	601.5
0.0	19.4	367.1	10.9	6.5	601.5
0.0	19.1	355.9	10.9	6.4	601.5
0.0	17.8	375.4	10.9	6.3	601.5
0.0	14.2	387.4	10.9	5.4	601.5
0.0	15.1	331.8	10.8	4.9	601.5
0.0	14.5	205.1	10.8	5.0	601.5
0.0	13.8	369.5	10.8	5.5	601.5
0.0	13.1	380.1	10.8	5.5	601.5
0.0	17.0	362.8	10.7	6.1	601.5
0.0	18.3	223.0	10.7	6.0	601.5
0.0	18.5	351.5	10.7	5.7	601.5
0.0	19.8	344.2	10.7	5.5	601.5
8.7	17.5	232.1	10.6	5.2	601.5
0.0	15.2	322.2	10.6	5.7	601.5
0.0	12.0	272.7	10.6	4.9	601.5
0.0	8.6	361.4	10.6	4.1	601.5
0.0	9.8	358.1	10.6	4.9	601.5
0.0	10.9	349.0	10.5	5.1	601.5
0.0	12.6	341.5	10.5	5.3	601.5
0.0	14.3	324.1	10.5	5.6	601.5
0.0	12.7	347.1	10.5	5.0	601.5
0.0	12.1	336.9	10.5	4.7	601.5
0.0	9.1	332.0	10.4	4.1	601.5
0.0	10.6	339.5	10.4	4.6	601.5
0.0	12.1	337.3	10.4	5.4	601.5
0.0	11.8	332.1	10.4	4.8	601.5
0.0	14.1	200.7	10.4	4.7	601.5
0.0	14.3	323.6	10.4	5.6	601.5
0.0	14.6	322.9	10.3	5.2	603.4
0.0	14.7	314.3	10.3	5.4	603.4
0.0	14.5	312.1	10.3	5.2	603.4
0.0	13.7	302.9	10.3	4.3	603.4
0.0	8.2	134.7	10.3	4.1	603.4
0.0	0.8	333.6	10.3	2.3	603.4
0.0	2.7	331.9	10.3	3.1	603.4
0.0	7.1	316.1	10.3	4.2	603.4
0.0	10.7	181.5	10.2	4.0	603.4
0.0	10.6	197.7	10.2	4.1	603.4
0.0	11.8	298.4	10.2	4.5	603.4
0.0	13.2	248.0	10.2	4.7	603.4
0.1	13.6	283.9	10.2	4.9	603.4
0.1	15.1	262.7	10.2	5.1	603.4
0.0	14.9	299.2	10.2	5.1	603.4
0.0	16.7	296.5	10.2	5.7	603.4
0.0	14.7	245.5	10.2	5.4	603.4
0.0	15.8	288.9	10.2	5.4	603.4
5.0	12.8	124.5	10.2	4.1	603.4
0.3	11.3	187.0	10.2	3.3	603.4
0.0	8.4	51.4	10.2	2.8	603.4
0.0	10.1	300.1	10.2	4.4	603.4
0.0	11.2	302.8	10.2	4.4	603.4
0.0	11.4	212.7	10.2	4.5	603.4
0.0	8.4	314.0	10.2	4.0	603.4
0.0	13.6	304.7	10.2	5.0	603.4
0.0	15.6	306.5	10.2	4.9	603.4
0.0	12.0	306.8	10.2	5.6	603.4
0.0	-2.2	327.0	10.2	2.0	603.4
0.0	-3.2	326.5	10.2	2.1	603.4
0.0	1.2	310.9	10.2	3.2	603.4
0.0	4.8	316.1	10.2	3.9	606.0
